event_type,timestamp,detail
MSG,1925806.0,!CAL
MSG,1925806.0,!CAL Calibration points:
MSG,1925806.0,"!CAL -50.2, -59.8 -0, -0"
MSG,1925806.0,"!CAL -53.2, -77.8 -0, -3183"
MSG,1925806.0,"!CAL -46.6, -41.2 -0, 3183"
MSG,1925806.0,"!CAL -92.1, -56.9 -6000, -0"
MSG,1925806.0,"!CAL -8.1, -61.0 6000, -0"
MSG,1925806.0,"!CAL 0.0, 0.0 0, 0"
MSG,1925806.0,"!CAL eye check box: (L,R,T,B)"
MSG,1925806.0,"!CAL href cal range: (L,R,T,B)"
MSG,1925806.0,"!CAL Cal coeff:(X=a+bx+cy+dxx+eyy,Y=f+gx+goaly+ixx+jyy)"
MSG,1925806.0,"!CAL Prenormalize: offx, offy = -50.216 -59.771"
MSG,1925806.0,!CAL Gains: cx:142.186 lx:141.821 rx:143.117
MSG,1925806.0,!CAL Gains: cy:155.182 ty:168.273 by:147.551
MSG,1925806.0,"!CAL Resolution (upd) at screen center: X=1.8, Y=1.7"
MSG,1925806.0,!CAL Gain Change Proportion: X: 0.009 Y: 0.140
MSG,1925806.0,!CAL Gain Ratio (Gy/Gx) = 1.091
MSG,1925806.0,"!CAL PCR gain ratio(x,y) = 3.010, 2.314"
MSG,1925806.0,"!CAL CR gain match(x,y) = 1.010, 1.010"
MSG,1925806.0,!CAL Slip rotation correction OFF
MSG,1925806.0,!CAL CALIBRATION HV5 R RIGHT GOOD
MSG,1951143.0,"!CAL VALIDATION HV5 R RIGHT GOOD ERROR 0.53 avg. 1.12 max OFFSET 0.35 deg. -6.1,11.9 pix."
MSG,1951143.0,"VALIDATE R 4POINT 0 RIGHT at 960,540 OFFSET 0.27 deg. -9.3,5.0 pix."
MSG,1951143.0,"VALIDATE R 4POINT 1 RIGHT at 960,92 OFFSET 0.77 deg. 6.4,28.3 pix."
MSG,1951143.0,"VALIDATE R 4POINT 2 RIGHT at 960,988 OFFSET 0.84 deg. -20.9,-24.5 pix."
MSG,1951143.0,"VALIDATE R 4POINT 3 RIGHT at 115,540 OFFSET 0.33 deg. -2.5,12.2 pix."
MSG,1951143.0,"VALIDATE R 4POINT 4 RIGHT at 1805,540 OFFSET 1.12 deg. 2.6,42.5 pix."
MSG,1962502.0,NO Reply is disabled for function eyelink_cal_result
MSG,2048931.0,ALL_STORY_START
MSG,2048943.0,RECCFG CR 500 2 0 R
MSG,2048943.0,ELCLCFG MTABLER
MSG,2048943.0,GAZE_COORDS 0.00 0.00 1920.00 1080.00
MSG,2048943.0,THRESHOLDS R 94 238
MSG,2048943.0,ELCL_WINDOW_SIZES 176 188 0 0
MSG,2048943.0,CAMERA_LENS_FOCAL_LENGTH 38.00
MSG,2048943.0,PUPIL_DATA_TYPE RAW_AUTOSLIP
MSG,2048943.0,ELCL_PROC ELLIPSE (5)
MSG,2048943.0,ELCL_EFIT_PARAMS 1.01 4.00 0.15 0.05 0.65 0.65 0.00 0.00 0.30
START,2048944.0,RIGHT SAMPLES EVENTS
MSG,2048944.0,!MODE RECORD CR 500 2 0 R
SFIX R,2048948.0,
EFIX R,2048948.0,2049468 522 1072.2 533.2 2114
SSACC R,2049470.0,
SBLINK R,2049564.0,
EBLINK R,2049564.0,2049616 54
ESACC R,2049470.0,2049664 196 1084.8 518.7 1057.1 449.6 2.01 1458
SFIX R,2049666.0,
EFIX R,2049666.0,2049836 172 1048.2 453.2 2207
SSACC R,2049838.0,
ESACC R,2049838.0,2049852 16 1047.2 470.4 1041.5 519.4 1.34 120
SFIX R,2049854.0,
EFIX R,2049854.0,2050596 744 1026.3 526.9 2178
SSACC R,2050598.0,
SBLINK R,2050652.0,
EBLINK R,2050652.0,2050762 112
ESACC R,2050598.0,2050806 210 1022.8 509.5 1049.7 498.6 0.79 877
SFIX R,2050808.0,
EFIX R,2050808.0,2051482 676 1029.1 542.1 2322
SSACC R,2051484.0,
SBLINK R,2051534.0,
EBLINK R,2051534.0,2051640 108
ESACC R,2051484.0,2051678 196 1025.8 555.7 1044.3 488.8 1.88 3270
SFIX R,2051680.0,
EFIX R,2051680.0,2052744 1066 1006.5 561.1 2102
SSACC R,2052746.0,
SBLINK R,2052790.0,
EBLINK R,2052790.0,2052878 90
ESACC R,2052746.0,2052944 200 992.3 567.5 1036.7 481.4 2.63 1947
SFIX R,2052946.0,
EFIX R,2052946.0,2054172 1228 1009.8 545.1 2154
SSACC R,2054174.0,
ESACC R,2054174.0,2054318 146 1006.0 558.6 1030.9 516.3 1.33 1394
SFIX R,2054320.0,
EFIX R,2054320.0,2058712 4394 998.9 567.3 2169
SSACC R,2058714.0,
ESACC R,2058714.0,2058724 12 995.2 549.1 1002.2 533.8 0.46 48
SFIX R,2058726.0,
EFIX R,2058726.0,2058746 22 1007.8 514.7 2234
SSACC R,2058748.0,
ESACC R,2058748.0,2058810 64 1013.2 504.1 1025.3 517.0 0.48 176
SFIX R,2058812.0,
EFIX R,2058812.0,2060200 1390 1004.2 553.2 2112
SSACC R,2060202.0,
ESACC R,2060202.0,2060214 14 995.9 558.4 1011.3 537.7 0.70 75
SFIX R,2060216.0,
EFIX R,2060216.0,2060994 780 1003.1 546.8 2044
SSACC R,2060996.0,
ESACC R,2060996.0,2061076 82 1025.0 503.1 1008.7 528.9 0.83 175
SFIX R,2061078.0,
EFIX R,2061078.0,2062718 1642 1001.7 523.3 2076
SSACC R,2062720.0,
ESACC R,2062720.0,2062740 22 992.5 525.7 1054.5 521.3 1.68 149
SFIX R,2062742.0,
EFIX R,2062742.0,2063010 270 1047.8 526.2 2007
SSACC R,2063012.0,
ESACC R,2063012.0,2063032 22 1047.7 533.6 1016.5 516.0 0.97 105
SFIX R,2063034.0,
EFIX R,2063034.0,2063332 300 1018.1 524.1 1986
SSACC R,2063334.0,
ESACC R,2063334.0,2063352 20 1015.0 528.7 996.3 526.6 0.51 82
SFIX R,2063354.0,
EFIX R,2063354.0,2063760 408 997.7 530.7 2044
SSACC R,2063762.0,
ESACC R,2063762.0,2063848 88 1005.9 523.0 1026.2 556.0 1.05 154
SFIX R,2063850.0,
EFIX R,2063850.0,2064592 744 1037.8 514.4 2108
SSACC R,2064594.0,
ESACC R,2064594.0,2064698 106 1047.4 521.7 1042.5 556.7 0.96 214
SFIX R,2064700.0,
EFIX R,2064700.0,2066130 1432 1027.7 511.4 2135
SSACC R,2066132.0,
ESACC R,2066132.0,2066248 118 1024.9 491.7 1016.1 534.9 1.19 256
SFIX R,2066250.0,
EFIX R,2066250.0,2066472 224 1030.0 490.3 2197
SSACC R,2066474.0,
ESACC R,2066474.0,2066582 110 1034.0 493.2 1021.7 526.3 0.96 245
SFIX R,2066584.0,
EFIX R,2066584.0,2067368 786 1035.2 500.7 2211
SSACC R,2067370.0,
ESACC R,2067370.0,2067388 20 1033.9 490.9 1084.3 478.1 1.41 111
SFIX R,2067390.0,
EFIX R,2067390.0,2067562 174 1077.4 473.5 2176
SSACC R,2067564.0,
SBLINK R,2067614.0,
EBLINK R,2067614.0,2067662 50
ESACC R,2067564.0,2067746 184 1079.6 474.4 1057.8 524.1 1.47 242
SFIX R,2067748.0,
EFIX R,2067748.0,2067774 28 1056.5 521.9 2137
SSACC R,2067776.0,
ESACC R,2067776.0,2067784 10 1053.4 532.7 1056.7 511.1 0.59 69
SFIX R,2067786.0,
EFIX R,2067786.0,2067818 34 1055.6 508.2 2169
SSACC R,2067820.0,
SBLINK R,2068422.0,
EBLINK R,2068422.0,2068472 52
ESACC R,2067820.0,2068602 784 1054.6 511.3 1028.6 545.5 1.16 286
SFIX R,2068604.0,
EFIX R,2068604.0,2068958 356 1034.2 511.3 2150
SSACC R,2068960.0,
ESACC R,2068960.0,2069034 76 1021.3 527.3 1039.8 541.8 0.64 182
SFIX R,2069036.0,
EFIX R,2069036.0,2069310 276 1042.7 521.6 2021
SSACC R,2069312.0,
ESACC R,2069312.0,2069320 10 1038.8 491.4 1018.1 492.2 0.56 71
SFIX R,2069322.0,
EFIX R,2069322.0,2069586 266 1025.4 485.0 2034
SSACC R,2069588.0,
SBLINK R,2069616.0,
EBLINK R,2069616.0,2069684 70
ESACC R,2069588.0,2069740 154 1035.8 483.2 1039.3 531.5 1.31 255
SFIX R,2069742.0,
EFIX R,2069742.0,2070290 550 1041.5 499.2 2043
SSACC R,2070292.0,
ESACC R,2070292.0,2070446 156 1039.3 501.4 1022.2 555.8 1.55 243
SFIX R,2070448.0,
EFIX R,2070448.0,2070898 452 1031.5 514.7 2166
SSACC R,2070900.0,
ESACC R,2070900.0,2070910 12 1031.9 520.7 1040.9 497.9 0.66 66
SFIX R,2070912.0,
EFIX R,2070912.0,2073630 2720 1020.6 523.6 2167
SSACC R,2073632.0,
ESACC R,2073632.0,2073650 20 1018.0 522.2 1057.2 506.0 1.15 100
SFIX R,2073652.0,
EFIX R,2073652.0,2073858 208 1051.6 503.7 2143
SSACC R,2073860.0,
ESACC R,2073860.0,2073884 26 1053.4 501.5 1030.4 510.6 0.67 120
SFIX R,2073886.0,
EFIX R,2073886.0,2074908 1024 1019.7 526.4 2172
SSACC R,2074910.0,
ESACC R,2074910.0,2074926 18 1013.7 534.0 1054.0 519.6 1.16 93
SFIX R,2074928.0,
EFIX R,2074928.0,2075132 206 1049.0 519.6 2150
SSACC R,2075134.0,
ESACC R,2075134.0,2075152 20 1048.5 521.3 1010.1 524.5 1.04 108
SFIX R,2075154.0,
EFIX R,2075154.0,2075226 74 1017.9 524.0 2154
SSACC R,2075228.0,
ESACC R,2075228.0,2075338 112 1024.1 507.5 1025.4 503.5 0.11 208
SFIX R,2075340.0,
EFIX R,2075340.0,2075992 654 1019.7 503.1 2151
SSACC R,2075994.0,
ESACC R,2075994.0,2076002 10 1020.2 512.8 1038.2 518.2 0.51 65
SFIX R,2076004.0,
EFIX R,2076004.0,2076284 282 1037.8 524.9 2119
SSACC R,2076286.0,
ESACC R,2076286.0,2076294 10 1028.9 526.7 1011.8 518.4 0.52 63
SFIX R,2076296.0,
EFIX R,2076296.0,2077500 1206 1014.8 528.3 2096
SSACC R,2077502.0,
ESACC R,2077502.0,2077516 16 1024.7 528.3 1058.3 524.2 0.92 83
SFIX R,2077518.0,
EFIX R,2077518.0,2077722 206 1050.3 523.4 2080
SSACC R,2077724.0,
ESACC R,2077724.0,2077738 16 1044.2 520.7 1022.9 518.4 0.58 74
SFIX R,2077740.0,
EFIX R,2077740.0,2077882 144 1027.6 516.8 2112
SSACC R,2077884.0,
ESACC R,2077884.0,2077958 76 1037.4 503.1 1038.2 557.3 1.47 211
SFIX R,2077960.0,
EFIX R,2077960.0,2077980 22 1043.3 537.3 2069
SSACC R,2077982.0,
ESACC R,2077982.0,2078000 20 1046.4 512.3 1020.9 562.5 1.53 261
SFIX R,2078002.0,
EFIX R,2078002.0,2078646 646 1028.6 506.2 2092
SSACC R,2078648.0,
ESACC R,2078648.0,2078652 6 1029.5 508.0 1034.2 503.1 0.18 44
SFIX R,2078654.0,
EFIX R,2078654.0,2080622 1970 1022.7 516.5 1945
SSACC R,2080624.0,
ESACC R,2080624.0,2080640 18 1006.2 521.6 1045.8 515.7 1.09 95
SFIX R,2080642.0,
EFIX R,2080642.0,2080864 224 1033.0 516.3 1944
SSACC R,2080866.0,
ESACC R,2080866.0,2080878 14 1030.0 515.4 998.8 514.5 0.85 84
SFIX R,2080880.0,
EFIX R,2080880.0,2081356 478 1005.1 519.3 1898
SSACC R,2081358.0,
ESACC R,2081358.0,2081368 12 1001.7 522.9 1025.1 517.1 0.65 70
SFIX R,2081370.0,
EFIX R,2081370.0,2081618 250 1017.9 517.2 1842
SSACC R,2081620.0,
ESACC R,2081620.0,2081638 20 1013.8 518.3 988.2 523.6 0.71 82
SFIX R,2081640.0,
EFIX R,2081640.0,2082146 508 989.6 523.3 1846
SSACC R,2082148.0,
ESACC R,2082148.0,2082162 16 991.4 516.1 1023.8 510.5 0.89 87
SFIX R,2082164.0,
EFIX R,2082164.0,2082952 790 1016.8 517.7 1790
SSACC R,2082954.0,
ESACC R,2082954.0,2082988 36 1019.8 515.2 1030.6 519.2 0.31 82
SFIX R,2082990.0,
EFIX R,2082990.0,2083028 40 1029.0 535.4 1714
SSACC R,2083030.0,
ESACC R,2083030.0,2083066 38 1029.9 532.4 1017.1 540.4 0.41 166
SFIX R,2083068.0,
EFIX R,2083068.0,2083962 896 1015.9 506.1 1834
SSACC R,2083964.0,
ESACC R,2083964.0,2083976 14 1014.0 514.8 1045.8 507.4 0.88 76
SFIX R,2083978.0,
EFIX R,2083978.0,2084134 158 1040.1 510.6 1878
SSACC R,2084136.0,
ESACC R,2084136.0,2084142 8 1035.6 509.0 1022.6 506.4 0.36 55
SFIX R,2084144.0,
EFIX R,2084144.0,2084360 218 1013.1 502.1 1892
SSACC R,2084362.0,
ESACC R,2084362.0,2084374 14 1014.9 495.1 1035.5 493.2 0.56 51
SFIX R,2084376.0,
EFIX R,2084376.0,2084502 128 1036.0 490.4 1930
SSACC R,2084504.0,
ESACC R,2084504.0,2084518 16 1032.4 491.1 1003.2 490.3 0.79 72
SFIX R,2084520.0,
EFIX R,2084520.0,2084766 248 1006.9 493.7 1942
SSACC R,2084768.0,
ESACC R,2084768.0,2084772 6 1001.1 495.5 993.2 494.1 0.22 48
SFIX R,2084774.0,
EFIX R,2084774.0,2084938 166 990.5 502.9 1912
SSACC R,2084940.0,
ESACC R,2084940.0,2084946 8 995.3 500.9 1005.8 499.7 0.29 48
SFIX R,2084948.0,
EFIX R,2084948.0,2085244 298 1009.4 502.0 1850
SSACC R,2085246.0,
ESACC R,2085246.0,2085258 14 1012.5 505.2 1039.0 503.8 0.72 66
SFIX R,2085260.0,
EFIX R,2085260.0,2085428 170 1037.1 513.9 1769
SSACC R,2085430.0,
ESACC R,2085430.0,2085438 10 1032.8 514.1 1019.6 504.5 0.44 57
SFIX R,2085440.0,
EFIX R,2085440.0,2086444 1006 1017.8 512.4 1565
SSACC R,2086446.0,
ESACC R,2086446.0,2086452 8 1024.0 509.7 1033.2 512.9 0.26 43
SFIX R,2086454.0,
EFIX R,2086454.0,2086608 156 1033.4 513.3 1525
SSACC R,2086610.0,
ESACC R,2086610.0,2086616 8 1030.7 508.0 1018.0 505.4 0.35 51
SFIX R,2086618.0,
EFIX R,2086618.0,2087126 510 1018.9 502.1 1549
SSACC R,2087128.0,
ESACC R,2087128.0,2087134 8 1023.1 498.2 1036.8 498.1 0.37 56
SFIX R,2087136.0,
EFIX R,2087136.0,2087954 820 1027.3 504.3 1512
SSACC R,2087956.0,
ESACC R,2087956.0,2088118 164 1014.8 519.8 997.3 538.5 0.69 515
SFIX R,2088120.0,
EFIX R,2088120.0,2088842 724 1012.8 496.5 1633
SSACC R,2088844.0,
ESACC R,2088844.0,2088862 20 1020.7 508.9 982.1 489.2 1.17 107
SFIX R,2088864.0,
EFIX R,2088864.0,2089080 218 995.4 496.4 1648
SSACC R,2089082.0,
ESACC R,2089082.0,2089094 14 997.2 498.8 1022.9 495.0 0.70 66
SFIX R,2089096.0,
EFIX R,2089096.0,2089930 836 1016.5 499.4 1625
SSACC R,2089932.0,
ESACC R,2089932.0,2090070 140 1022.0 488.7 1011.3 533.2 1.24 263
SFIX R,2090072.0,
EFIX R,2090072.0,2090444 374 1017.8 491.0 1669
SSACC R,2090446.0,
ESACC R,2090446.0,2090460 16 1024.4 491.7 1057.2 479.5 0.95 85
SFIX R,2090462.0,
EFIX R,2090462.0,2090642 182 1048.8 487.0 1713
SSACC R,2090644.0,
ESACC R,2090644.0,2090654 12 1043.0 487.2 1023.0 489.3 0.54 62
SFIX R,2090656.0,
EFIX R,2090656.0,2090972 318 1021.4 492.6 1755
SSACC R,2090974.0,
ESACC R,2090974.0,2090982 10 1014.2 493.8 998.0 490.8 0.45 55
SFIX R,2090984.0,
EFIX R,2090984.0,2091212 230 995.0 497.3 1747
SSACC R,2091214.0,
ESACC R,2091214.0,2091228 16 995.9 497.5 1028.4 494.6 0.88 80
SFIX R,2091230.0,
EFIX R,2091230.0,2091872 644 1017.8 500.1 1718
SSACC R,2091874.0,
ESACC R,2091874.0,2091880 8 1018.1 495.7 1009.0 485.8 0.36 55
SFIX R,2091882.0,
EFIX R,2091882.0,2092146 266 1003.5 483.4 1708
SSACC R,2092148.0,
ESACC R,2092148.0,2092156 10 1006.1 481.0 1022.8 483.2 0.46 60
SFIX R,2092158.0,
EFIX R,2092158.0,2093176 1020 1020.0 486.1 1731
SSACC R,2093178.0,
ESACC R,2093178.0,2093286 110 1026.2 473.8 988.6 692.0 5.98 292
SFIX R,2093288.0,
EFIX R,2093288.0,2093414 128 1030.5 569.0 1627
SSACC R,2093416.0,
ESACC R,2093416.0,2093470 56 1053.9 487.2 1034.4 520.9 1.06 221
SFIX R,2093472.0,
EFIX R,2093472.0,2093642 172 1041.8 498.1 1729
SSACC R,2093644.0,
ESACC R,2093644.0,2093658 16 1046.5 483.6 1022.7 470.1 0.74 69
SFIX R,2093660.0,
EFIX R,2093660.0,2093858 200 1023.6 469.7 1798
SSACC R,2093860.0,
ESACC R,2093860.0,2093870 12 1025.5 476.0 1050.5 479.6 0.68 71
SFIX R,2093872.0,
EFIX R,2093872.0,2094120 250 1040.7 493.8 1729
SSACC R,2094122.0,
ESACC R,2094122.0,2094132 12 1028.8 498.7 1006.3 492.6 0.63 66
SFIX R,2094134.0,
EFIX R,2094134.0,2094296 164 1008.9 497.4 1697
SSACC R,2094298.0,
ESACC R,2094298.0,2094304 8 1010.3 493.8 1020.7 498.8 0.31 48
SFIX R,2094306.0,
EFIX R,2094306.0,2094906 602 1015.3 498.8 1687
SSACC R,2094908.0,
ESACC R,2094908.0,2094916 10 1009.6 492.9 1026.2 494.0 0.45 54
SFIX R,2094918.0,
EFIX R,2094918.0,2095934 1018 1021.8 502.2 1692
SSACC R,2095936.0,
SBLINK R,2095998.0,
EBLINK R,2095998.0,2096014 18
ESACC R,2095936.0,2096140 206 1024.7 500.7 1012.0 519.1 0.61 536
SFIX R,2096142.0,
EFIX R,2096142.0,2096636 496 1011.7 486.8 1805
SSACC R,2096638.0,
ESACC R,2096638.0,2096652 16 1005.2 498.7 1041.4 494.0 0.99 82
SFIX R,2096654.0,
EFIX R,2096654.0,2096822 170 1032.3 500.7 1847
SSACC R,2096824.0,
ESACC R,2096824.0,2096832 10 1026.8 500.8 1011.7 493.7 0.45 56
SFIX R,2096834.0,
EFIX R,2096834.0,2097326 494 1012.9 503.4 1874
SSACC R,2097328.0,
ESACC R,2097328.0,2097334 8 1018.7 506.7 1007.9 499.5 0.35 50
SFIX R,2097336.0,
EFIX R,2097336.0,2097554 220 995.5 502.6 1792
SSACC R,2097556.0,
ESACC R,2097556.0,2097560 6 998.1 504.8 1004.8 503.1 0.19 47
SFIX R,2097562.0,
EFIX R,2097562.0,2097690 130 1008.0 510.3 1752
SSACC R,2097692.0,
ESACC R,2097692.0,2097702 12 1001.3 511.6 986.3 505.2 0.44 44
SFIX R,2097704.0,
EFIX R,2097704.0,2097890 188 989.5 506.0 1753
SSACC R,2097892.0,
ESACC R,2097892.0,2097898 8 994.8 508.4 1004.9 506.7 0.28 42
SFIX R,2097900.0,
EFIX R,2097900.0,2100086 2188 1018.7 498.3 1742
SSACC R,2100088.0,
ESACC R,2100088.0,2100100 14 1047.8 484.4 1073.8 480.9 0.71 68
SFIX R,2100102.0,
EFIX R,2100102.0,2100336 236 1073.2 483.5 2027
SSACC R,2100338.0,
ESACC R,2100338.0,2100354 18 1071.0 481.9 1030.9 477.7 1.09 102
SFIX R,2100356.0,
EFIX R,2100356.0,2101360 1006 1034.2 471.1 2049
SSACC R,2101362.0,
ESACC R,2101362.0,2101552 192 1035.0 479.5 1035.2 512.7 0.90 253
SFIX R,2101554.0,
EFIX R,2101554.0,2101608 56 1034.8 501.0 2019
SSACC R,2101610.0,
ESACC R,2101610.0,2101628 20 1035.8 492.5 1033.8 487.8 0.14 117
SFIX R,2101630.0,
EFIX R,2101630.0,2101676 48 1036.1 481.3 2045
SSACC R,2101678.0,
ESACC R,2101678.0,2101742 66 1035.9 470.2 1009.9 536.6 1.93 255
SFIX R,2101744.0,
EFIX R,2101744.0,2102602 860 1020.7 486.8 1961
SSACC R,2102604.0,
ESACC R,2102604.0,2102618 16 1024.1 478.3 1057.3 471.5 0.92 84
SFIX R,2102620.0,
EFIX R,2102620.0,2102756 138 1052.3 466.2 1966
SSACC R,2102758.0,
ESACC R,2102758.0,2102772 16 1051.4 467.0 1022.1 471.3 0.80 68
SFIX R,2102774.0,
EFIX R,2102774.0,2103336 564 1026.0 481.0 2044
SSACC R,2103338.0,
ESACC R,2103338.0,2103350 14 1016.0 485.0 1037.4 474.8 0.64 61
SFIX R,2103352.0,
EFIX R,2103352.0,2103518 168 1033.0 479.3 2000
SSACC R,2103520.0,
ESACC R,2103520.0,2103530 12 1025.1 482.8 1004.1 476.7 0.59 62
SFIX R,2103532.0,
EFIX R,2103532.0,2103874 344 1015.3 478.5 1969
SSACC R,2103876.0,
ESACC R,2103876.0,2103884 10 1023.8 477.6 1034.2 478.8 0.28 36
SFIX R,2103886.0,
EFIX R,2103886.0,2104066 182 1039.3 480.8 2022
SSACC R,2104068.0,
ESACC R,2104068.0,2104072 6 1031.4 480.9 1025.7 474.0 0.24 46
SFIX R,2104074.0,
EFIX R,2104074.0,2104450 378 1017.2 475.1 1990
SSACC R,2104452.0,
ESACC R,2104452.0,2104460 10 1023.8 472.6 1038.1 468.4 0.40 48
SFIX R,2104462.0,
EFIX R,2104462.0,2104564 104 1040.9 469.9 1964
SSACC R,2104566.0,
ESACC R,2104566.0,2104580 16 1040.9 469.3 1009.4 474.7 0.87 84
SFIX R,2104582.0,
EFIX R,2104582.0,2107320 2740 1026.1 476.4 1802
SSACC R,2107322.0,
ESACC R,2107322.0,2107328 8 1025.9 492.2 1035.6 495.8 0.28 41
SFIX R,2107330.0,
EFIX R,2107330.0,2107520 192 1038.2 491.9 1817
SSACC R,2107522.0,
ESACC R,2107522.0,2107534 14 1033.8 497.4 1003.0 491.3 0.85 86
SFIX R,2107536.0,
EFIX R,2107536.0,2107636 102 1005.9 491.2 1806
SSACC R,2107638.0,
ESACC R,2107638.0,2107644 8 1011.3 492.5 1021.9 486.2 0.33 49
SFIX R,2107646.0,
EFIX R,2107646.0,2108422 778 1031.6 492.4 1751
SSACC R,2108424.0,
ESACC R,2108424.0,2108436 14 1038.6 488.9 1007.6 487.0 0.84 78
SFIX R,2108438.0,
EFIX R,2108438.0,2109440 1004 1000.4 497.0 1694
SSACC R,2109442.0,
ESACC R,2109442.0,2109452 12 1005.2 493.6 1028.0 486.5 0.65 71
SFIX R,2109454.0,
EFIX R,2109454.0,2110208 756 1020.8 484.7 1709
SSACC R,2110210.0,
ESACC R,2110210.0,2110216 8 1011.4 487.9 999.3 483.7 0.35 58
SFIX R,2110218.0,
EFIX R,2110218.0,2110432 216 994.1 486.6 1709
SSACC R,2110434.0,
ESACC R,2110434.0,2110444 12 995.9 489.0 1017.2 489.8 0.58 62
SFIX R,2110446.0,
EFIX R,2110446.0,2110602 158 1019.1 489.5 1711
SSACC R,2110604.0,
ESACC R,2110604.0,2110612 10 1014.9 485.7 1003.0 493.2 0.38 46
SFIX R,2110614.0,
EFIX R,2110614.0,2111176 564 1000.9 494.3 1675
SSACC R,2111178.0,
ESACC R,2111178.0,2111398 222 997.3 509.4 1017.9 515.9 0.59 263
SFIX R,2111400.0,
EFIX R,2111400.0,2113024 1626 1009.9 516.4 1492
SSACC R,2113026.0,
ESACC R,2113026.0,2113032 8 1001.3 534.7 1005.9 521.4 0.38 54
SFIX R,2113034.0,
EFIX R,2113034.0,2114222 1190 1010.2 511.5 1591
SSACC R,2114224.0,
ESACC R,2114224.0,2114232 10 1018.3 515.6 999.9 510.9 0.51 62
SFIX R,2114234.0,
EFIX R,2114234.0,2114518 286 998.5 511.7 1741
SSACC R,2114520.0,
ESACC R,2114520.0,2114608 90 997.9 506.9 1028.0 505.8 0.82 181
SFIX R,2114610.0,
EFIX R,2114610.0,2116030 1422 1027.3 492.5 1905
SSACC R,2116032.0,
SBLINK R,2116084.0,
EBLINK R,2116084.0,2116252 170
ESACC R,2116032.0,2116338 308 1033.8 468.2 1056.0 516.5 1.44 1597
SFIX R,2116340.0,
EFIX R,2116340.0,2117702 1364 1040.4 488.8 2307
SSACC R,2117704.0,
SBLINK R,2117742.0,
EBLINK R,2117742.0,2117812 72
ESACC R,2117704.0,2117852 150 1015.7 520.9 1032.7 568.4 1.37 506
SFIX R,2117854.0,
EFIX R,2117854.0,2117884 32 1032.0 525.5 2370
SSACC R,2117886.0,
ESACC R,2117886.0,2117924 40 1038.2 488.8 1023.3 518.9 0.91 254
SFIX R,2117926.0,
EFIX R,2117926.0,2120858 2934 1017.3 480.0 2487
SSACC R,2120860.0,
SBLINK R,2120906.0,
EBLINK R,2120906.0,2120974 70
ESACC R,2120860.0,2121054 196 1021.2 463.7 1033.8 480.0 0.56 1362
SFIX R,2121056.0,
EFIX R,2121056.0,2122004 950 1024.7 465.3 2541
SSACC R,2122006.0,
SBLINK R,2122062.0,
EBLINK R,2122062.0,2122136 76
ESACC R,2122006.0,2122230 226 1020.1 464.9 972.9 483.8 1.38 1240
SFIX R,2122232.0,
EFIX R,2122232.0,2122642 412 973.0 462.7 2592
SSACC R,2122644.0,
ESACC R,2122644.0,2122662 20 969.6 462.4 1028.6 459.6 1.60 148
SFIX R,2122664.0,
EFIX R,2122664.0,2124464 1802 1015.2 465.3 2580
SSACC R,2124466.0,
ESACC R,2124466.0,2124504 40 1015.5 467.0 1181.5 537.5 4.86 230
SFIX R,2124506.0,
EFIX R,2124506.0,2124664 160 1185.8 562.3 2620
SSACC R,2124666.0,
ESACC R,2124666.0,2124698 34 1178.0 570.4 1025.2 476.2 4.84 326
SFIX R,2124700.0,
EFIX R,2124700.0,2125086 388 1019.5 497.9 2585
SSACC R,2125088.0,
ESACC R,2125088.0,2125202 116 1030.2 483.2 999.0 505.0 1.03 395
SFIX R,2125204.0,
EFIX R,2125204.0,2126422 1220 994.2 479.1 2524
SSACC R,2126424.0,
ESACC R,2126424.0,2126444 22 994.3 483.0 1063.8 488.1 1.89 176
SFIX R,2126446.0,
EFIX R,2126446.0,2126632 188 1058.5 500.3 2586
SSACC R,2126634.0,
ESACC R,2126634.0,2126654 22 1054.9 500.3 1003.5 481.7 1.48 170
SFIX R,2126656.0,
EFIX R,2126656.0,2128368 1714 1005.3 488.1 2584
SSACC R,2128370.0,
ESACC R,2128370.0,2128526 158 996.9 500.3 1382.5 995.9 16.49 403
SFIX R,2128528.0,
EFIX R,2128528.0,2128610 84 1378.4 996.5 2479
SSACC R,2128612.0,
ESACC R,2128612.0,2128672 62 1373.8 998.1 1028.9 531.2 15.25 442
SFIX R,2128674.0,
EFIX R,2128674.0,2128884 212 1023.4 551.2 2461
SSACC R,2128886.0,
ESACC R,2128886.0,2128904 20 1014.5 565.4 975.0 517.6 1.68 163
SFIX R,2128906.0,
EFIX R,2128906.0,2129782 878 978.3 524.0 2261
SSACC R,2129784.0,
SBLINK R,2129870.0,
EBLINK R,2129870.0,2129886 18
ESACC R,2129784.0,2129952 170 987.8 501.7 987.5 513.1 0.31 1338
SFIX R,2129954.0,
EFIX R,2129954.0,2130572 620 997.9 467.3 2497
SSACC R,2130574.0,
ESACC R,2130574.0,2130712 140 1006.8 461.4 1015.0 502.6 1.14 458
SFIX R,2130714.0,
EFIX R,2130714.0,2132152 1440 1000.9 504.8 2413
SSACC R,2132154.0,
ESACC R,2132154.0,2132174 22 994.3 524.6 1051.6 510.5 1.60 138
SFIX R,2132176.0,
EFIX R,2132176.0,2132356 182 1042.9 516.8 2349
SSACC R,2132358.0,
ESACC R,2132358.0,2132380 24 1041.9 519.3 991.0 516.3 1.38 152
SFIX R,2132382.0,
EFIX R,2132382.0,2133444 1064 998.1 526.0 2395
SSACC R,2133446.0,
ESACC R,2133446.0,2133462 18 997.7 534.4 963.9 524.1 0.96 94
SFIX R,2133464.0,
EFIX R,2133464.0,2133500 38 970.2 514.0 2404
SSACC R,2133502.0,
SBLINK R,2133536.0,
EBLINK R,2133536.0,2133618 84
ESACC R,2133502.0,2133680 180 974.9 499.3 1003.4 506.9 0.80 988
SFIX R,2133682.0,
EFIX R,2133682.0,2135120 1440 991.0 548.0 2322
SSACC R,2135122.0,
ESACC R,2135122.0,2135140 20 993.5 552.7 1056.7 565.4 1.75 141
SFIX R,2135142.0,
EFIX R,2135142.0,2135266 126 1049.0 565.4 2330
SSACC R,2135268.0,
SBLINK R,2135332.0,
EBLINK R,2135332.0,2135352 22
ESACC R,2135268.0,2135436 170 1053.4 543.8 1018.1 526.8 1.06 2333
SFIX R,2135438.0,
EFIX R,2135438.0,2135928 492 1017.9 504.9 2408
SSACC R,2135930.0,
ESACC R,2135930.0,2135950 22 1010.6 518.7 967.7 510.3 1.18 123
SFIX R,2135952.0,
EFIX R,2135952.0,2136652 702 971.5 529.5 2237
SSACC R,2136654.0,
ESACC R,2136654.0,2136672 20 974.7 535.8 1029.4 531.6 1.49 124
SFIX R,2136674.0,
EFIX R,2136674.0,2138100 1428 1010.4 561.2 2177
SSACC R,2138102.0,
ESACC R,2138102.0,2138118 18 996.8 573.4 961.9 544.3 1.23 105
SFIX R,2138120.0,
EFIX R,2138120.0,2138420 302 962.2 553.9 2226
SSACC R,2138422.0,
ESACC R,2138422.0,2138440 20 965.6 560.8 1017.6 560.2 1.41 120
SFIX R,2138442.0,
EFIX R,2138442.0,2138820 380 1001.1 565.3 2223
SSACC R,2138822.0,
ESACC R,2138822.0,2138848 28 995.3 563.9 964.6 553.0 0.88 135
SFIX R,2138850.0,
EFIX R,2138850.0,2139220 372 961.5 557.1 2274
SSACC R,2139222.0,
ESACC R,2139222.0,2139240 20 967.0 557.3 1023.8 556.4 1.54 126
SFIX R,2139242.0,
EFIX R,2139242.0,2139668 428 1005.7 560.0 2269
SSACC R,2139670.0,
ESACC R,2139670.0,2139688 20 1001.5 564.7 967.2 556.2 0.96 109
SFIX R,2139690.0,
EFIX R,2139690.0,2139756 68 975.9 550.7 2275
SSACC R,2139758.0,
ESACC R,2139758.0,2139860 104 990.6 515.7 990.4 548.9 0.90 223
SFIX R,2139862.0,
EFIX R,2139862.0,2140972 1112 971.1 578.9 2044
SSACC R,2140974.0,
ESACC R,2140974.0,2140984 12 961.0 613.1 987.0 606.7 0.73 75
SFIX R,2140986.0,
EFIX R,2140986.0,2141048 64 1002.4 582.5 1888
SSACC R,2141050.0,
SBLINK R,2141114.0,
EBLINK R,2141114.0,2141198 86
ESACC R,2141050.0,2141278 230 1014.5 541.8 1001.7 530.4 0.46 1556
SFIX R,2141280.0,
EFIX R,2141280.0,2141886 608 977.9 574.3 1903
SSACC R,2141888.0,
ESACC R,2141888.0,2141908 22 972.1 600.6 1025.8 587.1 1.50 147
SFIX R,2141910.0,
EFIX R,2141910.0,2142626 718 1011.5 582.9 1717
SSACC R,2142628.0,
ESACC R,2142628.0,2142644 18 1003.6 578.3 958.9 581.7 1.21 112
SFIX R,2142646.0,
EFIX R,2142646.0,2142978 334 966.6 577.1 1742
SSACC R,2142980.0,
ESACC R,2142980.0,2142994 16 974.0 574.0 1014.6 570.1 1.11 98
SFIX R,2142996.0,
EFIX R,2142996.0,2143156 162 1010.2 566.9 1758
SSACC R,2143158.0,
ESACC R,2143158.0,2143176 20 1009.8 561.4 963.6 547.9 1.30 115
SFIX R,2143178.0,
EFIX R,2143178.0,2143570 394 978.0 554.6 1780
SSACC R,2143572.0,
ESACC R,2143572.0,2143584 14 977.3 563.0 1004.9 567.6 0.76 67
SFIX R,2143586.0,
EFIX R,2143586.0,2143734 150 996.6 571.7 1750
SSACC R,2143736.0,
ESACC R,2143736.0,2143750 16 989.6 566.7 960.1 559.9 0.82 82
SFIX R,2143752.0,
EFIX R,2143752.0,2144018 268 968.8 562.0 1673
SSACC R,2144020.0,
ESACC R,2144020.0,2144030 12 973.6 558.8 996.1 556.3 0.61 64
SFIX R,2144032.0,
EFIX R,2144032.0,2144224 194 995.3 557.7 1597
SSACC R,2144226.0,
ESACC R,2144226.0,2144238 14 994.7 553.6 965.0 551.7 0.81 76
SFIX R,2144240.0,
EFIX R,2144240.0,2144436 198 969.9 557.4 1582
SSACC R,2144438.0,
ESACC R,2144438.0,2144450 14 970.1 553.8 996.5 551.0 0.72 64
SFIX R,2144452.0,
EFIX R,2144452.0,2145242 792 988.3 559.3 1545
SSACC R,2145244.0,
ESACC R,2145244.0,2145302 60 993.9 542.3 1005.1 503.8 1.09 216
SFIX R,2145304.0,
EFIX R,2145304.0,2145834 532 990.5 521.7 1644
SSACC R,2145836.0,
ESACC R,2145836.0,2145856 22 990.9 518.8 1065.6 513.7 2.03 178
SFIX R,2145858.0,
EFIX R,2145858.0,2145892 36 1060.5 513.0 1852
SSACC R,2145894.0,
ESACC R,2145894.0,2145976 84 1064.0 506.9 1013.8 511.8 1.37 188
SFIX R,2145978.0,
EFIX R,2145978.0,2146926 950 1011.4 514.5 2085
SSACC R,2146928.0,
ESACC R,2146928.0,2147020 94 1002.9 516.5 1010.3 540.0 0.67 230
SFIX R,2147022.0,
EFIX R,2147022.0,2147658 638 1013.3 520.8 2045
SSACC R,2147660.0,
ESACC R,2147660.0,2147666 8 1015.4 527.7 1004.2 522.8 0.33 50
SFIX R,2147668.0,
EFIX R,2147668.0,2147862 196 1001.2 521.5 2012
SSACC R,2147864.0,
ESACC R,2147864.0,2147878 16 1002.5 518.6 1038.3 517.4 0.97 81
SFIX R,2147880.0,
EFIX R,2147880.0,2148040 162 1035.9 515.9 2024
SSACC R,2148042.0,
ESACC R,2148042.0,2148052 12 1035.4 513.5 1011.6 509.0 0.66 70
SFIX R,2148054.0,
EFIX R,2148054.0,2148490 438 1006.8 521.1 2077
SSACC R,2148492.0,
ESACC R,2148492.0,2148506 16 1000.3 527.3 1042.5 528.8 1.14 96
SFIX R,2148508.0,
EFIX R,2148508.0,2148702 196 1046.6 529.1 2082
SSACC R,2148704.0,
ESACC R,2148704.0,2148722 20 1046.9 527.8 999.9 516.2 1.31 117
SFIX R,2148724.0,
EFIX R,2148724.0,2149528 806 1008.9 518.3 2055
SSACC R,2149530.0,
ESACC R,2149530.0,2149548 20 1007.1 518.9 1051.1 517.4 1.19 96
SFIX R,2149550.0,
EFIX R,2149550.0,2149610 62 1047.1 505.8 2058
SSACC R,2149612.0,
ESACC R,2149612.0,2149650 40 1055.7 492.0 1036.8 515.6 0.82 184
SFIX R,2149652.0,
EFIX R,2149652.0,2149674 24 1027.7 508.9 2013
SSACC R,2149676.0,
ESACC R,2149676.0,2149714 40 1027.1 506.3 1010.5 502.3 0.46 246
SFIX R,2149716.0,
EFIX R,2149716.0,2150064 350 1011.4 480.4 2067
SSACC R,2150066.0,
ESACC R,2150066.0,2150080 16 1012.4 485.6 1050.7 492.8 1.06 92
SFIX R,2150082.0,
EFIX R,2150082.0,2150264 184 1045.6 503.8 2052
SSACC R,2150266.0,
ESACC R,2150266.0,2150286 22 1049.3 503.9 1004.0 488.8 1.29 111
SFIX R,2150288.0,
EFIX R,2150288.0,2150368 82 1017.0 489.0 2008
SSACC R,2150370.0,
ESACC R,2150370.0,2150382 14 1022.6 488.2 1038.9 487.7 0.44 41
SFIX R,2150384.0,
EFIX R,2150384.0,2150602 220 1040.5 491.8 1956
SSACC R,2150604.0,
ESACC R,2150604.0,2150610 8 1035.6 484.8 1022.9 479.3 0.38 56
SFIX R,2150612.0,
EFIX R,2150612.0,2151036 426 1010.5 483.4 1986
SSACC R,2151038.0,
ESACC R,2151038.0,2151048 12 1013.2 486.6 1036.8 486.5 0.64 66
SFIX R,2151050.0,
EFIX R,2151050.0,2151446 398 1032.8 494.1 1903
SSACC R,2151448.0,
ESACC R,2151448.0,2151456 10 1027.9 495.9 1009.3 490.4 0.53 64
SFIX R,2151458.0,
EFIX R,2151458.0,2151908 452 1002.1 508.6 1838
SSACC R,2151910.0,
ESACC R,2151910.0,2151926 18 1004.4 519.8 1044.6 510.7 1.12 96
SFIX R,2151928.0,
EFIX R,2151928.0,2152038 112 1035.2 516.9 1805
SSACC R,2152040.0,
SBLINK R,2152078.0,
EBLINK R,2152078.0,2152198 122
ESACC R,2152040.0,2152298 260 1038.7 499.8 1029.1 505.6 0.30 243
SFIX R,2152300.0,
EFIX R,2152300.0,2152556 258 1017.8 497.5 1847
SSACC R,2152558.0,
ESACC R,2152558.0,2152564 8 1016.0 498.2 1025.9 491.4 0.33 48
SFIX R,2152566.0,
EFIX R,2152566.0,2152746 182 1028.7 506.7 1777
SSACC R,2152748.0,
ESACC R,2152748.0,2152756 10 1025.2 514.3 1012.7 503.8 0.44 52
SFIX R,2152758.0,
EFIX R,2152758.0,2153310 554 999.8 539.9 1556
SSACC R,2153312.0,
ESACC R,2153312.0,2153318 8 993.9 547.1 1005.6 544.4 0.33 51
SFIX R,2153320.0,
EFIX R,2153320.0,2153944 626 1004.7 541.1 1502
SSACC R,2153946.0,
ESACC R,2153946.0,2154002 58 1015.6 493.6 994.0 473.8 0.79 142
SFIX R,2154004.0,
EFIX R,2154004.0,2154238 236 984.7 485.1 1706
SSACC R,2154240.0,
ESACC R,2154240.0,2154260 22 978.3 494.1 1013.9 505.1 1.01 109
SFIX R,2154262.0,
EFIX R,2154262.0,2155214 954 1009.1 516.8 1889
SSACC R,2155216.0,
ESACC R,2155216.0,2155222 8 1004.1 507.4 992.5 500.2 0.37 55
SFIX R,2155224.0,
EFIX R,2155224.0,2155368 146 985.9 498.9 1997
SSACC R,2155370.0,
ESACC R,2155370.0,2155380 12 986.7 497.9 1009.4 503.6 0.63 68
SFIX R,2155382.0,
EFIX R,2155382.0,2155688 308 1006.6 502.4 1911
SSACC R,2155690.0,
ESACC R,2155690.0,2155696 8 1010.2 504.6 999.2 500.1 0.32 51
SFIX R,2155698.0,
EFIX R,2155698.0,2156004 308 1008.3 496.0 1870
SSACC R,2156006.0,
ESACC R,2156006.0,2156012 8 1012.9 491.6 1000.2 491.2 0.34 59
SFIX R,2156014.0,
EFIX R,2156014.0,2156112 100 1002.7 492.3 1907
SSACC R,2156114.0,
ESACC R,2156114.0,2156122 10 1012.0 492.4 1027.4 489.7 0.42 53
SFIX R,2156124.0,
EFIX R,2156124.0,2156370 248 1025.2 492.7 1892
SSACC R,2156372.0,
ESACC R,2156372.0,2156376 6 1022.3 494.8 1014.9 492.3 0.21 49
SFIX R,2156378.0,
EFIX R,2156378.0,2156466 90 1012.8 493.1 1858
SSACC R,2156468.0,
ESACC R,2156468.0,2156476 10 1021.7 490.8 1036.7 496.3 0.43 57
SFIX R,2156478.0,
EFIX R,2156478.0,2156610 134 1036.8 491.8 1847
SSACC R,2156612.0,
ESACC R,2156612.0,2156748 138 1041.2 480.6 1032.2 539.9 1.63 298
SFIX R,2156750.0,
EFIX R,2156750.0,2156784 36 1037.9 488.6 1789
SSACC R,2156786.0,
ESACC R,2156786.0,2156834 50 1044.6 445.1 1028.3 479.1 1.02 283
SFIX R,2156836.0,
EFIX R,2156836.0,2157070 236 1027.7 473.0 1829
SSACC R,2157072.0,
SBLINK R,2157120.0,
EBLINK R,2157120.0,2157218 100
ESACC R,2157072.0,2157272 202 1032.0 477.0 997.9 722.5 6.70 328
SFIX R,2157274.0,
EFIX R,2157274.0,2157524 252 1030.1 607.0 1673
SSACC R,2157526.0,
ESACC R,2157526.0,2157532 8 1033.2 551.0 1031.5 539.9 0.30 74
SFIX R,2157534.0,
EFIX R,2157534.0,2157656 124 1039.5 483.3 1864
SSACC R,2157658.0,
ESACC R,2157658.0,2157722 66 1042.1 442.4 1025.1 487.8 1.31 286
SFIX R,2157724.0,
EFIX R,2157724.0,2157998 276 1025.0 471.3 1903
SSACC R,2158000.0,
SBLINK R,2158042.0,
EBLINK R,2158042.0,2158120 80
ESACC R,2158000.0,2158176 178 1027.4 468.2 1034.3 598.1 3.53 417
SFIX R,2158178.0,
EFIX R,2158178.0,2158288 112 1054.8 513.5 1815
SSACC R,2158290.0,
ESACC R,2158290.0,2158348 60 1057.6 459.7 1036.9 501.3 1.26 276
SFIX R,2158350.0,
EFIX R,2158350.0,2159110 762 1023.0 482.0 1925
SSACC R,2159112.0,
ESACC R,2159112.0,2159330 220 1015.0 489.9 1006.3 495.1 0.27 338
SFIX R,2159332.0,
EFIX R,2159332.0,2159624 294 1007.2 485.4 1963
SSACC R,2159626.0,
ESACC R,2159626.0,2159686 62 1009.5 490.4 1030.0 514.9 0.87 71
SFIX R,2159688.0,
EFIX R,2159688.0,2159720 34 1031.7 509.2 1973
SSACC R,2159722.0,
ESACC R,2159722.0,2159736 16 1021.1 515.2 1017.8 497.4 0.49 72
SFIX R,2159738.0,
EFIX R,2159738.0,2159758 22 1014.5 509.4 1979
SSACC R,2159760.0,
ESACC R,2159760.0,2160020 262 1015.4 507.6 1039.4 464.6 1.33 294
SFIX R,2160022.0,
EFIX R,2160022.0,2160570 550 1044.7 489.7 1905
SSACC R,2160572.0,
ESACC R,2160572.0,2160576 6 1039.5 498.5 1041.8 485.3 0.36 64
SFIX R,2160578.0,
EFIX R,2160578.0,2160640 64 1046.3 460.1 1835
SSACC R,2160642.0,
ESACC R,2160642.0,2160670 30 1048.2 435.0 1024.0 497.1 1.80 224
SFIX R,2160672.0,
EFIX R,2160672.0,2161170 500 997.3 547.2 1500
SSACC R,2161172.0,
ESACC R,2161172.0,2161190 20 990.6 552.0 1032.7 567.3 1.21 98
SFIX R,2161192.0,
EFIX R,2161192.0,2161390 200 1026.4 563.2 1035
SSACC R,2161392.0,
ESACC R,2161392.0,2161404 14 1024.7 558.1 994.1 548.9 0.87 83
SFIX R,2161406.0,
EFIX R,2161406.0,2161728 324 997.7 555.0 1026
SSACC R,2161730.0,
SBLINK R,2161772.0,
EBLINK R,2161772.0,2161924 154
ESACC R,2161730.0,2161994 266 997.7 557.6 1033.2 492.0 2.02 3270
SFIX R,2161996.0,
EFIX R,2161996.0,2162218 224 998.4 567.0 1194
SSACC R,2162220.0,
ESACC R,2162220.0,2162230 12 992.2 577.1 1010.1 559.4 0.68 68
SFIX R,2162232.0,
EFIX R,2162232.0,2162818 588 1003.0 569.9 1189
SSACC R,2162820.0,
ESACC R,2162820.0,2162832 14 997.5 573.8 985.2 547.4 0.79 78
SFIX R,2162834.0,
EFIX R,2162834.0,2163208 376 986.1 557.7 1285
SSACC R,2163210.0,
ESACC R,2163210.0,2163226 18 988.1 561.1 1032.0 564.2 1.19 106
SFIX R,2163228.0,
EFIX R,2163228.0,2163584 358 1022.0 568.9 1398
SSACC R,2163586.0,
ESACC R,2163586.0,2163614 30 1019.3 572.6 992.1 553.5 0.90 108
SFIX R,2163616.0,
EFIX R,2163616.0,2163852 238 986.6 561.4 1471
SSACC R,2163854.0,
ESACC R,2163854.0,2163870 18 986.7 566.9 1029.5 556.4 1.19 100
SFIX R,2163872.0,
EFIX R,2163872.0,2164028 158 1027.0 556.4 1514
SSACC R,2164030.0,
ESACC R,2164030.0,2164050 22 1025.4 554.9 996.0 564.8 0.84 94
SFIX R,2164052.0,
EFIX R,2164052.0,2164280 230 1001.1 563.0 1546
SSACC R,2164282.0,
ESACC R,2164282.0,2164296 16 1004.9 556.9 1035.3 547.9 0.86 67
SFIX R,2164298.0,
EFIX R,2164298.0,2164470 174 1036.0 546.5 1577
SSACC R,2164472.0,
ESACC R,2164472.0,2164488 18 1028.8 546.2 982.2 548.4 1.26 108
SFIX R,2164490.0,
EFIX R,2164490.0,2164720 232 987.8 551.7 1574
SSACC R,2164722.0,
ESACC R,2164722.0,2164734 14 988.1 547.3 1018.5 540.2 0.85 76
SFIX R,2164736.0,
EFIX R,2164736.0,2164928 194 1016.9 546.9 1569
SSACC R,2164930.0,
ESACC R,2164930.0,2164948 20 1016.9 547.1 970.1 549.2 1.27 101
SFIX R,2164950.0,
EFIX R,2164950.0,2165136 188 973.6 555.1 1523
SSACC R,2165138.0,
ESACC R,2165138.0,2165162 26 977.6 549.7 1002.6 514.4 1.17 73
SFIX R,2165164.0,
EFIX R,2165164.0,2165196 34 1011.9 483.8 1571
SSACC R,2165198.0,
SBLINK R,2165288.0,
EBLINK R,2165288.0,2165330 44
ESACC R,2165198.0,2165472 276 1018.7 478.6 1011.6 465.5 0.40 3270
SFIX R,2165474.0,
EFIX R,2165474.0,2165804 332 978.0 555.3 1383
SSACC R,2165806.0,
ESACC R,2165806.0,2165822 18 973.2 574.7 1000.2 546.4 1.06 94
SFIX R,2165824.0,
EFIX R,2165824.0,2166998 1176 997.6 539.6 1287
SSACC R,2167000.0,
ESACC R,2167000.0,2167018 20 993.2 520.1 968.9 518.1 0.66 70
SFIX R,2167020.0,
EFIX R,2167020.0,2167218 200 976.0 511.7 1653
SSACC R,2167220.0,
ESACC R,2167220.0,2167232 14 981.5 505.3 1008.1 507.1 0.72 72
SFIX R,2167234.0,
EFIX R,2167234.0,2167820 588 1001.8 515.9 1783
SSACC R,2167822.0,
SBLINK R,2167884.0,
EBLINK R,2167884.0,2167884 2
ESACC R,2167822.0,2167958 138 1005.3 512.1 1027.2 487.0 0.90 408
SFIX R,2167960.0,
EFIX R,2167960.0,2169046 1088 1002.1 500.3 1972
SSACC R,2169048.0,
ESACC R,2169048.0,2169064 18 992.9 516.4 1021.8 500.0 0.90 80
SFIX R,2169066.0,
EFIX R,2169066.0,2169264 200 1010.1 508.3 1959
SSACC R,2169266.0,
ESACC R,2169266.0,2169286 22 1007.0 510.3 971.8 505.9 0.96 121
SFIX R,2169288.0,
EFIX R,2169288.0,2169348 62 978.9 490.0 1957
SSACC R,2169350.0,
ESACC R,2169350.0,2169530 182 986.5 466.6 1008.3 491.5 0.90 378
SFIX R,2169532.0,
EFIX R,2169532.0,2171070 1540 991.2 521.8 1888
SSACC R,2171072.0,
ESACC R,2171072.0,2171084 14 993.7 525.7 1021.9 510.6 0.87 75
SFIX R,2171086.0,
EFIX R,2171086.0,2171504 420 1015.2 504.6 2013
SSACC R,2171506.0,
ESACC R,2171506.0,2171534 30 1007.9 504.7 973.3 503.2 0.94 144
SFIX R,2171536.0,
EFIX R,2171536.0,2171720 186 964.4 504.3 2031
SSACC R,2171722.0,
ESACC R,2171722.0,2171748 28 959.1 503.7 992.8 496.6 0.93 144
SFIX R,2171750.0,
EFIX R,2171750.0,2171986 238 991.5 497.0 2030
SSACC R,2171988.0,
SBLINK R,2172026.0,
EBLINK R,2172026.0,2172042 18
ESACC R,2171988.0,2172146 160 1001.0 465.1 997.7 490.1 0.68 564
SFIX R,2172148.0,
EFIX R,2172148.0,2172768 622 995.3 503.5 2061
SSACC R,2172770.0,
SBLINK R,2172830.0,
EBLINK R,2172830.0,2172850 22
ESACC R,2172770.0,2173002 234 997.9 505.7 1000.9 517.2 0.32 367
SFIX R,2173004.0,
EFIX R,2173004.0,2173824 822 1001.3 510.6 1934
SSACC R,2173826.0,
ESACC R,2173826.0,2173988 164 1006.6 511.1 1022.5 476.5 1.03 344
SFIX R,2173990.0,
EFIX R,2173990.0,2174368 380 1021.2 469.2 1811
SSACC R,2174370.0,
ESACC R,2174370.0,2174380 12 1018.7 464.1 1004.3 465.7 0.39 42
SFIX R,2174382.0,
EFIX R,2174382.0,2174602 222 997.6 475.0 1863
SSACC R,2174604.0,
ESACC R,2174604.0,2174618 16 993.1 478.5 1027.3 472.7 0.94 86
SFIX R,2174620.0,
EFIX R,2174620.0,2174866 248 1018.9 483.9 1858
SSACC R,2174868.0,
ESACC R,2174868.0,2174876 10 1012.3 494.2 999.0 489.3 0.38 46
SFIX R,2174878.0,
EFIX R,2174878.0,2175684 808 996.3 513.1 1707
SSACC R,2175686.0,
ESACC R,2175686.0,2175696 12 1001.6 519.1 980.2 507.4 0.66 69
SFIX R,2175698.0,
EFIX R,2175698.0,2175846 150 983.2 517.6 1578
SSACC R,2175848.0,
ESACC R,2175848.0,2175854 8 991.4 519.5 1003.0 513.3 0.36 52
SFIX R,2175856.0,
EFIX R,2175856.0,2176080 226 1008.9 514.1 1598
SSACC R,2176082.0,
ESACC R,2176082.0,2176094 14 1008.3 506.5 985.2 504.3 0.63 64
SFIX R,2176096.0,
EFIX R,2176096.0,2176506 412 989.3 518.0 1567
SSACC R,2176508.0,
ESACC R,2176508.0,2176522 16 986.7 529.9 1017.6 513.0 0.95 81
SFIX R,2176524.0,
EFIX R,2176524.0,2177004 482 1005.6 520.4 1529
SSACC R,2177006.0,
ESACC R,2177006.0,2177014 10 1003.9 522.4 1020.6 517.2 0.47 58
SFIX R,2177016.0,
EFIX R,2177016.0,2177184 170 1024.3 520.0 1502
SSACC R,2177186.0,
ESACC R,2177186.0,2177198 14 1021.1 523.1 997.0 519.3 0.66 66
SFIX R,2177200.0,
EFIX R,2177200.0,2177462 264 994.7 524.2 1508
SSACC R,2177464.0,
ESACC R,2177464.0,2177480 18 996.5 520.5 1027.7 509.6 0.90 68
SFIX R,2177482.0,
EFIX R,2177482.0,2177664 184 1019.9 517.7 1535
SSACC R,2177666.0,
ESACC R,2177666.0,2177672 8 1015.4 520.0 1002.6 513.6 0.39 60
SFIX R,2177674.0,
EFIX R,2177674.0,2177920 248 1002.8 519.9 1550
SSACC R,2177922.0,
ESACC R,2177922.0,2177932 12 1010.8 518.4 1030.0 504.2 0.65 65
SFIX R,2177934.0,
EFIX R,2177934.0,2178060 128 1031.2 509.4 1581
SSACC R,2178062.0,
ESACC R,2178062.0,2178068 8 1021.0 506.3 1010.2 509.0 0.30 47
SFIX R,2178070.0,
EFIX R,2178070.0,2178518 450 1019.2 508.9 1568
SSACC R,2178520.0,
ESACC R,2178520.0,2178734 216 1030.5 499.2 1040.9 482.3 0.54 3270
SFIX R,2178736.0,
EFIX R,2178736.0,2179364 630 1006.3 550.2 1305
SSACC R,2179366.0,
ESACC R,2179366.0,2179382 18 996.6 567.3 1024.8 551.4 0.88 61
SFIX R,2179384.0,
EFIX R,2179384.0,2179556 174 1026.5 557.3 1136
SSACC R,2179558.0,
ESACC R,2179558.0,2179574 18 1025.8 556.2 989.2 552.6 1.00 97
SFIX R,2179576.0,
EFIX R,2179576.0,2180368 794 1001.8 556.3 1307
SSACC R,2180370.0,
ESACC R,2180370.0,2180374 6 1018.5 533.1 1010.1 528.9 0.25 47
SFIX R,2180376.0,
EFIX R,2180376.0,2180758 384 994.3 538.7 1373
SSACC R,2180760.0,
ESACC R,2180760.0,2180766 8 989.5 563.7 1001.2 562.8 0.32 46
SFIX R,2180768.0,
EFIX R,2180768.0,2180998 232 1000.7 572.3 1302
SSACC R,2181000.0,
ESACC R,2181000.0,2181010 12 997.5 572.4 976.8 566.5 0.58 62
SFIX R,2181012.0,
EFIX R,2181012.0,2181328 318 979.9 574.5 1189
SSACC R,2181330.0,
ESACC R,2181330.0,2181336 8 985.4 571.3 997.6 568.3 0.34 51
SFIX R,2181338.0,
EFIX R,2181338.0,2181640 304 996.3 565.6 1197
SSACC R,2181642.0,
SBLINK R,2181694.0,
EBLINK R,2181694.0,2181890 198
ESACC R,2181642.0,2181998 358 994.7 563.3 1037.7 495.7 2.17 3270
SFIX R,2182000.0,
EFIX R,2182000.0,2182400 402 1014.4 519.9 1445
SSACC R,2182402.0,
ESACC R,2182402.0,2182410 10 1005.1 547.7 1018.6 537.8 0.45 58
SFIX R,2182412.0,
EFIX R,2182412.0,2182574 164 1017.4 545.7 1279
SSACC R,2182576.0,
ESACC R,2182576.0,2182582 8 1009.7 552.4 1000.4 546.6 0.30 47
SFIX R,2182584.0,
EFIX R,2182584.0,2183078 496 995.0 556.8 1246
SSACC R,2183080.0,
ESACC R,2183080.0,2183096 18 1004.7 552.5 968.2 547.3 1.00 84
SFIX R,2183098.0,
EFIX R,2183098.0,2183636 540 992.1 553.5 1368
SSACC R,2183638.0,
ESACC R,2183638.0,2183644 8 999.9 556.4 1009.7 555.1 0.27 41
SFIX R,2183646.0,
EFIX R,2183646.0,2184034 390 1002.9 564.5 1348
SSACC R,2184036.0,
ESACC R,2184036.0,2184048 14 1001.7 554.4 979.4 549.0 0.62 64
SFIX R,2184050.0,
EFIX R,2184050.0,2184490 442 981.7 559.0 1316
SSACC R,2184492.0,
ESACC R,2184492.0,2184504 14 985.8 563.4 1012.8 563.7 0.73 78
SFIX R,2184506.0,
EFIX R,2184506.0,2184764 260 1005.1 568.3 1361
SSACC R,2184766.0,
ESACC R,2184766.0,2184770 6 1002.3 565.4 995.5 564.2 0.19 40
SFIX R,2184772.0,
EFIX R,2184772.0,2184814 44 990.6 566.2 1369
SSACC R,2184816.0,
ESACC R,2184816.0,2184936 122 991.3 563.2 1003.1 704.4 3.83 257
SFIX R,2184938.0,
EFIX R,2184938.0,2184962 26 1015.3 666.1 1223
SSACC R,2184964.0,
ESACC R,2184964.0,2185022 60 1017.7 630.2 1031.8 499.1 3.57 360
SFIX R,2185024.0,
EFIX R,2185024.0,2186092 1070 989.7 551.3 1233
SSACC R,2186094.0,
ESACC R,2186094.0,2186106 14 986.2 565.8 1012.9 556.0 0.77 71
SFIX R,2186108.0,
EFIX R,2186108.0,2186296 190 1005.9 557.8 1204
SSACC R,2186298.0,
ESACC R,2186298.0,2186306 10 1002.0 557.9 986.1 550.6 0.47 60
SFIX R,2186308.0,
EFIX R,2186308.0,2186596 290 986.6 556.1 1330
SSACC R,2186598.0,
ESACC R,2186598.0,2186604 8 988.9 556.1 1000.0 555.0 0.30 45
SFIX R,2186606.0,
EFIX R,2186606.0,2186754 150 1002.5 557.6 1366
SSACC R,2186756.0,
ESACC R,2186756.0,2186764 10 999.6 558.7 982.9 560.0 0.45 57
SFIX R,2186766.0,
EFIX R,2186766.0,2186890 126 988.5 563.2 1343
SSACC R,2186892.0,
SBLINK R,2187006.0,
EBLINK R,2187006.0,2187040 36
ESACC R,2186892.0,2187204 314 994.6 556.4 1025.5 471.7 2.44 3270
SFIX R,2187206.0,
EFIX R,2187206.0,2189958 2754 1004.1 523.7 1091
SSACC R,2189960.0,
SBLINK R,2189988.0,
EBLINK R,2189988.0,2190170 184
ESACC R,2189960.0,2190234 276 985.2 563.8 1030.8 437.7 3.63 3270
SFIX R,2190236.0,
EFIX R,2190236.0,2190902 668 995.7 530.2 1214
SSACC R,2190904.0,
SBLINK R,2190964.0,
EBLINK R,2190964.0,2191110 148
ESACC R,2190904.0,2191196 294 984.4 531.6 1029.1 466.7 2.14 3270
SFIX R,2191198.0,
EFIX R,2191198.0,2191928 732 989.3 561.3 1128
SSACC R,2191930.0,
ESACC R,2191930.0,2191940 12 986.2 550.3 1004.3 534.7 0.65 69
SFIX R,2191942.0,
EFIX R,2191942.0,2192246 306 1001.3 539.1 1019
SSACC R,2192248.0,
ESACC R,2192248.0,2192256 10 1000.7 538.9 985.3 528.9 0.50 61
SFIX R,2192258.0,
EFIX R,2192258.0,2192694 438 984.8 537.7 1110
SSACC R,2192696.0,
ESACC R,2192696.0,2192708 14 986.5 544.4 1014.0 540.4 0.75 70
SFIX R,2192710.0,
EFIX R,2192710.0,2196418 3710 1008.1 565.4 1439
SSACC R,2196420.0,
ESACC R,2196420.0,2196426 8 1007.2 591.3 1017.0 585.2 0.31 48
SFIX R,2196428.0,
EFIX R,2196428.0,2196960 534 1012.9 578.2 1624
SSACC R,2196962.0,
ESACC R,2196962.0,2196972 12 1008.5 573.2 987.1 568.5 0.59 65
SFIX R,2196974.0,
EFIX R,2196974.0,2197210 238 992.3 575.2 1585
SSACC R,2197212.0,
ESACC R,2197212.0,2197224 14 999.6 575.1 1028.3 572.2 0.78 74
SFIX R,2197226.0,
EFIX R,2197226.0,2197512 288 1029.3 567.2 1598
SSACC R,2197514.0,
ESACC R,2197514.0,2197526 14 1028.8 561.8 1005.6 554.7 0.66 66
SFIX R,2197528.0,
EFIX R,2197528.0,2198598 1072 1003.4 562.0 1691
SSACC R,2198600.0,
ESACC R,2198600.0,2198610 12 995.4 567.9 1016.6 565.2 0.58 60
SFIX R,2198612.0,
EFIX R,2198612.0,2198836 226 1023.9 565.5 1699
SSACC R,2198838.0,
ESACC R,2198838.0,2198846 10 1027.2 557.4 1009.3 552.0 0.51 64
SFIX R,2198848.0,
EFIX R,2198848.0,2200442 1596 1005.6 547.1 1699
SSACC R,2200444.0,
ESACC R,2200444.0,2200450 8 1006.1 562.8 1015.2 559.2 0.27 41
SFIX R,2200452.0,
EFIX R,2200452.0,2200676 226 1012.5 566.0 1529
SSACC R,2200678.0,
ESACC R,2200678.0,2200690 14 1008.2 563.7 977.0 558.3 0.86 87
SFIX R,2200692.0,
EFIX R,2200692.0,2200854 164 987.0 564.7 1554
SSACC R,2200856.0,
ESACC R,2200856.0,2200862 8 995.1 566.8 1004.5 564.9 0.26 45
SFIX R,2200864.0,
EFIX R,2200864.0,2201192 330 1006.7 565.5 1609
SSACC R,2201194.0,
ESACC R,2201194.0,2201256 64 1008.9 549.9 1053.6 463.7 2.63 217
SFIX R,2201258.0,
EFIX R,2201258.0,2201326 70 1059.1 471.7 1829
SSACC R,2201328.0,
ESACC R,2201328.0,2201354 28 1077.9 439.7 1061.0 508.3 1.91 344
SFIX R,2201356.0,
EFIX R,2201356.0,2201456 102 1054.3 504.0 1813
SSACC R,2201458.0,
ESACC R,2201458.0,2201474 18 1047.1 507.5 1004.9 504.6 1.15 91
SFIX R,2201476.0,
EFIX R,2201476.0,2201894 420 997.2 557.6 1651
SSACC R,2201896.0,
ESACC R,2201896.0,2201910 16 994.3 575.2 1025.3 572.6 0.84 72
SFIX R,2201912.0,
EFIX R,2201912.0,2202060 150 1015.2 572.4 1301
SSACC R,2202062.0,
ESACC R,2202062.0,2202074 14 1011.0 568.5 988.9 566.1 0.60 60
SFIX R,2202076.0,
EFIX R,2202076.0,2202262 188 991.9 566.7 1240
SSACC R,2202264.0,
ESACC R,2202264.0,2202274 12 993.5 565.7 1013.1 564.3 0.53 56
SFIX R,2202276.0,
EFIX R,2202276.0,2202508 234 1015.7 564.3 1208
SSACC R,2202510.0,
ESACC R,2202510.0,2202518 10 1014.8 561.1 1002.9 552.3 0.40 50
SFIX R,2202520.0,
EFIX R,2202520.0,2203224 706 997.8 559.0 1108
SSACC R,2203226.0,
ESACC R,2203226.0,2203238 14 995.4 562.0 1021.4 561.1 0.71 66
SFIX R,2203240.0,
EFIX R,2203240.0,2203572 334 1012.8 563.2 1188
SSACC R,2203574.0,
ESACC R,2203574.0,2203580 8 1003.9 560.2 991.9 556.7 0.34 51
SFIX R,2203582.0,
EFIX R,2203582.0,2204032 452 991.4 556.9 1288
SSACC R,2204034.0,
ESACC R,2204034.0,2204102 70 987.0 551.6 1050.0 383.3 4.86 350
SFIX R,2204104.0,
EFIX R,2204104.0,2204124 22 1054.4 391.6 1558
SSACC R,2204126.0,
ESACC R,2204126.0,2204162 38 1055.7 397.9 1028.4 494.5 2.71 500
SFIX R,2204164.0,
EFIX R,2204164.0,2204740 578 991.4 539.1 1321
SSACC R,2204742.0,
ESACC R,2204742.0,2204754 14 980.8 565.6 1005.6 554.9 0.73 71
SFIX R,2204756.0,
EFIX R,2204756.0,2205564 810 995.3 557.4 1062
SSACC R,2205566.0,
ESACC R,2205566.0,2205648 84 997.6 561.3 1035.2 484.5 2.32 553
SFIX R,2205650.0,
EFIX R,2205650.0,2206008 360 999.6 528.1 1332
SSACC R,2206010.0,
ESACC R,2206010.0,2206024 16 988.5 569.1 1021.6 566.5 0.90 82
SFIX R,2206026.0,
EFIX R,2206026.0,2206148 124 1017.4 570.4 1402
SSACC R,2206150.0,
ESACC R,2206150.0,2206164 16 1016.5 570.7 985.4 567.7 0.85 84
SFIX R,2206166.0,
EFIX R,2206166.0,2206462 298 989.0 569.8 1335
SSACC R,2206464.0,
ESACC R,2206464.0,2206474 12 985.7 570.1 1004.9 561.0 0.58 60
SFIX R,2206476.0,
EFIX R,2206476.0,2206650 176 1008.5 562.9 1238
SSACC R,2206652.0,
ESACC R,2206652.0,2206662 12 1006.5 561.7 982.8 555.7 0.66 70
SFIX R,2206664.0,
EFIX R,2206664.0,2207956 1294 1001.7 557.0 1162
SSACC R,2207958.0,
ESACC R,2207958.0,2207966 10 998.8 555.9 1015.4 556.5 0.45 54
SFIX R,2207968.0,
EFIX R,2207968.0,2210110 2144 1002.8 545.5 912
SSACC R,2210112.0,
ESACC R,2210112.0,2210116 6 1004.1 523.0 1009.1 518.2 0.19 43
SFIX R,2210118.0,
EFIX R,2210118.0,2210542 426 1003.6 524.9 666
SSACC R,2210544.0,
ESACC R,2210544.0,2210554 12 995.6 538.4 992.3 517.6 0.57 58
SFIX R,2210556.0,
EFIX R,2210556.0,2212046 1492 994.2 537.8 835
SSACC R,2212048.0,
ESACC R,2212048.0,2212244 198 1000.4 560.2 1043.9 438.3 3.50 412
SFIX R,2212246.0,
EFIX R,2212246.0,2213002 758 989.4 543.0 1005
SSACC R,2213004.0,
ESACC R,2213004.0,2213020 18 977.5 549.3 1017.0 523.4 1.28 115
SFIX R,2213022.0,
EFIX R,2213022.0,2213308 288 1009.5 528.0 949
SSACC R,2213310.0,
ESACC R,2213310.0,2213330 22 1006.7 534.6 961.2 548.6 1.29 117
SFIX R,2213332.0,
EFIX R,2213332.0,2213370 40 970.0 547.1 1041
SSACC R,2213372.0,
ESACC R,2213372.0,2213394 24 971.1 545.3 991.6 481.8 1.81 104
SFIX R,2213396.0,
EFIX R,2213396.0,2214268 874 988.4 560.6 1284
SSACC R,2214270.0,
ESACC R,2214270.0,2214278 10 979.6 566.3 968.9 557.0 0.38 49
SFIX R,2214280.0,
EFIX R,2214280.0,2214488 210 967.0 557.8 1360
SSACC R,2214490.0,
ESACC R,2214490.0,2214506 18 969.6 560.0 1009.9 561.8 1.09 97
SFIX R,2214508.0,
EFIX R,2214508.0,2214992 486 1006.0 566.8 1382
SSACC R,2214994.0,
ESACC R,2214994.0,2215002 10 1006.4 567.4 992.4 557.8 0.46 59
SFIX R,2215004.0,
EFIX R,2215004.0,2215784 782 998.7 549.7 1290
SSACC R,2215786.0,
ESACC R,2215786.0,2215800 16 1013.5 562.8 980.2 551.0 0.96 81
SFIX R,2215802.0,
EFIX R,2215802.0,2216232 432 976.5 577.9 1241
SSACC R,2216234.0,
ESACC R,2216234.0,2216338 106 971.0 584.6 1014.6 467.4 3.39 397
SFIX R,2216340.0,
EFIX R,2216340.0,2216752 414 990.9 504.3 1305
SSACC R,2216754.0,
ESACC R,2216754.0,2216768 16 989.3 514.4 1017.4 529.5 0.86 63
SFIX R,2216770.0,
EFIX R,2216770.0,2216898 130 1016.9 540.5 1323
SSACC R,2216900.0,
ESACC R,2216900.0,2216912 14 1013.5 544.7 987.2 540.0 0.72 64
SFIX R,2216914.0,
EFIX R,2216914.0,2217298 386 982.3 563.1 1359
SSACC R,2217300.0,
ESACC R,2217300.0,2217316 18 988.7 547.1 998.8 521.2 0.75 56
SFIX R,2217318.0,
EFIX R,2217318.0,2217342 26 1006.7 506.3 1514
SSACC R,2217344.0,
ESACC R,2217344.0,2217438 96 1010.7 504.7 1017.6 510.2 0.24 393
SFIX R,2217440.0,
EFIX R,2217440.0,2217860 422 986.4 556.7 1305
SSACC R,2217862.0,
ESACC R,2217862.0,2217874 14 979.4 575.7 998.4 570.3 0.54 47
SFIX R,2217876.0,
EFIX R,2217876.0,2218010 136 1003.1 575.4 1221
SSACC R,2218012.0,
ESACC R,2218012.0,2218018 8 1000.6 571.1 990.9 569.0 0.27 43
SFIX R,2218020.0,
EFIX R,2218020.0,2219246 1228 990.5 563.0 1071
SSACC R,2219248.0,
ESACC R,2219248.0,2219254 8 988.4 563.2 998.1 562.7 0.26 45
SFIX R,2219256.0,
EFIX R,2219256.0,2219728 474 993.2 567.0 1064
SSACC R,2219730.0,
ESACC R,2219730.0,2219740 12 995.8 569.0 1011.0 561.0 0.47 49
SFIX R,2219742.0,
EFIX R,2219742.0,2219926 186 1014.2 560.8 1040
SSACC R,2219928.0,
ESACC R,2219928.0,2219936 10 1012.0 556.4 995.2 554.2 0.46 58
SFIX R,2219938.0,
EFIX R,2219938.0,2224206 4270 1005.9 558.0 931
SSACC R,2224208.0,
ESACC R,2224208.0,2224224 18 1004.5 593.2 1006.5 551.8 1.12 111
SFIX R,2224226.0,
EFIX R,2224226.0,2226070 1846 992.2 572.4 1199
SSACC R,2226072.0,
ESACC R,2226072.0,2226088 18 1004.9 550.4 1055.0 533.8 1.43 119
SFIX R,2226090.0,
EFIX R,2226090.0,2226276 188 1051.6 525.7 1404
SSACC R,2226278.0,
ESACC R,2226278.0,2226294 18 1047.4 523.9 1005.1 531.8 1.17 110
SFIX R,2226296.0,
EFIX R,2226296.0,2228504 2210 1000.5 546.5 1038
SSACC R,2228506.0,
SBLINK R,2228574.0,
EBLINK R,2228574.0,2228588 16
ESACC R,2228506.0,2228690 186 999.5 546.8 1025.7 451.9 2.67 3270
SFIX R,2228692.0,
EFIX R,2228692.0,2229198 508 986.3 541.7 830
SSACC R,2229200.0,
ESACC R,2229200.0,2229220 22 982.0 546.5 1018.2 507.2 1.45 112
SFIX R,2229222.0,
EFIX R,2229222.0,2229378 158 1016.8 504.9 778
SSACC R,2229380.0,
ESACC R,2229380.0,2229390 12 1012.4 510.0 990.5 516.4 0.62 65
SFIX R,2229392.0,
EFIX R,2229392.0,2229628 238 988.6 526.6 817
SSACC R,2229630.0,
ESACC R,2229630.0,2229642 14 990.2 533.5 1022.3 531.2 0.87 83
SFIX R,2229644.0,
EFIX R,2229644.0,2229786 144 1016.5 536.3 907
SSACC R,2229788.0,
ESACC R,2229788.0,2229794 8 1009.2 536.2 997.5 538.9 0.33 51
SFIX R,2229796.0,
EFIX R,2229796.0,2230252 458 993.0 539.0 952
SSACC R,2230254.0,
ESACC R,2230254.0,2230264 12 1000.1 539.9 1018.0 541.1 0.49 46
SFIX R,2230266.0,
EFIX R,2230266.0,2230348 84 1026.1 547.1 965
SSACC R,2230350.0,
ESACC R,2230350.0,2230358 10 1021.8 545.0 1006.5 545.3 0.41 50
SFIX R,2230360.0,
EFIX R,2230360.0,2230618 260 994.2 545.7 941
SSACC R,2230620.0,
ESACC R,2230620.0,2230630 12 993.9 544.0 1013.1 540.2 0.53 54
SFIX R,2230632.0,
EFIX R,2230632.0,2230894 264 1013.3 547.6 958
SSACC R,2230896.0,
ESACC R,2230896.0,2230906 12 1005.7 548.6 982.8 539.9 0.66 69
SFIX R,2230908.0,
EFIX R,2230908.0,2231094 188 981.7 551.1 970
SSACC R,2231096.0,
ESACC R,2231096.0,2231106 12 985.5 549.7 1000.8 536.9 0.54 56
SFIX R,2231108.0,
EFIX R,2231108.0,2232184 1078 1002.7 548.0 926
SSACC R,2232186.0,
ESACC R,2232186.0,2232202 18 997.2 557.8 1033.4 537.7 1.12 97
SFIX R,2232204.0,
EFIX R,2232204.0,2232386 184 1022.8 536.4 907
SSACC R,2232388.0,
ESACC R,2232388.0,2232404 18 1019.1 537.4 982.1 544.7 1.02 87
SFIX R,2232406.0,
EFIX R,2232406.0,2232596 192 991.4 541.6 885
SSACC R,2232598.0,
ESACC R,2232598.0,2232610 14 992.9 542.1 1018.5 542.1 0.69 65
SFIX R,2232612.0,
EFIX R,2232612.0,2232708 98 1021.2 547.1 915
SSACC R,2232710.0,
ESACC R,2232710.0,2232716 8 1018.1 548.0 1006.3 547.5 0.32 50
SFIX R,2232718.0,
EFIX R,2232718.0,2233926 1210 1002.0 538.8 969
SSACC R,2233928.0,
ESACC R,2233928.0,2233938 12 985.5 534.0 1011.1 534.3 0.69 76
SFIX R,2233940.0,
EFIX R,2233940.0,2234142 204 1008.1 542.6 928
SSACC R,2234144.0,
ESACC R,2234144.0,2234154 12 1008.2 540.8 996.5 528.8 0.45 48
SFIX R,2234156.0,
EFIX R,2234156.0,2234348 194 989.9 530.7 810
SSACC R,2234350.0,
ESACC R,2234350.0,2234360 12 992.8 534.5 1009.7 537.0 0.46 47
SFIX R,2234362.0,
EFIX R,2234362.0,2234614 254 998.5 542.9 818
SSACC R,2234616.0,
ESACC R,2234616.0,2234732 118 992.0 553.6 1040.5 440.8 3.32 548
SFIX R,2234734.0,
EFIX R,2234734.0,2235216 484 992.3 523.8 976
SSACC R,2235218.0,
ESACC R,2235218.0,2235224 8 984.8 545.6 994.1 538.3 0.32 47
SFIX R,2235226.0,
EFIX R,2235226.0,2235320 96 1004.7 541.3 919
SSACC R,2235322.0,
ESACC R,2235322.0,2235546 226 1009.1 542.3 1014.9 416.4 3.41 3270
SFIX R,2235548.0,
EFIX R,2235548.0,2235854 308 985.2 508.5 899
SSACC R,2235856.0,
ESACC R,2235856.0,2235872 18 981.7 524.5 1018.4 552.6 1.25 102
SFIX R,2235874.0,
EFIX R,2235874.0,2236158 286 1009.7 558.3 888
SSACC R,2236160.0,
ESACC R,2236160.0,2236168 10 1004.8 552.7 991.6 540.2 0.49 62
SFIX R,2236170.0,
EFIX R,2236170.0,2236242 74 989.5 545.2 843
SSACC R,2236244.0,
SBLINK R,2236286.0,
EBLINK R,2236286.0,2236422 138
ESACC R,2236244.0,2236486 244 990.1 551.0 1043.1 479.7 2.41 3270
SFIX R,2236488.0,
EFIX R,2236488.0,2237160 674 1008.7 537.1 978
SSACC R,2237162.0,
ESACC R,2237162.0,2237178 18 1009.2 532.2 986.1 507.0 0.93 67
SFIX R,2237180.0,
EFIX R,2237180.0,2237358 180 991.9 517.7 915
SSACC R,2237360.0,
ESACC R,2237360.0,2237374 16 990.4 526.4 1018.2 533.1 0.77 65
SFIX R,2237376.0,
EFIX R,2237376.0,2237622 248 1009.8 544.3 1037
SSACC R,2237624.0,
ESACC R,2237624.0,2237634 12 1011.0 545.8 988.8 544.6 0.60 64
SFIX R,2237636.0,
EFIX R,2237636.0,2237682 48 988.7 547.2 1113
SSACC R,2237684.0,
SBLINK R,2237732.0,
EBLINK R,2237732.0,2237824 94
ESACC R,2237684.0,2237924 242 988.7 547.8 1035.6 446.4 3.02 3270
SFIX R,2237926.0,
EFIX R,2237926.0,2238268 344 1001.4 527.2 1150
SSACC R,2238270.0,
ESACC R,2238270.0,2238278 10 997.4 540.1 1010.1 540.7 0.34 42
SFIX R,2238280.0,
EFIX R,2238280.0,2238480 202 1008.6 546.6 1067
SSACC R,2238482.0,
ESACC R,2238482.0,2238490 10 996.4 548.6 982.4 545.9 0.39 48
SFIX R,2238492.0,
EFIX R,2238492.0,2239128 638 983.7 553.3 1044
SSACC R,2239130.0,
SBLINK R,2239208.0,
EBLINK R,2239208.0,2239246 40
ESACC R,2239130.0,2239356 228 980.5 535.8 1032.5 417.2 3.50 3270
SFIX R,2239358.0,
EFIX R,2239358.0,2239956 600 990.9 527.6 1049
SSACC R,2239958.0,
ESACC R,2239958.0,2239976 20 992.6 555.0 1001.8 531.0 0.70 88
SFIX R,2239978.0,
EFIX R,2239978.0,2242198 2222 993.2 541.5 1133
SSACC R,2242200.0,
ESACC R,2242200.0,2242216 18 987.0 544.2 1025.7 546.5 1.05 86
SFIX R,2242218.0,
EFIX R,2242218.0,2242444 228 1016.2 549.8 1177
SSACC R,2242446.0,
ESACC R,2242446.0,2242460 16 1015.0 549.9 985.2 543.2 0.83 75
SFIX R,2242462.0,
EFIX R,2242462.0,2243768 1308 985.4 542.8 1057
SSACC R,2243770.0,
ESACC R,2243770.0,2243776 8 974.5 542.2 984.9 541.0 0.28 46
SFIX R,2243778.0,
EFIX R,2243778.0,2243938 162 992.1 543.0 959
SSACC R,2243940.0,
ESACC R,2243940.0,2243944 6 989.0 541.4 983.3 538.1 0.18 37
SFIX R,2243946.0,
EFIX R,2243946.0,2244084 140 978.0 539.0 1000
SSACC R,2244086.0,
ESACC R,2244086.0,2244094 10 982.6 541.1 997.3 541.9 0.40 52
SFIX R,2244096.0,
EFIX R,2244096.0,2244462 368 989.3 544.4 1061
SSACC R,2244464.0,
ESACC R,2244464.0,2244472 10 984.2 545.0 998.2 546.3 0.38 48
SFIX R,2244474.0,
EFIX R,2244474.0,2244810 338 987.8 555.9 1095
SSACC R,2244812.0,
ESACC R,2244812.0,2244824 14 982.2 558.4 1005.9 557.9 0.64 60
SFIX R,2244826.0,
EFIX R,2244826.0,2245292 468 1004.1 549.7 1044
SSACC R,2245294.0,
SBLINK R,2245354.0,
EBLINK R,2245354.0,2245486 134
ESACC R,2245294.0,2245622 330 997.6 542.7 1043.1 479.4 2.11 3270
SFIX R,2245624.0,
EFIX R,2245624.0,2246006 384 1012.0 550.5 955
SSACC R,2246008.0,
ESACC R,2246008.0,2246022 16 1007.2 567.8 999.4 533.1 0.96 76
SFIX R,2246024.0,
EFIX R,2246024.0,2246480 458 990.1 544.0 852
SSACC R,2246482.0,
ESACC R,2246482.0,2246490 10 993.6 547.5 1010.5 542.9 0.47 58
SFIX R,2246492.0,
EFIX R,2246492.0,2246672 182 1009.9 545.7 927
SSACC R,2246674.0,
ESACC R,2246674.0,2246920 248 1010.4 527.8 1039.2 428.1 2.81 584
SFIX R,2246922.0,
EFIX R,2246922.0,2247714 794 989.5 534.6 948
SSACC R,2247716.0,
SBLINK R,2247772.0,
EBLINK R,2247772.0,2247836 66
ESACC R,2247716.0,2247910 196 976.2 537.6 1016.9 472.3 2.09 3270
SFIX R,2247912.0,
EFIX R,2247912.0,2249380 1470 977.5 560.7 1150
SSACC R,2249382.0,
ESACC R,2249382.0,2249396 16 976.5 564.9 1012.2 555.6 1.00 91
SFIX R,2249398.0,
EFIX R,2249398.0,2249824 428 1008.9 566.1 1346
SSACC R,2249826.0,
ESACC R,2249826.0,2249842 18 1011.1 574.2 971.7 575.2 1.07 99
SFIX R,2249844.0,
EFIX R,2249844.0,2250542 700 969.7 600.0 1321
SSACC R,2250544.0,
ESACC R,2250544.0,2250564 22 975.2 612.0 1008.3 595.9 1.00 91
SFIX R,2250566.0,
EFIX R,2250566.0,2251468 904 1010.7 604.8 1375
SSACC R,2251470.0,
ESACC R,2251470.0,2251482 14 1005.6 612.6 990.5 596.7 0.59 58
SFIX R,2251484.0,
EFIX R,2251484.0,2252196 714 985.6 589.3 1299
SSACC R,2252198.0,
ESACC R,2252198.0,2252204 8 983.1 583.3 970.6 579.3 0.36 52
SFIX R,2252206.0,
EFIX R,2252206.0,2253836 1632 975.9 575.2 1126
SSACC R,2253838.0,
ESACC R,2253838.0,2253850 14 974.7 580.2 998.8 571.1 0.70 62
SFIX R,2253852.0,
EFIX R,2253852.0,2254452 602 998.0 573.3 1196
SSACC R,2254454.0,
SBLINK R,2254514.0,
EBLINK R,2254514.0,2254608 96
ESACC R,2254454.0,2254712 260 993.5 574.6 1025.8 489.2 2.47 3270
SFIX R,2254714.0,
EFIX R,2254714.0,2255736 1024 972.1 558.2 1217
SSACC R,2255738.0,
ESACC R,2255738.0,2255754 18 954.5 578.9 986.5 558.5 1.03 92
SFIX R,2255756.0,
EFIX R,2255756.0,2257066 1312 973.1 557.0 1328
SSACC R,2257068.0,
ESACC R,2257068.0,2257082 16 965.3 568.6 995.7 552.8 0.93 88
SFIX R,2257084.0,
EFIX R,2257084.0,2257666 584 982.9 566.6 1368
SSACC R,2257668.0,
ESACC R,2257668.0,2257686 20 972.5 573.5 937.8 565.2 0.97 96
SFIX R,2257688.0,
EFIX R,2257688.0,2257966 280 941.0 563.9 1452
SSACC R,2257968.0,
ESACC R,2257968.0,2257982 16 940.7 566.2 974.0 559.2 0.92 85
SFIX R,2257984.0,
EFIX R,2257984.0,2259238 1256 965.9 571.1 1409
SSACC R,2259240.0,
ESACC R,2259240.0,2259244 6 960.7 555.0 953.7 556.3 0.19 43
SFIX R,2259246.0,
EFIX R,2259246.0,2259356 112 949.8 555.9 1368
SSACC R,2259358.0,
ESACC R,2259358.0,2259366 10 955.9 558.8 970.2 555.9 0.40 48
SFIX R,2259368.0,
EFIX R,2259368.0,2259552 186 973.2 559.1 1417
SSACC R,2259554.0,
ESACC R,2259554.0,2259564 12 968.6 561.7 949.4 561.5 0.52 56
SFIX R,2259566.0,
EFIX R,2259566.0,2259804 240 954.5 566.6 1390
SSACC R,2259806.0,
ESACC R,2259806.0,2259818 14 959.3 568.9 988.5 559.8 0.83 79
SFIX R,2259820.0,
EFIX R,2259820.0,2259934 116 986.6 559.8 1377
SSACC R,2259936.0,
ESACC R,2259936.0,2259944 10 984.0 560.2 967.4 557.8 0.45 56
SFIX R,2259946.0,
EFIX R,2259946.0,2262918 2974 979.8 550.1 1105
SSACC R,2262920.0,
ESACC R,2262920.0,2262938 20 984.8 554.5 1007.2 506.5 1.44 91
SFIX R,2262940.0,
EFIX R,2262940.0,2263702 764 987.7 529.3 941
SSACC R,2263704.0,
ESACC R,2263704.0,2263756 54 975.5 562.3 1059.0 335.5 6.52 325
SFIX R,2263758.0,
EFIX R,2263758.0,2263808 52 1066.7 329.8 1260
SSACC R,2263810.0,
ESACC R,2263810.0,2263838 30 1077.3 290.5 1024.1 453.0 4.60 556
SFIX R,2263840.0,
EFIX R,2263840.0,2265084 1246 979.4 531.9 990
SSACC R,2265086.0,
ESACC R,2265086.0,2265146 62 968.9 515.6 1012.4 434.8 2.48 98
SFIX R,2265148.0,
EFIX R,2265148.0,2266594 1448 994.6 526.5 810
SSACC R,2266596.0,
SBLINK R,2266634.0,
EBLINK R,2266634.0,2266734 102
ESACC R,2266596.0,2266816 222 975.0 589.5 1046.3 443.3 4.40 3270
SFIX R,2266818.0,
EFIX R,2266818.0,2267258 442 994.9 526.2 726
SSACC R,2267260.0,
ESACC R,2267260.0,2267272 14 988.4 537.6 1008.1 522.5 0.67 62
SFIX R,2267274.0,
EFIX R,2267274.0,2267990 718 988.9 537.2 816
SSACC R,2267992.0,
SBLINK R,2268034.0,
EBLINK R,2268034.0,2268118 86
ESACC R,2267992.0,2268184 194 973.8 562.7 1027.2 464.3 3.03 3270
SFIX R,2268186.0,
EFIX R,2268186.0,2268728 544 977.5 551.2 1021
SSACC R,2268730.0,
ESACC R,2268730.0,2268740 12 976.4 555.7 1001.2 554.5 0.67 73
SFIX R,2268742.0,
EFIX R,2268742.0,2268996 256 995.0 555.7 1035
SSACC R,2268998.0,
ESACC R,2268998.0,2269006 10 990.9 555.1 974.6 548.1 0.48 58
SFIX R,2269008.0,
EFIX R,2269008.0,2269360 354 975.9 554.6 1090
SSACC R,2269362.0,
SBLINK R,2269398.0,
EBLINK R,2269398.0,2269508 112
ESACC R,2269362.0,2269560 200 973.6 561.4 1047.3 484.5 2.89 3270
SFIX R,2269562.0,
EFIX R,2269562.0,2269902 342 1003.1 568.6 1175
SSACC R,2269904.0,
ESACC R,2269904.0,2269920 18 993.1 572.7 974.5 543.6 0.94 87
SFIX R,2269922.0,
EFIX R,2269922.0,2270516 596 971.6 544.3 1020
SSACC R,2270518.0,
ESACC R,2270518.0,2270524 8 976.1 548.3 985.2 549.8 0.25 39
SFIX R,2270526.0,
EFIX R,2270526.0,2270584 60 987.7 555.5 1060
SSACC R,2270586.0,
SBLINK R,2270652.0,
EBLINK R,2270652.0,2270740 90
ESACC R,2270586.0,2270836 252 990.3 561.3 1030.0 445.9 3.30 3270
SFIX R,2270838.0,
EFIX R,2270838.0,2271512 676 984.8 543.9 1063
SSACC R,2271514.0,
ESACC R,2271514.0,2271524 12 974.4 558.6 990.7 541.9 0.63 68
SFIX R,2271526.0,
EFIX R,2271526.0,2271878 354 981.0 541.0 979
SSACC R,2271880.0,
SBLINK R,2271932.0,
EBLINK R,2271932.0,2272038 108
ESACC R,2271880.0,2272116 238 977.8 549.6 1038.8 469.0 2.74 3270
SFIX R,2272118.0,
EFIX R,2272118.0,2272694 578 987.8 567.9 1233
SSACC R,2272696.0,
ESACC R,2272696.0,2272700 6 978.9 568.0 983.3 559.2 0.27 48
SFIX R,2272702.0,
EFIX R,2272702.0,2273070 370 978.5 553.3 1142
SSACC R,2273072.0,
ESACC R,2273072.0,2273278 208 975.9 551.8 1028.3 441.6 3.30 2968
SFIX R,2273280.0,
EFIX R,2273280.0,2274094 816 983.1 537.6 1186
SSACC R,2274096.0,
ESACC R,2274096.0,2274104 10 975.8 549.0 990.7 547.2 0.41 49
SFIX R,2274106.0,
EFIX R,2274106.0,2274450 346 985.9 553.8 1080
SSACC R,2274452.0,
SBLINK R,2274498.0,
EBLINK R,2274498.0,2274616 120
ESACC R,2274452.0,2274718 268 980.3 567.7 1029.7 518.1 1.90 3270
SFIX R,2274720.0,
EFIX R,2274720.0,2275126 408 990.1 582.2 1154
SSACC R,2275128.0,
ESACC R,2275128.0,2275142 16 977.0 572.8 993.9 553.5 0.70 73
SFIX R,2275144.0,
EFIX R,2275144.0,2275210 68 986.0 557.7 1073
SSACC R,2275212.0,
SBLINK R,2275240.0,
EBLINK R,2275240.0,2275378 140
ESACC R,2275212.0,2275450 240 981.3 562.9 1007.9 533.1 1.08 3270
SFIX R,2275452.0,
EFIX R,2275452.0,2275866 416 993.2 547.0 1028
SSACC R,2275868.0,
SBLINK R,2275900.0,
EBLINK R,2275900.0,2275978 80
ESACC R,2275868.0,2276028 162 1001.0 547.0 1025.6 535.1 0.74 860
SFIX R,2276030.0,
EFIX R,2276030.0,2276316 288 999.7 576.9 1198
SSACC R,2276318.0,
ESACC R,2276318.0,2276342 26 994.2 582.8 980.9 573.0 0.45 92
SFIX R,2276344.0,
EFIX R,2276344.0,2276650 308 977.8 559.7 1322
SSACC R,2276652.0,
SBLINK R,2276696.0,
EBLINK R,2276696.0,2276850 156
ESACC R,2276652.0,2276924 274 978.5 560.8 1001.9 513.1 1.44 544
SFIX R,2276926.0,
EFIX R,2276926.0,2277596 672 978.4 561.6 1369
SSACC R,2277598.0,
SBLINK R,2277634.0,
EBLINK R,2277634.0,2277758 126
ESACC R,2277598.0,2277828 232 971.6 579.7 1024.3 459.0 3.57 3270
SFIX R,2277830.0,
EFIX R,2277830.0,2278438 610 989.8 551.7 1358
SSACC R,2278440.0,
SBLINK R,2278498.0,
EBLINK R,2278498.0,2278652 156
ESACC R,2278440.0,2278726 288 978.7 564.4 1020.7 453.1 3.22 3270
SFIX R,2278728.0,
EFIX R,2278728.0,2279596 870 975.0 559.5 1220
SSACC R,2279598.0,
SBLINK R,2279640.0,
EBLINK R,2279640.0,2279728 90
ESACC R,2279598.0,2279788 192 963.0 565.9 1015.4 452.6 3.38 3270
SFIX R,2279790.0,
EFIX R,2279790.0,2281570 1782 959.4 560.3 1218
SSACC R,2281572.0,
ESACC R,2281572.0,2281580 10 965.7 562.2 980.8 561.5 0.41 53
SFIX R,2281582.0,
EFIX R,2281582.0,2281666 86 981.5 559.6 1174
SSACC R,2281668.0,
ESACC R,2281668.0,2281678 12 980.7 559.9 956.1 560.5 0.67 72
SFIX R,2281680.0,
EFIX R,2281680.0,2281874 196 957.6 561.2 1125
SSACC R,2281876.0,
ESACC R,2281876.0,2281882 8 960.7 557.3 972.6 556.1 0.32 53
SFIX R,2281884.0,
EFIX R,2281884.0,2283206 1324 970.9 553.3 1038
SSACC R,2283208.0,
SBLINK R,2283248.0,
EBLINK R,2283248.0,2283402 156
ESACC R,2283208.0,2283496 290 964.9 563.2 1043.7 442.5 3.90 3270
SFIX R,2283498.0,
EFIX R,2283498.0,2284206 710 987.2 566.8 1129
SSACC R,2284208.0,
ESACC R,2284208.0,2284216 10 970.6 579.0 983.8 563.9 0.54 69
SFIX R,2284218.0,
EFIX R,2284218.0,2284442 226 981.6 561.6 1030
SSACC R,2284444.0,
ESACC R,2284444.0,2284456 14 980.4 557.9 955.6 547.4 0.73 74
SFIX R,2284458.0,
EFIX R,2284458.0,2284694 238 963.9 555.2 1018
SSACC R,2284696.0,
ESACC R,2284696.0,2284704 10 970.4 551.8 982.2 555.6 0.34 44
SFIX R,2284706.0,
EFIX R,2284706.0,2285444 740 977.3 562.7 1071
SSACC R,2285446.0,
SBLINK R,2285500.0,
EBLINK R,2285500.0,2285578 80
ESACC R,2285446.0,2285724 280 977.3 577.1 1028.8 456.4 3.56 3270
SFIX R,2285726.0,
EFIX R,2285726.0,2286600 876 988.4 555.5 1075
SSACC R,2286602.0,
SBLINK R,2286646.0,
EBLINK R,2286646.0,2286770 126
ESACC R,2286602.0,2286838 238 968.1 582.2 1031.6 481.9 3.22 3270
SFIX R,2286840.0,
EFIX R,2286840.0,2287462 624 987.8 575.8 1021
SSACC R,2287464.0,
ESACC R,2287464.0,2287474 12 995.4 578.7 973.7 572.0 0.62 67
SFIX R,2287476.0,
EFIX R,2287476.0,2287710 236 965.5 576.0 1014
SSACC R,2287712.0,
ESACC R,2287712.0,2287724 14 970.2 575.3 994.9 573.0 0.67 65
SFIX R,2287726.0,
EFIX R,2287726.0,2287872 148 1004.4 575.9 1053
SSACC R,2287874.0,
ESACC R,2287874.0,2287882 10 1001.9 573.0 987.0 567.3 0.43 52
SFIX R,2287884.0,
EFIX R,2287884.0,2288176 294 983.2 564.6 1062
SSACC R,2288178.0,
ESACC R,2288178.0,2288182 6 983.5 560.1 980.4 555.4 0.15 38
SFIX R,2288184.0,
EFIX R,2288184.0,2289010 828 968.3 550.7 970
SSACC R,2289012.0,
ESACC R,2289012.0,2289024 14 961.0 550.1 983.1 550.9 0.60 52
SFIX R,2289026.0,
EFIX R,2289026.0,2289244 220 983.6 549.5 870
SSACC R,2289246.0,
ESACC R,2289246.0,2289254 10 980.0 547.8 968.8 540.3 0.37 46
SFIX R,2289256.0,
EFIX R,2289256.0,2289420 166 963.8 548.3 851
SSACC R,2289422.0,
ESACC R,2289422.0,2289428 8 970.2 545.6 980.7 543.1 0.29 43
SFIX R,2289430.0,
EFIX R,2289430.0,2290158 730 970.3 546.8 959
SSACC R,2290160.0,
ESACC R,2290160.0,2290192 34 966.4 556.3 1004.3 447.2 3.13 127
SFIX R,2290194.0,
EFIX R,2290194.0,2292012 1820 977.8 542.7 1025
SSACC R,2292014.0,
ESACC R,2292014.0,2292022 10 958.9 573.8 971.1 560.4 0.49 59
SFIX R,2292024.0,
EFIX R,2292024.0,2292650 628 959.6 555.8 1019
SSACC R,2292652.0,
ESACC R,2292652.0,2292660 10 951.3 566.8 966.8 560.2 0.46 54
SFIX R,2292662.0,
EFIX R,2292662.0,2292896 236 962.1 564.6 1080
SSACC R,2292898.0,
ESACC R,2292898.0,2292968 72 961.7 554.3 1024.4 409.5 4.27 308
SFIX R,2292970.0,
EFIX R,2292970.0,2293012 44 1032.8 412.7 1254
SSACC R,2293014.0,
ESACC R,2293014.0,2293018 6 1041.1 405.3 1043.1 394.2 0.30 63
SFIX R,2293020.0,
EFIX R,2293020.0,2293062 44 1050.5 364.7 1312
SSACC R,2293064.0,
ESACC R,2293064.0,2293108 46 1057.7 334.6 1026.7 445.9 3.11 336
SFIX R,2293110.0,
EFIX R,2293110.0,2293814 706 993.4 494.0 1096
SSACC R,2293816.0,
ESACC R,2293816.0,2293828 14 978.0 541.6 998.0 536.8 0.56 54
SFIX R,2293830.0,
EFIX R,2293830.0,2296050 2222 981.0 538.2 769
SSACC R,2296052.0,
ESACC R,2296052.0,2296058 8 973.3 587.2 975.8 572.2 0.41 65
SFIX R,2296060.0,
EFIX R,2296060.0,2296086 28 978.3 568.0 729
SSACC R,2296088.0,
ESACC R,2296088.0,2296094 8 980.8 559.8 984.6 547.1 0.36 57
SFIX R,2296096.0,
EFIX R,2296096.0,2296852 758 974.8 547.8 764
SSACC R,2296854.0,
ESACC R,2296854.0,2296872 20 966.6 574.3 978.7 542.1 0.93 92
SFIX R,2296874.0,
EFIX R,2296874.0,2297442 570 967.4 560.3 933
SSACC R,2297444.0,
ESACC R,2297444.0,2297454 12 964.5 560.5 978.5 545.4 0.56 58
SFIX R,2297456.0,
EFIX R,2297456.0,2297824 370 977.5 552.0 986
SSACC R,2297826.0,
ESACC R,2297826.0,2297838 14 977.0 556.8 995.3 546.9 0.56 53
SFIX R,2297840.0,
EFIX R,2297840.0,2298072 234 995.9 557.7 1112
SSACC R,2298074.0,
ESACC R,2298074.0,2298112 40 995.3 563.8 1015.8 459.8 2.87 104
SFIX R,2298114.0,
EFIX R,2298114.0,2298744 632 964.3 534.7 1210
SSACC R,2298746.0,
ESACC R,2298746.0,2298758 14 946.4 565.4 969.2 554.0 0.69 61
SFIX R,2298760.0,
EFIX R,2298760.0,2299030 272 972.0 559.6 1091
SSACC R,2299032.0,
ESACC R,2299032.0,2299050 20 969.9 563.5 935.9 547.5 1.02 79
SFIX R,2299052.0,
EFIX R,2299052.0,2299214 164 946.3 547.8 1092
SSACC R,2299216.0,
ESACC R,2299216.0,2299230 16 952.7 548.2 980.1 551.5 0.75 70
SFIX R,2299232.0,
EFIX R,2299232.0,2300104 874 983.0 507.2 1124
SSACC R,2300106.0,
SBLINK R,2300190.0,
EBLINK R,2300190.0,2300342 154
ESACC R,2300106.0,2300464 360 1002.3 442.8 1056.2 424.3 1.54 3270
SFIX R,2300466.0,
EFIX R,2300466.0,2300502 38 1049.4 415.9 1080
SSACC R,2300504.0,
ESACC R,2300504.0,2300510 8 1043.3 423.1 1040.0 433.9 0.31 58
SFIX R,2300512.0,
EFIX R,2300512.0,2300766 256 1016.5 530.6 1010
SSACC R,2300768.0,
ESACC R,2300768.0,2300780 14 1005.8 567.7 999.3 543.6 0.68 63
SFIX R,2300782.0,
EFIX R,2300782.0,2300936 156 993.3 549.9 923
SSACC R,2300938.0,
ESACC R,2300938.0,2300946 10 992.4 546.2 998.0 531.1 0.44 50
SFIX R,2300948.0,
EFIX R,2300948.0,2301304 358 997.0 512.5 830
SSACC R,2301306.0,
ESACC R,2301306.0,2301314 10 986.5 529.7 998.1 535.3 0.35 45
SFIX R,2301316.0,
EFIX R,2301316.0,2301814 500 996.7 555.6 897
SSACC R,2301816.0,
ESACC R,2301816.0,2301836 22 985.9 564.5 978.1 527.8 1.02 127
SFIX R,2301838.0,
EFIX R,2301838.0,2302384 548 972.8 531.2 971
SSACC R,2302386.0,
ESACC R,2302386.0,2302404 20 973.3 528.7 1024.3 528.5 1.38 125
SFIX R,2302406.0,
EFIX R,2302406.0,2303050 646 1017.8 531.4 1124
SSACC R,2303052.0,
ESACC R,2303052.0,2303070 20 1015.5 535.0 970.1 527.7 1.25 116
SFIX R,2303072.0,
EFIX R,2303072.0,2303330 260 972.5 530.9 1106
SSACC R,2303332.0,
ESACC R,2303332.0,2303356 26 969.1 530.9 995.3 535.7 0.72 128
SFIX R,2303358.0,
EFIX R,2303358.0,2303752 396 995.6 539.2 1113
SSACC R,2303754.0,
ESACC R,2303754.0,2303872 120 996.1 543.5 1040.7 487.0 1.95 546
SFIX R,2303874.0,
EFIX R,2303874.0,2303914 42 1036.3 478.5 1224
SSACC R,2303916.0,
ESACC R,2303916.0,2303922 8 1027.9 488.9 1024.8 500.3 0.32 50
SFIX R,2303924.0,
EFIX R,2303924.0,2305120 1198 989.5 553.8 998
SSACC R,2305122.0,
ESACC R,2305122.0,2305130 10 980.6 545.2 992.6 542.7 0.33 41
SFIX R,2305132.0,
EFIX R,2305132.0,2305512 382 986.6 540.7 838
SSACC R,2305514.0,
ESACC R,2305514.0,2305522 10 981.8 546.4 995.6 547.9 0.38 45
SFIX R,2305524.0,
EFIX R,2305524.0,2305614 92 1014.2 547.2 886
SSACC R,2305616.0,
ESACC R,2305616.0,2305776 162 1025.7 538.0 1037.3 455.0 2.27 583
SFIX R,2305778.0,
EFIX R,2305778.0,2305810 34 1027.7 450.2 1058
SSACC R,2305812.0,
ESACC R,2305812.0,2305816 6 1014.9 468.1 1011.3 474.9 0.21 54
SFIX R,2305818.0,
EFIX R,2305818.0,2306240 424 977.1 544.6 979
SSACC R,2306242.0,
ESACC R,2306242.0,2306258 18 971.3 553.8 1002.5 528.9 1.08 103
SFIX R,2306260.0,
EFIX R,2306260.0,2307108 850 983.6 546.2 908
SSACC R,2307110.0,
SBLINK R,2307198.0,
EBLINK R,2307198.0,2307348 152
ESACC R,2307110.0,2307450 342 983.5 558.7 1056.4 434.3 3.90 3270
SFIX R,2307452.0,
EFIX R,2307452.0,2307842 392 1009.4 529.6 953
SSACC R,2307844.0,
ESACC R,2307844.0,2308016 174 989.5 556.8 1049.6 412.0 4.24 548
SFIX R,2308018.0,
EFIX R,2308018.0,2308366 350 997.5 509.3 806
SSACC R,2308368.0,
ESACC R,2308368.0,2308378 12 978.0 538.6 996.6 541.5 0.51 54
SFIX R,2308380.0,
EFIX R,2308380.0,2308892 514 999.8 539.2 919
SSACC R,2308894.0,
ESACC R,2308894.0,2308900 8 992.2 521.7 1003.8 516.7 0.34 53
SFIX R,2308902.0,
EFIX R,2308902.0,2309436 536 1009.3 511.3 979
SSACC R,2309438.0,
ESACC R,2309438.0,2309712 276 1010.7 470.8 1065.3 407.5 2.26 3270
SFIX R,2309714.0,
EFIX R,2309714.0,2310282 570 1018.5 540.1 917
SSACC R,2310284.0,
ESACC R,2310284.0,2310304 22 1006.3 558.5 977.0 527.6 1.15 97
SFIX R,2310306.0,
EFIX R,2310306.0,2310872 568 968.4 531.4 797
SSACC R,2310874.0,
ESACC R,2310874.0,2310886 14 959.7 542.6 986.3 540.1 0.72 62
SFIX R,2310888.0,
EFIX R,2310888.0,2311822 936 980.0 551.2 1045
SSACC R,2311824.0,
SBLINK R,2311896.0,
EBLINK R,2311896.0,2312058 164
ESACC R,2311824.0,2312130 308 983.9 558.4 1081.1 462.6 3.69 3270
SFIX R,2312132.0,
EFIX R,2312132.0,2312288 158 1054.9 542.2 1209
SSACC R,2312290.0,
ESACC R,2312290.0,2312306 18 1037.1 572.9 994.0 557.2 1.24 101
SFIX R,2312308.0,
EFIX R,2312308.0,2313086 780 973.3 567.6 954
SSACC R,2313088.0,
ESACC R,2313088.0,2313098 12 961.8 565.7 981.7 556.8 0.59 62
SFIX R,2313100.0,
EFIX R,2313100.0,2313786 688 988.3 552.2 952
SSACC R,2313788.0,
ESACC R,2313788.0,2313794 8 996.9 551.6 985.5 547.1 0.33 50
SFIX R,2313796.0,
EFIX R,2313796.0,2315912 2118 986.4 545.9 974
SSACC R,2315914.0,
ESACC R,2315914.0,2315932 20 975.0 545.1 1002.6 540.4 0.76 89
SFIX R,2315934.0,
EFIX R,2315934.0,2316154 222 997.0 542.5 1001
SSACC R,2316156.0,
ESACC R,2316156.0,2316168 14 993.3 538.3 970.0 541.4 0.64 61
SFIX R,2316170.0,
EFIX R,2316170.0,2316810 642 969.1 550.2 1186
SSACC R,2316812.0,
SBLINK R,2316976.0,
EBLINK R,2316976.0,2316980 6
ESACC R,2316812.0,2317148 338 968.4 546.0 1062.1 487.3 2.99 3270
SFIX R,2317150.0,
EFIX R,2317150.0,2317212 64 1067.4 427.6 1307
SSACC R,2317214.0,
ESACC R,2317214.0,2317228 16 1067.4 384.4 1066.4 357.9 0.71 91
SFIX R,2317230.0,
EFIX R,2317230.0,2317316 88 1071.0 354.5 1435
SSACC R,2317318.0,
ESACC R,2317318.0,2317344 28 1078.5 341.5 1038.6 482.9 3.97 442
SFIX R,2317346.0,
EFIX R,2317346.0,2317712 368 1003.2 525.4 1242
SSACC R,2317714.0,
ESACC R,2317714.0,2317850 138 986.8 551.4 1047.6 450.0 3.20 564
SFIX R,2317852.0,
EFIX R,2317852.0,2318058 208 1016.8 494.0 1019
SSACC R,2318060.0,
ESACC R,2318060.0,2318068 10 1000.4 512.4 983.6 512.2 0.46 54
SFIX R,2318070.0,
EFIX R,2318070.0,2318218 150 976.7 525.2 977
SSACC R,2318220.0,
ESACC R,2318220.0,2318238 20 974.5 529.2 1001.6 517.5 0.80 55
SFIX R,2318240.0,
EFIX R,2318240.0,2319074 836 1017.0 527.5 1143
SSACC R,2319076.0,
SBLINK R,2319194.0,
EBLINK R,2319194.0,2319362 170
ESACC R,2319076.0,2319454 380 1065.3 534.4 1041.5 428.3 2.94 3270
SFIX R,2319456.0,
EFIX R,2319456.0,2319624 170 996.0 508.6 1029
SSACC R,2319626.0,
ESACC R,2319626.0,2319636 12 989.2 562.2 1009.3 553.4 0.59 64
SFIX R,2319638.0,
EFIX R,2319638.0,2319908 272 1009.7 567.3 961
SSACC R,2319910.0,
ESACC R,2319910.0,2319920 12 1006.9 566.8 1001.7 551.3 0.44 46
SFIX R,2319922.0,
EFIX R,2319922.0,2320314 394 1000.4 527.7 744
SSACC R,2320316.0,
ESACC R,2320316.0,2320336 22 1028.7 453.1 1036.2 396.5 1.54 90
SFIX R,2320338.0,
EFIX R,2320338.0,2320360 24 1041.4 397.7 841
SSACC R,2320362.0,
ESACC R,2320362.0,2320408 48 1048.1 410.1 1043.5 388.8 0.59 738
SFIX R,2320410.0,
EFIX R,2320410.0,2321206 798 993.0 516.5 909
SSACC R,2321208.0,
ESACC R,2321208.0,2321228 22 973.3 582.2 1010.7 547.7 1.38 105
SFIX R,2321230.0,
EFIX R,2321230.0,2321610 382 997.5 554.1 875
SSACC R,2321612.0,
ESACC R,2321612.0,2321618 8 999.0 543.4 1004.4 532.2 0.34 49
SFIX R,2321620.0,
EFIX R,2321620.0,2321722 104 1035.0 480.3 929
SSACC R,2321724.0,
ESACC R,2321724.0,2322042 320 1059.8 420.4 1027.3 407.4 0.95 3270
SFIX R,2322044.0,
EFIX R,2322044.0,2322420 378 1000.1 505.6 916
SSACC R,2322422.0,
ESACC R,2322422.0,2322432 12 997.0 537.6 1011.8 526.6 0.50 58
SFIX R,2322434.0,
EFIX R,2322434.0,2322604 172 1016.2 537.3 843
SSACC R,2322606.0,
ESACC R,2322606.0,2322614 10 1011.7 536.7 995.6 527.8 0.50 59
SFIX R,2322616.0,
EFIX R,2322616.0,2323332 718 976.2 560.5 858
SSACC R,2323334.0,
ESACC R,2323334.0,2323352 20 968.1 579.4 1001.6 547.3 1.26 104
SFIX R,2323354.0,
EFIX R,2323354.0,2323848 496 993.5 550.3 1018
SSACC R,2323850.0,
ESACC R,2323850.0,2323866 18 997.7 553.5 1030.4 547.5 0.90 64
SFIX R,2323868.0,
EFIX R,2323868.0,2324048 182 1028.2 552.9 1117
SSACC R,2324050.0,
ESACC R,2324050.0,2324064 16 1027.9 554.6 996.3 546.7 0.88 77
SFIX R,2324066.0,
EFIX R,2324066.0,2324276 212 1001.9 557.1 1156
SSACC R,2324278.0,
ESACC R,2324278.0,2324292 16 1005.8 557.1 1038.0 560.5 0.88 72
SFIX R,2324294.0,
EFIX R,2324294.0,2324438 146 1044.1 555.0 1179
SSACC R,2324440.0,
SBLINK R,2324520.0,
EBLINK R,2324520.0,2324678 160
ESACC R,2324440.0,2324760 322 1050.8 542.4 1100.9 440.8 3.06 3270
SFIX R,2324762.0,
EFIX R,2324762.0,2324890 130 1078.5 486.3 1222
SSACC R,2324892.0,
ESACC R,2324892.0,2324902 12 1060.7 507.5 1038.7 507.2 0.60 65
SFIX R,2324904.0,
EFIX R,2324904.0,2325686 784 1014.2 525.9 1009
SSACC R,2325688.0,
ESACC R,2325688.0,2325694 8 996.0 538.0 1003.3 537.1 0.20 36
SFIX R,2325696.0,
EFIX R,2325696.0,2326466 772 987.4 556.1 919
SSACC R,2326468.0,
ESACC R,2326468.0,2326484 18 979.7 559.9 1006.1 530.3 1.07 106
SFIX R,2326486.0,
EFIX R,2326486.0,2327818 1334 988.7 536.7 1040
SSACC R,2327820.0,
ESACC R,2327820.0,2327832 14 984.3 546.6 1015.1 542.1 0.84 86
SFIX R,2327834.0,
EFIX R,2327834.0,2328060 228 1017.5 542.3 1177
SSACC R,2328062.0,
ESACC R,2328062.0,2328080 20 1015.2 539.5 973.7 530.5 1.15 115
SFIX R,2328082.0,
EFIX R,2328082.0,2328640 560 980.3 528.8 1250
SSACC R,2328642.0,
ESACC R,2328642.0,2328908 268 974.8 527.8 1040.0 451.4 2.72 3270
SFIX R,2328910.0,
EFIX R,2328910.0,2329098 190 1009.9 521.6 1288
SSACC R,2329100.0,
ESACC R,2329100.0,2329108 10 999.7 545.2 984.6 539.5 0.44 53
SFIX R,2329110.0,
EFIX R,2329110.0,2329382 274 986.1 551.3 1198
SSACC R,2329384.0,
ESACC R,2329384.0,2329394 12 989.4 549.5 1008.4 538.1 0.60 63
SFIX R,2329396.0,
EFIX R,2329396.0,2330330 936 1000.3 542.1 1014
SSACC R,2330332.0,
SBLINK R,2330408.0,
EBLINK R,2330408.0,2330526 120
ESACC R,2330332.0,2330638 308 998.6 542.3 1045.3 441.6 3.00 3270
SFIX R,2330640.0,
EFIX R,2330640.0,2331186 548 1006.0 517.7 1239
SSACC R,2331188.0,
ESACC R,2331188.0,2331192 6 1014.0 550.3 1009.0 545.9 0.18 43
SFIX R,2331194.0,
EFIX R,2331194.0,2332592 1400 1000.7 533.4 1073
SSACC R,2332594.0,
SBLINK R,2332652.0,
EBLINK R,2332652.0,2332762 112
ESACC R,2332594.0,2332846 254 995.5 548.0 1049.9 468.1 2.62 3270
SFIX R,2332848.0,
EFIX R,2332848.0,2333956 1110 998.9 540.3 1068
SSACC R,2333958.0,
SBLINK R,2334022.0,
EBLINK R,2334022.0,2334128 108
ESACC R,2333958.0,2334236 280 989.5 547.4 1068.6 467.0 3.05 3270
SFIX R,2334238.0,
EFIX R,2334238.0,2334934 698 1015.5 548.1 1374
SSACC R,2334936.0,
ESACC R,2334936.0,2334952 18 992.8 575.2 949.8 566.3 1.19 112
SFIX R,2334954.0,
EFIX R,2334954.0,2335180 228 950.5 563.7 1323
SSACC R,2335182.0,
ESACC R,2335182.0,2335198 18 949.3 560.9 988.9 560.9 1.07 91
SFIX R,2335200.0,
EFIX R,2335200.0,2335398 200 978.0 559.3 1328
SSACC R,2335400.0,
SBLINK R,2335494.0,
EBLINK R,2335494.0,2335708 216
ESACC R,2335400.0,2335842 444 984.4 540.3 1037.8 477.7 2.23 3270
SFIX R,2335844.0,
EFIX R,2335844.0,2336600 758 997.4 527.0 1311
SSACC R,2336602.0,
ESACC R,2336602.0,2336608 8 975.1 557.2 985.0 555.7 0.27 41
SFIX R,2336610.0,
EFIX R,2336610.0,2337204 596 994.6 546.6 815
SSACC R,2337206.0,
ESACC R,2337206.0,2337210 6 993.8 551.6 987.5 552.0 0.17 39
SFIX R,2337212.0,
EFIX R,2337212.0,2339172 1962 990.0 534.2 962
SSACC R,2339174.0,
ESACC R,2339174.0,2339186 14 998.1 554.2 997.0 523.0 0.85 82
SFIX R,2339188.0,
EFIX R,2339188.0,2339420 234 987.6 529.7 648
SSACC R,2339422.0,
SBLINK R,2339450.0,
EBLINK R,2339450.0,2339574 126
ESACC R,2339422.0,2339640 220 970.1 567.6 1056.3 469.4 3.54 3270
SFIX R,2339642.0,
EFIX R,2339642.0,2340398 758 1002.5 530.9 755
SSACC R,2340400.0,
SBLINK R,2340464.0,
EBLINK R,2340464.0,2340532 70
ESACC R,2340400.0,2340632 234 986.0 562.9 1056.9 445.5 3.71 3270
SFIX R,2340634.0,
EFIX R,2340634.0,2340832 200 1017.4 507.5 1013
SSACC R,2340834.0,
ESACC R,2340834.0,2340842 10 999.0 540.9 1010.9 545.7 0.35 42
SFIX R,2340844.0,
EFIX R,2340844.0,2341040 198 1008.1 550.1 1052
SSACC R,2341042.0,
ESACC R,2341042.0,2341050 10 1003.7 546.8 987.4 546.4 0.44 55
SFIX R,2341052.0,
EFIX R,2341052.0,2341566 516 981.2 558.9 988
SSACC R,2341568.0,
ESACC R,2341568.0,2341578 12 976.6 563.2 990.5 547.9 0.56 59
SFIX R,2341580.0,
EFIX R,2341580.0,2341828 250 988.3 552.6 915
SSACC R,2341830.0,
ESACC R,2341830.0,2341834 6 992.4 544.0 998.4 539.3 0.21 43
SFIX R,2341836.0,
EFIX R,2341836.0,2342010 176 1003.4 538.7 893
SSACC R,2342012.0,
ESACC R,2342012.0,2342024 14 996.8 536.3 969.1 533.2 0.76 74
SFIX R,2342026.0,
EFIX R,2342026.0,2342388 364 973.2 545.6 1015
SSACC R,2342390.0,
ESACC R,2342390.0,2342414 26 969.6 547.6 983.3 541.3 0.41 89
SFIX R,2342416.0,
EFIX R,2342416.0,2343260 846 980.6 532.5 1093
SSACC R,2343262.0,
ESACC R,2343262.0,2343278 18 980.1 538.9 1030.1 546.1 1.37 121
SFIX R,2343280.0,
EFIX R,2343280.0,2343434 156 1026.3 545.1 1227
SSACC R,2343436.0,
SBLINK R,2343484.0,
EBLINK R,2343484.0,2343666 184
ESACC R,2343436.0,2343732 298 1028.1 543.9 1033.4 461.5 2.24 3270
SFIX R,2343734.0,
EFIX R,2343734.0,2344320 588 991.1 552.1 1280
SSACC R,2344322.0,
ESACC R,2344322.0,2344338 18 975.4 551.7 1017.4 544.8 1.15 102
SFIX R,2344340.0,
EFIX R,2344340.0,2344828 490 1006.1 555.4 1059
SSACC R,2344830.0,
ESACC R,2344830.0,2344846 18 999.6 554.3 954.7 543.8 1.25 120
SFIX R,2344848.0,
EFIX R,2344848.0,2345084 238 960.9 545.8 1166
SSACC R,2345086.0,
ESACC R,2345086.0,2345102 18 967.0 545.2 1004.4 546.7 1.01 85
SFIX R,2345104.0,
EFIX R,2345104.0,2345410 308 993.5 549.3 1145
SSACC R,2345412.0,
ESACC R,2345412.0,2345436 26 988.2 549.6 954.3 544.8 0.93 122
SFIX R,2345438.0,
EFIX R,2345438.0,2345636 200 948.2 547.6 1198
SSACC R,2345638.0,
ESACC R,2345638.0,2345646 10 948.3 547.1 964.8 545.8 0.45 56
SFIX R,2345648.0,
EFIX R,2345648.0,2345696 50 975.4 547.1 1194
SSACC R,2345698.0,
ESACC R,2345698.0,2346010 314 981.1 544.4 1051.6 461.0 2.96 580
SFIX R,2346012.0,
EFIX R,2346012.0,2346054 44 1042.6 448.9 1239
SSACC R,2346056.0,
ESACC R,2346056.0,2346060 6 1034.1 453.4 1028.3 462.4 0.29 54
SFIX R,2346062.0,
EFIX R,2346062.0,2346498 438 1013.3 524.9 1175
SSACC R,2346500.0,
ESACC R,2346500.0,2346510 12 1012.6 555.3 992.7 552.7 0.54 57
SFIX R,2346512.0,
EFIX R,2346512.0,2346888 378 981.6 558.8 1044
SSACC R,2346890.0,
ESACC R,2346890.0,2346900 12 977.0 558.8 997.7 553.8 0.58 60
SFIX R,2346902.0,
EFIX R,2346902.0,2347314 414 1001.2 559.1 948
SSACC R,2347316.0,
ESACC R,2347316.0,2347324 10 1000.2 552.9 989.0 540.3 0.46 59
SFIX R,2347326.0,
EFIX R,2347326.0,2347686 362 986.5 543.6 915
SSACC R,2347688.0,
ESACC R,2347688.0,2347704 18 984.5 550.6 1028.8 543.1 1.22 104
SFIX R,2347706.0,
EFIX R,2347706.0,2347862 158 1024.9 551.0 1016
SSACC R,2347864.0,
ESACC R,2347864.0,2347876 14 1016.7 554.5 994.2 552.1 0.61 67
SFIX R,2347878.0,
EFIX R,2347878.0,2348044 168 997.7 552.1 1086
SSACC R,2348046.0,
ESACC R,2348046.0,2348054 10 995.9 551.3 976.1 544.1 0.57 71
SFIX R,2348056.0,
EFIX R,2348056.0,2348250 196 964.7 550.6 1110
SSACC R,2348252.0,
ESACC R,2348252.0,2348262 12 967.1 556.2 989.4 559.2 0.61 68
SFIX R,2348264.0,
EFIX R,2348264.0,2349802 1540 988.3 555.9 1093
SSACC R,2349804.0,
ESACC R,2349804.0,2349812 10 989.1 541.7 977.1 537.4 0.35 43
SFIX R,2349814.0,
EFIX R,2349814.0,2349974 162 974.9 539.8 1089
SSACC R,2349976.0,
SBLINK R,2350078.0,
EBLINK R,2350078.0,2350082 6
ESACC R,2349976.0,2350238 264 982.5 539.3 1029.4 506.4 1.55 3270
SFIX R,2350240.0,
EFIX R,2350240.0,2352056 1818 988.5 553.4 886
SSACC R,2352058.0,
ESACC R,2352058.0,2352072 16 970.4 567.0 1006.4 549.6 1.08 95
SFIX R,2352074.0,
EFIX R,2352074.0,2352118 46 1009.6 545.9 950
SSACC R,2352120.0,
ESACC R,2352120.0,2352226 108 1013.9 541.7 1081.2 464.8 2.77 467
SFIX R,2352228.0,
EFIX R,2352228.0,2352250 24 1083.4 467.1 1042
SSACC R,2352252.0,
ESACC R,2352252.0,2352332 82 1088.0 467.5 1041.3 460.9 1.28 554
SFIX R,2352334.0,
EFIX R,2352334.0,2352748 416 993.3 519.4 1011
SSACC R,2352750.0,
ESACC R,2352750.0,2352762 14 983.1 539.8 1005.8 549.5 0.67 58
SFIX R,2352764.0,
EFIX R,2352764.0,2352908 146 1005.5 553.5 1012
SSACC R,2352910.0,
ESACC R,2352910.0,2352916 8 997.7 552.2 987.5 546.2 0.32 49
SFIX R,2352918.0,
EFIX R,2352918.0,2353584 668 980.6 550.9 923
SSACC R,2353586.0,
ESACC R,2353586.0,2353600 16 975.2 560.4 1002.6 546.2 0.84 76
SFIX R,2353602.0,
EFIX R,2353602.0,2354924 1324 985.3 544.3 985
SSACC R,2354926.0,
ESACC R,2354926.0,2354936 12 978.8 551.5 997.2 550.9 0.50 53
SFIX R,2354938.0,
EFIX R,2354938.0,2354956 20 1001.8 546.3 1084
SSACC R,2354958.0,
SBLINK R,2355016.0,
EBLINK R,2355016.0,2355160 146
ESACC R,2354958.0,2355250 294 1005.2 534.4 1049.0 468.6 2.14 3270
SFIX R,2355252.0,
EFIX R,2355252.0,2355556 306 1014.0 508.1 1074
SSACC R,2355558.0,
ESACC R,2355558.0,2355572 16 1001.3 535.9 969.4 546.0 0.91 85
SFIX R,2355574.0,
EFIX R,2355574.0,2358572 3000 991.7 531.7 857
SSACC R,2358574.0,
SBLINK R,2358706.0,
EBLINK R,2358706.0,2358986 282
ESACC R,2358574.0,2358994 422 1010.0 506.1 1086.2 305.6 5.78 3270
SFIX R,2358996.0,
EFIX R,2358996.0,2360202 1208 1024.6 435.1 921
SSACC R,2360204.0,
SBLINK R,2360214.0,
EBLINK R,2360214.0,2360380 168
ESACC R,2360204.0,2360388 186 1090.9 322.4 1129.1 314.8 1.05 511
SFIX R,2360390.0,
EFIX R,2360390.0,2360830 442 1034.5 540.4 837
SSACC R,2360832.0,
ESACC R,2360832.0,2360864 34 1020.6 579.2 1005.8 510.5 1.90 337
SFIX R,2360866.0,
EFIX R,2360866.0,2361858 994 993.4 512.5 869
SSACC R,2361860.0,
ESACC R,2361860.0,2362194 336 1016.8 475.4 1067.9 466.2 1.41 3270
SFIX R,2362196.0,
EFIX R,2362196.0,2362266 72 1062.9 473.1 1297
SSACC R,2362268.0,
ESACC R,2362268.0,2362294 28 1061.3 477.8 1056.1 470.9 0.23 152
SFIX R,2362296.0,
EFIX R,2362296.0,2362396 102 1050.4 461.5 1354
SSACC R,2362398.0,
ESACC R,2362398.0,2362406 10 1048.6 455.7 1030.8 447.1 0.53 63
SFIX R,2362408.0,
EFIX R,2362408.0,2362810 404 1032.3 453.6 1361
SSACC R,2362812.0,
ESACC R,2362812.0,2362824 14 1041.1 448.7 1053.9 453.6 0.37 50
SFIX R,2362826.0,
EFIX R,2362826.0,2363878 1054 1051.5 449.1 1284
SSACC R,2363880.0,
ESACC R,2363880.0,2364458 580 1050.5 443.2 1051.6 428.9 0.39 427
SFIX R,2364460.0,
EFIX R,2364460.0,2365672 1214 1008.1 502.4 812
SSACC R,2365674.0,
ESACC R,2365674.0,2365680 8 1003.6 527.3 995.9 523.4 0.23 39
SFIX R,2365682.0,
EFIX R,2365682.0,2366028 348 986.3 538.8 724
SSACC R,2366030.0,
SBLINK R,2366066.0,
EBLINK R,2366066.0,2366150 86
ESACC R,2366030.0,2366170 142 987.4 547.3 1037.5 427.9 3.50 173
SFIX R,2366172.0,
EFIX R,2366172.0,2366512 342 1002.1 495.2 767
SSACC R,2366514.0,
ESACC R,2366514.0,2366522 10 993.8 515.9 1006.1 504.1 0.46 58
SFIX R,2366524.0,
EFIX R,2366524.0,2366944 422 999.8 509.7 878
SSACC R,2366946.0,
ESACC R,2366946.0,2366950 6 996.1 521.4 1001.7 524.9 0.18 45
SFIX R,2366952.0,
EFIX R,2366952.0,2367294 344 1011.2 524.1 869
SSACC R,2367296.0,
ESACC R,2367296.0,2367308 14 1016.4 499.3 1023.8 471.8 0.77 75
SFIX R,2367310.0,
EFIX R,2367310.0,2367346 38 1034.0 449.7 959
SSACC R,2367348.0,
SBLINK R,2367504.0,
EBLINK R,2367504.0,2367526 24
ESACC R,2367348.0,2367712 366 1048.2 441.8 1091.7 372.9 2.20 3270
SFIX R,2367714.0,
EFIX R,2367714.0,2367772 60 1081.4 364.2 1022
SSACC R,2367774.0,
SBLINK R,2367986.0,
EBLINK R,2367986.0,2368046 62
ESACC R,2367774.0,2368118 346 1067.4 368.4 1038.5 428.2 1.79 199
SFIX R,2368120.0,
EFIX R,2368120.0,2368550 432 1032.8 482.1 962
SSACC R,2368552.0,
ESACC R,2368552.0,2368570 20 1041.4 488.4 1037.0 435.3 1.44 135
SFIX R,2368572.0,
EFIX R,2368572.0,2370014 1444 1020.8 482.9 934
SSACC R,2370016.0,
SBLINK R,2370162.0,
EBLINK R,2370162.0,2370170 10
ESACC R,2370016.0,2370256 242 1041.9 445.9 1135.1 417.3 2.63 3270
SFIX R,2370258.0,
EFIX R,2370258.0,2370318 62 1128.3 370.2 1061
SSACC R,2370320.0,
SBLINK R,2370606.0,
EBLINK R,2370606.0,2370868 264
ESACC R,2370320.0,2370942 624 1131.2 328.1 1076.3 426.6 3.03 3270
SFIX R,2370944.0,
EFIX R,2370944.0,2371940 998 1017.9 509.8 696
SSACC R,2371942.0,
ESACC R,2371942.0,2371974 34 997.1 574.8 1022.0 524.1 1.53 127
SFIX R,2371976.0,
EFIX R,2371976.0,2372160 186 1015.1 544.8 504
SSACC R,2372162.0,
ESACC R,2372162.0,2372176 16 1010.9 550.9 1002.2 519.0 0.90 79
SFIX R,2372178.0,
EFIX R,2372178.0,2372412 236 997.7 544.4 532
SSACC R,2372414.0,
ESACC R,2372414.0,2372498 86 993.2 582.1 1028.8 500.1 2.42 134
SFIX R,2372500.0,
EFIX R,2372500.0,2373142 644 996.5 548.9 701
SSACC R,2373144.0,
ESACC R,2373144.0,2373148 6 987.8 569.9 991.8 563.3 0.21 44
SFIX R,2373150.0,
EFIX R,2373150.0,2373178 30 998.8 559.4 688
SSACC R,2373180.0,
ESACC R,2373180.0,2373296 118 1001.6 551.8 3161.7 947.0 38.94 3270
SFIX R,2373298.0,
EFIX R,2373298.0,2373352 56 3181.0 1019.7 204
SSACC R,2373354.0,
SBLINK R,2373440.0,
EBLINK R,2373440.0,2373440 2
ESACC R,2373354.0,2373536 184 3198.4 1089.1 1051.9 445.4 39.79 3270
SFIX R,2373538.0,
EFIX R,2373538.0,2375788 2252 1011.1 464.3 895
SSACC R,2375790.0,
SBLINK R,2375802.0,
EBLINK R,2375802.0,2376222 422
ESACC R,2375790.0,2376240 452 1052.5 415.2 1121.3 455.0 2.15 432
SFIX R,2376242.0,
EFIX R,2376242.0,2376298 58 1114.7 433.3 787
SSACC R,2376300.0,
ESACC R,2376300.0,2376308 10 1113.2 432.2 1113.1 448.0 0.43 50
SFIX R,2376310.0,
EFIX R,2376310.0,2376340 32 1117.6 467.3 812
SSACC R,2376342.0,
ESACC R,2376342.0,2376350 10 1122.6 492.7 1127.7 514.2 0.60 76
SFIX R,2376352.0,
EFIX R,2376352.0,2376564 214 1130.0 601.6 731
SSACC R,2376566.0,
ESACC R,2376566.0,2376588 24 1093.9 647.6 1047.1 547.5 2.99 250
SFIX R,2376590.0,
EFIX R,2376590.0,2376770 182 1027.8 569.1 621
SSACC R,2376772.0,
ESACC R,2376772.0,2376806 36 1028.3 571.3 990.1 468.2 2.98 201
SFIX R,2376808.0,
EFIX R,2376808.0,2377394 588 973.7 519.2 571
SSACC R,2377396.0,
SBLINK R,2377436.0,
EBLINK R,2377436.0,2377512 78
ESACC R,2377396.0,2377576 182 954.3 538.8 1057.7 455.2 3.60 3270
SFIX R,2377578.0,
EFIX R,2377578.0,2378052 476 1024.1 531.6 911
SSACC R,2378054.0,
ESACC R,2378054.0,2378076 24 1008.9 535.5 994.1 560.8 0.79 102
SFIX R,2378078.0,
EFIX R,2378078.0,2378834 758 972.0 547.9 1083
SSACC R,2378836.0,
ESACC R,2378836.0,2378850 16 968.4 548.2 998.8 543.9 0.83 75
SFIX R,2378852.0,
EFIX R,2378852.0,2379180 330 991.0 546.9 1201
SSACC R,2379182.0,
SBLINK R,2379222.0,
EBLINK R,2379222.0,2379334 114
ESACC R,2379182.0,2379398 218 995.0 544.4 1020.2 458.7 2.42 3270
SFIX R,2379400.0,
EFIX R,2379400.0,2379958 560 988.4 554.0 1281
SSACC R,2379960.0,
ESACC R,2379960.0,2379970 12 965.6 577.7 988.8 568.8 0.67 71
SFIX R,2379972.0,
EFIX R,2379972.0,2381412 1442 970.2 566.4 1115
SSACC R,2381414.0,
ESACC R,2381414.0,2381672 260 975.1 567.2 1035.7 475.1 2.99 365
SFIX R,2381674.0,
EFIX R,2381674.0,2382358 686 969.2 564.0 1052
SSACC R,2382360.0,
ESACC R,2382360.0,2382374 16 970.5 569.9 1002.3 561.1 0.89 74
SFIX R,2382376.0,
EFIX R,2382376.0,2382572 198 1007.3 560.3 816
SSACC R,2382574.0,
ESACC R,2382574.0,2382592 20 1004.7 561.6 963.3 547.1 1.19 109
SFIX R,2382594.0,
EFIX R,2382594.0,2383404 812 954.2 546.0 914
SSACC R,2383406.0,
ESACC R,2383406.0,2383424 20 946.8 548.6 986.1 534.7 1.13 103
SFIX R,2383426.0,
EFIX R,2383426.0,2383636 212 977.3 538.5 927
SSACC R,2383638.0,
SBLINK R,2383690.0,
EBLINK R,2383690.0,2383766 78
ESACC R,2383638.0,2383828 192 973.3 534.3 1015.4 456.8 2.39 3270
SFIX R,2383830.0,
EFIX R,2383830.0,2385016 1188 952.5 561.8 1110
SSACC R,2385018.0,
ESACC R,2385018.0,2385030 14 944.1 569.1 972.6 560.4 0.81 74
SFIX R,2385032.0,
EFIX R,2385032.0,2385622 592 959.4 566.7 1162
SSACC R,2385624.0,
ESACC R,2385624.0,2385644 22 953.5 571.0 921.9 560.8 0.90 113
SFIX R,2385646.0,
EFIX R,2385646.0,2385968 324 927.8 558.9 1250
SSACC R,2385970.0,
SBLINK R,2386084.0,
EBLINK R,2386084.0,2386120 38
ESACC R,2385970.0,2386242 274 930.5 556.3 1030.1 485.9 3.31 3270
SFIX R,2386244.0,
EFIX R,2386244.0,2386450 208 988.5 530.1 1277
SSACC R,2386452.0,
ESACC R,2386452.0,2386460 10 970.5 568.6 954.3 559.2 0.51 62
SFIX R,2386462.0,
EFIX R,2386462.0,2386856 396 944.2 564.5 1185
SSACC R,2386858.0,
ESACC R,2386858.0,2386872 16 944.1 569.7 978.1 565.8 0.93 79
SFIX R,2386874.0,
EFIX R,2386874.0,2387098 226 969.0 567.4 956
SSACC R,2387100.0,
ESACC R,2387100.0,2387108 10 960.8 566.2 945.0 565.0 0.43 54
SFIX R,2387110.0,
EFIX R,2387110.0,2387276 168 945.3 569.6 968
SSACC R,2387278.0,
ESACC R,2387278.0,2387294 18 946.2 573.9 981.3 571.2 0.95 82
SFIX R,2387296.0,
EFIX R,2387296.0,2387358 64 977.6 567.2 1014
SSACC R,2387360.0,
SBLINK R,2387436.0,
EBLINK R,2387436.0,2387454 20
ESACC R,2387360.0,2387604 246 980.2 564.6 1013.4 470.3 2.71 3270
SFIX R,2387606.0,
EFIX R,2387606.0,2388192 588 961.5 549.3 1055
SSACC R,2388194.0,
ESACC R,2388194.0,2388208 16 955.9 543.3 984.9 527.9 0.89 76
SFIX R,2388210.0,
EFIX R,2388210.0,2389040 832 976.4 534.1 942
SSACC R,2389042.0,
ESACC R,2389042.0,2389066 26 981.6 534.5 999.4 475.0 1.68 90
SFIX R,2389068.0,
EFIX R,2389068.0,2389104 38 1014.3 452.8 1119
SSACC R,2389106.0,
SBLINK R,2389252.0,
EBLINK R,2389252.0,2389254 4
ESACC R,2389106.0,2389356 252 1032.9 460.8 1047.6 457.6 0.41 3270
SFIX R,2389358.0,
EFIX R,2389358.0,2390028 672 975.5 532.0 965
SSACC R,2390030.0,
ESACC R,2390030.0,2390040 12 971.2 535.3 994.4 533.4 0.63 65
SFIX R,2390042.0,
EFIX R,2390042.0,2390216 176 999.7 534.0 743
SSACC R,2390218.0,
ESACC R,2390218.0,2390232 16 995.5 533.5 964.6 523.0 0.88 80
SFIX R,2390234.0,
EFIX R,2390234.0,2390558 326 978.4 535.1 804
SSACC R,2390560.0,
ESACC R,2390560.0,2390566 8 987.1 534.0 977.7 529.7 0.28 44
SFIX R,2390568.0,
EFIX R,2390568.0,2390622 56 977.0 526.0 874
SSACC R,2390624.0,
ESACC R,2390624.0,2390644 22 979.6 512.6 992.6 458.9 1.50 88
SFIX R,2390646.0,
EFIX R,2390646.0,2390668 24 1007.0 438.9 982
SSACC R,2390670.0,
ESACC R,2390670.0,2390710 42 1028.1 435.2 1086.2 378.2 2.20 593
SFIX R,2390712.0,
EFIX R,2390712.0,2390818 108 1094.3 444.5 977
SSACC R,2390820.0,
ESACC R,2390820.0,2390878 60 1095.1 415.9 1036.5 449.3 1.82 604
SFIX R,2390880.0,
EFIX R,2390880.0,2391676 798 983.7 540.5 827
SSACC R,2391678.0,
ESACC R,2391678.0,2391702 26 971.0 552.1 974.9 529.2 0.63 117
SFIX R,2391704.0,
EFIX R,2391704.0,2391944 242 972.3 529.8 717
SSACC R,2391946.0,
ESACC R,2391946.0,2391960 16 974.7 528.6 990.4 508.6 0.69 51
SFIX R,2391962.0,
EFIX R,2391962.0,2392428 468 994.7 520.8 838
SSACC R,2392430.0,
ESACC R,2392430.0,2392442 14 989.3 528.0 962.4 534.8 0.75 73
SFIX R,2392444.0,
EFIX R,2392444.0,2392606 164 965.1 539.4 961
SSACC R,2392608.0,
ESACC R,2392608.0,2392620 14 966.6 540.7 992.0 546.9 0.71 67
SFIX R,2392622.0,
EFIX R,2392622.0,2392968 348 990.4 533.9 968
SSACC R,2392970.0,
SBLINK R,2393046.0,
EBLINK R,2393046.0,2393230 186
ESACC R,2392970.0,2393326 358 1015.6 479.8 1042.6 418.5 1.81 3270
SFIX R,2393328.0,
EFIX R,2393328.0,2395006 1680 984.7 543.5 850
SSACC R,2395008.0,
ESACC R,2395008.0,2395108 102 969.4 548.0 1081.2 466.9 3.74 513
SFIX R,2395110.0,
EFIX R,2395110.0,2395134 26 1090.7 456.9 1149
SSACC R,2395136.0,
ESACC R,2395136.0,2395168 34 1098.1 442.7 1057.5 497.7 1.85 486
SFIX R,2395170.0,
EFIX R,2395170.0,2397604 2436 994.5 527.9 867
SSACC R,2397606.0,
SBLINK R,2397662.0,
EBLINK R,2397662.0,2397818 158
ESACC R,2397606.0,2397870 266 993.7 534.5 1013.6 494.2 1.22 3270
SFIX R,2397872.0,
EFIX R,2397872.0,2398370 500 983.3 517.9 704
SSACC R,2398372.0,
SBLINK R,2398414.0,
EBLINK R,2398414.0,2398574 162
ESACC R,2398372.0,2398638 268 979.1 548.6 1012.0 499.8 1.59 3270
SFIX R,2398640.0,
EFIX R,2398640.0,2399208 570 992.4 540.7 990
SSACC R,2399210.0,
ESACC R,2399210.0,2399230 22 977.5 548.1 993.2 504.1 1.27 112
SFIX R,2399232.0,
EFIX R,2399232.0,2399346 116 987.4 507.1 1075
SSACC R,2399348.0,
SBLINK R,2399400.0,
EBLINK R,2399400.0,2399570 172
ESACC R,2399348.0,2399654 308 981.7 511.1 994.6 538.2 0.81 3270
SFIX R,2399656.0,
EFIX R,2399656.0,2399824 170 976.5 582.2 1203
SSACC R,2399826.0,
ESACC R,2399826.0,2399854 30 973.1 584.2 967.1 556.9 0.76 152
SFIX R,2399856.0,
EFIX R,2399856.0,2400248 394 964.1 551.4 1248
SSACC R,2400250.0,
SBLINK R,2400306.0,
EBLINK R,2400306.0,2400440 136
ESACC R,2400250.0,2400510 262 962.5 546.5 1001.3 438.6 3.10 3270
SFIX R,2400512.0,
EFIX R,2400512.0,2401396 886 980.3 532.5 1377
SSACC R,2401398.0,
ESACC R,2401398.0,2401424 28 976.8 543.5 1001.9 535.0 0.72 126
SFIX R,2401426.0,
EFIX R,2401426.0,2401600 176 1011.8 530.3 1396
SSACC R,2401602.0,
SBLINK R,2401686.0,
EBLINK R,2401686.0,2401744 60
ESACC R,2401602.0,2401808 208 1017.1 525.3 1037.8 415.6 3.02 3270
SFIX R,2401810.0,
EFIX R,2401810.0,2402516 708 1005.6 526.7 1417
SSACC R,2402518.0,
SBLINK R,2402580.0,
EBLINK R,2402580.0,2402712 134
ESACC R,2402518.0,2402786 270 991.3 554.8 1005.1 427.2 3.47 3270
SFIX R,2402788.0,
EFIX R,2402788.0,2403294 508 972.6 521.4 1398
SSACC R,2403296.0,
SBLINK R,2403356.0,
EBLINK R,2403356.0,2403444 90
ESACC R,2403296.0,2403510 216 966.1 542.7 1026.2 481.5 2.32 3270
SFIX R,2403512.0,
EFIX R,2403512.0,2403996 486 987.7 536.9 1301
SSACC R,2403998.0,
ESACC R,2403998.0,2404016 20 992.0 536.5 951.1 526.0 1.14 109
SFIX R,2404018.0,
EFIX R,2404018.0,2404328 312 955.8 527.3 1166
SSACC R,2404330.0,
SBLINK R,2404388.0,
EBLINK R,2404388.0,2404526 140
ESACC R,2404330.0,2404610 282 957.9 526.4 995.1 429.2 2.82 3270
SFIX R,2404612.0,
EFIX R,2404612.0,2405130 520 969.3 520.9 1385
SSACC R,2405132.0,
ESACC R,2405132.0,2405148 18 976.7 541.2 1018.3 536.0 1.14 99
SFIX R,2405150.0,
EFIX R,2405150.0,2405518 370 1009.8 542.6 1277
SSACC R,2405520.0,
ESACC R,2405520.0,2405540 22 1003.9 547.9 973.9 525.5 1.01 93
SFIX R,2405542.0,
EFIX R,2405542.0,2405568 28 988.6 495.0 1351
SSACC R,2405570.0,
SBLINK R,2405614.0,
EBLINK R,2405614.0,2405778 166
ESACC R,2405570.0,2405858 290 1008.6 457.9 1026.5 434.9 0.79 3270
SFIX R,2405860.0,
EFIX R,2405860.0,2406290 432 994.5 509.7 1336
SSACC R,2406292.0,
SBLINK R,2406342.0,
EBLINK R,2406342.0,2406546 206
ESACC R,2406292.0,2406606 316 993.0 547.6 1013.9 435.4 3.09 3270
SFIX R,2406608.0,
EFIX R,2406608.0,2406858 252 963.1 537.6 1136
SSACC R,2406860.0,
ESACC R,2406860.0,2406886 28 952.0 554.4 969.1 536.1 0.68 130
SFIX R,2406888.0,
EFIX R,2406888.0,2407192 306 989.0 527.3 1189
SSACC R,2407194.0,
SBLINK R,2407238.0,
EBLINK R,2407238.0,2407376 140
ESACC R,2407194.0,2407434 242 998.8 535.0 1012.5 454.5 2.21 3270
SFIX R,2407436.0,
EFIX R,2407436.0,2408308 874 976.9 539.7 1216
SSACC R,2408310.0,
SBLINK R,2408384.0,
EBLINK R,2408384.0,2408532 150
ESACC R,2408310.0,2408610 302 967.7 540.8 1008.3 451.1 2.67 3270
SFIX R,2408612.0,
EFIX R,2408612.0,2409214 604 970.0 525.7 1238
SSACC R,2409216.0,
ESACC R,2409216.0,2409236 22 966.8 539.9 1032.0 532.2 1.78 161
SFIX R,2409238.0,
EFIX R,2409238.0,2409520 284 1025.3 535.2 1078
SSACC R,2409522.0,
ESACC R,2409522.0,2409554 34 1027.8 529.4 985.7 540.0 1.18 141
SFIX R,2409556.0,
EFIX R,2409556.0,2410068 514 986.1 540.7 1158
SSACC R,2410070.0,
SBLINK R,2410136.0,
EBLINK R,2410136.0,2410316 182
ESACC R,2410070.0,2410398 330 990.2 532.0 1022.0 429.6 2.90 3270
SFIX R,2410400.0,
EFIX R,2410400.0,2410514 116 990.2 472.7 1272
SSACC R,2410516.0,
ESACC R,2410516.0,2410538 24 975.6 514.9 992.5 524.3 0.52 84
SFIX R,2410540.0,
EFIX R,2410540.0,2410884 346 979.9 542.7 1216
SSACC R,2410886.0,
ESACC R,2410886.0,2410906 22 972.6 551.5 1030.1 526.6 1.70 147
SFIX R,2410908.0,
EFIX R,2410908.0,2411174 268 1029.6 531.9 1037
SSACC R,2411176.0,
SBLINK R,2411236.0,
EBLINK R,2411236.0,2411332 98
ESACC R,2411176.0,2411416 242 1028.2 535.7 1021.2 453.1 2.25 3270
SFIX R,2411418.0,
EFIX R,2411418.0,2411446 30 1007.2 440.7 1276
SSACC R,2411448.0,
ESACC R,2411448.0,2411454 8 995.5 454.8 993.2 467.7 0.36 62
SFIX R,2411456.0,
EFIX R,2411456.0,2412058 604 962.3 550.5 1201
SSACC R,2412060.0,
ESACC R,2412060.0,2412080 22 951.8 562.8 1026.0 549.8 2.04 192
SFIX R,2412082.0,
EFIX R,2412082.0,2412526 446 1022.2 550.0 1162
SSACC R,2412528.0,
ESACC R,2412528.0,2412728 202 1026.1 534.9 1022.4 469.7 1.77 374
SFIX R,2412730.0,
EFIX R,2412730.0,2412888 160 1006.3 476.9 1315
SSACC R,2412890.0,
ESACC R,2412890.0,2412902 14 990.7 502.4 973.4 518.7 0.64 61
SFIX R,2412904.0,
EFIX R,2412904.0,2413100 198 957.4 558.6 1213
SSACC R,2413102.0,
ESACC R,2413102.0,2413120 20 952.5 571.7 1001.5 560.5 1.36 121
SFIX R,2413122.0,
EFIX R,2413122.0,2413274 154 1004.7 564.5 1209
SSACC R,2413276.0,
ESACC R,2413276.0,2413286 12 1007.1 554.9 990.4 547.8 0.49 58
SFIX R,2413288.0,
EFIX R,2413288.0,2413370 84 985.3 545.3 1124
SSACC R,2413372.0,
SBLINK R,2413460.0,
EBLINK R,2413460.0,2413592 134
ESACC R,2413372.0,2413668 298 995.9 524.7 1054.7 486.6 1.90 3270
SFIX R,2413670.0,
EFIX R,2413670.0,2413870 202 1006.7 572.4 1050
SSACC R,2413872.0,
ESACC R,2413872.0,2413888 18 997.0 580.2 965.4 559.1 1.03 83
SFIX R,2413890.0,
EFIX R,2413890.0,2414306 418 964.3 552.3 890
SSACC R,2414308.0,
ESACC R,2414308.0,2414322 16 962.1 534.4 991.8 511.0 1.02 87
SFIX R,2414324.0,
EFIX R,2414324.0,2414722 400 986.5 519.5 751
SSACC R,2414724.0,
SBLINK R,2414770.0,
EBLINK R,2414770.0,2414934 166
ESACC R,2414724.0,2415000 278 984.3 538.1 1046.5 433.5 3.29 3270
SFIX R,2415002.0,
EFIX R,2415002.0,2415368 368 985.4 520.6 924
SSACC R,2415370.0,
ESACC R,2415370.0,2415386 18 981.4 524.5 1019.5 537.9 1.09 101
SFIX R,2415388.0,
EFIX R,2415388.0,2415804 418 1004.2 546.3 859
SSACC R,2415806.0,
ESACC R,2415806.0,2415820 16 993.4 552.9 960.9 534.5 1.01 101
SFIX R,2415822.0,
EFIX R,2415822.0,2416016 196 959.5 544.1 804
SSACC R,2416018.0,
SBLINK R,2416072.0,
EBLINK R,2416072.0,2416168 98
ESACC R,2416018.0,2416232 216 960.3 552.0 1022.8 448.3 3.28 3270
SFIX R,2416234.0,
EFIX R,2416234.0,2416482 250 967.6 525.6 934
SSACC R,2416484.0,
ESACC R,2416484.0,2416502 20 959.0 532.5 1018.9 541.1 1.64 142
SFIX R,2416504.0,
EFIX R,2416504.0,2416714 212 1011.8 543.4 1028
SSACC R,2416716.0,
ESACC R,2416716.0,2416738 24 1013.0 545.2 965.6 536.0 1.31 126
SFIX R,2416740.0,
EFIX R,2416740.0,2417532 794 967.8 542.6 1044
SSACC R,2417534.0,
SBLINK R,2417628.0,
EBLINK R,2417628.0,2417670 44
ESACC R,2417534.0,2417728 196 959.4 551.2 1036.8 484.4 2.77 3270
SFIX R,2417730.0,
EFIX R,2417730.0,2418006 278 997.6 561.6 1159
SSACC R,2418008.0,
ESACC R,2418008.0,2418028 22 991.4 566.1 977.9 551.7 0.53 97
SFIX R,2418030.0,
EFIX R,2418030.0,2418620 592 972.5 548.3 1224
SSACC R,2418622.0,
ESACC R,2418622.0,2418642 22 970.5 548.4 1046.2 561.9 2.08 176
SFIX R,2418644.0,
EFIX R,2418644.0,2418732 90 1035.9 568.7 1277
SSACC R,2418734.0,
SBLINK R,2418780.0,
EBLINK R,2418780.0,2418904 126
ESACC R,2418734.0,2418974 242 1033.9 575.3 1050.9 463.0 3.08 3270
SFIX R,2418976.0,
EFIX R,2418976.0,2419598 624 999.6 547.1 1252
SSACC R,2419600.0,
SBLINK R,2419648.0,
EBLINK R,2419648.0,2419766 120
ESACC R,2419600.0,2419828 230 981.1 552.9 1036.6 452.2 3.12 3270
SFIX R,2419830.0,
EFIX R,2419830.0,2420100 272 986.5 538.1 1279
SSACC R,2420102.0,
ESACC R,2420102.0,2420140 40 978.1 549.3 1110.2 554.8 3.57 234
SFIX R,2420142.0,
EFIX R,2420142.0,2420312 172 1096.6 560.0 1261
SSACC R,2420314.0,
ESACC R,2420314.0,2420356 44 1096.4 562.3 999.9 548.7 2.64 157
SFIX R,2420358.0,
EFIX R,2420358.0,2420578 222 1005.7 550.0 1111
SSACC R,2420580.0,
SBLINK R,2420642.0,
EBLINK R,2420642.0,2420740 100
ESACC R,2420580.0,2420806 228 1005.1 557.8 1031.0 450.4 2.99 3270
SFIX R,2420808.0,
EFIX R,2420808.0,2420984 178 982.6 529.5 1288
SSACC R,2420986.0,
ESACC R,2420986.0,2421006 22 970.5 552.8 1027.6 546.4 1.56 127
SFIX R,2421008.0,
EFIX R,2421008.0,2421190 184 1016.0 548.7 1325
SSACC R,2421192.0,
ESACC R,2421192.0,2421218 28 1012.1 545.4 972.9 540.7 1.07 160
SFIX R,2421220.0,
EFIX R,2421220.0,2422018 800 960.0 539.4 1212
SSACC R,2422020.0,
SBLINK R,2422092.0,
EBLINK R,2422092.0,2422246 156
ESACC R,2422020.0,2422320 302 961.7 547.4 1019.2 454.0 2.97 3270
SFIX R,2422322.0,
EFIX R,2422322.0,2422544 224 977.9 548.2 1318
SSACC R,2422546.0,
ESACC R,2422546.0,2422564 20 973.7 555.5 1011.4 557.2 1.02 94
SFIX R,2422566.0,
EFIX R,2422566.0,2423206 642 983.7 569.8 1209
SSACC R,2423208.0,
SBLINK R,2423270.0,
EBLINK R,2423270.0,2423372 104
ESACC R,2423208.0,2423460 254 973.8 575.8 1016.2 462.2 3.29 3270
SFIX R,2423462.0,
EFIX R,2423462.0,2424086 626 978.1 564.0 1331
SSACC R,2424088.0,
ESACC R,2424088.0,2424108 22 955.1 566.3 998.6 567.2 1.18 111
SFIX R,2424110.0,
EFIX R,2424110.0,2425858 1750 989.0 544.8 1596
SSACC R,2425860.0,
ESACC R,2425860.0,2425872 14 987.7 542.0 1013.6 530.7 0.77 73
SFIX R,2425874.0,
EFIX R,2425874.0,2426496 624 1009.6 537.1 1763
SSACC R,2426498.0,
SBLINK R,2426554.0,
EBLINK R,2426554.0,2426642 90
ESACC R,2426498.0,2426690 194 1003.3 546.3 1030.7 488.3 1.74 391
SFIX R,2426692.0,
EFIX R,2426692.0,2427136 446 991.3 539.1 1761
SSACC R,2427138.0,
ESACC R,2427138.0,2427172 36 975.5 544.9 1053.0 519.7 2.21 163
SFIX R,2427174.0,
EFIX R,2427174.0,2427300 128 1038.0 521.7 1591
SSACC R,2427302.0,
SBLINK R,2427334.0,
EBLINK R,2427334.0,2427428 96
ESACC R,2427302.0,2427474 174 1036.2 524.6 1013.6 469.8 1.61 766
SFIX R,2427476.0,
EFIX R,2427476.0,2427888 414 988.1 534.9 1512
SSACC R,2427890.0,
ESACC R,2427890.0,2427902 14 982.1 534.8 958.9 515.5 0.82 83
SFIX R,2427904.0,
EFIX R,2427904.0,2428122 220 961.1 521.6 1559
SSACC R,2428124.0,
SBLINK R,2428166.0,
EBLINK R,2428166.0,2428316 152
ESACC R,2428124.0,2428382 260 965.2 525.4 1037.7 432.1 3.20 2351
SFIX R,2428384.0,
EFIX R,2428384.0,2428404 22 1037.4 431.9 1608
SSACC R,2428406.0,
ESACC R,2428406.0,2428416 12 1033.3 444.6 1029.2 463.7 0.53 57
SFIX R,2428418.0,
EFIX R,2428418.0,2428888 472 1006.9 517.3 1591
SSACC R,2428890.0,
SBLINK R,2428932.0,
EBLINK R,2428932.0,2429072 142
ESACC R,2428890.0,2429120 232 1013.0 530.6 1036.9 438.0 2.59 473
SFIX R,2429122.0,
EFIX R,2429122.0,2429148 28 1030.1 451.9 1620
SSACC R,2429150.0,
ESACC R,2429150.0,2429154 6 1022.6 466.6 1020.2 476.6 0.28 56
SFIX R,2429156.0,
EFIX R,2429156.0,2429530 376 1006.0 525.2 1557
SSACC R,2429532.0,
ESACC R,2429532.0,2429554 24 1008.1 544.2 996.6 562.8 0.59 93
SFIX R,2429556.0,
EFIX R,2429556.0,2430156 602 987.5 567.9 1527
SSACC R,2430158.0,
ESACC R,2430158.0,2430178 22 984.4 567.2 1032.5 554.0 1.35 120
SFIX R,2430180.0,
EFIX R,2430180.0,2430210 32 1037.5 520.6 1588
SSACC R,2430212.0,
SBLINK R,2430244.0,
EBLINK R,2430244.0,2430444 202
ESACC R,2430212.0,2430512 302 1048.9 490.8 1024.4 507.7 0.81 427
SFIX R,2430514.0,
EFIX R,2430514.0,2431246 734 1003.2 540.1 1506
SSACC R,2431248.0,
ESACC R,2431248.0,2431274 28 988.0 564.1 1050.0 563.6 1.68 95
SFIX R,2431276.0,
EFIX R,2431276.0,2431452 178 1037.2 566.9 1317
SSACC R,2431454.0,
ESACC R,2431454.0,2431482 30 1035.6 566.1 982.0 554.8 1.48 177
SFIX R,2431484.0,
EFIX R,2431484.0,2431610 128 978.0 549.1 1408
SSACC R,2431612.0,
SBLINK R,2431662.0,
EBLINK R,2431662.0,2431786 126
ESACC R,2431612.0,2431866 256 988.4 518.1 1024.6 444.0 2.23 3270
SFIX R,2431868.0,
EFIX R,2431868.0,2432150 284 1010.1 484.9 1678
SSACC R,2432152.0,
ESACC R,2432152.0,2432170 20 1003.8 508.6 1043.3 544.2 1.44 113
SFIX R,2432172.0,
EFIX R,2432172.0,2432358 188 1024.7 551.8 1632
SSACC R,2432360.0,
ESACC R,2432360.0,2432380 22 1018.5 552.8 991.3 533.2 0.91 120
SFIX R,2432382.0,
EFIX R,2432382.0,2432896 516 986.2 531.7 1487
SSACC R,2432898.0,
SBLINK R,2432954.0,
EBLINK R,2432954.0,2433096 144
ESACC R,2432898.0,2433172 276 987.3 510.4 1006.7 484.4 0.88 1671
SFIX R,2433174.0,
EFIX R,2433174.0,2433788 616 981.2 539.4 1466
SSACC R,2433790.0,
ESACC R,2433790.0,2433802 14 971.5 554.2 996.7 542.4 0.75 77
SFIX R,2433804.0,
EFIX R,2433804.0,2433992 190 986.9 541.8 1253
SSACC R,2433994.0,
ESACC R,2433994.0,2434010 18 984.5 539.6 946.6 531.9 1.05 96
SFIX R,2434012.0,
EFIX R,2434012.0,2434224 214 952.9 535.2 1280
SSACC R,2434226.0,
ESACC R,2434226.0,2434240 16 955.8 534.3 983.2 535.8 0.74 64
SFIX R,2434242.0,
EFIX R,2434242.0,2434456 216 974.0 543.5 1358
SSACC R,2434458.0,
SBLINK R,2434530.0,
EBLINK R,2434530.0,2434700 172
ESACC R,2434458.0,2434766 310 975.9 537.8 1002.2 500.7 1.23 629
SFIX R,2434768.0,
EFIX R,2434768.0,2435006 240 976.8 537.7 1483
SSACC R,2435008.0,
ESACC R,2435008.0,2435026 20 963.2 560.1 1012.9 562.3 1.35 107
SFIX R,2435028.0,
EFIX R,2435028.0,2435216 190 999.5 563.4 1350
SSACC R,2435218.0,
ESACC R,2435218.0,2435238 22 994.1 555.5 952.1 561.8 1.15 110
SFIX R,2435240.0,
EFIX R,2435240.0,2435656 418 959.7 559.0 1104
SSACC R,2435658.0,
ESACC R,2435658.0,2435672 16 959.6 562.8 985.6 542.8 0.89 82
SFIX R,2435674.0,
EFIX R,2435674.0,2435972 300 977.6 546.9 1127
SSACC R,2435974.0,
SBLINK R,2436024.0,
EBLINK R,2436024.0,2436150 128
ESACC R,2435974.0,2436214 242 977.5 547.6 1024.5 446.2 3.03 3270
SFIX R,2436216.0,
EFIX R,2436216.0,2436510 296 990.1 540.1 1350
SSACC R,2436512.0,
ESACC R,2436512.0,2436534 24 990.1 554.8 952.7 549.5 1.02 107
SFIX R,2436536.0,
EFIX R,2436536.0,2436696 162 958.3 544.4 1396
SSACC R,2436698.0,
ESACC R,2436698.0,2436704 8 960.1 543.5 972.7 544.3 0.34 50
SFIX R,2436706.0,
EFIX R,2436706.0,2437246 542 970.3 548.6 1311
SSACC R,2437248.0,
ESACC R,2437248.0,2437258 12 973.8 550.6 999.5 550.6 0.70 75
SFIX R,2437260.0,
EFIX R,2437260.0,2437524 266 998.2 550.5 1336
SSACC R,2437526.0,
SBLINK R,2437556.0,
EBLINK R,2437556.0,2437784 230
ESACC R,2437526.0,2437856 332 993.5 555.1 1008.3 479.0 2.10 3270
SFIX R,2437858.0,
EFIX R,2437858.0,2438198 342 984.7 531.1 1352
SSACC R,2438200.0,
ESACC R,2438200.0,2438208 10 990.1 545.1 1006.1 537.5 0.48 59
SFIX R,2438210.0,
EFIX R,2438210.0,2438430 222 999.6 545.9 1224
SSACC R,2438432.0,
ESACC R,2438432.0,2438446 16 989.3 542.1 955.2 530.8 0.97 87
SFIX R,2438448.0,
EFIX R,2438448.0,2438670 224 954.7 538.9 1171
SSACC R,2438672.0,
ESACC R,2438672.0,2438682 12 954.4 540.2 977.9 537.8 0.64 66
SFIX R,2438684.0,
EFIX R,2438684.0,2439434 752 983.6 537.5 1268
SSACC R,2439436.0,
ESACC R,2439436.0,2439446 12 988.6 535.0 968.3 521.1 0.67 76
SFIX R,2439448.0,
EFIX R,2439448.0,2439592 146 969.2 523.8 1340
SSACC R,2439594.0,
ESACC R,2439594.0,2439604 12 978.3 522.3 997.4 516.2 0.54 56
SFIX R,2439606.0,
EFIX R,2439606.0,2440338 734 991.8 531.0 1351
SSACC R,2440340.0,
ESACC R,2440340.0,2440348 10 987.5 545.8 1003.7 544.7 0.44 54
SFIX R,2440350.0,
EFIX R,2440350.0,2440844 496 1002.8 546.1 1214
SSACC R,2440846.0,
ESACC R,2440846.0,2440858 14 1009.4 548.4 981.9 535.5 0.82 78
SFIX R,2440860.0,
EFIX R,2440860.0,2441632 774 989.0 559.4 1175
SSACC R,2441634.0,
ESACC R,2441634.0,2441642 10 995.4 567.2 1008.7 568.4 0.36 47
SFIX R,2441644.0,
EFIX R,2441644.0,2441840 198 1006.1 570.0 1202
SSACC R,2441842.0,
ESACC R,2441842.0,2441854 14 999.8 567.4 971.0 564.4 0.78 78
SFIX R,2441856.0,
EFIX R,2441856.0,2441996 142 975.7 566.8 1271
SSACC R,2441998.0,
SBLINK R,2442066.0,
EBLINK R,2442066.0,2442212 148
ESACC R,2441998.0,2442280 284 976.0 559.0 1035.5 493.2 2.40 704
SFIX R,2442282.0,
EFIX R,2442282.0,2442618 338 992.1 572.8 1276
SSACC R,2442620.0,
ESACC R,2442620.0,2442632 14 989.6 573.1 990.3 545.1 0.76 78
SFIX R,2442634.0,
EFIX R,2442634.0,2442846 214 989.5 548.3 1036
SSACC R,2442848.0,
ESACC R,2442848.0,2442862 16 988.7 547.0 1018.7 541.8 0.83 70
SFIX R,2442864.0,
EFIX R,2442864.0,2443410 548 1005.1 550.2 981
SSACC R,2443412.0,
ESACC R,2443412.0,2443428 18 1001.3 559.0 962.9 549.7 1.07 97
SFIX R,2443430.0,
EFIX R,2443430.0,2443830 402 972.4 551.5 1125
SSACC R,2443832.0,
ESACC R,2443832.0,2443846 16 977.5 553.7 1006.5 549.3 0.79 68
SFIX R,2443848.0,
EFIX R,2443848.0,2443990 144 999.6 559.4 1149
SSACC R,2443992.0,
ESACC R,2443992.0,2444002 12 999.4 558.4 978.8 553.4 0.57 63
SFIX R,2444004.0,
EFIX R,2444004.0,2444268 266 983.0 558.7 1174
SSACC R,2444270.0,
ESACC R,2444270.0,2444278 10 991.6 561.4 1007.5 559.7 0.43 51
SFIX R,2444280.0,
EFIX R,2444280.0,2444438 160 1009.5 560.2 1190
SSACC R,2444440.0,
ESACC R,2444440.0,2444450 12 1006.7 561.2 983.5 560.0 0.63 67
SFIX R,2444452.0,
EFIX R,2444452.0,2444670 220 983.8 556.9 1155
SSACC R,2444672.0,
ESACC R,2444672.0,2444680 10 993.1 558.5 1007.1 561.6 0.39 48
SFIX R,2444682.0,
EFIX R,2444682.0,2444764 84 1017.5 549.0 1145
SSACC R,2444766.0,
SBLINK R,2444876.0,
EBLINK R,2444876.0,2444916 42
ESACC R,2444766.0,2445058 294 1021.6 515.9 1069.9 458.0 2.04 3270
SFIX R,2445060.0,
EFIX R,2445060.0,2445158 100 1057.4 490.8 1176
SSACC R,2445160.0,
ESACC R,2445160.0,2445178 20 1046.1 510.4 1007.3 511.1 1.05 104
SFIX R,2445180.0,
EFIX R,2445180.0,2445540 362 992.2 546.7 1063
SSACC R,2445542.0,
ESACC R,2445542.0,2445554 14 989.4 545.7 1009.7 538.3 0.59 57
SFIX R,2445556.0,
EFIX R,2445556.0,2448212 2658 987.0 535.5 855
SSACC R,2448214.0,
ESACC R,2448214.0,2448224 12 978.6 550.6 992.1 534.4 0.57 62
SFIX R,2448226.0,
EFIX R,2448226.0,2449268 1044 981.4 546.9 879
SSACC R,2449270.0,
ESACC R,2449270.0,2449286 18 970.1 559.1 1011.2 535.2 1.29 100
SFIX R,2449288.0,
EFIX R,2449288.0,2449316 30 1012.5 538.8 958
SSACC R,2449318.0,
ESACC R,2449318.0,2449388 72 1012.1 539.7 1069.0 411.2 3.80 309
SFIX R,2449390.0,
EFIX R,2449390.0,2449414 26 1063.0 398.1 1110
SSACC R,2449416.0,
ESACC R,2449416.0,2449438 24 1060.2 381.4 1030.0 484.6 2.91 433
SFIX R,2449440.0,
EFIX R,2449440.0,2449628 190 1009.3 504.1 1029
SSACC R,2449630.0,
ESACC R,2449630.0,2449644 16 991.1 546.8 959.2 558.5 0.92 87
SFIX R,2449646.0,
EFIX R,2449646.0,2449894 250 961.2 563.7 1034
SSACC R,2449896.0,
ESACC R,2449896.0,2449902 8 960.2 566.1 971.8 566.6 0.31 51
SFIX R,2449904.0,
EFIX R,2449904.0,2450042 140 974.2 571.8 1089
SSACC R,2450044.0,
ESACC R,2450044.0,2450056 14 967.2 571.0 945.1 568.8 0.60 52
SFIX R,2450058.0,
EFIX R,2450058.0,2450584 528 948.7 561.8 1030
SSACC R,2450586.0,
ESACC R,2450586.0,2450596 12 954.3 558.5 974.0 553.3 0.55 60
SFIX R,2450598.0,
EFIX R,2450598.0,2451522 926 973.8 551.5 926
SSACC R,2451524.0,
ESACC R,2451524.0,2451532 10 972.8 549.2 957.1 551.3 0.43 52
SFIX R,2451534.0,
EFIX R,2451534.0,2452846 1314 962.5 562.0 888
SSACC R,2452848.0,
ESACC R,2452848.0,2452858 12 958.9 565.5 975.1 551.4 0.58 65
SFIX R,2452860.0,
EFIX R,2452860.0,2453628 770 964.0 558.4 1029
SSACC R,2453630.0,
ESACC R,2453630.0,2453650 22 967.4 567.0 918.7 543.7 1.46 132
SFIX R,2453652.0,
EFIX R,2453652.0,2453858 208 927.6 547.6 1152
SSACC R,2453860.0,
ESACC R,2453860.0,2453872 14 925.1 551.0 955.3 558.1 0.84 80
SFIX R,2453874.0,
EFIX R,2453874.0,2454324 452 954.8 566.9 1110
SSACC R,2454326.0,
ESACC R,2454326.0,2454336 12 962.1 563.5 981.9 558.7 0.55 59
SFIX R,2454338.0,
EFIX R,2454338.0,2454518 182 981.9 561.6 1128
SSACC R,2454520.0,
ESACC R,2454520.0,2454530 12 980.3 562.3 960.6 560.3 0.54 58
SFIX R,2454532.0,
EFIX R,2454532.0,2454774 244 965.1 564.3 1221
SSACC R,2454776.0,
ESACC R,2454776.0,2454782 8 969.2 564.8 981.7 563.7 0.34 50
SFIX R,2454784.0,
EFIX R,2454784.0,2454962 180 980.4 562.9 1234
SSACC R,2454964.0,
ESACC R,2454964.0,2454974 12 976.2 557.0 953.2 549.6 0.65 69
SFIX R,2454976.0,
EFIX R,2454976.0,2455310 336 957.9 560.9 1184
SSACC R,2455312.0,
ESACC R,2455312.0,2455318 8 961.1 562.7 951.7 557.2 0.30 48
SFIX R,2455320.0,
EFIX R,2455320.0,2457020 1702 973.8 541.3 1002
SSACC R,2457022.0,
ESACC R,2457022.0,2457030 10 992.9 511.8 983.8 499.9 0.41 52
SFIX R,2457032.0,
EFIX R,2457032.0,2457742 712 980.9 515.8 852
SSACC R,2457744.0,
ESACC R,2457744.0,2457750 8 989.0 498.5 997.7 486.8 0.40 60
SFIX R,2457752.0,
EFIX R,2457752.0,2457920 170 998.0 492.8 901
SSACC R,2457922.0,
ESACC R,2457922.0,2457928 8 995.4 497.9 984.1 499.2 0.31 49
SFIX R,2457930.0,
EFIX R,2457930.0,2460108 2180 989.5 520.8 816
SSACC R,2460110.0,
ESACC R,2460110.0,2460120 12 1006.4 542.8 983.9 535.5 0.64 69
SFIX R,2460122.0,
EFIX R,2460122.0,2460884 764 977.3 549.5 805
SSACC R,2460886.0,
ESACC R,2460886.0,2460904 20 971.6 560.7 970.3 543.3 0.47 84
SFIX R,2460906.0,
EFIX R,2460906.0,2461098 194 969.3 541.0 879
SSACC R,2461100.0,
ESACC R,2461100.0,2461174 76 970.1 518.6 1003.0 430.3 2.55 273
SFIX R,2461176.0,
EFIX R,2461176.0,2465796 4622 973.1 550.4 1289
SSACC R,2465798.0,
SBLINK R,2465884.0,
EBLINK R,2465884.0,2465962 80
ESACC R,2465798.0,2466046 250 979.6 529.9 1020.3 518.5 1.15 3270
SFIX R,2466048.0,
EFIX R,2466048.0,2467236 1190 993.1 557.5 1343
SSACC R,2467238.0,
ESACC R,2467238.0,2467256 20 977.0 589.7 1029.4 568.9 1.53 124
SFIX R,2467258.0,
EFIX R,2467258.0,2467314 58 1032.6 545.6 1398
SSACC R,2467316.0,
ESACC R,2467316.0,2467486 172 1043.7 514.9 1020.3 522.5 0.67 441
SFIX R,2467488.0,
EFIX R,2467488.0,2468636 1150 984.1 540.4 1325
SSACC R,2468638.0,
ESACC R,2468638.0,2468644 8 980.7 542.6 992.4 536.6 0.36 52
SFIX R,2468646.0,
EFIX R,2468646.0,2472210 3566 989.1 545.8 1310
SSACC R,2472212.0,
ESACC R,2472212.0,2472226 16 999.4 552.0 1019.2 548.1 0.55 42
SFIX R,2472228.0,
EFIX R,2472228.0,2473950 1724 1021.2 547.2 1288
SSACC R,2473952.0,
ESACC R,2473952.0,2473968 18 1014.0 542.3 971.8 545.1 1.15 106
SFIX R,2473970.0,
EFIX R,2473970.0,2475026 1058 981.1 550.9 1332
SSACC R,2475028.0,
ESACC R,2475028.0,2475032 6 989.0 551.8 981.9 548.6 0.21 45
SFIX R,2475034.0,
EFIX R,2475034.0,2475122 90 976.9 543.8 1213
SSACC R,2475124.0,
ESACC R,2475124.0,2475130 8 983.6 545.3 993.1 542.4 0.27 42
SFIX R,2475132.0,
EFIX R,2475132.0,2476284 1154 1004.8 529.9 1137
SSACC R,2476286.0,
ESACC R,2476286.0,2476304 20 995.4 534.9 956.8 545.1 1.08 95
SFIX R,2476306.0,
EFIX R,2476306.0,2476500 196 959.2 558.9 998
SSACC R,2476502.0,
ESACC R,2476502.0,2476508 8 957.0 564.1 968.8 564.2 0.32 53
SFIX R,2476510.0,
EFIX R,2476510.0,2477186 678 974.1 555.0 832
SSACC R,2477188.0,
ESACC R,2477188.0,2477226 40 978.1 547.9 1004.6 448.1 2.80 116
SFIX R,2477228.0,
EFIX R,2477228.0,2477684 458 992.5 503.0 875
SSACC R,2477686.0,
ESACC R,2477686.0,2477690 6 971.5 548.6 963.5 550.0 0.22 42
SFIX R,2477692.0,
EFIX R,2477692.0,2477824 134 960.0 551.0 903
SSACC R,2477826.0,
ESACC R,2477826.0,2477834 10 963.0 549.5 976.1 552.4 0.36 44
SFIX R,2477836.0,
EFIX R,2477836.0,2480460 2626 986.9 509.3 908
SSACC R,2480462.0,
ESACC R,2480462.0,2480466 6 990.1 534.3 985.7 529.0 0.19 39
SFIX R,2480468.0,
EFIX R,2480468.0,2485182 4716 985.2 529.9 759
SSACC R,2485184.0,
ESACC R,2485184.0,2485202 20 997.9 553.7 975.3 515.8 1.20 99
SFIX R,2485204.0,
EFIX R,2485204.0,2485600 398 975.9 534.9 793
SSACC R,2485602.0,
ESACC R,2485602.0,2485608 8 970.3 536.5 959.8 526.7 0.39 57
SFIX R,2485610.0,
EFIX R,2485610.0,2485758 150 956.3 531.4 699
SSACC R,2485760.0,
ESACC R,2485760.0,2485768 10 958.1 536.5 974.2 529.2 0.48 60
SFIX R,2485770.0,
EFIX R,2485770.0,2486380 612 974.9 548.4 721
SSACC R,2486382.0,
ESACC R,2486382.0,2486388 8 975.6 560.8 982.7 552.4 0.30 44
SFIX R,2486390.0,
EFIX R,2486390.0,2486566 178 982.9 553.2 764
SSACC R,2486568.0,
ESACC R,2486568.0,2486580 14 984.7 552.5 990.4 526.2 0.73 68
SFIX R,2486582.0,
EFIX R,2486582.0,2487000 420 980.2 546.7 852
SSACC R,2487002.0,
ESACC R,2487002.0,2487010 10 977.6 548.4 991.9 546.3 0.39 49
SFIX R,2487012.0,
EFIX R,2487012.0,2487114 104 995.3 549.4 938
SSACC R,2487116.0,
ESACC R,2487116.0,2487126 12 993.3 551.2 973.9 557.8 0.56 59
SFIX R,2487128.0,
EFIX R,2487128.0,2487868 742 970.5 556.9 877
SSACC R,2487870.0,
ESACC R,2487870.0,2487878 10 968.5 564.5 978.7 552.3 0.43 55
SFIX R,2487880.0,
EFIX R,2487880.0,2488460 582 974.7 562.5 975
SSACC R,2488462.0,
ESACC R,2488462.0,2488476 16 969.1 575.5 958.0 546.3 0.85 83
SFIX R,2488478.0,
EFIX R,2488478.0,2488642 166 962.5 557.0 927
SSACC R,2488644.0,
ESACC R,2488644.0,2488674 32 967.2 556.4 985.8 493.4 1.78 78
SFIX R,2488676.0,
EFIX R,2488676.0,2488988 314 997.5 489.7 1018
SSACC R,2488990.0,
ESACC R,2488990.0,2488996 8 980.5 516.3 968.4 517.6 0.33 51
SFIX R,2488998.0,
EFIX R,2488998.0,2489506 510 960.4 551.0 1059
SSACC R,2489508.0,
ESACC R,2489508.0,2489514 8 963.9 559.5 972.1 554.8 0.26 42
SFIX R,2489516.0,
EFIX R,2489516.0,2492426 2912 983.4 520.9 956
SSACC R,2492428.0,
ESACC R,2492428.0,2492446 20 1030.9 498.0 1074.8 377.1 3.48 419
SFIX R,2492448.0,
EFIX R,2492448.0,2492480 34 1081.9 388.7 1033
SSACC R,2492482.0,
ESACC R,2492482.0,2492516 36 1088.1 378.6 1040.3 463.1 2.62 599
SFIX R,2492518.0,
EFIX R,2492518.0,2494156 1640 983.9 531.7 908
SSACC R,2494158.0,
ESACC R,2494158.0,2494166 10 976.5 538.7 988.6 551.0 0.47 57
SFIX R,2494168.0,
EFIX R,2494168.0,2494354 188 987.7 560.6 766
SSACC R,2494356.0,
SBLINK R,2494404.0,
EBLINK R,2494404.0,2494506 104
ESACC R,2494356.0,2494558 204 975.1 590.2 1015.3 486.3 3.02 3270
SFIX R,2494560.0,
EFIX R,2494560.0,2495076 518 971.8 529.5 710
SSACC R,2495078.0,
SBLINK R,2495110.0,
EBLINK R,2495110.0,2495280 172
ESACC R,2495078.0,2495344 268 953.5 548.2 1001.1 508.5 1.68 3270
SFIX R,2495346.0,
EFIX R,2495346.0,2496564 1220 977.1 548.7 890
SSACC R,2496566.0,
SBLINK R,2496616.0,
EBLINK R,2496616.0,2496712 98
ESACC R,2496566.0,2496774 210 975.2 571.2 1028.9 470.5 3.09 3270
SFIX R,2496776.0,
EFIX R,2496776.0,2497118 344 985.6 559.1 1064
SSACC R,2497120.0,
ESACC R,2497120.0,2497126 8 977.5 567.1 982.5 554.8 0.36 56
SFIX R,2497128.0,
EFIX R,2497128.0,2497726 600 972.0 550.8 911
SSACC R,2497728.0,
SBLINK R,2497772.0,
EBLINK R,2497772.0,2497932 162
ESACC R,2497728.0,2498032 306 964.5 562.0 1002.4 434.6 3.60 3270
SFIX R,2498034.0,
EFIX R,2498034.0,2499786 1754 964.2 536.4 909
SSACC R,2499788.0,
ESACC R,2499788.0,2499798 12 959.2 552.0 978.3 539.4 0.62 64
SFIX R,2499800.0,
EFIX R,2499800.0,2499938 140 979.8 540.1 894
SSACC R,2499940.0,
ESACC R,2499940.0,2499956 18 976.4 543.7 951.6 542.9 0.67 74
SFIX R,2499958.0,
EFIX R,2499958.0,2500144 188 956.8 546.3 893
SSACC R,2500146.0,
ESACC R,2500146.0,2500156 12 959.3 546.7 977.5 549.0 0.50 50
SFIX R,2500158.0,
EFIX R,2500158.0,2500362 206 985.4 553.9 925
SSACC R,2500364.0,
ESACC R,2500364.0,2500380 18 988.2 550.2 951.1 544.3 1.02 77
SFIX R,2500382.0,
EFIX R,2500382.0,2500860 480 960.4 535.2 933
SSACC R,2500862.0,
ESACC R,2500862.0,2500870 10 957.4 533.3 971.1 533.2 0.37 45
SFIX R,2500872.0,
EFIX R,2500872.0,2501570 700 973.4 539.0 816
SSACC R,2501572.0,
ESACC R,2501572.0,2501578 8 974.3 542.7 970.0 532.0 0.31 48
SFIX R,2501580.0,
EFIX R,2501580.0,2503112 1534 985.7 507.4 806
SSACC R,2503114.0,
ESACC R,2503114.0,2503120 8 1007.1 491.7 999.2 484.1 0.30 51
SFIX R,2503122.0,
EFIX R,2503122.0,2504240 1120 990.0 462.5 895
SSACC R,2504242.0,
SBLINK R,2504476.0,
EBLINK R,2504476.0,2504544 70
ESACC R,2504242.0,2504562 322 1038.6 451.8 984.4 465.9 1.52 512
SFIX R,2504564.0,
EFIX R,2504564.0,2507032 2470 1002.9 480.0 880
SSACC R,2507034.0,
ESACC R,2507034.0,2507050 18 973.6 522.3 1009.8 481.5 1.48 125
SFIX R,2507052.0,
EFIX R,2507052.0,2507586 536 1021.0 467.2 907
SSACC R,2507588.0,
SBLINK R,2507730.0,
EBLINK R,2507730.0,2507952 224
ESACC R,2507588.0,2508002 416 1042.2 472.0 1009.4 486.5 0.97 401
SFIX R,2508004.0,
EFIX R,2508004.0,2508178 176 1005.8 458.0 934
SSACC R,2508180.0,
SBLINK R,2508190.0,
EBLINK R,2508190.0,2508522 334
ESACC R,2508180.0,2508696 518 1084.4 282.7 1036.6 465.5 5.08 399
SFIX R,2508698.0,
EFIX R,2508698.0,2508722 26 1041.3 461.3 844
SSACC R,2508724.0,
SBLINK R,2508748.0,
EBLINK R,2508748.0,2508988 242
ESACC R,2508724.0,2509068 346 1037.0 471.8 1032.3 455.5 0.46 256
SFIX R,2509070.0,
EFIX R,2509070.0,2509116 48 1028.4 462.0 749
SSACC R,2509118.0,
ESACC R,2509118.0,2509158 42 1011.3 491.7 1037.9 431.8 1.77 176
SFIX R,2509160.0,
EFIX R,2509160.0,2510448 1290 1035.9 425.0 730
SSACC R,2510450.0,
SBLINK R,2510492.0,
EBLINK R,2510492.0,2510744 254
ESACC R,2510450.0,2510778 330 1122.2 435.7 1224.3 483.2 3.02 536
SFIX R,2510780.0,
EFIX R,2510780.0,2511454 676 1275.5 493.8 661
SSACC R,2511456.0,
ESACC R,2511456.0,2511502 48 1232.3 556.5 1011.3 506.1 6.09 246
SFIX R,2511504.0,
EFIX R,2511504.0,2511738 236 980.3 513.4 478
SSACC R,2511740.0,
ESACC R,2511740.0,2511754 16 954.4 524.9 986.6 513.8 0.92 80
SFIX R,2511756.0,
EFIX R,2511756.0,2512074 320 971.6 529.3 475
SSACC R,2512076.0,
ESACC R,2512076.0,2512092 18 963.2 544.1 990.5 513.2 1.12 82
SFIX R,2512094.0,
EFIX R,2512094.0,2512198 106 984.1 531.3 517
SSACC R,2512200.0,
SBLINK R,2512258.0,
EBLINK R,2512258.0,2512362 106
ESACC R,2512200.0,2512394 196 968.0 572.2 1020.7 463.9 3.26 941
SFIX R,2512396.0,
EFIX R,2512396.0,2512754 360 979.6 545.5 688
SSACC R,2512756.0,
ESACC R,2512756.0,2512768 14 967.1 557.3 984.3 533.0 0.81 81
SFIX R,2512770.0,
EFIX R,2512770.0,2513228 460 973.4 543.7 806
SSACC R,2513230.0,
ESACC R,2513230.0,2513246 18 959.4 552.1 983.6 529.0 0.91 69
SFIX R,2513248.0,
EFIX R,2513248.0,2513634 388 990.5 524.5 842
SSACC R,2513636.0,
ESACC R,2513636.0,2513642 8 998.7 505.7 986.2 505.1 0.34 56
SFIX R,2513644.0,
EFIX R,2513644.0,2515334 1692 979.9 524.6 898
SSACC R,2515336.0,
ESACC R,2515336.0,2515344 10 978.0 528.0 992.1 518.5 0.46 55
SFIX R,2515346.0,
EFIX R,2515346.0,2515556 212 991.8 524.0 833
SSACC R,2515558.0,
ESACC R,2515558.0,2515576 20 989.1 526.7 954.5 530.6 0.94 73
SFIX R,2515578.0,
EFIX R,2515578.0,2516554 978 968.0 535.8 1020
SSACC R,2516556.0,
ESACC R,2516556.0,2516570 16 967.5 527.3 986.3 506.6 0.76 70
SFIX R,2516572.0,
EFIX R,2516572.0,2517538 968 979.4 514.8 1187
SSACC R,2517540.0,
ESACC R,2517540.0,2517550 12 982.7 516.4 1002.5 512.3 0.55 59
SFIX R,2517552.0,
EFIX R,2517552.0,2517720 170 1002.9 512.3 1276
SSACC R,2517722.0,
ESACC R,2517722.0,2517730 10 997.9 515.4 979.6 512.7 0.50 63
SFIX R,2517732.0,
EFIX R,2517732.0,2518252 522 978.3 518.2 1312
SSACC R,2518254.0,
ESACC R,2518254.0,2518262 10 979.2 510.9 989.9 501.7 0.38 47
SFIX R,2518264.0,
EFIX R,2518264.0,2520342 2080 994.7 493.1 1183
SSACC R,2520344.0,
ESACC R,2520344.0,2520410 68 1019.2 483.8 1063.5 537.8 1.89 228
SFIX R,2520412.0,
EFIX R,2520412.0,2520436 26 1071.8 523.2 1044
SSACC R,2520438.0,
SBLINK R,2520482.0,
EBLINK R,2520482.0,2520502 22
ESACC R,2520438.0,2520548 112 1072.0 506.2 1026.1 500.5 1.25 94
SFIX R,2520550.0,
EFIX R,2520550.0,2520570 22 1022.7 508.8 1061
SSACC R,2520572.0,
SBLINK R,2520628.0,
EBLINK R,2520628.0,2520886 260
ESACC R,2520572.0,2520916 346 1017.1 518.3 1030.6 474.2 1.25 592
SFIX R,2520918.0,
EFIX R,2520918.0,2522826 1910 1001.8 475.6 1004
SSACC R,2522828.0,
ESACC R,2522828.0,2522848 22 1009.5 482.5 1002.6 462.3 0.58 70
SFIX R,2522850.0,
EFIX R,2522850.0,2523086 238 1001.9 469.7 874
SSACC R,2523088.0,
ESACC R,2523088.0,2523102 16 1013.4 463.2 1013.1 461.8 0.04 52
SFIX R,2523104.0,
EFIX R,2523104.0,2523762 660 1010.9 473.6 939
SSACC R,2523764.0,
ESACC R,2523764.0,2523830 68 1033.4 492.6 1088.7 442.5 2.02 246
SFIX R,2523832.0,
EFIX R,2523832.0,2523906 76 1090.6 448.5 1021
SSACC R,2523908.0,
SBLINK R,2523970.0,
EBLINK R,2523970.0,2524014 46
ESACC R,2523908.0,2524032 126 1093.3 448.3 1026.3 489.8 2.13 153
SFIX R,2524034.0,
EFIX R,2524034.0,2525372 1340 994.4 490.4 1046
SSACC R,2525374.0,
ESACC R,2525374.0,2525392 20 979.2 551.5 983.1 535.8 0.44 70
SFIX R,2525394.0,
EFIX R,2525394.0,2525908 516 977.5 547.3 896
SSACC R,2525910.0,
ESACC R,2525910.0,2525918 10 975.1 533.5 983.8 523.0 0.37 47
SFIX R,2525920.0,
EFIX R,2525920.0,2526478 560 986.3 505.0 1123
SSACC R,2526480.0,
ESACC R,2526480.0,2526488 10 989.4 496.9 1004.4 484.2 0.53 67
SFIX R,2526490.0,
EFIX R,2526490.0,2526538 50 1014.4 478.4 1227
SSACC R,2526540.0,
SBLINK R,2526654.0,
EBLINK R,2526654.0,2526654 2
ESACC R,2526540.0,2526686 148 1021.1 487.7 1049.9 533.8 1.47 469
SFIX R,2526688.0,
EFIX R,2526688.0,2527064 378 1023.5 472.7 1198
SSACC R,2527066.0,
ESACC R,2527066.0,2527090 26 1014.3 467.2 1012.9 472.3 0.14 48
SFIX R,2527092.0,
EFIX R,2527092.0,2527248 158 1025.3 478.9 1133
SSACC R,2527250.0,
SBLINK R,2527304.0,
EBLINK R,2527304.0,2527536 234
ESACC R,2527250.0,2527568 320 1028.3 505.0 1045.8 479.7 0.83 87
SFIX R,2527570.0,
EFIX R,2527570.0,2529366 1798 999.2 487.6 909
SSACC R,2529368.0,
ESACC R,2529368.0,2529378 12 1003.0 488.2 1012.6 471.3 0.53 57
SFIX R,2529380.0,
EFIX R,2529380.0,2530158 780 1001.4 504.6 943
SSACC R,2530160.0,
SBLINK R,2530170.0,
EBLINK R,2530170.0,2530170 2
ESACC R,2530160.0,2530178 20 1003.0 488.2 1012.6 471.3 0.53 0
SFIX R,2530180.0,
EFIX R,2530180.0,2530252 74 1013.9 498.0 838
SSACC R,2530254.0,
ESACC R,2530254.0,2530264 12 1009.1 483.6 1006.4 463.4 0.55 74
SFIX R,2530266.0,
EFIX R,2530266.0,2531574 1310 998.3 475.4 903
SSACC R,2531576.0,
SBLINK R,2531622.0,
EBLINK R,2531622.0,2532254 634
ESACC R,2531576.0,2532280 706 1013.7 494.8 1019.5 469.5 0.70 145
SFIX R,2532282.0,
EFIX R,2532282.0,2532770 490 1049.0 456.2 852
SSACC R,2532772.0,
ESACC R,2532772.0,2532834 64 1044.7 469.4 1038.7 461.9 0.26 62
SFIX R,2532836.0,
EFIX R,2532836.0,2533078 244 1052.9 463.4 774
SSACC R,2533080.0,
ESACC R,2533080.0,2533120 42 1072.5 473.4 1077.0 479.9 0.21 57
SFIX R,2533122.0,
EFIX R,2533122.0,2533416 296 1038.0 551.0 779
SSACC R,2533418.0,
ESACC R,2533418.0,2533448 32 1004.5 612.7 991.3 499.8 3.08 189
SFIX R,2533450.0,
EFIX R,2533450.0,2533708 260 980.0 546.3 663
SSACC R,2533710.0,
ESACC R,2533710.0,2533720 12 982.2 553.6 983.7 529.8 0.65 69
SFIX R,2533722.0,
EFIX R,2533722.0,2534684 964 996.1 489.1 690
SSACC R,2534686.0,
ESACC R,2534686.0,2534692 8 1027.5 486.4 1023.8 500.9 0.41 61
SFIX R,2534694.0,
EFIX R,2534694.0,2534758 66 1014.3 497.0 746
SSACC R,2534760.0,
ESACC R,2534760.0,2534782 24 1006.1 475.9 1002.2 465.3 0.31 62
SFIX R,2534784.0,
EFIX R,2534784.0,2535644 862 1005.3 483.5 766
SSACC R,2535646.0,
ESACC R,2535646.0,2535656 12 1022.8 527.6 996.0 524.7 0.73 75
SFIX R,2535658.0,
EFIX R,2535658.0,2535920 264 1012.8 530.5 610
SSACC R,2535922.0,
ESACC R,2535922.0,2535934 14 1023.5 534.6 1011.6 509.4 0.76 73
SFIX R,2535936.0,
EFIX R,2535936.0,2536106 172 1004.3 527.7 487
SSACC R,2536108.0,
ESACC R,2536108.0,2536114 8 1000.2 547.7 998.5 557.8 0.28 42
SFIX R,2536116.0,
EFIX R,2536116.0,2536134 20 994.9 568.8 468
SSACC R,2536136.0,
SBLINK R,2536184.0,
EBLINK R,2536184.0,2536332 150
ESACC R,2536136.0,2536358 224 995.0 578.0 998.3 462.7 3.13 3270
SFIX R,2536360.0,
EFIX R,2536360.0,2536680 322 965.8 535.9 661
SSACC R,2536682.0,
ESACC R,2536682.0,2536692 12 956.6 556.1 978.0 541.6 0.70 75
SFIX R,2536694.0,
EFIX R,2536694.0,2536892 200 975.6 550.9 746
SSACC R,2536894.0,
ESACC R,2536894.0,2536904 12 972.2 550.9 979.8 535.8 0.46 48
SFIX R,2536906.0,
EFIX R,2536906.0,2537508 604 982.2 545.5 761
SSACC R,2537510.0,
ESACC R,2537510.0,2537526 18 993.6 550.1 1005.7 523.9 0.78 53
SFIX R,2537528.0,
EFIX R,2537528.0,2537554 28 1020.3 502.2 1018
SSACC R,2537556.0,
SBLINK R,2537614.0,
EBLINK R,2537614.0,2537776 164
ESACC R,2537556.0,2537880 326 1041.3 495.0 1049.2 482.8 0.39 3270
SFIX R,2537882.0,
EFIX R,2537882.0,2538680 800 1000.6 520.1 903
SSACC R,2538682.0,
ESACC R,2538682.0,2538686 6 985.2 544.0 991.6 540.5 0.20 45
SFIX R,2538688.0,
EFIX R,2538688.0,2539920 1234 977.6 542.1 828
SSACC R,2539922.0,
ESACC R,2539922.0,2539928 8 972.1 541.7 981.5 537.1 0.28 46
SFIX R,2539930.0,
EFIX R,2539930.0,2541122 1194 990.8 488.4 907
SSACC R,2541124.0,
SBLINK R,2541178.0,
EBLINK R,2541178.0,2541350 174
ESACC R,2541124.0,2541422 300 1009.8 426.3 1008.0 441.1 0.40 191
SFIX R,2541424.0,
EFIX R,2541424.0,2541896 474 1019.2 433.9 902
SSACC R,2541898.0,
ESACC R,2541898.0,2541918 22 1026.5 453.8 1023.1 454.4 0.09 130
SFIX R,2541920.0,
EFIX R,2541920.0,2541990 72 1017.1 459.1 859
SSACC R,2541992.0,
SBLINK R,2542090.0,
EBLINK R,2542090.0,2542430 342
ESACC R,2541992.0,2542448 458 1012.4 453.9 1081.0 521.8 2.61 135
SFIX R,2542450.0,
EFIX R,2542450.0,2542536 88 1083.3 504.5 787
SSACC R,2542538.0,
SBLINK R,2542552.0,
EBLINK R,2542552.0,2542728 178
ESACC R,2542538.0,2542812 276 1087.7 512.9 1233.4 620.1 4.87 361
SFIX R,2542814.0,
EFIX R,2542814.0,2542850 38 1239.2 622.0 422
SSACC R,2542852.0,
SBLINK R,2542880.0,
EBLINK R,2542880.0,2544198 1320
ESACC R,2542852.0,2544520 1670 1246.5 621.8 3254.3 1020.7 35.12 3270
SFIX R,2544522.0,
EFIX R,2544522.0,2544544 24 3247.4 1018.3 201
SSACC R,2544546.0,
SBLINK R,2544556.0,
EBLINK R,2544556.0,2545548 994
ESACC R,2544546.0,2545602 1058 3185.9 1085.1 1499.4 640.3 30.36 3270
SFIX R,2545604.0,
EFIX R,2545604.0,2545624 22 1504.1 646.3 638
SSACC R,2545626.0,
SBLINK R,2545644.0,
EBLINK R,2545644.0,2545722 80
ESACC R,2545626.0,2545808 184 1510.8 641.9 1568.8 485.1 4.35 499
SFIX R,2545810.0,
EFIX R,2545810.0,2545832 24 1567.0 486.1 738
SSACC R,2545834.0,
ESACC R,2545834.0,2545912 80 1565.7 488.2 1471.2 444.8 2.65 583
SFIX R,2545914.0,
EFIX R,2545914.0,2545938 26 1439.6 436.8 771
SSACC R,2545940.0,
ESACC R,2545940.0,2545946 8 1418.7 421.1 1396.4 413.4 0.61 104
SFIX R,2545948.0,
EFIX R,2545948.0,2545968 22 1367.6 415.4 811
SSACC R,2545970.0,
ESACC R,2545970.0,2546020 52 1337.5 418.0 1132.1 448.4 5.52 145
SFIX R,2546022.0,
EFIX R,2546022.0,2546432 412 1087.0 486.1 744
SSACC R,2546434.0,
SBLINK R,2546456.0,
EBLINK R,2546456.0,2546592 138
ESACC R,2546434.0,2546622 190 1134.3 490.2 1146.1 491.7 0.32 245
SFIX R,2546624.0,
EFIX R,2546624.0,2546716 94 1148.8 463.8 624
SSACC R,2546718.0,
ESACC R,2546718.0,2546734 18 1155.1 441.2 1158.4 402.6 1.04 79
SFIX R,2546736.0,
EFIX R,2546736.0,2547662 928 1141.4 504.3 670
SSACC R,2547664.0,
ESACC R,2547664.0,2547686 24 1051.0 546.8 988.1 507.4 2.01 177
SFIX R,2547688.0,
EFIX R,2547688.0,2548340 654 967.7 526.9 724
SSACC R,2548342.0,
ESACC R,2548342.0,2548380 40 963.7 542.9 1010.8 447.3 2.89 102
SFIX R,2548382.0,
EFIX R,2548382.0,2548452 72 1024.5 485.3 898
SSACC R,2548454.0,
ESACC R,2548454.0,2548462 10 1030.2 508.0 1035.6 488.5 0.55 70
SFIX R,2548464.0,
EFIX R,2548464.0,2549096 634 1003.4 480.2 1087
SSACC R,2549098.0,
ESACC R,2549098.0,2549116 20 988.7 525.6 1036.1 524.3 1.29 92
SFIX R,2549118.0,
EFIX R,2549118.0,2549542 426 1016.6 543.7 1065
SSACC R,2549544.0,
ESACC R,2549544.0,2549564 22 1014.2 538.5 980.0 507.2 1.26 87
SFIX R,2549566.0,
EFIX R,2549566.0,2549644 80 1002.0 489.1 1123
SSACC R,2549646.0,
SBLINK R,2549710.0,
EBLINK R,2549710.0,2549832 124
ESACC R,2549646.0,2549864 220 1017.9 494.1 1027.2 541.0 1.30 3270
SFIX R,2549866.0,
EFIX R,2549866.0,2549892 28 1017.7 529.6 1090
SSACC R,2549894.0,
ESACC R,2549894.0,2549900 8 1012.3 520.2 1017.6 501.9 0.52 85
SFIX R,2549902.0,
EFIX R,2549902.0,2549930 30 1013.6 494.4 1130
SSACC R,2549932.0,
ESACC R,2549932.0,2549942 12 1012.9 493.7 1015.0 467.6 0.71 97
SFIX R,2549944.0,
EFIX R,2549944.0,2550120 178 1017.9 467.4 1184
SSACC R,2550122.0,
SBLINK R,2550196.0,
EBLINK R,2550196.0,2551688 1494
ESACC R,2550122.0,2551762 1642 1038.5 473.2 1039.6 520.4 1.28 182
SFIX R,2551764.0,
EFIX R,2551764.0,2551886 124 1027.4 510.3 815
SSACC R,2551888.0,
ESACC R,2551888.0,2551908 22 1014.1 504.3 1005.2 500.1 0.27 82
SFIX R,2551910.0,
EFIX R,2551910.0,2551940 32 1003.4 509.0 834
SSACC R,2551942.0,
SBLINK R,2552056.0,
EBLINK R,2552056.0,2552732 678
ESACC R,2551942.0,2552766 826 1005.8 512.6 1137.3 527.9 3.58 3270
SFIX R,2552768.0,
EFIX R,2552768.0,2553938 1172 1089.3 512.6 589
SSACC R,2553940.0,
ESACC R,2553940.0,2553956 18 980.0 574.4 998.0 523.3 1.47 130
SFIX R,2553958.0,
EFIX R,2553958.0,2555064 1108 1008.4 522.4 702
SSACC R,2555066.0,
ESACC R,2555066.0,2555078 14 976.1 563.2 996.3 541.1 0.81 81
SFIX R,2555080.0,
EFIX R,2555080.0,2555346 268 1040.3 494.0 684
SSACC R,2555348.0,
SBLINK R,2555448.0,
EBLINK R,2555448.0,2557884 2438
ESACC R,2555348.0,2557916 2570 1053.5 529.3 1107.1 550.0 1.56 142
SFIX R,2557918.0,
EFIX R,2557918.0,2558392 476 1090.7 457.9 721
SSACC R,2558394.0,
ESACC R,2558394.0,2558398 6 1080.6 470.5 1080.3 488.5 0.49 78
SFIX R,2558400.0,
EFIX R,2558400.0,2558552 154 1084.2 488.7 495
SSACC R,2558554.0,
ESACC R,2558554.0,2558562 10 1089.7 459.6 1096.1 441.8 0.51 73
SFIX R,2558564.0,
EFIX R,2558564.0,2558978 416 1102.1 514.6 517
SSACC R,2558980.0,
ESACC R,2558980.0,2558988 10 1032.2 585.8 1020.9 572.6 0.47 58
SFIX R,2558990.0,
EFIX R,2558990.0,2559072 84 1013.2 569.3 486
SSACC R,2559074.0,
ESACC R,2559074.0,2559092 20 1006.8 573.9 1001.2 529.4 1.22 118
SFIX R,2559094.0,
EFIX R,2559094.0,2559258 166 1003.8 538.7 440
SSACC R,2559260.0,
ESACC R,2559260.0,2559284 26 1005.9 537.9 990.3 468.4 1.93 126
SFIX R,2559286.0,
EFIX R,2559286.0,2559608 324 978.8 498.5 467
SSACC R,2559610.0,
SBLINK R,2559662.0,
EBLINK R,2559662.0,2559784 124
ESACC R,2559610.0,2559808 200 959.1 550.0 1030.1 465.2 3.00 209
SFIX R,2559810.0,
EFIX R,2559810.0,2560244 436 971.9 550.9 698
SSACC R,2560246.0,
ESACC R,2560246.0,2560260 16 954.8 562.5 975.8 533.0 0.98 90
SFIX R,2560262.0,
EFIX R,2560262.0,2560716 456 963.7 543.2 750
SSACC R,2560718.0,
ESACC R,2560718.0,2560728 12 960.3 546.3 976.0 534.3 0.54 61
SFIX R,2560730.0,
EFIX R,2560730.0,2561420 692 966.0 529.3 809
SSACC R,2561422.0,
ESACC R,2561422.0,2561436 16 967.6 527.9 1000.8 518.1 0.94 88
SFIX R,2561438.0,
EFIX R,2561438.0,2562512 1076 995.8 505.2 864
SSACC R,2562514.0,
ESACC R,2562514.0,2562520 8 1003.3 530.2 991.7 534.2 0.33 48
SFIX R,2562522.0,
EFIX R,2562522.0,2562794 274 974.7 534.6 773
SSACC R,2562796.0,
ESACC R,2562796.0,2562802 8 965.3 518.3 968.8 507.7 0.30 52
SFIX R,2562804.0,
EFIX R,2562804.0,2562870 68 990.0 484.9 714
SSACC R,2562872.0,
SBLINK R,2562888.0,
EBLINK R,2562888.0,2563636 750
ESACC R,2562872.0,2563648 778 1019.0 505.5 3270.0 1211.7 39.02 92
SFIX R,2563650.0,
EFIX R,2563650.0,2563768 120 3270.0 1243.0 222
SSACC R,2563770.0,
ESACC R,2563770.0,2563774 6 3270.0 1252.4 3270.0 1256.2 0.06 24
SFIX R,2563776.0,
EFIX R,2563776.0,2563818 44 3270.0 1263.5 228
SSACC R,2563820.0,
SBLINK R,2563830.0,
EBLINK R,2563830.0,2564548 720
ESACC R,2563820.0,2564570 752 1768.0 761.3 1167.0 564.2 15.95 3270
SFIX R,2564572.0,
EFIX R,2564572.0,2564622 52 1152.0 534.0 764
SSACC R,2564624.0,
ESACC R,2564624.0,2564632 10 1135.1 501.8 1134.2 485.3 0.45 80
SFIX R,2564634.0,
EFIX R,2564634.0,2564840 208 1101.3 475.5 706
SSACC R,2564842.0,
ESACC R,2564842.0,2564862 22 1076.8 483.5 1082.8 496.1 0.38 72
SFIX R,2564864.0,
EFIX R,2564864.0,2564904 42 1083.5 511.0 549
SSACC R,2564906.0,
SBLINK R,2564916.0,
EBLINK R,2564916.0,2567356 2442
ESACC R,2564906.0,2567416 2512 3270.0 1259.7 1438.4 374.3 35.19 212
SFIX R,2567418.0,
EFIX R,2567418.0,2568052 636 1316.2 507.7 641
SSACC R,2568054.0,
ESACC R,2568054.0,2568078 26 1197.8 555.1 1081.2 506.8 3.40 226
SFIX R,2568080.0,
EFIX R,2568080.0,2568392 314 1066.2 525.9 530
SSACC R,2568394.0,
ESACC R,2568394.0,2568410 18 1053.7 536.9 1013.7 500.5 1.47 134
SFIX R,2568412.0,
EFIX R,2568412.0,2568634 224 957.7 508.4 698
SSACC R,2568636.0,
ESACC R,2568636.0,2568648 14 946.1 511.0 979.5 503.9 0.93 85
SFIX R,2568650.0,
EFIX R,2568650.0,2569060 412 980.1 506.2 636
SSACC R,2569062.0,
ESACC R,2569062.0,2569068 8 978.3 515.2 988.6 515.8 0.28 44
SFIX R,2569070.0,
EFIX R,2569070.0,2569674 606 978.1 532.2 681
SSACC R,2569676.0,
ESACC R,2569676.0,2569682 8 974.7 538.1 985.0 534.0 0.30 47
SFIX R,2569684.0,
EFIX R,2569684.0,2570114 432 988.8 535.0 753
SSACC R,2570116.0,
SBLINK R,2570146.0,
EBLINK R,2570146.0,2570312 168
ESACC R,2570116.0,2570320 206 991.8 538.2 1140.9 535.0 4.03 3270
SFIX R,2570322.0,
EFIX R,2570322.0,2570606 286 1027.9 498.4 851
SSACC R,2570608.0,
ESACC R,2570608.0,2570618 12 992.8 539.7 979.0 523.4 0.58 64
SFIX R,2570620.0,
EFIX R,2570620.0,2570818 200 980.1 534.5 818
SSACC R,2570820.0,
ESACC R,2570820.0,2570826 8 989.5 531.4 997.9 527.9 0.25 39
SFIX R,2570828.0,
EFIX R,2570828.0,2571472 646 1015.8 479.7 803
SSACC R,2571474.0,
SBLINK R,2571526.0,
EBLINK R,2571526.0,2571704 180
ESACC R,2571474.0,2571728 256 1040.1 459.8 1032.8 504.4 1.22 115
SFIX R,2571730.0,
EFIX R,2571730.0,2571760 32 1032.0 487.7 813
SSACC R,2571762.0,
ESACC R,2571762.0,2571772 12 1023.0 493.3 1030.5 470.6 0.65 71
SFIX R,2571774.0,
EFIX R,2571774.0,2572048 276 1011.7 457.4 834
SSACC R,2572050.0,
ESACC R,2572050.0,2572066 18 1019.0 450.5 1018.9 462.6 0.33 56
SFIX R,2572068.0,
EFIX R,2572068.0,2572190 124 1029.2 470.9 798
SSACC R,2572192.0,
ESACC R,2572192.0,2572218 28 1031.7 496.7 1035.2 508.1 0.32 108
SFIX R,2572220.0,
EFIX R,2572220.0,2572250 32 1034.9 522.7 716
SSACC R,2572252.0,
SBLINK R,2572262.0,
EBLINK R,2572262.0,2574716 2456
ESACC R,2572252.0,2574754 2504 1031.3 547.1 3270.0 1296.9 41.01 3156
SFIX R,2574756.0,
EFIX R,2574756.0,2574834 80 3270.0 1295.9 229
SSACC R,2574836.0,
SBLINK R,2574848.0,
EBLINK R,2574848.0,2575328 482
ESACC R,2574836.0,2575340 506 3260.7 1310.5 1265.9 615.7 36.81 129
SFIX R,2575342.0,
EFIX R,2575342.0,2575532 192 1297.9 563.1 649
SSACC R,2575534.0,
ESACC R,2575534.0,2575546 14 1333.0 567.4 1335.2 542.5 0.67 86
SFIX R,2575548.0,
EFIX R,2575548.0,2575646 100 1354.5 528.1 686
SSACC R,2575648.0,
SBLINK R,2575786.0,
EBLINK R,2575786.0,2575842 58
ESACC R,2575648.0,2575872 226 1369.6 525.1 1786.8 630.9 10.67 183
SFIX R,2575874.0,
EFIX R,2575874.0,2575910 38 1796.2 629.6 213
SSACC R,2575912.0,
SBLINK R,2576248.0,
EBLINK R,2576248.0,2576382 136
ESACC R,2575912.0,2576420 510 1786.8 634.9 1039.1 537.9 18.98 158
SFIX R,2576422.0,
EFIX R,2576422.0,2578816 2396 1017.0 524.2 526
SSACC R,2578818.0,
ESACC R,2578818.0,2578836 20 937.1 549.6 980.4 525.9 1.34 118
SFIX R,2578838.0,
EFIX R,2578838.0,2579462 626 965.3 533.2 739
SSACC R,2579464.0,
SBLINK R,2579520.0,
EBLINK R,2579520.0,2579634 116
ESACC R,2579464.0,2579648 186 961.1 533.9 1057.4 481.9 2.96 3270
SFIX R,2579650.0,
EFIX R,2579650.0,2580518 870 994.0 557.3 856
SSACC R,2580520.0,
ESACC R,2580520.0,2580536 18 983.4 572.3 966.7 525.7 1.34 119
SFIX R,2580538.0,
EFIX R,2580538.0,2581134 598 975.7 516.1 1003
SSACC R,2581136.0,
ESACC R,2581136.0,2581150 16 978.4 509.6 1000.9 485.0 0.90 87
SFIX R,2581152.0,
EFIX R,2581152.0,2583866 2716 994.5 483.7 971
SSACC R,2583868.0,
ESACC R,2583868.0,2583882 16 1016.9 472.0 1013.5 495.3 0.64 60
SFIX R,2583884.0,
EFIX R,2583884.0,2583916 34 1011.1 513.5 696
SSACC R,2583918.0,
SBLINK R,2583928.0,
EBLINK R,2583928.0,2585682 1756
ESACC R,2583918.0,2585702 1786 3270.0 1186.2 3270.0 1235.5 0.84 171
SFIX R,2585704.0,
EFIX R,2585704.0,2585826 124 3270.0 1260.7 218
SSACC R,2585828.0,
SBLINK R,2585838.0,
EBLINK R,2585838.0,2588078 2242
ESACC R,2585828.0,2588116 2290 3270.0 1287.2 1249.0 508.7 37.45 203
SFIX R,2588118.0,
EFIX R,2588118.0,2588560 444 1174.1 522.4 779
SSACC R,2588562.0,
ESACC R,2588562.0,2588582 22 1119.0 555.7 1061.1 489.2 2.38 178
SFIX R,2588584.0,
EFIX R,2588584.0,2588762 180 1025.8 526.2 595
SSACC R,2588764.0,
ESACC R,2588764.0,2588784 22 1000.0 540.9 945.9 509.6 1.69 159
SFIX R,2588786.0,
EFIX R,2588786.0,2589744 960 935.8 538.5 607
SSACC R,2589746.0,
ESACC R,2589746.0,2589762 18 925.3 545.3 961.1 530.9 1.05 85
SFIX R,2589764.0,
EFIX R,2589764.0,2590544 782 960.1 524.4 794
SSACC R,2590546.0,
ESACC R,2590546.0,2590556 12 967.4 518.7 987.1 512.6 0.56 58
SFIX R,2590558.0,
EFIX R,2590558.0,2590882 326 991.6 506.0 847
SSACC R,2590884.0,
SBLINK R,2590934.0,
EBLINK R,2590934.0,2590934 2
ESACC R,2590884.0,2590944 62 1033.9 501.0 1054.3 544.7 1.31 103
SFIX R,2590946.0,
EFIX R,2590946.0,2592030 1086 1003.4 486.6 772
SSACC R,2592032.0,
ESACC R,2592032.0,2592038 8 1027.5 474.6 1024.6 479.6 0.16 48
SFIX R,2592040.0,
EFIX R,2592040.0,2592274 236 1028.7 491.2 682
SSACC R,2592276.0,
SBLINK R,2592376.0,
EBLINK R,2592376.0,2594426 2052
ESACC R,2592276.0,2594434 2160 1016.0 513.9 1785.7 702.3 19.98 432
SFIX R,2594436.0,
EFIX R,2594436.0,2595110 676 1216.1 457.4 603
SSACC R,2595112.0,
SBLINK R,2595122.0,
EBLINK R,2595122.0,2596854 1734
ESACC R,2595112.0,2596898 1788 1685.8 821.0 1296.6 652.0 10.74 1417
SFIX R,2596900.0,
EFIX R,2596900.0,2597060 162 1293.3 598.5 658
SSACC R,2597062.0,
ESACC R,2597062.0,2597070 10 1278.2 568.2 1280.7 553.2 0.41 76
SFIX R,2597072.0,
EFIX R,2597072.0,2597658 588 1227.5 512.4 519
SSACC R,2597660.0,
ESACC R,2597660.0,2597676 18 1262.7 550.6 1262.6 517.7 0.88 71
SFIX R,2597678.0,
EFIX R,2597678.0,2598044 368 1256.2 508.0 638
SSACC R,2598046.0,
ESACC R,2598046.0,2598066 22 1209.3 558.6 1205.4 533.9 0.67 61
SFIX R,2598068.0,
EFIX R,2598068.0,2598314 248 1204.9 484.2 653
SSACC R,2598316.0,
SBLINK R,2598404.0,
EBLINK R,2598404.0,2598688 286
ESACC R,2598316.0,2598730 416 1182.5 465.5 1195.9 478.5 0.50 136
SFIX R,2598732.0,
EFIX R,2598732.0,2599222 492 1139.3 520.1 694
SSACC R,2599224.0,
ESACC R,2599224.0,2599246 24 1078.3 534.2 977.0 509.9 2.82 241
SFIX R,2599248.0,
EFIX R,2599248.0,2599834 588 977.4 515.4 479
SSACC R,2599836.0,
SBLINK R,2599874.0,
EBLINK R,2599874.0,2600066 194
ESACC R,2599836.0,2600098 264 964.4 563.2 1045.3 466.7 3.41 202
SFIX R,2600100.0,
EFIX R,2600100.0,2600382 284 987.1 548.1 692
SSACC R,2600384.0,
ESACC R,2600384.0,2600404 22 969.3 572.5 996.2 521.1 1.57 128
SFIX R,2600406.0,
EFIX R,2600406.0,2601284 880 963.3 545.9 749
SSACC R,2601286.0,
SBLINK R,2601344.0,
EBLINK R,2601344.0,2601546 204
ESACC R,2601286.0,2601554 270 955.3 559.9 1215.0 653.0 7.42 3270
SFIX R,2601556.0,
EFIX R,2601556.0,2602288 734 992.6 534.9 824
SSACC R,2602290.0,
SBLINK R,2602336.0,
EBLINK R,2602336.0,2602550 216
ESACC R,2602290.0,2602568 280 972.1 582.5 1057.5 453.8 4.18 395
SFIX R,2602570.0,
EFIX R,2602570.0,2603246 678 985.5 563.0 829
SSACC R,2603248.0,
ESACC R,2603248.0,2603262 16 972.4 582.5 971.1 544.7 1.02 100
SFIX R,2603264.0,
EFIX R,2603264.0,2605376 2114 943.0 572.3 910
SSACC R,2605378.0,
ESACC R,2605378.0,2605398 22 935.0 587.9 990.3 583.4 1.50 102
SFIX R,2605400.0,
EFIX R,2605400.0,2605564 166 1004.4 580.8 865
SSACC R,2605566.0,
ESACC R,2605566.0,2605592 28 1011.8 569.3 1025.6 526.2 1.23 75
SFIX R,2605594.0,
EFIX R,2605594.0,2605606 14 1033.1 506.8 954
SSACC R,2605608.0,
SBLINK R,2605682.0,
EBLINK R,2605682.0,2605866 186
ESACC R,2605608.0,2605878 272 1038.0 495.9 1062.8 481.5 0.78 3270
SFIX R,2605880.0,
EFIX R,2605880.0,2606078 200 1002.9 556.1 907
SSACC R,2606080.0,
ESACC R,2606080.0,2606092 14 981.6 576.7 950.8 563.6 0.91 91
SFIX R,2606094.0,
EFIX R,2606094.0,2606700 608 964.2 542.1 720
SSACC R,2606702.0,
SBLINK R,2606796.0,
EBLINK R,2606796.0,2606912 118
ESACC R,2606702.0,2606976 276 974.4 548.3 1009.2 456.0 2.67 147
SFIX R,2606978.0,
EFIX R,2606978.0,2607400 424 988.3 495.9 875
SSACC R,2607402.0,
ESACC R,2607402.0,2607516 116 1018.9 523.8 1719.0 623.0 18.00 283
SFIX R,2607518.0,
EFIX R,2607518.0,2607770 254 1665.4 665.5 833
SSACC R,2607772.0,
ESACC R,2607772.0,2607832 62 1656.1 687.2 1048.1 519.4 16.22 609
SFIX R,2607834.0,
EFIX R,2607834.0,2608060 228 1050.4 517.4 678
SSACC R,2608062.0,
ESACC R,2608062.0,2608092 32 1056.6 510.3 1000.4 504.6 1.53 215
SFIX R,2608094.0,
EFIX R,2608094.0,2609466 1374 981.0 535.8 798
SSACC R,2609468.0,
SBLINK R,2609570.0,
EBLINK R,2609570.0,2609574 6
ESACC R,2609468.0,2609600 134 966.9 552.6 987.8 452.4 2.77 324
SFIX R,2609602.0,
EFIX R,2609602.0,2610620 1020 945.1 540.6 850
SSACC R,2610622.0,
ESACC R,2610622.0,2610640 20 941.9 547.9 989.6 535.7 1.33 115
SFIX R,2610642.0,
EFIX R,2610642.0,2610772 132 982.6 537.6 854
SSACC R,2610774.0,
ESACC R,2610774.0,2610792 20 986.7 533.6 1002.1 489.4 1.27 85
SFIX R,2610794.0,
EFIX R,2610794.0,2610834 42 1027.0 472.1 931
SSACC R,2610836.0,
SBLINK R,2610846.0,
EBLINK R,2610846.0,2610854 10
ESACC R,2610836.0,2610868 34 1125.2 467.0 1127.9 466.1 0.08 87
SFIX R,2610870.0,
EFIX R,2610870.0,2610902 34 1133.5 498.5 901
SSACC R,2610904.0,
SBLINK R,2610914.0,
EBLINK R,2610914.0,2610972 60
ESACC R,2610904.0,2610984 82 1047.7 473.5 1043.8 477.9 0.16 38
SFIX R,2610986.0,
EFIX R,2610986.0,2613534 2550 974.9 554.9 840
SSACC R,2613536.0,
ESACC R,2613536.0,2613548 14 982.4 574.2 1010.3 577.6 0.76 66
SFIX R,2613550.0,
EFIX R,2613550.0,2613706 158 1011.4 582.9 868
SSACC R,2613708.0,
ESACC R,2613708.0,2613718 12 1019.3 555.3 1025.6 534.2 0.60 65
SFIX R,2613720.0,
EFIX R,2613720.0,2613742 24 1038.7 517.0 928
SSACC R,2613744.0,
SBLINK R,2613754.0,
EBLINK R,2613754.0,2613868 116
ESACC R,2613744.0,2613894 152 1107.2 391.8 1043.2 475.8 2.85 88
SFIX R,2613896.0,
EFIX R,2613896.0,2614940 1046 982.6 527.0 700
SSACC R,2614942.0,
ESACC R,2614942.0,2614948 8 977.5 539.1 965.1 538.2 0.34 52
SFIX R,2614950.0,
EFIX R,2614950.0,2615790 842 982.0 507.8 789
SSACC R,2615792.0,
ESACC R,2615792.0,2615804 14 971.1 518.9 990.8 519.7 0.53 44
SFIX R,2615806.0,
EFIX R,2615806.0,2616698 894 986.7 499.4 738
SSACC R,2616700.0,
ESACC R,2616700.0,2616704 6 988.4 497.7 982.1 497.4 0.17 40
SFIX R,2616706.0,
EFIX R,2616706.0,2617012 308 987.6 484.2 771
SSACC R,2617014.0,
ESACC R,2617014.0,2617020 8 1025.4 464.0 1025.2 474.5 0.28 71
SFIX R,2617022.0,
EFIX R,2617022.0,2617060 40 1027.2 487.7 729
SSACC R,2617062.0,
ESACC R,2617062.0,2617130 70 1029.0 481.5 1026.7 445.2 0.98 62
SFIX R,2617132.0,
EFIX R,2617132.0,2617976 846 998.8 451.9 729
SSACC R,2617978.0,
ESACC R,2617978.0,2618016 40 992.2 456.1 997.7 454.7 0.15 52
SFIX R,2618018.0,
EFIX R,2618018.0,2618208 192 1020.2 448.6 695
SSACC R,2618210.0,
SBLINK R,2618240.0,
EBLINK R,2618240.0,2618998 760
ESACC R,2618210.0,2619036 828 1033.7 472.2 1055.7 466.5 0.62 75
SFIX R,2619038.0,
EFIX R,2619038.0,2619182 146 1058.6 479.4 714
SSACC R,2619184.0,
ESACC R,2619184.0,2619188 6 1058.1 492.1 1049.6 493.7 0.23 61
SFIX R,2619190.0,
EFIX R,2619190.0,2619484 296 1049.8 549.6 642
SSACC R,2619486.0,
ESACC R,2619486.0,2619510 26 1056.0 568.9 1001.0 528.7 1.85 119
SFIX R,2619512.0,
EFIX R,2619512.0,2619816 306 1010.1 546.6 511
SSACC R,2619818.0,
ESACC R,2619818.0,2619834 18 1007.2 548.8 978.7 520.5 1.09 84
SFIX R,2619836.0,
EFIX R,2619836.0,2620420 586 996.0 506.5 689
SSACC R,2620422.0,
SBLINK R,2620518.0,
EBLINK R,2620518.0,2620936 420
ESACC R,2620422.0,2620976 556 1037.1 507.6 1083.6 505.0 1.26 95
SFIX R,2620978.0,
EFIX R,2620978.0,2622598 1622 989.5 525.6 531
SSACC R,2622600.0,
ESACC R,2622600.0,2622608 10 976.6 550.6 965.4 534.6 0.53 61
SFIX R,2622610.0,
EFIX R,2622610.0,2622842 234 966.9 542.2 500
SSACC R,2622844.0,
ESACC R,2622844.0,2622848 6 977.9 532.7 979.8 524.5 0.23 50
SFIX R,2622850.0,
EFIX R,2622850.0,2622962 114 1006.1 468.2 549
SSACC R,2622964.0,
ESACC R,2622964.0,2623126 164 1026.7 475.1 1052.9 514.4 1.28 108
SFIX R,2623128.0,
EFIX R,2623128.0,2623868 742 1010.0 504.7 644
SSACC R,2623870.0,
ESACC R,2623870.0,2623876 8 1062.3 493.2 1064.6 481.1 0.33 53
SFIX R,2623878.0,
EFIX R,2623878.0,2624296 420 1017.3 503.8 654
SSACC R,2624298.0,
ESACC R,2624298.0,2624304 8 1011.6 501.8 1010.8 485.1 0.45 62
SFIX R,2624306.0,
EFIX R,2624306.0,2626588 2284 1003.0 484.6 667
SSACC R,2626590.0,
ESACC R,2626590.0,2626600 12 1004.1 502.5 1017.7 480.7 0.70 73
SFIX R,2626602.0,
EFIX R,2626602.0,2626878 278 1035.1 473.4 702
SSACC R,2626880.0,
ESACC R,2626880.0,2626896 18 1036.3 493.5 1040.9 494.1 0.13 56
SFIX R,2626898.0,
EFIX R,2626898.0,2627008 112 1042.5 498.9 701
SSACC R,2627010.0,
ESACC R,2627010.0,2627022 14 1043.2 506.9 1040.6 506.5 0.07 43
SFIX R,2627024.0,
EFIX R,2627024.0,2627192 170 1033.6 509.2 706
SSACC R,2627194.0,
ESACC R,2627194.0,2627350 158 1030.4 507.9 1027.9 495.0 0.36 116
SFIX R,2627352.0,
EFIX R,2627352.0,2628154 804 1001.4 461.1 683
SSACC R,2628156.0,
ESACC R,2628156.0,2628164 10 1008.3 457.1 1009.8 475.7 0.51 64
SFIX R,2628166.0,
EFIX R,2628166.0,2628228 64 1012.3 467.2 626
SSACC R,2628230.0,
ESACC R,2628230.0,2628238 10 1015.2 468.2 1014.1 483.3 0.41 64
SFIX R,2628240.0,
EFIX R,2628240.0,2628278 40 1015.0 481.5 618
SSACC R,2628280.0,
ESACC R,2628280.0,2628330 52 1018.5 477.1 1016.9 497.6 0.56 58
SFIX R,2628332.0,
EFIX R,2628332.0,2628406 76 1022.4 504.6 570
SSACC R,2628408.0,
ESACC R,2628408.0,2628432 26 1030.3 504.3 1026.7 522.8 0.51 67
SFIX R,2628434.0,
EFIX R,2628434.0,2628470 38 1032.0 527.0 559
SSACC R,2628472.0,
SBLINK R,2628506.0,
EBLINK R,2628506.0,2633284 4780
ESACC R,2628472.0,2633318 4848 1037.5 523.4 1555.8 647.6 13.91 382
SFIX R,2633320.0,
EFIX R,2633320.0,2633390 72 1512.7 632.2 808
SSACC R,2633392.0,
ESACC R,2633392.0,2633402 12 1453.9 645.3 1421.1 664.3 0.98 111
SFIX R,2633404.0,
EFIX R,2633404.0,2633450 48 1367.3 647.4 655
SSACC R,2633452.0,
ESACC R,2633452.0,2633460 10 1309.7 624.7 1273.9 624.2 0.95 123
SFIX R,2633462.0,
EFIX R,2633462.0,2633662 202 1185.6 586.6 503
SSACC R,2633664.0,
ESACC R,2633664.0,2633686 24 1107.4 553.0 1041.0 478.2 2.71 235
SFIX R,2633688.0,
EFIX R,2633688.0,2634482 796 992.6 514.0 417
SSACC R,2634484.0,
SBLINK R,2634540.0,
EBLINK R,2634540.0,2634664 126
ESACC R,2634484.0,2634718 236 969.4 568.5 1045.1 453.3 3.73 251
SFIX R,2634720.0,
EFIX R,2634720.0,2635322 604 985.7 520.8 666
SSACC R,2635324.0,
ESACC R,2635324.0,2635332 10 977.4 539.8 989.3 532.4 0.38 50
SFIX R,2635334.0,
EFIX R,2635334.0,2635786 454 982.9 542.4 636
SSACC R,2635788.0,
ESACC R,2635788.0,2635802 16 976.6 556.0 991.4 529.2 0.83 73
SFIX R,2635804.0,
EFIX R,2635804.0,2636374 572 991.3 532.1 732
SSACC R,2636376.0,
SBLINK R,2636432.0,
EBLINK R,2636432.0,2636464 34
ESACC R,2636376.0,2636490 116 990.2 523.5 1023.1 456.6 2.02 112
SFIX R,2636492.0,
EFIX R,2636492.0,2637202 712 974.8 519.1 691
SSACC R,2637204.0,
ESACC R,2637204.0,2637214 12 972.2 523.6 988.4 522.8 0.44 44
SFIX R,2637216.0,
EFIX R,2637216.0,2637374 160 989.6 533.0 633
SSACC R,2637376.0,
SBLINK R,2637424.0,
EBLINK R,2637424.0,2637666 244
ESACC R,2637376.0,2637714 340 991.3 546.4 1038.3 457.2 2.73 3270
SFIX R,2637716.0,
EFIX R,2637716.0,2638588 874 991.3 489.5 872
SSACC R,2638590.0,
SBLINK R,2638632.0,
EBLINK R,2638632.0,2638792 162
ESACC R,2638590.0,2638880 292 1044.3 430.7 1010.5 432.7 0.92 236
SFIX R,2638882.0,
EFIX R,2638882.0,2639402 522 1006.1 464.9 853
SSACC R,2639404.0,
ESACC R,2639404.0,2639494 92 992.1 464.8 931.1 643.3 5.11 109
SFIX R,2639496.0,
EFIX R,2639496.0,2639758 264 963.9 626.7 492
SSACC R,2639760.0,
SBLINK R,2639770.0,
EBLINK R,2639770.0,2640062 294
ESACC R,2639760.0,2640070 312 3270.0 1027.6 3270.0 1054.2 0.44 66
SFIX R,2640072.0,
EFIX R,2640072.0,2640192 122 3270.0 1231.2 237
SSACC R,2640194.0,
ESACC R,2640194.0,2640212 20 3270.0 1261.9 3270.0 1210.0 0.86 80
SFIX R,2640214.0,
EFIX R,2640214.0,2640238 26 3270.0 1208.4 247
SSACC R,2640240.0,
SBLINK R,2640294.0,
EBLINK R,2640294.0,2640832 540
ESACC R,2640240.0,2640840 602 3270.0 1182.3 3270.0 1081.3 1.67 104
SFIX R,2640842.0,
EFIX R,2640842.0,2640864 24 3270.0 1105.6 213
SSACC R,2640866.0,
SBLINK R,2640876.0,
EBLINK R,2640876.0,2641376 502
ESACC R,2640866.0,2641448 584 3270.0 1133.2 1118.0 474.3 36.96 124
SFIX R,2641450.0,
EFIX R,2641450.0,2642366 918 1055.7 494.6 560
SSACC R,2642368.0,
ESACC R,2642368.0,2642382 16 1004.7 566.4 992.9 532.1 0.98 90
SFIX R,2642384.0,
EFIX R,2642384.0,2642848 466 1002.3 524.0 399
SSACC R,2642850.0,
ESACC R,2642850.0,2642858 10 991.1 526.6 984.0 510.1 0.49 64
SFIX R,2642860.0,
EFIX R,2642860.0,2643158 300 983.0 515.7 453
SSACC R,2643160.0,
ESACC R,2643160.0,2643166 8 983.5 517.7 993.2 509.7 0.34 50
SFIX R,2643168.0,
EFIX R,2643168.0,2643232 66 995.9 532.6 441
SSACC R,2643234.0,
SBLINK R,2643274.0,
EBLINK R,2643274.0,2643522 250
ESACC R,2643234.0,2643592 360 994.5 543.3 1017.4 421.7 3.35 322
SFIX R,2643594.0,
EFIX R,2643594.0,2645020 1428 992.1 517.8 625
SSACC R,2645022.0,
SBLINK R,2645082.0,
EBLINK R,2645082.0,2645222 142
ESACC R,2645022.0,2645282 262 995.7 536.3 1011.0 436.2 2.74 190
SFIX R,2645284.0,
EFIX R,2645284.0,2646914 1632 995.1 457.7 735
SSACC R,2646916.0,
SBLINK R,2647036.0,
EBLINK R,2647036.0,2648208 1174
ESACC R,2646916.0,2648224 1310 1028.0 476.4 1165.2 518.2 3.87 135
SFIX R,2648226.0,
EFIX R,2648226.0,2648392 168 1116.3 559.2 726
SSACC R,2648394.0,
ESACC R,2648394.0,2648410 18 1064.6 618.3 995.9 603.6 1.90 169
SFIX R,2648412.0,
EFIX R,2648412.0,2648556 146 991.8 614.7 622
SSACC R,2648558.0,
ESACC R,2648558.0,2648586 30 1004.7 616.3 993.3 536.3 2.19 156
SFIX R,2648588.0,
EFIX R,2648588.0,2648758 172 996.6 568.9 415
SSACC R,2648760.0,
ESACC R,2648760.0,2648784 26 995.0 576.8 1010.0 474.3 2.81 196
SFIX R,2648786.0,
EFIX R,2648786.0,2649350 566 992.1 505.7 425
SSACC R,2649352.0,
SBLINK R,2649408.0,
EBLINK R,2649408.0,2649638 232
ESACC R,2649352.0,2649668 318 976.8 524.7 1059.9 425.9 3.49 217
SFIX R,2649670.0,
EFIX R,2649670.0,2651814 2146 1012.8 473.3 797
SSACC R,2651816.0,
ESACC R,2651816.0,2651878 64 1020.1 469.0 1028.4 467.3 0.23 59
SFIX R,2651880.0,
EFIX R,2651880.0,2652020 142 1034.4 477.9 620
SSACC R,2652022.0,
ESACC R,2652022.0,2652102 82 1049.6 485.0 1035.6 521.9 1.07 68
SFIX R,2652104.0,
EFIX R,2652104.0,2652130 28 1034.6 530.8 567
SSACC R,2652132.0,
ESACC R,2652132.0,2652148 18 1031.6 540.6 1034.8 539.6 0.09 92
SFIX R,2652150.0,
EFIX R,2652150.0,2652226 78 1041.9 528.4 595
SSACC R,2652228.0,
ESACC R,2652228.0,2652282 56 1050.3 514.5 1058.2 466.9 1.31 117
SFIX R,2652284.0,
EFIX R,2652284.0,2653262 980 1009.2 506.3 595
SSACC R,2653264.0,
ESACC R,2653264.0,2653280 18 1015.3 542.4 1007.4 570.8 0.80 68
SFIX R,2653282.0,
EFIX R,2653282.0,2653314 34 1000.7 602.6 407
SSACC R,2653316.0,
SBLINK R,2653354.0,
EBLINK R,2653354.0,2655484 2132
ESACC R,2653316.0,2655492 2178 999.9 627.2 3270.0 1270.4 38.70 3270
SFIX R,2655494.0,
EFIX R,2655494.0,2655652 160 1217.1 556.4 633
SSACC R,2655654.0,
ESACC R,2655654.0,2655662 10 1232.0 537.9 1248.5 527.8 0.52 65
SFIX R,2655664.0,
EFIX R,2655664.0,2656008 346 1310.2 526.0 618
SSACC R,2656010.0,
SBLINK R,2656060.0,
EBLINK R,2656060.0,2658224 2166
ESACC R,2656010.0,2658292 2284 1359.3 521.7 1634.6 654.9 7.80 823
SFIX R,2658294.0,
EFIX R,2658294.0,2658416 124 1528.8 752.6 711
SSACC R,2658418.0,
ESACC R,2658418.0,2658460 44 1411.3 799.2 1271.7 735.4 4.01 125
SFIX R,2658462.0,
EFIX R,2658462.0,2658492 32 1252.8 745.2 678
SSACC R,2658494.0,
ESACC R,2658494.0,2658520 28 1231.8 744.9 1134.1 634.7 3.94 291
SFIX R,2658522.0,
EFIX R,2658522.0,2658578 58 1093.2 636.2 527
SSACC R,2658580.0,
ESACC R,2658580.0,2658606 28 1073.6 640.0 1021.6 506.0 3.89 272
SFIX R,2658608.0,
EFIX R,2658608.0,2658860 254 1017.9 521.1 377
SSACC R,2658862.0,
ESACC R,2658862.0,2658876 16 1024.7 517.1 992.4 485.6 1.22 109
SFIX R,2658878.0,
EFIX R,2658878.0,2659234 358 976.7 494.9 362
SSACC R,2659236.0,
SBLINK R,2659262.0,
EBLINK R,2659262.0,2659410 150
ESACC R,2659236.0,2659424 190 960.5 542.7 1045.3 470.2 3.02 437
SFIX R,2659426.0,
EFIX R,2659426.0,2659756 332 960.6 529.3 634
SSACC R,2659758.0,
ESACC R,2659758.0,2659776 20 949.4 537.6 975.4 512.7 0.98 98
SFIX R,2659778.0,
EFIX R,2659778.0,2660284 508 958.5 530.1 690
SSACC R,2660286.0,
ESACC R,2660286.0,2660294 10 965.7 532.9 979.5 529.2 0.39 49
SFIX R,2660296.0,
EFIX R,2660296.0,2660446 152 990.2 530.3 759
SSACC R,2660448.0,
SBLINK R,2660500.0,
EBLINK R,2660500.0,2660732 234
ESACC R,2660448.0,2660740 294 998.3 535.2 1116.6 486.8 3.46 721
SFIX R,2660742.0,
EFIX R,2660742.0,2660972 232 992.8 488.9 870
SSACC R,2660974.0,
ESACC R,2660974.0,2660986 14 981.8 515.2 997.7 528.8 0.57 52
SFIX R,2660988.0,
EFIX R,2660988.0,2661456 470 988.2 534.7 701
SSACC R,2661458.0,
SBLINK R,2661490.0,
EBLINK R,2661490.0,2661648 160
ESACC R,2661458.0,2661684 228 982.1 569.5 1039.2 478.0 2.92 147
SFIX R,2661686.0,
EFIX R,2661686.0,2661834 150 1006.0 521.8 644
SSACC R,2661836.0,
ESACC R,2661836.0,2661846 12 987.7 543.5 967.3 546.5 0.56 57
SFIX R,2661848.0,
EFIX R,2661848.0,2662294 448 969.0 555.2 738
SSACC R,2662296.0,
ESACC R,2662296.0,2662308 14 975.3 556.1 991.4 537.3 0.67 64
SFIX R,2662310.0,
EFIX R,2662310.0,2662898 590 1010.5 503.0 857
SSACC R,2662900.0,
ESACC R,2662900.0,2662982 84 1039.7 462.2 1002.2 470.2 1.04 72
SFIX R,2662984.0,
EFIX R,2662984.0,2663062 80 1002.4 465.8 965
SSACC R,2663064.0,
SBLINK R,2663194.0,
EBLINK R,2663194.0,2666698 3506
ESACC R,2663064.0,2666710 3648 993.2 476.0 1393.2 608.3 11.20 3032
SFIX R,2666712.0,
EFIX R,2666712.0,2666830 120 1347.6 719.6 761
SSACC R,2666832.0,
ESACC R,2666832.0,2666884 54 1309.3 765.0 1194.0 587.8 5.63 254
SFIX R,2666886.0,
EFIX R,2666886.0,2666980 96 1176.2 612.7 697
SSACC R,2666982.0,
ESACC R,2666982.0,2667036 56 1165.7 613.9 979.1 517.7 5.67 230
SFIX R,2667038.0,
EFIX R,2667038.0,2667858 822 977.3 523.9 424
SSACC R,2667860.0,
ESACC R,2667860.0,2667872 14 975.5 537.8 994.3 515.0 0.80 86
SFIX R,2667874.0,
EFIX R,2667874.0,2667988 116 988.4 529.0 537
SSACC R,2667990.0,
SBLINK R,2668040.0,
EBLINK R,2668040.0,2668154 116
ESACC R,2667990.0,2668180 192 977.0 553.6 1028.6 457.5 2.96 215
SFIX R,2668182.0,
EFIX R,2668182.0,2670750 2570 1002.4 525.1 758
SSACC R,2670752.0,
ESACC R,2670752.0,2670766 16 1005.3 538.0 995.9 500.1 1.06 101
SFIX R,2670768.0,
EFIX R,2670768.0,2671224 458 1002.8 483.8 845
SSACC R,2671226.0,
SBLINK R,2671282.0,
EBLINK R,2671282.0,2671508 228
ESACC R,2671226.0,2671578 354 1016.0 464.8 1050.2 468.4 0.93 160
SFIX R,2671580.0,
EFIX R,2671580.0,2672164 586 1015.8 482.8 936
SSACC R,2672166.0,
ESACC R,2672166.0,2672172 8 987.0 490.1 988.9 482.0 0.23 47
SFIX R,2672174.0,
EFIX R,2672174.0,2672204 32 998.9 483.5 725
SSACC R,2672206.0,
ESACC R,2672206.0,2672212 8 1008.0 479.8 1008.0 492.9 0.36 64
SFIX R,2672214.0,
EFIX R,2672214.0,2672246 34 1004.1 508.1 685
SSACC R,2672248.0,
ESACC R,2672248.0,2672356 110 1011.6 501.2 1031.8 499.1 0.55 94
SFIX R,2672358.0,
EFIX R,2672358.0,2672440 84 1039.4 496.5 726
SSACC R,2672442.0,
ESACC R,2672442.0,2672446 6 1043.9 505.4 1046.3 495.3 0.28 48
SFIX R,2672448.0,
EFIX R,2672448.0,2675374 2928 1036.2 512.9 1176
SSACC R,2675376.0,
ESACC R,2675376.0,2675388 14 1024.4 499.7 1004.9 490.1 0.59 49
SFIX R,2675390.0,
EFIX R,2675390.0,2676380 992 1010.4 499.4 1635
SSACC R,2676382.0,
ESACC R,2676382.0,2676396 16 1011.7 486.3 1032.9 498.2 0.66 80
SFIX R,2676398.0,
EFIX R,2676398.0,2676512 116 1044.4 520.6 1537
SSACC R,2676514.0,
ESACC R,2676514.0,2676526 14 1047.9 523.2 1042.4 544.4 0.59 66
SFIX R,2676528.0,
EFIX R,2676528.0,2676562 36 1049.1 531.4 1539
SSACC R,2676564.0,
ESACC R,2676564.0,2676612 50 1041.0 526.3 992.4 548.3 1.45 114
SFIX R,2676614.0,
EFIX R,2676614.0,2676634 22 998.4 537.3 1539
SSACC R,2676636.0,
SBLINK R,2676694.0,
EBLINK R,2676694.0,2676694 2
ESACC R,2676636.0,2676790 156 996.4 546.7 1039.2 539.7 1.18 279
SFIX R,2676792.0,
EFIX R,2676792.0,2676876 86 1039.2 539.3 1554
SSACC R,2676878.0,
ESACC R,2676878.0,2677246 370 1033.9 538.2 1033.1 526.5 0.32 100
SFIX R,2677248.0,
EFIX R,2677248.0,2677304 58 1034.3 537.4 1549
SSACC R,2677306.0,
ESACC R,2677306.0,2677428 124 1034.3 547.0 1031.2 506.5 1.10 119
SFIX R,2677430.0,
EFIX R,2677430.0,2677996 568 1025.0 490.6 1375
SSACC R,2677998.0,
ESACC R,2677998.0,2678008 12 1019.6 497.9 1013.9 476.2 0.61 58
SFIX R,2678010.0,
EFIX R,2678010.0,2678172 164 1012.8 475.8 1027
SSACC R,2678174.0,
ESACC R,2678174.0,2678180 8 1020.5 471.8 1027.8 460.2 0.37 47
SFIX R,2678182.0,
EFIX R,2678182.0,2678400 220 1047.1 456.1 1131
SSACC R,2678402.0,
ESACC R,2678402.0,2678422 22 1044.8 471.5 1038.9 478.8 0.25 148
SFIX R,2678424.0,
EFIX R,2678424.0,2678472 50 1035.1 488.7 1172
SSACC R,2678474.0,
SBLINK R,2678494.0,
EBLINK R,2678494.0,2679492 1000
ESACC R,2678474.0,2679692 1220 1039.9 489.4 970.9 461.8 2.01 254
SFIX R,2679694.0,
EFIX R,2679694.0,2680018 326 1032.2 460.6 840
SSACC R,2680020.0,
SBLINK R,2680056.0,
EBLINK R,2680056.0,2680882 828
ESACC R,2680020.0,2680950 932 1066.9 460.1 1065.0 445.7 0.39 189
SFIX R,2680952.0,
EFIX R,2680952.0,2681200 250 1061.9 448.1 912
SSACC R,2681202.0,
ESACC R,2681202.0,2681378 178 1075.5 463.0 1118.6 469.3 1.18 239
SFIX R,2681380.0,
EFIX R,2681380.0,2681450 72 1123.1 449.4 796
SSACC R,2681452.0,
ESACC R,2681452.0,2681470 20 1123.8 453.6 1125.6 448.8 0.14 121
SFIX R,2681472.0,
EFIX R,2681472.0,2681826 356 1132.9 466.3 888
SSACC R,2681828.0,
SBLINK R,2681854.0,
EBLINK R,2681854.0,2683262 1410
ESACC R,2681828.0,2683338 1512 1140.4 500.0 3270.0 1088.7 35.51 3270
SFIX R,2683340.0,
EFIX R,2683340.0,2683378 40 3270.0 1135.6 245
SSACC R,2683380.0,
SBLINK R,2683390.0,
EBLINK R,2683390.0,2684686 1298
ESACC R,2683380.0,2684736 1358 3270.0 1101.5 1105.9 449.1 36.02 157
SFIX R,2684738.0,
EFIX R,2684738.0,2684796 60 1100.3 436.2 808
SSACC R,2684798.0,
ESACC R,2684798.0,2684816 20 1101.2 431.2 1105.9 435.5 0.17 49
SFIX R,2684818.0,
EFIX R,2684818.0,2686138 1322 1015.8 482.3 590
SSACC R,2686140.0,
ESACC R,2686140.0,2686152 14 1017.4 492.7 1041.2 477.4 0.77 65
SFIX R,2686154.0,
EFIX R,2686154.0,2686290 138 1058.3 486.9 620
SSACC R,2686292.0,
ESACC R,2686292.0,2686360 70 1081.9 515.1 1072.9 457.0 1.59 103
SFIX R,2686362.0,
EFIX R,2686362.0,2686892 532 997.2 459.0 644
SSACC R,2686894.0,
ESACC R,2686894.0,2686904 12 1012.4 508.9 1010.4 530.7 0.59 79
SFIX R,2686906.0,
EFIX R,2686906.0,2687010 106 1013.6 554.8 463
SSACC R,2687012.0,
ESACC R,2687012.0,2687036 26 1015.3 556.0 1014.9 515.6 1.09 87
SFIX R,2687038.0,
EFIX R,2687038.0,2687196 160 1010.3 508.1 523
SSACC R,2687198.0,
ESACC R,2687198.0,2687232 36 1007.2 505.9 1013.0 524.7 0.53 70
SFIX R,2687234.0,
EFIX R,2687234.0,2687238 6 1007.8 534.0 506
SSACC R,2687240.0,
ESACC R,2687240.0,2687244 6 1010.3 537.6 1009.2 551.9 0.39 64
SFIX R,2687246.0,
EFIX R,2687246.0,2687282 38 1010.1 575.0 478
SSACC R,2687284.0,
SBLINK R,2687354.0,
EBLINK R,2687354.0,2690706 3354
ESACC R,2687284.0,2690768 3486 1010.9 601.8 1439.5 450.5 12.02 818
SFIX R,2690770.0,
EFIX R,2690770.0,2691772 1004 1194.5 398.7 611
SSACC R,2691774.0,
ESACC R,2691774.0,2691780 8 951.1 477.8 961.2 480.0 0.28 51
SFIX R,2691782.0,
EFIX R,2691782.0,2692006 226 1046.9 507.8 551
SSACC R,2692008.0,
ESACC R,2692008.0,2692026 20 1069.2 539.9 1014.8 532.1 1.49 108
SFIX R,2692028.0,
EFIX R,2692028.0,2692120 94 1004.2 538.9 500
SSACC R,2692122.0,
ESACC R,2692122.0,2692130 10 1008.2 541.3 998.2 525.0 0.52 62
SFIX R,2692132.0,
EFIX R,2692132.0,2692386 256 1010.3 537.9 424
SSACC R,2692388.0,
ESACC R,2692388.0,2692396 10 1008.8 549.4 1010.1 533.8 0.42 53
SFIX R,2692398.0,
EFIX R,2692398.0,2693266 870 980.9 497.2 546
SSACC R,2693268.0,
ESACC R,2693268.0,2693276 10 1026.5 550.0 1019.2 574.0 0.68 100
SFIX R,2693278.0,
EFIX R,2693278.0,2693312 36 1025.4 588.1 543
SSACC R,2693314.0,
ESACC R,2693314.0,2693322 10 1035.8 582.4 1035.7 605.9 0.64 76
SFIX R,2693324.0,
EFIX R,2693324.0,2693396 74 1033.4 640.0 464
SSACC R,2693398.0,
SBLINK R,2693408.0,
EBLINK R,2693408.0,2693540 134
ESACC R,2693398.0,2693598 202 1053.3 624.5 1071.7 523.9 2.77 129
SFIX R,2693600.0,
EFIX R,2693600.0,2693798 200 1057.1 480.3 733
SSACC R,2693800.0,
ESACC R,2693800.0,2693912 114 1037.3 479.2 982.1 631.0 4.38 110
SFIX R,2693914.0,
EFIX R,2693914.0,2693940 28 972.3 649.6 491
SSACC R,2693942.0,
SBLINK R,2693952.0,
EBLINK R,2693952.0,2697070 3120
ESACC R,2693942.0,2697096 3156 1243.7 580.7 1242.0 552.9 0.75 93
SFIX R,2697098.0,
EFIX R,2697098.0,2697332 236 1171.8 555.3 633
SSACC R,2697334.0,
ESACC R,2697334.0,2697350 18 1125.4 554.9 1102.3 526.4 0.99 73
SFIX R,2697352.0,
EFIX R,2697352.0,2697502 152 1074.0 515.2 454
SSACC R,2697504.0,
ESACC R,2697504.0,2697508 6 1050.1 508.6 1041.2 507.0 0.25 49
SFIX R,2697510.0,
EFIX R,2697510.0,2699164 1656 999.3 494.1 564
SSACC R,2699166.0,
ESACC R,2699166.0,2699202 38 1045.8 469.7 1045.7 526.7 1.54 83
SFIX R,2699204.0,
EFIX R,2699204.0,2699228 26 1044.5 536.1 654
SSACC R,2699230.0,
ESACC R,2699230.0,2699410 182 1041.3 546.6 1066.9 480.4 1.92 163
SFIX R,2699412.0,
EFIX R,2699412.0,2699476 66 1056.5 454.1 751
SSACC R,2699478.0,
ESACC R,2699478.0,2699488 12 1050.8 455.1 1050.5 472.6 0.47 50
SFIX R,2699490.0,
EFIX R,2699490.0,2700136 648 1059.1 518.8 610
SSACC R,2700138.0,
ESACC R,2700138.0,2700152 16 1055.3 534.3 1025.9 514.3 0.96 93
SFIX R,2700154.0,
EFIX R,2700154.0,2700308 156 1024.0 518.9 569
SSACC R,2700310.0,
ESACC R,2700310.0,2700330 22 1016.5 516.7 940.4 519.0 2.06 168
SFIX R,2700332.0,
EFIX R,2700332.0,2701288 958 959.0 534.0 579
SSACC R,2701290.0,
ESACC R,2701290.0,2701300 12 966.1 543.5 981.1 537.7 0.44 47
SFIX R,2701302.0,
EFIX R,2701302.0,2701744 444 1000.2 520.5 737
SSACC R,2701746.0,
ESACC R,2701746.0,2701754 10 1042.2 499.9 1047.9 489.3 0.33 47
SFIX R,2701756.0,
EFIX R,2701756.0,2701782 28 1050.0 499.0 746
SSACC R,2701784.0,
ESACC R,2701784.0,2701824 42 1053.9 500.7 1050.2 519.9 0.53 92
SFIX R,2701826.0,
EFIX R,2701826.0,2701850 26 1049.1 524.2 718
SSACC R,2701852.0,
ESACC R,2701852.0,2701872 22 1043.4 525.9 1045.8 516.8 0.26 81
SFIX R,2701874.0,
EFIX R,2701874.0,2702374 502 981.1 497.2 755
SSACC R,2702376.0,
ESACC R,2702376.0,2702454 80 1012.1 554.8 988.2 613.7 1.72 130
SFIX R,2702456.0,
EFIX R,2702456.0,2702500 46 990.3 629.5 521
SSACC R,2702502.0,
SBLINK R,2702542.0,
EBLINK R,2702542.0,2705092 2552
ESACC R,2702502.0,2705654 3154 988.7 641.8 783.1 679.9 5.64 3270
SFIX R,2705656.0,
EFIX R,2705656.0,2705738 84 795.7 676.5 319
SSACC R,2705740.0,
ESACC R,2705740.0,2705802 64 825.2 671.0 847.0 659.7 0.66 300
SFIX R,2705804.0,
EFIX R,2705804.0,2705886 84 875.8 669.3 335
SSACC R,2705888.0,
SBLINK R,2705974.0,
EBLINK R,2705974.0,2709870 3898
ESACC R,2705888.0,2710080 4194 892.4 667.6 1799.6 997.8 24.09 2990
SFIX R,2710082.0,
EFIX R,2710082.0,2710138 58 1800.4 983.7 244
SSACC R,2710140.0,
SBLINK R,2710194.0,
EBLINK R,2710194.0,2710938 746
ESACC R,2710140.0,2711012 874 1807.2 967.7 1157.2 482.6 20.36 857
SFIX R,2711014.0,
EFIX R,2711014.0,2711156 144 1209.8 473.3 699
SSACC R,2711158.0,
ESACC R,2711158.0,2711176 20 1251.5 463.5 1257.2 486.3 0.63 65
SFIX R,2711178.0,
EFIX R,2711178.0,2711226 50 1266.4 489.0 731
SSACC R,2711228.0,
SBLINK R,2711254.0,
EBLINK R,2711254.0,2711318 66
ESACC R,2711228.0,2711326 100 1280.4 497.1 1279.7 511.8 0.39 84
SFIX R,2711328.0,
EFIX R,2711328.0,2711632 306 1285.4 493.4 686
SSACC R,2711634.0,
ESACC R,2711634.0,2711700 68 1304.3 544.7 1304.2 509.8 0.93 117
SFIX R,2711702.0,
EFIX R,2711702.0,2711764 64 1305.7 521.6 656
SSACC R,2711766.0,
SBLINK R,2711824.0,
EBLINK R,2711824.0,2712010 188
ESACC R,2711766.0,2712076 312 1302.8 524.2 1252.9 458.0 2.21 156
SFIX R,2712078.0,
EFIX R,2712078.0,2712128 52 1247.0 456.3 840
SSACC R,2712130.0,
ESACC R,2712130.0,2712196 68 1248.2 451.1 1238.8 538.1 2.35 104
SFIX R,2712198.0,
EFIX R,2712198.0,2712212 16 1236.6 548.0 821
SSACC R,2712214.0,
SBLINK R,2712224.0,
EBLINK R,2712224.0,2712226 4
ESACC R,2712214.0,2712286 74 1235.4 551.9 1231.7 562.5 0.30 122
SFIX R,2712288.0,
EFIX R,2712288.0,2712364 78 1221.8 553.1 779
SSACC R,2712366.0,
SBLINK R,2712378.0,
EBLINK R,2712378.0,2718102 5726
ESACC R,2712366.0,2718118 5754 1221.1 560.6 1284.6 526.8 1.92 2436
SFIX R,2718120.0,
EFIX R,2718120.0,2719654 1536 1085.7 473.8 702
SSACC R,2719656.0,
ESACC R,2719656.0,2719662 8 1062.7 476.9 1063.6 480.5 0.10 63
SFIX R,2719664.0,
EFIX R,2719664.0,2720102 440 1071.9 480.9 883
SSACC R,2720104.0,
SBLINK R,2720128.0,
EBLINK R,2720128.0,2724598 4472
ESACC R,2720104.0,2724658 4556 1108.9 525.0 1125.4 550.7 0.83 1310
SFIX R,2724660.0,
EFIX R,2724660.0,2725058 400 960.1 510.8 698
SSACC R,2725060.0,
ESACC R,2725060.0,2725090 32 875.6 523.9 872.9 552.5 0.78 185
SFIX R,2725092.0,
EFIX R,2725092.0,2725132 42 875.0 569.8 611
SSACC R,2725134.0,
SBLINK R,2725178.0,
EBLINK R,2725178.0,2725464 288
ESACC R,2725134.0,2725496 364 875.6 594.4 1036.7 545.7 4.56 391
SFIX R,2725498.0,
EFIX R,2725498.0,2725594 98 1082.9 512.7 698
SSACC R,2725596.0,
ESACC R,2725596.0,2725608 14 1116.8 508.9 1121.8 527.1 0.51 71
SFIX R,2725610.0,
EFIX R,2725610.0,2725794 186 1143.7 531.3 812
SSACC R,2725796.0,
SBLINK R,2725820.0,
EBLINK R,2725820.0,2726096 278
ESACC R,2725796.0,2726134 340 1169.5 553.4 1121.3 514.8 1.66 175
SFIX R,2726136.0,
EFIX R,2726136.0,2726764 630 1097.9 492.2 786
SSACC R,2726766.0,
ESACC R,2726766.0,2726788 24 1044.7 515.2 969.4 520.1 2.04 188
SFIX R,2726790.0,
EFIX R,2726790.0,2727340 552 967.8 519.0 558
SSACC R,2727342.0,
ESACC R,2727342.0,2727362 22 967.7 531.5 1025.9 540.2 1.59 108
SFIX R,2727364.0,
EFIX R,2727364.0,2727424 62 1050.7 556.6 620
SSACC R,2727426.0,
ESACC R,2727426.0,2727446 22 1067.3 542.9 1115.2 531.1 1.33 76
SFIX R,2727448.0,
EFIX R,2727448.0,2727634 188 1230.4 576.1 657
SSACC R,2727636.0,
ESACC R,2727636.0,2727642 8 1291.9 595.7 1305.4 590.7 0.38 64
SFIX R,2727644.0,
EFIX R,2727644.0,2727760 118 1319.1 588.2 686
SSACC R,2727762.0,
ESACC R,2727762.0,2727830 70 1318.3 587.5 974.7 495.4 9.52 304
SFIX R,2727832.0,
EFIX R,2727832.0,2728004 174 1030.8 511.1 750
SSACC R,2728006.0,
ESACC R,2728006.0,2728024 20 1046.4 519.7 989.3 525.2 1.55 135
SFIX R,2728026.0,
EFIX R,2728026.0,2729810 1786 982.9 519.0 810
SSACC R,2729812.0,
SBLINK R,2729980.0,
EBLINK R,2729980.0,2731820 1842
ESACC R,2729812.0,2731862 2052 1018.1 496.1 1094.5 564.3 2.77 247
SFIX R,2731864.0,
EFIX R,2731864.0,2731988 126 1058.7 582.9 873
SSACC R,2731990.0,
ESACC R,2731990.0,2732020 32 1029.8 599.0 1024.6 522.0 2.09 148
SFIX R,2732022.0,
EFIX R,2732022.0,2732424 404 1009.7 563.6 536
SSACC R,2732426.0,
ESACC R,2732426.0,2732448 24 1004.2 571.7 1000.5 471.5 2.72 246
SFIX R,2732450.0,
EFIX R,2732450.0,2732732 284 991.0 501.3 587
SSACC R,2732734.0,
ESACC R,2732734.0,2732756 24 991.6 496.1 995.9 455.8 1.10 144
SFIX R,2732758.0,
EFIX R,2732758.0,2733720 964 997.3 469.6 917
SSACC R,2733722.0,
ESACC R,2733722.0,2733728 8 1004.8 460.2 1015.0 460.7 0.28 44
SFIX R,2733730.0,
EFIX R,2733730.0,2734098 370 1018.5 468.9 1012
SSACC R,2734100.0,
SBLINK R,2734134.0,
EBLINK R,2734134.0,2734244 112
ESACC R,2734100.0,2734332 234 1058.4 510.4 1045.8 504.9 0.37 77
SFIX R,2734334.0,
EFIX R,2734334.0,2734454 122 1039.7 502.2 1135
SSACC R,2734456.0,
ESACC R,2734456.0,2734500 46 1040.6 507.4 1043.3 510.4 0.11 100
SFIX R,2734502.0,
EFIX R,2734502.0,2734542 42 1044.4 522.9 1157
SSACC R,2734544.0,
SBLINK R,2734580.0,
EBLINK R,2734580.0,2744902 10324
ESACC R,2734544.0,2744916 10374 1052.7 537.8 1245.9 882.9 10.54 3051
SFIX R,2744918.0,
EFIX R,2744918.0,2744996 80 1236.5 922.2 704
SSACC R,2744998.0,
ESACC R,2744998.0,2745046 50 1235.6 936.1 1292.4 727.2 5.69 213
SFIX R,2745048.0,
EFIX R,2745048.0,2745086 40 1280.5 738.0 752
SSACC R,2745088.0,
ESACC R,2745088.0,2745126 40 1272.0 745.3 1288.8 653.3 2.49 150
SFIX R,2745128.0,
EFIX R,2745128.0,2745168 42 1289.3 661.6 694
SSACC R,2745170.0,
ESACC R,2745170.0,2745194 26 1288.2 655.9 1295.9 607.1 1.32 84
SFIX R,2745196.0,
EFIX R,2745196.0,2745314 120 1294.3 567.0 543
SSACC R,2745316.0,
ESACC R,2745316.0,2745328 14 1292.3 528.5 1294.2 502.6 0.70 77
SFIX R,2745330.0,
EFIX R,2745330.0,2745762 434 1177.3 479.1 422
SSACC R,2745764.0,
SBLINK R,2745796.0,
EBLINK R,2745796.0,2746374 580
ESACC R,2745764.0,2746510 748 1037.2 536.3 1000.3 612.1 2.28 200
SFIX R,2746512.0,
EFIX R,2746512.0,2746612 102 1012.3 585.4 678
SSACC R,2746614.0,
ESACC R,2746614.0,2746624 12 1016.0 586.4 1015.3 567.9 0.50 68
SFIX R,2746626.0,
EFIX R,2746626.0,2746810 186 1012.4 569.1 646
SSACC R,2746812.0,
SBLINK R,2746854.0,
EBLINK R,2746854.0,2750568 3716
ESACC R,2746812.0,2750644 3834 1010.9 589.5 1840.9 978.9 22.83 905
SFIX R,2750646.0,
EFIX R,2750646.0,2750690 46 1827.8 988.1 276
SSACC R,2750692.0,
ESACC R,2750692.0,2750696 6 1829.2 981.8 1837.4 981.1 0.19 51
SFIX R,2750698.0,
EFIX R,2750698.0,2750766 70 1825.3 995.2 271
SSACC R,2750768.0,
ESACC R,2750768.0,2750816 50 1820.8 999.5 1820.9 1024.9 0.61 142
SFIX R,2750818.0,
EFIX R,2750818.0,2750866 50 1814.4 1008.9 218
SSACC R,2750868.0,
SBLINK R,2750908.0,
EBLINK R,2750908.0,2753974 3068
ESACC R,2750868.0,2754054 3188 1818.4 1006.4 1255.2 398.2 20.72 3270
SFIX R,2754056.0,
EFIX R,2754056.0,2755378 1324 1067.3 507.1 397
SSACC R,2755380.0,
ESACC R,2755380.0,2755406 28 978.5 538.2 996.2 491.8 1.35 68
SFIX R,2755408.0,
EFIX R,2755408.0,2755470 64 1007.1 487.4 423
SSACC R,2755472.0,
ESACC R,2755472.0,2755502 32 1010.5 488.2 999.6 495.6 0.36 60
SFIX R,2755504.0,
EFIX R,2755504.0,2757874 2372 972.7 515.7 527
SSACC R,2757876.0,
SBLINK R,2757922.0,
EBLINK R,2757922.0,2758490 570
ESACC R,2757876.0,2758546 672 987.6 461.6 1347.2 477.4 9.60 284
SFIX R,2758548.0,
EFIX R,2758548.0,2758656 110 1289.3 519.1 786
SSACC R,2758658.0,
ESACC R,2758658.0,2758662 6 1225.3 582.4 1212.2 587.6 0.38 82
SFIX R,2758664.0,
EFIX R,2758664.0,2758776 114 1151.9 628.9 705
SSACC R,2758778.0,
ESACC R,2758778.0,2758788 12 1137.1 641.8 1159.0 646.4 0.60 64
SFIX R,2758790.0,
EFIX R,2758790.0,2758992 204 1144.0 640.3 611
SSACC R,2758994.0,
ESACC R,2758994.0,2759038 46 1120.2 635.5 1076.2 527.4 3.16 149
SFIX R,2759040.0,
EFIX R,2759040.0,2759102 64 1064.2 539.9 455
SSACC R,2759104.0,
ESACC R,2759104.0,2759118 16 1054.5 544.7 1047.4 515.6 0.81 70
SFIX R,2759120.0,
EFIX R,2759120.0,2759284 166 1030.0 514.8 421
SSACC R,2759286.0,
ESACC R,2759286.0,2759292 8 1021.4 510.9 1011.7 506.4 0.29 46
SFIX R,2759294.0,
EFIX R,2759294.0,2761108 1816 976.7 496.6 572
SSACC R,2761110.0,
ESACC R,2761110.0,2761126 18 1014.9 505.5 1026.7 538.7 0.95 69
SFIX R,2761128.0,
EFIX R,2761128.0,2761154 28 1030.0 561.4 536
SSACC R,2761156.0,
SBLINK R,2761176.0,
EBLINK R,2761176.0,2765098 3924
ESACC R,2761156.0,2765204 4050 1030.4 585.1 1173.8 589.7 3.87 200
SFIX R,2765206.0,
EFIX R,2765206.0,2765352 148 1128.0 569.0 404
SSACC R,2765354.0,
SBLINK R,2765364.0,
EBLINK R,2765364.0,2765364 2
ESACC R,2765354.0,2765372 20 1030.4 585.1 1173.8 589.7 3.88 0
SFIX R,2765374.0,
EFIX R,2765374.0,2765790 418 1012.5 530.3 399
SSACC R,2765792.0,
SBLINK R,2765844.0,
EBLINK R,2765844.0,2771126 5284
ESACC R,2765792.0,2771202 5412 935.0 540.1 1062.9 584.5 3.66 349
SFIX R,2771204.0,
EFIX R,2771204.0,2771288 86 973.8 573.3 637
SSACC R,2771290.0,
ESACC R,2771290.0,2771496 208 880.3 566.9 654.8 622.2 6.23 298
SFIX R,2771498.0,
EFIX R,2771498.0,2771588 92 615.5 589.1 449
SSACC R,2771590.0,
SBLINK R,2772018.0,
EBLINK R,2772018.0,2782506 10490
ESACC R,2771590.0,2782522 10934 589.4 585.2 1341.6 818.5 20.64 656
SFIX R,2782524.0,
EFIX R,2782524.0,2782652 130 1296.5 876.0 717
SSACC R,2782654.0,
ESACC R,2782654.0,2782690 38 1278.3 853.7 1333.6 718.1 3.86 287
SFIX R,2782692.0,
EFIX R,2782692.0,2782810 120 1302.7 753.5 708
SSACC R,2782812.0,
ESACC R,2782812.0,2782854 44 1294.7 781.6 1342.5 599.3 5.00 259
SFIX R,2782856.0,
EFIX R,2782856.0,2782910 56 1330.3 617.4 496
SSACC R,2782912.0,
ESACC R,2782912.0,2782916 6 1319.5 628.3 1322.0 616.5 0.32 66
SFIX R,2782918.0,
EFIX R,2782918.0,2782982 66 1316.0 603.8 444
SSACC R,2782984.0,
ESACC R,2782984.0,2782988 6 1310.9 594.3 1310.5 590.0 0.12 54
SFIX R,2782990.0,
EFIX R,2782990.0,2783672 684 1212.3 510.6 530
SSACC R,2783674.0,
SBLINK R,2783770.0,
EBLINK R,2783770.0,2783894 126
ESACC R,2783674.0,2784184 512 1125.2 491.7 1169.5 502.0 1.22 196
SFIX R,2784186.0,
EFIX R,2784186.0,2784686 502 1141.0 472.6 802
SSACC R,2784688.0,
ESACC R,2784688.0,2784822 136 1122.1 482.6 1128.0 476.0 0.24 150
SFIX R,2784824.0,
EFIX R,2784824.0,2784850 28 1125.9 488.7 848
SSACC R,2784852.0,
SBLINK R,2784898.0,
EBLINK R,2784898.0,2785718 822
ESACC R,2784852.0,2785966 1116 1126.1 490.2 1828.9 1063.6 22.61 2583
SFIX R,2785968.0,
EFIX R,2785968.0,2785996 30 1820.1 1077.3 221
SSACC R,2785998.0,
SBLINK R,2786012.0,
EBLINK R,2786012.0,2794796 8786
ESACC R,2785998.0,2794806 8810 1822.5 1076.3 1941.8 965.0 3.76 3270
SFIX R,2794808.0,
EFIX R,2794808.0,2794856 50 1930.7 967.0 182
SSACC R,2794858.0,
SBLINK R,2794872.0,
EBLINK R,2794872.0,2798606 3736
ESACC R,2794858.0,2798648 3792 1954.0 958.4 1563.3 588.4 12.96 1210
SFIX R,2798650.0,
EFIX R,2798650.0,2798698 50 1538.9 612.6 811
SSACC R,2798700.0,
ESACC R,2798700.0,2798718 20 1520.7 625.9 1497.2 563.8 1.74 141
SFIX R,2798720.0,
EFIX R,2798720.0,2798804 86 1471.6 571.9 822
SSACC R,2798806.0,
ESACC R,2798806.0,2798822 18 1456.8 579.6 1445.5 552.8 0.77 62
SFIX R,2798824.0,
EFIX R,2798824.0,2798856 34 1444.6 550.4 799
SSACC R,2798858.0,
ESACC R,2798858.0,2798862 6 1440.8 550.0 1441.4 539.3 0.28 66
SFIX R,2798864.0,
EFIX R,2798864.0,2800342 1480 1146.4 475.8 640
SSACC R,2800344.0,
ESACC R,2800344.0,2800372 30 1041.6 529.8 1027.1 552.5 0.73 75
SFIX R,2800374.0,
EFIX R,2800374.0,2800408 36 1026.7 556.0 711
SSACC R,2800410.0,
SBLINK R,2800456.0,
EBLINK R,2800456.0,2814242 13788
ESACC R,2800410.0,2814264 13856 1025.9 558.8 1464.3 934.3 15.12 539
SFIX R,2814266.0,
EFIX R,2814266.0,2814616 352 1356.2 938.2 682
SSACC R,2814618.0,
ESACC R,2814618.0,2814670 54 1322.9 905.3 1281.1 584.6 8.53 350
SFIX R,2814672.0,
EFIX R,2814672.0,2814730 60 1268.1 610.7 453
SSACC R,2814732.0,
ESACC R,2814732.0,2814756 26 1258.1 619.1 1124.9 558.1 3.93 285
SFIX R,2814758.0,
EFIX R,2814758.0,2814902 146 1109.9 541.1 458
SSACC R,2814904.0,
ESACC R,2814904.0,2814928 26 1099.6 529.5 970.1 493.6 3.64 329
SFIX R,2814930.0,
EFIX R,2814930.0,2815582 654 989.4 530.1 729
SSACC R,2815584.0,
ESACC R,2815584.0,2815684 102 979.7 538.9 1748.4 711.3 19.98 324
SFIX R,2815686.0,
EFIX R,2815686.0,2815780 96 1702.2 692.6 884
SSACC R,2815782.0,
ESACC R,2815782.0,2815860 80 1663.4 678.8 956.4 525.9 18.59 446
SFIX R,2815862.0,
EFIX R,2815862.0,2816510 650 1008.3 525.1 1002
SSACC R,2816512.0,
SBLINK R,2816560.0,
EBLINK R,2816560.0,2816688 130
ESACC R,2816512.0,2816710 200 1007.2 543.7 1059.1 493.8 1.95 3270
SFIX R,2816712.0,
EFIX R,2816712.0,2817736 1026 1007.4 531.1 1014
SSACC R,2817738.0,
ESACC R,2817738.0,2817754 18 996.4 535.0 1046.6 536.9 1.36 114
SFIX R,2817756.0,
EFIX R,2817756.0,2818066 312 1058.8 532.2 1037
SSACC R,2818068.0,
ESACC R,2818068.0,2818088 22 1058.7 533.8 1005.3 539.1 1.45 90
SFIX R,2818090.0,
EFIX R,2818090.0,2818348 260 1033.9 505.8 1118
SSACC R,2818350.0,
ESACC R,2818350.0,2818506 158 1085.8 494.2 1063.9 461.1 1.07 290
SFIX R,2818508.0,
EFIX R,2818508.0,2819116 610 1029.2 501.0 1128
SSACC R,2819118.0,
SBLINK R,2819194.0,
EBLINK R,2819194.0,2819328 136
ESACC R,2819118.0,2819372 256 1017.4 519.9 1087.8 481.8 2.17 171
SFIX R,2819374.0,
EFIX R,2819374.0,2821510 2138 1026.7 481.6 1067
SSACC R,2821512.0,
SBLINK R,2821580.0,
EBLINK R,2821580.0,2821680 102
ESACC R,2821512.0,2821772 262 1041.0 519.3 1082.7 509.0 1.16 133
SFIX R,2821774.0,
EFIX R,2821774.0,2822358 586 1010.4 516.4 885
SSACC R,2822360.0,
SBLINK R,2822400.0,
EBLINK R,2822400.0,2824174 1776
ESACC R,2822360.0,2824214 1856 1003.9 619.3 1036.8 532.2 2.52 207
SFIX R,2824216.0,
EFIX R,2824216.0,2825150 936 1034.9 513.0 468
SSACC R,2825152.0,
ESACC R,2825152.0,2825162 12 1023.5 533.2 999.5 521.8 0.72 75
SFIX R,2825164.0,
EFIX R,2825164.0,2826056 894 1007.4 504.6 689
SSACC R,2826058.0,
SBLINK R,2826094.0,
EBLINK R,2826094.0,2826292 200
ESACC R,2826058.0,2826314 258 1048.4 490.1 1091.2 484.3 1.17 278
SFIX R,2826316.0,
EFIX R,2826316.0,2827108 794 1030.9 521.7 710
SSACC R,2827110.0,
ESACC R,2827110.0,2827118 10 1041.8 533.4 1026.8 533.9 0.41 50
SFIX R,2827120.0,
EFIX R,2827120.0,2827798 680 1010.9 510.0 743
SSACC R,2827800.0,
SBLINK R,2827926.0,
EBLINK R,2827926.0,2828274 350
ESACC R,2827800.0,2828392 594 1060.5 470.7 1045.6 490.0 0.66 160
SFIX R,2828394.0,
EFIX R,2828394.0,2829520 1128 1022.2 486.3 702
SSACC R,2829522.0,
SBLINK R,2829606.0,
EBLINK R,2829606.0,2835048 5444
ESACC R,2829522.0,2835056 5536 1050.9 499.4 1017.1 694.2 5.34 145
SFIX R,2835058.0,
EFIX R,2835058.0,2835562 506 1298.6 577.6 635
SSACC R,2835564.0,
SBLINK R,2835850.0,
EBLINK R,2835850.0,2836968 1120
ESACC R,2835564.0,2837062 1500 1273.5 605.6 1058.0 531.3 6.11 2813
SFIX R,2837064.0,
EFIX R,2837064.0,2837116 54 1063.8 519.5 805
SSACC R,2837118.0,
ESACC R,2837118.0,2837156 40 1067.9 510.4 1059.6 494.4 0.49 72
SFIX R,2837158.0,
EFIX R,2837158.0,2837196 40 1058.5 489.8 772
SSACC R,2837198.0,
ESACC R,2837198.0,2837222 26 1055.9 492.7 1059.6 488.1 0.16 54
SFIX R,2837224.0,
EFIX R,2837224.0,2837254 32 1056.3 486.0 715
SSACC R,2837256.0,
ESACC R,2837256.0,2837268 14 1058.2 475.6 1053.6 488.6 0.37 53
SFIX R,2837270.0,
EFIX R,2837270.0,2837408 140 1043.1 511.8 617
SSACC R,2837410.0,
ESACC R,2837410.0,2837430 22 1024.1 558.1 1009.2 618.9 1.70 125
SFIX R,2837432.0,
EFIX R,2837432.0,2837474 44 1000.5 646.3 392
SSACC R,2837476.0,
SBLINK R,2837486.0,
EBLINK R,2837486.0,2840838 3354
ESACC R,2837476.0,2840880 3406 3270.0 1032.7 1896.5 918.5 20.89 3270
SFIX R,2840882.0,
EFIX R,2840882.0,2841008 128 1904.0 904.6 207
SSACC R,2841010.0,
SBLINK R,2841070.0,
EBLINK R,2841070.0,2845620 4552
ESACC R,2841010.0,2845672 4664 1897.9 942.1 1412.6 829.4 11.95 2263
SFIX R,2845674.0,
EFIX R,2845674.0,2845782 110 1350.6 831.0 845
SSACC R,2845784.0,
ESACC R,2845784.0,2845792 10 1314.8 826.5 1316.1 809.9 0.44 53
SFIX R,2845794.0,
EFIX R,2845794.0,2845882 90 1330.3 748.5 903
SSACC R,2845884.0,
ESACC R,2845884.0,2845928 46 1349.8 692.3 1355.4 486.4 5.48 304
SFIX R,2845930.0,
EFIX R,2845930.0,2846060 132 1345.2 481.5 603
SSACC R,2846062.0,
ESACC R,2846062.0,2846122 62 1336.2 471.1 1292.6 494.3 1.31 117
SFIX R,2846124.0,
EFIX R,2846124.0,2846174 52 1280.9 494.0 409
SSACC R,2846176.0,
ESACC R,2846176.0,2846220 46 1263.7 490.1 1241.6 472.1 0.76 60
SFIX R,2846222.0,
EFIX R,2846222.0,2846258 38 1235.8 470.3 396
SSACC R,2846260.0,
ESACC R,2846260.0,2846298 40 1226.4 469.2 1199.2 464.4 0.74 94
SFIX R,2846300.0,
EFIX R,2846300.0,2846402 104 1166.2 508.9 387
SSACC R,2846404.0,
SBLINK R,2846446.0,
EBLINK R,2846446.0,2856564 10120
ESACC R,2846404.0,2856620 10218 1141.2 552.2 1387.5 816.1 9.57 200
SFIX R,2856622.0,
EFIX R,2856622.0,2856676 56 1385.6 781.9 866
SSACC R,2856678.0,
SBLINK R,2856688.0,
EBLINK R,2856688.0,2857574 888
ESACC R,2856678.0,2857604 928 1951.3 833.6 1973.1 866.4 0.92 73
SFIX R,2857606.0,
EFIX R,2857606.0,2857668 64 1986.0 882.5 226
SSACC R,2857670.0,
SBLINK R,2857766.0,
EBLINK R,2857766.0,2859864 2100
ESACC R,2857670.0,2859928 2260 1984.6 876.6 1918.2 912.8 1.70 118
SFIX R,2859930.0,
EFIX R,2859930.0,2859986 58 1920.3 924.3 204
SSACC R,2859988.0,
SBLINK R,2860008.0,
EBLINK R,2860008.0,2861852 1846
ESACC R,2859988.0,2861860 1874 1927.5 937.9 1915.6 956.5 0.52 85
SFIX R,2861862.0,
EFIX R,2861862.0,2861918 58 2030.8 933.2 248
SSACC R,2861920.0,
ESACC R,2861920.0,2861946 28 2034.9 936.2 2013.5 951.9 0.59 92
SFIX R,2861948.0,
EFIX R,2861948.0,2861984 38 2000.5 966.0 258
SSACC R,2861986.0,
ESACC R,2861986.0,2862042 58 1999.9 968.1 1982.4 956.4 0.47 140
SFIX R,2862044.0,
EFIX R,2862044.0,2862088 46 1974.7 978.3 257
SSACC R,2862090.0,
SBLINK R,2862100.0,
EBLINK R,2862100.0,2870140 8042
ESACC R,2862090.0,2870176 8088 1272.9 729.7 1209.0 524.0 5.76 528
SFIX R,2870178.0,
EFIX R,2870178.0,2870202 26 1211.6 536.0 721
SSACC R,2870204.0,
ESACC R,2870204.0,2870210 8 1214.7 559.3 1218.5 578.1 0.52 87
SFIX R,2870212.0,
EFIX R,2870212.0,2871240 1030 1301.9 602.4 559
SSACC R,2871242.0,
ESACC R,2871242.0,2871262 22 1336.5 458.6 1336.1 463.6 0.13 48
SFIX R,2871264.0,
EFIX R,2871264.0,2871288 26 1333.7 457.4 687
SSACC R,2871290.0,
SBLINK R,2871412.0,
EBLINK R,2871412.0,2880482 9072
ESACC R,2871290.0,2880622 9334 1333.6 440.1 1601.9 712.5 9.88 724
SFIX R,2880624.0,
EFIX R,2880624.0,2880788 166 1566.3 668.6 707
SSACC R,2880790.0,
ESACC R,2880790.0,2880802 14 1556.0 633.6 1562.6 607.2 0.71 95
SFIX R,2880804.0,
EFIX R,2880804.0,2881588 786 1492.3 551.2 513
SSACC R,2881590.0,
ESACC R,2881590.0,2881664 76 1431.8 476.2 1418.6 465.3 0.45 98
SFIX R,2881666.0,
EFIX R,2881666.0,2881708 44 1410.3 472.2 712
SSACC R,2881710.0,
SBLINK R,2881854.0,
EBLINK R,2881854.0,2882310 458
ESACC R,2881710.0,2882548 840 1407.2 457.7 1948.3 909.8 17.21 269
SFIX R,2882550.0,
EFIX R,2882550.0,2882616 68 1939.2 904.3 209
SSACC R,2882618.0,
ESACC R,2882618.0,2882680 64 1943.2 903.4 1925.0 913.8 0.47 167
SFIX R,2882682.0,
EFIX R,2882682.0,2882710 30 1942.6 918.7 206
SSACC R,2882712.0,
ESACC R,2882712.0,2882720 10 1951.3 927.8 1934.2 923.5 0.39 71
SFIX R,2882722.0,
EFIX R,2882722.0,2882774 54 1934.7 938.1 202
SSACC R,2882776.0,
SBLINK R,2882786.0,
EBLINK R,2882786.0,2894420 11636
ESACC R,2882776.0,2894472 11698 1215.8 626.2 1236.2 764.1 3.73 149
SFIX R,2894474.0,
EFIX R,2894474.0,2894560 88 1264.5 792.7 807
SSACC R,2894562.0,
ESACC R,2894562.0,2894578 18 1284.1 782.9 1325.4 776.4 1.10 81
SFIX R,2894580.0,
EFIX R,2894580.0,2894712 134 1322.1 767.4 737
SSACC R,2894714.0,
ESACC R,2894714.0,2894738 26 1345.0 758.0 1428.0 753.1 2.15 124
SFIX R,2894740.0,
EFIX R,2894740.0,2894824 86 1429.5 749.2 495
SSACC R,2894826.0,
ESACC R,2894826.0,2894860 36 1436.8 738.0 1591.5 748.4 3.92 199
SFIX R,2894862.0,
EFIX R,2894862.0,2894948 88 1600.4 749.8 400
SSACC R,2894950.0,
ESACC R,2894950.0,2894972 24 1602.3 744.8 1663.8 737.6 1.52 127
SFIX R,2894974.0,
EFIX R,2894974.0,2895586 614 1756.2 678.8 471
SSACC R,2895588.0,
ESACC R,2895588.0,2895636 50 1745.7 685.2 1456.9 622.9 7.31 305
SFIX R,2895638.0,
EFIX R,2895638.0,2896034 398 1475.8 627.3 729
SSACC R,2896036.0,
ESACC R,2896036.0,2896082 48 1460.5 617.9 1237.4 571.1 5.96 312
SFIX R,2896084.0,
EFIX R,2896084.0,2896234 152 1286.1 582.2 858
SSACC R,2896236.0,
ESACC R,2896236.0,2896274 40 1299.5 585.6 1087.3 545.6 5.78 313
SFIX R,2896276.0,
EFIX R,2896276.0,2896426 152 1126.4 548.3 940
SSACC R,2896428.0,
ESACC R,2896428.0,2896448 22 1143.9 544.4 1070.0 541.1 2.00 182
SFIX R,2896450.0,
EFIX R,2896450.0,2896766 318 1072.0 539.8 1029
SSACC R,2896768.0,
ESACC R,2896768.0,2896778 12 1063.3 549.2 1044.8 540.3 0.56 59
SFIX R,2896780.0,
EFIX R,2896780.0,2897686 908 1035.2 553.9 1086
SSACC R,2897688.0,
ESACC R,2897688.0,2897824 138 1040.1 554.5 1075.2 493.1 1.92 123
SFIX R,2897826.0,
EFIX R,2897826.0,2898560 736 1053.2 505.9 1316
SSACC R,2898562.0,
ESACC R,2898562.0,2898576 16 1047.1 497.2 1068.0 483.3 0.68 67
SFIX R,2898578.0,
EFIX R,2898578.0,2899932 1356 1061.1 476.9 1510
SSACC R,2899934.0,
ESACC R,2899934.0,2899938 6 1076.4 450.8 1084.3 446.8 0.24 49
SFIX R,2899940.0,
EFIX R,2899940.0,2900746 808 1072.4 437.7 1655
SSACC R,2900748.0,
ESACC R,2900748.0,2900792 46 1061.3 460.0 1073.7 454.7 0.36 58
SFIX R,2900794.0,
EFIX R,2900794.0,2901100 308 1061.6 462.3 1591
SSACC R,2901102.0,
ESACC R,2901102.0,2901110 10 1056.5 482.5 1050.2 499.4 0.49 88
SFIX R,2901112.0,
EFIX R,2901112.0,2901276 166 1048.5 511.2 1523
SSACC R,2901278.0,
ESACC R,2901278.0,2901288 12 1045.3 502.9 1048.9 480.4 0.62 55
SFIX R,2901290.0,
EFIX R,2901290.0,2901956 668 1050.9 467.5 1541
SSACC R,2901958.0,
ESACC R,2901958.0,2901988 32 1049.5 554.2 1046.8 524.9 0.80 98
SFIX R,2901990.0,
EFIX R,2901990.0,2902390 402 1049.4 544.4 1434
SSACC R,2902392.0,
ESACC R,2902392.0,2902402 12 1062.4 565.9 1051.6 584.8 0.59 80
SFIX R,2902404.0,
EFIX R,2902404.0,2902486 84 1051.5 574.8 1417
SSACC R,2902488.0,
ESACC R,2902488.0,2902706 220 1040.0 559.3 1045.6 578.5 0.54 178
SFIX R,2902708.0,
EFIX R,2902708.0,2902826 120 1043.6 572.8 1363
SSACC R,2902828.0,
SBLINK R,2903134.0,
EBLINK R,2903134.0,2903230 98
ESACC R,2902828.0,2903366 540 1039.0 574.2 1078.9 583.3 1.11 235
SFIX R,2903368.0,
EFIX R,2903368.0,2903392 26 1076.5 588.1 1451
SSACC R,2903394.0,
ESACC R,2903394.0,2903412 20 1072.9 584.3 1072.8 593.4 0.25 62
SFIX R,2903414.0,
EFIX R,2903414.0,2903766 354 1067.4 579.9 1414
SSACC R,2903768.0,
ESACC R,2903768.0,2903966 200 1069.8 587.5 1067.1 579.6 0.23 137
SFIX R,2903968.0,
EFIX R,2903968.0,2904066 100 1071.1 551.7 1374
SSACC R,2904068.0,
ESACC R,2904068.0,2904074 8 1072.2 528.2 1073.2 534.9 0.18 65
SFIX R,2904076.0,
EFIX R,2904076.0,2904222 148 1084.8 571.0 1401
SSACC R,2904224.0,
ESACC R,2904224.0,2904242 20 1093.1 584.6 1090.5 596.3 0.32 77
SFIX R,2904244.0,
EFIX R,2904244.0,2904428 186 1096.6 582.5 1447
SSACC R,2904430.0,
ESACC R,2904430.0,2904484 56 1100.3 591.5 1100.9 613.4 0.59 101
SFIX R,2904486.0,
EFIX R,2904486.0,2904524 40 1102.0 615.6 1451
SSACC R,2904526.0,
SBLINK R,2904760.0,
EBLINK R,2904760.0,2905178 420
ESACC R,2904526.0,2905212 688 1104.9 618.4 1093.5 612.5 0.35 184
SFIX R,2905214.0,
EFIX R,2905214.0,2905282 70 1087.0 608.2 1501
SSACC R,2905284.0,
ESACC R,2905284.0,2905750 468 1086.9 617.8 1070.6 602.0 0.61 131
SFIX R,2905752.0,
EFIX R,2905752.0,2905936 186 1072.9 589.8 1407
SSACC R,2905938.0,
SBLINK R,2905950.0,
EBLINK R,2905950.0,2906528 580
ESACC R,2905938.0,2906588 652 1079.7 598.1 1088.1 586.5 0.39 63
SFIX R,2906590.0,
EFIX R,2906590.0,2906622 34 1084.0 598.2 1451
SSACC R,2906624.0,
SBLINK R,2906674.0,
EBLINK R,2906674.0,2906730 58
ESACC R,2906624.0,2906762 140 1087.7 609.7 1081.1 611.4 0.18 201
SFIX R,2906764.0,
EFIX R,2906764.0,2906804 42 1082.9 596.2 1465
SSACC R,2906806.0,
ESACC R,2906806.0,2906914 110 1076.2 581.2 1061.6 550.7 0.92 106
SFIX R,2906916.0,
EFIX R,2906916.0,2907102 188 1055.9 530.7 1374
SSACC R,2907104.0,
ESACC R,2907104.0,2907192 90 1061.9 510.8 1054.7 520.4 0.33 84
SFIX R,2907194.0,
EFIX R,2907194.0,2907262 70 1050.4 525.4 1262
SSACC R,2907264.0,
SBLINK R,2907592.0,
EBLINK R,2907592.0,2908000 410
ESACC R,2907264.0,2908094 832 1055.6 527.9 1038.5 500.4 0.88 246
SFIX R,2908096.0,
EFIX R,2908096.0,2908310 216 1044.0 507.6 1086
SSACC R,2908312.0,
ESACC R,2908312.0,2908370 60 1047.6 525.6 1050.4 491.0 0.94 64
SFIX R,2908372.0,
EFIX R,2908372.0,2908536 166 1048.6 486.4 964
SSACC R,2908538.0,
ESACC R,2908538.0,2908610 74 1049.2 485.2 1055.5 496.9 0.36 67
SFIX R,2908612.0,
EFIX R,2908612.0,2908682 72 1056.5 503.8 947
SSACC R,2908684.0,
SBLINK R,2908800.0,
EBLINK R,2908800.0,2910670 1872
ESACC R,2908684.0,2910732 2050 1064.4 495.3 1077.3 518.6 0.72 793
SFIX R,2910734.0,
EFIX R,2910734.0,2911900 1168 1020.7 461.1 665
SSACC R,2911902.0,
ESACC R,2911902.0,2911910 10 1044.4 471.3 1045.4 487.8 0.45 60
SFIX R,2911912.0,
EFIX R,2911912.0,2912104 194 1081.5 495.0 648
SSACC R,2912106.0,
SBLINK R,2912158.0,
EBLINK R,2912158.0,2921974 9818
ESACC R,2912106.0,2922016 9912 1116.4 523.1 1442.2 356.4 9.65 897
SFIX R,2922018.0,
EFIX R,2922018.0,2922284 268 1395.0 436.7 803
SSACC R,2922286.0,
SBLINK R,2922324.0,
EBLINK R,2922324.0,2934384 12062
ESACC R,2922286.0,2934422 12138 1371.8 509.4 1167.1 651.8 6.62 295
SFIX R,2934424.0,
EFIX R,2934424.0,2934794 372 1168.8 704.4 657
SSACC R,2934796.0,
ESACC R,2934796.0,2934826 32 1177.1 688.4 1190.6 596.4 2.50 163
SFIX R,2934828.0,
EFIX R,2934828.0,2934900 74 1181.4 613.4 457
SSACC R,2934902.0,
ESACC R,2934902.0,2934920 20 1176.3 612.2 1182.5 561.6 1.37 144
SFIX R,2934922.0,
EFIX R,2934922.0,2935402 482 1172.5 531.9 487
SSACC R,2935404.0,
SBLINK R,2935534.0,
EBLINK R,2935534.0,2952208 16676
ESACC R,2935404.0,2952238 16836 1187.0 472.4 1123.4 537.3 2.45 304
SFIX R,2952240.0,
EFIX R,2952240.0,2953414 1176 1215.7 538.4 573
SSACC R,2953416.0,
SBLINK R,2953470.0,
EBLINK R,2953470.0,2963312 9844
ESACC R,2953416.0,2963370 9956 1284.9 469.8 1233.7 584.5 3.37 219
SFIX R,2963372.0,
EFIX R,2963372.0,2964406 1036 1015.2 490.3 485
SSACC R,2964408.0,
SBLINK R,2964452.0,
EBLINK R,2964452.0,2974292 9842
ESACC R,2964408.0,2974308 9902 993.0 500.2 1465.6 662.1 13.18 897
SFIX R,2974310.0,
EFIX R,2974310.0,2974336 28 1432.3 664.0 768
SSACC R,2974338.0,
ESACC R,2974338.0,2974346 10 1396.5 669.5 1376.9 695.4 0.85 113
SFIX R,2974348.0,
EFIX R,2974348.0,2975092 746 1025.2 578.0 470
SSACC R,2975094.0,
SBLINK R,2975234.0,
EBLINK R,2975234.0,2976014 782
ESACC R,2975094.0,2976040 948 809.0 514.8 1095.3 530.4 7.75 576
SFIX R,2976042.0,
EFIX R,2976042.0,2976084 44 1102.0 517.4 618
SSACC R,2976086.0,
ESACC R,2976086.0,2976096 12 1114.9 503.5 1122.6 474.5 0.81 83
SFIX R,2976098.0,
EFIX R,2976098.0,2976600 504 1172.0 480.4 657
SSACC R,2976602.0,
SBLINK R,2976646.0,
EBLINK R,2976646.0,2990484 13840
ESACC R,2976602.0,2990524 13924 1188.9 508.2 1197.0 481.5 0.75 552
SFIX R,2990526.0,
EFIX R,2990526.0,2991068 544 1204.9 480.7 667
SSACC R,2991070.0,
ESACC R,2991070.0,2991086 18 1214.3 461.7 1214.8 470.3 0.23 51
SFIX R,2991088.0,
EFIX R,2991088.0,2991260 174 1234.2 463.5 516
SSACC R,2991262.0,
ESACC R,2991262.0,2991270 10 1243.0 472.4 1246.6 484.2 0.33 61
SFIX R,2991272.0,
EFIX R,2991272.0,2991304 34 1250.7 512.2 548
SSACC R,2991306.0,
SBLINK R,2991320.0,
EBLINK R,2991320.0,3008368 17050
ESACC R,2991306.0,3008378 17074 1249.1 551.9 1024.2 880.5 10.62 353
SFIX R,3008380.0,
EFIX R,3008380.0,3008452 74 1021.9 914.5 693
SSACC R,3008454.0,
ESACC R,3008454.0,3008458 6 1029.3 911.9 1034.3 903.8 0.25 53
SFIX R,3008460.0,
EFIX R,3008460.0,3008768 310 1115.2 735.5 601
SSACC R,3008770.0,
ESACC R,3008770.0,3008788 20 1181.6 631.5 1187.7 623.0 0.28 80
SFIX R,3008790.0,
EFIX R,3008790.0,3009336 548 1217.1 616.2 410
SSACC R,3009338.0,
SBLINK R,3009348.0,
EBLINK R,3009348.0,3015878 6532
ESACC R,3009338.0,3015886 6550 1239.8 712.3 1281.7 740.4 1.34 326
SFIX R,3015888.0,
EFIX R,3015888.0,3016546 660 1122.3 679.9 483
SSACC R,3016548.0,
SBLINK R,3016560.0,
EBLINK R,3016560.0,3016562 4
ESACC R,3016548.0,3016570 24 1203.4 585.7 1203.4 585.7 0.00 13
SFIX R,3016572.0,
EFIX R,3016572.0,3016784 214 1214.7 628.5 335
SSACC R,3016786.0,
SBLINK R,3016816.0,
EBLINK R,3016816.0,3019786 2972
ESACC R,3016786.0,3019910 3126 1220.7 673.0 2013.8 831.4 19.35 142
SFIX R,3019912.0,
EFIX R,3019912.0,3019928 18 2022.7 827.7 261
SSACC R,3019930.0,
SBLINK R,3019950.0,
EBLINK R,3019950.0,3043770 23822
ESACC R,3019930.0,3043790 23862 2021.4 834.5 1396.4 812.1 14.68 175
SFIX R,3043792.0,
EFIX R,3043792.0,3044296 506 1333.9 861.7 456
SSACC R,3044298.0,
SBLINK R,3044486.0,
EBLINK R,3044486.0,3071006 26522
ESACC R,3044298.0,3071068 26772 1346.9 771.2 1140.3 761.1 5.47 351
SFIX R,3071070.0,
EFIX R,3071070.0,3071102 34 1145.2 762.1 424
SSACC R,3071104.0,
ESACC R,3071104.0,3071122 20 1143.8 761.3 1141.9 745.4 0.43 100
SFIX R,3071124.0,
EFIX R,3071124.0,3071192 70 1139.7 753.1 454
SSACC R,3071194.0,
ESACC R,3071194.0,3071226 34 1140.0 745.4 1136.0 771.4 0.70 93
SFIX R,3071228.0,
EFIX R,3071228.0,3071262 36 1132.1 768.2 440
SSACC R,3071264.0,
SBLINK R,3071298.0,
EBLINK R,3071298.0,3072162 866
ESACC R,3071264.0,3072208 946 1121.0 776.6 2037.2 903.7 21.99 3156
SFIX R,3072210.0,
EFIX R,3072210.0,3072234 26 2035.7 901.9 251
SSACC R,3072236.0,
ESACC R,3072236.0,3072462 228 2025.7 910.4 2007.3 905.5 0.41 108
SFIX R,3072464.0,
EFIX R,3072464.0,3072486 24 2014.4 912.0 250
SSACC R,3072488.0,
SBLINK R,3072580.0,
EBLINK R,3072580.0,3079684 7106
ESACC R,3072488.0,3079938 7452 2015.4 899.6 1773.6 715.4 7.05 229
SFIX R,3079940.0,
EFIX R,3079940.0,3079962 24 1771.8 717.7 462
SSACC R,3079964.0,
SBLINK R,3080118.0,
EBLINK R,3080118.0,3080308 192
ESACC R,3079964.0,3080316 354 1767.9 719.9 1260.1 681.0 12.72 586
SFIX R,3080318.0,
EFIX R,3080318.0,3080340 24 1204.0 656.3 338
SSACC R,3080342.0,
SBLINK R,3080354.0,
EBLINK R,3080354.0,3080364 12
ESACC R,3080342.0,3080438 98 1192.5 648.6 1079.9 573.1 3.65 86
SFIX R,3080440.0,
EFIX R,3080440.0,3080524 86 1065.3 560.5 470
SSACC R,3080526.0,
ESACC R,3080526.0,3080658 134 1084.1 537.3 1525.1 330.8 12.74 344
SFIX R,3080660.0,
EFIX R,3080660.0,3080848 190 1458.6 305.3 522
SSACC R,3080850.0,
SBLINK R,3080920.0,
EBLINK R,3080920.0,3081098 180
ESACC R,3080850.0,3081148 300 1436.8 302.2 1267.0 395.5 5.07 304
SFIX R,3081150.0,
EFIX R,3081150.0,3081206 58 1261.4 404.3 527
SSACC R,3081208.0,
ESACC R,3081208.0,3081328 122 1256.2 409.3 1195.0 473.5 2.37 168
SFIX R,3081330.0,
EFIX R,3081330.0,3081370 42 1193.5 464.8 577
SSACC R,3081372.0,
ESACC R,3081372.0,3081388 18 1181.3 457.2 1170.7 490.1 0.93 71
SFIX R,3081390.0,
EFIX R,3081390.0,3081556 168 1136.0 533.8 554
SSACC R,3081558.0,
ESACC R,3081558.0,3081620 64 1100.1 558.2 1072.0 614.8 1.71 75
SFIX R,3081622.0,
EFIX R,3081622.0,3081646 26 1070.3 614.3 525
SSACC R,3081648.0,
ESACC R,3081648.0,3081652 6 1063.5 617.8 1061.0 626.1 0.23 54
SFIX R,3081654.0,
EFIX R,3081654.0,3081702 50 1050.2 630.5 534
SSACC R,3081704.0,
ESACC R,3081704.0,3081716 14 1044.6 625.0 1036.6 650.3 0.72 81
SFIX R,3081718.0,
EFIX R,3081718.0,3081902 186 1037.1 692.8 519
SSACC R,3081904.0,
SBLINK R,3081934.0,
EBLINK R,3081934.0,3103406 21474
ESACC R,3081904.0,3103418 21516 1055.5 718.1 1200.8 511.9 6.79 3270
SFIX R,3103420.0,
EFIX R,3103420.0,3103512 94 1203.3 522.5 550
SSACC R,3103514.0,
ESACC R,3103514.0,3103524 12 1208.0 532.4 1210.3 512.5 0.54 57
SFIX R,3103526.0,
EFIX R,3103526.0,3103554 30 1214.2 504.1 603
SSACC R,3103556.0,
SBLINK R,3103610.0,
EBLINK R,3103610.0,3110426 6818
ESACC R,3103556.0,3110812 7258 1224.4 499.7 1935.9 793.8 18.83 922
SFIX R,3110814.0,
EFIX R,3110814.0,3110922 110 1933.6 825.2 157
SSACC R,3110924.0,
SBLINK R,3110934.0,
EBLINK R,3110934.0,3115826 4894
ESACC R,3110924.0,3115866 4944 3270.0 1065.8 1109.6 535.9 34.16 135
SFIX R,3115868.0,
EFIX R,3115868.0,3116080 214 1076.7 547.4 335
SSACC R,3116082.0,
SBLINK R,3116166.0,
EBLINK R,3116166.0,3122910 6746
ESACC R,3116082.0,3122990 6910 1038.7 568.7 920.5 494.9 3.78 246
SFIX R,3122992.0,
EFIX R,3122992.0,3123068 78 952.6 512.2 398
SSACC R,3123070.0,
ESACC R,3123070.0,3123080 12 978.9 516.1 986.1 541.7 0.72 75
SFIX R,3123082.0,
EFIX R,3123082.0,3123452 372 1054.5 526.9 384
SSACC R,3123454.0,
ESACC R,3123454.0,3123462 10 1110.3 470.3 1112.1 458.2 0.33 50
SFIX R,3123464.0,
EFIX R,3123464.0,3126242 2780 1067.4 457.7 568
SSACC R,3126244.0,
ESACC R,3126244.0,3126248 6 1052.0 519.1 1052.2 524.2 0.14 65
SFIX R,3126250.0,
EFIX R,3126250.0,3126570 322 1054.5 535.9 665
SSACC R,3126572.0,
ESACC R,3126572.0,3126680 110 1044.3 626.2 1055.5 657.8 0.91 92
SFIX R,3126682.0,
EFIX R,3126682.0,3126724 44 1063.7 652.3 560
SSACC R,3126726.0,
ESACC R,3126726.0,3126818 94 1052.3 636.7 1060.5 582.0 1.50 131
SFIX R,3126820.0,
EFIX R,3126820.0,3126880 62 1057.2 547.4 666
SSACC R,3126882.0,
ESACC R,3126882.0,3126892 12 1055.1 532.2 1048.7 514.4 0.51 90
SFIX R,3126894.0,
EFIX R,3126894.0,3127034 142 1047.1 509.4 711
SSACC R,3127036.0,
ESACC R,3127036.0,3127066 32 1047.5 513.3 1050.7 498.2 0.42 54
SFIX R,3127068.0,
EFIX R,3127068.0,3127174 108 1061.6 515.8 645
SSACC R,3127176.0,
ESACC R,3127176.0,3127188 14 1075.5 541.4 1073.5 514.5 0.73 70
SFIX R,3127190.0,
EFIX R,3127190.0,3127828 640 1057.4 550.4 520
SSACC R,3127830.0,
ESACC R,3127830.0,3127850 22 1065.3 605.9 1060.7 590.9 0.43 67
SFIX R,3127852.0,
EFIX R,3127852.0,3127942 92 1061.7 596.5 554
SSACC R,3127944.0,
ESACC R,3127944.0,3128028 86 1065.0 610.1 1073.2 552.9 1.57 86
SFIX R,3128030.0,
EFIX R,3128030.0,3128168 140 1069.4 577.5 612
SSACC R,3128170.0,
ESACC R,3128170.0,3128180 12 1074.2 568.9 1072.0 543.6 0.69 85
SFIX R,3128182.0,
EFIX R,3128182.0,3128210 30 1069.5 529.3 680
SSACC R,3128212.0,
ESACC R,3128212.0,3128226 16 1066.7 529.2 1063.5 497.6 0.86 79
SFIX R,3128228.0,
EFIX R,3128228.0,3129568 1342 1026.2 484.0 810
SSACC R,3129570.0,
ESACC R,3129570.0,3129626 58 1041.7 492.7 1049.3 495.3 0.22 120
SFIX R,3129628.0,
EFIX R,3129628.0,3129648 22 1050.1 497.0 1080
SSACC R,3129650.0,
SBLINK R,3129756.0,
EBLINK R,3129756.0,3131526 1772
ESACC R,3129650.0,3131604 1956 1048.1 497.5 1068.9 489.2 0.61 199
SFIX R,3131606.0,
EFIX R,3131606.0,3131628 24 1063.5 485.5 1147
SSACC R,3131630.0,
ESACC R,3131630.0,3131770 142 1063.1 471.1 1063.2 474.1 0.08 155
SFIX R,3131772.0,
EFIX R,3131772.0,3131794 24 1063.9 471.1 1131
SSACC R,3131796.0,
ESACC R,3131796.0,3131936 142 1064.1 468.2 1071.8 496.3 0.79 146
SFIX R,3131938.0,
EFIX R,3131938.0,3132038 102 1070.4 509.6 786
SSACC R,3132040.0,
ESACC R,3132040.0,3132050 12 1071.1 502.8 1069.4 519.2 0.45 74
SFIX R,3132052.0,
EFIX R,3132052.0,3132244 194 1079.5 513.3 728
SSACC R,3132246.0,
SBLINK R,3132284.0,
EBLINK R,3132284.0,3132796 514
ESACC R,3132246.0,3132952 708 1091.7 529.8 1069.3 499.8 1.01 156
SFIX R,3132954.0,
EFIX R,3132954.0,3132984 32 1071.3 501.8 993
SSACC R,3132986.0,
SBLINK R,3133028.0,
EBLINK R,3133028.0,3133206 180
ESACC R,3132986.0,3133372 388 1067.8 512.1 1083.3 523.1 0.51 154
SFIX R,3133374.0,
EFIX R,3133374.0,3133404 32 1085.3 513.4 761
SSACC R,3133406.0,
ESACC R,3133406.0,3133416 12 1083.0 501.0 1077.6 520.9 0.56 78
SFIX R,3133418.0,
EFIX R,3133418.0,3133474 58 1082.6 536.8 760
SSACC R,3133476.0,
SBLINK R,3133678.0,
EBLINK R,3133678.0,3134558 882
ESACC R,3133476.0,3134598 1124 1080.4 553.6 1894.9 947.3 22.34 164
SFIX R,3134600.0,
EFIX R,3134600.0,3134632 34 1908.5 942.8 225
SSACC R,3134634.0,
SBLINK R,3134740.0,
EBLINK R,3134740.0,3135086 348
ESACC R,3134634.0,3135152 520 1919.0 934.4 1891.2 942.3 0.65 84
SFIX R,3135154.0,
EFIX R,3135154.0,3135242 90 1893.3 937.4 222
SSACC R,3135244.0,
SBLINK R,3135294.0,
EBLINK R,3135294.0,3136966 1674
ESACC R,3135244.0,3136974 1732 1892.9 949.7 1890.9 963.6 0.34 72
SFIX R,3136976.0,
EFIX R,3136976.0,3137042 68 1067.9 603.5 440
SSACC R,3137044.0,
ESACC R,3137044.0,3137050 8 1068.0 595.7 1063.4 582.8 0.37 51
SFIX R,3137052.0,
EFIX R,3137052.0,3137088 38 1064.7 578.5 478
SSACC R,3137090.0,
ESACC R,3137090.0,3137128 40 1065.0 565.2 1057.6 516.0 1.35 95
SFIX R,3137130.0,
EFIX R,3137130.0,3137258 130 1057.4 493.7 580
SSACC R,3137260.0,
ESACC R,3137260.0,3137270 12 1069.6 500.3 1065.4 523.2 0.63 84
SFIX R,3137272.0,
EFIX R,3137272.0,3138044 774 1075.0 535.2 470
SSACC R,3138046.0,
ESACC R,3138046.0,3138066 22 1055.4 536.3 1054.4 573.4 1.01 78
SFIX R,3138068.0,
EFIX R,3138068.0,3138154 88 1056.3 592.7 506
SSACC R,3138156.0,
ESACC R,3138156.0,3138174 20 1061.4 620.5 1059.7 648.3 0.75 68
SFIX R,3138176.0,
EFIX R,3138176.0,3138184 10 1055.9 656.2 408
SSACC R,3138186.0,
SBLINK R,3138198.0,
EBLINK R,3138198.0,3139566 1370
ESACC R,3138186.0,3139598 1414 1057.4 674.1 1039.3 537.8 3.72 218
SFIX R,3139600.0,
EFIX R,3139600.0,3140218 620 1040.8 518.7 420
SSACC R,3140220.0,
ESACC R,3140220.0,3140230 12 1031.1 537.9 1024.6 509.5 0.79 89
SFIX R,3140232.0,
EFIX R,3140232.0,3141204 974 983.4 491.3 416
SSACC R,3141206.0,
ESACC R,3141206.0,3141302 98 939.3 546.9 1019.9 462.8 3.16 228
SFIX R,3141304.0,
EFIX R,3141304.0,3141638 336 964.9 538.3 696
SSACC R,3141640.0,
ESACC R,3141640.0,3141660 22 947.7 569.9 988.8 540.3 1.37 88
SFIX R,3141662.0,
EFIX R,3141662.0,3141926 266 986.9 543.6 800
SSACC R,3141928.0,
SBLINK R,3141968.0,
EBLINK R,3141968.0,3142012 46
ESACC R,3141928.0,3142030 104 981.6 551.9 1015.2 458.7 2.68 236
SFIX R,3142032.0,
EFIX R,3142032.0,3142054 24 1002.2 465.2 784
SSACC R,3142056.0,
ESACC R,3142056.0,3142062 8 990.8 483.1 983.7 496.5 0.41 70
SFIX R,3142064.0,
EFIX R,3142064.0,3142508 446 966.0 523.2 880
SSACC R,3142510.0,
ESACC R,3142510.0,3142526 18 979.8 523.2 1029.0 531.8 1.35 101
SFIX R,3142528.0,
EFIX R,3142528.0,3142762 236 1025.6 523.3 905
SSACC R,3142764.0,
SBLINK R,3142814.0,
EBLINK R,3142814.0,3142906 94
ESACC R,3142764.0,3142972 210 1025.6 547.1 1031.7 458.5 2.41 3270
SFIX R,3142974.0,
EFIX R,3142974.0,3143754 782 985.8 527.1 1000
SSACC R,3143756.0,
SBLINK R,3143804.0,
EBLINK R,3143804.0,3143862 60
ESACC R,3143756.0,3143934 180 978.0 548.3 1016.2 446.5 2.95 3270
SFIX R,3143936.0,
EFIX R,3143936.0,3144788 854 988.8 511.7 1007
SSACC R,3144790.0,
SBLINK R,3144854.0,
EBLINK R,3144854.0,3144882 30
ESACC R,3144790.0,3144964 176 980.6 539.2 1041.3 471.4 2.47 3270
SFIX R,3144966.0,
EFIX R,3144966.0,3145458 494 1032.2 465.9 1168
SSACC R,3145460.0,
ESACC R,3145460.0,3145474 16 1037.0 457.7 997.3 452.1 1.09 95
SFIX R,3145476.0,
EFIX R,3145476.0,3146344 870 994.8 456.1 1214
SSACC R,3146346.0,
ESACC R,3146346.0,3146616 272 999.5 428.4 1011.6 418.2 0.43 535
SFIX R,3146618.0,
EFIX R,3146618.0,3147282 666 987.3 488.1 897
SSACC R,3147284.0,
SBLINK R,3147322.0,
EBLINK R,3147322.0,3147484 164
ESACC R,3147284.0,3147510 228 970.8 528.6 1034.3 421.8 3.36 165
SFIX R,3147512.0,
EFIX R,3147512.0,3147910 400 990.1 500.8 671
SSACC R,3147912.0,
ESACC R,3147912.0,3147926 16 987.7 518.2 972.7 512.4 0.44 64
SFIX R,3147928.0,
EFIX R,3147928.0,3148088 162 981.9 502.4 694
SSACC R,3148090.0,
ESACC R,3148090.0,3148094 6 1000.4 453.5 1007.5 440.9 0.39 80
SFIX R,3148096.0,
EFIX R,3148096.0,3149734 1640 981.2 455.1 774
SSACC R,3149736.0,
SBLINK R,3149792.0,
EBLINK R,3149792.0,3149960 170
ESACC R,3149736.0,3150034 300 906.8 524.2 989.5 519.9 2.24 3270
SFIX R,3150036.0,
EFIX R,3150036.0,3150426 392 978.3 533.5 861
SSACC R,3150428.0,
ESACC R,3150428.0,3150434 8 1003.8 525.3 1005.2 513.6 0.32 54
SFIX R,3150436.0,
EFIX R,3150436.0,3150652 218 993.0 526.7 759
SSACC R,3150654.0,
ESACC R,3150654.0,3150662 10 983.5 529.9 974.2 515.8 0.46 56
SFIX R,3150664.0,
EFIX R,3150664.0,3153436 2774 980.3 491.2 847
SSACC R,3153438.0,
SBLINK R,3153484.0,
EBLINK R,3153484.0,3153664 182
ESACC R,3153438.0,3153738 302 967.1 522.9 1050.7 472.1 2.65 1840
SFIX R,3153740.0,
EFIX R,3153740.0,3154460 722 988.2 505.3 713
SSACC R,3154462.0,
ESACC R,3154462.0,3154466 6 985.5 517.4 979.9 513.0 0.19 43
SFIX R,3154468.0,
EFIX R,3154468.0,3156416 1950 977.4 511.6 699
SSACC R,3156418.0,
SBLINK R,3156542.0,
EBLINK R,3156542.0,3156596 56
ESACC R,3156418.0,3156644 228 977.9 516.5 1035.4 482.1 1.82 3270
SFIX R,3156646.0,
EFIX R,3156646.0,3159660 3016 1011.7 456.6 764
SSACC R,3159662.0,
SBLINK R,3159734.0,
EBLINK R,3159734.0,3160146 414
ESACC R,3159662.0,3160348 688 1049.8 467.7 1043.4 470.4 0.19 2757
SFIX R,3160350.0,
EFIX R,3160350.0,3161360 1012 998.9 517.7 673
SSACC R,3161362.0,
ESACC R,3161362.0,3161390 30 984.6 546.7 1026.0 484.7 2.02 130
SFIX R,3161392.0,
EFIX R,3161392.0,3161678 288 1006.2 498.7 797
SSACC R,3161680.0,
ESACC R,3161680.0,3161694 16 1002.2 493.5 984.7 475.8 0.67 76
SFIX R,3161696.0,
EFIX R,3161696.0,3161894 200 1003.1 473.4 929
SSACC R,3161896.0,
ESACC R,3161896.0,3161906 12 1014.0 459.4 1031.3 449.5 0.54 51
SFIX R,3161908.0,
EFIX R,3161908.0,3162018 112 1035.7 455.1 1007
SSACC R,3162020.0,
ESACC R,3162020.0,3162682 664 1032.8 482.5 1044.5 593.5 3.02 386
SFIX R,3162684.0,
EFIX R,3162684.0,3162726 44 1045.4 602.9 994
SSACC R,3162728.0,
SBLINK R,3162980.0,
EBLINK R,3162980.0,3163464 486
ESACC R,3162728.0,3163494 768 1044.3 606.4 3182.5 1057.0 38.61 3270
SFIX R,3163496.0,
EFIX R,3163496.0,3163536 42 3183.9 1046.4 171
SSACC R,3163538.0,
ESACC R,3163538.0,3163606 70 3199.5 1023.2 3182.4 1025.2 0.22 1408
SFIX R,3163608.0,
EFIX R,3163608.0,3163832 226 3183.2 1066.6 182
SSACC R,3163834.0,
SBLINK R,3163844.0,
EBLINK R,3163844.0,3163844 2
ESACC R,3163834.0,3163852 20 3199.5 1023.2 3182.4 1025.2 0.22 0
SFIX R,3163854.0,
EFIX R,3163854.0,3163974 122 3208.8 1073.6 178
SSACC R,3163976.0,
SBLINK R,3163986.0,
EBLINK R,3163986.0,3163988 4
ESACC R,3163976.0,3163996 22 3199.5 1023.2 3182.4 1025.2 0.22 0
SFIX R,3163998.0,
EFIX R,3163998.0,3164026 30 3216.5 1076.5 173
SSACC R,3164028.0,
SBLINK R,3164038.0,
EBLINK R,3164038.0,3164038 2
ESACC R,3164028.0,3164046 20 3199.5 1023.2 3182.4 1025.2 0.22 0
SFIX R,3164048.0,
EFIX R,3164048.0,3164106 60 3213.5 1110.6 185
SSACC R,3164108.0,
SBLINK R,3164118.0,
EBLINK R,3164118.0,3166614 2498
ESACC R,3164108.0,3166796 2690 2072.9 1015.4 1324.3 566.6 20.69 1027
SFIX R,3166798.0,
EFIX R,3166798.0,3166910 114 1326.0 569.1 748
SSACC R,3166912.0,
ESACC R,3166912.0,3166954 44 1320.8 560.6 1143.7 453.3 5.53 292
SFIX R,3166956.0,
EFIX R,3166956.0,3167088 134 1145.6 497.3 479
SSACC R,3167090.0,
ESACC R,3167090.0,3167110 22 1133.9 508.6 1023.5 484.6 3.05 266
SFIX R,3167112.0,
EFIX R,3167112.0,3167386 276 1009.5 500.3 375
SSACC R,3167388.0,
ESACC R,3167388.0,3167396 10 1003.6 501.1 987.9 500.1 0.43 52
SFIX R,3167398.0,
EFIX R,3167398.0,3168202 806 1007.0 464.8 629
SSACC R,3168204.0,
SBLINK R,3168298.0,
EBLINK R,3168298.0,3169720 1424
ESACC R,3168204.0,3169978 1776 1036.1 510.1 3270.0 1124.8 39.76 2718
SFIX R,3169980.0,
EFIX R,3169980.0,3170046 68 3270.0 1140.1 180
SSACC R,3170048.0,
SBLINK R,3170058.0,
EBLINK R,3170058.0,3183822 13766
ESACC R,3170048.0,3183944 13898 1402.3 864.2 1476.4 617.5 6.72 714
SFIX R,3183946.0,
EFIX R,3183946.0,3183966 22 1481.1 599.4 649
SSACC R,3183968.0,
ESACC R,3183968.0,3183978 12 1481.2 579.2 1486.8 543.8 0.94 125
SFIX R,3183980.0,
EFIX R,3183980.0,3184008 30 1484.7 542.7 669
SSACC R,3184010.0,
SBLINK R,3184020.0,
EBLINK R,3184020.0,3184020 2
ESACC R,3184010.0,3184100 92 1484.0 509.5 1448.5 556.1 1.53 120
SFIX R,3184102.0,
EFIX R,3184102.0,3184160 60 1439.2 575.6 515
SSACC R,3184162.0,
ESACC R,3184162.0,3184754 594 1419.4 599.3 1385.2 667.9 2.02 3270
SFIX R,3184756.0,
EFIX R,3184756.0,3184884 130 1374.3 697.4 469
SSACC R,3184886.0,
ESACC R,3184886.0,3184910 26 1364.7 707.1 1352.1 710.7 0.34 86
SFIX R,3184912.0,
EFIX R,3184912.0,3185056 146 1353.4 683.5 493
SSACC R,3185058.0,
ESACC R,3185058.0,3185070 14 1346.4 688.4 1354.8 656.3 0.88 90
SFIX R,3185072.0,
EFIX R,3185072.0,3185100 30 1348.5 663.0 501
SSACC R,3185102.0,
ESACC R,3185102.0,3185134 34 1356.1 658.9 1348.1 645.3 0.42 91
SFIX R,3185136.0,
EFIX R,3185136.0,3185314 180 1344.8 683.2 463
SSACC R,3185316.0,
SBLINK R,3185384.0,
EBLINK R,3185384.0,3218410 33028
ESACC R,3185316.0,3218762 33448 1345.1 689.7 889.1 650.9 12.17 3270
SFIX R,3218764.0,
EFIX R,3218764.0,3219074 312 929.6 676.5 360
SSACC R,3219076.0,
SBLINK R,3219090.0,
EBLINK R,3219090.0,3223404 4316
ESACC R,3219076.0,3223422 4348 961.6 706.3 1073.7 565.8 4.86 709
SFIX R,3223424.0,
EFIX R,3223424.0,3223502 80 1067.6 565.7 570
SSACC R,3223504.0,
SBLINK R,3223516.0,
EBLINK R,3223516.0,3223810 296
ESACC R,3223504.0,3223866 364 1064.4 575.2 1040.9 486.7 2.48 88
SFIX R,3223868.0,
EFIX R,3223868.0,3223984 118 1043.8 503.3 653
SSACC R,3223986.0,
ESACC R,3223986.0,3224032 48 1060.7 474.4 1066.7 445.4 0.80 81
SFIX R,3224034.0,
EFIX R,3224034.0,3224156 124 1062.3 464.3 756
SSACC R,3224158.0,
ESACC R,3224158.0,3224226 70 1063.5 455.7 1050.0 450.3 0.39 69
SFIX R,3224228.0,
EFIX R,3224228.0,3224396 170 1033.0 466.5 762
SSACC R,3224398.0,
SBLINK R,3224416.0,
EBLINK R,3224416.0,3225052 638
ESACC R,3224398.0,3225610 1214 1023.3 492.4 1102.6 582.1 3.24 720
SFIX R,3225612.0,
EFIX R,3225612.0,3225688 78 1087.6 591.1 1031
SSACC R,3225690.0,
ESACC R,3225690.0,3225704 16 1069.5 600.7 1075.5 573.2 0.76 92
SFIX R,3225706.0,
EFIX R,3225706.0,3225728 24 1073.4 582.3 1021
SSACC R,3225730.0,
ESACC R,3225730.0,3225760 32 1069.1 592.6 1069.5 568.6 0.65 96
SFIX R,3225762.0,
EFIX R,3225762.0,3225798 38 1072.7 561.3 1033
SSACC R,3225800.0,
ESACC R,3225800.0,3225900 102 1077.3 530.4 1075.5 556.0 0.70 82
SFIX R,3225902.0,
EFIX R,3225902.0,3225960 60 1083.3 569.5 1023
SSACC R,3225962.0,
SBLINK R,3226084.0,
EBLINK R,3226084.0,3226496 414
ESACC R,3225962.0,3226648 688 1092.6 566.0 1113.7 580.8 0.70 952
SFIX R,3226650.0,
EFIX R,3226650.0,3226686 38 1107.4 585.7 944
SSACC R,3226688.0,
ESACC R,3226688.0,3226906 220 1105.6 590.3 1143.0 697.3 3.06 130
SFIX R,3226908.0,
EFIX R,3226908.0,3227038 132 1129.9 741.9 943
SSACC R,3227040.0,
SBLINK R,3227054.0,
EBLINK R,3227054.0,3227094 42
ESACC R,3227040.0,3227166 128 1104.0 821.7 385.3 967.1 18.88 2873
SFIX R,3227168.0,
EFIX R,3227168.0,3227224 58 381.1 977.3 268
SSACC R,3227226.0,
ESACC R,3227226.0,3227390 166 373.7 967.3 1031.1 751.9 17.86 2050
SFIX R,3227392.0,
EFIX R,3227392.0,3227422 32 1034.6 771.9 1018
SSACC R,3227424.0,
ESACC R,3227424.0,3227446 24 1041.1 790.0 1044.2 803.4 0.37 258
SFIX R,3227448.0,
EFIX R,3227448.0,3227476 30 1047.6 805.7 1001
SSACC R,3227478.0,
SBLINK R,3227544.0,
EBLINK R,3227544.0,3228804 1262
ESACC R,3227478.0,3228824 1348 1050.6 805.9 3270.0 929.4 36.21 3270
SFIX R,3228826.0,
EFIX R,3228826.0,3228906 82 3270.0 959.3 153
SSACC R,3228908.0,
SBLINK R,3228942.0,
EBLINK R,3228942.0,3228990 50
ESACC R,3228908.0,3229056 150 3270.0 971.0 1091.0 838.7 35.66 197
SFIX R,3229058.0,
EFIX R,3229058.0,3229224 168 1095.9 754.7 1119
SSACC R,3229226.0,
ESACC R,3229226.0,3229676 452 1101.8 688.6 1100.8 477.2 5.71 340
SFIX R,3229678.0,
EFIX R,3229678.0,3229722 46 1099.3 489.9 995
SSACC R,3229724.0,
ESACC R,3229724.0,3230748 1026 1100.1 479.9 1106.1 456.0 0.67 463
SFIX R,3230750.0,
EFIX R,3230750.0,3230830 82 1107.2 475.6 1036
SSACC R,3230832.0,
ESACC R,3230832.0,3231062 232 1097.4 506.4 1122.4 560.8 1.62 133
SFIX R,3231064.0,
EFIX R,3231064.0,3231094 32 1124.7 577.4 964
SSACC R,3231096.0,
ESACC R,3231096.0,3231282 188 1129.8 595.6 1061.7 493.2 3.33 228
SFIX R,3231284.0,
EFIX R,3231284.0,3231312 30 1066.8 514.4 1038
SSACC R,3231314.0,
ESACC R,3231314.0,3231666 354 1076.1 530.2 1047.1 477.7 1.62 212
SFIX R,3231668.0,
EFIX R,3231668.0,3231816 150 1042.2 481.9 838
SSACC R,3231818.0,
ESACC R,3231818.0,3231914 98 1042.2 480.4 1039.9 445.2 0.95 94
SFIX R,3231916.0,
EFIX R,3231916.0,3231990 76 1039.7 430.7 956
SSACC R,3231992.0,
ESACC R,3231992.0,3232002 12 1037.2 429.0 1035.2 447.3 0.50 67
SFIX R,3232004.0,
EFIX R,3232004.0,3232320 318 1037.9 461.7 915
SSACC R,3232322.0,
SBLINK R,3232472.0,
EBLINK R,3232472.0,3234102 1632
ESACC R,3232322.0,3234120 1800 1039.3 503.1 3270.0 1035.5 38.88 728
SFIX R,3234122.0,
EFIX R,3234122.0,3234142 22 3270.0 1056.1 144
SSACC R,3234144.0,
SBLINK R,3234154.0,
EBLINK R,3234154.0,3235814 1662
ESACC R,3234144.0,3235866 1724 3270.0 1074.4 1017.0 454.4 40.22 169
SFIX R,3235868.0,
EFIX R,3235868.0,3236158 292 1006.9 481.1 725
SSACC R,3236160.0,
ESACC R,3236160.0,3236252 94 1010.2 491.9 1013.3 523.4 0.86 90
SFIX R,3236254.0,
EFIX R,3236254.0,3236328 76 1015.5 529.9 516
SSACC R,3236330.0,
ESACC R,3236330.0,3236362 34 1024.6 518.7 1030.0 511.1 0.25 87
SFIX R,3236364.0,
EFIX R,3236364.0,3236526 164 1019.1 498.7 507
SSACC R,3236528.0,
SBLINK R,3236580.0,
EBLINK R,3236580.0,3236974 396
ESACC R,3236528.0,3237626 1100 1007.5 528.3 1058.0 612.0 2.65 754
SFIX R,3237628.0,
EFIX R,3237628.0,3237986 360 1050.7 646.0 1015
SSACC R,3237988.0,
ESACC R,3237988.0,3238152 166 1057.0 686.1 1057.5 752.5 1.78 168
SFIX R,3238154.0,
EFIX R,3238154.0,3238202 50 1049.5 793.3 1029
SSACC R,3238204.0,
ESACC R,3238204.0,3238210 8 1053.6 794.9 1053.4 778.8 0.43 68
SFIX R,3238212.0,
EFIX R,3238212.0,3238246 36 1052.4 773.3 1070
SSACC R,3238248.0,
ESACC R,3238248.0,3238464 218 1053.9 751.8 1003.3 501.6 6.88 155
SFIX R,3238466.0,
EFIX R,3238466.0,3239690 1226 976.6 497.7 781
SSACC R,3239692.0,
ESACC R,3239692.0,3239706 16 971.0 499.0 1000.3 512.8 0.88 75
SFIX R,3239708.0,
EFIX R,3239708.0,3239806 100 997.2 528.2 490
SSACC R,3239808.0,
SBLINK R,3239836.0,
EBLINK R,3239836.0,3239958 124
ESACC R,3239808.0,3239988 182 980.6 554.4 1000.2 439.1 3.17 158
SFIX R,3239990.0,
EFIX R,3239990.0,3240580 592 972.5 525.8 613
SSACC R,3240582.0,
ESACC R,3240582.0,3240588 8 974.0 528.2 963.6 523.6 0.31 47
SFIX R,3240590.0,
EFIX R,3240590.0,3241018 430 958.3 528.4 637
SSACC R,3241020.0,
SBLINK R,3241082.0,
EBLINK R,3241082.0,3241268 188
ESACC R,3241020.0,3241300 282 956.4 562.2 1026.0 451.8 3.54 3036
SFIX R,3241302.0,
EFIX R,3241302.0,3244378 3078 974.1 527.8 778
SSACC R,3244380.0,
ESACC R,3244380.0,3244720 342 971.4 554.2 1115.8 886.6 9.69 654
SFIX R,3244722.0,
EFIX R,3244722.0,3245304 584 1116.3 848.8 1251
SSACC R,3245306.0,
ESACC R,3245306.0,3245508 204 1127.8 825.4 1302.1 874.3 4.78 526
SFIX R,3245510.0,
EFIX R,3245510.0,3246090 582 1324.3 926.4 1807
SSACC R,3246092.0,
ESACC R,3246092.0,3246142 52 1326.7 1003.0 1320.8 1028.8 0.67 84
SFIX R,3246144.0,
EFIX R,3246144.0,3246190 48 1319.8 1027.0 1766
SSACC R,3246192.0,
ESACC R,3246192.0,3246358 168 1316.3 1017.0 1036.9 555.7 14.19 403
SFIX R,3246360.0,
EFIX R,3246360.0,3246526 168 1029.1 564.9 1575
SSACC R,3246528.0,
ESACC R,3246528.0,3246564 38 1027.3 571.2 958.8 468.3 3.35 265
SFIX R,3246566.0,
EFIX R,3246566.0,3247568 1004 949.4 515.7 1544
SSACC R,3247570.0,
ESACC R,3247570.0,3247582 14 949.0 530.2 978.7 526.2 0.81 74
SFIX R,3247584.0,
EFIX R,3247584.0,3247812 230 975.7 529.0 1629
SSACC R,3247814.0,
ESACC R,3247814.0,3247972 160 979.1 522.3 1009.2 513.4 0.85 252
SFIX R,3247974.0,
EFIX R,3247974.0,3249936 1964 955.5 551.2 1272
SSACC R,3249938.0,
ESACC R,3249938.0,3249944 8 948.9 540.2 951.6 527.3 0.36 52
SFIX R,3249946.0,
EFIX R,3249946.0,3253018 3074 954.8 522.6 955
SSACC R,3253020.0,
ESACC R,3253020.0,3253030 12 960.3 533.5 977.0 517.1 0.63 65
SFIX R,3253032.0,
EFIX R,3253032.0,3253438 408 981.3 515.8 1000
SSACC R,3253440.0,
ESACC R,3253440.0,3253878 440 1016.9 468.1 998.0 441.2 0.89 3259
SFIX R,3253880.0,
EFIX R,3253880.0,3255642 1764 1000.7 449.0 850
SSACC R,3255644.0,
ESACC R,3255644.0,3255648 6 1019.6 431.7 1017.9 447.2 0.42 71
SFIX R,3255650.0,
EFIX R,3255650.0,3255740 92 1020.5 458.2 688
SSACC R,3255742.0,
ESACC R,3255742.0,3255784 44 1021.4 507.2 1009.4 467.9 1.11 133
SFIX R,3255786.0,
EFIX R,3255786.0,3255998 214 1002.7 466.2 647
SSACC R,3256000.0,
SBLINK R,3256034.0,
EBLINK R,3256034.0,3256272 240
ESACC R,3256000.0,3256390 392 1010.1 475.6 1049.8 428.7 1.66 755
SFIX R,3256392.0,
EFIX R,3256392.0,3257908 1518 1031.8 482.8 460
SSACC R,3257910.0,
ESACC R,3257910.0,3258058 150 1122.6 566.1 1233.8 472.5 3.91 486
SFIX R,3258060.0,
EFIX R,3258060.0,3258120 62 1233.4 474.9 502
SSACC R,3258122.0,
SBLINK R,3258198.0,
EBLINK R,3258198.0,3260270 2074
ESACC R,3258122.0,3260334 2214 1236.5 483.6 1347.1 569.7 3.72 1261
SFIX R,3260336.0,
EFIX R,3260336.0,3261028 694 1089.5 504.6 438
SSACC R,3261030.0,
ESACC R,3261030.0,3261046 18 977.5 520.8 1001.7 504.6 0.79 57
SFIX R,3261048.0,
EFIX R,3261048.0,3261394 348 986.1 519.7 330
SSACC R,3261396.0,
SBLINK R,3261432.0,
EBLINK R,3261432.0,3261698 268
ESACC R,3261396.0,3261736 342 975.5 571.3 1000.6 458.3 3.14 354
SFIX R,3261738.0,
EFIX R,3261738.0,3262948 1212 997.2 461.1 633
SSACC R,3262950.0,
SBLINK R,3262978.0,
EBLINK R,3262978.0,3263158 182
ESACC R,3262950.0,3263166 218 999.8 469.6 3270.0 1066.8 40.27 156
SFIX R,3263168.0,
EFIX R,3263168.0,3263194 28 3270.0 1037.9 167
SSACC R,3263196.0,
SBLINK R,3263230.0,
EBLINK R,3263230.0,3264230 1002
ESACC R,3263196.0,3264238 1044 3270.0 1028.7 3270.0 956.0 1.28 79
SFIX R,3264240.0,
EFIX R,3264240.0,3264290 52 968.2 513.4 613
SSACC R,3264292.0,
ESACC R,3264292.0,3264302 12 970.4 519.2 991.2 510.4 0.61 61
SFIX R,3264304.0,
EFIX R,3264304.0,3264460 158 968.4 528.2 627
SSACC R,3264462.0,
ESACC R,3264462.0,3264486 26 948.6 536.1 997.1 444.8 2.80 228
SFIX R,3264488.0,
EFIX R,3264488.0,3265210 724 984.2 509.4 540
SSACC R,3265212.0,
ESACC R,3265212.0,3265230 20 1029.4 483.7 1012.6 456.1 0.88 84
SFIX R,3265232.0,
EFIX R,3265232.0,3265556 326 1024.0 476.1 765
SSACC R,3265558.0,
ESACC R,3265558.0,3265578 22 1023.2 497.4 1019.3 511.5 0.40 92
SFIX R,3265580.0,
EFIX R,3265580.0,3265602 24 1021.8 517.3 820
SSACC R,3265604.0,
SBLINK R,3265728.0,
EBLINK R,3265728.0,3265728 2
ESACC R,3265604.0,3266132 530 1019.1 525.2 1003.9 479.4 1.31 492
SFIX R,3266134.0,
EFIX R,3266134.0,3266166 34 1002.8 503.4 1026
SSACC R,3266168.0,
SBLINK R,3266724.0,
EBLINK R,3266724.0,3266954 232
ESACC R,3266168.0,3267034 868 994.3 514.3 1036.8 458.8 1.89 3270
SFIX R,3267036.0,
EFIX R,3267036.0,3267794 760 999.0 472.8 825
SSACC R,3267796.0,
ESACC R,3267796.0,3268036 242 1012.2 451.0 1049.8 479.0 1.27 378
SFIX R,3268038.0,
EFIX R,3268038.0,3268868 832 995.8 453.8 598
SSACC R,3268870.0,
ESACC R,3268870.0,3268884 16 1028.6 463.0 1027.6 480.1 0.46 84
SFIX R,3268886.0,
EFIX R,3268886.0,3269090 206 1033.4 506.8 461
SSACC R,3269092.0,
ESACC R,3269092.0,3269120 30 1035.0 502.5 1031.6 525.1 0.62 59
SFIX R,3269122.0,
EFIX R,3269122.0,3269176 56 1031.0 521.3 478
SSACC R,3269178.0,
SBLINK R,3269238.0,
EBLINK R,3269238.0,3290200 20964
ESACC R,3269178.0,3290208 21032 1028.1 536.8 3270.0 1041.6 39.48 3270
SFIX R,3290210.0,
EFIX R,3290210.0,3290234 26 3270.0 1006.4 176
SSACC R,3290236.0,
SBLINK R,3290334.0,
EBLINK R,3290334.0,3290854 522
ESACC R,3290236.0,3291054 820 3270.0 977.3 3209.1 880.0 1.92 3270
SFIX R,3291056.0,
EFIX R,3291056.0,3291152 98 3197.2 911.2 162
SSACC R,3291154.0,
ESACC R,3291154.0,3291770 618 3181.0 910.1 3173.7 949.7 0.73 3270
SFIX R,3291772.0,
EFIX R,3291772.0,3291840 70 3163.4 984.3 166
SSACC R,3291842.0,
SBLINK R,3291852.0,
EBLINK R,3291852.0,3302800 10950
ESACC R,3291842.0,3302856 11016 694.0 704.9 679.9 544.7 4.31 266
SFIX R,3302858.0,
EFIX R,3302858.0,3303014 158 694.6 563.6 658
SSACC R,3303016.0,
ESACC R,3303016.0,3303030 16 751.4 524.5 789.4 500.6 1.21 119
SFIX R,3303032.0,
EFIX R,3303032.0,3303296 266 840.6 443.3 600
SSACC R,3303298.0,
SBLINK R,3303408.0,
EBLINK R,3303408.0,3303796 390
ESACC R,3303298.0,3303804 508 895.4 422.4 935.1 464.3 1.56 379
SFIX R,3303806.0,
EFIX R,3303806.0,3303838 34 3248.8 1009.2 166
SSACC R,3303840.0,
SBLINK R,3303850.0,
EBLINK R,3303850.0,3311038 7190
ESACC R,3303840.0,3311242 7404 3255.4 925.9 1118.9 546.3 37.31 2053
SFIX R,3311244.0,
EFIX R,3311244.0,3313568 2326 1052.4 456.9 598
SSACC R,3313570.0,
ESACC R,3313570.0,3313584 16 1012.3 500.0 1014.5 482.8 0.47 60
SFIX R,3313586.0,
EFIX R,3313586.0,3313636 52 1015.5 491.9 615
SSACC R,3313638.0,
ESACC R,3313638.0,3313764 128 1016.3 504.5 1026.1 490.2 0.47 339
SFIX R,3313766.0,
EFIX R,3313766.0,3313878 114 1025.9 483.0 636
SSACC R,3313880.0,
ESACC R,3313880.0,3313892 14 1027.3 472.7 1026.7 487.3 0.40 74
SFIX R,3313894.0,
EFIX R,3313894.0,3313972 80 1027.0 487.7 645
SSACC R,3313974.0,
ESACC R,3313974.0,3314088 116 1030.8 485.7 1026.8 501.3 0.44 537
SFIX R,3314090.0,
EFIX R,3314090.0,3314112 24 1030.3 495.8 613
SSACC R,3314114.0,
ESACC R,3314114.0,3314120 8 1032.0 487.2 1031.0 471.4 0.43 64
SFIX R,3314122.0,
EFIX R,3314122.0,3314466 346 1031.0 466.9 609
SSACC R,3314468.0,
SBLINK R,3314606.0,
EBLINK R,3314606.0,3316034 1430
ESACC R,3314468.0,3316042 1576 1042.5 493.7 608.1 787.5 14.00 3270
SFIX R,3316044.0,
EFIX R,3316044.0,3316132 90 3207.0 974.9 160
SSACC R,3316134.0,
SBLINK R,3316144.0,
EBLINK R,3316144.0,3326230 10088
ESACC R,3316134.0,3326268 10136 1011.9 593.9 1017.0 600.9 0.23 42
SFIX R,3326270.0,
EFIX R,3326270.0,3326282 14 1018.4 600.9 653
SSACC R,3326284.0,
SBLINK R,3326348.0,
EBLINK R,3326348.0,3326898 552
ESACC R,3326284.0,3326906 624 1023.9 589.4 1246.2 593.5 5.97 330
SFIX R,3326908.0,
EFIX R,3326908.0,3326934 28 3265.7 1016.8 166
SSACC R,3326936.0,
SBLINK R,3326946.0,
EBLINK R,3326946.0,3334724 7780
ESACC R,3326936.0,3334756 7822 3270.0 1059.0 3270.0 1003.6 0.93 130
SFIX R,3334758.0,
EFIX R,3334758.0,3334778 22 3270.0 960.7 243
SSACC R,3334780.0,
SBLINK R,3334798.0,
EBLINK R,3334798.0,3334836 40
ESACC R,3334780.0,3334898 120 3270.0 928.8 908.3 565.2 37.33 276
SFIX R,3334900.0,
EFIX R,3334900.0,3335500 602 1046.4 472.5 444
SSACC R,3335502.0,
ESACC R,3335502.0,3335656 156 1176.9 480.4 1267.4 533.6 2.81 615
SFIX R,3335658.0,
EFIX R,3335658.0,3335680 24 1273.8 534.4 504
SSACC R,3335682.0,
SBLINK R,3335712.0,
EBLINK R,3335712.0,3356206 20496
ESACC R,3335682.0,3356214 20534 1264.8 546.8 770.5 873.8 15.77 3270
SFIX R,3356216.0,
EFIX R,3356216.0,3356330 116 973.6 581.8 278
SSACC R,3356332.0,
SBLINK R,3356372.0,
EBLINK R,3356372.0,3368044 11674
ESACC R,3356332.0,3368054 11724 979.2 570.8 3270.0 1141.1 40.79 165
SFIX R,3368056.0,
EFIX R,3368056.0,3368104 50 3270.0 1118.8 173
SSACC R,3368106.0,
SBLINK R,3368140.0,
EBLINK R,3368140.0,3379560 11422
ESACC R,3368106.0,3379610 11506 3270.0 1090.6 3102.7 866.4 4.60 598
SFIX R,3379612.0,
EFIX R,3379612.0,3379672 62 3115.1 835.8 168
SSACC R,3379674.0,
SBLINK R,3379824.0,
EBLINK R,3379824.0,3379840 18
ESACC R,3379674.0,3379868 196 3134.3 812.2 1274.7 681.7 32.84 3270
SFIX R,3379870.0,
EFIX R,3379870.0,3379918 50 1278.0 644.5 407
SSACC R,3379920.0,
ESACC R,3379920.0,3379944 26 1285.1 616.8 1291.9 559.9 1.54 101
SFIX R,3379946.0,
EFIX R,3379946.0,3380002 58 1304.8 495.2 453
SSACC R,3380004.0,
SBLINK R,3380014.0,
EBLINK R,3380014.0,3380020 8
ESACC R,3380004.0,3380028 26 1285.1 616.8 1291.9 559.9 1.53 0
SFIX R,3380030.0,
EFIX R,3380030.0,3380052 24 1327.5 416.3 478
SSACC R,3380054.0,
SBLINK R,3380064.0,
EBLINK R,3380064.0,3380120 58
ESACC R,3380054.0,3380136 84 1327.8 406.0 1333.2 406.7 0.14 62
SFIX R,3380138.0,
EFIX R,3380138.0,3380174 38 1328.3 421.1 462
SSACC R,3380176.0,
ESACC R,3380176.0,3380196 22 1318.8 432.9 1306.5 481.8 1.35 98
SFIX R,3380198.0,
EFIX R,3380198.0,3380220 24 1308.0 487.9 412
SSACC R,3380222.0,
SBLINK R,3380270.0,
EBLINK R,3380270.0,3407782 27514
ESACC R,3380222.0,3407828 27608 1309.1 491.1 1127.9 658.0 6.58 3270
SFIX R,3407830.0,
EFIX R,3407830.0,3407880 52 1130.8 659.2 620
SSACC R,3407882.0,
ESACC R,3407882.0,3407894 14 1134.6 654.7 1145.9 633.1 0.66 60
SFIX R,3407896.0,
EFIX R,3407896.0,3407926 32 1157.3 614.1 530
SSACC R,3407928.0,
SBLINK R,3407952.0,
EBLINK R,3407952.0,3407952 2
ESACC R,3407928.0,3407972 46 1167.0 597.0 1258.6 515.9 3.28 122
SFIX R,3407974.0,
EFIX R,3407974.0,3408346 374 1232.5 503.8 359
SSACC R,3408348.0,
SBLINK R,3408382.0,
EBLINK R,3408382.0,3408382 2
ESACC R,3408348.0,3408606 260 1250.3 489.5 1283.4 507.7 1.01 441
SFIX R,3408608.0,
EFIX R,3408608.0,3408642 36 1275.9 534.9 410
SSACC R,3408644.0,
ESACC R,3408644.0,3408656 14 1280.3 547.1 1279.4 570.8 0.64 79
SFIX R,3408658.0,
EFIX R,3408658.0,3408734 78 1270.5 602.8 365
SSACC R,3408736.0,
SBLINK R,3408746.0,
EBLINK R,3408746.0,3414384 5640
ESACC R,3408736.0,3414402 5668 3216.6 1037.1 1180.4 789.0 35.39 165
SFIX R,3414404.0,
EFIX R,3414404.0,3414624 222 1054.2 788.9 402
SSACC R,3414626.0,
ESACC R,3414626.0,3414660 36 975.1 781.3 1050.6 603.2 5.22 322
SFIX R,3414662.0,
EFIX R,3414662.0,3414704 44 1022.3 630.2 377
SSACC R,3414706.0,
ESACC R,3414706.0,3414730 26 1006.0 640.1 1053.7 561.4 2.49 237
SFIX R,3414732.0,
EFIX R,3414732.0,3414862 132 1017.3 576.2 304
SSACC R,3414864.0,
ESACC R,3414864.0,3414888 26 993.5 583.1 1044.4 502.3 2.59 160
SFIX R,3414890.0,
EFIX R,3414890.0,3415072 184 1019.8 501.5 288
SSACC R,3415074.0,
ESACC R,3415074.0,3415090 18 997.9 501.4 1035.0 473.8 1.25 89
SFIX R,3415092.0,
EFIX R,3415092.0,3416846 1756 1013.8 447.1 620
SSACC R,3416848.0,
ESACC R,3416848.0,3416874 28 1030.2 428.6 1059.8 422.6 0.82 62
SFIX R,3416876.0,
EFIX R,3416876.0,3417390 516 1051.3 443.0 718
SSACC R,3417392.0,
SBLINK R,3418050.0,
EBLINK R,3418050.0,3462378 44330
ESACC R,3417392.0,3462398 45008 1055.9 514.5 3069.6 943.9 37.64 638
SFIX R,3462400.0,
EFIX R,3462400.0,3462428 30 3078.4 947.8 178
SSACC R,3462430.0,
SBLINK R,3462440.0,
EBLINK R,3462440.0,3472024 9586
ESACC R,3462430.0,3472076 9648 1486.4 786.3 1292.9 641.6 6.30 3270
SFIX R,3472078.0,
EFIX R,3472078.0,3472188 112 1293.0 660.5 411
SSACC R,3472190.0,
SBLINK R,3472252.0,
EBLINK R,3472252.0,3476066 3816
ESACC R,3472190.0,3476150 3962 1284.4 685.8 1265.4 749.3 1.76 3040
SFIX R,3476152.0,
EFIX R,3476152.0,3476186 36 1276.1 743.1 603
SSACC R,3476188.0,
ESACC R,3476188.0,3476238 52 1274.0 746.2 1326.0 700.2 1.84 98
SFIX R,3476240.0,
EFIX R,3476240.0,3476272 34 1316.4 670.1 696
SSACC R,3476274.0,
SBLINK R,3476284.0,
EBLINK R,3476284.0,3476402 120
ESACC R,3476274.0,3476410 138 1274.0 746.2 1326.0 700.2 1.84 0
SFIX R,3476412.0,
EFIX R,3476412.0,3476746 336 1300.8 620.3 487
SSACC R,3476748.0,
SBLINK R,3476878.0,
EBLINK R,3476878.0,3476886 10
ESACC R,3476748.0,3476894 148 1287.9 651.4 1258.5 809.7 4.28 1091
SFIX R,3476896.0,
EFIX R,3476896.0,3476922 28 3051.0 851.2 161
SSACC R,3476924.0,
ESACC R,3476924.0,3476934 12 3037.6 882.5 3037.5 916.8 0.65 77
SFIX R,3476936.0,
EFIX R,3476936.0,3476996 62 3035.8 931.7 173
SSACC R,3476998.0,
SBLINK R,3477010.0,
EBLINK R,3477010.0,3493550 16542
ESACC R,3476998.0,3493612 16616 3031.1 941.2 1388.5 797.4 29.77 173
SFIX R,3493614.0,
EFIX R,3493614.0,3493696 84 1352.9 790.3 704
SSACC R,3493698.0,
ESACC R,3493698.0,3493730 34 1331.9 776.9 1429.5 707.5 3.13 238
SFIX R,3493732.0,
EFIX R,3493732.0,3493884 154 1397.3 679.3 600
SSACC R,3493886.0,
ESACC R,3493886.0,3493890 6 1402.1 643.8 1399.9 653.7 0.27 59
SFIX R,3493892.0,
EFIX R,3493892.0,3494060 170 1394.8 646.9 415
SSACC R,3494062.0,
ESACC R,3494062.0,3494124 64 1394.6 629.8 1358.4 588.9 1.44 82
SFIX R,3494126.0,
EFIX R,3494126.0,3494150 26 1359.7 577.4 379
SSACC R,3494152.0,
ESACC R,3494152.0,3494166 16 1352.1 564.6 1334.6 536.3 0.88 94
SFIX R,3494168.0,
EFIX R,3494168.0,3494236 70 1336.0 533.5 379
SSACC R,3494238.0,
ESACC R,3494238.0,3494246 10 1337.3 525.3 1337.5 508.1 0.46 60
SFIX R,3494248.0,
EFIX R,3494248.0,3494752 506 1287.1 488.9 412
SSACC R,3494754.0,
ESACC R,3494754.0,3494814 62 1254.3 530.3 1271.5 448.3 2.25 428
SFIX R,3494816.0,
EFIX R,3494816.0,3494848 34 1265.2 436.8 615
SSACC R,3494850.0,
ESACC R,3494850.0,3494962 114 1261.4 430.5 1215.9 580.0 4.20 97
SFIX R,3494964.0,
EFIX R,3494964.0,3494990 28 1217.2 590.1 516
SSACC R,3494992.0,
ESACC R,3494992.0,3495002 12 1221.9 608.8 1219.8 632.4 0.64 77
SFIX R,3495004.0,
EFIX R,3495004.0,3495038 36 1221.7 653.5 459
SSACC R,3495040.0,
SBLINK R,3495144.0,
EBLINK R,3495144.0,3495744 602
ESACC R,3495040.0,3495758 720 1225.3 666.5 3104.1 953.0 34.02 1251
SFIX R,3495760.0,
EFIX R,3495760.0,3495934 176 3091.5 941.6 168
SSACC R,3495936.0,
SBLINK R,3495946.0,
EBLINK R,3495946.0,3496746 802
ESACC R,3495936.0,3496760 826 1527.0 884.1 3049.0 897.9 26.94 912
SFIX R,3496762.0,
EFIX R,3496762.0,3496808 48 3049.9 919.0 163
SSACC R,3496810.0,
SBLINK R,3496820.0,
EBLINK R,3496820.0,3496976 158
ESACC R,3496810.0,3496984 176 1527.0 884.1 3049.0 897.9 20.94 0
SFIX R,3496986.0,
EFIX R,3496986.0,3497204 220 3035.8 937.5 166
SSACC R,3497206.0,
SBLINK R,3497216.0,
EBLINK R,3497216.0,3497252 38
ESACC R,3497206.0,3497260 56 1527.0 884.1 3049.0 897.9 21.08 0
SFIX R,3497262.0,
EFIX R,3497262.0,3497448 188 3038.7 947.7 164
SSACC R,3497450.0,
SBLINK R,3497470.0,
EBLINK R,3497470.0,3513572 16104
ESACC R,3497450.0,3513580 16132 3058.4 961.4 3035.0 946.3 0.43 60
SFIX R,3513582.0,
EFIX R,3513582.0,3513736 156 1053.8 904.1 493
SSACC R,3513738.0,
ESACC R,3513738.0,3513744 8 1076.8 896.0 1082.5 884.1 0.35 60
SFIX R,3513746.0,
EFIX R,3513746.0,3513888 144 1100.3 855.4 435
SSACC R,3513890.0,
SBLINK R,3513902.0,
EBLINK R,3513902.0,3513934 34
ESACC R,3513890.0,3514044 156 1128.6 792.4 1315.5 590.3 7.33 121
SFIX R,3514046.0,
EFIX R,3514046.0,3514080 36 1308.1 600.1 446
SSACC R,3514082.0,
SBLINK R,3514154.0,
EBLINK R,3514154.0,3514592 440
ESACC R,3514082.0,3514600 520 1315.2 592.6 1295.9 551.6 1.21 1217
SFIX R,3514602.0,
EFIX R,3514602.0,3514916 316 1212.9 571.9 500
SSACC R,3514918.0,
ESACC R,3514918.0,3514974 58 1227.6 510.5 1652.2 638.0 11.34 614
SFIX R,3514976.0,
EFIX R,3514976.0,3515432 458 1489.3 561.7 503
SSACC R,3515434.0,
ESACC R,3515434.0,3515468 36 1446.2 559.9 1210.9 567.2 6.18 343
SFIX R,3515470.0,
EFIX R,3515470.0,3515902 434 1285.8 555.9 506
SSACC R,3515904.0,
ESACC R,3515904.0,3515910 8 1259.2 582.7 1248.8 591.0 0.36 48
SFIX R,3515912.0,
EFIX R,3515912.0,3515942 32 1241.5 590.2 530
SSACC R,3515944.0,
ESACC R,3515944.0,3515950 8 1233.9 576.6 1240.4 563.0 0.40 59
SFIX R,3515952.0,
EFIX R,3515952.0,3517352 1402 1153.2 517.4 649
SSACC R,3517354.0,
ESACC R,3517354.0,3517502 150 1072.9 562.0 1356.9 1065.1 15.08 256
SFIX R,3517504.0,
EFIX R,3517504.0,3517654 152 1346.8 1062.9 630
SSACC R,3517656.0,
ESACC R,3517656.0,3517678 24 1326.0 1056.1 1429.0 1054.8 2.62 190
SFIX R,3517680.0,
EFIX R,3517680.0,3518292 614 1469.0 1062.0 665
SSACC R,3518294.0,
SBLINK R,3518394.0,
EBLINK R,3518394.0,3518590 198
ESACC R,3518294.0,3518618 326 1497.9 1039.0 1195.3 552.5 14.84 857
SFIX R,3518620.0,
EFIX R,3518620.0,3519012 394 1116.7 508.4 827
SSACC R,3519014.0,
ESACC R,3519014.0,3519030 18 1097.1 537.5 1131.9 527.7 0.98 70
SFIX R,3519032.0,
EFIX R,3519032.0,3519060 30 1146.4 510.6 854
SSACC R,3519062.0,
SBLINK R,3519146.0,
EBLINK R,3519146.0,3519240 96
ESACC R,3519062.0,3519328 268 1163.0 500.7 1228.2 557.9 2.33 1457
SFIX R,3519330.0,
EFIX R,3519330.0,3519356 28 1226.6 538.2 587
SSACC R,3519358.0,
SBLINK R,3519368.0,
EBLINK R,3519368.0,3519470 104
ESACC R,3519358.0,3519478 122 1214.5 439.8 1197.2 391.4 1.38 71
SFIX R,3519480.0,
EFIX R,3519480.0,3520364 886 1040.8 460.1 705
SSACC R,3520366.0,
SBLINK R,3520384.0,
EBLINK R,3520384.0,3520624 242
ESACC R,3520366.0,3520632 268 1004.9 510.1 1004.2 520.5 0.28 115
SFIX R,3520634.0,
EFIX R,3520634.0,3520658 26 3247.2 1042.7 173
SSACC R,3520660.0,
SBLINK R,3520670.0,
EBLINK R,3520670.0,3542986 22318
ESACC R,3520660.0,3542994 22336 1721.8 654.2 2981.9 887.5 23.00 72
SFIX R,3542996.0,
EFIX R,3542996.0,3543018 24 3250.3 964.1 151
SSACC R,3543020.0,
SBLINK R,3543030.0,
EBLINK R,3543030.0,3543274 246
ESACC R,3543020.0,3543282 264 1721.8 654.2 2981.9 887.5 16.45 0
SFIX R,3543284.0,
EFIX R,3543284.0,3543308 26 3213.2 989.8 161
SSACC R,3543310.0,
SBLINK R,3543320.0,
EBLINK R,3543320.0,3556868 13550
ESACC R,3543310.0,3556876 13568 1330.7 1038.0 1320.1 453.5 15.20 3270
SFIX R,3556878.0,
EFIX R,3556878.0,3557006 130 1253.2 495.9 411
SSACC R,3557008.0,
ESACC R,3557008.0,3557016 10 1232.4 476.3 1223.6 461.6 0.46 60
SFIX R,3557018.0,
EFIX R,3557018.0,3557872 856 1098.5 434.5 463
SSACC R,3557874.0,
SBLINK R,3557926.0,
EBLINK R,3557926.0,3559290 1366
ESACC R,3557874.0,3559316 1444 1071.8 454.9 3270.0 1021.9 39.20 254
SFIX R,3559318.0,
EFIX R,3559318.0,3559350 34 3270.0 1033.9 180
SSACC R,3559352.0,
SBLINK R,3559362.0,
EBLINK R,3559362.0,3577730 18370
ESACC R,3559352.0,3577936 18586 1371.8 800.0 1291.5 592.6 5.89 1160
SFIX R,3577938.0,
EFIX R,3577938.0,3578104 168 1290.6 596.5 425
SSACC R,3578106.0,
SBLINK R,3578116.0,
EBLINK R,3578116.0,3578448 334
ESACC R,3578106.0,3578456 352 1371.8 800.0 1291.5 592.6 5.94 0
SFIX R,3578458.0,
EFIX R,3578458.0,3578478 22 3239.0 991.6 181
SSACC R,3578480.0,
SBLINK R,3578490.0,
EBLINK R,3578490.0,3578750 262
ESACC R,3578480.0,3578758 280 1371.8 800.0 1291.5 592.6 3.86 0
SFIX R,3578760.0,
EFIX R,3578760.0,3579168 410 3240.0 969.8 177
SSACC R,3579170.0,
SBLINK R,3579180.0,
EBLINK R,3579180.0,3629094 49916
ESACC R,3579170.0,3629124 49956 1614.3 904.2 962.5 573.1 18.86 2515
SFIX R,3629126.0,
EFIX R,3629126.0,3629226 102 957.2 608.3 610
SSACC R,3629228.0,
ESACC R,3629228.0,3629264 38 961.7 606.3 1066.6 538.3 3.38 133
SFIX R,3629266.0,
EFIX R,3629266.0,3629424 160 1051.0 534.1 503
SSACC R,3629426.0,
ESACC R,3629426.0,3629438 14 1051.4 518.7 1063.5 495.0 0.72 68
SFIX R,3629440.0,
EFIX R,3629440.0,3629546 108 1073.2 476.8 339
SSACC R,3629548.0,
SBLINK R,3629558.0,
EBLINK R,3629558.0,3629826 270
ESACC R,3629548.0,3629834 288 1083.3 442.2 1071.4 441.6 0.32 29
SFIX R,3629836.0,
EFIX R,3629836.0,3632426 2592 1055.3 427.3 571
SSACC R,3632428.0,
ESACC R,3632428.0,3632432 6 1036.8 414.9 1038.4 405.6 0.26 50
SFIX R,3632434.0,
EFIX R,3632434.0,3632468 36 1030.7 391.9 779
SSACC R,3632470.0,
ESACC R,3632470.0,3632634 166 1019.3 375.6 595.4 262.2 11.66 400
SFIX R,3632636.0,
EFIX R,3632636.0,3632828 194 625.3 220.6 699
SSACC R,3632830.0,
ESACC R,3632830.0,3632876 48 633.9 237.6 974.1 419.4 10.29 404
SFIX R,3632878.0,
EFIX R,3632878.0,3633032 156 961.3 382.8 724
SSACC R,3633034.0,
ESACC R,3633034.0,3633058 26 973.1 374.0 1025.3 397.9 1.55 91
SFIX R,3633060.0,
EFIX R,3633060.0,3633390 332 1008.1 392.1 665
SSACC R,3633392.0,
ESACC R,3633392.0,3633400 10 1016.1 399.6 1034.4 400.1 0.49 57
SFIX R,3633402.0,
EFIX R,3633402.0,3634124 724 1049.5 417.9 817
SSACC R,3634126.0,
ESACC R,3634126.0,3634130 6 1061.9 462.8 1060.2 469.1 0.18 60
SFIX R,3634132.0,
EFIX R,3634132.0,3634232 102 1064.8 487.9 919
SSACC R,3634234.0,
ESACC R,3634234.0,3634438 206 1065.5 496.6 1063.0 519.7 0.63 614
SFIX R,3634440.0,
EFIX R,3634440.0,3634658 220 1054.5 497.2 1043
SSACC R,3634660.0,
ESACC R,3634660.0,3634682 24 1054.1 500.8 1075.4 476.5 0.88 67
SFIX R,3634684.0,
MSG,3634805.0,STORY_1_END
EFIX R,3634684.0,3634922 240 1074.8 488.9 985
SSACC R,3634924.0,
ESACC R,3634924.0,3634994 72 1068.3 487.2 1064.7 487.3 0.10 399
SFIX R,3634996.0,
EFIX R,3634996.0,3635026 32 1064.6 486.6 933
SSACC R,3635028.0,
ESACC R,3635028.0,3635074 48 1065.4 477.7 1060.9 486.9 0.28 69
SFIX R,3635076.0,
EFIX R,3635076.0,3635156 82 1057.2 476.5 982
SSACC R,3635158.0,
ESACC R,3635158.0,3635216 60 1054.1 460.2 891.9 354.6 5.23 256
SFIX R,3635218.0,
EFIX R,3635218.0,3635506 290 914.5 329.0 1137
SSACC R,3635508.0,
ESACC R,3635508.0,3635548 42 919.4 324.2 1161.7 325.6 6.50 377
SFIX R,3635550.0,
EFIX R,3635550.0,3635754 206 1110.1 364.0 962
SSACC R,3635756.0,
SBLINK R,3635810.0,
EBLINK R,3635810.0,3635884 76
ESACC R,3635756.0,3635916 162 1097.6 382.6 1180.0 388.5 2.22 1734
SFIX R,3635918.0,
EFIX R,3635918.0,3636118 202 1144.6 427.0 721
SSACC R,3636120.0,
ESACC R,3636120.0,3636164 46 1140.5 441.5 832.9 450.0 8.29 448
SFIX R,3636166.0,
EFIX R,3636166.0,3636666 502 868.3 444.1 739
SSACC R,3636668.0,
ESACC R,3636668.0,3636704 38 867.3 436.7 744.9 594.6 5.39 406
SFIX R,3636706.0,
EFIX R,3636706.0,3637108 404 752.5 599.1 874
SSACC R,3637110.0,
ESACC R,3637110.0,3637154 46 755.9 603.5 1168.7 610.6 11.10 508
SFIX R,3637156.0,
EFIX R,3637156.0,3637582 428 1148.8 604.7 967
SSACC R,3637584.0,
ESACC R,3637584.0,3637618 36 1152.9 605.8 970.1 590.4 4.95 280
SFIX R,3637620.0,
EFIX R,3637620.0,3637762 144 985.9 594.9 1083
SSACC R,3637764.0,
SBLINK R,3637868.0,
EBLINK R,3637868.0,3640766 2900
ESACC R,3637764.0,3640774 3012 997.4 601.2 1347.2 1388.1 21.59 1046
SFIX R,3640776.0,
EFIX R,3640776.0,3640860 86 2884.7 1077.6 1075
SSACC R,3640862.0,
SBLINK R,3640872.0,
EBLINK R,3640872.0,3646132 5262
ESACC R,3640862.0,3646178 5318 2003.0 875.6 2849.6 1335.4 17.80 814
SFIX R,3646180.0,
EFIX R,3646180.0,3646380 202 2798.0 1340.0 1642
SSACC R,3646382.0,
SBLINK R,3646392.0,
EBLINK R,3646392.0,3647266 876
ESACC R,3646382.0,3647312 932 2016.9 799.9 1572.5 578.5 11.69 456
SFIX R,3647314.0,
EFIX R,3647314.0,3647364 52 1560.6 605.5 2070
SSACC R,3647366.0,
SBLINK R,3647426.0,
EBLINK R,3647426.0,3651158 3734
ESACC R,3647366.0,3651426 4062 1550.9 627.7 1071.4 474.6 13.13 708
SFIX R,3651428.0,
EFIX R,3651428.0,3651874 448 1047.9 574.3 1844
SSACC R,3651876.0,
SBLINK R,3651952.0,
EBLINK R,3651952.0,3653216 1266
ESACC R,3651876.0,3653258 1384 1047.2 586.5 1035.5 658.3 1.97 836
SFIX R,3653260.0,
EFIX R,3653260.0,3653294 36 1029.1 688.3 2132
SSACC R,3653296.0,
ESACC R,3653296.0,3653346 52 1026.3 701.5 935.0 529.2 5.27 265
SFIX R,3653348.0,
EFIX R,3653348.0,3653426 80 930.6 529.3 2130
SSACC R,3653428.0,
ESACC R,3653428.0,3653450 24 926.3 528.7 936.4 457.3 1.95 203
SFIX R,3653452.0,
EFIX R,3653452.0,3653638 188 924.3 476.5 1977
SSACC R,3653640.0,
ESACC R,3653640.0,3653676 38 913.6 488.9 1150.1 479.8 6.39 377
SFIX R,3653678.0,
EFIX R,3653678.0,3654042 366 1133.0 483.0 1577
SSACC R,3654044.0,
SBLINK R,3654110.0,
EBLINK R,3654110.0,3667280 13172
ESACC R,3654044.0,3667338 13296 1124.7 489.2 1573.0 935.3 16.40 670
SFIX R,3667340.0,
EFIX R,3667340.0,3667362 24 1569.6 931.7 2478
SSACC R,3667364.0,
SBLINK R,3668062.0,
EBLINK R,3668062.0,3668062 2
ESACC R,3667364.0,3668090 728 1581.2 920.8 1010.7 456.3 19.08 1502
SFIX R,3668092.0,
EFIX R,3668092.0,3668448 358 976.7 549.2 1966
SSACC R,3668450.0,
SBLINK R,3668494.0,
EBLINK R,3668494.0,3668634 142
ESACC R,3668450.0,3668732 284 988.3 549.6 1026.4 668.0 3.37 1225
SFIX R,3668734.0,
EFIX R,3668734.0,3668788 56 1016.5 707.6 1702
SSACC R,3668790.0,
ESACC R,3668790.0,3668824 36 1019.3 731.7 925.8 647.1 3.41 166
SFIX R,3668826.0,
EFIX R,3668826.0,3668956 132 930.2 650.6 1745
SSACC R,3668958.0,
ESACC R,3668958.0,3668990 34 928.4 645.2 742.1 596.6 5.19 313
SFIX R,3668992.0,
EFIX R,3668992.0,3669240 250 740.9 593.8 1737
SSACC R,3669242.0,
ESACC R,3669242.0,3669282 42 741.9 599.3 1029.4 468.7 8.52 406
SFIX R,3669284.0,
EFIX R,3669284.0,3669484 202 1031.1 470.5 1440
SSACC R,3669486.0,
SBLINK R,3669510.0,
EBLINK R,3669510.0,3673056 3548
ESACC R,3669486.0,3673118 3634 1050.2 472.0 1088.7 670.5 5.46 626
SFIX R,3673120.0,
EFIX R,3673120.0,3673262 144 1086.6 686.7 1899
SSACC R,3673264.0,
ESACC R,3673264.0,3673284 22 1085.9 690.8 1069.2 622.7 1.89 169
SFIX R,3673286.0,
EFIX R,3673286.0,3673430 146 1063.1 633.9 1784
SSACC R,3673432.0,
ESACC R,3673432.0,3673474 44 1059.1 632.7 723.8 586.9 9.11 421
SFIX R,3673476.0,
EFIX R,3673476.0,3673726 252 722.5 586.5 1344
SSACC R,3673728.0,
ESACC R,3673728.0,3673780 54 722.2 586.7 1173.3 586.8 12.11 454
SFIX R,3673782.0,
EFIX R,3673782.0,3673974 194 1161.4 587.7 1259
SSACC R,3673976.0,
SBLINK R,3674044.0,
EBLINK R,3674044.0,3674678 636
ESACC R,3673976.0,3674730 756 1168.8 594.3 1051.2 534.4 3.56 1238
SFIX R,3674732.0,
EFIX R,3674732.0,3674978 248 1039.5 529.6 1732
SSACC R,3674980.0,
ESACC R,3674980.0,3675010 32 1037.1 526.6 1112.6 472.4 2.51 189
SFIX R,3675012.0,
EFIX R,3675012.0,3675162 152 1111.8 482.2 1592
SSACC R,3675164.0,
ESACC R,3675164.0,3675262 100 1111.1 486.4 2044.6 1468.4 31.69 1092
SFIX R,3675264.0,
EFIX R,3675264.0,3675446 184 2043.8 1486.8 1249
SSACC R,3675448.0,
ESACC R,3675448.0,3675520 74 2040.2 1493.7 1060.7 1237.5 22.97 615
SFIX R,3675522.0,
EFIX R,3675522.0,3675670 150 1050.4 1235.7 1673
SSACC R,3675672.0,
SBLINK R,3675696.0,
EBLINK R,3675696.0,3691262 15568
ESACC R,3675672.0,3691390 15720 1042.5 1235.7 1379.6 976.7 10.80 483
SFIX R,3691392.0,
EFIX R,3691392.0,3691534 144 1380.0 958.1 1922
SSACC R,3691536.0,
ESACC R,3691536.0,3691554 20 1391.7 959.3 1397.1 938.2 0.56 61
SFIX R,3691556.0,
EFIX R,3691556.0,3691578 24 1405.5 936.2 1954
SSACC R,3691580.0,
ESACC R,3691580.0,3691600 22 1407.6 943.2 1263.5 1244.7 8.35 997
SFIX R,3691602.0,
EFIX R,3691602.0,3691918 318 1263.5 1249.9 1301
SSACC R,3691920.0,
ESACC R,3691920.0,3691980 62 1269.2 1232.1 1407.0 920.4 8.54 602
SFIX R,3691982.0,
EFIX R,3691982.0,3692358 378 1408.3 933.5 1995
SSACC R,3692360.0,
SBLINK R,3692410.0,
EBLINK R,3692410.0,3693264 856
ESACC R,3692360.0,3693294 936 1406.4 957.2 1429.5 1006.2 1.38 108
SFIX R,3693296.0,
EFIX R,3693296.0,3693498 204 1422.9 1014.1 2156
SSACC R,3693500.0,
SBLINK R,3693514.0,
EBLINK R,3693514.0,3695158 1646
ESACC R,3693500.0,3695168 1670 1422.4 1026.2 1474.0 1022.3 1.30 110
SFIX R,3695170.0,
EFIX R,3695170.0,3695274 106 1474.0 1008.8 2366
SSACC R,3695276.0,
ESACC R,3695276.0,3695402 128 1477.5 1020.8 1034.1 538.6 17.06 737
SFIX R,3695404.0,
EFIX R,3695404.0,3695568 166 1010.3 594.9 2022
SSACC R,3695570.0,
SBLINK R,3695602.0,
EBLINK R,3695602.0,3696236 636
ESACC R,3695570.0,3696292 724 1007.0 603.2 1190.2 663.0 5.19 551
SFIX R,3696294.0,
EFIX R,3696294.0,3696348 56 1177.4 689.7 2050
SSACC R,3696350.0,
ESACC R,3696350.0,3696374 26 1166.9 717.6 1207.4 632.3 2.53 306
SFIX R,3696376.0,
EFIX R,3696376.0,3696516 142 1178.1 645.9 1905
SSACC R,3696518.0,
ESACC R,3696518.0,3696574 58 1167.5 635.4 814.6 567.4 9.68 504
SFIX R,3696576.0,
EFIX R,3696576.0,3696862 288 808.0 566.1 1566
SSACC R,3696864.0,
ESACC R,3696864.0,3696906 44 810.7 568.0 1171.1 596.7 9.75 428
SFIX R,3696908.0,
EFIX R,3696908.0,3697054 148 1164.0 593.9 1430
SSACC R,3697056.0,
ESACC R,3697056.0,3697078 24 1164.8 592.4 1248.7 613.6 2.31 173
SFIX R,3697080.0,
EFIX R,3697080.0,3697182 104 1257.1 614.6 1455
SSACC R,3697184.0,
SBLINK R,3697262.0,
EBLINK R,3697262.0,3697482 222
ESACC R,3697184.0,3697560 378 1251.6 618.6 1084.9 677.6 4.74 1066
SFIX R,3697562.0,
EFIX R,3697562.0,3697582 22 1074.4 709.5 1751
SSACC R,3697584.0,
ESACC R,3697584.0,3697610 28 1065.5 732.8 1075.8 566.0 4.51 431
SFIX R,3697612.0,
EFIX R,3697612.0,3697786 176 1051.9 579.7 1739
SSACC R,3697788.0,
ESACC R,3697788.0,3697810 24 1048.0 577.7 1044.3 498.2 2.16 196
SFIX R,3697812.0,
EFIX R,3697812.0,3698052 242 1028.4 490.6 1712
SSACC R,3698054.0,
ESACC R,3698054.0,3698074 22 1016.9 493.5 1096.7 467.7 2.27 198
SFIX R,3698076.0,
EFIX R,3698076.0,3698376 302 1097.8 456.2 1408
SSACC R,3698378.0,
ESACC R,3698378.0,3698412 36 1098.1 452.4 1196.6 482.2 2.77 170
SFIX R,3698414.0,
EFIX R,3698414.0,3698568 156 1193.2 479.9 1343
SSACC R,3698570.0,
ESACC R,3698570.0,3698610 42 1195.6 478.9 900.1 443.7 8.02 362
SFIX R,3698612.0,
EFIX R,3698612.0,3699062 452 896.1 453.6 1471
SSACC R,3699064.0,
ESACC R,3699064.0,3699092 30 901.8 466.7 748.0 469.1 4.15 285
SFIX R,3699094.0,
EFIX R,3699094.0,3699260 168 758.7 467.1 1579
SSACC R,3699262.0,
ESACC R,3699262.0,3699308 48 763.6 465.1 1177.1 486.6 11.12 488
SFIX R,3699310.0,
EFIX R,3699310.0,3699614 306 1168.8 488.3 1547
SSACC R,3699616.0,
ESACC R,3699616.0,3699706 92 1171.1 491.4 1447.3 1693.0 28.89 613
SFIX R,3699708.0,
EFIX R,3699708.0,3699880 174 1434.3 1685.6 1549
SSACC R,3699882.0,
ESACC R,3699882.0,3699932 52 1430.0 1685.6 1033.9 1706.1 9.26 486
SFIX R,3699934.0,
EFIX R,3699934.0,3700068 136 1012.7 1712.8 1658
SSACC R,3700070.0,
ESACC R,3700070.0,3700090 22 1008.3 1722.0 1138.7 1371.9 8.32 1095
SFIX R,3700092.0,
EFIX R,3700092.0,3700246 156 1121.4 1415.8 2216
SSACC R,3700248.0,
SBLINK R,3700278.0,
EBLINK R,3700278.0,3702096 1820
ESACC R,3700248.0,3702194 1948 1096.7 1483.9 1222.7 1248.8 6.33 1364
SFIX R,3702196.0,
EFIX R,3702196.0,3702218 24 1216.8 1259.8 1659
SSACC R,3702220.0,
ESACC R,3702220.0,3702246 28 1213.6 1263.8 1211.2 1257.1 0.17 883
SFIX R,3702248.0,
EFIX R,3702248.0,3702292 46 1206.0 1266.2 1648
SSACC R,3702294.0,
ESACC R,3702294.0,3702354 62 1202.5 1268.2 811.1 1146.2 10.47 756
SFIX R,3702356.0,
EFIX R,3702356.0,3702514 160 799.1 1177.5 1716
SSACC R,3702516.0,
ESACC R,3702516.0,3702562 48 798.6 1177.0 481.3 1520.8 11.19 466
SFIX R,3702564.0,
EFIX R,3702564.0,3702762 200 486.2 1522.6 1809
SSACC R,3702764.0,
ESACC R,3702764.0,3702814 52 488.4 1516.3 575.2 1332.6 4.67 512
SFIX R,3702816.0,
EFIX R,3702816.0,3702962 148 568.6 1322.5 2104
SSACC R,3702964.0,
ESACC R,3702964.0,3703500 538 563.1 1338.8 -179.0 1233.2 16.74 1428
SFIX R,3703502.0,
EFIX R,3703502.0,3703672 172 -217.2 1282.1 1721
SSACC R,3703674.0,
ESACC R,3703674.0,3703712 40 -236.0 1303.4 -45.1 1255.7 4.07 351
SFIX R,3703714.0,
EFIX R,3703714.0,3704084 372 -73.5 1278.3 1351
SSACC R,3704086.0,
ESACC R,3704086.0,3704092 8 -80.6 1283.3 -88.9 1296.0 0.33 49
SFIX R,3704094.0,
EFIX R,3704094.0,3704624 532 -86.3 1290.0 1320
SSACC R,3704626.0,
SBLINK R,3704686.0,
EBLINK R,3704686.0,3705164 480
ESACC R,3704626.0,3705216 592 -75.7 1268.9 1332.2 1036.8 33.05 1957
SFIX R,3705218.0,
EFIX R,3705218.0,3705448 232 1374.7 960.4 2088
SSACC R,3705450.0,
SBLINK R,3705482.0,
EBLINK R,3705482.0,3706336 856
ESACC R,3705450.0,3706410 962 1377.9 958.4 1059.5 578.0 13.06 323
SFIX R,3706412.0,
EFIX R,3706412.0,3706676 266 1044.6 617.3 2053
SSACC R,3706678.0,
ESACC R,3706678.0,3706762 86 1037.0 631.7 652.2 1629.5 25.67 509
SFIX R,3706764.0,
EFIX R,3706764.0,3706988 226 624.4 1644.8 1685
SSACC R,3706990.0,
ESACC R,3706990.0,3707024 36 614.8 1650.2 487.6 1892.1 5.64 333
SFIX R,3707026.0,
EFIX R,3707026.0,3707120 96 487.0 1915.1 1543
SSACC R,3707122.0,
ESACC R,3707122.0,3707138 18 495.9 1905.7 557.1 1683.9 4.60 587
SFIX R,3707140.0,
EFIX R,3707140.0,3707172 34 546.5 1696.0 2094
SSACC R,3707174.0,
SBLINK R,3707184.0,
EBLINK R,3707184.0,3709638 2456
ESACC R,3707174.0,3709804 2632 1562.9 804.0 1294.8 1054.1 9.32 1841
SFIX R,3709806.0,
EFIX R,3709806.0,3709830 26 1301.2 1041.1 2278
SSACC R,3709832.0,
ESACC R,3709832.0,3709848 18 1307.8 1023.7 1307.7 1033.9 0.26 52
SFIX R,3709850.0,
EFIX R,3709850.0,3709904 56 1309.5 1048.7 2189
SSACC R,3709906.0,
ESACC R,3709906.0,3710014 110 1314.1 1043.2 1291.0 867.6 4.57 589
SFIX R,3710016.0,
EFIX R,3710016.0,3710096 82 1283.3 892.3 1695
SSACC R,3710098.0,
ESACC R,3710098.0,3710152 56 1283.5 891.8 1156.0 656.4 7.10 276
SFIX R,3710154.0,
EFIX R,3710154.0,3710418 266 1159.5 642.8 1623
SSACC R,3710420.0,
ESACC R,3710420.0,3710506 88 1153.6 639.6 1922.0 1354.3 25.20 472
SFIX R,3710508.0,
EFIX R,3710508.0,3710774 268 1901.9 1351.9 1332
SSACC R,3710776.0,
ESACC R,3710776.0,3710848 74 1891.2 1341.3 2949.9 1015.2 19.48 591
SFIX R,3710850.0,
EFIX R,3710850.0,3711134 286 2965.4 1019.1 1291
SSACC R,3711136.0,
SBLINK R,3711146.0,
EBLINK R,3711146.0,3714978 3834
ESACC R,3711136.0,3715062 3928 1316.7 987.7 1342.0 1017.2 1.00 110
SFIX R,3715064.0,
EFIX R,3715064.0,3715084 22 1344.4 1016.2 2131
SSACC R,3715086.0,
ESACC R,3715086.0,3715144 60 1344.6 1018.9 1333.2 941.2 2.01 82
SFIX R,3715146.0,
EFIX R,3715146.0,3715170 26 1335.8 940.8 2242
SSACC R,3715172.0,
ESACC R,3715172.0,3715272 102 1333.8 942.4 429.2 1312.0 24.34 809
SFIX R,3715274.0,
EFIX R,3715274.0,3715460 188 409.1 1335.3 1806
SSACC R,3715462.0,
SBLINK R,3715564.0,
EBLINK R,3715564.0,3719944 4382
ESACC R,3715462.0,3719990 4530 416.6 1341.9 1023.1 794.9 20.51 1310
SFIX R,3719992.0,
MSG,3720016.0,STORY_2_START
EFIX R,3719992.0,3720078 88 1017.3 784.2 1704
SSACC R,3720080.0,
ESACC R,3720080.0,3720104 26 1013.5 778.2 1060.4 646.7 3.76 372
SFIX R,3720106.0,
EFIX R,3720106.0,3720364 260 1050.3 636.6 1614
SSACC R,3720366.0,
ESACC R,3720366.0,3720388 24 1045.3 640.1 986.2 545.2 3.03 262
SFIX R,3720390.0,
EFIX R,3720390.0,3720856 468 961.7 539.5 1314
SSACC R,3720858.0,
ESACC R,3720858.0,3720872 16 956.7 532.2 934.1 507.4 0.91 91
SFIX R,3720874.0,
EFIX R,3720874.0,3721318 446 938.4 515.7 1526
SSACC R,3721320.0,
SBLINK R,3721362.0,
EBLINK R,3721362.0,3721478 118
ESACC R,3721320.0,3721526 208 941.9 518.4 998.8 450.3 2.40 1211
SFIX R,3721528.0,
EFIX R,3721528.0,3721698 172 985.0 499.7 1709
SSACC R,3721700.0,
ESACC R,3721700.0,3721752 54 997.3 515.5 1211.7 692.3 7.48 216
SFIX R,3721754.0,
EFIX R,3721754.0,3721876 124 1208.5 680.9 1748
SSACC R,3721878.0,
ESACC R,3721878.0,3721926 50 1217.1 676.3 1018.9 565.5 6.11 354
SFIX R,3721928.0,
EFIX R,3721928.0,3722114 188 1005.4 555.8 1514
SSACC R,3722116.0,
ESACC R,3722116.0,3722184 70 998.9 553.6 1620.3 1014.4 19.87 455
SFIX R,3722186.0,
EFIX R,3722186.0,3722288 104 1620.9 1012.3 1314
SSACC R,3722290.0,
SBLINK R,3722334.0,
EBLINK R,3722334.0,3722426 94
ESACC R,3722290.0,3722490 202 1614.3 1011.9 978.5 445.2 21.91 876
SFIX R,3722492.0,
EFIX R,3722492.0,3723354 864 955.5 515.0 1453
SSACC R,3723356.0,
SBLINK R,3723404.0,
EBLINK R,3723404.0,3723506 104
ESACC R,3723356.0,3723560 206 956.9 541.4 342.6 1375.8 25.77 528
SFIX R,3723562.0,
EFIX R,3723562.0,3723730 170 340.0 1405.2 1497
SSACC R,3723732.0,
ESACC R,3723732.0,3723800 70 345.0 1399.1 751.6 1328.1 10.00 576
SFIX R,3723802.0,
EFIX R,3723802.0,3724010 210 753.8 1331.4 1572
SSACC R,3724012.0,
ESACC R,3724012.0,3724058 48 760.3 1337.4 885.8 1217.4 4.31 286
SFIX R,3724060.0,
EFIX R,3724060.0,3724166 108 890.3 1199.0 1548
SSACC R,3724168.0,
ESACC R,3724168.0,3724234 68 897.5 1184.7 986.4 589.2 15.61 412
SFIX R,3724236.0,
EFIX R,3724236.0,3724376 142 978.3 601.6 1588
SSACC R,3724378.0,
ESACC R,3724378.0,3724396 20 981.9 599.1 993.5 540.4 1.62 167
SFIX R,3724398.0,
EFIX R,3724398.0,3724746 350 984.4 551.9 1543
SSACC R,3724748.0,
ESACC R,3724748.0,3724826 80 980.2 555.5 352.6 1125.1 21.72 450
SFIX R,3724828.0,
EFIX R,3724828.0,3725040 214 336.3 1129.7 1427
SSACC R,3725042.0,
ESACC R,3725042.0,3725124 84 324.4 1134.5 1122.6 1011.2 20.32 562
SFIX R,3725126.0,
EFIX R,3725126.0,3725432 308 1101.2 1011.1 1578
SSACC R,3725434.0,
ESACC R,3725434.0,3725558 126 1098.7 1012.3 977.7 469.3 14.71 330
SFIX R,3725560.0,
EFIX R,3725560.0,3726120 562 975.5 526.5 1693
SSACC R,3726122.0,
SBLINK R,3726166.0,
EBLINK R,3726166.0,3726202 38
ESACC R,3726122.0,3726246 126 978.3 542.6 1024.3 460.1 2.56 713
SFIX R,3726248.0,
EFIX R,3726248.0,3726272 26 1015.6 453.1 1717
SSACC R,3726274.0,
ESACC R,3726274.0,3726280 8 1005.0 472.8 1002.0 485.7 0.36 66
SFIX R,3726282.0,
EFIX R,3726282.0,3727506 1226 968.8 532.7 1522
SSACC R,3727508.0,
SBLINK R,3727562.0,
EBLINK R,3727562.0,3727628 68
ESACC R,3727508.0,3727680 174 969.6 544.0 994.4 451.8 2.59 513
SFIX R,3727682.0,
EFIX R,3727682.0,3729002 1322 962.7 523.1 1610
SSACC R,3729004.0,
ESACC R,3729004.0,3729020 18 952.6 548.7 995.1 543.1 1.16 97
SFIX R,3729022.0,
EFIX R,3729022.0,3729218 198 988.6 542.1 1606
SSACC R,3729220.0,
ESACC R,3729220.0,3729236 18 986.8 540.5 944.4 536.3 1.15 113
SFIX R,3729238.0,
EFIX R,3729238.0,3729272 36 953.2 535.2 1618
SSACC R,3729274.0,
ESACC R,3729274.0,3729364 92 957.1 532.0 988.4 485.5 1.52 168
SFIX R,3729366.0,
EFIX R,3729366.0,3731174 1810 964.2 530.4 1543
SSACC R,3731176.0,
ESACC R,3731176.0,3731306 132 953.2 529.3 1001.3 427.2 3.06 521
SFIX R,3731308.0,
EFIX R,3731308.0,3731696 390 979.4 496.5 1552
SSACC R,3731698.0,
SBLINK R,3731768.0,
EBLINK R,3731768.0,3731824 58
ESACC R,3731698.0,3731870 174 980.3 497.0 999.0 430.5 1.87 632
SFIX R,3731872.0,
EFIX R,3731872.0,3732540 670 960.8 519.3 1528
SSACC R,3732542.0,
ESACC R,3732542.0,3732560 20 953.1 523.1 1017.3 528.0 1.74 142
SFIX R,3732562.0,
EFIX R,3732562.0,3732784 224 1018.9 519.5 1383
SSACC R,3732786.0,
SBLINK R,3732834.0,
EBLINK R,3732834.0,3732970 138
ESACC R,3732786.0,3733044 260 1017.4 519.4 1014.5 431.1 2.39 649
SFIX R,3733046.0,
EFIX R,3733046.0,3733394 350 1001.8 501.1 1481
SSACC R,3733396.0,
ESACC R,3733396.0,3733412 18 990.0 519.6 950.8 530.3 1.10 96
SFIX R,3733414.0,
EFIX R,3733414.0,3733808 396 950.2 531.9 1294
SSACC R,3733810.0,
ESACC R,3733810.0,3733820 12 948.1 532.2 970.5 527.7 0.62 66
SFIX R,3733822.0,
EFIX R,3733822.0,3736464 2644 951.4 529.8 1353
SSACC R,3736466.0,
ESACC R,3736466.0,3736632 168 940.0 549.2 983.6 461.6 2.65 331
SFIX R,3736634.0,
EFIX R,3736634.0,3737856 1224 952.8 541.9 1369
SSACC R,3737858.0,
ESACC R,3737858.0,3737980 124 948.2 573.8 996.0 437.2 3.92 470
SFIX R,3737982.0,
EFIX R,3737982.0,3738598 618 964.7 522.1 1464
SSACC R,3738600.0,
ESACC R,3738600.0,3738650 52 957.0 533.8 1156.2 616.6 5.82 241
SFIX R,3738652.0,
EFIX R,3738652.0,3738812 162 1148.9 610.7 1461
SSACC R,3738814.0,
ESACC R,3738814.0,3738852 40 1145.3 611.5 963.3 554.1 5.15 353
SFIX R,3738854.0,
EFIX R,3738854.0,3739424 572 988.6 562.9 1554
SSACC R,3739426.0,
SBLINK R,3739470.0,
EBLINK R,3739470.0,3739580 112
ESACC R,3739426.0,3739634 210 989.6 573.2 998.1 461.2 3.04 667
SFIX R,3739636.0,
EFIX R,3739636.0,3740586 952 930.3 541.1 1467
SSACC R,3740588.0,
ESACC R,3740588.0,3740606 20 918.1 542.8 965.8 545.5 1.29 111
SFIX R,3740608.0,
EFIX R,3740608.0,3741026 420 965.0 549.7 1426
SSACC R,3741028.0,
ESACC R,3741028.0,3741136 110 972.4 555.0 975.0 440.7 3.10 426
SFIX R,3741138.0,
EFIX R,3741138.0,3742740 1604 946.9 538.1 1561
SSACC R,3742742.0,
ESACC R,3742742.0,3742824 84 941.6 549.2 999.5 469.0 2.68 321
SFIX R,3742826.0,
EFIX R,3742826.0,3743606 782 977.8 536.8 1608
SSACC R,3743608.0,
ESACC R,3743608.0,3743624 18 975.3 549.0 932.5 538.0 1.20 123
SFIX R,3743626.0,
EFIX R,3743626.0,3744134 510 940.2 548.2 1432
SSACC R,3744136.0,
ESACC R,3744136.0,3744148 14 942.2 548.8 969.8 548.2 0.75 72
SFIX R,3744150.0,
EFIX R,3744150.0,3745940 1792 956.1 540.6 1377
SSACC R,3745942.0,
SBLINK R,3746016.0,
EBLINK R,3746016.0,3746060 46
ESACC R,3745942.0,3746136 196 954.9 547.0 1002.6 455.5 2.80 540
SFIX R,3746138.0,
EFIX R,3746138.0,3747422 1286 949.5 531.4 1330
SSACC R,3747424.0,
ESACC R,3747424.0,3747438 16 938.5 527.6 977.5 522.6 1.07 94
SFIX R,3747440.0,
EFIX R,3747440.0,3747876 438 970.9 519.3 1393
SSACC R,3747878.0,
SBLINK R,3747924.0,
EBLINK R,3747924.0,3748002 80
ESACC R,3747878.0,3748068 192 974.1 528.9 983.9 480.3 1.34 818
SFIX R,3748070.0,
EFIX R,3748070.0,3748572 504 969.8 537.8 1564
SSACC R,3748574.0,
ESACC R,3748574.0,3748638 66 965.7 544.7 1196.5 958.6 12.59 350
SFIX R,3748640.0,
EFIX R,3748640.0,3748820 182 1175.0 950.8 1640
SSACC R,3748822.0,
ESACC R,3748822.0,3748890 70 1164.3 938.2 1005.3 584.8 10.32 246
SFIX R,3748892.0,
EFIX R,3748892.0,3749064 174 1004.7 595.2 1583
SSACC R,3749066.0,
ESACC R,3749066.0,3749102 38 1003.5 600.2 950.2 542.1 2.14 140
SFIX R,3749104.0,
EFIX R,3749104.0,3750156 1054 950.1 547.5 1505
SSACC R,3750158.0,
SBLINK R,3750230.0,
EBLINK R,3750230.0,3750332 104
ESACC R,3750158.0,3750430 274 950.2 550.8 972.9 470.8 2.25 482
SFIX R,3750432.0,
EFIX R,3750432.0,3750870 440 953.5 517.0 1488
SSACC R,3750872.0,
SBLINK R,3750932.0,
EBLINK R,3750932.0,3750976 46
ESACC R,3750872.0,3751038 168 957.5 543.9 989.1 484.9 1.81 605
SFIX R,3751040.0,
EFIX R,3751040.0,3751982 944 945.2 544.4 1348
SSACC R,3751984.0,
ESACC R,3751984.0,3751988 6 939.7 545.8 945.6 542.7 0.18 48
SFIX R,3751990.0,
EFIX R,3751990.0,3752562 574 943.6 535.2 1367
SSACC R,3752564.0,
SBLINK R,3752592.0,
EBLINK R,3752592.0,3752710 120
ESACC R,3752564.0,3752760 198 938.5 536.2 994.4 475.5 2.24 579
SFIX R,3752762.0,
EFIX R,3752762.0,3753426 666 956.2 540.0 1280
SSACC R,3753428.0,
SBLINK R,3753488.0,
EBLINK R,3753488.0,3753566 80
ESACC R,3753428.0,3753658 232 947.0 556.1 974.1 518.5 1.26 3270
SFIX R,3753660.0,
EFIX R,3753660.0,3754186 528 954.8 537.0 1058
SSACC R,3754188.0,
ESACC R,3754188.0,3754256 70 951.1 534.7 1457.9 1367.7 24.45 745
SFIX R,3754258.0,
EFIX R,3754258.0,3754408 152 1444.6 1365.2 934
SSACC R,3754410.0,
ESACC R,3754410.0,3754442 34 1445.3 1355.7 1370.6 1262.8 2.85 240
SFIX R,3754444.0,
EFIX R,3754444.0,3754856 414 1373.7 1254.7 1083
SSACC R,3754858.0,
ESACC R,3754858.0,3754942 86 1374.3 1257.2 940.3 618.4 19.76 388
SFIX R,3754944.0,
EFIX R,3754944.0,3755140 198 911.3 605.4 1258
SSACC R,3755142.0,
ESACC R,3755142.0,3755172 32 911.5 593.0 950.9 543.6 1.71 279
SFIX R,3755174.0,
EFIX R,3755174.0,3757500 2328 954.0 547.9 1438
SSACC R,3757502.0,
ESACC R,3757502.0,3757510 10 949.5 550.9 965.4 540.8 0.51 64
SFIX R,3757512.0,
EFIX R,3757512.0,3757782 272 961.8 539.7 1310
SSACC R,3757784.0,
ESACC R,3757784.0,3757800 18 962.5 540.2 923.0 534.1 1.08 104
SFIX R,3757802.0,
EFIX R,3757802.0,3758002 202 930.9 533.6 1353
SSACC R,3758004.0,
ESACC R,3758004.0,3758014 12 932.6 534.4 955.6 534.3 0.62 64
SFIX R,3758016.0,
EFIX R,3758016.0,3758384 370 946.8 540.1 1370
SSACC R,3758386.0,
ESACC R,3758386.0,3758392 8 943.9 547.5 956.0 543.2 0.35 53
SFIX R,3758394.0,
EFIX R,3758394.0,3758468 76 958.7 542.2 1356
SSACC R,3758470.0,
SBLINK R,3758500.0,
EBLINK R,3758500.0,3758618 120
ESACC R,3758470.0,3758692 224 954.9 547.3 968.0 471.1 2.10 390
SFIX R,3758694.0,
EFIX R,3758694.0,3759150 458 936.4 518.5 1307
SSACC R,3759152.0,
ESACC R,3759152.0,3759166 16 919.2 536.0 953.1 540.5 0.93 89
SFIX R,3759168.0,
EFIX R,3759168.0,3759502 336 938.0 544.8 1212
SSACC R,3759504.0,
ESACC R,3759504.0,3759510 8 945.2 548.7 957.4 547.0 0.33 50
SFIX R,3759512.0,
EFIX R,3759512.0,3759778 268 959.7 548.4 1258
SSACC R,3759780.0,
ESACC R,3759780.0,3759794 16 966.2 544.3 949.7 546.7 0.45 61
SFIX R,3759796.0,
EFIX R,3759796.0,3760142 348 959.1 550.7 1359
SSACC R,3760144.0,
ESACC R,3760144.0,3760250 108 959.8 549.0 976.9 460.0 2.46 313
SFIX R,3760252.0,
EFIX R,3760252.0,3761078 828 941.2 533.8 1318
SSACC R,3761080.0,
ESACC R,3761080.0,3761090 12 943.3 551.4 964.5 547.6 0.58 63
SFIX R,3761092.0,
EFIX R,3761092.0,3762934 1844 956.6 541.0 1208
SSACC R,3762936.0,
ESACC R,3762936.0,3762948 14 948.2 533.1 978.9 529.7 0.84 78
SFIX R,3762950.0,
EFIX R,3762950.0,3763376 428 976.8 535.6 1270
SSACC R,3763378.0,
SBLINK R,3763418.0,
EBLINK R,3763418.0,3763474 58
ESACC R,3763378.0,3763510 134 974.2 543.5 983.7 465.4 2.13 291
SFIX R,3763512.0,
EFIX R,3763512.0,3764618 1108 956.8 542.7 1288
SSACC R,3764620.0,
ESACC R,3764620.0,3764636 18 956.0 554.6 999.1 552.8 1.17 99
SFIX R,3764638.0,
EFIX R,3764638.0,3765364 728 985.3 558.6 1271
SSACC R,3765366.0,
ESACC R,3765366.0,3765384 20 979.6 566.7 927.7 549.9 1.48 120
SFIX R,3765386.0,
EFIX R,3765386.0,3765970 586 931.1 550.2 1288
SSACC R,3765972.0,
ESACC R,3765972.0,3765986 16 929.4 551.0 966.4 546.6 1.01 88
SFIX R,3765988.0,
EFIX R,3765988.0,3767978 1992 945.7 552.1 1238
SSACC R,3767980.0,
ESACC R,3767980.0,3767990 12 925.1 571.9 943.1 562.3 0.55 59
SFIX R,3767992.0,
EFIX R,3767992.0,3768656 666 937.8 562.0 1254
SSACC R,3768658.0,
ESACC R,3768658.0,3768664 8 934.1 563.4 932.4 552.2 0.31 46
SFIX R,3768666.0,
EFIX R,3768666.0,3770692 2028 935.6 560.4 1236
SSACC R,3770694.0,
ESACC R,3770694.0,3770704 12 932.0 550.3 947.0 547.3 0.41 45
SFIX R,3770706.0,
EFIX R,3770706.0,3770896 192 947.6 545.4 1144
SSACC R,3770898.0,
ESACC R,3770898.0,3770908 12 945.9 545.1 923.2 543.2 0.62 66
SFIX R,3770910.0,
EFIX R,3770910.0,3771146 238 930.8 549.0 1178
SSACC R,3771148.0,
ESACC R,3771148.0,3771154 8 941.7 550.0 948.7 554.0 0.22 38
SFIX R,3771156.0,
EFIX R,3771156.0,3772284 1130 942.9 544.0 1098
SSACC R,3772286.0,
ESACC R,3772286.0,3772292 8 934.4 536.7 944.1 535.8 0.26 43
SFIX R,3772294.0,
EFIX R,3772294.0,3773408 1116 938.1 532.6 918
SSACC R,3773410.0,
ESACC R,3773410.0,3773420 12 935.9 535.5 953.4 525.4 0.55 54
SFIX R,3773422.0,
EFIX R,3773422.0,3773764 344 948.6 523.9 877
SSACC R,3773766.0,
ESACC R,3773766.0,3773770 6 945.9 518.9 938.4 515.1 0.23 41
SFIX R,3773772.0,
EFIX R,3773772.0,3774384 614 933.6 518.5 867
SSACC R,3774386.0,
ESACC R,3774386.0,3774394 10 933.3 520.0 945.7 515.1 0.36 44
SFIX R,3774396.0,
EFIX R,3774396.0,3776616 2222 948.2 529.5 891
SSACC R,3776618.0,
ESACC R,3776618.0,3776632 16 967.0 542.6 938.8 519.9 0.98 87
SFIX R,3776634.0,
EFIX R,3776634.0,3777024 392 944.7 530.4 1005
SSACC R,3777026.0,
ESACC R,3777026.0,3777036 12 951.9 537.8 966.6 527.2 0.49 51
SFIX R,3777038.0,
EFIX R,3777038.0,3777500 464 962.2 526.9 1043
SSACC R,3777502.0,
ESACC R,3777502.0,3777510 10 959.3 521.0 947.7 515.1 0.35 45
SFIX R,3777512.0,
EFIX R,3777512.0,3777786 276 943.1 517.1 1047
SSACC R,3777788.0,
ESACC R,3777788.0,3777800 14 944.7 520.0 967.5 515.8 0.63 58
SFIX R,3777802.0,
EFIX R,3777802.0,3778132 332 960.3 518.8 1072
SSACC R,3778134.0,
ESACC R,3778134.0,3778146 14 957.9 518.2 930.2 513.7 0.76 73
SFIX R,3778148.0,
EFIX R,3778148.0,3778606 460 937.8 519.2 1109
SSACC R,3778608.0,
SBLINK R,3778676.0,
EBLINK R,3778676.0,3778792 118
ESACC R,3778608.0,3778816 210 946.0 525.1 985.9 463.3 1.99 995
SFIX R,3778818.0,
EFIX R,3778818.0,3781252 2436 955.2 532.8 1013
SSACC R,3781254.0,
ESACC R,3781254.0,3781262 10 958.3 528.9 946.3 516.5 0.47 56
SFIX R,3781264.0,
EFIX R,3781264.0,3781924 662 941.6 522.6 879
SSACC R,3781926.0,
ESACC R,3781926.0,3781938 14 941.8 528.1 962.3 518.0 0.62 58
SFIX R,3781940.0,
EFIX R,3781940.0,3782692 754 964.1 526.9 976
SSACC R,3782694.0,
ESACC R,3782694.0,3782702 10 958.0 529.5 936.9 527.6 0.57 71
SFIX R,3782704.0,
EFIX R,3782704.0,3782842 140 937.6 533.3 995
SSACC R,3782844.0,
SBLINK R,3782870.0,
EBLINK R,3782870.0,3782878 10
ESACC R,3782844.0,3782932 90 934.4 546.2 981.4 491.5 1.95 391
SFIX R,3782934.0,
EFIX R,3782934.0,3784158 1226 953.1 529.8 992
SSACC R,3784160.0,
ESACC R,3784160.0,3784168 10 941.5 544.3 957.2 542.6 0.43 53
SFIX R,3784170.0,
EFIX R,3784170.0,3785516 1348 950.4 548.3 1056
SSACC R,3785518.0,
ESACC R,3785518.0,3785530 14 935.8 567.1 951.6 546.3 0.71 66
SFIX R,3785532.0,
EFIX R,3785532.0,3788664 3134 927.3 570.7 1196
SSACC R,3788666.0,
ESACC R,3788666.0,3788678 14 910.7 591.8 926.6 570.6 0.72 78
SFIX R,3788680.0,
EFIX R,3788680.0,3792884 4206 926.8 582.4 1225
SSACC R,3792886.0,
ESACC R,3792886.0,3792904 20 937.7 583.9 961.0 568.6 0.76 70
SFIX R,3792906.0,
EFIX R,3792906.0,3793404 500 944.0 571.3 1286
SSACC R,3793406.0,
ESACC R,3793406.0,3793414 10 939.7 573.3 955.3 570.7 0.43 52
SFIX R,3793416.0,
EFIX R,3793416.0,3793586 172 950.9 565.0 1227
SSACC R,3793588.0,
ESACC R,3793588.0,3793604 18 948.5 562.9 914.5 560.1 0.92 92
SFIX R,3793606.0,
EFIX R,3793606.0,3794100 496 924.7 563.3 1123
SSACC R,3794102.0,
ESACC R,3794102.0,3794108 8 927.1 555.2 938.5 552.9 0.32 51
SFIX R,3794110.0,
EFIX R,3794110.0,3794650 542 944.0 544.5 1024
SSACC R,3794652.0,
ESACC R,3794652.0,3794662 12 946.0 556.2 953.2 527.9 0.79 77
SFIX R,3794664.0,
EFIX R,3794664.0,3794982 320 951.4 542.2 1059
SSACC R,3794984.0,
ESACC R,3794984.0,3795000 18 945.7 552.7 992.6 539.0 1.32 112
SFIX R,3795002.0,
EFIX R,3795002.0,3795404 404 989.9 545.7 1023
SSACC R,3795406.0,
ESACC R,3795406.0,3795428 24 987.9 553.8 919.5 550.3 1.86 173
SFIX R,3795430.0,
EFIX R,3795430.0,3796032 604 929.2 559.0 1093
SSACC R,3796034.0,
SBLINK R,3796062.0,
EBLINK R,3796062.0,3796212 152
ESACC R,3796034.0,3796252 220 928.7 564.4 1034.2 480.7 3.65 548
SFIX R,3796254.0,
EFIX R,3796254.0,3799670 3418 976.1 576.9 1285
SSACC R,3799672.0,
ESACC R,3799672.0,3799686 16 957.5 581.1 928.1 573.1 0.83 84
SFIX R,3799688.0,
EFIX R,3799688.0,3800062 376 928.1 579.2 1239
SSACC R,3800064.0,
ESACC R,3800064.0,3800074 12 929.3 580.4 950.0 579.6 0.56 57
SFIX R,3800076.0,
EFIX R,3800076.0,3800650 576 947.1 565.1 1245
SSACC R,3800652.0,
ESACC R,3800652.0,3800658 8 945.8 555.2 935.7 557.4 0.28 46
SFIX R,3800660.0,
EFIX R,3800660.0,3801146 488 927.9 560.0 1113
SSACC R,3801148.0,
ESACC R,3801148.0,3801158 12 930.9 565.6 954.1 564.2 0.63 69
SFIX R,3801160.0,
EFIX R,3801160.0,3801400 242 954.8 560.4 1036
SSACC R,3801402.0,
ESACC R,3801402.0,3801408 8 952.4 552.5 941.5 548.3 0.32 48
SFIX R,3801410.0,
EFIX R,3801410.0,3801662 254 931.0 548.0 954
SSACC R,3801664.0,
ESACC R,3801664.0,3801672 10 939.0 541.5 952.1 543.2 0.36 45
SFIX R,3801674.0,
EFIX R,3801674.0,3801902 230 945.3 544.1 911
SSACC R,3801904.0,
ESACC R,3801904.0,3801912 10 943.4 544.3 955.2 545.0 0.32 42
SFIX R,3801914.0,
EFIX R,3801914.0,3802220 308 958.0 544.8 887
SSACC R,3802222.0,
SBLINK R,3802286.0,
EBLINK R,3802286.0,3802286 2
ESACC R,3802222.0,3802296 76 953.3 543.7 989.9 518.7 1.20 172
SFIX R,3802298.0,
EFIX R,3802298.0,3802698 402 973.2 523.9 890
SSACC R,3802700.0,
ESACC R,3802700.0,3802710 12 968.8 539.5 990.1 540.9 0.58 61
SFIX R,3802712.0,
EFIX R,3802712.0,3802834 124 993.3 544.8 909
SSACC R,3802836.0,
ESACC R,3802836.0,3802852 18 989.8 544.5 945.3 539.6 1.21 95
SFIX R,3802854.0,
EFIX R,3802854.0,3803160 308 963.5 542.8 918
SSACC R,3803162.0,
ESACC R,3803162.0,3803172 12 969.9 542.3 985.4 539.6 0.43 46
SFIX R,3803174.0,
EFIX R,3803174.0,3803344 172 985.1 540.8 952
SSACC R,3803346.0,
ESACC R,3803346.0,3803352 8 977.3 537.8 968.7 535.1 0.24 40
SFIX R,3803354.0,
EFIX R,3803354.0,3803764 412 966.4 544.3 996
SSACC R,3803766.0,
ESACC R,3803766.0,3803782 18 969.3 546.1 939.2 537.3 0.85 60
SFIX R,3803784.0,
EFIX R,3803784.0,3804248 466 941.3 539.2 984
SSACC R,3804250.0,
ESACC R,3804250.0,3804260 12 935.8 538.6 955.2 534.2 0.54 57
SFIX R,3804262.0,
EFIX R,3804262.0,3804444 184 958.5 539.2 938
SSACC R,3804446.0,
ESACC R,3804446.0,3804462 18 958.0 537.5 918.7 533.5 1.07 75
SFIX R,3804464.0,
EFIX R,3804464.0,3805408 946 917.7 533.9 914
SSACC R,3805410.0,
ESACC R,3805410.0,3805424 16 918.2 529.3 948.8 529.7 0.83 69
SFIX R,3805426.0,
EFIX R,3805426.0,3805732 308 952.3 532.3 902
SSACC R,3805734.0,
ESACC R,3805734.0,3805744 12 954.3 533.8 928.5 527.9 0.72 77
SFIX R,3805746.0,
EFIX R,3805746.0,3806502 758 912.0 527.0 993
SSACC R,3806504.0,
ESACC R,3806504.0,3806518 16 912.5 526.5 947.2 519.7 0.96 82
SFIX R,3806520.0,
EFIX R,3806520.0,3806586 68 952.2 511.9 1089
SSACC R,3806588.0,
ESACC R,3806588.0,3806594 8 963.7 509.1 974.4 507.5 0.29 45
SFIX R,3806596.0,
EFIX R,3806596.0,3806764 170 981.9 516.0 1112
SSACC R,3806766.0,
ESACC R,3806766.0,3806774 10 983.0 512.9 963.8 511.6 0.52 64
SFIX R,3806776.0,
EFIX R,3806776.0,3807530 756 967.6 503.5 1160
SSACC R,3807532.0,
ESACC R,3807532.0,3807546 16 958.3 502.7 995.1 504.2 1.00 84
SFIX R,3807548.0,
EFIX R,3807548.0,3808416 870 1007.5 515.8 1099
SSACC R,3808418.0,
ESACC R,3808418.0,3808438 22 1005.9 523.8 953.8 510.4 1.46 126
SFIX R,3808440.0,
EFIX R,3808440.0,3808966 528 970.0 515.9 1133
SSACC R,3808968.0,
ESACC R,3808968.0,3808974 8 982.4 510.1 991.0 505.0 0.27 43
SFIX R,3808976.0,
EFIX R,3808976.0,3809308 334 998.9 504.6 1227
SSACC R,3809310.0,
ESACC R,3809310.0,3809328 20 995.3 505.7 959.2 501.4 0.99 79
SFIX R,3809330.0,
EFIX R,3809330.0,3809496 168 958.0 506.0 1226
SSACC R,3809498.0,
ESACC R,3809498.0,3809514 18 960.2 507.2 923.0 494.8 1.06 86
SFIX R,3809516.0,
EFIX R,3809516.0,3809878 364 937.2 485.9 1249
SSACC R,3809880.0,
ESACC R,3809880.0,3809894 16 948.1 476.1 975.4 484.1 0.77 57
SFIX R,3809896.0,
EFIX R,3809896.0,3811212 1318 963.0 493.5 1201
SSACC R,3811214.0,
ESACC R,3811214.0,3811224 12 956.6 497.3 977.1 500.5 0.56 59
SFIX R,3811226.0,
EFIX R,3811226.0,3811398 174 976.5 503.0 1094
SSACC R,3811400.0,
ESACC R,3811400.0,3811410 12 974.2 502.7 951.3 488.4 0.73 78
SFIX R,3811412.0,
EFIX R,3811412.0,3812002 592 937.1 515.9 1089
SSACC R,3812004.0,
ESACC R,3812004.0,3812014 12 925.7 528.5 941.7 526.1 0.44 47
SFIX R,3812016.0,
EFIX R,3812016.0,3812238 224 940.7 531.0 1033
SSACC R,3812240.0,
ESACC R,3812240.0,3812258 20 931.5 522.1 987.0 545.1 1.63 135
SFIX R,3812260.0,
EFIX R,3812260.0,3813142 884 949.4 530.1 807
SSACC R,3813144.0,
SBLINK R,3813170.0,
EBLINK R,3813170.0,3813338 170
ESACC R,3813144.0,3813372 230 941.1 534.0 1022.3 469.1 2.82 3270
SFIX R,3813374.0,
EFIX R,3813374.0,3813984 612 976.0 538.7 803
SSACC R,3813986.0,
SBLINK R,3814070.0,
EBLINK R,3814070.0,3814108 40
ESACC R,3813986.0,3814120 136 984.7 520.2 997.7 592.4 1.99 259
SFIX R,3814122.0,
EFIX R,3814122.0,3814180 60 1007.4 524.1 940
SSACC R,3814182.0,
ESACC R,3814182.0,3814198 18 1019.6 444.0 1006.9 497.7 1.49 224
SFIX R,3814200.0,
EFIX R,3814200.0,3814518 320 984.8 513.1 1036
SSACC R,3814520.0,
ESACC R,3814520.0,3814528 10 971.0 518.6 978.4 504.3 0.44 56
SFIX R,3814530.0,
EFIX R,3814530.0,3814814 286 975.7 515.3 1055
SSACC R,3814816.0,
ESACC R,3814816.0,3814824 10 968.2 519.6 949.5 515.8 0.52 65
SFIX R,3814826.0,
EFIX R,3814826.0,3815044 220 942.7 526.6 1007
SSACC R,3815046.0,
ESACC R,3815046.0,3815054 10 943.6 532.1 958.9 530.3 0.42 54
SFIX R,3815056.0,
EFIX R,3815056.0,3816268 1214 954.6 531.5 896
SSACC R,3816270.0,
SBLINK R,3816302.0,
EBLINK R,3816302.0,3816390 90
ESACC R,3816270.0,3816406 138 940.7 549.6 985.8 456.6 2.80 3270
SFIX R,3816408.0,
EFIX R,3816408.0,3817302 896 947.3 528.8 1000
SSACC R,3817304.0,
SBLINK R,3817384.0,
EBLINK R,3817384.0,3817438 56
ESACC R,3817304.0,3817516 214 937.3 558.7 998.7 451.5 3.35 2755
SFIX R,3817518.0,
EFIX R,3817518.0,3818078 562 972.7 521.8 1157
SSACC R,3818080.0,
ESACC R,3818080.0,3818088 10 960.7 538.3 942.9 539.1 0.48 59
SFIX R,3818090.0,
EFIX R,3818090.0,3818536 448 942.2 541.6 1026
SSACC R,3818538.0,
SBLINK R,3818608.0,
EBLINK R,3818608.0,3818782 176
ESACC R,3818538.0,3818792 256 944.1 556.8 991.6 463.8 2.83 3270
SFIX R,3818794.0,
EFIX R,3818794.0,3819682 890 946.3 528.3 1008
SSACC R,3819684.0,
SBLINK R,3819704.0,
EBLINK R,3819704.0,3819810 108
ESACC R,3819684.0,3819870 188 929.7 549.7 1009.3 450.3 3.45 3270
SFIX R,3819872.0,
EFIX R,3819872.0,3820840 970 964.2 526.4 1051
SSACC R,3820842.0,
ESACC R,3820842.0,3820856 16 963.1 525.0 989.3 507.6 0.85 74
SFIX R,3820858.0,
EFIX R,3820858.0,3821144 288 982.5 518.5 1087
SSACC R,3821146.0,
ESACC R,3821146.0,3821164 20 979.2 520.6 932.3 512.1 1.29 108
SFIX R,3821166.0,
EFIX R,3821166.0,3821630 466 949.1 520.4 1155
SSACC R,3821632.0,
ESACC R,3821632.0,3821646 16 954.6 527.6 989.9 520.4 0.98 83
SFIX R,3821648.0,
EFIX R,3821648.0,3821948 302 986.1 529.0 1169
SSACC R,3821950.0,
ESACC R,3821950.0,3821962 14 983.3 532.0 953.2 531.6 0.82 78
SFIX R,3821964.0,
EFIX R,3821964.0,3823408 1446 958.4 553.0 1078
SSACC R,3823410.0,
ESACC R,3823410.0,3823414 6 974.4 537.3 979.9 533.1 0.19 42
SFIX R,3823416.0,
EFIX R,3823416.0,3825150 1736 991.1 501.5 1151
SSACC R,3825152.0,
ESACC R,3825152.0,3825168 18 983.7 494.4 948.9 475.2 1.08 80
SFIX R,3825170.0,
EFIX R,3825170.0,3825844 676 962.2 467.9 1158
SSACC R,3825846.0,
ESACC R,3825846.0,3825850 6 990.6 471.9 985.1 465.8 0.22 47
SFIX R,3825852.0,
EFIX R,3825852.0,3826048 198 972.1 465.5 1234
SSACC R,3826050.0,
SBLINK R,3826082.0,
EBLINK R,3826082.0,3826438 358
ESACC R,3826050.0,3826464 416 963.2 485.2 963.0 485.5 0.01 3270
SFIX R,3826466.0,
EFIX R,3826466.0,3826974 510 950.4 473.7 1252
SSACC R,3826976.0,
ESACC R,3826976.0,3826990 16 944.4 475.8 966.0 476.5 0.59 47
SFIX R,3826992.0,
EFIX R,3826992.0,3827510 520 967.2 480.8 1257
SSACC R,3827512.0,
ESACC R,3827512.0,3827524 14 982.1 490.1 1003.2 488.3 0.57 53
SFIX R,3827526.0,
EFIX R,3827526.0,3827644 120 1008.5 491.9 1324
SSACC R,3827646.0,
ESACC R,3827646.0,3827658 14 1006.3 495.0 980.0 489.4 0.73 68
SFIX R,3827660.0,
EFIX R,3827660.0,3828050 392 958.8 501.1 1309
SSACC R,3828052.0,
SBLINK R,3828126.0,
EBLINK R,3828126.0,3828182 58
ESACC R,3828052.0,3828274 224 957.2 511.5 970.8 495.6 0.57 3270
SFIX R,3828276.0,
EFIX R,3828276.0,3829028 754 972.2 468.0 1235
SSACC R,3829030.0,
ESACC R,3829030.0,3829038 10 946.6 479.4 960.4 484.4 0.40 51
SFIX R,3829040.0,
EFIX R,3829040.0,3829486 448 960.6 486.5 1104
SSACC R,3829488.0,
ESACC R,3829488.0,3829502 16 966.6 488.6 987.1 481.0 0.59 56
SFIX R,3829504.0,
EFIX R,3829504.0,3830242 740 981.6 501.3 995
SSACC R,3830244.0,
ESACC R,3830244.0,3830262 20 938.4 512.4 992.1 529.6 1.53 148
SFIX R,3830264.0,
EFIX R,3830264.0,3830828 566 965.5 509.3 683
SSACC R,3830830.0,
SBLINK R,3830876.0,
EBLINK R,3830876.0,3831058 184
ESACC R,3830830.0,3831098 270 954.9 513.6 1013.8 470.0 1.99 3270
SFIX R,3831100.0,
EFIX R,3831100.0,3831404 306 974.4 530.7 811
SSACC R,3831406.0,
ESACC R,3831406.0,3831422 18 975.6 528.9 1003.7 512.5 0.88 68
SFIX R,3831424.0,
EFIX R,3831424.0,3831452 30 1012.5 501.3 967
SSACC R,3831454.0,
ESACC R,3831454.0,3831592 140 1015.3 490.8 1005.7 536.7 1.27 186
SFIX R,3831594.0,
EFIX R,3831594.0,3831622 30 1017.4 502.7 980
SSACC R,3831624.0,
ESACC R,3831624.0,3831640 18 1022.7 461.1 1010.9 495.6 0.99 216
SFIX R,3831642.0,
EFIX R,3831642.0,3832028 388 1000.1 486.9 1061
SSACC R,3832030.0,
ESACC R,3832030.0,3832044 16 994.0 492.3 1017.8 467.6 0.93 80
SFIX R,3832046.0,
EFIX R,3832046.0,3834416 2372 993.5 503.3 1080
SSACC R,3834418.0,
ESACC R,3834418.0,3834426 10 995.8 519.6 1011.1 508.2 0.52 61
SFIX R,3834428.0,
EFIX R,3834428.0,3834814 388 1008.0 505.1 1112
SSACC R,3834816.0,
ESACC R,3834816.0,3834832 18 1003.9 502.0 976.1 497.8 0.76 60
SFIX R,3834834.0,
EFIX R,3834834.0,3835234 402 984.7 500.5 1109
SSACC R,3835236.0,
ESACC R,3835236.0,3835244 10 987.5 501.5 1003.5 500.2 0.44 54
SFIX R,3835246.0,
EFIX R,3835246.0,3837472 2228 1030.5 501.5 1019
SSACC R,3837474.0,
ESACC R,3837474.0,3837486 14 1039.8 502.4 1019.1 491.2 0.64 63
SFIX R,3837488.0,
EFIX R,3837488.0,3838910 1424 1023.9 486.7 1037
SSACC R,3838912.0,
ESACC R,3838912.0,3838918 8 1023.7 493.9 1032.3 490.2 0.25 45
SFIX R,3838920.0,
EFIX R,3838920.0,3843264 4346 1017.1 504.5 1126
SSACC R,3843266.0,
SBLINK R,3843290.0,
EBLINK R,3843290.0,3843416 128
ESACC R,3843266.0,3843486 222 951.8 565.3 1029.9 494.1 2.86 3270
SFIX R,3843488.0,
EFIX R,3843488.0,3848322 4836 981.5 584.7 1069
SSACC R,3848324.0,
ESACC R,3848324.0,3848336 14 936.3 599.8 944.9 571.8 0.79 70
SFIX R,3848338.0,
EFIX R,3848338.0,3848678 342 935.0 572.7 875
SSACC R,3848680.0,
SBLINK R,3848708.0,
EBLINK R,3848708.0,3848800 94
ESACC R,3848680.0,3848878 200 935.2 590.8 1004.4 524.9 2.59 3270
SFIX R,3848880.0,
EFIX R,3848880.0,3849880 1002 973.7 573.2 920
SSACC R,3849882.0,
ESACC R,3849882.0,3849894 14 982.9 564.9 1014.2 559.4 0.86 84
SFIX R,3849896.0,
EFIX R,3849896.0,3850482 588 1010.9 554.2 1013
SSACC R,3850484.0,
ESACC R,3850484.0,3850500 18 1006.1 554.0 965.4 557.5 1.11 94
SFIX R,3850502.0,
EFIX R,3850502.0,3850560 60 973.4 557.1 1015
SSACC R,3850562.0,
ESACC R,3850562.0,3850580 20 975.8 553.6 995.2 519.5 1.06 77
SFIX R,3850582.0,
EFIX R,3850582.0,3851892 1312 999.6 540.8 1024
SSACC R,3851894.0,
ESACC R,3851894.0,3851914 22 987.3 546.0 921.5 542.8 1.79 134
SFIX R,3851916.0,
EFIX R,3851916.0,3852120 206 901.0 529.2 1071
SSACC R,3852122.0,
ESACC R,3852122.0,3852136 16 900.8 523.7 933.9 521.0 0.90 76
SFIX R,3852138.0,
EFIX R,3852138.0,3852704 568 925.6 522.7 868
SSACC R,3852706.0,
ESACC R,3852706.0,3852716 12 914.9 532.0 934.0 532.9 0.52 52
SFIX R,3852718.0,
EFIX R,3852718.0,3852838 122 933.3 538.5 844
SSACC R,3852840.0,
ESACC R,3852840.0,3852956 118 931.6 549.9 970.4 461.8 2.61 478
SFIX R,3852958.0,
EFIX R,3852958.0,3854246 1290 937.9 530.9 1018
SSACC R,3854248.0,
ESACC R,3854248.0,3854338 92 933.4 548.3 989.4 448.0 3.11 372
SFIX R,3854340.0,
EFIX R,3854340.0,3854960 622 949.8 527.2 906
SSACC R,3854962.0,
ESACC R,3854962.0,3854970 10 950.4 512.2 931.2 509.7 0.52 68
SFIX R,3854972.0,
EFIX R,3854972.0,3855224 254 933.0 512.7 954
SSACC R,3855226.0,
ESACC R,3855226.0,3855234 10 939.3 506.9 953.4 503.2 0.40 50
SFIX R,3855236.0,
EFIX R,3855236.0,3855518 284 952.7 518.0 818
SSACC R,3855520.0,
SBLINK R,3855590.0,
EBLINK R,3855590.0,3855608 20
ESACC R,3855520.0,3855710 192 960.2 566.1 1003.4 475.8 2.71 3270
SFIX R,3855712.0,
EFIX R,3855712.0,3855936 226 970.5 531.8 874
SSACC R,3855938.0,
ESACC R,3855938.0,3855948 12 967.5 542.0 985.6 527.1 0.64 67
SFIX R,3855950.0,
EFIX R,3855950.0,3856168 220 988.3 525.9 944
SSACC R,3856170.0,
ESACC R,3856170.0,3856178 10 991.2 515.8 984.8 497.9 0.52 61
SFIX R,3856180.0,
EFIX R,3856180.0,3856602 424 981.9 502.5 975
SSACC R,3856604.0,
ESACC R,3856604.0,3856610 8 992.5 493.1 1001.5 486.7 0.30 44
SFIX R,3856612.0,
EFIX R,3856612.0,3857182 572 1002.8 500.4 994
SSACC R,3857184.0,
ESACC R,3857184.0,3857202 20 984.7 526.1 927.7 513.6 1.58 141
SFIX R,3857204.0,
EFIX R,3857204.0,3857716 514 933.0 505.4 842
SSACC R,3857718.0,
SBLINK R,3857760.0,
EBLINK R,3857760.0,3857810 52
ESACC R,3857718.0,3857896 180 936.9 529.2 1007.0 461.6 2.64 3270
SFIX R,3857898.0,
EFIX R,3857898.0,3858826 930 986.2 485.3 895
SSACC R,3858828.0,
ESACC R,3858828.0,3858840 14 997.9 479.8 1017.0 476.9 0.52 54
SFIX R,3858842.0,
EFIX R,3858842.0,3860040 1200 1026.8 482.6 1060
SSACC R,3860042.0,
ESACC R,3860042.0,3860428 388 1037.3 476.9 1065.5 430.5 1.47 252
SFIX R,3860430.0,
EFIX R,3860430.0,3860570 142 1058.7 434.7 1137
SSACC R,3860572.0,
ESACC R,3860572.0,3861040 470 1055.3 428.6 1046.4 494.0 1.79 229
SFIX R,3861042.0,
EFIX R,3861042.0,3861072 32 1045.4 489.5 1065
SSACC R,3861074.0,
ESACC R,3861074.0,3861092 20 1046.3 484.7 1045.1 485.2 0.04 120
SFIX R,3861094.0,
EFIX R,3861094.0,3861334 242 1041.9 493.1 1052
SSACC R,3861336.0,
ESACC R,3861336.0,3861384 50 1042.1 490.5 1041.3 492.4 0.06 151
SFIX R,3861386.0,
EFIX R,3861386.0,3861484 100 1043.1 481.3 1089
SSACC R,3861486.0,
ESACC R,3861486.0,3861500 16 1039.9 469.9 1015.9 456.4 0.75 63
SFIX R,3861502.0,
EFIX R,3861502.0,3862426 926 957.3 513.5 819
SSACC R,3862428.0,
ESACC R,3862428.0,3862666 240 943.2 519.6 1013.1 460.0 2.49 3270
SFIX R,3862668.0,
EFIX R,3862668.0,3863772 1106 960.9 523.6 840
SSACC R,3863774.0,
ESACC R,3863774.0,3863780 8 952.6 536.0 942.4 530.9 0.31 46
SFIX R,3863782.0,
EFIX R,3863782.0,3864074 294 943.8 536.5 841
SSACC R,3864076.0,
SBLINK R,3864136.0,
EBLINK R,3864136.0,3864270 136
ESACC R,3864076.0,3864364 290 957.4 536.9 1008.0 472.0 2.23 3270
SFIX R,3864366.0,
EFIX R,3864366.0,3864828 464 969.2 531.3 894
SSACC R,3864830.0,
ESACC R,3864830.0,3864844 16 961.2 527.9 922.9 524.4 1.04 96
SFIX R,3864846.0,
EFIX R,3864846.0,3865180 336 927.8 535.8 725
SSACC R,3865182.0,
SBLINK R,3865228.0,
EBLINK R,3865228.0,3865328 102
ESACC R,3865182.0,3865394 214 916.8 560.4 1008.5 473.6 3.42 3270
SFIX R,3865396.0,
EFIX R,3865396.0,3865998 604 960.7 553.7 845
SSACC R,3866000.0,
ESACC R,3866000.0,3866170 172 974.8 534.7 1014.8 539.4 1.09 2839
SFIX R,3866172.0,
EFIX R,3866172.0,3866214 44 1021.2 480.8 974
SSACC R,3866216.0,
ESACC R,3866216.0,3866232 18 1025.9 437.3 1009.8 506.9 1.93 286
SFIX R,3866234.0,
EFIX R,3866234.0,3867688 1456 976.3 504.8 1055
SSACC R,3867690.0,
ESACC R,3867690.0,3867706 18 957.9 520.3 992.4 499.0 1.10 92
SFIX R,3867708.0,
EFIX R,3867708.0,3868140 434 989.0 507.2 1066
SSACC R,3868142.0,
ESACC R,3868142.0,3868328 188 1002.1 483.3 1009.1 478.9 0.22 240
SFIX R,3868330.0,
EFIX R,3868330.0,3871760 3432 975.3 521.9 958
SSACC R,3871762.0,
ESACC R,3871762.0,3871778 18 975.9 533.4 1005.2 527.6 0.81 53
SFIX R,3871780.0,
EFIX R,3871780.0,3873224 1446 978.6 546.9 849
SSACC R,3873226.0,
ESACC R,3873226.0,3873230 6 965.9 545.1 972.5 544.3 0.18 38
SFIX R,3873232.0,
EFIX R,3873232.0,3875148 1918 962.3 551.9 712
SSACC R,3875150.0,
ESACC R,3875150.0,3875160 12 936.4 558.0 957.7 550.7 0.61 63
SFIX R,3875162.0,
EFIX R,3875162.0,3878436 3276 989.4 546.6 765
SSACC R,3878438.0,
ESACC R,3878438.0,3878444 8 1004.9 533.3 1011.3 527.8 0.23 38
SFIX R,3878446.0,
EFIX R,3878446.0,3878572 128 1017.0 531.1 746
SSACC R,3878574.0,
SBLINK R,3878634.0,
EBLINK R,3878634.0,3878646 14
ESACC R,3878574.0,3878664 92 1007.8 545.1 1008.0 784.6 6.45 583
SFIX R,3878666.0,
EFIX R,3878666.0,3878690 26 1021.6 769.9 518
SSACC R,3878692.0,
ESACC R,3878692.0,3878790 100 1035.5 751.2 1031.0 476.5 7.41 296
SFIX R,3878792.0,
EFIX R,3878792.0,3879746 956 962.6 483.7 637
SSACC R,3879748.0,
SBLINK R,3879796.0,
EBLINK R,3879796.0,3879840 46
ESACC R,3879748.0,3879914 168 943.5 512.0 1012.9 468.6 2.22 3270
SFIX R,3879916.0,
EFIX R,3879916.0,3880120 206 977.3 527.6 707
SSACC R,3880122.0,
ESACC R,3880122.0,3880134 14 969.9 535.5 942.9 525.2 0.78 74
SFIX R,3880136.0,
EFIX R,3880136.0,3881558 1424 949.1 524.9 770
SSACC R,3881560.0,
SBLINK R,3881646.0,
EBLINK R,3881646.0,3881662 18
ESACC R,3881560.0,3881732 174 937.5 556.3 978.7 465.7 2.70 3270
SFIX R,3881734.0,
EFIX R,3881734.0,3882826 1094 941.5 550.7 1000
SSACC R,3882828.0,
SBLINK R,3882878.0,
EBLINK R,3882878.0,3882932 56
ESACC R,3882828.0,3883000 174 946.9 569.4 1019.6 441.6 3.98 712
SFIX R,3883002.0,
EFIX R,3883002.0,3883848 848 974.0 536.8 1212
SSACC R,3883850.0,
SBLINK R,3883912.0,
EBLINK R,3883912.0,3883946 36
ESACC R,3883850.0,3884046 198 962.5 540.6 997.7 437.9 2.94 3270
SFIX R,3884048.0,
EFIX R,3884048.0,3884644 598 967.8 511.8 1241
SSACC R,3884646.0,
SBLINK R,3884700.0,
EBLINK R,3884700.0,3884786 88
ESACC R,3884646.0,3884852 208 967.3 526.2 1017.5 467.0 2.10 3270
SFIX R,3884854.0,
EFIX R,3884854.0,3885744 892 964.5 558.0 1264
SSACC R,3885746.0,
SBLINK R,3885782.0,
EBLINK R,3885782.0,3885852 72
ESACC R,3885746.0,3885912 168 940.5 568.2 1004.1 420.3 4.36 1641
SFIX R,3885914.0,
EFIX R,3885914.0,3886564 652 960.4 516.3 1422
SSACC R,3886566.0,
SBLINK R,3886614.0,
EBLINK R,3886614.0,3886664 52
ESACC R,3886566.0,3886720 156 950.3 540.3 977.6 433.7 2.98 723
SFIX R,3886722.0,
EFIX R,3886722.0,3887132 412 936.6 522.2 1395
SSACC R,3887134.0,
ESACC R,3887134.0,3887170 38 934.1 519.3 1108.1 563.8 4.86 230
SFIX R,3887172.0,
EFIX R,3887172.0,3887368 198 1085.2 560.2 1423
SSACC R,3887370.0,
ESACC R,3887370.0,3887408 40 1082.9 558.3 913.3 505.3 4.81 283
SFIX R,3887410.0,
EFIX R,3887410.0,3887952 544 935.7 514.8 1358
SSACC R,3887954.0,
SBLINK R,3888002.0,
EBLINK R,3888002.0,3888084 84
ESACC R,3887954.0,3888150 198 938.1 526.3 964.3 441.6 2.40 1383
SFIX R,3888152.0,
EFIX R,3888152.0,3889390 1240 927.8 530.9 1463
SSACC R,3889392.0,
ESACC R,3889392.0,3889480 90 930.5 530.8 1424.8 1110.5 19.77 365
SFIX R,3889482.0,
EFIX R,3889482.0,3889654 174 1412.3 1093.3 1507
SSACC R,3889656.0,
ESACC R,3889656.0,3889716 62 1400.7 1079.5 964.3 622.4 16.48 452
SFIX R,3889718.0,
EFIX R,3889718.0,3890022 306 971.8 622.6 1428
SSACC R,3890024.0,
ESACC R,3890024.0,3890060 38 978.4 629.8 900.3 568.4 2.69 234
SFIX R,3890062.0,
EFIX R,3890062.0,3890476 416 911.1 576.7 1389
SSACC R,3890478.0,
ESACC R,3890478.0,3890574 98 909.6 576.8 486.8 1381.9 22.75 467
SFIX R,3890576.0,
EFIX R,3890576.0,3890708 134 485.4 1367.9 1541
SSACC R,3890710.0,
ESACC R,3890710.0,3890836 128 481.1 1360.2 948.6 464.0 25.37 534
SFIX R,3890838.0,
EFIX R,3890838.0,3891376 540 915.4 533.7 1458
SSACC R,3891378.0,
ESACC R,3891378.0,3891428 52 917.5 538.7 1185.2 737.9 8.98 309
SFIX R,3891430.0,
EFIX R,3891430.0,3892638 1210 1159.9 730.4 1560
SSACC R,3892640.0,
ESACC R,3892640.0,3892680 42 1161.1 724.9 1005.1 619.0 5.08 247
SFIX R,3892682.0,
EFIX R,3892682.0,3892880 200 1008.5 629.2 1595
SSACC R,3892882.0,
ESACC R,3892882.0,3892918 38 1007.2 632.5 927.1 555.6 3.01 207
SFIX R,3892920.0,
EFIX R,3892920.0,3893248 330 928.0 567.2 1640
SSACC R,3893250.0,
ESACC R,3893250.0,3893270 22 926.9 567.9 903.3 537.9 1.03 128
SFIX R,3893272.0,
EFIX R,3893272.0,3893882 612 908.7 545.9 1625
SSACC R,3893884.0,
SBLINK R,3893930.0,
EBLINK R,3893930.0,3894018 90
ESACC R,3893884.0,3894096 214 914.0 563.1 909.8 474.9 2.39 2201
SFIX R,3894098.0,
EFIX R,3894098.0,3894744 648 940.7 525.5 1597
SSACC R,3894746.0,
ESACC R,3894746.0,3894760 16 940.8 518.3 924.3 534.9 0.63 75
SFIX R,3894762.0,
EFIX R,3894762.0,3895106 346 921.9 530.5 1546
SSACC R,3895108.0,
SBLINK R,3895176.0,
EBLINK R,3895176.0,3895254 80
ESACC R,3895108.0,3895300 194 919.3 552.0 928.7 376.2 4.76 1766
SFIX R,3895302.0,
EFIX R,3895302.0,3895738 438 939.7 455.7 1587
SSACC R,3895740.0,
ESACC R,3895740.0,3895766 28 944.0 463.4 969.9 566.3 2.88 208
SFIX R,3895768.0,
EFIX R,3895768.0,3896016 250 952.6 556.3 1624
SSACC R,3896018.0,
ESACC R,3896018.0,3896046 30 947.3 567.3 916.6 554.4 0.90 148
SFIX R,3896048.0,
EFIX R,3896048.0,3896368 322 911.9 564.6 1538
SSACC R,3896370.0,
SBLINK R,3896424.0,
EBLINK R,3896424.0,3896506 84
ESACC R,3896370.0,3896572 204 917.2 574.5 959.7 463.5 3.22 735
SFIX R,3896574.0,
EFIX R,3896574.0,3897478 906 921.8 562.1 1430
SSACC R,3897480.0,
ESACC R,3897480.0,3897488 10 921.5 568.8 934.2 562.5 0.38 49
SFIX R,3897490.0,
EFIX R,3897490.0,3898200 712 930.9 560.7 1331
SSACC R,3898202.0,
SBLINK R,3898264.0,
EBLINK R,3898264.0,3898330 68
ESACC R,3898202.0,3898404 204 921.9 565.3 959.5 452.1 3.23 688
SFIX R,3898406.0,
EFIX R,3898406.0,3899448 1044 927.2 546.7 1377
SSACC R,3899450.0,
SBLINK R,3899536.0,
EBLINK R,3899536.0,3899634 100
ESACC R,3899450.0,3899712 264 930.3 541.0 989.8 455.4 2.83 452
SFIX R,3899714.0,
EFIX R,3899714.0,3900378 666 947.6 533.1 1326
SSACC R,3900380.0,
SBLINK R,3900488.0,
EBLINK R,3900488.0,3900566 80
ESACC R,3900380.0,3900614 236 940.3 550.5 1008.2 488.1 2.50 1290
SFIX R,3900616.0,
EFIX R,3900616.0,3900872 258 975.4 553.1 1162
SSACC R,3900874.0,
ESACC R,3900874.0,3900902 30 971.3 567.0 941.1 557.7 0.86 171
SFIX R,3900904.0,
EFIX R,3900904.0,3901660 758 934.5 556.6 1164
SSACC R,3901662.0,
ESACC R,3901662.0,3901698 38 931.8 560.6 1064.3 555.0 3.59 172
SFIX R,3901700.0,
EFIX R,3901700.0,3902004 306 1053.2 562.5 1158
SSACC R,3902006.0,
ESACC R,3902006.0,3902030 26 1050.0 571.6 948.7 553.5 2.79 242
SFIX R,3902032.0,
EFIX R,3902032.0,3902186 156 970.6 555.1 1216
SSACC R,3902188.0,
SBLINK R,3902246.0,
EBLINK R,3902246.0,3902278 34
ESACC R,3902188.0,3902340 154 975.9 561.6 982.4 443.9 3.19 609
SFIX R,3902342.0,
EFIX R,3902342.0,3903990 1650 930.6 542.0 1225
SSACC R,3903992.0,
SBLINK R,3904062.0,
EBLINK R,3904062.0,3904108 48
ESACC R,3903992.0,3904180 190 917.6 573.1 959.3 466.8 3.09 550
SFIX R,3904182.0,
EFIX R,3904182.0,3905460 1280 921.3 552.7 1123
SSACC R,3905462.0,
ESACC R,3905462.0,3905480 20 915.9 557.0 975.7 539.4 1.69 141
SFIX R,3905482.0,
EFIX R,3905482.0,3905706 226 972.5 542.8 1090
SSACC R,3905708.0,
ESACC R,3905708.0,3905732 26 970.4 542.8 897.0 533.0 2.01 163
SFIX R,3905734.0,
EFIX R,3905734.0,3906048 316 919.9 542.2 1169
SSACC R,3906050.0,
SBLINK R,3906110.0,
EBLINK R,3906110.0,3906210 102
ESACC R,3906050.0,3906282 234 921.3 564.2 959.8 459.6 3.02 615
SFIX R,3906284.0,
EFIX R,3906284.0,3907462 1180 930.0 524.3 1161
SSACC R,3907464.0,
SBLINK R,3907532.0,
EBLINK R,3907532.0,3907562 32
ESACC R,3907464.0,3907628 166 923.6 538.2 966.7 436.9 2.98 435
SFIX R,3907630.0,
EFIX R,3907630.0,3908466 838 942.3 526.9 1110
SSACC R,3908468.0,
SBLINK R,3908524.0,
EBLINK R,3908524.0,3908568 46
ESACC R,3908468.0,3908636 170 938.1 548.8 975.1 443.4 3.03 681
SFIX R,3908638.0,
EFIX R,3908638.0,3909722 1086 939.2 537.2 1144
SSACC R,3909724.0,
ESACC R,3909724.0,3909840 118 925.2 562.8 991.5 457.7 3.37 381
SFIX R,3909842.0,
EFIX R,3909842.0,3910020 180 968.7 511.8 1290
SSACC R,3910022.0,
ESACC R,3910022.0,3910044 24 961.1 533.0 912.5 535.8 1.32 126
SFIX R,3910046.0,
EFIX R,3910046.0,3913126 3082 922.9 537.4 1399
SSACC R,3913128.0,
ESACC R,3913128.0,3913162 36 913.1 558.6 1034.9 571.6 3.32 191
SFIX R,3913164.0,
EFIX R,3913164.0,3913330 168 1016.8 576.1 1545
SSACC R,3913332.0,
ESACC R,3913332.0,3913350 20 1013.3 578.5 946.9 553.1 1.93 187
SFIX R,3913352.0,
EFIX R,3913352.0,3913610 260 945.1 558.6 1499
SSACC R,3913612.0,
ESACC R,3913612.0,3913630 20 939.7 560.1 907.9 549.7 0.91 102
SFIX R,3913632.0,
EFIX R,3913632.0,3916012 2382 908.3 554.4 1337
SSACC R,3916014.0,
ESACC R,3916014.0,3916032 20 905.7 564.2 967.8 556.8 1.69 124
SFIX R,3916034.0,
EFIX R,3916034.0,3916342 310 982.7 563.2 1311
SSACC R,3916344.0,
ESACC R,3916344.0,3916364 22 985.3 566.9 932.9 560.8 1.43 119
SFIX R,3916366.0,
EFIX R,3916366.0,3917114 750 938.0 562.1 1212
SSACC R,3917116.0,
ESACC R,3917116.0,3917128 14 933.9 555.3 906.6 543.2 0.81 72
SFIX R,3917130.0,
EFIX R,3917130.0,3917398 270 913.8 543.5 1123
SSACC R,3917400.0,
ESACC R,3917400.0,3917408 10 919.4 542.0 935.5 536.4 0.46 56
SFIX R,3917410.0,
EFIX R,3917410.0,3918690 1282 933.3 537.1 1092
SSACC R,3918692.0,
ESACC R,3918692.0,3918860 170 927.2 555.0 961.4 429.8 3.51 553
SFIX R,3918862.0,
EFIX R,3918862.0,3919318 458 933.8 507.5 1161
SSACC R,3919320.0,
ESACC R,3919320.0,3919336 18 929.4 527.7 977.6 531.0 1.31 106
SFIX R,3919338.0,
EFIX R,3919338.0,3919598 262 972.9 538.2 1084
SSACC R,3919600.0,
ESACC R,3919600.0,3919616 18 971.7 543.0 932.6 531.1 1.11 92
SFIX R,3919618.0,
EFIX R,3919618.0,3923258 3642 933.2 555.8 1164
SSACC R,3923260.0,
ESACC R,3923260.0,3923266 8 928.8 548.9 933.7 540.1 0.27 40
SFIX R,3923268.0,
EFIX R,3923268.0,3923580 314 942.7 532.0 1145
SSACC R,3923582.0,
ESACC R,3923582.0,3923594 14 942.2 529.9 915.3 526.4 0.74 74
SFIX R,3923596.0,
EFIX R,3923596.0,3923914 320 923.3 532.6 1089
SSACC R,3923916.0,
ESACC R,3923916.0,3923922 8 931.4 528.3 942.4 528.9 0.30 45
SFIX R,3923924.0,
EFIX R,3923924.0,3925158 1236 942.9 519.1 998
SSACC R,3925160.0,
SBLINK R,3925202.0,
EBLINK R,3925202.0,3925312 112
ESACC R,3925160.0,3925378 220 935.8 534.9 990.0 416.1 3.53 333
SFIX R,3925380.0,
EFIX R,3925380.0,3926646 1268 946.6 497.4 1055
SSACC R,3926648.0,
ESACC R,3926648.0,3926664 18 935.9 499.8 983.3 491.3 1.31 116
SFIX R,3926666.0,
EFIX R,3926666.0,3926872 208 974.5 489.3 1286
SSACC R,3926874.0,
ESACC R,3926874.0,3926892 20 968.6 489.4 928.2 498.1 1.12 116
SFIX R,3926894.0,
EFIX R,3926894.0,3928126 1234 943.6 520.9 1446
SSACC R,3928128.0,
ESACC R,3928128.0,3928270 144 940.5 533.5 964.7 440.4 2.61 345
SFIX R,3928272.0,
EFIX R,3928272.0,3928836 566 950.2 509.1 1503
SSACC R,3928838.0,
ESACC R,3928838.0,3928852 16 953.3 528.8 919.0 531.2 0.93 85
SFIX R,3928854.0,
EFIX R,3928854.0,3929328 476 937.9 536.9 1486
SSACC R,3929330.0,
SBLINK R,3929372.0,
EBLINK R,3929372.0,3929444 74
ESACC R,3929330.0,3929500 172 941.0 538.3 981.0 454.9 2.51 364
SFIX R,3929502.0,
EFIX R,3929502.0,3929524 24 980.2 458.8 1651
SSACC R,3929526.0,
ESACC R,3929526.0,3929534 10 978.0 467.6 972.2 480.8 0.39 49
SFIX R,3929536.0,
EFIX R,3929536.0,3930296 762 955.1 529.6 1466
SSACC R,3930298.0,
ESACC R,3930298.0,3930308 12 956.4 521.1 976.8 513.6 0.59 62
SFIX R,3930310.0,
EFIX R,3930310.0,3930604 296 972.1 511.9 1363
SSACC R,3930606.0,
ESACC R,3930606.0,3930626 22 974.0 495.0 972.1 460.8 0.93 62
SFIX R,3930628.0,
EFIX R,3930628.0,3931094 468 964.0 488.9 1503
SSACC R,3931096.0,
ESACC R,3931096.0,3931110 16 965.9 495.5 1002.0 500.8 0.99 83
SFIX R,3931112.0,
EFIX R,3931112.0,3931340 230 997.5 497.4 1545
SSACC R,3931342.0,
ESACC R,3931342.0,3931352 12 993.0 496.0 968.8 493.7 0.66 70
SFIX R,3931354.0,
EFIX R,3931354.0,3932218 866 958.6 494.4 1475
SSACC R,3932220.0,
SBLINK R,3932260.0,
EBLINK R,3932260.0,3932344 86
ESACC R,3932220.0,3932400 182 951.9 489.1 996.8 417.0 2.30 602
SFIX R,3932402.0,
EFIX R,3932402.0,3933002 602 969.0 499.3 1360
SSACC R,3933004.0,
ESACC R,3933004.0,3933018 16 958.5 505.9 924.8 502.2 0.92 90
SFIX R,3933020.0,
EFIX R,3933020.0,3933668 650 923.0 510.2 1165
SSACC R,3933670.0,
ESACC R,3933670.0,3933682 14 917.2 521.0 945.5 520.2 0.77 70
SFIX R,3933684.0,
EFIX R,3933684.0,3934814 1132 935.3 531.8 1200
SSACC R,3934816.0,
ESACC R,3934816.0,3934828 14 932.2 535.0 960.4 528.8 0.78 74
SFIX R,3934830.0,
EFIX R,3934830.0,3935056 228 957.4 528.8 1200
SSACC R,3935058.0,
ESACC R,3935058.0,3935184 128 954.9 531.7 979.0 427.9 2.88 535
SFIX R,3935186.0,
EFIX R,3935186.0,3936182 998 943.0 525.3 1098
SSACC R,3936184.0,
ESACC R,3936184.0,3936202 20 940.1 536.6 968.2 539.3 0.77 85
SFIX R,3936204.0,
EFIX R,3936204.0,3937578 1376 964.2 556.7 1195
SSACC R,3937580.0,
SBLINK R,3937630.0,
EBLINK R,3937630.0,3937746 118
ESACC R,3937580.0,3937810 232 958.5 568.6 975.9 478.0 2.50 3270
SFIX R,3937812.0,
EFIX R,3937812.0,3939158 1348 949.7 562.3 1316
SSACC R,3939160.0,
ESACC R,3939160.0,3939168 10 945.6 559.6 962.1 550.4 0.51 64
SFIX R,3939170.0,
EFIX R,3939170.0,3939852 684 951.7 556.3 1325
SSACC R,3939854.0,
ESACC R,3939854.0,3939926 74 948.4 566.5 986.3 458.0 3.11 148
SFIX R,3939928.0,
EFIX R,3939928.0,3939952 26 982.0 462.1 1373
SSACC R,3939954.0,
ESACC R,3939954.0,3939970 18 982.6 465.8 974.3 484.9 0.56 52
SFIX R,3939972.0,
EFIX R,3939972.0,3940692 722 955.7 538.0 1303
SSACC R,3940694.0,
SBLINK R,3940736.0,
EBLINK R,3940736.0,3940806 72
ESACC R,3940694.0,3940844 152 950.0 545.5 980.6 457.6 2.52 492
SFIX R,3940846.0,
EFIX R,3940846.0,3941468 624 949.4 540.6 1273
SSACC R,3941470.0,
ESACC R,3941470.0,3941490 22 945.9 551.5 1006.1 546.4 1.64 127
SFIX R,3941492.0,
EFIX R,3941492.0,3941760 270 993.5 546.6 1229
SSACC R,3941762.0,
ESACC R,3941762.0,3941788 28 988.8 546.5 952.4 544.4 0.99 149
SFIX R,3941790.0,
EFIX R,3941790.0,3942190 402 946.1 549.7 1221
SSACC R,3942192.0,
ESACC R,3942192.0,3942196 6 944.6 546.1 938.5 542.9 0.19 45
SFIX R,3942198.0,
EFIX R,3942198.0,3942930 734 938.7 546.5 1196
SSACC R,3942932.0,
ESACC R,3942932.0,3942946 16 947.9 546.1 978.5 530.3 0.93 86
SFIX R,3942948.0,
EFIX R,3942948.0,3943214 268 968.9 535.2 1208
SSACC R,3943216.0,
ESACC R,3943216.0,3943232 18 963.1 535.7 938.0 536.8 0.68 80
SFIX R,3943234.0,
EFIX R,3943234.0,3943572 340 940.5 538.2 1188
SSACC R,3943574.0,
ESACC R,3943574.0,3943580 8 943.3 536.5 955.1 534.5 0.32 50
SFIX R,3943582.0,
EFIX R,3943582.0,3944298 718 958.7 532.7 1205
SSACC R,3944300.0,
SBLINK R,3944402.0,
EBLINK R,3944402.0,3944404 4
ESACC R,3944300.0,3944420 122 955.3 533.5 1005.0 806.6 7.46 390
SFIX R,3944422.0,
EFIX R,3944422.0,3944442 22 1005.8 781.5 791
SSACC R,3944444.0,
ESACC R,3944444.0,3944516 74 1012.3 749.6 991.4 443.1 8.29 188
SFIX R,3944518.0,
EFIX R,3944518.0,3946152 1636 951.3 522.7 1058
SSACC R,3946154.0,
ESACC R,3946154.0,3946170 18 945.1 546.2 979.8 533.8 1.00 85
SFIX R,3946172.0,
EFIX R,3946172.0,3947472 1302 967.2 538.0 1283
SSACC R,3947474.0,
ESACC R,3947474.0,3947492 20 973.7 551.6 927.9 540.6 1.28 113
SFIX R,3947494.0,
EFIX R,3947494.0,3947690 198 937.8 543.8 1468
SSACC R,3947692.0,
ESACC R,3947692.0,3947708 18 941.8 548.8 985.9 534.6 1.26 103
SFIX R,3947710.0,
EFIX R,3947710.0,3948450 742 976.1 562.3 1404
SSACC R,3948452.0,
SBLINK R,3948502.0,
EBLINK R,3948502.0,3948546 46
ESACC R,3948452.0,3948594 144 975.6 562.5 1026.7 465.1 2.98 650
SFIX R,3948596.0,
EFIX R,3948596.0,3949124 530 997.1 533.3 1567
SSACC R,3949126.0,
ESACC R,3949126.0,3949146 22 992.4 541.9 958.9 536.3 0.92 103
SFIX R,3949148.0,
EFIX R,3949148.0,3949246 100 963.8 536.0 1498
SSACC R,3949248.0,
SBLINK R,3949280.0,
EBLINK R,3949280.0,3949394 116
ESACC R,3949248.0,3949452 206 960.6 542.0 994.4 479.4 1.93 3270
SFIX R,3949454.0,
EFIX R,3949454.0,3950278 826 977.4 548.4 1440
SSACC R,3950280.0,
ESACC R,3950280.0,3950286 8 965.7 558.3 974.1 556.6 0.23 40
SFIX R,3950288.0,
EFIX R,3950288.0,3950658 372 977.4 561.2 1328
SSACC R,3950660.0,
SBLINK R,3950706.0,
EBLINK R,3950706.0,3950844 140
ESACC R,3950660.0,3950934 276 984.0 571.7 995.8 514.5 1.58 3270
SFIX R,3950936.0,
EFIX R,3950936.0,3951658 724 970.8 551.9 1267
SSACC R,3951660.0,
SBLINK R,3951692.0,
EBLINK R,3951692.0,3951786 96
ESACC R,3951660.0,3951850 192 961.9 566.6 1015.7 472.9 2.93 3270
SFIX R,3951852.0,
EFIX R,3951852.0,3953094 1244 964.9 539.1 1187
SSACC R,3953096.0,
SBLINK R,3953130.0,
EBLINK R,3953130.0,3953198 70
ESACC R,3953096.0,3953250 156 955.0 560.8 997.4 467.5 2.78 3270
SFIX R,3953252.0,
EFIX R,3953252.0,3954824 1574 962.7 541.8 1389
SSACC R,3954826.0,
SBLINK R,3954864.0,
EBLINK R,3954864.0,3954936 74
ESACC R,3954826.0,3954982 158 955.6 554.7 989.3 477.5 2.28 503
SFIX R,3954984.0,
EFIX R,3954984.0,3955006 24 988.3 481.7 1459
SSACC R,3955008.0,
ESACC R,3955008.0,3955020 14 988.6 484.7 982.3 504.2 0.56 54
SFIX R,3955022.0,
EFIX R,3955022.0,3956860 1840 963.5 545.7 1346
SSACC R,3956862.0,
ESACC R,3956862.0,3956878 18 961.7 551.1 1010.5 547.1 1.33 103
SFIX R,3956880.0,
EFIX R,3956880.0,3957060 182 1010.8 545.2 1328
SSACC R,3957062.0,
SBLINK R,3957114.0,
EBLINK R,3957114.0,3957236 124
ESACC R,3957062.0,3957268 208 1008.0 547.7 1007.1 476.6 1.93 3270
SFIX R,3957270.0,
EFIX R,3957270.0,3957318 50 1003.4 483.0 1433
SSACC R,3957320.0,
ESACC R,3957320.0,3957326 8 997.7 494.1 996.6 502.5 0.23 48
SFIX R,3957328.0,
EFIX R,3957328.0,3958132 806 971.4 534.6 1229
SSACC R,3958134.0,
SBLINK R,3958188.0,
EBLINK R,3958188.0,3958268 82
ESACC R,3958134.0,3958324 192 963.4 558.1 1001.4 479.6 2.36 496
SFIX R,3958326.0,
EFIX R,3958326.0,3959486 1162 986.7 529.5 1145
SSACC R,3959488.0,
ESACC R,3959488.0,3959538 52 977.4 549.6 1183.2 594.6 5.68 187
SFIX R,3959540.0,
EFIX R,3959540.0,3959926 388 1147.7 583.6 1211
SSACC R,3959928.0,
ESACC R,3959928.0,3959974 48 1140.4 582.4 961.7 530.3 5.03 312
SFIX R,3959976.0,
EFIX R,3959976.0,3961654 1680 951.2 539.3 1240
SSACC R,3961656.0,
ESACC R,3961656.0,3961674 20 944.2 541.6 1004.4 535.5 1.64 132
SFIX R,3961676.0,
EFIX R,3961676.0,3961724 50 999.8 538.4 1228
SSACC R,3961726.0,
ESACC R,3961726.0,3961848 124 997.6 541.3 990.6 483.4 1.58 190
SFIX R,3961850.0,
EFIX R,3961850.0,3962960 1112 964.8 539.4 1180
SSACC R,3962962.0,
ESACC R,3962962.0,3963038 78 962.1 558.4 984.1 467.4 2.54 154
SFIX R,3963040.0,
EFIX R,3963040.0,3963070 32 984.6 464.8 1268
SSACC R,3963072.0,
ESACC R,3963072.0,3963078 8 981.1 477.5 975.6 487.0 0.30 51
SFIX R,3963080.0,
EFIX R,3963080.0,3964156 1078 958.3 540.2 1241
SSACC R,3964158.0,
ESACC R,3964158.0,3964162 6 971.7 534.0 980.0 531.0 0.24 52
SFIX R,3964164.0,
EFIX R,3964164.0,3965150 988 977.2 538.2 1383
SSACC R,3965152.0,
ESACC R,3965152.0,3965172 22 970.3 543.5 940.6 520.4 1.02 108
SFIX R,3965174.0,
EFIX R,3965174.0,3965766 594 947.3 527.7 1465
SSACC R,3965768.0,
ESACC R,3965768.0,3965788 22 944.9 532.3 981.8 527.3 1.01 108
SFIX R,3965790.0,
EFIX R,3965790.0,3966140 352 972.9 527.2 1363
SSACC R,3966142.0,
ESACC R,3966142.0,3966248 108 975.5 532.7 1005.6 452.2 2.33 491
SFIX R,3966250.0,
EFIX R,3966250.0,3966502 254 993.9 509.1 1390
SSACC R,3966504.0,
ESACC R,3966504.0,3966528 26 990.6 532.4 968.7 532.2 0.59 114
SFIX R,3966530.0,
EFIX R,3966530.0,3967182 654 959.2 529.6 1296
SSACC R,3967184.0,
SBLINK R,3967212.0,
EBLINK R,3967212.0,3967304 94
ESACC R,3967184.0,3967336 154 946.1 542.0 996.7 448.3 2.89 461
SFIX R,3967338.0,
EFIX R,3967338.0,3967790 454 971.4 518.0 1301
SSACC R,3967792.0,
ESACC R,3967792.0,3967828 38 970.3 521.0 1152.4 567.8 5.08 274
SFIX R,3967830.0,
EFIX R,3967830.0,3968810 982 1125.3 561.9 1209
SSACC R,3968812.0,
ESACC R,3968812.0,3968854 44 1119.3 573.2 955.3 533.1 4.56 298
SFIX R,3968856.0,
EFIX R,3968856.0,3969032 178 975.0 539.0 1232
SSACC R,3969034.0,
SBLINK R,3969068.0,
EBLINK R,3969068.0,3969126 60
ESACC R,3969034.0,3969172 140 979.2 543.1 988.4 463.3 2.18 462
SFIX R,3969174.0,
EFIX R,3969174.0,3969512 340 955.8 542.4 1330
SSACC R,3969514.0,
ESACC R,3969514.0,3969528 16 949.2 554.0 989.6 556.8 1.10 96
SFIX R,3969530.0,
EFIX R,3969530.0,3969854 326 997.6 557.3 1294
SSACC R,3969856.0,
ESACC R,3969856.0,3969874 20 1002.9 553.7 979.9 544.5 0.67 83
SFIX R,3969876.0,
EFIX R,3969876.0,3972312 2438 963.1 540.8 1104
SSACC R,3972314.0,
ESACC R,3972314.0,3972328 16 946.1 544.1 986.8 538.4 1.11 90
SFIX R,3972330.0,
EFIX R,3972330.0,3972508 180 985.3 536.7 1073
SSACC R,3972510.0,
ESACC R,3972510.0,3972528 20 984.8 536.9 933.3 529.2 1.41 120
SFIX R,3972530.0,
EFIX R,3972530.0,3973084 556 950.9 540.4 1090
SSACC R,3973086.0,
SBLINK R,3973150.0,
EBLINK R,3973150.0,3973238 90
ESACC R,3973086.0,3973336 252 954.2 551.9 992.5 445.9 3.05 485
SFIX R,3973338.0,
EFIX R,3973338.0,3975114 1778 955.6 528.6 1023
SSACC R,3975116.0,
ESACC R,3975116.0,3975134 20 949.7 532.1 997.1 525.9 1.30 120
SFIX R,3975136.0,
EFIX R,3975136.0,3975302 168 989.4 525.9 1019
SSACC R,3975304.0,
ESACC R,3975304.0,3975324 22 985.8 528.3 945.8 521.5 1.10 118
SFIX R,3975326.0,
EFIX R,3975326.0,3975996 672 953.3 541.9 1005
SSACC R,3975998.0,
ESACC R,3975998.0,3976014 18 957.9 559.2 934.9 558.0 0.62 67
SFIX R,3976016.0,
EFIX R,3976016.0,3976734 720 931.4 539.9 1017
SSACC R,3976736.0,
SBLINK R,3976762.0,
EBLINK R,3976762.0,3976840 80
ESACC R,3976736.0,3976910 176 921.8 543.9 975.5 512.7 1.68 538
SFIX R,3976912.0,
EFIX R,3976912.0,3977540 630 974.3 525.7 1157
SSACC R,3977542.0,
ESACC R,3977542.0,3977562 22 969.5 530.0 919.6 536.9 1.37 111
SFIX R,3977564.0,
EFIX R,3977564.0,3977808 246 930.9 542.0 1077
SSACC R,3977810.0,
ESACC R,3977810.0,3977822 14 936.4 545.7 964.9 548.8 0.78 71
SFIX R,3977824.0,
EFIX R,3977824.0,3978728 906 956.4 550.3 1079
SSACC R,3978730.0,
SBLINK R,3978764.0,
EBLINK R,3978764.0,3978836 74
ESACC R,3978730.0,3978890 162 942.7 572.8 972.7 476.6 2.73 333
SFIX R,3978892.0,
EFIX R,3978892.0,3979830 940 939.7 531.9 1059
SSACC R,3979832.0,
ESACC R,3979832.0,3979850 20 938.0 533.1 985.2 522.5 1.31 101
SFIX R,3979852.0,
EFIX R,3979852.0,3980030 180 982.6 525.6 1012
SSACC R,3980032.0,
ESACC R,3980032.0,3980052 22 980.5 528.7 934.0 549.1 1.38 127
SFIX R,3980054.0,
EFIX R,3980054.0,3980662 610 946.3 546.8 1019
SSACC R,3980664.0,
ESACC R,3980664.0,3980678 16 946.0 548.9 925.8 535.1 0.66 50
SFIX R,3980680.0,
EFIX R,3980680.0,3980910 232 939.7 539.5 973
SSACC R,3980912.0,
ESACC R,3980912.0,3980922 12 946.8 531.2 965.4 524.6 0.53 56
SFIX R,3980924.0,
EFIX R,3980924.0,3981540 618 959.9 529.1 934
SSACC R,3981542.0,
ESACC R,3981542.0,3981558 18 961.0 525.3 1003.8 514.3 1.20 101
SFIX R,3981560.0,
EFIX R,3981560.0,3981950 392 991.1 522.1 945
SSACC R,3981952.0,
ESACC R,3981952.0,3981962 12 985.3 524.3 959.9 515.1 0.73 76
SFIX R,3981964.0,
EFIX R,3981964.0,3982012 50 956.0 531.8 976
SSACC R,3982014.0,
ESACC R,3982014.0,3982176 164 952.1 546.4 990.7 463.2 2.49 301
SFIX R,3982178.0,
EFIX R,3982178.0,3983062 886 959.7 522.0 1053
SSACC R,3983064.0,
ESACC R,3983064.0,3983084 22 947.5 534.6 1009.1 517.9 1.73 131
SFIX R,3983086.0,
EFIX R,3983086.0,3983324 240 1011.4 521.3 1136
SSACC R,3983326.0,
ESACC R,3983326.0,3983352 28 1008.6 528.3 959.1 524.0 1.35 160
SFIX R,3983354.0,
EFIX R,3983354.0,3984532 1180 965.8 535.1 1310
SSACC R,3984534.0,
SBLINK R,3984574.0,
EBLINK R,3984574.0,3984688 116
ESACC R,3984534.0,3984736 204 949.3 546.4 998.8 470.6 2.45 452
SFIX R,3984738.0,
EFIX R,3984738.0,3985862 1126 982.6 533.5 1251
SSACC R,3985864.0,
ESACC R,3985864.0,3985886 24 975.0 531.5 936.5 514.2 1.14 125
SFIX R,3985888.0,
EFIX R,3985888.0,3985966 80 942.5 515.3 1250
SSACC R,3985968.0,
SBLINK R,3986006.0,
EBLINK R,3986006.0,3986080 76
ESACC R,3985968.0,3986096 130 941.8 521.8 1003.5 414.7 3.35 1083
SFIX R,3986098.0,
EFIX R,3986098.0,3986120 24 997.2 430.6 1365
SSACC R,3986122.0,
ESACC R,3986122.0,3986130 10 991.6 451.7 985.0 472.9 0.60 72
SFIX R,3986132.0,
EFIX R,3986132.0,3986852 722 972.8 511.9 1368
SSACC R,3986854.0,
ESACC R,3986854.0,3986886 34 976.9 527.6 1057.3 538.3 2.20 118
SFIX R,3986888.0,
EFIX R,3986888.0,3986930 44 1044.7 541.5 1356
SSACC R,3986932.0,
SBLINK R,3986978.0,
EBLINK R,3986978.0,3987104 128
ESACC R,3986932.0,3987162 232 1032.0 549.1 998.9 463.3 2.49 386
SFIX R,3987164.0,
EFIX R,3987164.0,3988158 996 974.2 517.2 1210
SSACC R,3988160.0,
ESACC R,3988160.0,3988172 14 972.6 521.1 1003.3 524.3 0.84 80
SFIX R,3988174.0,
EFIX R,3988174.0,3988198 26 1001.8 529.5 1087
SSACC R,3988200.0,
SBLINK R,3988244.0,
EBLINK R,3988244.0,3988374 132
ESACC R,3988200.0,3988436 238 992.4 538.7 987.1 454.6 2.28 1762
SFIX R,3988438.0,
EFIX R,3988438.0,3989078 642 957.4 502.5 1067
SSACC R,3989080.0,
ESACC R,3989080.0,3989088 10 960.6 506.4 976.4 508.4 0.43 54
SFIX R,3989090.0,
EFIX R,3989090.0,3990228 1140 975.0 523.0 968
SSACC R,3990230.0,
SBLINK R,3990288.0,
EBLINK R,3990288.0,3990310 24
ESACC R,3990230.0,3990382 154 962.5 556.1 1004.5 439.4 3.36 377
SFIX R,3990384.0,
EFIX R,3990384.0,3991340 958 976.9 519.7 1179
SSACC R,3991342.0,
SBLINK R,3991392.0,
EBLINK R,3991392.0,3991422 32
ESACC R,3991342.0,3991478 138 968.5 543.0 1012.2 440.6 3.01 513
SFIX R,3991480.0,
EFIX R,3991480.0,3992210 732 975.6 522.9 1429
SSACC R,3992212.0,
SBLINK R,3992262.0,
EBLINK R,3992262.0,3992392 132
ESACC R,3992212.0,3992482 272 986.6 552.4 966.0 526.0 0.91 1885
SFIX R,3992484.0,
EFIX R,3992484.0,3993140 658 953.8 581.3 1483
SSACC R,3993142.0,
ESACC R,3993142.0,3993160 20 949.9 572.1 989.1 543.7 1.31 114
SFIX R,3993162.0,
EFIX R,3993162.0,3993450 290 980.5 543.0 1268
SSACC R,3993452.0,
SBLINK R,3993498.0,
EBLINK R,3993498.0,3993570 74
ESACC R,3993452.0,3993640 190 976.4 544.7 1023.0 461.7 2.58 3270
SFIX R,3993642.0,
EFIX R,3993642.0,3993960 320 976.6 528.3 1426
SSACC R,3993962.0,
ESACC R,3993962.0,3993998 38 968.3 549.1 1185.5 526.6 5.89 306
SFIX R,3994000.0,
EFIX R,3994000.0,3994046 48 1169.7 526.9 1431
SSACC R,3994048.0,
SBLINK R,3994158.0,
EBLINK R,3994158.0,3994466 310
ESACC R,3994048.0,3994506 460 1158.1 528.6 2524.7 843.0 29.89 969
SFIX R,3994508.0,
EFIX R,3994508.0,3994584 78 2522.0 840.9 1073
SSACC R,3994586.0,
ESACC R,3994586.0,3994708 124 2504.2 848.0 934.3 568.7 34.18 627
SFIX R,3994710.0,
EFIX R,3994710.0,3994962 254 914.2 576.8 1143
SSACC R,3994964.0,
ESACC R,3994964.0,3994992 30 910.7 579.8 952.5 534.8 1.66 223
SFIX R,3994994.0,
EFIX R,3994994.0,3998082 3090 969.9 524.7 1481
SSACC R,3998084.0,
ESACC R,3998084.0,3998098 16 977.7 520.9 949.5 515.3 0.78 67
SFIX R,3998100.0,
EFIX R,3998100.0,3998640 542 957.2 522.9 1388
SSACC R,3998642.0,
ESACC R,3998642.0,3998658 18 958.8 520.2 997.0 517.1 1.04 87
SFIX R,3998660.0,
EFIX R,3998660.0,3999154 496 987.1 513.4 1356
SSACC R,3999156.0,
ESACC R,3999156.0,3999170 16 984.9 516.0 951.4 512.6 0.91 90
SFIX R,3999172.0,
EFIX R,3999172.0,3999472 302 959.8 514.2 1325
SSACC R,3999474.0,
SBLINK R,3999522.0,
EBLINK R,3999522.0,3999540 20
ESACC R,3999474.0,3999604 132 957.9 531.9 1004.9 460.0 2.33 588
SFIX R,3999606.0,
EFIX R,3999606.0,4000308 704 972.0 524.9 1237
SSACC R,4000310.0,
ESACC R,4000310.0,4000320 12 973.1 526.9 995.1 515.2 0.68 74
SFIX R,4000322.0,
EFIX R,4000322.0,4000808 488 989.5 518.8 1103
SSACC R,4000810.0,
SBLINK R,4000858.0,
EBLINK R,4000858.0,4001032 176
ESACC R,4000810.0,4001044 236 984.3 535.2 1005.5 450.5 2.37 565
SFIX R,4001046.0,
EFIX R,4001046.0,4001070 26 1004.0 446.5 1241
SSACC R,4001072.0,
ESACC R,4001072.0,4001078 8 999.4 457.1 995.2 468.9 0.34 59
SFIX R,4001080.0,
EFIX R,4001080.0,4002318 1240 976.4 514.7 1043
SSACC R,4002320.0,
ESACC R,4002320.0,4002488 170 981.2 521.5 1021.3 430.8 2.68 272
SFIX R,4002490.0,
EFIX R,4002490.0,4002512 24 1018.1 430.0 1133
SSACC R,4002514.0,
ESACC R,4002514.0,4002524 12 1013.5 442.2 1003.7 459.0 0.53 63
SFIX R,4002526.0,
EFIX R,4002526.0,4002974 450 984.7 503.5 1061
SSACC R,4002976.0,
ESACC R,4002976.0,4002992 18 989.3 508.2 1027.7 504.1 1.05 80
SFIX R,4002994.0,
EFIX R,4002994.0,4003410 418 1015.5 514.0 968
SSACC R,4003412.0,
ESACC R,4003412.0,4003432 22 1004.9 526.2 945.4 512.8 1.65 165
SFIX R,4003434.0,
EFIX R,4003434.0,4003708 276 961.6 518.0 1050
SSACC R,4003710.0,
SBLINK R,4003776.0,
EBLINK R,4003776.0,4003802 28
ESACC R,4003710.0,4003872 164 964.9 533.9 1010.2 449.5 2.60 512
SFIX R,4003874.0,
EFIX R,4003874.0,4003902 30 1010.3 435.7 1115
SSACC R,4003904.0,
ESACC R,4003904.0,4003912 10 1004.8 447.4 1002.0 461.5 0.39 47
SFIX R,4003914.0,
EFIX R,4003914.0,4004878 966 975.2 523.9 1044
SSACC R,4004880.0,
ESACC R,4004880.0,4004890 12 968.0 532.1 988.1 524.7 0.58 60
SFIX R,4004892.0,
EFIX R,4004892.0,4005564 674 987.0 530.2 988
SSACC R,4005566.0,
ESACC R,4005566.0,4005576 12 985.5 530.1 973.3 515.9 0.51 57
SFIX R,4005578.0,
EFIX R,4005578.0,4010520 4944 969.0 528.1 907
SSACC R,4010522.0,
ESACC R,4010522.0,4010530 10 970.9 507.1 966.9 493.4 0.39 50
SFIX R,4010532.0,
EFIX R,4010532.0,4011280 750 966.7 502.6 769
SSACC R,4011282.0,
ESACC R,4011282.0,4011290 10 968.3 510.3 984.7 510.8 0.44 54
SFIX R,4011292.0,
EFIX R,4011292.0,4011862 572 979.7 515.4 823
SSACC R,4011864.0,
ESACC R,4011864.0,4012036 174 982.5 523.8 1031.3 422.8 3.04 317
SFIX R,4012038.0,
EFIX R,4012038.0,4012778 742 984.1 504.4 776
SSACC R,4012780.0,
ESACC R,4012780.0,4012792 14 974.4 521.9 995.3 502.3 0.78 76
SFIX R,4012794.0,
EFIX R,4012794.0,4013062 270 991.2 507.8 807
SSACC R,4013064.0,
ESACC R,4013064.0,4013080 18 988.4 511.9 969.4 503.6 0.56 75
SFIX R,4013082.0,
EFIX R,4013082.0,4014330 1250 977.2 510.0 882
SSACC R,4014332.0,
ESACC R,4014332.0,4014342 12 978.2 505.7 993.3 506.1 0.41 44
SFIX R,4014344.0,
EFIX R,4014344.0,4015546 1204 991.4 485.8 876
SSACC R,4015548.0,
ESACC R,4015548.0,4015568 22 1021.9 423.4 1047.7 389.8 1.14 209
SFIX R,4015570.0,
EFIX R,4015570.0,4015770 202 1048.0 391.1 958
SSACC R,4015772.0,
ESACC R,4015772.0,4015910 140 1047.7 363.4 1019.2 424.2 1.81 260
SFIX R,4015912.0,
EFIX R,4015912.0,4015954 44 1023.4 413.9 911
SSACC R,4015956.0,
ESACC R,4015956.0,4015970 16 1022.8 414.7 1021.6 415.2 0.04 59
SFIX R,4015972.0,
EFIX R,4015972.0,4016126 156 1029.9 406.4 911
SSACC R,4016128.0,
ESACC R,4016128.0,4016156 30 1031.7 410.8 1012.2 426.1 0.67 66
SFIX R,4016158.0,
EFIX R,4016158.0,4016658 502 979.4 488.8 792
SSACC R,4016660.0,
ESACC R,4016660.0,4016670 12 980.3 501.0 999.5 502.5 0.52 53
SFIX R,4016672.0,
EFIX R,4016672.0,4018070 1400 983.8 511.6 726
SSACC R,4018072.0,
ESACC R,4018072.0,4018082 12 969.4 522.5 987.0 511.3 0.57 56
SFIX R,4018084.0,
EFIX R,4018084.0,4019556 1474 976.0 523.5 783
SSACC R,4019558.0,
ESACC R,4019558.0,4019568 12 972.8 534.7 991.2 527.3 0.54 54
SFIX R,4019570.0,
EFIX R,4019570.0,4021696 2128 987.5 530.0 816
SSACC R,4021698.0,
ESACC R,4021698.0,4021706 10 991.4 519.3 1003.3 510.6 0.40 52
SFIX R,4021708.0,
EFIX R,4021708.0,4026292 4586 989.9 540.7 1009
SSACC R,4026294.0,
ESACC R,4026294.0,4026308 16 957.4 547.2 991.4 538.8 0.95 85
SFIX R,4026310.0,
EFIX R,4026310.0,4029028 2720 984.2 551.8 1152
SSACC R,4029030.0,
SBLINK R,4029078.0,
EBLINK R,4029078.0,4029150 74
ESACC R,4029030.0,4029226 198 978.9 556.9 1008.7 480.2 2.23 330
SFIX R,4029228.0,
EFIX R,4029228.0,4029952 726 991.5 532.3 1248
SSACC R,4029954.0,
ESACC R,4029954.0,4029992 40 989.6 546.5 1130.7 625.4 4.37 195
SFIX R,4029994.0,
EFIX R,4029994.0,4030240 248 1106.0 615.1 966
SSACC R,4030242.0,
ESACC R,4030242.0,4030278 38 1103.6 617.5 984.2 530.5 3.99 250
SFIX R,4030280.0,
EFIX R,4030280.0,4031032 754 1005.6 536.0 1095
SSACC R,4031034.0,
SBLINK R,4031066.0,
EBLINK R,4031066.0,4031134 70
ESACC R,4031034.0,4031182 150 997.3 541.0 1022.5 458.0 2.35 1271
SFIX R,4031184.0,
EFIX R,4031184.0,4031988 806 989.4 528.8 1227
SSACC R,4031990.0,
ESACC R,4031990.0,4032004 16 975.4 531.7 1006.0 523.0 0.86 78
SFIX R,4032006.0,
EFIX R,4032006.0,4032298 294 996.0 527.4 1124
SSACC R,4032300.0,
SBLINK R,4032344.0,
EBLINK R,4032344.0,4032440 98
ESACC R,4032300.0,4032486 188 993.9 535.0 1016.0 456.5 2.21 3270
SFIX R,4032488.0,
EFIX R,4032488.0,4032524 38 1008.7 473.1 1380
SSACC R,4032526.0,
ESACC R,4032526.0,4032532 8 1001.4 489.3 996.1 500.6 0.34 53
SFIX R,4032534.0,
EFIX R,4032534.0,4034386 1854 987.9 532.7 1305
SSACC R,4034388.0,
SBLINK R,4034426.0,
EBLINK R,4034426.0,4034524 100
ESACC R,4034388.0,4034588 202 982.8 541.4 1039.2 449.7 2.91 3270
SFIX R,4034590.0,
EFIX R,4034590.0,4036206 1618 997.4 526.3 1251
SSACC R,4036208.0,
ESACC R,4036208.0,4036220 14 989.1 532.8 1020.7 530.8 0.86 76
SFIX R,4036222.0,
EFIX R,4036222.0,4036526 306 1021.3 529.3 1379
SSACC R,4036528.0,
ESACC R,4036528.0,4036550 24 1025.3 534.8 985.6 530.3 1.08 122
SFIX R,4036552.0,
EFIX R,4036552.0,4037406 856 991.0 535.4 1451
SSACC R,4037408.0,
ESACC R,4037408.0,4037428 22 995.8 541.6 1055.1 541.6 1.61 126
SFIX R,4037430.0,
EFIX R,4037430.0,4037726 298 1051.3 550.5 1522
SSACC R,4037728.0,
SBLINK R,4037776.0,
EBLINK R,4037776.0,4037876 102
ESACC R,4037728.0,4037932 206 1046.0 560.8 1041.1 467.0 2.55 412
SFIX R,4037934.0,
EFIX R,4037934.0,4038732 800 1006.6 538.6 1432
SSACC R,4038734.0,
ESACC R,4038734.0,4038754 22 1000.9 552.9 1065.6 567.6 1.80 126
SFIX R,4038756.0,
EFIX R,4038756.0,4038926 172 1058.9 565.9 1224
SSACC R,4038928.0,
ESACC R,4038928.0,4038956 30 1055.7 566.9 1002.6 551.2 1.50 177
SFIX R,4038958.0,
EFIX R,4038958.0,4039260 304 1005.2 552.5 1333
SSACC R,4039262.0,
ESACC R,4039262.0,4039270 10 1001.2 550.3 987.3 542.7 0.43 52
SFIX R,4039272.0,
EFIX R,4039272.0,4040252 982 983.2 538.9 1361
SSACC R,4040254.0,
ESACC R,4040254.0,4040272 20 987.6 530.1 1039.8 530.8 1.41 126
SFIX R,4040274.0,
EFIX R,4040274.0,4040480 208 1033.6 527.0 1434
SSACC R,4040482.0,
ESACC R,4040482.0,4040502 22 1032.6 528.3 980.1 513.5 1.48 136
SFIX R,4040504.0,
EFIX R,4040504.0,4043202 2700 980.1 532.1 1235
SSACC R,4043204.0,
ESACC R,4043204.0,4043218 16 970.0 538.5 1005.6 536.8 0.97 88
SFIX R,4043220.0,
EFIX R,4043220.0,4043432 214 996.9 535.5 1105
SSACC R,4043434.0,
ESACC R,4043434.0,4043450 18 994.2 537.6 955.5 526.4 1.09 105
SFIX R,4043452.0,
EFIX R,4043452.0,4043904 454 972.5 535.6 1144
SSACC R,4043906.0,
ESACC R,4043906.0,4043922 18 972.2 551.2 998.9 502.2 1.51 147
SFIX R,4043924.0,
EFIX R,4043924.0,4046750 2828 969.5 543.2 1039
SSACC R,4046752.0,
ESACC R,4046752.0,4046766 16 950.9 562.0 984.8 550.7 0.97 82
SFIX R,4046768.0,
EFIX R,4046768.0,4047008 242 968.8 545.8 997
SSACC R,4047010.0,
ESACC R,4047010.0,4047014 6 966.0 538.3 960.1 530.8 0.26 50
SFIX R,4047016.0,
EFIX R,4047016.0,4047242 228 954.1 531.3 986
SSACC R,4047244.0,
ESACC R,4047244.0,4047252 10 956.0 530.2 969.8 527.8 0.38 46
SFIX R,4047254.0,
EFIX R,4047254.0,4047828 576 976.5 525.9 979
SSACC R,4047830.0,
ESACC R,4047830.0,4047838 10 974.9 525.7 957.2 517.9 0.52 65
SFIX R,4047840.0,
EFIX R,4047840.0,4048056 218 959.1 522.8 997
SSACC R,4048058.0,
SBLINK R,4048096.0,
EBLINK R,4048096.0,4048196 102
ESACC R,4048058.0,4048244 188 959.1 537.7 1002.3 448.3 2.69 384
SFIX R,4048246.0,
EFIX R,4048246.0,4049856 1612 969.9 529.9 1080
SSACC R,4049858.0,
ESACC R,4049858.0,4049872 16 955.8 539.4 990.1 532.1 0.95 87
SFIX R,4049874.0,
EFIX R,4049874.0,4053646 3774 977.8 559.7 1254
SSACC R,4053648.0,
ESACC R,4053648.0,4053666 20 973.9 559.3 995.9 547.5 0.68 78
SFIX R,4053668.0,
EFIX R,4053668.0,4064662 10996 997.2 548.4 979
SSACC R,4064664.0,
ESACC R,4064664.0,4064676 14 960.8 558.5 990.9 549.2 0.85 82
SFIX R,4064678.0,
EFIX R,4064678.0,4064998 322 975.3 542.3 929
SSACC R,4065000.0,
ESACC R,4065000.0,4065006 8 970.8 538.6 980.6 536.7 0.27 45
SFIX R,4065008.0,
EFIX R,4065008.0,4065212 206 972.7 538.0 947
SSACC R,4065214.0,
ESACC R,4065214.0,4065232 20 972.9 534.8 941.1 535.7 0.86 87
SFIX R,4065234.0,
EFIX R,4065234.0,4065548 316 950.0 529.9 933
SSACC R,4065550.0,
ESACC R,4065550.0,4065560 12 951.1 528.2 971.1 527.4 0.54 58
SFIX R,4065562.0,
EFIX R,4065562.0,4065746 186 975.8 527.7 895
SSACC R,4065748.0,
SBLINK R,4065774.0,
EBLINK R,4065774.0,4065898 126
ESACC R,4065748.0,4065958 212 962.6 537.5 1009.8 483.7 1.94 346
SFIX R,4065960.0,
EFIX R,4065960.0,4069070 3112 981.1 549.9 957
SSACC R,4069072.0,
ESACC R,4069072.0,4069080 10 990.1 562.4 1007.1 557.0 0.48 58
SFIX R,4069082.0,
EFIX R,4069082.0,4069162 82 1009.7 558.8 954
SSACC R,4069164.0,
ESACC R,4069164.0,4069174 12 1002.6 543.5 1020.4 517.7 0.85 88
SFIX R,4069176.0,
EFIX R,4069176.0,4070022 848 1002.9 553.3 972
SSACC R,4070024.0,
ESACC R,4070024.0,4070030 8 982.4 559.4 992.5 551.8 0.34 58
SFIX R,4070032.0,
EFIX R,4070032.0,4070270 240 984.4 543.9 875
SSACC R,4070272.0,
ESACC R,4070272.0,4070278 8 978.9 541.6 967.0 534.5 0.38 62
SFIX R,4070280.0,
EFIX R,4070280.0,4070544 266 966.7 536.9 885
SSACC R,4070546.0,
ESACC R,4070546.0,4070556 12 975.3 541.3 1005.5 547.1 0.83 89
SFIX R,4070558.0,
EFIX R,4070558.0,4071548 992 1010.8 557.9 1019
SSACC R,4071550.0,
SBLINK R,4071588.0,
EBLINK R,4071588.0,4071682 96
ESACC R,4071550.0,4071724 176 998.6 567.8 973.1 459.4 3.02 443
SFIX R,4071726.0,
EFIX R,4071726.0,4071750 26 971.0 461.7 1101
SSACC R,4071752.0,
ESACC R,4071752.0,4071756 6 961.7 481.0 958.4 489.1 0.24 64
SFIX R,4071758.0,
EFIX R,4071758.0,4072456 700 956.8 523.8 954
SSACC R,4072458.0,
ESACC R,4072458.0,4072468 12 962.3 522.7 985.4 536.1 0.72 74
SFIX R,4072470.0,
EFIX R,4072470.0,4072734 266 986.1 538.6 924
SSACC R,4072736.0,
SBLINK R,4072762.0,
EBLINK R,4072762.0,4072904 144
ESACC R,4072736.0,4072952 218 981.6 549.7 1009.9 491.8 1.75 405
SFIX R,4072954.0,
EFIX R,4072954.0,4073506 554 977.9 581.5 1055
SSACC R,4073508.0,
ESACC R,4073508.0,4073646 140 985.1 588.6 1016.8 481.1 3.04 377
SFIX R,4073648.0,
EFIX R,4073648.0,4074378 732 980.8 575.2 1070
SSACC R,4074380.0,
ESACC R,4074380.0,4074398 20 970.2 580.0 995.9 531.5 1.49 135
SFIX R,4074400.0,
EFIX R,4074400.0,4075360 962 963.6 539.3 1039
SSACC R,4075362.0,
SBLINK R,4075386.0,
EBLINK R,4075386.0,4075466 82
ESACC R,4075362.0,4075538 178 954.2 556.1 1006.2 477.3 2.56 1106
SFIX R,4075540.0,
EFIX R,4075540.0,4076370 832 973.4 565.2 1010
SSACC R,4076372.0,
ESACC R,4076372.0,4076384 14 972.0 563.8 960.5 538.1 0.76 70
SFIX R,4076386.0,
EFIX R,4076386.0,4076482 98 958.0 541.5 976
SSACC R,4076484.0,
SBLINK R,4076510.0,
EBLINK R,4076510.0,4076606 98
ESACC R,4076484.0,4076648 166 953.6 554.2 1019.8 478.3 2.73 387
SFIX R,4076650.0,
EFIX R,4076650.0,4076670 22 1013.1 494.6 1115
SSACC R,4076672.0,
ESACC R,4076672.0,4076676 6 1004.7 521.8 1001.3 530.0 0.24 70
SFIX R,4076678.0,
EFIX R,4076678.0,4078686 2010 969.6 574.4 1112
SSACC R,4078688.0,
ESACC R,4078688.0,4078706 20 967.2 573.7 1014.2 557.4 1.35 116
SFIX R,4078708.0,
EFIX R,4078708.0,4078926 220 1003.4 558.7 1046
SSACC R,4078928.0,
ESACC R,4078928.0,4078936 10 990.9 554.9 972.2 555.0 0.51 64
SFIX R,4078938.0,
EFIX R,4078938.0,4079330 394 967.7 547.7 961
SSACC R,4079332.0,
ESACC R,4079332.0,4079344 14 969.9 540.3 940.0 539.7 0.81 82
SFIX R,4079346.0,
EFIX R,4079346.0,4079548 204 949.0 540.6 893
SSACC R,4079550.0,
ESACC R,4079550.0,4079718 170 952.8 557.7 1016.9 463.7 3.08 365
SFIX R,4079720.0,
EFIX R,4079720.0,4080838 1120 978.9 529.8 866
SSACC R,4080840.0,
ESACC R,4080840.0,4080848 10 972.1 527.1 986.9 523.9 0.41 49
SFIX R,4080850.0,
EFIX R,4080850.0,4081968 1120 977.6 527.2 841
SSACC R,4081970.0,
ESACC R,4081970.0,4081974 6 971.7 528.4 965.1 526.1 0.19 42
SFIX R,4081976.0,
EFIX R,4081976.0,4082192 218 963.2 523.9 850
SSACC R,4082194.0,
ESACC R,4082194.0,4082206 14 967.1 525.9 1000.4 524.1 0.90 88
SFIX R,4082208.0,
EFIX R,4082208.0,4082424 218 995.2 524.3 839
SSACC R,4082426.0,
ESACC R,4082426.0,4082440 16 993.2 525.5 957.1 519.1 0.99 94
SFIX R,4082442.0,
EFIX R,4082442.0,4083068 628 964.4 526.0 828
SSACC R,4083070.0,
ESACC R,4083070.0,4083078 10 965.2 532.5 982.4 528.9 0.48 56
SFIX R,4083080.0,
EFIX R,4083080.0,4083798 720 976.4 530.3 804
SSACC R,4083800.0,
ESACC R,4083800.0,4083964 166 969.4 547.4 1037.6 463.4 2.93 352
SFIX R,4083966.0,
EFIX R,4083966.0,4085214 1250 981.4 525.3 811
SSACC R,4085216.0,
SBLINK R,4085248.0,
EBLINK R,4085248.0,4085380 134
ESACC R,4085216.0,4085450 236 960.9 533.6 1013.8 462.5 2.40 3270
SFIX R,4085452.0,
EFIX R,4085452.0,4086426 976 971.3 533.6 779
SSACC R,4086428.0,
ESACC R,4086428.0,4086434 8 981.9 535.1 992.0 533.9 0.28 42
SFIX R,4086436.0,
EFIX R,4086436.0,4087444 1010 985.9 537.5 812
SSACC R,4087446.0,
ESACC R,4087446.0,4087454 10 983.1 527.3 965.2 523.8 0.49 57
SFIX R,4087456.0,
EFIX R,4087456.0,4087636 182 958.8 514.6 833
SSACC R,4087638.0,
ESACC R,4087638.0,4087648 12 960.8 513.4 983.4 510.2 0.62 64
SFIX R,4087650.0,
EFIX R,4087650.0,4088016 368 982.6 517.3 722
SSACC R,4088018.0,
SBLINK R,4088058.0,
EBLINK R,4088058.0,4088114 58
ESACC R,4088018.0,4088174 158 981.3 526.4 1013.7 489.0 1.34 1074
SFIX R,4088176.0,
EFIX R,4088176.0,4089734 1560 990.1 535.6 802
SSACC R,4089736.0,
ESACC R,4089736.0,4089744 10 991.0 549.1 1005.0 541.3 0.43 58
SFIX R,4089746.0,
EFIX R,4089746.0,4090250 506 998.4 539.3 875
SSACC R,4090252.0,
ESACC R,4090252.0,4090266 16 984.2 531.1 950.4 529.7 0.92 86
SFIX R,4090268.0,
EFIX R,4090268.0,4090860 594 964.1 519.1 792
SSACC R,4090862.0,
ESACC R,4090862.0,4090874 14 967.0 517.1 989.6 519.0 0.61 53
SFIX R,4090876.0,
EFIX R,4090876.0,4091100 226 989.9 519.2 701
SSACC R,4091102.0,
ESACC R,4091102.0,4091112 12 986.2 518.2 967.4 511.7 0.54 58
SFIX R,4091114.0,
EFIX R,4091114.0,4091290 178 969.8 515.7 678
SSACC R,4091292.0,
ESACC R,4091292.0,4091296 6 977.6 512.8 983.2 512.6 0.15 40
SFIX R,4091298.0,
EFIX R,4091298.0,4091464 168 985.7 527.9 655
SSACC R,4091466.0,
ESACC R,4091466.0,4091530 66 972.8 566.5 997.7 646.4 2.27 230
SFIX R,4091532.0,
EFIX R,4091532.0,4091552 22 1005.8 646.1 544
SSACC R,4091554.0,
ESACC R,4091554.0,4091634 82 1012.9 635.6 1037.4 459.1 4.83 311
SFIX R,4091636.0,
EFIX R,4091636.0,4092358 724 989.1 492.5 725
SSACC R,4092360.0,
ESACC R,4092360.0,4092372 14 976.0 501.9 948.2 510.7 0.79 78
SFIX R,4092374.0,
EFIX R,4092374.0,4092616 244 953.6 519.3 781
SSACC R,4092618.0,
ESACC R,4092618.0,4092628 12 956.8 522.1 977.7 515.9 0.59 60
SFIX R,4092630.0,
EFIX R,4092630.0,4093500 872 970.4 524.5 861
SSACC R,4093502.0,
SBLINK R,4093550.0,
EBLINK R,4093550.0,4093586 38
ESACC R,4093502.0,4093676 176 960.1 549.2 1016.5 463.8 2.77 385
SFIX R,4093678.0,
EFIX R,4093678.0,4093698 22 1013.3 463.4 919
SSACC R,4093700.0,
ESACC R,4093700.0,4093710 12 1002.0 478.0 989.7 497.0 0.61 67
SFIX R,4093712.0,
EFIX R,4093712.0,4094800 1090 974.9 512.2 809
SSACC R,4094802.0,
ESACC R,4094802.0,4094814 14 966.8 526.8 994.8 519.6 0.78 70
SFIX R,4094816.0,
EFIX R,4094816.0,4095080 266 991.8 521.7 876
SSACC R,4095082.0,
ESACC R,4095082.0,4095102 22 991.5 524.1 947.4 515.2 1.22 103
SFIX R,4095104.0,
EFIX R,4095104.0,4095308 206 963.6 519.4 930
SSACC R,4095310.0,
ESACC R,4095310.0,4095322 14 969.1 518.9 991.2 516.3 0.60 54
SFIX R,4095324.0,
EFIX R,4095324.0,4095404 82 992.0 522.7 959
SSACC R,4095406.0,
ESACC R,4095406.0,4095504 100 989.6 528.5 1015.6 445.4 2.36 136
SFIX R,4095506.0,
EFIX R,4095506.0,4095536 32 1011.1 431.7 1062
SSACC R,4095538.0,
ESACC R,4095538.0,4095556 20 1004.6 438.1 995.2 460.0 0.65 59
SFIX R,4095558.0,
EFIX R,4095558.0,4096088 532 969.2 501.4 994
SSACC R,4096090.0,
ESACC R,4096090.0,4096104 16 966.4 509.7 998.2 520.7 0.91 74
SFIX R,4096106.0,
EFIX R,4096106.0,4096232 128 996.6 525.4 1006
SSACC R,4096234.0,
SBLINK R,4096314.0,
EBLINK R,4096314.0,4096376 64
ESACC R,4096234.0,4096498 266 990.0 536.9 1007.0 451.5 2.36 3270
SFIX R,4096500.0,
EFIX R,4096500.0,4097330 832 978.2 499.6 921
SSACC R,4097332.0,
ESACC R,4097332.0,4097338 8 986.8 524.5 976.6 524.8 0.28 41
SFIX R,4097340.0,
EFIX R,4097340.0,4098522 1184 979.0 525.3 870
SSACC R,4098524.0,
ESACC R,4098524.0,4098540 18 960.3 543.0 978.7 494.1 1.42 95
SFIX R,4098542.0,
EFIX R,4098542.0,4099016 476 951.4 533.7 949
SSACC R,4099018.0,
ESACC R,4099018.0,4099030 14 958.9 552.6 981.3 532.6 0.81 79
SFIX R,4099032.0,
EFIX R,4099032.0,4099866 836 979.7 531.8 1022
SSACC R,4099868.0,
ESACC R,4099868.0,4099990 124 968.9 551.0 996.0 453.2 2.75 3270
SFIX R,4099992.0,
EFIX R,4099992.0,4100732 742 977.9 535.6 1201
SSACC R,4100734.0,
ESACC R,4100734.0,4100744 12 956.7 524.1 980.6 525.2 0.65 71
SFIX R,4100746.0,
EFIX R,4100746.0,4101040 296 982.8 529.8 1195
SSACC R,4101042.0,
SBLINK R,4101082.0,
EBLINK R,4101082.0,4101196 116
ESACC R,4101042.0,4101252 212 978.5 534.5 1033.9 470.6 2.29 463
SFIX R,4101254.0,
EFIX R,4101254.0,4101282 30 1029.7 485.3 1421
SSACC R,4101284.0,
ESACC R,4101284.0,4101288 6 1024.6 499.3 1022.2 507.9 0.24 59
SFIX R,4101290.0,
EFIX R,4101290.0,4102138 850 984.0 559.8 1197
SSACC R,4102140.0,
SBLINK R,4102204.0,
EBLINK R,4102204.0,4102258 56
ESACC R,4102140.0,4102318 180 973.5 562.2 1021.7 477.4 2.64 3270
SFIX R,4102320.0,
EFIX R,4102320.0,4102352 34 1019.9 461.2 1305
SSACC R,4102354.0,
ESACC R,4102354.0,4102368 16 1016.0 462.9 1009.1 482.1 0.55 40
SFIX R,4102370.0,
EFIX R,4102370.0,4103384 1016 980.8 531.2 1288
SSACC R,4103386.0,
SBLINK R,4103466.0,
EBLINK R,4103466.0,4103670 206
ESACC R,4103386.0,4103738 354 986.4 528.0 1039.6 444.5 2.68 404
SFIX R,4103740.0,
EFIX R,4103740.0,4103988 250 1029.3 456.2 1367
SSACC R,4103990.0,
ESACC R,4103990.0,4104002 14 1013.2 507.8 989.2 520.1 0.73 73
SFIX R,4104004.0,
EFIX R,4104004.0,4104940 938 982.3 525.9 1190
SSACC R,4104942.0,
SBLINK R,4104974.0,
EBLINK R,4104974.0,4105068 96
ESACC R,4104942.0,4105118 178 969.1 541.9 1025.6 449.3 2.94 420
SFIX R,4105120.0,
EFIX R,4105120.0,4105148 30 1023.6 456.8 1447
SSACC R,4105150.0,
ESACC R,4105150.0,4105158 10 1018.1 471.2 1010.6 485.0 0.43 53
SFIX R,4105160.0,
EFIX R,4105160.0,4106130 972 976.7 528.3 1324
SSACC R,4106132.0,
SBLINK R,4106158.0,
EBLINK R,4106158.0,4106260 104
ESACC R,4106132.0,4106300 170 962.6 552.0 1012.7 467.5 2.66 670
SFIX R,4106302.0,
EFIX R,4106302.0,4106764 464 978.5 554.0 1358
SSACC R,4106766.0,
ESACC R,4106766.0,4106776 12 976.3 552.3 988.6 531.7 0.65 64
SFIX R,4106778.0,
EFIX R,4106778.0,4107226 450 982.3 540.2 1174
SSACC R,4107228.0,
ESACC R,4107228.0,4107232 6 975.2 542.6 974.2 536.5 0.17 39
SFIX R,4107234.0,
EFIX R,4107234.0,4107574 342 958.8 533.3 1168
SSACC R,4107576.0,
SBLINK R,4107614.0,
EBLINK R,4107614.0,4107824 212
ESACC R,4107576.0,4107880 306 947.3 556.2 1027.0 448.7 3.63 581
SFIX R,4107882.0,
EFIX R,4107882.0,4108670 790 997.9 539.4 1069
SSACC R,4108672.0,
ESACC R,4108672.0,4108686 16 986.0 572.3 964.2 545.9 0.93 89
SFIX R,4108688.0,
EFIX R,4108688.0,4108822 136 965.4 552.5 1000
SSACC R,4108824.0,
SBLINK R,4108878.0,
EBLINK R,4108878.0,4108908 32
ESACC R,4108824.0,4108966 144 959.9 569.7 1022.9 459.3 3.44 625
SFIX R,4108968.0,
EFIX R,4108968.0,4108990 24 1022.1 463.8 1127
SSACC R,4108992.0,
ESACC R,4108992.0,4108996 6 1017.8 475.7 1014.0 486.0 0.30 48
SFIX R,4108998.0,
EFIX R,4108998.0,4109550 554 984.6 536.0 1113
SSACC R,4109552.0,
ESACC R,4109552.0,4109580 30 974.9 539.2 1068.0 519.9 2.57 157
SFIX R,4109582.0,
EFIX R,4109582.0,4109934 354 1051.5 525.5 1186
SSACC R,4109936.0,
ESACC R,4109936.0,4109968 34 1055.7 532.0 953.6 541.0 2.78 295
SFIX R,4109970.0,
EFIX R,4109970.0,4110124 156 965.1 547.2 1244
SSACC R,4110126.0,
ESACC R,4110126.0,4110248 124 981.9 552.2 1016.3 439.8 3.18 443
SFIX R,4110250.0,
EFIX R,4110250.0,4110276 28 1014.7 444.5 1349
SSACC R,4110278.0,
ESACC R,4110278.0,4110282 6 1013.8 451.6 1010.4 458.8 0.22 46
SFIX R,4110284.0,
EFIX R,4110284.0,4110552 270 980.4 512.1 1301
SSACC R,4110554.0,
ESACC R,4110554.0,4110568 16 973.3 520.1 1007.9 533.5 1.01 93
SFIX R,4110570.0,
EFIX R,4110570.0,4111222 654 978.8 533.7 1298
SSACC R,4111224.0,
SBLINK R,4111258.0,
EBLINK R,4111258.0,4111432 176
ESACC R,4111224.0,4111464 242 957.9 536.5 1006.6 476.1 2.10 583
SFIX R,4111466.0,
EFIX R,4111466.0,4111798 334 994.5 521.0 1546
SSACC R,4111800.0,
ESACC R,4111800.0,4111820 22 984.8 546.0 969.3 522.0 0.77 113
SFIX R,4111822.0,
EFIX R,4111822.0,4112176 356 973.7 533.7 1495
SSACC R,4112178.0,
SBLINK R,4112216.0,
EBLINK R,4112216.0,4112324 110
ESACC R,4112178.0,4112360 184 978.1 544.3 1024.3 459.1 2.63 3270
SFIX R,4112362.0,
EFIX R,4112362.0,4112390 30 1030.5 446.9 1506
SSACC R,4112392.0,
ESACC R,4112392.0,4112404 14 1023.9 463.0 1012.1 487.2 0.73 72
SFIX R,4112406.0,
EFIX R,4112406.0,4113572 1168 988.9 529.0 1479
SSACC R,4113574.0,
SBLINK R,4113612.0,
EBLINK R,4113612.0,4113696 86
ESACC R,4113574.0,4113736 164 983.3 525.9 1043.8 443.5 2.77 545
SFIX R,4113738.0,
EFIX R,4113738.0,4114514 778 1013.0 518.4 1570
SSACC R,4114516.0,
ESACC R,4114516.0,4114544 30 995.5 533.2 952.8 544.1 1.19 178
SFIX R,4114546.0,
EFIX R,4114546.0,4114902 358 949.6 546.9 1573
SSACC R,4114904.0,
ESACC R,4114904.0,4114920 18 952.6 552.4 993.4 541.1 1.15 103
SFIX R,4114922.0,
EFIX R,4114922.0,4115272 352 980.2 539.0 1573
SSACC R,4115274.0,
SBLINK R,4115316.0,
EBLINK R,4115316.0,4115418 104
ESACC R,4115274.0,4115464 192 974.1 546.8 1002.1 468.4 2.26 540
SFIX R,4115466.0,
EFIX R,4115466.0,4116830 1366 972.0 556.7 1550
SSACC R,4116832.0,
SBLINK R,4116876.0,
EBLINK R,4116876.0,4116964 90
ESACC R,4116832.0,4117008 178 965.3 551.5 986.2 453.7 2.71 473
SFIX R,4117010.0,
EFIX R,4117010.0,4119154 2146 969.5 557.1 1461
SSACC R,4119156.0,
ESACC R,4119156.0,4119166 12 973.1 559.9 995.0 550.2 0.65 77
SFIX R,4119168.0,
EFIX R,4119168.0,4119456 290 995.2 550.1 1476
SSACC R,4119458.0,
SBLINK R,4119500.0,
EBLINK R,4119500.0,4119576 78
ESACC R,4119458.0,4119624 168 993.0 551.7 1013.8 440.5 3.06 411
SFIX R,4119626.0,
EFIX R,4119626.0,4120192 568 981.4 527.0 1496
SSACC R,4120194.0,
ESACC R,4120194.0,4120232 40 961.0 551.7 1080.1 564.6 3.24 230
SFIX R,4120234.0,
EFIX R,4120234.0,4120598 366 1061.6 562.2 1388
SSACC R,4120600.0,
ESACC R,4120600.0,4120634 36 1058.8 564.4 972.7 536.9 2.45 196
SFIX R,4120636.0,
EFIX R,4120636.0,4121162 528 980.4 536.5 1320
SSACC R,4121164.0,
ESACC R,4121164.0,4121186 24 973.9 530.7 900.5 524.2 2.00 181
SFIX R,4121188.0,
EFIX R,4121188.0,4121672 486 916.1 529.9 1388
SSACC R,4121674.0,
ESACC R,4121674.0,4121684 12 925.3 533.5 943.9 533.8 0.50 51
SFIX R,4121686.0,
EFIX R,4121686.0,4122124 440 946.2 537.9 1459
SSACC R,4122126.0,
ESACC R,4122126.0,4122142 18 953.7 537.7 996.1 542.0 1.15 92
SFIX R,4122144.0,
EFIX R,4122144.0,4122390 248 988.6 548.8 1425
SSACC R,4122392.0,
SBLINK R,4122444.0,
EBLINK R,4122444.0,4122538 96
ESACC R,4122392.0,4122584 194 981.0 562.9 995.5 473.2 2.46 407
SFIX R,4122586.0,
EFIX R,4122586.0,4124334 1750 946.7 541.0 1308
SSACC R,4124336.0,
ESACC R,4124336.0,4124354 20 948.0 549.1 1001.1 552.4 1.44 128
SFIX R,4124356.0,
EFIX R,4124356.0,4124604 250 994.2 549.3 1422
SSACC R,4124606.0,
ESACC R,4124606.0,4124714 110 989.0 552.0 994.7 458.9 2.53 273
SFIX R,4124716.0,
EFIX R,4124716.0,4125492 778 965.3 536.1 1354
SSACC R,4125494.0,
SBLINK R,4125528.0,
EBLINK R,4125528.0,4125642 116
ESACC R,4125494.0,4125680 188 952.9 552.7 994.2 473.6 2.42 535
SFIX R,4125682.0,
EFIX R,4125682.0,4126672 992 958.1 579.0 1242
SSACC R,4126674.0,
SBLINK R,4126708.0,
EBLINK R,4126708.0,4126820 114
ESACC R,4126674.0,4126872 200 951.1 587.4 989.9 487.0 2.92 421
SFIX R,4126874.0,
EFIX R,4126874.0,4127522 650 964.7 562.8 1383
SSACC R,4127524.0,
SBLINK R,4127562.0,
EBLINK R,4127562.0,4127650 90
ESACC R,4127524.0,4127700 178 959.9 581.5 994.0 455.7 3.53 3270
SFIX R,4127702.0,
EFIX R,4127702.0,4128118 418 948.2 534.2 1322
SSACC R,4128120.0,
ESACC R,4128120.0,4128138 20 939.5 518.9 983.8 533.6 1.26 96
SFIX R,4128140.0,
EFIX R,4128140.0,4128496 358 966.7 540.4 1330
SSACC R,4128498.0,
SBLINK R,4128528.0,
EBLINK R,4128528.0,4128650 124
ESACC R,4128498.0,4128708 212 964.2 558.1 1004.4 437.9 3.43 409
SFIX R,4128710.0,
EFIX R,4128710.0,4129438 730 984.3 532.4 1435
SSACC R,4129440.0,
ESACC R,4129440.0,4129586 148 991.0 554.5 1013.2 460.0 2.63 396
SFIX R,4129588.0,
EFIX R,4129588.0,4130158 572 978.5 524.3 1402
SSACC R,4130160.0,
SBLINK R,4130196.0,
EBLINK R,4130196.0,4130510 316
ESACC R,4130160.0,4130518 360 968.3 528.6 1007.7 490.0 1.49 152
SFIX R,4130520.0,
EFIX R,4130520.0,4130550 32 897.7 510.3 1419
SSACC R,4130552.0,
ESACC R,4130552.0,4130574 24 900.4 511.5 982.9 534.0 2.32 212
SFIX R,4130576.0,
EFIX R,4130576.0,4131614 1040 979.9 553.2 1431
SSACC R,4131616.0,
SBLINK R,4131662.0,
EBLINK R,4131662.0,4131752 92
ESACC R,4131616.0,4131820 206 979.5 562.3 1007.3 461.1 2.84 393
SFIX R,4131822.0,
EFIX R,4131822.0,4132824 1004 964.0 555.0 1436
SSACC R,4132826.0,
SBLINK R,4132864.0,
EBLINK R,4132864.0,4132984 122
ESACC R,4132826.0,4133022 198 952.7 570.6 981.4 467.3 2.91 425
SFIX R,4133024.0,
EFIX R,4133024.0,4133972 950 960.8 534.8 1344
SSACC R,4133974.0,
ESACC R,4133974.0,4133984 12 958.3 543.4 980.2 548.2 0.61 63
SFIX R,4133986.0,
EFIX R,4133986.0,4134044 60 981.0 553.0 1253
SSACC R,4134046.0,
SBLINK R,4134098.0,
EBLINK R,4134098.0,4134150 54
ESACC R,4134046.0,4134226 182 980.9 562.6 1000.2 472.6 2.49 456
SFIX R,4134228.0,
EFIX R,4134228.0,4134810 584 978.7 537.2 1212
SSACC R,4134812.0,
SBLINK R,4134846.0,
EBLINK R,4134846.0,4134972 128
ESACC R,4134812.0,4135014 204 975.0 570.4 1007.0 496.7 2.18 514
SFIX R,4135016.0,
EFIX R,4135016.0,4136582 1568 997.6 564.5 1144
SSACC R,4136584.0,
SBLINK R,4136614.0,
EBLINK R,4136614.0,4136714 102
ESACC R,4136584.0,4136774 192 985.7 586.7 998.6 480.2 2.91 407
SFIX R,4136776.0,
EFIX R,4136776.0,4136986 212 983.8 528.2 1231
SSACC R,4136988.0,
ESACC R,4136988.0,4136998 12 971.8 556.9 985.9 534.2 0.72 76
SFIX R,4137000.0,
EFIX R,4137000.0,4137704 706 977.4 541.7 1076
SSACC R,4137706.0,
ESACC R,4137706.0,4137722 18 972.4 548.6 1017.8 536.4 1.27 111
SFIX R,4137724.0,
EFIX R,4137724.0,4137748 26 1013.2 541.7 992
SSACC R,4137750.0,
SBLINK R,4137790.0,
EBLINK R,4137790.0,4137990 202
ESACC R,4137750.0,4138046 298 1008.7 548.4 1031.4 436.1 3.10 547
SFIX R,4138048.0,
EFIX R,4138048.0,4139480 1434 987.9 532.4 1159
SSACC R,4139482.0,
SBLINK R,4139520.0,
EBLINK R,4139520.0,4139592 74
ESACC R,4139482.0,4139624 144 975.5 555.7 992.8 462.5 2.57 3270
SFIX R,4139626.0,
EFIX R,4139626.0,4140146 522 969.6 528.7 1349
SSACC R,4140148.0,
ESACC R,4140148.0,4140162 16 965.0 542.8 995.8 534.7 0.86 86
SFIX R,4140164.0,
EFIX R,4140164.0,4141820 1658 976.0 554.7 1404
SSACC R,4141822.0,
SBLINK R,4141872.0,
EBLINK R,4141872.0,4141930 60
ESACC R,4141822.0,4141968 148 967.1 579.3 991.4 494.1 2.40 476
SFIX R,4141970.0,
EFIX R,4141970.0,4142700 732 966.6 551.7 1442
SSACC R,4142702.0,
SBLINK R,4142734.0,
EBLINK R,4142734.0,4142880 148
ESACC R,4142702.0,4142934 234 961.8 566.6 1010.3 463.8 3.08 431
SFIX R,4142936.0,
EFIX R,4142936.0,4143772 838 982.1 552.1 1222
SSACC R,4143774.0,
SBLINK R,4143804.0,
EBLINK R,4143804.0,4143936 134
ESACC R,4143774.0,4143982 210 974.5 569.0 1011.2 456.7 3.20 585
SFIX R,4143984.0,
EFIX R,4143984.0,4144856 874 982.2 545.7 1296
SSACC R,4144858.0,
ESACC R,4144858.0,4144874 18 983.7 567.0 1027.2 552.6 1.24 100
SFIX R,4144876.0,
EFIX R,4144876.0,4145128 254 1027.6 570.3 1386
SSACC R,4145130.0,
SBLINK R,4145182.0,
EBLINK R,4145182.0,4145258 78
ESACC R,4145130.0,4145302 174 1040.7 584.9 1070.6 487.8 2.75 532
SFIX R,4145304.0,
EFIX R,4145304.0,4145712 410 1042.6 559.8 1575
SSACC R,4145714.0,
ESACC R,4145714.0,4145724 12 1037.0 586.4 1046.4 563.7 0.67 70
SFIX R,4145726.0,
EFIX R,4145726.0,4145938 214 1032.9 566.8 1536
SSACC R,4145940.0,
ESACC R,4145940.0,4145966 28 1021.9 569.7 957.3 537.0 1.96 115
SFIX R,4145968.0,
EFIX R,4145968.0,4146138 172 964.7 544.7 1386
SSACC R,4146140.0,
ESACC R,4146140.0,4146160 22 960.4 547.7 1030.1 541.9 1.90 141
SFIX R,4146162.0,
EFIX R,4146162.0,4146366 206 1026.8 548.4 1399
SSACC R,4146368.0,
ESACC R,4146368.0,4146396 30 1025.3 548.8 977.2 543.8 1.31 164
SFIX R,4146398.0,
EFIX R,4146398.0,4146568 172 968.3 548.5 1484
SSACC R,4146570.0,
ESACC R,4146570.0,4146592 24 958.4 553.6 1041.3 555.7 2.25 166
SFIX R,4146594.0,
EFIX R,4146594.0,4146764 172 1034.1 564.3 1483
SSACC R,4146766.0,
ESACC R,4146766.0,4146786 22 1042.3 570.5 963.0 559.8 2.17 179
SFIX R,4146788.0,
EFIX R,4146788.0,4146996 210 986.9 573.4 1485
SSACC R,4146998.0,
SBLINK R,4147038.0,
EBLINK R,4147038.0,4147212 176
ESACC R,4146998.0,4147252 256 998.2 581.0 1063.8 443.6 4.12 373
SFIX R,4147254.0,
EFIX R,4147254.0,4147890 638 1033.6 559.2 1412
SSACC R,4147892.0,
ESACC R,4147892.0,4147920 30 1011.9 580.0 1086.8 545.7 2.23 101
SFIX R,4147922.0,
EFIX R,4147922.0,4148098 178 1081.0 552.0 1153
SSACC R,4148100.0,
ESACC R,4148100.0,4148122 24 1079.1 563.6 987.1 557.2 2.50 223
SFIX R,4148124.0,
EFIX R,4148124.0,4148380 258 993.0 561.8 1228
SSACC R,4148382.0,
SBLINK R,4148416.0,
EBLINK R,4148416.0,4148550 136
ESACC R,4148382.0,4148598 218 998.5 549.3 1071.7 452.1 3.29 595
SFIX R,4148600.0,
EFIX R,4148600.0,4149470 872 1011.2 530.0 1322
SSACC R,4149472.0,
SBLINK R,4149516.0,
EBLINK R,4149516.0,4149596 82
ESACC R,4149472.0,4149622 152 1004.3 548.8 1044.8 464.8 2.53 428
SFIX R,4149624.0,
EFIX R,4149624.0,4150330 708 1001.2 516.2 1455
SSACC R,4150332.0,
ESACC R,4150332.0,4150350 20 982.9 534.6 1039.8 521.8 1.58 131
SFIX R,4150352.0,
EFIX R,4150352.0,4150676 326 1024.2 525.0 1394
SSACC R,4150678.0,
ESACC R,4150678.0,4150708 32 1021.0 526.9 973.1 518.0 1.32 212
SFIX R,4150710.0,
EFIX R,4150710.0,4151262 554 963.6 520.4 1550
SSACC R,4151264.0,
ESACC R,4151264.0,4151284 22 965.8 523.3 1010.2 533.5 1.23 126
SFIX R,4151286.0,
EFIX R,4151286.0,4151816 532 1001.5 531.4 1683
SSACC R,4151818.0,
ESACC R,4151818.0,4151838 22 1000.9 536.0 967.7 528.2 0.92 125
SFIX R,4151840.0,
EFIX R,4151840.0,4152204 366 968.7 531.2 1744
SSACC R,4152206.0,
SBLINK R,4152242.0,
EBLINK R,4152242.0,4152322 82
ESACC R,4152206.0,4152370 166 965.9 529.8 1008.4 444.0 2.59 429
SFIX R,4152372.0,
EFIX R,4152372.0,4153144 774 973.4 531.4 1690
SSACC R,4153146.0,
ESACC R,4153146.0,4153156 12 962.3 536.4 987.2 535.6 0.68 71
SFIX R,4153158.0,
EFIX R,4153158.0,4153378 222 983.0 532.1 1522
SSACC R,4153380.0,
ESACC R,4153380.0,4153398 20 979.8 531.9 947.8 525.0 0.89 90
SFIX R,4153400.0,
EFIX R,4153400.0,4153758 360 956.2 525.2 1573
SSACC R,4153760.0,
ESACC R,4153760.0,4153932 174 962.8 533.6 1005.1 460.8 2.28 635
SFIX R,4153934.0,
EFIX R,4153934.0,4155018 1086 965.7 524.1 1427
SSACC R,4155020.0,
SBLINK R,4155056.0,
EBLINK R,4155056.0,4155162 108
ESACC R,4155020.0,4155206 188 951.7 544.7 990.6 437.9 3.08 485
SFIX R,4155208.0,
EFIX R,4155208.0,4155952 746 958.1 530.3 1378
SSACC R,4155954.0,
SBLINK R,4155994.0,
EBLINK R,4155994.0,4156188 196
ESACC R,4155954.0,4156236 284 953.1 547.6 1009.3 451.0 3.03 438
SFIX R,4156238.0,
EFIX R,4156238.0,4156944 708 981.7 542.9 1330
SSACC R,4156946.0,
SBLINK R,4156994.0,
EBLINK R,4156994.0,4157188 196
ESACC R,4156946.0,4157232 288 963.4 570.1 1008.6 464.9 3.10 492
SFIX R,4157234.0,
EFIX R,4157234.0,4157274 42 1001.7 491.0 1270
SSACC R,4157276.0,
ESACC R,4157276.0,4157288 14 996.7 508.7 987.2 530.1 0.63 54
SFIX R,4157290.0,
EFIX R,4157290.0,4157470 182 970.2 545.8 1209
SSACC R,4157472.0,
ESACC R,4157472.0,4157498 28 966.2 541.4 1042.5 543.3 2.07 114
SFIX R,4157500.0,
EFIX R,4157500.0,4157966 468 1028.8 537.0 1133
SSACC R,4157968.0,
SBLINK R,4158026.0,
EBLINK R,4158026.0,4158074 50
ESACC R,4157968.0,4158132 166 1024.5 548.7 1016.0 445.2 2.81 714
SFIX R,4158134.0,
EFIX R,4158134.0,4158292 160 991.0 507.1 1143
SSACC R,4158294.0,
ESACC R,4158294.0,4158314 22 975.0 532.1 916.9 543.6 1.61 136
SFIX R,4158316.0,
EFIX R,4158316.0,4158532 218 932.7 543.5 1195
SSACC R,4158534.0,
ESACC R,4158534.0,4158544 12 945.6 537.9 972.1 536.5 0.72 76
SFIX R,4158546.0,
EFIX R,4158546.0,4158832 288 974.7 543.3 1169
SSACC R,4158834.0,
SBLINK R,4158872.0,
EBLINK R,4158872.0,4158992 122
ESACC R,4158834.0,4159042 210 974.7 557.0 1001.9 458.0 2.78 401
SFIX R,4159044.0,
EFIX R,4159044.0,4159574 532 967.0 539.7 1253
SSACC R,4159576.0,
ESACC R,4159576.0,4159584 10 961.4 562.6 976.7 553.9 0.48 59
SFIX R,4159586.0,
EFIX R,4159586.0,4159930 346 972.2 549.9 1173
SSACC R,4159932.0,
ESACC R,4159932.0,4159938 8 964.6 541.8 955.0 537.2 0.29 43
SFIX R,4159940.0,
EFIX R,4159940.0,4160442 504 948.4 542.0 1195
SSACC R,4160444.0,
ESACC R,4160444.0,4160454 12 946.9 547.5 967.6 537.2 0.63 67
SFIX R,4160456.0,
EFIX R,4160456.0,4160616 162 971.7 542.0 1211
SSACC R,4160618.0,
SBLINK R,4160688.0,
EBLINK R,4160688.0,4160856 170
ESACC R,4160618.0,4160918 302 978.0 543.2 1020.2 437.3 3.09 652
SFIX R,4160920.0,
EFIX R,4160920.0,4160958 40 1018.7 455.3 1307
SSACC R,4160960.0,
ESACC R,4160960.0,4160978 20 1019.3 463.9 1011.2 495.0 0.87 50
SFIX R,4160980.0,
EFIX R,4160980.0,4161988 1010 981.0 531.0 1114
SSACC R,4161990.0,
SBLINK R,4162026.0,
EBLINK R,4162026.0,4162150 126
ESACC R,4161990.0,4162198 210 967.0 539.5 1014.4 431.9 3.18 381
SFIX R,4162200.0,
EFIX R,4162200.0,4162228 30 1009.3 437.4 1271
SSACC R,4162230.0,
ESACC R,4162230.0,4162248 20 1008.5 440.5 997.2 478.5 1.07 70
SFIX R,4162250.0,
EFIX R,4162250.0,4164402 2154 948.6 549.8 1302
SSACC R,4164404.0,
ESACC R,4164404.0,4164530 128 925.2 580.5 988.4 455.3 3.80 258
SFIX R,4164532.0,
EFIX R,4164532.0,4165856 1326 956.0 544.9 1276
SSACC R,4165858.0,
ESACC R,4165858.0,4165870 14 954.1 554.8 926.2 544.6 0.81 78
SFIX R,4165872.0,
EFIX R,4165872.0,4165984 114 923.0 548.6 1222
SSACC R,4165986.0,
SBLINK R,4166036.0,
EBLINK R,4166036.0,4166122 88
ESACC R,4165986.0,4166194 210 926.6 558.2 970.8 490.3 2.20 673
SFIX R,4166196.0,
EFIX R,4166196.0,4166218 24 968.2 496.1 1313
SSACC R,4166220.0,
ESACC R,4166220.0,4166226 8 962.9 509.3 959.3 521.0 0.33 50
SFIX R,4166228.0,
EFIX R,4166228.0,4167140 914 936.0 564.5 1079
SSACC R,4167142.0,
ESACC R,4167142.0,4167160 20 935.8 567.4 992.3 550.7 1.60 139
SFIX R,4167162.0,
EFIX R,4167162.0,4167190 30 989.0 550.4 987
SSACC R,4167192.0,
SBLINK R,4167240.0,
EBLINK R,4167240.0,4167298 60
ESACC R,4167192.0,4167364 174 984.7 552.8 988.3 462.6 2.45 479
SFIX R,4167366.0,
EFIX R,4167366.0,4168368 1004 947.3 552.0 1015
SSACC R,4168370.0,
SBLINK R,4168408.0,
EBLINK R,4168408.0,4168542 136
ESACC R,4168370.0,4168618 250 940.5 569.3 964.1 478.6 2.54 359
SFIX R,4168620.0,
EFIX R,4168620.0,4169966 1348 928.6 548.7 1025
SSACC R,4169968.0,
SBLINK R,4170002.0,
EBLINK R,4170002.0,4170080 80
ESACC R,4169968.0,4170120 154 907.9 555.5 980.0 439.2 3.71 492
SFIX R,4170122.0,
EFIX R,4170122.0,4171772 1652 950.5 546.6 1114
SSACC R,4171774.0,
SBLINK R,4171816.0,
EBLINK R,4171816.0,4171848 34
ESACC R,4171774.0,4171898 126 943.0 545.4 950.7 471.5 2.01 474
SFIX R,4171900.0,
EFIX R,4171900.0,4172178 280 923.4 553.1 1118
SSACC R,4172180.0,
ESACC R,4172180.0,4172198 20 917.9 572.1 940.6 556.0 0.75 94
SFIX R,4172200.0,
EFIX R,4172200.0,4173336 1138 945.3 568.7 1082
SSACC R,4173338.0,
SBLINK R,4173378.0,
EBLINK R,4173378.0,4173440 64
ESACC R,4173338.0,4173482 146 931.0 580.0 987.8 486.3 2.97 417
SFIX R,4173484.0,
EFIX R,4173484.0,4175884 2402 948.3 578.3 1048
SSACC R,4175886.0,
ESACC R,4175886.0,4175920 36 941.7 604.6 928.5 532.8 1.98 101
SFIX R,4175922.0,
EFIX R,4175922.0,4175950 30 914.6 525.0 1151
SSACC R,4175952.0,
ESACC R,4175952.0,4175958 8 898.2 535.2 886.9 543.1 0.37 60
SFIX R,4175960.0,
EFIX R,4175960.0,4176108 150 865.0 585.6 1058
SSACC R,4176110.0,
ESACC R,4176110.0,4176130 22 859.5 590.5 924.2 569.4 1.84 153
SFIX R,4176132.0,
EFIX R,4176132.0,4176398 268 922.0 570.5 1037
SSACC R,4176400.0,
ESACC R,4176400.0,4176412 14 919.3 569.7 944.9 559.9 0.74 71
SFIX R,4176414.0,
EFIX R,4176414.0,4176592 180 939.0 563.3 1017
SSACC R,4176594.0,
SBLINK R,4176636.0,
EBLINK R,4176636.0,4176734 100
ESACC R,4176594.0,4176794 202 936.9 573.1 989.3 478.7 2.93 489
SFIX R,4176796.0,
EFIX R,4176796.0,4177562 768 952.9 551.7 970
SSACC R,4177564.0,
ESACC R,4177564.0,4177636 74 947.4 550.7 1296.8 686.1 10.03 236
SFIX R,4177638.0,
EFIX R,4177638.0,4179484 1848 1271.1 704.0 1012
SSACC R,4179486.0,
ESACC R,4179486.0,4179522 38 1266.6 719.6 1086.9 663.2 5.03 184
SFIX R,4179524.0,
EFIX R,4179524.0,4179752 230 1054.6 643.1 1055
SSACC R,4179754.0,
ESACC R,4179754.0,4179792 40 1050.5 639.1 935.0 570.5 3.64 225
SFIX R,4179794.0,
EFIX R,4179794.0,4180056 264 943.2 565.8 1084
SSACC R,4180058.0,
ESACC R,4180058.0,4180070 14 946.7 562.4 915.5 550.2 0.91 85
SFIX R,4180072.0,
EFIX R,4180072.0,4180488 418 920.2 558.0 1100
SSACC R,4180490.0,
ESACC R,4180490.0,4180678 190 928.7 566.1 960.6 470.0 2.74 338
SFIX R,4180680.0,
EFIX R,4180680.0,4181566 888 941.8 529.3 966
SSACC R,4181568.0,
SBLINK R,4181630.0,
EBLINK R,4181630.0,4181804 176
ESACC R,4181568.0,4181870 304 942.5 551.4 1000.0 440.2 3.39 1479
SFIX R,4181872.0,
EFIX R,4181872.0,4182826 956 967.0 549.6 968
SSACC R,4182828.0,
ESACC R,4182828.0,4182842 16 952.4 566.1 981.2 541.8 1.02 82
SFIX R,4182844.0,
EFIX R,4182844.0,4183196 354 971.8 532.4 1010
SSACC R,4183198.0,
SBLINK R,4183224.0,
EBLINK R,4183224.0,4183382 160
ESACC R,4183198.0,4183438 242 939.1 534.4 1000.9 468.4 2.45 607
SFIX R,4183440.0,
EFIX R,4183440.0,4184188 750 987.3 560.0 1280
SSACC R,4184190.0,
ESACC R,4184190.0,4184208 20 962.5 581.1 1015.0 559.1 1.54 112
SFIX R,4184210.0,
EFIX R,4184210.0,4184506 298 1002.6 556.9 1238
SSACC R,4184508.0,
ESACC R,4184508.0,4184528 22 987.1 554.2 933.7 537.0 1.52 142
SFIX R,4184530.0,
EFIX R,4184530.0,4184746 218 955.8 543.2 1349
SSACC R,4184748.0,
ESACC R,4184748.0,4184764 18 957.8 548.7 999.7 540.9 1.16 97
SFIX R,4184766.0,
EFIX R,4184766.0,4184894 130 990.8 545.0 1383
SSACC R,4184896.0,
SBLINK R,4184934.0,
EBLINK R,4184934.0,4185050 118
ESACC R,4184896.0,4185092 198 987.2 546.3 1033.2 448.9 2.92 686
SFIX R,4185094.0,
EFIX R,4185094.0,4185960 868 1009.9 537.7 1395
SSACC R,4185962.0,
ESACC R,4185962.0,4185976 16 986.0 568.1 983.4 539.7 0.77 77
SFIX R,4185978.0,
EFIX R,4185978.0,4187018 1042 979.9 534.9 1440
SSACC R,4187020.0,
ESACC R,4187020.0,4187132 114 963.2 527.1 1018.6 435.7 2.89 437
SFIX R,4187134.0,
EFIX R,4187134.0,4187714 582 962.0 510.6 1379
SSACC R,4187716.0,
ESACC R,4187716.0,4187736 22 949.6 520.2 1007.6 511.5 1.59 123
SFIX R,4187738.0,
EFIX R,4187738.0,4187956 220 997.6 513.1 1115
SSACC R,4187958.0,
ESACC R,4187958.0,4187978 22 997.4 508.8 937.8 495.7 1.65 148
SFIX R,4187980.0,
EFIX R,4187980.0,4188372 394 950.2 511.6 1111
SSACC R,4188374.0,
SBLINK R,4188406.0,
EBLINK R,4188406.0,4188472 68
ESACC R,4188374.0,4188496 124 952.1 529.3 991.0 418.5 3.18 395
SFIX R,4188498.0,
EFIX R,4188498.0,4189150 654 959.8 505.8 1326
SSACC R,4189152.0,
SBLINK R,4189196.0,
EBLINK R,4189196.0,4189300 106
ESACC R,4189152.0,4189330 180 961.1 517.1 1012.0 447.6 2.33 608
SFIX R,4189332.0,
EFIX R,4189332.0,4189356 26 1004.5 448.6 1516
SSACC R,4189358.0,
ESACC R,4189358.0,4189366 10 997.6 461.2 992.2 478.8 0.50 62
SFIX R,4189368.0,
EFIX R,4189368.0,4189398 32 988.0 487.4 1480
SSACC R,4189400.0,
ESACC R,4189400.0,4189406 8 983.0 498.4 978.3 510.8 0.36 58
SFIX R,4189408.0,
EFIX R,4189408.0,4189874 468 966.9 529.9 1470
SSACC R,4189876.0,
ESACC R,4189876.0,4189894 20 968.9 532.2 1028.7 525.7 1.63 125
SFIX R,4189896.0,
EFIX R,4189896.0,4190062 168 1030.1 523.5 1414
SSACC R,4190064.0,
ESACC R,4190064.0,4190086 24 1026.9 523.1 939.1 516.0 2.39 193
SFIX R,4190088.0,
EFIX R,4190088.0,4190416 330 949.7 512.9 1441
SSACC R,4190418.0,
SBLINK R,4190458.0,
EBLINK R,4190458.0,4190560 104
ESACC R,4190418.0,4190596 180 948.3 517.5 1001.0 426.3 2.85 508
SFIX R,4190598.0,
EFIX R,4190598.0,4191192 596 949.4 503.0 1429
SSACC R,4191194.0,
ESACC R,4191194.0,4191212 20 943.9 519.0 991.6 524.1 1.30 105
SFIX R,4191214.0,
EFIX R,4191214.0,4191658 446 993.8 527.2 1302
SSACC R,4191660.0,
ESACC R,4191660.0,4191680 22 990.3 538.4 917.4 528.4 1.99 156
SFIX R,4191682.0,
EFIX R,4191682.0,4191894 214 922.7 537.6 1309
SSACC R,4191896.0,
ESACC R,4191896.0,4192010 116 932.6 545.0 1060.7 418.4 4.87 209
SFIX R,4192012.0,
EFIX R,4192012.0,4192050 40 1039.7 442.8 1386
SSACC R,4192052.0,
ESACC R,4192052.0,4192068 18 1014.3 458.2 973.5 469.1 1.14 76
SFIX R,4192070.0,
EFIX R,4192070.0,4192686 618 935.7 523.9 1404
SSACC R,4192688.0,
ESACC R,4192688.0,4192976 290 931.6 531.8 864.7 495.8 2.06 418
SFIX R,4192978.0,
EFIX R,4192978.0,4193310 334 887.5 516.7 1498
SSACC R,4193312.0,
ESACC R,4193312.0,4193330 20 905.4 520.8 964.6 524.2 1.61 127
SFIX R,4193332.0,
EFIX R,4193332.0,4193974 644 944.5 531.1 1505
SSACC R,4193976.0,
ESACC R,4193976.0,4193986 12 940.6 539.6 968.6 536.5 0.76 81
SFIX R,4193988.0,
EFIX R,4193988.0,4194070 84 966.0 537.4 1407
SSACC R,4194072.0,
SBLINK R,4194132.0,
EBLINK R,4194132.0,4194446 316
ESACC R,4194072.0,4194454 384 962.6 540.6 981.3 464.1 2.13 115
SFIX R,4194456.0,
EFIX R,4194456.0,4195426 972 958.8 557.3 1368
SSACC R,4195428.0,
SBLINK R,4195450.0,
EBLINK R,4195450.0,4195564 116
ESACC R,4195428.0,4195596 170 965.7 542.8 1036.4 517.3 2.04 307
SFIX R,4195598.0,
EFIX R,4195598.0,4196302 706 1004.7 593.7 1535
SSACC R,4196304.0,
ESACC R,4196304.0,4196316 14 980.4 588.0 988.0 556.3 0.88 86
SFIX R,4196318.0,
EFIX R,4196318.0,4196996 680 976.4 549.9 1504
SSACC R,4196998.0,
SBLINK R,4197038.0,
EBLINK R,4197038.0,4197112 76
ESACC R,4196998.0,4197132 136 972.5 545.1 1009.1 484.4 1.92 513
SFIX R,4197134.0,
EFIX R,4197134.0,4198768 1636 943.6 551.0 1494
SSACC R,4198770.0,
ESACC R,4198770.0,4198788 20 916.1 558.4 1000.6 555.0 2.29 230
SFIX R,4198790.0,
EFIX R,4198790.0,4198994 206 992.6 553.7 1530
SSACC R,4198996.0,
ESACC R,4198996.0,4199018 24 994.7 553.4 911.4 556.5 2.26 266
SFIX R,4199020.0,
EFIX R,4199020.0,4199742 724 914.3 570.3 1539
SSACC R,4199744.0,
SBLINK R,4199792.0,
EBLINK R,4199792.0,4199840 50
ESACC R,4199744.0,4199864 122 924.8 575.8 988.5 482.9 3.05 1025
SFIX R,4199866.0,
EFIX R,4199866.0,4201106 1242 941.2 568.4 1504
SSACC R,4201108.0,
SBLINK R,4201150.0,
EBLINK R,4201150.0,4201220 72
ESACC R,4201108.0,4201240 134 949.7 577.5 977.1 472.3 2.95 172
SFIX R,4201242.0,
EFIX R,4201242.0,4204052 2812 917.0 562.1 1377
SSACC R,4204054.0,
ESACC R,4204054.0,4204076 24 906.7 567.8 1013.8 568.1 2.90 238
SFIX R,4204078.0,
EFIX R,4204078.0,4205338 1262 1011.2 572.5 1263
SSACC R,4205340.0,
ESACC R,4205340.0,4205382 44 1005.2 580.1 892.6 564.4 3.08 242
SFIX R,4205384.0,
EFIX R,4205384.0,4205612 230 905.1 556.1 1247
SSACC R,4205614.0,
ESACC R,4205614.0,4205624 12 904.1 551.0 921.5 556.3 0.49 56
SFIX R,4205626.0,
EFIX R,4205626.0,4206930 1306 919.5 564.7 1308
SSACC R,4206932.0,
ESACC R,4206932.0,4206950 20 924.1 567.9 955.5 566.4 0.85 102
SFIX R,4206952.0,
EFIX R,4206952.0,4207288 338 939.2 568.6 1356
SSACC R,4207290.0,
ESACC R,4207290.0,4207302 14 933.3 577.0 914.8 567.3 0.57 62
SFIX R,4207304.0,
EFIX R,4207304.0,4207442 140 922.2 572.4 1338
SSACC R,4207444.0,
SBLINK R,4207490.0,
EBLINK R,4207490.0,4207530 42
ESACC R,4207444.0,4207554 112 929.5 570.2 973.1 512.3 1.96 3270
SFIX R,4207556.0,
EFIX R,4207556.0,4208860 1306 944.6 567.4 1263
SSACC R,4208862.0,
ESACC R,4208862.0,4208878 18 938.9 578.1 922.2 579.0 0.45 74
SFIX R,4208880.0,
EFIX R,4208880.0,4210056 1178 922.8 580.1 1329
SSACC R,4210058.0,
ESACC R,4210058.0,4210074 18 916.7 585.8 908.5 587.1 0.22 60
SFIX R,4210076.0,
EFIX R,4210076.0,4210724 650 911.5 595.1 1314
SSACC R,4210726.0,
ESACC R,4210726.0,4210732 8 905.5 604.7 892.5 600.5 0.37 55
SFIX R,4210734.0,
EFIX R,4210734.0,4211096 364 906.8 597.0 1292
SSACC R,4211098.0,
ESACC R,4211098.0,4211108 12 911.9 601.5 920.4 577.5 0.69 74
SFIX R,4211110.0,
EFIX R,4211110.0,4212042 934 892.6 600.1 1313
SSACC R,4212044.0,
ESACC R,4212044.0,4212058 16 894.4 619.8 891.6 606.2 0.38 60
SFIX R,4212060.0,
EFIX R,4212060.0,4212470 412 902.3 603.6 1333
SSACC R,4212472.0,
SBLINK R,4212490.0,
EBLINK R,4212490.0,4212608 120
ESACC R,4212472.0,4212640 170 932.0 586.6 966.0 540.9 1.54 410
SFIX R,4212642.0,
EFIX R,4212642.0,4212918 278 942.0 590.0 1269
SSACC R,4212920.0,
ESACC R,4212920.0,4212938 20 942.8 583.6 965.1 564.8 0.79 89
SFIX R,4212940.0,
EFIX R,4212940.0,4213250 312 961.6 567.3 1134
SSACC R,4213252.0,
SBLINK R,4213284.0,
EBLINK R,4213284.0,4213414 132
ESACC R,4213252.0,4213446 196 954.2 568.5 996.5 479.2 2.68 626
SFIX R,4213448.0,
EFIX R,4213448.0,4214006 560 964.2 546.9 1267
SSACC R,4214008.0,
SBLINK R,4214042.0,
EBLINK R,4214042.0,4214146 106
ESACC R,4214008.0,4214202 196 969.5 551.5 963.0 532.7 0.54 1927
SFIX R,4214204.0,
EFIX R,4214204.0,4214666 464 964.5 552.3 1403
SSACC R,4214668.0,
ESACC R,4214668.0,4214694 28 962.3 555.7 1065.2 570.4 2.81 186
SFIX R,4214696.0,
EFIX R,4214696.0,4215046 352 1047.3 567.2 1375
SSACC R,4215048.0,
SBLINK R,4215094.0,
EBLINK R,4215094.0,4215232 140
ESACC R,4215048.0,4215280 234 1041.5 578.5 1014.8 460.8 3.27 1346
SFIX R,4215282.0,
EFIX R,4215282.0,4215304 24 1006.2 468.9 1494
SSACC R,4215306.0,
ESACC R,4215306.0,4215312 8 1001.7 484.6 996.6 499.9 0.44 64
SFIX R,4215314.0,
EFIX R,4215314.0,4215764 452 991.9 527.5 1409
SSACC R,4215766.0,
ESACC R,4215766.0,4215784 20 991.7 533.6 958.9 543.6 0.93 89
SFIX R,4215786.0,
EFIX R,4215786.0,4216032 248 959.9 546.8 1245
SSACC R,4216034.0,
ESACC R,4216034.0,4216052 20 955.0 541.8 1015.2 538.1 1.63 147
SFIX R,4216054.0,
EFIX R,4216054.0,4216110 58 1022.5 539.8 1214
SSACC R,4216112.0,
SBLINK R,4216168.0,
EBLINK R,4216168.0,4216322 156
ESACC R,4216112.0,4216354 244 1019.3 548.2 1063.1 448.5 2.95 512
SFIX R,4216356.0,
EFIX R,4216356.0,4216598 244 1030.1 516.7 1367
SSACC R,4216600.0,
ESACC R,4216600.0,4216630 32 1021.1 528.2 970.9 539.2 1.39 183
SFIX R,4216632.0,
EFIX R,4216632.0,4216832 202 964.1 530.8 1331
SSACC R,4216834.0,
SBLINK R,4216864.0,
EBLINK R,4216864.0,4217040 178
ESACC R,4216834.0,4217102 270 962.3 531.0 976.7 490.3 1.17 530
SFIX R,4217104.0,
EFIX R,4217104.0,4217574 472 983.1 512.7 1201
SSACC R,4217576.0,
SBLINK R,4217614.0,
EBLINK R,4217614.0,4217830 218
ESACC R,4217576.0,4217886 312 995.8 525.6 961.7 498.7 1.18 696
SFIX R,4217888.0,
EFIX R,4217888.0,4218438 552 960.9 531.4 1200
SSACC R,4218440.0,
ESACC R,4218440.0,4218458 20 954.7 529.5 1011.7 530.5 1.54 128
SFIX R,4218460.0,
EFIX R,4218460.0,4218710 252 1000.6 532.1 1087
SSACC R,4218712.0,
SBLINK R,4218778.0,
EBLINK R,4218778.0,4218916 140
ESACC R,4218712.0,4218948 238 997.4 534.7 1027.0 430.3 2.94 725
SFIX R,4218950.0,
EFIX R,4218950.0,4218970 22 1017.2 452.5 1248
SSACC R,4218972.0,
ESACC R,4218972.0,4218982 12 1010.1 472.5 1002.4 503.5 0.87 97
SFIX R,4218984.0,
EFIX R,4218984.0,4219572 590 979.3 528.9 1172
SSACC R,4219574.0,
SBLINK R,4219600.0,
EBLINK R,4219600.0,4219758 160
ESACC R,4219574.0,4219788 216 978.3 537.8 1005.1 420.9 3.25 658
SFIX R,4219790.0,
EFIX R,4219790.0,4219824 36 995.6 450.9 1361
SSACC R,4219826.0,
ESACC R,4219826.0,4219832 8 988.6 479.3 986.3 494.9 0.43 69
SFIX R,4219834.0,
EFIX R,4219834.0,4220224 392 983.3 523.4 1310
SSACC R,4220226.0,
ESACC R,4220226.0,4220310 86 990.4 521.1 259.0 553.5 18.82 318
SFIX R,4220312.0,
EFIX R,4220312.0,4220494 184 256.4 560.9 1272
SSACC R,4220496.0,
ESACC R,4220496.0,4220564 70 255.4 564.4 957.0 553.1 18.02 674
SFIX R,4220566.0,
EFIX R,4220566.0,4220860 296 946.9 553.4 1268
SSACC R,4220862.0,
ESACC R,4220862.0,4220886 26 947.2 552.3 967.2 535.6 0.71 110
SFIX R,4220888.0,
EFIX R,4220888.0,4221030 144 968.4 533.9 1196
SSACC R,4221032.0,
SBLINK R,4221084.0,
EBLINK R,4221084.0,4221206 124
ESACC R,4221032.0,4221272 242 966.6 542.3 985.8 481.7 1.72 1995
SFIX R,4221274.0,
EFIX R,4221274.0,4221782 510 965.2 543.8 1464
SSACC R,4221784.0,
SBLINK R,4221824.0,
EBLINK R,4221824.0,4221984 162
ESACC R,4221784.0,4222014 232 959.3 557.0 955.5 490.9 1.79 676
SFIX R,4222016.0,
EFIX R,4222016.0,4222042 28 950.7 516.6 1446
SSACC R,4222044.0,
ESACC R,4222044.0,4222052 10 944.0 540.0 936.1 559.0 0.56 68
SFIX R,4222054.0,
EFIX R,4222054.0,4222514 462 936.7 571.2 1394
SSACC R,4222516.0,
SBLINK R,4222572.0,
EBLINK R,4222572.0,4222698 128
ESACC R,4222516.0,4222774 260 961.6 568.0 971.4 535.0 0.93 3270
SFIX R,4222776.0,
EFIX R,4222776.0,4223014 240 951.9 578.7 1343
SSACC R,4223016.0,
SBLINK R,4223046.0,
EBLINK R,4223046.0,4223218 174
ESACC R,4223016.0,4223284 270 954.9 576.9 940.0 519.7 1.60 454
SFIX R,4223286.0,
EFIX R,4223286.0,4223440 156 926.6 563.9 1342
SSACC R,4223442.0,
ESACC R,4223442.0,4223462 22 929.4 564.3 977.2 530.2 1.59 140
SFIX R,4223464.0,
EFIX R,4223464.0,4223758 296 976.1 542.1 1419
SSACC R,4223760.0,
SBLINK R,4223812.0,
EBLINK R,4223812.0,4223952 142
ESACC R,4223760.0,4224000 242 976.9 553.7 1006.5 450.9 2.90 1794
SFIX R,4224002.0,
EFIX R,4224002.0,4224460 460 972.8 532.6 1430
SSACC R,4224462.0,
SBLINK R,4224490.0,
EBLINK R,4224490.0,4224612 124
ESACC R,4224462.0,4224666 206 978.4 554.0 966.8 489.2 1.78 753
SFIX R,4224668.0,
EFIX R,4224668.0,4225432 766 968.6 543.6 1483
SSACC R,4225434.0,
SBLINK R,4225470.0,
EBLINK R,4225470.0,4225640 172
ESACC R,4225434.0,4225718 286 975.8 565.0 841.5 515.6 3.87 421
SFIX R,4225720.0,
EFIX R,4225720.0,4225824 106 845.7 551.9 1617
SSACC R,4225826.0,
ESACC R,4225826.0,4225850 26 854.3 559.9 960.3 539.9 2.92 235
SFIX R,4225852.0,
EFIX R,4225852.0,4226160 310 948.9 553.5 1550
SSACC R,4226162.0,
ESACC R,4226162.0,4226178 18 945.3 546.7 981.1 540.9 0.98 90
SFIX R,4226180.0,
EFIX R,4226180.0,4226418 240 967.3 545.3 1373
SSACC R,4226420.0,
ESACC R,4226420.0,4226578 160 967.6 541.1 1796.7 637.8 20.98 269
SFIX R,4226580.0,
EFIX R,4226580.0,4226656 78 1785.5 644.5 1114
SSACC R,4226658.0,
SBLINK R,4226704.0,
EBLINK R,4226704.0,4226842 140
ESACC R,4226658.0,4226898 242 1772.2 652.7 948.1 502.6 21.15 3270
SFIX R,4226900.0,
EFIX R,4226900.0,4227116 218 939.6 556.5 1193
SSACC R,4227118.0,
ESACC R,4227118.0,4227146 30 951.8 559.3 968.9 540.6 0.69 152
SFIX R,4227148.0,
EFIX R,4227148.0,4227488 342 975.2 541.0 1187
SSACC R,4227490.0,
SBLINK R,4227526.0,
EBLINK R,4227526.0,4227680 156
ESACC R,4227490.0,4227732 244 974.5 553.0 993.9 433.7 3.27 556
SFIX R,4227734.0,
EFIX R,4227734.0,4228246 514 977.4 537.3 1207
SSACC R,4228248.0,
ESACC R,4228248.0,4228300 54 972.3 551.6 750.2 480.9 6.29 288
SFIX R,4228302.0,
EFIX R,4228302.0,4228366 66 757.6 486.9 1239
SSACC R,4228368.0,
SBLINK R,4228400.0,
EBLINK R,4228400.0,4228530 132
ESACC R,4228368.0,4228602 236 757.4 493.1 971.3 553.8 6.00 1780
SFIX R,4228604.0,
EFIX R,4228604.0,4228912 310 978.0 574.8 1268
SSACC R,4228914.0,
ESACC R,4228914.0,4228934 22 990.9 580.4 954.6 543.9 1.40 134
SFIX R,4228936.0,
EFIX R,4228936.0,4229798 864 947.6 551.0 1192
SSACC R,4229800.0,
ESACC R,4229800.0,4229828 30 945.1 557.9 1000.6 541.3 1.57 204
SFIX R,4229830.0,
EFIX R,4229830.0,4230042 214 1004.0 539.7 1222
SSACC R,4230044.0,
SBLINK R,4230084.0,
EBLINK R,4230084.0,4230220 138
ESACC R,4230044.0,4230300 258 1005.9 541.4 974.6 501.9 1.37 3270
SFIX R,4230302.0,
EFIX R,4230302.0,4231660 1360 954.7 566.1 1229
SSACC R,4231662.0,
SBLINK R,4231690.0,
EBLINK R,4231690.0,4231786 98
ESACC R,4231662.0,4231846 186 958.7 565.7 986.7 516.0 1.55 746
SFIX R,4231848.0,
EFIX R,4231848.0,4233194 1348 973.1 566.6 1153
SSACC R,4233196.0,
SBLINK R,4233228.0,
EBLINK R,4233228.0,4233288 62
ESACC R,4233196.0,4233320 126 976.1 575.7 980.2 478.9 2.63 1084
SFIX R,4233322.0,
EFIX R,4233322.0,4235120 1800 944.4 553.3 1138
SSACC R,4235122.0,
ESACC R,4235122.0,4235156 36 932.9 557.3 1009.2 555.9 2.07 157
SFIX R,4235158.0,
EFIX R,4235158.0,4235298 142 1000.0 556.3 1116
SSACC R,4235300.0,
SBLINK R,4235332.0,
EBLINK R,4235332.0,4235406 76
ESACC R,4235300.0,4235422 124 996.3 557.6 982.6 470.9 2.38 711
SFIX R,4235424.0,
EFIX R,4235424.0,4237966 2544 940.2 555.1 1116
SSACC R,4237968.0,
ESACC R,4237968.0,4237978 12 926.0 528.4 943.3 530.2 0.47 47
SFIX R,4237980.0,
EFIX R,4237980.0,4238170 192 941.2 536.4 1030
SSACC R,4238172.0,
SBLINK R,4238206.0,
EBLINK R,4238206.0,4238332 128
ESACC R,4238172.0,4238374 204 939.4 551.0 982.5 477.1 2.32 3270
SFIX R,4238376.0,
EFIX R,4238376.0,4238396 22 977.6 480.6 1059
SSACC R,4238398.0,
ESACC R,4238398.0,4238408 12 969.5 497.3 957.5 529.8 0.94 100
SFIX R,4238410.0,
EFIX R,4238410.0,4239438 1030 951.5 528.3 933
SSACC R,4239440.0,
SBLINK R,4239468.0,
EBLINK R,4239468.0,4239622 156
ESACC R,4239440.0,4239632 194 943.8 553.0 970.9 459.1 2.65 439
SFIX R,4239634.0,
EFIX R,4239634.0,4239658 26 967.5 471.7 1058
SSACC R,4239660.0,
ESACC R,4239660.0,4239664 6 955.3 500.7 950.6 511.1 0.31 74
SFIX R,4239666.0,
EFIX R,4239666.0,4240940 1276 931.6 543.5 1015
SSACC R,4240942.0,
ESACC R,4240942.0,4240962 22 920.6 552.8 987.7 534.1 1.89 165
SFIX R,4240964.0,
EFIX R,4240964.0,4241176 214 973.3 532.1 1057
SSACC R,4241178.0,
ESACC R,4241178.0,4241198 22 969.6 534.8 917.7 543.5 1.43 128
SFIX R,4241200.0,
EFIX R,4241200.0,4241642 444 929.8 552.6 1081
SSACC R,4241644.0,
ESACC R,4241644.0,4241652 10 925.6 559.0 909.0 562.4 0.46 62
SFIX R,4241654.0,
EFIX R,4241654.0,4241832 180 906.4 562.7 1104
SSACC R,4241834.0,
SBLINK R,4241864.0,
EBLINK R,4241864.0,4241990 128
ESACC R,4241834.0,4242028 196 904.0 564.0 962.1 498.2 2.38 610
SFIX R,4242030.0,
EFIX R,4242030.0,4242064 36 950.8 507.2 1207
SSACC R,4242066.0,
ESACC R,4242066.0,4242078 14 938.7 521.8 929.7 551.9 0.85 76
SFIX R,4242080.0,
EFIX R,4242080.0,4242456 378 925.3 568.6 1141
SSACC R,4242458.0,
SBLINK R,4242490.0,
EBLINK R,4242490.0,4242630 142
ESACC R,4242458.0,4242696 240 923.2 574.4 955.7 525.1 1.60 678
SFIX R,4242698.0,
EFIX R,4242698.0,4243044 348 933.1 558.0 1071
SSACC R,4243046.0,
ESACC R,4243046.0,4243064 20 927.3 553.9 971.1 537.7 1.27 91
SFIX R,4243066.0,
EFIX R,4243066.0,4243212 148 961.3 542.9 1050
SSACC R,4243214.0,
SBLINK R,4243246.0,
EBLINK R,4243246.0,4243404 160
ESACC R,4243214.0,4243452 240 962.0 552.9 977.5 451.9 2.77 516
SFIX R,4243454.0,
EFIX R,4243454.0,4243640 188 951.9 520.0 1091
SSACC R,4243642.0,
ESACC R,4243642.0,4243658 18 941.6 537.2 984.3 538.4 1.16 97
SFIX R,4243660.0,
EFIX R,4243660.0,4244192 534 962.7 535.6 1087
SSACC R,4244194.0,
SBLINK R,4244234.0,
EBLINK R,4244234.0,4244446 214
ESACC R,4244194.0,4244484 292 948.3 539.8 975.6 464.2 2.18 3270
SFIX R,4244486.0,
EFIX R,4244486.0,4244684 200 945.5 529.1 1096
SSACC R,4244686.0,
ESACC R,4244686.0,4244698 14 937.2 535.8 961.8 528.0 0.70 58
SFIX R,4244700.0,
EFIX R,4244700.0,4245228 530 962.6 532.1 1002
SSACC R,4245230.0,
SBLINK R,4245274.0,
EBLINK R,4245274.0,4245606 334
ESACC R,4245230.0,4245634 406 958.3 550.2 945.6 578.2 0.83 159
SFIX R,4245636.0,
EFIX R,4245636.0,4245936 302 965.3 606.4 965
SSACC R,4245938.0,
ESACC R,4245938.0,4245956 20 977.5 595.9 1001.4 552.4 1.35 131
SFIX R,4245958.0,
EFIX R,4245958.0,4246374 418 971.7 548.7 1003
SSACC R,4246376.0,
SBLINK R,4246410.0,
EBLINK R,4246410.0,4246552 144
ESACC R,4246376.0,4246602 228 964.1 553.4 1005.1 447.1 3.09 449
SFIX R,4246604.0,
EFIX R,4246604.0,4247210 608 965.5 551.1 1205
SSACC R,4247212.0,
SBLINK R,4247248.0,
EBLINK R,4247248.0,4247452 206
ESACC R,4247212.0,4247504 294 955.0 574.1 1021.6 525.1 2.24 454
SFIX R,4247506.0,
EFIX R,4247506.0,4247590 86 1015.2 565.0 1252
SSACC R,4247592.0,
ESACC R,4247592.0,4247602 12 1009.9 591.1 1000.2 569.0 0.65 74
SFIX R,4247604.0,
EFIX R,4247604.0,4248442 840 966.2 554.9 1067
SSACC R,4248444.0,
SBLINK R,4248486.0,
EBLINK R,4248486.0,4248636 152
ESACC R,4248444.0,4248704 262 969.4 551.2 1000.1 457.1 2.68 1610
SFIX R,4248706.0,
EFIX R,4248706.0,4249170 466 978.9 542.6 1101
SSACC R,4249172.0,
SBLINK R,4249214.0,
EBLINK R,4249214.0,4249402 190
ESACC R,4249172.0,4249468 298 995.9 523.9 1000.6 442.6 2.21 2704
SFIX R,4249470.0,
EFIX R,4249470.0,4249930 462 959.6 537.7 1122
SSACC R,4249932.0,
ESACC R,4249932.0,4249940 10 936.0 559.5 948.2 549.9 0.42 53
SFIX R,4249942.0,
EFIX R,4249942.0,4250272 332 945.3 542.9 937
SSACC R,4250274.0,
ESACC R,4250274.0,4250288 16 950.6 535.2 984.3 525.7 0.95 84
SFIX R,4250290.0,
EFIX R,4250290.0,4250486 198 989.3 521.0 978
SSACC R,4250488.0,
ESACC R,4250488.0,4250504 18 990.9 523.8 953.4 521.0 1.02 96
SFIX R,4250506.0,
EFIX R,4250506.0,4250816 312 964.3 529.2 1043
SSACC R,4250818.0,
ESACC R,4250818.0,4250832 16 970.2 532.8 1005.0 527.7 0.95 81
SFIX R,4250834.0,
EFIX R,4250834.0,4251382 550 995.4 543.1 1163
SSACC R,4251384.0,
ESACC R,4251384.0,4251398 16 989.6 554.3 962.9 536.5 0.87 78
SFIX R,4251400.0,
EFIX R,4251400.0,4252080 682 969.5 542.6 1129
SSACC R,4252082.0,
ESACC R,4252082.0,4252094 14 971.5 540.7 997.5 527.6 0.79 77
SFIX R,4252096.0,
EFIX R,4252096.0,4252146 52 1003.9 529.2 1134
SSACC R,4252148.0,
SBLINK R,4252200.0,
EBLINK R,4252200.0,4252362 164
ESACC R,4252148.0,4252432 286 1005.6 533.6 998.2 469.4 1.75 3148
SFIX R,4252434.0,
EFIX R,4252434.0,4253348 916 978.1 521.8 1126
SSACC R,4253350.0,
SBLINK R,4253424.0,
EBLINK R,4253424.0,4253620 198
ESACC R,4253350.0,4253688 340 980.5 532.3 957.0 458.1 2.11 1672
SFIX R,4253690.0,
EFIX R,4253690.0,4253998 310 936.0 510.1 1192
SSACC R,4254000.0,
ESACC R,4254000.0,4254016 18 944.6 510.8 988.9 524.4 1.26 100
SFIX R,4254018.0,
EFIX R,4254018.0,4255810 1794 986.8 539.2 1302
SSACC R,4255812.0,
SBLINK R,4255852.0,
EBLINK R,4255852.0,4255988 138
ESACC R,4255812.0,4256028 218 988.0 546.7 1027.5 438.6 3.12 528
SFIX R,4256030.0,
EFIX R,4256030.0,4256934 906 995.0 537.0 1478
SSACC R,4256936.0,
ESACC R,4256936.0,4256962 28 983.8 546.2 962.7 536.9 0.62 121
SFIX R,4256964.0,
EFIX R,4256964.0,4257550 588 976.1 538.7 1471
SSACC R,4257552.0,
SBLINK R,4257594.0,
EBLINK R,4257594.0,4257684 92
ESACC R,4257552.0,4257726 176 983.1 543.2 1025.5 447.7 2.83 540
SFIX R,4257728.0,
EFIX R,4257728.0,4258350 624 981.8 536.6 1593
SSACC R,4258352.0,
ESACC R,4258352.0,4258372 22 978.3 547.8 1042.9 537.5 1.77 155
SFIX R,4258374.0,
EFIX R,4258374.0,4258600 228 1032.9 535.7 1480
SSACC R,4258602.0,
ESACC R,4258602.0,4258624 24 1031.6 527.9 988.3 533.8 1.18 137
SFIX R,4258626.0,
EFIX R,4258626.0,4259028 404 995.9 528.3 1592
SSACC R,4259030.0,
SBLINK R,4259070.0,
EBLINK R,4259070.0,4259194 126
ESACC R,4259030.0,4259244 216 990.6 533.2 1007.4 415.4 3.22 1384
SFIX R,4259246.0,
EFIX R,4259246.0,4259472 228 986.4 501.5 1557
SSACC R,4259474.0,
ESACC R,4259474.0,4259548 76 983.1 520.7 1497.7 710.9 14.41 326
SFIX R,4259550.0,
EFIX R,4259550.0,4259648 100 1477.5 709.0 1566
SSACC R,4259650.0,
ESACC R,4259650.0,4259696 48 1467.8 701.4 994.0 576.6 12.90 533
SFIX R,4259698.0,
EFIX R,4259698.0,4259944 248 993.5 572.8 1507
SSACC R,4259946.0,
ESACC R,4259946.0,4259972 28 987.6 576.3 971.6 553.0 0.77 125
SFIX R,4259974.0,
EFIX R,4259974.0,4260660 688 967.8 541.9 1368
SSACC R,4260662.0,
ESACC R,4260662.0,4260678 18 965.2 534.8 1011.8 525.8 1.29 111
SFIX R,4260680.0,
EFIX R,4260680.0,4260886 208 998.1 530.7 1466
SSACC R,4260888.0,
ESACC R,4260888.0,4260916 30 996.0 530.7 968.9 526.7 0.74 134
SFIX R,4260918.0,
EFIX R,4260918.0,4261846 930 971.0 528.0 1530
SSACC R,4261848.0,
ESACC R,4261848.0,4261860 14 980.1 528.7 1010.2 522.8 0.83 81
SFIX R,4261862.0,
EFIX R,4261862.0,4262006 146 1019.1 527.8 1516
SSACC R,4262008.0,
ESACC R,4262008.0,4262028 22 1016.8 532.1 976.4 527.4 1.10 111
SFIX R,4262030.0,
EFIX R,4262030.0,4262058 30 984.7 522.8 1526
SSACC R,4262060.0,
SBLINK R,4262084.0,
EBLINK R,4262084.0,4262186 104
ESACC R,4262060.0,4262240 182 984.7 525.7 1002.0 507.2 0.69 795
SFIX R,4262242.0,
EFIX R,4262242.0,4262830 590 967.3 545.8 1394
SSACC R,4262832.0,
ESACC R,4262832.0,4262854 24 957.3 550.6 1026.7 525.8 2.00 165
SFIX R,4262856.0,
EFIX R,4262856.0,4263062 208 1014.8 529.0 1262
SSACC R,4263064.0,
ESACC R,4263064.0,4263078 16 1014.4 526.0 970.2 524.6 1.20 107
SFIX R,4263080.0,
EFIX R,4263080.0,4263670 592 972.1 530.9 1385
SSACC R,4263672.0,
SBLINK R,4263718.0,
EBLINK R,4263718.0,4263864 148
ESACC R,4263672.0,4263916 246 979.1 533.8 1019.4 446.7 2.60 600
SFIX R,4263918.0,
EFIX R,4263918.0,4264552 636 983.9 533.3 1381
SSACC R,4264554.0,
ESACC R,4264554.0,4264586 34 974.9 546.6 1055.4 548.1 2.18 109
SFIX R,4264588.0,
EFIX R,4264588.0,4264798 212 1045.7 542.1 1247
SSACC R,4264800.0,
ESACC R,4264800.0,4264818 20 1045.7 545.9 976.7 540.4 1.88 154
SFIX R,4264820.0,
EFIX R,4264820.0,4265150 332 986.8 540.6 1256
SSACC R,4265152.0,
SBLINK R,4265192.0,
EBLINK R,4265192.0,4265352 162
ESACC R,4265152.0,4265388 238 991.9 546.6 1024.8 450.3 2.76 572
SFIX R,4265390.0,
EFIX R,4265390.0,4265426 38 1021.5 475.1 1417
SSACC R,4265428.0,
ESACC R,4265428.0,4265440 14 1013.6 498.2 1004.1 521.3 0.68 66
SFIX R,4265442.0,
EFIX R,4265442.0,4266404 964 979.9 543.7 1256
SSACC R,4266406.0,
ESACC R,4266406.0,4266426 22 967.7 541.5 1021.5 531.4 1.48 116
SFIX R,4266428.0,
EFIX R,4266428.0,4266582 156 1033.3 526.6 1199
SSACC R,4266584.0,
ESACC R,4266584.0,4266604 22 1033.0 531.1 958.4 525.4 2.03 175
SFIX R,4266606.0,
EFIX R,4266606.0,4266704 100 969.2 530.4 1197
SSACC R,4266706.0,
SBLINK R,4266746.0,
EBLINK R,4266746.0,4266904 160
ESACC R,4266706.0,4266954 250 972.4 544.3 1005.2 448.2 2.75 466
SFIX R,4266956.0,
EFIX R,4266956.0,4266984 30 1002.9 468.4 1315
SSACC R,4266986.0,
ESACC R,4266986.0,4266992 8 1002.7 488.6 999.8 502.3 0.38 62
SFIX R,4266994.0,
EFIX R,4266994.0,4267724 732 983.1 536.8 1205
SSACC R,4267726.0,
ESACC R,4267726.0,4267758 34 973.9 534.4 1053.1 520.0 2.18 138
SFIX R,4267760.0,
EFIX R,4267760.0,4268082 324 1045.5 524.9 1163
SSACC R,4268084.0,
ESACC R,4268084.0,4268104 22 1050.2 528.9 981.0 519.2 1.89 186
SFIX R,4268106.0,
EFIX R,4268106.0,4268378 274 994.5 522.2 1234
SSACC R,4268380.0,
SBLINK R,4268414.0,
EBLINK R,4268414.0,4268564 152
ESACC R,4268380.0,4268610 232 995.2 532.3 1011.5 463.2 1.92 579
SFIX R,4268612.0,
EFIX R,4268612.0,4269762 1152 983.1 566.6 1352
SSACC R,4269764.0,
ESACC R,4269764.0,4269770 8 975.4 566.4 985.7 562.8 0.30 46
SFIX R,4269772.0,
EFIX R,4269772.0,4270956 1186 975.3 550.9 1230
SSACC R,4270958.0,
ESACC R,4270958.0,4270968 12 970.9 540.1 980.9 522.6 0.55 55
SFIX R,4270970.0,
EFIX R,4270970.0,4272896 1928 971.3 540.5 1215
SSACC R,4272898.0,
ESACC R,4272898.0,4272902 6 961.8 542.3 969.0 540.6 0.20 42
SFIX R,4272904.0,
EFIX R,4272904.0,4273678 776 974.6 535.0 1037
SSACC R,4273680.0,
ESACC R,4273680.0,4273692 14 973.3 529.0 948.9 524.4 0.67 68
SFIX R,4273694.0,
EFIX R,4273694.0,4273918 226 956.8 527.2 1005
SSACC R,4273920.0,
ESACC R,4273920.0,4273934 16 957.7 526.7 991.5 508.0 1.05 86
SFIX R,4273936.0,
EFIX R,4273936.0,4274862 928 976.2 512.0 1085
SSACC R,4274864.0,
SBLINK R,4274900.0,
EBLINK R,4274900.0,4275064 166
ESACC R,4274864.0,4275096 234 971.7 518.1 1019.8 434.0 2.62 610
SFIX R,4275098.0,
EFIX R,4275098.0,4275920 824 982.0 524.8 1107
SSACC R,4275922.0,
ESACC R,4275922.0,4275940 20 963.4 533.1 931.4 532.3 0.87 52
SFIX R,4275942.0,
EFIX R,4275942.0,4276082 142 941.6 534.7 990
SSACC R,4276084.0,
ESACC R,4276084.0,4276096 14 948.4 535.0 970.1 537.3 0.59 54
SFIX R,4276098.0,
EFIX R,4276098.0,4276354 258 971.6 535.9 1014
SSACC R,4276356.0,
SBLINK R,4276398.0,
EBLINK R,4276398.0,4276588 192
ESACC R,4276356.0,4276644 290 976.4 548.3 1011.0 458.8 2.60 965
SFIX R,4276646.0,
EFIX R,4276646.0,4276670 26 1009.6 469.0 1101
SSACC R,4276672.0,
ESACC R,4276672.0,4276686 16 1007.4 484.0 998.8 510.8 0.76 64
SFIX R,4276688.0,
EFIX R,4276688.0,4276856 170 982.6 547.6 1004
SSACC R,4276858.0,
ESACC R,4276858.0,4276866 10 986.2 550.5 1002.1 543.7 0.47 56
SFIX R,4276868.0,
EFIX R,4276868.0,4277236 370 1006.5 545.6 976
SSACC R,4277238.0,
ESACC R,4277238.0,4277256 20 1008.1 550.1 952.5 534.8 1.56 150
SFIX R,4277258.0,
EFIX R,4277258.0,4277608 352 948.7 542.0 917
SSACC R,4277610.0,
SBLINK R,4277658.0,
EBLINK R,4277658.0,4277776 120
ESACC R,4277610.0,4277826 218 947.2 556.6 1006.5 452.1 3.26 1512
SFIX R,4277828.0,
EFIX R,4277828.0,4277858 32 999.7 475.0 1103
SSACC R,4277860.0,
ESACC R,4277860.0,4277866 8 991.7 500.0 991.3 514.5 0.39 68
SFIX R,4277868.0,
EFIX R,4277868.0,4278254 388 984.5 558.7 1022
SSACC R,4278256.0,
ESACC R,4278256.0,4278270 16 972.9 577.6 997.4 562.6 0.78 76
SFIX R,4278272.0,
EFIX R,4278272.0,4278930 660 997.1 549.7 977
SSACC R,4278932.0,
SBLINK R,4278956.0,
EBLINK R,4278956.0,4279116 162
ESACC R,4278932.0,4279168 238 988.0 553.4 1046.8 468.3 2.80 509
SFIX R,4279170.0,
EFIX R,4279170.0,4279468 300 1020.0 560.7 1268
SSACC R,4279470.0,
ESACC R,4279470.0,4279484 16 1011.2 573.2 997.1 540.3 0.97 98
SFIX R,4279486.0,
EFIX R,4279486.0,4279988 504 985.4 538.5 1148
SSACC R,4279990.0,
ESACC R,4279990.0,4280004 16 982.6 536.9 1026.3 539.0 1.19 112
SFIX R,4280006.0,
EFIX R,4280006.0,4280510 506 1028.5 545.4 1192
SSACC R,4280512.0,
ESACC R,4280512.0,4280542 32 1027.2 549.7 988.7 524.1 1.25 168
SFIX R,4280544.0,
EFIX R,4280544.0,4280756 214 984.3 529.5 1268
SSACC R,4280758.0,
SBLINK R,4280794.0,
EBLINK R,4280794.0,4280906 114
ESACC R,4280758.0,4280940 184 990.8 528.5 1034.5 456.3 2.29 938
SFIX R,4280942.0,
EFIX R,4280942.0,4280970 30 1031.0 455.9 1427
SSACC R,4280972.0,
ESACC R,4280972.0,4280988 18 1026.7 464.8 1014.7 494.2 0.86 58
SFIX R,4280990.0,
EFIX R,4280990.0,4282420 1432 1000.0 557.6 1325
SSACC R,4282422.0,
ESACC R,4282422.0,4282432 12 987.9 583.9 974.4 569.1 0.54 56
SFIX R,4282434.0,
EFIX R,4282434.0,4282846 414 970.3 566.6 1183
SSACC R,4282848.0,
ESACC R,4282848.0,4282864 18 970.9 568.5 1016.3 567.9 1.23 97
SFIX R,4282866.0,
EFIX R,4282866.0,4283452 588 1004.8 570.7 1226
SSACC R,4283454.0,
ESACC R,4283454.0,4283474 22 996.5 575.7 921.4 558.4 2.09 208
SFIX R,4283476.0,
EFIX R,4283476.0,4283860 386 932.3 555.8 1237
SSACC R,4283862.0,
ESACC R,4283862.0,4283878 18 940.1 556.2 981.4 556.9 1.12 100
SFIX R,4283880.0,
EFIX R,4283880.0,4286158 2280 973.9 569.8 1223
SSACC R,4286160.0,
ESACC R,4286160.0,4286180 22 986.1 565.6 1027.6 556.4 1.15 114
SFIX R,4286182.0,
EFIX R,4286182.0,4286668 488 997.4 562.0 1125
SSACC R,4286670.0,
ESACC R,4286670.0,4286760 92 992.7 569.9 1562.2 840.1 16.40 274
SFIX R,4286762.0,
EFIX R,4286762.0,4286898 138 1548.5 834.8 1157
SSACC R,4286900.0,
ESACC R,4286900.0,4286958 60 1533.5 831.7 976.5 604.9 15.69 505
SFIX R,4286960.0,
EFIX R,4286960.0,4287214 256 987.2 600.0 1100
SSACC R,4287216.0,
ESACC R,4287216.0,4287238 24 989.1 599.7 973.4 541.3 1.64 168
SFIX R,4287240.0,
EFIX R,4287240.0,4287788 550 970.6 546.2 1188
SSACC R,4287790.0,
ESACC R,4287790.0,4287860 72 970.1 544.4 1552.5 699.9 15.72 383
SFIX R,4287862.0,
EFIX R,4287862.0,4288164 304 1532.4 691.3 1280
SSACC R,4288166.0,
ESACC R,4288166.0,4288228 64 1526.2 687.4 932.4 546.9 15.97 586
SFIX R,4288230.0,
EFIX R,4288230.0,4288716 488 929.2 557.0 1284
SSACC R,4288718.0,
ESACC R,4288718.0,4288738 22 930.4 565.0 999.4 553.6 1.90 185
SFIX R,4288740.0,
EFIX R,4288740.0,4289564 826 996.7 558.4 1396
SSACC R,4289566.0,
ESACC R,4289566.0,4289662 98 993.8 560.4 1719.8 1218.1 24.50 450
SFIX R,4289664.0,
EFIX R,4289664.0,4289822 160 1702.2 1211.2 1364
SSACC R,4289824.0,
ESACC R,4289824.0,4289910 88 1699.6 1204.3 1068.5 649.7 21.06 438
SFIX R,4289912.0,
EFIX R,4289912.0,4290082 172 1054.6 648.5 1458
SSACC R,4290084.0,
ESACC R,4290084.0,4290122 40 1051.2 652.6 962.9 556.4 3.53 351
SFIX R,4290124.0,
EFIX R,4290124.0,4290490 368 971.5 564.8 1336
SSACC R,4290492.0,
ESACC R,4290492.0,4290510 20 971.3 571.0 951.6 559.8 0.61 78
SFIX R,4290512.0,
EFIX R,4290512.0,4291498 988 952.7 563.6 1444
SSACC R,4291500.0,
ESACC R,4291500.0,4291618 120 943.9 563.3 104.7 1407.1 28.90 427
SFIX R,4291620.0,
EFIX R,4291620.0,4291758 140 103.1 1400.6 1388
SSACC R,4291760.0,
ESACC R,4291760.0,4291890 132 102.9 1392.0 965.0 534.7 29.56 717
SFIX R,4291892.0,
EFIX R,4291892.0,4292362 472 953.5 564.5 1288
SSACC R,4292364.0,
ESACC R,4292364.0,4292380 18 955.5 566.6 937.7 544.3 0.77 76
SFIX R,4292382.0,
EFIX R,4292382.0,4292940 560 947.6 554.3 1412
SSACC R,4292942.0,
ESACC R,4292942.0,4293010 70 951.6 559.4 1372.2 657.6 11.49 267
SFIX R,4293012.0,
EFIX R,4293012.0,4294718 1708 1342.8 650.7 1339
SSACC R,4294720.0,
ESACC R,4294720.0,4294780 62 1328.7 644.5 956.7 560.7 10.19 433
SFIX R,4294782.0,
EFIX R,4294782.0,4295304 524 945.6 554.0 1355
SSACC R,4295306.0,
ESACC R,4295306.0,4295372 68 946.9 555.5 1138.4 990.3 12.59 354
SFIX R,4295374.0,
EFIX R,4295374.0,4295482 110 1122.6 983.6 1404
SSACC R,4295484.0,
ESACC R,4295484.0,4295544 62 1119.3 981.7 967.7 595.7 11.00 388
SFIX R,4295546.0,
EFIX R,4295546.0,4295718 174 967.3 597.6 1367
SSACC R,4295720.0,
ESACC R,4295720.0,4295742 24 969.4 594.9 936.9 541.5 1.69 173
SFIX R,4295744.0,
EFIX R,4295744.0,4296306 564 941.0 551.2 1397
SSACC R,4296308.0,
ESACC R,4296308.0,4296380 74 944.6 555.0 1314.9 642.7 10.17 290
SFIX R,4296382.0,
EFIX R,4296382.0,4298506 2126 1291.5 659.7 1462
SSACC R,4298508.0,
ESACC R,4298508.0,4298566 60 1276.7 650.9 953.4 596.0 8.79 354
SFIX R,4298568.0,
EFIX R,4298568.0,4298776 210 964.0 600.0 1466
SSACC R,4298778.0,
ESACC R,4298778.0,4298806 30 966.5 601.9 946.6 563.4 1.17 144
SFIX R,4298808.0,
EFIX R,4298808.0,4299542 736 947.7 563.7 1389
SSACC R,4299544.0,
ESACC R,4299544.0,4299820 278 951.7 571.7 945.5 595.6 0.67 988
SFIX R,4299822.0,
EFIX R,4299822.0,4301900 2080 952.6 579.6 1338
SSACC R,4301902.0,
ESACC R,4301902.0,4301914 14 966.9 582.4 991.9 562.4 0.87 84
SFIX R,4301916.0,
EFIX R,4301916.0,4302134 220 990.7 559.2 1325
SSACC R,4302136.0,
ESACC R,4302136.0,4302156 22 989.1 558.0 939.5 559.5 1.34 136
SFIX R,4302158.0,
EFIX R,4302158.0,4302342 186 941.6 563.7 1317
SSACC R,4302344.0,
ESACC R,4302344.0,4302360 18 937.0 565.2 978.0 562.5 1.11 100
SFIX R,4302362.0,
EFIX R,4302362.0,4304300 1940 956.4 561.9 1193
SSACC R,4304302.0,
ESACC R,4304302.0,4304306 6 960.3 554.9 960.5 550.7 0.11 41
SFIX R,4304308.0,
EFIX R,4304308.0,4304834 528 954.7 542.6 998
SSACC R,4304836.0,
ESACC R,4304836.0,4304850 16 943.8 542.0 974.7 542.9 0.84 70
SFIX R,4304852.0,
EFIX R,4304852.0,4305526 676 973.3 541.1 937
SSACC R,4305528.0,
ESACC R,4305528.0,4305544 18 969.0 541.3 931.0 529.0 1.08 93
SFIX R,4305546.0,
EFIX R,4305546.0,4305806 262 940.1 530.7 963
SSACC R,4305808.0,
ESACC R,4305808.0,4305822 16 944.1 533.8 974.8 531.8 0.83 71
SFIX R,4305824.0,
EFIX R,4305824.0,4306450 628 972.0 540.1 989
SSACC R,4306452.0,
ESACC R,4306452.0,4306458 8 975.1 536.2 962.7 532.2 0.35 50
SFIX R,4306460.0,
EFIX R,4306460.0,4309164 2706 969.4 542.0 942
SSACC R,4309166.0,
ESACC R,4309166.0,4309176 12 970.6 562.6 988.8 547.8 0.64 68
SFIX R,4309178.0,
EFIX R,4309178.0,4311704 2528 960.8 562.1 1179
SSACC R,4311706.0,
ESACC R,4311706.0,4311714 10 952.2 563.6 963.7 554.0 0.41 49
SFIX R,4311716.0,
EFIX R,4311716.0,4313348 1634 964.8 555.0 1197
SSACC R,4313350.0,
ESACC R,4313350.0,4313354 6 947.9 565.4 954.8 562.2 0.21 48
SFIX R,4313356.0,
EFIX R,4313356.0,4314518 1164 960.6 559.6 1202
SSACC R,4314520.0,
ESACC R,4314520.0,4314536 18 974.1 566.3 1015.0 561.5 1.12 91
SFIX R,4314538.0,
EFIX R,4314538.0,4314740 204 1004.2 562.5 1186
SSACC R,4314742.0,
ESACC R,4314742.0,4314762 22 998.2 564.9 946.4 557.3 1.42 134
SFIX R,4314764.0,
EFIX R,4314764.0,4315330 568 955.0 561.9 1183
SSACC R,4315332.0,
ESACC R,4315332.0,4315342 12 963.5 566.8 987.1 563.0 0.65 68
SFIX R,4315344.0,
EFIX R,4315344.0,4315714 372 986.8 557.2 1123
SSACC R,4315716.0,
ESACC R,4315716.0,4315736 22 979.8 554.9 934.9 543.3 1.26 127
SFIX R,4315738.0,
EFIX R,4315738.0,4316074 338 941.4 543.1 1102
SSACC R,4316076.0,
ESACC R,4316076.0,4316086 12 945.0 543.3 969.1 546.9 0.66 70
SFIX R,4316088.0,
EFIX R,4316088.0,4317546 1460 967.4 550.4 1070
SSACC R,4317548.0,
ESACC R,4317548.0,4317560 14 969.0 554.1 998.1 553.6 0.79 74
SFIX R,4317562.0,
EFIX R,4317562.0,4318052 492 992.5 557.1 1069
SSACC R,4318054.0,
ESACC R,4318054.0,4318066 14 988.7 556.7 961.3 545.2 0.81 78
SFIX R,4318068.0,
EFIX R,4318068.0,4319294 1228 958.7 562.9 1146
SSACC R,4319296.0,
ESACC R,4319296.0,4319306 12 952.4 574.0 970.9 570.6 0.51 54
SFIX R,4319308.0,
EFIX R,4319308.0,4319528 222 974.6 572.0 1177
SSACC R,4319530.0,
ESACC R,4319530.0,4319550 22 978.4 572.2 945.7 565.1 0.91 106
SFIX R,4319552.0,
EFIX R,4319552.0,4320252 702 951.8 568.7 1148
SSACC R,4320254.0,
ESACC R,4320254.0,4320260 8 959.7 563.0 969.1 563.3 0.25 41
SFIX R,4320262.0,
EFIX R,4320262.0,4320850 590 970.9 556.0 1082
SSACC R,4320852.0,
ESACC R,4320852.0,4320860 10 973.2 552.2 987.5 555.1 0.40 48
SFIX R,4320862.0,
EFIX R,4320862.0,4321338 478 988.0 552.1 1040
SSACC R,4321340.0,
ESACC R,4321340.0,4321354 16 982.7 556.0 954.8 542.6 0.84 80
SFIX R,4321356.0,
EFIX R,4321356.0,4321956 602 963.3 550.7 1056
SSACC R,4321958.0,
ESACC R,4321958.0,4321964 8 965.7 560.9 977.2 558.8 0.32 53
SFIX R,4321966.0,
EFIX R,4321966.0,4322868 904 972.2 559.1 1166
SSACC R,4322870.0,
ESACC R,4322870.0,4322874 6 971.6 567.4 978.9 564.9 0.21 51
SFIX R,4322876.0,
EFIX R,4322876.0,4323832 958 979.6 570.0 1146
SSACC R,4323834.0,
ESACC R,4323834.0,4323844 12 982.2 563.7 961.0 555.5 0.62 65
SFIX R,4323846.0,
EFIX R,4323846.0,4324156 312 963.2 549.4 1008
SSACC R,4324158.0,
SBLINK R,4324192.0,
EBLINK R,4324192.0,4324360 170
ESACC R,4324158.0,4324370 214 962.6 564.5 982.0 443.7 3.32 3270
SFIX R,4324372.0,
EFIX R,4324372.0,4325324 954 960.4 532.7 881
SSACC R,4325326.0,
ESACC R,4325326.0,4325342 18 955.8 544.2 1004.9 536.9 1.35 120
SFIX R,4325344.0,
EFIX R,4325344.0,4326498 1156 991.2 550.1 1038
SSACC R,4326500.0,
ESACC R,4326500.0,4326522 24 982.0 562.4 928.5 554.4 1.47 152
SFIX R,4326524.0,
EFIX R,4326524.0,4327030 508 944.8 556.2 1093
SSACC R,4327032.0,
ESACC R,4327032.0,4327042 12 951.6 563.4 976.8 559.3 0.69 74
SFIX R,4327044.0,
EFIX R,4327044.0,4327530 488 976.2 557.3 1046
SSACC R,4327532.0,
ESACC R,4327532.0,4327574 44 980.0 555.0 1148.6 568.5 4.57 179
SFIX R,4327576.0,
EFIX R,4327576.0,4328316 742 1136.4 560.6 1049
SSACC R,4328318.0,
ESACC R,4328318.0,4328344 28 1136.4 564.1 967.0 555.7 4.58 327
SFIX R,4328346.0,
EFIX R,4328346.0,4329160 816 942.8 561.3 1137
SSACC R,4329162.0,
ESACC R,4329162.0,4329176 16 941.2 569.4 983.2 566.4 1.14 99
SFIX R,4329178.0,
EFIX R,4329178.0,4333272 4096 978.0 569.1 1154
SSACC R,4333274.0,
ESACC R,4333274.0,4333296 24 964.5 572.5 1013.9 565.7 1.35 143
SFIX R,4333298.0,
EFIX R,4333298.0,4333506 210 998.9 569.3 1202
SSACC R,4333508.0,
ESACC R,4333508.0,4333536 30 1001.0 569.7 968.8 560.1 0.91 159
SFIX R,4333538.0,
EFIX R,4333538.0,4337436 3900 963.3 569.9 1213
SSACC R,4337438.0,
ESACC R,4337438.0,4337452 16 958.0 571.2 991.5 576.3 0.92 87
SFIX R,4337454.0,
EFIX R,4337454.0,4337652 200 978.9 572.6 1107
SSACC R,4337654.0,
ESACC R,4337654.0,4337674 22 979.2 567.8 954.0 559.3 0.72 105
SFIX R,4337676.0,
EFIX R,4337676.0,4339058 1384 961.9 560.2 1169
SSACC R,4339060.0,
ESACC R,4339060.0,4339078 20 959.8 558.6 1014.0 566.9 1.49 139
SFIX R,4339080.0,
EFIX R,4339080.0,4339380 302 1008.7 565.6 1251
SSACC R,4339382.0,
ESACC R,4339382.0,4339410 30 1009.0 564.9 972.9 567.7 0.98 170
SFIX R,4339412.0,
EFIX R,4339412.0,4346138 6728 982.4 583.3 1292
SSACC R,4346140.0,
ESACC R,4346140.0,4346150 12 992.2 575.0 1014.1 577.4 0.60 63
SFIX R,4346152.0,
EFIX R,4346152.0,4346858 708 1006.5 571.2 1059
SSACC R,4346860.0,
ESACC R,4346860.0,4346872 14 984.9 558.3 959.1 556.1 0.70 67
SFIX R,4346874.0,
EFIX R,4346874.0,4347128 256 955.2 554.3 1008
SSACC R,4347130.0,
ESACC R,4347130.0,4347138 10 958.2 550.2 974.4 551.4 0.44 56
SFIX R,4347140.0,
EFIX R,4347140.0,4347308 170 978.4 550.5 967
SSACC R,4347310.0,
SBLINK R,4347338.0,
EBLINK R,4347338.0,4347470 134
ESACC R,4347310.0,4347510 202 979.5 555.1 1046.1 502.7 2.30 398
SFIX R,4347512.0,
EFIX R,4347512.0,4353404 5894 1015.2 581.2 1134
SSACC R,4353406.0,
ESACC R,4353406.0,4353418 14 992.6 596.6 1024.5 596.1 0.86 89
SFIX R,4353420.0,
EFIX R,4353420.0,4353610 192 1011.9 595.9 1250
SSACC R,4353612.0,
ESACC R,4353612.0,4353628 18 994.9 595.4 950.2 573.0 1.35 122
SFIX R,4353630.0,
EFIX R,4353630.0,4353970 342 943.1 576.0 1194
SSACC R,4353972.0,
ESACC R,4353972.0,4353982 12 945.6 578.2 972.7 575.4 0.74 78
SFIX R,4353984.0,
EFIX R,4353984.0,4354162 180 982.3 581.5 1122
SSACC R,4354164.0,
ESACC R,4354164.0,4354182 20 986.4 577.9 956.8 572.8 0.81 49
SFIX R,4354184.0,
EFIX R,4354184.0,4354408 226 950.6 572.8 1140
SSACC R,4354410.0,
ESACC R,4354410.0,4354418 10 944.0 572.8 958.9 571.9 0.40 50
SFIX R,4354420.0,
EFIX R,4354420.0,4354832 414 961.9 565.7 1192
SSACC R,4354834.0,
SBLINK R,4354858.0,
EBLINK R,4354858.0,4354950 94
ESACC R,4354834.0,4355002 170 959.8 568.7 978.3 532.8 1.09 546
SFIX R,4355004.0,
EFIX R,4355004.0,4355630 628 959.2 559.0 1096
SSACC R,4355632.0,
SBLINK R,4355652.0,
EBLINK R,4355652.0,4355850 200
ESACC R,4355632.0,4355886 256 959.4 556.6 967.7 467.4 2.43 446
SFIX R,4355888.0,
EFIX R,4355888.0,4359016 3130 975.0 588.6 1111
SSACC R,4359018.0,
ESACC R,4359018.0,4359050 34 967.1 587.9 1029.6 547.7 2.01 123
SFIX R,4359052.0,
EFIX R,4359052.0,4360002 952 975.4 552.4 1069
SSACC R,4360004.0,
SBLINK R,4360038.0,
EBLINK R,4360038.0,4360176 140
ESACC R,4360004.0,4360234 232 973.7 558.7 974.4 541.0 0.48 466
SFIX R,4360236.0,
EFIX R,4360236.0,4360998 764 983.2 569.2 1089
SSACC R,4361000.0,
ESACC R,4361000.0,4361018 20 996.2 569.1 1053.7 554.1 1.61 128
SFIX R,4361020.0,
EFIX R,4361020.0,4361448 430 1041.8 558.9 1037
SSACC R,4361450.0,
ESACC R,4361450.0,4361468 20 1019.5 561.3 952.9 554.1 1.82 175
SFIX R,4361470.0,
EFIX R,4361470.0,4362322 854 963.9 561.4 1062
SSACC R,4362324.0,
ESACC R,4362324.0,4362338 16 959.7 565.5 991.2 556.8 0.89 74
SFIX R,4362340.0,
EFIX R,4362340.0,4362536 198 985.5 551.8 1129
SSACC R,4362538.0,
ESACC R,4362538.0,4362550 14 983.2 548.0 958.8 546.0 0.66 65
SFIX R,4362552.0,
EFIX R,4362552.0,4363318 768 970.3 550.3 1039
SSACC R,4363320.0,
ESACC R,4363320.0,4363332 14 975.4 562.1 1006.9 563.6 0.85 81
SFIX R,4363334.0,
EFIX R,4363334.0,4364458 1126 995.1 563.6 995
SSACC R,4364460.0,
ESACC R,4364460.0,4364470 12 954.7 541.7 974.9 534.8 0.58 60
SFIX R,4364472.0,
EFIX R,4364472.0,4365184 714 973.3 521.9 772
SSACC R,4365186.0,
SBLINK R,4365222.0,
EBLINK R,4365222.0,4365270 50
ESACC R,4365186.0,4365332 148 970.6 542.0 1002.9 506.2 1.31 842
SFIX R,4365334.0,
EFIX R,4365334.0,4366092 760 975.7 531.4 858
SSACC R,4366094.0,
ESACC R,4366094.0,4366106 14 974.3 535.4 963.5 522.7 0.45 50
SFIX R,4366108.0,
EFIX R,4366108.0,4366362 256 962.9 530.4 899
SSACC R,4366364.0,
ESACC R,4366364.0,4366370 8 965.9 532.6 975.6 525.6 0.32 46
SFIX R,4366372.0,
EFIX R,4366372.0,4366932 562 974.1 525.6 894
SSACC R,4366934.0,
ESACC R,4366934.0,4366946 14 977.4 522.8 1000.7 517.5 0.65 62
SFIX R,4366948.0,
EFIX R,4366948.0,4367286 340 996.3 515.4 870
SSACC R,4367288.0,
ESACC R,4367288.0,4367302 16 989.2 512.8 955.9 515.0 0.90 82
SFIX R,4367304.0,
EFIX R,4367304.0,4367506 204 964.7 515.6 907
SSACC R,4367508.0,
ESACC R,4367508.0,4367524 18 967.0 518.5 1007.9 515.2 1.11 91
SFIX R,4367526.0,
EFIX R,4367526.0,4367692 168 1006.1 518.5 932
SSACC R,4367694.0,
ESACC R,4367694.0,4367702 10 1004.8 519.8 984.0 520.1 0.56 68
SFIX R,4367704.0,
EFIX R,4367704.0,4367966 264 981.6 527.2 958
SSACC R,4367968.0,
ESACC R,4367968.0,4367976 10 980.3 532.1 990.0 523.7 0.35 44
SFIX R,4367978.0,
EFIX R,4367978.0,4368074 98 992.8 521.6 964
SSACC R,4368076.0,
ESACC R,4368076.0,4368084 10 988.7 521.8 972.8 521.7 0.43 52
SFIX R,4368086.0,
EFIX R,4368086.0,4368208 124 966.3 523.4 968
SSACC R,4368210.0,
SBLINK R,4368250.0,
EBLINK R,4368250.0,4368432 184
ESACC R,4368210.0,4368478 270 967.5 532.1 1031.2 439.6 3.04 1464
SFIX R,4368480.0,
EFIX R,4368480.0,4368502 24 1030.1 449.5 1008
SSACC R,4368504.0,
ESACC R,4368504.0,4368510 8 1024.8 470.7 1021.7 487.1 0.45 68
SFIX R,4368512.0,
EFIX R,4368512.0,4369696 1186 998.8 526.8 829
SSACC R,4369698.0,
ESACC R,4369698.0,4369712 16 987.0 540.4 949.1 530.2 1.06 94
SFIX R,4369714.0,
EFIX R,4369714.0,4369892 180 953.0 531.9 840
SSACC R,4369894.0,
ESACC R,4369894.0,4369902 10 953.2 528.0 969.7 524.6 0.46 54
SFIX R,4369904.0,
EFIX R,4369904.0,4370236 334 969.8 524.4 839
SSACC R,4370238.0,
ESACC R,4370238.0,4370248 12 973.2 528.3 995.9 526.6 0.62 62
SFIX R,4370250.0,
EFIX R,4370250.0,4371064 816 976.8 523.7 910
SSACC R,4371066.0,
ESACC R,4371066.0,4371078 14 968.7 531.6 993.9 525.7 0.70 67
SFIX R,4371080.0,
EFIX R,4371080.0,4371300 222 993.2 529.1 985
SSACC R,4371302.0,
ESACC R,4371302.0,4371312 12 990.3 532.9 968.3 526.8 0.62 63
SFIX R,4371314.0,
EFIX R,4371314.0,4371614 302 974.2 530.7 1029
SSACC R,4371616.0,
SBLINK R,4371640.0,
EBLINK R,4371640.0,4371788 150
ESACC R,4371616.0,4371824 210 971.1 547.9 1016.6 444.1 3.07 440
SFIX R,4371826.0,
EFIX R,4371826.0,4372798 974 977.3 557.9 1067
SSACC R,4372800.0,
ESACC R,4372800.0,4372812 14 978.2 570.6 1005.0 557.6 0.81 85
SFIX R,4372814.0,
EFIX R,4372814.0,4373186 374 999.3 550.3 1175
SSACC R,4373188.0,
ESACC R,4373188.0,4373204 18 992.8 550.9 959.7 528.6 1.08 95
SFIX R,4373206.0,
EFIX R,4373206.0,4373750 546 967.1 538.2 1303
SSACC R,4373752.0,
ESACC R,4373752.0,4373768 18 966.1 551.3 1003.7 551.7 1.02 76
SFIX R,4373770.0,
EFIX R,4373770.0,4374144 376 995.3 560.5 1214
SSACC R,4374146.0,
ESACC R,4374146.0,4374156 12 995.4 571.3 1007.9 588.2 0.57 62
SFIX R,4374158.0,
EFIX R,4374158.0,4374178 22 1011.5 591.1 1237
SSACC R,4374180.0,
SBLINK R,4374268.0,
EBLINK R,4374268.0,4374410 144
ESACC R,4374180.0,4374466 288 1012.8 592.1 938.0 569.4 2.12 1421
SFIX R,4374468.0,
EFIX R,4374468.0,4374718 252 967.0 590.7 1222
SSACC R,4374720.0,
ESACC R,4374720.0,4374748 30 980.3 579.8 964.3 519.4 1.69 223
SFIX R,4374750.0,
EFIX R,4374750.0,4375342 594 964.3 530.3 1094
SSACC R,4375344.0,
ESACC R,4375344.0,4375356 14 961.1 540.7 993.5 544.3 0.88 82
SFIX R,4375358.0,
EFIX R,4375358.0,4375586 230 990.3 537.3 1070
SSACC R,4375588.0,
ESACC R,4375588.0,4375606 20 986.7 537.7 958.6 536.8 0.76 86
SFIX R,4375608.0,
EFIX R,4375608.0,4375912 306 968.4 539.7 1142
SSACC R,4375914.0,
ESACC R,4375914.0,4375922 10 973.7 543.1 986.4 537.2 0.38 48
SFIX R,4375924.0,
EFIX R,4375924.0,4376066 144 990.9 538.7 1213
SSACC R,4376068.0,
ESACC R,4376068.0,4376074 8 987.2 541.6 973.5 543.4 0.37 59
SFIX R,4376076.0,
EFIX R,4376076.0,4376454 380 976.7 553.3 1187
SSACC R,4376456.0,
ESACC R,4376456.0,4376464 10 983.6 554.3 967.2 553.6 0.44 52
SFIX R,4376466.0,
EFIX R,4376466.0,4378988 2524 992.9 529.1 871
SSACC R,4378990.0,
ESACC R,4378990.0,4378998 10 997.1 513.9 1013.4 514.4 0.44 55
SFIX R,4379000.0,
EFIX R,4379000.0,4379256 258 1008.7 521.6 796
SSACC R,4379258.0,
SBLINK R,4379302.0,
EBLINK R,4379302.0,4379440 140
ESACC R,4379258.0,4379520 264 1008.4 540.0 1070.2 441.4 3.15 1621
SFIX R,4379522.0,
EFIX R,4379522.0,4379804 284 1060.9 488.1 843
SSACC R,4379806.0,
ESACC R,4379806.0,4379810 6 1043.7 517.3 1036.6 519.9 0.20 49
SFIX R,4379812.0,
EFIX R,4379812.0,4379966 156 1035.8 524.1 814
SSACC R,4379968.0,
ESACC R,4379968.0,4379974 8 1034.2 524.3 1042.1 513.2 0.37 52
SFIX R,4379976.0,
EFIX R,4379976.0,4380170 196 1049.6 510.1 810
SSACC R,4380172.0,
ESACC R,4380172.0,4380182 12 1041.5 513.3 1015.5 519.4 0.72 78
SFIX R,4380184.0,
EFIX R,4380184.0,4381394 1212 985.7 530.1 753
SSACC R,4381396.0,
SBLINK R,4381446.0,
EBLINK R,4381446.0,4381586 142
ESACC R,4381396.0,4381646 252 991.4 539.5 1063.9 404.8 4.14 1623
SFIX R,4381648.0,
EFIX R,4381648.0,4383338 1692 1037.1 490.4 701
SSACC R,4383340.0,
ESACC R,4383340.0,4383650 312 1104.7 475.9 1095.2 421.0 1.50 290
SFIX R,4383652.0,
EFIX R,4383652.0,4383826 176 1089.8 424.6 974
SSACC R,4383828.0,
SBLINK R,4383840.0,
EBLINK R,4383840.0,4383840 2
ESACC R,4383828.0,4383940 114 1082.5 419.4 1069.7 490.6 1.96 3270
SFIX R,4383942.0,
EFIX R,4383942.0,4383972 32 1070.5 486.9 870
SSACC R,4383974.0,
ESACC R,4383974.0,4384004 32 1071.1 480.0 1068.9 477.2 0.10 113
SFIX R,4384006.0,
EFIX R,4384006.0,4384226 222 1057.4 476.7 875
SSACC R,4384228.0,
ESACC R,4384228.0,4384240 14 1045.0 478.8 1070.1 467.3 0.75 69
SFIX R,4384242.0,
EFIX R,4384242.0,4384262 22 1076.4 467.7 876
SSACC R,4384264.0,
ESACC R,4384264.0,4384268 6 1075.2 467.7 1067.6 479.5 0.38 68
SFIX R,4384270.0,
EFIX R,4384270.0,4385536 1268 1012.8 511.2 642
SSACC R,4385538.0,
SBLINK R,4385560.0,
EBLINK R,4385560.0,4385782 224
ESACC R,4385538.0,4385792 256 1019.6 537.1 1028.9 438.9 2.67 1013
SFIX R,4385794.0,
EFIX R,4385794.0,4386604 812 985.3 509.8 637
SSACC R,4386606.0,
ESACC R,4386606.0,4386620 16 971.1 525.7 1008.3 513.0 1.07 89
SFIX R,4386622.0,
EFIX R,4386622.0,4386766 146 1006.9 515.4 645
SSACC R,4386768.0,
SBLINK R,4386808.0,
EBLINK R,4386808.0,4387046 240
ESACC R,4386768.0,4387068 302 999.2 524.0 1061.6 431.5 3.02 1882
SFIX R,4387070.0,
EFIX R,4387070.0,4387886 818 1010.4 509.2 695
SSACC R,4387888.0,
ESACC R,4387888.0,4387910 24 996.4 531.0 1040.5 525.5 1.20 66
SFIX R,4387912.0,
EFIX R,4387912.0,4387984 74 1045.3 526.1 686
SSACC R,4387986.0,
ESACC R,4387986.0,4388022 38 1040.1 530.5 951.8 502.1 2.51 156
SFIX R,4388024.0,
EFIX R,4388024.0,4388702 680 985.6 500.8 697
SSACC R,4388704.0,
ESACC R,4388704.0,4388710 8 992.6 494.6 1002.0 498.1 0.27 43
SFIX R,4388712.0,
EFIX R,4388712.0,4389144 434 999.5 502.8 693
SSACC R,4389146.0,
ESACC R,4389146.0,4389164 20 992.8 502.8 1026.3 500.7 0.91 56
SFIX R,4389166.0,
EFIX R,4389166.0,4389222 58 1033.4 513.5 674
SSACC R,4389224.0,
SBLINK R,4389248.0,
EBLINK R,4389248.0,4389440 194
ESACC R,4389224.0,4389500 278 1026.1 538.1 1016.8 496.3 1.16 3270
SFIX R,4389502.0,
EFIX R,4389502.0,4390560 1060 1002.1 512.8 759
SSACC R,4390562.0,
ESACC R,4390562.0,4390568 8 996.9 521.7 1005.8 522.6 0.24 42
SFIX R,4390570.0,
EFIX R,4390570.0,4390692 124 1006.3 526.3 873
SSACC R,4390694.0,
SBLINK R,4390716.0,
EBLINK R,4390716.0,4390884 170
ESACC R,4390694.0,4390946 254 997.3 544.9 1018.9 482.5 1.79 862
SFIX R,4390948.0,
EFIX R,4390948.0,4391472 526 994.1 538.6 913
SSACC R,4391474.0,
ESACC R,4391474.0,4391482 10 992.9 543.2 1004.0 532.4 0.42 55
SFIX R,4391484.0,
EFIX R,4391484.0,4391662 180 1012.8 533.5 779
SSACC R,4391664.0,
ESACC R,4391664.0,4391682 20 1009.5 538.5 968.0 515.0 1.29 117
SFIX R,4391684.0,
EFIX R,4391684.0,4392108 426 979.7 523.7 857
SSACC R,4392110.0,
ESACC R,4392110.0,4392122 14 984.1 532.6 1014.4 529.0 0.83 75
SFIX R,4392124.0,
EFIX R,4392124.0,4392234 112 1018.4 532.3 894
SSACC R,4392236.0,
SBLINK R,4392280.0,
EBLINK R,4392280.0,4392410 132
ESACC R,4392236.0,4392490 256 1010.7 551.7 1032.0 479.7 2.03 1984
SFIX R,4392492.0,
EFIX R,4392492.0,4393130 640 1007.5 521.7 920
SSACC R,4393132.0,
ESACC R,4393132.0,4393226 96 1000.9 539.1 1512.1 640.6 13.67 236
SFIX R,4393228.0,
EFIX R,4393228.0,4393456 230 1470.2 637.7 975
SSACC R,4393458.0,
ESACC R,4393458.0,4393506 50 1451.6 635.3 915.0 526.0 14.46 565
SFIX R,4393508.0,
EFIX R,4393508.0,4393810 304 934.1 523.7 1043
SSACC R,4393812.0,
ESACC R,4393812.0,4393830 20 939.6 526.9 1004.2 532.3 1.76 148
SFIX R,4393832.0,
EFIX R,4393832.0,4395088 1258 1000.3 542.9 1254
SSACC R,4395090.0,
ESACC R,4395090.0,4395114 26 1000.6 549.7 1092.0 548.4 2.47 148
SFIX R,4395116.0,
EFIX R,4395116.0,4395508 394 1105.2 554.1 1368
SSACC R,4395510.0,
ESACC R,4395510.0,4395544 36 1101.5 555.2 965.4 545.8 3.69 251
SFIX R,4395546.0,
EFIX R,4395546.0,4396180 636 976.5 538.1 1327
SSACC R,4396182.0,
ESACC R,4396182.0,4396200 20 977.6 530.9 1021.2 529.5 1.18 100
SFIX R,4396202.0,
EFIX R,4396202.0,4397192 992 1001.5 536.0 1434
SSACC R,4397194.0,
ESACC R,4397194.0,4397266 74 1000.6 554.7 1349.8 626.4 9.50 223
SFIX R,4397268.0,
EFIX R,4397268.0,4397406 140 1339.5 629.0 1465
SSACC R,4397408.0,
ESACC R,4397408.0,4397454 48 1334.4 632.1 967.7 552.9 10.01 424
SFIX R,4397456.0,
EFIX R,4397456.0,4398214 760 986.8 557.0 1534
SSACC R,4398216.0,
ESACC R,4398216.0,4398254 40 983.4 572.3 1109.7 580.1 3.42 190
SFIX R,4398256.0,
EFIX R,4398256.0,4398516 262 1102.6 582.7 1675
SSACC R,4398518.0,
ESACC R,4398518.0,4398540 24 1104.0 579.2 1034.7 572.8 1.88 175
SFIX R,4398542.0,
EFIX R,4398542.0,4398816 276 1042.3 570.8 1634
SSACC R,4398818.0,
SBLINK R,4398880.0,
EBLINK R,4398880.0,4398932 54
ESACC R,4398818.0,4398996 180 1039.1 590.8 1029.6 465.6 3.40 468
SFIX R,4398998.0,
EFIX R,4398998.0,4399056 60 1022.4 474.2 1606
SSACC R,4399058.0,
ESACC R,4399058.0,4399066 10 1012.5 497.3 1005.9 509.8 0.38 52
SFIX R,4399068.0,
EFIX R,4399068.0,4399476 410 973.0 545.9 1462
SSACC R,4399478.0,
ESACC R,4399478.0,4399500 24 973.1 537.8 1063.9 554.1 2.50 176
SFIX R,4399502.0,
EFIX R,4399502.0,4400954 1454 1047.1 552.9 1251
SSACC R,4400956.0,
ESACC R,4400956.0,4400992 38 1024.5 538.8 938.1 518.7 2.40 198
SFIX R,4400994.0,
EFIX R,4400994.0,4401288 296 941.2 522.3 1319
SSACC R,4401290.0,
ESACC R,4401290.0,4401306 18 936.3 522.9 985.0 513.4 1.34 129
SFIX R,4401308.0,
EFIX R,4401308.0,4402202 896 982.7 526.8 1368
SSACC R,4402204.0,
ESACC R,4402204.0,4402224 22 975.9 548.2 1038.3 543.3 1.70 137
SFIX R,4402226.0,
EFIX R,4402226.0,4405028 2804 1039.6 563.6 1127
SSACC R,4405030.0,
ESACC R,4405030.0,4405056 28 1008.9 570.4 968.8 545.3 1.28 156
SFIX R,4405058.0,
EFIX R,4405058.0,4405360 304 958.4 553.0 1095
SSACC R,4405362.0,
ESACC R,4405362.0,4405380 20 959.5 557.7 1014.9 538.5 1.59 141
SFIX R,4405382.0,
EFIX R,4405382.0,4405522 142 1010.8 537.1 1100
SSACC R,4405524.0,
ESACC R,4405524.0,4405538 16 1010.4 536.2 973.4 529.4 1.02 92
SFIX R,4405540.0,
EFIX R,4405540.0,4407466 1928 976.4 545.8 1133
SSACC R,4407468.0,
ESACC R,4407468.0,4407486 20 964.9 564.8 1013.4 550.9 1.37 132
SFIX R,4407488.0,
EFIX R,4407488.0,4407694 208 995.4 548.0 1174
SSACC R,4407696.0,
ESACC R,4407696.0,4407710 16 988.9 550.3 955.4 547.8 0.91 88
SFIX R,4407712.0,
EFIX R,4407712.0,4408436 726 961.4 554.1 1168
SSACC R,4408438.0,
ESACC R,4408438.0,4408454 18 964.0 559.6 1005.3 533.3 1.33 110
SFIX R,4408456.0,
EFIX R,4408456.0,4409510 1056 992.0 545.9 1265
SSACC R,4409512.0,
ESACC R,4409512.0,4409528 18 981.8 558.6 938.8 553.4 1.17 104
SFIX R,4409530.0,
EFIX R,4409530.0,4409736 208 946.5 557.2 1327
SSACC R,4409738.0,
ESACC R,4409738.0,4409750 14 945.5 559.2 975.4 559.5 0.81 82
SFIX R,4409752.0,
EFIX R,4409752.0,4410240 490 972.0 567.8 1334
SSACC R,4410242.0,
ESACC R,4410242.0,4410258 18 968.9 577.6 1017.1 571.5 1.32 99
SFIX R,4410260.0,
EFIX R,4410260.0,4412680 2422 1012.5 585.8 1235
SSACC R,4412682.0,
ESACC R,4412682.0,4412696 16 1003.3 597.5 969.3 572.2 1.15 109
SFIX R,4412698.0,
EFIX R,4412698.0,4413048 352 950.2 557.7 1115
SSACC R,4413050.0,
ESACC R,4413050.0,4413056 8 966.2 551.5 976.6 548.6 0.29 46
SFIX R,4413058.0,
EFIX R,4413058.0,4414144 1088 984.0 539.2 923
SSACC R,4414146.0,
ESACC R,4414146.0,4414156 12 990.3 522.7 970.0 515.0 0.59 65
SFIX R,4414158.0,
EFIX R,4414158.0,4414308 152 966.2 517.9 815
SSACC R,4414310.0,
ESACC R,4414310.0,4414318 10 973.3 521.7 987.8 521.4 0.39 48
SFIX R,4414320.0,
EFIX R,4414320.0,4414900 582 996.0 520.7 796
SSACC R,4414902.0,
ESACC R,4414902.0,4414918 18 1002.2 514.7 964.7 512.9 1.02 83
SFIX R,4414920.0,
EFIX R,4414920.0,4415528 610 991.7 509.7 751
SSACC R,4415530.0,
ESACC R,4415530.0,4415540 12 1003.2 511.6 983.2 506.1 0.56 60
SFIX R,4415542.0,
EFIX R,4415542.0,4415744 204 986.1 507.5 742
SSACC R,4415746.0,
ESACC R,4415746.0,4415752 8 993.7 505.2 1002.8 507.7 0.26 40
SFIX R,4415754.0,
EFIX R,4415754.0,4416840 1088 990.7 513.5 802
SSACC R,4416842.0,
ESACC R,4416842.0,4416854 14 982.8 527.2 1004.8 518.7 0.64 55
SFIX R,4416856.0,
EFIX R,4416856.0,4417544 690 998.6 519.4 891
SSACC R,4417546.0,
ESACC R,4417546.0,4417576 32 998.8 526.0 1056.2 536.9 1.58 75
SFIX R,4417578.0,
EFIX R,4417578.0,4417812 236 1042.4 534.6 917
SSACC R,4417814.0,
ESACC R,4417814.0,4417834 22 1039.2 537.1 984.2 520.0 1.56 129
SFIX R,4417836.0,
EFIX R,4417836.0,4418246 412 989.7 524.6 955
SSACC R,4418248.0,
ESACC R,4418248.0,4418266 20 986.1 532.1 939.6 523.5 1.28 112
SFIX R,4418268.0,
EFIX R,4418268.0,4418552 286 945.5 523.4 991
SSACC R,4418554.0,
ESACC R,4418554.0,4418568 16 948.3 522.8 982.3 525.9 0.93 83
SFIX R,4418570.0,
EFIX R,4418570.0,4418920 352 981.7 528.3 979
SSACC R,4418922.0,
ESACC R,4418922.0,4418958 38 989.0 536.2 1125.6 564.5 3.77 133
SFIX R,4418960.0,
EFIX R,4418960.0,4419174 216 1152.3 584.4 986
SSACC R,4419176.0,
ESACC R,4419176.0,4419214 40 1145.8 589.0 975.0 528.7 4.89 404
SFIX R,4419216.0,
EFIX R,4419216.0,4422562 3348 990.8 543.4 962
SSACC R,4422564.0,
ESACC R,4422564.0,4422584 22 966.0 544.3 1017.3 535.7 1.41 137
SFIX R,4422586.0,
EFIX R,4422586.0,4422684 100 997.8 538.6 1055
SSACC R,4422686.0,
ESACC R,4422686.0,4422716 32 994.8 534.9 943.9 532.2 1.38 214
SFIX R,4422718.0,
EFIX R,4422718.0,4423106 390 952.7 522.3 1030
SSACC R,4423108.0,
ESACC R,4423108.0,4423122 16 956.2 523.6 995.7 520.7 1.07 96
SFIX R,4423124.0,
EFIX R,4423124.0,4424470 1348 992.7 532.6 1102
SSACC R,4424472.0,
ESACC R,4424472.0,4424484 14 998.1 537.7 970.8 525.6 0.81 80
SFIX R,4424486.0,
EFIX R,4424486.0,4424846 362 967.8 528.4 1091
SSACC R,4424848.0,
ESACC R,4424848.0,4424856 10 963.5 531.9 980.3 531.6 0.46 57
SFIX R,4424858.0,
EFIX R,4424858.0,4425908 1052 973.5 535.7 1144
SSACC R,4425910.0,
ESACC R,4425910.0,4425920 12 969.6 534.0 992.0 529.7 0.62 67
SFIX R,4425922.0,
EFIX R,4425922.0,4427586 1666 988.0 534.7 1177
SSACC R,4427588.0,
ESACC R,4427588.0,4427598 12 983.3 542.4 999.6 535.6 0.48 49
SFIX R,4427600.0,
EFIX R,4427600.0,4427772 174 998.5 528.6 995
SSACC R,4427774.0,
ESACC R,4427774.0,4427790 18 995.5 529.4 954.3 525.8 1.12 94
SFIX R,4427792.0,
EFIX R,4427792.0,4427986 196 964.0 527.9 971
SSACC R,4427988.0,
ESACC R,4427988.0,4428004 18 966.1 530.9 1013.4 533.5 1.28 111
SFIX R,4428006.0,
EFIX R,4428006.0,4428300 296 1015.3 537.6 1000
SSACC R,4428302.0,
ESACC R,4428302.0,4428360 60 1014.3 544.3 1257.7 604.9 6.74 196
SFIX R,4428362.0,
EFIX R,4428362.0,4428400 40 1248.3 610.0 1074
SSACC R,4428402.0,
ESACC R,4428402.0,4428424 24 1234.1 617.5 1214.0 554.3 1.78 106
SFIX R,4428426.0,
EFIX R,4428426.0,4428458 34 1186.3 522.4 1150
SSACC R,4428460.0,
ESACC R,4428460.0,4428500 42 1156.3 493.8 963.5 494.7 5.20 161
SFIX R,4428502.0,
EFIX R,4428502.0,4428948 448 958.0 531.9 1036
SSACC R,4428950.0,
ESACC R,4428950.0,4428968 20 955.1 530.8 1011.2 540.2 1.54 134
SFIX R,4428970.0,
EFIX R,4428970.0,4429782 814 996.8 539.3 1104
SSACC R,4429784.0,
ESACC R,4429784.0,4429800 18 997.7 537.9 957.3 526.9 1.13 97
SFIX R,4429802.0,
EFIX R,4429802.0,4430204 404 959.1 526.1 1036
SSACC R,4430206.0,
ESACC R,4430206.0,4430224 20 962.1 529.9 1015.1 535.6 1.44 113
SFIX R,4430226.0,
EFIX R,4430226.0,4430288 64 1030.2 541.8 1023
SSACC R,4430290.0,
ESACC R,4430290.0,4430374 86 1030.7 545.6 1480.0 715.2 12.64 245
SFIX R,4430376.0,
EFIX R,4430376.0,4430466 92 1457.0 714.7 1027
SSACC R,4430468.0,
ESACC R,4430468.0,4430522 56 1437.6 712.6 887.3 527.2 15.34 513
SFIX R,4430524.0,
EFIX R,4430524.0,4430848 326 922.3 528.7 1026
SSACC R,4430850.0,
ESACC R,4430850.0,4430866 18 931.8 531.3 972.3 530.6 1.10 92
SFIX R,4430868.0,
EFIX R,4430868.0,4431474 608 961.0 533.4 1048
SSACC R,4431476.0,
ESACC R,4431476.0,4431492 18 963.9 534.7 1009.9 527.4 1.26 108
SFIX R,4431494.0,
EFIX R,4431494.0,4431916 424 1003.8 527.2 1044
SSACC R,4431918.0,
ESACC R,4431918.0,4431940 24 998.7 533.8 952.6 531.1 1.25 101
SFIX R,4431942.0,
EFIX R,4431942.0,4432432 492 967.5 529.7 1032
SSACC R,4432434.0,
ESACC R,4432434.0,4432444 12 964.0 529.0 981.7 533.0 0.49 50
SFIX R,4432446.0,
EFIX R,4432446.0,4433248 804 981.5 530.4 961
SSACC R,4433250.0,
ESACC R,4433250.0,4433260 12 980.3 528.3 997.2 518.2 0.53 54
SFIX R,4433262.0,
EFIX R,4433262.0,4433548 288 996.1 516.7 879
SSACC R,4433550.0,
ESACC R,4433550.0,4433558 10 992.1 515.1 974.8 512.3 0.47 55
SFIX R,4433560.0,
EFIX R,4433560.0,4434292 734 986.3 519.6 864
SSACC R,4434294.0,
ESACC R,4434294.0,4434300 8 992.0 521.2 1003.7 519.3 0.32 49
SFIX R,4434302.0,
EFIX R,4434302.0,4434896 596 997.5 510.4 840
SSACC R,4434898.0,
SBLINK R,4434950.0,
EBLINK R,4434950.0,4435032 84
ESACC R,4434898.0,4435094 198 993.8 523.0 975.6 480.4 1.26 1358
SFIX R,4435096.0,
EFIX R,4435096.0,4435800 706 943.3 544.2 943
SSACC R,4435802.0,
SBLINK R,4435852.0,
EBLINK R,4435852.0,4435940 90
ESACC R,4435802.0,4435994 194 952.8 581.9 991.7 529.9 1.76 1287
SFIX R,4435996.0,
EFIX R,4435996.0,4436264 270 978.9 571.8 1070
SSACC R,4436266.0,
SBLINK R,4436300.0,
EBLINK R,4436300.0,4436458 160
ESACC R,4436266.0,4436516 252 973.9 570.4 972.1 511.9 1.59 3270
SFIX R,4436518.0,
EFIX R,4436518.0,4436808 292 948.3 565.5 1282
SSACC R,4436810.0,
SBLINK R,4436840.0,
EBLINK R,4436840.0,4436984 146
ESACC R,4436810.0,4437048 240 951.1 574.3 907.8 545.2 1.41 796
SFIX R,4437050.0,
EFIX R,4437050.0,4437230 182 911.1 543.8 1259
SSACC R,4437232.0,
ESACC R,4437232.0,4437252 22 920.7 542.0 970.0 564.8 1.47 138
SFIX R,4437254.0,
EFIX R,4437254.0,4437820 568 968.1 567.6 1317
SSACC R,4437822.0,
SBLINK R,4437854.0,
EBLINK R,4437854.0,4437946 94
ESACC R,4437822.0,4438018 198 969.6 565.2 987.0 519.8 1.32 1425
SFIX R,4438020.0,
EFIX R,4438020.0,4438924 906 956.6 571.2 1313
SSACC R,4438926.0,
SBLINK R,4438956.0,
EBLINK R,4438956.0,4439066 112
ESACC R,4438926.0,4439122 198 946.8 579.5 945.8 519.8 1.62 968
SFIX R,4439124.0,
EFIX R,4439124.0,4439420 298 932.2 566.3 1333
SSACC R,4439422.0,
ESACC R,4439422.0,4439442 22 941.6 568.3 990.0 558.1 1.34 142
SFIX R,4439444.0,
EFIX R,4439444.0,4439862 420 977.6 563.7 1250
SSACC R,4439864.0,
SBLINK R,4439898.0,
EBLINK R,4439898.0,4440004 108
ESACC R,4439864.0,4440074 212 974.6 570.1 986.9 534.7 1.02 1911
SFIX R,4440076.0,
EFIX R,4440076.0,4440276 202 973.1 565.5 1266
SSACC R,4440278.0,
ESACC R,4440278.0,4440292 16 965.6 561.1 949.6 558.9 0.44 53
SFIX R,4440294.0,
EFIX R,4440294.0,4440560 268 955.9 558.7 1220
SSACC R,4440562.0,
ESACC R,4440562.0,4440580 20 949.5 560.3 1006.7 539.8 1.65 141
SFIX R,4440582.0,
EFIX R,4440582.0,4440780 200 1005.3 539.5 1118
SSACC R,4440782.0,
ESACC R,4440782.0,4440808 28 1003.6 543.5 964.2 539.5 1.07 154
SFIX R,4440810.0,
EFIX R,4440810.0,4441320 512 960.0 536.0 1205
SSACC R,4441322.0,
SBLINK R,4441378.0,
EBLINK R,4441378.0,4441580 204
ESACC R,4441322.0,4441642 322 964.7 536.6 1013.7 440.6 2.92 3270
SFIX R,4441644.0,
EFIX R,4441644.0,4441666 24 1013.0 439.9 1353
SSACC R,4441668.0,
ESACC R,4441668.0,4441676 10 1004.2 457.6 1000.1 471.4 0.39 56
SFIX R,4441678.0,
EFIX R,4441678.0,4441804 128 984.8 520.2 1253
SSACC R,4441806.0,
ESACC R,4441806.0,4441822 18 976.7 534.0 936.9 544.6 1.12 96
SFIX R,4441824.0,
EFIX R,4441824.0,4442094 272 945.5 536.9 1249
SSACC R,4442096.0,
ESACC R,4442096.0,4442114 20 944.0 530.6 987.1 542.6 1.21 104
SFIX R,4442116.0,
EFIX R,4442116.0,4442610 496 979.8 546.0 1059
SSACC R,4442612.0,
SBLINK R,4442654.0,
EBLINK R,4442654.0,4442796 144
ESACC R,4442612.0,4442882 272 974.5 575.2 1018.1 456.7 3.42 3270
SFIX R,4442884.0,
EFIX R,4442884.0,4443786 904 971.7 543.1 1067
SSACC R,4443788.0,
SBLINK R,4443822.0,
EBLINK R,4443822.0,4443990 170
ESACC R,4443788.0,4444090 304 962.7 567.7 998.5 481.9 2.52 3270
SFIX R,4444092.0,
EFIX R,4444092.0,4444522 432 967.9 545.3 1224
SSACC R,4444524.0,
ESACC R,4444524.0,4444566 44 961.7 549.6 1131.8 557.7 4.60 194
SFIX R,4444568.0,
EFIX R,4444568.0,4444756 190 1115.5 564.2 1156
SSACC R,4444758.0,
ESACC R,4444758.0,4444806 50 1115.4 564.9 955.5 560.5 4.32 252
SFIX R,4444808.0,
EFIX R,4444808.0,4445004 198 964.1 567.2 1194
SSACC R,4445006.0,
SBLINK R,4445066.0,
EBLINK R,4445066.0,4445236 172
ESACC R,4445006.0,4445300 296 976.4 573.8 1004.0 472.6 2.84 3270
SFIX R,4445302.0,
EFIX R,4445302.0,4445972 672 972.5 560.2 1297
SSACC R,4445974.0,
ESACC R,4445974.0,4446012 40 963.8 578.8 1107.8 565.9 3.91 234
SFIX R,4446014.0,
EFIX R,4446014.0,4446064 52 1089.1 572.5 1155
SSACC R,4446066.0,
SBLINK R,4446112.0,
EBLINK R,4446112.0,4446232 122
ESACC R,4446066.0,4446310 246 1079.8 580.3 1038.4 494.8 2.57 1557
SFIX R,4446312.0,
EFIX R,4446312.0,4446568 258 1013.7 540.1 1322
SSACC R,4446570.0,
ESACC R,4446570.0,4446600 32 1013.5 550.7 971.3 568.9 1.25 188
SFIX R,4446602.0,
EFIX R,4446602.0,4447378 778 967.9 565.9 1306
SSACC R,4447380.0,
ESACC R,4447380.0,4447392 14 968.2 564.4 1001.6 564.3 0.91 97
SFIX R,4447394.0,
EFIX R,4447394.0,4447636 244 999.3 561.6 1394
SSACC R,4447638.0,
ESACC R,4447638.0,4447662 26 990.4 558.2 970.7 556.1 0.54 110
SFIX R,4447664.0,
EFIX R,4447664.0,4450998 3336 945.3 574.1 1494
SSACC R,4451000.0,
ESACC R,4451000.0,4451030 32 934.4 597.5 1007.8 594.0 1.99 107
SFIX R,4451032.0,
EFIX R,4451032.0,4451430 400 984.1 596.1 1510
SSACC R,4451432.0,
ESACC R,4451432.0,4451450 20 978.6 597.4 933.4 581.4 1.30 116
SFIX R,4451452.0,
EFIX R,4451452.0,4452174 724 946.4 587.1 1410
SSACC R,4452176.0,
ESACC R,4452176.0,4452196 22 954.5 579.7 895.1 568.0 1.64 139
SFIX R,4452198.0,
EFIX R,4452198.0,4452458 262 903.4 574.0 1329
SSACC R,4452460.0,
ESACC R,4452460.0,4452476 18 905.2 573.9 950.7 565.1 1.26 109
SFIX R,4452478.0,
EFIX R,4452478.0,4452750 274 945.0 569.0 1353
SSACC R,4452752.0,
SBLINK R,4452796.0,
EBLINK R,4452796.0,4452956 162
ESACC R,4452752.0,4453006 256 944.4 579.4 953.6 511.1 1.87 1926
SFIX R,4453008.0,
EFIX R,4453008.0,4453486 480 971.5 556.5 1356
SSACC R,4453488.0,
ESACC R,4453488.0,4453586 100 995.2 554.2 1638.3 707.7 17.04 271
SFIX R,4453588.0,
EFIX R,4453588.0,4453746 160 1613.0 710.2 1208
SSACC R,4453748.0,
ESACC R,4453748.0,4453828 82 1601.5 715.1 884.0 566.1 18.98 563
SFIX R,4453830.0,
EFIX R,4453830.0,4454052 224 893.8 569.4 1308
SSACC R,4454054.0,
ESACC R,4454054.0,4454080 28 895.9 577.7 954.1 571.5 1.59 195
SFIX R,4454082.0,
EFIX R,4454082.0,4455188 1108 961.9 580.6 1393
SSACC R,4455190.0,
SBLINK R,4455240.0,
EBLINK R,4455240.0,4455380 142
ESACC R,4455190.0,4455444 256 956.1 609.7 1021.9 506.6 3.31 1178
SFIX R,4455446.0,
EFIX R,4455446.0,4456256 812 1017.3 590.1 1436
SSACC R,4456258.0,
ESACC R,4456258.0,4456334 78 1014.3 614.1 1348.4 766.2 9.77 253
SFIX R,4456336.0,
EFIX R,4456336.0,4458764 2430 1308.1 734.2 1368
SSACC R,4458766.0,
ESACC R,4458766.0,4458806 42 1294.1 737.8 1037.7 605.0 7.73 331
SFIX R,4458808.0,
EFIX R,4458808.0,4458978 172 1035.5 597.4 1325
SSACC R,4458980.0,
ESACC R,4458980.0,4459002 24 1035.2 601.6 957.6 558.1 2.41 241
SFIX R,4459004.0,
EFIX R,4459004.0,4466312 7310 947.4 592.0 1211
SSACC R,4466314.0,
ESACC R,4466314.0,4466336 24 909.2 617.8 966.4 598.7 1.63 150
SFIX R,4466338.0,
EFIX R,4466338.0,4466730 394 952.4 586.6 1074
SSACC R,4466732.0,
ESACC R,4466732.0,4466742 12 952.5 586.4 974.1 583.4 0.59 64
SFIX R,4466744.0,
EFIX R,4466744.0,4466854 112 965.6 582.7 1023
SSACC R,4466856.0,
ESACC R,4466856.0,4466868 14 951.9 579.6 932.0 573.8 0.56 48
SFIX R,4466870.0,
EFIX R,4466870.0,4470522 3654 942.9 568.8 1066
SSACC R,4470524.0,
ESACC R,4470524.0,4470544 22 936.7 574.8 968.2 571.1 0.86 86
SFIX R,4470546.0,
EFIX R,4470546.0,4470974 430 940.2 570.0 1094
SSACC R,4470976.0,
ESACC R,4470976.0,4470994 20 942.9 567.4 986.2 569.1 1.17 80
SFIX R,4470996.0,
EFIX R,4470996.0,4471142 148 990.4 568.4 1028
SSACC R,4471144.0,
ESACC R,4471144.0,4471166 24 987.7 566.7 916.3 561.6 1.94 199
SFIX R,4471168.0,
EFIX R,4471168.0,4471542 376 933.6 558.5 1061
SSACC R,4471544.0,
SBLINK R,4471584.0,
EBLINK R,4471584.0,4471692 110
ESACC R,4471544.0,4471760 218 936.2 565.6 976.9 475.4 2.68 3270
SFIX R,4471762.0,
EFIX R,4471762.0,4472104 344 942.0 554.6 1134
SSACC R,4472106.0,
ESACC R,4472106.0,4472120 16 941.2 559.6 974.6 549.1 0.95 82
SFIX R,4472122.0,
EFIX R,4472122.0,4472316 196 968.9 545.0 1035
SSACC R,4472318.0,
ESACC R,4472318.0,4472334 18 969.1 537.1 925.4 524.6 1.23 118
SFIX R,4472336.0,
EFIX R,4472336.0,4472638 304 937.3 518.2 986
SSACC R,4472640.0,
ESACC R,4472640.0,4472652 14 944.2 510.3 972.4 510.6 0.76 72
SFIX R,4472654.0,
EFIX R,4472654.0,4473324 672 969.9 520.3 1015
SSACC R,4473326.0,
SBLINK R,4473386.0,
EBLINK R,4473386.0,4473454 70
ESACC R,4473326.0,4473474 150 962.4 534.1 994.1 456.5 2.27 3270
SFIX R,4473476.0,
EFIX R,4473476.0,4474040 566 954.5 533.6 1045
SSACC R,4474042.0,
SBLINK R,4474074.0,
EBLINK R,4474074.0,4474258 186
ESACC R,4474042.0,4474364 324 948.5 546.8 975.6 478.2 2.00 3270
SFIX R,4474366.0,
EFIX R,4474366.0,4475068 704 939.8 542.3 976
SSACC R,4475070.0,
SBLINK R,4475122.0,
EBLINK R,4475122.0,4475340 220
ESACC R,4475070.0,4475412 344 933.4 564.6 838.9 511.0 2.94 3270
SFIX R,4475414.0,
EFIX R,4475414.0,4475608 196 854.8 550.3 936
SSACC R,4475610.0,
ESACC R,4475610.0,4475628 20 876.7 549.0 935.9 537.8 1.63 129
SFIX R,4475630.0,
EFIX R,4475630.0,4475996 368 946.3 530.6 912
SSACC R,4475998.0,
ESACC R,4475998.0,4476012 16 948.5 536.0 984.8 528.8 1.00 82
SFIX R,4476014.0,
EFIX R,4476014.0,4476728 716 973.2 542.7 860
SSACC R,4476730.0,
SBLINK R,4476766.0,
EBLINK R,4476766.0,4476998 234
ESACC R,4476730.0,4477022 294 967.8 567.9 1028.3 466.0 3.21 3270
SFIX R,4477024.0,
EFIX R,4477024.0,4478926 1904 965.9 548.1 875
SSACC R,4478928.0,
ESACC R,4478928.0,4478936 10 955.3 561.9 963.2 545.3 0.50 59
SFIX R,4478938.0,
EFIX R,4478938.0,4479316 380 964.7 547.0 914
SSACC R,4479318.0,
ESACC R,4479318.0,4479332 16 967.3 548.2 994.5 540.1 0.77 63
SFIX R,4479334.0,
EFIX R,4479334.0,4479490 158 997.0 539.0 931
SSACC R,4479492.0,
ESACC R,4479492.0,4479510 20 991.2 538.2 949.5 531.0 1.15 90
SFIX R,4479512.0,
EFIX R,4479512.0,4479956 446 964.3 541.1 913
SSACC R,4479958.0,
ESACC R,4479958.0,4479968 12 972.4 544.6 950.7 543.5 0.59 60
SFIX R,4479970.0,
EFIX R,4479970.0,4480460 492 956.2 543.5 850
SSACC R,4480462.0,
ESACC R,4480462.0,4480472 12 961.3 532.2 979.8 528.8 0.51 56
SFIX R,4480474.0,
EFIX R,4480474.0,4483290 2818 967.9 572.6 1020
SSACC R,4483292.0,
ESACC R,4483292.0,4483296 6 949.8 602.3 956.3 594.9 0.27 46
SFIX R,4483298.0,
EFIX R,4483298.0,4483558 262 951.3 587.4 1257
SSACC R,4483560.0,
ESACC R,4483560.0,4483568 10 955.2 586.3 944.4 574.9 0.43 53
SFIX R,4483570.0,
EFIX R,4483570.0,4484090 522 940.5 579.1 1163
SSACC R,4484092.0,
ESACC R,4484092.0,4484108 18 941.5 577.4 985.8 577.9 1.20 91
SFIX R,4484110.0,
EFIX R,4484110.0,4488340 4232 982.6 602.8 1257
SSACC R,4488342.0,
ESACC R,4488342.0,4488374 34 961.8 624.5 956.0 556.4 1.85 92
SFIX R,4488376.0,
EFIX R,4488376.0,4489072 698 935.6 548.2 1132
SSACC R,4489074.0,
ESACC R,4489074.0,4489088 16 936.2 543.5 971.4 549.3 0.97 81
SFIX R,4489090.0,
EFIX R,4489090.0,4489902 814 966.5 550.6 1097
SSACC R,4489904.0,
ESACC R,4489904.0,4489920 18 965.3 559.4 928.4 561.8 1.00 93
SFIX R,4489922.0,
EFIX R,4489922.0,4490634 714 943.8 556.9 1115
SSACC R,4490636.0,
ESACC R,4490636.0,4490652 18 946.2 557.8 982.8 555.5 0.99 75
SFIX R,4490654.0,
EFIX R,4490654.0,4490814 162 985.7 553.2 1126
SSACC R,4490816.0,
ESACC R,4490816.0,4490834 20 981.1 552.5 936.0 549.7 1.22 106
SFIX R,4490836.0,
EFIX R,4490836.0,4492446 1612 956.4 541.0 974
SSACC R,4492448.0,
ESACC R,4492448.0,4492460 14 962.4 529.8 989.0 524.3 0.74 65
SFIX R,4492462.0,
EFIX R,4492462.0,4492620 160 991.8 526.9 789
SSACC R,4492622.0,
ESACC R,4492622.0,4492636 16 987.9 530.4 954.1 523.6 0.93 94
SFIX R,4492638.0,
EFIX R,4492638.0,4493386 750 961.2 516.4 752
SSACC R,4493388.0,
ESACC R,4493388.0,4493402 16 971.0 504.9 1006.6 505.0 0.96 78
SFIX R,4493404.0,
EFIX R,4493404.0,4493610 208 1018.6 508.9 685
SSACC R,4493612.0,
ESACC R,4493612.0,4493628 18 1014.3 518.0 961.3 518.0 1.44 131
SFIX R,4493630.0,
EFIX R,4493630.0,4494220 592 958.1 527.6 695
SSACC R,4494222.0,
ESACC R,4494222.0,4494228 8 968.5 535.7 978.3 536.4 0.27 42
SFIX R,4494230.0,
EFIX R,4494230.0,4497194 2966 969.6 531.5 734
SSACC R,4497196.0,
ESACC R,4497196.0,4497200 6 964.1 526.7 959.9 521.1 0.19 39
SFIX R,4497202.0,
EFIX R,4497202.0,4497660 460 963.1 523.2 786
SSACC R,4497662.0,
ESACC R,4497662.0,4497672 12 961.0 526.4 978.8 527.1 0.48 51
SFIX R,4497674.0,
EFIX R,4497674.0,4498186 514 976.4 531.9 847
SSACC R,4498188.0,
ESACC R,4498188.0,4498198 12 971.5 534.6 955.5 520.2 0.58 66
SFIX R,4498200.0,
EFIX R,4498200.0,4498538 340 957.8 524.8 908
SSACC R,4498540.0,
ESACC R,4498540.0,4498550 12 957.1 526.4 980.1 522.4 0.63 67
SFIX R,4498552.0,
EFIX R,4498552.0,4498840 290 980.3 526.7 934
SSACC R,4498842.0,
ESACC R,4498842.0,4498850 10 974.5 530.2 959.8 522.8 0.45 56
SFIX R,4498852.0,
EFIX R,4498852.0,4499202 352 959.0 528.4 1007
SSACC R,4499204.0,
ESACC R,4499204.0,4499216 14 958.6 533.0 982.7 527.3 0.67 55
SFIX R,4499218.0,
EFIX R,4499218.0,4499460 244 984.6 530.5 1051
SSACC R,4499462.0,
ESACC R,4499462.0,4499472 12 982.4 530.8 961.0 525.0 0.60 63
SFIX R,4499474.0,
EFIX R,4499474.0,4500042 570 963.1 535.0 1131
SSACC R,4500044.0,
ESACC R,4500044.0,4500082 40 956.7 528.2 1003.2 435.5 2.81 138
SFIX R,4500084.0,
EFIX R,4500084.0,4500334 252 1005.8 450.8 1333
SSACC R,4500336.0,
ESACC R,4500336.0,4500344 10 993.1 469.8 975.2 470.8 0.49 58
SFIX R,4500346.0,
EFIX R,4500346.0,4500612 268 969.1 492.8 1384
SSACC R,4500614.0,
ESACC R,4500614.0,4500622 10 967.9 507.9 986.3 503.8 0.51 63
SFIX R,4500624.0,
EFIX R,4500624.0,4500784 162 985.3 530.0 1404
SSACC R,4500786.0,
ESACC R,4500786.0,4500798 14 977.6 537.9 948.7 536.2 0.78 73
SFIX R,4500800.0,
EFIX R,4500800.0,4501236 438 953.8 537.4 1237
SSACC R,4501238.0,
ESACC R,4501238.0,4501244 8 943.0 532.1 930.1 533.8 0.35 51
SFIX R,4501246.0,
EFIX R,4501246.0,4501466 222 927.6 539.9 1011
SSACC R,4501468.0,
ESACC R,4501468.0,4501482 16 932.7 542.2 964.9 548.8 0.89 77
SFIX R,4501484.0,
EFIX R,4501484.0,4501824 342 959.2 546.1 890
SSACC R,4501826.0,
SBLINK R,4501854.0,
EBLINK R,4501854.0,4501992 140
ESACC R,4501826.0,4502060 236 963.2 574.8 1009.2 458.7 3.38 3270
SFIX R,4502062.0,
EFIX R,4502062.0,4502818 758 972.8 537.1 986
SSACC R,4502820.0,
SBLINK R,4502858.0,
EBLINK R,4502858.0,4503014 158
ESACC R,4502820.0,4503072 254 968.5 563.9 1007.2 439.5 3.53 3270
SFIX R,4503074.0,
EFIX R,4503074.0,4503460 388 979.8 534.3 1174
SSACC R,4503462.0,
SBLINK R,4503514.0,
EBLINK R,4503514.0,4503798 286
ESACC R,4503462.0,4503844 384 986.2 561.6 989.6 530.7 0.84 1064
SFIX R,4503846.0,
EFIX R,4503846.0,4503962 118 965.9 609.9 1135
SSACC R,4503964.0,
ESACC R,4503964.0,4503984 22 960.3 626.1 991.3 547.2 2.30 197
SFIX R,4503986.0,
EFIX R,4503986.0,4504396 412 991.1 554.6 1179
SSACC R,4504398.0,
SBLINK R,4504448.0,
EBLINK R,4504448.0,4504524 78
ESACC R,4504398.0,4504588 192 1005.1 557.7 1021.0 483.9 2.05 2758
SFIX R,4504590.0,
EFIX R,4504590.0,4505322 734 981.4 549.0 1106
SSACC R,4505324.0,
SBLINK R,4505350.0,
EBLINK R,4505350.0,4505502 154
ESACC R,4505324.0,4505566 244 978.9 562.0 1021.6 506.1 1.91 608
SFIX R,4505568.0,
EFIX R,4505568.0,4506054 488 1013.6 539.5 1185
SSACC R,4506056.0,
ESACC R,4506056.0,4506078 24 1004.9 529.5 952.5 503.2 1.59 155
SFIX R,4506080.0,
EFIX R,4506080.0,4506254 176 959.9 512.2 1121
SSACC R,4506256.0,
SBLINK R,4506284.0,
EBLINK R,4506284.0,4506470 188
ESACC R,4506256.0,4506544 290 962.8 524.2 986.9 488.7 1.16 513
SFIX R,4506546.0,
EFIX R,4506546.0,4506754 210 974.9 531.9 1249
SSACC R,4506756.0,
ESACC R,4506756.0,4506776 22 975.1 533.6 1034.8 531.7 1.62 127
SFIX R,4506778.0,
EFIX R,4506778.0,4507314 538 1019.1 538.3 1266
SSACC R,4507316.0,
ESACC R,4507316.0,4507340 26 1014.3 544.4 953.6 538.4 1.65 154
SFIX R,4507342.0,
EFIX R,4507342.0,4507820 480 967.5 540.8 1272
SSACC R,4507822.0,
SBLINK R,4507850.0,
EBLINK R,4507850.0,4507980 132
ESACC R,4507822.0,4508050 230 965.7 538.6 986.7 484.5 1.57 553
SFIX R,4508052.0,
EFIX R,4508052.0,4508526 476 962.1 534.5 1311
SSACC R,4508528.0,
ESACC R,4508528.0,4508540 14 962.4 532.3 986.7 523.9 0.70 59
SFIX R,4508542.0,
EFIX R,4508542.0,4509206 666 988.6 526.4 1198
SSACC R,4509208.0,
ESACC R,4509208.0,4509226 20 991.5 525.1 946.7 522.5 1.22 118
SFIX R,4509228.0,
EFIX R,4509228.0,4509432 206 954.9 531.1 1304
SSACC R,4509434.0,
ESACC R,4509434.0,4509448 16 959.0 534.4 992.8 536.4 0.92 73
SFIX R,4509450.0,
EFIX R,4509450.0,4509688 240 996.9 538.6 1295
SSACC R,4509690.0,
ESACC R,4509690.0,4509696 8 999.0 537.7 988.5 530.5 0.35 51
SFIX R,4509698.0,
EFIX R,4509698.0,4510320 624 991.7 552.2 1377
SSACC R,4510322.0,
ESACC R,4510322.0,4510330 10 991.3 562.8 995.1 545.8 0.47 58
SFIX R,4510332.0,
EFIX R,4510332.0,4511758 1428 982.2 547.5 1257
SSACC R,4511760.0,
ESACC R,4511760.0,4511766 8 985.5 552.5 995.9 551.1 0.28 45
SFIX R,4511768.0,
EFIX R,4511768.0,4511968 202 998.9 547.9 1198
SSACC R,4511970.0,
ESACC R,4511970.0,4511982 14 995.4 544.4 967.5 534.4 0.80 79
SFIX R,4511984.0,
EFIX R,4511984.0,4512564 582 964.3 540.0 1249
SSACC R,4512566.0,
ESACC R,4512566.0,4512574 10 955.0 546.6 967.8 533.1 0.50 60
SFIX R,4512576.0,
EFIX R,4512576.0,4513516 942 962.6 543.0 1317
SSACC R,4513518.0,
ESACC R,4513518.0,4513526 10 955.8 557.0 966.6 548.7 0.37 48
SFIX R,4513528.0,
EFIX R,4513528.0,4513822 296 964.8 542.6 1370
SSACC R,4513824.0,
ESACC R,4513824.0,4513832 10 960.5 536.6 941.7 534.5 0.51 63
SFIX R,4513834.0,
EFIX R,4513834.0,4513966 134 943.6 532.9 1347
SSACC R,4513968.0,
ESACC R,4513968.0,4513974 8 951.7 535.6 961.5 537.1 0.27 43
SFIX R,4513976.0,
EFIX R,4513976.0,4514574 600 979.1 520.2 1275
SSACC R,4514576.0,
ESACC R,4514576.0,4514590 16 987.4 522.6 959.4 520.6 0.76 65
SFIX R,4514592.0,
EFIX R,4514592.0,4514902 312 963.1 526.2 1102
SSACC R,4514904.0,
ESACC R,4514904.0,4514912 10 966.4 531.2 979.4 531.7 0.35 43
SFIX R,4514914.0,
EFIX R,4514914.0,4514958 46 983.0 536.0 1012
SSACC R,4514960.0,
SBLINK R,4514998.0,
EBLINK R,4514998.0,4515104 108
ESACC R,4514960.0,4515198 240 981.0 549.3 1011.7 491.5 1.77 3270
SFIX R,4515200.0,
EFIX R,4515200.0,4515792 594 984.3 518.2 897
SSACC R,4515794.0,
ESACC R,4515794.0,4515802 10 984.5 519.7 999.5 511.5 0.46 58
SFIX R,4515804.0,
EFIX R,4515804.0,4515970 168 1005.4 514.0 862
SSACC R,4515972.0,
ESACC R,4515972.0,4515982 12 1000.1 517.6 977.8 517.8 0.60 60
SFIX R,4515984.0,
EFIX R,4515984.0,4517026 1044 976.3 530.3 969
SSACC R,4517028.0,
ESACC R,4517028.0,4517040 14 974.8 537.3 996.0 528.1 0.63 57
SFIX R,4517042.0,
EFIX R,4517042.0,4518004 964 985.4 536.0 1059
SSACC R,4518006.0,
ESACC R,4518006.0,4518026 22 984.8 547.9 915.6 543.6 1.88 147
SFIX R,4518028.0,
EFIX R,4518028.0,4518220 194 914.0 545.6 1093
SSACC R,4518222.0,
ESACC R,4518222.0,4518238 18 921.5 549.1 971.4 536.4 1.40 109
SFIX R,4518240.0,
EFIX R,4518240.0,4522030 3792 962.7 552.6 1234
SSACC R,4522032.0,
ESACC R,4522032.0,4522050 20 949.3 571.0 1001.9 573.3 1.43 125
SFIX R,4522052.0,
EFIX R,4522052.0,4522532 482 991.0 587.5 1264
SSACC R,4522534.0,
ESACC R,4522534.0,4522554 22 992.8 590.9 946.2 580.9 1.29 139
SFIX R,4522556.0,
EFIX R,4522556.0,4523382 828 964.0 566.8 1102
SSACC R,4523384.0,
ESACC R,4523384.0,4523468 86 974.5 554.3 1546.4 1007.3 18.90 349
SFIX R,4523470.0,
EFIX R,4523470.0,4523646 178 1538.7 990.0 1001
SSACC R,4523648.0,
ESACC R,4523648.0,4523708 62 1533.2 989.0 985.0 615.4 17.22 474
SFIX R,4523710.0,
EFIX R,4523710.0,4523974 266 988.0 601.3 996
SSACC R,4523976.0,
ESACC R,4523976.0,4524004 30 991.3 594.4 966.9 543.7 1.52 198
SFIX R,4524006.0,
EFIX R,4524006.0,4524646 642 959.7 540.5 1093
SSACC R,4524648.0,
SBLINK R,4524680.0,
EBLINK R,4524680.0,4524828 150
ESACC R,4524648.0,4524872 226 957.2 545.1 983.4 461.8 2.37 477
SFIX R,4524874.0,
EFIX R,4524874.0,4524896 24 982.7 475.7 1422
SSACC R,4524898.0,
ESACC R,4524898.0,4524908 12 980.3 491.2 973.8 516.4 0.71 74
SFIX R,4524910.0,
EFIX R,4524910.0,4525478 570 964.2 596.1 1336
SSACC R,4525480.0,
ESACC R,4525480.0,4525494 16 963.8 628.5 992.6 606.9 0.98 90
SFIX R,4525496.0,
EFIX R,4525496.0,4525820 326 985.2 607.7 1164
SSACC R,4525822.0,
ESACC R,4525822.0,4525838 18 988.9 605.0 1028.4 578.8 1.28 108
SFIX R,4525840.0,
EFIX R,4525840.0,4526102 264 1038.8 555.4 1249
SSACC R,4526104.0,
SBLINK R,4526136.0,
EBLINK R,4526136.0,4526256 122
ESACC R,4526104.0,4526312 210 1043.6 546.9 1003.7 473.8 2.26 518
SFIX R,4526314.0,
EFIX R,4526314.0,4526518 206 972.4 558.1 1386
SSACC R,4526520.0,
ESACC R,4526520.0,4526538 20 974.7 566.5 1045.6 553.2 1.95 176
SFIX R,4526540.0,
EFIX R,4526540.0,4527272 734 1017.7 563.7 1288
SSACC R,4527274.0,
ESACC R,4527274.0,4527306 34 1010.0 574.0 930.2 540.8 2.34 179
SFIX R,4527308.0,
EFIX R,4527308.0,4527508 202 948.5 547.9 1317
SSACC R,4527510.0,
ESACC R,4527510.0,4527528 20 951.6 550.9 1010.8 551.5 1.60 136
SFIX R,4527530.0,
EFIX R,4527530.0,4527806 278 996.5 557.2 1330
SSACC R,4527808.0,
SBLINK R,4527844.0,
EBLINK R,4527844.0,4527972 130
ESACC R,4527808.0,4528010 204 989.1 564.6 1006.2 516.0 1.40 1946
SFIX R,4528012.0,
EFIX R,4528012.0,4528648 638 1006.4 609.0 1497
SSACC R,4528650.0,
ESACC R,4528650.0,4528674 26 1015.9 628.0 962.3 603.0 1.60 101
SFIX R,4528676.0,
EFIX R,4528676.0,4528942 268 971.5 599.5 1450
SSACC R,4528944.0,
ESACC R,4528944.0,4528964 22 967.2 600.0 1026.4 582.4 1.67 132
SFIX R,4528966.0,
EFIX R,4528966.0,4529238 274 1014.6 576.9 1507
SSACC R,4529240.0,
ESACC R,4529240.0,4529262 24 1015.4 578.6 938.3 559.7 2.15 209
SFIX R,4529264.0,
EFIX R,4529264.0,4529456 194 948.8 557.7 1606
SSACC R,4529458.0,
ESACC R,4529458.0,4529476 20 952.3 556.2 1022.0 557.6 1.89 166
SFIX R,4529478.0,
EFIX R,4529478.0,4530102 626 1012.6 571.4 1604
SSACC R,4530104.0,
ESACC R,4530104.0,4530174 72 1014.8 576.5 1452.2 663.9 11.77 234
SFIX R,4530176.0,
EFIX R,4530176.0,4530352 178 1440.1 659.2 1477
SSACC R,4530354.0,
ESACC R,4530354.0,4530426 74 1428.3 649.4 920.4 540.4 13.75 501
SFIX R,4530428.0,
EFIX R,4530428.0,4530650 224 934.2 541.8 1457
SSACC R,4530652.0,
ESACC R,4530652.0,4530684 34 936.4 547.7 1075.9 562.4 3.80 232
SFIX R,4530686.0,
EFIX R,4530686.0,4530974 290 1056.2 570.3 1318
SSACC R,4530976.0,
ESACC R,4530976.0,4531012 38 1051.1 581.3 965.3 557.3 2.41 160
SFIX R,4531014.0,
EFIX R,4531014.0,4531164 152 976.8 566.2 1417
SSACC R,4531166.0,
SBLINK R,4531198.0,
EBLINK R,4531198.0,4531408 212
ESACC R,4531166.0,4531456 292 976.4 577.2 973.2 498.3 2.14 458
SFIX R,4531458.0,
EFIX R,4531458.0,4531630 174 962.7 562.8 1534
SSACC R,4531632.0,
ESACC R,4531632.0,4531660 30 963.9 578.2 917.1 527.1 1.88 169
SFIX R,4531662.0,
EFIX R,4531662.0,4531716 56 912.5 540.0 1524
SSACC R,4531718.0,
ESACC R,4531718.0,4531722 6 908.3 544.6 910.6 532.5 0.33 54
SFIX R,4531724.0,
EFIX R,4531724.0,4531868 146 917.3 549.1 1467
SSACC R,4531870.0,
ESACC R,4531870.0,4531890 22 912.6 554.7 981.2 556.1 1.86 164
SFIX R,4531892.0,
EFIX R,4531892.0,4532066 176 980.1 555.8 1271
SSACC R,4532068.0,
ESACC R,4532068.0,4532090 24 984.0 562.0 898.5 553.2 2.33 216
SFIX R,4532092.0,
EFIX R,4532092.0,4532234 144 909.4 559.2 1240
SSACC R,4532236.0,
ESACC R,4532236.0,4532252 18 914.7 565.2 969.6 567.4 1.49 132
SFIX R,4532254.0,
EFIX R,4532254.0,4532286 34 975.5 566.3 1264
SSACC R,4532288.0,
SBLINK R,4532318.0,
EBLINK R,4532318.0,4532504 188
ESACC R,4532288.0,4532520 234 973.5 571.5 972.7 483.9 2.37 213
SFIX R,4532522.0,
EFIX R,4532522.0,4533022 502 969.8 572.8 1479
SSACC R,4533024.0,
SBLINK R,4533072.0,
EBLINK R,4533072.0,4533180 110
ESACC R,4533024.0,4533218 196 957.7 581.1 1087.4 426.9 5.45 2386
SFIX R,4533220.0,
EFIX R,4533220.0,4533532 314 1040.5 524.1 1384
SSACC R,4533534.0,
ESACC R,4533534.0,4533556 24 1024.2 544.3 892.5 583.7 3.73 342
SFIX R,4533558.0,
EFIX R,4533558.0,4533910 354 919.7 577.7 1482
SSACC R,4533912.0,
SBLINK R,4533950.0,
EBLINK R,4533950.0,4534058 110
ESACC R,4533912.0,4534100 190 931.5 592.0 990.2 477.1 3.50 598
SFIX R,4534102.0,
EFIX R,4534102.0,4534122 22 989.9 483.0 1534
SSACC R,4534124.0,
ESACC R,4534124.0,4534128 6 985.0 501.4 981.3 510.1 0.26 52
SFIX R,4534130.0,
EFIX R,4534130.0,4534724 596 961.3 551.3 1373
SSACC R,4534726.0,
ESACC R,4534726.0,4534766 42 951.2 560.8 1032.7 578.6 2.26 137
SFIX R,4534768.0,
EFIX R,4534768.0,4535014 248 1024.4 571.0 1223
SSACC R,4535016.0,
ESACC R,4535016.0,4535038 24 1019.4 568.9 947.1 543.2 2.08 182
SFIX R,4535040.0,
EFIX R,4535040.0,4535330 292 972.7 548.0 1331
SSACC R,4535332.0,
SBLINK R,4535376.0,
EBLINK R,4535376.0,4535508 134
ESACC R,4535332.0,4535540 210 983.0 551.7 1017.0 456.5 2.74 448
SFIX R,4535542.0,
EFIX R,4535542.0,4535776 236 990.2 528.3 1422
SSACC R,4535778.0,
ESACC R,4535778.0,4535808 32 977.0 539.9 1102.4 535.0 3.40 217
SFIX R,4535810.0,
EFIX R,4535810.0,4536086 278 1055.9 536.6 1428
SSACC R,4536088.0,
ESACC R,4536088.0,4536110 24 1042.0 547.8 955.9 542.4 2.34 216
SFIX R,4536112.0,
EFIX R,4536112.0,4536434 324 983.8 551.2 1417
SSACC R,4536436.0,
SBLINK R,4536484.0,
EBLINK R,4536484.0,4536646 164
ESACC R,4536436.0,4536688 254 998.9 557.1 970.4 434.6 3.40 953
SFIX R,4536690.0,
EFIX R,4536690.0,4536832 144 958.7 493.4 1694
SSACC R,4536834.0,
ESACC R,4536834.0,4536858 26 945.4 531.0 1035.2 537.7 2.44 220
SFIX R,4536860.0,
EFIX R,4536860.0,4537688 830 988.6 555.1 1611
SSACC R,4537690.0,
ESACC R,4537690.0,4537700 12 972.0 575.0 991.1 558.5 0.68 73
SFIX R,4537702.0,
EFIX R,4537702.0,4538026 326 987.6 558.0 1682
SSACC R,4538028.0,
SBLINK R,4538068.0,
EBLINK R,4538068.0,4538214 148
ESACC R,4538028.0,4538262 236 997.6 560.4 1021.3 447.3 3.13 2156
SFIX R,4538264.0,
EFIX R,4538264.0,4538654 392 1033.4 541.1 1877
SSACC R,4538656.0,
ESACC R,4538656.0,4538674 20 1042.2 550.8 996.5 547.1 1.24 98
SFIX R,4538676.0,
EFIX R,4538676.0,4538824 150 1012.1 558.0 1780
SSACC R,4538826.0,
SBLINK R,4538888.0,
EBLINK R,4538888.0,4539082 196
ESACC R,4538826.0,4539122 298 1020.8 567.9 1053.3 458.3 3.09 1527
SFIX R,4539124.0,
EFIX R,4539124.0,4539410 288 1021.4 530.2 1771
SSACC R,4539412.0,
ESACC R,4539412.0,4539430 20 1009.0 537.3 1054.2 532.1 1.23 99
SFIX R,4539432.0,
EFIX R,4539432.0,4540004 574 1030.3 535.1 1506
SSACC R,4540006.0,
ESACC R,4540006.0,4540024 20 1008.8 531.2 983.0 536.3 0.71 82
SFIX R,4540026.0,
EFIX R,4540026.0,4540152 128 985.5 530.6 1424
SSACC R,4540154.0,
SBLINK R,4540184.0,
EBLINK R,4540184.0,4540354 172
ESACC R,4540154.0,4540384 232 981.6 539.0 1009.0 414.6 3.45 425
SFIX R,4540386.0,
EFIX R,4540386.0,4541094 710 1000.1 525.1 1509
SSACC R,4541096.0,
ESACC R,4541096.0,4541116 22 992.7 546.0 1077.1 536.4 2.30 189
SFIX R,4541118.0,
EFIX R,4541118.0,4541164 48 1082.5 534.9 1424
SSACC R,4541166.0,
ESACC R,4541166.0,4541174 10 1079.1 531.5 1083.0 510.9 0.57 68
SFIX R,4541176.0,
EFIX R,4541176.0,4541230 56 1084.6 495.2 1522
SSACC R,4541232.0,
SBLINK R,4541252.0,
EBLINK R,4541252.0,4541400 150
ESACC R,4541232.0,4541430 200 1086.5 484.3 1083.4 405.7 2.12 326
SFIX R,4541432.0,
EFIX R,4541432.0,4541912 482 1071.1 503.0 1672
SSACC R,4541914.0,
ESACC R,4541914.0,4541940 28 1059.4 526.0 1007.0 531.9 1.43 185
SFIX R,4541942.0,
EFIX R,4541942.0,4542198 258 997.4 537.4 1617
SSACC R,4542200.0,
SBLINK R,4542242.0,
EBLINK R,4542242.0,4542370 130
ESACC R,4542200.0,4542404 206 996.5 546.8 1062.3 437.0 3.46 1803
SFIX R,4542406.0,
EFIX R,4542406.0,4543234 830 1017.8 530.0 1602
SSACC R,4543236.0,
ESACC R,4543236.0,4543248 14 992.3 542.5 1023.8 550.1 0.88 74
SFIX R,4543250.0,
EFIX R,4543250.0,4544110 862 1030.1 573.8 1518
SSACC R,4544112.0,
ESACC R,4544112.0,4544132 22 1023.4 579.9 968.1 547.7 1.73 152
SFIX R,4544134.0,
EFIX R,4544134.0,4544340 208 976.0 548.6 1551
SSACC R,4544342.0,
ESACC R,4544342.0,4544358 18 979.3 549.6 1028.4 544.6 1.34 126
SFIX R,4544360.0,
EFIX R,4544360.0,4544566 208 1024.5 542.8 1498
SSACC R,4544568.0,
ESACC R,4544568.0,4544588 22 1021.3 540.0 967.3 528.5 1.50 121
SFIX R,4544590.0,
EFIX R,4544590.0,4544990 402 977.4 536.5 1566
SSACC R,4544992.0,
SBLINK R,4545036.0,
EBLINK R,4545036.0,4545162 128
ESACC R,4544992.0,4545196 206 980.0 543.6 1022.4 463.6 2.45 958
SFIX R,4545198.0,
EFIX R,4545198.0,4545228 32 1016.6 483.5 1663
SSACC R,4545230.0,
ESACC R,4545230.0,4545240 12 1012.7 502.4 1002.8 520.8 0.57 57
SFIX R,4545242.0,
EFIX R,4545242.0,4545630 390 983.3 541.7 1477
SSACC R,4545632.0,
ESACC R,4545632.0,4545644 14 982.5 540.3 1012.9 546.7 0.84 79
SFIX R,4545646.0,
EFIX R,4545646.0,4545810 166 1015.0 546.8 1256
SSACC R,4545812.0,
ESACC R,4545812.0,4545846 36 1017.0 547.3 923.3 557.1 2.55 201
SFIX R,4545848.0,
EFIX R,4545848.0,4545934 88 938.2 554.4 1218
SSACC R,4545936.0,
ESACC R,4545936.0,4545952 18 944.9 555.7 989.1 549.1 1.21 97
SFIX R,4545954.0,
EFIX R,4545954.0,4546156 204 988.6 547.4 1247
SSACC R,4546158.0,
ESACC R,4546158.0,4546168 12 989.1 547.1 1006.9 535.2 0.58 63
SFIX R,4546170.0,
EFIX R,4546170.0,4546390 222 1006.8 534.3 1298
SSACC R,4546392.0,
ESACC R,4546392.0,4546400 10 1002.1 526.4 986.3 524.3 0.43 58
SFIX R,4546402.0,
EFIX R,4546402.0,4547296 896 993.4 534.7 1244
SSACC R,4547298.0,
ESACC R,4547298.0,4547308 12 989.1 533.1 967.9 534.1 0.58 61
SFIX R,4547310.0,
EFIX R,4547310.0,4547460 152 968.4 539.7 1091
SSACC R,4547462.0,
SBLINK R,4547486.0,
EBLINK R,4547486.0,4547664 180
ESACC R,4547462.0,4547706 246 969.4 549.4 1051.2 467.4 3.14 496
SFIX R,4547708.0,
EFIX R,4547708.0,4547736 30 1042.6 486.3 1200
SSACC R,4547738.0,
ESACC R,4547738.0,4547746 10 1030.5 508.3 1022.8 527.7 0.57 74
SFIX R,4547748.0,
EFIX R,4547748.0,4548076 330 1008.9 541.9 1129
SSACC R,4548078.0,
ESACC R,4548078.0,4548086 10 1006.6 533.4 995.0 523.7 0.41 50
SFIX R,4548088.0,
EFIX R,4548088.0,4548550 464 997.0 527.9 1013
SSACC R,4548552.0,
SBLINK R,4548590.0,
EBLINK R,4548590.0,4548746 158
ESACC R,4548552.0,4548790 240 997.2 550.4 1051.4 477.2 2.47 544
SFIX R,4548792.0,
EFIX R,4548792.0,4548824 34 1045.3 495.5 1229
SSACC R,4548826.0,
ESACC R,4548826.0,4548834 10 1038.3 517.5 1032.2 533.1 0.45 58
SFIX R,4548836.0,
EFIX R,4548836.0,4549052 218 1021.9 562.8 1204
SSACC R,4549054.0,
ESACC R,4549054.0,4549120 68 1019.1 563.5 1480.8 740.4 13.00 312
SFIX R,4549122.0,
EFIX R,4549122.0,4549274 154 1466.9 730.4 1246
SSACC R,4549276.0,
ESACC R,4549276.0,4549336 62 1451.9 728.8 943.5 536.9 14.34 565
SFIX R,4549338.0,
EFIX R,4549338.0,4549578 242 935.0 528.9 1188
SSACC R,4549580.0,
ESACC R,4549580.0,4549602 24 935.3 533.4 992.5 527.7 1.56 123
SFIX R,4549604.0,
EFIX R,4549604.0,4550452 850 986.9 542.7 1317
SSACC R,4550454.0,
ESACC R,4550454.0,4550472 20 988.6 553.5 1051.1 555.1 1.69 139
SFIX R,4550474.0,
EFIX R,4550474.0,4550740 268 1054.9 560.5 1425
SSACC R,4550742.0,
ESACC R,4550742.0,4550764 24 1047.8 563.3 955.5 568.1 2.50 192
SFIX R,4550766.0,
EFIX R,4550766.0,4550858 94 977.2 573.2 1466
SSACC R,4550860.0,
SBLINK R,4550898.0,
EBLINK R,4550898.0,4551068 172
ESACC R,4550860.0,4551112 254 979.9 580.4 1064.1 567.0 2.31 176
SFIX R,4551114.0,
EFIX R,4551114.0,4551350 238 1048.6 611.6 1544
SSACC R,4551352.0,
ESACC R,4551352.0,4551420 70 1029.6 650.6 1468.5 1134.7 16.84 387
SFIX R,4551422.0,
EFIX R,4551422.0,4551902 482 1440.1 1149.8 1361
SSACC R,4551904.0,
ESACC R,4551904.0,4552020 118 1447.0 1191.0 988.3 424.2 22.91 698
SFIX R,4552022.0,
EFIX R,4552022.0,4552190 170 971.7 462.2 1341
SSACC R,4552192.0,
ESACC R,4552192.0,4552224 34 964.4 475.5 985.1 550.8 2.12 294
SFIX R,4552226.0,
EFIX R,4552226.0,4554458 2234 963.8 561.6 1612
SSACC R,4554460.0,
ESACC R,4554460.0,4554472 14 941.0 574.8 967.6 564.4 0.77 73
SFIX R,4554474.0,
EFIX R,4554474.0,4554724 252 957.3 564.9 1499
SSACC R,4554726.0,
SBLINK R,4554756.0,
EBLINK R,4554756.0,4554944 190
ESACC R,4554726.0,4554982 258 955.4 574.4 1004.4 475.3 3.00 365
SFIX R,4554984.0,
EFIX R,4554984.0,4555712 730 995.8 558.0 1413
SSACC R,4555714.0,
ESACC R,4555714.0,4555742 30 999.0 571.2 928.9 580.4 1.92 255
SFIX R,4555744.0,
EFIX R,4555744.0,4555940 198 919.3 578.8 1395
SSACC R,4555942.0,
ESACC R,4555942.0,4555964 24 922.4 576.1 977.0 569.0 1.49 127
SFIX R,4555966.0,
EFIX R,4555966.0,4556432 468 971.8 572.7 1486
SSACC R,4556434.0,
ESACC R,4556434.0,4556454 22 986.8 583.1 917.0 546.2 2.14 208
SFIX R,4556456.0,
EFIX R,4556456.0,4556634 180 931.2 544.2 1565
SSACC R,4556636.0,
ESACC R,4556636.0,4556656 22 936.9 549.4 999.5 556.5 1.71 148
SFIX R,4556658.0,
EFIX R,4556658.0,4557060 404 999.1 570.1 1619
SSACC R,4557062.0,
ESACC R,4557062.0,4557084 24 1004.7 578.1 946.8 560.2 1.64 159
SFIX R,4557086.0,
EFIX R,4557086.0,4557302 218 958.4 566.2 1665
SSACC R,4557304.0,
ESACC R,4557304.0,4557324 22 961.0 565.7 1011.5 569.6 1.37 117
SFIX R,4557326.0,
EFIX R,4557326.0,4558258 934 999.6 576.2 1634
SSACC R,4558260.0,
ESACC R,4558260.0,4558278 20 1003.1 569.3 1057.1 579.7 1.49 124
SFIX R,4558280.0,
EFIX R,4558280.0,4558474 196 1048.7 573.8 1572
SSACC R,4558476.0,
ESACC R,4558476.0,4558496 22 1045.5 574.1 972.9 555.1 2.03 186
SFIX R,4558498.0,
EFIX R,4558498.0,4558750 254 976.6 565.3 1538
SSACC R,4558752.0,
ESACC R,4558752.0,4558774 24 973.0 570.7 1040.3 575.8 1.83 147
SFIX R,4558776.0,
EFIX R,4558776.0,4560010 1236 1024.9 570.3 1490
SSACC R,4560012.0,
ESACC R,4560012.0,4560024 14 989.1 589.0 1015.2 593.2 0.72 76
SFIX R,4560026.0,
EFIX R,4560026.0,4560104 80 1006.4 600.2 1279
SSACC R,4560106.0,
SBLINK R,4560160.0,
EBLINK R,4560160.0,4560288 130
ESACC R,4560106.0,4560370 266 997.2 608.7 1031.6 523.3 2.50 3270
SFIX R,4560372.0,
EFIX R,4560372.0,4560528 158 973.7 590.2 1390
SSACC R,4560530.0,
ESACC R,4560530.0,4560558 30 951.0 622.9 922.5 575.7 1.49 221
SFIX R,4560560.0,
EFIX R,4560560.0,4560804 246 908.3 595.9 1327
SSACC R,4560806.0,
SBLINK R,4560816.0,
EBLINK R,4560816.0,4561468 654
ESACC R,4560806.0,4561476 672 951.0 622.9 922.5 575.7 1.49 0
SFIX R,4561478.0,
EFIX R,4561478.0,4561580 104 907.3 606.7 1490
SSACC R,4561582.0,
SBLINK R,4561616.0,
EBLINK R,4561616.0,4561776 162
ESACC R,4561582.0,4561824 244 910.4 575.0 962.9 545.3 1.63 1150
SFIX R,4561826.0,
EFIX R,4561826.0,4562206 382 961.5 615.1 1667
SSACC R,4562208.0,
ESACC R,4562208.0,4562226 20 943.9 619.9 988.9 600.8 1.32 122
SFIX R,4562228.0,
EFIX R,4562228.0,4562694 468 972.3 582.5 1495
SSACC R,4562696.0,
SBLINK R,4562730.0,
EBLINK R,4562730.0,4562860 132
ESACC R,4562696.0,4562918 224 964.9 579.9 986.1 511.8 1.93 530
SFIX R,4562920.0,
EFIX R,4562920.0,4563228 310 976.5 597.1 1552
SSACC R,4563230.0,
ESACC R,4563230.0,4563248 20 977.1 607.3 1011.2 575.7 1.26 99
SFIX R,4563250.0,
EFIX R,4563250.0,4563500 252 987.0 571.3 1495
SSACC R,4563502.0,
ESACC R,4563502.0,4563516 16 973.0 568.2 946.2 560.5 0.76 79
SFIX R,4563518.0,
EFIX R,4563518.0,4563814 298 953.0 572.1 1447
SSACC R,4563816.0,
ESACC R,4563816.0,4563830 16 955.8 574.4 987.3 563.8 0.90 87
SFIX R,4563832.0,
EFIX R,4563832.0,4564144 314 982.5 566.4 1523
SSACC R,4564146.0,
ESACC R,4564146.0,4564162 18 981.3 566.2 956.6 568.3 0.67 80
SFIX R,4564164.0,
EFIX R,4564164.0,4564450 288 963.8 570.1 1570
SSACC R,4564452.0,
ESACC R,4564452.0,4564464 14 973.7 570.4 1002.9 569.2 0.79 73
SFIX R,4564466.0,
EFIX R,4564466.0,4564696 232 1001.5 572.7 1599
SSACC R,4564698.0,
SBLINK R,4564744.0,
EBLINK R,4564744.0,4564842 100
ESACC R,4564698.0,4564882 186 1007.1 573.7 995.8 487.4 2.36 1812
SFIX R,4564884.0,
EFIX R,4564884.0,4564936 54 992.9 490.7 1726
SSACC R,4564938.0,
ESACC R,4564938.0,4564942 6 992.1 513.2 991.9 517.6 0.12 47
SFIX R,4564944.0,
EFIX R,4564944.0,4565102 160 980.5 554.8 1626
SSACC R,4565104.0,
SBLINK R,4565158.0,
EBLINK R,4565158.0,4565312 156
ESACC R,4565104.0,4565372 270 981.3 559.8 911.8 430.9 3.96 3270
SFIX R,4565374.0,
EFIX R,4565374.0,4565514 142 901.8 530.2 1513
SSACC R,4565516.0,
ESACC R,4565516.0,4565536 22 900.2 557.6 973.4 560.7 1.99 168
SFIX R,4565538.0,
EFIX R,4565538.0,4565978 442 972.6 562.6 1389
SSACC R,4565980.0,
ESACC R,4565980.0,4566094 116 969.9 558.9 1996.0 894.6 26.15 386
SFIX R,4566096.0,
EFIX R,4566096.0,4566230 136 1978.7 888.0 1147
SSACC R,4566232.0,
ESACC R,4566232.0,4566314 84 1969.7 882.5 962.8 583.9 25.54 557
SFIX R,4566316.0,
EFIX R,4566316.0,4566938 624 937.3 570.1 1129
SSACC R,4566940.0,
ESACC R,4566940.0,4566970 32 931.5 577.0 974.7 563.4 1.23 156
SFIX R,4566972.0,
EFIX R,4566972.0,4567402 432 979.8 571.6 1258
SSACC R,4567404.0,
SBLINK R,4567434.0,
EBLINK R,4567434.0,4567542 110
ESACC R,4567404.0,4567580 178 982.8 590.2 1013.6 472.3 3.30 3270
SFIX R,4567582.0,
EFIX R,4567582.0,4567610 30 1006.7 464.5 1502
SSACC R,4567612.0,
ESACC R,4567612.0,4567616 6 998.3 487.5 997.0 497.9 0.28 61
SFIX R,4567618.0,
EFIX R,4567618.0,4569694 2078 968.1 566.7 1474
SSACC R,4569696.0,
ESACC R,4569696.0,4569730 36 942.4 585.3 1028.4 586.5 2.33 175
SFIX R,4569732.0,
EFIX R,4569732.0,4569982 252 1020.6 593.8 1548
SSACC R,4569984.0,
ESACC R,4569984.0,4570012 30 1025.4 603.6 975.2 604.6 1.36 197
SFIX R,4570014.0,
EFIX R,4570014.0,4570426 414 964.2 605.1 1530
SSACC R,4570428.0,
ESACC R,4570428.0,4570446 20 948.5 606.6 921.5 598.7 0.76 94
SFIX R,4570448.0,
EFIX R,4570448.0,4571182 736 924.1 590.4 1549
SSACC R,4571184.0,
ESACC R,4571184.0,4571204 22 920.3 594.2 980.9 586.3 1.66 151
SFIX R,4571206.0,
EFIX R,4571206.0,4571412 208 978.9 593.1 1558
SSACC R,4571414.0,
ESACC R,4571414.0,4571436 24 976.1 595.3 917.9 592.4 1.58 174
SFIX R,4571438.0,
EFIX R,4571438.0,4571936 500 927.0 594.5 1561
SSACC R,4571938.0,
ESACC R,4571938.0,4571974 38 926.5 599.3 1029.9 615.4 2.84 172
SFIX R,4571976.0,
EFIX R,4571976.0,4572192 218 1016.0 612.1 1511
SSACC R,4572194.0,
ESACC R,4572194.0,4572216 24 1015.0 612.9 927.6 597.6 2.40 194
SFIX R,4572218.0,
EFIX R,4572218.0,4572504 288 941.6 600.1 1470
SSACC R,4572506.0,
SBLINK R,4572556.0,
EBLINK R,4572556.0,4572692 138
ESACC R,4572506.0,4572734 230 947.2 604.7 952.7 492.8 3.04 2360
SFIX R,4572736.0,
EFIX R,4572736.0,4573382 648 929.8 577.5 1431
SSACC R,4573384.0,
ESACC R,4573384.0,4573406 24 939.7 565.2 1025.3 572.1 2.33 175
SFIX R,4573408.0,
EFIX R,4573408.0,4573598 192 1019.5 568.6 1240
SSACC R,4573600.0,
ESACC R,4573600.0,4573632 34 1017.2 571.5 950.1 552.4 1.89 253
SFIX R,4573634.0,
EFIX R,4573634.0,4574144 512 946.1 553.8 1368
SSACC R,4574146.0,
SBLINK R,4574200.0,
EBLINK R,4574200.0,4574378 180
ESACC R,4574146.0,4574494 350 951.4 557.7 1004.9 534.5 1.58 660
SFIX R,4574496.0,
EFIX R,4574496.0,4574920 426 987.9 609.9 1476
SSACC R,4574922.0,
ESACC R,4574922.0,4574954 34 972.0 616.2 955.2 565.9 1.44 128
SFIX R,4574956.0,
EFIX R,4574956.0,4575460 506 954.8 567.1 1298
SSACC R,4575462.0,
SBLINK R,4575504.0,
EBLINK R,4575504.0,4575598 96
ESACC R,4575462.0,4575652 192 965.5 573.7 1004.3 475.4 2.86 1343
SFIX R,4575654.0,
EFIX R,4575654.0,4576338 686 966.2 568.8 1434
SSACC R,4576340.0,
ESACC R,4576340.0,4576358 20 968.3 584.8 1027.6 579.7 1.61 147
SFIX R,4576360.0,
EFIX R,4576360.0,4576700 342 1027.2 587.4 1412
SSACC R,4576702.0,
ESACC R,4576702.0,4576730 30 1027.2 596.7 970.9 594.3 1.53 205
SFIX R,4576732.0,
EFIX R,4576732.0,4577276 546 965.2 601.4 1453
SSACC R,4577278.0,
ESACC R,4577278.0,4577308 32 963.4 608.9 1021.0 619.5 1.59 62
SFIX R,4577310.0,
EFIX R,4577310.0,4577572 264 1013.6 623.7 1381
SSACC R,4577574.0,
ESACC R,4577574.0,4577600 28 1014.1 626.5 952.8 623.2 1.66 94
SFIX R,4577602.0,
EFIX R,4577602.0,4578384 784 967.7 617.5 1371
SSACC R,4578386.0,
ESACC R,4578386.0,4578454 70 963.0 616.1 1310.3 726.8 9.74 212
SFIX R,4578456.0,
EFIX R,4578456.0,4580440 1986 1283.3 707.9 1493
SSACC R,4580442.0,
ESACC R,4580442.0,4580504 64 1269.7 703.4 970.9 595.1 8.51 341
SFIX R,4580506.0,
EFIX R,4580506.0,4580762 258 964.4 587.6 1561
SSACC R,4580764.0,
ESACC R,4580764.0,4580784 22 962.7 589.9 958.7 569.7 0.56 88
SFIX R,4580786.0,
EFIX R,4580786.0,4581134 350 959.3 578.6 1576
SSACC R,4581136.0,
ESACC R,4581136.0,4581146 12 956.2 581.8 976.6 569.0 0.65 68
SFIX R,4581148.0,
EFIX R,4581148.0,4581420 274 974.9 568.3 1553
SSACC R,4581422.0,
ESACC R,4581422.0,4581446 26 972.3 570.8 933.2 571.4 1.06 147
SFIX R,4581448.0,
EFIX R,4581448.0,4581698 252 933.9 571.1 1551
SSACC R,4581700.0,
ESACC R,4581700.0,4581716 18 936.5 570.0 974.9 567.5 1.04 90
SFIX R,4581718.0,
EFIX R,4581718.0,4581910 194 970.5 565.6 1582
SSACC R,4581912.0,
SBLINK R,4581952.0,
EBLINK R,4581952.0,4582072 122
ESACC R,4581912.0,4582124 214 971.4 569.2 974.1 505.5 1.73 437
SFIX R,4582126.0,
EFIX R,4582126.0,4582528 404 935.3 573.0 1550
SSACC R,4582530.0,
ESACC R,4582530.0,4582542 14 924.4 572.8 949.6 551.6 0.89 83
SFIX R,4582544.0,
EFIX R,4582544.0,4584294 1752 942.9 562.6 1317
SSACC R,4584296.0,
ESACC R,4584296.0,4584306 12 946.8 567.5 970.5 560.9 0.67 69
SFIX R,4584308.0,
EFIX R,4584308.0,4584566 260 970.3 558.2 1290
SSACC R,4584568.0,
ESACC R,4584568.0,4584586 20 972.8 560.1 938.3 562.6 0.94 94
SFIX R,4584588.0,
EFIX R,4584588.0,4585210 624 952.7 561.3 1293
SSACC R,4585212.0,
ESACC R,4585212.0,4585228 18 952.5 564.3 998.2 555.4 1.26 111
SFIX R,4585230.0,
EFIX R,4585230.0,4585486 258 993.0 549.3 1249
SSACC R,4585488.0,
ESACC R,4585488.0,4585510 24 986.8 545.9 922.7 534.5 1.76 146
SFIX R,4585512.0,
EFIX R,4585512.0,4585870 360 935.9 525.3 1250
SSACC R,4585872.0,
ESACC R,4585872.0,4585888 18 943.3 527.8 984.1 535.7 1.13 90
SFIX R,4585890.0,
EFIX R,4585890.0,4586132 244 985.4 537.4 1207
SSACC R,4586134.0,
ESACC R,4586134.0,4586152 20 983.4 544.8 929.0 541.4 1.48 133
SFIX R,4586154.0,
EFIX R,4586154.0,4586650 498 941.1 544.0 1228
SSACC R,4586652.0,
ESACC R,4586652.0,4586666 16 939.1 546.4 968.0 540.7 0.80 65
SFIX R,4586668.0,
EFIX R,4586668.0,4587440 774 966.5 553.9 1244
SSACC R,4587442.0,
ESACC R,4587442.0,4587460 20 970.1 557.6 1034.7 553.0 1.76 134
SFIX R,4587462.0,
EFIX R,4587462.0,4587884 424 1040.7 551.0 1285
SSACC R,4587886.0,
ESACC R,4587886.0,4587906 22 1033.3 555.4 949.2 543.1 2.30 210
SFIX R,4587908.0,
EFIX R,4587908.0,4589044 1138 955.1 549.5 1438
SSACC R,4589046.0,
ESACC R,4589046.0,4589056 12 949.2 554.2 972.7 551.1 0.64 68
SFIX R,4589058.0,
EFIX R,4589058.0,4589334 278 968.3 551.7 1451
SSACC R,4589336.0,
ESACC R,4589336.0,4589350 16 954.7 551.8 927.4 543.6 0.77 72
SFIX R,4589352.0,
EFIX R,4589352.0,4589526 176 933.1 542.8 1411
SSACC R,4589528.0,
ESACC R,4589528.0,4589544 18 931.9 545.8 973.5 550.3 1.13 92
SFIX R,4589546.0,
EFIX R,4589546.0,4589750 206 971.4 546.8 1376
SSACC R,4589752.0,
ESACC R,4589752.0,4589762 12 967.5 545.9 943.1 539.8 0.68 72
SFIX R,4589764.0,
EFIX R,4589764.0,4590298 536 949.0 543.6 1370
SSACC R,4590300.0,
ESACC R,4590300.0,4590312 14 956.2 549.7 983.9 546.7 0.76 70
SFIX R,4590314.0,
EFIX R,4590314.0,4590520 208 987.7 543.9 1353
SSACC R,4590522.0,
ESACC R,4590522.0,4590538 18 982.9 542.3 931.0 536.3 1.42 132
SFIX R,4590540.0,
EFIX R,4590540.0,4590742 204 942.2 535.9 1349
SSACC R,4590744.0,
ESACC R,4590744.0,4590758 16 950.6 536.1 983.9 535.0 0.90 73
SFIX R,4590760.0,
EFIX R,4590760.0,4590962 204 991.3 537.9 1318
SSACC R,4590964.0,
ESACC R,4590964.0,4590982 20 985.5 540.3 936.5 536.3 1.33 120
SFIX R,4590984.0,
EFIX R,4590984.0,4591272 290 945.5 535.2 1298
SSACC R,4591274.0,
ESACC R,4591274.0,4591290 18 949.9 534.2 994.4 538.6 1.21 103
SFIX R,4591292.0,
EFIX R,4591292.0,4591756 466 983.9 541.0 1274
SSACC R,4591758.0,
ESACC R,4591758.0,4591774 18 972.8 541.2 935.0 531.8 1.06 81
SFIX R,4591776.0,
EFIX R,4591776.0,4591982 208 938.9 537.0 1317
SSACC R,4591984.0,
ESACC R,4591984.0,4591998 16 944.6 542.3 979.9 545.1 0.96 83
SFIX R,4592000.0,
EFIX R,4592000.0,4592228 230 983.8 545.5 1281
SSACC R,4592230.0,
SBLINK R,4592274.0,
EBLINK R,4592274.0,4592416 144
ESACC R,4592230.0,4592476 248 991.8 557.0 995.4 449.3 2.92 656
SFIX R,4592478.0,
EFIX R,4592478.0,4593052 576 956.9 528.4 1165
SSACC R,4593054.0,
ESACC R,4593054.0,4593068 16 951.3 520.1 990.8 523.2 1.07 99
SFIX R,4593070.0,
EFIX R,4593070.0,4593236 168 996.8 526.8 951
SSACC R,4593238.0,
ESACC R,4593238.0,4593256 20 996.2 532.6 943.5 523.8 1.45 128
SFIX R,4593258.0,
EFIX R,4593258.0,4594056 800 950.3 534.4 1003
SSACC R,4594058.0,
ESACC R,4594058.0,4594068 12 958.1 531.0 981.6 533.6 0.64 67
SFIX R,4594070.0,
EFIX R,4594070.0,4594154 86 989.2 537.8 983
SSACC R,4594156.0,
SBLINK R,4594178.0,
EBLINK R,4594178.0,4594334 158
ESACC R,4594156.0,4594398 244 998.2 556.9 972.7 487.8 2.00 1737
SFIX R,4594400.0,
EFIX R,4594400.0,4595194 796 955.8 544.0 1044
SSACC R,4595196.0,
SBLINK R,4595232.0,
EBLINK R,4595232.0,4595364 134
ESACC R,4595196.0,4595422 228 1000.8 529.2 1007.5 345.2 4.97 818
SFIX R,4595424.0,
EFIX R,4595424.0,4595608 186 985.6 448.3 1405
SSACC R,4595610.0,
ESACC R,4595610.0,4595634 26 964.7 501.6 1049.9 507.6 2.31 171
SFIX R,4595636.0,
EFIX R,4595636.0,4595986 352 1037.4 530.8 1529
SSACC R,4595988.0,
ESACC R,4595988.0,4596002 16 1039.6 532.8 1011.6 513.8 0.92 90
SFIX R,4596004.0,
EFIX R,4596004.0,4596330 328 1008.1 512.8 1507
SSACC R,4596332.0,
SBLINK R,4596368.0,
EBLINK R,4596368.0,4596504 138
ESACC R,4596332.0,4596548 218 1003.6 512.3 1062.1 394.3 3.56 1847
SFIX R,4596550.0,
EFIX R,4596550.0,4597376 828 1033.7 497.5 1563
SSACC R,4597378.0,
ESACC R,4597378.0,4597424 48 1016.7 518.9 1293.6 553.2 7.47 274
SFIX R,4597426.0,
EFIX R,4597426.0,4597648 224 1286.4 554.9 1547
SSACC R,4597650.0,
ESACC R,4597650.0,4597682 34 1280.8 551.0 1149.1 527.7 3.57 210
SFIX R,4597684.0,
EFIX R,4597684.0,4597838 156 1162.9 521.5 1607
SSACC R,4597840.0,
ESACC R,4597840.0,4597884 46 1163.3 517.5 1020.4 524.6 3.86 312
SFIX R,4597886.0,
EFIX R,4597886.0,4598082 198 1015.5 518.8 1610
SSACC R,4598084.0,
SBLINK R,4598138.0,
EBLINK R,4598138.0,4598186 50
ESACC R,4598084.0,4598236 154 1012.6 526.1 1060.4 403.3 3.56 2295
SFIX R,4598238.0,
EFIX R,4598238.0,4598982 746 1020.3 519.0 1673
SSACC R,4598984.0,
ESACC R,4598984.0,4599014 32 1005.6 549.4 1139.2 563.9 3.63 214
SFIX R,4599016.0,
EFIX R,4599016.0,4599218 204 1130.9 572.0 1544
SSACC R,4599220.0,
ESACC R,4599220.0,4599256 38 1132.7 572.4 1024.7 536.9 3.07 205
SFIX R,4599258.0,
EFIX R,4599258.0,4599472 216 1045.7 536.2 1584
SSACC R,4599474.0,
ESACC R,4599474.0,4599500 28 1044.8 535.1 1010.9 533.0 0.92 158
SFIX R,4599502.0,
EFIX R,4599502.0,4600134 634 1004.1 520.0 1623
SSACC R,4600136.0,
ESACC R,4600136.0,4600170 36 1005.1 508.7 1128.7 540.3 3.45 223
SFIX R,4600172.0,
EFIX R,4600172.0,4600312 142 1116.2 536.3 1719
SSACC R,4600314.0,
ESACC R,4600314.0,4600334 22 1117.3 533.5 1034.6 510.5 2.32 222
SFIX R,4600336.0,
EFIX R,4600336.0,4600582 248 1035.9 508.2 1732
SSACC R,4600584.0,
ESACC R,4600584.0,4600600 18 1033.1 498.7 1010.4 499.9 0.62 72
SFIX R,4600602.0,
EFIX R,4600602.0,4601554 954 1011.9 511.4 1818
SSACC R,4601556.0,
ESACC R,4601556.0,4601574 20 1005.7 529.6 1042.4 525.0 1.00 99
SFIX R,4601576.0,
EFIX R,4601576.0,4601762 188 1031.9 526.4 1802
SSACC R,4601764.0,
ESACC R,4601764.0,4601780 18 1029.7 523.0 1002.8 522.8 0.73 84
SFIX R,4601782.0,
EFIX R,4601782.0,4603004 1224 1004.3 529.0 1867
SSACC R,4603006.0,
ESACC R,4603006.0,4603012 8 1000.4 530.8 1015.0 532.1 0.40 56
SFIX R,4603014.0,
EFIX R,4603014.0,4603256 244 1013.0 532.9 1692
SSACC R,4603258.0,
ESACC R,4603258.0,4603266 10 1008.0 530.9 988.0 529.6 0.54 64
SFIX R,4603268.0,
EFIX R,4603268.0,4603576 310 991.8 529.8 1699
SSACC R,4603578.0,
ESACC R,4603578.0,4603584 8 992.2 524.6 1004.1 524.2 0.32 47
SFIX R,4603586.0,
EFIX R,4603586.0,4604512 928 998.4 531.2 1608
SSACC R,4604514.0,
ESACC R,4604514.0,4604524 12 990.2 540.0 1012.3 535.6 0.61 63
SFIX R,4604526.0,
EFIX R,4604526.0,4604750 226 1013.7 534.3 1479
SSACC R,4604752.0,
ESACC R,4604752.0,4604770 20 1015.2 532.4 983.1 527.1 0.88 93
SFIX R,4604772.0,
EFIX R,4604772.0,4605482 712 991.4 531.7 1468
SSACC R,4605484.0,
ESACC R,4605484.0,4605496 14 994.0 533.9 1022.8 525.1 0.82 77
SFIX R,4605498.0,
EFIX R,4605498.0,4605734 238 1021.0 525.4 1444
SSACC R,4605736.0,
ESACC R,4605736.0,4605746 12 1020.3 522.9 1003.2 514.3 0.52 57
SFIX R,4605748.0,
EFIX R,4605748.0,4606634 888 1006.6 521.5 1507
SSACC R,4606636.0,
ESACC R,4606636.0,4606654 20 1014.5 523.9 978.8 520.2 0.97 81
SFIX R,4606656.0,
EFIX R,4606656.0,4606862 208 995.7 523.2 1372
SSACC R,4606864.0,
ESACC R,4606864.0,4606908 46 999.4 524.3 1116.3 550.2 3.24 115
SFIX R,4606910.0,
EFIX R,4606910.0,4607068 160 1108.6 543.8 1345
SSACC R,4607070.0,
ESACC R,4607070.0,4607106 38 1110.6 545.4 991.2 515.0 3.33 221
SFIX R,4607108.0,
EFIX R,4607108.0,4608356 1250 1018.2 517.7 1399
SSACC R,4608358.0,
ESACC R,4608358.0,4608396 40 1015.3 528.0 1138.0 552.5 3.38 144
SFIX R,4608398.0,
EFIX R,4608398.0,4609728 1332 1123.5 568.3 1497
SSACC R,4609730.0,
ESACC R,4609730.0,4609766 38 1109.7 584.2 1030.9 552.5 2.30 166
SFIX R,4609768.0,
EFIX R,4609768.0,4610016 250 1037.3 561.7 1542
SSACC R,4610018.0,
ESACC R,4610018.0,4610036 20 1027.9 559.4 982.5 547.8 1.27 126
SFIX R,4610038.0,
EFIX R,4610038.0,4610304 268 991.4 547.7 1570
SSACC R,4610306.0,
ESACC R,4610306.0,4610326 22 991.4 550.8 1066.2 558.4 2.03 162
SFIX R,4610328.0,
EFIX R,4610328.0,4610512 186 1059.4 563.4 1578
SSACC R,4610514.0,
ESACC R,4610514.0,4610532 20 1057.8 565.7 1012.2 544.2 1.37 109
SFIX R,4610534.0,
EFIX R,4610534.0,4611454 922 1016.8 549.1 1574
SSACC R,4611456.0,
ESACC R,4611456.0,4611480 26 1014.1 555.4 1082.1 543.4 1.87 123
SFIX R,4611482.0,
EFIX R,4611482.0,4611542 62 1124.3 541.8 1494
SSACC R,4611544.0,
ESACC R,4611544.0,4611694 152 1133.6 543.0 1000.4 534.1 3.61 227
SFIX R,4611696.0,
EFIX R,4611696.0,4611908 214 949.3 547.8 1498
SSACC R,4611910.0,
ESACC R,4611910.0,4611924 16 958.3 549.3 998.7 550.4 1.10 98
SFIX R,4611926.0,
EFIX R,4611926.0,4612350 426 995.4 549.1 1485
SSACC R,4612352.0,
ESACC R,4612352.0,4612366 16 999.7 553.4 1035.6 544.9 1.00 88
SFIX R,4612368.0,
EFIX R,4612368.0,4612606 240 1030.4 548.8 1325
SSACC R,4612608.0,
SBLINK R,4612638.0,
EBLINK R,4612638.0,4612800 164
ESACC R,4612608.0,4612910 304 1028.5 565.9 1092.4 568.3 1.73 260
SFIX R,4612912.0,
EFIX R,4612912.0,4613068 158 1083.0 578.9 1366
SSACC R,4613070.0,
ESACC R,4613070.0,4613094 26 1080.2 583.3 997.1 533.9 2.62 229
SFIX R,4613096.0,
EFIX R,4613096.0,4613502 408 1019.4 539.4 1259
SSACC R,4613504.0,
SBLINK R,4613540.0,
EBLINK R,4613540.0,4613698 160
ESACC R,4613504.0,4613742 240 1022.3 536.8 998.8 521.2 0.76 460
SFIX R,4613744.0,
EFIX R,4613744.0,4613914 172 966.1 598.6 1331
SSACC R,4613916.0,
ESACC R,4613916.0,4613936 22 954.9 639.1 1009.4 604.1 1.76 168
SFIX R,4613938.0,
EFIX R,4613938.0,4613986 50 996.3 610.9 1332
SSACC R,4613988.0,
SBLINK R,4614022.0,
EBLINK R,4614022.0,4614256 236
ESACC R,4613988.0,4614296 310 993.5 606.7 1051.1 505.6 3.15 3270
SFIX R,4614298.0,
EFIX R,4614298.0,4614572 276 1024.4 566.8 1473
SSACC R,4614574.0,
SBLINK R,4614616.0,
EBLINK R,4614616.0,4614786 172
ESACC R,4614574.0,4614822 250 1013.0 577.4 1027.8 484.1 2.56 726
SFIX R,4614824.0,
EFIX R,4614824.0,4614856 34 1017.4 512.4 1496
SSACC R,4614858.0,
ESACC R,4614858.0,4614862 6 1007.5 536.0 1003.6 548.1 0.34 75
SFIX R,4614864.0,
EFIX R,4614864.0,4615690 828 998.3 561.6 1407
SSACC R,4615692.0,
SBLINK R,4615726.0,
EBLINK R,4615726.0,4615872 148
ESACC R,4615692.0,4615912 222 988.3 557.3 1015.9 500.9 1.70 368
SFIX R,4615914.0,
EFIX R,4615914.0,4616646 734 970.7 576.4 1485
SSACC R,4616648.0,
ESACC R,4616648.0,4616668 22 962.9 588.2 1026.2 568.2 1.80 150
SFIX R,4616670.0,
EFIX R,4616670.0,4618100 1432 1035.5 575.1 1469
SSACC R,4618102.0,
ESACC R,4618102.0,4618154 54 1037.6 582.4 1217.3 665.3 5.32 150
SFIX R,4618156.0,
EFIX R,4618156.0,4618348 194 1202.8 656.1 1453
SSACC R,4618350.0,
ESACC R,4618350.0,4618394 46 1199.9 659.9 1000.3 574.8 5.84 364
SFIX R,4618396.0,
EFIX R,4618396.0,4618588 194 1018.8 582.4 1445
SSACC R,4618590.0,
ESACC R,4618590.0,4618610 22 1018.3 585.2 987.6 554.5 1.18 123
SFIX R,4618612.0,
EFIX R,4618612.0,4619096 486 986.0 567.8 1380
SSACC R,4619098.0,
SBLINK R,4619144.0,
EBLINK R,4619144.0,4619408 266
ESACC R,4619098.0,4619454 358 990.5 575.5 1028.2 515.2 1.93 1086
SFIX R,4619456.0,
EFIX R,4619456.0,4619846 392 998.8 591.0 1482
SSACC R,4619848.0,
ESACC R,4619848.0,4619866 20 986.8 605.0 1048.5 582.3 1.78 157
SFIX R,4619868.0,
EFIX R,4619868.0,4620292 426 1035.1 574.6 1219
SSACC R,4620294.0,
SBLINK R,4620324.0,
EBLINK R,4620324.0,4620476 154
ESACC R,4620294.0,4620520 228 1029.9 587.7 1038.8 490.3 2.65 375
SFIX R,4620522.0,
EFIX R,4620522.0,4621358 838 1006.0 579.0 1320
SSACC R,4621360.0,
ESACC R,4621360.0,4621384 26 982.2 605.4 1060.4 610.5 2.12 150
SFIX R,4621386.0,
EFIX R,4621386.0,4621446 62 1045.2 619.9 1216
SSACC R,4621448.0,
ESACC R,4621448.0,4621464 18 1044.5 616.3 1059.4 606.9 0.48 70
SFIX R,4621466.0,
EFIX R,4621466.0,4621722 258 1046.9 615.4 1281
SSACC R,4621724.0,
ESACC R,4621724.0,4621746 24 1040.8 625.3 983.5 589.7 1.83 149
SFIX R,4621748.0,
EFIX R,4621748.0,4622034 288 1008.0 576.5 1386
SSACC R,4622036.0,
SBLINK R,4622068.0,
EBLINK R,4622068.0,4622196 130
ESACC R,4622036.0,4622258 224 1019.6 584.8 1020.4 488.5 2.61 3270
SFIX R,4622260.0,
EFIX R,4622260.0,4622420 162 1006.3 550.0 1424
SSACC R,4622422.0,
ESACC R,4622422.0,4622486 66 1000.6 563.5 1442.0 1282.7 21.41 571
SFIX R,4622488.0,
EFIX R,4622488.0,4622628 142 1426.3 1265.2 1424
SSACC R,4622630.0,
ESACC R,4622630.0,4622666 38 1429.4 1254.6 1298.3 1188.3 3.65 293
SFIX R,4622668.0,
EFIX R,4622668.0,4623090 424 1310.8 1205.7 1386
SSACC R,4623092.0,
ESACC R,4623092.0,4623178 88 1317.4 1211.4 1035.8 634.1 16.51 426
SFIX R,4623180.0,
EFIX R,4623180.0,4623330 152 1026.2 631.1 1443
SSACC R,4623332.0,
ESACC R,4623332.0,4623368 38 1025.6 628.3 985.3 565.8 2.02 232
SFIX R,4623370.0,
EFIX R,4623370.0,4623990 622 1006.6 557.5 1623
SSACC R,4623992.0,
SBLINK R,4624036.0,
EBLINK R,4624036.0,4624106 72
ESACC R,4623992.0,4624132 142 1016.1 556.1 1033.6 475.8 2.23 3270
SFIX R,4624134.0,
EFIX R,4624134.0,4624500 368 997.5 563.5 1661
SSACC R,4624502.0,
ESACC R,4624502.0,4624518 18 983.8 572.1 1007.7 546.7 0.95 91
SFIX R,4624520.0,
EFIX R,4624520.0,4627118 2600 979.7 539.7 1395
SSACC R,4627120.0,
ESACC R,4627120.0,4627138 20 976.4 558.7 1009.6 552.1 0.92 109
SFIX R,4627140.0,
EFIX R,4627140.0,4627312 174 1006.1 553.5 1294
SSACC R,4627314.0,
ESACC R,4627314.0,4627334 22 1008.7 553.3 962.0 546.9 1.28 123
SFIX R,4627336.0,
EFIX R,4627336.0,4628462 1128 972.7 552.0 1350
SSACC R,4628464.0,
ESACC R,4628464.0,4628474 12 984.0 556.9 1001.0 547.6 0.53 52
SFIX R,4628476.0,
EFIX R,4628476.0,4628656 182 1004.4 550.3 1415
SSACC R,4628658.0,
ESACC R,4628658.0,4628670 14 1002.1 555.2 976.7 549.4 0.71 72
SFIX R,4628672.0,
EFIX R,4628672.0,4630038 1368 986.0 542.4 1289
SSACC R,4630040.0,
ESACC R,4630040.0,4630050 12 989.4 532.4 1004.7 517.3 0.58 60
SFIX R,4630052.0,
EFIX R,4630052.0,4631128 1078 995.3 526.6 1255
SSACC R,4631130.0,
ESACC R,4631130.0,4631140 12 995.8 535.0 1017.8 529.0 0.62 64
SFIX R,4631142.0,
EFIX R,4631142.0,4631350 210 1017.7 527.6 1301
SSACC R,4631352.0,
ESACC R,4631352.0,4631370 20 1017.8 527.5 976.3 515.4 1.17 99
SFIX R,4631372.0,
EFIX R,4631372.0,4631718 348 990.3 519.7 1322
SSACC R,4631720.0,
ESACC R,4631720.0,4631732 14 993.5 528.5 1023.8 526.8 0.82 79
SFIX R,4631734.0,
EFIX R,4631734.0,4631898 166 1019.7 534.5 1324
SSACC R,4631900.0,
ESACC R,4631900.0,4631922 24 1018.3 541.5 955.8 546.6 1.70 143
SFIX R,4631924.0,
EFIX R,4631924.0,4632104 182 968.7 548.6 1383
SSACC R,4632106.0,
SBLINK R,4632160.0,
EBLINK R,4632160.0,4632308 150
ESACC R,4632106.0,4632354 250 971.2 558.8 1029.8 448.7 3.38 494
SFIX R,4632356.0,
EFIX R,4632356.0,4632408 54 1017.5 478.9 1554
SSACC R,4632410.0,
ESACC R,4632410.0,4632416 8 1009.3 496.6 1005.3 503.9 0.23 40
SFIX R,4632418.0,
EFIX R,4632418.0,4632868 452 983.7 545.8 1439
SSACC R,4632870.0,
ESACC R,4632870.0,4632884 16 969.6 558.2 1001.2 561.1 0.86 68
SFIX R,4632886.0,
EFIX R,4632886.0,4633082 198 996.1 563.0 1250
SSACC R,4633084.0,
ESACC R,4633084.0,4633096 14 990.9 564.2 962.4 559.0 0.79 78
SFIX R,4633098.0,
EFIX R,4633098.0,4634120 1024 966.5 557.8 1290
SSACC R,4634122.0,
ESACC R,4634122.0,4634136 16 966.5 558.6 997.2 541.9 0.95 86
SFIX R,4634138.0,
EFIX R,4634138.0,4635322 1186 989.6 551.0 1454
SSACC R,4635324.0,
SBLINK R,4635382.0,
EBLINK R,4635382.0,4635476 96
ESACC R,4635324.0,4635512 190 1001.4 570.4 1024.7 477.7 2.59 3270
SFIX R,4635514.0,
EFIX R,4635514.0,4636060 548 993.8 549.0 1658
SSACC R,4636062.0,
ESACC R,4636062.0,4636076 16 981.6 572.5 1016.2 558.9 1.01 88
SFIX R,4636078.0,
EFIX R,4636078.0,4636880 804 996.4 562.5 1443
SSACC R,4636882.0,
SBLINK R,4636928.0,
EBLINK R,4636928.0,4636956 30
ESACC R,4636882.0,4636990 110 986.0 569.1 1023.3 435.9 3.74 333
SFIX R,4636992.0,
EFIX R,4636992.0,4639068 2078 971.1 548.1 1543
SSACC R,4639070.0,
ESACC R,4639070.0,4639088 20 969.7 580.7 953.3 621.9 1.20 86
SFIX R,4639090.0,
EFIX R,4639090.0,4639390 302 941.4 621.2 1601
SSACC R,4639392.0,
ESACC R,4639392.0,4639418 28 937.1 623.7 973.8 566.7 1.84 202
SFIX R,4639420.0,
EFIX R,4639420.0,4640522 1104 974.9 573.2 1475
SSACC R,4640524.0,
ESACC R,4640524.0,4640564 42 975.7 574.9 1115.5 625.8 4.02 176
SFIX R,4640566.0,
EFIX R,4640566.0,4640724 160 1104.0 625.9 1498
SSACC R,4640726.0,
ESACC R,4640726.0,4640768 44 1100.9 630.0 962.7 584.4 3.93 229
SFIX R,4640770.0,
EFIX R,4640770.0,4641338 570 986.2 591.1 1497
SSACC R,4641340.0,
ESACC R,4641340.0,4641410 72 993.2 597.4 1355.4 648.6 9.74 231
SFIX R,4641412.0,
EFIX R,4641412.0,4641584 174 1335.6 648.2 1512
SSACC R,4641586.0,
ESACC R,4641586.0,4641626 42 1333.2 644.1 982.0 578.9 9.53 412
SFIX R,4641628.0,
EFIX R,4641628.0,4642808 1182 1000.1 579.0 1554
SSACC R,4642810.0,
ESACC R,4642810.0,4642822 14 985.9 569.1 967.6 544.6 0.83 80
SFIX R,4642824.0,
EFIX R,4642824.0,4643166 344 970.2 552.1 1671
SSACC R,4643168.0,
ESACC R,4643168.0,4643184 18 971.6 558.1 1015.6 549.8 1.21 112
SFIX R,4643186.0,
EFIX R,4643186.0,4644666 1482 999.2 554.5 1620
SSACC R,4644668.0,
ESACC R,4644668.0,4644684 18 983.8 559.1 943.2 543.2 1.18 110
SFIX R,4644686.0,
EFIX R,4644686.0,4644904 220 949.2 546.0 1621
SSACC R,4644906.0,
SBLINK R,4644950.0,
EBLINK R,4644950.0,4645086 138
ESACC R,4644906.0,4645116 212 957.2 553.3 1003.5 494.9 2.02 3270
SFIX R,4645118.0,
EFIX R,4645118.0,4645824 708 974.6 575.0 1464
SSACC R,4645826.0,
ESACC R,4645826.0,4645840 16 972.0 574.9 1009.0 556.8 1.12 112
SFIX R,4645842.0,
EFIX R,4645842.0,4646534 694 1004.3 557.6 1353
SSACC R,4646536.0,
ESACC R,4646536.0,4646594 60 1010.5 557.0 1273.6 634.6 7.36 213
SFIX R,4646596.0,
EFIX R,4646596.0,4646814 220 1253.7 631.8 1444
SSACC R,4646816.0,
ESACC R,4646816.0,4646862 48 1248.0 626.4 934.7 540.3 8.73 400
SFIX R,4646864.0,
EFIX R,4646864.0,4647310 448 951.1 538.8 1461
SSACC R,4647312.0,
ESACC R,4647312.0,4647338 28 953.5 549.7 996.5 545.7 1.17 144
SFIX R,4647340.0,
EFIX R,4647340.0,4649284 1946 994.9 556.8 1429
SSACC R,4649286.0,
ESACC R,4649286.0,4649296 12 991.4 558.8 1015.0 552.3 0.66 68
SFIX R,4649298.0,
EFIX R,4649298.0,4649506 210 1021.5 552.4 1376
SSACC R,4649508.0,
ESACC R,4649508.0,4649536 30 1019.8 554.3 964.5 546.7 1.51 156
SFIX R,4649538.0,
EFIX R,4649538.0,4649860 324 967.0 554.7 1366
SSACC R,4649862.0,
ESACC R,4649862.0,4649878 18 968.7 559.0 1023.6 557.1 1.49 124
SFIX R,4649880.0,
EFIX R,4649880.0,4651616 1738 1012.1 567.1 1290
SSACC R,4651618.0,
ESACC R,4651618.0,4651634 18 999.2 574.8 968.9 546.1 1.13 107
SFIX R,4651636.0,
EFIX R,4651636.0,4652782 1148 971.6 550.9 1200
SSACC R,4652784.0,
ESACC R,4652784.0,4652802 20 961.2 551.7 1009.7 539.2 1.36 109
SFIX R,4652804.0,
EFIX R,4652804.0,4653472 670 1004.4 544.3 1265
SSACC R,4653474.0,
ESACC R,4653474.0,4653500 28 1004.1 556.6 964.1 547.3 1.11 166
SFIX R,4653502.0,
EFIX R,4653502.0,4653748 248 965.7 554.1 1272
SSACC R,4653750.0,
ESACC R,4653750.0,4653766 18 966.1 562.4 1009.2 556.2 1.18 89
SFIX R,4653768.0,
EFIX R,4653768.0,4655734 1968 990.4 563.3 1295
SSACC R,4655736.0,
ESACC R,4655736.0,4655744 10 979.5 568.8 991.2 556.4 0.46 59
SFIX R,4655746.0,
EFIX R,4655746.0,4656962 1218 988.5 564.3 1281
SSACC R,4656964.0,
ESACC R,4656964.0,4656970 8 1000.7 567.6 1011.1 567.1 0.28 48
SFIX R,4656972.0,
EFIX R,4656972.0,4658656 1686 996.3 566.2 1307
SSACC R,4658658.0,
ESACC R,4658658.0,4658662 6 987.2 569.7 992.3 564.6 0.20 42
SFIX R,4658664.0,
EFIX R,4658664.0,4659546 884 983.3 560.9 1177
SSACC R,4659548.0,
ESACC R,4659548.0,4659562 16 981.1 556.8 1015.2 548.5 0.95 77
SFIX R,4659564.0,
EFIX R,4659564.0,4659780 218 1013.8 546.2 1190
SSACC R,4659782.0,
ESACC R,4659782.0,4659800 20 1010.9 545.0 964.6 541.4 1.26 115
SFIX R,4659802.0,
EFIX R,4659802.0,4661904 2104 966.0 554.8 1239
SSACC R,4661906.0,
ESACC R,4661906.0,4661918 14 970.7 556.6 1000.2 556.7 0.80 78
SFIX R,4661920.0,
EFIX R,4661920.0,4662200 282 995.0 558.3 1337
SSACC R,4662202.0,
ESACC R,4662202.0,4662222 22 988.1 557.7 955.7 554.3 0.88 106
SFIX R,4662224.0,
EFIX R,4662224.0,4662514 292 957.4 549.6 1365
SSACC R,4662516.0,
ESACC R,4662516.0,4662528 14 955.4 546.8 982.8 543.9 0.75 71
SFIX R,4662530.0,
EFIX R,4662530.0,4662722 194 977.1 543.7 1326
SSACC R,4662724.0,
ESACC R,4662724.0,4662740 18 976.1 542.0 947.1 538.7 0.79 83
SFIX R,4662742.0,
EFIX R,4662742.0,4663254 514 960.2 545.0 1248
SSACC R,4663256.0,
ESACC R,4663256.0,4663264 10 964.8 545.8 980.0 544.9 0.41 53
SFIX R,4663266.0,
EFIX R,4663266.0,4664242 978 967.9 553.5 1246
SSACC R,4664244.0,
ESACC R,4664244.0,4664252 10 966.2 554.6 979.3 553.4 0.36 45
SFIX R,4664254.0,
EFIX R,4664254.0,4664292 40 984.1 551.7 1204
SSACC R,4664294.0,
ESACC R,4664294.0,4664310 18 985.3 548.4 1000.7 499.3 1.39 109
SFIX R,4664312.0,
EFIX R,4664312.0,4664774 464 964.1 542.1 1220
SSACC R,4664776.0,
ESACC R,4664776.0,4664788 14 958.8 555.4 980.9 546.2 0.65 65
SFIX R,4664790.0,
EFIX R,4664790.0,4665858 1070 984.1 543.6 1099
SSACC R,4665860.0,
ESACC R,4665860.0,4665876 18 977.1 543.8 928.5 539.8 1.32 121
SFIX R,4665878.0,
EFIX R,4665878.0,4666098 222 941.2 536.4 1183
SSACC R,4666100.0,
ESACC R,4666100.0,4666112 14 948.7 539.0 979.9 537.0 0.85 82
SFIX R,4666114.0,
EFIX R,4666114.0,4666836 724 966.0 545.5 1188
SSACC R,4666838.0,
ESACC R,4666838.0,4666848 12 963.8 557.2 982.3 554.6 0.51 53
SFIX R,4666850.0,
EFIX R,4666850.0,4668098 1250 971.2 552.3 1092
SSACC R,4668100.0,
ESACC R,4668100.0,4668108 10 966.1 546.9 980.6 537.2 0.47 60
SFIX R,4668110.0,
EFIX R,4668110.0,4669612 1504 975.9 549.2 1064
SSACC R,4669614.0,
ESACC R,4669614.0,4669624 12 973.3 565.3 993.3 556.2 0.60 63
SFIX R,4669626.0,
EFIX R,4669626.0,4669990 366 987.7 557.6 1116
SSACC R,4669992.0,
ESACC R,4669992.0,4670008 18 982.0 559.0 959.9 556.1 0.60 68
SFIX R,4670010.0,
EFIX R,4670010.0,4670912 904 962.6 556.9 1145
SSACC R,4670914.0,
ESACC R,4670914.0,4670924 12 960.7 560.1 981.5 555.2 0.58 56
SFIX R,4670926.0,
EFIX R,4670926.0,4671158 234 976.7 549.2 1184
SSACC R,4671160.0,
ESACC R,4671160.0,4671168 10 970.9 548.9 957.1 546.5 0.38 48
SFIX R,4671170.0,
EFIX R,4671170.0,4671856 688 960.1 555.7 1155
SSACC R,4671858.0,
ESACC R,4671858.0,4671864 8 958.3 557.0 968.6 553.7 0.29 47
SFIX R,4671866.0,
EFIX R,4671866.0,4672334 470 966.3 547.7 1212
SSACC R,4672336.0,
ESACC R,4672336.0,4672350 16 958.2 546.2 926.6 550.6 0.86 76
SFIX R,4672352.0,
EFIX R,4672352.0,4672608 258 937.8 555.6 1266
SSACC R,4672610.0,
ESACC R,4672610.0,4672618 10 943.7 561.5 956.7 558.5 0.36 46
SFIX R,4672620.0,
EFIX R,4672620.0,4673782 1164 952.7 563.7 1284
SSACC R,4673784.0,
ESACC R,4673784.0,4673790 8 948.4 563.6 958.1 556.8 0.32 47
SFIX R,4673792.0,
EFIX R,4673792.0,4674770 980 965.9 540.8 1078
SSACC R,4674772.0,
ESACC R,4674772.0,4674784 14 970.0 536.1 1005.1 530.6 0.96 91
SFIX R,4674786.0,
EFIX R,4674786.0,4675260 476 1008.2 538.9 995
SSACC R,4675262.0,
ESACC R,4675262.0,4675282 22 1006.9 546.8 954.9 532.9 1.46 146
SFIX R,4675284.0,
EFIX R,4675284.0,4675850 568 962.6 538.0 1029
SSACC R,4675852.0,
ESACC R,4675852.0,4675866 16 964.8 541.3 1004.3 541.6 1.07 95
SFIX R,4675868.0,
EFIX R,4675868.0,4676722 856 992.7 553.4 1033
SSACC R,4676724.0,
ESACC R,4676724.0,4676738 16 972.1 559.4 955.2 548.5 0.54 44
SFIX R,4676740.0,
EFIX R,4676740.0,4677538 800 957.5 537.7 971
SSACC R,4677540.0,
ESACC R,4677540.0,4677554 16 962.4 539.2 997.9 534.4 0.97 78
SFIX R,4677556.0,
EFIX R,4677556.0,4678348 794 993.0 540.2 1013
SSACC R,4678350.0,
ESACC R,4678350.0,4678372 24 985.4 548.4 936.0 538.0 1.37 156
SFIX R,4678374.0,
EFIX R,4678374.0,4678632 260 949.0 542.7 1069
SSACC R,4678634.0,
ESACC R,4678634.0,4678648 16 951.9 545.4 984.0 542.8 0.87 76
SFIX R,4678650.0,
EFIX R,4678650.0,4679174 526 979.8 543.5 1100
SSACC R,4679176.0,
SBLINK R,4679220.0,
EBLINK R,4679220.0,4679260 42
ESACC R,4679176.0,4679282 108 980.7 561.7 1010.6 495.3 1.97 330
SFIX R,4679284.0,
EFIX R,4679284.0,4679330 48 994.7 496.9 1166
SSACC R,4679332.0,
ESACC R,4679332.0,4679336 6 979.9 519.6 978.3 528.2 0.24 61
SFIX R,4679338.0,
EFIX R,4679338.0,4679754 418 954.9 553.2 1120
SSACC R,4679756.0,
ESACC R,4679756.0,4679772 18 934.4 567.8 977.6 567.4 1.17 101
SFIX R,4679774.0,
EFIX R,4679774.0,4680130 358 966.8 568.8 1117
SSACC R,4680132.0,
SBLINK R,4680176.0,
EBLINK R,4680176.0,4680306 132
ESACC R,4680132.0,4680324 194 972.3 564.2 1026.1 481.3 2.68 3270
SFIX R,4680326.0,
EFIX R,4680326.0,4680352 28 1017.4 499.3 1287
SSACC R,4680354.0,
ESACC R,4680354.0,4680360 8 1011.0 520.4 1004.4 537.3 0.49 73
SFIX R,4680362.0,
EFIX R,4680362.0,4681456 1096 993.8 542.1 1387
SSACC R,4681458.0,
ESACC R,4681458.0,4681474 18 987.7 539.3 1045.4 540.9 1.56 142
SFIX R,4681476.0,
EFIX R,4681476.0,4682156 682 1043.2 544.6 1617
SSACC R,4682158.0,
ESACC R,4682158.0,4682178 22 1038.4 553.4 972.1 537.0 1.85 173
SFIX R,4682180.0,
EFIX R,4682180.0,4682520 342 966.8 541.4 1564
SSACC R,4682522.0,
ESACC R,4682522.0,4682542 22 959.1 545.2 987.5 553.4 0.80 102
SFIX R,4682544.0,
EFIX R,4682544.0,4684220 1678 992.2 556.7 1645
SSACC R,4684222.0,
ESACC R,4684222.0,4684234 14 992.2 562.4 1018.4 562.8 0.71 68
SFIX R,4684236.0,
EFIX R,4684236.0,4684440 206 1012.3 559.2 1700
SSACC R,4684442.0,
ESACC R,4684442.0,4684460 20 1009.5 557.1 973.9 556.4 0.96 91
SFIX R,4684462.0,
EFIX R,4684462.0,4684990 530 988.1 548.7 1732
SSACC R,4684992.0,
ESACC R,4684992.0,4685008 18 986.2 552.5 1028.3 557.5 1.15 107
SFIX R,4685010.0,
EFIX R,4685010.0,4686006 998 1018.1 576.6 1674
SSACC R,4686008.0,
ESACC R,4686008.0,4686026 20 999.7 585.5 951.0 564.1 1.44 119
SFIX R,4686028.0,
EFIX R,4686028.0,4686456 430 960.2 568.7 1593
SSACC R,4686458.0,
ESACC R,4686458.0,4686468 12 962.7 576.2 989.0 576.7 0.71 73
SFIX R,4686470.0,
EFIX R,4686470.0,4686752 284 981.5 582.0 1511
SSACC R,4686754.0,
SBLINK R,4686796.0,
EBLINK R,4686796.0,4686922 128
ESACC R,4686754.0,4686944 192 979.9 586.8 1016.9 504.8 2.44 407
SFIX R,4686946.0,
EFIX R,4686946.0,4686998 54 1005.4 526.9 1527
SSACC R,4687000.0,
ESACC R,4687000.0,4687004 6 991.9 555.9 987.6 564.1 0.25 57
SFIX R,4687006.0,
EFIX R,4687006.0,4687804 800 968.2 572.9 1371
SSACC R,4687806.0,
ESACC R,4687806.0,4687824 20 964.6 564.8 1018.1 563.4 1.45 123
SFIX R,4687826.0,
EFIX R,4687826.0,4688198 374 1005.4 567.2 1296
SSACC R,4688200.0,
ESACC R,4688200.0,4688218 20 1002.2 568.5 958.8 559.3 1.20 107
SFIX R,4688220.0,
EFIX R,4688220.0,4689668 1450 973.9 564.2 1504
SSACC R,4689670.0,
ESACC R,4689670.0,4689684 16 963.5 570.6 997.6 567.0 0.93 83
SFIX R,4689686.0,
EFIX R,4689686.0,4691768 2084 979.7 574.7 1479
SSACC R,4691770.0,
ESACC R,4691770.0,4691782 14 973.8 582.4 1006.2 578.1 0.89 83
SFIX R,4691784.0,
EFIX R,4691784.0,4691996 214 1014.1 564.7 1237
SSACC R,4691998.0,
ESACC R,4691998.0,4692016 20 1015.6 557.6 975.0 544.9 1.15 120
SFIX R,4692018.0,
EFIX R,4692018.0,4692960 944 992.0 550.3 1288
SSACC R,4692962.0,
ESACC R,4692962.0,4692968 8 999.6 553.6 1012.2 549.3 0.36 54
SFIX R,4692970.0,
EFIX R,4692970.0,4693364 396 1003.8 543.8 1345
SSACC R,4693366.0,
ESACC R,4693366.0,4693376 12 997.5 547.2 976.2 549.1 0.58 64
SFIX R,4693378.0,
EFIX R,4693378.0,4694102 726 971.8 564.5 1345
SSACC R,4694104.0,
ESACC R,4694104.0,4694120 18 958.9 561.7 1007.3 557.3 1.32 116
SFIX R,4694122.0,
EFIX R,4694122.0,4694308 188 1005.2 554.7 1362
SSACC R,4694310.0,
ESACC R,4694310.0,4694338 30 1005.7 553.4 977.0 542.0 0.84 136
SFIX R,4694340.0,
EFIX R,4694340.0,4694798 460 969.8 545.7 1364
SSACC R,4694800.0,
ESACC R,4694800.0,4694808 10 972.0 550.3 988.2 555.4 0.46 56
SFIX R,4694810.0,
EFIX R,4694810.0,4695026 218 985.0 556.4 1322
SSACC R,4695028.0,
ESACC R,4695028.0,4695038 12 980.4 554.6 960.6 551.3 0.54 58
SFIX R,4695040.0,
EFIX R,4695040.0,4695224 186 968.5 555.8 1296
SSACC R,4695226.0,
ESACC R,4695226.0,4695236 12 971.6 555.0 993.9 554.7 0.60 62
SFIX R,4695238.0,
EFIX R,4695238.0,4695838 602 997.9 548.6 1304
SSACC R,4695840.0,
SBLINK R,4695922.0,
EBLINK R,4695922.0,4696036 116
ESACC R,4695840.0,4696078 240 1002.4 552.8 1027.5 479.5 2.10 3270
SFIX R,4696080.0,
EFIX R,4696080.0,4696164 86 1016.2 494.6 1324
SSACC R,4696166.0,
ESACC R,4696166.0,4696172 8 1002.8 519.1 1000.4 529.1 0.28 47
SFIX R,4696174.0,
EFIX R,4696174.0,4696872 700 992.2 536.8 1224
SSACC R,4696874.0,
ESACC R,4696874.0,4696890 18 990.4 541.8 1029.7 537.0 1.07 78
SFIX R,4696892.0,
EFIX R,4696892.0,4697062 172 1032.1 535.6 1171
SSACC R,4697064.0,
ESACC R,4697064.0,4697090 28 1028.2 535.7 1001.8 530.4 0.73 155
SFIX R,4697092.0,
EFIX R,4697092.0,4697322 232 995.5 535.2 1216
SSACC R,4697324.0,
ESACC R,4697324.0,4697354 32 999.8 539.3 1055.8 533.2 1.53 77
SFIX R,4697356.0,
EFIX R,4697356.0,4697402 48 1052.2 530.2 1266
SSACC R,4697404.0,
ESACC R,4697404.0,4697418 16 1050.2 534.1 1043.5 496.8 1.03 84
SFIX R,4697420.0,
EFIX R,4697420.0,4698392 974 1007.9 534.0 1340
SSACC R,4698394.0,
ESACC R,4698394.0,4698432 40 1005.6 543.0 1137.2 540.9 3.56 157
SFIX R,4698434.0,
EFIX R,4698434.0,4698462 30 1120.7 543.4 1329
SSACC R,4698464.0,
SBLINK R,4698508.0,
EBLINK R,4698508.0,4698640 134
ESACC R,4698464.0,4698668 206 1111.4 546.9 1052.8 482.8 2.35 508
SFIX R,4698670.0,
EFIX R,4698670.0,4699688 1020 996.1 543.1 1334
SSACC R,4699690.0,
SBLINK R,4699728.0,
EBLINK R,4699728.0,4699902 176
ESACC R,4699690.0,4699926 238 986.0 553.2 996.5 488.9 1.77 248
SFIX R,4699928.0,
EFIX R,4699928.0,4700142 216 979.5 561.4 1360
SSACC R,4700144.0,
ESACC R,4700144.0,4700156 14 988.0 573.6 999.5 549.0 0.74 79
SFIX R,4700158.0,
EFIX R,4700158.0,4700966 810 985.2 572.9 1357
SSACC R,4700968.0,
ESACC R,4700968.0,4700988 22 971.3 579.8 1014.2 563.8 1.24 118
SFIX R,4700990.0,
EFIX R,4700990.0,4701166 178 1005.5 563.6 1455
SSACC R,4701168.0,
ESACC R,4701168.0,4701190 24 1001.9 563.0 974.0 563.2 0.76 121
SFIX R,4701192.0,
EFIX R,4701192.0,4701782 592 978.2 564.8 1502
SSACC R,4701784.0,
ESACC R,4701784.0,4701804 22 984.4 562.7 1057.6 555.2 1.99 174
SFIX R,4701806.0,
EFIX R,4701806.0,4702006 202 1050.0 556.1 1531
SSACC R,4702008.0,
ESACC R,4702008.0,4702034 28 1049.7 558.0 1005.7 564.6 1.21 154
SFIX R,4702036.0,
EFIX R,4702036.0,4702776 742 1000.4 566.7 1508
SSACC R,4702778.0,
ESACC R,4702778.0,4702794 18 999.3 569.4 966.7 564.5 0.89 84
SFIX R,4702796.0,
EFIX R,4702796.0,4703020 226 970.6 564.9 1463
SSACC R,4703022.0,
ESACC R,4703022.0,4703034 14 969.2 566.7 997.4 572.6 0.78 74
SFIX R,4703036.0,
EFIX R,4703036.0,4703280 246 996.1 569.6 1436
SSACC R,4703282.0,
ESACC R,4703282.0,4703294 14 995.1 566.8 965.3 569.1 0.81 79
SFIX R,4703296.0,
EFIX R,4703296.0,4703494 200 974.9 567.1 1379
SSACC R,4703496.0,
ESACC R,4703496.0,4703504 10 977.0 566.3 993.2 560.8 0.46 56
SFIX R,4703506.0,
EFIX R,4703506.0,4703730 226 991.7 559.3 1275
SSACC R,4703732.0,
ESACC R,4703732.0,4703746 16 987.1 552.9 953.1 551.2 0.92 83
SFIX R,4703748.0,
EFIX R,4703748.0,4703966 220 965.4 553.2 1216
SSACC R,4703968.0,
ESACC R,4703968.0,4703980 14 965.8 555.5 997.3 553.0 0.86 76
SFIX R,4703982.0,
EFIX R,4703982.0,4705320 1340 982.2 554.1 1279
SSACC R,4705322.0,
ESACC R,4705322.0,4705334 14 970.3 558.9 1001.1 553.6 0.85 81
SFIX R,4705336.0,
EFIX R,4705336.0,4705556 222 992.8 552.0 1445
SSACC R,4705558.0,
ESACC R,4705558.0,4705576 20 992.7 551.4 963.2 550.9 0.80 99
SFIX R,4705578.0,
EFIX R,4705578.0,4706054 478 981.9 554.8 1538
SSACC R,4706056.0,
SBLINK R,4706096.0,
EBLINK R,4706096.0,4706334 240
ESACC R,4706056.0,4706364 310 991.2 569.0 1014.5 464.6 2.90 252
SFIX R,4706366.0,
EFIX R,4706366.0,4706964 600 986.1 551.9 1364
SSACC R,4706966.0,
ESACC R,4706966.0,4706978 14 983.4 551.6 1014.5 552.1 0.84 77
SFIX R,4706980.0,
EFIX R,4706980.0,4707138 160 1015.4 551.8 1078
SSACC R,4707140.0,
ESACC R,4707140.0,4707150 12 1009.9 549.2 989.3 545.7 0.57 58
SFIX R,4707152.0,
EFIX R,4707152.0,4707440 290 988.7 539.2 1036
SSACC R,4707442.0,
ESACC R,4707442.0,4707454 14 989.7 543.6 1013.5 536.4 0.67 65
SFIX R,4707456.0,
EFIX R,4707456.0,4708032 578 1015.5 542.0 1081
SSACC R,4708034.0,
ESACC R,4708034.0,4708076 44 1012.7 551.8 877.5 543.2 3.67 222
SFIX R,4708078.0,
EFIX R,4708078.0,4708324 248 912.2 548.5 1117
SSACC R,4708326.0,
ESACC R,4708326.0,4708356 32 921.6 551.1 1001.6 538.5 2.19 114
SFIX R,4708358.0,
EFIX R,4708358.0,4708586 230 992.7 541.5 1116
SSACC R,4708588.0,
ESACC R,4708588.0,4708706 120 995.1 547.2 1530.7 683.8 14.47 232
SFIX R,4708708.0,
EFIX R,4708708.0,4708858 152 1507.6 683.4 1149
SSACC R,4708860.0,
ESACC R,4708860.0,4708916 58 1495.4 680.4 911.6 586.9 15.52 528
SFIX R,4708918.0,
EFIX R,4708918.0,4709130 214 925.5 580.4 1213
SSACC R,4709132.0,
ESACC R,4709132.0,4709160 30 929.4 578.5 981.0 556.2 1.52 191
SFIX R,4709162.0,
EFIX R,4709162.0,4709498 338 982.9 556.1 1131
SSACC R,4709500.0,
ESACC R,4709500.0,4709520 22 982.2 566.2 1077.4 555.8 2.59 215
SFIX R,4709522.0,
EFIX R,4709522.0,4709544 24 1099.7 554.6 1144
SSACC R,4709546.0,
SBLINK R,4709584.0,
EBLINK R,4709584.0,4709794 212
ESACC R,4709546.0,4709818 274 1126.3 555.4 994.2 446.4 4.63 465
SFIX R,4709820.0,
EFIX R,4709820.0,4709860 42 983.8 483.6 1290
SSACC R,4709862.0,
ESACC R,4709862.0,4709868 8 972.9 517.7 969.8 531.4 0.38 68
SFIX R,4709870.0,
EFIX R,4709870.0,4710838 970 971.3 548.8 1176
SSACC R,4710840.0,
ESACC R,4710840.0,4710858 20 969.2 551.9 1024.7 561.3 1.53 124
SFIX R,4710860.0,
EFIX R,4710860.0,4711264 406 1012.3 561.5 1230
SSACC R,4711266.0,
ESACC R,4711266.0,4711294 30 1009.7 563.9 974.9 536.9 1.19 159
SFIX R,4711296.0,
EFIX R,4711296.0,4712430 1136 977.8 543.5 1310
SSACC R,4712432.0,
ESACC R,4712432.0,4712454 24 975.2 552.2 1017.1 542.4 1.17 124
SFIX R,4712456.0,
EFIX R,4712456.0,4712830 376 1003.8 550.7 1317
SSACC R,4712832.0,
SBLINK R,4712878.0,
EBLINK R,4712878.0,4713028 152
ESACC R,4712832.0,4713084 254 1003.0 558.7 1023.3 458.8 2.76 402
SFIX R,4713086.0,
EFIX R,4713086.0,4713716 632 957.9 552.5 1350
SSACC R,4713718.0,
ESACC R,4713718.0,4713776 60 929.0 566.5 1142.2 1008.2 12.98 396
SFIX R,4713778.0,
EFIX R,4713778.0,4713862 86 1133.3 996.6 1271
SSACC R,4713864.0,
ESACC R,4713864.0,4713926 64 1125.2 989.6 863.9 698.5 10.38 429
SFIX R,4713928.0,
EFIX R,4713928.0,4714042 116 852.1 691.3 1314
SSACC R,4714044.0,
ESACC R,4714044.0,4714084 42 853.8 682.5 959.4 550.1 4.58 464
SFIX R,4714086.0,
EFIX R,4714086.0,4714630 546 952.6 559.8 1308
SSACC R,4714632.0,
SBLINK R,4714684.0,
EBLINK R,4714684.0,4714724 42
ESACC R,4714632.0,4714758 128 962.3 574.1 1006.1 424.5 4.22 422
SFIX R,4714760.0,
EFIX R,4714760.0,4715074 316 985.8 529.1 1426
SSACC R,4715076.0,
SBLINK R,4715130.0,
EBLINK R,4715130.0,4715316 188
ESACC R,4715076.0,4715354 280 974.2 564.4 1029.5 564.2 1.50 3270
SFIX R,4715356.0,
EFIX R,4715356.0,4715896 542 1000.1 595.8 1551
SSACC R,4715898.0,
SBLINK R,4715926.0,
EBLINK R,4715926.0,4716064 140
ESACC R,4715898.0,4716092 196 989.0 596.6 1008.3 501.8 2.62 494
SFIX R,4716094.0,
EFIX R,4716094.0,4716618 526 982.3 573.9 1427
SSACC R,4716620.0,
SBLINK R,4716644.0,
EBLINK R,4716644.0,4716796 154
ESACC R,4716620.0,4716856 238 984.1 588.5 969.8 506.1 2.27 892
SFIX R,4716858.0,
EFIX R,4716858.0,4717136 280 962.1 539.3 1344
SSACC R,4717138.0,
ESACC R,4717138.0,4717152 16 963.8 540.4 985.8 557.4 0.75 69
SFIX R,4717154.0,
EFIX R,4717154.0,4717914 762 977.6 554.7 1418
SSACC R,4717916.0,
SBLINK R,4717972.0,
EBLINK R,4717972.0,4718122 152
ESACC R,4717916.0,4718164 250 975.1 552.1 1009.4 459.5 2.68 536
SFIX R,4718166.0,
EFIX R,4718166.0,4719794 1630 979.3 552.8 1527
SSACC R,4719796.0,
ESACC R,4719796.0,4719830 36 965.2 558.5 1014.8 569.6 1.38 111
SFIX R,4719832.0,
EFIX R,4719832.0,4720022 192 1012.2 568.2 1566
SSACC R,4720024.0,
ESACC R,4720024.0,4720058 36 1009.6 567.6 934.0 545.2 2.14 236
SFIX R,4720060.0,
EFIX R,4720060.0,4720792 734 950.8 552.1 1656
SSACC R,4720794.0,
ESACC R,4720794.0,4720810 18 952.2 553.6 992.7 560.0 1.11 102
SFIX R,4720812.0,
EFIX R,4720812.0,4721512 702 988.4 562.5 1661
SSACC R,4721514.0,
ESACC R,4721514.0,4721544 32 984.0 564.9 943.9 552.7 1.14 153
SFIX R,4721546.0,
EFIX R,4721546.0,4722106 562 943.2 561.9 1602
SSACC R,4722108.0,
ESACC R,4722108.0,4722126 20 946.8 564.7 998.2 563.6 1.39 126
SFIX R,4722128.0,
EFIX R,4722128.0,4724076 1950 982.5 574.4 1614
SSACC R,4724078.0,
SBLINK R,4724132.0,
EBLINK R,4724132.0,4724304 174
ESACC R,4724078.0,4724352 276 988.9 588.6 1015.2 528.1 1.79 1892
SFIX R,4724354.0,
EFIX R,4724354.0,4726756 2404 992.8 601.9 1475
SSACC R,4726758.0,
ESACC R,4726758.0,4726804 48 966.9 598.2 1117.5 583.7 4.09 196
SFIX R,4726806.0,
EFIX R,4726806.0,4726930 126 1129.9 586.2 1467
SSACC R,4726932.0,
ESACC R,4726932.0,4726958 28 1122.3 592.3 971.6 573.9 4.10 319
SFIX R,4726960.0,
EFIX R,4726960.0,4727418 460 989.2 579.3 1491
SSACC R,4727420.0,
ESACC R,4727420.0,4727432 14 991.2 580.9 961.2 569.6 0.87 89
SFIX R,4727434.0,
EFIX R,4727434.0,4727894 462 961.2 566.9 1440
SSACC R,4727896.0,
SBLINK R,4727924.0,
EBLINK R,4727924.0,4728064 142
ESACC R,4727896.0,4728096 202 955.5 579.9 983.9 503.2 2.22 316
SFIX R,4728098.0,
EFIX R,4728098.0,4728126 30 976.2 521.3 1445
SSACC R,4728128.0,
ESACC R,4728128.0,4728144 18 970.0 535.7 957.1 571.9 1.04 77
SFIX R,4728146.0,
EFIX R,4728146.0,4728674 530 953.5 568.3 1290
SSACC R,4728676.0,
ESACC R,4728676.0,4728690 16 959.3 565.6 991.7 560.3 0.89 78
SFIX R,4728692.0,
EFIX R,4728692.0,4732706 4016 968.1 575.6 1502
SSACC R,4732708.0,
ESACC R,4732708.0,4732726 20 963.4 594.3 1001.4 583.1 1.07 105
SFIX R,4732728.0,
EFIX R,4732728.0,4732944 218 992.5 583.8 1604
SSACC R,4732946.0,
ESACC R,4732946.0,4732960 16 998.3 580.3 972.4 562.4 0.85 78
SFIX R,4732962.0,
EFIX R,4732962.0,4735010 2050 985.3 583.5 1596
SSACC R,4735012.0,
ESACC R,4735012.0,4735028 18 966.9 597.7 1003.2 576.7 1.14 109
SFIX R,4735030.0,
EFIX R,4735030.0,4735388 360 991.4 579.3 1629
SSACC R,4735390.0,
ESACC R,4735390.0,4735408 20 991.5 578.0 959.5 581.2 0.87 91
SFIX R,4735410.0,
EFIX R,4735410.0,4736918 1510 968.3 572.8 1653
SSACC R,4736920.0,
SBLINK R,4736978.0,
EBLINK R,4736978.0,4737098 122
ESACC R,4736920.0,4737150 232 968.0 581.4 1021.5 509.8 2.42 357
SFIX R,4737152.0,
EFIX R,4737152.0,4738610 1460 974.6 579.7 1548
SSACC R,4738612.0,
ESACC R,4738612.0,4738626 16 967.6 580.1 996.0 570.1 0.82 62
SFIX R,4738628.0,
EFIX R,4738628.0,4738766 140 994.2 568.7 1424
SSACC R,4738768.0,
SBLINK R,4738802.0,
EBLINK R,4738802.0,4738946 146
ESACC R,4738768.0,4738992 226 991.0 581.0 1014.4 515.1 1.90 444
SFIX R,4738994.0,
EFIX R,4738994.0,4739046 54 1003.3 528.4 1501
SSACC R,4739048.0,
ESACC R,4739048.0,4739062 16 992.4 543.5 982.2 564.9 0.64 54
SFIX R,4739064.0,
EFIX R,4739064.0,4739630 568 969.5 572.3 1341
SSACC R,4739632.0,
SBLINK R,4739668.0,
EBLINK R,4739668.0,4739806 140
ESACC R,4739632.0,4739854 224 962.2 595.3 1018.1 495.5 3.10 3270
SFIX R,4739856.0,
EFIX R,4739856.0,4739886 32 1007.8 513.0 1192
SSACC R,4739888.0,
ESACC R,4739888.0,4739898 12 1001.1 527.1 990.4 545.8 0.58 64
SFIX R,4739900.0,
EFIX R,4739900.0,4740758 860 979.3 556.0 1113
SSACC R,4740760.0,
ESACC R,4740760.0,4740776 18 975.6 559.9 1020.7 552.6 1.24 113
SFIX R,4740778.0,
EFIX R,4740778.0,4741092 316 1010.8 556.7 1113
SSACC R,4741094.0,
ESACC R,4741094.0,4741114 22 1007.2 563.8 957.4 551.6 1.39 114
SFIX R,4741116.0,
EFIX R,4741116.0,4741652 538 958.8 560.6 1206
SSACC R,4741654.0,
ESACC R,4741654.0,4741666 14 950.8 567.3 981.1 564.0 0.83 78
SFIX R,4741668.0,
EFIX R,4741668.0,4741864 198 980.9 568.7 1204
SSACC R,4741866.0,
ESACC R,4741866.0,4741882 18 975.8 568.9 953.8 567.8 0.60 70
SFIX R,4741884.0,
EFIX R,4741884.0,4742186 304 962.2 566.6 1207
SSACC R,4742188.0,
ESACC R,4742188.0,4742198 12 958.2 564.5 941.5 551.9 0.57 61
SFIX R,4742200.0,
EFIX R,4742200.0,4742404 206 945.1 559.8 1212
SSACC R,4742406.0,
ESACC R,4742406.0,4742416 12 952.4 558.2 972.9 552.3 0.58 59
SFIX R,4742418.0,
EFIX R,4742418.0,4742618 202 968.9 552.2 1199
SSACC R,4742620.0,
ESACC R,4742620.0,4742630 12 964.0 551.7 941.7 548.7 0.61 63
SFIX R,4742632.0,
EFIX R,4742632.0,4742856 226 951.0 549.4 1236
SSACC R,4742858.0,
ESACC R,4742858.0,4742874 18 957.4 551.6 1002.3 558.0 1.23 99
SFIX R,4742876.0,
EFIX R,4742876.0,4743118 244 994.2 558.7 1259
SSACC R,4743120.0,
ESACC R,4743120.0,4743140 22 987.0 562.8 952.4 551.4 0.99 102
SFIX R,4743142.0,
EFIX R,4743142.0,4743364 224 966.7 553.9 1264
SSACC R,4743366.0,
ESACC R,4743366.0,4743378 14 977.6 559.9 1007.4 559.2 0.81 79
SFIX R,4743380.0,
EFIX R,4743380.0,4743590 212 1010.2 553.2 1260
SSACC R,4743592.0,
ESACC R,4743592.0,4743612 22 1003.1 551.1 963.0 551.9 1.09 106
SFIX R,4743614.0,
EFIX R,4743614.0,4744098 486 973.3 553.2 1280
SSACC R,4744100.0,
ESACC R,4744100.0,4744116 18 969.5 555.3 1015.0 544.3 1.27 105
SFIX R,4744118.0,
EFIX R,4744118.0,4744304 188 1008.5 552.2 1258
SSACC R,4744306.0,
ESACC R,4744306.0,4744324 20 1003.5 553.7 966.7 558.0 1.00 99
SFIX R,4744326.0,
EFIX R,4744326.0,4745538 1214 975.2 564.4 1298
SSACC R,4745540.0,
ESACC R,4745540.0,4745550 12 979.0 563.4 994.1 562.2 0.41 43
SFIX R,4745552.0,
EFIX R,4745552.0,4745764 214 1000.7 557.4 1332
SSACC R,4745766.0,
ESACC R,4745766.0,4745782 18 997.9 555.4 962.1 544.1 1.02 83
SFIX R,4745784.0,
EFIX R,4745784.0,4746032 250 973.4 548.2 1303
SSACC R,4746034.0,
ESACC R,4746034.0,4746050 18 974.5 547.9 1010.6 546.0 0.98 75
SFIX R,4746052.0,
EFIX R,4746052.0,4746234 184 1010.4 551.0 1281
SSACC R,4746236.0,
ESACC R,4746236.0,4746252 18 1007.2 557.5 962.5 557.4 1.21 111
SFIX R,4746254.0,
EFIX R,4746254.0,4746460 208 975.8 557.3 1295
SSACC R,4746462.0,
SBLINK R,4746536.0,
EBLINK R,4746536.0,4746548 14
ESACC R,4746462.0,4746574 114 978.2 567.0 998.6 554.5 0.65 3270
SFIX R,4746576.0,
EFIX R,4746576.0,4746986 412 988.7 544.5 1311
SSACC R,4746988.0,
SBLINK R,4747024.0,
EBLINK R,4747024.0,4747268 246
ESACC R,4746988.0,4747310 324 976.9 555.7 1041.1 483.7 2.61 3270
SFIX R,4747312.0,
EFIX R,4747312.0,4747362 52 1031.0 489.2 1299
SSACC R,4747364.0,
ESACC R,4747364.0,4747372 10 1015.4 510.5 1010.1 526.0 0.44 58
SFIX R,4747374.0,
EFIX R,4747374.0,4747666 294 993.9 552.7 1261
SSACC R,4747668.0,
ESACC R,4747668.0,4747682 16 993.0 556.0 1035.0 552.1 1.14 102
SFIX R,4747684.0,
EFIX R,4747684.0,4748138 456 1035.2 552.3 1063
SSACC R,4748140.0,
ESACC R,4748140.0,4748160 22 1031.2 557.9 959.7 550.4 1.95 184
SFIX R,4748162.0,
EFIX R,4748162.0,4748558 398 969.7 557.0 1123
SSACC R,4748560.0,
ESACC R,4748560.0,4748578 20 971.5 565.2 1019.5 556.7 1.32 104
SFIX R,4748580.0,
EFIX R,4748580.0,4749560 982 994.4 568.3 1326
SSACC R,4749562.0,
SBLINK R,4749634.0,
EBLINK R,4749634.0,4749912 280
ESACC R,4749562.0,4749972 412 995.5 568.6 1037.1 528.2 1.57 2144
SFIX R,4749974.0,
EFIX R,4749974.0,4750416 444 1009.9 584.5 1347
SSACC R,4750418.0,
ESACC R,4750418.0,4750430 14 991.0 578.1 1002.6 557.8 0.63 57
SFIX R,4750432.0,
EFIX R,4750432.0,4750854 424 995.6 573.4 1005
SSACC R,4750856.0,
ESACC R,4750856.0,4750872 18 992.2 581.6 962.6 551.2 1.15 97
SFIX R,4750874.0,
EFIX R,4750874.0,4751060 188 966.3 553.8 1070
SSACC R,4751062.0,
ESACC R,4751062.0,4751074 14 967.7 551.0 993.7 532.8 0.86 76
SFIX R,4751076.0,
EFIX R,4751076.0,4752034 960 986.7 545.9 1174
SSACC R,4752036.0,
SBLINK R,4752072.0,
EBLINK R,4752072.0,4752296 226
ESACC R,4752036.0,4752328 294 992.4 571.0 1040.8 498.8 2.36 3270
SFIX R,4752330.0,
EFIX R,4752330.0,4752532 204 1013.7 537.4 1278
SSACC R,4752534.0,
ESACC R,4752534.0,4752542 10 997.1 577.0 1011.9 566.1 0.50 62
SFIX R,4752544.0,
EFIX R,4752544.0,4753218 676 1015.0 548.2 1127
SSACC R,4753220.0,
ESACC R,4753220.0,4753238 20 1011.2 554.0 961.1 546.4 1.37 118
SFIX R,4753240.0,
EFIX R,4753240.0,4753402 164 971.6 548.6 1028
SSACC R,4753404.0,
ESACC R,4753404.0,4753420 18 973.8 552.8 1017.4 536.3 1.26 100
SFIX R,4753422.0,
EFIX R,4753422.0,4753920 500 1016.4 539.3 1077
SSACC R,4753922.0,
ESACC R,4753922.0,4753940 20 1014.2 545.7 988.1 527.4 0.86 58
SFIX R,4753942.0,
EFIX R,4753942.0,4754380 440 979.9 533.9 1135
SSACC R,4754382.0,
ESACC R,4754382.0,4754390 10 980.2 539.0 996.0 537.1 0.43 53
SFIX R,4754392.0,
EFIX R,4754392.0,4754498 108 1002.4 537.9 1123
SSACC R,4754500.0,
ESACC R,4754500.0,4754508 10 1001.5 535.3 989.3 531.2 0.35 45
SFIX R,4754510.0,
EFIX R,4754510.0,4754802 294 991.4 529.5 1102
SSACC R,4754804.0,
ESACC R,4754804.0,4754818 16 995.6 527.4 1022.2 530.9 0.73 56
SFIX R,4754820.0,
EFIX R,4754820.0,4755498 680 1014.7 533.1 1174
SSACC R,4755500.0,
ESACC R,4755500.0,4755516 18 1004.4 542.8 1050.3 532.1 1.28 107
SFIX R,4755518.0,
EFIX R,4755518.0,4756146 630 1042.7 535.5 1200
SSACC R,4756148.0,
ESACC R,4756148.0,4756182 36 1040.3 542.4 970.8 507.3 2.11 176
SFIX R,4756184.0,
EFIX R,4756184.0,4756758 576 978.8 528.6 1246
SSACC R,4756760.0,
ESACC R,4756760.0,4756780 22 978.7 540.1 1045.6 539.9 1.81 158
SFIX R,4756782.0,
EFIX R,4756782.0,4757078 298 1048.8 541.2 1287
SSACC R,4757080.0,
ESACC R,4757080.0,4757108 30 1050.5 541.5 994.8 522.5 1.59 192
SFIX R,4757110.0,
EFIX R,4757110.0,4757710 602 987.8 525.4 1342
SSACC R,4757712.0,
SBLINK R,4757744.0,
EBLINK R,4757744.0,4757904 162
ESACC R,4757712.0,4757938 228 984.2 525.0 1047.1 478.2 2.12 333
SFIX R,4757940.0,
EFIX R,4757940.0,4758348 410 1015.4 554.0 1300
SSACC R,4758350.0,
ESACC R,4758350.0,4758386 38 1005.8 567.9 1147.8 551.4 3.86 170
SFIX R,4758388.0,
EFIX R,4758388.0,4758618 232 1130.2 547.9 1173
SSACC R,4758620.0,
ESACC R,4758620.0,4758660 42 1126.2 547.7 955.8 534.4 4.62 286
SFIX R,4758662.0,
EFIX R,4758662.0,4759438 778 986.0 537.5 1183
SSACC R,4759440.0,
SBLINK R,4759492.0,
EBLINK R,4759492.0,4759714 224
ESACC R,4759440.0,4759748 310 982.1 560.5 1033.6 478.2 2.63 485
SFIX R,4759750.0,
EFIX R,4759750.0,4760078 330 984.8 560.4 1248
SSACC R,4760080.0,
SBLINK R,4760110.0,
EBLINK R,4760110.0,4760300 192
ESACC R,4760080.0,4760342 264 974.0 569.9 1034.9 479.7 2.95 482
SFIX R,4760344.0,
EFIX R,4760344.0,4760380 38 1025.4 493.4 1301
SSACC R,4760382.0,
ESACC R,4760382.0,4760390 10 1017.2 508.6 1009.9 523.3 0.44 56
SFIX R,4760392.0,
EFIX R,4760392.0,4762114 1724 992.3 557.6 1276
SSACC R,4762116.0,
ESACC R,4762116.0,4762150 36 984.4 571.7 1091.2 559.8 2.91 195
SFIX R,4762152.0,
EFIX R,4762152.0,4762392 242 1072.1 565.1 1380
SSACC R,4762394.0,
ESACC R,4762394.0,4762424 32 1069.0 568.3 980.2 567.8 2.40 246
SFIX R,4762426.0,
EFIX R,4762426.0,4764098 1674 983.1 564.0 1338
SSACC R,4764100.0,
ESACC R,4764100.0,4764118 20 974.0 572.1 1025.7 563.4 1.42 122
SFIX R,4764120.0,
EFIX R,4764120.0,4764270 152 1016.3 561.6 1321
SSACC R,4764272.0,
ESACC R,4764272.0,4764300 30 1018.4 560.9 971.2 555.1 1.29 190
SFIX R,4764302.0,
EFIX R,4764302.0,4765176 876 968.1 561.3 1306
SSACC R,4765178.0,
ESACC R,4765178.0,4765190 14 958.2 573.1 984.9 564.0 0.76 77
SFIX R,4765192.0,
EFIX R,4765192.0,4766556 1366 968.6 565.5 1294
SSACC R,4766558.0,
ESACC R,4766558.0,4766568 12 963.9 575.1 988.1 570.4 0.67 69
SFIX R,4766570.0,
EFIX R,4766570.0,4766762 194 983.6 572.2 1265
SSACC R,4766764.0,
ESACC R,4766764.0,4766790 28 984.3 572.8 951.7 564.2 0.91 137
SFIX R,4766792.0,
EFIX R,4766792.0,4767006 216 950.3 568.3 1236
SSACC R,4767008.0,
ESACC R,4767008.0,4767024 18 949.6 571.0 987.7 565.8 1.04 86
SFIX R,4767026.0,
EFIX R,4767026.0,4768138 1114 977.3 562.1 1178
SSACC R,4768140.0,
ESACC R,4768140.0,4768150 12 974.3 560.8 997.3 560.3 0.62 66
SFIX R,4768152.0,
EFIX R,4768152.0,4768522 372 995.0 558.3 1105
SSACC R,4768524.0,
ESACC R,4768524.0,4768538 16 989.9 562.1 953.5 553.5 1.01 88
SFIX R,4768540.0,
EFIX R,4768540.0,4768796 258 966.8 555.5 1110
SSACC R,4768798.0,
ESACC R,4768798.0,4768812 16 975.6 556.6 1006.4 556.9 0.83 73
SFIX R,4768814.0,
EFIX R,4768814.0,4769984 1172 989.0 562.4 1085
SSACC R,4769986.0,
ESACC R,4769986.0,4769992 8 976.7 554.9 988.7 553.4 0.33 47
SFIX R,4769994.0,
EFIX R,4769994.0,4771630 1638 977.8 566.1 1056
SSACC R,4771632.0,
ESACC R,4771632.0,4771642 12 964.5 577.0 981.4 563.4 0.59 62
SFIX R,4771644.0,
EFIX R,4771644.0,4772758 1116 966.4 555.4 1343
SSACC R,4772760.0,
ESACC R,4772760.0,4772778 20 961.9 568.9 998.4 561.0 1.01 108
SFIX R,4772780.0,
EFIX R,4772780.0,4773008 230 990.1 562.3 1395
SSACC R,4773010.0,
ESACC R,4773010.0,4773034 26 987.4 561.0 959.8 563.0 0.75 120
SFIX R,4773036.0,
EFIX R,4773036.0,4774630 1596 959.8 570.2 1418
SSACC R,4774632.0,
ESACC R,4774632.0,4774648 18 965.9 581.8 1014.9 579.0 1.33 116
SFIX R,4774650.0,
EFIX R,4774650.0,4774982 334 1006.8 576.7 1380
SSACC R,4774984.0,
ESACC R,4774984.0,4775004 22 1000.5 576.4 963.9 565.9 1.03 118
SFIX R,4775006.0,
EFIX R,4775006.0,4777848 2844 960.5 578.9 1377
SSACC R,4777850.0,
ESACC R,4777850.0,4777876 28 933.7 576.9 972.7 567.3 1.09 160
SFIX R,4777878.0,
EFIX R,4777878.0,4783690 5814 980.5 582.9 1571
SSACC R,4783692.0,
ESACC R,4783692.0,4783706 16 969.6 605.5 1003.5 598.9 0.94 81
SFIX R,4783708.0,
EFIX R,4783708.0,4783960 254 1002.2 594.3 1437
SSACC R,4783962.0,
ESACC R,4783962.0,4783982 22 1001.1 594.0 964.9 585.2 1.01 100
SFIX R,4783984.0,
EFIX R,4783984.0,4786034 2052 964.4 587.4 1439
SSACC R,4786036.0,
ESACC R,4786036.0,4786052 18 959.4 600.2 1007.4 595.3 1.31 122
SFIX R,4786054.0,
EFIX R,4786054.0,4786074 22 1025.9 589.3 1481
SSACC R,4786076.0,
SBLINK R,4786112.0,
EBLINK R,4786112.0,4786278 168
ESACC R,4786076.0,4786314 240 1039.6 586.1 1073.5 548.2 1.38 279
SFIX R,4786316.0,
EFIX R,4786316.0,4786452 138 1079.8 513.1 1559
SSACC R,4786454.0,
ESACC R,4786454.0,4786476 24 1074.4 517.8 984.8 536.8 2.48 222
SFIX R,4786478.0,
EFIX R,4786478.0,4788590 2114 960.3 574.2 1310
SSACC R,4788592.0,
ESACC R,4788592.0,4788610 20 943.9 579.4 1004.5 576.3 1.64 162
SFIX R,4788612.0,
EFIX R,4788612.0,4788884 274 997.4 579.6 1479
SSACC R,4788886.0,
ESACC R,4788886.0,4788912 28 991.8 582.2 959.5 581.1 0.88 143
SFIX R,4788914.0,
EFIX R,4788914.0,4791464 2552 958.4 590.8 1412
SSACC R,4791466.0,
ESACC R,4791466.0,4791484 20 954.6 596.6 1011.3 590.1 1.55 141
SFIX R,4791486.0,
EFIX R,4791486.0,4791952 468 988.5 592.4 1412
SSACC R,4791954.0,
ESACC R,4791954.0,4791964 12 985.4 584.2 965.0 579.8 0.57 65
SFIX R,4791966.0,
EFIX R,4791966.0,4792196 232 960.3 576.6 1304
SSACC R,4792198.0,
SBLINK R,4792234.0,
EBLINK R,4792234.0,4792404 172
ESACC R,4792198.0,4792450 254 959.2 576.7 1015.3 493.8 2.71 458
SFIX R,4792452.0,
EFIX R,4792452.0,4792502 52 1002.5 517.4 1371
SSACC R,4792504.0,
ESACC R,4792504.0,4792510 8 993.1 543.4 990.9 553.5 0.28 44
SFIX R,4792512.0,
EFIX R,4792512.0,4793790 1280 969.8 563.4 1134
SSACC R,4793792.0,
ESACC R,4793792.0,4793812 22 952.9 572.7 1023.9 564.4 1.94 143
SFIX R,4793814.0,
EFIX R,4793814.0,4794184 372 1033.4 574.1 1129
SSACC R,4794186.0,
ESACC R,4794186.0,4794206 22 1035.4 578.7 972.9 564.7 1.74 160
SFIX R,4794208.0,
EFIX R,4794208.0,4795486 1280 973.0 573.4 1150
SSACC R,4795488.0,
ESACC R,4795488.0,4795524 38 958.1 580.0 1046.7 576.9 2.40 144
SFIX R,4795526.0,
EFIX R,4795526.0,4796186 662 1021.9 580.6 1249
SSACC R,4796188.0,
ESACC R,4796188.0,4796206 20 1016.8 590.9 966.6 583.7 1.37 124
SFIX R,4796208.0,
EFIX R,4796208.0,4798598 2392 968.6 580.0 1422
SSACC R,4798600.0,
ESACC R,4798600.0,4798632 34 966.8 581.0 1038.7 582.3 1.95 100
SFIX R,4798634.0,
EFIX R,4798634.0,4799248 616 1025.6 580.5 1471
SSACC R,4799250.0,
ESACC R,4799250.0,4799272 24 1020.7 587.7 946.0 595.8 2.04 160
SFIX R,4799274.0,
EFIX R,4799274.0,4799702 430 932.2 603.6 1446
SSACC R,4799704.0,
ESACC R,4799704.0,4799738 36 933.0 601.4 996.8 585.2 1.78 138
SFIX R,4799740.0,
EFIX R,4799740.0,4801030 1292 981.3 582.7 1288
SSACC R,4801032.0,
ESACC R,4801032.0,4801046 16 967.4 577.2 1012.0 579.1 1.21 111
SFIX R,4801048.0,
EFIX R,4801048.0,4801288 242 1021.2 579.7 1298
SSACC R,4801290.0,
ESACC R,4801290.0,4801308 20 1019.2 579.5 968.3 566.7 1.42 132
SFIX R,4801310.0,
EFIX R,4801310.0,4801656 348 974.6 566.8 1290
SSACC R,4801658.0,
ESACC R,4801658.0,4801670 14 971.3 564.6 937.8 561.0 0.91 85
SFIX R,4801672.0,
EFIX R,4801672.0,4801948 278 940.0 566.5 1246
SSACC R,4801950.0,
ESACC R,4801950.0,4801964 16 940.5 569.1 973.4 569.1 0.89 74
SFIX R,4801966.0,
EFIX R,4801966.0,4802258 294 979.7 570.5 1184
SSACC R,4802260.0,
ESACC R,4802260.0,4802272 14 979.6 567.6 1006.7 560.1 0.76 71
SFIX R,4802274.0,
EFIX R,4802274.0,4802536 264 997.0 554.8 1137
SSACC R,4802538.0,
ESACC R,4802538.0,4802550 14 991.8 554.3 966.2 550.5 0.70 69
SFIX R,4802552.0,
EFIX R,4802552.0,4803048 498 973.7 559.4 1113
SSACC R,4803050.0,
ESACC R,4803050.0,4803064 16 981.3 562.8 1019.8 561.5 1.04 94
SFIX R,4803066.0,
EFIX R,4803066.0,4803692 628 1019.3 567.1 1089
SSACC R,4803694.0,
ESACC R,4803694.0,4803712 20 1012.9 571.7 949.7 578.4 1.72 150
SFIX R,4803714.0,
EFIX R,4803714.0,4804042 330 935.2 588.7 1083
SSACC R,4804044.0,
ESACC R,4804044.0,4804062 20 934.0 589.1 986.7 568.9 1.53 128
SFIX R,4804064.0,
EFIX R,4804064.0,4805952 1890 961.0 580.6 1067
SSACC R,4805954.0,
ESACC R,4805954.0,4805970 18 957.2 580.7 1003.3 569.6 1.29 111
SFIX R,4805972.0,
EFIX R,4805972.0,4807746 1776 993.9 569.0 1018
SSACC R,4807748.0,
ESACC R,4807748.0,4807762 16 981.7 563.5 1018.1 548.3 1.07 96
SFIX R,4807764.0,
EFIX R,4807764.0,4808028 266 1011.0 546.8 960
SSACC R,4808030.0,
ESACC R,4808030.0,4808048 20 999.1 543.5 960.4 543.8 1.05 107
SFIX R,4808050.0,
EFIX R,4808050.0,4808544 496 969.9 539.1 903
SSACC R,4808546.0,
ESACC R,4808546.0,4808562 18 964.8 541.3 1008.4 542.0 1.18 100
SFIX R,4808564.0,
EFIX R,4808564.0,4808900 338 1007.1 543.7 860
SSACC R,4808902.0,
ESACC R,4808902.0,4808920 20 1001.7 551.2 962.0 540.8 1.11 102
SFIX R,4808922.0,
EFIX R,4808922.0,4809238 318 971.1 547.9 917
SSACC R,4809240.0,
ESACC R,4809240.0,4809256 18 974.3 552.0 1027.1 550.0 1.43 123
SFIX R,4809258.0,
EFIX R,4809258.0,4809458 202 1021.6 551.0 951
SSACC R,4809460.0,
ESACC R,4809460.0,4809482 24 1017.9 553.1 971.4 547.2 1.27 129
SFIX R,4809484.0,
EFIX R,4809484.0,4810232 750 977.4 556.4 969
SSACC R,4810234.0,
ESACC R,4810234.0,4810266 34 976.2 561.7 1057.3 573.6 2.22 137
SFIX R,4810268.0,
EFIX R,4810268.0,4810458 192 1041.4 571.6 957
SSACC R,4810460.0,
ESACC R,4810460.0,4810476 18 1034.6 571.6 990.3 557.0 1.26 116
SFIX R,4810478.0,
EFIX R,4810478.0,4810952 476 990.9 559.1 972
SSACC R,4810954.0,
ESACC R,4810954.0,4810968 16 986.1 555.4 958.8 545.7 0.79 78
SFIX R,4810970.0,
EFIX R,4810970.0,4811206 238 967.8 545.1 976
SSACC R,4811208.0,
ESACC R,4811208.0,4811224 18 965.1 544.4 1010.0 541.6 1.22 90
SFIX R,4811226.0,
EFIX R,4811226.0,4811806 582 999.8 542.9 1023
SSACC R,4811808.0,
ESACC R,4811808.0,4811828 22 993.0 549.7 1018.3 509.8 1.28 75
SFIX R,4811830.0,
EFIX R,4811830.0,4812096 268 1024.7 518.6 1144
SSACC R,4812098.0,
ESACC R,4812098.0,4812116 20 1010.3 547.1 951.0 538.5 1.62 131
SFIX R,4812118.0,
EFIX R,4812118.0,4812336 220 960.3 537.5 1120
SSACC R,4812338.0,
ESACC R,4812338.0,4812356 20 961.0 539.6 1013.0 536.2 1.41 117
SFIX R,4812358.0,
EFIX R,4812358.0,4812896 540 995.6 541.1 1148
SSACC R,4812898.0,
ESACC R,4812898.0,4812912 16 985.0 547.1 1029.2 540.6 1.21 100
SFIX R,4812914.0,
EFIX R,4812914.0,4812956 44 1036.1 539.2 1141
SSACC R,4812958.0,
SBLINK R,4812994.0,
EBLINK R,4812994.0,4813148 156
ESACC R,4812958.0,4813182 226 1031.8 543.7 1038.6 514.6 0.81 298
SFIX R,4813184.0,
EFIX R,4813184.0,4814300 1118 1008.7 554.1 1091
SSACC R,4814302.0,
SBLINK R,4814338.0,
EBLINK R,4814338.0,4814506 170
ESACC R,4814302.0,4814542 242 987.5 581.2 1027.5 485.8 2.80 310
SFIX R,4814544.0,
EFIX R,4814544.0,4814978 436 993.0 558.9 1284
SSACC R,4814980.0,
ESACC R,4814980.0,4815064 86 983.3 573.1 1649.3 1085.5 21.41 417
SFIX R,4815066.0,
EFIX R,4815066.0,4815260 196 1642.0 1072.8 1161
SSACC R,4815262.0,
ESACC R,4815262.0,4815332 72 1638.6 1064.8 975.0 578.7 21.01 508
SFIX R,4815334.0,
EFIX R,4815334.0,4815810 478 980.2 574.7 1237
SSACC R,4815812.0,
ESACC R,4815812.0,4815836 26 979.7 577.5 994.5 569.3 0.46 87
SFIX R,4815838.0,
EFIX R,4815838.0,4816736 900 995.4 570.0 1527
SSACC R,4816738.0,
ESACC R,4816738.0,4816760 24 989.1 584.9 1080.7 583.3 2.48 211
SFIX R,4816762.0,
EFIX R,4816762.0,4816994 234 1067.3 590.4 1556
SSACC R,4816996.0,
ESACC R,4816996.0,4817024 30 1064.8 593.0 1006.4 592.7 1.58 216
SFIX R,4817026.0,
EFIX R,4817026.0,4817574 550 993.6 596.5 1591
SSACC R,4817576.0,
ESACC R,4817576.0,4817592 18 987.6 601.5 956.5 585.1 0.95 81
SFIX R,4817594.0,
EFIX R,4817594.0,4818210 618 958.9 583.9 1546
SSACC R,4818212.0,
ESACC R,4818212.0,4818230 20 955.7 582.6 1021.0 588.9 1.78 146
SFIX R,4818232.0,
EFIX R,4818232.0,4818434 204 1020.6 593.9 1586
SSACC R,4818436.0,
ESACC R,4818436.0,4818456 22 1019.4 595.1 980.5 591.0 1.06 101
SFIX R,4818458.0,
EFIX R,4818458.0,4818578 122 988.6 592.9 1571
SSACC R,4818580.0,
SBLINK R,4818636.0,
EBLINK R,4818636.0,4818782 148
ESACC R,4818580.0,4818840 262 988.8 602.4 1005.5 517.3 2.35 479
SFIX R,4818842.0,
EFIX R,4818842.0,4818904 64 990.4 540.7 1567
SSACC R,4818906.0,
ESACC R,4818906.0,4818914 10 979.9 561.1 974.2 571.6 0.32 40
SFIX R,4818916.0,
EFIX R,4818916.0,4819888 974 969.2 577.0 1258
SSACC R,4819890.0,
ESACC R,4819890.0,4819932 44 952.4 573.3 1129.6 604.4 4.86 243
SFIX R,4819934.0,
EFIX R,4819934.0,4822128 2196 1107.2 613.0 1399
SSACC R,4822130.0,
ESACC R,4822130.0,4822146 18 1096.1 621.8 1056.2 607.8 1.14 91
SFIX R,4822148.0,
EFIX R,4822148.0,4822446 300 1050.2 603.4 1327
SSACC R,4822448.0,
ESACC R,4822448.0,4822486 40 1044.8 604.2 944.6 588.4 2.75 167
SFIX R,4822488.0,
EFIX R,4822488.0,4823810 1324 948.2 585.2 1230
SSACC R,4823812.0,
SBLINK R,4823894.0,
EBLINK R,4823894.0,4823960 68
ESACC R,4823812.0,4824008 198 934.8 578.1 1000.1 496.2 2.84 358
SFIX R,4824010.0,
EFIX R,4824010.0,4824748 740 967.4 568.5 1171
SSACC R,4824750.0,
ESACC R,4824750.0,4824758 10 948.7 581.9 966.4 573.6 0.53 66
SFIX R,4824760.0,
EFIX R,4824760.0,4825550 792 965.3 572.5 1164
SSACC R,4825552.0,
ESACC R,4825552.0,4825586 36 967.3 574.1 1096.4 582.2 3.50 159
SFIX R,4825588.0,
EFIX R,4825588.0,4832730 7144 1046.3 615.8 1135
SSACC R,4832732.0,
ESACC R,4832732.0,4832762 32 1010.2 642.1 1061.5 629.7 1.43 69
SFIX R,4832764.0,
EFIX R,4832764.0,4833008 246 1046.5 628.1 1101
SSACC R,4833010.0,
ESACC R,4833010.0,4833044 36 1043.4 622.8 980.2 603.6 1.79 115
SFIX R,4833046.0,
EFIX R,4833046.0,4833292 248 984.1 602.8 1100
SSACC R,4833294.0,
ESACC R,4833294.0,4833312 20 993.6 603.7 1031.5 609.6 1.04 66
SFIX R,4833314.0,
EFIX R,4833314.0,4833372 60 1039.5 618.8 1082
SSACC R,4833374.0,
ESACC R,4833374.0,4833382 10 1041.8 626.5 1056.8 629.3 0.41 54
SFIX R,4833384.0,
EFIX R,4833384.0,4833546 164 1063.7 625.3 1056
SSACC R,4833548.0,
ESACC R,4833548.0,4833568 22 1050.3 620.9 986.2 575.7 2.12 187
SFIX R,4833570.0,
EFIX R,4833570.0,4833894 326 980.4 558.9 1069
SSACC R,4833896.0,
ESACC R,4833896.0,4833916 22 981.2 553.7 929.5 540.0 1.45 144
SFIX R,4833918.0,
EFIX R,4833918.0,4834148 232 938.9 544.2 1047
SSACC R,4834150.0,
ESACC R,4834150.0,4834168 20 941.9 543.5 994.3 541.0 1.42 120
SFIX R,4834170.0,
EFIX R,4834170.0,4834902 734 980.0 546.8 1089
SSACC R,4834904.0,
ESACC R,4834904.0,4834920 18 974.9 555.3 1002.3 574.5 0.91 70
SFIX R,4834922.0,
EFIX R,4834922.0,4835312 392 992.1 590.5 1219
SSACC R,4835314.0,
ESACC R,4835314.0,4835398 86 984.8 593.6 499.1 1126.1 18.69 415
SFIX R,4835400.0,
EFIX R,4835400.0,4835960 562 499.1 1101.9 1260
SSACC R,4835962.0,
ESACC R,4835962.0,4836028 68 484.4 1102.4 947.9 599.0 17.77 533
SFIX R,4836030.0,
EFIX R,4836030.0,4836484 456 938.9 586.7 1242
SSACC R,4836486.0,
ESACC R,4836486.0,4836506 22 943.9 586.1 1017.3 563.7 2.08 178
SFIX R,4836508.0,
EFIX R,4836508.0,4837128 622 1013.3 559.1 1344
SSACC R,4837130.0,
ESACC R,4837130.0,4837156 28 1015.9 568.0 967.1 567.6 1.32 178
SFIX R,4837158.0,
EFIX R,4837158.0,4837444 288 961.9 569.7 1438
SSACC R,4837446.0,
ESACC R,4837446.0,4837464 20 959.5 573.1 1028.1 571.3 1.86 168
SFIX R,4837466.0,
EFIX R,4837466.0,4842026 4562 1002.0 572.2 1298
SSACC R,4842028.0,
ESACC R,4842028.0,4842034 8 986.7 581.6 1002.3 578.1 0.43 60
SFIX R,4842036.0,
EFIX R,4842036.0,4842242 208 983.5 573.1 1155
SSACC R,4842244.0,
ESACC R,4842244.0,4842264 22 972.7 568.8 944.1 557.2 0.84 108
SFIX R,4842266.0,
EFIX R,4842266.0,4842466 202 948.6 552.0 1126
SSACC R,4842468.0,
ESACC R,4842468.0,4842484 18 953.2 550.5 988.7 550.5 0.96 83
SFIX R,4842486.0,
EFIX R,4842486.0,4842778 294 982.3 549.2 1079
SSACC R,4842780.0,
ESACC R,4842780.0,4842842 64 982.4 549.8 1224.1 867.7 10.67 310
SFIX R,4842844.0,
EFIX R,4842844.0,4843102 260 1209.1 846.8 1139
SSACC R,4843104.0,
ESACC R,4843104.0,4843160 58 1201.7 844.3 992.9 575.2 9.12 303
SFIX R,4843162.0,
EFIX R,4843162.0,4844284 1124 1001.3 579.1 1229
SSACC R,4844286.0,
ESACC R,4844286.0,4844300 16 1003.7 589.3 974.0 561.0 1.11 107
SFIX R,4844302.0,
EFIX R,4844302.0,4844574 274 961.5 563.3 1407
SSACC R,4844576.0,
ESACC R,4844576.0,4844600 26 956.6 568.4 1051.3 565.1 2.57 200
SFIX R,4844602.0,
EFIX R,4844602.0,4844892 292 1074.6 561.4 1424
SSACC R,4844894.0,
ESACC R,4844894.0,4844912 20 1070.2 564.0 1002.2 560.0 1.84 164
SFIX R,4844914.0,
EFIX R,4844914.0,4845366 454 1000.3 563.1 1406
SSACC R,4845368.0,
ESACC R,4845368.0,4845386 20 997.1 564.0 932.5 571.0 1.76 156
SFIX R,4845388.0,
EFIX R,4845388.0,4845920 534 931.9 582.7 1355
SSACC R,4845922.0,
ESACC R,4845922.0,4845940 20 930.0 587.2 984.7 577.6 1.51 112
SFIX R,4845942.0,
EFIX R,4845942.0,4846448 508 987.9 570.5 1341
SSACC R,4846450.0,
ESACC R,4846450.0,4846480 32 990.3 568.5 1092.0 587.8 2.80 144
SFIX R,4846482.0,
EFIX R,4846482.0,4848484 2004 1092.4 625.4 1393
SSACC R,4848486.0,
ESACC R,4848486.0,4848524 40 1086.2 624.7 1009.2 563.4 2.66 170
SFIX R,4848526.0,
EFIX R,4848526.0,4848726 202 1009.5 566.9 1515
SSACC R,4848728.0,
ESACC R,4848728.0,4848746 20 1007.6 567.2 947.6 561.9 1.63 151
SFIX R,4848748.0,
EFIX R,4848748.0,4849078 332 952.0 573.1 1479
SSACC R,4849080.0,
ESACC R,4849080.0,4849196 118 957.2 577.3 1567.5 790.0 16.80 230
SFIX R,4849198.0,
EFIX R,4849198.0,4849370 174 1562.3 784.5 1405
SSACC R,4849372.0,
ESACC R,4849372.0,4849430 60 1562.3 780.3 977.3 602.2 15.91 475
SFIX R,4849432.0,
EFIX R,4849432.0,4849958 528 981.8 595.4 1376
SSACC R,4849960.0,
ESACC R,4849960.0,4850046 88 984.2 591.2 1373.0 670.9 10.56 253
SFIX R,4850048.0,
EFIX R,4850048.0,4850408 362 1351.2 665.6 1431
SSACC R,4850410.0,
ESACC R,4850410.0,4850570 162 1336.9 668.9 1775.6 663.6 10.90 340
SFIX R,4850572.0,
EFIX R,4850572.0,4850906 336 1747.4 705.2 1410
SSACC R,4850908.0,
ESACC R,4850908.0,4850962 56 1745.4 711.5 1535.4 885.4 6.75 315
SFIX R,4850964.0,
EFIX R,4850964.0,4851306 344 1531.1 887.0 1489
SSACC R,4851308.0,
ESACC R,4851308.0,4851386 80 1528.4 886.8 1005.2 587.8 15.72 334
SFIX R,4851388.0,
EFIX R,4851388.0,4852640 1254 993.4 589.8 1541
SSACC R,4852642.0,
ESACC R,4852642.0,4852650 10 979.7 598.2 972.9 579.7 0.53 64
SFIX R,4852652.0,
EFIX R,4852652.0,4853206 556 965.6 577.4 1461
SSACC R,4853208.0,
ESACC R,4853208.0,4853240 34 965.6 578.4 1051.7 562.8 2.37 155
SFIX R,4853242.0,
EFIX R,4853242.0,4853470 230 1036.5 561.4 1420
SSACC R,4853472.0,
ESACC R,4853472.0,4853490 20 1030.3 558.5 976.8 550.6 1.47 128
SFIX R,4853492.0,
EFIX R,4853492.0,4854964 1474 980.6 557.3 1412
SSACC R,4854966.0,
ESACC R,4854966.0,4854990 26 971.1 564.7 1040.3 571.7 1.88 154
SFIX R,4854992.0,
EFIX R,4854992.0,4855190 200 1052.4 576.7 1341
SSACC R,4855192.0,
ESACC R,4855192.0,4855214 24 1048.5 574.9 969.0 572.7 2.16 198
SFIX R,4855216.0,
EFIX R,4855216.0,4855644 430 972.7 567.5 1377
SSACC R,4855646.0,
ESACC R,4855646.0,4855662 18 967.9 567.4 929.6 560.7 1.05 94
SFIX R,4855664.0,
EFIX R,4855664.0,4855938 276 931.3 564.0 1381
SSACC R,4855940.0,
ESACC R,4855940.0,4855952 14 932.0 567.1 960.9 563.9 0.79 74
SFIX R,4855954.0,
EFIX R,4855954.0,4856474 522 961.5 566.5 1344
SSACC R,4856476.0,
SBLINK R,4856514.0,
EBLINK R,4856514.0,4856654 142
ESACC R,4856476.0,4856696 222 968.5 576.3 1015.3 501.3 2.40 393
SFIX R,4856698.0,
EFIX R,4856698.0,4856732 36 1006.8 522.4 1254
SSACC R,4856734.0,
ESACC R,4856734.0,4856746 14 999.1 539.5 986.3 566.9 0.82 72
SFIX R,4856748.0,
EFIX R,4856748.0,4857418 672 980.0 562.7 1079
SSACC R,4857420.0,
ESACC R,4857420.0,4857450 32 978.8 557.3 1046.1 549.8 1.84 94
SFIX R,4857452.0,
EFIX R,4857452.0,4857660 210 1032.6 552.2 992
SSACC R,4857662.0,
SBLINK R,4857704.0,
EBLINK R,4857704.0,4857934 232
ESACC R,4857662.0,4857974 314 1029.6 567.6 975.3 463.9 3.17 608
SFIX R,4857976.0,
EFIX R,4857976.0,4858134 160 951.6 533.8 1233
SSACC R,4858136.0,
ESACC R,4858136.0,4858154 20 952.7 557.7 992.2 545.2 1.12 80
SFIX R,4858156.0,
EFIX R,4858156.0,4859250 1096 986.3 542.2 1140
SSACC R,4859252.0,
SBLINK R,4859292.0,
EBLINK R,4859292.0,4859482 192
ESACC R,4859252.0,4859516 266 984.1 549.3 1021.7 492.0 1.86 584
SFIX R,4859518.0,
EFIX R,4859518.0,4860330 814 981.7 564.3 1201
SSACC R,4860332.0,
ESACC R,4860332.0,4860348 18 975.4 570.1 1019.3 550.9 1.30 101
SFIX R,4860350.0,
EFIX R,4860350.0,4860672 324 1016.3 554.9 1176
SSACC R,4860674.0,
SBLINK R,4860710.0,
EBLINK R,4860710.0,4860908 200
ESACC R,4860674.0,4860952 280 1015.0 562.5 1039.0 487.4 2.14 377
SFIX R,4860954.0,
EFIX R,4860954.0,4861370 418 991.2 563.5 1425
SSACC R,4861372.0,
ESACC R,4861372.0,4861382 12 972.7 577.2 999.4 568.4 0.76 80
SFIX R,4861384.0,
EFIX R,4861384.0,4862322 940 1014.1 576.0 1359
SSACC R,4862324.0,
ESACC R,4862324.0,4862342 20 1037.7 530.1 994.8 544.8 1.23 95
SFIX R,4862344.0,
EFIX R,4862344.0,4862518 176 997.4 569.8 1485
SSACC R,4862520.0,
ESACC R,4862520.0,4862536 18 1001.1 577.7 1050.4 580.4 1.34 110
SFIX R,4862538.0,
EFIX R,4862538.0,4862766 230 1040.4 577.5 1531
SSACC R,4862768.0,
SBLINK R,4862814.0,
EBLINK R,4862814.0,4862906 94
ESACC R,4862768.0,4862944 178 1037.7 575.4 1005.3 485.2 2.60 366
SFIX R,4862946.0,
EFIX R,4862946.0,4863094 150 991.8 541.7 1632
SSACC R,4863096.0,
ESACC R,4863096.0,4863112 18 989.8 563.4 1022.4 548.8 0.97 75
SFIX R,4863114.0,
EFIX R,4863114.0,4863700 588 1004.4 546.6 1624
SSACC R,4863702.0,
ESACC R,4863702.0,4863710 10 992.5 547.3 1008.4 534.9 0.55 66
SFIX R,4863712.0,
EFIX R,4863712.0,4864834 1124 1008.7 530.3 1500
SSACC R,4864836.0,
ESACC R,4864836.0,4864844 10 1001.6 532.1 1015.1 525.1 0.41 52
SFIX R,4864846.0,
EFIX R,4864846.0,4865904 1060 1012.2 528.1 1382
SSACC R,4865906.0,
ESACC R,4865906.0,4865934 30 1032.4 538.3 982.8 538.1 1.34 155
SFIX R,4865936.0,
EFIX R,4865936.0,4866028 94 981.9 538.4 1345
SSACC R,4866030.0,
ESACC R,4866030.0,4866060 32 979.7 541.7 1039.7 481.0 2.31 108
SFIX R,4866062.0,
EFIX R,4866062.0,4866498 438 1020.5 538.4 1441
SSACC R,4866500.0,
ESACC R,4866500.0,4866512 14 1005.6 572.0 1030.4 554.7 0.82 76
SFIX R,4866514.0,
EFIX R,4866514.0,4867016 504 1025.5 566.6 1533
SSACC R,4867018.0,
ESACC R,4867018.0,4867034 18 1012.8 576.8 977.4 562.7 1.03 106
SFIX R,4867036.0,
EFIX R,4867036.0,4867740 706 1002.3 558.2 1709
SSACC R,4867742.0,
ESACC R,4867742.0,4867756 16 996.7 560.1 1031.8 544.2 1.04 97
SFIX R,4867758.0,
EFIX R,4867758.0,4868642 886 1022.0 556.2 1819
SSACC R,4868644.0,
SBLINK R,4868686.0,
EBLINK R,4868686.0,4868770 86
ESACC R,4868644.0,4868808 166 1016.2 556.0 1004.6 486.9 1.90 887
SFIX R,4868810.0,
EFIX R,4868810.0,4869308 500 985.3 547.1 1804
SSACC R,4869310.0,
ESACC R,4869310.0,4869324 16 983.6 556.6 1019.0 564.3 0.98 86
SFIX R,4869326.0,
EFIX R,4869326.0,4870892 1568 999.1 564.5 1801
SSACC R,4870894.0,
SBLINK R,4870926.0,
EBLINK R,4870926.0,4871006 82
ESACC R,4870894.0,4871032 140 992.1 569.2 1027.2 510.4 1.86 848
SFIX R,4871034.0,
EFIX R,4871034.0,4871664 632 1005.9 570.6 1812
SSACC R,4871666.0,
SBLINK R,4871696.0,
EBLINK R,4871696.0,4871850 156
ESACC R,4871666.0,4871874 210 995.0 582.5 1023.6 502.0 2.32 418
SFIX R,4871876.0,
EFIX R,4871876.0,4872176 302 1004.8 578.5 1725
SSACC R,4872178.0,
ESACC R,4872178.0,4872190 14 1007.3 580.0 1005.1 553.0 0.73 74
SFIX R,4872192.0,
EFIX R,4872192.0,4872640 450 994.8 565.2 1500
SSACC R,4872642.0,
ESACC R,4872642.0,4872678 38 986.0 562.6 1097.8 554.9 3.03 156
SFIX R,4872680.0,
EFIX R,4872680.0,4872850 172 1083.5 555.4 1385
SSACC R,4872852.0,
SBLINK R,4872876.0,
EBLINK R,4872876.0,4873020 146
ESACC R,4872852.0,4873052 202 1073.2 558.8 1015.1 502.7 2.19 531
SFIX R,4873054.0,
EFIX R,4873054.0,4873094 42 1011.1 530.7 1563
SSACC R,4873096.0,
ESACC R,4873096.0,4873100 6 1005.5 558.7 1002.9 568.2 0.27 62
SFIX R,4873102.0,
EFIX R,4873102.0,4873256 156 1006.3 581.2 1536
SSACC R,4873258.0,
ESACC R,4873258.0,4873274 18 1011.5 576.1 988.1 542.1 1.12 107
SFIX R,4873276.0,
EFIX R,4873276.0,4874172 898 987.5 551.4 1579
SSACC R,4874174.0,
ESACC R,4874174.0,4874190 18 984.4 555.1 1026.1 547.6 1.15 103
SFIX R,4874192.0,
EFIX R,4874192.0,4874544 354 1027.1 550.4 1671
SSACC R,4874546.0,
SBLINK R,4874578.0,
EBLINK R,4874578.0,4874692 116
ESACC R,4874546.0,4874718 174 1024.6 560.9 1005.8 462.2 2.72 770
SFIX R,4874720.0,
EFIX R,4874720.0,4875718 1000 976.1 558.2 1644
SSACC R,4875720.0,
ESACC R,4875720.0,4875738 20 969.8 576.7 1028.4 553.2 1.71 139
SFIX R,4875740.0,
EFIX R,4875740.0,4875758 20 1039.9 553.7 1527
SSACC R,4875760.0,
SBLINK R,4875788.0,
EBLINK R,4875788.0,4875902 116
ESACC R,4875760.0,4875924 166 1038.9 551.8 1012.5 477.0 2.15 581
SFIX R,4875926.0,
EFIX R,4875926.0,4877002 1078 981.2 573.5 1549
SSACC R,4877004.0,
ESACC R,4877004.0,4877024 22 976.3 570.4 1046.4 578.7 1.91 152
SFIX R,4877026.0,
EFIX R,4877026.0,4877224 200 1054.0 583.0 1530
SSACC R,4877226.0,
ESACC R,4877226.0,4877254 30 1050.8 578.3 996.5 568.4 1.50 212
SFIX R,4877256.0,
EFIX R,4877256.0,4879402 2148 979.0 578.7 1572
SSACC R,4879404.0,
ESACC R,4879404.0,4879420 18 969.5 590.1 1027.3 580.2 1.59 142
SFIX R,4879422.0,
EFIX R,4879422.0,4879610 190 1030.3 578.5 1466
SSACC R,4879612.0,
ESACC R,4879612.0,4879648 38 1029.8 579.5 939.1 574.7 2.46 216
SFIX R,4879650.0,
EFIX R,4879650.0,4880612 964 967.6 571.1 1545
SSACC R,4880614.0,
ESACC R,4880614.0,4880632 20 969.2 570.6 1032.9 560.5 1.75 146
SFIX R,4880634.0,
EFIX R,4880634.0,4880864 232 1024.7 561.4 1618
SSACC R,4880866.0,
ESACC R,4880866.0,4880884 20 1022.9 557.9 960.9 555.1 1.68 150
SFIX R,4880886.0,
EFIX R,4880886.0,4881510 626 970.2 576.5 1670
SSACC R,4881512.0,
ESACC R,4881512.0,4881526 16 966.9 586.5 1009.5 581.7 1.16 103
SFIX R,4881528.0,
EFIX R,4881528.0,4882110 584 1002.4 583.8 1537
SSACC R,4882112.0,
ESACC R,4882112.0,4882130 20 1006.7 577.1 950.1 564.8 1.57 132
SFIX R,4882132.0,
EFIX R,4882132.0,4882576 446 962.4 574.5 1565
SSACC R,4882578.0,
ESACC R,4882578.0,4882590 14 959.1 578.9 980.2 573.8 0.59 56
SFIX R,4882592.0,
EFIX R,4882592.0,4883678 1088 975.4 572.4 1510
SSACC R,4883680.0,
ESACC R,4883680.0,4883696 18 972.0 580.6 1023.2 583.8 1.39 103
SFIX R,4883698.0,
EFIX R,4883698.0,4883894 198 1026.6 592.8 1478
SSACC R,4883896.0,
ESACC R,4883896.0,4883914 20 1023.8 592.4 966.6 573.2 1.64 145
SFIX R,4883916.0,
EFIX R,4883916.0,4884862 948 968.6 580.4 1489
SSACC R,4884864.0,
ESACC R,4884864.0,4884878 16 964.2 583.5 988.1 562.8 0.86 80
SFIX R,4884880.0,
EFIX R,4884880.0,4885456 578 984.6 567.0 1350
SSACC R,4885458.0,
ESACC R,4885458.0,4885470 14 984.4 565.5 958.3 561.7 0.71 73
SFIX R,4885472.0,
EFIX R,4885472.0,4885944 474 965.3 562.6 1214
SSACC R,4885946.0,
ESACC R,4885946.0,4885960 16 965.8 560.4 1001.3 556.4 0.97 81
SFIX R,4885962.0,
EFIX R,4885962.0,4886468 508 997.5 554.5 1155
SSACC R,4886470.0,
SBLINK R,4886498.0,
EBLINK R,4886498.0,4886602 106
ESACC R,4886470.0,4886632 164 992.4 569.4 1007.0 517.9 1.45 3270
SFIX R,4886634.0,
EFIX R,4886634.0,4887658 1026 974.3 550.2 1038
SSACC R,4887660.0,
ESACC R,4887660.0,4887676 18 976.0 557.1 1023.6 546.9 1.32 108
SFIX R,4887678.0,
EFIX R,4887678.0,4888220 544 1008.2 551.2 1130
SSACC R,4888222.0,
ESACC R,4888222.0,4888242 22 996.5 562.2 927.4 543.7 1.94 164
SFIX R,4888244.0,
EFIX R,4888244.0,4888990 748 962.0 556.6 1316
SSACC R,4888992.0,
ESACC R,4888992.0,4889022 32 979.9 557.3 923.7 550.0 1.54 218
SFIX R,4889024.0,
EFIX R,4889024.0,4889284 262 919.9 548.9 1256
SSACC R,4889286.0,
ESACC R,4889286.0,4889304 20 924.9 550.6 963.9 551.5 1.06 107
SFIX R,4889306.0,
EFIX R,4889306.0,4889512 208 960.4 554.2 1299
SSACC R,4889514.0,
SBLINK R,4889540.0,
EBLINK R,4889540.0,4889696 158
ESACC R,4889514.0,4889744 232 963.4 561.3 1011.4 446.9 3.36 1104
SFIX R,4889746.0,
EFIX R,4889746.0,4890110 366 991.5 560.7 1549
SSACC R,4890112.0,
ESACC R,4890112.0,4890132 22 999.5 579.6 957.4 563.3 1.22 139
SFIX R,4890134.0,
EFIX R,4890134.0,4890596 464 964.9 566.3 1370
SSACC R,4890598.0,
SBLINK R,4890664.0,
EBLINK R,4890664.0,4890778 116
ESACC R,4890598.0,4890788 192 961.2 571.8 1028.6 439.9 4.01 3270
SFIX R,4890790.0,
EFIX R,4890790.0,4891046 258 968.6 530.7 1498
SSACC R,4891048.0,
ESACC R,4891048.0,4891080 34 936.0 567.8 977.4 585.3 1.22 179
SFIX R,4891082.0,
EFIX R,4891082.0,4891458 378 960.2 587.0 1409
SSACC R,4891460.0,
ESACC R,4891460.0,4891516 58 959.6 583.1 1262.6 594.2 8.14 317
SFIX R,4891518.0,
EFIX R,4891518.0,4891834 318 1256.3 589.7 1379
SSACC R,4891836.0,
SBLINK R,4891878.0,
EBLINK R,4891878.0,4891994 118
ESACC R,4891836.0,4892054 220 1248.1 595.1 1059.9 485.2 5.85 1134
SFIX R,4892056.0,
EFIX R,4892056.0,4892408 354 1031.9 588.9 1509
SSACC R,4892410.0,
ESACC R,4892410.0,4892428 20 1022.1 615.3 967.1 576.3 1.83 171
SFIX R,4892430.0,
EFIX R,4892430.0,4894846 2418 968.6 560.9 1661
SSACC R,4894848.0,
ESACC R,4894848.0,4894862 16 961.8 578.0 997.7 563.2 1.05 94
SFIX R,4894864.0,
EFIX R,4894864.0,4896154 1292 983.6 571.5 1676
SSACC R,4896156.0,
ESACC R,4896156.0,4896174 20 969.1 572.1 918.1 557.9 1.43 132
SFIX R,4896176.0,
EFIX R,4896176.0,4896952 778 924.3 568.9 1671
SSACC R,4896954.0,
ESACC R,4896954.0,4896974 22 920.5 570.6 983.4 564.8 1.71 154
SFIX R,4896976.0,
EFIX R,4896976.0,4902868 5894 964.4 576.4 1668
SSACC R,4902870.0,
ESACC R,4902870.0,4902880 12 948.5 601.6 971.2 599.5 0.62 66
SFIX R,4902882.0,
EFIX R,4902882.0,4903122 242 967.2 593.0 1619
SSACC R,4903124.0,
ESACC R,4903124.0,4903152 30 968.9 590.3 934.7 591.3 0.93 138
SFIX R,4903154.0,
EFIX R,4903154.0,4903366 214 932.4 590.3 1635
SSACC R,4903368.0,
ESACC R,4903368.0,4903382 16 933.3 591.3 966.6 588.9 0.90 81
SFIX R,4903384.0,
EFIX R,4903384.0,4906040 2658 961.6 594.5 1650
SSACC R,4906042.0,
ESACC R,4906042.0,4906204 164 969.6 595.0 784.0 512.7 5.49 348
SFIX R,4906206.0,
EFIX R,4906206.0,4906294 90 780.3 525.6 1769
SSACC R,4906296.0,
ESACC R,4906296.0,4906332 38 776.9 541.2 985.0 539.2 5.62 301
SFIX R,4906334.0,
EFIX R,4906334.0,4908036 1704 952.1 596.4 1447
SSACC R,4908038.0,
ESACC R,4908038.0,4908056 20 946.1 591.9 1006.7 585.2 1.65 148
SFIX R,4908058.0,
EFIX R,4908058.0,4912030 3974 993.8 592.1 1510
SSACC R,4912032.0,
ESACC R,4912032.0,4912042 12 960.5 596.5 967.3 573.8 0.64 74
SFIX R,4912044.0,
EFIX R,4912044.0,4914236 2194 965.1 562.6 1638
SSACC R,4914238.0,
ESACC R,4914238.0,4914258 22 970.2 546.7 1016.2 536.8 1.28 129
SFIX R,4914260.0,
EFIX R,4914260.0,4914502 244 1001.9 535.5 1731
SSACC R,4914504.0,
ESACC R,4914504.0,4914524 22 999.0 536.7 950.5 534.3 1.32 130
SFIX R,4914526.0,
EFIX R,4914526.0,4915488 964 956.0 554.0 1726
SSACC R,4915490.0,
ESACC R,4915490.0,4915504 16 952.9 565.1 993.4 565.5 1.10 104
SFIX R,4915506.0,
EFIX R,4915506.0,4915822 318 1004.4 567.7 1667
SSACC R,4915824.0,
ESACC R,4915824.0,4915844 22 1004.4 562.4 940.9 557.5 1.73 134
SFIX R,4915846.0,
EFIX R,4915846.0,4916426 582 953.3 553.5 1607
SSACC R,4916428.0,
ESACC R,4916428.0,4916436 10 956.1 545.6 972.3 546.2 0.44 55
SFIX R,4916438.0,
EFIX R,4916438.0,4916714 278 971.2 545.5 1528
SSACC R,4916716.0,
ESACC R,4916716.0,4916734 20 968.6 546.2 940.6 539.7 0.78 103
SFIX R,4916736.0,
EFIX R,4916736.0,4916962 228 946.6 542.7 1500
SSACC R,4916964.0,
ESACC R,4916964.0,4916974 12 953.9 546.0 977.1 543.9 0.63 66
SFIX R,4916976.0,
EFIX R,4916976.0,4917262 288 977.5 546.0 1398
SSACC R,4917264.0,
ESACC R,4917264.0,4917272 10 973.8 545.7 957.3 548.8 0.45 58
SFIX R,4917274.0,
EFIX R,4917274.0,4917474 202 956.7 551.2 1315
SSACC R,4917476.0,
ESACC R,4917476.0,4917488 14 959.4 555.6 985.9 553.5 0.72 67
SFIX R,4917490.0,
EFIX R,4917490.0,4917972 484 996.7 552.4 1205
SSACC R,4917974.0,
ESACC R,4917974.0,4917986 14 1003.8 538.3 1016.8 515.8 0.70 67
SFIX R,4917988.0,
EFIX R,4917988.0,4919330 1344 970.8 543.4 1070
SSACC R,4919332.0,
ESACC R,4919332.0,4919342 12 958.9 552.5 972.7 541.3 0.48 46
SFIX R,4919344.0,
EFIX R,4919344.0,4919816 474 963.4 542.6 961
SSACC R,4919818.0,
ESACC R,4919818.0,4919824 8 963.8 542.3 975.5 544.3 0.32 50
SFIX R,4919826.0,
EFIX R,4919826.0,4921136 1312 977.9 546.7 974
SSACC R,4921138.0,
ESACC R,4921138.0,4921144 8 968.1 561.7 975.0 553.9 0.28 41
SFIX R,4921146.0,
EFIX R,4921146.0,4921766 622 970.0 549.5 983
SSACC R,4921768.0,
ESACC R,4921768.0,4921772 6 962.1 542.0 967.5 535.1 0.24 42
SFIX R,4921774.0,
EFIX R,4921774.0,4922294 522 971.7 528.5 888
SSACC R,4922296.0,
ESACC R,4922296.0,4922308 14 973.5 527.5 945.4 522.4 0.77 76
SFIX R,4922310.0,
EFIX R,4922310.0,4922722 414 947.3 524.1 833
SSACC R,4922724.0,
ESACC R,4922724.0,4922730 8 949.2 528.8 960.0 529.2 0.29 47
SFIX R,4922732.0,
EFIX R,4922732.0,4923250 520 962.7 530.4 870
SSACC R,4923252.0,
ESACC R,4923252.0,4923262 12 961.5 531.8 985.6 527.7 0.66 69
SFIX R,4923264.0,
EFIX R,4923264.0,4923770 508 984.4 528.5 907
SSACC R,4923772.0,
ESACC R,4923772.0,4923788 18 982.2 535.6 939.9 533.0 1.15 102
SFIX R,4923790.0,
EFIX R,4923790.0,4924330 542 944.1 537.4 931
SSACC R,4924332.0,
ESACC R,4924332.0,4924342 12 947.7 542.3 974.6 540.1 0.73 78
SFIX R,4924344.0,
EFIX R,4924344.0,4924584 242 979.0 540.2 939
SSACC R,4924586.0,
ESACC R,4924586.0,4924592 8 977.6 539.6 966.4 534.9 0.33 47
SFIX R,4924594.0,
EFIX R,4924594.0,4925154 562 957.6 540.5 902
SSACC R,4925156.0,
ESACC R,4925156.0,4925164 10 958.8 538.9 973.9 536.3 0.42 51
SFIX R,4925166.0,
EFIX R,4925166.0,4926468 1304 968.5 534.1 826
SSACC R,4926470.0,
ESACC R,4926470.0,4926482 14 953.0 540.9 979.1 539.6 0.71 64
SFIX R,4926484.0,
EFIX R,4926484.0,4927338 856 969.2 538.3 876
SSACC R,4927340.0,
ESACC R,4927340.0,4927352 14 961.5 527.3 986.4 528.5 0.68 60
SFIX R,4927354.0,
EFIX R,4927354.0,4927518 166 987.2 530.1 868
SSACC R,4927520.0,
ESACC R,4927520.0,4927524 6 981.0 530.2 974.2 528.6 0.19 41
SFIX R,4927526.0,
EFIX R,4927526.0,4928114 590 966.6 531.5 917
SSACC R,4928116.0,
ESACC R,4928116.0,4928122 8 956.1 527.3 947.4 526.7 0.24 39
SFIX R,4928124.0,
EFIX R,4928124.0,4928348 226 944.3 528.2 964
SSACC R,4928350.0,
ESACC R,4928350.0,4928364 16 945.1 529.5 982.0 527.7 1.00 85
SFIX R,4928366.0,
EFIX R,4928366.0,4928632 268 977.4 534.3 934
SSACC R,4928634.0,
ESACC R,4928634.0,4928644 12 975.7 538.0 953.6 533.7 0.61 70
SFIX R,4928646.0,
EFIX R,4928646.0,4928840 196 950.9 538.2 968
SSACC R,4928842.0,
ESACC R,4928842.0,4929042 202 962.6 542.6 1007.2 440.8 3.01 385
SFIX R,4929044.0,
EFIX R,4929044.0,4929658 616 973.5 519.4 900
SSACC R,4929660.0,
SBLINK R,4929714.0,
EBLINK R,4929714.0,4929864 152
ESACC R,4929660.0,4929894 236 976.5 527.6 974.5 539.0 0.31 3270
SFIX R,4929896.0,
EFIX R,4929896.0,4930584 690 957.8 535.5 872
SSACC R,4930586.0,
ESACC R,4930586.0,4930606 22 958.4 537.4 1028.1 524.6 1.92 177
SFIX R,4930608.0,
EFIX R,4930608.0,4930832 226 1027.6 525.3 894
SSACC R,4930834.0,
ESACC R,4930834.0,4930858 26 1032.0 527.5 969.3 533.1 1.71 180
SFIX R,4930860.0,
EFIX R,4930860.0,4931156 298 972.4 541.0 990
SSACC R,4931158.0,
SBLINK R,4931220.0,
EBLINK R,4931220.0,4931352 134
ESACC R,4931158.0,4931394 238 975.9 543.5 1025.3 457.0 2.70 3270
SFIX R,4931396.0,
EFIX R,4931396.0,4931678 284 981.8 547.4 1221
SSACC R,4931680.0,
ESACC R,4931680.0,4931700 22 968.0 544.0 1023.9 528.8 1.57 130
SFIX R,4931702.0,
EFIX R,4931702.0,4932212 512 991.7 540.1 1135
SSACC R,4932214.0,
ESACC R,4932214.0,4932232 20 990.1 549.5 1039.7 544.1 1.35 122
SFIX R,4932234.0,
EFIX R,4932234.0,4932616 384 1034.3 549.8 1165
SSACC R,4932618.0,
SBLINK R,4932656.0,
EBLINK R,4932656.0,4932772 118
ESACC R,4932618.0,4932842 226 1040.7 555.4 1050.3 431.4 3.37 3270
SFIX R,4932844.0,
EFIX R,4932844.0,4933198 356 1025.2 528.6 1275
SSACC R,4933200.0,
ESACC R,4933200.0,4933226 28 1028.1 533.4 985.4 532.6 1.16 148
SFIX R,4933228.0,
EFIX R,4933228.0,4933724 498 982.7 519.6 1270
SSACC R,4933726.0,
ESACC R,4933726.0,4933744 20 990.9 522.6 1050.1 523.2 1.60 139
SFIX R,4933746.0,
EFIX R,4933746.0,4933828 84 1055.2 520.1 1318
SSACC R,4933830.0,
SBLINK R,4933878.0,
EBLINK R,4933878.0,4933984 108
ESACC R,4933830.0,4934066 238 1058.3 522.4 1069.8 433.3 2.43 3270
SFIX R,4934068.0,
EFIX R,4934068.0,4934752 686 1022.3 539.4 1363
SSACC R,4934754.0,
SBLINK R,4934802.0,
EBLINK R,4934802.0,4934972 172
ESACC R,4934754.0,4935054 302 1002.5 568.4 1000.7 507.1 1.66 3270
SFIX R,4935056.0,
EFIX R,4935056.0,4935650 596 981.3 546.7 1268
SSACC R,4935652.0,
SBLINK R,4935704.0,
EBLINK R,4935704.0,4935778 76
ESACC R,4935652.0,4935842 192 976.0 556.9 1033.7 456.0 3.15 3270
SFIX R,4935844.0,
EFIX R,4935844.0,4936380 538 992.2 555.5 1290
SSACC R,4936382.0,
ESACC R,4936382.0,4936402 22 977.6 562.5 923.4 521.7 1.84 156
SFIX R,4936404.0,
EFIX R,4936404.0,4937112 710 941.0 535.7 1373
SSACC R,4937114.0,
ESACC R,4937114.0,4937130 18 950.8 528.4 987.1 520.8 1.01 96
SFIX R,4937132.0,
EFIX R,4937132.0,4937666 536 979.7 521.6 1466
SSACC R,4937668.0,
SBLINK R,4937706.0,
EBLINK R,4937706.0,4937812 108
ESACC R,4937668.0,4937874 208 985.9 540.2 1005.8 440.4 2.75 3270
SFIX R,4937876.0,
EFIX R,4937876.0,4938496 622 974.3 523.6 1447
SSACC R,4938498.0,
ESACC R,4938498.0,4938510 14 971.2 523.1 1000.0 527.0 0.79 74
SFIX R,4938512.0,
EFIX R,4938512.0,4938754 244 1005.9 528.1 1232
SSACC R,4938756.0,
ESACC R,4938756.0,4938776 22 1007.6 531.8 929.4 527.0 2.12 187
SFIX R,4938778.0,
EFIX R,4938778.0,4939028 252 951.9 528.4 1318
SSACC R,4939030.0,
SBLINK R,4939072.0,
EBLINK R,4939072.0,4939196 126
ESACC R,4939030.0,4939264 236 956.4 539.9 1010.8 435.7 3.18 3270
SFIX R,4939266.0,
EFIX R,4939266.0,4940072 808 972.7 510.2 1353
SSACC R,4940074.0,
ESACC R,4940074.0,4940094 22 952.0 516.9 1023.3 519.5 1.93 165
SFIX R,4940096.0,
EFIX R,4940096.0,4940386 292 1023.3 522.5 1330
SSACC R,4940388.0,
ESACC R,4940388.0,4940420 34 1032.9 521.7 969.5 512.9 1.73 204
SFIX R,4940422.0,
EFIX R,4940422.0,4940886 466 968.9 517.2 1442
SSACC R,4940888.0,
ESACC R,4940888.0,4940908 22 972.5 528.5 1037.4 531.9 1.76 164
SFIX R,4940910.0,
EFIX R,4940910.0,4941290 382 1032.2 541.7 1487
SSACC R,4941292.0,
ESACC R,4941292.0,4941318 28 1022.7 545.9 983.5 537.4 1.09 162
SFIX R,4941320.0,
EFIX R,4941320.0,4941718 400 971.4 541.2 1511
SSACC R,4941720.0,
ESACC R,4941720.0,4941738 20 968.6 553.7 1024.3 555.2 1.51 129
SFIX R,4941740.0,
EFIX R,4941740.0,4941934 196 1039.1 560.0 1468
SSACC R,4941936.0,
ESACC R,4941936.0,4941964 30 1038.5 563.6 978.4 561.1 1.63 189
SFIX R,4941966.0,
EFIX R,4941966.0,4942548 584 967.4 565.0 1514
SSACC R,4942550.0,
ESACC R,4942550.0,4942848 300 968.4 577.7 1007.8 468.8 3.14 3270
SFIX R,4942850.0,
EFIX R,4942850.0,4942888 40 994.9 461.9 1440
SSACC R,4942890.0,
ESACC R,4942890.0,4942896 8 983.9 475.4 982.2 486.5 0.30 50
SFIX R,4942898.0,
EFIX R,4942898.0,4943392 496 958.1 533.7 1318
SSACC R,4943394.0,
ESACC R,4943394.0,4943414 22 953.4 535.6 1020.0 526.2 1.82 139
SFIX R,4943416.0,
EFIX R,4943416.0,4943574 160 1011.2 531.2 1148
SSACC R,4943576.0,
ESACC R,4943576.0,4943596 22 1011.6 536.3 933.1 527.8 2.14 202
SFIX R,4943598.0,
EFIX R,4943598.0,4943998 402 950.7 531.3 1168
SSACC R,4944000.0,
SBLINK R,4944070.0,
EBLINK R,4944070.0,4944098 30
ESACC R,4944000.0,4944164 166 962.8 547.0 1012.0 442.9 3.12 3270
SFIX R,4944166.0,
EFIX R,4944166.0,4944730 566 976.9 535.2 1280
SSACC R,4944732.0,
ESACC R,4944732.0,4944752 22 963.5 540.9 1029.7 536.5 1.80 157
SFIX R,4944754.0,
EFIX R,4944754.0,4944964 212 1019.8 535.6 1309
SSACC R,4944966.0,
ESACC R,4944966.0,4944996 32 1019.1 543.2 963.2 550.9 1.53 207
SFIX R,4944998.0,
EFIX R,4944998.0,4945298 302 952.7 557.9 1335
SSACC R,4945300.0,
ESACC R,4945300.0,4945316 18 954.4 559.3 996.9 553.7 1.16 107
SFIX R,4945318.0,
EFIX R,4945318.0,4945516 200 993.1 561.5 1380
SSACC R,4945518.0,
SBLINK R,4945594.0,
EBLINK R,4945594.0,4945712 120
ESACC R,4945518.0,4945784 268 992.4 565.4 999.9 480.4 2.31 3270
SFIX R,4945786.0,
EFIX R,4945786.0,4946328 544 962.2 556.6 1293
SSACC R,4946330.0,
ESACC R,4946330.0,4946344 16 959.3 558.6 996.0 552.1 1.01 82
SFIX R,4946346.0,
EFIX R,4946346.0,4946496 152 1002.0 550.5 1022
SSACC R,4946498.0,
ESACC R,4946498.0,4946514 18 1000.4 551.3 957.0 543.7 1.19 114
SFIX R,4946516.0,
EFIX R,4946516.0,4948784 2270 958.2 546.2 1110
SSACC R,4948786.0,
ESACC R,4948786.0,4948802 18 961.6 559.3 992.8 543.5 0.95 87
SFIX R,4948804.0,
EFIX R,4948804.0,4949282 480 976.2 546.5 1306
SSACC R,4949284.0,
ESACC R,4949284.0,4949294 12 975.7 552.0 989.8 539.6 0.51 55
SFIX R,4949296.0,
EFIX R,4949296.0,4949400 106 995.9 538.1 1352
SSACC R,4949402.0,
ESACC R,4949402.0,4949430 30 995.4 537.5 936.0 539.2 1.61 205
SFIX R,4949432.0,
EFIX R,4949432.0,4949668 238 935.2 544.3 1328
SSACC R,4949670.0,
ESACC R,4949670.0,4949686 18 943.8 549.5 990.7 548.0 1.27 104
SFIX R,4949688.0,
EFIX R,4949688.0,4949810 124 981.1 555.3 1303
SSACC R,4949812.0,
SBLINK R,4949860.0,
EBLINK R,4949860.0,4949998 140
ESACC R,4949812.0,4950062 252 981.7 572.7 1014.1 461.1 3.15 3270
SFIX R,4950064.0,
EFIX R,4950064.0,4950384 322 974.7 549.1 1357
SSACC R,4950386.0,
ESACC R,4950386.0,4950398 14 972.0 553.5 987.4 531.8 0.72 71
SFIX R,4950400.0,
EFIX R,4950400.0,4951808 1410 968.5 541.1 1257
SSACC R,4951810.0,
ESACC R,4951810.0,4951826 18 965.4 558.1 1006.6 555.6 1.12 97
SFIX R,4951828.0,
EFIX R,4951828.0,4954866 3040 974.2 571.8 1479
SSACC R,4954868.0,
ESACC R,4954868.0,4954880 14 964.6 581.3 987.8 564.5 0.78 75
SFIX R,4954882.0,
EFIX R,4954882.0,4954966 86 981.9 568.5 1442
SSACC R,4954968.0,
ESACC R,4954968.0,4954988 22 980.9 568.0 927.4 558.0 1.47 136
SFIX R,4954990.0,
EFIX R,4954990.0,4955210 222 940.1 560.6 1443
SSACC R,4955212.0,
ESACC R,4955212.0,4955220 10 947.2 566.2 965.0 571.1 0.50 63
SFIX R,4955222.0,
EFIX R,4955222.0,4956018 798 963.9 579.3 1372
SSACC R,4956020.0,
ESACC R,4956020.0,4956042 24 969.5 574.7 1055.2 586.3 2.34 158
SFIX R,4956044.0,
EFIX R,4956044.0,4956442 400 1079.6 601.6 1290
SSACC R,4956444.0,
ESACC R,4956444.0,4956480 38 1076.5 602.1 960.0 557.5 3.38 253
SFIX R,4956482.0,
EFIX R,4956482.0,4958222 1742 967.4 560.3 1304
SSACC R,4958224.0,
ESACC R,4958224.0,4958242 20 960.1 581.5 1021.9 567.9 1.71 148
SFIX R,4958244.0,
EFIX R,4958244.0,4958472 230 1015.1 570.7 1341
SSACC R,4958474.0,
ESACC R,4958474.0,4958502 30 1010.0 576.6 970.4 575.8 1.07 157
SFIX R,4958504.0,
EFIX R,4958504.0,4960040 1538 961.2 582.2 1321
SSACC R,4960042.0,
ESACC R,4960042.0,4960046 6 944.2 580.3 947.4 574.1 0.19 46
SFIX R,4960048.0,
EFIX R,4960048.0,4960576 530 955.7 566.8 1218
SSACC R,4960578.0,
ESACC R,4960578.0,4960722 146 962.3 561.3 1637.3 802.5 18.47 250
SFIX R,4960724.0,
EFIX R,4960724.0,4960856 134 1611.3 800.0 1147
SSACC R,4960858.0,
ESACC R,4960858.0,4960920 64 1589.0 795.3 936.5 567.5 17.92 497
SFIX R,4960922.0,
EFIX R,4960922.0,4961942 1022 946.3 566.3 1168
SSACC R,4961944.0,
ESACC R,4961944.0,4961960 18 944.8 566.4 979.6 548.6 1.06 97
SFIX R,4961962.0,
EFIX R,4961962.0,4962596 636 975.1 559.8 1310
SSACC R,4962598.0,
ESACC R,4962598.0,4962626 30 970.7 570.5 916.1 565.2 1.49 183
SFIX R,4962628.0,
EFIX R,4962628.0,4962848 222 911.5 559.6 1380
SSACC R,4962850.0,
ESACC R,4962850.0,4962864 16 912.7 561.4 949.7 561.9 1.00 90
SFIX R,4962866.0,
EFIX R,4962866.0,4963326 462 940.0 558.9 1445
SSACC R,4963328.0,
ESACC R,4963328.0,4963346 20 943.5 561.6 998.0 560.4 1.48 133
SFIX R,4963348.0,
EFIX R,4963348.0,4963668 322 988.3 567.2 1453
SSACC R,4963670.0,
ESACC R,4963670.0,4963810 142 989.8 572.0 1023.8 459.1 3.20 338
SFIX R,4963812.0,
EFIX R,4963812.0,4964750 940 974.8 564.2 1324
SSACC R,4964752.0,
ESACC R,4964752.0,4964786 36 969.7 575.7 1082.4 585.1 3.06 185
SFIX R,4964788.0,
EFIX R,4964788.0,4964984 198 1071.7 585.3 1253
SSACC R,4964986.0,
ESACC R,4964986.0,4965016 32 1072.1 586.4 986.3 569.0 2.37 284
SFIX R,4965018.0,
EFIX R,4965018.0,4965926 910 977.3 573.9 1366
SSACC R,4965928.0,
SBLINK R,4965982.0,
EBLINK R,4965982.0,4966148 168
ESACC R,4965928.0,4966208 282 972.0 581.5 1013.2 468.6 3.26 3270
SFIX R,4966210.0,
EFIX R,4966210.0,4966748 540 968.5 568.9 1319
SSACC R,4966750.0,
ESACC R,4966750.0,4966764 16 966.8 565.6 956.9 536.9 0.82 74
SFIX R,4966766.0,
EFIX R,4966766.0,4967564 800 960.3 546.7 1126
SSACC R,4967566.0,
ESACC R,4967566.0,4967586 22 966.7 545.2 1022.5 536.6 1.53 121
SFIX R,4967588.0,
EFIX R,4967588.0,4967738 152 1015.6 542.2 1190
SSACC R,4967740.0,
ESACC R,4967740.0,4967768 30 1015.0 547.6 976.5 541.6 1.06 154
SFIX R,4967770.0,
EFIX R,4967770.0,4969138 1370 961.6 550.5 1235
SSACC R,4969140.0,
ESACC R,4969140.0,4969154 16 958.5 551.0 997.3 549.3 1.05 95
SFIX R,4969156.0,
EFIX R,4969156.0,4969432 278 1002.0 549.2 1088
SSACC R,4969434.0,
ESACC R,4969434.0,4969456 24 999.7 550.7 930.0 549.4 1.89 164
SFIX R,4969458.0,
EFIX R,4969458.0,4969748 292 941.7 548.7 1135
SSACC R,4969750.0,
ESACC R,4969750.0,4969768 20 944.2 553.7 997.0 545.5 1.45 132
SFIX R,4969770.0,
EFIX R,4969770.0,4971818 2050 970.1 560.0 1259
SSACC R,4971820.0,
ESACC R,4971820.0,4971832 14 953.7 567.9 975.3 553.1 0.71 66
SFIX R,4971834.0,
EFIX R,4971834.0,4972676 844 968.1 558.5 1320
SSACC R,4972678.0,
ESACC R,4972678.0,4972746 70 972.2 565.8 1301.8 774.2 10.41 234
SFIX R,4972748.0,
EFIX R,4972748.0,4972858 112 1281.2 767.4 1394
SSACC R,4972860.0,
ESACC R,4972860.0,4972914 56 1269.2 764.7 939.5 581.1 10.10 391
SFIX R,4972916.0,
EFIX R,4972916.0,4973484 570 953.0 582.6 1270
SSACC R,4973486.0,
ESACC R,4973486.0,4973496 12 952.3 583.7 964.9 564.7 0.62 65
SFIX R,4973498.0,
EFIX R,4973498.0,4976750 3254 959.3 557.5 1270
SSACC R,4976752.0,
ESACC R,4976752.0,4976770 20 938.8 564.7 987.4 560.0 1.32 106
SFIX R,4976772.0,
EFIX R,4976772.0,4976884 114 982.6 555.4 1363
SSACC R,4976886.0,
ESACC R,4976886.0,4976916 32 982.5 556.1 948.3 551.3 0.94 144
SFIX R,4976918.0,
EFIX R,4976918.0,4978314 1398 938.0 558.9 1377
SSACC R,4978316.0,
ESACC R,4978316.0,4978334 20 932.2 558.5 970.9 556.6 1.05 109
SFIX R,4978336.0,
EFIX R,4978336.0,4978594 260 966.6 556.7 1398
SSACC R,4978596.0,
ESACC R,4978596.0,4978616 22 974.5 556.3 945.1 551.7 0.81 88
SFIX R,4978618.0,
EFIX R,4978618.0,4979386 770 951.8 556.3 1394
SSACC R,4979388.0,
ESACC R,4979388.0,4979404 18 953.4 557.2 994.3 554.8 1.11 95
SFIX R,4979406.0,
EFIX R,4979406.0,4979632 228 985.2 553.7 1413
SSACC R,4979634.0,
ESACC R,4979634.0,4979652 20 979.7 553.7 950.4 552.6 0.79 88
SFIX R,4979654.0,
EFIX R,4979654.0,4981408 1756 964.1 558.1 1272
SSACC R,4981410.0,
ESACC R,4981410.0,4981420 12 958.7 558.1 977.3 545.7 0.61 64
SFIX R,4981422.0,
EFIX R,4981422.0,4981812 392 972.6 553.0 1165
SSACC R,4981814.0,
ESACC R,4981814.0,4981840 28 973.3 559.9 933.6 552.6 1.09 164
SFIX R,4981842.0,
EFIX R,4981842.0,4981944 104 927.3 550.5 1186
SSACC R,4981946.0,
SBLINK R,4981990.0,
EBLINK R,4981990.0,4982054 66
ESACC R,4981946.0,4982112 168 930.0 553.9 978.0 482.8 2.32 712
SFIX R,4982114.0,
EFIX R,4982114.0,4982372 260 941.2 578.5 1252
SSACC R,4982374.0,
ESACC R,4982374.0,4982388 16 935.6 572.0 973.3 558.3 1.09 87
SFIX R,4982390.0,
EFIX R,4982390.0,4983570 1182 968.4 543.0 1286
SSACC R,4983572.0,
ESACC R,4983572.0,4983586 16 963.3 544.7 995.5 545.6 0.87 72
SFIX R,4983588.0,
EFIX R,4983588.0,4983928 342 985.8 548.2 1351
SSACC R,4983930.0,
ESACC R,4983930.0,4983956 28 986.6 554.1 949.4 555.5 1.01 144
SFIX R,4983958.0,
EFIX R,4983958.0,4984604 648 942.1 553.9 1370
SSACC R,4984606.0,
ESACC R,4984606.0,4984622 18 941.3 554.9 990.7 549.3 1.35 117
SFIX R,4984624.0,
EFIX R,4984624.0,4985610 988 975.9 557.3 1359
SSACC R,4985612.0,
ESACC R,4985612.0,4985632 22 972.7 557.5 913.0 549.9 1.63 148
SFIX R,4985634.0,
EFIX R,4985634.0,4985874 242 920.1 551.8 1335
SSACC R,4985876.0,
ESACC R,4985876.0,4985894 20 919.3 548.5 967.2 548.1 1.30 128
SFIX R,4985896.0,
EFIX R,4985896.0,4986354 460 959.6 549.7 1400
SSACC R,4986356.0,
SBLINK R,4986410.0,
EBLINK R,4986410.0,4986452 44
ESACC R,4986356.0,4986492 138 960.2 556.8 1013.4 443.5 3.39 512
SFIX R,4986494.0,
EFIX R,4986494.0,4987508 1016 961.9 551.7 1362
SSACC R,4987510.0,
ESACC R,4987510.0,4987544 36 953.7 550.7 1047.1 559.2 2.54 125
SFIX R,4987546.0,
EFIX R,4987546.0,4987704 160 1038.7 563.9 1328
SSACC R,4987706.0,
ESACC R,4987706.0,4987736 32 1042.1 567.3 976.1 550.6 1.84 213
SFIX R,4987738.0,
EFIX R,4987738.0,4988720 984 979.6 556.5 1310
SSACC R,4988722.0,
ESACC R,4988722.0,4988754 34 978.8 553.0 1039.4 552.9 1.64 104
SFIX R,4988756.0,
EFIX R,4988756.0,4988930 176 1029.6 548.0 1333
SSACC R,4988932.0,
ESACC R,4988932.0,4988954 24 1026.7 547.1 950.3 532.7 2.11 205
SFIX R,4988956.0,
EFIX R,4988956.0,4989346 392 953.7 544.7 1316
SSACC R,4989348.0,
ESACC R,4989348.0,4989356 10 956.9 559.2 972.2 560.7 0.42 52
SFIX R,4989358.0,
EFIX R,4989358.0,4989856 500 966.0 557.9 1279
SSACC R,4989858.0,
ESACC R,4989858.0,4989864 8 971.2 557.5 981.8 557.3 0.29 43
SFIX R,4989866.0,
EFIX R,4989866.0,4990088 224 983.9 553.0 1166
SSACC R,4990090.0,
ESACC R,4990090.0,4990108 20 985.5 553.0 946.6 541.6 1.10 112
SFIX R,4990110.0,
EFIX R,4990110.0,4990302 194 955.4 547.0 1112
SSACC R,4990304.0,
ESACC R,4990304.0,4990310 8 960.0 553.5 972.1 554.3 0.33 49
SFIX R,4990312.0,
EFIX R,4990312.0,4991128 818 972.7 550.9 1066
SSACC R,4991130.0,
ESACC R,4991130.0,4991144 16 973.5 548.4 1008.6 538.6 0.99 85
SFIX R,4991146.0,
EFIX R,4991146.0,4991570 426 1002.5 540.9 1065
SSACC R,4991572.0,
ESACC R,4991572.0,4991600 30 999.6 547.0 960.0 542.2 1.08 170
SFIX R,4991602.0,
EFIX R,4991602.0,4991934 334 956.0 552.7 1125
SSACC R,4991936.0,
ESACC R,4991936.0,4991948 14 954.5 555.5 984.5 551.5 0.82 79
SFIX R,4991950.0,
EFIX R,4991950.0,4992414 466 974.2 555.5 1112
SSACC R,4992416.0,
ESACC R,4992416.0,4992434 20 967.8 559.7 1018.4 553.5 1.38 119
SFIX R,4992436.0,
EFIX R,4992436.0,4992640 206 1014.9 558.4 1149
SSACC R,4992642.0,
ESACC R,4992642.0,4992664 24 1015.2 561.2 947.8 554.6 1.84 170
SFIX R,4992666.0,
EFIX R,4992666.0,4993166 502 960.0 551.9 1110
SSACC R,4993168.0,
ESACC R,4993168.0,4993184 18 958.1 553.9 993.7 545.5 0.99 89
SFIX R,4993186.0,
EFIX R,4993186.0,4994062 878 982.9 544.1 1045
SSACC R,4994064.0,
ESACC R,4994064.0,4994078 16 979.5 550.3 1018.2 548.2 1.05 97
SFIX R,4994080.0,
EFIX R,4994080.0,4994226 148 1015.8 555.9 1002
SSACC R,4994228.0,
ESACC R,4994228.0,4994250 24 1010.6 560.1 947.5 547.9 1.74 154
SFIX R,4994252.0,
EFIX R,4994252.0,4994606 356 963.1 554.2 1013
SSACC R,4994608.0,
ESACC R,4994608.0,4994618 12 969.3 552.5 991.9 547.4 0.63 69
SFIX R,4994620.0,
EFIX R,4994620.0,4994850 232 993.3 543.3 984
SSACC R,4994852.0,
ESACC R,4994852.0,4994868 18 991.0 539.3 952.7 532.0 1.06 94
SFIX R,4994870.0,
EFIX R,4994870.0,4995336 468 965.2 534.6 957
SSACC R,4995338.0,
ESACC R,4995338.0,4995342 6 967.1 530.6 974.5 528.0 0.21 48
SFIX R,4995344.0,
EFIX R,4995344.0,4996016 674 968.3 528.2 875
SSACC R,4996018.0,
ESACC R,4996018.0,4996026 10 971.8 531.2 987.1 526.4 0.43 55
SFIX R,4996028.0,
EFIX R,4996028.0,4996890 864 983.5 537.9 931
SSACC R,4996892.0,
ESACC R,4996892.0,4996896 6 978.9 543.1 983.2 538.3 0.17 38
SFIX R,4996898.0,
EFIX R,4996898.0,4997548 652 974.3 542.8 994
SSACC R,4997550.0,
ESACC R,4997550.0,4997564 16 962.4 549.2 998.0 539.5 1.00 89
SFIX R,4997566.0,
EFIX R,4997566.0,4997794 230 986.4 542.5 1056
SSACC R,4997796.0,
ESACC R,4997796.0,4997822 28 980.4 543.7 951.9 533.5 0.82 141
SFIX R,4997824.0,
EFIX R,4997824.0,4998030 208 945.4 531.4 1032
SSACC R,4998032.0,
ESACC R,4998032.0,4998042 12 949.7 534.2 975.2 534.1 0.69 74
SFIX R,4998044.0,
EFIX R,4998044.0,4998620 578 977.9 541.7 1019
SSACC R,4998622.0,
ESACC R,4998622.0,4998640 20 975.8 547.1 1037.5 546.5 1.67 137
SFIX R,4998642.0,
EFIX R,4998642.0,4998864 224 1043.9 549.7 992
SSACC R,4998866.0,
ESACC R,4998866.0,4998886 22 1039.4 551.1 968.2 528.5 2.02 191
SFIX R,4998888.0,
EFIX R,4998888.0,5000046 1160 967.8 546.8 1080
SSACC R,5000048.0,
ESACC R,5000048.0,5000056 10 962.3 558.3 976.5 545.7 0.51 69
SFIX R,5000058.0,
EFIX R,5000058.0,5001888 1832 964.0 553.6 1347
SSACC R,5001890.0,
ESACC R,5001890.0,5001906 18 950.2 569.7 993.5 566.8 1.18 103
SFIX R,5001908.0,
EFIX R,5001908.0,5002122 216 989.0 566.5 1316
SSACC R,5002124.0,
ESACC R,5002124.0,5002144 22 991.9 564.6 941.6 556.8 1.38 135
SFIX R,5002146.0,
EFIX R,5002146.0,5002498 354 950.1 565.0 1244
SSACC R,5002500.0,
ESACC R,5002500.0,5002508 10 949.5 568.6 968.0 561.9 0.53 65
SFIX R,5002510.0,
EFIX R,5002510.0,5002740 232 975.0 558.3 1203
SSACC R,5002742.0,
ESACC R,5002742.0,5002752 12 974.4 555.8 952.9 544.7 0.66 67
SFIX R,5002754.0,
EFIX R,5002754.0,5003004 252 945.4 550.3 1188
SSACC R,5003006.0,
ESACC R,5003006.0,5003014 10 948.2 549.0 963.0 553.1 0.42 51
SFIX R,5003016.0,
EFIX R,5003016.0,5003388 374 957.3 544.9 1128
SSACC R,5003390.0,
ESACC R,5003390.0,5003402 14 961.9 539.6 984.6 541.8 0.62 58
SFIX R,5003404.0,
EFIX R,5003404.0,5003580 178 988.2 541.9 1066
SSACC R,5003582.0,
ESACC R,5003582.0,5003600 20 987.6 543.6 940.7 537.6 1.28 109
SFIX R,5003602.0,
EFIX R,5003602.0,5003944 344 953.9 537.1 1067
SSACC R,5003946.0,
ESACC R,5003946.0,5003966 22 968.0 540.8 984.3 495.6 1.30 76
SFIX R,5003968.0,
EFIX R,5003968.0,5004296 330 980.0 517.4 1117
SSACC R,5004298.0,
ESACC R,5004298.0,5004312 16 960.9 535.3 989.3 528.9 0.79 57
SFIX R,5004314.0,
EFIX R,5004314.0,5004484 172 994.8 531.5 1083
SSACC R,5004486.0,
ESACC R,5004486.0,5004500 16 993.6 531.9 962.3 526.3 0.86 71
SFIX R,5004502.0,
EFIX R,5004502.0,5004726 226 962.4 529.5 1022
SSACC R,5004728.0,
ESACC R,5004728.0,5004740 14 961.9 528.9 991.8 529.9 0.81 79
SFIX R,5004742.0,
EFIX R,5004742.0,5004968 228 988.4 528.9 1008
SSACC R,5004970.0,
ESACC R,5004970.0,5004986 18 983.6 529.6 943.7 522.1 1.10 98
SFIX R,5004988.0,
EFIX R,5004988.0,5005196 210 953.3 527.5 995
SSACC R,5005198.0,
ESACC R,5005198.0,5005204 8 958.2 533.7 969.8 532.2 0.32 51
SFIX R,5005206.0,
EFIX R,5005206.0,5005564 360 972.2 533.4 949
SSACC R,5005566.0,
ESACC R,5005566.0,5005572 8 969.7 533.6 979.1 531.4 0.26 38
SFIX R,5005574.0,
EFIX R,5005574.0,5005894 322 993.1 528.4 935
SSACC R,5005896.0,
SBLINK R,5005958.0,
EBLINK R,5005958.0,5006144 188
ESACC R,5005896.0,5006216 322 1011.9 525.1 999.0 476.1 1.37 3270
SFIX R,5006218.0,
EFIX R,5006218.0,5006646 430 987.6 525.8 914
SSACC R,5006648.0,
ESACC R,5006648.0,5006660 14 987.1 531.3 959.7 530.8 0.74 71
SFIX R,5006662.0,
EFIX R,5006662.0,5007216 556 962.3 529.4 824
SSACC R,5007218.0,
ESACC R,5007218.0,5007236 20 958.5 529.7 1003.4 522.0 1.23 103
SFIX R,5007238.0,
EFIX R,5007238.0,5007628 392 1005.2 519.4 1009
SSACC R,5007630.0,
ESACC R,5007630.0,5007656 28 1016.2 521.5 993.8 528.0 0.63 110
SFIX R,5007658.0,
EFIX R,5007658.0,5008020 364 976.8 528.1 1146
SSACC R,5008022.0,
ESACC R,5008022.0,5008046 26 964.9 528.6 997.5 539.1 0.93 118
SFIX R,5008048.0,
EFIX R,5008048.0,5008384 338 992.5 525.7 1186
SSACC R,5008386.0,
ESACC R,5008386.0,5008402 18 994.8 527.4 1032.3 532.3 1.02 95
SFIX R,5008404.0,
EFIX R,5008404.0,5008574 172 1021.6 550.0 1308
SSACC R,5008576.0,
SBLINK R,5008608.0,
EBLINK R,5008608.0,5008772 166
ESACC R,5008576.0,5008796 222 1019.3 556.5 1013.0 449.5 2.90 692
SFIX R,5008798.0,
EFIX R,5008798.0,5009132 336 985.6 561.1 1394
SSACC R,5009134.0,
SBLINK R,5009166.0,
EBLINK R,5009166.0,5009368 204
ESACC R,5009134.0,5009438 306 986.1 566.0 1005.2 530.4 1.09 613
SFIX R,5009440.0,
EFIX R,5009440.0,5009834 396 991.8 554.3 1327
SSACC R,5009836.0,
SBLINK R,5009874.0,
EBLINK R,5009874.0,5009964 92
ESACC R,5009836.0,5010016 182 1001.8 565.2 1008.1 522.8 1.16 678
SFIX R,5010018.0,
EFIX R,5010018.0,5010730 714 978.6 560.9 1354
SSACC R,5010732.0,
SBLINK R,5010778.0,
EBLINK R,5010778.0,5010860 84
ESACC R,5010732.0,5010892 162 968.4 562.8 1004.7 477.5 2.51 1713
SFIX R,5010894.0,
EFIX R,5010894.0,5012676 1784 995.6 569.8 1605
SSACC R,5012678.0,
ESACC R,5012678.0,5012690 14 975.5 571.6 1000.4 562.3 0.72 69
SFIX R,5012692.0,
EFIX R,5012692.0,5013146 456 1011.4 550.0 1820
SSACC R,5013148.0,
ESACC R,5013148.0,5013176 30 1018.4 556.4 951.9 564.4 1.82 241
SFIX R,5013178.0,
EFIX R,5013178.0,5013758 582 945.1 577.1 1803
SSACC R,5013760.0,
SBLINK R,5013806.0,
EBLINK R,5013806.0,5013922 118
ESACC R,5013760.0,5013966 208 946.1 574.2 1016.6 490.4 2.97 587
SFIX R,5013968.0,
EFIX R,5013968.0,5018846 4880 960.5 569.5 1620
SSACC R,5018848.0,
ESACC R,5018848.0,5018880 34 938.7 566.8 1026.5 549.3 2.43 184
SFIX R,5018882.0,
EFIX R,5018882.0,5019054 174 1001.3 557.6 1514
SSACC R,5019056.0,
ESACC R,5019056.0,5019080 26 997.3 557.4 952.4 554.0 1.22 152
SFIX R,5019082.0,
EFIX R,5019082.0,5019680 600 949.1 558.4 1495
SSACC R,5019682.0,
SBLINK R,5019726.0,
EBLINK R,5019726.0,5019804 80
ESACC R,5019682.0,5019854 174 943.1 577.9 977.1 487.3 2.62 2571
SFIX R,5019856.0,
EFIX R,5019856.0,5020566 712 943.2 574.7 1352
SSACC R,5020568.0,
SBLINK R,5020616.0,
EBLINK R,5020616.0,5020838 224
ESACC R,5020568.0,5020894 328 940.1 581.6 978.8 575.6 1.06 414
SFIX R,5020896.0,
EFIX R,5020896.0,5021042 148 976.3 627.2 1429
SSACC R,5021044.0,
ESACC R,5021044.0,5021068 26 978.1 643.4 927.7 609.8 1.64 144
SFIX R,5021070.0,
EFIX R,5021070.0,5021920 852 952.5 596.6 1389
SSACC R,5021922.0,
ESACC R,5021922.0,5021958 38 964.2 608.7 920.1 571.2 1.57 133
SFIX R,5021960.0,
EFIX R,5021960.0,5022224 266 925.9 585.5 1415
SSACC R,5022226.0,
ESACC R,5022226.0,5022242 18 935.7 587.9 990.9 576.3 1.53 145
SFIX R,5022244.0,
EFIX R,5022244.0,5022454 212 996.3 575.9 1512
SSACC R,5022456.0,
SBLINK R,5022506.0,
EBLINK R,5022506.0,5022604 100
ESACC R,5022456.0,5022666 212 1003.2 579.6 1145.2 492.7 4.50 3270
SFIX R,5022668.0,
EFIX R,5022668.0,5022912 246 1115.4 602.6 1615
SSACC R,5022914.0,
ESACC R,5022914.0,5022942 30 1115.3 631.2 981.3 584.8 3.83 281
SFIX R,5022944.0,
EFIX R,5022944.0,5023302 360 978.4 586.2 1542
SSACC R,5023304.0,
ESACC R,5023304.0,5023324 22 965.9 584.1 994.7 562.5 0.98 118
SFIX R,5023326.0,
EFIX R,5023326.0,5023884 560 980.7 560.3 1517
SSACC R,5023886.0,
SBLINK R,5023920.0,
EBLINK R,5023920.0,5024128 210
ESACC R,5023886.0,5024136 252 981.0 562.9 999.8 572.0 0.57 527
SFIX R,5024138.0,
EFIX R,5024138.0,5024432 296 947.6 575.0 1608
SSACC R,5024434.0,
ESACC R,5024434.0,5024466 34 966.9 582.2 1025.8 560.3 1.70 148
SFIX R,5024468.0,
EFIX R,5024468.0,5024628 162 1015.2 574.2 1601
SSACC R,5024630.0,
ESACC R,5024630.0,5024648 20 1012.5 584.5 932.2 586.1 2.18 206
SFIX R,5024650.0,
EFIX R,5024650.0,5024836 188 928.1 586.5 1439
SSACC R,5024838.0,
ESACC R,5024838.0,5024856 20 920.2 586.6 969.3 586.7 1.33 104
SFIX R,5024858.0,
EFIX R,5024858.0,5025074 218 961.5 589.9 1445
SSACC R,5025076.0,
ESACC R,5025076.0,5025096 22 958.8 592.9 888.8 591.3 1.90 167
SFIX R,5025098.0,
EFIX R,5025098.0,5025160 64 907.0 595.4 1525
SSACC R,5025162.0,
ESACC R,5025162.0,5025176 16 911.7 601.5 945.0 601.8 0.90 81
SFIX R,5025178.0,
EFIX R,5025178.0,5025220 44 935.5 586.5 1599
SSACC R,5025222.0,
ESACC R,5025222.0,5025228 8 928.1 583.4 915.2 585.5 0.35 49
SFIX R,5025230.0,
EFIX R,5025230.0,5025400 172 907.3 619.8 1639
SSACC R,5025402.0,
ESACC R,5025402.0,5025424 24 908.1 633.7 956.9 611.6 1.45 99
SFIX R,5025426.0,
EFIX R,5025426.0,5025756 332 958.7 608.3 1661
SSACC R,5025758.0,
ESACC R,5025758.0,5025768 12 958.8 611.9 940.9 593.0 0.71 71
SFIX R,5025770.0,
EFIX R,5025770.0,5025950 182 940.4 606.9 1658
SSACC R,5025952.0,
ESACC R,5025952.0,5025972 22 939.2 615.7 996.3 620.0 1.55 124
SFIX R,5025974.0,
EFIX R,5025974.0,5026142 170 981.6 635.2 1552
SSACC R,5026144.0,
ESACC R,5026144.0,5026162 20 977.7 639.4 928.1 633.4 1.35 108
SFIX R,5026164.0,
EFIX R,5026164.0,5026360 198 933.6 635.9 1524
SSACC R,5026362.0,
ESACC R,5026362.0,5026378 18 931.3 638.2 978.3 640.7 1.28 109
SFIX R,5026380.0,
EFIX R,5026380.0,5026498 120 977.4 640.0 1584
SSACC R,5026500.0,
ESACC R,5026500.0,5026522 24 975.9 645.1 929.8 641.8 1.25 132
SFIX R,5026524.0,
EFIX R,5026524.0,5027068 546 948.0 644.7 1612
SSACC R,5027070.0,
SBLINK R,5027110.0,
EBLINK R,5027110.0,5027278 170
ESACC R,5027070.0,5027336 268 977.4 628.3 928.7 506.3 3.56 378
SFIX R,5027338.0,
EFIX R,5027338.0,5027460 124 926.3 547.4 1631
SSACC R,5027462.0,
ESACC R,5027462.0,5027482 22 925.6 544.5 981.4 546.7 1.51 124
SFIX R,5027484.0,
EFIX R,5027484.0,5027928 446 987.5 538.3 1483
SSACC R,5027930.0,
SBLINK R,5027958.0,
EBLINK R,5027958.0,5028068 112
ESACC R,5027930.0,5028118 190 988.4 552.1 993.5 498.3 1.46 847
SFIX R,5028120.0,
EFIX R,5028120.0,5028338 220 993.9 541.6 1430
SSACC R,5028340.0,
ESACC R,5028340.0,5028370 32 999.5 544.0 966.7 552.6 0.92 176
SFIX R,5028372.0,
EFIX R,5028372.0,5028950 580 966.2 548.8 1588
SSACC R,5028952.0,
ESACC R,5028952.0,5028974 24 961.2 559.0 1039.3 556.5 2.12 182
SFIX R,5028976.0,
EFIX R,5028976.0,5029160 186 1025.8 556.4 1709
SSACC R,5029162.0,
ESACC R,5029162.0,5029190 30 1022.0 553.8 964.7 546.0 1.57 199
SFIX R,5029192.0,
EFIX R,5029192.0,5029354 164 959.2 549.9 1787
SSACC R,5029356.0,
SBLINK R,5029400.0,
EBLINK R,5029400.0,5029500 102
ESACC R,5029356.0,5029540 186 959.6 558.3 998.5 440.0 3.37 1675
SFIX R,5029542.0,
EFIX R,5029542.0,5029928 388 967.0 539.8 1899
SSACC R,5029930.0,
ESACC R,5029930.0,5029962 34 964.9 545.3 1057.7 537.1 2.52 166
SFIX R,5029964.0,
EFIX R,5029964.0,5030134 172 1042.3 539.1 1759
SSACC R,5030136.0,
ESACC R,5030136.0,5030170 36 1041.5 542.6 935.9 524.7 2.90 252
SFIX R,5030172.0,
EFIX R,5030172.0,5030344 174 948.8 531.6 1727
SSACC R,5030346.0,
ESACC R,5030346.0,5030436 92 952.3 534.0 1562.0 814.5 17.46 256
SFIX R,5030438.0,
EFIX R,5030438.0,5030540 104 1554.2 809.8 1752
SSACC R,5030542.0,
ESACC R,5030542.0,5030598 58 1546.8 805.6 982.7 537.9 16.29 504
SFIX R,5030600.0,
EFIX R,5030600.0,5030886 288 976.6 534.7 1873
SSACC R,5030888.0,
SBLINK R,5030922.0,
EBLINK R,5030922.0,5031082 162
ESACC R,5030888.0,5031144 258 974.9 545.0 981.1 466.4 2.14 580
SFIX R,5031146.0,
EFIX R,5031146.0,5032176 1032 961.9 531.4 1841
SSACC R,5032178.0,
SBLINK R,5032220.0,
EBLINK R,5032220.0,5032366 148
ESACC R,5032178.0,5032418 242 962.4 554.4 1004.4 432.6 3.49 735
SFIX R,5032420.0,
EFIX R,5032420.0,5033020 602 974.1 532.6 1852
SSACC R,5033022.0,
ESACC R,5033022.0,5033054 34 969.9 534.2 1049.9 559.3 2.27 136
SFIX R,5033056.0,
EFIX R,5033056.0,5033338 284 1040.9 565.6 1786
SSACC R,5033340.0,
ESACC R,5033340.0,5033370 32 1043.2 569.6 954.3 526.3 2.68 179
SFIX R,5033372.0,
EFIX R,5033372.0,5033422 52 963.4 533.3 1805
SSACC R,5033424.0,
SBLINK R,5033474.0,
EBLINK R,5033474.0,5033684 212
ESACC R,5033424.0,5033724 302 966.6 537.9 1572.6 1104.6 21.29 2075
SFIX R,5033726.0,
EFIX R,5033726.0,5033836 112 1575.1 1122.2 1769
SSACC R,5033838.0,
ESACC R,5033838.0,5033914 78 1568.1 1120.0 1099.1 611.8 17.71 418
SFIX R,5033916.0,
EFIX R,5033916.0,5034138 224 1105.0 594.1 1825
SSACC R,5034140.0,
ESACC R,5034140.0,5034160 22 1103.9 604.2 1045.2 559.7 1.99 205
SFIX R,5034162.0,
EFIX R,5034162.0,5034380 220 1048.5 569.2 1749
SSACC R,5034382.0,
ESACC R,5034382.0,5034404 24 1049.0 584.3 991.5 553.2 1.77 162
SFIX R,5034406.0,
EFIX R,5034406.0,5034562 158 998.9 563.2 1768
SSACC R,5034564.0,
ESACC R,5034564.0,5034640 78 999.6 566.5 1545.4 1137.4 20.26 512
SFIX R,5034642.0,
EFIX R,5034642.0,5035160 520 1515.6 1115.5 1801
SSACC R,5035162.0,
ESACC R,5035162.0,5035254 94 1500.0 1121.8 1177.5 632.5 15.05 319
SFIX R,5035256.0,
EFIX R,5035256.0,5035402 148 1173.2 624.6 1873
SSACC R,5035404.0,
ESACC R,5035404.0,5035442 40 1169.8 623.5 1017.0 537.3 4.73 403
SFIX R,5035444.0,
EFIX R,5035444.0,5036042 600 1016.5 534.3 1967
SSACC R,5036044.0,
ESACC R,5036044.0,5036062 20 1008.5 533.4 979.5 532.9 0.79 98
SFIX R,5036064.0,
EFIX R,5036064.0,5037702 1640 977.9 544.3 1921
SSACC R,5037704.0,
SBLINK R,5037760.0,
EBLINK R,5037760.0,5037812 54
ESACC R,5037704.0,5037858 156 979.6 547.6 999.1 428.8 3.26 722
SFIX R,5037860.0,
EFIX R,5037860.0,5038384 526 962.7 523.7 1850
SSACC R,5038386.0,
SBLINK R,5038420.0,
EBLINK R,5038420.0,5038534 116
ESACC R,5038386.0,5038576 192 961.2 546.2 1003.4 459.8 2.61 650
SFIX R,5038578.0,
EFIX R,5038578.0,5040566 1990 984.5 548.1 1885
SSACC R,5040568.0,
ESACC R,5040568.0,5040608 42 978.9 554.0 1146.1 547.8 4.52 237
SFIX R,5040610.0,
EFIX R,5040610.0,5040824 216 1132.4 540.9 2020
SSACC R,5040826.0,
ESACC R,5040826.0,5040850 26 1133.3 536.4 988.7 530.7 3.91 303
SFIX R,5040852.0,
EFIX R,5040852.0,5041402 552 989.5 545.0 1950
SSACC R,5041404.0,
ESACC R,5041404.0,5041424 22 988.7 550.0 951.1 546.7 1.02 132
SFIX R,5041426.0,
EFIX R,5041426.0,5041924 500 960.4 546.0 1928
SSACC R,5041926.0,
SBLINK R,5041998.0,
EBLINK R,5041998.0,5042126 130
ESACC R,5041926.0,5042202 278 962.9 544.3 1011.8 501.7 1.76 1612
SFIX R,5042204.0,
EFIX R,5042204.0,5044208 2006 978.3 554.4 1779
SSACC R,5044210.0,
SBLINK R,5044242.0,
EBLINK R,5044242.0,5044348 108
ESACC R,5044210.0,5044394 186 966.3 581.0 982.9 471.6 3.00 608
SFIX R,5044396.0,
EFIX R,5044396.0,5044776 382 960.1 533.5 1796
SSACC R,5044778.0,
ESACC R,5044778.0,5044788 12 958.2 547.3 980.0 556.7 0.64 70
SFIX R,5044790.0,
EFIX R,5044790.0,5045866 1078 967.5 562.5 1676
SSACC R,5045868.0,
ESACC R,5045868.0,5045906 40 971.0 559.9 1098.7 570.6 3.47 195
SFIX R,5045908.0,
EFIX R,5045908.0,5046292 386 1085.9 572.7 1752
SSACC R,5046294.0,
ESACC R,5046294.0,5046316 24 1085.0 577.7 984.9 560.4 2.75 233
SFIX R,5046318.0,
EFIX R,5046318.0,5047412 1096 974.6 565.1 1706
SSACC R,5047414.0,
SBLINK R,5047464.0,
EBLINK R,5047464.0,5047564 102
ESACC R,5047414.0,5047600 188 983.8 576.0 1706.0 648.8 18.52 1949
SFIX R,5047602.0,
EFIX R,5047602.0,5047768 168 1682.1 701.1 1699
SSACC R,5047770.0,
ESACC R,5047770.0,5047826 58 1673.1 710.0 991.7 618.6 17.61 552
SFIX R,5047828.0,
EFIX R,5047828.0,5048074 248 981.9 615.6 1599
SSACC R,5048076.0,
ESACC R,5048076.0,5048094 20 971.8 617.5 967.0 566.3 1.39 137
SFIX R,5048096.0,
EFIX R,5048096.0,5048478 384 965.9 570.1 1368
SSACC R,5048480.0,
ESACC R,5048480.0,5048502 24 964.6 568.4 1034.8 562.3 1.91 136
SFIX R,5048504.0,
EFIX R,5048504.0,5049000 498 1022.8 554.4 1520
SSACC R,5049002.0,
ESACC R,5049002.0,5049022 22 1011.0 559.4 954.8 547.5 1.56 162
SFIX R,5049024.0,
EFIX R,5049024.0,5049864 842 960.9 556.2 1658
SSACC R,5049866.0,
ESACC R,5049866.0,5049882 18 968.5 556.3 1004.0 552.6 0.97 84
SFIX R,5049884.0,
EFIX R,5049884.0,5050290 408 994.4 556.0 1696
SSACC R,5050292.0,
SBLINK R,5050328.0,
EBLINK R,5050328.0,5050480 154
ESACC R,5050292.0,5050522 232 996.4 572.3 1023.9 478.2 2.66 443
SFIX R,5050524.0,
EFIX R,5050524.0,5050556 34 1024.3 484.9 1811
SSACC R,5050558.0,
ESACC R,5050558.0,5050566 10 1021.3 509.4 1013.3 524.7 0.47 73
SFIX R,5050568.0,
EFIX R,5050568.0,5051676 1110 983.5 575.1 1417
SSACC R,5051678.0,
ESACC R,5051678.0,5051692 16 981.6 566.8 954.3 555.9 0.80 71
SFIX R,5051694.0,
EFIX R,5051694.0,5051900 208 966.1 554.9 1337
SSACC R,5051902.0,
ESACC R,5051902.0,5051922 22 969.8 551.8 1030.3 556.0 1.64 143
SFIX R,5051924.0,
EFIX R,5051924.0,5052222 300 1021.7 550.9 1356
SSACC R,5052224.0,
ESACC R,5052224.0,5052246 24 1015.5 549.9 963.4 538.6 1.44 153
SFIX R,5052248.0,
EFIX R,5052248.0,5052282 36 970.8 539.5 1412
SSACC R,5052284.0,
SBLINK R,5052318.0,
EBLINK R,5052318.0,5052436 120
ESACC R,5052284.0,5052496 214 972.0 542.7 1015.5 435.7 3.13 2766
SFIX R,5052498.0,
EFIX R,5052498.0,5053604 1108 966.7 545.0 1377
SSACC R,5053606.0,
ESACC R,5053606.0,5053630 26 952.0 547.8 991.4 549.2 1.07 124
SFIX R,5053632.0,
EFIX R,5053632.0,5053920 290 997.1 546.7 1398
SSACC R,5053922.0,
ESACC R,5053922.0,5053948 28 1001.6 547.7 954.1 548.1 1.29 170
SFIX R,5053950.0,
EFIX R,5053950.0,5054588 640 955.1 555.9 1501
SSACC R,5054590.0,
ESACC R,5054590.0,5054608 20 954.8 566.4 1003.9 561.2 1.34 112
SFIX R,5054610.0,
EFIX R,5054610.0,5054812 204 992.0 562.0 1551
SSACC R,5054814.0,
ESACC R,5054814.0,5054822 10 987.0 561.4 972.4 553.8 0.45 60
SFIX R,5054824.0,
EFIX R,5054824.0,5055274 452 973.1 558.0 1581
SSACC R,5055276.0,
ESACC R,5055276.0,5055290 16 967.8 559.7 1005.2 554.6 1.02 97
SFIX R,5055292.0,
EFIX R,5055292.0,5055480 190 1006.2 556.5 1535
SSACC R,5055482.0,
ESACC R,5055482.0,5055510 30 1005.4 560.0 969.4 560.6 0.98 165
SFIX R,5055512.0,
EFIX R,5055512.0,5055800 290 970.4 559.6 1583
SSACC R,5055802.0,
ESACC R,5055802.0,5055820 20 978.4 559.7 939.5 551.9 1.08 103
SFIX R,5055822.0,
EFIX R,5055822.0,5055862 42 944.8 546.6 1629
SSACC R,5055864.0,
SBLINK R,5055912.0,
EBLINK R,5055912.0,5056004 94
ESACC R,5055864.0,5056064 202 945.5 546.1 1003.4 453.1 2.97 658
SFIX R,5056066.0,
EFIX R,5056066.0,5056090 26 1003.3 449.3 1795
SSACC R,5056092.0,
ESACC R,5056092.0,5056098 8 997.6 466.6 995.0 479.8 0.36 59
SFIX R,5056100.0,
EFIX R,5056100.0,5056540 442 974.7 535.5 1634
SSACC R,5056542.0,
SBLINK R,5056578.0,
EBLINK R,5056578.0,5056718 142
ESACC R,5056542.0,5056800 260 982.9 548.7 1058.7 466.0 3.04 2649
SFIX R,5056802.0,
EFIX R,5056802.0,5056928 128 1034.4 535.6 1374
SSACC R,5056930.0,
ESACC R,5056930.0,5056960 32 1031.7 546.0 965.3 529.3 1.86 256
SFIX R,5056962.0,
EFIX R,5056962.0,5057458 498 966.2 538.4 1463
SSACC R,5057460.0,
ESACC R,5057460.0,5057480 22 940.6 550.8 1014.8 559.4 2.02 183
SFIX R,5057482.0,
EFIX R,5057482.0,5057740 260 1002.2 570.9 1504
SSACC R,5057742.0,
ESACC R,5057742.0,5057774 34 1020.0 572.3 946.3 571.7 2.00 263
SFIX R,5057776.0,
EFIX R,5057776.0,5058090 316 965.3 561.1 1613
SSACC R,5058092.0,
ESACC R,5058092.0,5058112 22 991.4 552.3 1063.9 542.1 1.98 187
SFIX R,5058114.0,
EFIX R,5058114.0,5058416 304 1056.9 547.5 1818
SSACC R,5058418.0,
SBLINK R,5058454.0,
EBLINK R,5058454.0,5058654 202
ESACC R,5058418.0,5058692 276 1060.4 558.6 1007.1 506.0 2.03 485
SFIX R,5058694.0,
EFIX R,5058694.0,5058914 222 999.9 596.7 1877
SSACC R,5058916.0,
ESACC R,5058916.0,5058932 18 1006.9 623.7 1038.4 588.6 1.28 113
SFIX R,5058934.0,
EFIX R,5058934.0,5059304 372 1032.6 594.6 1772
SSACC R,5059306.0,
ESACC R,5059306.0,5059322 18 1025.1 585.7 1034.5 552.4 0.94 88
SFIX R,5059324.0,
EFIX R,5059324.0,5059596 274 1029.3 557.6 1613
SSACC R,5059598.0,
ESACC R,5059598.0,5059622 26 1027.3 553.8 998.2 561.5 0.82 116
SFIX R,5059624.0,
EFIX R,5059624.0,5059884 262 992.1 550.6 1683
SSACC R,5059886.0,
ESACC R,5059886.0,5059902 18 999.2 546.0 1040.0 534.1 1.15 101
SFIX R,5059904.0,
EFIX R,5059904.0,5060454 552 1023.9 550.4 1787
SSACC R,5060456.0,
ESACC R,5060456.0,5060492 38 1004.7 564.1 1101.4 544.1 2.67 229
SFIX R,5060494.0,
EFIX R,5060494.0,5060668 176 1093.0 549.3 1754
SSACC R,5060670.0,
ESACC R,5060670.0,5060700 32 1092.4 553.2 1021.4 582.5 2.08 219
SFIX R,5060702.0,
EFIX R,5060702.0,5061020 320 1008.2 584.3 1852
SSACC R,5061022.0,
SBLINK R,5061058.0,
EBLINK R,5061058.0,5061204 148
ESACC R,5061022.0,5061258 238 1000.6 574.0 1055.6 459.1 3.45 969
SFIX R,5061260.0,
EFIX R,5061260.0,5061562 304 1025.7 534.7 2013
SSACC R,5061564.0,
SBLINK R,5061592.0,
EBLINK R,5061592.0,5061724 134
ESACC R,5061564.0,5061768 206 1034.0 488.6 1029.8 466.6 0.61 1960
SFIX R,5061770.0,
EFIX R,5061770.0,5062166 398 1010.2 573.3 1758
SSACC R,5062168.0,
SBLINK R,5062210.0,
EBLINK R,5062210.0,5062310 102
ESACC R,5062168.0,5062350 184 1021.7 589.3 1042.1 500.6 2.47 526
SFIX R,5062352.0,
EFIX R,5062352.0,5062750 400 1030.2 563.2 1524
SSACC R,5062752.0,
ESACC R,5062752.0,5062772 22 1025.2 575.8 986.6 562.7 1.10 70
SFIX R,5062774.0,
EFIX R,5062774.0,5063164 392 984.9 562.8 1485
SSACC R,5063166.0,
ESACC R,5063166.0,5063186 22 981.1 568.6 1043.0 549.7 1.75 138
SFIX R,5063188.0,
EFIX R,5063188.0,5063542 356 1030.4 557.8 1573
SSACC R,5063544.0,
ESACC R,5063544.0,5063590 48 1029.8 563.1 948.0 556.2 2.22 186
SFIX R,5063592.0,
EFIX R,5063592.0,5063862 272 939.6 554.4 1634
SSACC R,5063864.0,
ESACC R,5063864.0,5063882 20 934.9 555.1 1002.0 531.7 1.93 172
SFIX R,5063884.0,
EFIX R,5063884.0,5067214 3332 983.8 537.6 1755
SSACC R,5067216.0,
ESACC R,5067216.0,5067230 16 977.6 550.7 1009.7 530.3 1.03 99
SFIX R,5067232.0,
EFIX R,5067232.0,5067788 558 1005.2 534.7 1675
SSACC R,5067790.0,
ESACC R,5067790.0,5067818 30 1006.2 540.3 954.1 543.9 1.42 177
SFIX R,5067820.0,
EFIX R,5067820.0,5068076 258 943.8 540.3 1772
SSACC R,5068078.0,
ESACC R,5068078.0,5068096 20 941.8 540.1 991.9 527.2 1.40 115
SFIX R,5068098.0,
EFIX R,5068098.0,5068212 116 985.9 532.7 1759
SSACC R,5068214.0,
SBLINK R,5068262.0,
EBLINK R,5068262.0,5068520 260
ESACC R,5068214.0,5068566 354 985.5 545.6 958.1 479.9 1.93 427
SFIX R,5068568.0,
EFIX R,5068568.0,5069186 620 972.9 546.6 1664
SSACC R,5069188.0,
ESACC R,5069188.0,5069196 10 988.1 562.9 992.6 548.0 0.42 53
SFIX R,5069198.0,
EFIX R,5069198.0,5069858 662 977.4 541.4 1431
SSACC R,5069860.0,
ESACC R,5069860.0,5069870 12 968.5 539.3 981.1 518.8 0.65 76
SFIX R,5069872.0,
EFIX R,5069872.0,5070156 286 982.7 523.6 1532
SSACC R,5070158.0,
ESACC R,5070158.0,5070172 16 974.0 529.3 953.0 534.2 0.58 69
SFIX R,5070174.0,
EFIX R,5070174.0,5070398 226 954.3 536.7 1562
SSACC R,5070400.0,
ESACC R,5070400.0,5070420 22 954.2 538.0 1004.1 527.2 1.38 133
SFIX R,5070422.0,
EFIX R,5070422.0,5070586 166 994.6 529.2 1706
SSACC R,5070588.0,
ESACC R,5070588.0,5070612 26 995.0 529.7 963.3 540.9 0.91 151
SFIX R,5070614.0,
EFIX R,5070614.0,5070890 278 958.7 533.6 1710
SSACC R,5070892.0,
ESACC R,5070892.0,5070920 30 960.8 531.8 995.9 520.6 1.00 155
SFIX R,5070922.0,
EFIX R,5070922.0,5071174 254 1002.3 520.4 1718
SSACC R,5071176.0,
ESACC R,5071176.0,5071202 28 1002.2 524.4 974.8 522.3 0.74 152
SFIX R,5071204.0,
EFIX R,5071204.0,5071686 484 968.2 521.8 1795
SSACC R,5071688.0,
ESACC R,5071688.0,5071704 18 967.9 533.2 1013.9 534.3 1.25 96
SFIX R,5071706.0,
EFIX R,5071706.0,5071728 24 1015.0 532.1 1836
SSACC R,5071730.0,
SBLINK R,5071782.0,
EBLINK R,5071782.0,5072036 256
ESACC R,5071730.0,5072076 348 1014.6 533.5 1011.8 458.0 2.05 380
SFIX R,5072078.0,
EFIX R,5072078.0,5072112 36 1004.9 476.2 1924
SSACC R,5072114.0,
ESACC R,5072114.0,5072118 6 1001.3 501.1 999.7 510.4 0.26 55
SFIX R,5072120.0,
EFIX R,5072120.0,5072642 524 987.7 543.0 1718
SSACC R,5072644.0,
ESACC R,5072644.0,5072682 40 981.8 553.2 1092.0 534.6 3.02 151
SFIX R,5072684.0,
EFIX R,5072684.0,5072848 166 1073.7 544.5 1299
SSACC R,5072850.0,
ESACC R,5072850.0,5072892 44 1069.0 544.0 927.6 555.4 3.84 273
SFIX R,5072894.0,
EFIX R,5072894.0,5073084 192 946.4 557.5 1356
SSACC R,5073086.0,
ESACC R,5073086.0,5073160 76 956.0 561.8 851.6 997.8 11.88 283
SFIX R,5073162.0,
EFIX R,5073162.0,5073328 168 857.3 994.5 1555
SSACC R,5073330.0,
ESACC R,5073330.0,5073388 60 865.3 989.0 1035.5 738.6 8.02 286
SFIX R,5073390.0,
EFIX R,5073390.0,5073586 198 1013.3 736.1 1609
SSACC R,5073588.0,
ESACC R,5073588.0,5073616 30 1008.3 736.9 958.5 687.4 1.90 150
SFIX R,5073618.0,
EFIX R,5073618.0,5073742 126 960.6 680.0 1568
SSACC R,5073744.0,
ESACC R,5073744.0,5073778 36 962.1 684.4 977.4 581.7 2.81 243
SFIX R,5073780.0,
EFIX R,5073780.0,5073980 202 970.2 581.0 1590
SSACC R,5073982.0,
ESACC R,5073982.0,5073998 18 965.2 571.0 976.3 531.3 1.12 98
SFIX R,5074000.0,
EFIX R,5074000.0,5074410 412 980.5 533.5 1705
SSACC R,5074412.0,
SBLINK R,5074440.0,
EBLINK R,5074440.0,5074620 182
ESACC R,5074412.0,5074658 248 973.5 538.7 994.1 470.3 1.94 438
SFIX R,5074660.0,
EFIX R,5074660.0,5075248 590 977.5 564.5 1833
SSACC R,5075250.0,
ESACC R,5075250.0,5075266 18 982.5 570.8 1012.4 543.7 1.09 86
SFIX R,5075268.0,
EFIX R,5075268.0,5075574 308 1011.6 544.9 1749
SSACC R,5075576.0,
ESACC R,5075576.0,5075634 60 1022.5 555.9 633.6 767.0 11.84 428
SFIX R,5075636.0,
EFIX R,5075636.0,5075820 186 640.3 767.6 1801
SSACC R,5075822.0,
ESACC R,5075822.0,5075874 54 657.1 763.6 1024.0 527.6 11.69 408
SFIX R,5075876.0,
EFIX R,5075876.0,5076448 574 1011.1 536.4 1697
SSACC R,5076450.0,
ESACC R,5076450.0,5076516 68 1012.2 533.4 651.1 571.2 9.75 293
SFIX R,5076518.0,
EFIX R,5076518.0,5076696 180 647.8 575.4 1771
SSACC R,5076698.0,
SBLINK R,5076724.0,
EBLINK R,5076724.0,5076830 108
ESACC R,5076698.0,5076864 168 656.1 584.9 1052.2 457.2 11.16 1003
SFIX R,5076866.0,
EFIX R,5076866.0,5077216 352 1022.7 533.4 1682
SSACC R,5077218.0,
ESACC R,5077218.0,5077328 112 1013.4 543.6 -157.4 1210.6 31.89 514
SFIX R,5077330.0,
EFIX R,5077330.0,5077456 128 -160.1 1218.3 1428
SSACC R,5077458.0,
SBLINK R,5077530.0,
EBLINK R,5077530.0,5077572 44
ESACC R,5077458.0,5077622 166 -149.5 1216.6 1053.2 456.8 33.72 1750
SFIX R,5077624.0,
EFIX R,5077624.0,5078012 390 1028.9 556.4 1376
SSACC R,5078014.0,
ESACC R,5078014.0,5078042 30 1022.7 572.0 996.9 553.4 0.86 154
SFIX R,5078044.0,
EFIX R,5078044.0,5078376 334 975.0 568.5 1519
SSACC R,5078378.0,
SBLINK R,5078416.0,
EBLINK R,5078416.0,5078568 154
ESACC R,5078378.0,5078642 266 968.9 584.2 1008.2 477.6 3.08 599
SFIX R,5078644.0,
EFIX R,5078644.0,5079410 768 994.8 578.4 1644
SSACC R,5079412.0,
SBLINK R,5079478.0,
EBLINK R,5079478.0,5079836 360
ESACC R,5079412.0,5079844 434 977.3 589.7 1109.0 527.7 3.94 308
SFIX R,5079846.0,
EFIX R,5079846.0,5079978 134 952.0 589.4 1754
SSACC R,5079980.0,
ESACC R,5079980.0,5079998 20 960.4 584.8 1009.6 567.8 1.41 119
SFIX R,5080000.0,
EFIX R,5080000.0,5080196 198 1000.5 563.7 1677
SSACC R,5080198.0,
ESACC R,5080198.0,5080230 34 999.5 562.2 917.3 542.7 2.29 214
SFIX R,5080232.0,
EFIX R,5080232.0,5080434 204 927.6 556.1 1498
SSACC R,5080436.0,
ESACC R,5080436.0,5080454 20 919.2 568.8 982.4 570.2 1.71 152
SFIX R,5080456.0,
EFIX R,5080456.0,5080632 178 982.1 562.8 1523
SSACC R,5080634.0,
ESACC R,5080634.0,5080662 30 984.6 565.7 910.0 560.3 2.03 233
SFIX R,5080664.0,
EFIX R,5080664.0,5080928 266 919.5 564.6 1620
SSACC R,5080930.0,
ESACC R,5080930.0,5080986 58 924.4 564.6 981.3 713.4 4.31 186
SFIX R,5080988.0,
EFIX R,5080988.0,5081092 106 974.3 715.5 1714
SSACC R,5081094.0,
ESACC R,5081094.0,5081114 22 968.5 713.9 923.1 661.9 1.87 119
SFIX R,5081116.0,
EFIX R,5081116.0,5081194 80 926.4 635.6 1713
SSACC R,5081196.0,
ESACC R,5081196.0,5081212 18 923.6 635.0 940.0 603.7 0.96 94
SFIX R,5081214.0,
EFIX R,5081214.0,5081420 208 921.5 620.8 1683
SSACC R,5081422.0,
ESACC R,5081422.0,5081434 14 915.9 626.1 936.5 597.5 0.96 94
SFIX R,5081436.0,
EFIX R,5081436.0,5081540 106 943.8 584.5 1661
SSACC R,5081542.0,
ESACC R,5081542.0,5081560 20 940.3 589.5 898.4 561.1 1.37 111
SFIX R,5081562.0,
EFIX R,5081562.0,5081668 108 907.6 554.6 1684
SSACC R,5081670.0,
ESACC R,5081670.0,5081680 12 911.9 560.3 939.8 565.9 0.77 80
SFIX R,5081682.0,
EFIX R,5081682.0,5082012 332 932.1 576.8 1731
SSACC R,5082014.0,
ESACC R,5082014.0,5082020 8 924.9 579.3 915.8 582.2 0.26 44
SFIX R,5082022.0,
EFIX R,5082022.0,5082124 104 913.9 588.9 1730
SSACC R,5082126.0,
ESACC R,5082126.0,5082138 14 914.2 594.7 941.7 603.7 0.78 81
SFIX R,5082140.0,
EFIX R,5082140.0,5082238 100 943.2 604.9 1701
SSACC R,5082240.0,
ESACC R,5082240.0,5082250 12 939.7 608.7 916.6 604.9 0.63 72
SFIX R,5082252.0,
EFIX R,5082252.0,5083442 1192 934.9 612.2 1637
SSACC R,5083444.0,
SBLINK R,5083482.0,
EBLINK R,5083482.0,5083574 94
ESACC R,5083444.0,5083624 182 994.0 580.2 962.5 553.4 1.12 391
SFIX R,5083626.0,
EFIX R,5083626.0,5083744 120 955.3 574.4 1658
SSACC R,5083746.0,
SBLINK R,5083766.0,
EBLINK R,5083766.0,5083932 168
ESACC R,5083746.0,5083970 226 961.1 565.0 949.2 469.6 2.61 453
SFIX R,5083972.0,
EFIX R,5083972.0,5084888 918 958.6 537.4 1646
SSACC R,5084890.0,
ESACC R,5084890.0,5084908 20 963.6 534.7 1014.0 519.8 1.42 126
SFIX R,5084910.0,
EFIX R,5084910.0,5085446 538 1015.7 517.5 1729
SSACC R,5085448.0,
ESACC R,5085448.0,5085470 24 1010.7 532.7 892.6 559.5 3.28 292
SFIX R,5085472.0,
EFIX R,5085472.0,5085658 188 916.9 565.5 1811
SSACC R,5085660.0,
ESACC R,5085660.0,5085680 22 924.9 563.6 1001.6 520.9 2.38 196
SFIX R,5085682.0,
EFIX R,5085682.0,5086756 1076 993.0 531.6 1859
SSACC R,5086758.0,
ESACC R,5086758.0,5086836 80 996.2 545.0 534.9 1030.0 17.53 475
SFIX R,5086838.0,
EFIX R,5086838.0,5087110 274 558.4 1030.0 1959
SSACC R,5087112.0,
SBLINK R,5087144.0,
EBLINK R,5087144.0,5087272 130
ESACC R,5087112.0,5087316 206 566.4 1044.4 978.4 461.5 18.70 622
SFIX R,5087318.0,
EFIX R,5087318.0,5087556 240 973.7 542.4 1750
SSACC R,5087558.0,
ESACC R,5087558.0,5087584 28 970.5 584.8 990.6 555.8 0.96 166
SFIX R,5087586.0,
EFIX R,5087586.0,5088232 648 987.5 553.9 1710
SSACC R,5088234.0,
ESACC R,5088234.0,5088252 20 977.9 555.5 1043.6 547.8 1.79 145
SFIX R,5088254.0,
EFIX R,5088254.0,5089378 1126 1044.9 550.3 1710
SSACC R,5089380.0,
ESACC R,5089380.0,5089414 36 1039.9 550.6 951.0 518.2 2.56 271
SFIX R,5089416.0,
EFIX R,5089416.0,5089678 264 958.9 523.1 1677
SSACC R,5089680.0,
ESACC R,5089680.0,5089714 36 952.4 530.1 1077.1 545.3 3.40 210
SFIX R,5089716.0,
EFIX R,5089716.0,5090288 574 1057.8 557.6 1690
SSACC R,5090290.0,
ESACC R,5090290.0,5090358 70 1057.9 567.8 858.5 1032.9 13.38 387
SFIX R,5090360.0,
EFIX R,5090360.0,5090494 136 852.7 1041.8 1732
SSACC R,5090496.0,
ESACC R,5090496.0,5090566 72 853.1 1036.8 1017.1 529.2 14.07 465
SFIX R,5090568.0,
EFIX R,5090568.0,5090902 336 1016.6 528.0 1540
SSACC R,5090904.0,
ESACC R,5090904.0,5090920 18 1006.8 532.2 985.7 535.0 0.58 83
SFIX R,5090922.0,
EFIX R,5090922.0,5093770 2850 982.0 543.2 1679
SSACC R,5093772.0,
ESACC R,5093772.0,5093822 52 974.0 537.8 1180.0 531.6 5.56 261
SFIX R,5093824.0,
EFIX R,5093824.0,5094608 786 1165.2 543.7 1681
SSACC R,5094610.0,
ESACC R,5094610.0,5094642 34 1155.3 560.7 1014.5 537.2 3.85 264
SFIX R,5094644.0,
EFIX R,5094644.0,5094822 180 1020.4 536.7 1642
SSACC R,5094824.0,
ESACC R,5094824.0,5094848 26 1016.8 536.7 983.9 536.0 0.89 151
SFIX R,5094850.0,
EFIX R,5094850.0,5095320 472 980.7 538.2 1649
SSACC R,5095322.0,
ESACC R,5095322.0,5095356 36 982.9 532.8 1107.7 555.4 3.43 193
SFIX R,5095358.0,
EFIX R,5095358.0,5099708 4352 1097.2 553.9 1788
SSACC R,5099710.0,
ESACC R,5099710.0,5099728 20 1086.8 571.0 1008.6 549.8 2.19 214
SFIX R,5099730.0,
EFIX R,5099730.0,5103928 4200 1011.8 566.3 1707
SSACC R,5103930.0,
ESACC R,5103930.0,5103948 20 1007.0 584.1 958.4 575.5 1.34 120
SFIX R,5103950.0,
EFIX R,5103950.0,5104148 200 952.9 572.4 1749
SSACC R,5104150.0,
ESACC R,5104150.0,5104170 22 942.6 566.8 1023.9 558.2 2.22 213
SFIX R,5104172.0,
EFIX R,5104172.0,5104772 602 998.4 565.3 1629
SSACC R,5104774.0,
ESACC R,5104774.0,5104780 8 1000.1 567.4 1004.2 557.4 0.29 46
SFIX R,5104782.0,
EFIX R,5104782.0,5106434 1654 999.9 551.2 1477
SSACC R,5106436.0,
ESACC R,5106436.0,5106444 10 998.2 535.2 981.1 534.7 0.46 56
SFIX R,5106446.0,
EFIX R,5106446.0,5106664 220 978.3 540.4 1462
SSACC R,5106666.0,
ESACC R,5106666.0,5106678 14 981.3 538.3 1002.7 541.1 0.58 48
SFIX R,5106680.0,
EFIX R,5106680.0,5107096 418 998.9 540.5 1419
SSACC R,5107098.0,
ESACC R,5107098.0,5107110 14 1006.3 543.0 974.2 544.3 0.87 78
SFIX R,5107112.0,
EFIX R,5107112.0,5107498 388 982.3 549.7 1429
SSACC R,5107500.0,
ESACC R,5107500.0,5107512 14 982.0 549.1 1013.1 546.5 0.85 78
SFIX R,5107514.0,
EFIX R,5107514.0,5108086 574 1014.7 548.3 1478
SSACC R,5108088.0,
ESACC R,5108088.0,5108102 16 1013.1 548.0 988.5 552.2 0.68 60
SFIX R,5108104.0,
EFIX R,5108104.0,5108456 354 984.6 551.2 1564
SSACC R,5108458.0,
ESACC R,5108458.0,5108472 16 992.8 553.5 1030.6 548.3 1.03 88
SFIX R,5108474.0,
EFIX R,5108474.0,5108624 152 1026.6 543.3 1659
SSACC R,5108626.0,
ESACC R,5108626.0,5108646 22 1022.3 548.7 946.5 546.4 2.06 189
SFIX R,5108648.0,
EFIX R,5108648.0,5108862 216 963.6 554.6 1682
SSACC R,5108864.0,
ESACC R,5108864.0,5108876 14 976.9 560.4 1015.3 554.2 1.05 96
SFIX R,5108878.0,
EFIX R,5108878.0,5109138 262 1027.1 554.6 1681
SSACC R,5109140.0,
ESACC R,5109140.0,5109160 22 1035.5 555.9 973.0 538.5 1.76 147
SFIX R,5109162.0,
EFIX R,5109162.0,5109324 164 974.5 533.0 1698
SSACC R,5109326.0,
ESACC R,5109326.0,5109342 18 981.3 539.5 1027.7 537.8 1.26 111
SFIX R,5109344.0,
EFIX R,5109344.0,5109908 566 1014.7 530.3 1616
SSACC R,5109910.0,
ESACC R,5109910.0,5109928 20 1014.0 532.2 959.3 538.8 1.49 124
SFIX R,5109930.0,
EFIX R,5109930.0,5110128 200 966.3 537.4 1569
SSACC R,5110130.0,
ESACC R,5110130.0,5110146 18 963.8 536.6 1006.7 529.6 1.18 100
SFIX R,5110148.0,
EFIX R,5110148.0,5110660 514 1009.4 529.5 1589
SSACC R,5110662.0,
SBLINK R,5110698.0,
EBLINK R,5110698.0,5110838 142
ESACC R,5110662.0,5110880 220 1027.6 542.2 1074.7 454.8 2.69 546
SFIX R,5110882.0,
EFIX R,5110882.0,5111078 198 1036.4 542.2 1654
SSACC R,5111080.0,
ESACC R,5111080.0,5111096 18 1007.7 565.8 999.0 524.9 1.13 104
SFIX R,5111098.0,
EFIX R,5111098.0,5111652 556 995.5 548.7 1620
SSACC R,5111654.0,
ESACC R,5111654.0,5111676 24 983.8 558.3 1060.4 549.4 2.09 171
SFIX R,5111678.0,
EFIX R,5111678.0,5111920 244 1057.2 550.1 1623
SSACC R,5111922.0,
ESACC R,5111922.0,5111944 24 1057.4 551.6 999.6 538.2 1.61 162
SFIX R,5111946.0,
EFIX R,5111946.0,5112326 382 1001.1 539.4 1741
SSACC R,5112328.0,
SBLINK R,5112372.0,
EBLINK R,5112372.0,5112594 224
ESACC R,5112328.0,5112630 304 996.9 552.4 993.6 456.8 2.59 793
SFIX R,5112632.0,
EFIX R,5112632.0,5112676 46 990.5 489.1 1841
SSACC R,5112678.0,
ESACC R,5112678.0,5112682 6 990.5 502.4 989.7 511.4 0.24 51
SFIX R,5112684.0,
EFIX R,5112684.0,5113572 890 995.3 552.4 1596
SSACC R,5113574.0,
ESACC R,5113574.0,5113592 20 989.9 570.5 1033.4 549.4 1.31 122
SFIX R,5113594.0,
EFIX R,5113594.0,5113818 226 1018.6 543.3 1494
SSACC R,5113820.0,
ESACC R,5113820.0,5113848 30 1013.5 540.7 961.5 556.9 1.48 200
SFIX R,5113850.0,
EFIX R,5113850.0,5114054 206 944.4 555.6 1616
SSACC R,5114056.0,
ESACC R,5114056.0,5114076 22 936.0 560.6 986.9 544.9 1.44 163
SFIX R,5114078.0,
EFIX R,5114078.0,5114360 284 979.4 552.6 1659
SSACC R,5114362.0,
ESACC R,5114362.0,5114382 22 979.9 556.3 927.3 558.7 1.43 109
SFIX R,5114384.0,
EFIX R,5114384.0,5114586 204 931.6 558.9 1726
SSACC R,5114588.0,
ESACC R,5114588.0,5114608 22 933.1 561.8 996.3 538.5 1.83 173
SFIX R,5114610.0,
EFIX R,5114610.0,5115260 652 983.2 544.9 1779
SSACC R,5115262.0,
ESACC R,5115262.0,5115292 32 976.6 550.1 1081.8 564.3 2.87 143
SFIX R,5115294.0,
EFIX R,5115294.0,5115478 186 1072.3 570.7 1760
SSACC R,5115480.0,
ESACC R,5115480.0,5115502 24 1069.3 572.5 960.9 564.4 2.94 250
SFIX R,5115504.0,
EFIX R,5115504.0,5115808 306 948.8 571.0 1692
SSACC R,5115810.0,
ESACC R,5115810.0,5115830 22 947.4 569.5 997.2 549.6 1.45 138
SFIX R,5115832.0,
EFIX R,5115832.0,5116042 212 987.5 552.5 1663
SSACC R,5116044.0,
ESACC R,5116044.0,5116066 24 988.7 551.1 912.1 548.6 2.08 179
SFIX R,5116068.0,
EFIX R,5116068.0,5116318 252 918.4 558.8 1672
SSACC R,5116320.0,
ESACC R,5116320.0,5116340 22 917.2 565.6 981.4 557.9 1.75 155
SFIX R,5116342.0,
EFIX R,5116342.0,5116648 308 979.4 568.5 1647
SSACC R,5116650.0,
ESACC R,5116650.0,5116670 22 987.7 572.3 918.3 566.9 1.89 173
SFIX R,5116672.0,
EFIX R,5116672.0,5116854 184 931.4 569.5 1635
SSACC R,5116856.0,
SBLINK R,5116902.0,
EBLINK R,5116902.0,5117464 564
ESACC R,5116856.0,5117472 618 931.7 576.6 1005.2 501.7 2.84 177
SFIX R,5117474.0,
EFIX R,5117474.0,5117558 86 902.1 555.4 1561
SSACC R,5117560.0,
ESACC R,5117560.0,5117572 14 907.8 560.7 940.6 574.7 0.97 86
SFIX R,5117574.0,
EFIX R,5117574.0,5117920 348 940.2 584.7 1263
SSACC R,5117922.0,
ESACC R,5117922.0,5117938 18 933.1 588.3 896.1 588.4 1.00 98
SFIX R,5117940.0,
EFIX R,5117940.0,5118036 98 897.6 590.1 1165
SSACC R,5118038.0,
ESACC R,5118038.0,5118054 18 894.6 591.3 936.2 585.0 1.14 99
SFIX R,5118056.0,
EFIX R,5118056.0,5118228 174 925.1 582.9 1186
SSACC R,5118230.0,
SBLINK R,5118240.0,
EBLINK R,5118240.0,5119108 870
ESACC R,5118230.0,5119116 888 894.6 591.3 936.2 585.0 1.14 0
SFIX R,5119118.0,
EFIX R,5119118.0,5119228 112 905.7 623.2 1484
SSACC R,5119230.0,
SBLINK R,5119388.0,
EBLINK R,5119388.0,5120380 994
ESACC R,5119230.0,5120388 1160 919.6 580.7 983.9 280.1 8.28 450
SFIX R,5120390.0,
EFIX R,5120390.0,5120650 262 930.7 567.6 1379
SSACC R,5120652.0,
SBLINK R,5120680.0,
EBLINK R,5120680.0,5120836 158
ESACC R,5120652.0,5120866 216 941.2 562.5 958.1 456.5 2.91 355
SFIX R,5120868.0,
EFIX R,5120868.0,5121160 294 958.5 543.9 1324
SSACC R,5121162.0,
ESACC R,5121162.0,5121178 18 979.4 554.5 943.1 536.6 1.10 98
SFIX R,5121180.0,
EFIX R,5121180.0,5122104 926 959.7 541.2 1404
SSACC R,5122106.0,
ESACC R,5122106.0,5122136 32 977.9 533.0 1049.2 543.6 1.95 114
SFIX R,5122138.0,
EFIX R,5122138.0,5122368 232 1037.3 549.2 1514
SSACC R,5122370.0,
ESACC R,5122370.0,5122396 28 1037.5 557.9 984.7 547.1 1.46 90
SFIX R,5122398.0,
EFIX R,5122398.0,5122636 240 999.7 553.6 1482
SSACC R,5122638.0,
SBLINK R,5122702.0,
EBLINK R,5122702.0,5122926 226
ESACC R,5122638.0,5122968 332 1001.3 556.2 1007.7 449.7 2.89 2388
SFIX R,5122970.0,
EFIX R,5122970.0,5123216 248 999.8 530.8 1661
SSACC R,5123218.0,
ESACC R,5123218.0,5123238 22 1014.8 541.2 944.7 536.1 1.90 174
SFIX R,5123240.0,
EFIX R,5123240.0,5123714 476 951.3 542.0 1483
SSACC R,5123716.0,
ESACC R,5123716.0,5123734 20 951.6 541.0 1001.6 527.2 1.41 114
SFIX R,5123736.0,
EFIX R,5123736.0,5123966 232 1000.4 524.6 1433
SSACC R,5123968.0,
ESACC R,5123968.0,5123996 30 1000.0 533.0 938.9 524.6 1.67 140
SFIX R,5123998.0,
EFIX R,5123998.0,5124066 70 955.0 527.7 1539
SSACC R,5124068.0,
SBLINK R,5124102.0,
EBLINK R,5124102.0,5124280 180
ESACC R,5124068.0,5124316 250 960.0 529.1 1007.1 410.0 3.47 392
SFIX R,5124318.0,
EFIX R,5124318.0,5124924 608 993.7 520.7 1654
SSACC R,5124926.0,
ESACC R,5124926.0,5124962 38 984.2 536.9 1098.2 550.3 3.11 157
SFIX R,5124964.0,
EFIX R,5124964.0,5125190 228 1088.6 542.2 1538
SSACC R,5125192.0,
ESACC R,5125192.0,5125226 36 1090.5 544.6 984.3 535.6 2.88 185
SFIX R,5125228.0,
EFIX R,5125228.0,5125562 336 1004.6 550.7 1587
SSACC R,5125564.0,
SBLINK R,5125616.0,
EBLINK R,5125616.0,5125798 184
ESACC R,5125564.0,5125860 298 1004.4 572.6 982.8 457.3 3.18 3001
SFIX R,5125862.0,
EFIX R,5125862.0,5126024 164 982.2 515.5 1716
SSACC R,5126026.0,
ESACC R,5126026.0,5126042 18 976.2 564.0 1012.3 554.1 1.01 67
SFIX R,5126044.0,
EFIX R,5126044.0,5126442 400 1003.6 550.9 1542
SSACC R,5126444.0,
ESACC R,5126444.0,5126494 52 1018.5 549.3 1105.0 784.5 6.75 287
SFIX R,5126496.0,
EFIX R,5126496.0,5126670 176 1104.6 797.8 1459
SSACC R,5126672.0,
ESACC R,5126672.0,5126712 42 1098.4 812.5 1001.1 665.6 4.73 220
SFIX R,5126714.0,
EFIX R,5126714.0,5126864 152 994.9 666.0 1535
SSACC R,5126866.0,
ESACC R,5126866.0,5126886 22 998.7 673.8 988.6 637.4 1.02 103
SFIX R,5126888.0,
EFIX R,5126888.0,5127020 134 991.3 632.8 1551
SSACC R,5127022.0,
SBLINK R,5127058.0,
EBLINK R,5127058.0,5127226 170
ESACC R,5127022.0,5127286 266 997.5 634.6 1072.4 470.3 4.89 415
SFIX R,5127288.0,
EFIX R,5127288.0,5127596 310 1055.8 578.0 1807
SSACC R,5127598.0,
SBLINK R,5127656.0,
EBLINK R,5127656.0,5127806 152
ESACC R,5127598.0,5127878 282 1067.3 604.8 1309.0 1194.7 16.43 959
SFIX R,5127880.0,
EFIX R,5127880.0,5128254 376 1310.3 1198.4 1671
SSACC R,5128256.0,
ESACC R,5128256.0,5128348 94 1301.6 1203.3 1084.5 533.5 18.13 1362
SFIX R,5128350.0,
EFIX R,5128350.0,5128524 176 1053.5 572.7 1678
SSACC R,5128526.0,
ESACC R,5128526.0,5128562 38 1045.3 577.2 989.0 557.0 1.62 234
SFIX R,5128564.0,
EFIX R,5128564.0,5128836 274 992.6 566.3 1774
SSACC R,5128838.0,
ESACC R,5128838.0,5128856 20 986.7 568.2 1012.6 561.0 0.73 70
SFIX R,5128858.0,
EFIX R,5128858.0,5128924 68 1006.9 556.7 1845
SSACC R,5128926.0,
SBLINK R,5128960.0,
EBLINK R,5128960.0,5129120 162
ESACC R,5128926.0,5129156 232 1008.5 552.3 1037.1 437.6 3.20 786
SFIX R,5129158.0,
EFIX R,5129158.0,5130246 1090 1004.9 544.8 1676
SSACC R,5130248.0,
SBLINK R,5130292.0,
EBLINK R,5130292.0,5130436 146
ESACC R,5130248.0,5130474 228 998.5 557.8 1041.3 446.5 3.23 813
SFIX R,5130476.0,
EFIX R,5130476.0,5131426 952 1012.0 575.4 1601
SSACC R,5131428.0,
ESACC R,5131428.0,5131440 14 1004.6 594.8 1017.2 563.8 0.91 81
SFIX R,5131442.0,
EFIX R,5131442.0,5132112 672 1017.3 555.3 1816
SSACC R,5132114.0,
SBLINK R,5132158.0,
EBLINK R,5132158.0,5132306 150
ESACC R,5132114.0,5132364 252 1025.0 559.6 1036.8 459.1 2.74 678
SFIX R,5132366.0,
EFIX R,5132366.0,5132556 192 1013.8 549.9 1895
SSACC R,5132558.0,
ESACC R,5132558.0,5132574 18 1011.2 582.6 1036.8 545.4 1.22 109
SFIX R,5132576.0,
EFIX R,5132576.0,5135968 3394 985.0 554.9 1703
SSACC R,5135970.0,
ESACC R,5135970.0,5135974 6 978.7 551.1 983.1 544.9 0.21 49
SFIX R,5135976.0,
EFIX R,5135976.0,5136946 972 969.7 547.7 1644
SSACC R,5136948.0,
ESACC R,5136948.0,5136954 8 968.2 543.1 978.5 537.4 0.32 47
SFIX R,5136956.0,
EFIX R,5136956.0,5139360 2406 960.5 557.1 1584
SSACC R,5139362.0,
ESACC R,5139362.0,5139374 14 955.4 564.9 985.9 552.8 0.89 81
SFIX R,5139376.0,
EFIX R,5139376.0,5140984 1610 972.3 553.4 1605
SSACC R,5140986.0,
ESACC R,5140986.0,5140996 12 958.0 557.9 980.5 546.6 0.68 73
SFIX R,5140998.0,
EFIX R,5140998.0,5143584 2588 968.6 550.7 1615
SSACC R,5143586.0,
ESACC R,5143586.0,5143602 18 958.9 567.1 912.1 549.8 1.35 125
SFIX R,5143604.0,
EFIX R,5143604.0,5144020 418 922.2 555.3 1678
SSACC R,5144022.0,
ESACC R,5144022.0,5144038 18 928.7 559.5 971.9 555.6 1.18 101
SFIX R,5144040.0,
EFIX R,5144040.0,5146068 2030 966.4 561.2 1543
SSACC R,5146070.0,
ESACC R,5146070.0,5146080 12 965.7 562.7 987.5 557.1 0.61 63
SFIX R,5146082.0,
EFIX R,5146082.0,5147726 1646 973.9 559.4 1497
SSACC R,5147728.0,
ESACC R,5147728.0,5147738 12 969.7 570.1 987.7 554.4 0.65 67
SFIX R,5147740.0,
EFIX R,5147740.0,5148094 356 992.5 550.9 1541
SSACC R,5148096.0,
ESACC R,5148096.0,5148112 18 995.8 551.3 957.8 547.3 1.04 99
SFIX R,5148114.0,
EFIX R,5148114.0,5148644 532 972.1 553.3 1530
SSACC R,5148646.0,
ESACC R,5148646.0,5148662 18 967.9 553.2 1007.5 542.6 1.11 103
SFIX R,5148664.0,
EFIX R,5148664.0,5148858 196 996.2 542.1 1517
SSACC R,5148860.0,
ESACC R,5148860.0,5148878 20 993.0 543.8 936.3 540.5 1.54 140
SFIX R,5148880.0,
EFIX R,5148880.0,5149134 256 945.5 541.9 1507
SSACC R,5149136.0,
ESACC R,5149136.0,5149146 12 951.5 542.4 972.6 543.9 0.57 59
SFIX R,5149148.0,
EFIX R,5149148.0,5150242 1096 966.1 552.6 1375
SSACC R,5150244.0,
ESACC R,5150244.0,5150254 12 964.1 551.1 989.7 541.4 0.74 75
SFIX R,5150256.0,
EFIX R,5150256.0,5154104 3850 961.2 557.1 1346
SSACC R,5154106.0,
ESACC R,5154106.0,5154122 18 952.2 570.9 992.3 552.1 1.20 105
SFIX R,5154124.0,
EFIX R,5154124.0,5154418 296 984.8 556.2 1590
SSACC R,5154420.0,
ESACC R,5154420.0,5154436 18 987.6 562.6 950.7 555.9 1.02 88
SFIX R,5154438.0,
EFIX R,5154438.0,5155340 904 954.2 571.3 1424
SSACC R,5155342.0,
ESACC R,5155342.0,5155350 10 940.7 565.2 957.0 564.0 0.44 57
SFIX R,5155352.0,
EFIX R,5155352.0,5155990 640 960.4 559.2 1425
SSACC R,5155992.0,
ESACC R,5155992.0,5156016 26 972.5 555.0 989.5 480.8 2.06 116
SFIX R,5156018.0,
EFIX R,5156018.0,5156050 34 986.3 467.9 1483
SSACC R,5156052.0,
ESACC R,5156052.0,5156066 16 980.4 475.9 969.5 504.4 0.83 65
SFIX R,5156068.0,
EFIX R,5156068.0,5157258 1192 943.6 545.8 1481
SSACC R,5157260.0,
ESACC R,5157260.0,5157270 12 940.5 550.9 962.1 547.0 0.59 62
SFIX R,5157272.0,
EFIX R,5157272.0,5160782 3512 949.8 553.3 1490
SSACC R,5160784.0,
ESACC R,5160784.0,5160800 18 938.1 562.2 981.3 546.1 1.25 112
SFIX R,5160802.0,
EFIX R,5160802.0,5161052 252 968.4 545.3 1520
SSACC R,5161054.0,
ESACC R,5161054.0,5161072 20 963.9 548.7 927.7 546.8 0.98 100
SFIX R,5161074.0,
EFIX R,5161074.0,5161632 560 941.1 557.9 1445
SSACC R,5161634.0,
SBLINK R,5161680.0,
EBLINK R,5161680.0,5161826 148
ESACC R,5161634.0,5161868 236 940.8 575.0 942.5 539.5 0.96 502
SFIX R,5161870.0,
EFIX R,5161870.0,5161892 24 936.7 552.1 1474
SSACC R,5161894.0,
ESACC R,5161894.0,5161906 14 941.8 568.1 934.7 604.9 1.02 86
SFIX R,5161908.0,
EFIX R,5161908.0,5161994 88 918.2 606.3 1393
SSACC R,5161996.0,
ESACC R,5161996.0,5162016 22 933.2 604.2 996.5 577.0 1.87 147
SFIX R,5162018.0,
EFIX R,5162018.0,5164028 2012 977.8 602.7 1427
SSACC R,5164030.0,
ESACC R,5164030.0,5164042 14 967.3 618.6 995.6 607.0 0.83 78
SFIX R,5164044.0,
EFIX R,5164044.0,5164230 188 992.4 607.4 1549
SSACC R,5164232.0,
ESACC R,5164232.0,5164250 20 993.8 605.9 941.0 602.9 1.43 138
SFIX R,5164252.0,
EFIX R,5164252.0,5164510 260 954.1 607.2 1513
SSACC R,5164512.0,
ESACC R,5164512.0,5164526 16 955.4 611.5 995.6 605.3 1.10 101
SFIX R,5164528.0,
EFIX R,5164528.0,5164750 224 994.2 602.0 1531
SSACC R,5164752.0,
ESACC R,5164752.0,5164772 22 991.9 604.3 923.6 594.5 1.87 158
SFIX R,5164774.0,
EFIX R,5164774.0,5165028 256 930.7 597.8 1510
SSACC R,5165030.0,
ESACC R,5165030.0,5165046 18 927.1 602.9 968.5 598.1 1.13 101
SFIX R,5165048.0,
EFIX R,5165048.0,5165308 262 960.0 602.2 1511
SSACC R,5165310.0,
ESACC R,5165310.0,5165330 22 966.1 603.3 925.2 599.9 1.11 106
SFIX R,5165332.0,
EFIX R,5165332.0,5165738 408 935.0 603.2 1492
SSACC R,5165740.0,
ESACC R,5165740.0,5165756 18 929.1 611.2 975.8 615.3 1.27 107
SFIX R,5165758.0,
EFIX R,5165758.0,5166022 266 968.4 610.9 1510
SSACC R,5166024.0,
ESACC R,5166024.0,5166044 22 965.0 609.7 904.9 605.6 1.63 139
SFIX R,5166046.0,
EFIX R,5166046.0,5166112 68 923.6 596.9 1571
SSACC R,5166114.0,
ESACC R,5166114.0,5166120 8 942.5 579.4 954.7 575.6 0.35 56
SFIX R,5166122.0,
EFIX R,5166122.0,5166400 280 957.6 606.6 1529
SSACC R,5166402.0,
ESACC R,5166402.0,5166416 16 950.0 618.3 913.3 614.8 1.00 94
SFIX R,5166418.0,
EFIX R,5166418.0,5166548 132 913.0 625.4 1557
SSACC R,5166550.0,
ESACC R,5166550.0,5166562 14 915.8 628.9 946.2 627.3 0.82 75
SFIX R,5166564.0,
EFIX R,5166564.0,5166742 180 934.7 619.0 1623
SSACC R,5166744.0,
ESACC R,5166744.0,5166750 8 931.2 623.8 939.3 625.7 0.23 41
SFIX R,5166752.0,
EFIX R,5166752.0,5167058 308 923.2 645.6 1568
SSACC R,5167060.0,
ESACC R,5167060.0,5167070 12 889.7 660.1 910.6 661.5 0.57 61
SFIX R,5167072.0,
EFIX R,5167072.0,5167248 178 913.4 657.4 1484
SSACC R,5167250.0,
ESACC R,5167250.0,5167268 20 916.5 641.6 875.5 629.5 1.16 110
SFIX R,5167270.0,
EFIX R,5167270.0,5167342 74 882.3 630.9 1427
SSACC R,5167344.0,
SBLINK R,5167354.0,
EBLINK R,5167354.0,5167358 6
ESACC R,5167344.0,5167366 24 916.5 641.6 875.5 629.5 1.16 0
SFIX R,5167368.0,
EFIX R,5167368.0,5167488 122 883.5 618.7 1392
SSACC R,5167490.0,
ESACC R,5167490.0,5167506 18 897.4 617.5 939.1 616.8 1.13 104
SFIX R,5167508.0,
EFIX R,5167508.0,5167798 292 923.8 665.2 1388
SSACC R,5167800.0,
ESACC R,5167800.0,5167820 22 902.7 691.4 840.8 691.4 1.67 154
SFIX R,5167822.0,
EFIX R,5167822.0,5168126 306 836.6 701.3 1392
SSACC R,5168128.0,
SBLINK R,5168140.0,
EBLINK R,5168140.0,5168942 804
ESACC R,5168128.0,5168984 858 844.7 721.9 951.6 551.6 5.43 577
SFIX R,5168986.0,
EFIX R,5168986.0,5169010 26 954.0 570.5 1627
SSACC R,5169012.0,
ESACC R,5169012.0,5169016 6 951.0 590.2 948.3 605.6 0.42 75
SFIX R,5169018.0,
EFIX R,5169018.0,5169050 34 943.9 617.8 1559
SSACC R,5169052.0,
ESACC R,5169052.0,5169062 12 945.3 631.8 938.8 647.0 0.45 53
SFIX R,5169064.0,
EFIX R,5169064.0,5169744 682 926.0 637.6 1371
SSACC R,5169746.0,
SBLINK R,5169776.0,
EBLINK R,5169776.0,5169918 144
ESACC R,5169746.0,5169970 226 928.8 598.0 937.7 571.0 0.77 1751
SFIX R,5169972.0,
EFIX R,5169972.0,5170196 226 940.0 609.7 1519
SSACC R,5170198.0,
ESACC R,5170198.0,5170216 20 949.1 615.0 971.5 563.8 1.51 135
SFIX R,5170218.0,
EFIX R,5170218.0,5171150 934 951.6 564.5 1417
SSACC R,5171152.0,
ESACC R,5171152.0,5171166 16 955.9 556.4 992.8 536.6 1.13 102
SFIX R,5171168.0,
EFIX R,5171168.0,5171202 36 991.5 539.3 1468
SSACC R,5171204.0,
SBLINK R,5171230.0,
EBLINK R,5171230.0,5171340 112
ESACC R,5171204.0,5171366 164 987.1 544.1 1025.9 451.0 2.73 588
SFIX R,5171368.0,
EFIX R,5171368.0,5172238 872 974.7 549.3 1476
SSACC R,5172240.0,
ESACC R,5172240.0,5172260 22 964.6 561.5 893.4 549.1 1.96 174
SFIX R,5172262.0,
EFIX R,5172262.0,5173178 918 906.9 553.4 1569
SSACC R,5173180.0,
ESACC R,5173180.0,5173198 20 910.4 559.3 976.6 554.2 1.80 160
SFIX R,5173200.0,
EFIX R,5173200.0,5174050 852 963.1 571.2 1586
SSACC R,5174052.0,
SBLINK R,5174078.0,
EBLINK R,5174078.0,5174240 164
ESACC R,5174052.0,5174268 218 969.2 584.6 983.3 491.2 2.56 593
SFIX R,5174270.0,
EFIX R,5174270.0,5177314 3046 959.0 573.8 1465
SSACC R,5177316.0,
ESACC R,5177316.0,5177338 24 916.8 572.6 951.7 562.2 0.99 139
SFIX R,5177340.0,
EFIX R,5177340.0,5177808 470 935.2 555.7 1556
SSACC R,5177810.0,
SBLINK R,5177840.0,
EBLINK R,5177840.0,5177970 132
ESACC R,5177810.0,5178026 218 950.0 576.0 979.4 543.1 1.20 587
SFIX R,5178028.0,
EFIX R,5178028.0,5181266 3240 962.2 580.5 1642
SSACC R,5181268.0,
SBLINK R,5181336.0,
EBLINK R,5181336.0,5181528 194
ESACC R,5181268.0,5181572 306 951.5 582.2 1063.7 513.4 3.56 401
SFIX R,5181574.0,
EFIX R,5181574.0,5181772 200 1044.1 594.9 1582
SSACC R,5181774.0,
ESACC R,5181774.0,5181806 34 1040.6 622.0 936.6 570.2 3.15 262
SFIX R,5181808.0,
EFIX R,5181808.0,5183038 1232 948.6 579.9 1412
SSACC R,5183040.0,
SBLINK R,5183068.0,
EBLINK R,5183068.0,5183210 144
ESACC R,5183040.0,5183270 232 950.2 584.8 942.6 518.5 1.81 570
SFIX R,5183272.0,
EFIX R,5183272.0,5184250 980 940.0 560.2 1421
SSACC R,5184252.0,
ESACC R,5184252.0,5184270 20 930.1 552.5 994.7 553.3 1.75 162
SFIX R,5184272.0,
EFIX R,5184272.0,5185530 1260 987.5 557.4 1390
SSACC R,5185532.0,
ESACC R,5185532.0,5185556 26 981.5 557.0 953.3 556.6 0.76 135
SFIX R,5185558.0,
EFIX R,5185558.0,5187474 1918 948.2 560.3 1334
SSACC R,5187476.0,
ESACC R,5187476.0,5187492 18 936.7 574.8 988.9 557.5 1.49 133
SFIX R,5187494.0,
EFIX R,5187494.0,5187856 364 978.4 555.5 1311
SSACC R,5187858.0,
ESACC R,5187858.0,5187878 22 980.2 557.9 926.0 556.5 1.47 149
SFIX R,5187880.0,
EFIX R,5187880.0,5188270 392 936.7 556.9 1359
SSACC R,5188272.0,
ESACC R,5188272.0,5188290 20 935.8 559.0 988.0 558.5 1.41 124
SFIX R,5188292.0,
EFIX R,5188292.0,5188660 370 978.6 559.3 1417
SSACC R,5188662.0,
ESACC R,5188662.0,5188682 22 975.0 557.4 922.8 549.8 1.43 146
SFIX R,5188684.0,
EFIX R,5188684.0,5189984 1302 926.0 557.6 1427
SSACC R,5189986.0,
ESACC R,5189986.0,5190004 20 918.3 567.1 986.3 568.8 1.84 161
SFIX R,5190006.0,
EFIX R,5190006.0,5190322 318 983.6 566.8 1392
SSACC R,5190324.0,
ESACC R,5190324.0,5190346 24 981.8 566.7 927.1 561.5 1.49 155
SFIX R,5190348.0,
EFIX R,5190348.0,5190846 500 932.8 561.4 1446
SSACC R,5190848.0,
ESACC R,5190848.0,5190856 10 934.4 565.0 950.8 564.6 0.44 57
SFIX R,5190858.0,
EFIX R,5190858.0,5192510 1654 946.1 570.3 1388
SSACC R,5192512.0,
ESACC R,5192512.0,5192530 20 938.3 571.4 991.6 565.4 1.45 121
SFIX R,5192532.0,
EFIX R,5192532.0,5192812 282 984.3 562.4 1365
SSACC R,5192814.0,
ESACC R,5192814.0,5192830 18 979.6 561.2 940.1 560.8 1.07 98
SFIX R,5192832.0,
EFIX R,5192832.0,5194412 1582 945.1 560.0 1380
SSACC R,5194414.0,
ESACC R,5194414.0,5194432 20 935.3 569.9 984.7 567.1 1.34 114
SFIX R,5194434.0,
EFIX R,5194434.0,5194718 286 983.6 565.2 1383
SSACC R,5194720.0,
ESACC R,5194720.0,5194740 22 981.2 566.0 926.0 563.0 1.50 148
SFIX R,5194742.0,
EFIX R,5194742.0,5195770 1030 934.5 570.3 1426
SSACC R,5195772.0,
ESACC R,5195772.0,5195790 20 928.1 573.2 969.9 568.4 1.14 111
SFIX R,5195792.0,
EFIX R,5195792.0,5196132 342 959.4 565.2 1420
SSACC R,5196134.0,
ESACC R,5196134.0,5196144 12 953.4 569.5 929.7 564.9 0.65 70
SFIX R,5196146.0,
EFIX R,5196146.0,5196432 288 928.4 567.8 1415
SSACC R,5196434.0,
ESACC R,5196434.0,5196442 10 925.9 565.6 941.2 563.2 0.42 56
SFIX R,5196444.0,
EFIX R,5196444.0,5196532 90 941.9 565.6 1363
SSACC R,5196534.0,
SBLINK R,5196562.0,
EBLINK R,5196562.0,5196762 202
ESACC R,5196534.0,5196828 296 942.7 568.7 970.6 558.5 0.81 618
SFIX R,5196830.0,
EFIX R,5196830.0,5197068 240 960.2 567.2 1463
SSACC R,5197070.0,
ESACC R,5197070.0,5197090 22 966.0 563.1 929.4 563.3 0.99 120
SFIX R,5197092.0,
EFIX R,5197092.0,5197354 264 939.9 559.2 1301
SSACC R,5197356.0,
SBLINK R,5197394.0,
EBLINK R,5197394.0,5197566 174
ESACC R,5197356.0,5197634 280 947.2 557.9 935.3 569.0 0.44 3270
SFIX R,5197636.0,
EFIX R,5197636.0,5198008 374 941.2 562.4 1238
SSACC R,5198010.0,
ESACC R,5198010.0,5198028 20 951.4 563.8 977.1 558.9 0.71 83
SFIX R,5198030.0,
EFIX R,5198030.0,5198328 300 965.8 558.6 1184
SSACC R,5198330.0,
SBLINK R,5198362.0,
EBLINK R,5198362.0,5198512 152
ESACC R,5198330.0,5198568 240 960.0 574.6 974.4 548.3 0.81 1167
SFIX R,5198570.0,
EFIX R,5198570.0,5200560 1992 955.2 576.4 1434
SSACC R,5200562.0,
ESACC R,5200562.0,5200596 36 947.4 588.1 1041.4 578.3 2.56 185
SFIX R,5200598.0,
EFIX R,5200598.0,5201118 522 1033.5 585.2 1451
SSACC R,5201120.0,
ESACC R,5201120.0,5201140 22 1037.2 591.6 941.1 585.2 2.61 246
SFIX R,5201142.0,
EFIX R,5201142.0,5201620 480 933.5 591.9 1494
SSACC R,5201622.0,
ESACC R,5201622.0,5201634 14 933.0 592.7 961.2 583.9 0.80 81
SFIX R,5201636.0,
EFIX R,5201636.0,5202130 496 953.8 582.1 1576
SSACC R,5202132.0,
SBLINK R,5202166.0,
EBLINK R,5202166.0,5202352 188
ESACC R,5202132.0,5202388 258 958.2 582.9 995.8 477.9 3.02 550
SFIX R,5202390.0,
EFIX R,5202390.0,5202416 28 993.9 492.9 1695
SSACC R,5202418.0,
ESACC R,5202418.0,5202430 14 992.8 508.2 991.9 547.3 1.06 88
SFIX R,5202432.0,
EFIX R,5202432.0,5203068 638 968.0 589.4 1523
SSACC R,5203070.0,
ESACC R,5203070.0,5203116 48 966.3 599.6 1142.6 704.6 5.53 195
SFIX R,5203118.0,
EFIX R,5203118.0,5203310 194 1130.2 691.7 1364
SSACC R,5203312.0,
ESACC R,5203312.0,5203352 42 1124.6 687.7 961.9 597.5 5.02 300
SFIX R,5203354.0,
EFIX R,5203354.0,5203726 374 971.8 596.8 1362
SSACC R,5203728.0,
ESACC R,5203728.0,5203748 22 969.3 597.2 928.9 571.6 1.30 117
SFIX R,5203750.0,
EFIX R,5203750.0,5204106 358 936.6 567.7 1373
SSACC R,5204108.0,
SBLINK R,5204148.0,
EBLINK R,5204148.0,5204278 132
ESACC R,5204108.0,5204344 238 933.3 582.9 951.7 597.7 0.64 836
SFIX R,5204346.0,
EFIX R,5204346.0,5204826 482 948.1 578.4 1496
SSACC R,5204828.0,
ESACC R,5204828.0,5204846 20 948.4 580.6 1028.6 574.0 2.18 195
SFIX R,5204848.0,
EFIX R,5204848.0,5205074 228 1043.9 576.7 1295
SSACC R,5205076.0,
ESACC R,5205076.0,5205098 24 1041.3 579.3 955.3 563.4 2.37 207
SFIX R,5205100.0,
EFIX R,5205100.0,5205750 652 957.1 571.1 1503
SSACC R,5205752.0,
SBLINK R,5205780.0,
EBLINK R,5205780.0,5205930 152
ESACC R,5205752.0,5205968 218 957.0 585.4 926.9 517.1 2.02 712
SFIX R,5205970.0,
EFIX R,5205970.0,5206278 310 930.4 577.9 1660
SSACC R,5206280.0,
ESACC R,5206280.0,5206298 20 945.9 588.8 1003.2 575.8 1.59 142
SFIX R,5206300.0,
EFIX R,5206300.0,5206512 214 991.5 585.7 1554
SSACC R,5206514.0,
ESACC R,5206514.0,5206542 30 986.3 594.4 939.8 594.0 1.26 182
SFIX R,5206544.0,
EFIX R,5206544.0,5207016 474 928.6 605.2 1425
SSACC R,5207018.0,
ESACC R,5207018.0,5207036 20 942.5 609.3 1002.9 608.6 1.64 146
SFIX R,5207038.0,
EFIX R,5207038.0,5207160 124 996.8 613.4 1543
SSACC R,5207162.0,
SBLINK R,5207192.0,
EBLINK R,5207192.0,5207378 188
ESACC R,5207162.0,5207418 258 992.9 622.0 948.6 551.9 2.25 1482
SFIX R,5207420.0,
EFIX R,5207420.0,5207586 168 942.7 616.9 1643
SSACC R,5207588.0,
SBLINK R,5207624.0,
EBLINK R,5207624.0,5207638 16
ESACC R,5207588.0,5207652 66 955.8 626.1 895.4 587.4 1.94 120
SFIX R,5207654.0,
EFIX R,5207654.0,5207950 298 952.4 634.4 1617
SSACC R,5207952.0,
ESACC R,5207952.0,5207988 38 953.9 641.8 1107.9 628.3 4.18 240
SFIX R,5207990.0,
EFIX R,5207990.0,5208072 84 1092.7 631.1 1538
SSACC R,5208074.0,
SBLINK R,5208104.0,
EBLINK R,5208104.0,5208364 262
ESACC R,5208074.0,5208372 300 1081.8 633.9 1084.6 580.1 1.46 371
SFIX R,5208374.0,
EFIX R,5208374.0,5208750 378 975.5 602.6 1857
SSACC R,5208752.0,
ESACC R,5208752.0,5208774 24 989.9 618.5 923.2 604.9 1.84 150
SFIX R,5208776.0,
EFIX R,5208776.0,5208874 100 919.9 617.8 1686
SSACC R,5208876.0,
SBLINK R,5208886.0,
EBLINK R,5208886.0,5209048 164
ESACC R,5208876.0,5209070 196 938.7 596.9 994.3 599.3 1.51 181
SFIX R,5209072.0,
EFIX R,5209072.0,5209252 182 983.7 605.1 1553
SSACC R,5209254.0,
SBLINK R,5209284.0,
EBLINK R,5209284.0,5209690 408
ESACC R,5209254.0,5209698 446 977.9 609.1 977.3 578.8 0.82 433
SFIX R,5209700.0,
EFIX R,5209700.0,5209778 80 937.0 629.9 1686
SSACC R,5209780.0,
ESACC R,5209780.0,5209800 22 940.1 633.8 888.6 586.2 1.90 181
SFIX R,5209802.0,
EFIX R,5209802.0,5210072 272 903.4 602.7 1550
SSACC R,5210074.0,
ESACC R,5210074.0,5210110 38 900.9 620.3 1045.4 599.3 3.96 244
SFIX R,5210112.0,
EFIX R,5210112.0,5210240 130 1030.7 605.9 1300
SSACC R,5210242.0,
ESACC R,5210242.0,5210278 38 1024.5 611.1 909.7 609.3 3.11 220
SFIX R,5210280.0,
EFIX R,5210280.0,5210472 194 919.3 617.9 1361
SSACC R,5210474.0,
ESACC R,5210474.0,5210480 8 919.1 613.3 911.6 609.2 0.23 43
SFIX R,5210482.0,
EFIX R,5210482.0,5210622 142 907.7 616.3 1411
SSACC R,5210624.0,
SBLINK R,5210652.0,
EBLINK R,5210652.0,5213478 2828
ESACC R,5210624.0,5213486 2864 907.6 620.5 997.1 592.9 2.54 290
SFIX R,5213488.0,
EFIX R,5213488.0,5213712 226 1019.8 571.5 1569
SSACC R,5213714.0,
SBLINK R,5213742.0,
EBLINK R,5213742.0,5213902 162
ESACC R,5213714.0,5213968 256 1044.6 573.9 995.8 530.7 1.77 679
SFIX R,5213970.0,
EFIX R,5213970.0,5214270 302 990.3 549.3 1468
SSACC R,5214272.0,
SBLINK R,5214300.0,
EBLINK R,5214300.0,5214500 202
ESACC R,5214272.0,5214558 288 985.8 569.2 935.5 567.8 1.36 499
SFIX R,5214560.0,
EFIX R,5214560.0,5214936 378 950.3 567.1 1516
SSACC R,5214938.0,
SBLINK R,5214966.0,
EBLINK R,5214966.0,5215158 194
ESACC R,5214938.0,5215188 252 950.1 574.7 972.8 467.2 2.98 770
SFIX R,5215190.0,
EFIX R,5215190.0,5215212 24 963.6 482.8 1413
SSACC R,5215214.0,
ESACC R,5215214.0,5215226 14 953.8 503.5 947.4 538.4 0.96 83
SFIX R,5215228.0,
EFIX R,5215228.0,5215612 386 950.3 545.2 1378
SSACC R,5215614.0,
SBLINK R,5215642.0,
EBLINK R,5215642.0,5215854 214
ESACC R,5215614.0,5215916 304 956.6 554.3 949.3 543.7 0.35 787
SFIX R,5215918.0,
EFIX R,5215918.0,5216382 466 944.2 553.7 1311
SSACC R,5216384.0,
SBLINK R,5216418.0,
EBLINK R,5216418.0,5216538 122
ESACC R,5216384.0,5216568 186 942.8 567.1 1002.8 473.9 3.00 1284
SFIX R,5216570.0,
EFIX R,5216570.0,5216590 22 994.9 480.7 1314
SSACC R,5216592.0,
ESACC R,5216592.0,5216604 14 986.9 499.1 978.6 530.0 0.87 77
SFIX R,5216606.0,
EFIX R,5216606.0,5217098 494 958.4 550.0 1264
SSACC R,5217100.0,
ESACC R,5217100.0,5217110 12 964.3 545.2 980.8 528.3 0.64 68
SFIX R,5217112.0,
EFIX R,5217112.0,5217508 398 977.2 532.0 1225
SSACC R,5217510.0,
SBLINK R,5217544.0,
EBLINK R,5217544.0,5217722 180
ESACC R,5217510.0,5217750 242 975.1 544.6 984.9 467.9 2.10 1446
SFIX R,5217752.0,
EFIX R,5217752.0,5218126 376 953.7 561.9 1429
SSACC R,5218128.0,
ESACC R,5218128.0,5218142 16 948.9 572.4 954.3 546.8 0.71 73
SFIX R,5218144.0,
EFIX R,5218144.0,5218340 198 955.2 548.9 1293
SSACC R,5218342.0,
SBLINK R,5218372.0,
EBLINK R,5218372.0,5218584 214
ESACC R,5218342.0,5218626 286 957.3 556.5 959.5 491.4 1.77 1231
SFIX R,5218628.0,
EFIX R,5218628.0,5218634 8 956.5 506.4 1381
SSACC R,5218636.0,
ESACC R,5218636.0,5218640 6 952.9 518.5 949.8 533.0 0.40 82
SFIX R,5218642.0,
EFIX R,5218642.0,5219248 608 950.1 547.9 1326
SSACC R,5219250.0,
ESACC R,5219250.0,5219260 12 945.0 541.5 967.3 536.8 0.62 63
SFIX R,5219262.0,
EFIX R,5219262.0,5219500 240 971.7 540.8 1222
SSACC R,5219502.0,
ESACC R,5219502.0,5219520 20 966.6 553.6 921.1 541.9 1.27 124
SFIX R,5219522.0,
EFIX R,5219522.0,5219580 60 930.2 544.3 1216
SSACC R,5219582.0,
SBLINK R,5219612.0,
EBLINK R,5219612.0,5219818 208
ESACC R,5219582.0,5219872 292 928.1 548.3 932.4 561.9 0.39 696
SFIX R,5219874.0,
EFIX R,5219874.0,5220392 520 943.2 562.4 1379
SSACC R,5220394.0,
ESACC R,5220394.0,5220402 10 942.9 565.8 960.1 557.0 0.52 66
SFIX R,5220404.0,
EFIX R,5220404.0,5220630 228 962.6 556.6 1201
SSACC R,5220632.0,
SBLINK R,5220666.0,
EBLINK R,5220666.0,5220850 186
ESACC R,5220632.0,5220880 250 960.8 567.5 972.0 478.7 2.43 1857
SFIX R,5220882.0,
EFIX R,5220882.0,5220904 24 968.0 500.4 1433
SSACC R,5220906.0,
ESACC R,5220906.0,5220918 14 960.9 526.1 955.6 561.5 0.97 89
SFIX R,5220920.0,
EFIX R,5220920.0,5222600 1682 963.1 564.5 1402
SSACC R,5222602.0,
ESACC R,5222602.0,5222618 18 974.7 558.6 991.1 545.2 0.57 69
SFIX R,5222620.0,
EFIX R,5222620.0,5223020 402 986.9 538.1 1562
SSACC R,5223022.0,
ESACC R,5223022.0,5223050 30 986.5 536.4 944.6 529.8 1.15 161
SFIX R,5223052.0,
EFIX R,5223052.0,5223234 184 943.5 532.8 1628
SSACC R,5223236.0,
ESACC R,5223236.0,5223252 18 946.2 536.8 988.8 530.6 1.17 104
SFIX R,5223254.0,
EFIX R,5223254.0,5225634 2382 974.3 544.2 1715
SSACC R,5225636.0,
ESACC R,5225636.0,5225668 34 962.2 557.7 995.2 622.9 1.98 130
SFIX R,5225670.0,
EFIX R,5225670.0,5229172 3504 973.5 639.8 1720
SSACC R,5229174.0,
ESACC R,5229174.0,5229200 28 989.6 642.7 1015.4 552.0 2.55 159
SFIX R,5229202.0,
EFIX R,5229202.0,5229770 570 989.9 549.7 1674
SSACC R,5229772.0,
ESACC R,5229772.0,5229790 20 983.1 560.5 940.6 555.4 1.16 114
SFIX R,5229792.0,
EFIX R,5229792.0,5230024 234 944.5 557.9 1477
SSACC R,5230026.0,
ESACC R,5230026.0,5230038 14 943.3 562.5 975.0 560.6 0.86 82
SFIX R,5230040.0,
EFIX R,5230040.0,5231236 1198 972.5 556.9 1450
SSACC R,5231238.0,
ESACC R,5231238.0,5231272 36 973.0 547.8 1060.2 563.2 2.40 130
SFIX R,5231274.0,
EFIX R,5231274.0,5233336 2064 1042.9 599.6 1540
SSACC R,5233338.0,
ESACC R,5233338.0,5233360 24 1036.5 610.4 945.3 576.2 2.64 257
SFIX R,5233362.0,
EFIX R,5233362.0,5233704 344 953.4 573.1 1694
SSACC R,5233706.0,
ESACC R,5233706.0,5233718 14 958.5 573.5 986.2 565.9 0.78 77
SFIX R,5233720.0,
EFIX R,5233720.0,5236536 2818 967.9 569.7 1614
SSACC R,5236538.0,
ESACC R,5236538.0,5236548 12 968.7 575.5 991.7 570.1 0.64 68
SFIX R,5236550.0,
EFIX R,5236550.0,5239514 2966 970.0 571.5 1525
SSACC R,5239516.0,
SBLINK R,5239544.0,
EBLINK R,5239544.0,5239648 106
ESACC R,5239516.0,5239698 184 955.1 572.3 946.8 552.4 0.58 366
SFIX R,5239700.0,
EFIX R,5239700.0,5240166 468 951.0 567.6 1380
SSACC R,5240168.0,
ESACC R,5240168.0,5240186 20 954.9 569.1 984.1 565.6 0.80 89
SFIX R,5240188.0,
EFIX R,5240188.0,5240712 526 936.8 601.9 1192
SSACC R,5240714.0,
SBLINK R,5240746.0,
EBLINK R,5240746.0,5240968 224
ESACC R,5240714.0,5240976 264 923.7 625.3 3270.0 366.3 39.73 3270
SFIX R,5240978.0,
EFIX R,5240978.0,5241176 200 962.8 650.6 1394
SSACC R,5241178.0,
ESACC R,5241178.0,5241198 22 978.5 656.8 924.0 630.3 1.64 140
SFIX R,5241200.0,
EFIX R,5241200.0,5242164 966 943.0 629.0 1509
SSACC R,5242166.0,
SBLINK R,5242202.0,
EBLINK R,5242202.0,5242372 172
ESACC R,5242166.0,5242418 254 955.4 625.4 947.4 557.8 1.84 513
SFIX R,5242420.0,
EFIX R,5242420.0,5242658 240 949.8 624.1 1691
SSACC R,5242660.0,
ESACC R,5242660.0,5242676 18 968.3 635.9 948.8 617.9 0.72 86
SFIX R,5242678.0,
EFIX R,5242678.0,5243830 1154 962.0 632.1 1618
SSACC R,5243832.0,
ESACC R,5243832.0,5243838 8 958.0 649.8 948.9 643.0 0.31 46
SFIX R,5243840.0,
EFIX R,5243840.0,5244034 196 939.5 645.0 1588
SSACC R,5244036.0,
ESACC R,5244036.0,5244052 18 934.8 645.1 979.1 639.3 1.21 108
SFIX R,5244054.0,
EFIX R,5244054.0,5244412 360 961.2 645.1 1549
SSACC R,5244414.0,
ESACC R,5244414.0,5244418 6 958.1 652.4 953.7 646.3 0.20 46
SFIX R,5244420.0,
EFIX R,5244420.0,5244762 344 953.3 649.2 1571
SSACC R,5244764.0,
ESACC R,5244764.0,5244780 18 951.0 651.8 993.8 642.7 1.19 99
SFIX R,5244782.0,
EFIX R,5244782.0,5245006 226 976.5 645.0 1528
SSACC R,5245008.0,
ESACC R,5245008.0,5245026 20 974.5 646.2 929.8 647.5 1.21 116
SFIX R,5245028.0,
EFIX R,5245028.0,5245484 458 933.7 660.8 1476
SSACC R,5245486.0,
SBLINK R,5245520.0,
EBLINK R,5245520.0,5246324 806
ESACC R,5245486.0,5246332 848 931.6 671.0 920.5 603.2 1.86 95
SFIX R,5246334.0,
EFIX R,5246334.0,5246358 26 884.5 665.0 1515
SSACC R,5246360.0,
SBLINK R,5246372.0,
EBLINK R,5246372.0,5246386 16
ESACC R,5246360.0,5246394 36 883.3 676.5 883.3 676.5 0.00 20
SFIX R,5246396.0,
EFIX R,5246396.0,5246430 36 885.8 695.0 1507
SSACC R,5246432.0,
SBLINK R,5246442.0,
EBLINK R,5246442.0,5246602 162
ESACC R,5246432.0,5246630 200 877.8 663.6 850.7 677.7 0.83 79
SFIX R,5246632.0,
EFIX R,5246632.0,5246846 216 890.2 691.7 1668
SSACC R,5246848.0,
ESACC R,5246848.0,5246950 104 897.5 657.3 952.4 321.4 9.16 894
SFIX R,5246952.0,
EFIX R,5246952.0,5246978 28 950.9 327.6 2459
SSACC R,5246980.0,
SBLINK R,5247458.0,
EBLINK R,5247458.0,5248360 904
ESACC R,5246980.0,5248498 1520 959.4 341.5 946.4 607.9 7.20 1037
SFIX R,5248500.0,
EFIX R,5248500.0,5248636 138 946.2 638.5 2015
SSACC R,5248638.0,
SBLINK R,5248662.0,
EBLINK R,5248662.0,5248972 312
ESACC R,5248638.0,5248980 344 971.4 630.1 960.8 707.5 2.11 664
SFIX R,5248982.0,
EFIX R,5248982.0,5249310 330 966.5 622.8 1452
SSACC R,5249312.0,
SBLINK R,5249332.0,
EBLINK R,5249332.0,5249486 156
ESACC R,5249312.0,5249526 216 972.4 615.6 967.0 572.3 1.18 558
SFIX R,5249528.0,
EFIX R,5249528.0,5250596 1070 985.8 582.1 1327
SSACC R,5250598.0,
SBLINK R,5250622.0,
EBLINK R,5250622.0,5250766 146
ESACC R,5250598.0,5250816 220 985.5 580.4 972.4 500.1 2.20 500
SFIX R,5250818.0,
EFIX R,5250818.0,5252196 1380 980.6 578.8 1584
SSACC R,5252198.0,
ESACC R,5252198.0,5252214 18 972.6 578.2 1025.1 577.3 1.42 133
SFIX R,5252216.0,
EFIX R,5252216.0,5252930 716 1005.9 588.4 1724
SSACC R,5252932.0,
SBLINK R,5252958.0,
EBLINK R,5252958.0,5253092 136
ESACC R,5252932.0,5253128 198 1005.2 602.5 994.0 512.0 2.47 3270
SFIX R,5253130.0,
EFIX R,5253130.0,5253952 824 989.3 606.3 1636
SSACC R,5253954.0,
ESACC R,5253954.0,5253968 16 978.8 605.6 1013.2 594.9 0.98 83
SFIX R,5253970.0,
EFIX R,5253970.0,5254266 298 1014.1 583.1 1503
SSACC R,5254268.0,
ESACC R,5254268.0,5254286 20 1016.9 580.2 992.8 569.6 0.71 84
SFIX R,5254288.0,
EFIX R,5254288.0,5254604 318 999.8 572.4 1532
SSACC R,5254606.0,
SBLINK R,5254642.0,
EBLINK R,5254642.0,5254794 154
ESACC R,5254606.0,5254864 260 1003.5 584.8 1008.8 536.5 1.32 689
SFIX R,5254866.0,
EFIX R,5254866.0,5257236 2372 1000.1 571.6 1448
SSACC R,5257238.0,
SBLINK R,5257262.0,
EBLINK R,5257262.0,5257430 170
ESACC R,5257238.0,5257468 232 986.3 575.0 1015.1 466.3 3.05 590
SFIX R,5257470.0,
EFIX R,5257470.0,5258074 606 992.2 574.1 1343
SSACC R,5258076.0,
ESACC R,5258076.0,5258084 10 987.6 585.4 986.1 564.7 0.56 67
SFIX R,5258086.0,
EFIX R,5258086.0,5259352 1268 981.9 569.1 1358
SSACC R,5259354.0,
ESACC R,5259354.0,5259370 18 973.5 581.3 1020.1 576.2 1.27 109
SFIX R,5259372.0,
EFIX R,5259372.0,5259774 404 1005.1 577.1 1480
SSACC R,5259776.0,
ESACC R,5259776.0,5259792 18 997.0 578.6 956.9 578.3 1.09 98
SFIX R,5259794.0,
EFIX R,5259794.0,5260466 674 964.8 577.5 1382
SSACC R,5260468.0,
ESACC R,5260468.0,5260482 16 965.9 582.0 1013.1 582.2 1.28 122
SFIX R,5260484.0,
EFIX R,5260484.0,5260660 178 1017.7 576.0 1278
SSACC R,5260662.0,
ESACC R,5260662.0,5260688 28 1015.3 577.0 976.1 570.6 1.08 148
SFIX R,5260690.0,
EFIX R,5260690.0,5261116 428 977.8 570.4 1275
SSACC R,5261118.0,
ESACC R,5261118.0,5261136 20 978.1 566.2 1030.2 569.3 1.41 123
SFIX R,5261138.0,
EFIX R,5261138.0,5261344 208 1020.1 566.9 1272
SSACC R,5261346.0,
ESACC R,5261346.0,5261366 22 1018.4 566.1 980.1 567.7 1.04 117
SFIX R,5261368.0,
EFIX R,5261368.0,5262560 1194 980.4 560.7 1212
SSACC R,5262562.0,
SBLINK R,5262596.0,
EBLINK R,5262596.0,5262756 162
ESACC R,5262562.0,5262796 236 977.1 567.1 987.2 459.0 2.94 3270
SFIX R,5262798.0,
EFIX R,5262798.0,5263046 250 970.5 545.7 1236
SSACC R,5263048.0,
ESACC R,5263048.0,5263056 10 974.2 553.6 996.0 554.0 0.59 73
SFIX R,5263058.0,
EFIX R,5263058.0,5264252 1196 989.2 557.2 1082
SSACC R,5264254.0,
ESACC R,5264254.0,5264272 20 987.9 555.0 939.1 546.1 1.34 132
SFIX R,5264274.0,
EFIX R,5264274.0,5264500 228 949.0 550.8 1159
SSACC R,5264502.0,
ESACC R,5264502.0,5264522 22 948.2 554.0 998.0 554.1 1.35 134
SFIX R,5264524.0,
EFIX R,5264524.0,5265544 1022 990.6 568.3 1252
SSACC R,5265546.0,
ESACC R,5265546.0,5265562 18 981.9 581.7 1022.3 567.3 1.16 107
SFIX R,5265564.0,
EFIX R,5265564.0,5265820 258 1008.0 571.6 1327
SSACC R,5265822.0,
ESACC R,5265822.0,5265840 20 1002.3 576.1 963.4 573.3 1.06 112
SFIX R,5265842.0,
EFIX R,5265842.0,5266252 412 968.4 582.8 1294
SSACC R,5266254.0,
ESACC R,5266254.0,5266268 16 966.9 586.8 999.1 579.8 0.89 84
SFIX R,5266270.0,
EFIX R,5266270.0,5268676 2408 985.4 577.7 1212
SSACC R,5268678.0,
ESACC R,5268678.0,5268694 18 977.9 587.3 1018.6 578.8 1.13 97
SFIX R,5268696.0,
EFIX R,5268696.0,5269076 382 1001.8 576.6 1202
SSACC R,5269078.0,
ESACC R,5269078.0,5269094 18 994.6 576.3 957.1 569.4 1.03 102
SFIX R,5269096.0,
EFIX R,5269096.0,5269950 856 968.0 571.8 1259
SSACC R,5269952.0,
ESACC R,5269952.0,5269970 20 968.0 576.6 1009.2 563.8 1.17 101
SFIX R,5269972.0,
EFIX R,5269972.0,5273048 3078 991.7 577.9 1287
SSACC R,5273050.0,
ESACC R,5273050.0,5273060 12 966.9 588.3 989.3 578.6 0.66 72
SFIX R,5273062.0,
EFIX R,5273062.0,5273594 534 990.3 581.1 1308
SSACC R,5273596.0,
SBLINK R,5273636.0,
EBLINK R,5273636.0,5273764 130
ESACC R,5273596.0,5273818 224 990.8 585.7 1034.5 479.1 3.12 3270
SFIX R,5273820.0,
EFIX R,5273820.0,5277474 3656 991.1 579.0 1224
SSACC R,5277476.0,
ESACC R,5277476.0,5277512 38 963.8 584.8 1012.2 647.6 2.15 137
SFIX R,5277514.0,
EFIX R,5277514.0,5277734 222 996.4 642.6 1371
SSACC R,5277736.0,
ESACC R,5277736.0,5277756 22 998.1 646.0 963.8 576.6 2.10 205
SFIX R,5277758.0,
EFIX R,5277758.0,5278764 1008 970.6 583.2 1387
SSACC R,5278766.0,
ESACC R,5278766.0,5278780 16 968.8 577.5 1004.6 567.0 1.01 95
SFIX R,5278782.0,
EFIX R,5278782.0,5279210 430 1002.1 569.7 1436
SSACC R,5279212.0,
ESACC R,5279212.0,5279234 24 1005.6 572.8 951.5 566.5 1.48 153
SFIX R,5279236.0,
EFIX R,5279236.0,5279546 312 958.1 570.6 1368
SSACC R,5279548.0,
ESACC R,5279548.0,5279566 20 955.5 572.7 1010.0 573.3 1.48 133
SFIX R,5279568.0,
EFIX R,5279568.0,5280804 1238 991.9 572.5 1276
SSACC R,5280806.0,
ESACC R,5280806.0,5280820 16 989.3 567.1 969.2 550.3 0.71 58
SFIX R,5280822.0,
EFIX R,5280822.0,5281130 310 969.7 552.3 1130
SSACC R,5281132.0,
ESACC R,5281132.0,5281150 20 968.4 550.7 1025.4 551.4 1.54 141
SFIX R,5281152.0,
EFIX R,5281152.0,5281760 610 1009.5 550.7 1096
SSACC R,5281762.0,
ESACC R,5281762.0,5281784 24 1009.2 557.2 962.3 561.8 1.28 133
SFIX R,5281786.0,
EFIX R,5281786.0,5281980 196 968.5 563.9 1137
SSACC R,5281982.0,
ESACC R,5281982.0,5281998 18 965.5 563.0 1001.5 554.5 1.00 105
SFIX R,5282000.0,
EFIX R,5282000.0,5282550 552 984.6 563.8 1162
SSACC R,5282552.0,
SBLINK R,5282582.0,
EBLINK R,5282582.0,5282818 238
ESACC R,5282552.0,5282874 324 984.3 563.8 1029.1 488.4 2.38 2071
SFIX R,5282876.0,
EFIX R,5282876.0,5283042 168 1015.7 561.1 1243
SSACC R,5283044.0,
ESACC R,5283044.0,5283066 24 1026.2 578.0 971.0 571.0 1.51 164
SFIX R,5283068.0,
EFIX R,5283068.0,5283306 240 995.1 568.1 1227
SSACC R,5283308.0,
SBLINK R,5283354.0,
EBLINK R,5283354.0,5283578 226
ESACC R,5283308.0,5283628 322 1005.0 573.0 978.3 531.6 1.34 336
SFIX R,5283630.0,
EFIX R,5283630.0,5284174 546 976.1 539.2 1103
SSACC R,5284176.0,
SBLINK R,5284200.0,
EBLINK R,5284200.0,5284408 210
ESACC R,5284176.0,5284468 294 973.7 545.0 992.3 518.3 0.88 297
SFIX R,5284470.0,
EFIX R,5284470.0,5284910 442 992.6 546.5 1207
SSACC R,5284912.0,
ESACC R,5284912.0,5284930 20 1003.9 554.8 1076.7 547.8 1.98 175
SFIX R,5284932.0,
EFIX R,5284932.0,5285250 320 1070.3 552.1 1259
SSACC R,5285252.0,
ESACC R,5285252.0,5285286 36 1062.3 562.2 994.7 542.5 1.91 182
SFIX R,5285288.0,
EFIX R,5285288.0,5285474 188 1005.9 551.2 1308
SSACC R,5285476.0,
SBLINK R,5285504.0,
EBLINK R,5285504.0,5285638 136
ESACC R,5285476.0,5285678 204 1005.1 565.3 1013.6 453.2 3.05 1504
SFIX R,5285680.0,
EFIX R,5285680.0,5285702 24 1006.9 481.7 1416
SSACC R,5285704.0,
ESACC R,5285704.0,5285712 10 1000.9 512.5 994.1 539.4 0.75 92
SFIX R,5285714.0,
EFIX R,5285714.0,5286440 728 1009.0 557.3 1415
SSACC R,5286442.0,
ESACC R,5286442.0,5286478 38 1014.9 558.7 1169.6 595.2 4.29 213
SFIX R,5286480.0,
EFIX R,5286480.0,5286740 262 1167.6 604.8 1397
SSACC R,5286742.0,
ESACC R,5286742.0,5286788 48 1165.7 606.4 1035.7 562.7 3.70 277
SFIX R,5286790.0,
EFIX R,5286790.0,5286988 200 1033.0 561.9 1481
SSACC R,5286990.0,
SBLINK R,5287026.0,
EBLINK R,5287026.0,5287196 172
ESACC R,5286990.0,5287228 240 1032.8 569.0 1054.3 494.4 2.10 377
SFIX R,5287230.0,
EFIX R,5287230.0,5287770 542 1036.4 572.1 1512
SSACC R,5287772.0,
ESACC R,5287772.0,5287792 22 1060.0 578.7 977.6 565.6 2.26 205
SFIX R,5287794.0,
EFIX R,5287794.0,5288086 294 992.6 569.2 1393
SSACC R,5288088.0,
ESACC R,5288088.0,5288106 20 996.3 570.3 1043.0 556.1 1.32 125
SFIX R,5288108.0,
EFIX R,5288108.0,5288476 370 1030.7 560.0 1540
SSACC R,5288478.0,
SBLINK R,5288526.0,
EBLINK R,5288526.0,5288614 90
ESACC R,5288478.0,5288642 166 1038.2 570.1 1078.5 486.4 2.52 1857
SFIX R,5288644.0,
EFIX R,5288644.0,5288918 276 1057.9 568.5 1696
SSACC R,5288920.0,
ESACC R,5288920.0,5288940 22 1056.1 576.9 997.9 552.3 1.71 149
SFIX R,5288942.0,
EFIX R,5288942.0,5289566 626 1003.7 558.5 1589
SSACC R,5289568.0,
SBLINK R,5289598.0,
EBLINK R,5289598.0,5289740 144
ESACC R,5289568.0,5289778 212 1008.9 571.3 1021.8 468.2 2.82 2301
SFIX R,5289780.0,
EFIX R,5289780.0,5290232 454 1003.1 560.2 1644
SSACC R,5290234.0,
ESACC R,5290234.0,5290260 28 979.5 562.1 1038.3 553.9 1.61 186
SFIX R,5290262.0,
EFIX R,5290262.0,5290782 522 1032.3 546.6 1579
SSACC R,5290784.0,
SBLINK R,5290814.0,
EBLINK R,5290814.0,5290976 164
ESACC R,5290784.0,5291020 238 1017.5 555.2 1011.7 453.7 2.76 535
SFIX R,5291022.0,
EFIX R,5291022.0,5291348 328 1006.9 541.6 1743
SSACC R,5291350.0,
ESACC R,5291350.0,5291384 36 1014.5 549.2 1167.8 529.1 4.17 245
SFIX R,5291386.0,
EFIX R,5291386.0,5291568 184 1146.7 540.7 1683
SSACC R,5291570.0,
ESACC R,5291570.0,5291610 42 1138.5 552.1 963.6 538.4 4.74 293
SFIX R,5291612.0,
EFIX R,5291612.0,5291824 214 980.4 546.6 1617
SSACC R,5291826.0,
SBLINK R,5291892.0,
EBLINK R,5291892.0,5292092 202
ESACC R,5291826.0,5292124 300 979.8 553.9 938.0 453.1 2.96 730
SFIX R,5292126.0,
EFIX R,5292126.0,5292334 210 936.2 529.3 1832
SSACC R,5292336.0,
ESACC R,5292336.0,5292358 24 948.8 545.2 1049.2 538.2 2.73 242
SFIX R,5292360.0,
EFIX R,5292360.0,5292600 242 1047.4 537.3 1814
SSACC R,5292602.0,
ESACC R,5292602.0,5292642 42 1052.8 545.4 968.0 542.9 2.30 181
SFIX R,5292644.0,
EFIX R,5292644.0,5292928 286 968.1 542.8 1650
SSACC R,5292930.0,
SBLINK R,5292966.0,
EBLINK R,5292966.0,5293220 256
ESACC R,5292930.0,5293268 340 965.4 559.2 974.5 493.9 1.79 555
SFIX R,5293270.0,
EFIX R,5293270.0,5293646 378 979.3 569.6 1796
SSACC R,5293648.0,
ESACC R,5293648.0,5293708 62 990.7 585.5 1273.9 570.6 7.60 294
SFIX R,5293710.0,
EFIX R,5293710.0,5294008 300 1245.0 583.5 1554
SSACC R,5294010.0,
ESACC R,5294010.0,5294072 64 1239.6 588.9 999.8 564.5 6.48 242
SFIX R,5294074.0,
EFIX R,5294074.0,5294362 290 1016.6 576.2 1595
SSACC R,5294364.0,
ESACC R,5294364.0,5294398 36 1023.0 589.4 934.5 546.3 2.67 130
SFIX R,5294400.0,
EFIX R,5294400.0,5294574 176 944.1 556.0 1685
SSACC R,5294576.0,
ESACC R,5294576.0,5294608 34 949.2 554.6 928.1 505.4 1.45 106
SFIX R,5294610.0,
EFIX R,5294610.0,5294766 158 930.8 523.2 1737
SSACC R,5294768.0,
ESACC R,5294768.0,5294804 38 932.7 527.3 1071.8 566.1 3.91 241
SFIX R,5294806.0,
EFIX R,5294806.0,5295214 410 1038.7 586.3 1729
SSACC R,5295216.0,
ESACC R,5295216.0,5295254 40 1036.4 600.4 1137.9 745.8 4.78 213
SFIX R,5295256.0,
EFIX R,5295256.0,5295390 136 1119.2 744.1 1715
SSACC R,5295392.0,
ESACC R,5295392.0,5295436 46 1115.1 745.1 1000.9 673.7 3.63 258
SFIX R,5295438.0,
EFIX R,5295438.0,5295630 194 1007.3 671.3 1656
SSACC R,5295632.0,
ESACC R,5295632.0,5295654 24 1009.3 678.9 1020.8 629.8 1.36 129
SFIX R,5295656.0,
EFIX R,5295656.0,5295898 244 1009.7 646.6 1541
SSACC R,5295900.0,
ESACC R,5295900.0,5295912 14 983.9 642.1 956.6 656.6 0.84 88
SFIX R,5295914.0,
EFIX R,5295914.0,5296060 148 963.7 662.3 1581
SSACC R,5296062.0,
ESACC R,5296062.0,5296098 38 965.4 663.3 1070.2 664.5 2.84 184
SFIX R,5296100.0,
EFIX R,5296100.0,5296264 166 1058.6 670.4 1675
SSACC R,5296266.0,
ESACC R,5296266.0,5296284 20 1059.3 665.5 1000.6 655.0 1.61 109
SFIX R,5296286.0,
EFIX R,5296286.0,5296470 186 993.2 640.9 1837
SSACC R,5296472.0,
ESACC R,5296472.0,5296504 34 996.1 629.4 1088.5 621.9 2.51 165
SFIX R,5296506.0,
EFIX R,5296506.0,5296622 118 1076.5 621.9 1902
SSACC R,5296624.0,
ESACC R,5296624.0,5296646 24 1073.4 618.4 1002.9 619.4 1.91 151
SFIX R,5296648.0,
EFIX R,5296648.0,5296814 168 1018.1 606.0 1944
SSACC R,5296816.0,
SBLINK R,5296850.0,
EBLINK R,5296850.0,5297104 256
ESACC R,5296816.0,5297162 348 1010.8 570.4 942.8 549.2 1.93 948
SFIX R,5297164.0,
EFIX R,5297164.0,5297200 38 937.9 555.0 2054
SSACC R,5297202.0,
ESACC R,5297202.0,5297222 22 937.1 564.6 1021.2 575.5 2.30 198
SFIX R,5297224.0,
EFIX R,5297224.0,5297424 202 1011.1 616.6 1974
SSACC R,5297426.0,
ESACC R,5297426.0,5297448 24 1015.6 662.0 961.2 652.5 1.50 143
SFIX R,5297450.0,
EFIX R,5297450.0,5297624 176 966.6 661.0 1803
SSACC R,5297626.0,
ESACC R,5297626.0,5297644 20 964.1 668.4 1024.1 680.9 1.66 144
SFIX R,5297646.0,
EFIX R,5297646.0,5297844 200 1016.7 690.5 1513
SSACC R,5297846.0,
ESACC R,5297846.0,5297868 24 1008.4 694.4 937.3 685.7 1.94 175
SFIX R,5297870.0,
EFIX R,5297870.0,5298076 208 945.5 685.2 1490
SSACC R,5298078.0,
ESACC R,5298078.0,5298110 34 945.8 690.8 1034.8 686.7 2.41 126
SFIX R,5298112.0,
EFIX R,5298112.0,5298292 182 1023.2 692.0 1628
SSACC R,5298294.0,
ESACC R,5298294.0,5298324 32 1020.6 690.7 968.7 673.0 1.48 179
SFIX R,5298326.0,
EFIX R,5298326.0,5298506 182 962.4 676.1 1727
SSACC R,5298508.0,
ESACC R,5298508.0,5298528 22 963.3 666.1 1036.3 644.6 2.06 179
SFIX R,5298530.0,
EFIX R,5298530.0,5298598 70 1049.8 640.3 1801
SSACC R,5298600.0,
SBLINK R,5298634.0,
EBLINK R,5298634.0,5298944 312
ESACC R,5298600.0,5299036 438 1049.0 632.9 942.8 549.9 3.65 1453
SFIX R,5299038.0,
EFIX R,5299038.0,5299120 84 942.4 557.5 1989
SSACC R,5299122.0,
ESACC R,5299122.0,5299142 22 946.7 564.3 1017.8 558.4 1.93 167
SFIX R,5299144.0,
EFIX R,5299144.0,5299336 194 1001.0 589.9 1923
SSACC R,5299338.0,
ESACC R,5299338.0,5299364 28 994.3 609.5 942.3 609.6 1.41 159
SFIX R,5299366.0,
EFIX R,5299366.0,5299560 196 946.9 618.3 1705
SSACC R,5299562.0,
ESACC R,5299562.0,5299580 20 965.1 601.0 1032.1 579.5 1.91 150
SFIX R,5299582.0,
EFIX R,5299582.0,5299710 130 1052.8 572.3 1754
SSACC R,5299712.0,
ESACC R,5299712.0,5299732 22 1060.2 569.9 999.7 574.0 1.64 126
SFIX R,5299734.0,
EFIX R,5299734.0,5299938 206 1018.8 575.9 1831
SSACC R,5299940.0,
SBLINK R,5300054.0,
EBLINK R,5300054.0,5301582 1530
ESACC R,5299940.0,5301590 1652 1027.4 555.6 1089.0 512.8 2.03 598
SFIX R,5301592.0,
EFIX R,5301592.0,5301950 360 1021.0 661.9 1665
SSACC R,5301952.0,
SBLINK R,5301982.0,
EBLINK R,5301982.0,5302182 202
ESACC R,5301952.0,5302238 288 1025.8 653.3 955.1 521.6 4.05 337
SFIX R,5302240.0,
EFIX R,5302240.0,5302710 472 996.6 550.0 1302
SSACC R,5302712.0,
SBLINK R,5302740.0,
EBLINK R,5302740.0,5302900 162
ESACC R,5302712.0,5302928 218 1015.8 556.7 1191.4 534.4 4.77 407
SFIX R,5302930.0,
EFIX R,5302930.0,5303136 208 1176.8 617.1 1336
SSACC R,5303138.0,
ESACC R,5303138.0,5303194 58 1184.4 619.8 1661.1 723.9 12.46 321
SFIX R,5303196.0,
EFIX R,5303196.0,5303336 142 1675.4 718.9 1426
SSACC R,5303338.0,
ESACC R,5303338.0,5303392 56 1675.7 724.1 1018.7 593.9 17.17 532
SFIX R,5303394.0,
EFIX R,5303394.0,5303630 238 1015.0 589.9 1496
SSACC R,5303632.0,
ESACC R,5303632.0,5303658 28 1013.3 600.1 1003.2 543.6 1.56 206
SFIX R,5303660.0,
EFIX R,5303660.0,5304450 792 996.1 537.5 1634
SSACC R,5304452.0,
ESACC R,5304452.0,5304468 18 993.0 543.0 1039.0 536.2 1.26 127
SFIX R,5304470.0,
EFIX R,5304470.0,5304906 438 1032.9 541.8 1687
SSACC R,5304908.0,
ESACC R,5304908.0,5304942 36 1038.0 551.5 932.8 537.8 2.88 217
SFIX R,5304944.0,
EFIX R,5304944.0,5305064 122 941.7 541.0 1802
SSACC R,5305066.0,
ESACC R,5305066.0,5305086 22 940.2 536.9 992.6 527.4 1.44 146
SFIX R,5305088.0,
EFIX R,5305088.0,5306302 1216 977.9 545.0 1806
SSACC R,5306304.0,
ESACC R,5306304.0,5306314 12 982.9 558.4 1008.3 550.3 0.72 74
SFIX R,5306316.0,
EFIX R,5306316.0,5309054 2740 998.9 554.1 1869
SSACC R,5309056.0,
ESACC R,5309056.0,5309088 34 987.8 556.3 964.8 516.0 1.26 71
SFIX R,5309090.0,
EFIX R,5309090.0,5309284 196 967.5 522.6 2002
SSACC R,5309286.0,
ESACC R,5309286.0,5309306 22 967.0 524.2 1009.5 536.4 1.20 117
SFIX R,5309308.0,
EFIX R,5309308.0,5310184 878 1007.9 539.7 1982
SSACC R,5310186.0,
SBLINK R,5310220.0,
EBLINK R,5310220.0,5310358 140
ESACC R,5310186.0,5310398 214 1008.7 543.0 1050.9 426.8 3.35 1713
SFIX R,5310400.0,
EFIX R,5310400.0,5310664 266 1022.0 518.6 2073
SSACC R,5310666.0,
ESACC R,5310666.0,5310692 28 1018.2 532.1 975.7 548.3 1.23 148
SFIX R,5310694.0,
EFIX R,5310694.0,5311762 1070 964.4 557.0 1776
SSACC R,5311764.0,
ESACC R,5311764.0,5311774 12 964.4 564.0 987.6 552.8 0.70 75
SFIX R,5311776.0,
EFIX R,5311776.0,5313086 1312 980.2 559.9 1856
SSACC R,5313088.0,
ESACC R,5313088.0,5313096 10 982.6 554.4 986.8 538.4 0.45 59
SFIX R,5313098.0,
EFIX R,5313098.0,5313400 304 985.6 541.5 1892
SSACC R,5313402.0,
ESACC R,5313402.0,5313416 16 986.0 543.7 965.8 548.1 0.56 52
SFIX R,5313418.0,
EFIX R,5313418.0,5313578 162 964.5 544.2 1915
SSACC R,5313580.0,
ESACC R,5313580.0,5313606 28 966.3 544.2 1008.6 544.9 1.15 168
SFIX R,5313608.0,
EFIX R,5313608.0,5313790 184 1010.1 543.4 1891
SSACC R,5313792.0,
ESACC R,5313792.0,5313812 22 1010.6 541.4 966.0 531.7 1.24 124
SFIX R,5313814.0,
EFIX R,5313814.0,5314090 278 973.7 526.0 1800
SSACC R,5314092.0,
ESACC R,5314092.0,5314110 20 969.2 521.3 1018.0 531.8 1.35 127
SFIX R,5314112.0,
EFIX R,5314112.0,5314280 170 1007.1 536.5 1753
SSACC R,5314282.0,
ESACC R,5314282.0,5314308 28 1008.2 535.5 976.6 534.8 0.86 132
SFIX R,5314310.0,
EFIX R,5314310.0,5314586 278 976.1 535.7 1719
SSACC R,5314588.0,
ESACC R,5314588.0,5314606 20 983.2 540.8 1050.9 535.9 1.84 174
SFIX R,5314608.0,
EFIX R,5314608.0,5314788 182 1053.2 543.3 1710
SSACC R,5314790.0,
ESACC R,5314790.0,5314818 30 1057.7 545.0 1007.2 535.2 1.39 167
SFIX R,5314820.0,
EFIX R,5314820.0,5314862 44 1001.4 535.0 1738
SSACC R,5314864.0,
SBLINK R,5314894.0,
EBLINK R,5314894.0,5315048 156
ESACC R,5314864.0,5315088 226 1003.8 538.1 1028.2 444.4 2.62 2018
SFIX R,5315090.0,
EFIX R,5315090.0,5315404 316 1014.9 536.9 1820
SSACC R,5315406.0,
ESACC R,5315406.0,5315436 32 1020.8 550.3 987.5 543.2 0.92 178
SFIX R,5315438.0,
EFIX R,5315438.0,5315654 218 977.1 546.0 1634
SSACC R,5315656.0,
ESACC R,5315656.0,5315676 22 975.6 543.3 1006.0 550.5 0.85 103
SFIX R,5315678.0,
EFIX R,5315678.0,5315900 224 996.4 553.6 1439
SSACC R,5315902.0,
ESACC R,5315902.0,5316004 104 990.5 560.7 262.6 1055.2 22.44 368
SFIX R,5316006.0,
EFIX R,5316006.0,5316128 124 253.2 1060.8 1585
SSACC R,5316130.0,
ESACC R,5316130.0,5316214 86 258.7 1051.5 1049.1 640.8 22.64 583
SFIX R,5316216.0,
EFIX R,5316216.0,5316334 120 1039.0 633.1 1608
SSACC R,5316336.0,
ESACC R,5316336.0,5316358 24 1029.8 635.6 989.9 551.7 2.51 235
SFIX R,5316360.0,
EFIX R,5316360.0,5316522 164 980.7 559.3 1438
SSACC R,5316524.0,
SBLINK R,5316562.0,
EBLINK R,5316562.0,5316730 170
ESACC R,5316524.0,5316754 232 977.9 565.5 991.2 475.8 2.46 1110
SFIX R,5316756.0,
EFIX R,5316756.0,5316776 22 983.9 492.8 1612
SSACC R,5316778.0,
ESACC R,5316778.0,5316788 12 978.8 513.7 974.3 547.8 0.93 95
SFIX R,5316790.0,
MSG,5316947.0,STORY_2_END
EFIX R,5316790.0,5317200 412 981.8 550.8 1671
SSACC R,5317202.0,
ESACC R,5317202.0,5317222 22 986.2 546.5 996.7 480.7 1.81 169
SFIX R,5317224.0,
EFIX R,5317224.0,5317378 156 984.2 483.8 1531
SSACC R,5317380.0,
ESACC R,5317380.0,5317422 44 980.6 477.5 738.8 444.2 6.58 331
SFIX R,5317424.0,
EFIX R,5317424.0,5317614 192 743.3 446.5 1484
SSACC R,5317616.0,
ESACC R,5317616.0,5317620 6 738.0 439.2 740.5 446.0 0.20 48
SFIX R,5317622.0,
EFIX R,5317622.0,5317720 100 740.9 448.9 1475
SSACC R,5317722.0,
ESACC R,5317722.0,5317764 44 739.2 449.8 1121.9 456.8 10.29 492
SFIX R,5317766.0,
EFIX R,5317766.0,5318060 296 1121.3 462.1 1454
SSACC R,5318062.0,
ESACC R,5318062.0,5318086 26 1125.2 468.7 1213.7 508.2 2.60 186
SFIX R,5318088.0,
EFIX R,5318088.0,5318176 90 1223.8 532.2 1489
SSACC R,5318178.0,
ESACC R,5318178.0,5318202 26 1223.4 537.6 1098.7 614.5 3.94 365
SFIX R,5318204.0,
EFIX R,5318204.0,5318336 134 1087.0 619.7 1554
SSACC R,5318338.0,
ESACC R,5318338.0,5318384 48 1085.4 622.8 759.4 627.2 8.79 414
SFIX R,5318386.0,
EFIX R,5318386.0,5318554 170 764.0 625.9 1580
SSACC R,5318556.0,
ESACC R,5318556.0,5318594 40 764.4 622.2 899.0 622.9 3.63 263
SFIX R,5318596.0,
EFIX R,5318596.0,5318706 112 897.3 627.4 1621
SSACC R,5318708.0,
ESACC R,5318708.0,5318738 32 902.6 625.3 941.9 504.7 3.44 299
SFIX R,5318740.0,
EFIX R,5318740.0,5319030 292 935.5 503.4 1627
SSACC R,5319032.0,
ESACC R,5319032.0,5319094 64 939.8 502.7 1155.9 508.5 5.83 194
SFIX R,5319096.0,
EFIX R,5319096.0,5319418 324 1148.5 510.4 1622
SSACC R,5319420.0,
ESACC R,5319420.0,5319442 24 1148.7 505.8 1059.9 510.3 2.40 231
SFIX R,5319444.0,
EFIX R,5319444.0,5319648 206 1055.3 505.1 1681
SSACC R,5319650.0,
SBLINK R,5319680.0,
EBLINK R,5319680.0,5319848 170
ESACC R,5319650.0,5319880 232 1052.4 511.5 970.0 565.9 2.68 2731
SFIX R,5319882.0,
EFIX R,5319882.0,5320034 154 953.4 632.0 1698
SSACC R,5320036.0,
ESACC R,5320036.0,5320066 32 953.2 640.5 773.2 624.8 4.88 316
SFIX R,5320068.0,
EFIX R,5320068.0,5320380 314 777.3 621.9 1723
SSACC R,5320382.0,
ESACC R,5320382.0,5320434 54 771.2 622.2 1093.0 614.3 8.68 350
SFIX R,5320436.0,
EFIX R,5320436.0,5320850 416 1101.3 608.8 1582
SSACC R,5320852.0,
ESACC R,5320852.0,5320890 40 1102.4 614.3 1296.6 632.0 5.21 291
SFIX R,5320892.0,
EFIX R,5320892.0,5321256 366 1288.4 639.7 1678
SSACC R,5321258.0,
SBLINK R,5321304.0,
EBLINK R,5321304.0,5339738 18436
ESACC R,5321258.0,5339738 18482 1289.2 647.8 1367.0 482.6 4.86 463
END,5339739.0,SAMPLES EVENTS RES 43.24 39.85
