event_type,timestamp,detail
MSG,8503571.0,!CAL
MSG,8503571.0,!CAL Calibration points:
MSG,8503571.0,"!CAL -21.7, -26.5 -0, -0"
MSG,8503571.0,"!CAL -22.6, -34.4 -0, -3183"
MSG,8503571.0,"!CAL -21.3, -18.9 -0, 3183"
MSG,8503571.0,"!CAL -40.7, -25.9 -6000, -0"
MSG,8503571.0,"!CAL -2.4, -26.3 6000, -0"
MSG,8503571.0,"!CAL 0.0, 0.0 0, 0"
MSG,8503571.0,"!CAL eye check box: (L,R,T,B)"
MSG,8503571.0,"!CAL href cal range: (L,R,T,B)"
MSG,8503571.0,"!CAL Cal coeff:(X=a+bx+cy+dxx+eyy,Y=f+gx+goaly+ixx+jyy)"
MSG,8503571.0,"!CAL Prenormalize: offx, offy = -21.74 -26.504"
MSG,8503571.0,!CAL Gains: cx:307.605 lx:313.149 rx:303.956
MSG,8503571.0,!CAL Gains: cy:485.330 ty:433.153 by:520.175
MSG,8503571.0,"!CAL Resolution (upd) at screen center: X=0.9, Y=0.5"
MSG,8503571.0,!CAL Gain Change Proportion: X: 0.030 Y: 0.201
MSG,8503571.0,!CAL Gain Ratio (Gy/Gx) = 1.578
MSG,8503571.0,"!CAL PCR gain ratio(x,y) = 2.213, 1.716"
MSG,8503571.0,"!CAL CR gain match(x,y) = 1.010, 1.010"
MSG,8503571.0,!CAL Slip rotation correction OFF
MSG,8503571.0,!CAL CALIBRATION HV5 R RIGHT GOOD
MSG,8512936.0,"!CAL VALIDATION HV5 R RIGHT GOOD ERROR 0.38 avg. 0.60 max OFFSET 0.20 deg. -7.5,0.7 pix."
MSG,8512936.0,"VALIDATE R 4POINT 0 RIGHT at 960,540 OFFSET 0.36 deg. -13.9,0.2 pix."
MSG,8512936.0,"VALIDATE R 4POINT 1 RIGHT at 960,92 OFFSET 0.40 deg. 6.0,14.2 pix."
MSG,8512936.0,"VALIDATE R 4POINT 2 RIGHT at 960,988 OFFSET 0.04 deg. -0.9,-1.2 pix."
MSG,8512936.0,"VALIDATE R 4POINT 3 RIGHT at 115,540 OFFSET 0.60 deg. 5.0,-22.2 pix."
MSG,8512936.0,"VALIDATE R 4POINT 4 RIGHT at 1805,540 OFFSET 0.54 deg. -14.8,14.3 pix."
MSG,8522659.0,NO Reply is disabled for function eyelink_cal_result
MSG,8598515.0,ALL_STORY_START
MSG,8598520.0,RECCFG CR 500 2 0 R
MSG,8598520.0,ELCLCFG MTABLER
MSG,8598520.0,GAZE_COORDS 0.00 0.00 1920.00 1080.00
MSG,8598520.0,THRESHOLDS R 56 181
MSG,8598520.0,ELCL_WINDOW_SIZES 176 188 0 0
MSG,8598520.0,CAMERA_LENS_FOCAL_LENGTH 38.00
MSG,8598520.0,PUPIL_DATA_TYPE RAW_AUTOSLIP
MSG,8598520.0,ELCL_PROC ELLIPSE (5)
MSG,8598520.0,ELCL_EFIT_PARAMS 1.01 4.00 0.15 0.05 0.65 0.65 0.00 0.00 0.30
START,8598521.0,RIGHT SAMPLES EVENTS
MSG,8598521.0,!MODE RECORD CR 500 2 0 R
SFIX R,8598525.0,
EFIX R,8598525.0,8598619 96 941.6 532.4 2148
SSACC R,8598621.0,
ESACC R,8598621.0,8598643 24 941.2 529.7 838.8 524.4 2.78 207
SFIX R,8598645.0,
EFIX R,8598645.0,8599075 432 811.0 527.1 2168
SSACC R,8599077.0,
ESACC R,8599077.0,8599113 38 810.5 522.9 973.4 438.9 4.96 207
SFIX R,8599115.0,
EFIX R,8599115.0,8599295 182 971.8 440.6 2177
SSACC R,8599297.0,
ESACC R,8599297.0,8599311 16 964.1 444.9 942.4 470.3 0.91 80
SFIX R,8599313.0,
EFIX R,8599313.0,8599667 356 940.0 480.0 2182
SSACC R,8599669.0,
ESACC R,8599669.0,8599675 8 938.4 479.8 948.6 483.2 0.29 46
SFIX R,8599677.0,
EFIX R,8599677.0,8603645 3970 949.8 493.6 2044
SSACC R,8603647.0,
SBLINK R,8603671.0,
EBLINK R,8603671.0,8603735 66
ESACC R,8603647.0,8603803 158 948.6 480.0 953.1 487.9 0.25 2197
SFIX R,8603805.0,
EFIX R,8603805.0,8611495 7692 936.5 513.1 1751
SSACC R,8611497.0,
SBLINK R,8611525.0,
EBLINK R,8611525.0,8611565 42
ESACC R,8611497.0,8611627 132 939.6 483.4 949.9 490.4 0.34 1671
SFIX R,8611629.0,
EFIX R,8611629.0,8618847 7220 936.0 491.2 1958
SSACC R,8618849.0,
SBLINK R,8618875.0,
EBLINK R,8618875.0,8618915 42
ESACC R,8618849.0,8618983 136 933.8 482.5 940.7 490.2 0.28 1931
SFIX R,8618985.0,
EFIX R,8618985.0,8623059 4076 946.2 506.6 1850
SSACC R,8623061.0,
ESACC R,8623061.0,8623071 12 931.5 486.9 955.5 488.1 0.65 70
SFIX R,8623073.0,
EFIX R,8623073.0,8623245 174 946.7 483.8 1965
SSACC R,8623247.0,
SBLINK R,8623273.0,
EBLINK R,8623273.0,8623321 50
ESACC R,8623247.0,8623389 144 949.1 475.0 934.5 479.3 0.41 1716
SFIX R,8623391.0,
EFIX R,8623391.0,8623853 464 931.4 502.4 1897
SSACC R,8623855.0,
ESACC R,8623855.0,8623861 8 935.8 513.8 949.9 513.1 0.38 60
SFIX R,8623863.0,
EFIX R,8623863.0,8625321 1460 946.1 517.7 1644
SSACC R,8625323.0,
ESACC R,8625323.0,8625337 16 949.2 497.2 934.8 495.0 0.39 70
SFIX R,8625339.0,
EFIX R,8625339.0,8625809 472 940.9 491.3 1822
SSACC R,8625811.0,
ESACC R,8625811.0,8625815 6 938.3 492.3 929.2 492.1 0.25 49
SFIX R,8625817.0,
EFIX R,8625817.0,8628203 2388 933.5 515.6 1762
SSACC R,8628205.0,
SBLINK R,8628235.0,
EBLINK R,8628235.0,8628287 54
ESACC R,8628205.0,8628341 138 943.9 514.2 965.0 524.8 0.64 1608
SFIX R,8628343.0,
EFIX R,8628343.0,8628507 166 963.3 534.0 1609
SSACC R,8628509.0,
ESACC R,8628509.0,8628521 14 959.3 547.5 932.4 539.1 0.76 74
SFIX R,8628523.0,
EFIX R,8628523.0,8631001 2480 935.9 533.1 1384
SSACC R,8631003.0,
ESACC R,8631003.0,8631041 40 940.5 511.4 915.9 511.9 0.67 95
SFIX R,8631043.0,
EFIX R,8631043.0,8631163 122 915.5 516.4 1742
SSACC R,8631165.0,
ESACC R,8631165.0,8631171 8 916.6 521.0 929.9 520.3 0.36 59
SFIX R,8631173.0,
EFIX R,8631173.0,8631507 336 933.1 522.2 1707
SSACC R,8631509.0,
SBLINK R,8631535.0,
EBLINK R,8631535.0,8631617 84
ESACC R,8631509.0,8631685 178 940.6 502.3 961.0 482.7 0.77 2151
SFIX R,8631687.0,
EFIX R,8631687.0,8635629 3944 942.9 513.0 1865
SSACC R,8635631.0,
ESACC R,8635631.0,8635647 18 934.0 486.5 975.7 488.1 1.13 114
SFIX R,8635649.0,
EFIX R,8635649.0,8635807 160 962.4 485.7 2004
SSACC R,8635809.0,
ESACC R,8635809.0,8635819 12 960.6 482.3 935.5 485.7 0.69 73
SFIX R,8635821.0,
EFIX R,8635821.0,8636213 394 938.3 486.0 2003
SSACC R,8636215.0,
SBLINK R,8636239.0,
EBLINK R,8636239.0,8636313 76
ESACC R,8636215.0,8636369 156 933.7 472.7 945.6 474.6 0.33 2003
SFIX R,8636371.0,
EFIX R,8636371.0,8636555 186 935.9 468.2 1990
SSACC R,8636557.0,
ESACC R,8636557.0,8636571 16 932.8 468.1 918.6 480.8 0.52 66
SFIX R,8636573.0,
EFIX R,8636573.0,8637907 1336 927.9 511.3 1867
SSACC R,8637909.0,
ESACC R,8637909.0,8637929 22 938.1 507.2 964.2 506.9 0.71 97
SFIX R,8637931.0,
EFIX R,8637931.0,8638071 142 954.2 508.6 1952
SSACC R,8638073.0,
ESACC R,8638073.0,8638087 16 949.1 506.4 935.4 509.5 0.38 67
SFIX R,8638089.0,
EFIX R,8638089.0,8638971 884 930.6 499.9 1988
SSACC R,8638973.0,
SBLINK R,8639023.0,
EBLINK R,8639023.0,8639089 68
ESACC R,8638973.0,8639139 168 929.4 488.8 1006.4 519.4 2.25 980
SFIX R,8639141.0,
EFIX R,8639141.0,8639271 132 1004.0 493.7 2128
SSACC R,8639273.0,
ESACC R,8639273.0,8639291 20 1004.4 493.2 954.4 497.7 1.36 132
SFIX R,8639293.0,
EFIX R,8639293.0,8639563 272 955.4 516.2 2142
SSACC R,8639565.0,
SBLINK R,8639615.0,
EBLINK R,8639615.0,8639693 80
ESACC R,8639565.0,8639751 188 956.4 509.5 962.4 502.0 0.26 1546
SFIX R,8639753.0,
EFIX R,8639753.0,8639965 214 960.0 508.3 2155
SSACC R,8639967.0,
ESACC R,8639967.0,8639971 6 952.4 509.1 960.9 505.6 0.25 52
SFIX R,8639973.0,
EFIX R,8639973.0,8641167 1196 964.3 513.3 2165
SSACC R,8641169.0,
ESACC R,8641169.0,8641189 22 964.1 501.4 935.1 499.9 0.79 103
SFIX R,8641191.0,
EFIX R,8641191.0,8641565 376 950.5 493.2 2238
SSACC R,8641567.0,
ESACC R,8641567.0,8641591 26 951.5 485.7 1048.1 505.0 2.67 239
SFIX R,8641593.0,
EFIX R,8641593.0,8641711 120 1044.5 505.9 2243
SSACC R,8641713.0,
ESACC R,8641713.0,8641729 18 1041.9 503.0 987.6 492.9 1.50 143
SFIX R,8641731.0,
EFIX R,8641731.0,8643037 1308 963.0 495.5 2214
SSACC R,8643039.0,
SBLINK R,8643067.0,
EBLINK R,8643067.0,8643239 174
ESACC R,8643039.0,8643299 262 968.8 488.0 995.7 479.6 0.76 1831
SFIX R,8643301.0,
EFIX R,8643301.0,8643425 126 998.1 479.0 2218
SSACC R,8643427.0,
ESACC R,8643427.0,8643439 14 998.4 477.6 973.0 485.4 0.72 71
SFIX R,8643441.0,
EFIX R,8643441.0,8645413 1974 977.1 499.7 2097
SSACC R,8645415.0,
ESACC R,8645415.0,8645423 10 964.1 505.7 982.9 511.9 0.54 65
SFIX R,8645425.0,
EFIX R,8645425.0,8645581 158 980.0 512.0 1983
SSACC R,8645583.0,
ESACC R,8645583.0,8645589 8 975.4 509.0 962.2 505.9 0.37 56
SFIX R,8645591.0,
EFIX R,8645591.0,8646345 756 965.3 505.6 1999
SSACC R,8646347.0,
ESACC R,8646347.0,8646351 6 961.6 499.3 970.0 499.7 0.23 51
SFIX R,8646353.0,
EFIX R,8646353.0,8646603 252 973.3 504.7 2048
SSACC R,8646605.0,
ESACC R,8646605.0,8646621 18 973.0 507.2 963.3 505.1 0.27 56
SFIX R,8646623.0,
EFIX R,8646623.0,8647681 1060 967.4 508.0 2006
SSACC R,8647683.0,
SBLINK R,8647707.0,
EBLINK R,8647707.0,8647779 74
ESACC R,8647683.0,8647829 148 959.0 507.7 962.8 506.7 0.11 1619
SFIX R,8647831.0,
EFIX R,8647831.0,8652771 4942 946.6 522.7 1639
SSACC R,8652773.0,
SBLINK R,8652807.0,
EBLINK R,8652807.0,8652853 48
ESACC R,8652773.0,8652907 136 953.6 523.3 955.6 529.8 0.18 1646
SFIX R,8652909.0,
EFIX R,8652909.0,8653193 286 952.8 539.1 1703
SSACC R,8653195.0,
ESACC R,8653195.0,8653199 6 949.7 549.5 940.5 545.0 0.28 59
SFIX R,8653201.0,
EFIX R,8653201.0,8657117 3918 927.4 522.8 1606
SSACC R,8657119.0,
SBLINK R,8657143.0,
EBLINK R,8657143.0,8657219 78
ESACC R,8657119.0,8657275 158 920.4 512.3 927.8 547.3 0.97 1778
SFIX R,8657277.0,
EFIX R,8657277.0,8663575 6300 925.8 526.5 1656
SSACC R,8663577.0,
ESACC R,8663577.0,8663605 30 934.1 496.8 935.9 500.5 0.11 108
SFIX R,8663607.0,
EFIX R,8663607.0,8663893 288 945.3 516.9 1744
SSACC R,8663895.0,
SBLINK R,8663921.0,
EBLINK R,8663921.0,8663985 66
ESACC R,8663895.0,8664033 140 951.1 510.7 946.3 525.7 0.43 1827
SFIX R,8664035.0,
EFIX R,8664035.0,8666039 2006 937.5 512.4 1688
SSACC R,8666041.0,
ESACC R,8666041.0,8666059 20 926.8 501.3 924.7 501.6 0.06 60
SFIX R,8666061.0,
EFIX R,8666061.0,8668115 2056 929.1 503.1 1871
SSACC R,8668117.0,
ESACC R,8668117.0,8668133 18 920.2 490.0 959.6 492.3 1.07 104
SFIX R,8668135.0,
EFIX R,8668135.0,8668247 114 954.4 487.7 1884
SSACC R,8668249.0,
ESACC R,8668249.0,8668263 16 954.8 488.9 922.6 490.5 0.87 83
SFIX R,8668265.0,
EFIX R,8668265.0,8669619 1356 916.0 519.5 1694
SSACC R,8669621.0,
SBLINK R,8669647.0,
EBLINK R,8669647.0,8669697 52
ESACC R,8669621.0,8669757 138 910.1 549.9 914.6 538.5 0.33 1826
SFIX R,8669759.0,
EFIX R,8669759.0,8675087 5330 925.1 522.9 1603
SSACC R,8675089.0,
ESACC R,8675089.0,8675109 22 934.4 496.9 1003.9 490.7 1.89 174
SFIX R,8675111.0,
EFIX R,8675111.0,8675179 70 992.7 490.2 1718
SSACC R,8675181.0,
ESACC R,8675181.0,8675201 22 991.1 492.2 913.9 490.8 2.09 203
SFIX R,8675203.0,
EFIX R,8675203.0,8675245 44 921.7 489.8 1739
SSACC R,8675247.0,
ESACC R,8675247.0,8675269 24 921.0 488.7 1011.7 488.3 2.46 212
SFIX R,8675271.0,
EFIX R,8675271.0,8675403 134 1001.6 483.1 1763
SSACC R,8675405.0,
ESACC R,8675405.0,8675421 18 997.6 481.0 952.4 488.4 1.24 124
SFIX R,8675423.0,
EFIX R,8675423.0,8677357 1936 939.7 514.2 1759
SSACC R,8677359.0,
SBLINK R,8677393.0,
EBLINK R,8677393.0,8677401 10
ESACC R,8677359.0,8677461 104 937.3 510.2 916.5 507.9 0.57 1649
SFIX R,8677463.0,
EFIX R,8677463.0,8677841 380 913.8 520.9 1772
SSACC R,8677843.0,
ESACC R,8677843.0,8677855 14 918.7 536.6 948.2 535.4 0.80 76
SFIX R,8677857.0,
EFIX R,8677857.0,8679379 1524 920.9 532.6 1657
SSACC R,8679381.0,
ESACC R,8679381.0,8679397 18 913.1 516.0 902.9 517.2 0.28 73
SFIX R,8679399.0,
EFIX R,8679399.0,8680113 716 910.9 525.4 1750
SSACC R,8680115.0,
ESACC R,8680115.0,8680125 12 896.9 531.1 912.5 531.0 0.42 62
SFIX R,8680127.0,
EFIX R,8680127.0,8680971 846 919.9 529.6 1713
SSACC R,8680973.0,
ESACC R,8680973.0,8680977 6 915.0 522.0 925.8 522.5 0.29 59
SFIX R,8680979.0,
EFIX R,8680979.0,8685725 4748 912.3 518.4 1641
SSACC R,8685727.0,
SBLINK R,8685757.0,
EBLINK R,8685757.0,8685783 28
ESACC R,8685727.0,8685849 124 920.7 521.8 920.0 502.3 0.53 2078
SFIX R,8685851.0,
EFIX R,8685851.0,8686823 974 924.8 545.8 1485
SSACC R,8686825.0,
SBLINK R,8686835.0,
EBLINK R,8686835.0,8686835 2
ESACC R,8686825.0,8686843 20 920.7 521.8 920.0 502.3 0.53 0
SFIX R,8686845.0,
EFIX R,8686845.0,8688077 1234 917.0 564.6 1260
SSACC R,8688079.0,
ESACC R,8688079.0,8688099 22 912.6 542.9 959.6 536.3 1.29 120
SFIX R,8688101.0,
EFIX R,8688101.0,8688213 114 948.1 530.8 1438
SSACC R,8688215.0,
ESACC R,8688215.0,8688231 18 947.3 526.9 906.3 533.6 1.13 105
SFIX R,8688233.0,
EFIX R,8688233.0,8689665 1434 911.0 537.8 1439
SSACC R,8689667.0,
ESACC R,8689667.0,8689685 20 917.1 517.5 942.6 521.1 0.70 97
SFIX R,8689687.0,
EFIX R,8689687.0,8689767 82 936.4 521.5 1465
SSACC R,8689769.0,
ESACC R,8689769.0,8689787 20 934.8 521.7 889.8 528.9 1.24 133
SFIX R,8689789.0,
EFIX R,8689789.0,8689835 48 894.4 527.1 1475
SSACC R,8689837.0,
ESACC R,8689837.0,8689859 24 891.1 528.2 967.2 520.1 2.07 198
SFIX R,8689861.0,
EFIX R,8689861.0,8689987 128 960.4 522.6 1493
SSACC R,8689989.0,
ESACC R,8689989.0,8690001 14 956.5 517.7 923.1 524.6 0.92 89
SFIX R,8690003.0,
EFIX R,8690003.0,8690093 92 919.8 522.3 1529
SSACC R,8690095.0,
ESACC R,8690095.0,8690099 6 918.2 520.3 906.5 521.4 0.32 66
SFIX R,8690101.0,
EFIX R,8690101.0,8690563 464 903.0 531.0 1530
SSACC R,8690565.0,
SBLINK R,8690593.0,
EBLINK R,8690593.0,8690653 62
ESACC R,8690565.0,8690711 148 916.8 540.0 918.2 509.0 0.84 1987
SFIX R,8690713.0,
EFIX R,8690713.0,8693739 3028 919.9 522.3 1462
SSACC R,8693741.0,
ESACC R,8693741.0,8693749 10 918.0 533.0 937.9 530.4 0.54 64
SFIX R,8693751.0,
EFIX R,8693751.0,8693931 182 939.1 533.7 1452
SSACC R,8693933.0,
ESACC R,8693933.0,8693947 16 935.0 534.0 918.8 535.6 0.44 67
SFIX R,8693949.0,
EFIX R,8693949.0,8694487 540 917.8 533.6 1416
SSACC R,8694489.0,
ESACC R,8694489.0,8694497 10 911.4 543.8 926.9 541.5 0.42 51
SFIX R,8694499.0,
EFIX R,8694499.0,8695363 866 920.6 548.4 1301
SSACC R,8695365.0,
ESACC R,8695365.0,8695383 20 916.2 547.6 920.6 543.7 0.16 76
SFIX R,8695385.0,
EFIX R,8695385.0,8695767 384 924.6 538.9 1320
SSACC R,8695769.0,
ESACC R,8695769.0,8695779 12 922.0 535.9 899.6 541.8 0.63 72
SFIX R,8695781.0,
EFIX R,8695781.0,8696283 504 917.5 535.6 1394
SSACC R,8696285.0,
SBLINK R,8696315.0,
EBLINK R,8696315.0,8696333 20
ESACC R,8696285.0,8696383 100 929.4 535.8 937.0 543.7 0.30 1625
SFIX R,8696385.0,
EFIX R,8696385.0,8699865 3482 915.9 540.5 1334
SSACC R,8699867.0,
ESACC R,8699867.0,8699911 46 905.9 561.0 633.0 614.3 7.45 306
SFIX R,8699913.0,
EFIX R,8699913.0,8700025 114 611.6 624.3 1145
SSACC R,8700027.0,
ESACC R,8700027.0,8700065 40 615.3 618.9 915.6 553.3 8.22 467
SFIX R,8700067.0,
EFIX R,8700067.0,8700991 926 907.6 548.3 1161
SSACC R,8700993.0,
ESACC R,8700993.0,8701011 20 897.5 545.8 899.2 548.6 0.09 71
SFIX R,8701013.0,
EFIX R,8701013.0,8701205 194 888.7 548.4 1281
SSACC R,8701207.0,
SBLINK R,8701229.0,
EBLINK R,8701229.0,8701291 64
ESACC R,8701207.0,8701341 136 890.0 549.2 911.5 526.0 0.86 1437
SFIX R,8701343.0,
EFIX R,8701343.0,8708389 7048 911.0 530.3 1265
SSACC R,8708391.0,
ESACC R,8708391.0,8708409 20 902.7 533.6 917.7 544.9 0.51 84
SFIX R,8708411.0,
EFIX R,8708411.0,8710467 2058 896.2 539.6 1029
SSACC R,8710469.0,
SBLINK R,8710497.0,
EBLINK R,8710497.0,8710527 32
ESACC R,8710469.0,8710559 92 893.8 520.3 897.0 518.9 0.09 1708
SFIX R,8710561.0,
EFIX R,8710561.0,8713039 2480 899.4 518.8 1260
SSACC R,8713041.0,
SBLINK R,8713067.0,
EBLINK R,8713067.0,8713121 56
ESACC R,8713041.0,8713177 138 926.3 501.1 941.4 483.4 0.63 1902
SFIX R,8713179.0,
EFIX R,8713179.0,8713345 168 934.0 486.4 1492
SSACC R,8713347.0,
ESACC R,8713347.0,8713353 8 925.3 506.8 912.6 511.4 0.37 54
SFIX R,8713355.0,
EFIX R,8713355.0,8714513 1160 904.8 535.4 1363
SSACC R,8714515.0,
ESACC R,8714515.0,8714533 20 899.3 534.1 901.0 533.1 0.05 62
SFIX R,8714535.0,
EFIX R,8714535.0,8715001 468 903.8 535.9 1370
SSACC R,8715003.0,
ESACC R,8715003.0,8715017 16 906.2 535.8 911.2 532.9 0.16 54
SFIX R,8715019.0,
EFIX R,8715019.0,8717933 2916 899.6 533.7 1283
SSACC R,8717935.0,
ESACC R,8717935.0,8717999 66 906.2 526.5 923.4 533.7 0.51 1038
SFIX R,8718001.0,
EFIX R,8718001.0,8718107 108 910.8 549.0 1104
SSACC R,8718109.0,
SBLINK R,8718141.0,
EBLINK R,8718141.0,8718211 72
ESACC R,8718109.0,8718253 146 907.0 552.8 905.6 519.6 0.90 1415
SFIX R,8718255.0,
EFIX R,8718255.0,8720581 2328 890.3 536.9 1160
SSACC R,8720583.0,
ESACC R,8720583.0,8720597 16 879.5 527.2 888.3 519.8 0.31 52
SFIX R,8720599.0,
EFIX R,8720599.0,8722127 1530 877.1 534.2 1201
SSACC R,8722129.0,
ESACC R,8722129.0,8722167 40 872.0 549.8 869.2 540.5 0.26 90
SFIX R,8722169.0,
EFIX R,8722169.0,8722293 126 859.9 537.6 1000
SSACC R,8722295.0,
ESACC R,8722295.0,8722305 12 859.5 535.3 889.6 539.4 0.82 87
SFIX R,8722307.0,
EFIX R,8722307.0,8722947 642 890.7 538.6 1032
SSACC R,8722949.0,
SBLINK R,8722975.0,
EBLINK R,8722975.0,8723007 34
ESACC R,8722949.0,8723035 88 901.3 535.3 913.6 553.9 0.60 1627
SFIX R,8723037.0,
EFIX R,8723037.0,8723261 226 909.9 542.1 1137
SSACC R,8723263.0,
ESACC R,8723263.0,8723279 18 907.8 545.9 888.1 550.8 0.55 75
SFIX R,8723281.0,
EFIX R,8723281.0,8724465 1186 888.8 545.1 1148
SSACC R,8724467.0,
ESACC R,8724467.0,8724483 18 890.5 525.3 887.9 523.7 0.08 51
SFIX R,8724485.0,
EFIX R,8724485.0,8724823 340 894.3 521.2 1291
SSACC R,8724825.0,
ESACC R,8724825.0,8724839 16 893.3 518.7 891.3 520.1 0.07 54
SFIX R,8724841.0,
EFIX R,8724841.0,8727779 2940 881.7 537.1 945
SSACC R,8727781.0,
SBLINK R,8727809.0,
EBLINK R,8727809.0,8727839 32
ESACC R,8727781.0,8727873 94 870.3 534.2 904.7 567.1 1.29 962
SFIX R,8727875.0,
EFIX R,8727875.0,8728061 188 900.1 583.0 692
SSACC R,8728063.0,
ESACC R,8728063.0,8728077 16 900.9 573.7 865.1 559.4 1.04 98
SFIX R,8728079.0,
EFIX R,8728079.0,8730165 2088 875.6 547.2 842
SSACC R,8730167.0,
ESACC R,8730167.0,8730171 6 875.9 551.2 883.9 551.8 0.22 51
SFIX R,8730173.0,
EFIX R,8730173.0,8734181 4010 873.4 547.1 852
SSACC R,8734183.0,
SBLINK R,8734203.0,
EBLINK R,8734203.0,8734265 64
ESACC R,8734183.0,8734301 120 881.1 537.4 884.7 493.0 1.21 955
SFIX R,8734303.0,
EFIX R,8734303.0,8736835 2534 873.5 536.7 957
SSACC R,8736837.0,
ESACC R,8736837.0,8736857 22 856.9 532.0 870.6 544.3 0.50 95
SFIX R,8736859.0,
EFIX R,8736859.0,8737027 170 862.8 545.9 1188
SSACC R,8737029.0,
ESACC R,8737029.0,8737039 12 865.9 543.8 888.9 541.6 0.63 66
SFIX R,8737041.0,
EFIX R,8737041.0,8737159 120 883.0 543.6 1196
SSACC R,8737161.0,
ESACC R,8737161.0,8737181 22 882.0 548.9 838.3 542.3 1.20 124
SFIX R,8737183.0,
EFIX R,8737183.0,8737251 70 845.2 540.8 1177
SSACC R,8737253.0,
ESACC R,8737253.0,8737279 28 841.5 538.6 902.1 536.4 1.64 195
SFIX R,8737281.0,
EFIX R,8737281.0,8737385 106 907.1 535.0 1151
SSACC R,8737387.0,
ESACC R,8737387.0,8737399 14 905.1 536.6 874.6 537.1 0.83 87
SFIX R,8737401.0,
EFIX R,8737401.0,8738151 752 870.5 538.5 1053
SSACC R,8738153.0,
ESACC R,8738153.0,8738169 18 868.8 543.0 895.6 546.2 0.73 83
SFIX R,8738171.0,
EFIX R,8738171.0,8740051 1882 876.9 551.7 897
SSACC R,8740053.0,
SBLINK R,8740079.0,
EBLINK R,8740079.0,8740117 40
ESACC R,8740053.0,8740151 100 873.1 541.7 866.7 526.6 0.44 931
SFIX R,8740153.0,
EFIX R,8740153.0,8741359 1208 868.3 544.2 1017
SSACC R,8741361.0,
ESACC R,8741361.0,8741421 62 860.0 538.0 833.9 544.8 0.73 131
SFIX R,8741423.0,
EFIX R,8741423.0,8741551 130 841.8 538.9 1098
SSACC R,8741553.0,
ESACC R,8741553.0,8741569 18 843.6 534.1 887.1 533.1 1.18 110
SFIX R,8741571.0,
EFIX R,8741571.0,8743911 2342 875.0 549.9 893
SSACC R,8743913.0,
ESACC R,8743913.0,8743931 20 868.5 547.4 877.0 547.8 0.23 79
SFIX R,8743933.0,
EFIX R,8743933.0,8744549 618 873.8 536.7 949
SSACC R,8744551.0,
ESACC R,8744551.0,8744567 18 867.3 526.4 861.0 530.6 0.21 57
SFIX R,8744569.0,
EFIX R,8744569.0,8745033 466 866.9 524.6 1072
SSACC R,8745035.0,
ESACC R,8745035.0,8745039 6 866.4 523.0 878.7 526.2 0.34 60
SFIX R,8745041.0,
EFIX R,8745041.0,8745355 316 880.0 527.1 1108
SSACC R,8745357.0,
ESACC R,8745357.0,8745365 10 862.4 531.8 874.4 534.5 0.33 46
SFIX R,8745367.0,
EFIX R,8745367.0,8745535 170 878.2 532.6 1112
SSACC R,8745537.0,
SBLINK R,8745567.0,
EBLINK R,8745567.0,8745609 44
ESACC R,8745537.0,8745645 110 882.3 532.4 883.7 550.2 0.48 1671
SFIX R,8745647.0,
EFIX R,8745647.0,8746647 1002 880.8 557.9 913
SSACC R,8746649.0,
ESACC R,8746649.0,8746663 16 878.7 553.7 863.2 554.9 0.42 66
SFIX R,8746665.0,
EFIX R,8746665.0,8747679 1016 873.0 543.8 1000
SSACC R,8747681.0,
ESACC R,8747681.0,8747703 24 868.8 541.1 861.6 535.5 0.25 79
SFIX R,8747705.0,
EFIX R,8747705.0,8748261 558 856.8 532.8 1090
SSACC R,8748263.0,
ESACC R,8748263.0,8748273 12 848.6 537.1 869.1 538.3 0.56 58
SFIX R,8748275.0,
EFIX R,8748275.0,8749771 1498 862.0 557.3 1097
SSACC R,8749773.0,
ESACC R,8749773.0,8749787 16 871.2 558.9 899.2 560.2 0.76 87
SFIX R,8749789.0,
EFIX R,8749789.0,8750087 300 890.7 562.2 990
SSACC R,8750089.0,
ESACC R,8750089.0,8750127 40 891.4 565.6 899.4 556.5 0.33 77
SFIX R,8750129.0,
EFIX R,8750129.0,8752483 2356 866.9 543.8 776
SSACC R,8752485.0,
ESACC R,8752485.0,8752505 22 872.0 549.5 862.5 557.1 0.33 81
SFIX R,8752507.0,
EFIX R,8752507.0,8752607 102 860.8 557.1 930
SSACC R,8752609.0,
ESACC R,8752609.0,8752613 6 861.1 557.3 872.7 557.6 0.31 59
SFIX R,8752615.0,
EFIX R,8752615.0,8753071 458 866.2 553.0 928
SSACC R,8753073.0,
ESACC R,8753073.0,8753087 16 865.9 559.0 875.1 554.6 0.28 51
SFIX R,8753089.0,
EFIX R,8753089.0,8754619 1532 870.7 551.3 769
SSACC R,8754621.0,
SBLINK R,8754641.0,
EBLINK R,8754641.0,8754683 44
ESACC R,8754621.0,8754711 92 867.8 553.8 861.4 559.4 0.23 913
SFIX R,8754713.0,
EFIX R,8754713.0,8758573 3862 860.5 562.0 724
SSACC R,8758575.0,
SBLINK R,8758595.0,
EBLINK R,8758595.0,8758659 66
ESACC R,8758575.0,8758695 122 867.2 565.4 878.1 510.8 1.51 891
SFIX R,8758697.0,
EFIX R,8758697.0,8762195 3500 865.8 527.7 757
SSACC R,8762197.0,
ESACC R,8762197.0,8762215 20 855.7 522.1 889.0 527.4 0.91 86
SFIX R,8762217.0,
EFIX R,8762217.0,8762347 132 878.0 526.4 685
SSACC R,8762349.0,
ESACC R,8762349.0,8762359 12 875.7 527.5 851.7 532.1 0.66 73
SFIX R,8762361.0,
EFIX R,8762361.0,8763441 1082 855.8 529.1 703
SSACC R,8763443.0,
ESACC R,8763443.0,8763457 16 858.7 529.4 869.5 528.2 0.29 57
SFIX R,8763459.0,
EFIX R,8763459.0,8763977 520 864.6 532.5 821
SSACC R,8763979.0,
SBLINK R,8763999.0,
EBLINK R,8763999.0,8764065 68
ESACC R,8763979.0,8764093 116 867.4 532.6 871.3 541.1 0.25 588
SFIX R,8764095.0,
EFIX R,8764095.0,8766143 2050 860.6 547.8 805
SSACC R,8766145.0,
ESACC R,8766145.0,8766161 18 863.2 553.2 861.4 543.7 0.26 58
SFIX R,8766163.0,
EFIX R,8766163.0,8767027 866 850.0 550.8 760
SSACC R,8767029.0,
ESACC R,8767029.0,8767035 8 860.2 552.6 871.2 551.7 0.30 48
SFIX R,8767037.0,
EFIX R,8767037.0,8768093 1058 864.8 552.8 887
SSACC R,8768095.0,
SBLINK R,8768115.0,
EBLINK R,8768115.0,8768183 70
ESACC R,8768095.0,8768211 118 875.9 564.3 883.7 527.6 1.02 935
SFIX R,8768213.0,
EFIX R,8768213.0,8769937 1726 870.6 535.9 902
SSACC R,8769939.0,
ESACC R,8769939.0,8769965 28 855.1 535.7 891.7 548.0 1.05 135
SFIX R,8769967.0,
EFIX R,8769967.0,8770067 102 892.3 547.0 969
SSACC R,8770069.0,
ESACC R,8770069.0,8770087 20 890.0 545.0 845.9 539.3 1.20 129
SFIX R,8770089.0,
EFIX R,8770089.0,8770787 700 857.6 540.9 970
SSACC R,8770789.0,
ESACC R,8770789.0,8770803 16 867.6 555.4 877.4 549.7 0.31 59
SFIX R,8770805.0,
EFIX R,8770805.0,8772215 1412 871.7 549.5 925
SSACC R,8772217.0,
ESACC R,8772217.0,8772225 10 858.4 557.3 871.2 560.6 0.36 49
SFIX R,8772227.0,
EFIX R,8772227.0,8772471 246 879.4 557.6 813
SSACC R,8772473.0,
ESACC R,8772473.0,8772477 6 873.8 555.7 866.0 554.2 0.22 48
SFIX R,8772479.0,
EFIX R,8772479.0,8772901 424 859.3 553.1 780
SSACC R,8772903.0,
SBLINK R,8772923.0,
EBLINK R,8772923.0,8772985 64
ESACC R,8772903.0,8773013 112 864.0 546.0 865.9 522.2 0.65 858
SFIX R,8773015.0,
EFIX R,8773015.0,8774483 1470 862.9 544.7 737
SSACC R,8774485.0,
ESACC R,8774485.0,8774489 6 859.1 544.7 868.8 542.1 0.27 51
SFIX R,8774491.0,
EFIX R,8774491.0,8774937 448 872.2 539.9 803
SSACC R,8774939.0,
ESACC R,8774939.0,8774947 10 860.5 545.9 872.6 549.6 0.34 56
SFIX R,8774949.0,
EFIX R,8774949.0,8775305 358 871.3 556.2 900
SSACC R,8775307.0,
ESACC R,8775307.0,8775323 18 867.2 556.1 860.0 556.5 0.20 67
SFIX R,8775325.0,
EFIX R,8775325.0,8776497 1174 865.2 552.4 783
SSACC R,8776499.0,
ESACC R,8776499.0,8776507 10 848.3 538.3 856.8 539.6 0.23 58
SFIX R,8776509.0,
EFIX R,8776509.0,8776951 444 862.5 538.5 664
SSACC R,8776953.0,
ESACC R,8776953.0,8776969 18 856.0 539.4 856.0 539.4 0.00 51
SFIX R,8776971.0,
EFIX R,8776971.0,8779417 2448 852.7 538.0 660
SSACC R,8779419.0,
ESACC R,8779419.0,8779453 36 845.4 541.6 940.3 653.8 3.98 269
SFIX R,8779455.0,
EFIX R,8779455.0,8779563 110 930.1 661.9 582
SSACC R,8779565.0,
ESACC R,8779565.0,8779589 26 928.4 657.6 874.5 574.4 2.68 181
SFIX R,8779591.0,
EFIX R,8779591.0,8779853 264 870.4 544.5 560
SSACC R,8779855.0,
ESACC R,8779855.0,8779861 8 865.1 539.6 853.0 538.6 0.33 60
SFIX R,8779863.0,
EFIX R,8779863.0,8781027 1166 844.1 523.9 458
SSACC R,8781029.0,
SBLINK R,8781045.0,
EBLINK R,8781045.0,8781119 76
ESACC R,8781029.0,8781139 112 847.0 527.6 868.8 477.2 1.49 396
SFIX R,8781141.0,
EFIX R,8781141.0,8781425 286 859.6 507.2 487
SSACC R,8781427.0,
ESACC R,8781427.0,8781435 10 860.5 513.4 841.8 519.4 0.53 62
SFIX R,8781437.0,
EFIX R,8781437.0,8783509 2074 859.2 531.7 682
SSACC R,8783511.0,
SBLINK R,8783529.0,
EBLINK R,8783529.0,8783597 70
ESACC R,8783511.0,8783627 118 869.9 543.1 867.5 518.7 0.66 781
SFIX R,8783629.0,
EFIX R,8783629.0,8787379 3752 851.9 527.9 782
SSACC R,8787381.0,
ESACC R,8787381.0,8787387 8 843.9 540.4 860.7 544.9 0.47 70
SFIX R,8787389.0,
EFIX R,8787389.0,8789795 2408 842.1 521.1 509
SSACC R,8789797.0,
SBLINK R,8789815.0,
EBLINK R,8789815.0,8789871 58
ESACC R,8789797.0,8789899 104 846.3 530.9 862.4 478.0 1.50 593
SFIX R,8789901.0,
EFIX R,8789901.0,8794009 4110 867.6 522.2 781
SSACC R,8794011.0,
ESACC R,8794011.0,8794031 22 845.5 533.3 891.2 538.9 1.25 108
SFIX R,8794033.0,
EFIX R,8794033.0,8794141 110 880.1 536.8 846
SSACC R,8794143.0,
ESACC R,8794143.0,8794161 20 878.1 535.7 851.4 543.4 0.75 103
SFIX R,8794163.0,
EFIX R,8794163.0,8794261 100 853.9 534.8 844
SSACC R,8794263.0,
ESACC R,8794263.0,8794275 14 855.2 533.0 859.3 502.4 0.84 73
SFIX R,8794277.0,
EFIX R,8794277.0,8794299 24 861.2 501.2 866
SSACC R,8794301.0,
ESACC R,8794301.0,8794311 12 878.1 501.3 890.1 519.0 0.58 64
SFIX R,8794313.0,
EFIX R,8794313.0,8794555 244 872.3 538.5 843
SSACC R,8794557.0,
ESACC R,8794557.0,8794577 22 873.7 534.6 853.3 538.5 0.56 88
SFIX R,8794579.0,
EFIX R,8794579.0,8794665 88 861.9 534.1 798
SSACC R,8794667.0,
SBLINK R,8794685.0,
EBLINK R,8794685.0,8794765 82
ESACC R,8794667.0,8794805 140 869.1 529.9 874.3 515.8 0.41 2270
SFIX R,8794807.0,
EFIX R,8794807.0,8796497 1692 857.6 531.7 608
SSACC R,8796499.0,
ESACC R,8796499.0,8796505 8 837.5 523.7 852.8 526.3 0.42 57
SFIX R,8796507.0,
EFIX R,8796507.0,8797259 754 846.1 538.8 638
SSACC R,8797261.0,
SBLINK R,8797281.0,
EBLINK R,8797281.0,8797355 76
ESACC R,8797261.0,8797383 124 851.6 543.7 879.9 517.0 1.05 686
SFIX R,8797385.0,
EFIX R,8797385.0,8797897 514 873.1 534.3 633
SSACC R,8797899.0,
ESACC R,8797899.0,8797909 12 874.6 532.1 850.2 535.0 0.67 79
SFIX R,8797911.0,
EFIX R,8797911.0,8799291 1382 857.9 527.1 710
SSACC R,8799293.0,
ESACC R,8799293.0,8799299 8 848.2 534.3 861.6 532.7 0.37 50
SFIX R,8799301.0,
EFIX R,8799301.0,8799449 150 862.6 539.7 890
SSACC R,8799451.0,
ESACC R,8799451.0,8799461 12 862.5 546.3 843.7 549.1 0.51 64
SFIX R,8799463.0,
EFIX R,8799463.0,8799599 138 847.2 554.5 916
SSACC R,8799601.0,
ESACC R,8799601.0,8799619 20 844.3 559.1 877.8 557.8 0.91 110
SFIX R,8799621.0,
EFIX R,8799621.0,8799751 132 867.6 560.7 915
SSACC R,8799753.0,
ESACC R,8799753.0,8799759 8 862.1 558.7 845.4 556.2 0.46 67
SFIX R,8799761.0,
EFIX R,8799761.0,8801485 1726 861.2 556.0 854
SSACC R,8801487.0,
SBLINK R,8801507.0,
EBLINK R,8801507.0,8801551 46
ESACC R,8801487.0,8801577 92 859.5 547.6 866.5 518.7 0.81 801
SFIX R,8801579.0,
EFIX R,8801579.0,8803939 2362 850.4 547.9 736
SSACC R,8803941.0,
ESACC R,8803941.0,8803961 22 847.6 548.4 879.4 555.7 0.88 108
SFIX R,8803963.0,
EFIX R,8803963.0,8804085 124 874.1 553.0 866
SSACC R,8804087.0,
ESACC R,8804087.0,8804103 18 872.6 552.6 851.8 554.1 0.56 86
SFIX R,8804105.0,
EFIX R,8804105.0,8808653 4550 840.2 531.2 621
SSACC R,8808655.0,
ESACC R,8808655.0,8808673 20 830.0 539.0 876.0 536.6 1.25 121
SFIX R,8808675.0,
EFIX R,8808675.0,8808807 134 867.1 540.8 777
SSACC R,8808809.0,
ESACC R,8808809.0,8808829 22 867.1 541.9 824.6 548.9 1.17 134
SFIX R,8808831.0,
EFIX R,8808831.0,8809643 814 831.8 536.6 714
SSACC R,8809645.0,
ESACC R,8809645.0,8809657 14 836.8 524.3 862.3 527.8 0.70 73
SFIX R,8809659.0,
EFIX R,8809659.0,8810089 432 864.0 528.6 596
SSACC R,8810091.0,
ESACC R,8810091.0,8810111 22 863.8 523.9 854.7 534.6 0.38 74
SFIX R,8810113.0,
EFIX R,8810113.0,8810417 306 851.6 547.7 548
SSACC R,8810419.0,
ESACC R,8810419.0,8810425 8 851.5 559.0 854.4 544.2 0.41 59
SFIX R,8810427.0,
EFIX R,8810427.0,8811843 1418 848.0 531.2 478
SSACC R,8811845.0,
SBLINK R,8811865.0,
EBLINK R,8811865.0,8811889 26
ESACC R,8811845.0,8811913 70 846.7 520.0 857.1 494.0 0.76 472
SFIX R,8811915.0,
EFIX R,8811915.0,8814107 2194 848.0 524.2 592
SSACC R,8814109.0,
ESACC R,8814109.0,8814123 16 830.5 524.7 851.7 520.6 0.58 70
SFIX R,8814125.0,
EFIX R,8814125.0,8814315 192 849.0 524.9 689
SSACC R,8814317.0,
SBLINK R,8814339.0,
EBLINK R,8814339.0,8814405 68
ESACC R,8814317.0,8814439 124 854.6 527.3 869.4 514.2 0.54 1180
SFIX R,8814441.0,
EFIX R,8814441.0,8814827 388 856.0 541.1 695
SSACC R,8814829.0,
ESACC R,8814829.0,8814843 16 853.2 543.7 851.2 542.1 0.07 48
SFIX R,8814845.0,
EFIX R,8814845.0,8815029 186 849.3 538.6 608
SSACC R,8815031.0,
SBLINK R,8815049.0,
EBLINK R,8815049.0,8815133 86
ESACC R,8815031.0,8815159 130 851.5 534.9 849.5 516.0 0.52 664
SFIX R,8815161.0,
EFIX R,8815161.0,8815249 90 843.9 545.9 525
SSACC R,8815251.0,
SBLINK R,8815267.0,
EBLINK R,8815267.0,8815359 94
ESACC R,8815251.0,8815381 132 845.9 544.6 882.1 536.0 1.01 593
SFIX R,8815383.0,
EFIX R,8815383.0,8815527 146 870.4 555.6 546
SSACC R,8815529.0,
ESACC R,8815529.0,8815541 14 869.3 552.2 841.6 540.2 0.82 80
SFIX R,8815543.0,
EFIX R,8815543.0,8815781 240 848.1 540.4 522
SSACC R,8815783.0,
SBLINK R,8815799.0,
EBLINK R,8815799.0,8815893 96
ESACC R,8815783.0,8815915 134 853.2 543.6 860.4 505.7 1.05 362
SFIX R,8815917.0,
EFIX R,8815917.0,8816259 344 839.4 523.6 465
SSACC R,8816261.0,
SBLINK R,8816277.0,
EBLINK R,8816277.0,8816367 92
ESACC R,8816261.0,8816389 130 843.0 533.5 873.3 500.3 1.22 564
SFIX R,8816391.0,
EFIX R,8816391.0,8816589 200 865.4 519.8 526
SSACC R,8816591.0,
ESACC R,8816591.0,8816601 12 860.6 519.5 839.4 533.2 0.68 76
SFIX R,8816603.0,
EFIX R,8816603.0,8818007 1406 861.0 531.7 731
SSACC R,8818009.0,
ESACC R,8818009.0,8818027 20 864.0 533.6 859.6 543.5 0.29 70
SFIX R,8818029.0,
EFIX R,8818029.0,8822479 4452 856.4 545.2 701
SSACC R,8822481.0,
ESACC R,8822481.0,8822501 22 839.4 541.1 853.9 546.0 0.41 81
SFIX R,8822503.0,
EFIX R,8822503.0,8822899 398 851.6 545.1 832
SSACC R,8822901.0,
SBLINK R,8822919.0,
EBLINK R,8822919.0,8822965 48
ESACC R,8822901.0,8823001 102 868.7 551.3 887.4 523.1 0.92 1748
SFIX R,8823003.0,
EFIX R,8823003.0,8823305 304 870.9 562.3 837
SSACC R,8823307.0,
ESACC R,8823307.0,8823317 12 862.3 574.6 843.6 569.0 0.53 59
SFIX R,8823319.0,
EFIX R,8823319.0,8824267 950 837.7 556.3 615
SSACC R,8824269.0,
ESACC R,8824269.0,8824287 20 835.2 547.7 848.3 546.0 0.36 76
SFIX R,8824289.0,
EFIX R,8824289.0,8827509 3222 843.7 552.8 695
SSACC R,8827511.0,
ESACC R,8827511.0,8827529 20 846.1 554.4 814.5 557.6 0.86 104
SFIX R,8827531.0,
EFIX R,8827531.0,8827605 76 819.2 559.5 714
SSACC R,8827607.0,
ESACC R,8827607.0,8827629 24 818.3 562.6 926.1 559.6 2.92 261
SFIX R,8827631.0,
EFIX R,8827631.0,8827705 76 910.4 562.9 703
SSACC R,8827707.0,
ESACC R,8827707.0,8827729 24 910.4 564.0 824.6 572.5 2.33 236
SFIX R,8827731.0,
EFIX R,8827731.0,8828749 1020 833.3 550.4 588
SSACC R,8828751.0,
SBLINK R,8828769.0,
EBLINK R,8828769.0,8828851 84
ESACC R,8828751.0,8828879 130 852.3 539.4 867.1 520.3 0.65 480
SFIX R,8828881.0,
EFIX R,8828881.0,8830499 1620 858.4 536.0 589
SSACC R,8830501.0,
ESACC R,8830501.0,8830515 16 857.5 549.5 846.5 555.6 0.34 49
SFIX R,8830517.0,
EFIX R,8830517.0,8830789 274 866.2 551.1 767
SSACC R,8830791.0,
ESACC R,8830791.0,8830801 12 863.1 546.1 842.6 555.1 0.61 67
SFIX R,8830803.0,
EFIX R,8830803.0,8833213 2412 854.0 548.6 724
SSACC R,8833215.0,
ESACC R,8833215.0,8833231 18 866.6 536.1 894.0 539.7 0.75 82
SFIX R,8833233.0,
EFIX R,8833233.0,8833467 236 884.7 542.2 717
SSACC R,8833469.0,
ESACC R,8833469.0,8833481 14 880.6 544.9 869.2 550.1 0.34 54
SFIX R,8833483.0,
EFIX R,8833483.0,8835283 1802 876.5 549.8 802
SSACC R,8835285.0,
ESACC R,8835285.0,8835305 22 871.2 548.9 902.4 546.4 0.85 100
SFIX R,8835307.0,
EFIX R,8835307.0,8835445 140 894.7 546.0 817
SSACC R,8835447.0,
ESACC R,8835447.0,8835457 12 893.5 543.5 870.3 545.2 0.63 75
SFIX R,8835459.0,
EFIX R,8835459.0,8836561 1104 868.9 539.6 698
SSACC R,8836563.0,
ESACC R,8836563.0,8836575 14 868.2 529.9 854.6 530.7 0.37 53
SFIX R,8836577.0,
EFIX R,8836577.0,8837317 742 860.5 531.7 677
SSACC R,8837319.0,
SBLINK R,8837339.0,
EBLINK R,8837339.0,8837395 58
ESACC R,8837319.0,8837427 110 873.9 544.2 887.2 530.7 0.51 687
SFIX R,8837429.0,
EFIX R,8837429.0,8837659 232 879.1 559.0 669
SSACC R,8837661.0,
ESACC R,8837661.0,8837667 8 873.9 558.2 867.9 548.6 0.31 48
SFIX R,8837669.0,
EFIX R,8837669.0,8839079 1412 861.4 527.8 598
SSACC R,8839081.0,
ESACC R,8839081.0,8839097 18 847.8 529.0 842.7 526.4 0.15 58
SFIX R,8839099.0,
EFIX R,8839099.0,8841143 2046 840.6 525.9 616
SSACC R,8841145.0,
ESACC R,8841145.0,8841191 48 840.7 526.1 825.9 522.1 0.41 95
SFIX R,8841193.0,
EFIX R,8841193.0,8841331 140 829.9 517.4 596
SSACC R,8841333.0,
ESACC R,8841333.0,8841347 16 833.4 517.8 870.8 517.4 1.01 103
SFIX R,8841349.0,
EFIX R,8841349.0,8844355 3008 848.8 519.2 591
SSACC R,8844357.0,
ESACC R,8844357.0,8844361 6 851.8 531.1 862.5 534.0 0.30 52
SFIX R,8844363.0,
EFIX R,8844363.0,8844591 230 864.5 529.8 746
SSACC R,8844593.0,
SBLINK R,8844613.0,
EBLINK R,8844613.0,8844659 48
ESACC R,8844593.0,8844691 100 865.5 524.1 866.3 500.6 0.64 836
SFIX R,8844693.0,
EFIX R,8844693.0,8846653 1962 841.9 540.1 649
SSACC R,8846655.0,
ESACC R,8846655.0,8846691 38 849.1 536.7 822.7 546.4 0.76 74
SFIX R,8846693.0,
EFIX R,8846693.0,8846797 106 827.1 541.0 679
SSACC R,8846799.0,
ESACC R,8846799.0,8846811 14 828.3 541.7 859.1 540.3 0.83 88
SFIX R,8846813.0,
EFIX R,8846813.0,8848763 1952 852.5 542.5 677
SSACC R,8848765.0,
ESACC R,8848765.0,8848775 12 843.9 547.4 863.1 548.4 0.52 72
SFIX R,8848777.0,
EFIX R,8848777.0,8849071 296 862.1 548.5 761
SSACC R,8849073.0,
ESACC R,8849073.0,8849089 18 856.7 555.3 834.0 553.9 0.62 85
SFIX R,8849091.0,
EFIX R,8849091.0,8849769 680 846.7 556.5 733
SSACC R,8849771.0,
ESACC R,8849771.0,8849777 8 850.2 554.8 863.7 550.0 0.39 57
SFIX R,8849779.0,
EFIX R,8849779.0,8851673 1896 854.9 542.8 610
SSACC R,8851675.0,
ESACC R,8851675.0,8851693 20 852.5 534.5 875.2 532.8 0.62 72
SFIX R,8851695.0,
EFIX R,8851695.0,8851825 132 851.8 536.0 617
SSACC R,8851827.0,
ESACC R,8851827.0,8851833 8 850.1 538.3 861.7 535.7 0.32 49
SFIX R,8851835.0,
EFIX R,8851835.0,8853325 1492 861.1 541.9 714
SSACC R,8853327.0,
ESACC R,8853327.0,8853345 20 860.3 549.9 875.3 540.7 0.48 82
SFIX R,8853347.0,
EFIX R,8853347.0,8856373 3028 860.7 537.9 714
SSACC R,8856375.0,
SBLINK R,8856395.0,
EBLINK R,8856395.0,8856451 58
ESACC R,8856375.0,8856481 108 866.3 543.6 870.6 524.0 0.54 730
SFIX R,8856483.0,
EFIX R,8856483.0,8858141 1660 852.1 540.8 595
SSACC R,8858143.0,
ESACC R,8858143.0,8858149 8 850.0 536.8 861.5 538.7 0.32 46
SFIX R,8858151.0,
EFIX R,8858151.0,8865337 7188 838.7 530.8 562
SSACC R,8865339.0,
ESACC R,8865339.0,8865359 22 814.6 517.2 878.8 534.8 1.80 183
SFIX R,8865361.0,
EFIX R,8865361.0,8865453 94 864.6 540.3 473
SSACC R,8865455.0,
ESACC R,8865455.0,8865507 54 863.5 542.8 758.9 652.1 4.09 214
SFIX R,8865509.0,
EFIX R,8865509.0,8865629 122 755.0 646.7 471
SSACC R,8865631.0,
ESACC R,8865631.0,8865655 26 755.3 642.4 827.5 543.6 3.30 304
SFIX R,8865657.0,
EFIX R,8865657.0,8866327 672 842.6 531.8 490
SSACC R,8866329.0,
ESACC R,8866329.0,8866347 20 848.3 531.5 821.9 532.7 0.71 97
SFIX R,8866349.0,
EFIX R,8866349.0,8866557 210 828.8 528.4 497
SSACC R,8866559.0,
ESACC R,8866559.0,8866567 10 830.4 528.3 848.3 529.7 0.49 61
SFIX R,8866569.0,
EFIX R,8866569.0,8866663 96 850.4 529.6 530
SSACC R,8866665.0,
SBLINK R,8866683.0,
EBLINK R,8866683.0,8866745 64
ESACC R,8866665.0,8866771 108 849.6 530.9 849.5 499.9 0.84 556
SFIX R,8866773.0,
EFIX R,8866773.0,8869991 3220 849.1 535.9 736
SSACC R,8869993.0,
ESACC R,8869993.0,8870015 24 847.9 543.2 888.6 544.4 1.10 126
SFIX R,8870017.0,
EFIX R,8870017.0,8870125 110 886.2 544.3 772
SSACC R,8870127.0,
ESACC R,8870127.0,8870147 22 887.8 545.4 841.9 544.3 1.24 140
SFIX R,8870149.0,
EFIX R,8870149.0,8871059 912 849.1 544.6 761
SSACC R,8871061.0,
ESACC R,8871061.0,8871079 20 847.0 544.7 869.9 534.4 0.68 89
SFIX R,8871081.0,
EFIX R,8871081.0,8871377 298 859.6 533.2 678
SSACC R,8871379.0,
ESACC R,8871379.0,8871393 16 860.1 528.1 839.4 538.5 0.63 83
SFIX R,8871395.0,
EFIX R,8871395.0,8872303 910 856.2 544.9 774
SSACC R,8872305.0,
ESACC R,8872305.0,8872327 24 858.5 548.7 906.3 557.2 1.32 164
SFIX R,8872329.0,
EFIX R,8872329.0,8872435 108 896.8 559.5 814
SSACC R,8872437.0,
ESACC R,8872437.0,8872457 22 894.3 559.0 852.3 563.2 1.14 140
SFIX R,8872459.0,
EFIX R,8872459.0,8873823 1366 862.7 550.1 946
SSACC R,8873825.0,
ESACC R,8873825.0,8873853 30 873.8 540.2 910.0 539.6 0.98 149
SFIX R,8873855.0,
EFIX R,8873855.0,8873955 102 911.9 539.8 1044
SSACC R,8873957.0,
ESACC R,8873957.0,8873971 16 910.5 538.6 877.5 540.7 0.90 98
SFIX R,8873973.0,
EFIX R,8873973.0,8874535 564 877.5 533.0 1031
SSACC R,8874537.0,
ESACC R,8874537.0,8874563 28 870.2 528.9 855.1 539.0 0.49 120
SFIX R,8874565.0,
EFIX R,8874565.0,8874715 152 846.8 534.9 1033
SSACC R,8874717.0,
ESACC R,8874717.0,8874733 18 842.5 537.1 872.1 533.9 0.81 90
SFIX R,8874735.0,
EFIX R,8874735.0,8875165 432 862.9 538.7 1045
SSACC R,8875167.0,
ESACC R,8875167.0,8875185 20 863.9 541.9 851.2 541.7 0.34 73
SFIX R,8875187.0,
EFIX R,8875187.0,8877519 2334 853.8 554.8 932
SSACC R,8877521.0,
ESACC R,8877521.0,8877547 28 867.0 540.6 867.7 534.4 0.17 84
SFIX R,8877549.0,
EFIX R,8877549.0,8878033 486 866.9 536.0 927
SSACC R,8878035.0,
ESACC R,8878035.0,8878053 20 864.7 538.7 860.4 535.8 0.14 71
SFIX R,8878055.0,
EFIX R,8878055.0,8879375 1322 862.9 535.6 815
SSACC R,8879377.0,
ESACC R,8879377.0,8879393 18 862.2 534.7 859.5 547.4 0.35 66
SFIX R,8879395.0,
EFIX R,8879395.0,8882719 3326 855.6 539.2 891
SSACC R,8882721.0,
ESACC R,8882721.0,8882777 58 868.7 529.3 823.6 519.7 1.25 187
SFIX R,8882779.0,
EFIX R,8882779.0,8882879 102 835.9 518.6 985
SSACC R,8882881.0,
ESACC R,8882881.0,8882901 22 838.6 516.7 902.5 524.8 1.74 148
SFIX R,8882903.0,
EFIX R,8882903.0,8883421 520 900.3 530.0 1005
SSACC R,8883423.0,
ESACC R,8883423.0,8883463 42 899.0 529.8 909.9 547.5 0.56 496
SFIX R,8883465.0,
EFIX R,8883465.0,8883691 228 887.8 542.2 846
SSACC R,8883693.0,
ESACC R,8883693.0,8883709 18 877.8 549.7 837.4 556.3 1.11 106
SFIX R,8883711.0,
EFIX R,8883711.0,8883845 136 841.4 558.4 795
SSACC R,8883847.0,
ESACC R,8883847.0,8883861 16 839.2 561.4 871.6 553.8 0.90 89
SFIX R,8883863.0,
EFIX R,8883863.0,8885733 1872 860.4 556.2 900
SSACC R,8885735.0,
ESACC R,8885735.0,8885743 10 862.9 557.7 880.8 561.6 0.50 61
SFIX R,8885745.0,
EFIX R,8885745.0,8886193 450 871.4 554.8 784
SSACC R,8886195.0,
SBLINK R,8886225.0,
EBLINK R,8886225.0,8886267 44
ESACC R,8886195.0,8886305 112 872.7 551.4 880.7 502.6 1.34 981
SFIX R,8886307.0,
EFIX R,8886307.0,8887341 1036 861.5 531.5 631
SSACC R,8887343.0,
ESACC R,8887343.0,8887359 18 857.6 533.2 850.5 538.4 0.24 77
SFIX R,8887361.0,
EFIX R,8887361.0,8887617 258 855.5 538.8 653
SSACC R,8887619.0,
SBLINK R,8887641.0,
EBLINK R,8887641.0,8887737 98
ESACC R,8887619.0,8887769 152 856.9 531.6 877.7 518.1 0.67 914
SFIX R,8887771.0,
EFIX R,8887771.0,8888119 350 871.2 539.9 668
SSACC R,8888121.0,
ESACC R,8888121.0,8888129 10 864.4 538.0 844.2 541.0 0.55 71
SFIX R,8888131.0,
EFIX R,8888131.0,8888995 866 845.4 543.4 682
SSACC R,8888997.0,
ESACC R,8888997.0,8889015 20 846.4 542.4 863.6 539.2 0.47 83
SFIX R,8889017.0,
EFIX R,8889017.0,8889389 374 850.9 544.4 819
SSACC R,8889391.0,
ESACC R,8889391.0,8889405 16 851.4 548.7 881.4 548.4 0.81 87
SFIX R,8889407.0,
EFIX R,8889407.0,8889605 200 872.1 550.6 818
SSACC R,8889607.0,
ESACC R,8889607.0,8889619 14 868.5 550.3 853.4 554.0 0.42 67
SFIX R,8889621.0,
EFIX R,8889621.0,8891809 2190 857.2 551.2 718
SSACC R,8891811.0,
ESACC R,8891811.0,8891823 14 844.6 547.4 861.9 547.2 0.47 68
SFIX R,8891825.0,
EFIX R,8891825.0,8891871 48 864.0 545.1 577
SSACC R,8891873.0,
SBLINK R,8891893.0,
EBLINK R,8891893.0,8891969 78
ESACC R,8891873.0,8892001 130 864.6 548.3 871.4 519.2 0.81 628
SFIX R,8892003.0,
EFIX R,8892003.0,8897391 5390 850.4 533.0 613
SSACC R,8897393.0,
ESACC R,8897393.0,8897413 22 833.6 536.3 825.6 545.0 0.32 72
SFIX R,8897415.0,
EFIX R,8897415.0,8897723 310 829.6 540.9 674
SSACC R,8897725.0,
ESACC R,8897725.0,8897737 14 832.6 534.9 845.2 537.2 0.35 48
SFIX R,8897739.0,
EFIX R,8897739.0,8897901 164 839.8 537.1 673
SSACC R,8897903.0,
SBLINK R,8897923.0,
EBLINK R,8897923.0,8898003 82
ESACC R,8897903.0,8898039 138 846.9 544.1 878.2 505.3 1.35 715
SFIX R,8898041.0,
EFIX R,8898041.0,8898359 320 860.6 520.2 686
SSACC R,8898361.0,
ESACC R,8898361.0,8898373 14 856.9 525.5 841.6 540.7 0.58 69
SFIX R,8898375.0,
EFIX R,8898375.0,8899741 1368 844.2 528.0 654
SSACC R,8899743.0,
ESACC R,8899743.0,8899757 16 850.0 537.2 862.5 532.7 0.36 59
SFIX R,8899759.0,
EFIX R,8899759.0,8901065 1308 858.4 534.8 629
SSACC R,8901067.0,
ESACC R,8901067.0,8901079 14 855.5 543.7 842.1 545.3 0.37 58
SFIX R,8901081.0,
EFIX R,8901081.0,8902413 1334 848.0 534.2 606
SSACC R,8902415.0,
SBLINK R,8902433.0,
EBLINK R,8902433.0,8902521 90
ESACC R,8902415.0,8902551 138 855.3 540.2 863.2 519.4 0.60 588
SFIX R,8902553.0,
EFIX R,8902553.0,8904301 1750 844.5 533.4 533
SSACC R,8904303.0,
ESACC R,8904303.0,8904307 6 829.7 537.3 839.6 538.7 0.27 52
SFIX R,8904309.0,
EFIX R,8904309.0,8904825 518 847.2 531.0 597
SSACC R,8904827.0,
ESACC R,8904827.0,8904831 6 840.8 529.4 851.7 525.8 0.31 49
SFIX R,8904833.0,
EFIX R,8904833.0,8906311 1480 843.5 526.9 593
SSACC R,8906313.0,
ESACC R,8906313.0,8906331 20 845.6 527.3 840.3 526.6 0.14 61
SFIX R,8906333.0,
EFIX R,8906333.0,8907151 820 855.0 539.2 686
SSACC R,8907153.0,
SBLINK R,8907171.0,
EBLINK R,8907171.0,8907225 56
ESACC R,8907153.0,8907255 104 861.2 555.6 860.4 509.8 1.24 1083
SFIX R,8907257.0,
EFIX R,8907257.0,8907283 28 855.6 510.5 732
SSACC R,8907285.0,
ESACC R,8907285.0,8907289 6 852.9 515.9 855.1 522.4 0.19 44
SFIX R,8907291.0,
EFIX R,8907291.0,8907601 312 855.9 537.9 735
SSACC R,8907603.0,
ESACC R,8907603.0,8907607 6 858.9 536.2 871.2 533.3 0.34 67
SFIX R,8907609.0,
EFIX R,8907609.0,8907953 346 869.7 533.8 704
SSACC R,8907955.0,
ESACC R,8907955.0,8907971 18 862.8 535.3 852.9 539.9 0.30 64
SFIX R,8907973.0,
EFIX R,8907973.0,8909437 1466 848.2 538.6 766
SSACC R,8909439.0,
ESACC R,8909439.0,8909455 18 842.5 546.6 829.0 548.8 0.37 68
SFIX R,8909457.0,
EFIX R,8909457.0,8910069 614 835.0 543.8 642
SSACC R,8910071.0,
ESACC R,8910071.0,8910081 12 835.9 542.6 857.5 535.6 0.61 65
SFIX R,8910083.0,
EFIX R,8910083.0,8911789 1708 844.3 533.9 687
SSACC R,8911791.0,
ESACC R,8911791.0,8911805 16 847.8 525.0 843.5 529.0 0.16 60
SFIX R,8911807.0,
EFIX R,8911807.0,8913887 2082 846.1 535.3 586
SSACC R,8913889.0,
ESACC R,8913889.0,8913905 18 834.1 526.1 822.0 528.0 0.33 66
SFIX R,8913907.0,
EFIX R,8913907.0,8914405 500 837.8 527.4 574
SSACC R,8914407.0,
ESACC R,8914407.0,8914415 10 826.5 525.5 842.1 529.1 0.43 58
SFIX R,8914417.0,
EFIX R,8914417.0,8914895 480 841.6 529.8 635
SSACC R,8914897.0,
ESACC R,8914897.0,8914911 16 841.3 533.6 822.0 538.7 0.54 79
SFIX R,8914913.0,
EFIX R,8914913.0,8916115 1204 832.0 531.6 610
SSACC R,8916117.0,
SBLINK R,8916137.0,
EBLINK R,8916137.0,8916195 60
ESACC R,8916117.0,8916219 104 847.1 522.2 875.0 501.9 0.93 535
SFIX R,8916221.0,
EFIX R,8916221.0,8916599 380 860.0 534.1 519
SSACC R,8916601.0,
ESACC R,8916601.0,8916619 20 852.8 536.2 824.2 535.1 0.77 89
SFIX R,8916621.0,
EFIX R,8916621.0,8916807 188 828.5 533.3 460
SSACC R,8916809.0,
SBLINK R,8916827.0,
EBLINK R,8916827.0,8916913 88
ESACC R,8916809.0,8916941 134 829.1 527.7 865.8 505.7 1.16 422
SFIX R,8916943.0,
EFIX R,8916943.0,8917121 180 853.9 522.5 424
SSACC R,8917123.0,
SBLINK R,8917139.0,
EBLINK R,8917139.0,8917233 96
ESACC R,8917123.0,8917255 134 853.9 523.0 851.1 482.4 1.10 286
SFIX R,8917257.0,
EFIX R,8917257.0,8917397 142 845.2 504.2 418
SSACC R,8917399.0,
SBLINK R,8917415.0,
EBLINK R,8917415.0,8917531 118
ESACC R,8917399.0,8917553 156 848.3 506.3 848.5 502.8 0.10 320
SFIX R,8917555.0,
EFIX R,8917555.0,8917685 132 843.2 522.8 431
SSACC R,8917687.0,
SBLINK R,8917701.0,
EBLINK R,8917701.0,8917801 102
ESACC R,8917687.0,8917821 136 848.9 525.5 855.3 514.6 0.34 547
SFIX R,8917823.0,
EFIX R,8917823.0,8917927 106 848.3 541.2 470
SSACC R,8917929.0,
SBLINK R,8917947.0,
EBLINK R,8917947.0,8918059 114
ESACC R,8917929.0,8918077 150 846.3 539.2 869.4 494.2 1.37 285
SFIX R,8918079.0,
EFIX R,8918079.0,8918181 104 864.0 516.1 468
SSACC R,8918183.0,
SBLINK R,8918201.0,
EBLINK R,8918201.0,8918325 126
ESACC R,8918183.0,8918353 172 864.5 511.9 876.7 526.8 0.52 472
SFIX R,8918355.0,
EFIX R,8918355.0,8918813 460 864.4 520.9 508
SSACC R,8918815.0,
ESACC R,8918815.0,8918823 10 864.8 521.1 843.1 528.3 0.62 71
SFIX R,8918825.0,
EFIX R,8918825.0,8920213 1390 850.2 522.7 635
SSACC R,8920215.0,
ESACC R,8920215.0,8920237 24 852.5 525.5 883.3 521.6 0.84 103
SFIX R,8920239.0,
EFIX R,8920239.0,8920277 40 876.5 524.7 769
SSACC R,8920279.0,
ESACC R,8920279.0,8920299 22 876.7 523.5 831.9 530.7 1.23 138
SFIX R,8920301.0,
EFIX R,8920301.0,8920413 114 840.1 532.3 813
SSACC R,8920415.0,
ESACC R,8920415.0,8920429 16 843.0 536.0 885.6 538.9 1.16 113
SFIX R,8920431.0,
EFIX R,8920431.0,8925409 4980 866.1 540.6 864
SSACC R,8925411.0,
ESACC R,8925411.0,8925435 26 869.4 540.5 871.6 540.3 0.06 85
SFIX R,8925437.0,
EFIX R,8925437.0,8925973 538 879.8 548.9 1087
SSACC R,8925975.0,
ESACC R,8925975.0,8925991 18 891.7 556.0 902.9 560.8 0.33 74
SFIX R,8925993.0,
EFIX R,8925993.0,8928255 2264 897.3 550.9 1125
SSACC R,8928257.0,
ESACC R,8928257.0,8928279 24 896.5 539.4 902.2 529.6 0.31 88
SFIX R,8928281.0,
EFIX R,8928281.0,8928967 688 881.9 530.5 1071
SSACC R,8928969.0,
SBLINK R,8928989.0,
EBLINK R,8928989.0,8929045 58
ESACC R,8928969.0,8929077 110 865.7 549.6 878.7 506.3 1.23 653
SFIX R,8929079.0,
EFIX R,8929079.0,8930335 1258 881.0 541.7 1101
SSACC R,8930337.0,
ESACC R,8930337.0,8930361 26 890.9 541.6 878.9 538.1 0.34 99
SFIX R,8930363.0,
EFIX R,8930363.0,8930477 116 877.1 538.8 1199
SSACC R,8930479.0,
ESACC R,8930479.0,8930499 22 878.7 540.6 901.7 539.8 0.62 84
SFIX R,8930501.0,
EFIX R,8930501.0,8933889 3390 868.2 536.6 893
SSACC R,8933891.0,
ESACC R,8933891.0,8933897 8 865.1 524.2 878.2 527.6 0.37 50
SFIX R,8933899.0,
EFIX R,8933899.0,8935191 1294 862.8 528.6 862
SSACC R,8935193.0,
ESACC R,8935193.0,8935209 18 863.0 526.0 857.6 521.7 0.19 63
SFIX R,8935211.0,
EFIX R,8935211.0,8936295 1086 861.3 534.2 955
SSACC R,8936297.0,
ESACC R,8936297.0,8936309 14 860.6 542.8 871.0 543.4 0.28 52
SFIX R,8936311.0,
EFIX R,8936311.0,8937349 1040 865.9 537.5 793
SSACC R,8937351.0,
ESACC R,8937351.0,8937419 70 856.6 541.1 864.2 504.4 1.02 162
SFIX R,8937421.0,
EFIX R,8937421.0,8937589 170 868.1 536.2 705
SSACC R,8937591.0,
SBLINK R,8937611.0,
EBLINK R,8937611.0,8937691 82
ESACC R,8937591.0,8937727 138 871.9 530.6 890.6 511.2 0.73 1166
SFIX R,8937729.0,
EFIX R,8937729.0,8938545 818 871.2 539.6 628
SSACC R,8938547.0,
ESACC R,8938547.0,8938567 22 864.0 531.9 838.2 542.6 0.76 93
SFIX R,8938569.0,
EFIX R,8938569.0,8938589 22 847.5 540.1 585
SSACC R,8938591.0,
ESACC R,8938591.0,8938597 8 863.0 541.9 877.5 539.0 0.40 69
SFIX R,8938599.0,
EFIX R,8938599.0,8938735 138 870.8 537.0 599
SSACC R,8938737.0,
ESACC R,8938737.0,8938755 20 868.4 535.0 846.0 535.2 0.61 93
SFIX R,8938757.0,
EFIX R,8938757.0,8939809 1054 867.0 528.7 782
SSACC R,8939811.0,
ESACC R,8939811.0,8939827 18 884.5 531.4 893.1 529.7 0.24 70
SFIX R,8939829.0,
EFIX R,8939829.0,8940257 430 897.1 531.0 986
SSACC R,8940259.0,
ESACC R,8940259.0,8940277 20 902.2 535.0 883.6 540.0 0.52 87
SFIX R,8940279.0,
EFIX R,8940279.0,8940491 214 886.9 540.1 1021
SSACC R,8940493.0,
ESACC R,8940493.0,8940503 12 884.3 543.9 907.9 540.6 0.65 67
SFIX R,8940505.0,
EFIX R,8940505.0,8944121 3618 869.6 539.1 723
SSACC R,8944123.0,
ESACC R,8944123.0,8944127 6 837.6 535.7 843.9 541.2 0.23 49
SFIX R,8944129.0,
EFIX R,8944129.0,8944453 326 846.8 541.3 658
SSACC R,8944455.0,
ESACC R,8944455.0,8944475 22 850.5 540.8 833.4 546.9 0.49 84
SFIX R,8944477.0,
EFIX R,8944477.0,8944743 268 839.0 545.6 710
SSACC R,8944745.0,
ESACC R,8944745.0,8944759 16 843.9 546.9 868.2 540.4 0.68 71
SFIX R,8944761.0,
EFIX R,8944761.0,8953015 8256 847.7 523.0 555
SSACC R,8953017.0,
ESACC R,8953017.0,8953039 24 846.0 519.3 904.3 512.2 1.59 175
SFIX R,8953041.0,
EFIX R,8953041.0,8953145 106 895.1 515.8 709
SSACC R,8953147.0,
ESACC R,8953147.0,8953167 22 896.2 516.1 846.4 528.7 1.39 156
SFIX R,8953169.0,
EFIX R,8953169.0,8953451 284 854.3 527.8 739
SSACC R,8953453.0,
ESACC R,8953453.0,8953469 18 846.4 526.6 866.9 533.7 0.59 74
SFIX R,8953471.0,
EFIX R,8953471.0,8953591 122 859.6 533.0 705
SSACC R,8953593.0,
ESACC R,8953593.0,8953621 30 858.6 533.0 829.4 536.8 0.80 162
SFIX R,8953623.0,
EFIX R,8953623.0,8953687 66 827.3 535.3 700
SSACC R,8953689.0,
ESACC R,8953689.0,8953709 22 826.8 535.3 898.0 534.5 1.93 191
SFIX R,8953711.0,
EFIX R,8953711.0,8953851 142 881.4 536.9 679
SSACC R,8953853.0,
ESACC R,8953853.0,8953871 20 875.9 537.8 843.8 541.6 0.87 105
SFIX R,8953873.0,
EFIX R,8953873.0,8954257 386 849.1 537.6 692
SSACC R,8954259.0,
SBLINK R,8954279.0,
EBLINK R,8954279.0,8954341 64
ESACC R,8954259.0,8954371 114 853.6 543.3 871.0 504.7 1.15 681
SFIX R,8954373.0,
EFIX R,8954373.0,8954715 344 862.0 535.4 627
SSACC R,8954717.0,
ESACC R,8954717.0,8954735 20 861.1 537.6 832.6 539.8 0.77 88
SFIX R,8954737.0,
EFIX R,8954737.0,8954973 238 835.3 536.0 635
SSACC R,8954975.0,
ESACC R,8954975.0,8954979 6 836.5 532.9 843.8 532.9 0.20 46
SFIX R,8954981.0,
EFIX R,8954981.0,8957717 2738 844.3 524.7 572
SSACC R,8957719.0,
ESACC R,8957719.0,8957735 18 841.3 529.1 850.9 527.8 0.26 62
SFIX R,8957737.0,
EFIX R,8957737.0,8961403 3668 835.7 520.6 545
SSACC R,8961405.0,
ESACC R,8961405.0,8961421 18 824.8 509.9 873.6 513.5 1.32 118
SFIX R,8961423.0,
EFIX R,8961423.0,8961537 116 864.4 513.8 503
SSACC R,8961539.0,
ESACC R,8961539.0,8961559 22 863.9 512.4 828.9 521.0 0.98 116
SFIX R,8961561.0,
EFIX R,8961561.0,8962583 1024 834.5 516.8 516
SSACC R,8962585.0,
ESACC R,8962585.0,8962623 40 834.4 521.5 1130.8 529.4 8.00 418
SFIX R,8962625.0,
EFIX R,8962625.0,8963233 610 1115.4 529.5 539
SSACC R,8963235.0,
ESACC R,8963235.0,8963261 28 1106.6 535.0 924.7 525.8 4.93 332
SFIX R,8963263.0,
EFIX R,8963263.0,8963551 290 898.0 513.8 496
SSACC R,8963553.0,
ESACC R,8963553.0,8963573 22 890.8 505.9 818.7 518.2 1.98 178
SFIX R,8963575.0,
EFIX R,8963575.0,8965271 1698 827.0 522.1 593
SSACC R,8965273.0,
ESACC R,8965273.0,8965291 20 834.7 521.6 863.5 510.7 0.83 94
SFIX R,8965293.0,
EFIX R,8965293.0,8965631 340 855.4 509.0 652
SSACC R,8965633.0,
SBLINK R,8965655.0,
EBLINK R,8965655.0,8965703 50
ESACC R,8965633.0,8965731 100 860.8 506.7 858.4 500.3 0.19 761
SFIX R,8965733.0,
EFIX R,8965733.0,8967137 1406 836.5 537.8 672
SSACC R,8967139.0,
ESACC R,8967139.0,8967157 20 838.2 545.3 860.4 540.9 0.61 83
SFIX R,8967159.0,
EFIX R,8967159.0,8967765 608 844.6 540.0 735
SSACC R,8967767.0,
ESACC R,8967767.0,8967787 22 851.3 540.3 839.3 556.4 0.54 79
SFIX R,8967789.0,
EFIX R,8967789.0,8968055 268 843.7 557.5 750
SSACC R,8968057.0,
ESACC R,8968057.0,8968075 20 841.6 556.8 859.9 545.4 0.58 76
SFIX R,8968077.0,
EFIX R,8968077.0,8968833 758 848.5 551.2 647
SSACC R,8968835.0,
ESACC R,8968835.0,8968857 24 844.1 556.6 810.0 564.4 0.95 130
SFIX R,8968859.0,
EFIX R,8968859.0,8968977 120 812.9 562.0 652
SSACC R,8968979.0,
ESACC R,8968979.0,8968995 18 810.9 563.9 848.9 560.0 1.03 102
SFIX R,8968997.0,
EFIX R,8968997.0,8971001 2006 843.2 563.4 753
SSACC R,8971003.0,
ESACC R,8971003.0,8971023 22 849.9 580.5 888.4 589.9 1.07 131
SFIX R,8971025.0,
EFIX R,8971025.0,8971095 72 883.8 591.2 872
SSACC R,8971097.0,
ESACC R,8971097.0,8971119 24 883.9 590.8 800.8 584.1 2.25 238
SFIX R,8971121.0,
EFIX R,8971121.0,8971153 34 816.9 579.8 871
SSACC R,8971155.0,
ESACC R,8971155.0,8971187 34 817.7 578.6 911.1 571.5 2.54 284
SFIX R,8971189.0,
EFIX R,8971189.0,8971285 98 911.6 567.4 861
SSACC R,8971287.0,
ESACC R,8971287.0,8971307 22 913.1 564.0 857.3 571.1 1.52 144
SFIX R,8971309.0,
EFIX R,8971309.0,8974853 3546 847.3 541.5 558
SSACC R,8974855.0,
ESACC R,8974855.0,8974869 16 831.1 534.9 836.7 533.9 0.15 67
SFIX R,8974871.0,
EFIX R,8974871.0,8975477 608 835.5 542.6 567
SSACC R,8975479.0,
SBLINK R,8975503.0,
EBLINK R,8975503.0,8975561 60
ESACC R,8975479.0,8975587 110 849.6 550.0 864.2 520.9 0.88 695
SFIX R,8975589.0,
EFIX R,8975589.0,8976715 1128 852.2 545.3 636
SSACC R,8976717.0,
ESACC R,8976717.0,8976733 18 857.5 546.3 851.3 546.0 0.17 75
SFIX R,8976735.0,
EFIX R,8976735.0,8977747 1014 871.7 550.2 818
SSACC R,8977749.0,
ESACC R,8977749.0,8977761 14 872.1 552.0 881.5 548.0 0.28 48
SFIX R,8977763.0,
EFIX R,8977763.0,8979797 2036 854.4 548.7 803
SSACC R,8979799.0,
ESACC R,8979799.0,8979817 20 845.3 569.0 848.2 558.4 0.30 61
SFIX R,8979819.0,
EFIX R,8979819.0,8982641 2824 847.5 540.5 684
SSACC R,8982643.0,
ESACC R,8982643.0,8982693 52 840.9 533.3 787.3 535.2 1.45 150
SFIX R,8982695.0,
EFIX R,8982695.0,8982793 100 797.9 527.9 558
SSACC R,8982795.0,
ESACC R,8982795.0,8982817 24 796.7 525.3 869.5 527.6 1.97 183
SFIX R,8982819.0,
EFIX R,8982819.0,8984511 1694 857.5 524.3 547
SSACC R,8984513.0,
ESACC R,8984513.0,8984535 24 851.8 531.6 846.7 528.7 0.16 91
SFIX R,8984537.0,
EFIX R,8984537.0,8984617 82 843.2 530.0 649
SSACC R,8984619.0,
ESACC R,8984619.0,8984635 18 843.7 530.4 861.2 534.0 0.48 62
SFIX R,8984637.0,
EFIX R,8984637.0,8984685 50 857.4 531.3 655
SSACC R,8984687.0,
SBLINK R,8984707.0,
EBLINK R,8984707.0,8984771 66
ESACC R,8984687.0,8984805 120 863.2 531.0 853.3 510.4 0.62 583
SFIX R,8984807.0,
EFIX R,8984807.0,8985051 246 839.7 533.5 661
SSACC R,8985053.0,
ESACC R,8985053.0,8985057 6 836.2 536.1 845.7 535.6 0.26 57
SFIX R,8985059.0,
EFIX R,8985059.0,8987121 2064 849.1 538.6 776
SSACC R,8987123.0,
ESACC R,8987123.0,8987141 20 858.4 546.0 876.8 534.0 0.60 80
SFIX R,8987143.0,
EFIX R,8987143.0,8987783 642 853.9 537.4 631
SSACC R,8987785.0,
ESACC R,8987785.0,8987803 20 851.1 535.9 836.3 546.6 0.49 88
SFIX R,8987805.0,
EFIX R,8987805.0,8988011 208 842.5 547.4 680
SSACC R,8988013.0,
ESACC R,8988013.0,8988023 12 844.2 551.6 864.0 548.6 0.54 62
SFIX R,8988025.0,
EFIX R,8988025.0,8988299 276 854.9 552.0 787
SSACC R,8988301.0,
ESACC R,8988301.0,8988321 22 854.3 552.2 858.0 554.3 0.12 74
SFIX R,8988323.0,
EFIX R,8988323.0,8988525 204 855.4 555.2 823
SSACC R,8988527.0,
SBLINK R,8988547.0,
EBLINK R,8988547.0,8988639 94
ESACC R,8988527.0,8988673 148 858.7 557.4 862.0 539.3 0.50 629
SFIX R,8988675.0,
EFIX R,8988675.0,8988911 238 856.8 567.7 821
SSACC R,8988913.0,
ESACC R,8988913.0,8988927 16 860.9 573.5 861.6 565.2 0.23 53
SFIX R,8988929.0,
EFIX R,8988929.0,8990391 1464 868.9 552.3 767
SSACC R,8990393.0,
ESACC R,8990393.0,8990407 16 858.3 552.7 865.6 553.0 0.20 59
SFIX R,8990409.0,
EFIX R,8990409.0,8991257 850 858.5 547.8 881
SSACC R,8991259.0,
ESACC R,8991259.0,8991287 30 863.2 543.0 902.8 547.3 1.08 148
SFIX R,8991289.0,
EFIX R,8991289.0,8991319 32 905.2 546.1 828
SSACC R,8991321.0,
ESACC R,8991321.0,8991345 26 906.2 547.2 853.5 539.7 1.44 171
SFIX R,8991347.0,
EFIX R,8991347.0,8991413 68 860.5 539.8 813
SSACC R,8991415.0,
ESACC R,8991415.0,8991435 22 861.5 539.0 891.9 541.3 0.83 108
SFIX R,8991437.0,
EFIX R,8991437.0,8991903 468 891.7 547.3 828
SSACC R,8991905.0,
SBLINK R,8991933.0,
EBLINK R,8991933.0,8991963 32
ESACC R,8991905.0,8992001 98 895.9 554.4 883.8 540.2 0.51 2470
SFIX R,8992003.0,
EFIX R,8992003.0,8993271 1270 863.7 554.6 740
SSACC R,8993273.0,
ESACC R,8993273.0,8993289 18 861.3 539.1 870.0 543.5 0.26 58
SFIX R,8993291.0,
EFIX R,8993291.0,8994625 1336 861.6 540.8 779
SSACC R,8994627.0,
ESACC R,8994627.0,8994637 12 852.9 540.1 873.8 536.1 0.58 65
SFIX R,8994639.0,
EFIX R,8994639.0,8995033 396 875.0 541.1 915
SSACC R,8995035.0,
ESACC R,8995035.0,8995049 16 884.0 544.4 881.8 551.7 0.21 54
SFIX R,8995051.0,
EFIX R,8995051.0,8995665 616 876.6 536.5 931
SSACC R,8995667.0,
ESACC R,8995667.0,8995687 22 880.6 527.0 855.1 518.0 0.73 96
SFIX R,8995689.0,
EFIX R,8995689.0,8995729 42 864.2 517.1 915
SSACC R,8995731.0,
ESACC R,8995731.0,8995751 22 863.6 520.0 894.8 520.6 0.85 102
SFIX R,8995753.0,
EFIX R,8995753.0,8999389 3638 869.7 534.9 783
SSACC R,8999391.0,
ESACC R,8999391.0,8999417 28 856.2 527.5 886.3 528.2 0.82 147
SFIX R,8999419.0,
EFIX R,8999419.0,8999549 132 887.9 527.7 641
SSACC R,8999551.0,
ESACC R,8999551.0,8999567 18 888.1 527.3 858.4 534.0 0.83 91
SFIX R,8999569.0,
EFIX R,8999569.0,9000705 1138 860.3 535.9 721
SSACC R,9000707.0,
ESACC R,9000707.0,9000725 20 856.9 535.7 859.7 532.8 0.11 64
SFIX R,9000727.0,
EFIX R,9000727.0,9001081 356 854.0 531.0 808
SSACC R,9001083.0,
ESACC R,9001083.0,9001103 22 855.1 531.0 894.2 532.1 1.06 106
SFIX R,9001105.0,
EFIX R,9001105.0,9001237 134 882.7 534.6 844
SSACC R,9001239.0,
ESACC R,9001239.0,9001255 18 882.6 534.3 857.3 541.6 0.71 85
SFIX R,9001257.0,
EFIX R,9001257.0,9001279 24 866.4 537.7 856
SSACC R,9001281.0,
ESACC R,9001281.0,9001303 24 867.8 535.7 931.4 540.9 1.73 178
SFIX R,9001305.0,
EFIX R,9001305.0,9001421 118 916.9 539.3 850
SSACC R,9001423.0,
ESACC R,9001423.0,9001441 20 916.4 536.6 863.7 534.3 1.43 132
SFIX R,9001443.0,
EFIX R,9001443.0,9002095 654 867.3 538.6 807
SSACC R,9002097.0,
ESACC R,9002097.0,9002113 18 866.3 550.1 875.9 552.3 0.27 55
SFIX R,9002115.0,
EFIX R,9002115.0,9004199 2086 864.3 539.2 667
SSACC R,9004201.0,
ESACC R,9004201.0,9004217 18 849.0 517.5 829.3 521.8 0.55 79
SFIX R,9004219.0,
EFIX R,9004219.0,9004451 234 834.2 523.8 518
SSACC R,9004453.0,
ESACC R,9004453.0,9004473 22 833.8 527.0 881.8 518.7 1.32 146
SFIX R,9004475.0,
EFIX R,9004475.0,9004593 120 873.6 521.2 556
SSACC R,9004595.0,
ESACC R,9004595.0,9004607 14 872.5 521.9 841.6 531.7 0.88 88
SFIX R,9004609.0,
EFIX R,9004609.0,9007413 2806 844.4 526.1 547
SSACC R,9007415.0,
ESACC R,9007415.0,9007435 22 851.1 523.6 839.9 526.3 0.31 86
SFIX R,9007437.0,
EFIX R,9007437.0,9007889 454 841.7 525.4 523
SSACC R,9007891.0,
ESACC R,9007891.0,9007909 20 839.2 523.9 868.4 520.7 0.80 95
SFIX R,9007911.0,
EFIX R,9007911.0,9008011 102 831.0 526.3 479
SSACC R,9008013.0,
ESACC R,9008013.0,9008027 16 827.6 528.9 864.1 518.0 1.03 106
SFIX R,9008029.0,
EFIX R,9008029.0,9008183 156 852.1 518.1 461
SSACC R,9008185.0,
SBLINK R,9008211.0,
EBLINK R,9008211.0,9008223 14
ESACC R,9008185.0,9008253 70 852.3 513.2 859.1 522.3 0.31 485
SFIX R,9008255.0,
EFIX R,9008255.0,9008401 148 846.4 544.2 466
SSACC R,9008403.0,
SBLINK R,9008421.0,
EBLINK R,9008421.0,9008495 76
ESACC R,9008403.0,9008521 120 849.4 544.6 851.2 496.8 1.30 461
SFIX R,9008523.0,
EFIX R,9008523.0,9009001 480 840.7 527.9 481
SSACC R,9009003.0,
ESACC R,9009003.0,9009015 14 839.4 537.0 848.7 553.3 0.51 60
SFIX R,9009017.0,
EFIX R,9009017.0,9009741 726 840.1 540.6 446
SSACC R,9009743.0,
ESACC R,9009743.0,9009789 48 840.2 525.0 850.4 517.8 0.34 240
SFIX R,9009791.0,
EFIX R,9009791.0,9009993 204 840.5 522.9 512
SSACC R,9009995.0,
ESACC R,9009995.0,9010025 32 843.8 529.1 892.3 532.3 1.32 250
SFIX R,9010027.0,
EFIX R,9010027.0,9010187 162 892.1 530.6 551
SSACC R,9010189.0,
ESACC R,9010189.0,9010211 24 892.0 531.6 848.8 534.7 1.17 129
SFIX R,9010213.0,
EFIX R,9010213.0,9010743 532 854.2 530.1 552
SSACC R,9010745.0,
ESACC R,9010745.0,9010785 42 853.7 525.1 759.8 516.4 2.54 289
SFIX R,9010787.0,
EFIX R,9010787.0,9011413 628 751.2 516.7 609
SSACC R,9011415.0,
ESACC R,9011415.0,9011437 24 754.7 512.4 850.6 509.8 2.59 218
SFIX R,9011439.0,
EFIX R,9011439.0,9014515 3078 846.4 533.9 657
SSACC R,9014517.0,
ESACC R,9014517.0,9014535 20 841.6 528.9 884.0 538.3 1.18 135
SFIX R,9014537.0,
EFIX R,9014537.0,9014675 140 872.1 538.5 652
SSACC R,9014677.0,
ESACC R,9014677.0,9014699 24 870.2 536.7 829.4 531.7 1.11 140
SFIX R,9014701.0,
EFIX R,9014701.0,9014727 28 836.5 529.3 628
SSACC R,9014729.0,
ESACC R,9014729.0,9014751 24 833.5 528.3 893.0 521.2 1.62 174
SFIX R,9014753.0,
EFIX R,9014753.0,9014867 116 883.4 523.8 591
SSACC R,9014869.0,
ESACC R,9014869.0,9014881 14 879.4 522.6 848.1 528.9 0.86 88
SFIX R,9014883.0,
EFIX R,9014883.0,9015441 560 847.3 520.9 494
SSACC R,9015443.0,
ESACC R,9015443.0,9015461 20 846.6 519.7 823.5 526.7 0.65 86
SFIX R,9015463.0,
EFIX R,9015463.0,9015629 168 825.1 527.1 457
SSACC R,9015631.0,
SBLINK R,9015647.0,
EBLINK R,9015647.0,9015717 72
ESACC R,9015631.0,9015739 110 830.8 537.2 871.4 498.7 1.52 470
SFIX R,9015741.0,
EFIX R,9015741.0,9015963 224 856.6 518.8 503
SSACC R,9015965.0,
ESACC R,9015965.0,9015975 12 854.0 520.8 834.6 521.8 0.53 58
SFIX R,9015977.0,
EFIX R,9015977.0,9017537 1562 849.5 516.5 589
SSACC R,9017539.0,
ESACC R,9017539.0,9017557 20 844.4 523.7 875.3 522.0 0.84 96
SFIX R,9017559.0,
EFIX R,9017559.0,9017809 252 868.9 523.7 728
SSACC R,9017811.0,
ESACC R,9017811.0,9017825 16 869.6 529.8 850.0 532.1 0.53 75
SFIX R,9017827.0,
EFIX R,9017827.0,9019969 2144 852.9 538.6 729
SSACC R,9019971.0,
ESACC R,9019971.0,9019991 22 853.1 540.0 888.8 531.2 1.00 120
SFIX R,9019993.0,
EFIX R,9019993.0,9020265 274 881.3 533.4 747
SSACC R,9020267.0,
ESACC R,9020267.0,9020281 16 881.6 536.4 865.3 553.6 0.64 85
SFIX R,9020283.0,
EFIX R,9020283.0,9020479 198 875.6 549.4 771
SSACC R,9020481.0,
SBLINK R,9020501.0,
EBLINK R,9020501.0,9020559 60
ESACC R,9020481.0,9020593 114 881.5 546.4 881.9 501.5 1.22 1159
SFIX R,9020595.0,
EFIX R,9020595.0,9023715 3122 860.6 532.7 861
SSACC R,9023717.0,
ESACC R,9023717.0,9023739 24 848.9 514.6 897.6 507.0 1.33 141
SFIX R,9023741.0,
EFIX R,9023741.0,9023841 102 888.7 511.8 814
SSACC R,9023843.0,
ESACC R,9023843.0,9023865 24 890.4 512.7 832.9 531.7 1.64 167
SFIX R,9023867.0,
EFIX R,9023867.0,9024107 242 838.4 530.2 817
SSACC R,9024109.0,
ESACC R,9024109.0,9024119 12 842.9 528.5 867.8 524.0 0.68 76
SFIX R,9024121.0,
EFIX R,9024121.0,9025495 1376 866.5 521.0 842
SSACC R,9025497.0,
SBLINK R,9025519.0,
EBLINK R,9025519.0,9025561 44
ESACC R,9025497.0,9025595 100 886.3 529.3 894.8 549.1 0.58 1170
SFIX R,9025597.0,
EFIX R,9025597.0,9026985 1390 877.9 537.2 924
SSACC R,9026987.0,
ESACC R,9026987.0,9026991 6 865.4 525.4 871.6 521.7 0.20 44
SFIX R,9026993.0,
EFIX R,9026993.0,9027427 436 869.6 517.5 954
SSACC R,9027429.0,
ESACC R,9027429.0,9027439 12 865.0 512.3 878.7 514.7 0.38 53
SFIX R,9027441.0,
EFIX R,9027441.0,9029317 1878 868.2 519.1 939
SSACC R,9029319.0,
ESACC R,9029319.0,9029333 16 868.8 520.5 904.5 523.9 0.97 99
SFIX R,9029335.0,
EFIX R,9029335.0,9029489 156 892.1 521.4 1007
SSACC R,9029491.0,
ESACC R,9029491.0,9029507 18 888.2 523.2 868.4 529.4 0.56 86
SFIX R,9029509.0,
EFIX R,9029509.0,9033715 4208 875.9 528.4 1014
SSACC R,9033717.0,
ESACC R,9033717.0,9033735 20 875.9 533.7 890.4 528.7 0.42 74
SFIX R,9033737.0,
EFIX R,9033737.0,9033843 108 884.8 531.7 1051
SSACC R,9033845.0,
ESACC R,9033845.0,9033863 20 880.0 533.5 858.4 538.0 0.60 87
SFIX R,9033865.0,
EFIX R,9033865.0,9034105 242 858.7 528.9 1027
SSACC R,9034107.0,
ESACC R,9034107.0,9034127 22 859.1 523.2 875.9 523.5 0.46 87
SFIX R,9034129.0,
EFIX R,9034129.0,9034741 614 861.3 526.8 1009
SSACC R,9034743.0,
ESACC R,9034743.0,9034759 18 862.1 530.5 842.8 534.8 0.54 76
SFIX R,9034761.0,
EFIX R,9034761.0,9035727 968 866.1 532.2 1079
SSACC R,9035729.0,
ESACC R,9035729.0,9035733 6 877.1 535.1 882.8 533.1 0.16 49
SFIX R,9035735.0,
EFIX R,9035735.0,9038485 2752 881.6 531.8 1148
SSACC R,9038487.0,
ESACC R,9038487.0,9038513 28 863.8 539.7 890.1 531.9 0.74 139
SFIX R,9038515.0,
EFIX R,9038515.0,9038571 58 893.6 536.2 1108
SSACC R,9038573.0,
ESACC R,9038573.0,9038603 32 892.1 536.7 844.8 535.4 1.28 203
SFIX R,9038605.0,
EFIX R,9038605.0,9038723 120 837.8 537.6 1109
SSACC R,9038725.0,
ESACC R,9038725.0,9038747 24 835.1 537.9 881.6 540.1 1.26 133
SFIX R,9038749.0,
EFIX R,9038749.0,9040659 1912 871.6 535.9 1078
SSACC R,9040661.0,
ESACC R,9040661.0,9040677 18 861.9 530.4 862.4 523.3 0.19 67
SFIX R,9040679.0,
EFIX R,9040679.0,9040941 264 854.6 521.5 1135
SSACC R,9040943.0,
SBLINK R,9040971.0,
EBLINK R,9040971.0,9041013 44
ESACC R,9040943.0,9041049 108 856.0 516.9 855.5 556.6 1.08 1721
SFIX R,9041051.0,
EFIX R,9041051.0,9042967 1918 864.6 544.2 1043
SSACC R,9042969.0,
ESACC R,9042969.0,9042991 24 863.3 539.6 864.2 541.6 0.06 74
SFIX R,9042993.0,
EFIX R,9042993.0,9043215 224 855.1 539.9 1104
SSACC R,9043217.0,
ESACC R,9043217.0,9043235 20 851.3 538.5 876.4 536.3 0.68 77
SFIX R,9043237.0,
EFIX R,9043237.0,9043517 282 867.9 538.9 1114
SSACC R,9043519.0,
ESACC R,9043519.0,9043535 18 862.7 543.9 852.7 549.9 0.32 63
SFIX R,9043537.0,
EFIX R,9043537.0,9045211 1676 861.2 551.3 1098
SSACC R,9045213.0,
ESACC R,9045213.0,9045231 20 869.8 547.3 888.8 546.1 0.52 78
SFIX R,9045233.0,
EFIX R,9045233.0,9045523 292 886.9 549.4 1082
SSACC R,9045525.0,
ESACC R,9045525.0,9045539 16 890.4 546.7 878.5 553.6 0.37 68
SFIX R,9045541.0,
EFIX R,9045541.0,9045869 330 885.8 547.5 1086
SSACC R,9045871.0,
ESACC R,9045871.0,9045877 8 874.5 550.1 887.9 553.6 0.38 51
SFIX R,9045879.0,
EFIX R,9045879.0,9046061 184 884.0 550.1 1090
SSACC R,9046063.0,
ESACC R,9046063.0,9046079 18 881.1 548.8 859.9 550.1 0.58 88
SFIX R,9046081.0,
EFIX R,9046081.0,9046547 468 872.3 553.7 1147
SSACC R,9046549.0,
ESACC R,9046549.0,9046571 24 881.3 548.9 912.9 549.5 0.86 99
SFIX R,9046573.0,
EFIX R,9046573.0,9047599 1028 892.9 537.6 1269
SSACC R,9047601.0,
ESACC R,9047601.0,9047623 24 874.6 540.9 869.5 543.2 0.15 76
SFIX R,9047625.0,
EFIX R,9047625.0,9048197 574 851.1 546.5 1125
SSACC R,9048199.0,
ESACC R,9048199.0,9048211 14 841.2 547.6 862.4 550.9 0.58 71
SFIX R,9048213.0,
EFIX R,9048213.0,9048605 394 853.4 548.1 1051
SSACC R,9048607.0,
ESACC R,9048607.0,9048631 26 850.6 548.0 845.4 545.5 0.16 86
SFIX R,9048633.0,
EFIX R,9048633.0,9048901 270 843.9 540.9 1091
SSACC R,9048903.0,
ESACC R,9048903.0,9048923 22 848.8 538.5 871.2 535.3 0.61 96
SFIX R,9048925.0,
EFIX R,9048925.0,9049195 272 874.7 536.5 1112
SSACC R,9049197.0,
ESACC R,9049197.0,9049215 20 879.2 534.3 870.5 532.8 0.24 62
SFIX R,9049217.0,
EFIX R,9049217.0,9050445 1230 871.2 534.7 986
SSACC R,9050447.0,
ESACC R,9050447.0,9050473 28 876.5 533.5 894.3 537.3 0.49 135
SFIX R,9050475.0,
EFIX R,9050475.0,9050691 218 903.2 540.6 1087
SSACC R,9050693.0,
ESACC R,9050693.0,9050709 18 909.2 543.2 890.7 545.0 0.50 78
SFIX R,9050711.0,
EFIX R,9050711.0,9051805 1096 887.4 541.2 1187
SSACC R,9051807.0,
ESACC R,9051807.0,9051835 30 878.1 536.3 903.7 539.7 0.70 130
SFIX R,9051837.0,
EFIX R,9051837.0,9052153 318 904.3 539.7 1187
SSACC R,9052155.0,
ESACC R,9052155.0,9052173 20 898.8 547.0 867.9 547.0 0.84 92
SFIX R,9052175.0,
EFIX R,9052175.0,9052873 700 873.9 545.4 1064
SSACC R,9052875.0,
ESACC R,9052875.0,9052883 10 872.3 553.7 887.3 545.2 0.47 54
SFIX R,9052885.0,
EFIX R,9052885.0,9056459 3576 886.7 549.2 950
SSACC R,9056461.0,
ESACC R,9056461.0,9056477 18 900.1 534.7 894.7 533.9 0.15 67
SFIX R,9056479.0,
EFIX R,9056479.0,9056601 124 896.1 533.6 1110
SSACC R,9056603.0,
ESACC R,9056603.0,9056617 16 898.2 538.0 912.8 539.7 0.40 58
SFIX R,9056619.0,
EFIX R,9056619.0,9057047 430 897.7 534.0 1084
SSACC R,9057049.0,
ESACC R,9057049.0,9057069 22 887.2 537.2 877.9 539.8 0.26 80
SFIX R,9057071.0,
EFIX R,9057071.0,9057651 582 873.0 544.9 1028
SSACC R,9057653.0,
ESACC R,9057653.0,9057671 20 864.6 550.8 882.3 546.8 0.49 78
SFIX R,9057673.0,
EFIX R,9057673.0,9059373 1702 876.0 551.5 759
SSACC R,9059375.0,
ESACC R,9059375.0,9059395 22 873.6 549.0 897.8 548.8 0.66 84
SFIX R,9059397.0,
EFIX R,9059397.0,9059969 574 869.1 550.0 733
SSACC R,9059971.0,
ESACC R,9059971.0,9059989 20 864.9 550.4 898.6 548.0 0.92 101
SFIX R,9059991.0,
EFIX R,9059991.0,9060015 26 888.5 546.2 798
SSACC R,9060017.0,
ESACC R,9060017.0,9060027 12 882.8 550.3 856.8 549.1 0.71 75
SFIX R,9060029.0,
EFIX R,9060029.0,9060121 94 866.1 544.7 805
SSACC R,9060123.0,
ESACC R,9060123.0,9060135 14 868.9 545.4 899.0 547.9 0.82 80
SFIX R,9060137.0,
EFIX R,9060137.0,9060509 374 887.6 554.0 858
SSACC R,9060511.0,
ESACC R,9060511.0,9060531 22 888.3 561.9 872.9 567.4 0.44 82
SFIX R,9060533.0,
EFIX R,9060533.0,9061087 556 875.8 564.9 986
SSACC R,9061089.0,
ESACC R,9061089.0,9061107 20 873.7 564.7 895.4 563.8 0.59 96
SFIX R,9061109.0,
EFIX R,9061109.0,9061355 248 886.5 562.2 1050
SSACC R,9061357.0,
ESACC R,9061357.0,9061381 26 884.2 562.1 871.2 568.1 0.39 97
SFIX R,9061383.0,
EFIX R,9061383.0,9062165 784 870.2 563.3 1045
SSACC R,9062167.0,
ESACC R,9062167.0,9062171 6 877.0 563.6 886.9 560.2 0.28 56
SFIX R,9062173.0,
EFIX R,9062173.0,9063313 1142 886.9 558.9 823
SSACC R,9063315.0,
ESACC R,9063315.0,9063337 24 894.2 556.7 893.2 565.7 0.25 85
SFIX R,9063339.0,
EFIX R,9063339.0,9065293 1956 860.2 543.0 537
SSACC R,9065295.0,
ESACC R,9065295.0,9065311 18 846.0 528.9 854.7 526.2 0.25 57
SFIX R,9065313.0,
EFIX R,9065313.0,9066495 1184 854.7 532.5 603
SSACC R,9066497.0,
ESACC R,9066497.0,9066501 6 841.5 531.3 853.4 531.2 0.32 55
SFIX R,9066503.0,
EFIX R,9066503.0,9066769 268 855.8 534.3 663
SSACC R,9066771.0,
SBLINK R,9066791.0,
EBLINK R,9066791.0,9066851 62
ESACC R,9066771.0,9066885 116 857.9 540.9 869.1 506.5 0.98 832
SFIX R,9066887.0,
EFIX R,9066887.0,9068425 1540 847.5 522.3 542
SSACC R,9068427.0,
ESACC R,9068427.0,9068445 20 841.6 521.6 814.0 526.9 0.76 96
SFIX R,9068447.0,
EFIX R,9068447.0,9068535 90 820.4 522.8 543
SSACC R,9068537.0,
ESACC R,9068537.0,9068559 24 818.6 524.5 877.1 525.0 1.58 169
SFIX R,9068561.0,
EFIX R,9068561.0,9068603 44 866.5 527.4 545
SSACC R,9068605.0,
ESACC R,9068605.0,9068627 24 863.5 529.4 797.1 530.5 1.79 193
SFIX R,9068629.0,
EFIX R,9068629.0,9068745 118 807.1 523.7 549
SSACC R,9068747.0,
ESACC R,9068747.0,9068763 18 807.2 523.9 846.2 523.9 1.05 101
SFIX R,9068765.0,
EFIX R,9068765.0,9069389 626 843.5 526.1 551
SSACC R,9069391.0,
ESACC R,9069391.0,9069407 18 841.1 525.4 856.9 526.1 0.43 60
SFIX R,9069409.0,
EFIX R,9069409.0,9072547 3140 849.0 532.3 619
SSACC R,9072549.0,
ESACC R,9072549.0,9072555 8 840.2 534.1 850.7 532.6 0.29 48
SFIX R,9072557.0,
EFIX R,9072557.0,9073367 812 846.3 526.7 456
SSACC R,9073369.0,
ESACC R,9073369.0,9073383 16 839.3 523.9 830.3 521.8 0.25 54
SFIX R,9073385.0,
EFIX R,9073385.0,9073859 476 829.0 521.1 450
SSACC R,9073861.0,
ESACC R,9073861.0,9073879 20 824.6 526.5 853.3 525.4 0.78 82
SFIX R,9073881.0,
EFIX R,9073881.0,9074093 214 849.6 531.2 529
SSACC R,9074095.0,
ESACC R,9074095.0,9074109 16 852.1 533.9 830.3 538.7 0.60 73
SFIX R,9074111.0,
EFIX R,9074111.0,9074957 848 829.0 540.8 654
SSACC R,9074959.0,
ESACC R,9074959.0,9074981 24 816.1 547.7 857.4 546.6 1.12 126
SFIX R,9074983.0,
EFIX R,9074983.0,9075123 142 852.1 550.6 748
SSACC R,9075125.0,
ESACC R,9075125.0,9075145 22 854.0 553.9 825.8 560.9 0.79 111
SFIX R,9075147.0,
EFIX R,9075147.0,9075585 440 836.6 559.3 784
SSACC R,9075587.0,
ESACC R,9075587.0,9075607 22 842.0 557.5 856.6 549.2 0.45 84
SFIX R,9075609.0,
EFIX R,9075609.0,9076611 1004 851.5 556.5 726
SSACC R,9076613.0,
ESACC R,9076613.0,9076633 22 857.1 555.9 820.6 564.2 1.01 122
SFIX R,9076635.0,
EFIX R,9076635.0,9076735 102 830.9 558.7 810
SSACC R,9076737.0,
ESACC R,9076737.0,9076765 30 830.2 556.9 862.8 551.5 0.89 162
SFIX R,9076767.0,
EFIX R,9076767.0,9076969 204 863.8 543.4 807
SSACC R,9076971.0,
ESACC R,9076971.0,9076985 16 864.4 538.4 847.9 544.0 0.47 62
SFIX R,9076987.0,
EFIX R,9076987.0,9080605 3620 848.6 532.9 606
SSACC R,9080607.0,
ESACC R,9080607.0,9080611 6 857.4 523.2 848.8 526.8 0.25 50
SFIX R,9080613.0,
EFIX R,9080613.0,9083457 2846 844.0 524.9 540
SSACC R,9083459.0,
ESACC R,9083459.0,9083485 28 849.5 530.8 886.2 525.0 1.01 150
SFIX R,9083487.0,
EFIX R,9083487.0,9083595 110 889.5 530.2 610
SSACC R,9083597.0,
ESACC R,9083597.0,9083617 22 892.0 531.0 866.1 545.6 0.81 113
SFIX R,9083619.0,
EFIX R,9083619.0,9085979 2362 866.1 543.7 853
SSACC R,9085981.0,
ESACC R,9085981.0,9086011 32 876.4 532.7 914.8 537.1 1.05 198
SFIX R,9086013.0,
EFIX R,9086013.0,9086113 102 914.3 538.3 986
SSACC R,9086115.0,
ESACC R,9086115.0,9086137 24 910.4 539.7 868.4 547.5 1.16 132
SFIX R,9086139.0,
EFIX R,9086139.0,9090353 4216 865.1 542.6 782
SSACC R,9090355.0,
ESACC R,9090355.0,9090373 20 872.8 536.4 885.9 541.2 0.38 70
SFIX R,9090375.0,
EFIX R,9090375.0,9090675 302 879.5 544.2 851
SSACC R,9090677.0,
ESACC R,9090677.0,9090705 30 878.2 550.5 898.8 548.9 0.56 115
SFIX R,9090707.0,
EFIX R,9090707.0,9090857 152 889.6 546.9 863
SSACC R,9090859.0,
ESACC R,9090859.0,9090869 12 886.1 545.6 861.9 547.2 0.66 71
SFIX R,9090871.0,
EFIX R,9090871.0,9091633 764 869.9 544.5 885
SSACC R,9091635.0,
ESACC R,9091635.0,9091657 24 858.2 549.4 898.4 550.0 1.09 134
SFIX R,9091659.0,
EFIX R,9091659.0,9091727 70 888.1 551.3 851
SSACC R,9091729.0,
ESACC R,9091729.0,9091751 24 886.7 551.3 838.2 550.7 1.31 149
SFIX R,9091753.0,
EFIX R,9091753.0,9092067 316 852.2 542.3 874
SSACC R,9092069.0,
ESACC R,9092069.0,9092075 8 859.4 542.9 873.7 544.5 0.39 57
SFIX R,9092077.0,
EFIX R,9092077.0,9092269 194 866.9 541.0 824
SSACC R,9092271.0,
SBLINK R,9092295.0,
EBLINK R,9092295.0,9092315 22
ESACC R,9092271.0,9092361 92 862.5 545.4 894.2 505.8 1.37 2239
SFIX R,9092363.0,
EFIX R,9092363.0,9092721 360 872.2 526.6 730
SSACC R,9092723.0,
ESACC R,9092723.0,9092741 20 864.8 532.6 842.9 551.1 0.78 98
SFIX R,9092743.0,
EFIX R,9092743.0,9095377 2636 842.8 527.5 548
SSACC R,9095379.0,
ESACC R,9095379.0,9095401 24 846.4 535.8 846.3 533.2 0.07 69
SFIX R,9095403.0,
EFIX R,9095403.0,9096011 610 852.4 537.6 655
SSACC R,9096013.0,
ESACC R,9096013.0,9096033 22 867.1 540.7 878.8 535.1 0.35 70
SFIX R,9096035.0,
EFIX R,9096035.0,9096101 68 877.3 535.8 718
SSACC R,9096103.0,
ESACC R,9096103.0,9096123 22 878.9 536.1 860.9 539.7 0.50 103
SFIX R,9096125.0,
EFIX R,9096125.0,9096357 234 866.2 534.2 723
SSACC R,9096359.0,
ESACC R,9096359.0,9096439 82 881.9 536.0 891.3 526.2 0.37 545
SFIX R,9096441.0,
EFIX R,9096441.0,9096695 256 882.0 553.6 734
SSACC R,9096697.0,
ESACC R,9096697.0,9096711 16 876.8 561.6 868.4 553.8 0.31 56
SFIX R,9096713.0,
EFIX R,9096713.0,9097649 938 860.2 544.3 622
SSACC R,9097651.0,
ESACC R,9097651.0,9097655 6 845.4 536.5 851.0 533.3 0.17 45
SFIX R,9097657.0,
EFIX R,9097657.0,9099791 2136 850.4 538.9 696
SSACC R,9099793.0,
ESACC R,9099793.0,9099815 24 855.9 550.6 874.7 549.7 0.51 109
SFIX R,9099817.0,
EFIX R,9099817.0,9100229 414 847.2 546.3 804
SSACC R,9100231.0,
ESACC R,9100231.0,9100241 12 854.2 540.3 875.2 539.9 0.57 63
SFIX R,9100243.0,
EFIX R,9100243.0,9100515 274 868.8 539.9 876
SSACC R,9100517.0,
SBLINK R,9100539.0,
EBLINK R,9100539.0,9100591 54
ESACC R,9100517.0,9100627 112 873.6 540.5 869.6 519.7 0.57 1096
SFIX R,9100629.0,
EFIX R,9100629.0,9103305 2678 868.8 566.1 951
SSACC R,9103307.0,
ESACC R,9103307.0,9103331 26 869.1 560.1 870.2 560.5 0.03 98
SFIX R,9103333.0,
EFIX R,9103333.0,9105047 1716 857.4 562.5 1085
SSACC R,9105049.0,
ESACC R,9105049.0,9105065 18 841.4 574.0 847.4 571.0 0.18 52
SFIX R,9105067.0,
EFIX R,9105067.0,9105829 764 855.0 564.2 961
SSACC R,9105831.0,
ESACC R,9105831.0,9105859 30 857.2 566.1 847.8 559.9 0.30 138
SFIX R,9105861.0,
EFIX R,9105861.0,9106045 186 837.3 561.7 974
SSACC R,9106047.0,
ESACC R,9106047.0,9106063 18 833.4 561.4 865.5 565.2 0.87 92
SFIX R,9106065.0,
EFIX R,9106065.0,9106773 710 858.7 554.2 873
SSACC R,9106775.0,
ESACC R,9106775.0,9106783 10 850.7 549.3 864.4 553.2 0.39 53
SFIX R,9106785.0,
EFIX R,9106785.0,9106967 184 860.0 545.2 685
SSACC R,9106969.0,
ESACC R,9106969.0,9106983 16 859.5 540.0 848.5 543.9 0.32 61
SFIX R,9106985.0,
EFIX R,9106985.0,9107129 146 851.4 542.9 643
SSACC R,9107131.0,
SBLINK R,9107153.0,
EBLINK R,9107153.0,9107165 14
ESACC R,9107131.0,9107201 72 851.5 550.6 872.9 515.1 1.12 1195
SFIX R,9107203.0,
EFIX R,9107203.0,9107595 394 863.8 550.0 638
SSACC R,9107597.0,
SBLINK R,9107615.0,
EBLINK R,9107615.0,9107697 84
ESACC R,9107597.0,9107729 134 868.8 555.7 870.4 499.0 1.54 510
SFIX R,9107731.0,
EFIX R,9107731.0,9109153 1424 865.8 534.2 665
SSACC R,9109155.0,
ESACC R,9109155.0,9109177 24 882.1 547.8 896.9 544.4 0.41 83
SFIX R,9109179.0,
EFIX R,9109179.0,9109467 290 892.8 547.7 936
SSACC R,9109469.0,
ESACC R,9109469.0,9109489 22 887.6 540.6 889.6 549.7 0.25 75
SFIX R,9109491.0,
EFIX R,9109491.0,9109807 318 881.0 546.8 1042
SSACC R,9109809.0,
ESACC R,9109809.0,9109831 24 879.0 552.0 891.2 546.9 0.36 86
SFIX R,9109833.0,
EFIX R,9109833.0,9111281 1450 872.2 556.1 1074
SSACC R,9111283.0,
SBLINK R,9111301.0,
EBLINK R,9111301.0,9111393 94
ESACC R,9111283.0,9111427 146 868.5 561.1 897.0 549.0 0.84 668
SFIX R,9111429.0,
EFIX R,9111429.0,9111691 264 890.8 557.1 1014
SSACC R,9111693.0,
ESACC R,9111693.0,9111709 18 889.2 562.5 876.8 550.8 0.46 77
SFIX R,9111711.0,
EFIX R,9111711.0,9113459 1750 881.0 554.6 948
SSACC R,9113461.0,
ESACC R,9113461.0,9113473 14 917.5 557.8 899.6 558.6 0.49 60
SFIX R,9113475.0,
EFIX R,9113475.0,9114477 1004 896.1 555.7 1141
SSACC R,9114479.0,
SBLINK R,9114501.0,
EBLINK R,9114501.0,9114573 74
ESACC R,9114479.0,9114605 128 885.8 571.7 892.6 564.3 0.27 1404
SFIX R,9114607.0,
EFIX R,9114607.0,9114935 330 883.1 558.1 1093
SSACC R,9114937.0,
ESACC R,9114937.0,9114945 10 866.3 555.7 883.1 551.1 0.47 59
SFIX R,9114947.0,
EFIX R,9114947.0,9116633 1688 873.8 549.0 1019
SSACC R,9116635.0,
ESACC R,9116635.0,9116653 20 882.8 537.8 883.2 538.5 0.02 68
SFIX R,9116655.0,
EFIX R,9116655.0,9116865 212 884.5 547.9 1078
SSACC R,9116867.0,
ESACC R,9116867.0,9116895 30 888.5 554.6 909.5 554.2 0.57 168
SFIX R,9116897.0,
EFIX R,9116897.0,9116937 42 917.0 554.9 1050
SSACC R,9116939.0,
ESACC R,9116939.0,9116971 34 915.5 553.9 864.9 550.1 1.38 251
SFIX R,9116973.0,
EFIX R,9116973.0,9117067 96 857.9 551.9 1036
SSACC R,9117069.0,
ESACC R,9117069.0,9117099 32 859.6 553.0 901.9 558.3 1.16 202
SFIX R,9117101.0,
EFIX R,9117101.0,9119961 2862 888.7 560.4 871
SSACC R,9119963.0,
ESACC R,9119963.0,9119979 18 882.4 564.6 877.4 569.1 0.18 59
SFIX R,9119981.0,
EFIX R,9119981.0,9120719 740 880.9 565.0 938
SSACC R,9120721.0,
ESACC R,9120721.0,9120741 22 885.3 560.4 894.8 552.9 0.33 78
SFIX R,9120743.0,
EFIX R,9120743.0,9121129 388 894.7 556.2 989
SSACC R,9121131.0,
ESACC R,9121131.0,9121149 20 899.7 557.5 906.8 560.3 0.21 68
SFIX R,9121151.0,
EFIX R,9121151.0,9122011 862 873.7 553.9 935
SSACC R,9122013.0,
ESACC R,9122013.0,9122027 16 864.5 551.2 874.0 553.6 0.27 57
SFIX R,9122029.0,
EFIX R,9122029.0,9122565 538 864.9 554.3 754
SSACC R,9122567.0,
SBLINK R,9122585.0,
EBLINK R,9122585.0,9122637 54
ESACC R,9122567.0,9122675 110 876.7 571.8 879.7 536.0 0.97 2369
SFIX R,9122677.0,
EFIX R,9122677.0,9123991 1316 880.2 547.4 760
SSACC R,9123993.0,
ESACC R,9123993.0,9124015 24 883.9 533.8 894.0 534.4 0.27 98
SFIX R,9124017.0,
EFIX R,9124017.0,9124623 608 885.0 540.2 958
SSACC R,9124625.0,
ESACC R,9124625.0,9124643 20 879.0 545.2 904.3 548.3 0.69 107
SFIX R,9124645.0,
EFIX R,9124645.0,9124925 282 884.7 548.5 921
SSACC R,9124927.0,
ESACC R,9124927.0,9124951 26 884.6 549.5 874.8 548.2 0.27 90
SFIX R,9124953.0,
EFIX R,9124953.0,9125017 66 871.3 548.8 967
SSACC R,9125019.0,
ESACC R,9125019.0,9125051 34 870.0 546.8 914.5 554.0 1.22 257
SFIX R,9125053.0,
EFIX R,9125053.0,9125153 102 923.6 549.9 976
SSACC R,9125155.0,
ESACC R,9125155.0,9125177 24 921.6 547.5 872.7 555.3 1.34 151
SFIX R,9125179.0,
EFIX R,9125179.0,9125643 466 867.0 549.3 935
SSACC R,9125645.0,
ESACC R,9125645.0,9125651 8 851.9 549.3 863.8 549.3 0.32 51
SFIX R,9125653.0,
EFIX R,9125653.0,9129629 3978 864.4 543.2 726
SSACC R,9129631.0,
ESACC R,9129631.0,9129651 22 854.2 511.1 839.6 520.7 0.47 87
SFIX R,9129653.0,
EFIX R,9129653.0,9129819 168 850.2 516.9 739
SSACC R,9129821.0,
ESACC R,9129821.0,9129845 26 849.1 515.6 862.1 522.3 0.40 111
SFIX R,9129847.0,
EFIX R,9129847.0,9130007 162 866.4 519.4 793
SSACC R,9130009.0,
SBLINK R,9130031.0,
EBLINK R,9130031.0,9130079 50
ESACC R,9130009.0,9130121 114 872.5 513.9 882.4 509.3 0.30 2024
SFIX R,9130123.0,
EFIX R,9130123.0,9131297 1176 862.4 527.3 729
SSACC R,9131299.0,
ESACC R,9131299.0,9131317 20 857.6 529.2 883.3 526.9 0.70 92
SFIX R,9131319.0,
EFIX R,9131319.0,9131731 414 875.9 527.7 799
SSACC R,9131733.0,
ESACC R,9131733.0,9131825 94 877.2 532.7 1326.8 594.7 12.12 442
SFIX R,9131827.0,
EFIX R,9131827.0,9131985 160 1307.6 590.9 889
SSACC R,9131987.0,
ESACC R,9131987.0,9132033 48 1311.6 590.8 987.8 551.3 8.72 570
SFIX R,9132035.0,
EFIX R,9132035.0,9132373 340 955.2 561.9 830
SSACC R,9132375.0,
ESACC R,9132375.0,9132395 22 944.3 563.5 864.6 543.1 2.23 205
SFIX R,9132397.0,
EFIX R,9132397.0,9133831 1436 877.1 535.4 824
SSACC R,9133833.0,
SBLINK R,9133855.0,
EBLINK R,9133855.0,9133897 44
ESACC R,9133833.0,9133933 102 876.0 539.0 886.5 511.1 0.81 1117
SFIX R,9133935.0,
EFIX R,9133935.0,9141857 7924 864.6 532.7 892
SSACC R,9141859.0,
ESACC R,9141859.0,9141887 30 858.1 526.4 855.8 525.1 0.07 108
SFIX R,9141889.0,
EFIX R,9141889.0,9142433 546 859.6 534.9 763
SSACC R,9142435.0,
ESACC R,9142435.0,9142463 30 854.0 536.1 898.7 532.1 1.21 184
SFIX R,9142465.0,
EFIX R,9142465.0,9142497 34 899.1 530.6 733
SSACC R,9142499.0,
ESACC R,9142499.0,9142529 32 900.3 530.6 847.0 528.7 1.44 218
SFIX R,9142531.0,
EFIX R,9142531.0,9142583 54 841.7 528.4 739
SSACC R,9142585.0,
ESACC R,9142585.0,9142611 28 842.8 527.9 869.6 528.4 0.73 127
SFIX R,9142613.0,
EFIX R,9142613.0,9143167 556 861.9 518.0 774
SSACC R,9143169.0,
ESACC R,9143169.0,9143187 20 849.7 514.7 820.8 519.4 0.79 102
SFIX R,9143189.0,
EFIX R,9143189.0,9143303 116 825.9 518.5 712
SSACC R,9143305.0,
ESACC R,9143305.0,9143333 30 826.0 517.4 872.5 517.4 1.26 177
SFIX R,9143335.0,
EFIX R,9143335.0,9143459 126 872.9 521.0 729
SSACC R,9143461.0,
ESACC R,9143461.0,9143487 28 871.9 519.7 848.3 524.4 0.65 131
SFIX R,9143489.0,
EFIX R,9143489.0,9144123 636 850.8 518.4 829
SSACC R,9144125.0,
ESACC R,9144125.0,9144145 22 860.6 513.0 874.7 510.1 0.39 81
SFIX R,9144147.0,
EFIX R,9144147.0,9145849 1704 874.6 525.2 1032
SSACC R,9145851.0,
ESACC R,9145851.0,9145881 32 910.1 535.4 892.9 544.6 0.53 161
SFIX R,9145883.0,
EFIX R,9145883.0,9146025 144 887.1 546.9 1180
SSACC R,9146027.0,
ESACC R,9146027.0,9146055 30 887.8 546.3 920.7 544.3 0.89 153
SFIX R,9146057.0,
EFIX R,9146057.0,9146283 228 924.0 541.5 1202
SSACC R,9146285.0,
ESACC R,9146285.0,9146301 18 926.0 544.9 916.4 553.2 0.34 54
SFIX R,9146303.0,
EFIX R,9146303.0,9147487 1186 902.6 555.0 1096
SSACC R,9147489.0,
SBLINK R,9147513.0,
EBLINK R,9147513.0,9147557 46
ESACC R,9147489.0,9147589 102 902.6 565.4 923.2 529.0 1.13 1519
SFIX R,9147591.0,
EFIX R,9147591.0,9150217 2628 911.0 525.8 1097
SSACC R,9150219.0,
ESACC R,9150219.0,9150247 30 905.3 516.0 907.6 523.7 0.22 138
SFIX R,9150249.0,
EFIX R,9150249.0,9151135 888 905.9 508.8 1232
SSACC R,9151137.0,
ESACC R,9151137.0,9151205 70 911.9 510.8 930.5 497.1 0.63 1186
SFIX R,9151207.0,
EFIX R,9151207.0,9151417 212 923.6 486.5 1309
SSACC R,9151419.0,
SBLINK R,9151461.0,
EBLINK R,9151461.0,9151559 100
ESACC R,9151419.0,9151607 190 921.6 478.8 934.1 490.7 0.47 1712
SFIX R,9151609.0,
EFIX R,9151609.0,9151847 240 924.3 503.3 1294
SSACC R,9151849.0,
ESACC R,9151849.0,9151869 22 917.1 508.6 887.5 511.6 0.81 112
SFIX R,9151871.0,
EFIX R,9151871.0,9152069 200 889.4 508.7 1176
SSACC R,9152071.0,
ESACC R,9152071.0,9152085 16 884.0 512.4 904.1 511.6 0.55 83
SFIX R,9152087.0,
EFIX R,9152087.0,9152811 726 893.5 532.9 956
SSACC R,9152813.0,
SBLINK R,9152853.0,
EBLINK R,9152853.0,9152885 34
ESACC R,9152813.0,9152915 104 902.4 529.0 917.0 541.3 0.52 940
SFIX R,9152917.0,
EFIX R,9152917.0,9153007 92 912.3 517.4 1066
SSACC R,9153009.0,
SBLINK R,9153035.0,
EBLINK R,9153035.0,9153111 78
ESACC R,9153009.0,9153145 138 921.8 513.4 904.4 530.4 0.66 1006
SFIX R,9153147.0,
EFIX R,9153147.0,9153197 52 903.1 509.6 1150
SSACC R,9153199.0,
SBLINK R,9153227.0,
EBLINK R,9153227.0,9153329 104
ESACC R,9153199.0,9153359 162 903.6 509.1 917.8 518.4 0.46 1352
SFIX R,9153361.0,
EFIX R,9153361.0,9153445 86 909.7 528.7 1110
SSACC R,9153447.0,
SBLINK R,9153467.0,
EBLINK R,9153467.0,9153563 98
ESACC R,9153447.0,9153591 146 908.2 537.9 908.4 524.2 0.37 1229
SFIX R,9153593.0,
EFIX R,9153593.0,9153669 78 906.3 550.1 921
SSACC R,9153671.0,
SBLINK R,9153689.0,
EBLINK R,9153689.0,9153781 94
ESACC R,9153671.0,9153809 140 915.0 557.9 885.9 556.1 0.79 840
SFIX R,9153811.0,
EFIX R,9153811.0,9153901 92 882.3 582.9 799
SSACC R,9153903.0,
SBLINK R,9153919.0,
EBLINK R,9153919.0,9154019 102
ESACC R,9153903.0,9154045 144 889.7 594.0 890.1 533.4 1.64 866
SFIX R,9154047.0,
EFIX R,9154047.0,9154103 58 880.3 552.0 758
SSACC R,9154105.0,
SBLINK R,9154135.0,
EBLINK R,9154135.0,9154251 118
ESACC R,9154105.0,9154283 180 875.2 547.1 868.7 565.0 0.52 929
SFIX R,9154285.0,
EFIX R,9154285.0,9154703 420 872.6 549.9 745
SSACC R,9154705.0,
ESACC R,9154705.0,9154709 6 864.0 539.6 875.1 539.6 0.30 60
SFIX R,9154711.0,
EFIX R,9154711.0,9155433 724 890.4 528.9 865
SSACC R,9155435.0,
ESACC R,9155435.0,9155441 8 908.1 512.8 895.1 508.5 0.37 54
SFIX R,9155443.0,
EFIX R,9155443.0,9155783 342 895.1 510.8 1101
SSACC R,9155785.0,
ESACC R,9155785.0,9155807 24 893.0 514.3 893.3 515.8 0.04 84
SFIX R,9155809.0,
EFIX R,9155809.0,9156235 428 888.7 506.1 1125
SSACC R,9156237.0,
ESACC R,9156237.0,9156261 26 879.4 496.8 896.3 493.6 0.47 113
SFIX R,9156263.0,
EFIX R,9156263.0,9156483 222 898.3 499.0 1242
SSACC R,9156485.0,
ESACC R,9156485.0,9156507 24 893.8 501.0 898.1 512.8 0.34 74
SFIX R,9156509.0,
EFIX R,9156509.0,9157459 952 895.5 513.4 1268
SSACC R,9157461.0,
ESACC R,9157461.0,9157489 30 898.2 516.9 907.8 517.0 0.26 131
SFIX R,9157491.0,
EFIX R,9157491.0,9158095 606 904.2 508.7 1312
SSACC R,9158097.0,
ESACC R,9158097.0,9158127 32 896.4 508.7 909.1 504.4 0.36 138
SFIX R,9158129.0,
EFIX R,9158129.0,9158325 198 916.7 505.2 1359
SSACC R,9158327.0,
ESACC R,9158327.0,9158349 24 920.6 499.5 911.9 502.6 0.25 85
SFIX R,9158351.0,
EFIX R,9158351.0,9159069 720 898.2 502.3 1394
SSACC R,9159071.0,
ESACC R,9159071.0,9159091 22 900.5 503.1 895.6 507.2 0.17 69
SFIX R,9159093.0,
EFIX R,9159093.0,9159349 258 900.7 512.7 1474
SSACC R,9159351.0,
ESACC R,9159351.0,9159371 22 900.3 513.4 917.7 510.2 0.48 91
SFIX R,9159373.0,
EFIX R,9159373.0,9159775 404 911.2 513.9 1477
SSACC R,9159777.0,
ESACC R,9159777.0,9159795 20 904.2 524.2 906.9 531.2 0.20 61
SFIX R,9159797.0,
EFIX R,9159797.0,9161017 1222 905.0 521.8 1472
SSACC R,9161019.0,
ESACC R,9161019.0,9161039 22 892.2 512.0 905.0 513.0 0.35 73
SFIX R,9161041.0,
EFIX R,9161041.0,9162987 1948 882.8 501.0 1449
SSACC R,9162989.0,
ESACC R,9162989.0,9163015 28 875.0 500.0 895.9 497.1 0.57 117
SFIX R,9163017.0,
EFIX R,9163017.0,9163161 146 899.1 497.1 1393
SSACC R,9163163.0,
ESACC R,9163163.0,9163181 20 897.2 494.2 884.3 504.3 0.44 86
SFIX R,9163183.0,
EFIX R,9163183.0,9167779 4598 897.8 488.2 1425
SSACC R,9167781.0,
ESACC R,9167781.0,9167809 30 895.5 476.2 916.7 477.6 0.58 132
SFIX R,9167811.0,
EFIX R,9167811.0,9168241 432 920.7 482.5 1569
SSACC R,9168243.0,
ESACC R,9168243.0,9168299 58 913.5 484.9 926.7 498.7 0.52 128
SFIX R,9168301.0,
EFIX R,9168301.0,9168407 108 921.6 495.4 1557
SSACC R,9168409.0,
ESACC R,9168409.0,9168435 28 920.6 493.3 898.6 492.0 0.60 133
SFIX R,9168437.0,
EFIX R,9168437.0,9168897 462 887.1 498.7 1500
SSACC R,9168899.0,
ESACC R,9168899.0,9168903 6 891.4 518.7 902.6 518.9 0.30 52
SFIX R,9168905.0,
EFIX R,9168905.0,9170381 1478 900.5 503.2 1425
SSACC R,9170383.0,
ESACC R,9170383.0,9170413 32 907.2 481.2 941.9 473.7 0.96 182
SFIX R,9170415.0,
EFIX R,9170415.0,9170511 98 950.0 469.9 1562
SSACC R,9170513.0,
ESACC R,9170513.0,9170543 32 952.5 468.5 928.7 474.3 0.66 143
SFIX R,9170545.0,
EFIX R,9170545.0,9172113 1570 915.0 486.1 1646
SSACC R,9172115.0,
ESACC R,9172115.0,9172137 24 919.2 487.7 916.7 491.9 0.13 69
SFIX R,9172139.0,
EFIX R,9172139.0,9172609 472 906.0 494.5 1687
SSACC R,9172611.0,
ESACC R,9172611.0,9172627 18 900.5 497.2 909.4 499.0 0.25 53
SFIX R,9172629.0,
EFIX R,9172629.0,9173587 960 907.7 493.9 1650
SSACC R,9173589.0,
ESACC R,9173589.0,9173615 28 907.4 484.2 920.8 489.1 0.39 107
SFIX R,9173617.0,
EFIX R,9173617.0,9173801 186 923.5 483.7 1660
SSACC R,9173803.0,
ESACC R,9173803.0,9173821 20 923.2 480.9 914.6 479.4 0.24 70
SFIX R,9173823.0,
EFIX R,9173823.0,9174239 418 913.1 477.5 1652
SSACC R,9174241.0,
ESACC R,9174241.0,9174261 22 906.1 479.7 909.2 478.4 0.09 74
SFIX R,9174263.0,
EFIX R,9174263.0,9179469 5208 897.9 477.8 1682
SSACC R,9179471.0,
ESACC R,9179471.0,9179501 32 890.3 490.1 945.6 498.4 1.52 228
SFIX R,9179503.0,
EFIX R,9179503.0,9179607 106 947.7 496.3 1715
SSACC R,9179609.0,
ESACC R,9179609.0,9179637 30 947.2 497.9 900.5 494.2 1.27 199
SFIX R,9179639.0,
EFIX R,9179639.0,9179867 230 892.1 492.1 1713
SSACC R,9179869.0,
ESACC R,9179869.0,9179895 28 896.1 486.6 919.5 482.6 0.64 131
SFIX R,9179897.0,
EFIX R,9179897.0,9180013 118 921.6 483.3 1698
SSACC R,9180015.0,
ESACC R,9180015.0,9180035 22 917.7 482.5 889.2 490.1 0.80 109
SFIX R,9180037.0,
EFIX R,9180037.0,9182289 2254 892.5 508.6 1588
SSACC R,9182291.0,
ESACC R,9182291.0,9182307 18 912.2 513.8 912.9 505.9 0.21 66
SFIX R,9182309.0,
EFIX R,9182309.0,9183951 1644 901.9 519.1 1652
SSACC R,9183953.0,
ESACC R,9183953.0,9183973 22 891.0 536.1 919.5 546.0 0.82 98
SFIX R,9183975.0,
EFIX R,9183975.0,9184091 118 912.8 543.2 1597
SSACC R,9184093.0,
ESACC R,9184093.0,9184115 24 912.5 540.6 899.1 538.8 0.37 94
SFIX R,9184117.0,
EFIX R,9184117.0,9185845 1730 897.8 531.0 1457
SSACC R,9185847.0,
ESACC R,9185847.0,9185863 18 911.2 523.5 934.6 526.8 0.64 77
SFIX R,9185865.0,
EFIX R,9185865.0,9187165 1302 919.5 532.0 1345
SSACC R,9187167.0,
ESACC R,9187167.0,9187189 24 917.7 530.5 904.9 534.8 0.37 72
SFIX R,9187191.0,
EFIX R,9187191.0,9193239 6050 903.2 542.9 940
SSACC R,9193241.0,
ESACC R,9193241.0,9193259 20 881.9 535.7 909.6 533.3 0.75 95
SFIX R,9193261.0,
EFIX R,9193261.0,9193395 136 905.1 534.4 776
SSACC R,9193397.0,
ESACC R,9193397.0,9193413 18 901.0 529.7 877.8 543.6 0.73 90
SFIX R,9193415.0,
EFIX R,9193415.0,9193879 466 879.5 535.5 743
SSACC R,9193881.0,
ESACC R,9193881.0,9193895 16 876.7 532.4 909.2 523.3 0.91 84
SFIX R,9193897.0,
EFIX R,9193897.0,9194043 148 901.2 518.3 708
SSACC R,9194045.0,
ESACC R,9194045.0,9194057 14 900.0 520.3 869.1 524.2 0.84 84
SFIX R,9194059.0,
EFIX R,9194059.0,9197053 2996 877.0 526.2 752
SSACC R,9197055.0,
ESACC R,9197055.0,9197077 24 872.9 520.2 919.5 515.3 1.27 155
SFIX R,9197079.0,
EFIX R,9197079.0,9197135 58 910.5 513.6 752
SSACC R,9197137.0,
ESACC R,9197137.0,9197165 30 909.9 514.4 855.2 520.6 1.49 206
SFIX R,9197167.0,
EFIX R,9197167.0,9197201 36 853.2 521.2 763
SSACC R,9197203.0,
ESACC R,9197203.0,9197231 30 851.4 522.1 912.1 515.4 1.65 206
SFIX R,9197233.0,
EFIX R,9197233.0,9197351 120 912.4 516.4 774
SSACC R,9197353.0,
ESACC R,9197353.0,9197373 22 911.1 520.2 876.6 527.9 0.96 115
SFIX R,9197375.0,
EFIX R,9197375.0,9203529 6156 862.5 524.4 777
SSACC R,9203531.0,
ESACC R,9203531.0,9203551 22 853.6 512.1 894.9 507.3 1.13 130
SFIX R,9203553.0,
EFIX R,9203553.0,9203671 120 886.5 508.0 641
SSACC R,9203673.0,
ESACC R,9203673.0,9203691 20 885.7 505.9 850.0 516.0 1.00 112
SFIX R,9203693.0,
EFIX R,9203693.0,9204695 1004 853.5 513.7 662
SSACC R,9204697.0,
ESACC R,9204697.0,9204721 26 857.6 514.3 886.9 509.1 0.81 131
SFIX R,9204723.0,
EFIX R,9204723.0,9204895 174 890.0 508.2 716
SSACC R,9204897.0,
ESACC R,9204897.0,9204903 8 885.1 509.4 869.1 512.8 0.44 68
SFIX R,9204905.0,
EFIX R,9204905.0,9206677 1774 858.2 516.4 672
SSACC R,9206679.0,
ESACC R,9206679.0,9206695 18 847.7 515.7 848.3 520.2 0.12 65
SFIX R,9206697.0,
EFIX R,9206697.0,9206855 160 854.6 514.1 699
SSACC R,9206857.0,
SBLINK R,9206879.0,
EBLINK R,9206879.0,9207389 512
ESACC R,9206857.0,9207421 566 859.2 508.8 995.0 459.0 3.92 846
SFIX R,9207423.0,
EFIX R,9207423.0,9207537 116 971.7 487.6 797
SSACC R,9207539.0,
ESACC R,9207539.0,9207565 28 960.3 492.9 856.7 586.1 3.77 343
SFIX R,9207567.0,
EFIX R,9207567.0,9207871 306 851.5 561.2 848
SSACC R,9207873.0,
ESACC R,9207873.0,9207893 22 841.5 556.6 867.4 544.7 0.77 99
SFIX R,9207895.0,
EFIX R,9207895.0,9211091 3198 865.8 531.0 934
SSACC R,9211093.0,
ESACC R,9211093.0,9211123 32 868.7 532.4 916.6 539.2 1.31 188
SFIX R,9211125.0,
EFIX R,9211125.0,9211163 40 919.5 540.6 1164
SSACC R,9211165.0,
ESACC R,9211165.0,9211197 34 919.7 540.0 852.4 538.4 1.82 252
SFIX R,9211199.0,
EFIX R,9211199.0,9211239 42 845.8 538.5 1179
SSACC R,9211241.0,
ESACC R,9211241.0,9211273 34 842.9 535.8 892.2 537.9 1.34 182
SFIX R,9211275.0,
EFIX R,9211275.0,9211469 196 890.8 539.0 1201
SSACC R,9211471.0,
ESACC R,9211471.0,9211487 18 882.1 542.3 855.7 547.2 0.73 90
SFIX R,9211489.0,
EFIX R,9211489.0,9211943 456 864.1 546.8 1120
SSACC R,9211945.0,
ESACC R,9211945.0,9211949 6 873.4 542.9 881.5 544.4 0.22 45
SFIX R,9211951.0,
EFIX R,9211951.0,9212181 232 885.7 541.3 1086
SSACC R,9212183.0,
SBLINK R,9212209.0,
EBLINK R,9212209.0,9212275 68
ESACC R,9212183.0,9212319 138 891.3 530.6 900.7 538.0 0.32 1283
SFIX R,9212321.0,
EFIX R,9212321.0,9212797 478 893.3 531.1 1100
SSACC R,9212799.0,
ESACC R,9212799.0,9212811 14 889.8 546.1 887.6 551.7 0.16 48
SFIX R,9212813.0,
EFIX R,9212813.0,9213541 730 901.3 543.7 1035
SSACC R,9213543.0,
ESACC R,9213543.0,9213561 20 918.4 531.1 904.9 530.7 0.37 79
SFIX R,9213563.0,
EFIX R,9213563.0,9213955 394 918.7 529.0 1198
SSACC R,9213957.0,
ESACC R,9213957.0,9213961 6 920.7 533.2 928.5 533.0 0.21 51
SFIX R,9213963.0,
EFIX R,9213963.0,9214573 612 920.9 527.9 1261
SSACC R,9214575.0,
ESACC R,9214575.0,9214583 10 910.9 524.2 918.4 519.7 0.24 53
SFIX R,9214585.0,
EFIX R,9214585.0,9215627 1044 911.3 519.5 1419
SSACC R,9215629.0,
ESACC R,9215629.0,9215649 22 922.9 527.9 960.8 536.8 1.06 122
SFIX R,9215651.0,
EFIX R,9215651.0,9215775 126 948.7 535.3 1502
SSACC R,9215777.0,
ESACC R,9215777.0,9215799 24 948.6 536.0 910.5 537.8 1.03 134
SFIX R,9215801.0,
EFIX R,9215801.0,9216091 292 916.8 535.1 1478
SSACC R,9216093.0,
ESACC R,9216093.0,9216097 6 916.4 532.3 923.6 527.9 0.23 43
SFIX R,9216099.0,
EFIX R,9216099.0,9216527 430 925.9 522.2 1385
SSACC R,9216529.0,
ESACC R,9216529.0,9216547 20 934.5 522.5 945.6 511.7 0.42 79
SFIX R,9216549.0,
EFIX R,9216549.0,9217059 512 938.0 510.0 1374
SSACC R,9217061.0,
ESACC R,9217061.0,9217089 30 937.4 513.6 920.6 523.9 0.53 139
SFIX R,9217091.0,
EFIX R,9217091.0,9217305 216 914.8 524.7 1392
SSACC R,9217307.0,
ESACC R,9217307.0,9217311 6 914.4 523.3 922.7 523.7 0.23 53
SFIX R,9217313.0,
EFIX R,9217313.0,9218287 976 928.7 523.8 1230
SSACC R,9218289.0,
ESACC R,9218289.0,9218307 20 922.5 543.5 951.7 539.1 0.80 96
SFIX R,9218309.0,
EFIX R,9218309.0,9218675 368 933.7 542.2 1064
SSACC R,9218677.0,
ESACC R,9218677.0,9218691 16 925.4 541.8 919.3 546.1 0.20 56
SFIX R,9218693.0,
EFIX R,9218693.0,9221111 2420 902.7 526.9 1048
SSACC R,9221113.0,
ESACC R,9221113.0,9221139 28 904.8 529.1 918.9 528.0 0.38 123
SFIX R,9221141.0,
EFIX R,9221141.0,9222317 1178 890.1 550.6 1167
SSACC R,9222319.0,
ESACC R,9222319.0,9222347 30 882.0 561.5 839.6 566.6 1.16 177
SFIX R,9222349.0,
EFIX R,9222349.0,9222477 130 837.8 568.4 986
SSACC R,9222479.0,
ESACC R,9222479.0,9222499 22 839.2 566.9 888.6 566.6 1.34 143
SFIX R,9222501.0,
EFIX R,9222501.0,9223089 590 885.8 567.2 863
SSACC R,9223091.0,
ESACC R,9223091.0,9223105 16 881.6 569.2 883.2 562.1 0.20 59
SFIX R,9223107.0,
EFIX R,9223107.0,9225937 2832 879.9 549.2 903
SSACC R,9225939.0,
ESACC R,9225939.0,9225943 6 874.5 553.9 880.4 552.9 0.16 44
SFIX R,9225945.0,
EFIX R,9225945.0,9228345 2402 872.4 539.7 737
SSACC R,9228347.0,
ESACC R,9228347.0,9228363 18 860.3 549.4 867.8 541.6 0.29 60
SFIX R,9228365.0,
EFIX R,9228365.0,9230891 2528 850.4 529.3 616
SSACC R,9230893.0,
ESACC R,9230893.0,9230915 24 847.0 529.1 855.8 532.0 0.25 90
SFIX R,9230917.0,
EFIX R,9230917.0,9231003 88 841.6 532.4 693
SSACC R,9231005.0,
ESACC R,9231005.0,9231017 14 839.8 534.9 866.7 532.7 0.73 80
SFIX R,9231019.0,
EFIX R,9231019.0,9231521 504 853.8 526.1 611
SSACC R,9231523.0,
ESACC R,9231523.0,9231541 20 845.0 524.9 826.2 526.1 0.51 80
SFIX R,9231543.0,
EFIX R,9231543.0,9231633 92 826.6 528.0 531
SSACC R,9231635.0,
ESACC R,9231635.0,9231653 20 826.7 531.3 873.0 528.2 1.26 129
SFIX R,9231655.0,
EFIX R,9231655.0,9231679 26 867.8 528.7 515
SSACC R,9231681.0,
SBLINK R,9231707.0,
EBLINK R,9231707.0,9231717 12
ESACC R,9231681.0,9231749 70 868.2 521.2 850.0 494.2 0.88 459
SFIX R,9231751.0,
EFIX R,9231751.0,9231913 164 839.6 518.6 510
SSACC R,9231915.0,
ESACC R,9231915.0,9231925 12 838.8 523.6 860.1 527.3 0.59 61
SFIX R,9231927.0,
EFIX R,9231927.0,9232055 130 852.1 529.8 497
SSACC R,9232057.0,
ESACC R,9232057.0,9232073 18 849.5 527.8 819.6 531.0 0.81 82
SFIX R,9232075.0,
EFIX R,9232075.0,9232163 90 825.2 530.5 490
SSACC R,9232165.0,
SBLINK R,9232183.0,
EBLINK R,9232183.0,9232307 126
ESACC R,9232165.0,9232335 172 831.3 531.4 888.1 532.5 1.54 484
SFIX R,9232337.0,
EFIX R,9232337.0,9232533 198 867.7 541.7 483
SSACC R,9232535.0,
ESACC R,9232535.0,9232543 10 854.1 545.5 832.9 540.0 0.59 69
SFIX R,9232545.0,
EFIX R,9232545.0,9233211 668 834.6 539.5 482
SSACC R,9233213.0,
ESACC R,9233213.0,9233221 10 826.3 532.4 835.8 528.6 0.28 57
SFIX R,9233223.0,
EFIX R,9233223.0,9233773 552 839.5 525.1 489
SSACC R,9233775.0,
ESACC R,9233775.0,9233793 20 846.1 530.5 867.8 529.1 0.59 85
SFIX R,9233795.0,
EFIX R,9233795.0,9235719 1926 891.9 535.8 925
SSACC R,9235721.0,
ESACC R,9235721.0,9235735 16 901.8 541.5 910.8 558.5 0.52 56
SFIX R,9235737.0,
EFIX R,9235737.0,9235831 96 908.8 556.4 1043
SSACC R,9235833.0,
ESACC R,9235833.0,9235849 18 907.0 558.7 929.0 556.4 0.60 75
SFIX R,9235851.0,
EFIX R,9235851.0,9235983 134 920.7 556.2 1052
SSACC R,9235985.0,
ESACC R,9235985.0,9236007 24 920.5 561.0 888.6 557.9 0.87 111
SFIX R,9236009.0,
EFIX R,9236009.0,9236057 50 896.4 556.1 1040
SSACC R,9236059.0,
SBLINK R,9236071.0,
EBLINK R,9236071.0,9236191 122
ESACC R,9236059.0,9236209 152 895.1 556.7 886.9 569.1 0.40 104
SFIX R,9236211.0,
EFIX R,9236211.0,9239699 3490 849.7 531.4 480
SSACC R,9239701.0,
ESACC R,9239701.0,9239715 16 842.6 525.8 846.8 529.0 0.14 45
SFIX R,9239717.0,
EFIX R,9239717.0,9243727 4012 833.5 522.3 454
SSACC R,9243729.0,
ESACC R,9243729.0,9243751 24 833.8 510.1 909.3 510.3 2.04 209
SFIX R,9243753.0,
EFIX R,9243753.0,9243861 110 895.1 510.9 468
SSACC R,9243863.0,
ESACC R,9243863.0,9243883 22 894.4 507.6 832.1 517.7 1.71 142
SFIX R,9243885.0,
EFIX R,9243885.0,9244187 304 840.8 512.9 483
SSACC R,9244189.0,
SBLINK R,9244209.0,
EBLINK R,9244209.0,9244277 70
ESACC R,9244189.0,9244307 120 838.2 513.4 862.8 500.6 0.75 526
SFIX R,9244309.0,
EFIX R,9244309.0,9244503 196 847.2 523.3 487
SSACC R,9244505.0,
SBLINK R,9244521.0,
EBLINK R,9244521.0,9244621 102
ESACC R,9244505.0,9244641 138 852.6 536.0 819.3 493.5 1.46 561
SFIX R,9244643.0,
EFIX R,9244643.0,9244835 194 818.7 508.8 476
SSACC R,9244837.0,
ESACC R,9244837.0,9244849 14 820.4 498.6 855.5 510.9 1.01 98
SFIX R,9244851.0,
EFIX R,9244851.0,9247253 2404 859.4 522.0 671
SSACC R,9247255.0,
ESACC R,9247255.0,9247277 24 853.7 549.0 850.9 554.4 0.16 87
SFIX R,9247279.0,
EFIX R,9247279.0,9247395 118 848.6 554.5 924
SSACC R,9247397.0,
ESACC R,9247397.0,9247403 8 851.7 555.1 864.7 556.1 0.35 52
SFIX R,9247405.0,
EFIX R,9247405.0,9247763 360 876.2 545.0 973
SSACC R,9247765.0,
ESACC R,9247765.0,9247781 18 894.5 536.9 891.1 535.7 0.10 60
SFIX R,9247783.0,
EFIX R,9247783.0,9248317 536 891.6 528.9 963
SSACC R,9248319.0,
ESACC R,9248319.0,9248335 18 896.9 536.9 866.7 528.5 0.85 74
SFIX R,9248337.0,
EFIX R,9248337.0,9248483 148 882.9 536.8 1026
SSACC R,9248485.0,
ESACC R,9248485.0,9248499 16 888.5 540.8 919.6 549.5 0.88 94
SFIX R,9248501.0,
EFIX R,9248501.0,9248777 278 916.3 551.5 1066
SSACC R,9248779.0,
ESACC R,9248779.0,9248797 20 916.8 553.1 915.4 558.4 0.15 72
SFIX R,9248799.0,
EFIX R,9248799.0,9249015 218 917.5 555.1 1084
SSACC R,9249017.0,
ESACC R,9249017.0,9249035 20 906.9 552.1 895.3 548.1 0.33 79
SFIX R,9249037.0,
EFIX R,9249037.0,9250551 1516 894.8 551.3 1046
SSACC R,9250553.0,
ESACC R,9250553.0,9250567 16 890.0 552.1 915.2 554.8 0.69 77
SFIX R,9250569.0,
EFIX R,9250569.0,9250875 308 910.8 546.2 1077
SSACC R,9250877.0,
ESACC R,9250877.0,9250895 20 915.3 536.1 893.2 542.7 0.63 89
SFIX R,9250897.0,
EFIX R,9250897.0,9251215 320 902.0 532.4 1063
SSACC R,9251217.0,
ESACC R,9251217.0,9251237 22 901.5 529.0 908.2 527.8 0.18 82
SFIX R,9251239.0,
EFIX R,9251239.0,9252961 1724 886.7 545.4 1043
SSACC R,9252963.0,
ESACC R,9252963.0,9252985 24 897.0 545.2 942.3 548.1 1.23 134
SFIX R,9252987.0,
EFIX R,9252987.0,9253087 102 931.3 546.7 1032
SSACC R,9253089.0,
ESACC R,9253089.0,9253109 22 929.0 546.0 894.4 550.1 0.94 123
SFIX R,9253111.0,
EFIX R,9253111.0,9253403 294 898.7 542.0 1069
SSACC R,9253405.0,
ESACC R,9253405.0,9253421 18 901.9 541.2 918.6 539.3 0.46 75
SFIX R,9253423.0,
EFIX R,9253423.0,9256819 3398 891.9 543.5 805
SSACC R,9256821.0,
ESACC R,9256821.0,9256847 28 856.5 532.3 853.4 534.2 0.10 105
SFIX R,9256849.0,
EFIX R,9256849.0,9257987 1140 856.8 537.0 745
SSACC R,9257989.0,
ESACC R,9257989.0,9258011 24 863.9 548.7 920.8 550.7 1.54 155
SFIX R,9258013.0,
EFIX R,9258013.0,9258113 102 908.5 550.6 826
SSACC R,9258115.0,
ESACC R,9258115.0,9258135 22 907.5 551.9 869.7 561.3 1.06 120
SFIX R,9258137.0,
EFIX R,9258137.0,9258463 328 875.4 560.6 849
SSACC R,9258465.0,
ESACC R,9258465.0,9258481 18 876.6 561.4 873.8 560.6 0.08 56
SFIX R,9258483.0,
EFIX R,9258483.0,9259639 1158 865.9 540.2 788
SSACC R,9259641.0,
ESACC R,9259641.0,9259649 10 855.7 539.7 871.9 539.0 0.44 56
SFIX R,9259651.0,
EFIX R,9259651.0,9259957 308 872.9 539.2 735
SSACC R,9259959.0,
SBLINK R,9259979.0,
EBLINK R,9259979.0,9260051 74
ESACC R,9259959.0,9260091 134 877.5 546.9 893.9 536.6 0.52 1814
SFIX R,9260093.0,
EFIX R,9260093.0,9260315 224 875.0 558.5 661
SSACC R,9260317.0,
ESACC R,9260317.0,9260329 14 869.1 565.8 858.1 552.9 0.46 57
SFIX R,9260331.0,
EFIX R,9260331.0,9261943 1614 838.5 525.9 436
SSACC R,9261945.0,
ESACC R,9261945.0,9261973 30 834.7 518.2 831.8 517.0 0.08 96
SFIX R,9261975.0,
EFIX R,9261975.0,9262471 498 839.7 521.3 451
SSACC R,9262473.0,
ESACC R,9262473.0,9262489 18 848.8 533.2 859.9 534.3 0.30 64
SFIX R,9262491.0,
EFIX R,9262491.0,9262737 248 859.1 538.5 589
SSACC R,9262739.0,
ESACC R,9262739.0,9262751 14 858.0 540.3 850.3 540.3 0.21 50
SFIX R,9262753.0,
EFIX R,9262753.0,9263155 404 852.4 545.3 636
SSACC R,9263157.0,
ESACC R,9263157.0,9263161 6 840.5 548.6 849.6 547.4 0.25 52
SFIX R,9263163.0,
EFIX R,9263163.0,9263667 506 858.1 542.9 714
SSACC R,9263669.0,
ESACC R,9263669.0,9263689 22 865.9 541.6 871.7 539.6 0.17 64
SFIX R,9263691.0,
EFIX R,9263691.0,9264133 444 868.7 544.5 812
SSACC R,9264135.0,
SBLINK R,9264161.0,
EBLINK R,9264161.0,9264351 192
ESACC R,9264135.0,9264395 262 877.8 535.4 893.5 541.6 0.46 1353
SFIX R,9264397.0,
EFIX R,9264397.0,9264643 248 883.9 567.3 683
SSACC R,9264645.0,
ESACC R,9264645.0,9264665 22 882.8 563.3 869.8 546.4 0.58 95
SFIX R,9264667.0,
EFIX R,9264667.0,9267287 2622 848.9 534.6 621
SSACC R,9267289.0,
ESACC R,9267289.0,9267295 8 850.1 550.7 837.0 552.4 0.36 58
SFIX R,9267297.0,
EFIX R,9267297.0,9267535 240 837.4 559.8 763
SSACC R,9267537.0,
ESACC R,9267537.0,9267555 20 840.8 568.1 871.9 561.2 0.86 95
SFIX R,9267557.0,
EFIX R,9267557.0,9267783 228 865.3 567.4 853
SSACC R,9267785.0,
ESACC R,9267785.0,9267805 22 866.4 569.3 865.5 579.0 0.26 60
SFIX R,9267807.0,
EFIX R,9267807.0,9268869 1064 869.2 563.9 863
SSACC R,9268871.0,
ESACC R,9268871.0,9268897 28 899.7 563.5 894.5 568.7 0.20 92
SFIX R,9268899.0,
EFIX R,9268899.0,9269281 384 892.2 563.9 987
SSACC R,9269283.0,
ESACC R,9269283.0,9269301 20 899.3 561.8 894.9 557.7 0.16 70
SFIX R,9269303.0,
EFIX R,9269303.0,9271281 1980 920.4 567.0 1112
SSACC R,9271283.0,
ESACC R,9271283.0,9271305 24 923.0 559.6 986.1 568.7 1.73 157
SFIX R,9271307.0,
EFIX R,9271307.0,9271381 76 969.4 565.7 1100
SSACC R,9271383.0,
ESACC R,9271383.0,9271415 34 970.3 567.9 920.0 576.2 1.38 240
SFIX R,9271417.0,
EFIX R,9271417.0,9271441 26 918.4 569.5 1121
SSACC R,9271443.0,
ESACC R,9271443.0,9271475 34 914.4 568.4 961.3 562.0 1.28 220
SFIX R,9271477.0,
EFIX R,9271477.0,9271587 112 968.0 566.5 1133
SSACC R,9271589.0,
ESACC R,9271589.0,9271611 24 967.5 566.5 927.6 577.6 1.12 126
SFIX R,9271613.0,
EFIX R,9271613.0,9272641 1030 937.5 552.2 1087
SSACC R,9272643.0,
ESACC R,9272643.0,9272671 30 949.4 547.3 925.1 562.0 0.77 160
SFIX R,9272673.0,
EFIX R,9272673.0,9272729 58 916.5 558.7 1215
SSACC R,9272731.0,
ESACC R,9272731.0,9272763 34 914.0 555.6 974.2 549.1 1.64 272
SFIX R,9272765.0,
EFIX R,9272765.0,9272865 102 974.4 544.1 1216
SSACC R,9272867.0,
ESACC R,9272867.0,9272887 22 972.5 539.5 927.9 547.0 1.23 123
SFIX R,9272889.0,
EFIX R,9272889.0,9274181 1294 922.9 554.6 1156
SSACC R,9274183.0,
ESACC R,9274183.0,9274205 24 910.3 568.4 928.2 570.4 0.49 88
SFIX R,9274207.0,
EFIX R,9274207.0,9274419 214 917.0 569.6 1094
SSACC R,9274421.0,
ESACC R,9274421.0,9274443 24 912.5 565.9 905.1 563.7 0.21 85
SFIX R,9274445.0,
EFIX R,9274445.0,9274729 286 895.1 560.5 1080
SSACC R,9274731.0,
ESACC R,9274731.0,9274747 18 890.1 565.0 902.9 563.1 0.35 62
SFIX R,9274749.0,
EFIX R,9274749.0,9275147 400 897.4 571.4 1005
SSACC R,9275149.0,
ESACC R,9275149.0,9275165 18 908.3 566.8 933.6 562.8 0.69 85
SFIX R,9275167.0,
EFIX R,9275167.0,9275321 156 926.3 565.6 947
SSACC R,9275323.0,
ESACC R,9275323.0,9275341 20 923.7 567.9 913.1 574.7 0.34 72
SFIX R,9275343.0,
EFIX R,9275343.0,9275645 304 911.8 581.1 883
SSACC R,9275647.0,
ESACC R,9275647.0,9275663 18 907.7 589.5 914.0 582.6 0.25 69
SFIX R,9275665.0,
EFIX R,9275665.0,9276667 1004 898.2 571.0 829
SSACC R,9276669.0,
SBLINK R,9276689.0,
EBLINK R,9276689.0,9276753 66
ESACC R,9276669.0,9276787 120 888.0 579.2 903.8 544.6 1.03 638
SFIX R,9276789.0,
EFIX R,9276789.0,9277701 914 875.6 552.6 692
SSACC R,9277703.0,
ESACC R,9277703.0,9277727 26 866.6 549.9 867.8 554.8 0.14 77
SFIX R,9277729.0,
EFIX R,9277729.0,9278207 480 864.4 554.9 665
SSACC R,9278209.0,
ESACC R,9278209.0,9278233 26 864.0 559.3 876.1 561.2 0.33 88
SFIX R,9278235.0,
EFIX R,9278235.0,9278767 534 869.0 555.7 776
SSACC R,9278769.0,
ESACC R,9278769.0,9278781 14 862.5 559.0 885.3 556.3 0.62 69
SFIX R,9278783.0,
EFIX R,9278783.0,9280553 1772 880.3 558.8 813
SSACC R,9280555.0,
ESACC R,9280555.0,9280575 22 894.0 560.1 890.8 563.6 0.13 71
SFIX R,9280577.0,
EFIX R,9280577.0,9280895 320 893.7 560.2 903
SSACC R,9280897.0,
ESACC R,9280897.0,9280915 20 885.4 556.7 890.3 557.6 0.14 70
SFIX R,9280917.0,
EFIX R,9280917.0,9281941 1026 878.2 551.8 909
SSACC R,9281943.0,
ESACC R,9281943.0,9281961 20 867.6 553.1 912.9 546.2 1.24 106
SFIX R,9281963.0,
EFIX R,9281963.0,9282091 130 898.9 542.8 817
SSACC R,9282093.0,
ESACC R,9282093.0,9282113 22 896.2 542.0 862.3 548.7 0.94 132
SFIX R,9282115.0,
EFIX R,9282115.0,9282167 54 866.6 544.8 788
SSACC R,9282169.0,
ESACC R,9282169.0,9282191 24 864.8 542.5 908.6 540.9 1.19 142
SFIX R,9282193.0,
EFIX R,9282193.0,9282317 126 901.8 538.4 775
SSACC R,9282319.0,
ESACC R,9282319.0,9282331 14 899.9 537.9 874.5 543.6 0.71 83
SFIX R,9282333.0,
EFIX R,9282333.0,9282663 332 879.6 543.2 752
SSACC R,9282665.0,
ESACC R,9282665.0,9282681 18 872.6 546.0 864.7 543.7 0.22 55
SFIX R,9282683.0,
EFIX R,9282683.0,9287767 5086 865.0 541.6 695
SSACC R,9287769.0,
ESACC R,9287769.0,9287797 30 884.1 534.4 863.7 535.5 0.55 144
SFIX R,9287799.0,
EFIX R,9287799.0,9287891 94 858.5 535.9 939
SSACC R,9287893.0,
ESACC R,9287893.0,9287921 30 857.2 536.0 894.5 537.2 1.01 172
SFIX R,9287923.0,
EFIX R,9287923.0,9291453 3532 890.9 546.3 878
SSACC R,9291455.0,
ESACC R,9291455.0,9291477 24 882.5 551.5 883.7 558.6 0.20 74
SFIX R,9291479.0,
EFIX R,9291479.0,9294167 2690 872.6 546.6 750
SSACC R,9294169.0,
ESACC R,9294169.0,9294189 22 855.2 554.0 860.5 563.2 0.29 71
SFIX R,9294191.0,
EFIX R,9294191.0,9296441 2252 857.8 543.5 714
SSACC R,9296443.0,
SBLINK R,9296507.0,
EBLINK R,9296507.0,9296517 12
ESACC R,9296443.0,9296553 112 861.9 533.3 887.5 513.9 0.87 852
SFIX R,9296555.0,
EFIX R,9296555.0,9296863 310 864.5 534.5 637
SSACC R,9296865.0,
ESACC R,9296865.0,9296879 16 856.5 531.0 854.2 551.8 0.57 68
SFIX R,9296881.0,
EFIX R,9296881.0,9297711 832 853.4 540.1 545
SSACC R,9297713.0,
SBLINK R,9297733.0,
EBLINK R,9297733.0,9297813 82
ESACC R,9297713.0,9297849 138 856.5 545.8 867.6 516.4 0.85 585
SFIX R,9297851.0,
EFIX R,9297851.0,9299043 1194 867.7 539.6 700
SSACC R,9299045.0,
ESACC R,9299045.0,9299057 14 874.6 534.0 888.5 534.5 0.38 60
SFIX R,9299059.0,
EFIX R,9299059.0,9300581 1524 883.3 543.2 874
SSACC R,9300583.0,
ESACC R,9300583.0,9300601 20 884.6 560.9 898.4 563.0 0.38 78
SFIX R,9300603.0,
EFIX R,9300603.0,9300945 344 891.2 564.4 920
SSACC R,9300947.0,
ESACC R,9300947.0,9301021 76 883.7 560.6 912.7 565.4 0.80 226
SFIX R,9301023.0,
EFIX R,9301023.0,9301121 100 916.3 564.5 934
SSACC R,9301123.0,
ESACC R,9301123.0,9301137 16 913.4 563.6 874.1 568.2 1.07 105
SFIX R,9301139.0,
EFIX R,9301139.0,9301467 330 877.4 565.6 944
SSACC R,9301469.0,
ESACC R,9301469.0,9301483 16 870.4 563.6 865.7 568.0 0.17 50
SFIX R,9301485.0,
EFIX R,9301485.0,9306409 4926 855.6 551.8 686
SSACC R,9306411.0,
ESACC R,9306411.0,9306441 32 854.7 545.2 878.3 544.0 0.64 160
SFIX R,9306443.0,
EFIX R,9306443.0,9306557 116 882.1 542.6 761
SSACC R,9306559.0,
ESACC R,9306559.0,9306581 24 883.1 539.3 843.4 546.3 1.09 146
SFIX R,9306583.0,
EFIX R,9306583.0,9306917 336 851.6 544.9 738
SSACC R,9306919.0,
ESACC R,9306919.0,9306933 16 844.2 549.7 862.8 548.3 0.50 70
SFIX R,9306935.0,
EFIX R,9306935.0,9307087 154 855.3 547.7 670
SSACC R,9307089.0,
SBLINK R,9307109.0,
EBLINK R,9307109.0,9307205 98
ESACC R,9307089.0,9307245 158 855.2 549.9 867.8 524.9 0.76 776
SFIX R,9307247.0,
EFIX R,9307247.0,9308501 1256 856.5 549.5 676
SSACC R,9308503.0,
ESACC R,9308503.0,9308525 24 867.2 551.2 878.1 544.6 0.35 84
SFIX R,9308527.0,
EFIX R,9308527.0,9309263 738 877.0 552.1 899
SSACC R,9309265.0,
ESACC R,9309265.0,9309289 26 881.2 550.3 890.4 552.0 0.25 97
SFIX R,9309291.0,
EFIX R,9309291.0,9309587 298 892.0 552.1 957
SSACC R,9309589.0,
ESACC R,9309589.0,9309607 20 886.2 544.1 887.0 542.3 0.05 68
SFIX R,9309609.0,
EFIX R,9309609.0,9310523 916 881.1 538.7 949
SSACC R,9310525.0,
ESACC R,9310525.0,9310541 18 886.8 544.8 898.6 546.3 0.32 75
SFIX R,9310543.0,
EFIX R,9310543.0,9311115 574 899.2 546.6 1051
SSACC R,9311117.0,
ESACC R,9311117.0,9311133 18 890.9 537.8 891.7 540.5 0.08 83
SFIX R,9311135.0,
EFIX R,9311135.0,9312517 1384 897.7 551.5 895
SSACC R,9312519.0,
SBLINK R,9312555.0,
EBLINK R,9312555.0,9312601 48
ESACC R,9312519.0,9312633 116 895.5 543.2 910.4 583.8 1.17 1020
SFIX R,9312635.0,
EFIX R,9312635.0,9312833 200 904.5 583.1 940
SSACC R,9312835.0,
ESACC R,9312835.0,9312855 22 906.7 585.4 890.4 569.4 0.62 94
SFIX R,9312857.0,
EFIX R,9312857.0,9313189 334 892.9 565.1 881
SSACC R,9313191.0,
ESACC R,9313191.0,9313197 8 889.9 563.5 895.5 556.5 0.24 41
SFIX R,9313199.0,
EFIX R,9313199.0,9314493 1296 900.0 549.6 1016
SSACC R,9314495.0,
ESACC R,9314495.0,9314507 14 890.7 540.9 913.2 545.9 0.62 65
SFIX R,9314509.0,
EFIX R,9314509.0,9314913 406 907.4 538.1 1175
SSACC R,9314915.0,
ESACC R,9314915.0,9314937 24 901.4 529.6 903.6 535.4 0.17 84
SFIX R,9314939.0,
EFIX R,9314939.0,9315153 216 893.7 532.7 1182
SSACC R,9315155.0,
SBLINK R,9315195.0,
EBLINK R,9315195.0,9315503 310
ESACC R,9315155.0,9315511 358 896.9 531.7 940.8 527.9 1.19 1597
SFIX R,9315513.0,
EFIX R,9315513.0,9317205 1694 922.0 558.5 1124
SSACC R,9317207.0,
ESACC R,9317207.0,9317213 8 945.3 540.0 935.4 545.6 0.31 49
SFIX R,9317215.0,
EFIX R,9317215.0,9317889 676 930.0 549.4 1303
SSACC R,9317891.0,
ESACC R,9317891.0,9317923 34 917.1 548.1 936.0 548.6 0.51 164
SFIX R,9317925.0,
EFIX R,9317925.0,9317959 36 943.5 547.1 1282
SSACC R,9317961.0,
ESACC R,9317961.0,9317993 34 944.4 548.1 892.6 538.6 1.43 275
SFIX R,9317995.0,
EFIX R,9317995.0,9318035 42 879.3 544.9 1286
SSACC R,9318037.0,
ESACC R,9318037.0,9318071 36 873.8 544.1 940.9 544.6 1.82 313
SFIX R,9318073.0,
EFIX R,9318073.0,9318205 134 945.6 541.0 1305
SSACC R,9318207.0,
ESACC R,9318207.0,9318229 24 944.2 537.4 905.3 545.1 1.07 133
SFIX R,9318231.0,
EFIX R,9318231.0,9318751 522 897.5 543.0 1299
SSACC R,9318753.0,
SBLINK R,9318807.0,
EBLINK R,9318807.0,9319117 312
ESACC R,9318753.0,9319153 402 890.2 547.8 937.3 542.2 1.29 1310
SFIX R,9319155.0,
EFIX R,9319155.0,9319331 178 916.5 561.1 1380
SSACC R,9319333.0,
ESACC R,9319333.0,9319359 28 913.7 579.0 900.1 568.1 0.47 130
SFIX R,9319361.0,
EFIX R,9319361.0,9319639 280 893.8 568.6 1253
SSACC R,9319641.0,
ESACC R,9319641.0,9319663 24 889.6 573.1 893.1 569.2 0.14 72
SFIX R,9319665.0,
EFIX R,9319665.0,9323317 3654 918.0 534.4 1251
SSACC R,9323319.0,
ESACC R,9323319.0,9323349 32 914.5 513.0 942.6 519.7 0.78 230
SFIX R,9323351.0,
EFIX R,9323351.0,9323459 110 953.1 517.9 1369
SSACC R,9323461.0,
ESACC R,9323461.0,9323489 30 957.0 518.8 939.7 523.5 0.49 126
SFIX R,9323491.0,
EFIX R,9323491.0,9324851 1362 937.0 514.6 1307
SSACC R,9324853.0,
ESACC R,9324853.0,9324881 30 930.5 520.2 924.8 514.4 0.22 112
SFIX R,9324883.0,
EFIX R,9324883.0,9326681 1800 927.0 484.7 1454
SSACC R,9326683.0,
ESACC R,9326683.0,9326711 30 920.6 479.4 941.5 474.4 0.58 134
SFIX R,9326713.0,
EFIX R,9326713.0,9326969 258 946.9 474.4 1424
SSACC R,9326971.0,
ESACC R,9326971.0,9326989 20 948.6 480.4 931.7 490.1 0.53 80
SFIX R,9326991.0,
EFIX R,9326991.0,9327273 284 933.4 496.7 1398
SSACC R,9327275.0,
ESACC R,9327275.0,9327303 30 928.3 508.3 907.0 504.3 0.59 134
SFIX R,9327305.0,
EFIX R,9327305.0,9327325 22 900.9 505.7 1372
SSACC R,9327327.0,
ESACC R,9327327.0,9327359 34 900.3 503.6 942.7 506.0 1.15 210
SFIX R,9327361.0,
EFIX R,9327361.0,9327461 102 947.0 506.5 1376
SSACC R,9327463.0,
ESACC R,9327463.0,9327481 20 944.5 507.6 926.2 517.1 0.56 90
SFIX R,9327483.0,
EFIX R,9327483.0,9327791 310 923.8 512.3 1416
SSACC R,9327793.0,
ESACC R,9327793.0,9327809 18 919.2 507.7 924.8 507.5 0.15 52
SFIX R,9327811.0,
EFIX R,9327811.0,9327983 174 920.4 509.2 1446
SSACC R,9327985.0,
ESACC R,9327985.0,9328003 20 920.7 512.0 913.7 508.0 0.22 68
SFIX R,9328005.0,
EFIX R,9328005.0,9328327 324 914.5 510.7 1403
SSACC R,9328329.0,
ESACC R,9328329.0,9328351 24 916.0 510.3 920.4 500.8 0.28 86
SFIX R,9328353.0,
EFIX R,9328353.0,9328739 388 921.3 508.6 1461
SSACC R,9328741.0,
ESACC R,9328741.0,9328763 24 912.7 515.6 917.3 525.6 0.30 79
SFIX R,9328765.0,
EFIX R,9328765.0,9329079 316 910.1 527.8 1482
SSACC R,9329081.0,
ESACC R,9329081.0,9329105 26 911.7 529.0 912.8 529.3 0.03 91
SFIX R,9329107.0,
EFIX R,9329107.0,9329643 538 906.0 531.2 1474
SSACC R,9329645.0,
ESACC R,9329645.0,9329671 28 903.7 538.5 937.5 542.2 0.92 142
SFIX R,9329673.0,
EFIX R,9329673.0,9329777 106 937.4 544.1 1503
SSACC R,9329779.0,
ESACC R,9329779.0,9329805 28 935.8 544.3 910.0 548.9 0.71 130
SFIX R,9329807.0,
EFIX R,9329807.0,9331207 1402 902.8 533.6 1488
SSACC R,9331209.0,
ESACC R,9331209.0,9331225 18 898.2 523.0 910.1 515.5 0.38 69
SFIX R,9331227.0,
EFIX R,9331227.0,9331533 308 909.7 512.7 1510
SSACC R,9331535.0,
ESACC R,9331535.0,9331555 22 910.1 510.0 901.0 514.3 0.27 81
SFIX R,9331557.0,
EFIX R,9331557.0,9332121 566 908.3 511.3 1504
SSACC R,9332123.0,
ESACC R,9332123.0,9332189 68 895.2 508.2 904.6 513.1 0.29 141
SFIX R,9332191.0,
EFIX R,9332191.0,9332303 114 907.5 512.1 1423
SSACC R,9332305.0,
ESACC R,9332305.0,9332319 16 910.0 508.3 885.4 517.5 0.71 78
SFIX R,9332321.0,
EFIX R,9332321.0,9332651 332 898.1 519.0 1461
SSACC R,9332653.0,
ESACC R,9332653.0,9332675 24 901.2 522.7 902.8 521.8 0.05 66
SFIX R,9332677.0,
EFIX R,9332677.0,9334537 1862 909.6 516.0 1479
SSACC R,9334539.0,
ESACC R,9334539.0,9334559 22 913.3 526.2 910.3 515.9 0.29 61
SFIX R,9334561.0,
EFIX R,9334561.0,9335747 1188 926.2 506.6 1473
SSACC R,9335749.0,
ESACC R,9335749.0,9335755 8 950.3 500.5 938.2 503.2 0.34 50
SFIX R,9335757.0,
EFIX R,9335757.0,9337321 1566 923.1 514.9 1486
SSACC R,9337323.0,
ESACC R,9337323.0,9337343 22 918.4 522.0 950.0 522.4 0.86 119
SFIX R,9337345.0,
EFIX R,9337345.0,9337473 130 938.4 519.7 1436
SSACC R,9337475.0,
ESACC R,9337475.0,9337499 26 936.3 518.3 926.0 519.0 0.28 102
SFIX R,9337501.0,
EFIX R,9337501.0,9340705 3206 924.0 516.7 1370
SSACC R,9340707.0,
ESACC R,9340707.0,9340727 22 914.4 531.0 920.0 524.0 0.24 80
SFIX R,9340729.0,
EFIX R,9340729.0,9340857 130 917.8 526.3 1282
SSACC R,9340859.0,
SBLINK R,9340887.0,
EBLINK R,9340887.0,9341341 456
ESACC R,9340859.0,9341353 496 925.0 522.9 982.6 499.0 1.69 1827
SFIX R,9341355.0,
EFIX R,9341355.0,9341539 186 960.1 543.8 1348
SSACC R,9341541.0,
ESACC R,9341541.0,9341567 28 950.4 551.5 912.8 537.6 1.09 159
SFIX R,9341569.0,
EFIX R,9341569.0,9341887 320 889.7 534.3 1178
SSACC R,9341889.0,
ESACC R,9341889.0,9341907 20 877.7 539.4 912.6 542.1 0.95 96
SFIX R,9341909.0,
EFIX R,9341909.0,9344089 2182 913.6 528.8 1171
SSACC R,9344091.0,
ESACC R,9344091.0,9344107 18 926.1 536.6 938.2 530.9 0.36 62
SFIX R,9344109.0,
EFIX R,9344109.0,9345049 942 936.0 514.6 1412
SSACC R,9345051.0,
ESACC R,9345051.0,9345079 30 941.0 491.7 938.5 490.5 0.08 119
SFIX R,9345081.0,
EFIX R,9345081.0,9345503 424 932.0 500.6 1507
SSACC R,9345505.0,
ESACC R,9345505.0,9345527 24 930.1 517.3 936.7 514.8 0.19 81
SFIX R,9345529.0,
EFIX R,9345529.0,9345869 342 939.4 513.9 1495
SSACC R,9345871.0,
ESACC R,9345871.0,9345897 28 945.1 503.5 929.9 506.8 0.42 134
SFIX R,9345899.0,
EFIX R,9345899.0,9345971 74 927.5 504.5 1510
SSACC R,9345973.0,
ESACC R,9345973.0,9346003 32 929.0 501.4 971.0 501.0 1.14 214
SFIX R,9346005.0,
EFIX R,9346005.0,9346101 98 976.2 501.2 1532
SSACC R,9346103.0,
ESACC R,9346103.0,9346129 28 976.2 501.6 946.3 504.4 0.81 126
SFIX R,9346131.0,
EFIX R,9346131.0,9346773 644 940.7 506.7 1579
SSACC R,9346775.0,
ESACC R,9346775.0,9346795 22 939.5 514.7 961.3 522.1 0.62 102
SFIX R,9346797.0,
EFIX R,9346797.0,9347151 356 956.9 505.7 1611
SSACC R,9347153.0,
ESACC R,9347153.0,9347181 30 958.6 497.1 943.7 499.8 0.41 114
SFIX R,9347183.0,
EFIX R,9347183.0,9347397 216 935.2 502.0 1639
SSACC R,9347399.0,
ESACC R,9347399.0,9347413 16 936.7 501.7 956.7 500.7 0.54 67
SFIX R,9347415.0,
EFIX R,9347415.0,9348819 1406 951.4 495.9 1688
SSACC R,9348821.0,
ESACC R,9348821.0,9348847 28 949.4 483.8 935.0 482.7 0.39 100
SFIX R,9348849.0,
EFIX R,9348849.0,9348987 140 925.3 479.0 1791
SSACC R,9348989.0,
ESACC R,9348989.0,9349011 24 923.6 477.1 957.7 479.7 0.93 131
SFIX R,9349013.0,
EFIX R,9349013.0,9349033 22 943.0 478.4 1804
SSACC R,9349035.0,
ESACC R,9349035.0,9349055 22 937.1 478.3 909.3 480.1 0.75 116
SFIX R,9349057.0,
EFIX R,9349057.0,9349615 560 918.3 477.7 1832
SSACC R,9349617.0,
SBLINK R,9349791.0,
EBLINK R,9349791.0,9350133 344
ESACC R,9349617.0,9350173 558 910.9 486.0 898.7 547.4 1.70 1377
SFIX R,9350175.0,
EFIX R,9350175.0,9350319 146 876.5 576.5 1827
SSACC R,9350321.0,
ESACC R,9350321.0,9350343 24 866.6 600.1 924.1 522.1 2.63 263
SFIX R,9350345.0,
EFIX R,9350345.0,9356107 5764 903.2 491.8 1677
SSACC R,9356109.0,
ESACC R,9356109.0,9356131 24 920.9 489.2 993.1 487.9 1.96 192
SFIX R,9356133.0,
EFIX R,9356133.0,9356251 120 977.1 489.7 1689
SSACC R,9356253.0,
ESACC R,9356253.0,9356273 22 974.3 489.8 923.6 495.2 1.38 156
SFIX R,9356275.0,
EFIX R,9356275.0,9357117 844 913.5 495.1 1635
SSACC R,9357119.0,
ESACC R,9357119.0,9357133 16 906.0 503.9 943.8 496.0 1.05 96
SFIX R,9357135.0,
EFIX R,9357135.0,9357365 232 934.5 494.7 1612
SSACC R,9357367.0,
ESACC R,9357367.0,9357383 18 934.9 493.1 912.0 500.5 0.65 92
SFIX R,9357385.0,
EFIX R,9357385.0,9358427 1044 906.0 494.7 1694
SSACC R,9358429.0,
ESACC R,9358429.0,9358447 20 906.3 487.2 919.9 487.7 0.37 67
SFIX R,9358449.0,
EFIX R,9358449.0,9360097 1650 913.7 471.5 1697
SSACC R,9360099.0,
ESACC R,9360099.0,9360119 22 912.0 476.8 899.4 484.5 0.40 80
SFIX R,9360121.0,
EFIX R,9360121.0,9360449 330 899.7 483.7 1677
SSACC R,9360451.0,
ESACC R,9360451.0,9360471 22 900.5 482.1 931.3 483.4 0.84 93
SFIX R,9360473.0,
EFIX R,9360473.0,9360593 122 922.1 482.4 1674
SSACC R,9360595.0,
ESACC R,9360595.0,9360615 22 924.9 481.1 897.6 486.9 0.76 104
SFIX R,9360617.0,
EFIX R,9360617.0,9360641 26 903.1 482.8 1672
SSACC R,9360643.0,
ESACC R,9360643.0,9360661 20 904.9 485.8 949.5 480.2 1.22 106
SFIX R,9360663.0,
EFIX R,9360663.0,9360789 128 939.8 481.2 1673
SSACC R,9360791.0,
ESACC R,9360791.0,9360805 16 939.6 482.1 910.8 478.4 0.79 83
SFIX R,9360807.0,
EFIX R,9360807.0,9360937 132 919.6 480.3 1663
SSACC R,9360939.0,
SBLINK R,9360967.0,
EBLINK R,9360967.0,9361023 58
ESACC R,9360939.0,9361089 152 921.2 471.8 934.6 457.9 0.52 1790
SFIX R,9361091.0,
EFIX R,9361091.0,9361543 454 923.0 485.1 1599
SSACC R,9361545.0,
ESACC R,9361545.0,9361561 18 922.3 505.7 903.7 506.2 0.50 73
SFIX R,9361563.0,
EFIX R,9361563.0,9361599 38 907.9 507.9 1452
SSACC R,9361601.0,
ESACC R,9361601.0,9361623 24 906.7 508.7 967.8 506.4 1.66 157
SFIX R,9361625.0,
EFIX R,9361625.0,9361749 126 956.6 502.1 1426
SSACC R,9361751.0,
ESACC R,9361751.0,9361761 12 951.4 497.8 927.3 502.1 0.66 73
SFIX R,9361763.0,
EFIX R,9361763.0,9362791 1030 920.9 492.9 1521
SSACC R,9362793.0,
ESACC R,9362793.0,9362805 14 901.2 477.0 920.3 478.6 0.52 56
SFIX R,9362807.0,
EFIX R,9362807.0,9363687 882 915.2 481.4 1661
SSACC R,9363689.0,
ESACC R,9363689.0,9363703 16 897.6 482.9 874.9 484.1 0.62 78
SFIX R,9363705.0,
EFIX R,9363705.0,9363841 138 881.1 483.8 1685
SSACC R,9363843.0,
ESACC R,9363843.0,9363859 18 881.5 487.0 923.9 484.1 1.15 108
SFIX R,9363861.0,
EFIX R,9363861.0,9366837 2978 897.0 475.7 1717
SSACC R,9366839.0,
ESACC R,9366839.0,9366855 18 908.1 494.0 925.0 494.0 0.46 73
SFIX R,9366857.0,
EFIX R,9366857.0,9367397 542 917.3 483.1 1629
SSACC R,9367399.0,
ESACC R,9367399.0,9367403 6 910.0 475.6 921.3 479.4 0.32 60
SFIX R,9367405.0,
EFIX R,9367405.0,9367571 168 921.6 478.9 1709
SSACC R,9367573.0,
ESACC R,9367573.0,9367587 16 916.4 482.0 901.1 482.4 0.41 75
SFIX R,9367589.0,
EFIX R,9367589.0,9367881 294 899.7 482.3 1714
SSACC R,9367883.0,
ESACC R,9367883.0,9367899 18 897.2 486.9 903.9 495.1 0.29 56
SFIX R,9367901.0,
EFIX R,9367901.0,9368299 400 893.8 492.5 1669
SSACC R,9368301.0,
ESACC R,9368301.0,9368309 10 875.9 491.3 889.9 496.0 0.40 54
SFIX R,9368311.0,
EFIX R,9368311.0,9370263 1954 897.6 486.3 1675
SSACC R,9370265.0,
ESACC R,9370265.0,9370281 18 894.9 479.0 866.4 479.0 0.77 87
SFIX R,9370283.0,
EFIX R,9370283.0,9370423 142 875.5 477.1 1777
SSACC R,9370425.0,
ESACC R,9370425.0,9370451 28 878.8 477.1 924.4 480.4 1.24 174
SFIX R,9370453.0,
EFIX R,9370453.0,9370645 194 927.1 475.0 1792
SSACC R,9370647.0,
ESACC R,9370647.0,9370651 6 925.5 473.8 916.8 472.1 0.24 49
SFIX R,9370653.0,
EFIX R,9370653.0,9375419 4768 896.4 490.6 1580
SSACC R,9375421.0,
ESACC R,9375421.0,9375441 22 906.6 474.8 940.3 482.9 0.94 98
SFIX R,9375443.0,
EFIX R,9375443.0,9375559 118 931.0 485.1 1620
SSACC R,9375561.0,
ESACC R,9375561.0,9375573 14 928.7 482.7 900.7 485.2 0.76 69
SFIX R,9375575.0,
EFIX R,9375575.0,9375837 264 906.6 488.1 1622
SSACC R,9375839.0,
ESACC R,9375839.0,9375843 6 899.5 494.6 891.9 495.2 0.21 46
SFIX R,9375845.0,
EFIX R,9375845.0,9377329 1486 904.3 511.4 1545
SSACC R,9377331.0,
ESACC R,9377331.0,9377351 22 914.2 494.9 947.1 495.0 0.89 110
SFIX R,9377353.0,
EFIX R,9377353.0,9377469 118 939.8 495.7 1671
SSACC R,9377471.0,
ESACC R,9377471.0,9377493 24 939.0 498.0 896.0 509.2 1.20 150
SFIX R,9377495.0,
EFIX R,9377495.0,9377555 62 904.8 504.7 1693
SSACC R,9377557.0,
ESACC R,9377557.0,9377571 16 909.6 504.0 943.6 501.0 0.92 90
SFIX R,9377573.0,
EFIX R,9377573.0,9377797 226 934.4 503.9 1709
SSACC R,9377799.0,
ESACC R,9377799.0,9377811 14 930.3 507.8 912.1 513.4 0.52 67
SFIX R,9377813.0,
EFIX R,9377813.0,9378375 564 916.0 513.4 1671
SSACC R,9378377.0,
ESACC R,9378377.0,9378397 22 924.6 498.5 892.2 492.3 0.89 110
SFIX R,9378399.0,
EFIX R,9378399.0,9378421 24 901.1 489.1 1666
SSACC R,9378423.0,
ESACC R,9378423.0,9378443 22 902.6 489.3 957.7 495.8 1.50 152
SFIX R,9378445.0,
EFIX R,9378445.0,9378547 104 951.2 489.0 1696
SSACC R,9378549.0,
ESACC R,9378549.0,9378559 12 952.6 485.4 926.7 484.1 0.70 75
SFIX R,9378561.0,
EFIX R,9378561.0,9378893 334 935.9 493.9 1756
SSACC R,9378895.0,
ESACC R,9378895.0,9378911 18 937.8 498.4 925.7 491.0 0.38 75
SFIX R,9378913.0,
EFIX R,9378913.0,9379231 320 925.9 493.1 1774
SSACC R,9379233.0,
ESACC R,9379233.0,9379249 18 924.8 498.1 933.1 496.9 0.23 65
SFIX R,9379251.0,
EFIX R,9379251.0,9379769 520 927.7 498.5 1772
SSACC R,9379771.0,
ESACC R,9379771.0,9379797 28 927.4 503.9 915.0 519.8 0.55 96
SFIX R,9379799.0,
EFIX R,9379799.0,9380023 226 915.4 515.2 1780
SSACC R,9380025.0,
ESACC R,9380025.0,9380047 24 914.4 510.8 924.1 507.5 0.28 82
SFIX R,9380049.0,
EFIX R,9380049.0,9380333 286 929.0 498.5 1786
SSACC R,9380335.0,
ESACC R,9380335.0,9380363 30 930.5 493.5 914.0 511.2 0.66 140
SFIX R,9380365.0,
EFIX R,9380365.0,9380479 116 905.5 508.8 1798
SSACC R,9380481.0,
ESACC R,9380481.0,9380495 16 903.2 508.0 939.8 503.5 1.00 100
SFIX R,9380497.0,
EFIX R,9380497.0,9380835 340 922.3 507.4 1783
SSACC R,9380837.0,
ESACC R,9380837.0,9380851 16 921.3 506.7 916.1 505.9 0.14 49
SFIX R,9380853.0,
EFIX R,9380853.0,9381593 742 916.8 496.4 1714
SSACC R,9381595.0,
ESACC R,9381595.0,9381599 6 932.4 502.3 940.7 502.4 0.22 47
SFIX R,9381601.0,
EFIX R,9381601.0,9382207 608 935.7 523.9 1388
SSACC R,9382209.0,
SBLINK R,9382235.0,
EBLINK R,9382235.0,9382281 48
ESACC R,9382209.0,9382325 118 924.4 541.7 943.7 539.6 0.53 1968
SFIX R,9382327.0,
EFIX R,9382327.0,9382629 304 932.9 552.1 1254
SSACC R,9382631.0,
ESACC R,9382631.0,9382645 16 936.1 554.2 914.0 536.6 0.77 85
SFIX R,9382647.0,
EFIX R,9382647.0,9384419 1774 913.8 526.9 1299
SSACC R,9384421.0,
ESACC R,9384421.0,9384441 22 904.4 519.0 947.0 533.7 1.22 120
SFIX R,9384443.0,
EFIX R,9384443.0,9384577 136 936.5 529.0 1444
SSACC R,9384579.0,
ESACC R,9384579.0,9384599 22 937.0 524.6 909.0 516.6 0.79 98
SFIX R,9384601.0,
EFIX R,9384601.0,9384845 246 938.5 505.5 1475
SSACC R,9384847.0,
ESACC R,9384847.0,9384861 16 936.1 505.8 915.6 507.9 0.56 72
SFIX R,9384863.0,
EFIX R,9384863.0,9386625 1764 917.6 509.8 1615
SSACC R,9386627.0,
ESACC R,9386627.0,9386661 36 915.6 498.7 1020.2 504.0 2.84 315
SFIX R,9386663.0,
EFIX R,9386663.0,9386771 110 1027.1 503.4 1738
SSACC R,9386773.0,
ESACC R,9386773.0,9386803 32 1027.4 497.0 942.5 479.4 2.35 273
SFIX R,9386805.0,
EFIX R,9386805.0,9388427 1624 926.2 489.1 1835
SSACC R,9388429.0,
ESACC R,9388429.0,9388459 32 922.3 490.4 874.7 491.3 1.29 210
SFIX R,9388461.0,
EFIX R,9388461.0,9388579 120 864.2 492.1 1884
SSACC R,9388581.0,
ESACC R,9388581.0,9388611 32 864.1 493.3 942.3 487.0 2.13 235
SFIX R,9388613.0,
EFIX R,9388613.0,9388849 238 938.5 486.8 1877
SSACC R,9388851.0,
ESACC R,9388851.0,9388871 22 934.9 486.3 904.0 481.0 0.85 113
SFIX R,9388873.0,
EFIX R,9388873.0,9389111 240 906.9 475.7 1839
SSACC R,9389113.0,
ESACC R,9389113.0,9389127 16 904.9 470.3 937.5 473.9 0.89 85
SFIX R,9389129.0,
EFIX R,9389129.0,9389319 192 924.1 472.7 1805
SSACC R,9389321.0,
ESACC R,9389321.0,9389335 16 922.1 472.7 890.3 475.0 0.86 87
SFIX R,9389337.0,
EFIX R,9389337.0,9391069 1734 884.6 479.4 1806
SSACC R,9391071.0,
ESACC R,9391071.0,9391097 28 876.7 474.7 906.5 460.1 0.90 137
SFIX R,9391099.0,
EFIX R,9391099.0,9398041 6944 907.2 476.6 1727
SSACC R,9398043.0,
ESACC R,9398043.0,9398063 22 914.7 515.3 868.4 521.7 1.27 144
SFIX R,9398065.0,
EFIX R,9398065.0,9398121 58 876.5 520.5 1544
SSACC R,9398123.0,
ESACC R,9398123.0,9398157 36 877.3 521.0 983.3 518.8 2.87 269
SFIX R,9398159.0,
EFIX R,9398159.0,9398257 100 985.1 521.9 1586
SSACC R,9398259.0,
ESACC R,9398259.0,9398279 22 985.9 518.6 921.5 529.5 1.77 146
SFIX R,9398281.0,
EFIX R,9398281.0,9398473 194 930.1 515.4 1597
SSACC R,9398475.0,
ESACC R,9398475.0,9398491 18 926.9 511.0 905.4 508.7 0.59 77
SFIX R,9398493.0,
EFIX R,9398493.0,9399409 918 900.7 513.4 1481
SSACC R,9399411.0,
ESACC R,9399411.0,9399433 24 893.6 508.0 941.4 491.9 1.37 142
SFIX R,9399435.0,
EFIX R,9399435.0,9399565 132 934.3 496.0 1541
SSACC R,9399567.0,
ESACC R,9399567.0,9399587 22 933.8 495.6 888.0 507.4 1.28 117
SFIX R,9399589.0,
EFIX R,9399589.0,9400341 754 899.0 505.9 1552
SSACC R,9400343.0,
ESACC R,9400343.0,9400357 16 896.0 515.4 932.3 510.0 0.99 92
SFIX R,9400359.0,
EFIX R,9400359.0,9401097 740 912.3 507.6 1569
SSACC R,9401099.0,
ESACC R,9401099.0,9401127 30 908.6 508.8 876.0 522.3 0.96 153
SFIX R,9401129.0,
EFIX R,9401129.0,9401289 162 873.0 517.4 1644
SSACC R,9401291.0,
ESACC R,9401291.0,9401311 22 875.6 516.0 914.3 511.2 1.06 116
SFIX R,9401313.0,
EFIX R,9401313.0,9402333 1022 895.5 522.1 1547
SSACC R,9402335.0,
ESACC R,9402335.0,9402345 12 865.9 524.1 878.8 521.5 0.36 53
SFIX R,9402347.0,
EFIX R,9402347.0,9402555 210 879.5 521.2 1453
SSACC R,9402557.0,
ESACC R,9402557.0,9402561 6 884.1 517.3 877.4 515.0 0.19 44
SFIX R,9402563.0,
EFIX R,9402563.0,9405117 2556 887.9 519.2 1162
SSACC R,9405119.0,
ESACC R,9405119.0,9405139 22 894.8 526.1 949.8 530.1 1.49 156
SFIX R,9405141.0,
EFIX R,9405141.0,9405197 58 937.6 530.0 1024
SSACC R,9405199.0,
ESACC R,9405199.0,9405227 30 936.5 532.5 884.6 531.0 1.41 193
SFIX R,9405229.0,
EFIX R,9405229.0,9405347 120 877.0 533.0 990
SSACC R,9405349.0,
ESACC R,9405349.0,9405369 22 875.1 529.6 915.9 535.8 1.12 110
SFIX R,9405371.0,
EFIX R,9405371.0,9408683 3314 883.8 533.6 844
SSACC R,9408685.0,
ESACC R,9408685.0,9408699 16 881.2 526.4 918.0 532.2 1.01 84
SFIX R,9408701.0,
EFIX R,9408701.0,9408887 188 907.9 532.7 1114
SSACC R,9408889.0,
ESACC R,9408889.0,9408899 12 907.6 533.1 885.0 533.9 0.61 66
SFIX R,9408901.0,
EFIX R,9408901.0,9411989 3090 863.0 530.5 727
SSACC R,9411991.0,
ESACC R,9411991.0,9412011 22 857.2 519.8 914.6 514.9 1.56 150
SFIX R,9412013.0,
EFIX R,9412013.0,9412117 106 907.7 515.5 635
SSACC R,9412119.0,
ESACC R,9412119.0,9412137 20 908.0 516.9 857.5 527.1 1.40 135
SFIX R,9412139.0,
EFIX R,9412139.0,9412419 282 869.4 525.6 694
SSACC R,9412421.0,
SBLINK R,9412445.0,
EBLINK R,9412445.0,9412515 72
ESACC R,9412421.0,9412545 126 871.1 530.6 917.7 553.3 1.40 775
SFIX R,9412547.0,
EFIX R,9412547.0,9412715 170 905.8 543.9 702
SSACC R,9412717.0,
ESACC R,9412717.0,9412731 16 901.2 552.7 873.7 551.3 0.75 80
SFIX R,9412733.0,
EFIX R,9412733.0,9412787 56 881.0 552.5 708
SSACC R,9412789.0,
SBLINK R,9412809.0,
EBLINK R,9412809.0,9412907 100
ESACC R,9412789.0,9412943 156 882.5 547.4 904.1 530.9 0.74 686
SFIX R,9412945.0,
EFIX R,9412945.0,9413261 318 882.3 534.3 751
SSACC R,9413263.0,
ESACC R,9413263.0,9413273 12 870.9 536.3 867.1 551.3 0.42 50
SFIX R,9413275.0,
EFIX R,9413275.0,9414291 1018 876.6 550.7 865
SSACC R,9414293.0,
ESACC R,9414293.0,9414313 22 896.0 542.0 916.8 539.0 0.57 92
SFIX R,9414315.0,
EFIX R,9414315.0,9414543 230 913.0 541.3 1029
SSACC R,9414545.0,
ESACC R,9414545.0,9414559 16 904.8 543.8 881.8 542.9 0.62 82
SFIX R,9414561.0,
EFIX R,9414561.0,9415073 514 889.7 529.3 1149
SSACC R,9415075.0,
ESACC R,9415075.0,9415089 16 907.5 518.9 928.0 522.9 0.57 74
SFIX R,9415091.0,
EFIX R,9415091.0,9415891 802 905.9 533.4 1308
SSACC R,9415893.0,
SBLINK R,9415963.0,
EBLINK R,9415963.0,9416089 128
ESACC R,9415893.0,9416141 250 897.8 533.4 957.4 726.4 5.45 1006
SFIX R,9416143.0,
EFIX R,9416143.0,9416297 156 951.7 727.9 1404
SSACC R,9416299.0,
ESACC R,9416299.0,9416335 38 949.1 735.1 899.5 524.0 5.85 346
SFIX R,9416337.0,
EFIX R,9416337.0,9416639 304 905.6 542.5 1305
SSACC R,9416641.0,
ESACC R,9416641.0,9416657 18 906.4 549.4 899.8 580.3 0.86 85
SFIX R,9416659.0,
EFIX R,9416659.0,9417581 924 898.1 561.8 1154
SSACC R,9417583.0,
ESACC R,9417583.0,9417601 20 901.2 547.7 903.8 547.3 0.07 66
SFIX R,9417603.0,
EFIX R,9417603.0,9418533 932 909.5 534.7 1311
SSACC R,9418535.0,
ESACC R,9418535.0,9418551 18 898.0 519.9 905.5 517.6 0.21 61
SFIX R,9418553.0,
EFIX R,9418553.0,9419177 626 904.9 514.4 1472
SSACC R,9419179.0,
ESACC R,9419179.0,9419195 18 909.7 513.6 895.2 515.1 0.40 74
SFIX R,9419197.0,
EFIX R,9419197.0,9422477 3282 885.8 513.6 1440
SSACC R,9422479.0,
SBLINK R,9422517.0,
EBLINK R,9422517.0,9422557 42
ESACC R,9422479.0,9422637 160 892.4 485.0 949.5 511.6 1.71 1382
SFIX R,9422639.0,
EFIX R,9422639.0,9422779 142 949.4 519.0 1504
SSACC R,9422781.0,
ESACC R,9422781.0,9422799 20 945.6 527.8 898.4 511.6 1.35 128
SFIX R,9422801.0,
EFIX R,9422801.0,9423869 1070 911.2 533.8 1261
SSACC R,9423871.0,
ESACC R,9423871.0,9423891 22 906.9 515.6 920.0 517.8 0.36 80
SFIX R,9423893.0,
EFIX R,9423893.0,9425327 1436 902.2 510.1 1453
SSACC R,9425329.0,
ESACC R,9425329.0,9425345 18 907.9 495.9 891.0 502.0 0.49 74
SFIX R,9425347.0,
EFIX R,9425347.0,9425613 268 894.3 505.2 1496
SSACC R,9425615.0,
ESACC R,9425615.0,9425631 18 885.6 508.4 922.9 508.2 1.01 104
SFIX R,9425633.0,
EFIX R,9425633.0,9425753 122 910.2 508.8 1449
SSACC R,9425755.0,
ESACC R,9425755.0,9425773 20 909.1 510.6 882.7 513.3 0.72 95
SFIX R,9425775.0,
EFIX R,9425775.0,9431073 5300 914.5 522.1 1341
SSACC R,9431075.0,
ESACC R,9431075.0,9431105 32 918.8 514.6 973.3 520.4 1.49 188
SFIX R,9431107.0,
EFIX R,9431107.0,9431177 72 974.0 519.9 1471
SSACC R,9431179.0,
ESACC R,9431179.0,9431209 32 973.2 519.9 916.8 521.3 1.53 244
SFIX R,9431211.0,
EFIX R,9431211.0,9431585 376 913.3 522.3 1445
SSACC R,9431587.0,
ESACC R,9431587.0,9431605 20 910.9 534.2 932.1 526.7 0.61 80
SFIX R,9431607.0,
EFIX R,9431607.0,9432605 1000 932.7 525.9 1361
SSACC R,9432607.0,
ESACC R,9432607.0,9432623 18 939.4 512.4 925.0 520.7 0.45 63
SFIX R,9432625.0,
EFIX R,9432625.0,9432935 312 928.4 514.0 1496
SSACC R,9432937.0,
ESACC R,9432937.0,9432951 16 925.5 512.0 928.7 512.3 0.09 57
SFIX R,9432953.0,
EFIX R,9432953.0,9434961 2010 932.0 493.1 1622
SSACC R,9434963.0,
ESACC R,9434963.0,9434989 28 931.3 497.9 899.8 485.6 0.92 139
SFIX R,9434991.0,
EFIX R,9434991.0,9435057 68 898.9 485.9 1633
SSACC R,9435059.0,
ESACC R,9435059.0,9435091 34 899.5 491.3 997.1 486.3 2.65 338
SFIX R,9435093.0,
EFIX R,9435093.0,9435193 102 1004.9 490.4 1646
SSACC R,9435195.0,
ESACC R,9435195.0,9435217 24 1006.4 489.1 935.0 503.6 1.97 190
SFIX R,9435219.0,
EFIX R,9435219.0,9438197 2980 931.5 532.4 1277
SSACC R,9438199.0,
ESACC R,9438199.0,9438217 20 901.8 542.5 932.4 538.2 0.84 106
SFIX R,9438219.0,
EFIX R,9438219.0,9439009 792 912.6 533.6 1154
SSACC R,9439011.0,
ESACC R,9439011.0,9439031 22 903.0 543.2 877.1 547.1 0.71 101
SFIX R,9439033.0,
EFIX R,9439033.0,9439093 62 883.2 543.4 1121
SSACC R,9439095.0,
ESACC R,9439095.0,9439123 30 882.7 542.3 948.8 543.3 1.79 225
SFIX R,9439125.0,
EFIX R,9439125.0,9439225 102 946.7 539.8 1147
SSACC R,9439227.0,
ESACC R,9439227.0,9439245 20 946.9 540.5 890.4 541.7 1.53 139
SFIX R,9439247.0,
EFIX R,9439247.0,9440221 976 899.3 549.4 1051
SSACC R,9440223.0,
ESACC R,9440223.0,9440239 18 892.4 552.1 897.2 556.2 0.17 69
SFIX R,9440241.0,
EFIX R,9440241.0,9440515 276 897.9 552.0 973
SSACC R,9440517.0,
ESACC R,9440517.0,9440533 18 894.1 550.5 880.0 550.9 0.38 69
SFIX R,9440535.0,
EFIX R,9440535.0,9440845 312 880.2 545.8 972
SSACC R,9440847.0,
ESACC R,9440847.0,9440863 18 878.0 543.9 890.1 541.2 0.34 59
SFIX R,9440865.0,
EFIX R,9440865.0,9441487 624 884.7 548.4 1037
SSACC R,9441489.0,
ESACC R,9441489.0,9441503 16 877.0 550.9 875.0 550.0 0.06 53
SFIX R,9441505.0,
EFIX R,9441505.0,9442081 578 880.3 553.3 976
SSACC R,9442083.0,
ESACC R,9442083.0,9442099 18 877.1 557.2 889.7 551.2 0.38 68
SFIX R,9442101.0,
EFIX R,9442101.0,9442417 318 880.4 545.8 855
SSACC R,9442419.0,
ESACC R,9442419.0,9442439 22 877.5 535.9 843.7 541.8 0.93 125
SFIX R,9442441.0,
EFIX R,9442441.0,9442489 50 847.5 539.5 877
SSACC R,9442491.0,
ESACC R,9442491.0,9442521 32 845.1 539.3 933.9 530.0 2.42 267
SFIX R,9442523.0,
EFIX R,9442523.0,9442623 102 937.0 531.8 899
SSACC R,9442625.0,
ESACC R,9442625.0,9442643 20 935.4 534.7 880.4 538.2 1.49 132
SFIX R,9442645.0,
EFIX R,9442645.0,9444127 1484 877.2 529.4 819
SSACC R,9444129.0,
ESACC R,9444129.0,9444145 18 878.7 532.3 874.4 546.7 0.41 58
SFIX R,9444147.0,
EFIX R,9444147.0,9444755 610 869.5 542.7 812
SSACC R,9444757.0,
ESACC R,9444757.0,9444771 16 869.0 541.3 881.7 537.9 0.36 66
SFIX R,9444773.0,
EFIX R,9444773.0,9445079 308 873.5 539.0 689
SSACC R,9445081.0,
ESACC R,9445081.0,9445095 16 867.8 540.6 863.7 539.1 0.12 48
SFIX R,9445097.0,
EFIX R,9445097.0,9446129 1034 876.2 533.1 799
SSACC R,9446131.0,
ESACC R,9446131.0,9446147 18 884.8 537.5 912.1 527.0 0.79 85
SFIX R,9446149.0,
EFIX R,9446149.0,9446765 618 891.9 535.0 835
SSACC R,9446767.0,
ESACC R,9446767.0,9446819 54 882.1 535.6 909.1 544.2 0.77 115
SFIX R,9446821.0,
EFIX R,9446821.0,9446929 110 903.7 542.5 786
SSACC R,9446931.0,
ESACC R,9446931.0,9446945 16 902.9 545.0 869.9 541.9 0.90 89
SFIX R,9446947.0,
EFIX R,9446947.0,9447911 966 870.2 542.2 796
SSACC R,9447913.0,
ESACC R,9447913.0,9447935 24 864.2 537.7 878.4 534.1 0.40 83
SFIX R,9447937.0,
EFIX R,9447937.0,9448845 910 869.6 535.1 796
SSACC R,9448847.0,
ESACC R,9448847.0,9448859 14 879.1 528.3 905.2 526.8 0.71 72
SFIX R,9448861.0,
EFIX R,9448861.0,9449029 170 893.9 524.4 709
SSACC R,9449031.0,
ESACC R,9449031.0,9449039 10 889.0 524.1 869.0 523.6 0.54 63
SFIX R,9449041.0,
EFIX R,9449041.0,9450259 1220 873.2 531.3 778
SSACC R,9450261.0,
ESACC R,9450261.0,9450279 20 873.7 534.3 845.8 537.9 0.76 100
SFIX R,9450281.0,
EFIX R,9450281.0,9450399 120 849.5 534.4 896
SSACC R,9450401.0,
ESACC R,9450401.0,9450417 18 852.0 538.4 896.4 537.5 1.20 111
SFIX R,9450419.0,
EFIX R,9450419.0,9451637 1220 890.0 553.1 878
SSACC R,9451639.0,
ESACC R,9451639.0,9451653 16 876.0 565.2 865.6 564.7 0.28 65
SFIX R,9451655.0,
EFIX R,9451655.0,9454745 3092 869.9 537.3 793
SSACC R,9454747.0,
ESACC R,9454747.0,9454755 10 855.0 517.5 870.9 518.7 0.43 54
SFIX R,9454757.0,
EFIX R,9454757.0,9455701 946 858.4 522.6 545
SSACC R,9455703.0,
ESACC R,9455703.0,9455717 16 861.0 515.6 833.9 521.4 0.75 83
SFIX R,9455719.0,
EFIX R,9455719.0,9455749 32 843.2 519.4 485
SSACC R,9455751.0,
ESACC R,9455751.0,9455763 14 846.3 518.5 875.1 521.9 0.78 75
SFIX R,9455765.0,
EFIX R,9455765.0,9455907 144 869.2 521.5 480
SSACC R,9455909.0,
ESACC R,9455909.0,9455913 6 865.1 520.2 856.3 520.5 0.24 60
SFIX R,9455915.0,
EFIX R,9455915.0,9457227 1314 856.6 528.0 583
SSACC R,9457229.0,
ESACC R,9457229.0,9457243 16 864.8 530.6 859.7 530.8 0.14 55
SFIX R,9457245.0,
EFIX R,9457245.0,9458033 790 865.4 535.9 807
SSACC R,9458035.0,
ESACC R,9458035.0,9458057 24 856.9 532.4 891.6 537.8 0.95 135
SFIX R,9458059.0,
EFIX R,9458059.0,9458085 28 884.3 537.3 808
SSACC R,9458087.0,
ESACC R,9458087.0,9458103 18 884.8 535.8 836.1 537.9 1.32 125
SFIX R,9458105.0,
EFIX R,9458105.0,9458167 64 845.2 538.9 801
SSACC R,9458169.0,
ESACC R,9458169.0,9458197 30 845.5 539.3 896.1 543.4 1.37 190
SFIX R,9458199.0,
EFIX R,9458199.0,9458325 128 894.0 538.0 777
SSACC R,9458327.0,
ESACC R,9458327.0,9458339 14 891.5 537.6 863.2 542.8 0.78 82
SFIX R,9458341.0,
EFIX R,9458341.0,9458603 264 865.2 536.0 729
SSACC R,9458605.0,
ESACC R,9458605.0,9458615 12 860.1 534.9 835.5 536.8 0.67 74
SFIX R,9458617.0,
EFIX R,9458617.0,9458647 32 843.8 535.8 701
SSACC R,9458649.0,
ESACC R,9458649.0,9458659 12 848.0 533.8 870.0 537.8 0.61 69
SFIX R,9458661.0,
EFIX R,9458661.0,9458865 206 864.6 532.9 700
SSACC R,9458867.0,
ESACC R,9458867.0,9458881 16 869.7 530.8 839.0 531.0 0.83 85
SFIX R,9458883.0,
EFIX R,9458883.0,9459253 372 856.2 535.4 736
SSACC R,9459255.0,
ESACC R,9459255.0,9459273 20 865.5 544.8 889.5 550.0 0.67 91
SFIX R,9459275.0,
EFIX R,9459275.0,9459299 26 883.2 548.9 788
SSACC R,9459301.0,
ESACC R,9459301.0,9459309 10 878.9 547.8 862.7 549.9 0.44 60
SFIX R,9459311.0,
EFIX R,9459311.0,9459429 120 873.9 547.4 812
SSACC R,9459431.0,
ESACC R,9459431.0,9459449 20 876.6 546.4 901.0 552.3 0.68 85
SFIX R,9459451.0,
EFIX R,9459451.0,9459659 210 897.9 554.1 859
SSACC R,9459661.0,
SBLINK R,9459681.0,
EBLINK R,9459681.0,9459761 82
ESACC R,9459661.0,9459797 138 901.8 555.2 892.9 545.2 0.36 508
SFIX R,9459799.0,
EFIX R,9459799.0,9460027 230 877.8 563.2 866
SSACC R,9460029.0,
ESACC R,9460029.0,9460043 16 876.0 576.4 895.1 568.7 0.56 64
SFIX R,9460045.0,
EFIX R,9460045.0,9460277 234 880.2 557.0 777
SSACC R,9460279.0,
ESACC R,9460279.0,9460335 58 874.2 549.0 896.7 550.5 0.61 118
SFIX R,9460337.0,
EFIX R,9460337.0,9460459 124 890.0 545.3 672
SSACC R,9460461.0,
ESACC R,9460461.0,9460473 14 887.4 542.5 858.7 543.6 0.78 77
SFIX R,9460475.0,
EFIX R,9460475.0,9460881 408 864.0 538.1 690
SSACC R,9460883.0,
ESACC R,9460883.0,9460887 6 857.9 546.1 866.8 549.6 0.26 59
SFIX R,9460889.0,
EFIX R,9460889.0,9462233 1346 863.5 545.2 806
SSACC R,9462235.0,
ESACC R,9462235.0,9462253 20 894.1 540.0 907.4 534.5 0.39 70
SFIX R,9462255.0,
EFIX R,9462255.0,9464203 1950 877.0 545.0 895
SSACC R,9464205.0,
ESACC R,9464205.0,9464225 22 873.0 562.5 856.5 558.2 0.46 82
SFIX R,9464227.0,
EFIX R,9464227.0,9464419 194 860.6 553.8 873
SSACC R,9464421.0,
ESACC R,9464421.0,9464435 16 856.6 554.6 886.9 555.0 0.82 82
SFIX R,9464437.0,
EFIX R,9464437.0,9464715 280 875.8 555.7 861
SSACC R,9464717.0,
ESACC R,9464717.0,9464725 10 874.3 554.0 856.9 555.6 0.47 55
SFIX R,9464727.0,
EFIX R,9464727.0,9465509 784 864.6 561.3 842
SSACC R,9465511.0,
ESACC R,9465511.0,9465525 16 862.5 564.4 868.4 557.4 0.25 52
SFIX R,9465527.0,
EFIX R,9465527.0,9468207 2682 886.9 552.1 1013
SSACC R,9468209.0,
ESACC R,9468209.0,9468237 30 889.2 546.3 934.6 544.5 1.23 194
SFIX R,9468239.0,
EFIX R,9468239.0,9468267 30 934.6 546.4 1085
SSACC R,9468269.0,
ESACC R,9468269.0,9468299 32 935.3 551.7 860.5 544.0 2.04 255
SFIX R,9468301.0,
EFIX R,9468301.0,9468345 46 857.9 544.4 1057
SSACC R,9468347.0,
ESACC R,9468347.0,9468379 34 857.3 546.7 928.4 547.3 1.93 251
SFIX R,9468381.0,
EFIX R,9468381.0,9468531 152 926.3 545.1 1002
SSACC R,9468533.0,
ESACC R,9468533.0,9468545 14 919.0 545.3 892.3 550.9 0.74 78
SFIX R,9468547.0,
EFIX R,9468547.0,9471675 3130 890.9 558.6 923
SSACC R,9471677.0,
ESACC R,9471677.0,9471691 16 896.8 550.9 887.8 548.4 0.25 59
SFIX R,9471693.0,
EFIX R,9471693.0,9472005 314 885.6 546.6 1086
SSACC R,9472007.0,
ESACC R,9472007.0,9472015 10 886.5 548.0 903.8 546.3 0.47 60
SFIX R,9472017.0,
EFIX R,9472017.0,9473241 1226 896.0 556.6 1118
SSACC R,9473243.0,
ESACC R,9473243.0,9473249 8 906.3 557.2 912.3 545.6 0.35 47
SFIX R,9473251.0,
EFIX R,9473251.0,9473993 744 910.7 539.8 1007
SSACC R,9473995.0,
ESACC R,9473995.0,9474011 18 904.7 535.0 883.8 537.0 0.57 82
SFIX R,9474013.0,
EFIX R,9474013.0,9474871 860 879.9 540.1 904
SSACC R,9474873.0,
ESACC R,9474873.0,9474921 50 871.8 550.8 855.7 552.6 0.44 99
SFIX R,9474923.0,
EFIX R,9474923.0,9475037 116 859.7 551.9 822
SSACC R,9475039.0,
ESACC R,9475039.0,9475057 20 860.9 545.5 902.8 551.9 1.15 118
SFIX R,9475059.0,
EFIX R,9475059.0,9476155 1098 882.2 545.0 907
SSACC R,9476157.0,
ESACC R,9476157.0,9476171 16 885.6 550.3 868.2 554.1 0.48 69
SFIX R,9476173.0,
EFIX R,9476173.0,9476491 320 875.5 553.8 955
SSACC R,9476493.0,
ESACC R,9476493.0,9476507 16 878.6 554.2 889.8 548.7 0.34 48
SFIX R,9476509.0,
EFIX R,9476509.0,9477237 730 876.3 548.5 916
SSACC R,9477239.0,
ESACC R,9477239.0,9477257 20 882.1 535.7 897.7 539.0 0.43 83
SFIX R,9477259.0,
EFIX R,9477259.0,9478809 1552 886.7 544.6 963
SSACC R,9478811.0,
ESACC R,9478811.0,9478833 24 879.5 555.2 899.8 560.9 0.57 101
SFIX R,9478835.0,
EFIX R,9478835.0,9479805 972 888.3 551.0 823
SSACC R,9479807.0,
ESACC R,9479807.0,9479821 16 889.8 549.2 924.7 541.5 0.97 95
SFIX R,9479823.0,
EFIX R,9479823.0,9479963 142 910.5 541.0 726
SSACC R,9479965.0,
ESACC R,9479965.0,9479983 20 906.6 542.0 876.5 554.1 0.88 91
SFIX R,9479985.0,
EFIX R,9479985.0,9481957 1974 883.0 559.2 905
SSACC R,9481959.0,
ESACC R,9481959.0,9481973 16 888.4 564.3 899.2 561.8 0.30 42
SFIX R,9481975.0,
EFIX R,9481975.0,9482347 374 898.9 557.1 1101
SSACC R,9482349.0,
ESACC R,9482349.0,9482363 16 900.1 552.0 884.5 559.7 0.47 69
SFIX R,9482365.0,
EFIX R,9482365.0,9482843 480 888.7 552.5 1131
SSACC R,9482845.0,
ESACC R,9482845.0,9482871 28 886.9 560.4 911.2 548.5 0.73 110
SFIX R,9482873.0,
EFIX R,9482873.0,9483147 276 918.9 565.8 1115
SSACC R,9483149.0,
ESACC R,9483149.0,9483165 18 916.6 580.7 881.1 597.0 1.06 92
SFIX R,9483167.0,
EFIX R,9483167.0,9485775 2610 910.3 547.2 1106
SSACC R,9485777.0,
ESACC R,9485777.0,9485795 20 902.7 545.0 903.4 540.8 0.12 68
SFIX R,9485797.0,
EFIX R,9485797.0,9486263 468 902.5 529.9 983
SSACC R,9486265.0,
ESACC R,9486265.0,9486289 26 892.9 519.8 950.0 538.4 1.63 175
SFIX R,9486291.0,
EFIX R,9486291.0,9486397 108 936.5 537.2 1010
SSACC R,9486399.0,
ESACC R,9486399.0,9486421 24 935.3 541.6 886.0 548.5 1.35 142
SFIX R,9486423.0,
EFIX R,9486423.0,9486759 338 892.5 549.0 1097
SSACC R,9486761.0,
ESACC R,9486761.0,9486779 20 900.3 553.1 885.2 549.2 0.42 81
SFIX R,9486781.0,
EFIX R,9486781.0,9486955 176 896.4 545.3 1146
SSACC R,9486957.0,
ESACC R,9486957.0,9486979 24 902.2 543.3 937.1 527.0 1.04 114
SFIX R,9486981.0,
EFIX R,9486981.0,9487005 26 924.9 513.6 1179
SSACC R,9487007.0,
ESACC R,9487007.0,9487027 22 899.9 516.4 930.8 530.0 0.91 86
SFIX R,9487029.0,
EFIX R,9487029.0,9487245 218 922.4 531.3 1200
SSACC R,9487247.0,
SBLINK R,9487275.0,
EBLINK R,9487275.0,9487349 76
ESACC R,9487247.0,9487393 148 927.5 526.8 929.1 520.7 0.17 1600
SFIX R,9487395.0,
EFIX R,9487395.0,9489929 2536 897.3 558.3 983
SSACC R,9489931.0,
ESACC R,9489931.0,9489977 48 899.4 543.5 849.9 550.8 1.35 162
SFIX R,9489979.0,
EFIX R,9489979.0,9490063 86 864.8 548.1 894
SSACC R,9490065.0,
ESACC R,9490065.0,9490083 20 866.6 547.3 925.1 553.4 1.59 157
SFIX R,9490085.0,
EFIX R,9490085.0,9492671 2588 894.7 541.0 826
SSACC R,9492673.0,
SBLINK R,9492697.0,
EBLINK R,9492697.0,9492759 64
ESACC R,9492673.0,9492797 126 901.2 526.5 917.5 528.4 0.44 1279
SFIX R,9492799.0,
EFIX R,9492799.0,9493087 290 903.6 533.1 951
SSACC R,9493089.0,
SBLINK R,9493109.0,
EBLINK R,9493109.0,9493197 90
ESACC R,9493089.0,9493223 136 898.2 534.8 897.4 517.1 0.48 866
SFIX R,9493225.0,
EFIX R,9493225.0,9493431 208 885.6 527.1 750
SSACC R,9493433.0,
SBLINK R,9493453.0,
EBLINK R,9493453.0,9493551 100
ESACC R,9493433.0,9493585 154 881.8 525.3 893.9 527.3 0.33 1078
SFIX R,9493587.0,
EFIX R,9493587.0,9493753 168 882.6 553.1 680
SSACC R,9493755.0,
SBLINK R,9493773.0,
EBLINK R,9493773.0,9493863 92
ESACC R,9493755.0,9493891 138 884.8 556.7 881.2 487.4 1.88 964
SFIX R,9493893.0,
EFIX R,9493893.0,9494021 130 867.6 506.7 645
SSACC R,9494023.0,
SBLINK R,9494041.0,
EBLINK R,9494041.0,9494139 100
ESACC R,9494023.0,9494167 146 866.4 520.1 901.9 500.6 1.10 929
SFIX R,9494169.0,
EFIX R,9494169.0,9494307 140 892.2 516.2 704
SSACC R,9494309.0,
SBLINK R,9494329.0,
EBLINK R,9494329.0,9494435 108
ESACC R,9494309.0,9494459 152 897.6 525.0 900.5 488.0 1.01 976
SFIX R,9494461.0,
EFIX R,9494461.0,9494709 250 888.2 519.5 737
SSACC R,9494711.0,
SBLINK R,9494729.0,
EBLINK R,9494729.0,9494873 146
ESACC R,9494711.0,9494899 190 892.2 534.2 892.6 523.2 0.30 914
SFIX R,9494901.0,
EFIX R,9494901.0,9495043 144 881.2 551.6 780
SSACC R,9495045.0,
SBLINK R,9495063.0,
EBLINK R,9495063.0,9495185 124
ESACC R,9495045.0,9495215 172 886.1 557.6 900.1 506.6 1.43 1084
SFIX R,9495217.0,
EFIX R,9495217.0,9495395 180 880.4 527.9 795
SSACC R,9495397.0,
SBLINK R,9495415.0,
EBLINK R,9495415.0,9495547 134
ESACC R,9495397.0,9495577 182 881.6 536.6 913.1 485.3 1.63 944
SFIX R,9495579.0,
EFIX R,9495579.0,9495733 156 909.0 511.9 869
SSACC R,9495735.0,
SBLINK R,9495755.0,
EBLINK R,9495755.0,9495869 116
ESACC R,9495735.0,9495899 166 914.9 516.7 895.2 518.7 0.54 1049
SFIX R,9495901.0,
EFIX R,9495901.0,9496103 204 874.8 540.8 868
SSACC R,9496105.0,
SBLINK R,9496123.0,
EBLINK R,9496123.0,9496235 114
ESACC R,9496105.0,9496265 162 871.1 546.7 915.6 482.9 2.11 938
SFIX R,9496267.0,
EFIX R,9496267.0,9496393 128 908.8 501.9 795
SSACC R,9496395.0,
SBLINK R,9496415.0,
EBLINK R,9496415.0,9496533 120
ESACC R,9496395.0,9496561 168 909.7 505.5 885.2 492.0 0.76 1027
SFIX R,9496563.0,
EFIX R,9496563.0,9496833 272 873.8 521.2 909
SSACC R,9496835.0,
ESACC R,9496835.0,9496855 22 872.3 525.4 900.8 546.4 0.96 108
SFIX R,9496857.0,
EFIX R,9496857.0,9498957 2102 883.8 528.1 1070
SSACC R,9498959.0,
ESACC R,9498959.0,9498979 22 896.6 542.5 917.0 541.0 0.55 90
SFIX R,9498981.0,
EFIX R,9498981.0,9500237 1258 889.1 534.8 1141
SSACC R,9500239.0,
ESACC R,9500239.0,9500259 22 871.2 521.8 911.6 527.4 1.11 124
SFIX R,9500261.0,
EFIX R,9500261.0,9500373 114 901.3 525.9 1135
SSACC R,9500375.0,
ESACC R,9500375.0,9500395 22 901.8 523.9 860.8 523.6 1.11 110
SFIX R,9500397.0,
EFIX R,9500397.0,9500833 438 870.4 514.0 1214
SSACC R,9500835.0,
ESACC R,9500835.0,9500865 32 867.3 519.1 914.2 540.2 1.39 201
SFIX R,9500867.0,
EFIX R,9500867.0,9500953 88 919.7 538.6 1246
SSACC R,9500955.0,
ESACC R,9500955.0,9500979 26 918.7 540.5 874.0 549.1 1.23 158
SFIX R,9500981.0,
EFIX R,9500981.0,9501369 390 876.4 545.0 1267
SSACC R,9501371.0,
ESACC R,9501371.0,9501375 6 884.8 540.5 888.6 535.3 0.17 45
SFIX R,9501377.0,
EFIX R,9501377.0,9502099 724 894.5 526.1 1251
SSACC R,9502101.0,
ESACC R,9502101.0,9502117 18 901.9 512.6 910.2 510.4 0.23 59
SFIX R,9502119.0,
EFIX R,9502119.0,9502659 542 892.6 513.5 1312
SSACC R,9502661.0,
ESACC R,9502661.0,9502675 16 881.9 523.9 912.0 525.3 0.82 80
SFIX R,9502677.0,
EFIX R,9502677.0,9502895 220 910.4 526.6 1342
SSACC R,9502897.0,
ESACC R,9502897.0,9502911 16 912.8 527.3 898.3 529.0 0.40 64
SFIX R,9502913.0,
EFIX R,9502913.0,9503703 792 892.6 518.8 1351
SSACC R,9503705.0,
ESACC R,9503705.0,9503721 18 891.3 506.5 909.2 504.0 0.49 73
SFIX R,9503723.0,
EFIX R,9503723.0,9504399 678 894.9 506.4 1360
SSACC R,9504401.0,
ESACC R,9504401.0,9504427 28 898.3 505.6 885.3 515.5 0.44 114
SFIX R,9504429.0,
EFIX R,9504429.0,9504513 86 877.1 510.8 1386
SSACC R,9504515.0,
ESACC R,9504515.0,9504543 30 875.8 507.7 910.5 507.9 0.94 180
SFIX R,9504545.0,
EFIX R,9504545.0,9504657 114 915.5 511.8 1395
SSACC R,9504659.0,
ESACC R,9504659.0,9504679 22 919.0 511.2 882.4 514.8 1.00 108
SFIX R,9504681.0,
EFIX R,9504681.0,9509117 4438 886.9 524.2 1397
SSACC R,9509119.0,
ESACC R,9509119.0,9509139 22 882.6 505.6 882.0 503.6 0.06 74
SFIX R,9509141.0,
EFIX R,9509141.0,9510413 1274 897.6 502.5 1441
SSACC R,9510415.0,
ESACC R,9510415.0,9510437 24 893.2 523.9 916.1 521.2 0.62 108
SFIX R,9510439.0,
EFIX R,9510439.0,9511269 832 909.2 530.8 1396
SSACC R,9511271.0,
ESACC R,9511271.0,9511297 28 916.2 521.7 917.5 525.9 0.12 99
SFIX R,9511299.0,
EFIX R,9511299.0,9511641 344 905.9 526.4 1434
SSACC R,9511643.0,
ESACC R,9511643.0,9511647 6 904.8 522.4 914.5 523.5 0.26 51
SFIX R,9511649.0,
EFIX R,9511649.0,9512397 750 929.6 522.7 1517
SSACC R,9512399.0,
ESACC R,9512399.0,9512415 18 931.1 516.8 928.2 510.5 0.19 74
SFIX R,9512417.0,
EFIX R,9512417.0,9514071 1656 931.4 523.3 1601
SSACC R,9514073.0,
ESACC R,9514073.0,9514103 32 938.6 517.3 954.2 500.3 0.63 146
SFIX R,9514105.0,
EFIX R,9514105.0,9514225 122 954.4 496.0 1726
SSACC R,9514227.0,
ESACC R,9514227.0,9514247 22 951.4 491.1 929.2 499.0 0.64 85
SFIX R,9514249.0,
EFIX R,9514249.0,9514317 70 930.3 496.6 1759
SSACC R,9514319.0,
ESACC R,9514319.0,9514337 20 927.1 498.8 942.5 509.7 0.51 82
SFIX R,9514339.0,
EFIX R,9514339.0,9514521 184 932.4 502.0 1783
SSACC R,9514523.0,
ESACC R,9514523.0,9514539 18 926.8 505.0 905.8 499.2 0.59 87
SFIX R,9514541.0,
EFIX R,9514541.0,9514901 362 911.5 504.2 1823
SSACC R,9514903.0,
ESACC R,9514903.0,9514919 18 922.9 501.5 934.1 500.7 0.30 74
SFIX R,9514921.0,
EFIX R,9514921.0,9516289 1370 946.6 506.1 1835
SSACC R,9516291.0,
ESACC R,9516291.0,9516315 26 938.6 508.6 963.1 512.6 0.67 114
SFIX R,9516317.0,
EFIX R,9516317.0,9516395 80 965.0 508.4 1785
SSACC R,9516397.0,
ESACC R,9516397.0,9516427 32 964.2 508.6 929.6 506.5 0.94 202
SFIX R,9516429.0,
EFIX R,9516429.0,9516453 26 918.8 505.2 1789
SSACC R,9516455.0,
ESACC R,9516455.0,9516487 34 915.0 502.2 977.0 503.7 1.68 234
SFIX R,9516489.0,
EFIX R,9516489.0,9516599 112 981.5 501.8 1787
SSACC R,9516601.0,
ESACC R,9516601.0,9516621 22 976.5 499.7 930.9 504.5 1.24 140
SFIX R,9516623.0,
EFIX R,9516623.0,9519471 2850 931.5 499.2 1645
SSACC R,9519473.0,
ESACC R,9519473.0,9519491 20 909.2 502.6 915.8 506.3 0.21 70
SFIX R,9519493.0,
EFIX R,9519493.0,9519691 200 917.9 502.8 1525
SSACC R,9519693.0,
ESACC R,9519693.0,9519783 92 919.1 492.8 926.3 512.6 0.57 903
SFIX R,9519785.0,
EFIX R,9519785.0,9519863 80 924.6 499.8 1560
SSACC R,9519865.0,
SBLINK R,9519899.0,
EBLINK R,9519899.0,9519979 82
ESACC R,9519865.0,9520037 174 923.2 501.5 918.1 494.0 0.25 1546
SFIX R,9520039.0,
EFIX R,9520039.0,9522135 2098 912.8 551.2 1215
SSACC R,9522137.0,
ESACC R,9522137.0,9522165 30 928.6 529.0 956.5 525.5 0.76 131
SFIX R,9522167.0,
EFIX R,9522167.0,9522273 108 960.4 523.7 1459
SSACC R,9522275.0,
ESACC R,9522275.0,9522299 26 960.4 522.3 937.3 527.5 0.64 104
SFIX R,9522301.0,
EFIX R,9522301.0,9523447 1148 910.2 522.1 1467
SSACC R,9523449.0,
ESACC R,9523449.0,9523475 28 893.3 527.6 915.2 527.5 0.59 125
SFIX R,9523477.0,
EFIX R,9523477.0,9523573 98 918.1 531.1 1481
SSACC R,9523575.0,
ESACC R,9523575.0,9523595 22 919.6 533.6 889.7 535.8 0.81 104
SFIX R,9523597.0,
EFIX R,9523597.0,9524947 1352 900.8 515.4 1509
SSACC R,9524949.0,
ESACC R,9524949.0,9524977 30 902.0 516.6 927.0 511.3 0.69 142
SFIX R,9524979.0,
EFIX R,9524979.0,9525009 32 932.2 513.8 1577
SSACC R,9525011.0,
ESACC R,9525011.0,9525043 34 934.5 517.8 892.2 514.0 1.15 210
SFIX R,9525045.0,
EFIX R,9525045.0,9525101 58 883.7 516.6 1578
SSACC R,9525103.0,
ESACC R,9525103.0,9525133 32 883.7 516.0 926.6 521.1 1.17 211
SFIX R,9525135.0,
EFIX R,9525135.0,9525851 718 926.1 519.3 1548
SSACC R,9525853.0,
ESACC R,9525853.0,9525873 22 928.7 511.7 906.5 518.3 0.63 86
SFIX R,9525875.0,
EFIX R,9525875.0,9528273 2400 907.4 519.9 1526
SSACC R,9528275.0,
ESACC R,9528275.0,9528295 22 907.6 512.3 912.8 507.6 0.19 72
SFIX R,9528297.0,
EFIX R,9528297.0,9528919 624 918.9 507.9 1612
SSACC R,9528921.0,
ESACC R,9528921.0,9528941 22 929.5 504.9 902.8 505.8 0.72 99
SFIX R,9528943.0,
EFIX R,9528943.0,9529001 60 910.0 504.4 1639
SSACC R,9529003.0,
ESACC R,9529003.0,9529033 32 909.1 503.2 968.1 498.6 1.60 265
SFIX R,9529035.0,
EFIX R,9529035.0,9529129 96 974.4 505.8 1626
SSACC R,9529131.0,
ESACC R,9529131.0,9529153 24 975.5 508.2 934.8 516.3 1.12 129
SFIX R,9529155.0,
EFIX R,9529155.0,9529603 450 940.1 516.4 1623
SSACC R,9529605.0,
ESACC R,9529605.0,9529629 26 941.7 515.8 934.1 515.0 0.21 89
SFIX R,9529631.0,
EFIX R,9529631.0,9529819 190 925.8 513.3 1596
SSACC R,9529821.0,
SBLINK R,9529855.0,
EBLINK R,9529855.0,9529879 26
ESACC R,9529821.0,9529935 116 931.8 508.0 940.8 537.5 0.84 1576
SFIX R,9529937.0,
EFIX R,9529937.0,9530065 130 939.9 560.6 1635
SSACC R,9530067.0,
ESACC R,9530067.0,9530087 22 940.3 577.4 928.4 540.7 1.05 121
SFIX R,9530089.0,
EFIX R,9530089.0,9531181 1094 925.3 531.7 1464
SSACC R,9531183.0,
ESACC R,9531183.0,9531199 18 920.1 519.8 902.9 516.4 0.48 83
SFIX R,9531201.0,
EFIX R,9531201.0,9531469 270 906.3 510.6 1606
SSACC R,9531471.0,
ESACC R,9531471.0,9531479 10 909.8 509.1 927.5 508.9 0.48 58
SFIX R,9531481.0,
EFIX R,9531481.0,9532963 1484 938.6 494.6 1732
SSACC R,9532965.0,
ESACC R,9532965.0,9532993 30 939.9 488.8 949.3 488.7 0.25 115
SFIX R,9532995.0,
EFIX R,9532995.0,9533159 166 950.2 484.0 1764
SSACC R,9533161.0,
ESACC R,9533161.0,9533179 20 943.4 477.4 928.6 487.8 0.49 79
SFIX R,9533181.0,
EFIX R,9533181.0,9533917 738 918.4 487.5 1704
SSACC R,9533919.0,
ESACC R,9533919.0,9533947 30 906.1 498.9 934.5 503.6 0.78 161
SFIX R,9533949.0,
EFIX R,9533949.0,9534067 120 939.0 502.0 1611
SSACC R,9534069.0,
ESACC R,9534069.0,9534089 22 939.2 499.3 911.7 513.2 0.84 112
SFIX R,9534091.0,
EFIX R,9534091.0,9534523 434 917.5 511.6 1602
SSACC R,9534525.0,
ESACC R,9534525.0,9534541 18 920.9 512.9 920.3 504.6 0.23 54
SFIX R,9534543.0,
EFIX R,9534543.0,9534889 348 922.9 511.4 1601
SSACC R,9534891.0,
ESACC R,9534891.0,9534947 58 928.5 506.3 894.1 514.2 0.96 133
SFIX R,9534949.0,
EFIX R,9534949.0,9535069 122 906.2 510.2 1617
SSACC R,9535071.0,
ESACC R,9535071.0,9535091 22 902.8 507.2 936.3 504.8 0.91 101
SFIX R,9535093.0,
EFIX R,9535093.0,9538485 3394 922.4 514.7 1603
SSACC R,9538487.0,
ESACC R,9538487.0,9538513 28 918.5 510.9 904.7 512.9 0.38 106
SFIX R,9538515.0,
EFIX R,9538515.0,9538571 58 898.5 515.3 1626
SSACC R,9538573.0,
ESACC R,9538573.0,9538603 32 895.8 520.0 939.5 515.9 1.19 204
SFIX R,9538605.0,
EFIX R,9538605.0,9538739 136 946.9 510.4 1637
SSACC R,9538741.0,
ESACC R,9538741.0,9538759 20 948.8 512.0 928.3 522.2 0.62 84
SFIX R,9538761.0,
EFIX R,9538761.0,9539059 300 927.2 517.5 1648
SSACC R,9539061.0,
ESACC R,9539061.0,9539081 22 924.2 519.1 905.4 531.8 0.61 98
SFIX R,9539083.0,
EFIX R,9539083.0,9539705 624 914.0 525.6 1641
SSACC R,9539707.0,
ESACC R,9539707.0,9539725 20 916.4 522.3 935.4 508.5 0.64 86
SFIX R,9539727.0,
EFIX R,9539727.0,9539929 204 932.3 511.3 1638
SSACC R,9539931.0,
ESACC R,9539931.0,9539945 16 930.5 511.6 908.9 516.0 0.60 75
SFIX R,9539947.0,
EFIX R,9539947.0,9539971 26 919.2 515.1 1643
SSACC R,9539973.0,
ESACC R,9539973.0,9539989 18 918.3 517.4 950.0 516.5 0.86 85
SFIX R,9539991.0,
EFIX R,9539991.0,9540151 162 940.3 516.9 1642
SSACC R,9540153.0,
ESACC R,9540153.0,9540169 18 942.0 518.1 923.7 518.5 0.50 72
SFIX R,9540171.0,
EFIX R,9540171.0,9541649 1480 934.8 499.4 1794
SSACC R,9541651.0,
ESACC R,9541651.0,9541667 18 927.0 496.4 921.4 499.8 0.18 55
SFIX R,9541669.0,
EFIX R,9541669.0,9541953 286 925.8 499.4 1809
SSACC R,9541955.0,
ESACC R,9541955.0,9541971 18 931.0 503.7 936.2 498.1 0.21 65
SFIX R,9541973.0,
EFIX R,9541973.0,9543635 1664 930.5 500.9 1701
SSACC R,9543637.0,
ESACC R,9543637.0,9543641 6 940.6 497.2 930.7 496.3 0.27 50
SFIX R,9543643.0,
EFIX R,9543643.0,9544229 588 928.6 499.8 1680
SSACC R,9544231.0,
ESACC R,9544231.0,9544251 22 927.6 490.8 952.1 486.5 0.67 91
SFIX R,9544253.0,
EFIX R,9544253.0,9544411 160 943.3 488.3 1718
SSACC R,9544413.0,
ESACC R,9544413.0,9544427 16 938.4 490.2 922.1 500.5 0.52 65
SFIX R,9544429.0,
EFIX R,9544429.0,9545735 1308 915.3 507.5 1671
SSACC R,9545737.0,
ESACC R,9545737.0,9545767 32 911.7 523.3 887.5 515.9 0.69 156
SFIX R,9545769.0,
EFIX R,9545769.0,9545823 56 877.4 515.8 1675
SSACC R,9545825.0,
ESACC R,9545825.0,9545857 34 877.0 513.7 941.9 506.9 1.77 292
SFIX R,9545859.0,
EFIX R,9545859.0,9545967 110 951.9 505.0 1671
SSACC R,9545969.0,
ESACC R,9545969.0,9545989 22 953.0 501.5 920.9 517.2 0.97 111
SFIX R,9545991.0,
EFIX R,9545991.0,9548195 2206 927.6 533.7 1542
SSACC R,9548197.0,
ESACC R,9548197.0,9548211 16 936.3 519.0 924.1 520.2 0.33 65
SFIX R,9548213.0,
EFIX R,9548213.0,9548487 276 920.8 525.0 1693
SSACC R,9548489.0,
ESACC R,9548489.0,9548505 18 915.2 532.2 929.3 529.4 0.39 73
SFIX R,9548507.0,
EFIX R,9548507.0,9549347 842 919.0 535.2 1626
SSACC R,9549349.0,
ESACC R,9549349.0,9549461 114 918.9 533.2 933.0 542.7 0.46 1405
SFIX R,9549463.0,
EFIX R,9549463.0,9550043 582 928.3 535.4 1522
SSACC R,9550045.0,
ESACC R,9550045.0,9550061 18 933.9 558.6 916.8 562.0 0.47 75
SFIX R,9550063.0,
EFIX R,9550063.0,9550633 572 914.8 570.1 1250
SSACC R,9550635.0,
ESACC R,9550635.0,9550653 20 908.9 563.3 921.4 566.1 0.35 72
SFIX R,9550655.0,
EFIX R,9550655.0,9551773 1120 914.1 555.2 1406
SSACC R,9551775.0,
ESACC R,9551775.0,9551791 18 906.0 547.8 883.6 547.1 0.61 82
SFIX R,9551793.0,
EFIX R,9551793.0,9552009 218 886.5 542.6 1465
SSACC R,9552011.0,
ESACC R,9552011.0,9552029 20 883.8 543.3 907.3 540.5 0.64 82
SFIX R,9552031.0,
EFIX R,9552031.0,9552247 218 900.8 543.3 1475
SSACC R,9552249.0,
SBLINK R,9552273.0,
EBLINK R,9552273.0,9552367 96
ESACC R,9552249.0,9552429 182 905.8 538.2 902.9 512.1 0.71 2070
SFIX R,9552431.0,
EFIX R,9552431.0,9553101 672 895.5 531.1 1373
SSACC R,9553103.0,
ESACC R,9553103.0,9553119 18 903.4 545.5 916.5 547.1 0.36 76
SFIX R,9553121.0,
EFIX R,9553121.0,9557881 4762 921.8 519.0 1581
SSACC R,9557883.0,
ESACC R,9557883.0,9557891 10 910.5 506.3 925.4 507.2 0.40 54
SFIX R,9557893.0,
EFIX R,9557893.0,9559161 1270 925.9 506.1 1715
SSACC R,9559163.0,
SBLINK R,9559189.0,
EBLINK R,9559189.0,9559261 74
ESACC R,9559163.0,9559325 164 935.2 494.0 935.4 477.6 0.44 1763
SFIX R,9559327.0,
EFIX R,9559327.0,9559497 172 927.8 479.9 1650
SSACC R,9559499.0,
ESACC R,9559499.0,9559507 10 926.4 499.6 937.0 518.9 0.60 70
SFIX R,9559509.0,
EFIX R,9559509.0,9563069 3562 921.7 533.2 1530
SSACC R,9563071.0,
SBLINK R,9563097.0,
EBLINK R,9563097.0,9563133 38
ESACC R,9563071.0,9563197 128 921.6 525.9 945.9 511.8 0.76 1949
SFIX R,9563199.0,
EFIX R,9563199.0,9563433 236 939.6 497.9 1633
SSACC R,9563435.0,
ESACC R,9563435.0,9563453 20 940.3 488.1 911.0 495.5 0.82 93
SFIX R,9563455.0,
EFIX R,9563455.0,9563965 512 908.2 526.8 1492
SSACC R,9563967.0,
ESACC R,9563967.0,9563995 30 897.0 551.1 928.9 537.1 0.94 148
SFIX R,9563997.0,
EFIX R,9563997.0,9564153 158 932.1 545.6 1352
SSACC R,9564155.0,
ESACC R,9564155.0,9564175 22 931.4 545.5 898.6 557.3 0.94 112
SFIX R,9564177.0,
EFIX R,9564177.0,9564939 764 916.9 534.8 1482
SSACC R,9564941.0,
SBLINK R,9564977.0,
EBLINK R,9564977.0,9564977 2
ESACC R,9564941.0,9565037 98 920.3 514.2 938.0 507.6 0.51 1304
SFIX R,9565039.0,
EFIX R,9565039.0,9565239 202 936.0 504.5 1581
SSACC R,9565241.0,
ESACC R,9565241.0,9565257 18 929.8 508.2 911.3 509.5 0.50 74
SFIX R,9565259.0,
EFIX R,9565259.0,9565355 98 913.7 510.4 1617
SSACC R,9565357.0,
SBLINK R,9565383.0,
EBLINK R,9565383.0,9565473 92
ESACC R,9565357.0,9565567 212 915.6 507.0 925.4 489.6 0.54 1873
SFIX R,9565569.0,
EFIX R,9565569.0,9565709 142 927.2 493.8 1558
SSACC R,9565711.0,
SBLINK R,9565735.0,
EBLINK R,9565735.0,9565823 90
ESACC R,9565711.0,9565877 168 932.9 499.0 907.4 523.0 0.95 1783
SFIX R,9565879.0,
EFIX R,9565879.0,9566045 168 913.8 528.1 1513
SSACC R,9566047.0,
SBLINK R,9566073.0,
EBLINK R,9566073.0,9566187 116
ESACC R,9566047.0,9566231 186 927.5 523.3 947.7 507.6 0.69 1958
SFIX R,9566233.0,
EFIX R,9566233.0,9566393 162 938.3 514.5 1285
SSACC R,9566395.0,
SBLINK R,9566419.0,
EBLINK R,9566419.0,9566525 108
ESACC R,9566395.0,9566567 174 932.4 506.4 921.1 536.1 0.86 1658
SFIX R,9566569.0,
EFIX R,9566569.0,9566799 232 914.9 553.4 1227
SSACC R,9566801.0,
ESACC R,9566801.0,9566813 14 911.9 561.1 907.3 544.7 0.46 52
SFIX R,9566815.0,
EFIX R,9566815.0,9568079 1266 905.6 544.9 1213
SSACC R,9568081.0,
ESACC R,9568081.0,9568095 16 907.4 532.6 893.5 540.9 0.44 56
SFIX R,9568097.0,
EFIX R,9568097.0,9569535 1440 907.8 535.9 1481
SSACC R,9569537.0,
ESACC R,9569537.0,9569553 18 916.5 538.7 917.0 529.8 0.24 54
SFIX R,9569555.0,
EFIX R,9569555.0,9569883 330 920.7 535.8 1564
SSACC R,9569885.0,
ESACC R,9569885.0,9569897 14 922.5 535.2 937.3 530.5 0.42 57
SFIX R,9569899.0,
EFIX R,9569899.0,9571067 1170 926.5 516.2 1725
SSACC R,9571069.0,
ESACC R,9571069.0,9571091 24 919.4 506.3 921.8 506.1 0.07 84
SFIX R,9571093.0,
EFIX R,9571093.0,9571719 628 921.6 494.0 1889
SSACC R,9571721.0,
ESACC R,9571721.0,9571743 24 927.2 491.8 932.6 494.1 0.16 74
SFIX R,9571745.0,
EFIX R,9571745.0,9572745 1002 924.1 498.4 1879
SSACC R,9572747.0,
ESACC R,9572747.0,9572773 28 920.5 509.5 922.4 507.1 0.08 94
SFIX R,9572775.0,
EFIX R,9572775.0,9573205 432 923.6 501.1 1840
SSACC R,9573207.0,
ESACC R,9573207.0,9573235 30 918.3 489.3 907.0 495.1 0.34 120
SFIX R,9573237.0,
EFIX R,9573237.0,9573283 48 898.4 496.2 1852
SSACC R,9573285.0,
ESACC R,9573285.0,9573317 34 896.2 499.4 955.4 500.8 1.60 243
SFIX R,9573319.0,
EFIX R,9573319.0,9573419 102 961.8 501.5 1841
SSACC R,9573421.0,
ESACC R,9573421.0,9573441 22 961.3 502.3 918.4 502.0 1.16 129
SFIX R,9573443.0,
EFIX R,9573443.0,9573739 298 911.6 505.9 1764
SSACC R,9573741.0,
ESACC R,9573741.0,9573821 82 904.1 501.1 893.8 477.4 0.70 1379
SFIX R,9573823.0,
EFIX R,9573823.0,9573905 84 891.9 489.8 1669
SSACC R,9573907.0,
SBLINK R,9573937.0,
EBLINK R,9573937.0,9574023 88
ESACC R,9573907.0,9574095 190 890.8 489.2 923.0 495.6 0.89 1615
SFIX R,9574097.0,
EFIX R,9574097.0,9574333 238 914.4 517.0 1565
SSACC R,9574335.0,
ESACC R,9574335.0,9574351 18 914.0 537.1 893.9 545.4 0.59 84
SFIX R,9574353.0,
EFIX R,9574353.0,9575227 876 909.2 529.8 1548
SSACC R,9575229.0,
ESACC R,9575229.0,9575243 16 901.5 501.8 927.2 501.2 0.70 74
SFIX R,9575245.0,
EFIX R,9575245.0,9576449 1206 921.3 515.6 1626
SSACC R,9576451.0,
ESACC R,9576451.0,9576459 10 919.3 528.0 910.7 523.8 0.26 56
SFIX R,9576461.0,
EFIX R,9576461.0,9577259 800 915.7 522.4 1692
SSACC R,9577261.0,
ESACC R,9577261.0,9577289 30 916.1 522.4 945.9 511.5 0.86 149
SFIX R,9577291.0,
EFIX R,9577291.0,9577393 104 950.3 505.5 1729
SSACC R,9577395.0,
ESACC R,9577395.0,9577417 24 949.2 496.8 912.8 514.3 1.09 133
SFIX R,9577419.0,
EFIX R,9577419.0,9579157 1740 940.0 495.3 1820
SSACC R,9579159.0,
ESACC R,9579159.0,9579179 22 940.6 498.9 926.1 497.8 0.39 77
SFIX R,9579181.0,
EFIX R,9579181.0,9579521 342 929.0 495.2 1867
SSACC R,9579523.0,
ESACC R,9579523.0,9579547 26 925.9 499.5 950.4 500.9 0.67 114
SFIX R,9579549.0,
EFIX R,9579549.0,9579597 50 951.2 499.5 1845
SSACC R,9579599.0,
ESACC R,9579599.0,9579627 30 951.7 499.9 927.0 497.6 0.67 145
SFIX R,9579629.0,
EFIX R,9579629.0,9579689 62 920.6 497.2 1837
SSACC R,9579691.0,
ESACC R,9579691.0,9579717 28 921.0 496.8 947.1 494.9 0.71 124
SFIX R,9579719.0,
EFIX R,9579719.0,9579873 156 954.4 500.7 1815
SSACC R,9579875.0,
SBLINK R,9579901.0,
EBLINK R,9579901.0,9580011 112
ESACC R,9579875.0,9580081 208 966.3 506.2 953.7 497.2 0.42 1735
SFIX R,9580083.0,
EFIX R,9580083.0,9580463 382 947.4 516.7 1736
SSACC R,9580465.0,
ESACC R,9580465.0,9580481 18 937.2 534.2 926.2 534.1 0.30 70
SFIX R,9580483.0,
EFIX R,9580483.0,9581029 548 925.4 543.3 1579
SSACC R,9581031.0,
ESACC R,9581031.0,9581055 26 922.5 542.8 950.6 537.5 0.77 122
SFIX R,9581057.0,
EFIX R,9581057.0,9581181 126 954.3 536.6 1609
SSACC R,9581183.0,
ESACC R,9581183.0,9581207 26 957.5 535.0 936.8 537.3 0.56 105
SFIX R,9581209.0,
EFIX R,9581209.0,9581641 434 934.3 533.1 1725
SSACC R,9581643.0,
ESACC R,9581643.0,9581665 24 931.0 531.0 960.3 524.3 0.81 109
SFIX R,9581667.0,
EFIX R,9581667.0,9581785 120 955.0 523.6 1756
SSACC R,9581787.0,
ESACC R,9581787.0,9581813 28 954.3 517.3 938.7 521.9 0.44 94
SFIX R,9581815.0,
EFIX R,9581815.0,9583149 1336 919.8 528.1 1736
SSACC R,9583151.0,
ESACC R,9583151.0,9583177 28 897.3 548.6 920.3 538.4 0.68 132
SFIX R,9583179.0,
EFIX R,9583179.0,9584827 1650 927.8 540.4 1521
SSACC R,9584829.0,
ESACC R,9584829.0,9584841 14 931.5 532.1 915.1 535.8 0.46 54
SFIX R,9584843.0,
EFIX R,9584843.0,9585277 436 919.6 526.3 1531
SSACC R,9585279.0,
SBLINK R,9585303.0,
EBLINK R,9585303.0,9585401 100
ESACC R,9585279.0,9585473 196 933.5 512.9 935.6 487.5 0.69 2160
SFIX R,9585475.0,
EFIX R,9585475.0,9585795 322 927.3 509.4 1585
SSACC R,9585797.0,
ESACC R,9585797.0,9585815 20 918.7 522.0 900.8 521.6 0.49 86
SFIX R,9585817.0,
EFIX R,9585817.0,9586615 800 898.3 525.9 1477
SSACC R,9586617.0,
ESACC R,9586617.0,9586641 26 891.6 528.1 880.0 519.6 0.39 91
SFIX R,9586643.0,
EFIX R,9586643.0,9586753 112 879.1 522.3 1512
SSACC R,9586755.0,
ESACC R,9586755.0,9586775 22 880.4 523.4 923.9 526.1 1.18 135
SFIX R,9586777.0,
EFIX R,9586777.0,9586973 198 915.6 530.4 1528
SSACC R,9586975.0,
ESACC R,9586975.0,9586989 16 911.7 531.7 897.8 531.8 0.38 67
SFIX R,9586991.0,
EFIX R,9586991.0,9588143 1154 909.8 530.6 1592
SSACC R,9588145.0,
ESACC R,9588145.0,9588161 18 929.1 536.7 945.6 532.5 0.46 79
SFIX R,9588163.0,
EFIX R,9588163.0,9588471 310 942.4 529.1 1531
SSACC R,9588473.0,
ESACC R,9588473.0,9588491 20 937.1 526.4 914.5 525.7 0.61 95
SFIX R,9588493.0,
EFIX R,9588493.0,9588947 456 914.7 528.6 1539
SSACC R,9588949.0,
ESACC R,9588949.0,9588997 50 912.8 524.8 900.4 525.5 0.34 94
SFIX R,9588999.0,
EFIX R,9588999.0,9589259 262 905.5 522.9 1549
SSACC R,9589261.0,
ESACC R,9589261.0,9589269 10 906.9 519.3 923.8 519.5 0.46 54
SFIX R,9589271.0,
EFIX R,9589271.0,9592463 3194 918.2 527.3 1484
SSACC R,9592465.0,
ESACC R,9592465.0,9592493 30 932.2 520.9 910.3 531.7 0.66 156
SFIX R,9592495.0,
EFIX R,9592495.0,9592647 154 896.3 529.4 1511
SSACC R,9592649.0,
ESACC R,9592649.0,9592667 20 893.1 530.9 932.3 531.6 1.06 104
SFIX R,9592669.0,
EFIX R,9592669.0,9596191 3524 928.3 531.5 1636
SSACC R,9596193.0,
ESACC R,9596193.0,9596219 28 965.7 526.4 943.8 515.4 0.66 93
SFIX R,9596221.0,
EFIX R,9596221.0,9596449 230 953.9 499.6 1891
SSACC R,9596451.0,
SBLINK R,9596483.0,
EBLINK R,9596483.0,9596509 28
ESACC R,9596451.0,9596573 124 950.6 495.6 972.9 483.4 0.69 1526
SFIX R,9596575.0,
EFIX R,9596575.0,9597125 552 962.6 519.5 1878
SSACC R,9597127.0,
ESACC R,9597127.0,9597143 18 953.7 547.8 938.6 551.3 0.42 63
SFIX R,9597145.0,
EFIX R,9597145.0,9597537 394 943.6 554.3 1711
SSACC R,9597539.0,
ESACC R,9597539.0,9597545 8 947.6 546.3 961.6 545.7 0.38 53
SFIX R,9597547.0,
EFIX R,9597547.0,9598689 1144 963.3 528.0 1873
SSACC R,9598691.0,
ESACC R,9598691.0,9598711 22 972.1 521.1 977.7 513.2 0.26 72
SFIX R,9598713.0,
EFIX R,9598713.0,9599777 1066 958.9 521.5 1759
SSACC R,9599779.0,
ESACC R,9599779.0,9599843 66 943.0 518.8 918.6 519.2 0.66 144
SFIX R,9599845.0,
EFIX R,9599845.0,9599953 110 926.3 521.5 1743
SSACC R,9599955.0,
ESACC R,9599955.0,9599975 22 923.4 527.1 959.1 524.7 0.97 101
SFIX R,9599977.0,
EFIX R,9599977.0,9601681 1706 947.4 516.0 1697
SSACC R,9601683.0,
ESACC R,9601683.0,9601689 8 944.6 507.0 933.8 506.4 0.29 44
SFIX R,9601691.0,
EFIX R,9601691.0,9602417 728 926.3 498.7 1706
SSACC R,9602419.0,
SBLINK R,9602449.0,
EBLINK R,9602449.0,9602479 32
ESACC R,9602419.0,9602559 142 924.8 494.9 914.3 530.7 1.01 1633
SFIX R,9602561.0,
EFIX R,9602561.0,9602933 374 900.4 505.5 1550
SSACC R,9602935.0,
SBLINK R,9602959.0,
EBLINK R,9602959.0,9603085 128
ESACC R,9602935.0,9603163 230 901.8 499.0 914.3 491.2 0.40 1606
SFIX R,9603165.0,
EFIX R,9603165.0,9605481 2318 909.1 505.9 1531
SSACC R,9605483.0,
ESACC R,9605483.0,9605501 20 901.5 489.1 907.0 490.3 0.15 63
SFIX R,9605503.0,
EFIX R,9605503.0,9607263 1762 888.5 507.1 1652
SSACC R,9607265.0,
ESACC R,9607265.0,9607293 30 884.6 514.1 927.1 514.9 1.15 160
SFIX R,9607295.0,
EFIX R,9607295.0,9607387 94 930.7 517.7 1629
SSACC R,9607389.0,
ESACC R,9607389.0,9607411 24 934.5 519.6 894.2 519.5 1.09 136
SFIX R,9607413.0,
EFIX R,9607413.0,9608849 1438 900.1 516.5 1631
SSACC R,9608851.0,
ESACC R,9608851.0,9608873 24 890.9 511.7 891.3 519.0 0.20 70
SFIX R,9608875.0,
EFIX R,9608875.0,9609965 1092 888.2 530.6 1640
SSACC R,9609967.0,
ESACC R,9609967.0,9609991 26 887.5 535.5 882.9 536.3 0.13 86
SFIX R,9609993.0,
EFIX R,9609993.0,9610187 196 878.7 536.2 1657
SSACC R,9610189.0,
ESACC R,9610189.0,9610209 22 878.6 533.2 924.6 529.7 1.25 124
SFIX R,9610211.0,
EFIX R,9610211.0,9610345 136 914.9 527.9 1649
SSACC R,9610347.0,
ESACC R,9610347.0,9610367 22 916.7 524.8 885.0 528.9 0.87 114
SFIX R,9610369.0,
EFIX R,9610369.0,9610645 278 896.4 535.7 1594
SSACC R,9610647.0,
ESACC R,9610647.0,9610667 22 893.0 536.5 870.0 541.2 0.64 86
SFIX R,9610669.0,
EFIX R,9610669.0,9610733 66 876.7 537.0 1530
SSACC R,9610735.0,
ESACC R,9610735.0,9610757 24 877.4 535.7 939.8 534.2 1.69 171
SFIX R,9610759.0,
EFIX R,9610759.0,9610881 124 932.2 529.2 1529
SSACC R,9610883.0,
ESACC R,9610883.0,9610897 16 934.4 524.7 900.4 533.4 0.95 90
SFIX R,9610899.0,
EFIX R,9610899.0,9612357 1460 918.6 515.2 1683
SSACC R,9612359.0,
ESACC R,9612359.0,9612381 24 915.5 530.1 908.7 525.7 0.22 66
SFIX R,9612383.0,
EFIX R,9612383.0,9612567 186 900.5 528.2 1720
SSACC R,9612569.0,
ESACC R,9612569.0,9612587 20 896.3 525.4 923.0 527.1 0.73 88
SFIX R,9612589.0,
EFIX R,9612589.0,9612857 270 911.7 527.9 1739
SSACC R,9612859.0,
ESACC R,9612859.0,9612877 20 908.4 529.6 884.7 542.9 0.74 87
SFIX R,9612879.0,
EFIX R,9612879.0,9612933 56 889.5 535.7 1732
SSACC R,9612935.0,
ESACC R,9612935.0,9612963 30 888.2 534.6 928.7 535.5 1.10 180
SFIX R,9612965.0,
EFIX R,9612965.0,9613087 124 929.7 543.5 1709
SSACC R,9613089.0,
ESACC R,9613089.0,9613109 22 928.7 540.8 904.0 547.1 0.69 87
SFIX R,9613111.0,
EFIX R,9613111.0,9613419 310 907.0 547.6 1670
SSACC R,9613421.0,
ESACC R,9613421.0,9613425 6 906.5 541.9 914.9 536.3 0.27 48
SFIX R,9613427.0,
EFIX R,9613427.0,9614193 768 913.4 527.2 1642
SSACC R,9614195.0,
SBLINK R,9614221.0,
EBLINK R,9614221.0,9614285 66
ESACC R,9614195.0,9614361 168 910.2 516.5 915.6 472.2 1.21 1959
SFIX R,9614363.0,
EFIX R,9614363.0,9614571 210 912.2 489.0 1687
SSACC R,9614573.0,
ESACC R,9614573.0,9614587 16 913.5 502.7 929.5 516.4 0.57 75
SFIX R,9614589.0,
EFIX R,9614589.0,9616439 1852 910.9 535.9 1517
SSACC R,9616441.0,
ESACC R,9616441.0,9616467 28 905.5 535.8 932.1 526.2 0.77 125
SFIX R,9616469.0,
EFIX R,9616469.0,9616553 86 937.4 529.5 1628
SSACC R,9616555.0,
ESACC R,9616555.0,9616583 30 939.8 529.6 911.3 535.2 0.79 169
SFIX R,9616585.0,
EFIX R,9616585.0,9617311 728 911.2 526.5 1670
SSACC R,9617313.0,
ESACC R,9617313.0,9617331 20 913.7 525.9 934.7 518.2 0.61 81
SFIX R,9617333.0,
EFIX R,9617333.0,9618651 1320 918.2 521.2 1743
SSACC R,9618653.0,
ESACC R,9618653.0,9618669 18 913.1 516.0 921.5 511.4 0.26 57
SFIX R,9618671.0,
EFIX R,9618671.0,9619309 640 920.8 521.0 1746
SSACC R,9619311.0,
ESACC R,9619311.0,9619325 16 935.3 519.8 911.2 512.4 0.68 69
SFIX R,9619327.0,
EFIX R,9619327.0,9620187 862 913.5 515.6 1727
SSACC R,9620189.0,
ESACC R,9620189.0,9620217 30 909.8 515.2 928.8 519.1 0.53 102
SFIX R,9620219.0,
EFIX R,9620219.0,9620329 112 932.4 518.5 1719
SSACC R,9620331.0,
ESACC R,9620331.0,9620357 28 931.6 516.3 913.9 520.9 0.50 144
SFIX R,9620359.0,
EFIX R,9620359.0,9620379 22 907.1 519.1 1722
SSACC R,9620381.0,
ESACC R,9620381.0,9620413 34 904.7 521.1 956.8 522.1 1.41 259
SFIX R,9620415.0,
EFIX R,9620415.0,9620519 106 962.0 523.0 1716
SSACC R,9620521.0,
ESACC R,9620521.0,9620539 20 961.2 522.8 910.2 518.3 1.39 121
SFIX R,9620541.0,
EFIX R,9620541.0,9625145 4606 900.5 540.4 1459
SSACC R,9625147.0,
ESACC R,9625147.0,9625167 22 905.0 532.3 878.2 532.3 0.73 85
SFIX R,9625169.0,
EFIX R,9625169.0,9625259 92 883.7 530.7 1564
SSACC R,9625261.0,
ESACC R,9625261.0,9625287 28 883.6 531.4 914.6 533.0 0.84 133
SFIX R,9625289.0,
EFIX R,9625289.0,9625807 520 918.3 534.1 1559
SSACC R,9625809.0,
SBLINK R,9625837.0,
EBLINK R,9625837.0,9625873 38
ESACC R,9625809.0,9625943 136 911.5 519.0 924.1 520.0 0.34 1677
SFIX R,9625945.0,
EFIX R,9625945.0,9626499 556 920.5 535.4 1454
SSACC R,9626501.0,
ESACC R,9626501.0,9626515 16 919.5 552.3 914.7 547.6 0.18 58
SFIX R,9626517.0,
EFIX R,9626517.0,9627815 1300 902.9 533.3 1434
SSACC R,9627817.0,
SBLINK R,9627843.0,
EBLINK R,9627843.0,9627929 88
ESACC R,9627817.0,9627995 180 907.7 519.8 925.9 495.8 0.82 1957
SFIX R,9627997.0,
EFIX R,9627997.0,9628335 340 915.8 515.4 1618
SSACC R,9628337.0,
ESACC R,9628337.0,9628357 22 913.2 535.7 896.7 539.7 0.46 87
SFIX R,9628359.0,
EFIX R,9628359.0,9629889 1532 905.9 537.2 1500
SSACC R,9629891.0,
ESACC R,9629891.0,9629973 84 908.7 523.2 898.1 511.2 0.43 224
SFIX R,9629975.0,
EFIX R,9629975.0,9630083 110 888.4 507.5 1679
SSACC R,9630085.0,
ESACC R,9630085.0,9630107 24 884.2 511.0 938.5 515.3 1.48 132
SFIX R,9630109.0,
EFIX R,9630109.0,9630451 344 924.8 517.1 1697
SSACC R,9630453.0,
ESACC R,9630453.0,9630467 16 929.9 519.9 944.3 520.4 0.39 59
SFIX R,9630469.0,
EFIX R,9630469.0,9630775 308 933.0 519.5 1661
SSACC R,9630777.0,
ESACC R,9630777.0,9630801 26 925.6 520.7 914.6 523.1 0.31 99
SFIX R,9630803.0,
EFIX R,9630803.0,9631435 634 898.7 520.7 1635
SSACC R,9631437.0,
ESACC R,9631437.0,9631459 24 888.5 526.4 919.1 535.0 0.86 102
SFIX R,9631461.0,
EFIX R,9631461.0,9631777 318 911.8 528.9 1603
SSACC R,9631779.0,
ESACC R,9631779.0,9631799 22 908.9 525.9 908.9 528.9 0.08 74
SFIX R,9631801.0,
EFIX R,9631801.0,9632989 1190 906.7 527.9 1519
SSACC R,9632991.0,
ESACC R,9632991.0,9633015 26 908.4 513.8 931.2 513.0 0.62 126
SFIX R,9633017.0,
EFIX R,9633017.0,9635361 2346 909.7 518.1 1518
SSACC R,9635363.0,
ESACC R,9635363.0,9635371 10 882.0 544.8 896.5 548.2 0.40 53
SFIX R,9635373.0,
EFIX R,9635373.0,9635851 480 894.1 556.0 1162
SSACC R,9635853.0,
SBLINK R,9635885.0,
EBLINK R,9635885.0,9635935 52
ESACC R,9635853.0,9635999 148 899.4 548.3 902.0 563.1 0.41 1640
SFIX R,9636001.0,
EFIX R,9636001.0,9637379 1380 892.9 564.8 1191
SSACC R,9637381.0,
ESACC R,9637381.0,9637401 22 894.4 552.9 881.3 547.5 0.38 79
SFIX R,9637403.0,
EFIX R,9637403.0,9637705 304 891.1 543.6 1236
SSACC R,9637707.0,
ESACC R,9637707.0,9637713 8 900.4 535.3 913.2 537.9 0.35 50
SFIX R,9637715.0,
EFIX R,9637715.0,9638761 1048 906.9 535.4 1392
SSACC R,9638763.0,
ESACC R,9638763.0,9638785 24 911.8 545.6 908.3 543.1 0.12 79
SFIX R,9638787.0,
EFIX R,9638787.0,9639615 830 904.0 537.6 1522
SSACC R,9639617.0,
ESACC R,9639617.0,9639645 30 902.3 521.9 873.4 521.6 0.78 169
SFIX R,9639647.0,
EFIX R,9639647.0,9639781 136 865.3 526.5 1600
SSACC R,9639783.0,
ESACC R,9639783.0,9639803 22 866.2 527.5 911.8 528.8 1.24 128
SFIX R,9639805.0,
EFIX R,9639805.0,9640015 212 897.4 540.8 1564
SSACC R,9640017.0,
ESACC R,9640017.0,9640037 22 894.8 550.0 917.6 554.4 0.63 82
SFIX R,9640039.0,
EFIX R,9640039.0,9640061 24 915.2 549.3 1461
SSACC R,9640063.0,
SBLINK R,9640097.0,
EBLINK R,9640097.0,9640135 40
ESACC R,9640063.0,9640197 136 920.5 535.0 897.7 533.9 0.62 1751
SFIX R,9640199.0,
EFIX R,9640199.0,9640665 468 894.3 566.4 1311
SSACC R,9640667.0,
ESACC R,9640667.0,9640683 18 897.8 575.6 917.6 580.4 0.55 67
SFIX R,9640685.0,
EFIX R,9640685.0,9641743 1060 902.8 567.0 1278
SSACC R,9641745.0,
ESACC R,9641745.0,9641755 12 915.9 554.5 900.8 553.6 0.41 63
SFIX R,9641757.0,
EFIX R,9641757.0,9642199 444 896.5 555.7 1387
SSACC R,9642201.0,
ESACC R,9642201.0,9642219 20 890.3 560.8 907.4 559.3 0.47 72
SFIX R,9642221.0,
EFIX R,9642221.0,9642347 128 883.8 558.2 1360
SSACC R,9642349.0,
ESACC R,9642349.0,9642363 16 880.3 558.4 911.0 559.6 0.83 81
SFIX R,9642365.0,
EFIX R,9642365.0,9642779 416 899.4 562.1 1357
SSACC R,9642781.0,
ESACC R,9642781.0,9642809 30 898.5 565.4 879.4 578.2 0.62 127
SFIX R,9642811.0,
EFIX R,9642811.0,9642855 46 874.1 577.2 1357
SSACC R,9642857.0,
ESACC R,9642857.0,9642885 30 870.8 579.3 926.6 572.5 1.52 181
SFIX R,9642887.0,
EFIX R,9642887.0,9642979 94 925.7 573.5 1360
SSACC R,9642981.0,
ESACC R,9642981.0,9643001 22 925.5 572.4 886.6 576.3 1.06 133
SFIX R,9643003.0,
EFIX R,9643003.0,9643685 684 897.4 573.2 1347
SSACC R,9643687.0,
ESACC R,9643687.0,9643701 16 903.1 577.7 919.1 577.5 0.43 59
SFIX R,9643703.0,
EFIX R,9643703.0,9644011 310 911.5 574.0 1351
SSACC R,9644013.0,
ESACC R,9644013.0,9644031 20 907.6 572.7 880.4 565.6 0.76 105
SFIX R,9644033.0,
EFIX R,9644033.0,9644091 60 884.0 564.2 1387
SSACC R,9644093.0,
ESACC R,9644093.0,9644123 32 881.9 565.2 923.7 563.5 1.13 187
SFIX R,9644125.0,
EFIX R,9644125.0,9644225 102 928.3 564.5 1398
SSACC R,9644227.0,
ESACC R,9644227.0,9644247 22 930.9 563.5 889.2 573.4 1.16 123
SFIX R,9644249.0,
EFIX R,9644249.0,9647155 2908 893.5 565.4 1300
SSACC R,9647157.0,
ESACC R,9647157.0,9647183 28 886.9 564.6 910.1 553.9 0.69 125
SFIX R,9647185.0,
EFIX R,9647185.0,9647423 240 916.9 551.9 1333
SSACC R,9647425.0,
ESACC R,9647425.0,9647443 20 920.6 548.9 906.1 550.7 0.40 78
SFIX R,9647445.0,
EFIX R,9647445.0,9648073 630 908.4 544.2 1369
SSACC R,9648075.0,
ESACC R,9648075.0,9648091 18 901.9 553.1 892.9 549.4 0.26 74
SFIX R,9648093.0,
EFIX R,9648093.0,9648181 90 893.5 553.3 1415
SSACC R,9648183.0,
ESACC R,9648183.0,9648209 28 893.9 555.7 925.8 551.5 0.87 141
SFIX R,9648211.0,
EFIX R,9648211.0,9648317 108 931.4 551.7 1445
SSACC R,9648319.0,
ESACC R,9648319.0,9648335 18 933.2 552.6 905.9 553.6 0.74 73
SFIX R,9648337.0,
EFIX R,9648337.0,9648825 490 911.6 556.2 1463
SSACC R,9648827.0,
ESACC R,9648827.0,9648845 20 906.2 567.2 898.1 564.2 0.23 60
SFIX R,9648847.0,
EFIX R,9648847.0,9649201 356 907.2 564.6 1420
SSACC R,9649203.0,
ESACC R,9649203.0,9649221 20 909.0 560.5 925.9 548.5 0.56 75
SFIX R,9649223.0,
EFIX R,9649223.0,9650309 1088 919.3 532.6 1454
SSACC R,9650311.0,
ESACC R,9650311.0,9650337 28 914.7 536.9 942.3 556.0 0.91 132
SFIX R,9650339.0,
EFIX R,9650339.0,9650473 136 947.6 558.8 1412
SSACC R,9650475.0,
ESACC R,9650475.0,9650489 16 947.7 564.8 919.5 561.6 0.77 87
SFIX R,9650491.0,
EFIX R,9650491.0,9650753 264 931.3 568.3 1359
SSACC R,9650755.0,
ESACC R,9650755.0,9650767 14 926.9 575.0 928.4 567.8 0.20 57
SFIX R,9650769.0,
EFIX R,9650769.0,9652463 1696 942.3 554.2 1435
SSACC R,9652465.0,
ESACC R,9652465.0,9652573 110 957.4 535.1 976.3 553.8 0.72 849
SFIX R,9652575.0,
EFIX R,9652575.0,9652797 224 965.6 534.6 1571
SSACC R,9652799.0,
ESACC R,9652799.0,9652815 18 957.0 544.8 937.1 546.8 0.54 71
SFIX R,9652817.0,
EFIX R,9652817.0,9653375 560 932.5 553.5 1358
SSACC R,9653377.0,
SBLINK R,9653401.0,
EBLINK R,9653401.0,9653491 92
ESACC R,9653377.0,9653537 162 934.3 571.6 930.6 545.9 0.70 1808
SFIX R,9653539.0,
EFIX R,9653539.0,9655903 2366 933.6 546.0 1279
SSACC R,9655905.0,
ESACC R,9655905.0,9655929 26 924.6 531.2 924.6 538.1 0.19 98
SFIX R,9655931.0,
EFIX R,9655931.0,9658013 2084 907.4 548.1 1411
SSACC R,9658015.0,
ESACC R,9658015.0,9658045 32 902.9 560.3 951.8 543.6 1.40 209
SFIX R,9658047.0,
EFIX R,9658047.0,9658145 100 953.9 547.5 1478
SSACC R,9658147.0,
ESACC R,9658147.0,9658171 26 954.4 552.1 910.5 555.9 1.19 149
SFIX R,9658173.0,
EFIX R,9658173.0,9658665 494 908.7 561.6 1362
SSACC R,9658667.0,
ESACC R,9658667.0,9658671 6 899.1 568.2 908.0 571.3 0.26 55
SFIX R,9658673.0,
EFIX R,9658673.0,9658843 172 905.7 577.1 1198
SSACC R,9658845.0,
SBLINK R,9658871.0,
EBLINK R,9658871.0,9658951 82
ESACC R,9658845.0,9659019 176 906.5 577.3 906.2 566.8 0.28 1771
SFIX R,9659021.0,
EFIX R,9659021.0,9659127 108 904.2 568.3 1157
SSACC R,9659129.0,
ESACC R,9659129.0,9659133 6 898.1 588.2 891.6 577.9 0.33 57
SFIX R,9659135.0,
EFIX R,9659135.0,9662149 3016 913.7 543.9 1224
SSACC R,9662151.0,
ESACC R,9662151.0,9662177 28 915.7 529.2 939.8 528.1 0.65 106
SFIX R,9662179.0,
EFIX R,9662179.0,9662271 94 941.5 533.9 1321
SSACC R,9662273.0,
ESACC R,9662273.0,9662299 28 941.2 536.7 910.8 542.3 0.84 122
SFIX R,9662301.0,
EFIX R,9662301.0,9662635 336 897.7 547.2 1253
SSACC R,9662637.0,
ESACC R,9662637.0,9662651 16 892.8 551.8 903.6 553.5 0.30 53
SFIX R,9662653.0,
EFIX R,9662653.0,9665133 2482 903.7 550.2 1190
SSACC R,9665135.0,
SBLINK R,9665165.0,
EBLINK R,9665165.0,9665215 52
ESACC R,9665135.0,9665279 146 907.5 530.0 916.1 564.4 0.96 1336
SFIX R,9665281.0,
EFIX R,9665281.0,9666407 1128 900.6 565.4 959
SSACC R,9666409.0,
ESACC R,9666409.0,9666423 16 896.8 553.0 886.9 551.5 0.27 47
SFIX R,9666425.0,
EFIX R,9666425.0,9667153 730 903.7 540.6 1158
SSACC R,9667155.0,
SBLINK R,9667179.0,
EBLINK R,9667179.0,9667275 98
ESACC R,9667155.0,9667339 186 910.8 533.1 921.2 506.0 0.79 1983
SFIX R,9667341.0,
EFIX R,9667341.0,9667899 560 931.8 530.9 1324
SSACC R,9667901.0,
ESACC R,9667901.0,9667913 14 933.9 560.0 932.9 563.4 0.10 64
SFIX R,9667915.0,
EFIX R,9667915.0,9670011 2098 924.3 543.9 1422
SSACC R,9670013.0,
ESACC R,9670013.0,9670041 30 919.8 544.4 921.6 542.8 0.07 107
SFIX R,9670043.0,
EFIX R,9670043.0,9670281 240 924.7 539.4 1604
SSACC R,9670283.0,
ESACC R,9670283.0,9670297 16 926.4 541.8 940.3 546.7 0.40 54
SFIX R,9670299.0,
EFIX R,9670299.0,9670961 664 941.8 532.4 1669
SSACC R,9670963.0,
ESACC R,9670963.0,9670981 20 940.1 532.1 952.4 536.2 0.35 72
SFIX R,9670983.0,
EFIX R,9670983.0,9671571 590 937.3 528.3 1673
SSACC R,9671573.0,
ESACC R,9671573.0,9671597 26 927.6 532.9 930.9 532.7 0.09 93
SFIX R,9671599.0,
EFIX R,9671599.0,9672317 720 925.2 533.1 1647
SSACC R,9672319.0,
ESACC R,9672319.0,9672341 24 931.9 536.7 955.3 533.2 0.64 104
SFIX R,9672343.0,
EFIX R,9672343.0,9672567 226 949.3 533.4 1615
SSACC R,9672569.0,
ESACC R,9672569.0,9672587 20 944.5 531.6 933.9 541.6 0.39 63
SFIX R,9672589.0,
EFIX R,9672589.0,9673611 1024 941.4 539.9 1567
SSACC R,9673613.0,
ESACC R,9673613.0,9673629 18 936.7 541.2 948.3 543.3 0.32 58
SFIX R,9673631.0,
EFIX R,9673631.0,9674021 392 936.1 540.7 1492
SSACC R,9674023.0,
ESACC R,9674023.0,9674091 70 928.5 538.5 938.8 543.6 0.31 142
SFIX R,9674093.0,
EFIX R,9674093.0,9674281 190 941.7 548.0 1494
SSACC R,9674283.0,
ESACC R,9674283.0,9674303 22 938.5 550.0 908.6 550.7 0.81 88
SFIX R,9674305.0,
EFIX R,9674305.0,9674489 186 909.5 554.9 1454
SSACC R,9674491.0,
SBLINK R,9674519.0,
EBLINK R,9674519.0,9674595 78
ESACC R,9674491.0,9674663 174 909.7 556.6 918.1 495.5 1.67 1806
SFIX R,9674665.0,
EFIX R,9674665.0,9674847 184 911.5 507.1 1412
SSACC R,9674849.0,
ESACC R,9674849.0,9674865 18 906.5 523.5 887.0 542.5 0.74 88
SFIX R,9674867.0,
EFIX R,9674867.0,9675357 492 889.4 545.7 1336
SSACC R,9675359.0,
ESACC R,9675359.0,9675365 8 892.4 544.5 904.5 547.4 0.34 54
SFIX R,9675367.0,
EFIX R,9675367.0,9677381 2016 908.4 549.0 1458
SSACC R,9677383.0,
ESACC R,9677383.0,9677395 14 903.7 551.6 905.8 552.5 0.06 65
SFIX R,9677397.0,
EFIX R,9677397.0,9678495 1100 904.8 545.1 1346
SSACC R,9678497.0,
ESACC R,9678497.0,9678513 18 893.6 550.3 904.6 553.6 0.31 64
SFIX R,9678515.0,
EFIX R,9678515.0,9679933 1420 899.7 558.8 1208
SSACC R,9679935.0,
ESACC R,9679935.0,9679965 32 887.5 543.9 933.2 546.3 1.24 200
SFIX R,9679967.0,
EFIX R,9679967.0,9680071 106 937.7 546.5 1347
SSACC R,9680073.0,
ESACC R,9680073.0,9680091 20 937.7 548.2 891.4 554.4 1.27 127
SFIX R,9680093.0,
EFIX R,9680093.0,9682111 2020 911.7 560.6 1234
SSACC R,9682113.0,
SBLINK R,9682141.0,
EBLINK R,9682141.0,9682219 80
ESACC R,9682113.0,9682267 156 906.8 560.0 911.1 543.5 0.46 1726
SFIX R,9682269.0,
EFIX R,9682269.0,9683233 966 891.8 562.6 1070
SSACC R,9683235.0,
ESACC R,9683235.0,9683261 28 890.0 563.7 906.3 574.8 0.53 98
SFIX R,9683263.0,
EFIX R,9683263.0,9683695 434 904.1 568.2 1188
SSACC R,9683697.0,
ESACC R,9683697.0,9683711 16 906.9 558.9 896.0 553.9 0.32 56
SFIX R,9683713.0,
EFIX R,9683713.0,9683925 214 903.0 547.8 1332
SSACC R,9683927.0,
ESACC R,9683927.0,9683953 28 908.1 544.5 926.3 538.7 0.52 128
SFIX R,9683955.0,
EFIX R,9683955.0,9684061 108 932.5 540.2 1381
SSACC R,9684063.0,
ESACC R,9684063.0,9684083 22 932.8 539.3 915.0 540.2 0.48 90
SFIX R,9684085.0,
EFIX R,9684085.0,9684719 636 915.9 524.7 1436
SSACC R,9684721.0,
SBLINK R,9684747.0,
EBLINK R,9684747.0,9684811 66
ESACC R,9684721.0,9684891 172 910.2 522.5 908.3 503.2 0.53 1925
SFIX R,9684893.0,
EFIX R,9684893.0,9687739 2848 914.1 537.3 1405
SSACC R,9687741.0,
ESACC R,9687741.0,9687763 24 925.9 561.8 952.0 566.3 0.72 119
SFIX R,9687765.0,
EFIX R,9687765.0,9688587 824 925.0 543.9 1293
SSACC R,9688589.0,
ESACC R,9688589.0,9688615 28 913.8 528.3 941.1 536.8 0.77 144
SFIX R,9688617.0,
EFIX R,9688617.0,9688735 120 943.1 536.3 1434
SSACC R,9688737.0,
ESACC R,9688737.0,9688761 26 943.1 536.9 917.1 537.2 0.70 113
SFIX R,9688763.0,
EFIX R,9688763.0,9689035 274 902.8 534.0 1468
SSACC R,9689037.0,
ESACC R,9689037.0,9689053 18 895.4 531.7 914.8 533.3 0.53 80
SFIX R,9689055.0,
EFIX R,9689055.0,9689507 454 912.1 539.3 1448
SSACC R,9689509.0,
ESACC R,9689509.0,9689527 20 914.1 538.6 920.8 531.8 0.26 66
SFIX R,9689529.0,
EFIX R,9689529.0,9690819 1292 911.2 530.9 1481
SSACC R,9690821.0,
ESACC R,9690821.0,9690843 24 912.2 540.1 911.4 540.4 0.02 80
SFIX R,9690845.0,
EFIX R,9690845.0,9691629 786 906.9 545.4 1320
SSACC R,9691631.0,
ESACC R,9691631.0,9691639 10 890.2 541.2 904.4 542.7 0.39 62
SFIX R,9691641.0,
EFIX R,9691641.0,9691839 200 904.2 540.3 1281
SSACC R,9691841.0,
SBLINK R,9691871.0,
EBLINK R,9691871.0,9691939 70
ESACC R,9691841.0,9691997 158 908.0 546.6 926.6 520.7 0.86 1654
SFIX R,9691999.0,
EFIX R,9691999.0,9692183 186 922.8 522.6 1331
SSACC R,9692185.0,
ESACC R,9692185.0,9692201 18 915.1 536.3 893.2 534.2 0.60 80
SFIX R,9692203.0,
EFIX R,9692203.0,9693075 874 897.2 553.5 1121
SSACC R,9693077.0,
ESACC R,9693077.0,9693093 18 892.7 552.7 918.5 555.4 0.70 74
SFIX R,9693095.0,
EFIX R,9693095.0,9693347 254 912.4 554.1 1237
SSACC R,9693349.0,
ESACC R,9693349.0,9693375 28 912.0 551.4 894.0 540.6 0.57 118
SFIX R,9693377.0,
EFIX R,9693377.0,9693547 172 890.6 539.0 1336
SSACC R,9693549.0,
ESACC R,9693549.0,9693559 12 894.9 536.7 922.4 544.7 0.78 82
SFIX R,9693561.0,
EFIX R,9693561.0,9693709 150 920.0 540.2 1397
SSACC R,9693711.0,
SBLINK R,9693739.0,
EBLINK R,9693739.0,9693851 114
ESACC R,9693711.0,9693913 204 925.5 536.5 932.7 517.4 0.55 2174
SFIX R,9693915.0,
EFIX R,9693915.0,9695329 1416 919.8 542.3 1451
SSACC R,9695331.0,
ESACC R,9695331.0,9695347 18 913.2 541.9 914.9 537.6 0.13 59
SFIX R,9695349.0,
EFIX R,9695349.0,9695785 438 912.2 534.4 1487
SSACC R,9695787.0,
ESACC R,9695787.0,9695807 22 909.8 532.4 918.9 533.8 0.25 72
SFIX R,9695809.0,
EFIX R,9695809.0,9699503 3696 907.4 548.7 1315
SSACC R,9699505.0,
SBLINK R,9699531.0,
EBLINK R,9699531.0,9699575 46
ESACC R,9699505.0,9699615 112 908.2 540.9 937.5 532.4 0.83 1324
SFIX R,9699617.0,
EFIX R,9699617.0,9699759 144 932.2 552.7 1191
SSACC R,9699761.0,
ESACC R,9699761.0,9699785 26 929.1 576.4 902.8 585.7 0.76 109
SFIX R,9699787.0,
EFIX R,9699787.0,9699825 40 903.0 586.0 1169
SSACC R,9699827.0,
ESACC R,9699827.0,9699853 28 902.5 588.9 940.4 595.8 1.04 162
SFIX R,9699855.0,
EFIX R,9699855.0,9699957 104 943.4 593.7 1125
SSACC R,9699959.0,
ESACC R,9699959.0,9699977 20 941.4 592.5 897.3 591.2 1.20 116
SFIX R,9699979.0,
EFIX R,9699979.0,9701797 1820 900.5 577.5 1106
SSACC R,9701799.0,
ESACC R,9701799.0,9701817 20 902.0 577.3 903.1 580.3 0.09 58
SFIX R,9701819.0,
EFIX R,9701819.0,9703285 1468 905.2 577.7 1285
SSACC R,9703287.0,
ESACC R,9703287.0,9703315 30 910.6 553.9 945.5 547.1 0.96 159
SFIX R,9703317.0,
EFIX R,9703317.0,9703435 120 946.9 551.9 1360
SSACC R,9703437.0,
ESACC R,9703437.0,9703461 26 945.9 553.7 913.7 556.4 0.88 132
SFIX R,9703463.0,
EFIX R,9703463.0,9703873 412 908.2 558.7 1389
SSACC R,9703875.0,
ESACC R,9703875.0,9703899 26 903.3 557.3 893.2 555.6 0.28 82
SFIX R,9703901.0,
EFIX R,9703901.0,9704039 140 887.9 554.5 1362
SSACC R,9704041.0,
SBLINK R,9704069.0,
EBLINK R,9704069.0,9704159 92
ESACC R,9704041.0,9704219 180 887.6 553.6 915.3 521.8 1.14 1836
SFIX R,9704221.0,
EFIX R,9704221.0,9704823 604 901.9 527.3 1333
SSACC R,9704825.0,
ESACC R,9704825.0,9704843 20 886.1 544.4 867.9 557.1 0.60 94
SFIX R,9704845.0,
EFIX R,9704845.0,9704903 60 874.7 555.4 1284
SSACC R,9704905.0,
ESACC R,9704905.0,9704929 26 874.6 556.0 901.2 559.4 0.73 139
SFIX R,9704931.0,
EFIX R,9704931.0,9705035 106 904.4 559.7 1306
SSACC R,9705037.0,
ESACC R,9705037.0,9705055 20 905.0 560.7 886.2 558.5 0.51 79
SFIX R,9705057.0,
EFIX R,9705057.0,9706103 1048 897.4 525.2 1442
SSACC R,9706105.0,
ESACC R,9706105.0,9706125 22 900.7 515.0 918.2 515.5 0.47 96
SFIX R,9706127.0,
EFIX R,9706127.0,9706337 212 914.4 515.5 1548
SSACC R,9706339.0,
ESACC R,9706339.0,9706353 16 907.0 512.2 897.4 519.0 0.32 65
SFIX R,9706355.0,
EFIX R,9706355.0,9706777 424 898.8 523.4 1554
SSACC R,9706779.0,
ESACC R,9706779.0,9706801 24 897.3 528.6 933.4 535.9 1.00 119
SFIX R,9706803.0,
EFIX R,9706803.0,9706921 120 926.5 530.8 1533
SSACC R,9706923.0,
ESACC R,9706923.0,9706945 24 930.1 529.6 903.5 525.7 0.73 105
SFIX R,9706947.0,
EFIX R,9706947.0,9709521 2576 895.7 533.6 1396
SSACC R,9709523.0,
ESACC R,9709523.0,9709543 22 897.6 541.6 912.8 536.3 0.44 99
SFIX R,9709545.0,
EFIX R,9709545.0,9709749 206 912.2 536.5 1341
SSACC R,9709751.0,
ESACC R,9709751.0,9709767 18 910.5 536.0 896.9 531.2 0.39 81
SFIX R,9709769.0,
EFIX R,9709769.0,9709859 92 899.7 534.3 1324
SSACC R,9709861.0,
ESACC R,9709861.0,9709887 28 898.7 540.5 922.6 540.7 0.65 125
SFIX R,9709889.0,
EFIX R,9709889.0,9710013 126 923.4 545.4 1278
SSACC R,9710015.0,
ESACC R,9710015.0,9710029 16 921.4 546.3 899.7 549.3 0.59 76
SFIX R,9710031.0,
EFIX R,9710031.0,9710501 472 905.9 552.4 1182
SSACC R,9710503.0,
ESACC R,9710503.0,9710517 16 906.6 570.7 910.9 566.3 0.17 46
SFIX R,9710519.0,
EFIX R,9710519.0,9711383 866 902.4 566.5 1043
SSACC R,9711385.0,
ESACC R,9711385.0,9711399 16 900.4 554.6 917.9 547.0 0.52 62
SFIX R,9711401.0,
EFIX R,9711401.0,9711701 302 909.4 548.1 1093
SSACC R,9711703.0,
ESACC R,9711703.0,9711719 18 906.5 550.7 889.4 554.4 0.47 69
SFIX R,9711721.0,
EFIX R,9711721.0,9712739 1020 890.5 556.9 1113
SSACC R,9712741.0,
ESACC R,9712741.0,9712757 18 891.8 546.5 920.3 545.0 0.77 86
SFIX R,9712759.0,
EFIX R,9712759.0,9712895 138 910.7 545.1 1034
SSACC R,9712897.0,
ESACC R,9712897.0,9712907 12 906.6 546.0 883.2 549.7 0.64 73
SFIX R,9712909.0,
EFIX R,9712909.0,9714017 1110 891.1 557.7 894
SSACC R,9714019.0,
ESACC R,9714019.0,9714037 20 885.6 557.7 884.5 555.4 0.07 68
SFIX R,9714039.0,
EFIX R,9714039.0,9715773 1736 884.6 546.3 901
SSACC R,9715775.0,
ESACC R,9715775.0,9715791 18 884.6 525.9 906.9 533.3 0.64 77
SFIX R,9715793.0,
EFIX R,9715793.0,9716297 506 893.9 530.5 1077
SSACC R,9716299.0,
ESACC R,9716299.0,9716321 24 898.1 527.8 930.0 539.5 0.92 137
SFIX R,9716323.0,
EFIX R,9716323.0,9716419 98 923.7 537.9 1162
SSACC R,9716421.0,
ESACC R,9716421.0,9716445 26 923.8 542.5 893.2 539.1 0.83 141
SFIX R,9716447.0,
EFIX R,9716447.0,9716727 282 893.7 534.7 1223
SSACC R,9716729.0,
ESACC R,9716729.0,9716735 8 899.8 534.0 911.8 531.5 0.33 52
SFIX R,9716737.0,
EFIX R,9716737.0,9717613 878 910.9 548.6 1228
SSACC R,9717615.0,
ESACC R,9717615.0,9717635 22 927.1 546.3 938.4 542.6 0.32 84
SFIX R,9717637.0,
EFIX R,9717637.0,9718071 436 922.4 548.0 1229
SSACC R,9718073.0,
ESACC R,9718073.0,9718097 26 919.6 548.4 906.5 558.5 0.45 113
SFIX R,9718099.0,
EFIX R,9718099.0,9718323 226 900.4 555.3 1264
SSACC R,9718325.0,
ESACC R,9718325.0,9718339 16 898.5 553.7 918.2 561.4 0.57 82
SFIX R,9718341.0,
EFIX R,9718341.0,9718651 312 911.1 551.0 1299
SSACC R,9718653.0,
ESACC R,9718653.0,9718679 28 908.4 548.3 881.1 551.6 0.75 131
SFIX R,9718681.0,
EFIX R,9718681.0,9718825 146 880.7 554.8 1309
SSACC R,9718827.0,
ESACC R,9718827.0,9718847 22 884.1 555.7 906.6 554.6 0.61 90
SFIX R,9718849.0,
EFIX R,9718849.0,9720585 1738 923.0 539.2 1421
SSACC R,9720587.0,
ESACC R,9720587.0,9720601 16 917.3 549.1 941.2 550.2 0.65 73
SFIX R,9720603.0,
EFIX R,9720603.0,9720813 212 932.8 548.0 1291
SSACC R,9720815.0,
SBLINK R,9720865.0,
EBLINK R,9720865.0,9720925 62
ESACC R,9720815.0,9720975 162 934.1 546.3 931.8 496.6 1.35 2147
SFIX R,9720977.0,
EFIX R,9720977.0,9721339 364 927.1 520.4 1439
SSACC R,9721341.0,
ESACC R,9721341.0,9721363 24 922.6 528.9 944.6 548.3 0.79 92
SFIX R,9721365.0,
EFIX R,9721365.0,9721531 168 924.9 552.3 1381
SSACC R,9721533.0,
ESACC R,9721533.0,9721543 12 915.7 558.3 892.7 555.4 0.63 72
SFIX R,9721545.0,
EFIX R,9721545.0,9723237 1694 901.3 542.3 1369
SSACC R,9723239.0,
ESACC R,9723239.0,9723243 6 900.3 544.0 908.2 545.3 0.22 50
SFIX R,9723245.0,
EFIX R,9723245.0,9723851 608 902.7 540.4 1264
SSACC R,9723853.0,
ESACC R,9723853.0,9723871 20 906.1 535.1 894.9 534.3 0.30 75
SFIX R,9723873.0,
EFIX R,9723873.0,9724563 692 903.6 536.6 1351
SSACC R,9724565.0,
ESACC R,9724565.0,9724593 30 899.1 545.4 928.0 550.9 0.80 149
SFIX R,9724595.0,
EFIX R,9724595.0,9724713 120 928.9 547.2 1423
SSACC R,9724715.0,
ESACC R,9724715.0,9724741 28 927.5 547.5 904.3 542.4 0.64 118
SFIX R,9724743.0,
EFIX R,9724743.0,9725213 472 900.4 545.0 1446
SSACC R,9725215.0,
ESACC R,9725215.0,9725235 22 898.2 554.5 909.8 555.3 0.32 72
SFIX R,9725237.0,
EFIX R,9725237.0,9725467 232 901.6 557.2 1433
SSACC R,9725469.0,
ESACC R,9725469.0,9725489 22 896.9 561.0 919.9 559.4 0.62 96
SFIX R,9725491.0,
EFIX R,9725491.0,9725655 166 912.9 560.3 1355
SSACC R,9725657.0,
ESACC R,9725657.0,9725677 22 913.8 565.8 896.3 574.4 0.53 89
SFIX R,9725679.0,
EFIX R,9725679.0,9726911 1234 914.2 555.4 1360
SSACC R,9726913.0,
ESACC R,9726913.0,9726933 22 919.9 528.4 949.8 529.3 0.81 112
SFIX R,9726935.0,
EFIX R,9726935.0,9727069 136 942.0 531.8 1408
SSACC R,9727071.0,
ESACC R,9727071.0,9727087 18 938.4 533.2 918.9 537.7 0.54 77
SFIX R,9727089.0,
EFIX R,9727089.0,9727781 694 924.0 533.9 1359
SSACC R,9727783.0,
ESACC R,9727783.0,9727793 12 935.0 534.4 918.7 539.0 0.46 57
SFIX R,9727795.0,
EFIX R,9727795.0,9728137 344 914.8 539.0 1340
SSACC R,9728139.0,
ESACC R,9728139.0,9728161 24 908.1 538.2 952.2 541.7 1.20 133
SFIX R,9728163.0,
EFIX R,9728163.0,9728211 50 943.5 538.0 1326
SSACC R,9728213.0,
ESACC R,9728213.0,9728245 34 942.9 534.7 886.3 535.9 1.53 238
SFIX R,9728247.0,
EFIX R,9728247.0,9728297 52 877.5 533.9 1332
SSACC R,9728299.0,
ESACC R,9728299.0,9728331 34 873.1 529.5 926.8 530.6 1.46 231
SFIX R,9728333.0,
EFIX R,9728333.0,9728501 170 924.4 527.9 1325
SSACC R,9728503.0,
ESACC R,9728503.0,9728515 14 919.2 524.7 902.9 546.1 0.73 71
SFIX R,9728517.0,
EFIX R,9728517.0,9728673 158 906.9 539.4 1312
SSACC R,9728675.0,
SBLINK R,9728699.0,
EBLINK R,9728699.0,9728773 76
ESACC R,9728675.0,9728831 158 909.5 535.5 918.1 499.0 1.02 1920
SFIX R,9728833.0,
EFIX R,9728833.0,9733167 4336 903.8 542.4 1124
SSACC R,9733169.0,
SBLINK R,9733195.0,
EBLINK R,9733195.0,9733249 56
ESACC R,9733169.0,9733283 116 895.2 538.8 924.7 540.5 0.80 968
SFIX R,9733285.0,
EFIX R,9733285.0,9733679 396 917.0 532.1 1097
SSACC R,9733681.0,
ESACC R,9733681.0,9733699 20 910.3 542.7 897.1 539.7 0.37 78
SFIX R,9733701.0,
EFIX R,9733701.0,9734747 1048 896.4 539.7 1024
SSACC R,9734749.0,
ESACC R,9734749.0,9734777 30 906.9 519.4 917.2 517.6 0.28 95
SFIX R,9734779.0,
EFIX R,9734779.0,9738919 4142 911.0 527.5 1286
SSACC R,9738921.0,
ESACC R,9738921.0,9738975 56 927.4 512.8 922.8 518.5 0.20 155
SFIX R,9738977.0,
EFIX R,9738977.0,9739075 100 919.3 516.8 1520
SSACC R,9739077.0,
ESACC R,9739077.0,9739099 24 919.8 518.3 955.9 521.5 0.98 112
SFIX R,9739101.0,
EFIX R,9739101.0,9739523 424 948.4 517.9 1538
SSACC R,9739525.0,
ESACC R,9739525.0,9739547 24 937.2 518.9 945.1 524.4 0.26 88
SFIX R,9739549.0,
EFIX R,9739549.0,9740445 898 927.8 526.2 1487
SSACC R,9740447.0,
ESACC R,9740447.0,9740461 16 931.1 539.2 936.0 535.9 0.16 48
SFIX R,9740463.0,
EFIX R,9740463.0,9740753 292 933.0 533.2 1438
SSACC R,9740755.0,
SBLINK R,9740785.0,
EBLINK R,9740785.0,9740855 72
ESACC R,9740755.0,9740909 156 937.3 525.9 926.3 504.5 0.65 1895
SFIX R,9740911.0,
EFIX R,9740911.0,9741149 240 920.6 520.2 1385
SSACC R,9741151.0,
ESACC R,9741151.0,9741177 28 913.2 532.5 941.5 535.3 0.77 147
SFIX R,9741179.0,
EFIX R,9741179.0,9741267 90 941.2 536.6 1389
SSACC R,9741269.0,
ESACC R,9741269.0,9741297 30 939.6 541.6 911.8 543.9 0.76 156
SFIX R,9741299.0,
EFIX R,9741299.0,9741373 76 902.4 550.0 1283
SSACC R,9741375.0,
ESACC R,9741375.0,9741401 28 898.4 557.6 927.1 558.5 0.78 147
SFIX R,9741403.0,
EFIX R,9741403.0,9741551 150 928.7 561.7 1163
SSACC R,9741553.0,
ESACC R,9741553.0,9741565 14 926.2 559.0 895.1 560.8 0.84 90
SFIX R,9741567.0,
EFIX R,9741567.0,9742997 1432 907.8 542.2 1300
SSACC R,9742999.0,
ESACC R,9742999.0,9743015 18 889.0 529.1 906.3 528.2 0.47 72
SFIX R,9743017.0,
EFIX R,9743017.0,9743305 290 906.1 524.6 1430
SSACC R,9743307.0,
ESACC R,9743307.0,9743329 24 910.9 523.4 922.2 523.5 0.31 102
SFIX R,9743331.0,
EFIX R,9743331.0,9743695 366 915.4 520.6 1563
SSACC R,9743697.0,
ESACC R,9743697.0,9743805 110 916.4 520.5 920.4 534.7 0.40 1315
SFIX R,9743807.0,
EFIX R,9743807.0,9744217 412 902.7 531.5 1551
SSACC R,9744219.0,
SBLINK R,9744255.0,
EBLINK R,9744255.0,9744323 70
ESACC R,9744219.0,9744369 152 897.2 536.4 894.9 532.0 0.13 1507
SFIX R,9744371.0,
EFIX R,9744371.0,9745583 1214 889.4 543.3 1136
SSACC R,9745585.0,
ESACC R,9745585.0,9745605 22 900.3 531.9 901.5 543.6 0.32 63
SFIX R,9745607.0,
EFIX R,9745607.0,9745737 132 907.2 538.1 1111
SSACC R,9745739.0,
ESACC R,9745739.0,9745759 22 909.2 533.4 928.1 528.5 0.53 97
SFIX R,9745761.0,
EFIX R,9745761.0,9746061 302 924.8 524.9 1229
SSACC R,9746063.0,
ESACC R,9746063.0,9746079 18 921.3 522.5 909.9 524.8 0.32 55
SFIX R,9746081.0,
EFIX R,9746081.0,9747555 1476 912.3 519.3 1299
SSACC R,9747557.0,
ESACC R,9747557.0,9747583 28 915.2 526.9 931.6 520.8 0.47 110
SFIX R,9747585.0,
EFIX R,9747585.0,9747725 142 935.3 528.9 1333
SSACC R,9747727.0,
ESACC R,9747727.0,9747741 16 932.0 534.2 910.7 536.2 0.58 80
SFIX R,9747743.0,
EFIX R,9747743.0,9748647 906 909.0 539.3 1388
SSACC R,9748649.0,
ESACC R,9748649.0,9748671 24 905.1 540.4 937.2 534.4 0.88 115
SFIX R,9748673.0,
EFIX R,9748673.0,9748849 178 928.2 527.3 1481
SSACC R,9748851.0,
ESACC R,9748851.0,9748871 22 923.5 520.8 908.0 526.6 0.45 96
SFIX R,9748873.0,
EFIX R,9748873.0,9749929 1058 911.8 528.2 1562
SSACC R,9749931.0,
ESACC R,9749931.0,9749961 32 912.1 530.3 948.5 539.0 1.01 179
SFIX R,9749963.0,
EFIX R,9749963.0,9750047 86 955.7 537.0 1619
SSACC R,9750049.0,
ESACC R,9750049.0,9750079 32 956.2 533.6 922.7 541.2 0.93 198
SFIX R,9750081.0,
EFIX R,9750081.0,9750305 226 916.9 544.1 1622
SSACC R,9750307.0,
ESACC R,9750307.0,9750321 16 922.4 543.5 936.8 533.5 0.48 68
SFIX R,9750323.0,
EFIX R,9750323.0,9751437 1116 920.9 529.7 1623
SSACC R,9751439.0,
ESACC R,9751439.0,9751467 30 920.0 527.8 904.2 511.7 0.61 119
SFIX R,9751469.0,
EFIX R,9751469.0,9751577 110 893.2 515.4 1606
SSACC R,9751579.0,
ESACC R,9751579.0,9751601 24 889.1 515.4 925.7 521.7 1.01 123
SFIX R,9751603.0,
EFIX R,9751603.0,9751681 80 917.3 519.2 1590
SSACC R,9751683.0,
ESACC R,9751683.0,9751711 30 915.1 520.6 882.0 522.5 0.90 170
SFIX R,9751713.0,
EFIX R,9751713.0,9751881 170 874.7 521.1 1597
SSACC R,9751883.0,
ESACC R,9751883.0,9751901 20 875.2 518.8 906.5 525.2 0.87 102
SFIX R,9751903.0,
EFIX R,9751903.0,9752727 826 905.0 528.5 1584
SSACC R,9752729.0,
ESACC R,9752729.0,9752755 28 909.5 527.2 943.1 526.4 0.91 147
SFIX R,9752757.0,
EFIX R,9752757.0,9752851 96 946.5 526.7 1464
SSACC R,9752853.0,
ESACC R,9752853.0,9752869 18 947.1 529.3 912.5 535.9 0.95 94
SFIX R,9752871.0,
EFIX R,9752871.0,9753349 480 919.5 528.5 1483
SSACC R,9753351.0,
ESACC R,9753351.0,9753369 20 915.4 527.0 917.9 528.9 0.09 63
SFIX R,9753371.0,
EFIX R,9753371.0,9753901 532 914.6 528.0 1494
SSACC R,9753903.0,
ESACC R,9753903.0,9753925 24 911.7 529.8 917.8 531.9 0.17 84
SFIX R,9753927.0,
EFIX R,9753927.0,9754705 780 918.4 534.8 1521
SSACC R,9754707.0,
ESACC R,9754707.0,9754723 18 902.2 529.9 929.1 536.4 0.75 89
SFIX R,9754725.0,
EFIX R,9754725.0,9755149 426 912.1 528.3 1469
SSACC R,9755151.0,
ESACC R,9755151.0,9755167 18 901.5 520.8 900.1 524.9 0.12 64
SFIX R,9755169.0,
EFIX R,9755169.0,9755651 484 902.2 529.9 1533
SSACC R,9755653.0,
ESACC R,9755653.0,9755659 8 900.2 544.4 914.0 542.7 0.38 54
SFIX R,9755661.0,
EFIX R,9755661.0,9755865 206 912.5 539.0 1553
SSACC R,9755867.0,
ESACC R,9755867.0,9755881 16 906.3 542.3 894.8 539.3 0.32 46
SFIX R,9755883.0,
EFIX R,9755883.0,9756177 296 903.4 546.3 1495
SSACC R,9756179.0,
ESACC R,9756179.0,9756199 22 905.8 548.6 913.9 545.7 0.23 80
SFIX R,9756201.0,
EFIX R,9756201.0,9763725 7526 923.4 543.9 1563
SSACC R,9763727.0,
ESACC R,9763727.0,9763747 22 923.6 531.5 930.0 532.7 0.18 77
SFIX R,9763749.0,
EFIX R,9763749.0,9764055 308 937.1 530.2 1559
SSACC R,9764057.0,
ESACC R,9764057.0,9764071 16 935.8 535.7 926.4 540.4 0.28 62
SFIX R,9764073.0,
EFIX R,9764073.0,9764393 322 930.9 534.1 1588
SSACC R,9764395.0,
ESACC R,9764395.0,9764415 22 930.7 526.6 937.3 524.9 0.18 76
SFIX R,9764417.0,
EFIX R,9764417.0,9764665 250 934.3 518.7 1644
SSACC R,9764667.0,
SBLINK R,9764711.0,
EBLINK R,9764711.0,9764737 28
ESACC R,9764667.0,9764799 134 942.8 506.6 946.1 513.5 0.21 1450
SFIX R,9764801.0,
EFIX R,9764801.0,9766403 1604 925.4 507.6 1650
SSACC R,9766405.0,
SBLINK R,9766433.0,
EBLINK R,9766433.0,9766527 96
ESACC R,9766405.0,9766595 192 945.8 480.9 959.6 491.4 0.47 1642
SFIX R,9766597.0,
EFIX R,9766597.0,9767411 816 945.8 495.1 1739
SSACC R,9767413.0,
ESACC R,9767413.0,9767439 28 931.9 507.7 950.6 514.5 0.54 110
SFIX R,9767441.0,
EFIX R,9767441.0,9767563 124 953.0 519.2 1694
SSACC R,9767565.0,
ESACC R,9767565.0,9767587 24 952.2 519.2 929.8 508.9 0.67 110
SFIX R,9767589.0,
EFIX R,9767589.0,9768165 578 934.7 502.3 1718
SSACC R,9768167.0,
ESACC R,9768167.0,9768185 20 935.0 507.6 959.2 514.2 0.68 99
SFIX R,9768187.0,
EFIX R,9768187.0,9768333 148 952.1 514.3 1714
SSACC R,9768335.0,
ESACC R,9768335.0,9768351 18 949.6 515.7 931.7 523.8 0.53 75
SFIX R,9768353.0,
EFIX R,9768353.0,9768377 26 938.5 516.8 1719
SSACC R,9768379.0,
ESACC R,9768379.0,9768403 26 937.1 515.1 959.2 516.9 0.60 109
SFIX R,9768405.0,
EFIX R,9768405.0,9768539 136 965.0 515.5 1735
SSACC R,9768541.0,
ESACC R,9768541.0,9768561 22 965.8 513.2 927.5 517.5 1.04 128
SFIX R,9768563.0,
EFIX R,9768563.0,9768787 226 932.7 517.9 1743
SSACC R,9768789.0,
ESACC R,9768789.0,9768805 18 930.8 519.3 948.8 515.2 0.50 68
SFIX R,9768807.0,
EFIX R,9768807.0,9769741 936 931.2 518.0 1678
SSACC R,9769743.0,
ESACC R,9769743.0,9769751 10 913.2 496.4 923.2 495.5 0.27 46
SFIX R,9769753.0,
EFIX R,9769753.0,9771445 1694 917.5 500.6 1540
SSACC R,9771447.0,
ESACC R,9771447.0,9771465 20 923.6 502.0 955.8 504.1 0.87 85
SFIX R,9771467.0,
EFIX R,9771467.0,9771593 128 946.0 505.7 1509
SSACC R,9771595.0,
ESACC R,9771595.0,9771615 22 947.2 506.1 924.2 511.0 0.64 96
SFIX R,9771617.0,
EFIX R,9771617.0,9773763 2148 916.0 516.4 1514
SSACC R,9773765.0,
ESACC R,9773765.0,9773785 22 902.0 524.8 886.8 529.3 0.43 92
SFIX R,9773787.0,
EFIX R,9773787.0,9776319 2534 904.6 534.3 1539
SSACC R,9776321.0,
ESACC R,9776321.0,9776337 18 892.6 525.4 906.4 519.0 0.41 68
SFIX R,9776339.0,
EFIX R,9776339.0,9776645 308 905.2 528.3 1457
SSACC R,9776647.0,
ESACC R,9776647.0,9776665 20 908.5 529.1 884.7 541.0 0.72 83
SFIX R,9776667.0,
EFIX R,9776667.0,9776813 148 888.5 531.1 1399
SSACC R,9776815.0,
ESACC R,9776815.0,9776833 20 889.5 528.6 913.4 526.6 0.65 85
SFIX R,9776835.0,
EFIX R,9776835.0,9779021 2188 896.9 541.9 1259
SSACC R,9779023.0,
SBLINK R,9779045.0,
EBLINK R,9779045.0,9779445 402
ESACC R,9779023.0,9779475 454 921.4 562.4 928.3 539.5 0.65 1295
SFIX R,9779477.0,
EFIX R,9779477.0,9779565 90 911.6 547.2 1247
SSACC R,9779567.0,
SBLINK R,9779577.0,
EBLINK R,9779577.0,9779599 24
ESACC R,9779567.0,9779607 42 921.4 562.4 928.3 539.5 0.65 0
SFIX R,9779609.0,
EFIX R,9779609.0,9779773 166 891.4 564.8 1305
SSACC R,9779775.0,
ESACC R,9779775.0,9779787 14 891.4 561.6 924.5 568.4 0.92 88
SFIX R,9779789.0,
EFIX R,9779789.0,9779981 194 915.8 561.3 1250
SSACC R,9779983.0,
ESACC R,9779983.0,9779997 16 912.9 563.1 897.1 568.6 0.45 63
SFIX R,9779999.0,
EFIX R,9779999.0,9782117 2120 918.6 559.4 1187
SSACC R,9782119.0,
ESACC R,9782119.0,9782131 14 905.7 549.4 924.4 547.0 0.51 65
SFIX R,9782133.0,
EFIX R,9782133.0,9783329 1198 924.1 544.6 1550
SSACC R,9783331.0,
ESACC R,9783331.0,9783355 26 929.8 558.4 917.6 554.5 0.35 107
SFIX R,9783357.0,
EFIX R,9783357.0,9783497 142 916.4 553.7 1567
SSACC R,9783499.0,
ESACC R,9783499.0,9783511 14 918.7 554.6 945.9 560.4 0.75 71
SFIX R,9783513.0,
EFIX R,9783513.0,9783807 296 939.8 558.1 1576
SSACC R,9783809.0,
ESACC R,9783809.0,9783833 26 938.2 560.1 930.4 558.6 0.22 84
SFIX R,9783835.0,
EFIX R,9783835.0,9783917 84 924.7 558.3 1603
SSACC R,9783919.0,
ESACC R,9783919.0,9783949 32 926.4 556.2 962.7 560.9 0.99 204
SFIX R,9783951.0,
EFIX R,9783951.0,9784045 96 966.8 562.5 1576
SSACC R,9784047.0,
ESACC R,9784047.0,9784065 20 965.4 564.5 923.4 568.2 1.14 104
SFIX R,9784067.0,
EFIX R,9784067.0,9784675 610 920.6 556.3 1494
SSACC R,9784677.0,
ESACC R,9784677.0,9784681 6 909.2 558.4 916.4 557.7 0.20 48
SFIX R,9784683.0,
EFIX R,9784683.0,9785037 356 922.3 562.5 1273
SSACC R,9785039.0,
ESACC R,9785039.0,9785055 18 920.8 562.8 899.8 568.5 0.59 79
SFIX R,9785057.0,
EFIX R,9785057.0,9785101 46 905.6 564.1 1282
SSACC R,9785103.0,
ESACC R,9785103.0,9785133 32 904.1 564.4 951.6 562.8 1.29 197
SFIX R,9785135.0,
EFIX R,9785135.0,9785233 100 957.2 561.6 1332
SSACC R,9785235.0,
ESACC R,9785235.0,9785253 20 957.6 555.7 909.9 557.9 1.29 120
SFIX R,9785255.0,
EFIX R,9785255.0,9785799 546 920.9 553.7 1443
SSACC R,9785801.0,
ESACC R,9785801.0,9785815 16 918.5 557.1 917.4 545.8 0.31 66
SFIX R,9785817.0,
EFIX R,9785817.0,9787177 1362 930.4 543.2 1485
SSACC R,9787179.0,
ESACC R,9787179.0,9787207 30 932.1 526.8 924.5 539.5 0.40 137
SFIX R,9787209.0,
EFIX R,9787209.0,9787283 76 910.5 539.4 1560
SSACC R,9787285.0,
ESACC R,9787285.0,9787317 34 910.1 540.1 960.6 537.7 1.37 231
SFIX R,9787319.0,
EFIX R,9787319.0,9787375 58 964.3 538.6 1564
SSACC R,9787377.0,
ESACC R,9787377.0,9787409 34 964.0 542.9 920.5 543.9 1.18 236
SFIX R,9787411.0,
EFIX R,9787411.0,9787433 24 911.9 542.7 1565
SSACC R,9787435.0,
ESACC R,9787435.0,9787467 34 910.7 545.3 974.1 544.0 1.72 274
SFIX R,9787469.0,
EFIX R,9787469.0,9787567 100 981.8 542.8 1550
SSACC R,9787569.0,
ESACC R,9787569.0,9787591 24 984.0 541.6 929.9 543.9 1.47 156
SFIX R,9787593.0,
EFIX R,9787593.0,9790427 2836 925.0 551.8 1421
SSACC R,9790429.0,
ESACC R,9790429.0,9790437 10 906.8 559.9 922.7 557.9 0.43 53
SFIX R,9790439.0,
EFIX R,9790439.0,9790925 488 913.1 549.8 1271
SSACC R,9790927.0,
ESACC R,9790927.0,9790945 20 912.8 549.1 916.7 558.3 0.27 57
SFIX R,9790947.0,
EFIX R,9790947.0,9792379 1434 911.8 558.5 1402
SSACC R,9792381.0,
ESACC R,9792381.0,9792409 30 902.8 562.3 882.3 546.7 0.70 114
SFIX R,9792411.0,
EFIX R,9792411.0,9792645 236 878.3 546.8 1304
SSACC R,9792647.0,
ESACC R,9792647.0,9792667 22 880.9 546.4 919.2 550.3 1.04 114
SFIX R,9792669.0,
EFIX R,9792669.0,9794085 1418 913.2 549.0 1305
SSACC R,9794087.0,
ESACC R,9794087.0,9794107 22 911.0 550.5 883.8 542.6 0.77 93
SFIX R,9794109.0,
EFIX R,9794109.0,9794133 26 891.3 541.7 1396
SSACC R,9794135.0,
ESACC R,9794135.0,9794165 32 890.6 540.1 938.5 544.8 1.30 222
SFIX R,9794167.0,
EFIX R,9794167.0,9794265 100 944.6 540.9 1399
SSACC R,9794267.0,
ESACC R,9794267.0,9794283 18 946.3 537.5 905.1 543.3 1.13 95
SFIX R,9794285.0,
EFIX R,9794285.0,9794659 376 915.0 542.9 1394
SSACC R,9794661.0,
ESACC R,9794661.0,9794677 18 919.9 542.0 917.1 546.5 0.14 69
SFIX R,9794679.0,
EFIX R,9794679.0,9797153 2476 935.3 543.4 1507
SSACC R,9797155.0,
ESACC R,9797155.0,9797173 20 918.1 557.8 895.4 561.8 0.62 88
SFIX R,9797175.0,
EFIX R,9797175.0,9797245 72 905.4 559.3 1421
SSACC R,9797247.0,
ESACC R,9797247.0,9797273 28 906.4 559.3 942.6 554.5 0.99 175
SFIX R,9797275.0,
EFIX R,9797275.0,9797419 146 940.4 551.1 1434
SSACC R,9797421.0,
ESACC R,9797421.0,9797433 14 934.3 544.2 909.3 546.6 0.68 68
SFIX R,9797435.0,
EFIX R,9797435.0,9797725 292 910.8 544.9 1356
SSACC R,9797727.0,
ESACC R,9797727.0,9797743 18 907.3 550.5 908.5 555.2 0.13 53
SFIX R,9797745.0,
EFIX R,9797745.0,9798097 354 912.2 572.1 1147
SSACC R,9798099.0,
SBLINK R,9798123.0,
EBLINK R,9798123.0,9798185 64
ESACC R,9798099.0,9798225 128 912.7 577.8 919.9 556.9 0.60 910
SFIX R,9798227.0,
EFIX R,9798227.0,9798327 102 920.1 547.4 1079
SSACC R,9798329.0,
SBLINK R,9798351.0,
EBLINK R,9798351.0,9798441 92
ESACC R,9798329.0,9798483 156 919.9 550.8 909.8 567.1 0.52 918
SFIX R,9798485.0,
EFIX R,9798485.0,9800997 2514 902.0 561.6 1140
SSACC R,9800999.0,
ESACC R,9800999.0,9801111 114 906.8 540.2 954.6 515.0 1.46 559
SFIX R,9801113.0,
EFIX R,9801113.0,9801283 172 955.1 517.2 1382
SSACC R,9801285.0,
ESACC R,9801285.0,9801299 16 952.1 518.7 916.2 523.4 0.98 89
SFIX R,9801301.0,
EFIX R,9801301.0,9801411 112 925.6 528.4 1397
SSACC R,9801413.0,
SBLINK R,9801443.0,
EBLINK R,9801443.0,9801509 68
ESACC R,9801413.0,9801573 162 924.7 527.3 907.5 514.5 0.58 1642
SFIX R,9801575.0,
EFIX R,9801575.0,9802697 1124 898.0 539.3 1322
SSACC R,9802699.0,
ESACC R,9802699.0,9802729 32 899.0 522.3 875.7 539.6 0.79 172
SFIX R,9802731.0,
EFIX R,9802731.0,9802779 50 867.3 541.4 1407
SSACC R,9802781.0,
ESACC R,9802781.0,9802815 36 867.7 541.8 951.1 544.2 2.26 335
SFIX R,9802817.0,
EFIX R,9802817.0,9802851 36 957.6 545.0 1412
SSACC R,9802853.0,
ESACC R,9802853.0,9802887 36 957.8 546.5 883.1 528.8 2.08 283
SFIX R,9802889.0,
EFIX R,9802889.0,9803019 132 878.3 529.1 1422
SSACC R,9803021.0,
ESACC R,9803021.0,9803047 28 877.6 530.9 901.5 534.2 0.65 111
SFIX R,9803049.0,
EFIX R,9803049.0,9804153 1106 903.6 525.8 1411
SSACC R,9804155.0,
ESACC R,9804155.0,9804175 22 909.5 516.4 926.7 513.3 0.47 83
SFIX R,9804177.0,
EFIX R,9804177.0,9804387 212 924.6 514.6 1428
SSACC R,9804389.0,
ESACC R,9804389.0,9804405 18 922.8 517.8 909.4 513.2 0.38 70
SFIX R,9804407.0,
EFIX R,9804407.0,9807719 3314 927.3 515.2 1643
SSACC R,9807721.0,
ESACC R,9807721.0,9807751 32 928.0 517.5 930.2 522.6 0.15 133
SFIX R,9807753.0,
EFIX R,9807753.0,9808401 650 929.9 518.8 1640
SSACC R,9808403.0,
ESACC R,9808403.0,9808419 18 929.6 525.5 920.8 532.9 0.31 54
SFIX R,9808421.0,
EFIX R,9808421.0,9808823 404 913.9 533.5 1501
SSACC R,9808825.0,
ESACC R,9808825.0,9808847 24 907.8 531.4 951.7 529.8 1.19 126
SFIX R,9808849.0,
EFIX R,9808849.0,9808969 122 943.5 526.0 1535
SSACC R,9808971.0,
ESACC R,9808971.0,9808991 22 940.9 520.2 909.3 523.8 0.86 115
SFIX R,9808993.0,
EFIX R,9808993.0,9810073 1082 906.1 534.5 1535
SSACC R,9810075.0,
ESACC R,9810075.0,9810099 26 904.0 547.8 930.5 546.4 0.72 128
SFIX R,9810101.0,
EFIX R,9810101.0,9810197 98 931.2 541.9 1510
SSACC R,9810199.0,
ESACC R,9810199.0,9810221 24 934.1 538.6 911.3 543.9 0.63 113
SFIX R,9810223.0,
EFIX R,9810223.0,9810287 66 912.9 537.7 1528
SSACC R,9810289.0,
ESACC R,9810289.0,9810313 26 911.0 535.3 934.5 538.6 0.64 125
SFIX R,9810315.0,
EFIX R,9810315.0,9810487 174 937.6 536.8 1526
SSACC R,9810489.0,
ESACC R,9810489.0,9810503 16 934.4 538.6 918.1 539.8 0.44 68
SFIX R,9810505.0,
EFIX R,9810505.0,9810855 352 919.0 535.9 1492
SSACC R,9810857.0,
ESACC R,9810857.0,9810865 10 918.9 534.9 936.0 534.0 0.46 54
SFIX R,9810867.0,
EFIX R,9810867.0,9811411 546 935.8 523.9 1551
SSACC R,9811413.0,
ESACC R,9811413.0,9811443 32 938.9 513.0 924.0 513.0 0.40 144
SFIX R,9811445.0,
EFIX R,9811445.0,9811643 200 912.1 517.6 1697
SSACC R,9811645.0,
ESACC R,9811645.0,9811663 20 914.8 519.2 936.0 522.0 0.58 81
SFIX R,9811665.0,
EFIX R,9811665.0,9813427 1764 937.3 512.1 1741
SSACC R,9813429.0,
ESACC R,9813429.0,9813445 18 937.1 504.3 953.0 499.1 0.45 70
SFIX R,9813447.0,
EFIX R,9813447.0,9818153 4708 939.6 482.1 1752
SSACC R,9818155.0,
ESACC R,9818155.0,9818179 26 916.2 503.1 914.6 524.4 0.58 103
SFIX R,9818181.0,
EFIX R,9818181.0,9818321 142 914.0 518.6 1535
SSACC R,9818323.0,
ESACC R,9818323.0,9818333 12 918.7 517.5 940.5 514.0 0.60 71
SFIX R,9818335.0,
EFIX R,9818335.0,9818627 294 923.4 517.1 1526
SSACC R,9818629.0,
ESACC R,9818629.0,9818649 22 916.5 518.6 916.6 516.2 0.07 66
SFIX R,9818651.0,
EFIX R,9818651.0,9818727 78 913.2 514.6 1505
SSACC R,9818729.0,
SBLINK R,9818755.0,
EBLINK R,9818755.0,9818825 72
ESACC R,9818729.0,9818911 184 915.2 510.6 933.8 508.7 0.51 1827
SFIX R,9818913.0,
EFIX R,9818913.0,9819153 242 923.6 494.5 1496
SSACC R,9819155.0,
ESACC R,9819155.0,9819171 18 916.2 507.8 901.2 519.7 0.52 64
SFIX R,9819173.0,
EFIX R,9819173.0,9820649 1478 907.5 540.7 1147
SSACC R,9820651.0,
ESACC R,9820651.0,9820673 24 910.0 534.5 945.3 544.8 1.00 105
SFIX R,9820675.0,
EFIX R,9820675.0,9820867 194 909.1 536.0 1199
SSACC R,9820869.0,
ESACC R,9820869.0,9820889 22 907.8 531.3 926.2 535.0 0.51 83
SFIX R,9820891.0,
EFIX R,9820891.0,9821131 242 922.4 533.6 1272
SSACC R,9821133.0,
ESACC R,9821133.0,9821149 18 923.2 536.3 904.0 530.0 0.55 78
SFIX R,9821151.0,
EFIX R,9821151.0,9821315 166 910.9 532.7 1330
SSACC R,9821317.0,
ESACC R,9821317.0,9821347 32 912.9 535.2 942.5 534.4 0.80 156
SFIX R,9821349.0,
EFIX R,9821349.0,9821457 110 948.7 534.4 1345
SSACC R,9821459.0,
ESACC R,9821459.0,9821477 20 948.2 536.1 909.3 542.3 1.07 114
SFIX R,9821479.0,
EFIX R,9821479.0,9822309 832 916.7 544.4 1303
SSACC R,9822311.0,
ESACC R,9822311.0,9822331 22 918.3 546.2 893.2 553.3 0.71 84
SFIX R,9822333.0,
EFIX R,9822333.0,9822539 208 895.6 544.6 1294
SSACC R,9822541.0,
ESACC R,9822541.0,9822547 8 898.6 540.1 913.2 542.1 0.40 59
SFIX R,9822549.0,
EFIX R,9822549.0,9824359 1812 905.0 524.5 1309
SSACC R,9824361.0,
ESACC R,9824361.0,9824369 10 894.0 519.7 906.9 518.1 0.35 44
SFIX R,9824371.0,
EFIX R,9824371.0,9824551 182 906.1 514.4 1341
SSACC R,9824553.0,
ESACC R,9824553.0,9824571 20 906.2 513.0 878.1 519.8 0.78 85
SFIX R,9824573.0,
EFIX R,9824573.0,9824611 40 886.2 516.2 1346
SSACC R,9824613.0,
ESACC R,9824613.0,9824641 30 884.8 518.7 939.8 520.7 1.49 194
SFIX R,9824643.0,
EFIX R,9824643.0,9824745 104 941.0 520.4 1332
SSACC R,9824747.0,
ESACC R,9824747.0,9824765 20 941.6 521.2 886.7 528.3 1.50 155
SFIX R,9824767.0,
EFIX R,9824767.0,9825485 720 895.4 530.2 1291
SSACC R,9825487.0,
ESACC R,9825487.0,9825515 30 885.7 529.7 924.4 534.1 1.06 160
SFIX R,9825517.0,
EFIX R,9825517.0,9825631 116 922.1 529.3 1245
SSACC R,9825633.0,
ESACC R,9825633.0,9825653 22 920.0 530.0 888.6 531.2 0.85 108
SFIX R,9825655.0,
EFIX R,9825655.0,9826905 1252 890.4 538.6 1265
SSACC R,9826907.0,
ESACC R,9826907.0,9826927 22 888.5 553.7 921.1 538.1 0.98 106
SFIX R,9826929.0,
EFIX R,9826929.0,9827527 600 915.3 541.8 1336
SSACC R,9827529.0,
ESACC R,9827529.0,9827547 20 925.0 544.2 893.0 553.4 0.90 93
SFIX R,9827549.0,
EFIX R,9827549.0,9828053 506 910.1 560.4 1236
SSACC R,9828055.0,
ESACC R,9828055.0,9828061 8 910.7 559.1 923.3 554.7 0.36 52
SFIX R,9828063.0,
EFIX R,9828063.0,9829119 1058 929.9 529.0 1482
SSACC R,9829121.0,
ESACC R,9829121.0,9829137 18 926.8 529.4 933.6 540.6 0.36 61
SFIX R,9829139.0,
EFIX R,9829139.0,9829669 532 920.5 547.5 1507
SSACC R,9829671.0,
ESACC R,9829671.0,9829691 22 913.5 544.8 921.5 549.5 0.25 84
SFIX R,9829693.0,
EFIX R,9829693.0,9830245 554 925.3 548.1 1491
SSACC R,9830247.0,
ESACC R,9830247.0,9830251 6 927.6 549.5 938.4 551.6 0.30 59
SFIX R,9830253.0,
EFIX R,9830253.0,9830665 414 932.6 551.0 1524
SSACC R,9830667.0,
ESACC R,9830667.0,9830685 20 924.5 549.3 935.0 548.4 0.29 66
SFIX R,9830687.0,
EFIX R,9830687.0,9831397 712 928.4 546.7 1555
SSACC R,9831399.0,
ESACC R,9831399.0,9831421 24 920.7 549.2 935.0 550.6 0.39 102
SFIX R,9831423.0,
EFIX R,9831423.0,9831697 276 922.1 549.7 1412
SSACC R,9831699.0,
SBLINK R,9831727.0,
EBLINK R,9831727.0,9831769 44
ESACC R,9831699.0,9831817 120 923.3 550.7 933.7 538.9 0.43 1734
SFIX R,9831819.0,
EFIX R,9831819.0,9831971 154 928.6 562.3 1310
SSACC R,9831973.0,
ESACC R,9831973.0,9831977 6 924.1 574.8 914.0 571.7 0.29 50
SFIX R,9831979.0,
EFIX R,9831979.0,9833457 1480 914.4 571.9 1129
SSACC R,9833459.0,
SBLINK R,9833479.0,
EBLINK R,9833479.0,9833593 116
ESACC R,9833459.0,9833641 184 911.8 570.5 909.9 532.8 1.02 853
SFIX R,9833643.0,
EFIX R,9833643.0,9833987 346 911.4 533.5 1228
SSACC R,9833989.0,
ESACC R,9833989.0,9834005 18 917.8 533.7 923.4 554.9 0.59 71
SFIX R,9834007.0,
EFIX R,9834007.0,9835037 1032 912.0 560.7 1165
SSACC R,9835039.0,
ESACC R,9835039.0,9835061 24 900.7 555.3 911.5 541.0 0.49 67
SFIX R,9835063.0,
EFIX R,9835063.0,9837413 2352 907.5 545.6 1257
SSACC R,9837415.0,
ESACC R,9837415.0,9837433 20 906.6 554.4 929.1 559.5 0.63 77
SFIX R,9837435.0,
EFIX R,9837435.0,9837689 256 922.3 554.3 1273
SSACC R,9837691.0,
ESACC R,9837691.0,9837707 18 917.9 552.8 894.3 553.0 0.64 81
SFIX R,9837709.0,
EFIX R,9837709.0,9840227 2520 895.1 545.9 1141
SSACC R,9840229.0,
ESACC R,9840229.0,9840247 20 891.2 554.5 901.5 554.3 0.28 57
SFIX R,9840249.0,
EFIX R,9840249.0,9840345 98 893.9 554.8 889
SSACC R,9840347.0,
ESACC R,9840347.0,9840367 22 891.3 552.2 917.1 554.0 0.70 90
SFIX R,9840369.0,
EFIX R,9840369.0,9843653 3286 895.6 555.6 1040
SSACC R,9843655.0,
ESACC R,9843655.0,9843671 18 879.7 562.1 885.6 561.9 0.16 75
SFIX R,9843673.0,
EFIX R,9843673.0,9844669 998 891.5 561.5 1028
SSACC R,9844671.0,
ESACC R,9844671.0,9844683 14 891.3 565.7 879.9 563.9 0.31 58
SFIX R,9844685.0,
EFIX R,9844685.0,9844871 188 880.1 565.7 911
SSACC R,9844873.0,
ESACC R,9844873.0,9844877 6 878.4 565.7 889.6 569.1 0.32 54
SFIX R,9844879.0,
EFIX R,9844879.0,9847967 3090 896.3 554.2 1021
SSACC R,9847969.0,
ESACC R,9847969.0,9847977 10 891.8 555.0 906.7 555.4 0.40 54
SFIX R,9847979.0,
EFIX R,9847979.0,9849275 1298 892.8 546.9 925
SSACC R,9849277.0,
ESACC R,9849277.0,9849293 18 890.8 549.9 886.2 551.8 0.13 58
SFIX R,9849295.0,
EFIX R,9849295.0,9851043 1750 907.8 561.3 1273
SSACC R,9851045.0,
ESACC R,9851045.0,9851069 26 919.5 548.3 901.3 553.2 0.51 106
SFIX R,9851071.0,
EFIX R,9851071.0,9851183 114 901.9 545.3 1378
SSACC R,9851185.0,
ESACC R,9851185.0,9851207 24 899.6 541.4 932.6 542.6 0.89 112
SFIX R,9851209.0,
EFIX R,9851209.0,9851503 296 928.1 541.9 1377
SSACC R,9851505.0,
ESACC R,9851505.0,9851513 10 925.6 540.9 909.8 540.0 0.43 54
SFIX R,9851515.0,
EFIX R,9851515.0,9852935 1422 907.7 552.3 1178
SSACC R,9852937.0,
ESACC R,9852937.0,9852953 18 910.6 546.3 916.2 551.0 0.20 57
SFIX R,9852955.0,
EFIX R,9852955.0,9853051 98 912.5 548.4 1133
SSACC R,9853053.0,
ESACC R,9853053.0,9853057 6 912.0 550.2 920.6 551.7 0.24 46
SFIX R,9853059.0,
EFIX R,9853059.0,9853399 342 911.3 541.7 1148
SSACC R,9853401.0,
ESACC R,9853401.0,9853409 10 886.8 540.6 898.8 542.5 0.33 48
SFIX R,9853411.0,
EFIX R,9853411.0,9855421 2012 912.9 547.2 1267
SSACC R,9855423.0,
ESACC R,9855423.0,9855439 18 918.4 542.9 906.8 535.7 0.37 60
SFIX R,9855441.0,
EFIX R,9855441.0,9856327 888 912.2 526.5 1339
SSACC R,9856329.0,
ESACC R,9856329.0,9856347 20 907.4 546.1 910.9 541.8 0.15 64
SFIX R,9856349.0,
EFIX R,9856349.0,9857903 1556 914.5 556.1 1175
SSACC R,9857905.0,
ESACC R,9857905.0,9857917 14 907.9 556.1 918.4 556.2 0.28 50
SFIX R,9857919.0,
EFIX R,9857919.0,9859539 1622 898.5 559.4 1129
SSACC R,9859541.0,
ESACC R,9859541.0,9859599 60 909.0 557.7 917.7 540.2 0.53 135
SFIX R,9859601.0,
EFIX R,9859601.0,9859797 198 908.2 550.9 1282
SSACC R,9859799.0,
SBLINK R,9859825.0,
EBLINK R,9859825.0,9859901 78
ESACC R,9859799.0,9859957 160 908.2 558.1 915.3 510.2 1.31 2094
SFIX R,9859959.0,
EFIX R,9859959.0,9860117 160 911.9 529.6 1277
SSACC R,9860119.0,
ESACC R,9860119.0,9860131 14 909.6 542.7 917.1 564.9 0.64 74
SFIX R,9860133.0,
EFIX R,9860133.0,9861797 1666 904.3 566.5 1100
SSACC R,9861799.0,
SBLINK R,9861821.0,
EBLINK R,9861821.0,9861925 106
ESACC R,9861799.0,9861975 178 906.1 567.2 909.2 536.8 0.83 1599
SFIX R,9861977.0,
EFIX R,9861977.0,9864591 2616 890.9 555.8 958
SSACC R,9864593.0,
ESACC R,9864593.0,9864623 32 890.3 553.3 870.0 551.3 0.55 116
SFIX R,9864625.0,
EFIX R,9864625.0,9864819 196 863.8 552.2 1079
SSACC R,9864821.0,
ESACC R,9864821.0,9864839 20 864.4 551.0 902.8 549.5 1.04 108
SFIX R,9864841.0,
EFIX R,9864841.0,9865517 678 901.6 550.0 1110
SSACC R,9865519.0,
ESACC R,9865519.0,9865533 16 896.7 543.5 888.0 545.0 0.24 44
SFIX R,9865535.0,
EFIX R,9865535.0,9866977 1444 891.0 540.5 1071
SSACC R,9866979.0,
ESACC R,9866979.0,9866999 22 886.8 561.0 886.6 563.5 0.07 72
SFIX R,9867001.0,
EFIX R,9867001.0,9867483 484 879.2 562.7 986
SSACC R,9867485.0,
ESACC R,9867485.0,9867501 18 879.6 567.6 894.8 570.9 0.42 66
SFIX R,9867503.0,
EFIX R,9867503.0,9868003 502 882.6 564.9 893
SSACC R,9868005.0,
SBLINK R,9868027.0,
EBLINK R,9868027.0,9868123 98
ESACC R,9868005.0,9868155 152 886.5 565.6 900.2 567.9 0.38 1025
SFIX R,9868157.0,
EFIX R,9868157.0,9868545 390 895.7 558.0 912
SSACC R,9868547.0,
ESACC R,9868547.0,9868553 8 890.9 559.0 879.0 556.9 0.33 49
SFIX R,9868555.0,
EFIX R,9868555.0,9868823 270 879.7 556.8 830
SSACC R,9868825.0,
ESACC R,9868825.0,9868831 8 879.2 554.6 893.8 552.4 0.40 55
SFIX R,9868833.0,
EFIX R,9868833.0,9869681 850 887.1 538.9 996
SSACC R,9869683.0,
ESACC R,9869683.0,9869749 68 889.4 538.3 907.3 536.7 0.49 136
SFIX R,9869751.0,
EFIX R,9869751.0,9869875 126 908.4 538.3 1123
SSACC R,9869877.0,
ESACC R,9869877.0,9869889 14 904.3 537.0 879.9 538.7 0.66 70
SFIX R,9869891.0,
EFIX R,9869891.0,9871205 1316 884.0 546.6 1153
SSACC R,9871207.0,
ESACC R,9871207.0,9871231 26 885.6 561.5 873.9 560.9 0.32 87
SFIX R,9871233.0,
EFIX R,9871233.0,9871521 290 863.2 566.5 1200
SSACC R,9871523.0,
ESACC R,9871523.0,9871537 16 859.3 575.5 880.1 570.0 0.58 76
SFIX R,9871539.0,
EFIX R,9871539.0,9875119 3582 873.7 555.2 982
SSACC R,9875121.0,
SBLINK R,9875143.0,
EBLINK R,9875143.0,9875223 82
ESACC R,9875121.0,9875261 142 886.5 540.7 904.4 553.6 0.60 1046
SFIX R,9875263.0,
EFIX R,9875263.0,9876555 1294 890.1 545.7 922
SSACC R,9876557.0,
ESACC R,9876557.0,9876561 6 871.1 532.4 881.1 535.3 0.28 51
SFIX R,9876563.0,
EFIX R,9876563.0,9876991 430 887.9 535.0 1047
SSACC R,9876993.0,
ESACC R,9876993.0,9877011 20 883.9 547.1 870.6 544.3 0.37 71
SFIX R,9877013.0,
EFIX R,9877013.0,9877235 224 872.9 545.3 1107
SSACC R,9877237.0,
ESACC R,9877237.0,9877249 14 876.1 544.0 902.2 551.6 0.74 73
SFIX R,9877251.0,
EFIX R,9877251.0,9877545 296 893.0 550.2 1153
SSACC R,9877547.0,
ESACC R,9877547.0,9877563 18 895.3 545.5 884.6 553.1 0.36 70
SFIX R,9877565.0,
EFIX R,9877565.0,9878117 554 885.4 551.4 1225
SSACC R,9878119.0,
ESACC R,9878119.0,9878145 28 885.3 561.8 907.5 559.8 0.60 117
SFIX R,9878147.0,
EFIX R,9878147.0,9878167 22 907.8 555.6 1235
SSACC R,9878169.0,
ESACC R,9878169.0,9878197 30 907.4 555.6 860.3 557.4 1.28 194
SFIX R,9878199.0,
EFIX R,9878199.0,9878301 104 858.7 555.6 1228
SSACC R,9878303.0,
ESACC R,9878303.0,9878323 22 859.0 553.0 909.1 557.6 1.36 136
SFIX R,9878325.0,
EFIX R,9878325.0,9878853 530 889.7 557.5 1193
SSACC R,9878855.0,
ESACC R,9878855.0,9878879 26 889.0 570.6 899.4 568.7 0.29 96
SFIX R,9878881.0,
EFIX R,9878881.0,9879187 308 894.9 557.2 1183
SSACC R,9879189.0,
ESACC R,9879189.0,9879211 24 891.5 546.8 878.8 548.4 0.35 95
SFIX R,9879213.0,
EFIX R,9879213.0,9880055 844 882.7 541.6 1316
SSACC R,9880057.0,
ESACC R,9880057.0,9880085 30 893.7 552.4 923.6 544.1 0.84 156
SFIX R,9880087.0,
EFIX R,9880087.0,9880255 170 923.0 543.7 1339
SSACC R,9880257.0,
ESACC R,9880257.0,9880275 20 918.0 541.9 886.4 543.1 0.86 104
SFIX R,9880277.0,
EFIX R,9880277.0,9881725 1450 881.3 540.4 1206
SSACC R,9881727.0,
ESACC R,9881727.0,9881743 18 888.4 557.3 878.6 557.8 0.27 61
SFIX R,9881745.0,
EFIX R,9881745.0,9881829 86 881.1 559.5 1045
SSACC R,9881831.0,
ESACC R,9881831.0,9881853 24 879.8 562.2 916.6 560.2 1.00 115
SFIX R,9881855.0,
EFIX R,9881855.0,9881961 108 908.2 557.8 1090
SSACC R,9881963.0,
ESACC R,9881963.0,9881979 18 907.0 556.4 882.3 558.3 0.67 79
SFIX R,9881981.0,
EFIX R,9881981.0,9882325 346 896.4 547.6 1203
SSACC R,9882327.0,
SBLINK R,9882349.0,
EBLINK R,9882349.0,9882441 94
ESACC R,9882327.0,9882491 166 906.8 537.3 920.3 520.4 0.59 1632
SFIX R,9882493.0,
EFIX R,9882493.0,9884445 1954 906.0 537.9 1355
SSACC R,9884447.0,
ESACC R,9884447.0,9884479 34 914.4 529.7 887.0 528.8 0.74 117
SFIX R,9884481.0,
EFIX R,9884481.0,9884597 118 898.4 530.8 1551
SSACC R,9884599.0,
ESACC R,9884599.0,9884617 20 896.0 533.7 932.9 537.1 1.00 100
SFIX R,9884619.0,
EFIX R,9884619.0,9885911 1294 922.9 524.5 1685
SSACC R,9885913.0,
ESACC R,9885913.0,9885943 32 917.7 507.2 921.9 503.7 0.15 113
SFIX R,9885945.0,
EFIX R,9885945.0,9887213 1270 930.5 507.0 1769
SSACC R,9887215.0,
ESACC R,9887215.0,9887235 22 924.8 506.4 928.7 500.8 0.18 76
SFIX R,9887237.0,
EFIX R,9887237.0,9888851 1616 918.1 510.3 1776
SSACC R,9888853.0,
ESACC R,9888853.0,9888879 28 902.1 517.0 925.0 514.4 0.62 122
SFIX R,9888881.0,
EFIX R,9888881.0,9888993 114 930.5 514.2 1670
SSACC R,9888995.0,
ESACC R,9888995.0,9889021 28 930.3 514.8 903.0 511.1 0.75 130
SFIX R,9889023.0,
EFIX R,9889023.0,9890759 1738 911.9 524.4 1579
SSACC R,9890761.0,
ESACC R,9890761.0,9890781 22 924.6 529.1 933.7 528.0 0.25 72
SFIX R,9890783.0,
EFIX R,9890783.0,9891239 458 926.3 529.2 1535
SSACC R,9891241.0,
ESACC R,9891241.0,9891261 22 931.3 517.0 917.1 531.3 0.55 91
SFIX R,9891263.0,
EFIX R,9891263.0,9891753 492 918.4 519.9 1520
SSACC R,9891755.0,
SBLINK R,9891781.0,
EBLINK R,9891781.0,9891835 56
ESACC R,9891755.0,9891919 166 917.7 519.2 936.9 492.6 0.89 2022
SFIX R,9891921.0,
EFIX R,9891921.0,9894597 2678 919.6 518.2 1531
SSACC R,9894599.0,
ESACC R,9894599.0,9894627 30 914.2 512.7 955.1 511.9 1.11 166
SFIX R,9894629.0,
EFIX R,9894629.0,9894725 98 959.9 508.8 1651
SSACC R,9894727.0,
ESACC R,9894727.0,9894755 30 960.9 510.9 931.9 511.8 0.79 134
SFIX R,9894757.0,
EFIX R,9894757.0,9896003 1248 933.1 525.6 1537
SSACC R,9896005.0,
ESACC R,9896005.0,9896029 26 947.0 535.0 938.7 529.3 0.27 99
SFIX R,9896031.0,
EFIX R,9896031.0,9896323 294 926.6 526.0 1551
SSACC R,9896325.0,
ESACC R,9896325.0,9896351 28 925.8 523.7 949.9 521.8 0.66 116
SFIX R,9896353.0,
EFIX R,9896353.0,9896499 148 955.5 520.2 1581
SSACC R,9896501.0,
ESACC R,9896501.0,9896521 22 956.6 521.4 934.3 522.9 0.61 95
SFIX R,9896523.0,
EFIX R,9896523.0,9897027 506 932.0 532.1 1614
SSACC R,9897029.0,
ESACC R,9897029.0,9897043 16 925.0 528.8 939.8 528.8 0.40 58
SFIX R,9897045.0,
EFIX R,9897045.0,9898759 1716 941.6 523.5 1568
SSACC R,9898761.0,
ESACC R,9898761.0,9898789 30 944.0 515.6 917.3 509.6 0.74 165
SFIX R,9898791.0,
EFIX R,9898791.0,9898831 42 912.7 510.0 1611
SSACC R,9898833.0,
ESACC R,9898833.0,9898867 36 910.1 504.9 1001.8 503.7 2.49 339
SFIX R,9898869.0,
EFIX R,9898869.0,9898965 98 1006.9 507.0 1613
SSACC R,9898967.0,
ESACC R,9898967.0,9898987 22 1004.4 506.7 943.6 515.6 1.67 168
SFIX R,9898989.0,
EFIX R,9898989.0,9899749 762 935.3 522.0 1520
SSACC R,9899751.0,
ESACC R,9899751.0,9899767 18 919.8 529.8 908.3 532.2 0.32 83
SFIX R,9899769.0,
EFIX R,9899769.0,9900573 806 912.3 526.9 1487
SSACC R,9900575.0,
ESACC R,9900575.0,9900601 28 926.8 525.9 944.3 522.8 0.48 121
SFIX R,9900603.0,
EFIX R,9900603.0,9900761 160 947.8 522.5 1507
SSACC R,9900763.0,
ESACC R,9900763.0,9900777 16 945.6 520.9 927.6 529.0 0.53 60
SFIX R,9900779.0,
EFIX R,9900779.0,9901991 1214 920.2 527.2 1424
SSACC R,9901993.0,
ESACC R,9901993.0,9902001 10 900.2 525.5 911.7 527.6 0.32 51
SFIX R,9902003.0,
EFIX R,9902003.0,9902917 916 911.8 531.3 1370
SSACC R,9902919.0,
ESACC R,9902919.0,9902951 34 911.9 538.0 982.8 556.9 1.99 236
SFIX R,9902953.0,
EFIX R,9902953.0,9903063 112 986.4 551.8 1447
SSACC R,9903065.0,
ESACC R,9903065.0,9903089 26 986.2 550.7 926.6 547.7 1.62 180
SFIX R,9903091.0,
EFIX R,9903091.0,9904159 1070 933.4 536.0 1368
SSACC R,9904161.0,
ESACC R,9904161.0,9904179 20 934.2 533.8 906.6 537.7 0.76 90
SFIX R,9904181.0,
EFIX R,9904181.0,9904231 52 914.4 534.4 1373
SSACC R,9904233.0,
ESACC R,9904233.0,9904263 32 912.4 532.5 968.7 535.9 1.53 217
SFIX R,9904265.0,
EFIX R,9904265.0,9904369 106 972.4 536.1 1383
SSACC R,9904371.0,
ESACC R,9904371.0,9904389 20 973.8 534.9 923.2 543.0 1.39 124
SFIX R,9904391.0,
EFIX R,9904391.0,9904817 428 927.9 532.6 1421
SSACC R,9904819.0,
ESACC R,9904819.0,9904833 16 920.7 533.3 919.8 531.7 0.05 52
SFIX R,9904835.0,
EFIX R,9904835.0,9906693 1860 906.7 549.2 1355
SSACC R,9906695.0,
ESACC R,9906695.0,9906717 24 904.8 549.8 938.2 542.7 0.93 115
SFIX R,9906719.0,
EFIX R,9906719.0,9907013 296 931.3 550.3 1321
SSACC R,9907015.0,
ESACC R,9907015.0,9907031 18 933.1 555.5 916.8 558.6 0.45 70
SFIX R,9907033.0,
EFIX R,9907033.0,9910055 3024 922.5 553.8 1247
SSACC R,9910057.0,
ESACC R,9910057.0,9910073 18 925.6 545.1 906.7 554.0 0.57 84
SFIX R,9910075.0,
EFIX R,9910075.0,9910335 262 911.1 546.1 1293
SSACC R,9910337.0,
ESACC R,9910337.0,9910349 14 908.2 547.2 929.7 548.7 0.58 67
SFIX R,9910351.0,
EFIX R,9910351.0,9912251 1902 919.6 548.4 1242
SSACC R,9912253.0,
ESACC R,9912253.0,9912269 18 914.8 545.8 930.9 546.8 0.44 71
SFIX R,9912271.0,
EFIX R,9912271.0,9912721 452 916.6 541.2 1200
SSACC R,9912723.0,
ESACC R,9912723.0,9912727 6 902.3 539.9 911.7 542.8 0.27 50
SFIX R,9912729.0,
EFIX R,9912729.0,9913497 770 915.7 542.5 1231
SSACC R,9913499.0,
ESACC R,9913499.0,9913507 10 905.9 550.0 916.6 553.1 0.30 56
SFIX R,9913509.0,
EFIX R,9913509.0,9915179 1672 912.3 557.8 1286
SSACC R,9915181.0,
ESACC R,9915181.0,9915195 16 910.5 568.5 908.4 565.7 0.09 62
SFIX R,9915197.0,
EFIX R,9915197.0,9916141 946 913.2 562.8 1005
SSACC R,9916143.0,
ESACC R,9916143.0,9916159 18 904.3 554.5 911.5 568.5 0.43 64
SFIX R,9916161.0,
EFIX R,9916161.0,9916539 380 908.8 567.0 999
SSACC R,9916541.0,
SBLINK R,9916565.0,
EBLINK R,9916565.0,9916623 60
ESACC R,9916541.0,9916653 114 914.4 564.3 918.8 541.8 0.62 1382
SFIX R,9916655.0,
EFIX R,9916655.0,9917199 546 913.6 563.2 1102
SSACC R,9917201.0,
SBLINK R,9917221.0,
EBLINK R,9917221.0,9917373 154
ESACC R,9917201.0,9917411 212 920.7 563.3 944.0 571.8 0.67 790
SFIX R,9917413.0,
EFIX R,9917413.0,9918881 1470 945.5 553.3 1155
SSACC R,9918883.0,
ESACC R,9918883.0,9918903 22 954.8 544.8 929.4 546.5 0.69 102
SFIX R,9918905.0,
EFIX R,9918905.0,9919171 268 930.8 548.6 1375
SSACC R,9919173.0,
ESACC R,9919173.0,9919179 8 932.9 545.9 945.0 548.5 0.34 49
SFIX R,9919181.0,
EFIX R,9919181.0,9920615 1436 930.7 560.6 1384
SSACC R,9920617.0,
ESACC R,9920617.0,9920631 16 916.6 571.9 943.9 578.5 0.76 81
SFIX R,9920633.0,
EFIX R,9920633.0,9920901 270 930.4 566.0 1292
SSACC R,9920903.0,
ESACC R,9920903.0,9920915 14 922.8 552.9 913.2 549.1 0.28 57
SFIX R,9920917.0,
EFIX R,9920917.0,9923047 2132 929.2 545.0 1266
SSACC R,9923049.0,
ESACC R,9923049.0,9923061 14 945.0 555.4 942.9 547.5 0.22 53
SFIX R,9923063.0,
EFIX R,9923063.0,9923879 818 950.1 537.6 1418
SSACC R,9923881.0,
ESACC R,9923881.0,9923895 16 935.9 542.7 942.8 542.1 0.19 55
SFIX R,9923897.0,
EFIX R,9923897.0,9925109 1214 927.7 568.9 1249
SSACC R,9925111.0,
ESACC R,9925111.0,9925131 22 914.3 582.7 894.4 587.2 0.55 92
SFIX R,9925133.0,
EFIX R,9925133.0,9925207 76 898.6 582.9 1086
SSACC R,9925209.0,
ESACC R,9925209.0,9925239 32 897.4 584.1 951.6 578.9 1.48 207
SFIX R,9925241.0,
EFIX R,9925241.0,9925281 42 954.2 580.2 1080
SSACC R,9925283.0,
ESACC R,9925283.0,9925315 34 951.2 579.1 869.7 572.3 2.22 272
SFIX R,9925317.0,
EFIX R,9925317.0,9925351 36 867.6 569.7 1083
SSACC R,9925353.0,
ESACC R,9925353.0,9925383 32 864.2 568.2 928.2 565.6 1.74 254
SFIX R,9925385.0,
EFIX R,9925385.0,9925589 206 934.5 568.0 1073
SSACC R,9925591.0,
ESACC R,9925591.0,9925601 12 928.1 565.7 912.3 577.7 0.54 60
SFIX R,9925603.0,
EFIX R,9925603.0,9926137 536 912.5 572.7 979
SSACC R,9926139.0,
ESACC R,9926139.0,9926143 6 902.1 567.2 912.4 570.0 0.29 52
SFIX R,9926145.0,
EFIX R,9926145.0,9926231 88 917.2 570.7 895
SSACC R,9926233.0,
SBLINK R,9926257.0,
EBLINK R,9926257.0,9926381 126
ESACC R,9926233.0,9926421 190 922.2 570.5 923.3 565.9 0.13 682
SFIX R,9926423.0,
EFIX R,9926423.0,9929329 2908 897.1 555.1 853
SSACC R,9929331.0,
ESACC R,9929331.0,9929347 18 901.7 552.4 906.8 552.3 0.14 70
SFIX R,9929349.0,
EFIX R,9929349.0,9932451 3104 884.6 551.9 1051
SSACC R,9932453.0,
ESACC R,9932453.0,9932481 30 867.0 555.0 932.3 557.4 1.77 220
SFIX R,9932483.0,
EFIX R,9932483.0,9932567 86 934.8 559.5 1072
SSACC R,9932569.0,
ESACC R,9932569.0,9932599 32 935.7 559.2 886.7 567.2 1.35 210
SFIX R,9932601.0,
EFIX R,9932601.0,9932969 370 884.1 570.0 1164
SSACC R,9932971.0,
ESACC R,9932971.0,9932979 10 876.7 560.5 894.3 558.6 0.48 66
SFIX R,9932981.0,
EFIX R,9932981.0,9935037 2058 903.4 549.6 1280
SSACC R,9935039.0,
ESACC R,9935039.0,9935045 8 901.0 542.2 912.5 536.7 0.35 53
SFIX R,9935047.0,
EFIX R,9935047.0,9936875 1830 916.1 528.9 1514
SSACC R,9936877.0,
ESACC R,9936877.0,9936883 8 925.3 541.7 924.5 553.1 0.31 49
SFIX R,9936885.0,
EFIX R,9936885.0,9937477 594 933.9 549.1 1549
SSACC R,9937479.0,
ESACC R,9937479.0,9937497 20 941.8 540.4 921.3 540.7 0.56 74
SFIX R,9937499.0,
EFIX R,9937499.0,9937727 230 919.3 543.0 1536
SSACC R,9937729.0,
ESACC R,9937729.0,9937747 20 912.1 545.5 934.3 551.2 0.62 84
SFIX R,9937749.0,
EFIX R,9937749.0,9939279 1532 927.7 552.4 1379
SSACC R,9939281.0,
ESACC R,9939281.0,9939307 28 944.4 537.4 949.0 542.3 0.18 105
SFIX R,9939309.0,
EFIX R,9939309.0,9939943 636 955.3 528.9 1540
SSACC R,9939945.0,
ESACC R,9939945.0,9939965 22 955.0 525.6 970.8 531.5 0.46 88
SFIX R,9939967.0,
EFIX R,9939967.0,9940479 514 961.8 525.1 1562
SSACC R,9940481.0,
ESACC R,9940481.0,9940507 28 950.6 522.3 924.7 531.6 0.75 143
SFIX R,9940509.0,
EFIX R,9940509.0,9940567 60 921.1 530.1 1540
SSACC R,9940569.0,
ESACC R,9940569.0,9940601 34 918.4 531.6 987.0 531.6 1.86 273
SFIX R,9940603.0,
EFIX R,9940603.0,9940693 92 990.1 532.3 1512
SSACC R,9940695.0,
ESACC R,9940695.0,9940719 26 989.6 534.7 940.3 542.3 1.35 152
SFIX R,9940721.0,
EFIX R,9940721.0,9941583 864 936.4 527.9 1507
SSACC R,9941585.0,
ESACC R,9941585.0,9941607 24 933.3 520.4 928.9 510.2 0.30 87
SFIX R,9941609.0,
EFIX R,9941609.0,9941909 302 940.8 514.2 1485
SSACC R,9941911.0,
ESACC R,9941911.0,9941925 16 942.1 512.0 936.7 511.0 0.15 51
SFIX R,9941927.0,
EFIX R,9941927.0,9943121 1196 939.4 529.6 1468
SSACC R,9943123.0,
ESACC R,9943123.0,9943145 24 938.5 534.4 966.0 539.1 0.76 104
SFIX R,9943147.0,
EFIX R,9943147.0,9943267 122 959.6 538.9 1499
SSACC R,9943269.0,
ESACC R,9943269.0,9943293 26 958.1 537.3 945.4 534.7 0.35 100
SFIX R,9943295.0,
EFIX R,9943295.0,9943967 674 934.1 527.9 1496
SSACC R,9943969.0,
SBLINK R,9944105.0,
EBLINK R,9944105.0,9944167 64
ESACC R,9943969.0,9944229 262 934.5 523.6 927.9 523.7 0.18 984
SFIX R,9944231.0,
EFIX R,9944231.0,9944405 176 922.5 544.0 1443
SSACC R,9944407.0,
ESACC R,9944407.0,9944417 12 926.0 556.2 941.0 542.3 0.55 58
SFIX R,9944419.0,
EFIX R,9944419.0,9945697 1280 919.0 561.9 1095
SSACC R,9945699.0,
ESACC R,9945699.0,9945719 22 916.2 532.9 944.5 538.8 0.78 96
SFIX R,9945721.0,
EFIX R,9945721.0,9945871 152 936.2 534.8 1245
SSACC R,9945873.0,
ESACC R,9945873.0,9945893 22 934.0 532.9 912.2 532.5 0.59 76
SFIX R,9945895.0,
EFIX R,9945895.0,9946237 344 915.8 526.1 1309
SSACC R,9946239.0,
SBLINK R,9946263.0,
EBLINK R,9946263.0,9946347 86
ESACC R,9946239.0,9946427 190 916.6 519.4 934.1 501.5 0.68 1763
SFIX R,9946429.0,
EFIX R,9946429.0,9949299 2872 922.2 532.6 1372
SSACC R,9949301.0,
ESACC R,9949301.0,9949327 28 917.7 523.0 938.8 529.9 0.60 125
SFIX R,9949329.0,
EFIX R,9949329.0,9949455 128 936.6 529.7 1438
SSACC R,9949457.0,
ESACC R,9949457.0,9949487 32 936.2 532.2 913.6 529.0 0.62 134
SFIX R,9949489.0,
EFIX R,9949489.0,9949519 32 905.5 531.5 1452
SSACC R,9949521.0,
ESACC R,9949521.0,9949551 32 903.1 530.8 952.2 532.3 1.33 228
SFIX R,9949553.0,
EFIX R,9949553.0,9949655 104 956.5 531.6 1483
SSACC R,9949657.0,
ESACC R,9949657.0,9949675 20 955.8 526.9 918.1 529.7 1.02 115
SFIX R,9949677.0,
EFIX R,9949677.0,9949733 58 929.6 531.8 1512
SSACC R,9949735.0,
SBLINK R,9949765.0,
EBLINK R,9949765.0,9949845 82
ESACC R,9949735.0,9949907 174 932.1 526.5 936.4 513.5 0.37 1806
SFIX R,9949909.0,
EFIX R,9949909.0,9950215 308 927.1 514.0 1578
SSACC R,9950217.0,
ESACC R,9950217.0,9950233 18 921.7 525.6 913.3 522.8 0.24 62
SFIX R,9950235.0,
EFIX R,9950235.0,9951833 1600 915.7 520.9 1512
SSACC R,9951835.0,
ESACC R,9951835.0,9951861 28 927.6 503.8 949.6 503.6 0.60 127
SFIX R,9951863.0,
EFIX R,9951863.0,9951967 106 956.5 505.6 1690
SSACC R,9951969.0,
ESACC R,9951969.0,9951989 22 959.0 504.0 934.3 509.5 0.69 101
SFIX R,9951991.0,
EFIX R,9951991.0,9952285 296 923.9 510.2 1711
SSACC R,9952287.0,
SBLINK R,9952317.0,
EBLINK R,9952317.0,9952347 32
ESACC R,9952287.0,9952445 160 911.2 507.2 899.9 497.1 0.41 1782
SFIX R,9952447.0,
EFIX R,9952447.0,9952661 216 898.8 507.6 1512
SSACC R,9952663.0,
ESACC R,9952663.0,9952681 20 900.0 520.6 921.5 523.7 0.59 88
SFIX R,9952683.0,
EFIX R,9952683.0,9952979 298 917.8 528.1 1533
SSACC R,9952981.0,
ESACC R,9952981.0,9952999 20 907.3 534.7 900.8 534.3 0.18 74
SFIX R,9953001.0,
EFIX R,9953001.0,9954897 1898 917.3 521.5 1616
SSACC R,9954899.0,
ESACC R,9954899.0,9954923 26 927.7 510.8 932.2 511.2 0.12 96
SFIX R,9954925.0,
EFIX R,9954925.0,9955227 304 922.4 513.4 1636
SSACC R,9955229.0,
SBLINK R,9955255.0,
EBLINK R,9955255.0,9955339 86
ESACC R,9955229.0,9955417 190 922.2 507.6 959.4 467.1 1.49 1940
SFIX R,9955419.0,
EFIX R,9955419.0,9955631 214 958.3 475.8 1597
SSACC R,9955633.0,
ESACC R,9955633.0,9955651 20 950.6 498.3 932.3 513.5 0.64 84
SFIX R,9955653.0,
EFIX R,9955653.0,9955941 290 934.1 526.4 1454
SSACC R,9955943.0,
ESACC R,9955943.0,9955957 16 930.2 546.6 923.9 550.7 0.20 64
SFIX R,9955959.0,
EFIX R,9955959.0,9957289 1332 925.1 537.6 1332
SSACC R,9957291.0,
ESACC R,9957291.0,9957313 24 942.8 523.8 983.8 526.3 1.11 139
SFIX R,9957315.0,
EFIX R,9957315.0,9957453 140 976.4 525.1 1472
SSACC R,9957455.0,
ESACC R,9957455.0,9957475 22 974.1 520.4 931.9 518.1 1.15 123
SFIX R,9957477.0,
EFIX R,9957477.0,9960617 3142 923.8 518.7 1574
SSACC R,9960619.0,
ESACC R,9960619.0,9960635 18 935.5 506.0 944.0 502.0 0.25 53
SFIX R,9960637.0,
EFIX R,9960637.0,9960849 214 940.0 503.1 1661
SSACC R,9960851.0,
ESACC R,9960851.0,9960865 16 937.6 506.0 925.7 512.2 0.36 61
SFIX R,9960867.0,
EFIX R,9960867.0,9961903 1038 938.1 498.6 1701
SSACC R,9961905.0,
ESACC R,9961905.0,9961915 12 944.5 499.8 966.1 501.4 0.59 66
SFIX R,9961917.0,
EFIX R,9961917.0,9962171 256 955.5 500.7 1735
SSACC R,9962173.0,
ESACC R,9962173.0,9962191 20 956.2 503.6 941.2 504.3 0.41 72
SFIX R,9962193.0,
EFIX R,9962193.0,9962377 186 943.7 507.5 1714
SSACC R,9962379.0,
SBLINK R,9962405.0,
EBLINK R,9962405.0,9962479 76
ESACC R,9962379.0,9962551 174 940.6 505.3 946.9 486.3 0.54 2124
SFIX R,9962553.0,
EFIX R,9962553.0,9963243 692 937.3 521.4 1544
SSACC R,9963245.0,
ESACC R,9963245.0,9963259 16 922.6 551.7 918.8 551.1 0.10 50
SFIX R,9963261.0,
EFIX R,9963261.0,9965721 2462 915.5 526.6 1497
SSACC R,9965723.0,
ESACC R,9965723.0,9965751 30 910.2 536.2 937.1 538.6 0.73 150
SFIX R,9965753.0,
EFIX R,9965753.0,9965883 132 939.4 536.6 1530
SSACC R,9965885.0,
ESACC R,9965885.0,9965901 18 940.3 534.1 921.7 537.9 0.51 73
SFIX R,9965903.0,
EFIX R,9965903.0,9965995 94 923.2 530.5 1532
SSACC R,9965997.0,
SBLINK R,9966037.0,
EBLINK R,9966037.0,9966079 44
ESACC R,9965997.0,9966153 158 924.3 519.0 919.0 498.7 0.57 1673
SFIX R,9966155.0,
EFIX R,9966155.0,9968655 2502 913.2 521.8 1476
SSACC R,9968657.0,
ESACC R,9968657.0,9968679 24 906.7 507.0 937.4 510.3 0.84 126
SFIX R,9968681.0,
EFIX R,9968681.0,9968863 184 930.3 513.1 1517
SSACC R,9968865.0,
ESACC R,9968865.0,9968885 22 929.8 516.4 914.0 523.6 0.47 77
SFIX R,9968887.0,
EFIX R,9968887.0,9970767 1882 915.4 534.8 1570
SSACC R,9970769.0,
ESACC R,9970769.0,9970793 26 921.6 532.4 905.9 529.8 0.43 108
SFIX R,9970795.0,
EFIX R,9970795.0,9970865 72 898.7 529.5 1618
SSACC R,9970867.0,
ESACC R,9970867.0,9970899 34 895.2 530.2 945.3 531.0 1.36 236
SFIX R,9970901.0,
EFIX R,9970901.0,9970999 100 951.9 530.7 1615
SSACC R,9971001.0,
ESACC R,9971001.0,9971021 22 953.2 531.1 907.7 535.9 1.24 125
SFIX R,9971023.0,
EFIX R,9971023.0,9971345 324 915.5 532.6 1612
SSACC R,9971347.0,
SBLINK R,9971373.0,
EBLINK R,9971373.0,9971433 62
ESACC R,9971347.0,9971511 166 924.2 525.5 929.1 515.3 0.31 1930
SFIX R,9971513.0,
EFIX R,9971513.0,9971657 146 924.4 526.9 1614
SSACC R,9971659.0,
ESACC R,9971659.0,9971675 18 921.1 551.2 915.8 542.0 0.29 61
SFIX R,9971677.0,
EFIX R,9971677.0,9976079 4404 893.4 552.0 1461
SSACC R,9976081.0,
ESACC R,9976081.0,9976095 16 894.2 545.4 897.0 536.0 0.27 50
SFIX R,9976097.0,
EFIX R,9976097.0,9976981 886 888.9 541.5 1517
SSACC R,9976983.0,
ESACC R,9976983.0,9977007 26 890.2 549.5 795.9 581.4 2.69 230
SFIX R,9977009.0,
EFIX R,9977009.0,9977147 140 807.9 581.0 1456
SSACC R,9977149.0,
ESACC R,9977149.0,9977179 32 806.3 579.5 873.6 572.7 1.83 217
SFIX R,9977181.0,
EFIX R,9977181.0,9977397 218 875.3 571.9 1416
SSACC R,9977399.0,
ESACC R,9977399.0,9977417 20 874.5 570.3 904.6 553.2 0.94 101
SFIX R,9977419.0,
EFIX R,9977419.0,9978319 902 895.7 545.0 1228
SSACC R,9978321.0,
ESACC R,9978321.0,9978337 18 896.3 545.3 887.5 546.2 0.24 60
SFIX R,9978339.0,
EFIX R,9978339.0,9978443 106 886.7 540.5 1120
SSACC R,9978445.0,
SBLINK R,9978471.0,
EBLINK R,9978471.0,9978557 88
ESACC R,9978445.0,9978621 178 893.9 529.0 910.2 500.7 0.89 1512
SFIX R,9978623.0,
EFIX R,9978623.0,9978993 372 907.8 537.4 1127
SSACC R,9978995.0,
ESACC R,9978995.0,9979011 18 902.4 552.6 879.0 553.0 0.63 81
SFIX R,9979013.0,
EFIX R,9979013.0,9979487 476 876.6 548.2 999
SSACC R,9979489.0,
ESACC R,9979489.0,9979501 14 879.0 548.6 903.4 554.8 0.68 71
SFIX R,9979503.0,
EFIX R,9979503.0,9984547 5046 903.6 532.3 1239
SSACC R,9984549.0,
ESACC R,9984549.0,9984575 28 906.1 522.1 915.5 527.3 0.29 96
SFIX R,9984577.0,
EFIX R,9984577.0,9985163 588 921.1 534.1 1225
SSACC R,9985165.0,
SBLINK R,9985193.0,
EBLINK R,9985193.0,9985271 80
ESACC R,9985165.0,9985325 162 920.8 524.1 935.2 523.5 0.39 1676
SFIX R,9985327.0,
EFIX R,9985327.0,9985423 98 933.5 549.0 1295
SSACC R,9985425.0,
ESACC R,9985425.0,9985441 18 932.6 568.0 898.9 548.6 1.05 92
SFIX R,9985443.0,
EFIX R,9985443.0,9985601 160 904.6 553.7 1232
SSACC R,9985603.0,
ESACC R,9985603.0,9985623 22 898.7 553.7 925.5 550.5 0.73 110
SFIX R,9985625.0,
EFIX R,9985625.0,9986033 410 906.4 554.3 949
SSACC R,9986035.0,
ESACC R,9986035.0,9986049 16 894.5 559.5 887.4 562.6 0.21 56
SFIX R,9986051.0,
EFIX R,9986051.0,9986479 430 877.1 561.4 788
SSACC R,9986481.0,
ESACC R,9986481.0,9986513 34 867.1 562.4 876.4 564.0 0.26 121
SFIX R,9986515.0,
EFIX R,9986515.0,9986715 202 890.1 541.9 844
SSACC R,9986717.0,
ESACC R,9986717.0,9986733 18 896.0 550.1 885.3 558.3 0.37 62
SFIX R,9986735.0,
EFIX R,9986735.0,9986879 146 889.9 561.3 942
SSACC R,9986881.0,
ESACC R,9986881.0,9986897 18 889.8 564.0 927.1 545.5 1.13 108
SFIX R,9986899.0,
EFIX R,9986899.0,9987343 446 926.6 532.3 1074
SSACC R,9987345.0,
ESACC R,9987345.0,9987365 22 933.7 527.1 906.1 523.3 0.76 98
SFIX R,9987367.0,
EFIX R,9987367.0,9987651 286 909.4 529.5 1171
SSACC R,9987653.0,
ESACC R,9987653.0,9987673 22 905.8 530.0 942.7 533.1 1.00 111
SFIX R,9987675.0,
EFIX R,9987675.0,9987803 130 933.7 534.0 1197
SSACC R,9987805.0,
ESACC R,9987805.0,9987827 24 936.0 535.2 887.1 527.7 1.34 131
SFIX R,9987829.0,
EFIX R,9987829.0,9988163 336 900.5 527.6 1264
SSACC R,9988165.0,
ESACC R,9988165.0,9988187 24 897.0 526.6 930.5 539.9 0.98 111
SFIX R,9988189.0,
EFIX R,9988189.0,9988317 130 921.1 531.9 1313
SSACC R,9988319.0,
ESACC R,9988319.0,9988337 20 922.1 532.7 900.0 529.6 0.60 88
SFIX R,9988339.0,
EFIX R,9988339.0,9988401 64 905.8 526.5 1316
SSACC R,9988403.0,
ESACC R,9988403.0,9988427 26 904.2 527.6 929.1 521.5 0.69 125
SFIX R,9988429.0,
EFIX R,9988429.0,9988637 210 931.6 520.2 1287
SSACC R,9988639.0,
ESACC R,9988639.0,9988657 20 929.8 515.6 900.4 523.2 0.82 88
SFIX R,9988659.0,
EFIX R,9988659.0,9989045 388 906.3 519.6 1320
SSACC R,9989047.0,
ESACC R,9989047.0,9989055 10 885.3 520.8 898.2 524.1 0.36 50
SFIX R,9989057.0,
EFIX R,9989057.0,9989431 376 898.8 526.9 1345
SSACC R,9989433.0,
ESACC R,9989433.0,9989451 20 896.6 535.1 884.8 532.5 0.33 77
SFIX R,9989453.0,
EFIX R,9989453.0,9989667 216 887.8 538.1 1335
SSACC R,9989669.0,
ESACC R,9989669.0,9989683 16 890.9 546.6 907.5 543.6 0.46 61
SFIX R,9989685.0,
EFIX R,9989685.0,9990237 554 891.4 546.1 1332
SSACC R,9990239.0,
ESACC R,9990239.0,9990275 38 895.7 524.5 889.9 541.4 0.48 94
SFIX R,9990277.0,
EFIX R,9990277.0,9990425 150 896.7 539.6 1379
SSACC R,9990427.0,
SBLINK R,9990455.0,
EBLINK R,9990455.0,9990517 64
ESACC R,9990427.0,9990583 158 908.2 538.3 926.1 506.9 0.98 1784
SFIX R,9990585.0,
EFIX R,9990585.0,9990933 350 916.9 535.7 1359
SSACC R,9990935.0,
SBLINK R,9990959.0,
EBLINK R,9990959.0,9991077 120
ESACC R,9990935.0,9991131 198 909.7 541.1 910.8 504.2 1.00 1435
SFIX R,9991133.0,
EFIX R,9991133.0,9992357 1226 891.4 525.3 1159
SSACC R,9992359.0,
ESACC R,9992359.0,9992377 20 898.6 519.8 920.3 534.0 0.70 79
SFIX R,9992379.0,
EFIX R,9992379.0,9992505 128 913.3 526.4 1274
SSACC R,9992507.0,
ESACC R,9992507.0,9992533 28 912.6 524.6 896.7 512.5 0.54 112
SFIX R,9992535.0,
EFIX R,9992535.0,9992557 24 892.3 516.2 1311
SSACC R,9992559.0,
ESACC R,9992559.0,9992587 30 893.1 515.5 935.9 516.1 1.16 180
SFIX R,9992589.0,
EFIX R,9992589.0,9992697 110 939.7 514.2 1341
SSACC R,9992699.0,
ESACC R,9992699.0,9992719 22 941.1 514.6 906.3 518.5 0.95 116
SFIX R,9992721.0,
EFIX R,9992721.0,9993763 1044 904.9 528.4 1443
SSACC R,9993765.0,
ESACC R,9993765.0,9993785 22 879.7 533.0 917.7 524.7 1.05 117
SFIX R,9993787.0,
EFIX R,9993787.0,9993933 148 905.8 527.1 1446
SSACC R,9993935.0,
ESACC R,9993935.0,9993953 20 908.9 521.3 880.7 529.0 0.79 76
SFIX R,9993955.0,
EFIX R,9993955.0,9994617 664 891.4 526.2 1458
SSACC R,9994619.0,
ESACC R,9994619.0,9994647 30 887.7 519.6 932.1 526.3 1.22 201
SFIX R,9994649.0,
EFIX R,9994649.0,9994755 108 934.6 522.3 1477
SSACC R,9994757.0,
ESACC R,9994757.0,9994785 30 937.7 519.8 906.4 520.2 0.85 136
SFIX R,9994787.0,
EFIX R,9994787.0,9996409 1624 916.1 517.7 1522
SSACC R,9996411.0,
ESACC R,9996411.0,9996429 20 932.7 523.0 942.6 516.1 0.33 56
SFIX R,9996431.0,
EFIX R,9996431.0,9996599 170 938.3 515.2 1545
SSACC R,9996601.0,
ESACC R,9996601.0,9996617 18 936.1 513.3 932.9 515.2 0.10 61
SFIX R,9996619.0,
EFIX R,9996619.0,9997107 490 929.7 516.7 1562
SSACC R,9997109.0,
ESACC R,9997109.0,9997125 18 941.7 523.2 956.0 520.0 0.40 76
SFIX R,9997127.0,
EFIX R,9997127.0,9997977 852 936.5 514.1 1596
SSACC R,9997979.0,
ESACC R,9997979.0,9998003 26 930.8 511.4 910.4 514.0 0.56 103
SFIX R,9998005.0,
EFIX R,9998005.0,9998243 240 905.8 511.3 1652
SSACC R,9998245.0,
ESACC R,9998245.0,9998263 20 908.6 512.1 933.1 511.4 0.66 99
SFIX R,9998265.0,
EFIX R,9998265.0,9998699 436 929.7 504.5 1648
SSACC R,9998701.0,
ESACC R,9998701.0,9998759 60 928.4 504.1 936.9 504.9 0.23 110
SFIX R,9998761.0,
EFIX R,9998761.0,9998875 116 930.2 505.4 1650
SSACC R,9998877.0,
ESACC R,9998877.0,9998897 22 932.5 503.3 910.6 505.0 0.60 89
SFIX R,9998899.0,
EFIX R,9998899.0,9999849 952 912.0 505.3 1614
SSACC R,9999851.0,
ESACC R,9999851.0,9999869 20 912.9 508.5 937.7 507.3 0.67 97
SFIX R,9999871.0,
EFIX R,9999871.0,10001403 1534 921.2 500.0 1551
SSACC R,10001405.0,
SBLINK R,10001435.0,
EBLINK R,10001435.0,10001489 56
ESACC R,10001405.0,10001567 164 924.6 491.8 936.4 467.6 0.73 1958
SFIX R,10001569.0,
EFIX R,10001569.0,10001931 364 933.3 487.5 1558
SSACC R,10001933.0,
ESACC R,10001933.0,10001951 20 936.5 513.3 912.2 519.5 0.68 82
SFIX R,10001953.0,
EFIX R,10001953.0,10005595 3644 915.7 506.4 1508
SSACC R,10005597.0,
ESACC R,10005597.0,10005621 26 925.4 491.4 934.3 487.2 0.27 91
SFIX R,10005623.0,
EFIX R,10005623.0,10005975 354 941.0 490.7 1653
SSACC R,10005977.0,
ESACC R,10005977.0,10005995 20 937.5 492.1 936.1 497.2 0.14 73
SFIX R,10005997.0,
EFIX R,10005997.0,10010397 4402 921.0 502.4 1597
SSACC R,10010399.0,
ESACC R,10010399.0,10010429 32 919.3 519.0 947.1 503.7 0.86 158
SFIX R,10010431.0,
EFIX R,10010431.0,10010551 122 953.8 505.2 1526
SSACC R,10010553.0,
ESACC R,10010553.0,10010573 22 953.4 504.3 924.9 512.3 0.80 110
SFIX R,10010575.0,
EFIX R,10010575.0,10010771 198 932.4 505.2 1539
SSACC R,10010773.0,
ESACC R,10010773.0,10010793 22 937.5 505.2 907.3 513.8 0.85 113
SFIX R,10010795.0,
EFIX R,10010795.0,10011071 278 910.6 520.0 1494
SSACC R,10011073.0,
SBLINK R,10011103.0,
EBLINK R,10011103.0,10011151 50
ESACC R,10011073.0,10011221 150 915.5 526.2 946.7 510.2 0.95 2044
SFIX R,10011223.0,
EFIX R,10011223.0,10011513 292 934.1 516.4 1410
SSACC R,10011515.0,
ESACC R,10011515.0,10011535 22 924.7 530.4 896.3 534.2 0.78 101
SFIX R,10011537.0,
EFIX R,10011537.0,10011833 298 901.6 532.8 1338
SSACC R,10011835.0,
ESACC R,10011835.0,10011839 6 901.6 532.5 911.7 531.8 0.27 58
SFIX R,10011841.0,
EFIX R,10011841.0,10013639 1800 916.9 527.4 1477
SSACC R,10013641.0,
ESACC R,10013641.0,10013673 34 930.4 541.0 893.2 536.4 1.02 215
SFIX R,10013675.0,
EFIX R,10013675.0,10013997 324 875.7 532.6 1617
SSACC R,10013999.0,
ESACC R,10013999.0,10014031 34 870.7 533.2 953.3 539.4 2.24 314
SFIX R,10014033.0,
EFIX R,10014033.0,10014153 122 955.9 538.2 1565
SSACC R,10014155.0,
ESACC R,10014155.0,10014177 24 952.1 535.2 917.8 538.0 0.93 140
SFIX R,10014179.0,
EFIX R,10014179.0,10014371 194 920.6 531.0 1562
SSACC R,10014373.0,
ESACC R,10014373.0,10014381 10 927.1 524.0 935.5 512.2 0.39 50
SFIX R,10014383.0,
EFIX R,10014383.0,10016975 2594 924.3 508.0 1610
SSACC R,10016977.0,
ESACC R,10016977.0,10016999 24 917.9 517.2 923.8 511.8 0.22 75
SFIX R,10017001.0,
EFIX R,10017001.0,10018737 1738 908.8 504.4 1676
SSACC R,10018739.0,
ESACC R,10018739.0,10018757 20 887.3 502.4 905.9 500.8 0.51 64
SFIX R,10018759.0,
EFIX R,10018759.0,10019509 752 892.2 519.6 1526
SSACC R,10019511.0,
ESACC R,10019511.0,10019525 16 893.2 517.6 886.5 521.6 0.21 60
SFIX R,10019527.0,
EFIX R,10019527.0,10019885 360 900.6 527.4 1456
SSACC R,10019887.0,
SBLINK R,10019911.0,
EBLINK R,10019911.0,10020011 102
ESACC R,10019887.0,10020093 208 908.3 517.4 930.8 495.6 0.85 1749
SFIX R,10020095.0,
EFIX R,10020095.0,10021621 1528 924.2 508.8 1499
SSACC R,10021623.0,
ESACC R,10021623.0,10021653 32 923.8 501.3 978.3 499.2 1.48 230
SFIX R,10021655.0,
EFIX R,10021655.0,10021739 86 980.4 500.2 1571
SSACC R,10021741.0,
ESACC R,10021741.0,10021771 32 982.1 498.9 938.7 505.1 1.19 202
SFIX R,10021773.0,
EFIX R,10021773.0,10024985 3214 928.4 516.8 1606
SSACC R,10024987.0,
ESACC R,10024987.0,10025017 32 923.6 521.2 975.3 524.2 1.40 192
SFIX R,10025019.0,
EFIX R,10025019.0,10025125 108 975.4 525.2 1568
SSACC R,10025127.0,
ESACC R,10025127.0,10025149 24 974.4 527.4 924.5 534.1 1.36 142
SFIX R,10025151.0,
EFIX R,10025151.0,10025711 562 933.3 532.3 1530
SSACC R,10025713.0,
ESACC R,10025713.0,10025729 18 935.5 529.5 920.6 535.8 0.44 79
SFIX R,10025731.0,
EFIX R,10025731.0,10026429 700 923.6 519.4 1507
SSACC R,10026431.0,
ESACC R,10026431.0,10026435 6 919.1 517.2 926.4 518.9 0.20 53
SFIX R,10026437.0,
EFIX R,10026437.0,10026875 440 923.8 514.6 1573
SSACC R,10026877.0,
ESACC R,10026877.0,10026881 6 910.3 514.7 920.5 516.4 0.28 57
SFIX R,10026883.0,
EFIX R,10026883.0,10027389 508 920.5 516.2 1563
SSACC R,10027391.0,
ESACC R,10027391.0,10027395 6 909.4 515.3 921.1 516.2 0.32 54
SFIX R,10027397.0,
EFIX R,10027397.0,10027757 362 916.9 513.0 1591
SSACC R,10027759.0,
ESACC R,10027759.0,10027771 14 901.1 510.0 918.0 507.2 0.46 64
SFIX R,10027773.0,
EFIX R,10027773.0,10028693 922 914.2 513.8 1563
SSACC R,10028695.0,
ESACC R,10028695.0,10028709 16 921.3 520.6 932.0 518.0 0.30 59
SFIX R,10028711.0,
EFIX R,10028711.0,10030075 1366 925.1 513.5 1565
SSACC R,10030077.0,
ESACC R,10030077.0,10030095 20 937.1 498.6 941.4 510.6 0.35 58
SFIX R,10030097.0,
EFIX R,10030097.0,10032293 2198 924.6 510.1 1621
SSACC R,10032295.0,
ESACC R,10032295.0,10032317 24 919.2 512.1 937.6 516.3 0.51 85
SFIX R,10032319.0,
EFIX R,10032319.0,10032515 198 934.0 520.6 1543
SSACC R,10032517.0,
ESACC R,10032517.0,10032533 18 929.8 521.4 914.5 521.6 0.41 74
SFIX R,10032535.0,
EFIX R,10032535.0,10032975 442 914.5 518.4 1538
SSACC R,10032977.0,
ESACC R,10032977.0,10032987 12 910.2 511.6 930.4 509.1 0.55 62
SFIX R,10032989.0,
EFIX R,10032989.0,10033553 566 926.7 517.5 1544
SSACC R,10033555.0,
ESACC R,10033555.0,10033575 22 926.5 528.3 928.7 528.2 0.06 73
SFIX R,10033577.0,
EFIX R,10033577.0,10033851 276 916.9 532.8 1511
SSACC R,10033853.0,
SBLINK R,10033883.0,
EBLINK R,10033883.0,10033911 30
ESACC R,10033853.0,10033967 116 914.9 540.3 908.4 516.1 0.68 1636
SFIX R,10033969.0,
EFIX R,10033969.0,10034327 360 898.8 526.3 1458
SSACC R,10034329.0,
ESACC R,10034329.0,10034335 8 887.0 538.1 888.8 551.7 0.37 50
SFIX R,10034337.0,
EFIX R,10034337.0,10034487 152 890.8 552.4 1372
SSACC R,10034489.0,
SBLINK R,10034513.0,
EBLINK R,10034513.0,10034595 84
ESACC R,10034489.0,10034639 152 892.0 560.9 911.6 533.2 0.92 1845
SFIX R,10034641.0,
EFIX R,10034641.0,10034827 188 903.1 535.5 1273
SSACC R,10034829.0,
ESACC R,10034829.0,10034839 12 900.9 533.7 901.5 556.5 0.62 68
SFIX R,10034841.0,
EFIX R,10034841.0,10035981 1142 898.1 540.4 1297
SSACC R,10035983.0,
ESACC R,10035983.0,10036013 32 902.2 527.5 976.5 543.2 2.06 287
SFIX R,10036015.0,
EFIX R,10036015.0,10036121 108 980.5 540.2 1445
SSACC R,10036123.0,
ESACC R,10036123.0,10036147 26 981.6 541.0 910.1 535.7 1.94 192
SFIX R,10036149.0,
EFIX R,10036149.0,10036635 488 919.1 533.8 1491
SSACC R,10036637.0,
ESACC R,10036637.0,10036655 20 901.5 532.5 906.3 534.7 0.14 66
SFIX R,10036657.0,
EFIX R,10036657.0,10037305 650 898.2 536.9 1453
SSACC R,10037307.0,
ESACC R,10037307.0,10037315 10 893.7 544.3 910.4 547.4 0.46 59
SFIX R,10037317.0,
EFIX R,10037317.0,10037651 336 904.0 545.2 1393
SSACC R,10037653.0,
ESACC R,10037653.0,10037671 20 904.3 542.1 879.1 540.6 0.68 89
SFIX R,10037673.0,
EFIX R,10037673.0,10037765 94 888.7 536.8 1393
SSACC R,10037767.0,
ESACC R,10037767.0,10037795 30 889.4 535.0 923.9 539.9 0.94 145
SFIX R,10037797.0,
EFIX R,10037797.0,10037939 144 927.3 535.1 1422
SSACC R,10037941.0,
ESACC R,10037941.0,10037959 20 928.3 527.1 909.9 532.3 0.52 77
SFIX R,10037961.0,
EFIX R,10037961.0,10038829 870 909.0 525.3 1497
SSACC R,10038831.0,
ESACC R,10038831.0,10038851 22 906.1 527.0 926.0 526.3 0.54 92
SFIX R,10038853.0,
EFIX R,10038853.0,10039561 710 915.4 532.3 1524
SSACC R,10039563.0,
ESACC R,10039563.0,10039637 76 910.0 538.0 917.0 536.1 0.20 162
SFIX R,10039639.0,
EFIX R,10039639.0,10039767 130 918.4 535.2 1547
SSACC R,10039769.0,
ESACC R,10039769.0,10039787 20 916.6 532.1 888.2 536.6 0.78 95
SFIX R,10039789.0,
EFIX R,10039789.0,10040733 946 903.1 525.8 1579
SSACC R,10040735.0,
ESACC R,10040735.0,10040755 22 902.3 528.1 890.0 519.4 0.41 83
SFIX R,10040757.0,
EFIX R,10040757.0,10041031 276 895.6 521.0 1594
SSACC R,10041033.0,
ESACC R,10041033.0,10041063 32 892.5 517.6 928.9 522.4 0.99 142
SFIX R,10041065.0,
EFIX R,10041065.0,10041173 110 930.6 523.0 1606
SSACC R,10041175.0,
ESACC R,10041175.0,10041201 28 928.1 525.2 902.5 529.0 0.70 138
SFIX R,10041203.0,
EFIX R,10041203.0,10042177 976 899.0 528.6 1585
SSACC R,10042179.0,
ESACC R,10042179.0,10042211 34 902.5 519.4 1027.1 525.8 3.38 326
SFIX R,10042213.0,
EFIX R,10042213.0,10042319 108 1023.4 524.6 1611
SSACC R,10042321.0,
ESACC R,10042321.0,10042351 32 1022.5 523.4 946.6 510.8 2.09 221
SFIX R,10042353.0,
EFIX R,10042353.0,10042537 186 940.7 516.6 1593
SSACC R,10042539.0,
ESACC R,10042539.0,10042547 10 937.1 528.2 917.6 524.3 0.54 62
SFIX R,10042549.0,
EFIX R,10042549.0,10042817 270 916.8 539.6 1411
SSACC R,10042819.0,
ESACC R,10042819.0,10042835 18 908.3 552.5 888.7 549.6 0.54 66
SFIX R,10042837.0,
EFIX R,10042837.0,10043835 1000 890.7 543.2 1185
SSACC R,10043837.0,
SBLINK R,10043863.0,
EBLINK R,10043863.0,10043937 76
ESACC R,10043837.0,10044001 166 890.4 526.5 906.3 498.3 0.88 1704
SFIX R,10044003.0,
EFIX R,10044003.0,10045257 1256 898.3 530.8 1296
SSACC R,10045259.0,
ESACC R,10045259.0,10045265 8 909.8 523.5 923.1 527.9 0.38 52
SFIX R,10045267.0,
EFIX R,10045267.0,10046571 1306 924.0 508.0 1633
SSACC R,10046573.0,
ESACC R,10046573.0,10046593 22 922.2 503.4 933.2 501.1 0.30 80
SFIX R,10046595.0,
EFIX R,10046595.0,10047023 430 925.2 491.7 1764
SSACC R,10047025.0,
ESACC R,10047025.0,10047053 30 931.9 480.5 953.7 489.7 0.64 140
SFIX R,10047055.0,
EFIX R,10047055.0,10047161 108 961.2 485.5 1805
SSACC R,10047163.0,
ESACC R,10047163.0,10047185 24 961.4 485.7 937.5 490.2 0.66 99
SFIX R,10047187.0,
EFIX R,10047187.0,10047481 296 933.7 486.3 1823
SSACC R,10047483.0,
ESACC R,10047483.0,10047507 26 935.2 488.7 939.0 482.7 0.19 82
SFIX R,10047509.0,
EFIX R,10047509.0,10047949 442 943.5 486.3 1796
SSACC R,10047951.0,
ESACC R,10047951.0,10047969 20 937.8 490.3 918.4 493.0 0.53 84
SFIX R,10047971.0,
EFIX R,10047971.0,10048295 326 921.0 490.9 1788
SSACC R,10048297.0,
ESACC R,10048297.0,10048305 10 926.3 498.5 944.0 493.6 0.50 62
SFIX R,10048307.0,
EFIX R,10048307.0,10048785 480 928.0 497.1 1771
SSACC R,10048787.0,
ESACC R,10048787.0,10048809 24 923.8 491.0 933.2 484.1 0.32 85
SFIX R,10048811.0,
EFIX R,10048811.0,10049437 628 943.0 484.3 1815
SSACC R,10049439.0,
ESACC R,10049439.0,10049465 28 954.6 476.4 948.8 470.6 0.22 94
SFIX R,10049467.0,
EFIX R,10049467.0,10050079 614 943.6 467.9 1876
SSACC R,10050081.0,
ESACC R,10050081.0,10050099 20 947.5 474.1 974.1 473.0 0.72 88
SFIX R,10050101.0,
EFIX R,10050101.0,10050585 486 958.8 470.9 1843
SSACC R,10050587.0,
ESACC R,10050587.0,10050605 20 950.6 471.0 950.7 471.5 0.01 69
SFIX R,10050607.0,
EFIX R,10050607.0,10051701 1096 936.9 471.6 1812
SSACC R,10051703.0,
SBLINK R,10051731.0,
EBLINK R,10051731.0,10051931 202
ESACC R,10051703.0,10051993 292 935.8 458.2 961.9 458.6 0.71 1880
SFIX R,10051995.0,
EFIX R,10051995.0,10052247 254 951.6 479.0 1754
SSACC R,10052249.0,
ESACC R,10052249.0,10052267 20 947.3 485.5 936.6 476.8 0.37 79
SFIX R,10052269.0,
EFIX R,10052269.0,10052547 280 931.3 486.2 1690
SSACC R,10052549.0,
ESACC R,10052549.0,10052563 16 931.5 502.4 942.1 505.4 0.30 51
SFIX R,10052565.0,
EFIX R,10052565.0,10053229 666 931.5 502.5 1541
SSACC R,10053231.0,
ESACC R,10053231.0,10053241 12 934.8 497.2 952.7 498.5 0.49 55
SFIX R,10053243.0,
EFIX R,10053243.0,10053513 272 940.8 497.6 1631
SSACC R,10053515.0,
ESACC R,10053515.0,10053539 26 937.6 495.3 929.4 502.7 0.30 86
SFIX R,10053541.0,
EFIX R,10053541.0,10053821 282 926.4 495.8 1690
SSACC R,10053823.0,
ESACC R,10053823.0,10053839 18 931.5 499.9 953.1 510.2 0.65 73
SFIX R,10053841.0,
EFIX R,10053841.0,10054033 194 951.0 510.6 1720
SSACC R,10054035.0,
ESACC R,10054035.0,10054053 20 954.5 512.0 933.4 508.6 0.58 69
SFIX R,10054055.0,
EFIX R,10054055.0,10057949 3896 910.6 542.4 1287
SSACC R,10057951.0,
ESACC R,10057951.0,10057981 32 895.3 529.0 892.5 533.2 0.14 106
SFIX R,10057983.0,
EFIX R,10057983.0,10058237 256 898.0 528.1 1166
SSACC R,10058239.0,
ESACC R,10058239.0,10058259 22 902.4 529.2 934.8 536.5 0.90 115
SFIX R,10058261.0,
EFIX R,10058261.0,10058401 142 928.7 538.3 1182
SSACC R,10058403.0,
ESACC R,10058403.0,10058419 18 931.3 543.2 886.0 537.4 1.24 108
SFIX R,10058421.0,
EFIX R,10058421.0,10058767 348 892.3 536.4 1200
SSACC R,10058769.0,
ESACC R,10058769.0,10058793 26 888.4 536.8 903.4 545.7 0.47 98
SFIX R,10058795.0,
EFIX R,10058795.0,10058981 188 903.2 540.8 1205
SSACC R,10058983.0,
ESACC R,10058983.0,10059001 20 900.9 537.8 877.6 543.9 0.65 81
SFIX R,10059003.0,
EFIX R,10059003.0,10061429 2428 897.3 522.9 1380
SSACC R,10061431.0,
ESACC R,10061431.0,10061451 22 887.0 532.3 845.3 537.1 1.14 121
SFIX R,10061453.0,
EFIX R,10061453.0,10061575 124 850.7 530.1 1351
SSACC R,10061577.0,
ESACC R,10061577.0,10061599 24 848.9 531.1 906.1 525.3 1.56 164
SFIX R,10061601.0,
EFIX R,10061601.0,10063631 2032 890.0 535.9 1137
SSACC R,10063633.0,
ESACC R,10063633.0,10063647 16 908.4 532.1 914.6 551.9 0.56 64
SFIX R,10063649.0,
EFIX R,10063649.0,10064487 840 905.3 541.2 1324
SSACC R,10064489.0,
ESACC R,10064489.0,10064507 20 893.4 543.2 922.7 543.8 0.79 92
SFIX R,10064509.0,
EFIX R,10064509.0,10064623 116 919.0 541.5 1376
SSACC R,10064625.0,
ESACC R,10064625.0,10064645 22 921.2 540.1 896.0 538.6 0.68 100
SFIX R,10064647.0,
EFIX R,10064647.0,10064695 50 902.6 537.5 1404
SSACC R,10064697.0,
ESACC R,10064697.0,10064719 24 904.2 535.7 944.6 531.5 1.10 132
SFIX R,10064721.0,
EFIX R,10064721.0,10064843 124 939.3 534.8 1405
SSACC R,10064845.0,
ESACC R,10064845.0,10064863 20 940.9 538.1 908.6 534.3 0.88 93
SFIX R,10064865.0,
EFIX R,10064865.0,10065167 304 918.0 540.5 1410
SSACC R,10065169.0,
ESACC R,10065169.0,10065185 18 919.4 540.9 902.4 535.9 0.48 71
SFIX R,10065187.0,
EFIX R,10065187.0,10065371 186 908.1 532.3 1466
SSACC R,10065373.0,
ESACC R,10065373.0,10065387 16 912.5 525.5 930.2 525.5 0.48 65
SFIX R,10065389.0,
EFIX R,10065389.0,10065657 270 922.7 516.4 1482
SSACC R,10065659.0,
ESACC R,10065659.0,10065667 10 920.2 517.4 905.2 511.9 0.43 59
SFIX R,10065669.0,
EFIX R,10065669.0,10066265 598 907.6 517.8 1505
SSACC R,10066267.0,
ESACC R,10066267.0,10066285 20 905.3 521.5 925.7 523.0 0.55 77
SFIX R,10066287.0,
EFIX R,10066287.0,10066557 272 913.7 530.7 1495
SSACC R,10066559.0,
ESACC R,10066559.0,10066575 18 910.3 539.1 883.7 540.2 0.72 77
SFIX R,10066577.0,
EFIX R,10066577.0,10071923 5348 905.7 530.4 1412
SSACC R,10071925.0,
ESACC R,10071925.0,10071949 26 912.6 523.3 912.1 508.1 0.41 78
SFIX R,10071951.0,
EFIX R,10071951.0,10073203 1254 913.1 508.3 1513
SSACC R,10073205.0,
ESACC R,10073205.0,10073231 28 926.8 513.6 901.7 518.0 0.69 152
SFIX R,10073233.0,
EFIX R,10073233.0,10073273 42 893.2 516.7 1634
SSACC R,10073275.0,
ESACC R,10073275.0,10073309 36 890.6 514.6 978.5 497.5 2.43 328
SFIX R,10073311.0,
EFIX R,10073311.0,10073395 86 987.0 499.2 1638
SSACC R,10073397.0,
ESACC R,10073397.0,10073425 30 988.4 497.3 941.2 509.2 1.32 173
SFIX R,10073427.0,
EFIX R,10073427.0,10074815 1390 920.8 509.5 1616
SSACC R,10074817.0,
ESACC R,10074817.0,10074839 24 918.0 512.2 911.5 508.3 0.21 89
SFIX R,10074841.0,
EFIX R,10074841.0,10075181 342 915.4 509.1 1516
SSACC R,10075183.0,
ESACC R,10075183.0,10075193 12 916.2 504.5 935.3 504.2 0.52 61
SFIX R,10075195.0,
EFIX R,10075195.0,10075715 522 909.1 514.0 1432
SSACC R,10075717.0,
SBLINK R,10075743.0,
EBLINK R,10075743.0,10075799 58
ESACC R,10075717.0,10075873 158 895.5 526.3 898.6 526.2 0.08 1989
SFIX R,10075875.0,
EFIX R,10075875.0,10077123 1250 889.5 538.7 1103
SSACC R,10077125.0,
ESACC R,10077125.0,10077141 18 888.4 539.8 902.8 538.2 0.39 52
SFIX R,10077143.0,
EFIX R,10077143.0,10077921 780 896.8 544.0 1141
SSACC R,10077923.0,
ESACC R,10077923.0,10077941 20 898.8 555.2 875.6 550.8 0.64 94
SFIX R,10077943.0,
EFIX R,10077943.0,10078081 140 880.5 550.3 1217
SSACC R,10078083.0,
ESACC R,10078083.0,10078097 16 880.0 551.6 911.5 550.9 0.85 78
SFIX R,10078099.0,
EFIX R,10078099.0,10079427 1330 894.9 542.1 1234
SSACC R,10079429.0,
ESACC R,10079429.0,10079445 18 878.1 536.3 917.9 540.0 1.08 100
SFIX R,10079447.0,
EFIX R,10079447.0,10079577 132 905.6 536.4 1142
SSACC R,10079579.0,
ESACC R,10079579.0,10079595 18 906.4 537.8 869.2 531.7 1.02 106
SFIX R,10079597.0,
EFIX R,10079597.0,10079865 270 876.6 529.5 1188
SSACC R,10079867.0,
ESACC R,10079867.0,10079883 18 879.7 527.6 895.0 523.0 0.43 63
SFIX R,10079885.0,
EFIX R,10079885.0,10082631 2748 899.5 529.2 1270
SSACC R,10082633.0,
ESACC R,10082633.0,10082639 8 903.5 536.0 904.2 550.7 0.40 54
SFIX R,10082641.0,
EFIX R,10082641.0,10083135 496 896.6 547.6 1184
SSACC R,10083137.0,
SBLINK R,10083161.0,
EBLINK R,10083161.0,10083227 68
ESACC R,10083137.0,10083279 144 893.0 546.9 902.3 505.0 1.16 1686
SFIX R,10083281.0,
EFIX R,10083281.0,10084113 834 881.3 539.0 962
SSACC R,10084115.0,
ESACC R,10084115.0,10084129 16 873.0 554.5 866.0 555.4 0.19 61
SFIX R,10084131.0,
EFIX R,10084131.0,10084355 226 870.2 555.5 849
SSACC R,10084357.0,
ESACC R,10084357.0,10084365 10 873.7 555.7 893.8 563.4 0.58 68
SFIX R,10084367.0,
EFIX R,10084367.0,10084519 154 887.9 562.1 878
SSACC R,10084521.0,
ESACC R,10084521.0,10084535 16 884.3 555.8 865.6 558.6 0.51 81
SFIX R,10084537.0,
EFIX R,10084537.0,10085749 1214 870.8 539.7 1000
SSACC R,10085751.0,
ESACC R,10085751.0,10085769 20 872.9 536.5 905.9 531.9 0.90 91
SFIX R,10085771.0,
EFIX R,10085771.0,10085895 126 895.3 533.2 1036
SSACC R,10085897.0,
ESACC R,10085897.0,10085913 18 894.5 534.0 861.7 538.0 0.90 86
SFIX R,10085915.0,
EFIX R,10085915.0,10087353 1440 870.8 536.6 1003
SSACC R,10087355.0,
ESACC R,10087355.0,10087369 16 880.1 539.0 897.7 538.2 0.48 72
SFIX R,10087371.0,
EFIX R,10087371.0,10087623 254 889.9 535.2 991
SSACC R,10087625.0,
ESACC R,10087625.0,10087633 10 877.6 530.4 890.5 530.6 0.35 61
SFIX R,10087635.0,
EFIX R,10087635.0,10088001 368 892.6 530.3 1040
SSACC R,10088003.0,
ESACC R,10088003.0,10088017 16 889.8 537.5 870.3 538.1 0.53 74
SFIX R,10088019.0,
EFIX R,10088019.0,10088419 402 880.0 540.6 1033
SSACC R,10088421.0,
SBLINK R,10088445.0,
EBLINK R,10088445.0,10088547 104
ESACC R,10088421.0,10088597 178 880.3 543.5 886.1 545.9 0.17 1274
SFIX R,10088599.0,
EFIX R,10088599.0,10090665 2068 873.1 551.8 921
SSACC R,10090667.0,
ESACC R,10090667.0,10090687 22 878.0 544.1 917.6 552.2 1.10 127
SFIX R,10090689.0,
EFIX R,10090689.0,10090747 60 908.6 550.4 1020
SSACC R,10090749.0,
ESACC R,10090749.0,10090773 26 907.6 550.2 832.5 551.7 2.03 202
SFIX R,10090775.0,
EFIX R,10090775.0,10090825 52 845.4 549.7 1026
SSACC R,10090827.0,
ESACC R,10090827.0,10090859 34 843.2 552.8 917.5 554.3 2.01 251
SFIX R,10090861.0,
EFIX R,10090861.0,10090999 140 916.7 554.0 1040
SSACC R,10091001.0,
ESACC R,10091001.0,10091015 16 912.8 553.1 881.8 562.0 0.87 80
SFIX R,10091017.0,
EFIX R,10091017.0,10092815 1800 887.9 553.3 1073
SSACC R,10092817.0,
ESACC R,10092817.0,10092825 10 871.7 545.6 881.6 547.0 0.27 46
SFIX R,10092827.0,
EFIX R,10092827.0,10093387 562 876.9 547.6 1088
SSACC R,10093389.0,
ESACC R,10093389.0,10093401 14 875.2 546.9 884.8 542.3 0.29 50
SFIX R,10093403.0,
EFIX R,10093403.0,10097057 3656 887.3 551.6 1100
SSACC R,10097059.0,
ESACC R,10097059.0,10097071 14 875.5 556.2 901.0 557.4 0.69 66
SFIX R,10097073.0,
EFIX R,10097073.0,10097343 272 889.1 549.0 704
SSACC R,10097345.0,
ESACC R,10097345.0,10097351 8 881.4 543.8 869.5 543.9 0.32 47
SFIX R,10097353.0,
EFIX R,10097353.0,10099985 2634 869.6 545.1 786
SSACC R,10099987.0,
ESACC R,10099987.0,10100009 24 889.6 545.9 856.6 549.4 0.90 119
SFIX R,10100011.0,
EFIX R,10100011.0,10100137 128 860.2 545.3 952
SSACC R,10100139.0,
ESACC R,10100139.0,10100155 18 854.1 551.6 893.0 544.7 1.07 95
SFIX R,10100157.0,
EFIX R,10100157.0,10101193 1038 884.3 546.8 953
SSACC R,10101195.0,
ESACC R,10101195.0,10101213 20 916.7 528.7 900.6 531.8 0.44 66
SFIX R,10101215.0,
EFIX R,10101215.0,10101953 740 919.4 518.8 1165
SSACC R,10101955.0,
ESACC R,10101955.0,10101983 30 941.3 517.7 925.2 517.8 0.44 113
SFIX R,10101985.0,
EFIX R,10101985.0,10102279 296 926.7 521.6 1274
SSACC R,10102281.0,
ESACC R,10102281.0,10102301 22 913.0 526.5 943.0 520.6 0.83 107
SFIX R,10102303.0,
EFIX R,10102303.0,10102811 510 931.4 526.4 1307
SSACC R,10102813.0,
ESACC R,10102813.0,10102833 22 924.0 539.7 874.6 534.8 1.35 121
SFIX R,10102835.0,
EFIX R,10102835.0,10102881 48 886.8 534.6 1247
SSACC R,10102883.0,
ESACC R,10102883.0,10102915 34 884.2 532.2 964.6 529.2 2.18 274
SFIX R,10102917.0,
EFIX R,10102917.0,10103025 110 968.3 530.1 1254
SSACC R,10103027.0,
ESACC R,10103027.0,10103045 20 970.7 526.1 929.6 543.0 1.20 105
SFIX R,10103047.0,
EFIX R,10103047.0,10103349 304 939.1 538.7 1307
SSACC R,10103351.0,
ESACC R,10103351.0,10103367 18 942.6 544.5 924.2 542.7 0.50 79
SFIX R,10103369.0,
EFIX R,10103369.0,10103663 296 928.7 538.9 1321
SSACC R,10103665.0,
ESACC R,10103665.0,10103671 8 926.1 532.7 938.4 533.0 0.33 51
SFIX R,10103673.0,
EFIX R,10103673.0,10104371 700 926.9 532.6 1306
SSACC R,10104373.0,
ESACC R,10104373.0,10104393 22 909.1 535.7 934.0 540.7 0.69 82
SFIX R,10104395.0,
EFIX R,10104395.0,10104597 204 921.1 538.5 1242
SSACC R,10104599.0,
ESACC R,10104599.0,10104625 28 915.1 544.8 889.7 551.7 0.71 113
SFIX R,10104627.0,
EFIX R,10104627.0,10104679 54 887.6 548.7 1188
SSACC R,10104681.0,
ESACC R,10104681.0,10104713 34 884.7 551.4 961.1 550.8 2.07 260
SFIX R,10104715.0,
EFIX R,10104715.0,10104823 110 963.8 551.2 1161
SSACC R,10104825.0,
ESACC R,10104825.0,10104843 20 962.9 551.3 904.4 551.4 1.59 147
SFIX R,10104845.0,
EFIX R,10104845.0,10105343 500 911.2 545.7 1132
SSACC R,10105345.0,
SBLINK R,10105365.0,
EBLINK R,10105365.0,10105471 108
ESACC R,10105345.0,10105519 176 901.0 560.3 897.9 562.1 0.10 854
SFIX R,10105521.0,
EFIX R,10105521.0,10107251 1732 881.6 547.4 838
SSACC R,10107253.0,
ESACC R,10107253.0,10107271 20 888.9 550.3 887.2 552.8 0.08 58
SFIX R,10107273.0,
EFIX R,10107273.0,10110047 2776 868.1 544.7 881
SSACC R,10110049.0,
ESACC R,10110049.0,10110071 24 874.8 545.5 922.8 549.6 1.31 146
SFIX R,10110073.0,
EFIX R,10110073.0,10110175 104 912.1 551.1 847
SSACC R,10110177.0,
ESACC R,10110177.0,10110195 20 908.8 552.6 868.6 560.4 1.11 116
SFIX R,10110197.0,
EFIX R,10110197.0,10112565 2370 895.6 544.2 1000
SSACC R,10112567.0,
ESACC R,10112567.0,10112585 20 916.3 547.9 890.0 561.8 0.81 98
SFIX R,10112587.0,
EFIX R,10112587.0,10112607 22 895.5 557.7 1089
SSACC R,10112609.0,
ESACC R,10112609.0,10112619 12 900.9 558.8 920.7 565.4 0.57 77
SFIX R,10112621.0,
EFIX R,10112621.0,10112669 50 910.3 564.5 1068
SSACC R,10112671.0,
SBLINK R,10112695.0,
EBLINK R,10112695.0,10112791 98
ESACC R,10112671.0,10112839 170 909.2 562.8 883.2 568.4 0.72 1410
SFIX R,10112841.0,
EFIX R,10112841.0,10113003 164 877.2 556.5 1027
SSACC R,10113005.0,
ESACC R,10113005.0,10113009 6 875.9 564.6 883.7 560.7 0.24 51
SFIX R,10113011.0,
EFIX R,10113011.0,10113675 666 887.3 557.1 876
SSACC R,10113677.0,
ESACC R,10113677.0,10113687 12 879.3 557.1 901.5 554.4 0.61 64
SFIX R,10113689.0,
EFIX R,10113689.0,10114403 716 901.4 548.3 1009
SSACC R,10114405.0,
ESACC R,10114405.0,10114423 20 902.4 542.3 913.2 539.0 0.31 74
SFIX R,10114425.0,
EFIX R,10114425.0,10114777 354 916.8 535.4 1246
SSACC R,10114779.0,
ESACC R,10114779.0,10114795 18 917.8 527.2 897.4 521.0 0.58 79
SFIX R,10114797.0,
EFIX R,10114797.0,10115889 1094 922.0 512.4 1414
SSACC R,10115891.0,
ESACC R,10115891.0,10115911 22 928.0 496.7 959.8 507.6 0.91 110
SFIX R,10115913.0,
EFIX R,10115913.0,10116119 208 949.0 510.6 1497
SSACC R,10116121.0,
ESACC R,10116121.0,10116133 14 942.1 517.3 923.6 516.7 0.50 74
SFIX R,10116135.0,
EFIX R,10116135.0,10117777 1644 915.5 534.3 1323
SSACC R,10117779.0,
ESACC R,10117779.0,10117795 18 915.2 543.4 937.3 551.2 0.64 87
SFIX R,10117797.0,
EFIX R,10117797.0,10118307 512 921.8 536.7 1223
SSACC R,10118309.0,
ESACC R,10118309.0,10118329 22 923.9 521.9 902.4 533.4 0.66 97
SFIX R,10118331.0,
EFIX R,10118331.0,10118733 404 921.4 517.3 1341
SSACC R,10118735.0,
ESACC R,10118735.0,10118757 24 935.1 506.4 938.9 504.6 0.11 84
SFIX R,10118759.0,
EFIX R,10118759.0,10120919 2162 932.8 525.5 1439
SSACC R,10120921.0,
ESACC R,10120921.0,10120945 26 919.6 536.9 939.8 529.7 0.58 134
SFIX R,10120947.0,
EFIX R,10120947.0,10122209 1264 933.1 539.5 1465
SSACC R,10122211.0,
ESACC R,10122211.0,10122227 18 947.3 529.5 939.9 543.2 0.42 63
SFIX R,10122229.0,
EFIX R,10122229.0,10123245 1018 926.1 540.4 1537
SSACC R,10123247.0,
ESACC R,10123247.0,10123259 14 926.8 545.2 936.0 558.4 0.44 64
SFIX R,10123261.0,
EFIX R,10123261.0,10124043 784 933.5 564.3 1487
SSACC R,10124045.0,
ESACC R,10124045.0,10124061 18 921.1 550.5 945.5 553.6 0.67 85
SFIX R,10124063.0,
EFIX R,10124063.0,10124715 654 940.8 551.7 1446
SSACC R,10124717.0,
ESACC R,10124717.0,10124741 26 933.4 558.0 918.2 565.9 0.46 107
SFIX R,10124743.0,
EFIX R,10124743.0,10124949 208 904.9 562.8 1333
SSACC R,10124951.0,
ESACC R,10124951.0,10124963 14 899.2 561.1 916.6 560.8 0.47 50
SFIX R,10124965.0,
EFIX R,10124965.0,10126355 1392 905.5 550.4 1342
SSACC R,10126357.0,
ESACC R,10126357.0,10126381 26 907.8 539.7 918.4 535.0 0.31 79
SFIX R,10126383.0,
EFIX R,10126383.0,10127003 622 916.0 542.5 1339
SSACC R,10127005.0,
ESACC R,10127005.0,10127017 14 913.7 542.3 908.6 552.7 0.31 53
SFIX R,10127019.0,
EFIX R,10127019.0,10129285 2268 908.7 548.4 1169
SSACC R,10129287.0,
ESACC R,10129287.0,10129313 28 905.5 523.1 930.1 522.8 0.67 118
SFIX R,10129315.0,
EFIX R,10129315.0,10129435 122 925.1 524.3 1315
SSACC R,10129437.0,
ESACC R,10129437.0,10129457 22 926.5 524.4 892.5 531.4 0.94 111
SFIX R,10129459.0,
EFIX R,10129459.0,10129525 68 899.3 525.2 1319
SSACC R,10129527.0,
ESACC R,10129527.0,10129551 26 898.4 530.0 931.0 522.4 0.91 137
SFIX R,10129553.0,
EFIX R,10129553.0,10129679 128 933.9 521.5 1311
SSACC R,10129681.0,
ESACC R,10129681.0,10129695 16 934.3 520.2 916.5 524.7 0.50 69
SFIX R,10129697.0,
EFIX R,10129697.0,10132793 3098 904.8 543.5 1137
SSACC R,10132795.0,
ESACC R,10132795.0,10132809 16 908.7 541.1 898.7 540.4 0.27 50
SFIX R,10132811.0,
EFIX R,10132811.0,10134061 1252 908.7 531.7 1137
SSACC R,10134063.0,
ESACC R,10134063.0,10134093 32 903.9 538.3 952.9 553.7 1.39 188
SFIX R,10134095.0,
EFIX R,10134095.0,10134201 108 952.6 550.0 1225
SSACC R,10134203.0,
ESACC R,10134203.0,10134225 24 950.5 550.1 900.2 556.3 1.37 128
SFIX R,10134227.0,
EFIX R,10134227.0,10135463 1238 903.7 560.9 1047
SSACC R,10135465.0,
ESACC R,10135465.0,10135481 18 900.2 570.0 896.0 572.4 0.13 52
SFIX R,10135483.0,
EFIX R,10135483.0,10137425 1944 882.1 560.8 934
SSACC R,10137427.0,
ESACC R,10137427.0,10137451 26 884.4 552.2 938.6 553.0 1.47 160
SFIX R,10137453.0,
EFIX R,10137453.0,10137559 108 931.2 557.2 995
SSACC R,10137561.0,
ESACC R,10137561.0,10137577 18 932.7 560.6 892.6 565.8 1.10 101
SFIX R,10137579.0,
EFIX R,10137579.0,10138235 658 898.9 561.3 1031
SSACC R,10138237.0,
SBLINK R,10138279.0,
EBLINK R,10138279.0,10138343 66
ESACC R,10138237.0,10138391 156 916.1 554.9 925.2 543.0 0.41 1249
SFIX R,10138393.0,
EFIX R,10138393.0,10139781 1390 905.3 560.6 964
SSACC R,10139783.0,
ESACC R,10139783.0,10139803 22 896.5 550.9 900.5 545.5 0.18 83
SFIX R,10139805.0,
EFIX R,10139805.0,10144657 4854 899.3 555.6 1062
SSACC R,10144659.0,
ESACC R,10144659.0,10144677 20 901.0 555.0 900.8 553.4 0.04 63
SFIX R,10144679.0,
EFIX R,10144679.0,10144877 200 898.4 549.9 1128
SSACC R,10144879.0,
ESACC R,10144879.0,10144897 20 900.9 552.2 922.4 551.8 0.58 85
SFIX R,10144899.0,
EFIX R,10144899.0,10144951 54 917.0 552.3 1152
SSACC R,10144953.0,
ESACC R,10144953.0,10144975 24 915.9 554.3 870.8 549.8 1.23 138
SFIX R,10144977.0,
EFIX R,10144977.0,10145049 74 879.3 547.7 1150
SSACC R,10145051.0,
ESACC R,10145051.0,10145077 28 875.9 549.2 907.2 546.2 0.85 137
SFIX R,10145079.0,
EFIX R,10145079.0,10145589 512 903.2 557.3 1074
SSACC R,10145591.0,
SBLINK R,10145619.0,
EBLINK R,10145619.0,10145709 92
ESACC R,10145591.0,10145759 170 907.5 566.4 902.0 544.8 0.60 1506
SFIX R,10145761.0,
EFIX R,10145761.0,10147823 2064 895.7 560.0 1008
SSACC R,10147825.0,
ESACC R,10147825.0,10147843 20 883.5 555.5 901.2 556.4 0.48 73
SFIX R,10147845.0,
EFIX R,10147845.0,10148447 604 903.1 559.2 1221
SSACC R,10148449.0,
ESACC R,10148449.0,10148497 50 911.2 549.9 928.1 553.1 0.47 129
SFIX R,10148499.0,
EFIX R,10148499.0,10148885 388 922.8 547.3 1307
SSACC R,10148887.0,
ESACC R,10148887.0,10148913 28 918.4 554.7 900.5 548.0 0.52 118
SFIX R,10148915.0,
EFIX R,10148915.0,10148991 78 895.5 546.3 1319
SSACC R,10148993.0,
ESACC R,10148993.0,10149021 30 896.3 548.5 928.8 548.6 0.88 179
SFIX R,10149023.0,
EFIX R,10149023.0,10149153 132 936.0 545.3 1340
SSACC R,10149155.0,
ESACC R,10149155.0,10149181 28 935.6 548.9 910.8 556.1 0.70 132
SFIX R,10149183.0,
EFIX R,10149183.0,10149681 500 907.8 547.1 1357
SSACC R,10149683.0,
ESACC R,10149683.0,10149711 30 918.3 538.2 947.7 530.2 0.83 145
SFIX R,10149713.0,
EFIX R,10149713.0,10149789 78 955.6 528.1 1420
SSACC R,10149791.0,
ESACC R,10149791.0,10149821 32 961.2 524.9 914.9 519.0 1.26 235
SFIX R,10149823.0,
EFIX R,10149823.0,10149863 42 908.7 518.9 1428
SSACC R,10149865.0,
ESACC R,10149865.0,10149899 36 907.5 519.8 979.7 518.8 1.96 310
SFIX R,10149901.0,
EFIX R,10149901.0,10150035 136 981.1 518.3 1429
SSACC R,10150037.0,
ESACC R,10150037.0,10150061 26 977.2 517.8 941.2 535.7 1.09 138
SFIX R,10150063.0,
EFIX R,10150063.0,10150371 310 942.1 524.9 1457
SSACC R,10150373.0,
ESACC R,10150373.0,10150395 24 947.2 523.0 936.9 515.2 0.35 83
SFIX R,10150397.0,
EFIX R,10150397.0,10150947 552 932.2 511.7 1528
SSACC R,10150949.0,
ESACC R,10150949.0,10150973 26 936.1 515.6 955.5 511.2 0.54 100
SFIX R,10150975.0,
EFIX R,10150975.0,10151479 506 957.6 506.1 1559
SSACC R,10151481.0,
ESACC R,10151481.0,10151511 32 956.1 504.5 936.7 502.2 0.53 156
SFIX R,10151513.0,
EFIX R,10151513.0,10152113 602 932.6 504.7 1614
SSACC R,10152115.0,
ESACC R,10152115.0,10152145 32 928.4 495.0 980.5 501.3 1.42 190
SFIX R,10152147.0,
EFIX R,10152147.0,10152253 108 987.3 503.9 1671
SSACC R,10152255.0,
ESACC R,10152255.0,10152285 32 988.4 502.0 960.9 496.0 0.76 125
SFIX R,10152287.0,
EFIX R,10152287.0,10153623 1338 939.1 514.8 1550
SSACC R,10153625.0,
ESACC R,10153625.0,10153645 22 939.7 514.7 937.9 506.6 0.22 78
SFIX R,10153647.0,
EFIX R,10153647.0,10154977 1332 936.3 492.9 1578
SSACC R,10154979.0,
ESACC R,10154979.0,10155003 26 922.1 499.3 936.8 514.0 0.56 92
SFIX R,10155005.0,
EFIX R,10155005.0,10155143 140 937.4 509.1 1551
SSACC R,10155145.0,
ESACC R,10155145.0,10155161 18 932.8 507.8 914.6 507.8 0.49 83
SFIX R,10155163.0,
EFIX R,10155163.0,10157381 2220 927.4 510.0 1505
SSACC R,10157383.0,
ESACC R,10157383.0,10157411 30 913.5 519.7 935.4 523.7 0.60 148
SFIX R,10157413.0,
EFIX R,10157413.0,10157525 114 939.0 525.0 1460
SSACC R,10157527.0,
ESACC R,10157527.0,10157547 22 940.1 523.8 917.8 533.2 0.66 104
SFIX R,10157549.0,
EFIX R,10157549.0,10158481 934 923.4 513.9 1513
SSACC R,10158483.0,
ESACC R,10158483.0,10158565 84 945.1 488.0 1012.0 476.5 1.84 687
SFIX R,10158567.0,
EFIX R,10158567.0,10158745 180 991.8 485.4 1584
SSACC R,10158747.0,
ESACC R,10158747.0,10158763 18 985.9 491.8 956.8 500.5 0.82 78
SFIX R,10158765.0,
EFIX R,10158765.0,10159029 266 961.2 507.3 1567
SSACC R,10159031.0,
ESACC R,10159031.0,10159047 18 947.5 518.5 928.4 518.7 0.52 77
SFIX R,10159049.0,
EFIX R,10159049.0,10159323 276 926.8 533.4 1373
SSACC R,10159325.0,
SBLINK R,10159351.0,
EBLINK R,10159351.0,10159479 130
ESACC R,10159325.0,10159527 204 918.9 544.6 920.7 498.4 1.25 1918
SFIX R,10159529.0,
EFIX R,10159529.0,10159803 276 912.9 526.1 1173
SSACC R,10159805.0,
ESACC R,10159805.0,10159817 14 912.9 526.6 934.1 542.1 0.71 73
SFIX R,10159819.0,
EFIX R,10159819.0,10160249 432 921.1 555.2 1108
SSACC R,10160251.0,
ESACC R,10160251.0,10160265 16 917.4 564.8 909.9 564.0 0.20 54
SFIX R,10160267.0,
EFIX R,10160267.0,10160765 500 925.1 544.2 1235
SSACC R,10160767.0,
ESACC R,10160767.0,10160781 16 938.2 520.6 945.9 517.8 0.22 51
SFIX R,10160783.0,
EFIX R,10160783.0,10161409 628 943.5 523.5 1490
SSACC R,10161411.0,
ESACC R,10161411.0,10161431 22 942.8 527.1 967.0 537.1 0.71 94
SFIX R,10161433.0,
EFIX R,10161433.0,10161555 124 960.0 535.9 1506
SSACC R,10161557.0,
ESACC R,10161557.0,10161577 22 960.7 540.4 931.7 535.4 0.80 107
SFIX R,10161579.0,
EFIX R,10161579.0,10161825 248 935.0 541.9 1486
SSACC R,10161827.0,
ESACC R,10161827.0,10161839 14 933.8 547.2 946.6 549.0 0.35 50
SFIX R,10161841.0,
EFIX R,10161841.0,10162359 520 941.2 548.9 1461
SSACC R,10162361.0,
ESACC R,10162361.0,10162375 16 927.0 547.4 951.7 543.5 0.68 73
SFIX R,10162377.0,
EFIX R,10162377.0,10162661 286 939.5 542.9 1415
SSACC R,10162663.0,
ESACC R,10162663.0,10162683 22 938.9 542.3 913.4 540.7 0.69 106
SFIX R,10162685.0,
EFIX R,10162685.0,10162869 186 917.4 540.5 1385
SSACC R,10162871.0,
ESACC R,10162871.0,10162875 6 919.3 538.8 927.3 541.2 0.23 50
SFIX R,10162877.0,
EFIX R,10162877.0,10164459 1584 918.9 537.2 1297
SSACC R,10164461.0,
ESACC R,10164461.0,10164477 18 931.7 539.5 901.9 538.2 0.81 79
SFIX R,10164479.0,
EFIX R,10164479.0,10166471 1994 910.8 545.2 1075
SSACC R,10166473.0,
ESACC R,10166473.0,10166495 24 915.8 542.5 922.6 543.7 0.19 71
SFIX R,10166497.0,
EFIX R,10166497.0,10167031 536 902.6 537.7 1157
SSACC R,10167033.0,
ESACC R,10167033.0,10167051 20 900.3 540.3 879.8 538.0 0.56 81
SFIX R,10167053.0,
EFIX R,10167053.0,10167203 152 883.8 539.5 1208
SSACC R,10167205.0,
ESACC R,10167205.0,10167223 20 884.1 537.2 911.3 548.1 0.79 88
SFIX R,10167225.0,
EFIX R,10167225.0,10167511 288 904.7 542.9 1156
SSACC R,10167513.0,
ESACC R,10167513.0,10167527 16 899.2 541.9 880.6 544.7 0.51 72
SFIX R,10167529.0,
EFIX R,10167529.0,10168757 1230 903.8 549.8 1200
SSACC R,10168759.0,
ESACC R,10168759.0,10168779 22 887.6 556.1 920.2 569.6 0.96 95
SFIX R,10168781.0,
EFIX R,10168781.0,10168879 100 912.2 566.7 1213
SSACC R,10168881.0,
ESACC R,10168881.0,10168901 22 911.8 569.6 882.2 573.5 0.81 107
SFIX R,10168903.0,
EFIX R,10168903.0,10169125 224 893.9 565.9 1250
SSACC R,10169127.0,
ESACC R,10169127.0,10169147 22 894.8 568.1 918.4 564.8 0.65 86
SFIX R,10169149.0,
EFIX R,10169149.0,10169449 302 917.4 562.5 1305
SSACC R,10169451.0,
ESACC R,10169451.0,10169467 18 923.3 560.0 911.8 561.0 0.31 69
SFIX R,10169469.0,
EFIX R,10169469.0,10170181 714 900.4 554.9 1378
SSACC R,10170183.0,
ESACC R,10170183.0,10170189 8 888.0 549.2 900.7 553.4 0.36 56
SFIX R,10170191.0,
EFIX R,10170191.0,10171441 1252 907.9 548.2 1395
SSACC R,10171443.0,
SBLINK R,10171475.0,
EBLINK R,10171475.0,10171573 100
ESACC R,10171443.0,10171643 202 917.4 545.3 970.4 479.8 2.28 1695
SFIX R,10171645.0,
EFIX R,10171645.0,10171815 172 958.7 494.2 1460
SSACC R,10171817.0,
ESACC R,10171817.0,10171837 22 952.0 502.5 915.7 522.4 1.12 130
SFIX R,10171839.0,
EFIX R,10171839.0,10173349 1512 910.7 524.8 1299
SSACC R,10173351.0,
SBLINK R,10173379.0,
EBLINK R,10173379.0,10173483 106
ESACC R,10173351.0,10173551 202 930.6 514.3 926.3 527.8 0.38 1623
SFIX R,10173553.0,
EFIX R,10173553.0,10174183 632 903.5 518.5 1431
SSACC R,10174185.0,
ESACC R,10174185.0,10174211 28 896.4 540.5 915.7 548.1 0.56 120
SFIX R,10174213.0,
EFIX R,10174213.0,10174385 174 919.5 548.7 1224
SSACC R,10174387.0,
ESACC R,10174387.0,10174393 8 917.8 544.8 904.1 543.5 0.37 55
SFIX R,10174395.0,
EFIX R,10174395.0,10175155 762 930.2 546.2 1335
SSACC R,10175157.0,
ESACC R,10175157.0,10175185 30 949.4 552.4 930.2 555.4 0.53 133
SFIX R,10175187.0,
EFIX R,10175187.0,10175391 206 923.3 551.4 1489
SSACC R,10175393.0,
ESACC R,10175393.0,10175409 18 927.4 547.8 946.2 538.8 0.56 70
SFIX R,10175411.0,
EFIX R,10175411.0,10175945 536 927.6 522.4 1536
SSACC R,10175947.0,
ESACC R,10175947.0,10175967 22 925.2 523.1 955.3 523.8 0.82 109
SFIX R,10175969.0,
EFIX R,10175969.0,10176125 158 944.9 525.6 1503
SSACC R,10176127.0,
ESACC R,10176127.0,10176147 22 941.5 528.8 914.2 534.1 0.75 108
SFIX R,10176149.0,
EFIX R,10176149.0,10177595 1448 908.3 528.8 1406
SSACC R,10177597.0,
ESACC R,10177597.0,10177621 26 897.6 537.5 918.0 535.4 0.56 100
SFIX R,10177623.0,
EFIX R,10177623.0,10177877 256 921.2 532.0 1306
SSACC R,10177879.0,
ESACC R,10177879.0,10177895 18 924.8 529.5 892.1 525.2 0.89 80
SFIX R,10177897.0,
EFIX R,10177897.0,10179731 1836 909.4 529.2 1381
SSACC R,10179733.0,
ESACC R,10179733.0,10179759 28 900.9 550.1 880.2 543.2 0.59 127
SFIX R,10179761.0,
EFIX R,10179761.0,10179961 202 877.2 541.7 1359
SSACC R,10179963.0,
ESACC R,10179963.0,10179989 28 882.2 541.4 910.5 537.8 0.77 126
SFIX R,10179991.0,
EFIX R,10179991.0,10181795 1806 918.1 531.8 1395
SSACC R,10181797.0,
ESACC R,10181797.0,10181825 30 938.1 535.2 924.7 536.1 0.36 125
SFIX R,10181827.0,
EFIX R,10181827.0,10181991 166 912.6 538.7 1519
SSACC R,10181993.0,
ESACC R,10181993.0,10182009 18 914.0 537.4 935.9 534.6 0.60 69
SFIX R,10182011.0,
EFIX R,10182011.0,10185507 3498 950.8 532.9 1642
SSACC R,10185509.0,
ESACC R,10185509.0,10185539 32 955.5 537.0 1024.0 556.3 1.93 262
SFIX R,10185541.0,
EFIX R,10185541.0,10185617 78 1027.9 558.0 1716
SSACC R,10185619.0,
ESACC R,10185619.0,10185651 34 1028.3 563.4 968.8 554.9 1.63 247
SFIX R,10185653.0,
EFIX R,10185653.0,10185833 182 956.4 562.4 1719
SSACC R,10185835.0,
ESACC R,10185835.0,10185849 16 953.2 563.2 977.3 555.1 0.69 80
SFIX R,10185851.0,
EFIX R,10185851.0,10188729 2880 952.5 544.9 1480
SSACC R,10188731.0,
ESACC R,10188731.0,10188753 24 951.0 548.2 925.3 544.3 0.70 98
SFIX R,10188755.0,
EFIX R,10188755.0,10190715 1962 933.8 536.3 1489
SSACC R,10190717.0,
ESACC R,10190717.0,10190749 34 941.0 518.4 1006.9 537.0 1.86 232
SFIX R,10190751.0,
EFIX R,10190751.0,10190843 94 1011.8 535.0 1550
SSACC R,10190845.0,
ESACC R,10190845.0,10190869 26 1014.2 536.1 946.9 537.0 1.82 183
SFIX R,10190871.0,
EFIX R,10190871.0,10191097 228 957.8 530.3 1547
SSACC R,10191099.0,
ESACC R,10191099.0,10191115 18 952.7 531.1 934.1 528.0 0.51 76
SFIX R,10191117.0,
EFIX R,10191117.0,10193875 2760 935.6 538.6 1444
SSACC R,10193877.0,
ESACC R,10193877.0,10193889 14 948.0 549.0 944.1 549.2 0.11 47
SFIX R,10193891.0,
EFIX R,10193891.0,10195239 1350 941.6 535.4 1492
SSACC R,10195241.0,
ESACC R,10195241.0,10195261 22 937.9 527.2 974.1 537.7 1.02 117
SFIX R,10195263.0,
EFIX R,10195263.0,10195321 60 964.5 539.4 1462
SSACC R,10195323.0,
ESACC R,10195323.0,10195353 32 962.9 536.6 911.3 536.4 1.40 232
SFIX R,10195355.0,
EFIX R,10195355.0,10195407 54 903.7 538.3 1460
SSACC R,10195409.0,
ESACC R,10195409.0,10195439 32 901.3 536.8 961.3 539.5 1.63 245
SFIX R,10195441.0,
EFIX R,10195441.0,10195643 204 964.0 538.4 1475
SSACC R,10195645.0,
ESACC R,10195645.0,10195661 18 958.9 536.0 937.4 539.3 0.59 74
SFIX R,10195663.0,
EFIX R,10195663.0,10196789 1128 940.4 536.6 1439
SSACC R,10196791.0,
ESACC R,10196791.0,10196821 32 944.9 538.0 988.7 547.1 1.21 181
SFIX R,10196823.0,
EFIX R,10196823.0,10196935 114 991.8 544.0 1459
SSACC R,10196937.0,
ESACC R,10196937.0,10196959 24 992.9 542.9 940.1 552.0 1.45 144
SFIX R,10196961.0,
EFIX R,10196961.0,10198819 1860 957.8 537.3 1513
SSACC R,10198821.0,
ESACC R,10198821.0,10198837 18 952.9 540.2 944.8 536.3 0.24 58
SFIX R,10198839.0,
EFIX R,10198839.0,10199973 1136 938.5 526.0 1549
SSACC R,10199975.0,
ESACC R,10199975.0,10199987 14 921.3 515.2 942.4 518.6 0.58 67
SFIX R,10199989.0,
EFIX R,10199989.0,10202267 2280 936.6 524.0 1539
SSACC R,10202269.0,
ESACC R,10202269.0,10202383 116 944.7 540.9 964.5 552.1 0.62 1079
SFIX R,10202385.0,
EFIX R,10202385.0,10202819 436 947.8 553.0 1506
SSACC R,10202821.0,
ESACC R,10202821.0,10202831 12 946.2 555.0 943.1 542.5 0.35 43
SFIX R,10202833.0,
EFIX R,10202833.0,10204577 1746 951.0 543.8 1394
SSACC R,10204579.0,
SBLINK R,10204615.0,
EBLINK R,10204615.0,10204641 28
ESACC R,10204579.0,10204747 170 966.8 532.0 961.7 531.1 0.14 1253
SFIX R,10204749.0,
EFIX R,10204749.0,10205013 266 952.9 535.3 1587
SSACC R,10205015.0,
ESACC R,10205015.0,10205021 8 951.8 539.1 952.3 526.8 0.33 49
SFIX R,10205023.0,
EFIX R,10205023.0,10206099 1078 933.9 538.7 1468
SSACC R,10206101.0,
ESACC R,10206101.0,10206117 18 939.6 524.5 953.2 521.9 0.38 74
SFIX R,10206119.0,
EFIX R,10206119.0,10206393 276 952.2 526.6 1473
SSACC R,10206395.0,
ESACC R,10206395.0,10206411 18 955.7 535.3 939.8 534.7 0.43 72
SFIX R,10206413.0,
EFIX R,10206413.0,10207379 968 951.3 521.0 1496
SSACC R,10207381.0,
SBLINK R,10207425.0,
EBLINK R,10207425.0,10207497 74
ESACC R,10207381.0,10207567 188 971.9 513.0 997.4 468.8 1.38 1116
SFIX R,10207569.0,
EFIX R,10207569.0,10207699 132 997.2 459.0 1549
SSACC R,10207701.0,
ESACC R,10207701.0,10207725 26 996.8 467.5 981.2 491.1 0.77 113
SFIX R,10207727.0,
EFIX R,10207727.0,10208697 972 952.6 521.3 1364
SSACC R,10208699.0,
ESACC R,10208699.0,10208717 20 948.0 535.4 926.1 546.3 0.66 101
SFIX R,10208719.0,
EFIX R,10208719.0,10208897 180 929.9 539.8 1355
SSACC R,10208899.0,
ESACC R,10208899.0,10208919 22 927.0 538.2 963.0 536.8 0.98 116
SFIX R,10208921.0,
EFIX R,10208921.0,10208967 48 952.5 540.6 1391
SSACC R,10208969.0,
ESACC R,10208969.0,10208995 28 950.7 543.9 914.7 536.7 0.99 141
SFIX R,10208997.0,
EFIX R,10208997.0,10209133 138 911.4 538.3 1423
SSACC R,10209135.0,
ESACC R,10209135.0,10209155 22 913.1 539.7 952.4 539.3 1.07 110
SFIX R,10209157.0,
EFIX R,10209157.0,10212541 3386 938.9 522.8 1618
SSACC R,10212543.0,
ESACC R,10212543.0,10212569 28 929.4 526.8 946.3 530.7 0.47 123
SFIX R,10212571.0,
EFIX R,10212571.0,10212743 174 946.1 530.4 1634
SSACC R,10212745.0,
ESACC R,10212745.0,10212763 20 941.0 527.4 910.6 536.4 0.86 116
SFIX R,10212765.0,
EFIX R,10212765.0,10212835 72 913.6 531.8 1602
SSACC R,10212837.0,
ESACC R,10212837.0,10212869 34 911.3 534.0 972.5 534.8 1.66 235
SFIX R,10212871.0,
EFIX R,10212871.0,10212971 102 981.8 531.1 1596
SSACC R,10212973.0,
ESACC R,10212973.0,10212995 24 986.4 533.7 923.2 534.6 1.71 159
SFIX R,10212997.0,
EFIX R,10212997.0,10214045 1050 927.9 536.6 1471
SSACC R,10214047.0,
ESACC R,10214047.0,10214071 26 922.7 537.6 909.5 536.4 0.36 105
SFIX R,10214073.0,
EFIX R,10214073.0,10214391 320 902.7 537.5 1393
SSACC R,10214393.0,
ESACC R,10214393.0,10214409 18 903.3 544.2 924.0 541.2 0.57 68
SFIX R,10214411.0,
EFIX R,10214411.0,10216887 2478 921.4 537.2 1449
SSACC R,10216889.0,
ESACC R,10216889.0,10216909 22 930.4 542.0 932.0 543.1 0.05 71
SFIX R,10216911.0,
EFIX R,10216911.0,10218247 1338 943.6 537.3 1432
SSACC R,10218249.0,
ESACC R,10218249.0,10218273 26 961.3 522.8 972.9 529.9 0.37 103
SFIX R,10218275.0,
EFIX R,10218275.0,10218427 154 975.5 529.7 1500
SSACC R,10218429.0,
ESACC R,10218429.0,10218451 24 973.3 530.9 959.2 535.8 0.40 93
SFIX R,10218453.0,
EFIX R,10218453.0,10224387 5936 926.4 546.2 1277
SSACC R,10224389.0,
ESACC R,10224389.0,10224405 18 940.4 533.5 941.2 537.4 0.11 60
SFIX R,10224407.0,
EFIX R,10224407.0,10224965 560 932.3 540.4 1478
SSACC R,10224967.0,
ESACC R,10224967.0,10224971 6 931.3 538.3 940.0 542.0 0.26 50
SFIX R,10224973.0,
EFIX R,10224973.0,10225215 244 945.2 540.5 1454
SSACC R,10225217.0,
ESACC R,10225217.0,10225233 18 949.4 538.5 935.4 542.6 0.40 69
SFIX R,10225235.0,
EFIX R,10225235.0,10225267 34 941.5 540.2 1456
SSACC R,10225269.0,
SBLINK R,10225293.0,
EBLINK R,10225293.0,10225379 88
ESACC R,10225269.0,10225433 166 942.8 551.8 955.7 527.6 0.74 1862
SFIX R,10225435.0,
EFIX R,10225435.0,10226905 1472 930.5 559.3 1080
SSACC R,10226907.0,
ESACC R,10226907.0,10226927 22 924.8 546.1 905.8 549.8 0.52 100
SFIX R,10226929.0,
EFIX R,10226929.0,10227121 194 913.9 541.8 1196
SSACC R,10227123.0,
ESACC R,10227123.0,10227153 32 913.6 542.2 951.7 544.1 1.03 210
SFIX R,10227155.0,
EFIX R,10227155.0,10227247 94 957.1 543.9 1244
SSACC R,10227249.0,
ESACC R,10227249.0,10227275 28 955.1 543.7 917.5 545.8 1.02 150
SFIX R,10227277.0,
EFIX R,10227277.0,10228299 1024 925.4 541.9 1293
SSACC R,10228301.0,
ESACC R,10228301.0,10228317 18 933.2 557.2 931.6 554.1 0.09 58
SFIX R,10228319.0,
EFIX R,10228319.0,10230405 2088 935.3 545.4 1207
SSACC R,10230407.0,
ESACC R,10230407.0,10230421 16 931.4 538.5 950.4 557.9 0.74 72
SFIX R,10230423.0,
EFIX R,10230423.0,10230663 242 944.3 550.2 1377
SSACC R,10230665.0,
ESACC R,10230665.0,10230681 18 940.0 554.2 950.5 548.4 0.33 64
SFIX R,10230683.0,
EFIX R,10230683.0,10230937 256 945.6 545.3 1429
SSACC R,10230939.0,
SBLINK R,10230965.0,
EBLINK R,10230965.0,10231029 66
ESACC R,10230939.0,10231087 150 951.3 543.3 945.3 535.5 0.27 1958
SFIX R,10231089.0,
EFIX R,10231089.0,10231333 246 930.1 534.3 1414
SSACC R,10231335.0,
ESACC R,10231335.0,10231363 30 922.8 541.6 946.6 544.9 0.65 154
SFIX R,10231365.0,
EFIX R,10231365.0,10231393 30 949.9 545.4 1412
SSACC R,10231395.0,
ESACC R,10231395.0,10231427 34 948.6 545.1 894.0 537.1 1.50 245
SFIX R,10231429.0,
EFIX R,10231429.0,10231527 100 882.8 542.1 1354
SSACC R,10231529.0,
MSG,10231549.0,STORY_1_END
ESACC R,10231529.0,10231549 22 875.9 545.1 929.1 549.3 1.45 129
SFIX R,10231551.0,
EFIX R,10231551.0,10232065 516 912.6 543.3 1263
SSACC R,10232067.0,
ESACC R,10232067.0,10232101 36 912.5 542.0 708.8 478.8 5.74 365
SFIX R,10232103.0,
EFIX R,10232103.0,10232357 256 721.0 479.0 1268
SSACC R,10232359.0,
ESACC R,10232359.0,10232405 48 717.5 481.9 932.2 472.7 5.78 420
SFIX R,10232407.0,
EFIX R,10232407.0,10232669 264 938.1 477.2 1098
SSACC R,10232671.0,
ESACC R,10232671.0,10232707 38 936.2 481.7 1248.9 522.2 8.47 505
SFIX R,10232709.0,
EFIX R,10232709.0,10232889 182 1240.2 516.0 913
SSACC R,10232891.0,
ESACC R,10232891.0,10232937 48 1235.8 515.0 1038.0 749.2 8.23 380
SFIX R,10232939.0,
EFIX R,10232939.0,10233061 124 1021.6 753.2 871
SSACC R,10233063.0,
ESACC R,10233063.0,10233103 42 1016.6 755.7 726.7 672.6 8.10 393
SFIX R,10233105.0,
EFIX R,10233105.0,10233283 180 719.1 670.4 844
SSACC R,10233285.0,
ESACC R,10233285.0,10233307 24 715.1 671.3 599.5 659.6 3.08 247
SFIX R,10233309.0,
EFIX R,10233309.0,10233447 140 589.6 655.8 785
SSACC R,10233449.0,
SBLINK R,10233539.0,
EBLINK R,10233539.0,10236893 3356
ESACC R,10233449.0,10236901 3454 587.6 655.2 1108.9 1908.8 30.64 584
SFIX R,10236903.0,
EFIX R,10236903.0,10237327 426 1034.5 237.1 960
SSACC R,10237329.0,
ESACC R,10237329.0,10237383 56 1026.7 213.9 1083.2 -178.7 10.05 333
SFIX R,10237385.0,
EFIX R,10237385.0,10237711 328 1073.2 -172.7 662
SSACC R,10237713.0,
ESACC R,10237713.0,10237765 54 1065.1 -158.9 861.3 248.6 11.68 520
SFIX R,10237767.0,
EFIX R,10237767.0,10237915 150 853.1 250.0 744
SSACC R,10237917.0,
ESACC R,10237917.0,10237965 50 856.3 240.4 775.8 518.0 7.75 451
SFIX R,10237967.0,
EFIX R,10237967.0,10238233 268 767.6 523.0 896
SSACC R,10238235.0,
SBLINK R,10238253.0,
EBLINK R,10238253.0,10238345 94
ESACC R,10238235.0,10238377 144 772.9 529.0 1165.8 527.7 10.58 612
SFIX R,10238379.0,
EFIX R,10238379.0,10238663 286 1154.5 551.9 950
SSACC R,10238665.0,
ESACC R,10238665.0,10238695 32 1158.1 563.8 1082.2 671.8 3.56 238
SFIX R,10238697.0,
EFIX R,10238697.0,10239055 360 1084.7 666.7 1013
SSACC R,10239057.0,
ESACC R,10239057.0,10239133 78 1079.9 682.1 1863.4 1536.2 27.47 679
SFIX R,10239135.0,
EFIX R,10239135.0,10239331 198 1863.0 1546.4 965
SSACC R,10239333.0,
ESACC R,10239333.0,10239381 50 1856.4 1546.0 2192.9 1672.6 7.21 396
SFIX R,10239383.0,
EFIX R,10239383.0,10239681 300 2201.8 1684.3 1001
SSACC R,10239683.0,
SBLINK R,10239711.0,
EBLINK R,10239711.0,10240451 742
ESACC R,10239683.0,10240499 818 2196.7 1688.3 1175.7 1652.7 21.48 771
SFIX R,10240501.0,
EFIX R,10240501.0,10240731 232 1147.0 1653.3 1442
SSACC R,10240733.0,
ESACC R,10240733.0,10240787 56 1138.4 1646.3 796.4 1255.7 12.24 606
SFIX R,10240789.0,
EFIX R,10240789.0,10240937 150 781.7 1240.8 1551
SSACC R,10240939.0,
SBLINK R,10240965.0,
EBLINK R,10240965.0,10242699 1736
ESACC R,10240939.0,10242727 1790 776.7 1222.3 1433.6 1378.8 16.76 1073
SFIX R,10242729.0,
EFIX R,10242729.0,10242995 268 1418.0 1449.0 1686
SSACC R,10242997.0,
SBLINK R,10243039.0,
EBLINK R,10243039.0,10243175 138
ESACC R,10242997.0,10243237 242 1407.2 1463.3 2744.6 338.3 35.10 1314
SFIX R,10243239.0,
EFIX R,10243239.0,10243741 504 2760.2 330.3 1267
SSACC R,10243743.0,
ESACC R,10243743.0,10243833 92 2755.2 317.8 944.4 511.5 36.32 874
SFIX R,10243835.0,
EFIX R,10243835.0,10244379 546 884.3 533.7 1324
SSACC R,10244381.0,
SBLINK R,10244479.0,
EBLINK R,10244479.0,10250581 6104
ESACC R,10244381.0,10250611 6232 865.1 549.9 -71.3 246.0 23.90 999
SFIX R,10250613.0,
EFIX R,10250613.0,10250661 50 -78.9 249.0 1423
SSACC R,10250663.0,
ESACC R,10250663.0,10250717 56 -86.2 261.4 -835.8 651.4 16.18 504
SFIX R,10250719.0,
EFIX R,10250719.0,10250827 110 -833.3 642.8 1380
SSACC R,10250829.0,
ESACC R,10250829.0,10250881 54 -849.8 652.1 -1280.2 1306.5 13.78 494
SFIX R,10250883.0,
EFIX R,10250883.0,10251161 280 -1279.2 1325.5 890
SSACC R,10251163.0,
SBLINK R,10251223.0,
EBLINK R,10251223.0,10255767 4546
ESACC R,10251163.0,10255789 4628 -1287.0 1336.3 2772.5 1713.7 56.65 1011
SFIX R,10255791.0,
EFIX R,10255791.0,10255847 58 2768.7 1699.1 1502
SSACC R,10255849.0,
ESACC R,10255849.0,10255869 22 2770.2 1701.3 2867.9 1748.7 1.67 127
SFIX R,10255871.0,
EFIX R,10255871.0,10256039 170 2857.8 1745.9 1479
SSACC R,10256041.0,
SBLINK R,10256051.0,
EBLINK R,10256051.0,10257757 1708
ESACC R,10256041.0,10257765 1726 2858.3 1752.2 942.4 1152.6 37.88 998
SFIX R,10257767.0,
EFIX R,10257767.0,10257801 36 1254.8 1237.5 1554
SSACC R,10257803.0,
SBLINK R,10257817.0,
EBLINK R,10257817.0,10262791 4976
ESACC R,10257803.0,10262831 5030 1250.5 1236.0 876.1 -877.3 45.52 1242
SFIX R,10262833.0,
EFIX R,10262833.0,10262981 150 847.2 -872.0 1717
SSACC R,10262983.0,
SBLINK R,10262993.0,
EBLINK R,10262993.0,10263257 266
ESACC R,10262983.0,10263265 284 755.1 -821.3 753.8 -823.2 0.05 14
SFIX R,10263267.0,
EFIX R,10263267.0,10263935 670 730.3 -812.5 1076
SSACC R,10263937.0,
ESACC R,10263937.0,10264025 90 726.9 -820.3 -616.2 -409.8 27.17 536
SFIX R,10264027.0,
EFIX R,10264027.0,10264183 158 -606.2 -400.5 1280
SSACC R,10264185.0,
ESACC R,10264185.0,10264283 100 -603.6 -389.7 -1206.8 818.7 24.73 474
SFIX R,10264285.0,
EFIX R,10264285.0,10264733 450 -1196.0 842.6 1336
SSACC R,10264735.0,
SBLINK R,10264777.0,
EBLINK R,10264777.0,10265087 312
ESACC R,10264735.0,10265127 394 -1176.2 845.2 -1106.7 1372.9 9.76 552
SFIX R,10265129.0,
EFIX R,10265129.0,10265351 224 -1089.4 1401.9 1536
SSACC R,10265353.0,
ESACC R,10265353.0,10265361 10 -1088.8 1406.9 -1121.6 1409.7 0.46 57
SFIX R,10265363.0,
EFIX R,10265363.0,10265679 318 -1129.3 1412.5 1553
SSACC R,10265681.0,
ESACC R,10265681.0,10265771 92 -1128.2 1417.0 697.4 953.2 34.23 836
SFIX R,10265773.0,
EFIX R,10265773.0,10265875 104 705.0 974.1 1547
SSACC R,10265877.0,
SBLINK R,10265897.0,
EBLINK R,10265897.0,10265993 98
ESACC R,10265877.0,10266053 178 703.6 978.1 805.0 711.0 7.53 1320
SFIX R,10266055.0,
EFIX R,10266055.0,10266223 170 801.3 703.8 1319
SSACC R,10266225.0,
ESACC R,10266225.0,10266233 10 802.4 714.0 814.7 703.5 0.44 59
SFIX R,10266235.0,
EFIX R,10266235.0,10266413 180 821.0 692.3 1258
SSACC R,10266415.0,
ESACC R,10266415.0,10266433 20 822.8 695.4 883.8 679.1 1.70 159
SFIX R,10266435.0,
EFIX R,10266435.0,10266563 130 887.2 680.0 1131
SSACC R,10266565.0,
ESACC R,10266565.0,10266615 52 883.1 680.3 1421.2 723.0 14.24 496
SFIX R,10266617.0,
EFIX R,10266617.0,10266693 78 1413.1 723.5 998
SSACC R,10266695.0,
ESACC R,10266695.0,10266757 64 1409.1 718.8 2216.0 1412.2 24.00 601
SFIX R,10266759.0,
EFIX R,10266759.0,10266927 170 2185.3 1409.3 899
SSACC R,10266929.0,
ESACC R,10266929.0,10266969 42 2167.1 1412.5 2464.7 1752.6 8.54 373
SFIX R,10266971.0,
EFIX R,10266971.0,10267241 272 2453.4 1756.4 962
SSACC R,10267243.0,
ESACC R,10267243.0,10267267 26 2448.9 1755.4 2306.8 1810.7 2.68 197
SFIX R,10267269.0,
EFIX R,10267269.0,10267767 500 2311.0 1806.9 1168
SSACC R,10267769.0,
SBLINK R,10267791.0,
EBLINK R,10267791.0,10267963 174
ESACC R,10267769.0,10267997 230 2307.0 1784.4 1071.3 1745.3 25.18 129
SFIX R,10267999.0,
EFIX R,10267999.0,10268153 156 1056.1 1768.8 1559
SSACC R,10268155.0,
ESACC R,10268155.0,10268207 54 1057.2 1783.7 607.6 2031.4 11.17 377
SFIX R,10268209.0,
EFIX R,10268209.0,10268437 230 594.1 2039.7 1615
SSACC R,10268439.0,
ESACC R,10268439.0,10268495 58 591.5 2038.5 930.8 1379.7 15.55 662
SFIX R,10268497.0,
EFIX R,10268497.0,10268673 178 918.5 1378.9 1704
SSACC R,10268675.0,
ESACC R,10268675.0,10268709 36 914.7 1378.0 712.3 1274.6 5.67 332
SFIX R,10268711.0,
EFIX R,10268711.0,10268961 252 699.0 1277.7 1686
SSACC R,10268963.0,
ESACC R,10268963.0,10268983 22 696.1 1281.6 623.1 1283.9 1.83 155
SFIX R,10268985.0,
EFIX R,10268985.0,10269737 754 627.5 1277.1 1720
SSACC R,10269739.0,
ESACC R,10269739.0,10269799 62 605.8 1277.2 727.2 2094.8 16.79 436
SFIX R,10269801.0,
EFIX R,10269801.0,10269959 160 719.8 2079.3 1760
SSACC R,10269961.0,
ESACC R,10269961.0,10269987 28 714.0 2072.9 579.1 2092.7 2.93 223
SFIX R,10269989.0,
EFIX R,10269989.0,10270147 160 577.5 2089.9 1813
SSACC R,10270149.0,
SBLINK R,10270159.0,
EBLINK R,10270159.0,10275361 5204
ESACC R,10270149.0,10275369 5222 714.0 2072.9 579.1 2092.7 2.88 0
SFIX R,10275371.0,
EFIX R,10275371.0,10275473 104 817.4 1380.6 1875
SSACC R,10275475.0,
SBLINK R,10275525.0,
EBLINK R,10275525.0,10276909 1386
ESACC R,10275475.0,10276971 1498 813.6 1380.3 -603.5 -573.8 49.41 773
SFIX R,10276973.0,
EFIX R,10276973.0,10277757 786 -670.1 -511.8 1489
SSACC R,10277759.0,
ESACC R,10277759.0,10277805 48 -694.9 -505.7 -83.6 -407.1 11.28 473
SFIX R,10277807.0,
EFIX R,10277807.0,10278073 268 -81.5 -411.7 1467
SSACC R,10278075.0,
SBLINK R,10278105.0,
EBLINK R,10278105.0,10278173 70
ESACC R,10278075.0,10278201 128 -85.1 -405.2 72.5 -246.9 4.79 2622
SFIX R,10278203.0,
EFIX R,10278203.0,10278243 42 67.2 -226.7 1522
SSACC R,10278245.0,
SBLINK R,10278269.0,
EBLINK R,10278269.0,10288173 9906
ESACC R,10278245.0,10288181 9938 74.2 -217.4 737.1 461.4 23.15 2066
SFIX R,10288183.0,
EFIX R,10288183.0,10288245 64 1117.4 713.2 2132
SSACC R,10288247.0,
ESACC R,10288247.0,10288281 36 1114.4 712.4 925.9 585.4 6.13 380
SFIX R,10288283.0,
EFIX R,10288283.0,10288469 188 909.0 643.6 1833
SSACC R,10288471.0,
SBLINK R,10288515.0,
EBLINK R,10288515.0,10290435 1922
ESACC R,10288471.0,10290507 2038 896.5 685.1 891.0 810.0 3.35 1615
SFIX R,10290509.0,
EFIX R,10290509.0,10290629 122 871.9 816.7 2111
SSACC R,10290631.0,
ESACC R,10290631.0,10290671 42 865.7 821.7 932.8 528.1 8.09 466
SFIX R,10290673.0,
EFIX R,10290673.0,10291465 794 927.2 583.9 1916
SSACC R,10291467.0,
ESACC R,10291467.0,10291499 34 936.6 587.9 768.8 571.2 4.55 269
SFIX R,10291501.0,
EFIX R,10291501.0,10291681 182 765.4 573.8 1913
SSACC R,10291683.0,
ESACC R,10291683.0,10291707 26 762.2 579.9 901.2 559.3 3.79 280
SFIX R,10291709.0,
MSG,10291749.0,STORY_2_START
EFIX R,10291709.0,10291927 220 895.7 556.5 1837
SSACC R,10291929.0,
ESACC R,10291929.0,10291945 18 884.6 559.0 936.0 548.7 1.42 117
SFIX R,10291947.0,
EFIX R,10291947.0,10292405 460 938.4 559.3 1690
SSACC R,10292407.0,
ESACC R,10292407.0,10292419 14 940.7 570.3 931.9 569.2 0.24 46
SFIX R,10292421.0,
EFIX R,10292421.0,10296419 4000 936.7 546.0 1786
SSACC R,10296421.0,
SBLINK R,10296449.0,
EBLINK R,10296449.0,10296505 58
ESACC R,10296421.0,10296575 156 933.9 567.0 934.6 546.3 0.56 2181
SFIX R,10296577.0,
EFIX R,10296577.0,10297179 604 928.8 570.0 1286
SSACC R,10297181.0,
ESACC R,10297181.0,10297239 60 921.9 567.4 904.6 1236.4 17.20 436
SFIX R,10297241.0,
EFIX R,10297241.0,10297557 318 906.4 1229.3 1255
SSACC R,10297559.0,
ESACC R,10297559.0,10297617 60 903.9 1216.8 932.4 566.8 16.77 474
SFIX R,10297619.0,
EFIX R,10297619.0,10297821 204 925.3 569.3 1411
SSACC R,10297823.0,
ESACC R,10297823.0,10297833 12 920.2 583.1 933.7 561.5 0.69 73
SFIX R,10297835.0,
EFIX R,10297835.0,10299455 1622 928.9 533.5 1548
SSACC R,10299457.0,
ESACC R,10299457.0,10299463 8 926.2 541.6 926.5 528.8 0.35 45
SFIX R,10299465.0,
EFIX R,10299465.0,10299495 32 925.6 528.5 1481
SSACC R,10299497.0,
ESACC R,10299497.0,10299501 6 922.0 530.6 921.4 523.6 0.19 54
SFIX R,10299503.0,
EFIX R,10299503.0,10299573 72 928.5 514.1 1496
SSACC R,10299575.0,
SBLINK R,10299607.0,
EBLINK R,10299607.0,10299681 76
ESACC R,10299575.0,10299769 196 935.5 511.4 924.3 508.3 0.31 1486
SFIX R,10299771.0,
EFIX R,10299771.0,10300073 304 923.7 534.8 1532
SSACC R,10300075.0,
ESACC R,10300075.0,10300089 16 925.1 552.9 938.0 552.3 0.35 60
SFIX R,10300091.0,
EFIX R,10300091.0,10301211 1122 933.3 552.8 1458
SSACC R,10301213.0,
ESACC R,10301213.0,10301219 8 928.2 546.5 941.4 546.7 0.36 59
SFIX R,10301221.0,
EFIX R,10301221.0,10301447 228 941.1 547.5 1510
SSACC R,10301449.0,
ESACC R,10301449.0,10301463 16 939.0 547.6 929.0 547.6 0.27 68
SFIX R,10301465.0,
EFIX R,10301465.0,10301925 462 929.4 555.8 1560
SSACC R,10301927.0,
ESACC R,10301927.0,10301955 30 926.7 570.4 925.3 564.2 0.17 112
SFIX R,10301957.0,
EFIX R,10301957.0,10302023 68 918.9 558.4 1594
SSACC R,10302025.0,
SBLINK R,10302035.0,
EBLINK R,10302035.0,10302035 2
ESACC R,10302025.0,10302043 20 926.7 570.4 925.3 564.2 0.17 0
SFIX R,10302045.0,
EFIX R,10302045.0,10302083 40 913.2 555.0 1606
SSACC R,10302085.0,
SBLINK R,10302095.0,
EBLINK R,10302095.0,10302175 82
ESACC R,10302085.0,10302183 100 910.2 551.2 906.7 553.2 0.11 17
SFIX R,10302185.0,
EFIX R,10302185.0,10302221 38 911.7 553.5 1608
SSACC R,10302223.0,
SBLINK R,10302233.0,
EBLINK R,10302233.0,10302291 60
ESACC R,10302223.0,10302299 78 913.1 557.3 912.8 556.9 0.01 12
SFIX R,10302301.0,
EFIX R,10302301.0,10304011 1712 926.0 544.3 1709
SSACC R,10304013.0,
ESACC R,10304013.0,10304023 12 928.2 537.1 953.7 538.9 0.69 78
SFIX R,10304025.0,
EFIX R,10304025.0,10304181 158 947.1 535.4 1729
SSACC R,10304183.0,
ESACC R,10304183.0,10304193 12 944.5 534.4 918.6 534.4 0.70 75
SFIX R,10304195.0,
EFIX R,10304195.0,10304657 464 912.1 538.4 1727
SSACC R,10304659.0,
ESACC R,10304659.0,10304667 10 906.3 538.2 925.1 534.8 0.52 64
SFIX R,10304669.0,
EFIX R,10304669.0,10305105 438 916.6 532.3 1704
SSACC R,10305107.0,
ESACC R,10305107.0,10305121 16 911.6 530.4 896.9 530.3 0.40 57
SFIX R,10305123.0,
EFIX R,10305123.0,10305327 206 921.4 527.0 1687
SSACC R,10305329.0,
ESACC R,10305329.0,10305337 10 923.4 527.4 908.5 523.0 0.42 52
SFIX R,10305339.0,
EFIX R,10305339.0,10305515 178 911.1 525.0 1698
SSACC R,10305517.0,
SBLINK R,10305547.0,
EBLINK R,10305547.0,10305621 76
ESACC R,10305517.0,10305691 176 910.5 530.3 915.6 512.4 0.50 1815
SFIX R,10305693.0,
EFIX R,10305693.0,10305947 256 913.1 533.0 1662
SSACC R,10305949.0,
ESACC R,10305949.0,10305963 16 910.9 538.2 902.5 534.4 0.25 54
SFIX R,10305965.0,
EFIX R,10305965.0,10306717 754 899.9 530.5 1477
SSACC R,10306719.0,
ESACC R,10306719.0,10306735 18 901.4 523.2 929.8 522.8 0.77 80
SFIX R,10306737.0,
EFIX R,10306737.0,10306953 218 927.5 519.3 1591
SSACC R,10306955.0,
ESACC R,10306955.0,10306965 12 928.8 518.2 909.2 526.8 0.58 68
SFIX R,10306967.0,
EFIX R,10306967.0,10309529 2564 909.0 531.9 1521
SSACC R,10309531.0,
ESACC R,10309531.0,10309545 16 916.4 548.9 922.3 544.6 0.20 49
SFIX R,10309547.0,
EFIX R,10309547.0,10310243 698 920.5 541.0 1307
SSACC R,10310245.0,
ESACC R,10310245.0,10310259 16 920.1 538.2 909.4 536.8 0.29 62
SFIX R,10310261.0,
EFIX R,10310261.0,10310529 270 911.2 538.4 1388
SSACC R,10310531.0,
SBLINK R,10310567.0,
EBLINK R,10310567.0,10310633 68
ESACC R,10310531.0,10310681 152 918.0 537.8 942.4 516.3 0.88 1816
SFIX R,10310683.0,
EFIX R,10310683.0,10311479 798 917.8 521.3 1448
SSACC R,10311481.0,
ESACC R,10311481.0,10311495 16 901.8 532.2 878.3 537.0 0.65 75
SFIX R,10311497.0,
EFIX R,10311497.0,10311691 196 884.2 538.1 1458
SSACC R,10311693.0,
ESACC R,10311693.0,10311699 8 889.3 539.4 901.0 542.2 0.33 52
SFIX R,10311701.0,
EFIX R,10311701.0,10314421 2722 918.4 530.2 1591
SSACC R,10314423.0,
ESACC R,10314423.0,10314441 20 910.1 514.7 950.0 517.9 1.08 102
SFIX R,10314443.0,
EFIX R,10314443.0,10314573 132 941.8 510.1 1663
SSACC R,10314575.0,
ESACC R,10314575.0,10314579 6 938.6 501.1 929.1 504.0 0.27 55
SFIX R,10314581.0,
EFIX R,10314581.0,10315363 784 924.7 527.7 1615
SSACC R,10315365.0,
ESACC R,10315365.0,10315379 16 922.6 526.4 891.2 525.2 0.85 91
SFIX R,10315381.0,
EFIX R,10315381.0,10315465 86 900.2 512.5 1540
SSACC R,10315467.0,
ESACC R,10315467.0,10315483 18 903.5 495.8 952.0 492.4 1.32 128
SFIX R,10315485.0,
EFIX R,10315485.0,10315523 40 949.6 480.5 1620
SSACC R,10315525.0,
SBLINK R,10315559.0,
EBLINK R,10315559.0,10315667 110
ESACC R,10315525.0,10315715 192 955.0 468.5 932.4 445.0 0.88 2768
SFIX R,10315717.0,
EFIX R,10315717.0,10315853 138 923.3 469.2 1751
SSACC R,10315855.0,
ESACC R,10315855.0,10315861 8 920.7 480.2 921.4 492.3 0.33 50
SFIX R,10315863.0,
EFIX R,10315863.0,10315953 92 920.4 505.8 1744
SSACC R,10315955.0,
ESACC R,10315955.0,10315961 8 926.0 504.0 938.7 502.5 0.35 53
SFIX R,10315963.0,
EFIX R,10315963.0,10316219 258 936.5 500.3 1675
SSACC R,10316221.0,
SBLINK R,10316249.0,
EBLINK R,10316249.0,10316313 66
ESACC R,10316221.0,10316359 140 934.9 496.3 956.9 517.0 0.82 1979
SFIX R,10316361.0,
EFIX R,10316361.0,10316515 156 945.7 515.2 1511
SSACC R,10316517.0,
ESACC R,10316517.0,10316531 16 940.9 510.3 911.1 513.8 0.81 81
SFIX R,10316533.0,
EFIX R,10316533.0,10317209 678 924.6 498.8 1526
SSACC R,10317211.0,
ESACC R,10317211.0,10317267 58 919.4 509.3 880.9 511.0 1.04 148
SFIX R,10317269.0,
EFIX R,10317269.0,10317383 116 885.8 503.7 1525
SSACC R,10317385.0,
ESACC R,10317385.0,10317399 16 885.0 502.1 925.1 503.1 1.09 95
SFIX R,10317401.0,
EFIX R,10317401.0,10319359 1960 920.4 497.0 1681
SSACC R,10319361.0,
ESACC R,10319361.0,10319377 18 913.6 512.5 922.5 510.8 0.25 61
SFIX R,10319379.0,
EFIX R,10319379.0,10323603 4226 918.0 531.2 1336
SSACC R,10323605.0,
ESACC R,10323605.0,10323621 18 922.1 532.8 918.2 531.9 0.11 54
SFIX R,10323623.0,
EFIX R,10323623.0,10324067 446 922.2 527.5 1459
SSACC R,10324069.0,
ESACC R,10324069.0,10324091 24 923.3 530.4 968.2 527.9 1.22 118
SFIX R,10324093.0,
EFIX R,10324093.0,10324183 92 958.5 529.5 1480
SSACC R,10324185.0,
ESACC R,10324185.0,10324205 22 957.3 529.2 913.1 535.6 1.21 132
SFIX R,10324207.0,
EFIX R,10324207.0,10325469 1264 908.1 515.8 1589
SSACC R,10325471.0,
ESACC R,10325471.0,10325485 16 900.2 495.2 893.6 482.3 0.39 46
SFIX R,10325487.0,
EFIX R,10325487.0,10325751 266 905.9 480.8 1725
SSACC R,10325753.0,
ESACC R,10325753.0,10325757 6 911.8 482.9 919.1 485.7 0.21 56
SFIX R,10325759.0,
EFIX R,10325759.0,10326063 306 922.5 497.4 1764
SSACC R,10326065.0,
ESACC R,10326065.0,10326111 48 922.4 495.5 961.7 496.2 1.07 103
SFIX R,10326113.0,
EFIX R,10326113.0,10326273 162 958.6 492.2 1802
SSACC R,10326275.0,
ESACC R,10326275.0,10326289 16 956.5 494.1 921.6 499.8 0.96 89
SFIX R,10326291.0,
EFIX R,10326291.0,10330813 4524 921.2 501.9 1891
SSACC R,10330815.0,
ESACC R,10330815.0,10330829 16 921.4 495.9 910.7 496.3 0.29 60
SFIX R,10330831.0,
EFIX R,10330831.0,10331333 504 922.8 489.6 1912
SSACC R,10331335.0,
ESACC R,10331335.0,10331353 20 925.2 484.2 967.8 491.1 1.17 117
SFIX R,10331355.0,
EFIX R,10331355.0,10331469 116 960.9 492.2 1929
SSACC R,10331471.0,
ESACC R,10331471.0,10331487 18 957.4 492.0 919.2 496.8 1.04 106
SFIX R,10331489.0,
EFIX R,10331489.0,10332121 634 920.8 499.0 1864
SSACC R,10332123.0,
ESACC R,10332123.0,10332197 76 932.2 509.7 921.0 514.0 0.33 1118
SFIX R,10332199.0,
EFIX R,10332199.0,10332513 316 913.8 514.7 1787
SSACC R,10332515.0,
ESACC R,10332515.0,10332525 12 907.9 513.0 933.0 510.8 0.68 71
SFIX R,10332527.0,
EFIX R,10332527.0,10333511 986 924.7 508.1 1724
SSACC R,10333513.0,
ESACC R,10333513.0,10333517 6 922.2 496.0 931.9 500.3 0.29 52
SFIX R,10333519.0,
EFIX R,10333519.0,10334087 570 939.7 501.8 1760
SSACC R,10334089.0,
ESACC R,10334089.0,10334105 18 945.2 498.3 937.4 509.3 0.37 51
SFIX R,10334107.0,
EFIX R,10334107.0,10334257 152 947.4 508.2 1695
SSACC R,10334259.0,
ESACC R,10334259.0,10334267 10 945.0 510.8 924.6 503.5 0.59 72
SFIX R,10334269.0,
EFIX R,10334269.0,10334479 212 929.5 500.6 1667
SSACC R,10334481.0,
ESACC R,10334481.0,10334485 6 931.9 502.8 940.8 504.2 0.24 53
SFIX R,10334487.0,
EFIX R,10334487.0,10335361 876 928.6 504.0 1707
SSACC R,10335363.0,
ESACC R,10335363.0,10335379 18 920.3 508.8 928.0 508.1 0.21 46
SFIX R,10335381.0,
EFIX R,10335381.0,10336187 808 926.1 520.1 1679
SSACC R,10336189.0,
ESACC R,10336189.0,10336207 20 913.2 533.3 903.3 539.0 0.31 70
SFIX R,10336209.0,
EFIX R,10336209.0,10336609 402 905.3 530.1 1621
SSACC R,10336611.0,
ESACC R,10336611.0,10336627 18 900.4 521.3 940.0 527.3 1.09 98
SFIX R,10336629.0,
EFIX R,10336629.0,10336743 116 933.4 521.0 1614
SSACC R,10336745.0,
ESACC R,10336745.0,10336755 12 927.2 514.6 901.3 523.1 0.74 81
SFIX R,10336757.0,
EFIX R,10336757.0,10337151 396 901.1 525.5 1589
SSACC R,10337153.0,
ESACC R,10337153.0,10337165 14 898.8 532.4 893.3 522.8 0.30 48
SFIX R,10337167.0,
EFIX R,10337167.0,10339807 2642 904.1 530.2 1527
SSACC R,10339809.0,
ESACC R,10339809.0,10339825 18 924.3 535.5 925.4 532.3 0.09 50
SFIX R,10339827.0,
EFIX R,10339827.0,10342489 2664 936.3 530.1 1887
SSACC R,10342491.0,
ESACC R,10342491.0,10342505 16 911.5 522.8 903.5 530.5 0.30 56
SFIX R,10342507.0,
EFIX R,10342507.0,10344601 2096 913.3 548.8 1621
SSACC R,10344603.0,
ESACC R,10344603.0,10344687 86 920.6 559.5 935.3 535.7 0.76 942
SFIX R,10344689.0,
EFIX R,10344689.0,10345145 458 929.2 539.4 1564
SSACC R,10345147.0,
ESACC R,10345147.0,10345165 20 930.5 547.7 904.0 556.7 0.76 94
SFIX R,10345167.0,
EFIX R,10345167.0,10345437 272 902.7 555.7 1561
SSACC R,10345439.0,
ESACC R,10345439.0,10345447 10 897.5 561.0 916.4 556.6 0.53 59
SFIX R,10345449.0,
EFIX R,10345449.0,10346265 818 913.9 553.9 1508
SSACC R,10346267.0,
SBLINK R,10346303.0,
EBLINK R,10346303.0,10346373 72
ESACC R,10346267.0,10346429 164 915.9 567.9 930.3 519.2 1.38 1574
SFIX R,10346431.0,
EFIX R,10346431.0,10347555 1126 906.8 546.9 1390
SSACC R,10347557.0,
ESACC R,10347557.0,10347571 16 908.5 545.2 892.9 547.3 0.43 62
SFIX R,10347573.0,
EFIX R,10347573.0,10348509 938 905.3 544.5 1374
SSACC R,10348511.0,
ESACC R,10348511.0,10348525 16 915.4 530.2 943.1 527.4 0.75 70
SFIX R,10348527.0,
EFIX R,10348527.0,10348721 196 939.2 522.9 1495
SSACC R,10348723.0,
ESACC R,10348723.0,10348731 10 938.0 525.6 922.1 525.2 0.43 51
SFIX R,10348733.0,
EFIX R,10348733.0,10349073 342 916.8 536.5 1511
SSACC R,10349075.0,
ESACC R,10349075.0,10349081 8 916.8 543.0 928.8 544.6 0.33 48
SFIX R,10349083.0,
EFIX R,10349083.0,10349929 848 915.8 535.6 1517
SSACC R,10349931.0,
ESACC R,10349931.0,10349949 20 902.7 527.4 890.8 536.0 0.40 78
SFIX R,10349951.0,
EFIX R,10349951.0,10350861 912 901.1 533.9 1492
SSACC R,10350863.0,
ESACC R,10350863.0,10350881 20 906.4 522.7 941.0 518.2 0.95 95
SFIX R,10350883.0,
EFIX R,10350883.0,10351057 176 935.8 518.1 1564
SSACC R,10351059.0,
ESACC R,10351059.0,10351067 10 934.1 519.9 915.5 520.3 0.50 59
SFIX R,10351069.0,
EFIX R,10351069.0,10352675 1608 918.5 526.5 1528
SSACC R,10352677.0,
ESACC R,10352677.0,10352753 78 926.4 526.1 941.0 515.1 0.50 744
SFIX R,10352755.0,
EFIX R,10352755.0,10352841 88 938.1 519.3 1512
SSACC R,10352843.0,
SBLINK R,10352877.0,
EBLINK R,10352877.0,10352911 36
ESACC R,10352843.0,10352955 114 941.0 521.9 945.7 522.2 0.13 1437
SFIX R,10352957.0,
EFIX R,10352957.0,10353389 434 925.7 522.2 1535
SSACC R,10353391.0,
ESACC R,10353391.0,10353399 10 927.9 525.6 910.0 526.4 0.49 57
SFIX R,10353401.0,
EFIX R,10353401.0,10354157 758 915.6 534.3 1411
SSACC R,10354159.0,
SBLINK R,10354191.0,
EBLINK R,10354191.0,10354267 78
ESACC R,10354159.0,10354313 156 920.9 528.7 917.8 522.7 0.18 1626
SFIX R,10354315.0,
EFIX R,10354315.0,10354573 260 912.4 530.3 1512
SSACC R,10354575.0,
ESACC R,10354575.0,10354587 14 914.9 527.7 940.6 528.8 0.70 69
SFIX R,10354589.0,
EFIX R,10354589.0,10354887 300 933.0 531.2 1455
SSACC R,10354889.0,
SBLINK R,10354911.0,
EBLINK R,10354911.0,10355015 106
ESACC R,10354889.0,10355055 168 930.8 543.6 926.4 557.6 0.40 1980
SFIX R,10355057.0,
EFIX R,10355057.0,10355331 276 923.7 567.2 1371
SSACC R,10355333.0,
ESACC R,10355333.0,10355351 20 924.2 564.8 900.2 554.2 0.71 94
SFIX R,10355353.0,
EFIX R,10355353.0,10355517 166 898.1 548.8 1406
SSACC R,10355519.0,
ESACC R,10355519.0,10355527 10 902.7 538.7 920.9 546.3 0.53 64
SFIX R,10355529.0,
EFIX R,10355529.0,10356723 1196 939.2 540.5 1535
SSACC R,10356725.0,
ESACC R,10356725.0,10356745 22 954.3 523.0 926.6 521.1 0.75 121
SFIX R,10356747.0,
EFIX R,10356747.0,10356887 142 930.2 514.4 1767
SSACC R,10356889.0,
ESACC R,10356889.0,10356899 12 931.6 511.0 957.5 514.1 0.71 76
SFIX R,10356901.0,
EFIX R,10356901.0,10359099 2200 957.5 514.8 1829
SSACC R,10359101.0,
ESACC R,10359101.0,10359123 24 963.8 504.9 921.6 496.0 1.17 143
SFIX R,10359125.0,
EFIX R,10359125.0,10359143 20 927.3 495.2 1971
SSACC R,10359145.0,
ESACC R,10359145.0,10359167 24 927.6 492.9 1005.8 503.0 2.14 231
SFIX R,10359169.0,
EFIX R,10359169.0,10359277 110 1000.0 496.0 1987
SSACC R,10359279.0,
ESACC R,10359279.0,10359295 18 998.0 492.3 961.3 499.0 1.01 101
SFIX R,10359297.0,
EFIX R,10359297.0,10361789 2494 957.4 507.3 1994
SSACC R,10361791.0,
ESACC R,10361791.0,10361811 22 914.2 525.4 936.7 525.8 0.61 101
SFIX R,10361813.0,
EFIX R,10361813.0,10361935 124 936.2 529.9 1751
SSACC R,10361937.0,
ESACC R,10361937.0,10361949 14 934.9 537.5 913.2 539.7 0.59 68
SFIX R,10361951.0,
EFIX R,10361951.0,10364067 2118 930.6 540.1 1704
SSACC R,10364069.0,
ESACC R,10364069.0,10364077 10 917.0 541.4 927.8 540.6 0.29 50
SFIX R,10364079.0,
EFIX R,10364079.0,10364363 286 928.0 538.8 1580
SSACC R,10364365.0,
ESACC R,10364365.0,10364371 8 905.6 532.0 914.3 536.8 0.27 44
SFIX R,10364373.0,
EFIX R,10364373.0,10366631 2260 914.6 541.3 1535
SSACC R,10366633.0,
ESACC R,10366633.0,10366651 20 916.2 542.0 943.1 552.8 0.79 86
SFIX R,10366653.0,
EFIX R,10366653.0,10366821 170 933.6 546.9 1618
SSACC R,10366823.0,
ESACC R,10366823.0,10366837 16 928.9 549.7 897.5 549.4 0.85 84
SFIX R,10366839.0,
EFIX R,10366839.0,10367399 562 904.3 548.8 1638
SSACC R,10367401.0,
ESACC R,10367401.0,10367419 20 913.0 540.2 949.5 547.6 1.01 97
SFIX R,10367421.0,
EFIX R,10367421.0,10367561 142 941.9 547.0 1694
SSACC R,10367563.0,
ESACC R,10367563.0,10367577 16 937.8 551.0 907.5 548.2 0.82 78
SFIX R,10367579.0,
EFIX R,10367579.0,10368315 738 910.3 554.4 1634
SSACC R,10368317.0,
ESACC R,10368317.0,10368337 22 900.8 554.9 941.4 553.5 1.10 119
SFIX R,10368339.0,
EFIX R,10368339.0,10368381 44 933.5 553.9 1531
SSACC R,10368383.0,
ESACC R,10368383.0,10368401 20 933.2 552.2 876.8 548.5 1.53 137
SFIX R,10368403.0,
EFIX R,10368403.0,10368507 106 881.4 551.3 1517
SSACC R,10368509.0,
ESACC R,10368509.0,10368527 20 878.7 547.9 918.6 557.4 1.11 117
SFIX R,10368529.0,
EFIX R,10368529.0,10368721 194 911.5 548.4 1493
SSACC R,10368723.0,
ESACC R,10368723.0,10368731 10 905.5 544.3 888.6 544.9 0.46 60
SFIX R,10368733.0,
EFIX R,10368733.0,10368827 96 895.8 548.3 1466
SSACC R,10368829.0,
SBLINK R,10368859.0,
EBLINK R,10368859.0,10368895 38
ESACC R,10368829.0,10368951 124 904.4 550.9 918.2 537.2 0.53 1520
SFIX R,10368953.0,
EFIX R,10368953.0,10369061 110 913.1 546.1 1408
SSACC R,10369063.0,
SBLINK R,10369091.0,
EBLINK R,10369091.0,10369341 252
ESACC R,10369063.0,10369375 314 919.8 546.9 936.6 526.4 0.72 1894
SFIX R,10369377.0,
EFIX R,10369377.0,10369585 210 896.3 538.0 1365
SSACC R,10369587.0,
ESACC R,10369587.0,10369595 10 895.3 526.1 912.9 538.4 0.58 70
SFIX R,10369597.0,
EFIX R,10369597.0,10370079 484 909.6 544.9 1269
SSACC R,10370081.0,
SBLINK R,10370105.0,
EBLINK R,10370105.0,10370197 94
ESACC R,10370081.0,10370251 172 915.4 549.2 938.8 553.9 0.65 966
SFIX R,10370253.0,
EFIX R,10370253.0,10370409 158 929.2 562.0 1281
SSACC R,10370411.0,
ESACC R,10370411.0,10370423 14 919.9 559.1 906.1 547.3 0.49 57
SFIX R,10370425.0,
EFIX R,10370425.0,10373223 2800 913.2 546.8 1399
SSACC R,10373225.0,
ESACC R,10373225.0,10373257 34 901.3 554.9 807.0 647.6 3.57 258
SFIX R,10373259.0,
EFIX R,10373259.0,10373419 162 806.1 634.3 1461
SSACC R,10373421.0,
ESACC R,10373421.0,10373443 24 805.1 627.3 913.6 600.0 3.02 251
SFIX R,10373445.0,
EFIX R,10373445.0,10373611 168 908.6 581.3 1446
SSACC R,10373613.0,
ESACC R,10373613.0,10373619 8 903.8 576.8 899.4 563.1 0.39 54
SFIX R,10373621.0,
EFIX R,10373621.0,10377425 3806 899.2 549.8 1245
SSACC R,10377427.0,
ESACC R,10377427.0,10377441 16 917.6 554.4 931.5 548.8 0.41 56
SFIX R,10377443.0,
EFIX R,10377443.0,10378199 758 930.8 548.7 1488
SSACC R,10378201.0,
ESACC R,10378201.0,10378237 38 939.8 545.1 960.2 543.7 0.55 78
SFIX R,10378239.0,
EFIX R,10378239.0,10378381 144 964.0 539.4 1595
SSACC R,10378383.0,
ESACC R,10378383.0,10378391 10 967.4 533.8 950.2 534.7 0.47 54
SFIX R,10378393.0,
EFIX R,10378393.0,10379635 1244 943.1 536.8 1700
SSACC R,10379637.0,
ESACC R,10379637.0,10379653 18 932.6 546.0 956.8 544.7 0.66 95
SFIX R,10379655.0,
EFIX R,10379655.0,10379785 132 952.0 543.7 1683
SSACC R,10379787.0,
ESACC R,10379787.0,10379797 12 949.3 540.3 927.7 544.2 0.59 72
SFIX R,10379799.0,
EFIX R,10379799.0,10381067 1270 945.2 534.8 1661
SSACC R,10381069.0,
ESACC R,10381069.0,10381089 22 947.7 536.1 917.2 532.4 0.83 110
SFIX R,10381091.0,
EFIX R,10381091.0,10381111 22 926.1 531.9 1641
SSACC R,10381113.0,
ESACC R,10381113.0,10381135 24 928.7 531.5 1003.2 536.9 2.02 202
SFIX R,10381137.0,
EFIX R,10381137.0,10381249 114 995.3 534.7 1637
SSACC R,10381251.0,
ESACC R,10381251.0,10381271 22 995.2 537.5 936.9 545.6 1.60 136
SFIX R,10381273.0,
EFIX R,10381273.0,10382665 1394 941.0 541.6 1677
SSACC R,10382667.0,
ESACC R,10382667.0,10382681 16 939.7 547.0 931.8 546.9 0.21 54
SFIX R,10382683.0,
EFIX R,10382683.0,10383383 702 923.4 554.5 1552
SSACC R,10383385.0,
ESACC R,10383385.0,10383401 18 910.7 558.0 901.3 559.9 0.26 67
SFIX R,10383403.0,
EFIX R,10383403.0,10384353 952 910.9 552.0 1409
SSACC R,10384355.0,
ESACC R,10384355.0,10384375 22 922.0 547.9 887.4 558.7 0.98 114
SFIX R,10384377.0,
EFIX R,10384377.0,10384453 78 894.0 561.2 1468
SSACC R,10384455.0,
ESACC R,10384455.0,10384483 30 894.4 562.8 970.5 560.8 2.06 228
SFIX R,10384485.0,
EFIX R,10384485.0,10384587 104 970.8 562.1 1479
SSACC R,10384589.0,
ESACC R,10384589.0,10384607 20 967.8 558.0 911.9 560.1 1.52 132
SFIX R,10384609.0,
EFIX R,10384609.0,10386303 1696 901.3 547.2 1511
SSACC R,10386305.0,
ESACC R,10386305.0,10386325 22 885.9 551.7 931.6 547.3 1.24 124
SFIX R,10386327.0,
EFIX R,10386327.0,10386463 138 920.9 541.6 1449
SSACC R,10386465.0,
ESACC R,10386465.0,10386481 18 918.3 536.9 895.7 541.1 0.62 79
SFIX R,10386483.0,
EFIX R,10386483.0,10386877 396 906.9 537.9 1348
SSACC R,10386879.0,
ESACC R,10386879.0,10386893 16 906.8 537.3 900.6 538.3 0.17 50
SFIX R,10386895.0,
EFIX R,10386895.0,10387759 866 899.7 538.1 1376
SSACC R,10387761.0,
ESACC R,10387761.0,10387777 18 892.0 538.2 888.8 538.1 0.09 62
SFIX R,10387779.0,
EFIX R,10387779.0,10387993 216 883.6 541.6 1435
SSACC R,10387995.0,
ESACC R,10387995.0,10388011 18 886.1 544.7 915.5 551.0 0.81 86
SFIX R,10388013.0,
EFIX R,10388013.0,10388113 102 910.1 550.3 1416
SSACC R,10388115.0,
ESACC R,10388115.0,10388131 18 912.4 550.9 864.3 553.6 1.31 116
SFIX R,10388133.0,
EFIX R,10388133.0,10388371 240 872.6 550.1 1434
SSACC R,10388373.0,
ESACC R,10388373.0,10388387 16 874.7 545.4 905.4 544.2 0.83 75
SFIX R,10388389.0,
EFIX R,10388389.0,10389445 1058 885.4 545.2 1357
SSACC R,10389447.0,
ESACC R,10389447.0,10389467 22 874.1 541.5 911.5 550.5 1.04 112
SFIX R,10389469.0,
EFIX R,10389469.0,10389833 366 901.2 549.6 1310
SSACC R,10389835.0,
ESACC R,10389835.0,10389853 20 904.2 549.7 866.2 559.5 1.06 124
SFIX R,10389855.0,
EFIX R,10389855.0,10390019 166 875.3 554.9 1308
SSACC R,10390021.0,
ESACC R,10390021.0,10390033 14 880.0 551.4 908.2 548.5 0.77 79
SFIX R,10390035.0,
EFIX R,10390035.0,10393355 3322 910.2 550.1 1420
SSACC R,10393357.0,
ESACC R,10393357.0,10393377 22 927.1 536.7 883.2 535.2 1.19 124
SFIX R,10393379.0,
EFIX R,10393379.0,10393411 34 892.9 530.7 1441
SSACC R,10393413.0,
ESACC R,10393413.0,10393437 26 891.3 528.5 971.9 538.4 2.20 219
SFIX R,10393439.0,
EFIX R,10393439.0,10393541 104 963.4 536.9 1445
SSACC R,10393543.0,
ESACC R,10393543.0,10393559 18 964.3 536.7 927.8 534.8 0.99 108
SFIX R,10393561.0,
EFIX R,10393561.0,10394391 832 930.8 529.1 1446
SSACC R,10394393.0,
ESACC R,10394393.0,10394397 6 924.3 527.4 931.5 526.0 0.20 44
SFIX R,10394399.0,
EFIX R,10394399.0,10394891 494 930.4 525.6 1490
SSACC R,10394893.0,
ESACC R,10394893.0,10394897 6 921.3 528.6 932.0 528.9 0.29 55
SFIX R,10394899.0,
EFIX R,10394899.0,10395235 338 933.8 531.7 1528
SSACC R,10395237.0,
ESACC R,10395237.0,10395257 22 932.9 530.2 913.8 532.5 0.52 84
SFIX R,10395259.0,
EFIX R,10395259.0,10395517 260 911.1 532.6 1493
SSACC R,10395519.0,
ESACC R,10395519.0,10395537 20 904.1 536.7 916.9 535.4 0.35 64
SFIX R,10395539.0,
EFIX R,10395539.0,10395933 396 911.8 532.6 1482
SSACC R,10395935.0,
ESACC R,10395935.0,10395955 22 919.6 533.4 910.5 547.2 0.45 85
SFIX R,10395957.0,
EFIX R,10395957.0,10398257 2302 919.9 539.1 1529
SSACC R,10398259.0,
ESACC R,10398259.0,10398279 22 919.8 538.0 927.5 536.4 0.21 72
SFIX R,10398281.0,
EFIX R,10398281.0,10399085 806 915.5 536.7 1512
SSACC R,10399087.0,
ESACC R,10399087.0,10399103 18 910.3 536.6 904.5 535.2 0.16 50
SFIX R,10399105.0,
EFIX R,10399105.0,10403755 4652 921.5 527.5 1486
SSACC R,10403757.0,
ESACC R,10403757.0,10403771 16 929.7 533.0 916.5 531.4 0.36 70
SFIX R,10403773.0,
EFIX R,10403773.0,10404349 578 927.2 531.9 1554
SSACC R,10404351.0,
ESACC R,10404351.0,10404367 18 933.6 531.1 972.3 537.3 1.06 106
SFIX R,10404369.0,
EFIX R,10404369.0,10404485 118 961.8 535.6 1538
SSACC R,10404487.0,
ESACC R,10404487.0,10404501 16 960.0 535.9 919.3 540.4 1.11 102
SFIX R,10404503.0,
EFIX R,10404503.0,10412193 7692 923.5 540.0 1456
SSACC R,10412195.0,
ESACC R,10412195.0,10412209 16 960.6 518.4 931.3 516.9 0.80 85
SFIX R,10412211.0,
EFIX R,10412211.0,10412889 680 945.7 521.5 1618
SSACC R,10412891.0,
ESACC R,10412891.0,10412905 16 936.8 529.4 942.0 541.8 0.36 51
SFIX R,10412907.0,
EFIX R,10412907.0,10413287 382 930.6 530.3 1647
SSACC R,10413289.0,
ESACC R,10413289.0,10413303 16 931.7 529.3 942.0 534.9 0.32 56
SFIX R,10413305.0,
EFIX R,10413305.0,10413521 218 940.8 526.2 1651
SSACC R,10413523.0,
ESACC R,10413523.0,10413539 18 941.5 524.8 922.5 528.0 0.52 69
SFIX R,10413541.0,
EFIX R,10413541.0,10414145 606 921.5 532.2 1606
SSACC R,10414147.0,
ESACC R,10414147.0,10414163 18 917.6 528.5 928.4 529.3 0.29 59
SFIX R,10414165.0,
EFIX R,10414165.0,10414729 566 922.3 524.3 1553
SSACC R,10414731.0,
ESACC R,10414731.0,10414737 8 923.8 522.7 913.1 518.9 0.31 52
SFIX R,10414739.0,
EFIX R,10414739.0,10415001 264 918.8 516.1 1542
SSACC R,10415003.0,
ESACC R,10415003.0,10415013 12 926.4 516.3 943.9 518.3 0.48 57
SFIX R,10415015.0,
EFIX R,10415015.0,10415385 372 933.2 516.3 1488
SSACC R,10415387.0,
ESACC R,10415387.0,10415495 110 938.4 515.8 932.3 525.1 0.30 1210
SFIX R,10415497.0,
EFIX R,10415497.0,10415649 154 928.7 537.0 1382
SSACC R,10415651.0,
SBLINK R,10415675.0,
EBLINK R,10415675.0,10415745 72
ESACC R,10415651.0,10415799 150 931.1 539.4 935.6 516.1 0.64 1934
SFIX R,10415801.0,
EFIX R,10415801.0,10417773 1974 928.7 536.2 1355
SSACC R,10417775.0,
ESACC R,10417775.0,10417779 6 936.2 534.4 943.8 534.9 0.21 50
SFIX R,10417781.0,
EFIX R,10417781.0,10419669 1890 936.3 526.9 1607
SSACC R,10419671.0,
ESACC R,10419671.0,10419693 24 920.5 532.6 1011.9 559.5 2.58 232
SFIX R,10419695.0,
EFIX R,10419695.0,10419825 132 998.4 563.3 1569
SSACC R,10419827.0,
ESACC R,10419827.0,10419847 22 996.2 562.6 923.8 549.7 1.99 166
SFIX R,10419849.0,
EFIX R,10419849.0,10420023 176 930.5 545.2 1568
SSACC R,10420025.0,
ESACC R,10420025.0,10420031 8 927.1 547.4 916.9 541.5 0.32 49
SFIX R,10420033.0,
EFIX R,10420033.0,10421577 1546 912.6 535.7 1512
SSACC R,10421579.0,
ESACC R,10421579.0,10421597 20 896.8 539.6 945.1 546.8 1.32 130
SFIX R,10421599.0,
EFIX R,10421599.0,10421719 122 926.9 542.5 1421
SSACC R,10421721.0,
ESACC R,10421721.0,10421737 18 920.0 541.6 879.6 542.0 1.09 106
SFIX R,10421739.0,
EFIX R,10421739.0,10424671 2934 896.8 542.9 1170
SSACC R,10424673.0,
ESACC R,10424673.0,10424687 16 900.6 544.5 888.6 546.2 0.33 55
SFIX R,10424689.0,
EFIX R,10424689.0,10425897 1210 904.4 543.3 1230
SSACC R,10425899.0,
ESACC R,10425899.0,10425919 22 913.6 542.1 938.6 546.5 0.69 100
SFIX R,10425921.0,
EFIX R,10425921.0,10427827 1908 919.8 543.0 1352
SSACC R,10427829.0,
ESACC R,10427829.0,10427851 24 910.9 532.0 992.5 571.6 2.46 215
SFIX R,10427853.0,
EFIX R,10427853.0,10428013 162 983.8 571.3 1399
SSACC R,10428015.0,
ESACC R,10428015.0,10428037 24 987.4 569.8 919.7 553.2 1.89 162
SFIX R,10428039.0,
EFIX R,10428039.0,10429223 1186 919.4 554.5 1189
SSACC R,10429225.0,
ESACC R,10429225.0,10429235 12 910.3 548.9 900.4 549.1 0.27 46
SFIX R,10429237.0,
EFIX R,10429237.0,10430639 1404 909.8 532.1 1279
SSACC R,10430641.0,
ESACC R,10430641.0,10430657 18 904.1 532.6 922.3 535.1 0.50 77
SFIX R,10430659.0,
EFIX R,10430659.0,10430827 170 908.0 535.9 1309
SSACC R,10430829.0,
ESACC R,10430829.0,10430841 14 901.7 535.4 878.2 538.9 0.64 67
SFIX R,10430843.0,
EFIX R,10430843.0,10431299 458 884.6 537.4 1271
SSACC R,10431301.0,
ESACC R,10431301.0,10431319 20 882.0 539.1 897.2 540.9 0.41 58
SFIX R,10431321.0,
EFIX R,10431321.0,10432729 1410 905.4 546.1 1181
SSACC R,10432731.0,
ESACC R,10432731.0,10432743 14 912.0 532.0 894.2 531.4 0.48 66
SFIX R,10432745.0,
EFIX R,10432745.0,10433687 944 909.0 530.6 1391
SSACC R,10433689.0,
ESACC R,10433689.0,10433707 20 910.6 532.7 958.6 540.5 1.32 118
SFIX R,10433709.0,
EFIX R,10433709.0,10433841 134 945.9 538.9 1473
SSACC R,10433843.0,
ESACC R,10433843.0,10433865 24 942.2 534.9 905.5 536.6 1.00 119
SFIX R,10433867.0,
EFIX R,10433867.0,10433905 40 908.9 531.3 1482
SSACC R,10433907.0,
ESACC R,10433907.0,10433929 24 906.8 531.2 968.9 539.2 1.70 160
SFIX R,10433931.0,
EFIX R,10433931.0,10434073 144 953.3 533.3 1493
SSACC R,10434075.0,
ESACC R,10434075.0,10434093 20 951.5 529.5 908.7 531.3 1.16 109
SFIX R,10434095.0,
EFIX R,10434095.0,10435363 1270 890.3 545.3 1454
SSACC R,10435365.0,
ESACC R,10435365.0,10435383 20 888.0 544.8 916.1 539.3 0.78 85
SFIX R,10435385.0,
EFIX R,10435385.0,10435525 142 910.6 540.6 1371
SSACC R,10435527.0,
ESACC R,10435527.0,10435545 20 910.8 541.9 876.6 548.0 0.94 103
SFIX R,10435547.0,
EFIX R,10435547.0,10436935 1390 891.9 539.0 1408
SSACC R,10436937.0,
ESACC R,10436937.0,10436959 24 903.2 547.3 984.1 559.8 2.22 190
SFIX R,10436961.0,
EFIX R,10436961.0,10437105 146 970.3 564.9 1416
SSACC R,10437107.0,
ESACC R,10437107.0,10437127 22 966.2 567.8 903.2 571.4 1.71 164
SFIX R,10437129.0,
EFIX R,10437129.0,10437623 496 907.4 564.8 1391
SSACC R,10437625.0,
ESACC R,10437625.0,10437639 16 902.6 564.1 894.5 556.0 0.31 46
SFIX R,10437641.0,
EFIX R,10437641.0,10438897 1258 882.8 558.0 1274
SSACC R,10438899.0,
SBLINK R,10438927.0,
EBLINK R,10438927.0,10439023 98
ESACC R,10438899.0,10439071 174 874.6 557.4 888.5 528.2 0.88 1560
SFIX R,10439073.0,
EFIX R,10439073.0,10439291 220 884.2 525.5 1265
SSACC R,10439293.0,
ESACC R,10439293.0,10439299 8 880.1 528.3 881.6 543.5 0.41 68
SFIX R,10439301.0,
EFIX R,10439301.0,10441121 1822 907.0 556.2 1169
SSACC R,10441123.0,
ESACC R,10441123.0,10441139 18 899.7 557.2 879.9 561.8 0.55 84
SFIX R,10441141.0,
EFIX R,10441141.0,10441301 162 886.9 555.5 1253
SSACC R,10441303.0,
ESACC R,10441303.0,10441323 22 888.1 550.4 920.4 557.3 0.90 105
SFIX R,10441325.0,
EFIX R,10441325.0,10443443 2120 921.0 529.3 1294
SSACC R,10443445.0,
ESACC R,10443445.0,10443463 20 937.5 520.6 930.7 526.3 0.24 82
SFIX R,10443465.0,
EFIX R,10443465.0,10444361 898 929.5 534.5 1513
SSACC R,10444363.0,
ESACC R,10444363.0,10444381 20 920.7 534.5 955.8 539.3 0.96 96
SFIX R,10444383.0,
EFIX R,10444383.0,10444637 256 948.0 543.8 1482
SSACC R,10444639.0,
ESACC R,10444639.0,10444649 12 947.7 548.6 927.0 537.7 0.63 67
SFIX R,10444651.0,
EFIX R,10444651.0,10445121 472 941.3 537.6 1584
SSACC R,10445123.0,
ESACC R,10445123.0,10445137 16 947.6 529.7 944.5 521.4 0.24 53
SFIX R,10445139.0,
EFIX R,10445139.0,10445743 606 943.9 520.3 1653
SSACC R,10445745.0,
ESACC R,10445745.0,10445759 16 937.5 514.3 928.6 524.4 0.36 52
SFIX R,10445761.0,
EFIX R,10445761.0,10447111 1352 929.6 523.9 1627
SSACC R,10447113.0,
ESACC R,10447113.0,10447129 18 919.3 519.3 926.7 518.9 0.20 54
SFIX R,10447131.0,
EFIX R,10447131.0,10448387 1258 926.4 527.1 1662
SSACC R,10448389.0,
ESACC R,10448389.0,10448403 16 946.6 532.2 959.9 527.2 0.39 67
SFIX R,10448405.0,
EFIX R,10448405.0,10449009 606 942.0 525.0 1668
SSACC R,10449011.0,
ESACC R,10449011.0,10449025 16 934.0 520.3 925.4 534.3 0.45 67
SFIX R,10449027.0,
EFIX R,10449027.0,10449071 46 930.2 530.9 1733
SSACC R,10449073.0,
ESACC R,10449073.0,10449097 26 928.9 532.0 955.4 529.7 0.72 129
SFIX R,10449099.0,
EFIX R,10449099.0,10449219 122 957.6 530.8 1748
SSACC R,10449221.0,
ESACC R,10449221.0,10449239 20 956.9 531.8 928.8 530.8 0.76 85
SFIX R,10449241.0,
EFIX R,10449241.0,10450443 1204 931.6 553.6 1546
SSACC R,10450445.0,
ESACC R,10450445.0,10450463 20 933.9 564.8 930.9 564.5 0.08 66
SFIX R,10450465.0,
EFIX R,10450465.0,10454077 3614 908.3 552.7 1201
SSACC R,10454079.0,
ESACC R,10454079.0,10454145 68 900.8 542.7 913.3 527.6 0.53 861
SFIX R,10454147.0,
EFIX R,10454147.0,10454375 230 901.3 538.7 1245
SSACC R,10454377.0,
SBLINK R,10454401.0,
EBLINK R,10454401.0,10454473 74
ESACC R,10454377.0,10454511 136 907.4 539.1 888.4 538.8 0.51 983
SFIX R,10454513.0,
EFIX R,10454513.0,10454831 320 878.8 549.2 1116
SSACC R,10454833.0,
ESACC R,10454833.0,10454859 28 870.4 557.9 887.3 565.9 0.51 123
SFIX R,10454861.0,
EFIX R,10454861.0,10455159 300 889.3 562.6 998
SSACC R,10455161.0,
ESACC R,10455161.0,10455167 8 885.0 559.7 874.2 558.7 0.29 50
SFIX R,10455169.0,
EFIX R,10455169.0,10456221 1054 908.6 525.7 1170
SSACC R,10456223.0,
ESACC R,10456223.0,10456243 22 929.9 510.3 967.3 508.2 1.02 120
SFIX R,10456245.0,
EFIX R,10456245.0,10456363 120 957.7 504.4 1454
SSACC R,10456365.0,
ESACC R,10456365.0,10456385 22 961.2 503.4 932.5 502.2 0.78 103
SFIX R,10456387.0,
EFIX R,10456387.0,10456681 296 941.7 494.7 1517
SSACC R,10456683.0,
ESACC R,10456683.0,10456687 6 942.5 494.0 950.5 498.4 0.25 50
SFIX R,10456689.0,
EFIX R,10456689.0,10459477 2790 944.3 512.4 1549
SSACC R,10459479.0,
ESACC R,10459479.0,10459503 26 951.1 500.0 961.0 502.1 0.27 94
SFIX R,10459505.0,
EFIX R,10459505.0,10461009 1506 941.8 510.3 1525
SSACC R,10461011.0,
ESACC R,10461011.0,10461029 20 914.5 530.4 900.6 536.1 0.41 75
SFIX R,10461031.0,
EFIX R,10461031.0,10461503 474 916.3 539.9 1197
SSACC R,10461505.0,
ESACC R,10461505.0,10461515 12 917.8 539.0 896.3 537.5 0.58 62
SFIX R,10461517.0,
EFIX R,10461517.0,10462111 596 896.3 532.0 1163
SSACC R,10462113.0,
ESACC R,10462113.0,10462127 16 895.1 535.3 927.0 534.9 0.86 78
SFIX R,10462129.0,
EFIX R,10462129.0,10462309 182 914.8 534.3 1141
SSACC R,10462311.0,
ESACC R,10462311.0,10462323 14 908.8 536.3 897.0 539.8 0.33 59
SFIX R,10462325.0,
EFIX R,10462325.0,10463011 688 901.9 524.8 1179
SSACC R,10463013.0,
ESACC R,10463013.0,10463039 28 904.1 509.6 888.6 510.6 0.42 118
SFIX R,10463041.0,
EFIX R,10463041.0,10463065 26 884.0 510.1 1285
SSACC R,10463067.0,
ESACC R,10463067.0,10463087 22 880.9 511.9 945.3 519.8 1.76 154
SFIX R,10463089.0,
EFIX R,10463089.0,10463213 126 930.3 519.9 1313
SSACC R,10463215.0,
ESACC R,10463215.0,10463227 14 931.9 521.7 903.0 523.7 0.79 76
SFIX R,10463229.0,
EFIX R,10463229.0,10464861 1634 915.0 513.3 1393
SSACC R,10464863.0,
ESACC R,10464863.0,10464881 20 921.7 516.3 929.9 517.9 0.23 74
SFIX R,10464883.0,
EFIX R,10464883.0,10465069 188 911.6 512.8 1511
SSACC R,10465071.0,
ESACC R,10465071.0,10465079 10 908.6 510.6 925.2 518.5 0.50 58
SFIX R,10465081.0,
EFIX R,10465081.0,10465967 888 931.4 530.7 1362
SSACC R,10465969.0,
ESACC R,10465969.0,10465995 28 929.7 530.5 951.6 541.0 0.66 116
SFIX R,10465997.0,
EFIX R,10465997.0,10466123 128 951.2 536.7 1288
SSACC R,10466125.0,
ESACC R,10466125.0,10466145 22 947.0 533.4 918.2 531.4 0.78 104
SFIX R,10466147.0,
EFIX R,10466147.0,10466427 282 923.8 517.0 1373
SSACC R,10466429.0,
ESACC R,10466429.0,10466449 22 922.5 515.5 943.1 508.1 0.59 87
SFIX R,10466451.0,
EFIX R,10466451.0,10468261 1812 929.3 494.9 1388
SSACC R,10468263.0,
ESACC R,10468263.0,10468293 32 938.5 492.1 934.9 519.6 0.75 118
SFIX R,10468295.0,
EFIX R,10468295.0,10469919 1626 917.1 534.4 1299
SSACC R,10469921.0,
ESACC R,10469921.0,10469937 18 919.6 540.8 912.7 544.2 0.21 46
SFIX R,10469939.0,
EFIX R,10469939.0,10470773 836 914.3 536.2 1156
SSACC R,10470775.0,
ESACC R,10470775.0,10470791 18 910.2 534.9 921.7 533.6 0.31 59
SFIX R,10470793.0,
EFIX R,10470793.0,10472063 1272 906.4 535.5 1084
SSACC R,10472065.0,
ESACC R,10472065.0,10472079 16 908.2 538.6 903.6 545.5 0.22 57
SFIX R,10472081.0,
EFIX R,10472081.0,10473123 1044 906.0 539.7 996
SSACC R,10473125.0,
ESACC R,10473125.0,10473139 16 897.3 527.6 933.0 530.3 0.97 98
SFIX R,10473141.0,
EFIX R,10473141.0,10473257 118 926.9 531.8 1017
SSACC R,10473259.0,
ESACC R,10473259.0,10473275 18 925.3 534.2 888.7 543.9 1.03 97
SFIX R,10473277.0,
EFIX R,10473277.0,10474273 998 897.5 538.9 960
SSACC R,10474275.0,
ESACC R,10474275.0,10474291 18 897.0 533.0 879.7 538.1 0.49 80
SFIX R,10474293.0,
EFIX R,10474293.0,10474423 132 880.7 534.0 963
SSACC R,10474425.0,
ESACC R,10474425.0,10474441 18 881.7 539.4 906.1 539.0 0.66 72
SFIX R,10474443.0,
EFIX R,10474443.0,10477677 3236 904.9 535.9 1005
SSACC R,10477679.0,
ESACC R,10477679.0,10477695 18 899.3 558.8 904.7 560.7 0.16 52
SFIX R,10477697.0,
EFIX R,10477697.0,10478285 590 903.3 556.6 964
SSACC R,10478287.0,
ESACC R,10478287.0,10478299 14 906.1 563.5 928.5 559.4 0.62 61
SFIX R,10478301.0,
EFIX R,10478301.0,10479769 1470 902.8 545.0 1125
SSACC R,10479771.0,
ESACC R,10479771.0,10479789 20 910.4 549.5 902.8 557.5 0.30 73
SFIX R,10479791.0,
EFIX R,10479791.0,10480501 712 913.8 542.5 1257
SSACC R,10480503.0,
ESACC R,10480503.0,10480521 20 920.6 540.8 965.4 549.2 1.24 107
SFIX R,10480523.0,
EFIX R,10480523.0,10480651 130 949.7 543.9 1268
SSACC R,10480653.0,
ESACC R,10480653.0,10480665 14 945.5 541.8 914.4 542.4 0.84 86
SFIX R,10480667.0,
EFIX R,10480667.0,10482749 2084 903.7 557.5 1098
SSACC R,10482751.0,
ESACC R,10482751.0,10482765 16 916.1 548.0 905.5 549.4 0.29 63
SFIX R,10482767.0,
EFIX R,10482767.0,10483329 564 908.8 550.2 1003
SSACC R,10483331.0,
SBLINK R,10483353.0,
EBLINK R,10483353.0,10483377 26
ESACC R,10483331.0,10483409 80 910.2 558.6 904.6 544.7 0.41 1121
SFIX R,10483411.0,
EFIX R,10483411.0,10483659 250 894.5 554.6 1108
SSACC R,10483661.0,
ESACC R,10483661.0,10483665 6 894.1 552.9 905.4 552.5 0.31 57
SFIX R,10483667.0,
EFIX R,10483667.0,10484471 806 900.9 557.3 1018
SSACC R,10484473.0,
SBLINK R,10484493.0,
EBLINK R,10484493.0,10484579 88
ESACC R,10484473.0,10484615 144 899.8 563.3 905.1 523.6 1.09 770
SFIX R,10484617.0,
EFIX R,10484617.0,10485143 528 898.4 547.5 1126
SSACC R,10485145.0,
ESACC R,10485145.0,10485153 10 892.4 559.0 903.9 567.6 0.39 48
SFIX R,10485155.0,
EFIX R,10485155.0,10487029 1876 895.7 557.5 1190
SSACC R,10487031.0,
SBLINK R,10487055.0,
EBLINK R,10487055.0,10487139 86
ESACC R,10487031.0,10487187 158 911.7 553.8 908.2 528.0 0.71 2052
SFIX R,10487189.0,
EFIX R,10487189.0,10488955 1768 899.5 557.0 1166
SSACC R,10488957.0,
ESACC R,10488957.0,10488971 16 907.6 558.4 934.8 561.7 0.74 78
SFIX R,10488973.0,
EFIX R,10488973.0,10489139 168 923.8 557.1 1348
SSACC R,10489141.0,
ESACC R,10489141.0,10489157 18 920.4 555.4 896.2 556.1 0.66 80
SFIX R,10489159.0,
EFIX R,10489159.0,10489521 364 902.6 548.6 1366
SSACC R,10489523.0,
ESACC R,10489523.0,10489527 6 903.4 552.8 911.5 554.1 0.22 43
SFIX R,10489529.0,
EFIX R,10489529.0,10491001 1474 893.9 558.5 1242
SSACC R,10491003.0,
SBLINK R,10491029.0,
EBLINK R,10491029.0,10491083 56
ESACC R,10491003.0,10491119 118 902.8 570.2 909.5 575.8 0.24 1869
SFIX R,10491121.0,
EFIX R,10491121.0,10491523 404 902.1 575.1 1216
SSACC R,10491525.0,
ESACC R,10491525.0,10491535 12 910.8 565.3 892.5 565.6 0.50 58
SFIX R,10491537.0,
EFIX R,10491537.0,10492355 820 904.4 566.8 1070
SSACC R,10492357.0,
ESACC R,10492357.0,10492373 18 903.7 557.3 930.0 555.2 0.72 77
SFIX R,10492375.0,
EFIX R,10492375.0,10492675 302 923.6 544.2 1189
SSACC R,10492677.0,
ESACC R,10492677.0,10492695 20 923.3 537.0 911.6 547.8 0.43 81
SFIX R,10492697.0,
EFIX R,10492697.0,10494425 1730 908.9 540.9 1319
SSACC R,10494427.0,
ESACC R,10494427.0,10494447 22 903.8 535.5 918.9 554.9 0.67 77
SFIX R,10494449.0,
EFIX R,10494449.0,10494919 472 912.3 546.0 1338
SSACC R,10494921.0,
ESACC R,10494921.0,10494925 6 900.1 550.1 908.8 549.7 0.24 45
SFIX R,10494927.0,
EFIX R,10494927.0,10495925 1000 898.6 546.5 1217
SSACC R,10495927.0,
ESACC R,10495927.0,10495937 12 898.4 539.3 917.9 542.4 0.54 58
SFIX R,10495939.0,
EFIX R,10495939.0,10496209 272 909.3 541.5 1266
SSACC R,10496211.0,
ESACC R,10496211.0,10496225 16 910.2 542.7 900.9 542.8 0.25 55
SFIX R,10496227.0,
EFIX R,10496227.0,10497199 974 902.4 550.7 1233
SSACC R,10497201.0,
SBLINK R,10497221.0,
EBLINK R,10497221.0,10497291 72
ESACC R,10497201.0,10497327 128 905.4 567.5 911.9 543.8 0.67 1207
SFIX R,10497329.0,
EFIX R,10497329.0,10499101 1774 899.6 555.6 915
SSACC R,10499103.0,
ESACC R,10499103.0,10499123 22 899.8 554.7 938.0 554.5 1.04 112
SFIX R,10499125.0,
EFIX R,10499125.0,10499215 92 928.8 552.7 1086
SSACC R,10499217.0,
ESACC R,10499217.0,10499237 22 928.4 552.5 897.3 555.8 0.85 100
SFIX R,10499239.0,
EFIX R,10499239.0,10499905 668 897.2 552.5 1119
SSACC R,10499907.0,
ESACC R,10499907.0,10499921 16 892.4 549.8 888.4 543.6 0.20 50
SFIX R,10499923.0,
EFIX R,10499923.0,10502575 2654 889.3 548.9 1165
SSACC R,10502577.0,
ESACC R,10502577.0,10502599 24 879.5 557.1 959.0 564.8 2.16 182
SFIX R,10502601.0,
EFIX R,10502601.0,10502717 118 947.4 564.5 1019
SSACC R,10502719.0,
ESACC R,10502719.0,10502739 22 947.8 563.0 892.7 557.7 1.50 138
SFIX R,10502741.0,
EFIX R,10502741.0,10503123 384 901.2 554.7 1036
SSACC R,10503125.0,
ESACC R,10503125.0,10503129 6 893.2 554.8 885.6 557.3 0.22 49
SFIX R,10503131.0,
EFIX R,10503131.0,10503287 158 885.1 557.3 950
SSACC R,10503289.0,
SBLINK R,10503309.0,
EBLINK R,10503309.0,10503381 74
ESACC R,10503289.0,10503407 120 887.9 566.5 900.5 525.8 1.15 637
SFIX R,10503409.0,
EFIX R,10503409.0,10503821 414 894.7 542.1 891
SSACC R,10503823.0,
ESACC R,10503823.0,10503829 8 888.6 543.8 877.8 546.4 0.30 48
SFIX R,10503831.0,
EFIX R,10503831.0,10506055 2226 882.6 554.9 989
SSACC R,10506057.0,
ESACC R,10506057.0,10506079 24 883.4 565.8 960.0 577.2 2.10 177
SFIX R,10506081.0,
EFIX R,10506081.0,10506199 120 942.8 575.4 1050
SSACC R,10506201.0,
ESACC R,10506201.0,10506221 22 940.1 571.5 884.3 578.6 1.52 155
SFIX R,10506223.0,
EFIX R,10506223.0,10510033 3812 885.8 556.3 941
SSACC R,10510035.0,
ESACC R,10510035.0,10510051 18 908.2 557.5 918.5 557.0 0.28 61
SFIX R,10510053.0,
EFIX R,10510053.0,10510577 526 914.0 562.7 1113
SSACC R,10510579.0,
ESACC R,10510579.0,10510599 22 922.0 569.5 885.3 566.4 1.00 105
SFIX R,10510601.0,
EFIX R,10510601.0,10510797 198 894.0 569.2 1040
SSACC R,10510799.0,
ESACC R,10510799.0,10510809 12 896.1 568.5 920.4 572.1 0.67 76
SFIX R,10510811.0,
EFIX R,10510811.0,10511347 538 913.3 572.3 967
SSACC R,10511349.0,
ESACC R,10511349.0,10511363 16 905.3 575.0 895.4 575.2 0.27 59
SFIX R,10511365.0,
EFIX R,10511365.0,10513949 2586 904.5 564.6 1082
SSACC R,10513951.0,
ESACC R,10513951.0,10513973 24 897.5 548.6 953.4 552.0 1.52 143
SFIX R,10513975.0,
EFIX R,10513975.0,10514075 102 939.8 550.9 1318
SSACC R,10514077.0,
ESACC R,10514077.0,10514097 22 940.8 548.2 897.6 558.0 1.20 123
SFIX R,10514099.0,
EFIX R,10514099.0,10515757 1660 896.2 562.3 1175
SSACC R,10515759.0,
ESACC R,10515759.0,10515781 24 886.4 557.5 972.1 593.2 2.52 205
SFIX R,10515783.0,
EFIX R,10515783.0,10515913 132 954.5 595.2 953
SSACC R,10515915.0,
ESACC R,10515915.0,10515935 22 954.9 594.1 891.0 571.1 1.84 164
SFIX R,10515937.0,
EFIX R,10515937.0,10517463 1528 898.1 559.3 868
SSACC R,10517465.0,
ESACC R,10517465.0,10517469 6 900.3 551.9 909.0 553.9 0.24 53
SFIX R,10517471.0,
EFIX R,10517471.0,10517861 392 908.8 548.7 948
SSACC R,10517863.0,
ESACC R,10517863.0,10517879 18 910.6 548.5 904.8 549.9 0.16 64
SFIX R,10517881.0,
EFIX R,10517881.0,10525205 7326 920.6 538.3 1094
SSACC R,10525207.0,
ESACC R,10525207.0,10525219 14 911.9 547.5 900.1 549.6 0.32 56
SFIX R,10525221.0,
EFIX R,10525221.0,10525765 546 909.7 551.2 1030
SSACC R,10525767.0,
SBLINK R,10525789.0,
EBLINK R,10525789.0,10525811 24
ESACC R,10525767.0,10525843 78 922.0 555.3 918.2 531.9 0.64 1060
SFIX R,10525845.0,
EFIX R,10525845.0,10526391 548 912.7 552.0 1053
SSACC R,10526393.0,
SBLINK R,10526411.0,
EBLINK R,10526411.0,10526527 118
ESACC R,10526393.0,10526553 162 916.0 555.9 920.2 513.3 1.16 802
SFIX R,10526555.0,
EFIX R,10526555.0,10526719 166 906.5 542.7 924
SSACC R,10526721.0,
ESACC R,10526721.0,10526733 14 900.7 545.4 894.0 574.1 0.80 79
SFIX R,10526735.0,
EFIX R,10526735.0,10527413 680 902.9 557.3 965
SSACC R,10527415.0,
SBLINK R,10527433.0,
EBLINK R,10527433.0,10527555 124
ESACC R,10527415.0,10527589 176 912.9 553.0 932.0 536.5 0.68 731
SFIX R,10527591.0,
EFIX R,10527591.0,10527895 306 922.6 555.3 1148
SSACC R,10527897.0,
ESACC R,10527897.0,10527901 6 923.9 557.7 918.6 555.1 0.16 38
SFIX R,10527903.0,
EFIX R,10527903.0,10529143 1242 910.9 554.9 1019
SSACC R,10529145.0,
ESACC R,10529145.0,10529165 22 914.0 544.5 909.3 544.4 0.13 70
SFIX R,10529167.0,
EFIX R,10529167.0,10529855 690 912.6 543.5 1119
SSACC R,10529857.0,
SBLINK R,10529879.0,
EBLINK R,10529879.0,10529979 102
ESACC R,10529857.0,10530021 166 923.6 547.4 939.5 522.1 0.81 1463
SFIX R,10530023.0,
EFIX R,10530023.0,10530701 680 921.4 547.6 1212
SSACC R,10530703.0,
ESACC R,10530703.0,10530729 28 922.9 553.1 939.8 561.2 0.51 128
SFIX R,10530731.0,
EFIX R,10530731.0,10531027 298 939.5 564.3 1158
SSACC R,10531029.0,
ESACC R,10531029.0,10531053 26 932.1 567.5 908.9 565.6 0.63 135
SFIX R,10531055.0,
EFIX R,10531055.0,10531391 338 913.6 558.6 1242
SSACC R,10531393.0,
ESACC R,10531393.0,10531411 20 923.0 553.5 954.3 553.9 0.85 89
SFIX R,10531413.0,
EFIX R,10531413.0,10531795 384 947.7 555.1 1347
SSACC R,10531797.0,
ESACC R,10531797.0,10531823 28 948.9 554.3 933.1 545.5 0.49 120
SFIX R,10531825.0,
EFIX R,10531825.0,10531881 58 926.4 549.4 1389
SSACC R,10531883.0,
ESACC R,10531883.0,10531915 34 926.4 550.2 992.0 552.4 1.78 267
SFIX R,10531917.0,
EFIX R,10531917.0,10532017 102 994.2 555.5 1378
SSACC R,10532019.0,
ESACC R,10532019.0,10532039 22 988.8 554.6 919.3 559.4 1.89 171
SFIX R,10532041.0,
EFIX R,10532041.0,10533891 1852 908.9 548.7 1383
SSACC R,10533893.0,
ESACC R,10533893.0,10533921 30 910.9 553.9 943.5 551.9 0.89 173
SFIX R,10533923.0,
EFIX R,10533923.0,10534017 96 947.6 551.1 1397
SSACC R,10534019.0,
ESACC R,10534019.0,10534041 24 947.4 551.5 911.7 550.2 0.97 128
SFIX R,10534043.0,
EFIX R,10534043.0,10534565 524 913.3 545.2 1406
SSACC R,10534567.0,
ESACC R,10534567.0,10534583 18 909.1 541.2 929.3 536.5 0.56 65
SFIX R,10534585.0,
EFIX R,10534585.0,10535511 928 915.7 542.6 1442
SSACC R,10535513.0,
ESACC R,10535513.0,10535543 32 909.7 551.3 989.8 553.1 2.17 259
SFIX R,10535545.0,
EFIX R,10535545.0,10535799 256 988.2 554.9 1403
SSACC R,10535801.0,
ESACC R,10535801.0,10535831 32 985.2 554.7 930.2 553.5 1.49 208
SFIX R,10535833.0,
EFIX R,10535833.0,10536001 170 924.8 552.9 1379
SSACC R,10536003.0,
ESACC R,10536003.0,10536021 20 927.2 551.9 898.0 552.1 0.79 89
SFIX R,10536023.0,
EFIX R,10536023.0,10536861 840 905.8 548.8 1266
SSACC R,10536863.0,
SBLINK R,10536887.0,
EBLINK R,10536887.0,10536975 90
ESACC R,10536863.0,10537017 156 914.4 554.6 900.8 513.7 1.17 1996
SFIX R,10537019.0,
EFIX R,10537019.0,10537229 212 887.8 540.4 1296
SSACC R,10537231.0,
ESACC R,10537231.0,10537245 16 886.8 545.4 909.4 551.7 0.64 76
SFIX R,10537247.0,
EFIX R,10537247.0,10538467 1222 907.6 548.9 1221
SSACC R,10538469.0,
ESACC R,10538469.0,10538491 24 916.9 544.6 915.4 545.1 0.04 68
SFIX R,10538493.0,
EFIX R,10538493.0,10540269 1778 907.9 545.7 1327
SSACC R,10540271.0,
ESACC R,10540271.0,10540291 22 898.0 546.5 930.4 544.5 0.88 94
SFIX R,10540293.0,
EFIX R,10540293.0,10540859 568 915.2 543.0 1319
SSACC R,10540861.0,
ESACC R,10540861.0,10540879 20 911.2 546.7 892.4 547.0 0.51 83
SFIX R,10540881.0,
EFIX R,10540881.0,10541643 764 897.8 545.2 1277
SSACC R,10541645.0,
ESACC R,10541645.0,10541669 26 887.5 541.5 911.6 536.8 0.67 118
SFIX R,10541671.0,
EFIX R,10541671.0,10541799 130 914.1 535.2 1301
SSACC R,10541801.0,
ESACC R,10541801.0,10541819 20 917.1 537.2 896.5 547.1 0.62 86
SFIX R,10541821.0,
EFIX R,10541821.0,10543533 1714 908.5 549.3 1256
SSACC R,10543535.0,
ESACC R,10543535.0,10543567 34 899.4 555.2 972.1 615.6 2.56 258
SFIX R,10543569.0,
EFIX R,10543569.0,10543765 198 975.1 605.1 1311
SSACC R,10543767.0,
ESACC R,10543767.0,10543789 24 974.8 606.0 901.8 579.8 2.10 198
SFIX R,10543791.0,
EFIX R,10543791.0,10543985 196 914.5 574.7 1289
SSACC R,10543987.0,
ESACC R,10543987.0,10543995 10 920.5 574.7 923.9 559.5 0.42 54
SFIX R,10543997.0,
EFIX R,10543997.0,10545917 1922 914.1 559.3 1066
SSACC R,10545919.0,
ESACC R,10545919.0,10545925 8 920.0 554.7 932.1 556.2 0.33 51
SFIX R,10545927.0,
EFIX R,10545927.0,10546225 300 929.7 559.4 1188
SSACC R,10546227.0,
ESACC R,10546227.0,10546245 20 928.9 557.1 906.2 561.4 0.63 76
SFIX R,10546247.0,
EFIX R,10546247.0,10548303 2058 903.1 554.8 1215
SSACC R,10548305.0,
ESACC R,10548305.0,10548331 28 899.9 544.2 885.8 546.0 0.39 114
SFIX R,10548333.0,
EFIX R,10548333.0,10548489 158 885.4 549.5 1241
SSACC R,10548491.0,
ESACC R,10548491.0,10548507 18 888.8 552.9 908.0 554.0 0.52 80
SFIX R,10548509.0,
EFIX R,10548509.0,10549505 998 909.1 552.2 1181
SSACC R,10549507.0,
ESACC R,10549507.0,10549537 32 911.9 550.2 842.8 559.1 1.89 242
SFIX R,10549539.0,
EFIX R,10549539.0,10549657 120 839.5 558.2 1173
SSACC R,10549659.0,
ESACC R,10549659.0,10549681 24 837.0 554.8 933.3 555.6 2.61 223
SFIX R,10549683.0,
EFIX R,10549683.0,10550889 1208 912.1 549.8 1115
SSACC R,10550891.0,
ESACC R,10550891.0,10550923 34 912.7 552.4 845.3 624.4 2.67 247
SFIX R,10550925.0,
EFIX R,10550925.0,10551049 126 848.2 613.1 1148
SSACC R,10551051.0,
ESACC R,10551051.0,10551073 24 849.5 611.8 937.6 615.6 2.39 197
SFIX R,10551075.0,
EFIX R,10551075.0,10551219 146 914.9 612.1 1148
SSACC R,10551221.0,
ESACC R,10551221.0,10551235 16 910.9 613.2 895.2 582.7 0.93 99
SFIX R,10551237.0,
EFIX R,10551237.0,10553039 1804 902.7 564.6 891
SSACC R,10553041.0,
SBLINK R,10553073.0,
EBLINK R,10553073.0,10553077 6
ESACC R,10553041.0,10553115 76 904.4 544.8 918.2 527.6 0.60 2018
SFIX R,10553117.0,
EFIX R,10553117.0,10553325 210 911.7 533.6 721
SSACC R,10553327.0,
SBLINK R,10553345.0,
EBLINK R,10553345.0,10553459 116
ESACC R,10553327.0,10553497 172 913.6 537.8 914.3 526.4 0.31 820
SFIX R,10553499.0,
EFIX R,10553499.0,10553641 144 901.7 535.5 722
SSACC R,10553643.0,
SBLINK R,10553665.0,
EBLINK R,10553665.0,10553777 114
ESACC R,10553643.0,10553807 166 902.2 545.2 915.7 524.6 0.67 936
SFIX R,10553809.0,
EFIX R,10553809.0,10553987 180 899.0 530.0 719
SSACC R,10553989.0,
SBLINK R,10554009.0,
EBLINK R,10554009.0,10554149 142
ESACC R,10553989.0,10554181 194 901.4 533.7 915.0 533.8 0.37 597
SFIX R,10554183.0,
EFIX R,10554183.0,10554377 196 901.3 558.7 677
SSACC R,10554379.0,
SBLINK R,10554397.0,
EBLINK R,10554397.0,10554533 138
ESACC R,10554379.0,10554567 190 908.0 548.6 914.0 529.3 0.55 482
SFIX R,10554569.0,
EFIX R,10554569.0,10554909 342 896.3 541.7 679
SSACC R,10554911.0,
SBLINK R,10554935.0,
EBLINK R,10554935.0,10555045 112
ESACC R,10554911.0,10555079 170 895.1 525.6 904.7 525.2 0.26 1354
SFIX R,10555081.0,
EFIX R,10555081.0,10555235 156 894.1 522.0 737
SSACC R,10555237.0,
SBLINK R,10555257.0,
EBLINK R,10555257.0,10555387 132
ESACC R,10555237.0,10555419 184 895.7 511.1 889.9 510.7 0.16 692
SFIX R,10555421.0,
EFIX R,10555421.0,10555625 206 874.9 534.9 848
SSACC R,10555627.0,
ESACC R,10555627.0,10555641 16 873.1 532.2 904.6 539.0 0.87 91
SFIX R,10555643.0,
EFIX R,10555643.0,10556377 736 905.0 537.3 904
SSACC R,10556379.0,
ESACC R,10556379.0,10556431 54 901.6 540.4 865.6 548.4 1.00 121
SFIX R,10556433.0,
EFIX R,10556433.0,10556473 42 874.8 546.5 995
SSACC R,10556475.0,
ESACC R,10556475.0,10556505 32 873.0 548.3 925.5 548.7 1.42 194
SFIX R,10556507.0,
EFIX R,10556507.0,10556591 86 930.3 550.1 1021
SSACC R,10556593.0,
ESACC R,10556593.0,10556619 28 931.5 547.8 898.5 543.3 0.90 153
SFIX R,10556621.0,
EFIX R,10556621.0,10556715 96 897.9 544.7 1057
SSACC R,10556717.0,
ESACC R,10556717.0,10556731 16 898.6 544.9 929.0 550.5 0.84 79
SFIX R,10556733.0,
EFIX R,10556733.0,10557045 314 923.8 554.7 1128
SSACC R,10557047.0,
ESACC R,10557047.0,10557069 24 931.9 560.7 922.0 564.1 0.28 87
SFIX R,10557071.0,
EFIX R,10557071.0,10557395 326 936.6 558.2 1216
SSACC R,10557397.0,
ESACC R,10557397.0,10557419 24 944.7 550.1 945.3 545.8 0.12 82
SFIX R,10557421.0,
EFIX R,10557421.0,10558193 774 945.8 530.1 1373
SSACC R,10558195.0,
ESACC R,10558195.0,10558221 28 944.3 526.0 949.2 530.8 0.19 90
SFIX R,10558223.0,
EFIX R,10558223.0,10558523 302 958.1 534.2 1475
SSACC R,10558525.0,
ESACC R,10558525.0,10558545 22 957.2 541.0 930.2 539.2 0.73 100
SFIX R,10558547.0,
EFIX R,10558547.0,10558825 280 930.4 532.7 1504
SSACC R,10558827.0,
ESACC R,10558827.0,10558847 22 926.1 533.0 948.9 536.7 0.63 96
SFIX R,10558849.0,
EFIX R,10558849.0,10560155 1308 927.0 549.5 1484
SSACC R,10560157.0,
ESACC R,10560157.0,10560189 34 931.5 549.1 983.1 555.2 1.41 200
SFIX R,10560191.0,
EFIX R,10560191.0,10560301 112 984.2 555.1 1453
SSACC R,10560303.0,
ESACC R,10560303.0,10560333 32 982.9 556.4 942.0 555.1 1.11 194
SFIX R,10560335.0,
EFIX R,10560335.0,10560545 212 930.6 558.4 1464
SSACC R,10560547.0,
ESACC R,10560547.0,10560569 24 924.2 560.4 912.3 567.5 0.38 89
SFIX R,10560571.0,
EFIX R,10560571.0,10561755 1186 911.1 567.5 1263
SSACC R,10561757.0,
ESACC R,10561757.0,10561787 32 916.0 561.8 942.0 562.9 0.71 146
SFIX R,10561789.0,
EFIX R,10561789.0,10561907 120 945.0 560.1 1362
SSACC R,10561909.0,
ESACC R,10561909.0,10561935 28 944.9 556.2 919.4 559.2 0.70 130
SFIX R,10561937.0,
EFIX R,10561937.0,10562593 658 911.3 545.2 1391
SSACC R,10562595.0,
ESACC R,10562595.0,10562625 32 908.7 539.6 967.4 543.4 1.59 207
SFIX R,10562627.0,
EFIX R,10562627.0,10562729 104 965.5 542.6 1425
SSACC R,10562731.0,
ESACC R,10562731.0,10562759 30 964.9 544.0 912.4 548.1 1.43 197
SFIX R,10562761.0,
EFIX R,10562761.0,10563003 244 903.3 552.2 1420
SSACC R,10563005.0,
ESACC R,10563005.0,10563025 22 896.2 554.4 919.5 547.9 0.66 96
SFIX R,10563027.0,
EFIX R,10563027.0,10563311 286 914.5 559.6 1364
SSACC R,10563313.0,
ESACC R,10563313.0,10563329 18 918.0 565.6 896.0 567.8 0.60 82
SFIX R,10563331.0,
EFIX R,10563331.0,10564295 966 910.8 553.9 1221
SSACC R,10564297.0,
ESACC R,10564297.0,10564309 14 908.3 540.6 928.7 542.9 0.56 59
SFIX R,10564311.0,
EFIX R,10564311.0,10565037 728 921.8 557.9 1356
SSACC R,10565039.0,
ESACC R,10565039.0,10565063 26 921.8 561.6 921.1 573.0 0.31 84
SFIX R,10565065.0,
EFIX R,10565065.0,10567351 2288 925.7 555.8 1426
SSACC R,10567353.0,
ESACC R,10567353.0,10567373 22 912.9 539.3 911.7 538.4 0.04 63
SFIX R,10567375.0,
EFIX R,10567375.0,10567741 368 920.6 534.8 1253
SSACC R,10567743.0,
ESACC R,10567743.0,10567759 18 914.7 539.9 921.4 548.8 0.30 59
SFIX R,10567761.0,
EFIX R,10567761.0,10567859 100 918.9 544.1 1275
SSACC R,10567861.0,
SBLINK R,10567887.0,
EBLINK R,10567887.0,10567921 36
ESACC R,10567861.0,10567975 116 930.8 524.6 934.5 511.3 0.37 1292
SFIX R,10567977.0,
EFIX R,10567977.0,10568277 302 932.8 547.7 1358
SSACC R,10568279.0,
ESACC R,10568279.0,10568299 22 929.1 554.5 928.0 556.8 0.07 60
SFIX R,10568301.0,
EFIX R,10568301.0,10568421 122 922.9 554.9 1282
SSACC R,10568423.0,
SBLINK R,10568445.0,
EBLINK R,10568445.0,10568537 94
ESACC R,10568423.0,10568581 160 926.3 549.5 931.4 522.7 0.74 1725
SFIX R,10568583.0,
EFIX R,10568583.0,10568793 212 922.7 548.0 1099
SSACC R,10568795.0,
SBLINK R,10568815.0,
EBLINK R,10568815.0,10568921 108
ESACC R,10568795.0,10568953 160 924.6 552.7 944.5 561.7 0.59 841
SFIX R,10568955.0,
EFIX R,10568955.0,10569167 214 932.3 580.5 938
SSACC R,10569169.0,
ESACC R,10569169.0,10569189 22 926.0 578.2 895.3 567.9 0.88 115
SFIX R,10569191.0,
EFIX R,10569191.0,10569599 410 890.1 559.1 842
SSACC R,10569601.0,
ESACC R,10569601.0,10569607 8 883.7 554.6 898.9 559.4 0.43 60
SFIX R,10569609.0,
EFIX R,10569609.0,10572479 2872 925.3 545.2 1194
SSACC R,10572481.0,
ESACC R,10572481.0,10572507 28 935.0 511.2 931.2 522.2 0.32 118
SFIX R,10572509.0,
EFIX R,10572509.0,10572859 352 925.2 525.3 1562
SSACC R,10572861.0,
ESACC R,10572861.0,10572881 22 920.4 530.4 949.9 543.0 0.87 120
SFIX R,10572883.0,
EFIX R,10572883.0,10573003 122 939.3 549.7 1571
SSACC R,10573005.0,
ESACC R,10573005.0,10573031 28 936.0 559.1 917.3 549.9 0.56 122
SFIX R,10573033.0,
EFIX R,10573033.0,10573053 22 913.6 551.8 1568
SSACC R,10573055.0,
ESACC R,10573055.0,10573085 32 910.3 552.0 947.2 549.4 1.00 208
SFIX R,10573087.0,
EFIX R,10573087.0,10573177 92 952.7 550.9 1568
SSACC R,10573179.0,
ESACC R,10573179.0,10573201 24 951.5 548.6 914.0 555.6 1.03 115
SFIX R,10573203.0,
EFIX R,10573203.0,10573635 434 921.0 544.0 1592
SSACC R,10573637.0,
ESACC R,10573637.0,10573661 26 918.0 541.9 922.4 537.6 0.17 78
SFIX R,10573663.0,
EFIX R,10573663.0,10574055 394 914.6 545.3 1605
SSACC R,10574057.0,
ESACC R,10574057.0,10574077 22 923.2 540.5 921.9 537.8 0.08 66
SFIX R,10574079.0,
EFIX R,10574079.0,10574731 654 922.0 546.6 1527
SSACC R,10574733.0,
ESACC R,10574733.0,10574759 28 929.0 550.1 947.1 560.4 0.56 121
SFIX R,10574761.0,
EFIX R,10574761.0,10574921 162 952.8 553.6 1518
SSACC R,10574923.0,
ESACC R,10574923.0,10574941 20 951.0 549.9 924.6 560.7 0.77 89
SFIX R,10574943.0,
EFIX R,10574943.0,10575689 748 927.3 543.0 1587
SSACC R,10575691.0,
ESACC R,10575691.0,10575717 28 914.6 547.0 951.4 544.3 1.00 143
SFIX R,10575719.0,
EFIX R,10575719.0,10575823 106 951.1 544.0 1602
SSACC R,10575825.0,
ESACC R,10575825.0,10575847 24 950.0 544.8 908.9 543.1 1.11 134
SFIX R,10575849.0,
EFIX R,10575849.0,10576649 802 911.2 552.9 1552
SSACC R,10576651.0,
ESACC R,10576651.0,10576679 30 916.6 557.7 949.0 577.6 1.03 198
SFIX R,10576681.0,
EFIX R,10576681.0,10576865 186 955.3 575.2 1483
SSACC R,10576867.0,
ESACC R,10576867.0,10576889 24 951.2 575.7 907.7 576.9 1.18 145
SFIX R,10576891.0,
EFIX R,10576891.0,10577103 214 912.4 578.1 1453
SSACC R,10577105.0,
SBLINK R,10577129.0,
EBLINK R,10577129.0,10577175 48
ESACC R,10577105.0,10577245 142 921.2 586.7 946.4 524.7 1.81 1774
SFIX R,10577247.0,
EFIX R,10577247.0,10577425 180 941.0 540.7 1409
SSACC R,10577427.0,
ESACC R,10577427.0,10577445 20 940.6 545.6 932.6 569.4 0.68 91
SFIX R,10577447.0,
EFIX R,10577447.0,10579121 1676 913.1 549.4 1309
SSACC R,10579123.0,
ESACC R,10579123.0,10579153 32 931.6 539.5 903.3 546.0 0.79 181
SFIX R,10579155.0,
EFIX R,10579155.0,10579223 70 901.9 550.3 1480
SSACC R,10579225.0,
ESACC R,10579225.0,10579259 36 904.3 555.2 975.7 546.2 1.95 271
SFIX R,10579261.0,
EFIX R,10579261.0,10579281 22 981.8 548.9 1504
SSACC R,10579283.0,
ESACC R,10579283.0,10579319 38 982.5 547.0 892.4 539.8 2.45 333
SFIX R,10579321.0,
EFIX R,10579321.0,10579419 100 884.5 540.8 1528
SSACC R,10579421.0,
ESACC R,10579421.0,10579451 32 885.8 541.4 955.9 542.2 1.90 245
SFIX R,10579453.0,
EFIX R,10579453.0,10580525 1074 935.0 543.6 1512
SSACC R,10580527.0,
ESACC R,10580527.0,10580531 6 925.9 536.7 935.8 536.6 0.27 60
SFIX R,10580533.0,
EFIX R,10580533.0,10581125 594 939.3 527.6 1591
SSACC R,10581127.0,
ESACC R,10581127.0,10581153 28 940.6 526.3 933.0 533.0 0.27 129
SFIX R,10581155.0,
EFIX R,10581155.0,10581289 136 921.4 534.0 1601
SSACC R,10581291.0,
SBLINK R,10581313.0,
EBLINK R,10581313.0,10581403 92
ESACC R,10581291.0,10581467 178 928.0 544.0 963.9 535.1 1.00 1940
SFIX R,10581469.0,
EFIX R,10581469.0,10581693 226 947.4 534.6 1582
SSACC R,10581695.0,
ESACC R,10581695.0,10581713 20 936.5 545.4 926.4 532.8 0.44 73
SFIX R,10581715.0,
EFIX R,10581715.0,10582207 494 920.2 544.1 1356
SSACC R,10582209.0,
ESACC R,10582209.0,10582229 22 912.1 556.5 913.6 558.9 0.08 58
SFIX R,10582231.0,
EFIX R,10582231.0,10583085 856 909.9 551.8 1244
SSACC R,10583087.0,
ESACC R,10583087.0,10583105 20 898.0 552.9 910.2 557.7 0.36 87
SFIX R,10583107.0,
EFIX R,10583107.0,10583831 726 907.0 551.3 1340
SSACC R,10583833.0,
ESACC R,10583833.0,10583861 30 919.5 535.0 942.7 538.2 0.63 117
SFIX R,10583863.0,
EFIX R,10583863.0,10584039 178 949.7 521.4 1441
SSACC R,10584041.0,
ESACC R,10584041.0,10584065 26 950.4 497.8 943.0 505.2 0.28 86
SFIX R,10584067.0,
EFIX R,10584067.0,10584897 832 943.6 521.2 1520
SSACC R,10584899.0,
ESACC R,10584899.0,10584909 12 938.4 522.7 955.4 526.9 0.47 55
SFIX R,10584911.0,
EFIX R,10584911.0,10586013 1104 925.8 531.4 1413
SSACC R,10586015.0,
SBLINK R,10586037.0,
EBLINK R,10586037.0,10586109 74
ESACC R,10586015.0,10586161 148 914.2 557.9 934.7 533.2 0.87 2116
SFIX R,10586163.0,
EFIX R,10586163.0,10586385 224 925.0 537.3 1459
SSACC R,10586387.0,
ESACC R,10586387.0,10586403 18 922.3 536.5 912.6 546.2 0.37 76
SFIX R,10586405.0,
EFIX R,10586405.0,10588747 2344 907.6 523.7 1420
SSACC R,10588749.0,
ESACC R,10588749.0,10588775 28 898.5 515.1 920.7 528.0 0.70 134
SFIX R,10588777.0,
EFIX R,10588777.0,10588853 78 926.7 526.4 1451
SSACC R,10588855.0,
ESACC R,10588855.0,10588945 92 929.8 530.5 998.5 523.6 1.87 434
SFIX R,10588947.0,
EFIX R,10588947.0,10589051 106 1006.1 525.2 1449
SSACC R,10589053.0,
ESACC R,10589053.0,10589085 34 1004.9 530.5 928.3 526.6 2.08 249
SFIX R,10589087.0,
EFIX R,10589087.0,10590135 1050 912.7 543.5 1404
SSACC R,10590137.0,
ESACC R,10590137.0,10590157 22 925.6 558.9 894.4 564.5 0.86 107
SFIX R,10590159.0,
EFIX R,10590159.0,10590417 260 905.2 554.5 1300
SSACC R,10590419.0,
ESACC R,10590419.0,10590431 14 908.2 546.8 936.1 550.5 0.76 76
SFIX R,10590433.0,
EFIX R,10590433.0,10591185 754 910.9 550.7 1303
SSACC R,10591187.0,
ESACC R,10591187.0,10591203 18 907.8 553.8 888.5 552.8 0.52 75
SFIX R,10591205.0,
EFIX R,10591205.0,10591435 232 896.6 546.8 1296
SSACC R,10591437.0,
ESACC R,10591437.0,10591449 14 896.4 542.2 922.3 537.7 0.71 74
SFIX R,10591451.0,
EFIX R,10591451.0,10592143 694 906.1 531.5 1284
SSACC R,10592145.0,
SBLINK R,10592173.0,
EBLINK R,10592173.0,10592205 34
ESACC R,10592145.0,10592247 104 912.1 541.6 904.5 524.1 0.52 1762
SFIX R,10592249.0,
EFIX R,10592249.0,10592455 208 896.9 542.3 1330
SSACC R,10592457.0,
ESACC R,10592457.0,10592463 8 897.1 539.0 903.4 530.4 0.29 45
SFIX R,10592465.0,
EFIX R,10592465.0,10593167 704 909.0 532.0 1280
SSACC R,10593169.0,
ESACC R,10593169.0,10593193 26 906.4 539.2 893.8 535.6 0.36 85
SFIX R,10593195.0,
EFIX R,10593195.0,10593387 194 887.2 537.5 1320
SSACC R,10593389.0,
ESACC R,10593389.0,10593401 14 886.2 533.9 910.2 541.3 0.68 77
SFIX R,10593403.0,
EFIX R,10593403.0,10594569 1168 916.4 519.7 1459
SSACC R,10594571.0,
ESACC R,10594571.0,10594581 12 932.9 515.0 920.2 507.7 0.40 54
SFIX R,10594583.0,
EFIX R,10594583.0,10594951 370 923.2 512.0 1519
SSACC R,10594953.0,
ESACC R,10594953.0,10594967 16 931.6 516.3 941.9 510.4 0.32 44
SFIX R,10594969.0,
EFIX R,10594969.0,10595293 326 942.8 505.2 1518
SSACC R,10595295.0,
ESACC R,10595295.0,10595309 16 944.6 500.5 941.6 512.3 0.33 57
SFIX R,10595311.0,
EFIX R,10595311.0,10595947 638 944.3 500.8 1558
SSACC R,10595949.0,
ESACC R,10595949.0,10595971 24 948.8 499.2 940.6 502.2 0.24 80
SFIX R,10595973.0,
EFIX R,10595973.0,10596171 200 940.8 500.1 1575
SSACC R,10596173.0,
ESACC R,10596173.0,10596193 22 943.9 499.8 970.6 495.6 0.73 102
SFIX R,10596195.0,
EFIX R,10596195.0,10597041 848 967.2 495.3 1617
SSACC R,10597043.0,
ESACC R,10597043.0,10597065 24 969.4 489.6 973.7 487.8 0.13 68
SFIX R,10597067.0,
EFIX R,10597067.0,10597471 406 966.3 485.4 1692
SSACC R,10597473.0,
ESACC R,10597473.0,10597491 20 964.8 485.0 977.6 482.4 0.35 78
SFIX R,10597493.0,
EFIX R,10597493.0,10598307 816 959.5 484.4 1676
SSACC R,10598309.0,
ESACC R,10598309.0,10598329 22 951.1 482.9 954.6 486.6 0.14 74
SFIX R,10598331.0,
EFIX R,10598331.0,10599377 1048 944.6 486.9 1662
SSACC R,10599379.0,
ESACC R,10599379.0,10599399 22 946.9 490.3 947.6 505.4 0.41 57
SFIX R,10599401.0,
EFIX R,10599401.0,10599615 216 965.7 517.0 1661
SSACC R,10599617.0,
ESACC R,10599617.0,10599635 20 973.9 522.8 936.0 522.7 1.03 100
SFIX R,10599637.0,
EFIX R,10599637.0,10599683 48 949.1 512.1 1661
SSACC R,10599685.0,
SBLINK R,10599717.0,
EBLINK R,10599717.0,10599783 68
ESACC R,10599685.0,10599837 154 952.9 508.6 955.2 483.5 0.68 1407
SFIX R,10599839.0,
EFIX R,10599839.0,10600053 216 946.0 489.0 1642
SSACC R,10600055.0,
ESACC R,10600055.0,10600063 10 944.7 489.9 943.7 507.2 0.47 60
SFIX R,10600065.0,
EFIX R,10600065.0,10601117 1054 935.6 505.3 1567
SSACC R,10601119.0,
ESACC R,10601119.0,10601141 24 933.9 485.7 937.6 480.7 0.17 80
SFIX R,10601143.0,
EFIX R,10601143.0,10602811 1670 936.0 497.4 1641
SSACC R,10602813.0,
ESACC R,10602813.0,10602845 34 924.5 508.0 868.9 556.5 2.00 265
SFIX R,10602847.0,
EFIX R,10602847.0,10602969 124 862.7 558.2 1597
SSACC R,10602971.0,
ESACC R,10602971.0,10602999 30 863.0 557.5 922.9 543.6 1.67 210
SFIX R,10603001.0,
EFIX R,10603001.0,10603167 168 925.0 541.3 1588
SSACC R,10603169.0,
ESACC R,10603169.0,10603183 16 925.1 541.1 948.3 517.5 0.90 80
SFIX R,10603185.0,
EFIX R,10603185.0,10604425 1242 937.1 533.1 1449
SSACC R,10604427.0,
SBLINK R,10604459.0,
EBLINK R,10604459.0,10604535 78
ESACC R,10604427.0,10604567 142 938.6 551.9 951.9 540.5 0.47 1886
SFIX R,10604569.0,
EFIX R,10604569.0,10604861 294 934.0 544.0 1319
SSACC R,10604863.0,
ESACC R,10604863.0,10604873 12 928.3 547.0 926.5 562.0 0.41 52
SFIX R,10604875.0,
EFIX R,10604875.0,10605605 732 943.7 531.7 1357
SSACC R,10605607.0,
ESACC R,10605607.0,10605623 18 955.0 532.4 965.8 532.6 0.29 66
SFIX R,10605625.0,
EFIX R,10605625.0,10607063 1440 961.6 519.0 1562
SSACC R,10607065.0,
ESACC R,10607065.0,10607087 24 948.6 510.9 987.6 514.9 1.06 127
SFIX R,10607089.0,
EFIX R,10607089.0,10607239 152 973.8 515.4 1652
SSACC R,10607241.0,
ESACC R,10607241.0,10607267 28 969.4 518.4 943.8 524.1 0.71 147
SFIX R,10607269.0,
EFIX R,10607269.0,10607763 496 935.9 518.4 1664
SSACC R,10607765.0,
ESACC R,10607765.0,10607795 32 929.7 516.8 956.5 523.0 0.75 152
SFIX R,10607797.0,
EFIX R,10607797.0,10607965 170 966.1 520.9 1701
SSACC R,10607967.0,
ESACC R,10607967.0,10607987 22 966.0 524.3 936.7 524.1 0.79 102
SFIX R,10607989.0,
EFIX R,10607989.0,10608411 424 938.9 511.9 1740
SSACC R,10608413.0,
ESACC R,10608413.0,10608441 30 932.7 495.8 949.4 486.9 0.51 134
SFIX R,10608443.0,
EFIX R,10608443.0,10608733 292 954.2 489.3 1783
SSACC R,10608735.0,
ESACC R,10608735.0,10608765 32 946.5 494.9 920.3 506.1 0.77 170
SFIX R,10608767.0,
EFIX R,10608767.0,10608945 180 906.8 501.1 1749
SSACC R,10608947.0,
ESACC R,10608947.0,10608969 24 907.2 497.5 946.5 493.5 1.07 120
SFIX R,10608971.0,
EFIX R,10608971.0,10610405 1436 932.7 488.3 1701
SSACC R,10610407.0,
ESACC R,10610407.0,10610421 16 925.1 509.1 934.0 507.9 0.24 49
SFIX R,10610423.0,
EFIX R,10610423.0,10611533 1112 937.4 500.9 1673
SSACC R,10611535.0,
ESACC R,10611535.0,10611553 20 941.1 486.4 954.4 479.4 0.41 66
SFIX R,10611555.0,
EFIX R,10611555.0,10612843 1290 958.7 485.1 1798
SSACC R,10612845.0,
ESACC R,10612845.0,10612861 18 974.7 486.5 952.8 487.3 0.59 77
SFIX R,10612863.0,
EFIX R,10612863.0,10613281 420 982.5 482.6 1820
SSACC R,10613283.0,
ESACC R,10613283.0,10613389 108 992.3 483.5 1005.8 454.9 0.86 1176
SFIX R,10613391.0,
EFIX R,10613391.0,10615405 2016 967.9 482.1 1797
SSACC R,10615407.0,
ESACC R,10615407.0,10615429 24 950.2 493.1 993.1 492.7 1.16 146
SFIX R,10615431.0,
EFIX R,10615431.0,10615485 56 985.0 493.5 1788
SSACC R,10615487.0,
ESACC R,10615487.0,10615517 32 985.1 495.2 951.2 494.7 0.92 185
SFIX R,10615519.0,
EFIX R,10615519.0,10615551 34 941.6 494.1 1782
SSACC R,10615553.0,
ESACC R,10615553.0,10615583 32 937.1 492.3 971.0 496.8 0.93 147
SFIX R,10615585.0,
EFIX R,10615585.0,10616181 598 965.2 503.6 1692
SSACC R,10616183.0,
ESACC R,10616183.0,10616203 22 959.6 511.6 931.9 518.9 0.78 112
SFIX R,10616205.0,
EFIX R,10616205.0,10617669 1466 944.5 515.5 1611
SSACC R,10617671.0,
SBLINK R,10617695.0,
EBLINK R,10617695.0,10617779 86
ESACC R,10617671.0,10617835 166 963.9 530.9 982.2 516.4 0.63 1979
SFIX R,10617837.0,
EFIX R,10617837.0,10618065 230 977.0 527.2 1711
SSACC R,10618067.0,
ESACC R,10618067.0,10618083 18 977.7 529.9 964.0 525.4 0.39 75
SFIX R,10618085.0,
EFIX R,10618085.0,10620199 2116 955.8 527.5 1593
SSACC R,10620201.0,
ESACC R,10620201.0,10620223 24 938.0 520.9 976.0 526.1 1.04 115
SFIX R,10620225.0,
EFIX R,10620225.0,10620349 126 966.3 522.2 1619
SSACC R,10620351.0,
ESACC R,10620351.0,10620371 22 969.3 517.6 935.4 522.2 0.93 107
SFIX R,10620373.0,
EFIX R,10620373.0,10620939 568 942.6 525.4 1567
SSACC R,10620941.0,
SBLINK R,10620967.0,
EBLINK R,10620967.0,10621037 72
ESACC R,10620941.0,10621119 180 949.1 536.6 945.2 509.8 0.73 2256
SFIX R,10621121.0,
EFIX R,10621121.0,10621357 238 938.5 523.6 1492
SSACC R,10621359.0,
ESACC R,10621359.0,10621375 18 940.2 529.6 964.1 537.3 0.68 87
SFIX R,10621377.0,
EFIX R,10621377.0,10622253 878 948.6 531.9 1517
SSACC R,10622255.0,
ESACC R,10622255.0,10622275 22 960.4 504.9 970.6 506.0 0.28 86
SFIX R,10622277.0,
EFIX R,10622277.0,10623997 1722 955.2 508.8 1647
SSACC R,10623999.0,
ESACC R,10623999.0,10624031 34 936.5 505.6 972.5 505.2 0.98 185
SFIX R,10624033.0,
EFIX R,10624033.0,10624137 106 977.9 506.4 1664
SSACC R,10624139.0,
ESACC R,10624139.0,10624159 22 976.1 506.3 931.8 512.0 1.21 131
SFIX R,10624161.0,
EFIX R,10624161.0,10626609 2450 930.4 518.4 1545
SSACC R,10626611.0,
ESACC R,10626611.0,10626631 22 935.7 520.7 946.9 517.1 0.32 78
SFIX R,10626633.0,
EFIX R,10626633.0,10628523 1892 926.2 520.3 1486
SSACC R,10628525.0,
SBLINK R,10628559.0,
EBLINK R,10628559.0,10628755 198
ESACC R,10628525.0,10628807 284 946.5 502.9 1000.2 510.7 1.47 1668
SFIX R,10628809.0,
EFIX R,10628809.0,10628961 154 980.0 527.1 1525
SSACC R,10628963.0,
ESACC R,10628963.0,10628985 24 971.0 537.1 934.5 553.7 1.09 123
SFIX R,10628987.0,
EFIX R,10628987.0,10630167 1182 939.7 543.5 1280
SSACC R,10630169.0,
ESACC R,10630169.0,10630189 22 945.5 529.9 961.6 527.7 0.44 72
SFIX R,10630191.0,
EFIX R,10630191.0,10630489 300 963.2 524.8 1395
SSACC R,10630491.0,
ESACC R,10630491.0,10630505 16 965.5 524.8 958.3 536.8 0.38 64
SFIX R,10630507.0,
EFIX R,10630507.0,10633087 2582 960.6 509.9 1759
SSACC R,10633089.0,
ESACC R,10633089.0,10633111 24 952.7 497.0 963.4 489.6 0.35 93
SFIX R,10633113.0,
EFIX R,10633113.0,10634073 962 962.8 499.9 1825
SSACC R,10634075.0,
ESACC R,10634075.0,10634099 26 965.8 493.8 963.0 493.4 0.08 88
SFIX R,10634101.0,
EFIX R,10634101.0,10635639 1540 957.6 503.7 1867
SSACC R,10635641.0,
ESACC R,10635641.0,10635663 24 974.2 510.8 973.5 526.9 0.44 81
SFIX R,10635665.0,
EFIX R,10635665.0,10635885 222 967.5 517.6 1897
SSACC R,10635887.0,
ESACC R,10635887.0,10635915 30 966.8 511.6 951.7 508.5 0.42 113
SFIX R,10635917.0,
EFIX R,10635917.0,10636053 138 938.8 508.8 1903
SSACC R,10636055.0,
ESACC R,10636055.0,10636073 20 937.9 507.2 951.7 509.3 0.38 72
SFIX R,10636075.0,
EFIX R,10636075.0,10636905 832 948.0 501.4 1944
SSACC R,10636907.0,
ESACC R,10636907.0,10636923 18 941.1 494.6 955.6 496.9 0.40 64
SFIX R,10636925.0,
EFIX R,10636925.0,10638075 1152 937.9 499.5 1887
SSACC R,10638077.0,
ESACC R,10638077.0,10638093 18 930.5 505.9 936.3 507.1 0.16 58
SFIX R,10638095.0,
EFIX R,10638095.0,10640011 1918 938.5 506.3 1789
SSACC R,10640013.0,
ESACC R,10640013.0,10640037 26 928.4 514.9 917.7 513.8 0.29 102
SFIX R,10640039.0,
EFIX R,10640039.0,10640215 178 921.2 516.7 1734
SSACC R,10640217.0,
ESACC R,10640217.0,10640245 30 913.7 516.2 940.1 521.2 0.73 134
SFIX R,10640247.0,
EFIX R,10640247.0,10640367 122 937.6 518.1 1675
SSACC R,10640369.0,
ESACC R,10640369.0,10640387 20 931.5 518.1 903.8 521.7 0.76 95
SFIX R,10640389.0,
EFIX R,10640389.0,10641353 966 916.0 525.1 1514
SSACC R,10641355.0,
ESACC R,10641355.0,10641377 24 921.1 521.9 918.7 528.7 0.20 98
SFIX R,10641379.0,
EFIX R,10641379.0,10641525 148 925.3 526.6 1548
SSACC R,10641527.0,
SBLINK R,10641551.0,
EBLINK R,10641551.0,10641693 144
ESACC R,10641527.0,10641749 224 934.4 525.3 954.4 505.9 0.76 1858
SFIX R,10641751.0,
EFIX R,10641751.0,10642563 814 931.3 524.5 1451
SSACC R,10642565.0,
SBLINK R,10642589.0,
EBLINK R,10642589.0,10642667 80
ESACC R,10642565.0,10642711 148 925.8 531.7 932.0 539.5 0.27 2077
SFIX R,10642713.0,
EFIX R,10642713.0,10642997 286 928.3 554.8 1272
SSACC R,10642999.0,
ESACC R,10642999.0,10643019 22 933.5 546.6 904.6 542.8 0.79 117
SFIX R,10643021.0,
EFIX R,10643021.0,10643257 238 914.3 535.2 1302
SSACC R,10643259.0,
ESACC R,10643259.0,10643263 6 917.3 536.8 926.4 535.3 0.25 48
SFIX R,10643265.0,
EFIX R,10643265.0,10644359 1096 925.8 525.6 1464
SSACC R,10644361.0,
ESACC R,10644361.0,10644381 22 934.3 506.1 951.1 502.6 0.47 90
SFIX R,10644383.0,
EFIX R,10644383.0,10644731 350 939.1 508.4 1568
SSACC R,10644733.0,
ESACC R,10644733.0,10644749 18 932.8 508.6 921.1 516.7 0.39 76
SFIX R,10644751.0,
EFIX R,10644751.0,10645077 328 927.4 512.7 1521
SSACC R,10645079.0,
ESACC R,10645079.0,10645095 18 921.4 512.9 916.4 503.6 0.29 63
SFIX R,10645097.0,
EFIX R,10645097.0,10646935 1840 925.4 495.2 1644
SSACC R,10646937.0,
ESACC R,10646937.0,10646987 52 916.4 499.1 890.2 489.2 0.76 137
SFIX R,10646989.0,
EFIX R,10646989.0,10647093 106 903.8 489.4 1633
SSACC R,10647095.0,
ESACC R,10647095.0,10647115 22 904.9 484.6 950.5 488.2 1.24 122
SFIX R,10647117.0,
EFIX R,10647117.0,10648507 1392 944.2 486.1 1700
SSACC R,10648509.0,
ESACC R,10648509.0,10648531 24 945.2 492.4 985.6 502.8 1.13 143
SFIX R,10648533.0,
EFIX R,10648533.0,10648657 126 976.5 502.4 1668
SSACC R,10648659.0,
ESACC R,10648659.0,10648681 24 975.8 502.3 937.0 513.5 1.09 127
SFIX R,10648683.0,
EFIX R,10648683.0,10649993 1312 934.8 504.3 1590
SSACC R,10649995.0,
ESACC R,10649995.0,10650019 26 934.7 507.5 938.0 507.9 0.09 96
SFIX R,10650021.0,
EFIX R,10650021.0,10650591 572 929.5 504.0 1597
SSACC R,10650593.0,
ESACC R,10650593.0,10650607 16 938.1 504.3 952.6 501.7 0.40 56
SFIX R,10650609.0,
EFIX R,10650609.0,10653819 3212 936.3 503.3 1769
SSACC R,10653821.0,
SBLINK R,10653849.0,
EBLINK R,10653849.0,10653907 60
ESACC R,10653821.0,10653969 150 914.1 497.7 903.0 486.0 0.44 1866
SFIX R,10653971.0,
EFIX R,10653971.0,10654203 234 896.9 508.5 1777
SSACC R,10654205.0,
ESACC R,10654205.0,10654221 18 895.0 518.8 916.9 504.0 0.72 80
SFIX R,10654223.0,
EFIX R,10654223.0,10656187 1966 913.6 509.5 1679
SSACC R,10656189.0,
ESACC R,10656189.0,10656231 44 918.1 510.8 986.8 688.6 5.16 256
SFIX R,10656233.0,
EFIX R,10656233.0,10656467 236 982.5 685.2 1806
SSACC R,10656469.0,
ESACC R,10656469.0,10656499 32 979.0 686.3 961.5 563.9 3.35 262
SFIX R,10656501.0,
EFIX R,10656501.0,10656661 162 946.7 538.7 1765
SSACC R,10656663.0,
ESACC R,10656663.0,10656679 18 938.8 544.9 920.8 525.6 0.72 79
SFIX R,10656681.0,
EFIX R,10656681.0,10657191 512 918.8 533.7 1587
SSACC R,10657193.0,
ESACC R,10657193.0,10657205 14 924.5 541.3 932.1 530.3 0.36 52
SFIX R,10657207.0,
EFIX R,10657207.0,10657809 604 927.6 545.0 1414
SSACC R,10657811.0,
ESACC R,10657811.0,10657829 20 926.2 545.1 904.9 545.6 0.58 75
SFIX R,10657831.0,
EFIX R,10657831.0,10657933 104 910.6 543.3 1518
SSACC R,10657935.0,
ESACC R,10657935.0,10657957 24 910.4 540.2 945.5 539.0 0.95 118
SFIX R,10657959.0,
EFIX R,10657959.0,10658761 804 940.5 523.2 1593
SSACC R,10658763.0,
ESACC R,10658763.0,10658791 30 947.8 525.4 934.9 529.9 0.37 118
SFIX R,10658793.0,
EFIX R,10658793.0,10658847 56 927.7 531.5 1619
SSACC R,10658849.0,
ESACC R,10658849.0,10658881 34 925.6 531.2 975.8 529.0 1.36 216
SFIX R,10658883.0,
EFIX R,10658883.0,10658975 94 980.7 532.0 1594
SSACC R,10658977.0,
ESACC R,10658977.0,10659005 30 980.4 534.2 936.5 533.6 1.19 185
SFIX R,10659007.0,
EFIX R,10659007.0,10660251 1246 930.6 534.1 1606
SSACC R,10660253.0,
ESACC R,10660253.0,10660257 6 922.6 535.6 932.3 535.5 0.26 53
SFIX R,10660259.0,
EFIX R,10660259.0,10661041 784 927.7 532.3 1661
SSACC R,10661043.0,
ESACC R,10661043.0,10661073 32 924.3 538.5 980.6 572.1 1.78 224
SFIX R,10661075.0,
EFIX R,10661075.0,10661195 122 986.5 566.8 1625
SSACC R,10661197.0,
ESACC R,10661197.0,10661225 30 985.3 570.0 941.5 560.4 1.22 168
SFIX R,10661227.0,
EFIX R,10661227.0,10661389 164 933.6 552.8 1623
SSACC R,10661391.0,
ESACC R,10661391.0,10661397 8 927.0 549.0 922.2 537.1 0.35 50
SFIX R,10661399.0,
EFIX R,10661399.0,10663297 1900 921.0 527.1 1487
SSACC R,10663299.0,
ESACC R,10663299.0,10663313 16 918.3 524.1 926.0 527.8 0.23 52
SFIX R,10663315.0,
EFIX R,10663315.0,10671465 8152 931.5 545.6 1356
SSACC R,10671467.0,
ESACC R,10671467.0,10671489 24 918.5 549.1 947.3 552.5 0.79 103
SFIX R,10671491.0,
EFIX R,10671491.0,10671611 122 942.8 548.5 1371
SSACC R,10671613.0,
ESACC R,10671613.0,10671635 24 947.1 548.9 930.8 558.2 0.51 93
SFIX R,10671637.0,
EFIX R,10671637.0,10671861 226 945.6 553.1 1358
SSACC R,10671863.0,
SBLINK R,10671889.0,
EBLINK R,10671889.0,10671977 90
ESACC R,10671863.0,10672019 158 948.6 555.0 955.2 556.0 0.18 2117
SFIX R,10672021.0,
EFIX R,10672021.0,10672307 288 941.2 549.6 1254
SSACC R,10672309.0,
ESACC R,10672309.0,10672327 20 934.5 558.7 920.9 554.6 0.38 67
SFIX R,10672329.0,
EFIX R,10672329.0,10673715 1388 916.0 553.5 1022
SSACC R,10673717.0,
ESACC R,10673717.0,10673723 8 908.5 534.9 919.8 537.4 0.31 48
SFIX R,10673725.0,
EFIX R,10673725.0,10674441 718 910.8 536.3 1137
SSACC R,10674443.0,
ESACC R,10674443.0,10674461 20 905.8 541.9 925.5 543.4 0.54 74
SFIX R,10674463.0,
EFIX R,10674463.0,10674745 284 926.4 545.2 1195
SSACC R,10674747.0,
ESACC R,10674747.0,10674765 20 930.0 542.6 914.5 549.7 0.46 76
SFIX R,10674767.0,
EFIX R,10674767.0,10675323 558 927.7 533.3 1271
SSACC R,10675325.0,
ESACC R,10675325.0,10675335 12 935.4 525.6 915.0 526.7 0.55 63
SFIX R,10675337.0,
EFIX R,10675337.0,10675657 322 928.1 536.2 1301
SSACC R,10675659.0,
ESACC R,10675659.0,10675671 14 936.2 545.3 962.3 547.1 0.71 67
SFIX R,10675673.0,
EFIX R,10675673.0,10675983 312 951.6 544.5 1342
SSACC R,10675985.0,
ESACC R,10675985.0,10676001 18 951.4 540.3 941.0 540.7 0.28 63
SFIX R,10676003.0,
EFIX R,10676003.0,10676443 442 946.0 532.5 1427
SSACC R,10676445.0,
ESACC R,10676445.0,10676461 18 942.9 526.2 958.6 527.1 0.43 73
SFIX R,10676463.0,
EFIX R,10676463.0,10677119 658 948.3 522.5 1407
SSACC R,10677121.0,
ESACC R,10677121.0,10677147 28 948.1 527.6 925.0 544.4 0.77 128
SFIX R,10677149.0,
EFIX R,10677149.0,10677279 132 921.5 544.0 1331
SSACC R,10677281.0,
ESACC R,10677281.0,10677301 22 917.9 546.2 954.9 546.1 1.00 116
SFIX R,10677303.0,
EFIX R,10677303.0,10677591 290 939.7 541.6 1305
SSACC R,10677593.0,
ESACC R,10677593.0,10677611 20 933.0 543.4 937.5 540.2 0.15 57
SFIX R,10677613.0,
EFIX R,10677613.0,10678565 954 920.5 541.3 1242
SSACC R,10678567.0,
ESACC R,10678567.0,10678589 24 923.6 540.1 968.6 536.9 1.22 139
SFIX R,10678591.0,
EFIX R,10678591.0,10678709 120 961.4 540.6 1237
SSACC R,10678711.0,
ESACC R,10678711.0,10678729 20 957.2 547.5 931.2 552.1 0.72 103
SFIX R,10678731.0,
EFIX R,10678731.0,10679621 892 923.3 564.1 1211
SSACC R,10679623.0,
ESACC R,10679623.0,10679639 18 921.5 564.1 950.2 570.9 0.80 88
SFIX R,10679641.0,
EFIX R,10679641.0,10679795 156 942.4 560.3 1107
SSACC R,10679797.0,
ESACC R,10679797.0,10679811 16 933.5 552.6 916.7 553.5 0.46 66
SFIX R,10679813.0,
EFIX R,10679813.0,10680489 678 914.3 546.9 1212
SSACC R,10680491.0,
ESACC R,10680491.0,10680507 18 919.4 547.6 923.2 549.2 0.11 53
SFIX R,10680509.0,
EFIX R,10680509.0,10680775 268 917.4 549.9 1289
SSACC R,10680777.0,
SBLINK R,10680801.0,
EBLINK R,10680801.0,10680891 92
ESACC R,10680777.0,10680941 166 926.5 556.7 950.3 539.4 0.80 1971
SFIX R,10680943.0,
EFIX R,10680943.0,10681235 294 940.5 558.9 1371
SSACC R,10681237.0,
ESACC R,10681237.0,10681277 42 935.2 563.0 949.1 583.0 0.66 99
SFIX R,10681279.0,
EFIX R,10681279.0,10681417 140 937.0 580.8 1268
SSACC R,10681419.0,
ESACC R,10681419.0,10681429 12 928.5 581.6 906.5 577.1 0.61 67
SFIX R,10681431.0,
EFIX R,10681431.0,10682173 744 908.7 571.9 1166
SSACC R,10682175.0,
ESACC R,10682175.0,10682199 26 916.3 558.4 937.2 561.6 0.57 105
SFIX R,10682201.0,
EFIX R,10682201.0,10682575 376 930.8 559.4 1259
SSACC R,10682577.0,
ESACC R,10682577.0,10682597 22 929.9 554.1 916.1 556.1 0.38 85
SFIX R,10682599.0,
EFIX R,10682599.0,10682961 364 919.8 550.5 1331
SSACC R,10682963.0,
ESACC R,10682963.0,10682989 28 920.1 549.5 941.9 548.7 0.59 127
SFIX R,10682991.0,
EFIX R,10682991.0,10683123 134 946.3 551.4 1308
SSACC R,10683125.0,
ESACC R,10683125.0,10683151 28 947.5 550.0 937.7 554.7 0.29 114
SFIX R,10683153.0,
EFIX R,10683153.0,10685621 2470 937.5 555.8 1347
SSACC R,10685623.0,
ESACC R,10685623.0,10685653 32 939.2 544.7 969.7 546.3 0.83 184
SFIX R,10685655.0,
EFIX R,10685655.0,10685799 146 977.6 549.7 1439
SSACC R,10685801.0,
ESACC R,10685801.0,10685821 22 984.5 547.4 955.7 552.7 0.79 97
SFIX R,10685823.0,
EFIX R,10685823.0,10686143 322 960.5 553.7 1465
SSACC R,10686145.0,
SBLINK R,10686251.0,
EBLINK R,10686251.0,10686567 318
ESACC R,10686145.0,10686611 468 956.2 562.6 822.0 528.0 3.75 963
SFIX R,10686613.0,
EFIX R,10686613.0,10686719 108 817.5 545.6 1409
SSACC R,10686721.0,
ESACC R,10686721.0,10686753 34 817.9 557.6 950.4 573.8 3.61 403
SFIX R,10686755.0,
EFIX R,10686755.0,10686911 158 952.4 579.4 1356
SSACC R,10686913.0,
ESACC R,10686913.0,10686927 16 947.2 581.6 972.8 559.8 0.91 100
SFIX R,10686929.0,
EFIX R,10686929.0,10687241 314 961.6 565.3 1326
SSACC R,10687243.0,
ESACC R,10687243.0,10687259 18 954.3 569.9 934.9 572.3 0.53 82
SFIX R,10687261.0,
EFIX R,10687261.0,10687543 284 932.9 573.6 1283
SSACC R,10687545.0,
ESACC R,10687545.0,10687549 6 933.9 562.4 940.5 565.9 0.20 50
SFIX R,10687551.0,
EFIX R,10687551.0,10688197 648 947.5 561.2 1359
SSACC R,10688199.0,
ESACC R,10688199.0,10688213 16 954.3 556.5 943.2 566.0 0.40 64
SFIX R,10688215.0,
EFIX R,10688215.0,10689763 1550 946.7 544.2 1496
SSACC R,10689765.0,
SBLINK R,10689801.0,
EBLINK R,10689801.0,10689819 20
ESACC R,10689765.0,10689873 110 954.2 553.9 959.5 575.6 0.61 1694
SFIX R,10689875.0,
EFIX R,10689875.0,10690013 140 952.6 568.7 1386
SSACC R,10690015.0,
SBLINK R,10690041.0,
EBLINK R,10690041.0,10690121 82
ESACC R,10690015.0,10690181 168 956.1 565.2 959.8 532.6 0.89 1870
SFIX R,10690183.0,
EFIX R,10690183.0,10691181 1000 939.5 546.7 1308
SSACC R,10691183.0,
ESACC R,10691183.0,10691191 10 942.3 559.3 925.6 558.4 0.45 58
SFIX R,10691193.0,
EFIX R,10691193.0,10691523 332 923.0 556.9 1357
SSACC R,10691525.0,
ESACC R,10691525.0,10691529 6 924.2 555.8 931.7 556.9 0.21 51
SFIX R,10691531.0,
EFIX R,10691531.0,10691855 326 930.6 550.3 1426
SSACC R,10691857.0,
ESACC R,10691857.0,10691875 20 928.3 539.5 882.5 544.5 1.25 130
SFIX R,10691877.0,
EFIX R,10691877.0,10691951 76 891.4 540.0 1438
SSACC R,10691953.0,
ESACC R,10691953.0,10691983 32 890.5 540.0 947.5 535.6 1.55 185
SFIX R,10691985.0,
EFIX R,10691985.0,10692019 36 951.6 537.7 1436
SSACC R,10692021.0,
ESACC R,10692021.0,10692051 32 953.5 536.9 880.4 526.7 2.00 239
SFIX R,10692053.0,
EFIX R,10692053.0,10692141 90 873.6 527.8 1453
SSACC R,10692143.0,
ESACC R,10692143.0,10692163 22 874.9 527.0 935.1 532.9 1.64 155
SFIX R,10692165.0,
EFIX R,10692165.0,10693103 940 944.2 532.4 1548
SSACC R,10693105.0,
ESACC R,10693105.0,10693159 56 967.2 530.2 626.5 527.2 9.12 371
SFIX R,10693161.0,
EFIX R,10693161.0,10693347 188 627.6 518.7 1685
SSACC R,10693349.0,
ESACC R,10693349.0,10693387 40 624.3 524.4 960.0 545.1 9.01 594
SFIX R,10693389.0,
EFIX R,10693389.0,10693593 206 955.1 545.1 1694
SSACC R,10693595.0,
ESACC R,10693595.0,10693617 24 948.7 545.1 985.6 530.2 1.08 133
SFIX R,10693619.0,
EFIX R,10693619.0,10693801 184 976.2 533.4 1706
SSACC R,10693803.0,
ESACC R,10693803.0,10693823 22 974.2 531.5 939.4 545.2 1.01 109
SFIX R,10693825.0,
EFIX R,10693825.0,10695565 1742 953.0 529.1 1714
SSACC R,10695567.0,
ESACC R,10695567.0,10695585 20 957.1 507.6 971.0 513.8 0.41 72
SFIX R,10695587.0,
EFIX R,10695587.0,10697411 1826 939.8 517.1 1655
SSACC R,10697413.0,
ESACC R,10697413.0,10697429 18 920.7 536.9 946.2 534.0 0.70 72
SFIX R,10697431.0,
EFIX R,10697431.0,10697621 192 934.5 532.0 1540
SSACC R,10697623.0,
ESACC R,10697623.0,10697637 16 929.8 529.2 919.3 535.7 0.33 70
SFIX R,10697639.0,
EFIX R,10697639.0,10698105 468 923.7 527.6 1493
SSACC R,10698107.0,
ESACC R,10698107.0,10698129 24 921.9 521.0 889.5 522.0 0.88 122
SFIX R,10698131.0,
EFIX R,10698131.0,10698219 90 895.7 519.6 1543
SSACC R,10698221.0,
ESACC R,10698221.0,10698241 22 895.9 521.9 940.0 520.8 1.20 137
SFIX R,10698243.0,
EFIX R,10698243.0,10698583 342 929.1 520.7 1569
SSACC R,10698585.0,
ESACC R,10698585.0,10698625 42 927.4 519.2 945.5 533.2 0.62 150
SFIX R,10698627.0,
EFIX R,10698627.0,10698965 340 932.1 521.3 1582
SSACC R,10698967.0,
ESACC R,10698967.0,10698983 18 926.8 527.0 921.5 522.7 0.18 62
SFIX R,10698985.0,
EFIX R,10698985.0,10699241 258 918.8 533.3 1508
SSACC R,10699243.0,
ESACC R,10699243.0,10699257 16 914.7 545.4 928.9 545.2 0.38 60
SFIX R,10699259.0,
EFIX R,10699259.0,10700143 886 924.5 539.0 1401
SSACC R,10700145.0,
ESACC R,10700145.0,10700163 20 919.5 539.8 947.2 547.5 0.78 97
SFIX R,10700165.0,
EFIX R,10700165.0,10700349 186 941.8 545.9 1373
SSACC R,10700351.0,
ESACC R,10700351.0,10700363 14 940.7 546.5 911.3 537.5 0.83 86
SFIX R,10700365.0,
EFIX R,10700365.0,10702291 1928 918.1 534.8 1432
SSACC R,10702293.0,
ESACC R,10702293.0,10702315 24 901.4 533.4 905.4 524.6 0.26 62
SFIX R,10702317.0,
EFIX R,10702317.0,10702731 416 897.3 532.2 1473
SSACC R,10702733.0,
ESACC R,10702733.0,10702737 6 897.8 543.8 905.3 544.6 0.20 53
SFIX R,10702739.0,
EFIX R,10702739.0,10705315 2578 922.4 544.3 1325
SSACC R,10705317.0,
ESACC R,10705317.0,10705357 42 931.1 551.1 903.8 550.1 0.74 106
SFIX R,10705359.0,
EFIX R,10705359.0,10705433 76 909.5 546.7 1266
SSACC R,10705435.0,
ESACC R,10705435.0,10705451 18 909.2 548.2 949.0 550.5 1.08 98
SFIX R,10705453.0,
EFIX R,10705453.0,10707255 1804 952.1 524.6 1483
SSACC R,10707257.0,
ESACC R,10707257.0,10707279 24 950.3 515.6 947.3 519.6 0.14 74
SFIX R,10707281.0,
EFIX R,10707281.0,10708107 828 947.6 520.7 1621
SSACC R,10708109.0,
ESACC R,10708109.0,10708129 22 939.0 514.7 975.7 511.7 1.00 108
SFIX R,10708131.0,
EFIX R,10708131.0,10708255 126 966.1 511.8 1646
SSACC R,10708257.0,
ESACC R,10708257.0,10708273 18 966.3 507.9 932.6 518.1 0.95 92
SFIX R,10708275.0,
EFIX R,10708275.0,10709207 934 937.2 524.9 1563
SSACC R,10709209.0,
SBLINK R,10709239.0,
EBLINK R,10709239.0,10709279 42
ESACC R,10709209.0,10709339 132 939.4 534.6 944.8 517.2 0.49 1786
SFIX R,10709341.0,
EFIX R,10709341.0,10709863 524 929.0 542.1 1482
SSACC R,10709865.0,
ESACC R,10709865.0,10709883 20 925.9 559.5 921.3 553.0 0.22 69
SFIX R,10709885.0,
EFIX R,10709885.0,10711667 1784 927.9 540.0 1474
SSACC R,10711669.0,
ESACC R,10711669.0,10711689 22 931.8 511.5 959.4 511.0 0.75 96
SFIX R,10711691.0,
EFIX R,10711691.0,10711863 174 951.9 508.7 1677
SSACC R,10711865.0,
ESACC R,10711865.0,10711881 18 950.5 511.9 929.9 515.9 0.57 66
SFIX R,10711883.0,
EFIX R,10711883.0,10713749 1868 934.0 510.6 1693
SSACC R,10713751.0,
ESACC R,10713751.0,10713773 24 936.4 508.4 905.1 499.6 0.88 117
SFIX R,10713775.0,
EFIX R,10713775.0,10713963 190 911.2 493.7 1704
SSACC R,10713965.0,
ESACC R,10713965.0,10713975 12 912.4 488.8 933.4 489.0 0.57 58
SFIX R,10713977.0,
EFIX R,10713977.0,10716129 2154 924.6 519.0 1544
SSACC R,10716131.0,
ESACC R,10716131.0,10716145 16 923.3 533.7 931.6 543.9 0.36 54
SFIX R,10716147.0,
EFIX R,10716147.0,10717817 1672 932.7 536.3 1483
SSACC R,10717819.0,
ESACC R,10717819.0,10717837 20 939.8 520.1 954.3 501.6 0.64 68
SFIX R,10717839.0,
EFIX R,10717839.0,10718987 1150 936.8 501.2 1621
SSACC R,10718989.0,
ESACC R,10718989.0,10719011 24 928.6 496.5 924.1 550.2 1.46 133
SFIX R,10719013.0,
EFIX R,10719013.0,10719143 132 921.4 536.1 1664
SSACC R,10719145.0,
ESACC R,10719145.0,10719163 20 920.9 537.8 939.7 506.3 0.99 96
SFIX R,10719165.0,
EFIX R,10719165.0,10720971 1808 937.2 518.1 1529
SSACC R,10720973.0,
ESACC R,10720973.0,10720993 22 924.3 507.1 960.1 500.2 0.99 124
SFIX R,10720995.0,
EFIX R,10720995.0,10721105 112 947.8 499.4 1496
SSACC R,10721107.0,
ESACC R,10721107.0,10721121 16 939.7 500.6 906.5 511.0 0.94 91
SFIX R,10721123.0,
EFIX R,10721123.0,10722531 1410 907.2 518.9 1407
SSACC R,10722533.0,
ESACC R,10722533.0,10722549 18 904.8 524.1 924.8 527.8 0.55 75
SFIX R,10722551.0,
EFIX R,10722551.0,10722769 220 915.6 524.1 1394
SSACC R,10722771.0,
ESACC R,10722771.0,10722787 18 911.8 523.9 898.7 533.9 0.45 61
SFIX R,10722789.0,
EFIX R,10722789.0,10723549 762 905.3 525.0 1402
SSACC R,10723551.0,
ESACC R,10723551.0,10723571 22 915.8 522.5 914.1 517.5 0.14 75
SFIX R,10723573.0,
EFIX R,10723573.0,10726587 3016 923.7 518.7 1620
SSACC R,10726589.0,
ESACC R,10726589.0,10726605 18 928.9 509.1 936.1 502.9 0.26 65
SFIX R,10726607.0,
EFIX R,10726607.0,10728247 1642 919.4 507.9 1697
SSACC R,10728249.0,
ESACC R,10728249.0,10728269 22 903.4 518.3 938.1 521.3 0.94 98
SFIX R,10728271.0,
EFIX R,10728271.0,10728403 134 929.1 518.8 1600
SSACC R,10728405.0,
ESACC R,10728405.0,10728431 28 930.3 520.6 912.8 521.3 0.47 105
SFIX R,10728433.0,
EFIX R,10728433.0,10730107 1676 914.4 537.9 1305
SSACC R,10730109.0,
ESACC R,10730109.0,10730125 18 908.0 554.1 914.4 552.8 0.18 56
SFIX R,10730127.0,
EFIX R,10730127.0,10732065 1940 906.0 548.5 940
SSACC R,10732067.0,
ESACC R,10732067.0,10732085 20 901.7 541.7 894.0 540.7 0.21 76
SFIX R,10732087.0,
EFIX R,10732087.0,10732581 496 904.8 533.3 1019
SSACC R,10732583.0,
ESACC R,10732583.0,10732599 18 905.1 537.4 915.1 541.3 0.29 56
SFIX R,10732601.0,
EFIX R,10732601.0,10732961 362 911.6 547.8 1009
SSACC R,10732963.0,
SBLINK R,10732985.0,
EBLINK R,10732985.0,10733071 88
ESACC R,10732963.0,10733103 142 910.6 560.3 925.3 551.7 0.46 678
SFIX R,10733105.0,
EFIX R,10733105.0,10733417 314 909.6 543.8 919
SSACC R,10733419.0,
ESACC R,10733419.0,10733429 12 901.7 546.5 896.6 565.8 0.54 59
SFIX R,10733431.0,
EFIX R,10733431.0,10737157 3728 901.7 546.7 1106
SSACC R,10737159.0,
ESACC R,10737159.0,10737185 28 913.1 540.0 941.5 536.5 0.78 128
SFIX R,10737187.0,
EFIX R,10737187.0,10737323 138 937.9 538.1 1469
SSACC R,10737325.0,
ESACC R,10737325.0,10737337 14 932.8 542.2 905.4 546.0 0.75 81
SFIX R,10737339.0,
EFIX R,10737339.0,10738077 740 914.8 543.7 1416
SSACC R,10738079.0,
ESACC R,10738079.0,10738097 20 906.3 545.6 909.9 540.8 0.16 65
SFIX R,10738099.0,
EFIX R,10738099.0,10738823 726 899.7 530.8 1368
SSACC R,10738825.0,
ESACC R,10738825.0,10738853 30 898.7 535.5 847.5 602.0 2.27 192
SFIX R,10738855.0,
EFIX R,10738855.0,10738973 120 850.0 593.6 1416
SSACC R,10738975.0,
ESACC R,10738975.0,10738997 24 850.8 592.4 927.0 554.0 2.31 201
SFIX R,10738999.0,
EFIX R,10738999.0,10740337 1340 914.2 547.5 1100
SSACC R,10740339.0,
ESACC R,10740339.0,10740359 22 898.0 539.8 885.7 543.3 0.35 75
SFIX R,10740361.0,
EFIX R,10740361.0,10740671 312 889.8 544.4 991
SSACC R,10740673.0,
ESACC R,10740673.0,10740687 16 893.1 547.6 904.3 544.6 0.31 59
SFIX R,10740689.0,
EFIX R,10740689.0,10740935 248 901.2 540.0 1006
SSACC R,10740937.0,
SBLINK R,10740959.0,
EBLINK R,10740959.0,10741031 74
ESACC R,10740937.0,10741061 126 906.3 541.1 917.3 504.7 1.03 778
SFIX R,10741063.0,
EFIX R,10741063.0,10743463 2402 907.5 531.2 1123
SSACC R,10743465.0,
ESACC R,10743465.0,10743491 28 910.7 534.6 901.9 542.5 0.32 93
SFIX R,10743493.0,
EFIX R,10743493.0,10743941 450 924.0 547.7 1322
SSACC R,10743943.0,
ESACC R,10743943.0,10743959 18 919.4 557.7 901.9 556.0 0.48 77
SFIX R,10743961.0,
EFIX R,10743961.0,10744007 48 905.6 556.1 1343
SSACC R,10744009.0,
ESACC R,10744009.0,10744033 26 902.8 556.4 941.5 557.9 1.05 133
SFIX R,10744035.0,
EFIX R,10744035.0,10744161 128 933.8 558.2 1337
SSACC R,10744163.0,
ESACC R,10744163.0,10744177 16 931.4 558.5 896.8 559.6 0.94 90
SFIX R,10744179.0,
EFIX R,10744179.0,10744907 730 904.8 550.7 1277
SSACC R,10744909.0,
ESACC R,10744909.0,10744925 18 913.2 546.6 890.3 544.8 0.62 83
SFIX R,10744927.0,
EFIX R,10744927.0,10745155 230 896.7 540.8 1272
SSACC R,10745157.0,
ESACC R,10745157.0,10745175 20 899.3 541.4 940.2 540.9 1.11 107
SFIX R,10745177.0,
EFIX R,10745177.0,10745895 720 920.4 545.8 1310
SSACC R,10745897.0,
ESACC R,10745897.0,10745915 20 915.9 547.5 906.1 546.7 0.27 76
SFIX R,10745917.0,
EFIX R,10745917.0,10746607 692 909.5 546.5 1226
SSACC R,10746609.0,
ESACC R,10746609.0,10746629 22 907.2 546.2 890.4 553.4 0.50 97
SFIX R,10746631.0,
EFIX R,10746631.0,10746857 228 887.1 548.6 1101
SSACC R,10746859.0,
ESACC R,10746859.0,10746871 14 886.0 538.9 917.4 535.6 0.86 87
SFIX R,10746873.0,
EFIX R,10746873.0,10747267 396 906.0 534.6 1099
SSACC R,10747269.0,
ESACC R,10747269.0,10747287 20 907.2 532.7 883.6 530.9 0.64 93
SFIX R,10747289.0,
EFIX R,10747289.0,10747677 390 893.5 532.6 1127
SSACC R,10747679.0,
ESACC R,10747679.0,10747701 24 891.5 536.0 940.6 542.0 1.34 137
SFIX R,10747703.0,
EFIX R,10747703.0,10747869 168 926.9 542.4 1114
SSACC R,10747871.0,
ESACC R,10747871.0,10747883 14 920.9 547.8 889.5 545.1 0.85 87
SFIX R,10747885.0,
EFIX R,10747885.0,10748877 994 891.6 543.1 1011
SSACC R,10748879.0,
ESACC R,10748879.0,10748891 14 878.6 544.5 901.8 549.1 0.64 71
SFIX R,10748893.0,
EFIX R,10748893.0,10750159 1268 889.2 546.8 985
SSACC R,10750161.0,
ESACC R,10750161.0,10750175 16 890.4 549.0 920.2 548.4 0.81 87
SFIX R,10750177.0,
EFIX R,10750177.0,10750375 200 910.0 549.2 948
SSACC R,10750377.0,
ESACC R,10750377.0,10750381 6 908.7 544.6 898.7 545.6 0.27 53
SFIX R,10750383.0,
EFIX R,10750383.0,10753981 3600 903.0 549.0 943
SSACC R,10753983.0,
ESACC R,10753983.0,10754003 22 906.2 553.1 873.9 555.9 0.88 88
SFIX R,10754005.0,
EFIX R,10754005.0,10754061 58 878.6 552.9 940
SSACC R,10754063.0,
ESACC R,10754063.0,10754091 30 875.2 552.5 931.3 550.6 1.52 187
SFIX R,10754093.0,
EFIX R,10754093.0,10754123 32 932.7 550.5 917
SSACC R,10754125.0,
ESACC R,10754125.0,10754147 24 933.3 548.4 842.2 551.8 2.47 233
SFIX R,10754149.0,
EFIX R,10754149.0,10754243 96 855.7 545.3 900
SSACC R,10754245.0,
ESACC R,10754245.0,10754263 20 857.9 544.4 917.2 547.4 1.61 160
SFIX R,10754265.0,
EFIX R,10754265.0,10756037 1774 891.1 532.5 676
SSACC R,10756039.0,
SBLINK R,10756059.0,
EBLINK R,10756059.0,10756113 56
ESACC R,10756039.0,10756141 104 892.4 529.4 912.8 540.2 0.63 567
SFIX R,10756143.0,
EFIX R,10756143.0,10756279 138 903.3 556.6 766
SSACC R,10756281.0,
ESACC R,10756281.0,10756295 16 898.8 559.3 870.5 543.8 0.87 97
SFIX R,10756297.0,
EFIX R,10756297.0,10756677 382 869.5 539.1 725
SSACC R,10756679.0,
ESACC R,10756679.0,10756683 6 864.5 534.1 872.5 534.8 0.22 37
SFIX R,10756685.0,
EFIX R,10756685.0,10758875 2192 901.2 532.8 904
SSACC R,10758877.0,
ESACC R,10758877.0,10758899 24 911.8 532.1 921.9 533.1 0.28 94
SFIX R,10758901.0,
EFIX R,10758901.0,10759175 276 905.0 534.1 1094
SSACC R,10759177.0,
ESACC R,10759177.0,10759183 8 901.0 547.6 913.4 546.2 0.34 55
SFIX R,10759185.0,
EFIX R,10759185.0,10759415 232 912.9 548.1 1086
SSACC R,10759417.0,
SBLINK R,10759445.0,
EBLINK R,10759445.0,10759609 166
ESACC R,10759417.0,10759647 232 920.6 551.6 925.4 602.8 1.39 853
SFIX R,10759649.0,
EFIX R,10759649.0,10759781 134 921.4 612.9 1135
SSACC R,10759783.0,
ESACC R,10759783.0,10759793 12 919.4 611.5 902.0 594.7 0.66 75
SFIX R,10759795.0,
EFIX R,10759795.0,10760363 570 902.5 585.4 951
SSACC R,10760365.0,
ESACC R,10760365.0,10760371 8 894.1 576.7 904.9 575.0 0.30 49
SFIX R,10760373.0,
EFIX R,10760373.0,10760667 296 895.9 566.6 712
SSACC R,10760669.0,
ESACC R,10760669.0,10760673 6 885.2 562.1 873.6 562.7 0.31 54
SFIX R,10760675.0,
EFIX R,10760675.0,10761499 826 887.8 546.2 709
SSACC R,10761501.0,
ESACC R,10761501.0,10761517 18 891.2 546.2 883.7 550.4 0.23 51
SFIX R,10761519.0,
EFIX R,10761519.0,10762001 484 888.0 552.8 932
SSACC R,10762003.0,
ESACC R,10762003.0,10762019 18 889.4 554.9 903.8 554.1 0.39 54
SFIX R,10762021.0,
EFIX R,10762021.0,10762955 936 899.9 555.3 1078
SSACC R,10762957.0,
ESACC R,10762957.0,10762973 18 908.2 558.3 892.0 561.4 0.45 73
SFIX R,10762975.0,
EFIX R,10762975.0,10763227 254 899.9 556.4 1192
SSACC R,10763229.0,
ESACC R,10763229.0,10763245 18 899.5 554.7 911.2 562.4 0.38 60
SFIX R,10763247.0,
EFIX R,10763247.0,10763693 448 914.8 558.3 1242
SSACC R,10763695.0,
ESACC R,10763695.0,10763703 10 912.8 553.3 927.6 549.0 0.42 52
SFIX R,10763705.0,
EFIX R,10763705.0,10765455 1752 933.7 544.1 1343
SSACC R,10765457.0,
ESACC R,10765457.0,10765477 22 932.7 528.7 955.5 531.6 0.62 92
SFIX R,10765479.0,
EFIX R,10765479.0,10765699 222 939.8 531.8 1272
SSACC R,10765701.0,
ESACC R,10765701.0,10765711 12 933.4 527.8 911.2 530.0 0.60 64
SFIX R,10765713.0,
EFIX R,10765713.0,10767461 1750 914.3 543.8 1273
SSACC R,10767463.0,
ESACC R,10767463.0,10767485 24 904.1 560.6 926.1 562.4 0.60 102
SFIX R,10767487.0,
EFIX R,10767487.0,10767729 244 914.4 559.4 974
SSACC R,10767731.0,
ESACC R,10767731.0,10767749 20 909.9 556.2 890.1 564.0 0.58 72
SFIX R,10767751.0,
EFIX R,10767751.0,10769977 2228 908.3 549.9 1179
SSACC R,10769979.0,
ESACC R,10769979.0,10770001 24 922.7 557.5 898.0 574.3 0.81 109
SFIX R,10770003.0,
EFIX R,10770003.0,10771171 1170 911.8 555.1 1221
SSACC R,10771173.0,
ESACC R,10771173.0,10771189 18 912.9 556.5 948.1 542.1 1.03 95
SFIX R,10771191.0,
EFIX R,10771191.0,10771335 146 938.3 545.5 1230
SSACC R,10771337.0,
ESACC R,10771337.0,10771355 20 935.8 546.3 914.2 553.8 0.62 94
SFIX R,10771357.0,
EFIX R,10771357.0,10771847 492 919.5 554.1 1247
SSACC R,10771849.0,
ESACC R,10771849.0,10771867 20 923.2 552.2 948.4 549.4 0.69 92
SFIX R,10771869.0,
EFIX R,10771869.0,10772075 208 939.8 546.4 1256
SSACC R,10772077.0,
ESACC R,10772077.0,10772091 16 933.0 548.2 925.4 553.3 0.25 52
SFIX R,10772093.0,
EFIX R,10772093.0,10774487 2396 914.9 545.8 1067
SSACC R,10774489.0,
ESACC R,10774489.0,10774517 30 904.0 548.6 941.6 551.2 1.02 144
SFIX R,10774519.0,
EFIX R,10774519.0,10774613 96 944.7 547.4 994
SSACC R,10774615.0,
ESACC R,10774615.0,10774637 24 945.0 546.5 896.0 554.7 1.35 152
SFIX R,10774639.0,
EFIX R,10774639.0,10775907 1270 908.8 556.8 938
SSACC R,10775909.0,
ESACC R,10775909.0,10775925 18 921.1 560.2 932.1 549.7 0.41 72
SFIX R,10775927.0,
EFIX R,10775927.0,10777249 1324 918.4 547.5 1142
SSACC R,10777251.0,
ESACC R,10777251.0,10777263 14 939.2 549.0 954.2 548.6 0.41 71
SFIX R,10777265.0,
EFIX R,10777265.0,10777411 148 943.6 535.9 1328
SSACC R,10777413.0,
ESACC R,10777413.0,10777429 18 940.3 533.6 972.4 534.3 0.87 84
SFIX R,10777431.0,
EFIX R,10777431.0,10777561 132 956.6 532.9 1374
SSACC R,10777563.0,
ESACC R,10777563.0,10777585 24 950.1 536.4 881.0 541.2 1.88 176
SFIX R,10777587.0,
EFIX R,10777587.0,10777671 86 894.3 543.6 1382
SSACC R,10777673.0,
ESACC R,10777673.0,10777701 30 891.2 545.9 938.6 552.3 1.30 171
SFIX R,10777703.0,
EFIX R,10777703.0,10778381 680 937.6 548.0 1405
SSACC R,10778383.0,
SBLINK R,10778409.0,
EBLINK R,10778409.0,10778483 76
ESACC R,10778383.0,10778543 162 957.1 545.9 967.1 535.3 0.39 2053
SFIX R,10778545.0,
EFIX R,10778545.0,10779727 1184 938.7 559.3 1238
SSACC R,10779729.0,
ESACC R,10779729.0,10779745 18 920.5 560.3 909.5 567.5 0.36 65
SFIX R,10779747.0,
EFIX R,10779747.0,10780053 308 914.9 560.8 1176
SSACC R,10780055.0,
ESACC R,10780055.0,10780071 18 913.4 548.1 927.0 557.1 0.44 64
SFIX R,10780073.0,
EFIX R,10780073.0,10783749 3678 901.1 558.3 1054
SSACC R,10783751.0,
ESACC R,10783751.0,10783781 32 898.3 539.8 903.6 551.8 0.36 110
SFIX R,10783783.0,
EFIX R,10783783.0,10787113 3332 897.1 554.7 908
SSACC R,10787115.0,
ESACC R,10787115.0,10787139 26 897.7 554.5 912.1 561.6 0.44 94
SFIX R,10787141.0,
EFIX R,10787141.0,10787261 122 896.4 560.9 1047
SSACC R,10787263.0,
ESACC R,10787263.0,10787273 12 897.5 562.3 922.2 564.3 0.67 72
SFIX R,10787275.0,
EFIX R,10787275.0,10787509 236 914.1 558.3 1082
SSACC R,10787511.0,
ESACC R,10787511.0,10787517 8 903.6 550.2 912.4 554.5 0.27 48
SFIX R,10787519.0,
EFIX R,10787519.0,10787883 366 917.7 548.8 1167
SSACC R,10787885.0,
ESACC R,10787885.0,10787901 18 919.7 549.8 917.8 549.4 0.05 50
SFIX R,10787903.0,
EFIX R,10787903.0,10788407 506 919.1 552.1 1217
SSACC R,10788409.0,
ESACC R,10788409.0,10788423 16 915.0 557.1 921.1 557.9 0.17 50
SFIX R,10788425.0,
EFIX R,10788425.0,10788721 298 912.2 558.3 1213
SSACC R,10788723.0,
SBLINK R,10788747.0,
EBLINK R,10788747.0,10788825 80
ESACC R,10788723.0,10788871 150 911.1 568.2 903.6 548.9 0.56 1855
SFIX R,10788873.0,
EFIX R,10788873.0,10791347 2476 888.5 543.5 999
SSACC R,10791349.0,
ESACC R,10791349.0,10791371 24 881.1 543.0 829.0 547.7 1.42 150
SFIX R,10791373.0,
EFIX R,10791373.0,10791517 146 840.6 546.8 1026
SSACC R,10791519.0,
ESACC R,10791519.0,10791537 20 838.9 549.1 898.5 549.0 1.61 126
SFIX R,10791539.0,
EFIX R,10791539.0,10791927 390 882.0 539.1 998
SSACC R,10791929.0,
SBLINK R,10791947.0,
EBLINK R,10791947.0,10792043 98
ESACC R,10791929.0,10792085 158 887.3 538.9 902.6 534.0 0.44 502
SFIX R,10792087.0,
EFIX R,10792087.0,10792927 842 887.7 544.6 936
SSACC R,10792929.0,
ESACC R,10792929.0,10792947 20 882.8 543.3 861.3 543.2 0.58 84
SFIX R,10792949.0,
EFIX R,10792949.0,10793325 378 870.9 549.6 1005
SSACC R,10793327.0,
ESACC R,10793327.0,10793343 18 874.0 549.3 907.6 542.9 0.93 86
SFIX R,10793345.0,
EFIX R,10793345.0,10794929 1586 894.7 540.5 1065
SSACC R,10794931.0,
ESACC R,10794931.0,10794951 22 891.9 541.4 920.9 536.3 0.80 119
SFIX R,10794953.0,
EFIX R,10794953.0,10795107 156 912.1 538.2 995
SSACC R,10795109.0,
ESACC R,10795109.0,10795125 18 913.4 537.4 880.6 542.9 0.90 81
SFIX R,10795127.0,
EFIX R,10795127.0,10795223 98 891.1 539.0 970
SSACC R,10795225.0,
SBLINK R,10795245.0,
EBLINK R,10795245.0,10795293 50
ESACC R,10795225.0,10795323 100 891.5 544.5 915.7 536.9 0.69 673
SFIX R,10795325.0,
EFIX R,10795325.0,10795531 208 907.8 543.9 893
SSACC R,10795533.0,
ESACC R,10795533.0,10795551 20 908.0 553.7 877.1 557.1 0.84 94
SFIX R,10795553.0,
EFIX R,10795553.0,10796139 588 878.5 556.8 905
SSACC R,10796141.0,
ESACC R,10796141.0,10796157 18 879.7 552.9 901.4 555.3 0.59 79
SFIX R,10796159.0,
EFIX R,10796159.0,10797075 918 891.1 551.3 1066
SSACC R,10797077.0,
ESACC R,10797077.0,10797101 26 887.9 543.5 872.4 548.2 0.44 111
SFIX R,10797103.0,
EFIX R,10797103.0,10797339 238 865.6 549.8 1084
SSACC R,10797341.0,
ESACC R,10797341.0,10797349 10 863.3 555.1 881.9 553.2 0.51 61
SFIX R,10797351.0,
EFIX R,10797351.0,10797767 418 882.7 549.7 1066
SSACC R,10797769.0,
ESACC R,10797769.0,10797789 22 884.4 549.0 888.3 544.4 0.16 78
SFIX R,10797791.0,
EFIX R,10797791.0,10798243 454 892.5 561.6 1161
SSACC R,10798245.0,
ESACC R,10798245.0,10798271 28 900.1 572.8 920.1 567.1 0.56 115
SFIX R,10798273.0,
EFIX R,10798273.0,10798403 132 928.0 571.2 1250
SSACC R,10798405.0,
ESACC R,10798405.0,10798425 22 933.6 571.9 912.9 577.2 0.58 90
SFIX R,10798427.0,
EFIX R,10798427.0,10798995 570 920.5 563.7 1323
SSACC R,10798997.0,
ESACC R,10798997.0,10799017 22 918.6 562.7 932.2 559.3 0.38 76
SFIX R,10799019.0,
EFIX R,10799019.0,10799311 294 918.3 562.8 1255
SSACC R,10799313.0,
ESACC R,10799313.0,10799333 22 912.4 561.1 888.9 566.5 0.65 95
SFIX R,10799335.0,
EFIX R,10799335.0,10799359 26 896.9 563.1 1166
SSACC R,10799361.0,
ESACC R,10799361.0,10799383 24 898.2 562.7 933.3 563.9 0.95 110
SFIX R,10799385.0,
EFIX R,10799385.0,10799501 118 925.5 560.9 1160
SSACC R,10799503.0,
ESACC R,10799503.0,10799515 14 921.3 559.1 892.0 562.8 0.80 71
SFIX R,10799517.0,
EFIX R,10799517.0,10800333 818 889.7 569.3 1099
SSACC R,10800335.0,
ESACC R,10800335.0,10800353 20 885.6 565.4 910.1 564.3 0.66 82
SFIX R,10800355.0,
EFIX R,10800355.0,10800677 324 901.5 557.9 1030
SSACC R,10800679.0,
ESACC R,10800679.0,10800697 20 900.0 551.4 875.0 557.9 0.70 83
SFIX R,10800699.0,
EFIX R,10800699.0,10802019 1322 896.2 550.5 1145
SSACC R,10802021.0,
ESACC R,10802021.0,10802035 16 904.4 547.6 919.7 542.9 0.43 63
SFIX R,10802037.0,
EFIX R,10802037.0,10802541 506 919.2 535.2 1320
SSACC R,10802543.0,
ESACC R,10802543.0,10802567 26 922.2 523.2 910.6 519.0 0.33 108
SFIX R,10802569.0,
EFIX R,10802569.0,10802871 304 907.6 522.9 1407
SSACC R,10802873.0,
ESACC R,10802873.0,10802891 20 906.3 528.4 926.3 524.0 0.55 80
SFIX R,10802893.0,
EFIX R,10802893.0,10803273 382 911.7 521.3 1445
SSACC R,10803275.0,
ESACC R,10803275.0,10803299 26 904.2 519.9 906.5 523.0 0.10 82
SFIX R,10803301.0,
EFIX R,10803301.0,10803771 472 906.5 529.8 1478
SSACC R,10803773.0,
ESACC R,10803773.0,10803779 8 899.5 534.3 913.4 533.6 0.38 54
SFIX R,10803781.0,
EFIX R,10803781.0,10804707 928 900.9 545.9 1413
SSACC R,10804709.0,
ESACC R,10804709.0,10804729 22 892.7 556.7 894.7 564.5 0.22 75
SFIX R,10804731.0,
EFIX R,10804731.0,10804955 226 890.0 564.5 1134
SSACC R,10804957.0,
ESACC R,10804957.0,10804965 10 892.0 564.7 905.4 566.9 0.37 47
SFIX R,10804967.0,
EFIX R,10804967.0,10805205 240 900.8 568.6 1044
SSACC R,10805207.0,
ESACC R,10805207.0,10805221 16 900.0 571.9 891.3 579.0 0.30 64
SFIX R,10805223.0,
EFIX R,10805223.0,10806145 924 891.8 570.4 899
SSACC R,10806147.0,
ESACC R,10806147.0,10806161 16 900.9 558.4 916.9 562.1 0.45 57
SFIX R,10806163.0,
EFIX R,10806163.0,10806477 316 903.6 559.5 940
SSACC R,10806479.0,
ESACC R,10806479.0,10806499 22 900.8 555.9 864.9 551.0 0.98 105
SFIX R,10806501.0,
EFIX R,10806501.0,10806579 80 871.0 549.6 950
SSACC R,10806581.0,
ESACC R,10806581.0,10806603 24 870.1 548.4 925.9 549.7 1.51 159
SFIX R,10806605.0,
EFIX R,10806605.0,10806649 46 916.6 548.1 963
SSACC R,10806651.0,
ESACC R,10806651.0,10806679 30 916.0 550.0 861.3 538.3 1.52 208
SFIX R,10806681.0,
EFIX R,10806681.0,10806779 100 857.3 537.7 971
SSACC R,10806781.0,
ESACC R,10806781.0,10806801 22 857.4 535.3 910.1 538.8 1.43 132
SFIX R,10806803.0,
EFIX R,10806803.0,10808871 2070 896.7 549.0 1007
SSACC R,10808873.0,
ESACC R,10808873.0,10808891 20 923.7 537.2 907.9 541.0 0.44 88
SFIX R,10808893.0,
EFIX R,10808893.0,10809399 508 919.9 528.4 1266
SSACC R,10809401.0,
SBLINK R,10809423.0,
EBLINK R,10809423.0,10809495 74
ESACC R,10809401.0,10809531 132 937.8 538.9 959.8 537.2 0.60 1958
SFIX R,10809533.0,
EFIX R,10809533.0,10809845 314 956.2 536.9 1285
SSACC R,10809847.0,
ESACC R,10809847.0,10809865 20 948.9 538.9 928.8 545.2 0.57 93
SFIX R,10809867.0,
EFIX R,10809867.0,10810631 766 922.3 557.6 1049
SSACC R,10810633.0,
ESACC R,10810633.0,10810651 20 908.2 567.3 914.4 569.8 0.18 66
SFIX R,10810653.0,
EFIX R,10810653.0,10811117 466 901.4 551.4 1129
SSACC R,10811119.0,
ESACC R,10811119.0,10811143 26 905.0 542.4 913.2 543.6 0.22 90
SFIX R,10811145.0,
EFIX R,10811145.0,10812007 864 927.9 552.2 1307
SSACC R,10812009.0,
ESACC R,10812009.0,10812037 30 935.1 568.2 922.0 568.8 0.36 112
SFIX R,10812039.0,
EFIX R,10812039.0,10812213 176 911.9 567.3 1400
SSACC R,10812215.0,
ESACC R,10812215.0,10812235 22 913.0 561.8 939.9 560.1 0.73 99
SFIX R,10812237.0,
EFIX R,10812237.0,10812639 404 927.4 564.7 1413
SSACC R,10812641.0,
ESACC R,10812641.0,10812665 26 917.1 565.7 916.5 561.4 0.12 96
SFIX R,10812667.0,
EFIX R,10812667.0,10813637 972 919.8 549.8 1459
SSACC R,10813639.0,
ESACC R,10813639.0,10813667 30 917.2 541.4 935.0 539.8 0.48 130
SFIX R,10813669.0,
EFIX R,10813669.0,10813841 174 949.2 535.0 1505
SSACC R,10813843.0,
ESACC R,10813843.0,10813859 18 948.9 535.2 934.0 537.9 0.41 71
SFIX R,10813861.0,
EFIX R,10813861.0,10815165 1306 948.0 561.4 1466
SSACC R,10815167.0,
ESACC R,10815167.0,10815191 26 941.3 566.0 961.5 559.7 0.57 113
SFIX R,10815193.0,
EFIX R,10815193.0,10815297 106 960.7 563.7 1446
SSACC R,10815299.0,
ESACC R,10815299.0,10815319 22 960.4 566.0 938.6 578.2 0.68 98
SFIX R,10815321.0,
EFIX R,10815321.0,10816029 710 937.8 564.0 1444
SSACC R,10816031.0,
ESACC R,10816031.0,10816053 24 951.1 555.2 957.3 539.2 0.47 76
SFIX R,10816055.0,
EFIX R,10816055.0,10816201 148 957.7 545.1 1436
SSACC R,10816203.0,
ESACC R,10816203.0,10816223 22 951.8 551.1 941.2 555.6 0.31 86
SFIX R,10816225.0,
EFIX R,10816225.0,10816653 430 931.1 557.3 1451
SSACC R,10816655.0,
ESACC R,10816655.0,10816675 22 930.4 563.2 956.6 560.9 0.71 84
SFIX R,10816677.0,
EFIX R,10816677.0,10817517 842 954.3 557.2 1433
SSACC R,10817519.0,
ESACC R,10817519.0,10817541 24 950.5 548.8 951.8 550.7 0.06 71
SFIX R,10817543.0,
EFIX R,10817543.0,10818251 710 958.3 544.9 1497
SSACC R,10818253.0,
SBLINK R,10818279.0,
EBLINK R,10818279.0,10818327 50
ESACC R,10818253.0,10818379 128 955.5 560.7 972.8 520.4 1.19 2184
SFIX R,10818381.0,
EFIX R,10818381.0,10818553 174 970.9 551.7 1459
SSACC R,10818555.0,
ESACC R,10818555.0,10818571 18 964.8 558.5 947.5 574.0 0.63 78
SFIX R,10818573.0,
EFIX R,10818573.0,10820981 2410 945.2 549.4 1474
SSACC R,10820983.0,
ESACC R,10820983.0,10820997 16 945.5 533.6 940.0 529.6 0.18 59
SFIX R,10820999.0,
EFIX R,10820999.0,10822175 1178 936.4 533.3 1565
SSACC R,10822177.0,
ESACC R,10822177.0,10822203 28 936.1 535.6 962.3 539.3 0.72 143
SFIX R,10822205.0,
EFIX R,10822205.0,10822281 78 966.1 537.8 1542
SSACC R,10822283.0,
ESACC R,10822283.0,10822313 32 966.8 536.1 944.5 535.8 0.60 140
SFIX R,10822315.0,
EFIX R,10822315.0,10822359 46 937.1 538.5 1542
SSACC R,10822361.0,
ESACC R,10822361.0,10822391 32 935.9 538.7 966.6 541.7 0.84 167
SFIX R,10822393.0,
EFIX R,10822393.0,10822517 126 971.8 538.8 1522
SSACC R,10822519.0,
ESACC R,10822519.0,10822545 28 971.2 538.0 948.2 547.8 0.68 120
SFIX R,10822547.0,
EFIX R,10822547.0,10823483 938 935.5 541.3 1467
SSACC R,10823485.0,
ESACC R,10823485.0,10823509 26 931.9 535.9 945.2 527.1 0.43 107
SFIX R,10823511.0,
EFIX R,10823511.0,10823825 316 953.2 526.2 1509
SSACC R,10823827.0,
ESACC R,10823827.0,10823847 22 961.9 517.3 949.5 523.2 0.37 84
SFIX R,10823849.0,
EFIX R,10823849.0,10825175 1328 947.9 520.3 1511
SSACC R,10825177.0,
ESACC R,10825177.0,10825205 30 938.5 526.6 960.8 522.0 0.62 134
SFIX R,10825207.0,
EFIX R,10825207.0,10826011 806 959.6 518.2 1465
SSACC R,10826013.0,
SBLINK R,10826041.0,
EBLINK R,10826041.0,10826095 56
ESACC R,10826013.0,10826143 132 962.6 527.9 973.1 521.4 0.33 1798
SFIX R,10826145.0,
EFIX R,10826145.0,10826381 238 966.4 531.1 1442
SSACC R,10826383.0,
ESACC R,10826383.0,10826399 18 964.3 530.2 960.1 549.4 0.53 71
SFIX R,10826401.0,
EFIX R,10826401.0,10827345 946 950.2 544.8 1290
SSACC R,10827347.0,
SBLINK R,10827371.0,
EBLINK R,10827371.0,10827523 154
ESACC R,10827347.0,10827569 224 942.8 548.8 958.7 505.6 1.25 1667
SFIX R,10827571.0,
EFIX R,10827571.0,10827817 248 949.1 525.2 1315
SSACC R,10827819.0,
ESACC R,10827819.0,10827833 16 945.0 527.0 949.2 558.0 0.85 81
SFIX R,10827835.0,
EFIX R,10827835.0,10830623 2790 947.6 529.2 1313
SSACC R,10830625.0,
ESACC R,10830625.0,10830649 26 936.7 538.0 945.9 541.3 0.26 94
SFIX R,10830651.0,
EFIX R,10830651.0,10831027 378 936.9 534.9 1375
SSACC R,10831029.0,
ESACC R,10831029.0,10831045 18 933.9 525.2 934.9 534.8 0.26 62
SFIX R,10831047.0,
EFIX R,10831047.0,10831353 308 935.2 532.3 1370
SSACC R,10831355.0,
ESACC R,10831355.0,10831377 24 932.6 533.4 931.8 529.7 0.10 79
SFIX R,10831379.0,
EFIX R,10831379.0,10833137 1760 926.6 535.4 1356
SSACC R,10833139.0,
ESACC R,10833139.0,10833163 26 932.8 524.6 922.8 529.3 0.30 84
SFIX R,10833165.0,
EFIX R,10833165.0,10833413 250 919.9 528.4 1454
SSACC R,10833415.0,
ESACC R,10833415.0,10833427 14 927.0 533.2 950.5 528.4 0.65 62
SFIX R,10833429.0,
EFIX R,10833429.0,10834869 1442 941.6 532.7 1500
SSACC R,10834871.0,
ESACC R,10834871.0,10834895 26 947.1 528.9 935.3 534.7 0.36 104
SFIX R,10834897.0,
EFIX R,10834897.0,10834959 64 929.7 530.5 1532
SSACC R,10834961.0,
ESACC R,10834961.0,10834989 30 925.9 530.9 953.0 522.2 0.77 146
SFIX R,10834991.0,
EFIX R,10834991.0,10835021 32 957.9 528.3 1522
SSACC R,10835023.0,
ESACC R,10835023.0,10835051 30 959.5 527.6 938.3 520.8 0.60 119
SFIX R,10835053.0,
EFIX R,10835053.0,10835533 482 935.0 524.3 1531
SSACC R,10835535.0,
ESACC R,10835535.0,10835555 22 937.0 525.9 967.2 528.6 0.82 117
SFIX R,10835557.0,
EFIX R,10835557.0,10835679 124 962.7 535.7 1537
SSACC R,10835681.0,
ESACC R,10835681.0,10835701 22 964.1 537.5 934.4 538.4 0.81 109
SFIX R,10835703.0,
EFIX R,10835703.0,10836117 416 944.0 531.8 1564
SSACC R,10836119.0,
ESACC R,10836119.0,10836139 22 953.5 518.5 963.6 516.3 0.28 84
SFIX R,10836141.0,
EFIX R,10836141.0,10836667 528 967.2 515.6 1585
SSACC R,10836669.0,
ESACC R,10836669.0,10836697 30 955.5 511.7 936.7 504.4 0.55 138
SFIX R,10836699.0,
EFIX R,10836699.0,10836731 34 929.3 506.3 1593
SSACC R,10836733.0,
ESACC R,10836733.0,10836767 36 929.4 505.3 992.1 511.2 1.71 269
SFIX R,10836769.0,
EFIX R,10836769.0,10836867 100 1000.8 514.6 1592
SSACC R,10836869.0,
ESACC R,10836869.0,10836891 24 1002.1 513.8 950.3 527.0 1.45 154
SFIX R,10836893.0,
EFIX R,10836893.0,10837295 404 953.5 515.1 1622
SSACC R,10837297.0,
ESACC R,10837297.0,10837309 14 948.3 512.5 935.9 509.2 0.35 66
SFIX R,10837311.0,
EFIX R,10837311.0,10838007 698 926.2 514.9 1607
SSACC R,10838009.0,
ESACC R,10838009.0,10838035 28 910.4 519.1 933.9 510.2 0.68 121
SFIX R,10838037.0,
EFIX R,10838037.0,10838059 24 936.9 511.4 1627
SSACC R,10838061.0,
ESACC R,10838061.0,10838087 28 939.5 512.2 915.6 517.9 0.67 122
SFIX R,10838089.0,
EFIX R,10838089.0,10838207 120 909.2 515.8 1618
SSACC R,10838209.0,
ESACC R,10838209.0,10838223 16 908.8 515.7 934.3 511.0 0.70 79
SFIX R,10838225.0,
EFIX R,10838225.0,10839981 1758 939.6 493.2 1695
SSACC R,10839983.0,
ESACC R,10839983.0,10840003 22 954.3 494.4 935.2 477.1 0.70 89
SFIX R,10840005.0,
EFIX R,10840005.0,10840199 196 935.9 483.3 1773
SSACC R,10840201.0,
ESACC R,10840201.0,10840229 30 937.7 491.9 972.2 492.9 0.94 167
SFIX R,10840231.0,
EFIX R,10840231.0,10840355 126 975.2 496.5 1735
SSACC R,10840357.0,
ESACC R,10840357.0,10840375 20 967.9 499.9 938.2 508.7 0.84 99
SFIX R,10840377.0,
EFIX R,10840377.0,10840907 532 937.9 501.4 1691
SSACC R,10840909.0,
ESACC R,10840909.0,10840939 32 931.2 495.3 985.4 490.9 1.47 218
SFIX R,10840941.0,
EFIX R,10840941.0,10841053 114 993.7 492.5 1712
SSACC R,10841055.0,
ESACC R,10841055.0,10841075 22 995.2 494.8 950.5 492.0 1.21 128
SFIX R,10841077.0,
EFIX R,10841077.0,10842029 954 968.2 496.5 1671
SSACC R,10842031.0,
ESACC R,10842031.0,10842097 68 973.2 493.8 980.4 487.9 0.25 124
SFIX R,10842099.0,
EFIX R,10842099.0,10842235 138 971.3 495.7 1620
SSACC R,10842237.0,
ESACC R,10842237.0,10842255 20 968.9 500.4 940.1 500.7 0.78 82
SFIX R,10842257.0,
EFIX R,10842257.0,10843387 1132 951.8 498.2 1601
SSACC R,10843389.0,
ESACC R,10843389.0,10843417 30 961.2 518.6 942.9 517.0 0.50 139
SFIX R,10843419.0,
EFIX R,10843419.0,10843487 70 936.3 516.8 1524
SSACC R,10843489.0,
ESACC R,10843489.0,10843519 32 936.6 522.5 982.5 513.1 1.27 209
SFIX R,10843521.0,
EFIX R,10843521.0,10843671 152 981.3 513.9 1515
SSACC R,10843673.0,
ESACC R,10843673.0,10843687 16 975.7 514.0 944.8 517.4 0.84 80
SFIX R,10843689.0,
EFIX R,10843689.0,10844291 604 950.0 523.1 1490
SSACC R,10844293.0,
SBLINK R,10844319.0,
EBLINK R,10844319.0,10844365 48
ESACC R,10844293.0,10844423 132 953.9 531.0 967.6 530.9 0.37 1946
SFIX R,10844425.0,
EFIX R,10844425.0,10844589 166 959.0 541.0 1385
SSACC R,10844591.0,
ESACC R,10844591.0,10844609 20 956.6 538.7 932.5 535.9 0.66 88
SFIX R,10844611.0,
EFIX R,10844611.0,10845977 1368 931.3 538.0 1290
SSACC R,10845979.0,
SBLINK R,10846055.0,
EBLINK R,10846055.0,10846165 112
ESACC R,10845979.0,10846221 244 955.3 519.7 948.8 509.9 0.32 1303
SFIX R,10846223.0,
EFIX R,10846223.0,10846561 340 936.8 521.9 1376
SSACC R,10846563.0,
ESACC R,10846563.0,10846583 22 932.6 529.4 910.8 549.4 0.80 108
SFIX R,10846585.0,
EFIX R,10846585.0,10846757 174 917.5 549.4 1306
SSACC R,10846759.0,
ESACC R,10846759.0,10846773 16 918.7 547.4 930.0 543.4 0.32 51
SFIX R,10846775.0,
EFIX R,10846775.0,10847287 514 918.8 547.1 1271
SSACC R,10847289.0,
ESACC R,10847289.0,10847303 16 926.3 541.3 937.2 534.6 0.35 61
SFIX R,10847305.0,
EFIX R,10847305.0,10848847 1544 938.8 535.8 1264
SSACC R,10848849.0,
ESACC R,10848849.0,10848875 28 931.0 522.4 965.3 523.6 0.93 151
SFIX R,10848877.0,
EFIX R,10848877.0,10848975 100 964.6 521.5 1465
SSACC R,10848977.0,
ESACC R,10848977.0,10848995 20 960.7 517.6 926.5 530.4 0.99 115
SFIX R,10848997.0,
EFIX R,10848997.0,10849461 466 934.2 515.5 1481
SSACC R,10849463.0,
ESACC R,10849463.0,10849489 28 944.8 512.2 914.0 510.5 0.84 165
SFIX R,10849491.0,
EFIX R,10849491.0,10849623 134 913.3 511.7 1517
SSACC R,10849625.0,
ESACC R,10849625.0,10849645 22 913.0 510.8 950.9 517.7 1.04 105
SFIX R,10849647.0,
EFIX R,10849647.0,10850069 424 941.3 516.9 1535
SSACC R,10850071.0,
ESACC R,10850071.0,10850091 22 940.5 520.4 938.3 522.0 0.07 63
SFIX R,10850093.0,
EFIX R,10850093.0,10852373 2282 941.4 510.9 1605
SSACC R,10852375.0,
ESACC R,10852375.0,10852379 6 945.4 525.2 935.8 527.0 0.26 52
SFIX R,10852381.0,
EFIX R,10852381.0,10852913 534 944.1 524.3 1574
SSACC R,10852915.0,
ESACC R,10852915.0,10852939 26 940.7 524.6 942.7 533.7 0.25 90
SFIX R,10852941.0,
EFIX R,10852941.0,10853173 234 943.0 532.1 1532
SSACC R,10853175.0,
ESACC R,10853175.0,10853199 26 938.0 537.9 922.2 544.3 0.46 123
SFIX R,10853201.0,
EFIX R,10853201.0,10853223 24 918.9 542.2 1511
SSACC R,10853225.0,
ESACC R,10853225.0,10853249 26 915.7 541.1 975.7 548.1 1.64 146
SFIX R,10853251.0,
EFIX R,10853251.0,10853375 126 955.7 549.5 1475
SSACC R,10853377.0,
ESACC R,10853377.0,10853393 18 952.2 548.9 915.8 546.6 0.99 93
SFIX R,10853395.0,
EFIX R,10853395.0,10855405 2012 926.3 545.7 1097
SSACC R,10855407.0,
ESACC R,10855407.0,10855427 22 910.1 542.3 877.3 536.4 0.90 110
SFIX R,10855429.0,
EFIX R,10855429.0,10855545 118 882.9 530.7 938
SSACC R,10855547.0,
ESACC R,10855547.0,10855567 22 883.9 532.0 950.3 527.6 1.80 157
SFIX R,10855569.0,
EFIX R,10855569.0,10855837 270 941.0 525.7 1025
SSACC R,10855839.0,
ESACC R,10855839.0,10855849 12 942.9 530.2 918.2 534.9 0.68 73
SFIX R,10855851.0,
EFIX R,10855851.0,10856427 578 937.4 540.5 1043
SSACC R,10856429.0,
ESACC R,10856429.0,10856443 16 941.7 547.9 977.4 554.0 0.98 96
SFIX R,10856445.0,
EFIX R,10856445.0,10856535 92 965.2 554.9 1024
SSACC R,10856537.0,
ESACC R,10856537.0,10856549 14 961.0 555.7 932.7 559.7 0.77 83
SFIX R,10856551.0,
EFIX R,10856551.0,10856795 246 940.9 558.2 1000
SSACC R,10856797.0,
SBLINK R,10856819.0,
EBLINK R,10856819.0,10856881 64
ESACC R,10856797.0,10856909 114 951.0 564.3 946.0 542.3 0.61 665
SFIX R,10856911.0,
EFIX R,10856911.0,10858307 1398 918.6 540.6 940
SSACC R,10858309.0,
ESACC R,10858309.0,10858323 16 917.3 536.1 923.4 540.1 0.20 52
SFIX R,10858325.0,
EFIX R,10858325.0,10859199 876 920.0 545.7 1137
SSACC R,10859201.0,
ESACC R,10859201.0,10859207 8 924.2 554.7 934.4 561.1 0.33 48
SFIX R,10859209.0,
EFIX R,10859209.0,10859869 662 940.7 560.9 1243
SSACC R,10859871.0,
ESACC R,10859871.0,10859879 10 938.8 564.8 947.7 567.0 0.25 52
SFIX R,10859881.0,
EFIX R,10859881.0,10862373 2494 927.0 526.7 1374
SSACC R,10862375.0,
ESACC R,10862375.0,10862405 32 928.5 525.0 995.0 533.6 1.82 226
SFIX R,10862407.0,
EFIX R,10862407.0,10862515 110 988.2 530.7 1440
SSACC R,10862517.0,
ESACC R,10862517.0,10862537 22 982.8 534.8 916.3 528.6 1.81 174
SFIX R,10862539.0,
EFIX R,10862539.0,10865263 2726 922.5 536.7 1319
SSACC R,10865265.0,
ESACC R,10865265.0,10865297 34 916.8 532.4 974.8 548.3 1.63 228
SFIX R,10865299.0,
EFIX R,10865299.0,10865445 148 980.5 546.0 1373
SSACC R,10865447.0,
ESACC R,10865447.0,10865475 30 980.0 546.8 943.9 561.4 1.06 156
SFIX R,10865477.0,
EFIX R,10865477.0,10865695 220 939.1 564.4 1344
SSACC R,10865697.0,
ESACC R,10865697.0,10865711 16 938.0 566.7 927.3 551.9 0.49 62
SFIX R,10865713.0,
EFIX R,10865713.0,10866679 968 933.8 546.6 1343
SSACC R,10866681.0,
SBLINK R,10866707.0,
EBLINK R,10866707.0,10866783 78
ESACC R,10866681.0,10866837 158 955.8 541.2 1045.4 536.2 2.43 1978
SFIX R,10866839.0,
EFIX R,10866839.0,10866931 94 1041.4 540.4 1462
SSACC R,10866933.0,
ESACC R,10866933.0,10866955 24 1034.4 556.3 970.7 534.4 1.83 177
SFIX R,10866957.0,
EFIX R,10866957.0,10867229 274 971.9 543.5 1414
SSACC R,10867231.0,
ESACC R,10867231.0,10867243 14 959.9 538.8 930.2 539.8 0.81 82
SFIX R,10867245.0,
EFIX R,10867245.0,10869015 1772 929.0 528.6 1298
SSACC R,10869017.0,
ESACC R,10869017.0,10869041 26 942.4 527.1 935.2 531.5 0.23 105
SFIX R,10869043.0,
EFIX R,10869043.0,10869471 430 936.6 527.7 1497
SSACC R,10869473.0,
ESACC R,10869473.0,10869501 30 931.6 521.9 965.2 513.7 0.94 179
SFIX R,10869503.0,
EFIX R,10869503.0,10869607 106 972.2 515.6 1494
SSACC R,10869609.0,
ESACC R,10869609.0,10869631 24 973.7 518.3 933.7 527.4 1.11 135
SFIX R,10869633.0,
EFIX R,10869633.0,10871627 1996 946.5 506.8 1548
SSACC R,10871629.0,
ESACC R,10871629.0,10871653 26 948.4 493.7 859.0 558.3 2.99 261
SFIX R,10871655.0,
EFIX R,10871655.0,10871789 136 863.9 560.2 1716
SSACC R,10871791.0,
ESACC R,10871791.0,10871825 36 861.3 559.7 974.6 515.2 3.30 335
SFIX R,10871827.0,
EFIX R,10871827.0,10871957 132 974.3 517.7 1725
SSACC R,10871959.0,
ESACC R,10871959.0,10871975 18 972.4 516.0 956.0 490.3 0.83 87
SFIX R,10871977.0,
EFIX R,10871977.0,10872555 580 957.9 488.3 1663
SSACC R,10872557.0,
ESACC R,10872557.0,10872573 18 946.6 486.8 938.4 490.3 0.24 59
SFIX R,10872575.0,
EFIX R,10872575.0,10872959 386 944.6 499.3 1555
SSACC R,10872961.0,
ESACC R,10872961.0,10872977 18 945.2 504.0 929.5 504.1 0.43 78
SFIX R,10872979.0,
EFIX R,10872979.0,10873483 506 931.4 506.3 1598
SSACC R,10873485.0,
ESACC R,10873485.0,10873519 36 931.2 510.7 1004.2 502.0 1.99 298
SFIX R,10873521.0,
EFIX R,10873521.0,10873627 108 1011.5 502.0 1624
SSACC R,10873629.0,
ESACC R,10873629.0,10873657 30 1010.6 502.3 958.2 514.8 1.46 181
SFIX R,10873659.0,
EFIX R,10873659.0,10873947 290 946.8 518.3 1647
SSACC R,10873949.0,
ESACC R,10873949.0,10873969 22 945.1 519.4 925.0 526.2 0.58 95
SFIX R,10873971.0,
EFIX R,10873971.0,10874897 928 930.4 514.3 1694
SSACC R,10874899.0,
ESACC R,10874899.0,10874933 36 929.2 518.1 995.6 519.7 1.80 249
SFIX R,10874935.0,
EFIX R,10874935.0,10875011 78 1000.6 520.5 1713
SSACC R,10875013.0,
ESACC R,10875013.0,10875045 34 1001.8 523.6 956.5 512.2 1.27 208
SFIX R,10875047.0,
EFIX R,10875047.0,10876005 960 928.6 523.6 1607
SSACC R,10876007.0,
ESACC R,10876007.0,10876021 16 914.7 538.2 937.2 536.0 0.61 74
SFIX R,10876023.0,
EFIX R,10876023.0,10877847 1826 916.7 529.3 1406
SSACC R,10877849.0,
ESACC R,10877849.0,10877873 26 914.9 523.3 916.2 525.2 0.06 76
SFIX R,10877875.0,
EFIX R,10877875.0,10878939 1066 911.8 530.3 1367
SSACC R,10878941.0,
ESACC R,10878941.0,10878959 20 915.4 541.9 897.3 552.8 0.57 80
SFIX R,10878961.0,
EFIX R,10878961.0,10879129 170 898.9 548.1 1253
SSACC R,10879131.0,
ESACC R,10879131.0,10879149 20 894.4 549.6 938.7 545.7 1.21 95
SFIX R,10879151.0,
EFIX R,10879151.0,10879221 72 924.6 546.5 1244
SSACC R,10879223.0,
ESACC R,10879223.0,10879251 30 922.0 547.4 875.1 537.2 1.30 190
SFIX R,10879253.0,
EFIX R,10879253.0,10879341 90 873.3 537.8 1245
SSACC R,10879343.0,
ESACC R,10879343.0,10879367 26 871.8 536.1 924.1 538.8 1.42 155
SFIX R,10879369.0,
EFIX R,10879369.0,10880555 1188 909.3 533.3 1248
SSACC R,10880557.0,
ESACC R,10880557.0,10880573 18 913.1 530.7 918.6 528.7 0.16 57
SFIX R,10880575.0,
EFIX R,10880575.0,10882609 2036 914.0 524.0 1307
SSACC R,10882611.0,
ESACC R,10882611.0,10882631 22 934.3 541.0 920.9 547.9 0.41 87
SFIX R,10882633.0,
EFIX R,10882633.0,10883455 824 907.7 531.3 1181
SSACC R,10883457.0,
ESACC R,10883457.0,10883479 24 899.7 529.0 952.5 526.1 1.43 150
SFIX R,10883481.0,
EFIX R,10883481.0,10883547 68 943.0 520.9 1222
SSACC R,10883549.0,
ESACC R,10883549.0,10883579 32 944.8 521.1 877.2 523.4 1.83 258
SFIX R,10883581.0,
EFIX R,10883581.0,10883621 42 873.9 522.3 1246
SSACC R,10883623.0,
ESACC R,10883623.0,10883659 38 873.3 525.1 982.8 519.8 2.97 329
SFIX R,10883661.0,
EFIX R,10883661.0,10883761 102 982.9 520.0 1254
SSACC R,10883763.0,
ESACC R,10883763.0,10883785 24 981.0 519.5 909.2 531.0 1.97 171
SFIX R,10883787.0,
EFIX R,10883787.0,10884033 248 927.7 529.1 1264
SSACC R,10884035.0,
ESACC R,10884035.0,10884053 20 928.2 529.6 902.9 543.0 0.78 107
SFIX R,10884055.0,
EFIX R,10884055.0,10884107 54 904.0 536.3 1265
SSACC R,10884109.0,
ESACC R,10884109.0,10884139 32 901.7 535.7 949.1 540.7 1.29 180
SFIX R,10884141.0,
EFIX R,10884141.0,10884287 148 952.3 538.1 1258
SSACC R,10884289.0,
ESACC R,10884289.0,10884309 22 950.7 537.3 901.5 540.3 1.34 132
SFIX R,10884311.0,
EFIX R,10884311.0,10885489 1180 914.7 536.6 1338
SSACC R,10885491.0,
ESACC R,10885491.0,10885507 18 908.9 550.4 923.8 542.1 0.46 64
SFIX R,10885509.0,
EFIX R,10885509.0,10886703 1196 917.9 543.2 1215
SSACC R,10886705.0,
ESACC R,10886705.0,10886719 16 906.5 545.3 887.7 542.9 0.51 68
SFIX R,10886721.0,
EFIX R,10886721.0,10887001 282 893.6 541.5 1129
SSACC R,10887003.0,
ESACC R,10887003.0,10887019 18 897.9 539.8 910.8 543.6 0.36 48
SFIX R,10887021.0,
EFIX R,10887021.0,10887391 372 903.5 538.1 1177
SSACC R,10887393.0,
ESACC R,10887393.0,10887409 18 904.8 537.6 891.7 537.1 0.36 63
SFIX R,10887411.0,
EFIX R,10887411.0,10887799 390 902.0 547.8 1120
SSACC R,10887801.0,
ESACC R,10887801.0,10887813 14 901.0 553.0 926.3 553.7 0.69 71
SFIX R,10887815.0,
EFIX R,10887815.0,10888097 284 916.3 553.9 1007
SSACC R,10888099.0,
ESACC R,10888099.0,10888111 14 910.2 550.6 889.5 555.1 0.57 69
SFIX R,10888113.0,
EFIX R,10888113.0,10888465 354 901.2 551.4 894
SSACC R,10888467.0,
ESACC R,10888467.0,10888483 18 904.5 548.7 919.7 548.5 0.41 60
SFIX R,10888485.0,
EFIX R,10888485.0,10890649 2166 904.0 539.6 869
SSACC R,10890651.0,
ESACC R,10890651.0,10890665 16 905.1 542.0 912.9 546.4 0.24 53
SFIX R,10890667.0,
EFIX R,10890667.0,10891397 732 904.5 542.2 936
SSACC R,10891399.0,
ESACC R,10891399.0,10891417 20 911.9 541.1 928.1 541.6 0.44 82
SFIX R,10891419.0,
EFIX R,10891419.0,10891771 354 920.3 537.8 986
SSACC R,10891773.0,
ESACC R,10891773.0,10891789 18 918.7 537.6 884.4 541.1 0.93 91
SFIX R,10891791.0,
EFIX R,10891791.0,10891883 94 893.3 541.4 951
SSACC R,10891885.0,
ESACC R,10891885.0,10891907 24 890.0 542.9 941.5 543.9 1.40 158
SFIX R,10891909.0,
EFIX R,10891909.0,10892043 136 928.3 544.3 956
SSACC R,10892045.0,
ESACC R,10892045.0,10892057 14 924.8 543.6 896.9 554.3 0.81 82
SFIX R,10892059.0,
EFIX R,10892059.0,10894117 2060 919.3 556.6 1087
SSACC R,10894119.0,
ESACC R,10894119.0,10894131 14 942.2 558.8 942.4 552.1 0.18 48
SFIX R,10894133.0,
EFIX R,10894133.0,10895909 1778 934.7 555.4 1418
SSACC R,10895911.0,
ESACC R,10895911.0,10895931 22 937.5 554.7 930.0 559.6 0.24 72
SFIX R,10895933.0,
EFIX R,10895933.0,10896213 282 932.5 552.8 1453
SSACC R,10896215.0,
ESACC R,10896215.0,10896233 20 934.2 541.8 967.7 554.3 0.97 105
SFIX R,10896235.0,
EFIX R,10896235.0,10896365 132 956.6 548.0 1414
SSACC R,10896367.0,
ESACC R,10896367.0,10896391 26 956.8 549.3 931.7 548.4 0.68 119
SFIX R,10896393.0,
EFIX R,10896393.0,10896419 28 931.9 545.2 1420
SSACC R,10896421.0,
ESACC R,10896421.0,10896449 30 928.3 546.2 964.7 550.1 0.99 154
SFIX R,10896451.0,
EFIX R,10896451.0,10896573 124 963.5 549.7 1391
SSACC R,10896575.0,
ESACC R,10896575.0,10896593 20 959.5 554.4 923.7 554.0 0.97 97
SFIX R,10896595.0,
EFIX R,10896595.0,10897729 1136 922.3 548.0 1306
SSACC R,10897731.0,
ESACC R,10897731.0,10897749 20 909.8 537.7 930.2 543.9 0.58 76
SFIX R,10897751.0,
EFIX R,10897751.0,10897875 126 921.2 540.9 1234
SSACC R,10897877.0,
ESACC R,10897877.0,10897897 22 922.0 540.9 904.0 549.5 0.54 85
SFIX R,10897899.0,
EFIX R,10897899.0,10898559 662 906.7 550.2 1203
SSACC R,10898561.0,
ESACC R,10898561.0,10898581 22 902.1 550.5 882.8 563.9 0.64 87
SFIX R,10898583.0,
EFIX R,10898583.0,10898639 58 888.8 556.8 1173
SSACC R,10898641.0,
ESACC R,10898641.0,10898671 32 890.8 552.7 940.6 546.4 1.36 205
SFIX R,10898673.0,
EFIX R,10898673.0,10898781 110 947.5 547.7 1181
SSACC R,10898783.0,
ESACC R,10898783.0,10898801 20 951.4 550.8 901.8 555.4 1.35 116
SFIX R,10898803.0,
EFIX R,10898803.0,10900213 1412 912.8 538.9 1252
SSACC R,10900215.0,
ESACC R,10900215.0,10900231 18 915.5 529.5 933.4 538.9 0.55 82
SFIX R,10900233.0,
EFIX R,10900233.0,10900515 284 915.9 539.9 1317
SSACC R,10900517.0,
ESACC R,10900517.0,10900531 16 903.5 543.4 892.3 547.4 0.32 72
SFIX R,10900533.0,
EFIX R,10900533.0,10900775 244 893.1 550.3 1276
SSACC R,10900777.0,
ESACC R,10900777.0,10900851 76 900.1 564.1 924.4 557.3 0.68 1255
SFIX R,10900853.0,
EFIX R,10900853.0,10901081 230 911.1 572.5 1069
SSACC R,10901083.0,
ESACC R,10901083.0,10901095 14 907.5 574.1 892.7 574.1 0.40 66
SFIX R,10901097.0,
EFIX R,10901097.0,10903029 1934 889.9 552.0 722
SSACC R,10903031.0,
SBLINK R,10903057.0,
EBLINK R,10903057.0,10903097 42
ESACC R,10903031.0,10903127 98 904.3 564.6 892.1 605.9 1.17 1900
SFIX R,10903129.0,
EFIX R,10903129.0,10903593 466 881.4 564.8 719
SSACC R,10903595.0,
ESACC R,10903595.0,10903605 12 879.2 558.3 900.8 561.8 0.59 67
SFIX R,10903607.0,
EFIX R,10903607.0,10903819 214 894.3 562.6 720
SSACC R,10903821.0,
SBLINK R,10903839.0,
EBLINK R,10903839.0,10903931 94
ESACC R,10903821.0,10903969 150 898.1 577.2 901.7 544.6 0.89 1667
SFIX R,10903971.0,
EFIX R,10903971.0,10905935 1966 886.4 543.4 794
SSACC R,10905937.0,
ESACC R,10905937.0,10905957 22 893.0 532.5 923.2 526.2 0.84 109
SFIX R,10905959.0,
EFIX R,10905959.0,10906351 394 905.4 530.9 1036
SSACC R,10906353.0,
ESACC R,10906353.0,10906375 24 898.4 542.4 890.5 546.0 0.24 90
SFIX R,10906377.0,
EFIX R,10906377.0,10906491 116 884.2 545.1 1014
SSACC R,10906493.0,
ESACC R,10906493.0,10906515 24 883.6 545.5 895.3 543.3 0.32 76
SFIX R,10906517.0,
EFIX R,10906517.0,10907039 524 897.0 540.9 1065
SSACC R,10907041.0,
ESACC R,10907041.0,10907057 18 895.7 544.4 890.3 548.8 0.19 55
SFIX R,10907059.0,
EFIX R,10907059.0,10912459 5402 912.4 529.3 1449
SSACC R,10912461.0,
ESACC R,10912461.0,10912489 30 910.0 510.0 932.9 513.3 0.63 155
SFIX R,10912491.0,
EFIX R,10912491.0,10912523 34 937.2 511.2 1664
SSACC R,10912525.0,
ESACC R,10912525.0,10912557 34 938.1 513.6 889.2 509.1 1.33 227
SFIX R,10912559.0,
EFIX R,10912559.0,10912613 56 876.9 513.5 1662
SSACC R,10912615.0,
ESACC R,10912615.0,10912647 34 874.4 513.1 925.9 513.9 1.40 265
SFIX R,10912649.0,
EFIX R,10912649.0,10912835 188 932.5 520.8 1613
SSACC R,10912837.0,
ESACC R,10912837.0,10912851 16 930.3 535.9 896.2 542.9 0.94 89
SFIX R,10912853.0,
EFIX R,10912853.0,10915159 2308 899.7 538.4 1373
SSACC R,10915161.0,
ESACC R,10915161.0,10915189 30 904.6 529.5 910.8 530.6 0.17 136
SFIX R,10915191.0,
EFIX R,10915191.0,10915713 524 908.8 531.3 1436
SSACC R,10915715.0,
ESACC R,10915715.0,10915721 8 910.0 528.5 922.3 532.3 0.35 55
SFIX R,10915723.0,
EFIX R,10915723.0,10915867 146 920.1 530.4 1336
SSACC R,10915869.0,
ESACC R,10915869.0,10915889 22 918.3 529.5 898.8 537.7 0.57 93
SFIX R,10915891.0,
EFIX R,10915891.0,10915969 80 899.9 536.9 1280
SSACC R,10915971.0,
ESACC R,10915971.0,10915999 30 897.6 539.9 917.0 544.5 0.54 120
SFIX R,10916001.0,
EFIX R,10916001.0,10916123 124 917.7 548.2 1213
SSACC R,10916125.0,
ESACC R,10916125.0,10916141 18 914.5 552.2 888.6 550.7 0.70 88
SFIX R,10916143.0,
EFIX R,10916143.0,10916693 552 896.1 557.6 1088
SSACC R,10916695.0,
SBLINK R,10916715.0,
EBLINK R,10916715.0,10916811 98
ESACC R,10916695.0,10916851 158 895.9 580.6 910.4 573.8 0.43 886
SFIX R,10916853.0,
EFIX R,10916853.0,10919603 2752 886.2 549.6 953
SSACC R,10919605.0,
ESACC R,10919605.0,10919625 22 905.2 545.0 867.6 540.8 1.03 116
SFIX R,10919627.0,
EFIX R,10919627.0,10919673 48 876.9 537.6 1159
SSACC R,10919675.0,
ESACC R,10919675.0,10919709 36 875.2 535.4 934.8 537.1 1.62 236
SFIX R,10919711.0,
EFIX R,10919711.0,10919803 94 940.6 532.6 1175
SSACC R,10919805.0,
ESACC R,10919805.0,10919827 24 943.3 528.5 905.9 535.4 1.03 140
SFIX R,10919829.0,
EFIX R,10919829.0,10922663 2836 930.2 518.2 1498
SSACC R,10922665.0,
ESACC R,10922665.0,10922687 24 920.4 511.3 938.3 520.5 0.55 99
SFIX R,10922689.0,
EFIX R,10922689.0,10922803 116 912.0 525.5 1626
SSACC R,10922805.0,
ESACC R,10922805.0,10922823 20 908.8 530.9 939.3 533.8 0.83 99
SFIX R,10922825.0,
EFIX R,10922825.0,10924277 1454 934.9 512.3 1686
SSACC R,10924279.0,
ESACC R,10924279.0,10924301 24 924.3 515.0 868.2 532.4 1.59 170
SFIX R,10924303.0,
EFIX R,10924303.0,10924427 126 873.6 532.3 1706
SSACC R,10924429.0,
ESACC R,10924429.0,10924451 24 872.0 532.8 935.0 526.1 1.72 147
SFIX R,10924453.0,
EFIX R,10924453.0,10924995 544 917.1 529.1 1656
SSACC R,10924997.0,
ESACC R,10924997.0,10925019 24 918.6 526.4 939.6 516.8 0.63 88
SFIX R,10925021.0,
EFIX R,10925021.0,10925247 228 937.0 526.6 1654
SSACC R,10925249.0,
ESACC R,10925249.0,10925265 18 927.8 532.4 917.7 526.6 0.32 70
SFIX R,10925267.0,
EFIX R,10925267.0,10926229 964 907.6 515.6 1641
SSACC R,10926231.0,
ESACC R,10926231.0,10926253 24 901.1 519.5 927.7 522.3 0.72 106
SFIX R,10926255.0,
EFIX R,10926255.0,10926479 226 913.9 523.6 1611
SSACC R,10926481.0,
ESACC R,10926481.0,10926499 20 910.8 526.6 892.2 531.0 0.52 79
SFIX R,10926501.0,
EFIX R,10926501.0,10926811 312 900.9 516.9 1601
SSACC R,10926813.0,
ESACC R,10926813.0,10926835 24 904.7 514.5 907.7 505.1 0.27 63
SFIX R,10926837.0,
EFIX R,10926837.0,10927357 522 904.8 509.4 1568
SSACC R,10927359.0,
ESACC R,10927359.0,10927363 6 895.0 513.4 902.7 516.7 0.23 50
SFIX R,10927365.0,
EFIX R,10927365.0,10928185 822 915.3 516.1 1505
SSACC R,10928187.0,
ESACC R,10928187.0,10928197 12 930.3 520.0 934.6 536.5 0.46 47
SFIX R,10928199.0,
EFIX R,10928199.0,10928469 272 937.6 525.2 1545
SSACC R,10928471.0,
ESACC R,10928471.0,10928479 10 927.2 516.4 940.0 514.2 0.35 55
SFIX R,10928481.0,
EFIX R,10928481.0,10928869 390 939.5 515.4 1612
SSACC R,10928871.0,
ESACC R,10928871.0,10928887 18 938.2 525.6 950.7 511.8 0.50 84
SFIX R,10928889.0,
EFIX R,10928889.0,10929189 302 949.4 521.8 1582
SSACC R,10929191.0,
ESACC R,10929191.0,10929211 22 945.5 522.4 925.6 520.4 0.54 88
SFIX R,10929213.0,
EFIX R,10929213.0,10930475 1264 916.5 530.8 1567
SSACC R,10930477.0,
ESACC R,10930477.0,10930503 28 903.9 548.8 910.8 549.8 0.19 93
SFIX R,10930505.0,
EFIX R,10930505.0,10931045 542 913.5 546.9 1602
SSACC R,10931047.0,
ESACC R,10931047.0,10931073 28 918.2 534.9 915.2 545.9 0.31 112
SFIX R,10931075.0,
EFIX R,10931075.0,10931261 188 908.2 541.7 1613
SSACC R,10931263.0,
ESACC R,10931263.0,10931267 6 906.6 539.8 916.3 540.2 0.26 47
SFIX R,10931269.0,
EFIX R,10931269.0,10931891 624 921.3 541.2 1621
SSACC R,10931893.0,
SBLINK R,10931919.0,
EBLINK R,10931919.0,10931947 30
ESACC R,10931893.0,10932007 116 930.8 545.6 954.1 520.9 0.92 2026
SFIX R,10932009.0,
EFIX R,10932009.0,10932191 184 949.8 529.7 1688
SSACC R,10932193.0,
ESACC R,10932193.0,10932211 20 949.3 531.4 930.7 525.2 0.53 71
SFIX R,10932213.0,
EFIX R,10932213.0,10935691 3480 924.3 530.4 1526
SSACC R,10935693.0,
SBLINK R,10935727.0,
EBLINK R,10935727.0,10935799 74
ESACC R,10935693.0,10935851 160 940.1 509.1 963.2 496.1 0.72 1428
SFIX R,10935853.0,
EFIX R,10935853.0,10936129 278 960.9 519.2 1669
SSACC R,10936131.0,
ESACC R,10936131.0,10936145 16 968.6 519.4 956.2 516.9 0.34 69
SFIX R,10936147.0,
EFIX R,10936147.0,10936875 730 949.7 530.1 1546
SSACC R,10936877.0,
ESACC R,10936877.0,10936885 10 937.5 514.6 945.5 526.6 0.39 52
SFIX R,10936887.0,
EFIX R,10936887.0,10937523 638 945.6 529.6 1439
SSACC R,10937525.0,
ESACC R,10937525.0,10937549 26 947.5 523.9 928.4 520.5 0.53 116
SFIX R,10937551.0,
EFIX R,10937551.0,10937733 184 930.2 516.2 1509
SSACC R,10937735.0,
ESACC R,10937735.0,10937759 26 933.5 519.6 954.6 528.7 0.62 104
SFIX R,10937761.0,
EFIX R,10937761.0,10938241 482 953.6 521.6 1598
SSACC R,10938243.0,
ESACC R,10938243.0,10938271 30 951.3 518.9 935.3 530.9 0.54 132
SFIX R,10938273.0,
EFIX R,10938273.0,10938307 36 928.4 529.4 1624
SSACC R,10938309.0,
ESACC R,10938309.0,10938339 32 925.3 531.4 978.6 525.8 1.45 245
SFIX R,10938341.0,
EFIX R,10938341.0,10938431 92 982.4 523.7 1615
SSACC R,10938433.0,
ESACC R,10938433.0,10938455 24 982.7 514.5 934.5 515.5 1.31 130
SFIX R,10938457.0,
EFIX R,10938457.0,10938597 142 938.4 514.9 1611
SSACC R,10938599.0,
SBLINK R,10938637.0,
EBLINK R,10938637.0,10938733 98
ESACC R,10938599.0,10938777 180 941.4 521.5 946.0 525.5 0.17 2142
SFIX R,10938779.0,
EFIX R,10938779.0,10940303 1526 920.9 548.8 1324
SSACC R,10940305.0,
ESACC R,10940305.0,10940323 20 908.8 544.2 941.7 542.3 0.89 103
SFIX R,10940325.0,
EFIX R,10940325.0,10940435 112 934.4 545.1 1270
SSACC R,10940437.0,
ESACC R,10940437.0,10940455 20 934.8 545.1 896.7 549.3 1.04 110
SFIX R,10940457.0,
EFIX R,10940457.0,10940949 494 909.9 545.7 1371
SSACC R,10940951.0,
ESACC R,10940951.0,10940977 28 912.9 531.5 940.2 526.9 0.75 121
SFIX R,10940979.0,
EFIX R,10940979.0,10941139 162 939.2 528.2 1429
SSACC R,10941141.0,
ESACC R,10941141.0,10941157 18 933.8 525.8 921.1 537.4 0.47 69
SFIX R,10941159.0,
EFIX R,10941159.0,10941601 444 923.3 540.8 1423
SSACC R,10941603.0,
ESACC R,10941603.0,10941631 30 927.8 541.7 922.0 544.2 0.17 98
SFIX R,10941633.0,
EFIX R,10941633.0,10942165 534 918.2 540.6 1391
SSACC R,10942167.0,
ESACC R,10942167.0,10942189 24 916.7 538.6 897.4 543.9 0.54 107
SFIX R,10942191.0,
EFIX R,10942191.0,10942287 98 895.5 538.7 1386
SSACC R,10942289.0,
ESACC R,10942289.0,10942315 28 894.5 536.9 916.3 538.1 0.59 110
SFIX R,10942317.0,
EFIX R,10942317.0,10942985 670 914.6 537.5 1389
SSACC R,10942987.0,
ESACC R,10942987.0,10943011 26 919.9 538.7 903.0 544.5 0.48 100
SFIX R,10943013.0,
EFIX R,10943013.0,10943143 132 902.3 538.2 1396
SSACC R,10943145.0,
ESACC R,10943145.0,10943159 16 907.9 538.6 931.1 534.2 0.64 83
SFIX R,10943161.0,
EFIX R,10943161.0,10943417 258 923.9 530.2 1415
SSACC R,10943419.0,
ESACC R,10943419.0,10943439 22 921.7 533.7 901.2 525.2 0.60 92
SFIX R,10943441.0,
EFIX R,10943441.0,10943721 282 914.0 547.5 1476
SSACC R,10943723.0,
ESACC R,10943723.0,10943739 18 918.1 558.2 935.0 550.7 0.50 76
SFIX R,10943741.0,
EFIX R,10943741.0,10944693 954 938.2 546.9 1611
SSACC R,10944695.0,
ESACC R,10944695.0,10944715 22 945.3 527.0 946.0 543.9 0.46 73
SFIX R,10944717.0,
EFIX R,10944717.0,10945065 350 951.3 536.1 1750
SSACC R,10945067.0,
ESACC R,10945067.0,10945097 32 950.6 529.5 925.1 533.9 0.70 157
SFIX R,10945099.0,
EFIX R,10945099.0,10945223 126 912.3 540.9 1768
SSACC R,10945225.0,
ESACC R,10945225.0,10945249 26 909.9 543.8 934.4 545.9 0.67 113
SFIX R,10945251.0,
EFIX R,10945251.0,10947089 1840 947.1 530.9 1760
SSACC R,10947091.0,
ESACC R,10947091.0,10947123 34 967.9 528.3 1006.1 514.0 1.11 194
SFIX R,10947125.0,
EFIX R,10947125.0,10947227 104 1011.7 516.7 1759
SSACC R,10947229.0,
ESACC R,10947229.0,10947253 26 1009.0 517.2 982.4 530.2 0.80 126
SFIX R,10947255.0,
EFIX R,10947255.0,10948969 1716 971.7 517.9 1784
SSACC R,10948971.0,
ESACC R,10948971.0,10948993 24 964.0 518.7 988.1 507.5 0.72 107
SFIX R,10948995.0,
EFIX R,10948995.0,10949109 116 984.6 505.2 1821
SSACC R,10949111.0,
ESACC R,10949111.0,10949127 18 981.8 507.7 961.1 510.8 0.57 77
SFIX R,10949129.0,
EFIX R,10949129.0,10949779 652 951.6 514.3 1842
SSACC R,10949781.0,
ESACC R,10949781.0,10949805 26 954.6 512.3 974.1 510.4 0.53 100
SFIX R,10949807.0,
EFIX R,10949807.0,10949919 114 978.9 514.9 1835
SSACC R,10949921.0,
ESACC R,10949921.0,10949941 22 979.5 517.4 950.8 519.7 0.78 96
SFIX R,10949943.0,
EFIX R,10949943.0,10950723 782 950.5 521.0 1803
SSACC R,10950725.0,
ESACC R,10950725.0,10950747 24 942.2 514.7 987.8 513.8 1.24 137
SFIX R,10950749.0,
EFIX R,10950749.0,10950875 128 976.8 518.0 1799
SSACC R,10950877.0,
ESACC R,10950877.0,10950895 20 974.8 521.2 937.0 530.6 1.06 116
SFIX R,10950897.0,
EFIX R,10950897.0,10951935 1040 935.1 510.4 1814
SSACC R,10951937.0,
ESACC R,10951937.0,10951965 30 942.7 500.7 965.1 492.0 0.65 139
SFIX R,10951967.0,
EFIX R,10951967.0,10952093 128 969.7 494.7 1923
SSACC R,10952095.0,
ESACC R,10952095.0,10952113 20 965.7 488.7 944.0 503.8 0.72 76
SFIX R,10952115.0,
EFIX R,10952115.0,10953125 1012 947.2 495.1 1871
SSACC R,10953127.0,
ESACC R,10953127.0,10953149 24 941.1 481.5 945.6 471.6 0.29 70
SFIX R,10953151.0,
EFIX R,10953151.0,10953651 502 951.3 470.9 1858
SSACC R,10953653.0,
ESACC R,10953653.0,10953681 30 950.2 474.3 929.4 492.0 0.74 145
SFIX R,10953683.0,
EFIX R,10953683.0,10953831 150 918.5 492.9 1894
SSACC R,10953833.0,
ESACC R,10953833.0,10953853 22 915.5 497.6 952.1 489.6 1.02 108
SFIX R,10953855.0,
EFIX R,10953855.0,10954365 512 931.7 491.3 1853
SSACC R,10954367.0,
SBLINK R,10954391.0,
EBLINK R,10954391.0,10954519 130
ESACC R,10954367.0,10954573 208 939.0 495.3 961.5 458.5 1.17 1644
SFIX R,10954575.0,
EFIX R,10954575.0,10954803 230 939.8 485.3 1778
SSACC R,10954805.0,
ESACC R,10954805.0,10954823 20 934.2 499.6 913.5 497.0 0.57 89
SFIX R,10954825.0,
EFIX R,10954825.0,10955213 390 921.6 524.6 1506
SSACC R,10955215.0,
SBLINK R,10955239.0,
EBLINK R,10955239.0,10955341 104
ESACC R,10955215.0,10955399 186 922.6 553.7 936.7 539.4 0.54 1947
SFIX R,10955401.0,
EFIX R,10955401.0,10955613 214 930.3 563.9 1267
SSACC R,10955615.0,
ESACC R,10955615.0,10955629 16 923.5 563.3 904.3 560.8 0.52 73
SFIX R,10955631.0,
EFIX R,10955631.0,10955875 246 915.3 561.0 1171
SSACC R,10955877.0,
ESACC R,10955877.0,10955887 12 920.7 564.8 942.6 565.0 0.59 66
SFIX R,10955889.0,
EFIX R,10955889.0,10957313 1426 921.5 551.1 1056
SSACC R,10957315.0,
ESACC R,10957315.0,10957331 18 934.6 538.1 932.9 539.7 0.06 53
SFIX R,10957333.0,
EFIX R,10957333.0,10960565 3234 924.8 534.3 1449
SSACC R,10960567.0,
ESACC R,10960567.0,10960587 22 931.5 548.5 924.8 546.7 0.19 72
SFIX R,10960589.0,
EFIX R,10960589.0,10964381 3794 918.7 540.0 1476
SSACC R,10964383.0,
ESACC R,10964383.0,10964403 22 915.0 542.4 945.1 541.3 0.82 109
SFIX R,10964405.0,
EFIX R,10964405.0,10964807 404 932.0 545.4 1516
SSACC R,10964809.0,
ESACC R,10964809.0,10964823 16 917.9 548.1 893.9 553.4 0.67 84
SFIX R,10964825.0,
EFIX R,10964825.0,10965165 342 917.9 549.8 1405
SSACC R,10965167.0,
ESACC R,10965167.0,10965183 18 917.7 545.0 901.2 560.3 0.61 80
SFIX R,10965185.0,
EFIX R,10965185.0,10965759 576 896.5 546.7 1441
SSACC R,10965761.0,
ESACC R,10965761.0,10965781 22 896.1 545.3 943.5 532.4 1.33 131
SFIX R,10965783.0,
EFIX R,10965783.0,10965885 104 931.7 535.8 1503
SSACC R,10965887.0,
ESACC R,10965887.0,10965909 24 932.9 533.4 899.5 540.5 0.93 117
SFIX R,10965911.0,
EFIX R,10965911.0,10966851 942 889.2 543.8 1483
SSACC R,10966853.0,
ESACC R,10966853.0,10966887 36 865.7 550.3 974.3 520.2 3.05 302
SFIX R,10966889.0,
EFIX R,10966889.0,10966991 104 974.3 522.6 1391
SSACC R,10966993.0,
ESACC R,10966993.0,10967025 34 971.0 517.9 894.1 529.0 2.11 274
SFIX R,10967027.0,
EFIX R,10967027.0,10970659 3634 905.2 545.6 1304
SSACC R,10970661.0,
ESACC R,10970661.0,10970693 34 946.9 538.3 920.1 546.9 0.76 128
SFIX R,10970695.0,
EFIX R,10970695.0,10970785 92 933.3 551.9 1604
SSACC R,10970787.0,
ESACC R,10970787.0,10970807 22 929.9 553.8 954.7 557.9 0.68 98
SFIX R,10970809.0,
EFIX R,10970809.0,10971583 776 939.8 559.2 1612
SSACC R,10971585.0,
SBLINK R,10971617.0,
EBLINK R,10971617.0,10971627 12
ESACC R,10971585.0,10971683 100 929.1 560.3 947.1 571.1 0.57 1756
SFIX R,10971685.0,
EFIX R,10971685.0,10971913 230 941.1 568.9 1634
SSACC R,10971915.0,
ESACC R,10971915.0,10971929 16 940.9 568.2 927.1 566.7 0.38 66
SFIX R,10971931.0,
EFIX R,10971931.0,10972461 532 931.4 568.4 1624
SSACC R,10972463.0,
SBLINK R,10972489.0,
EBLINK R,10972489.0,10972587 100
ESACC R,10972463.0,10972639 178 931.7 565.5 942.9 547.0 0.59 1945
SFIX R,10972641.0,
EFIX R,10972641.0,10972865 226 943.2 565.3 1643
SSACC R,10972867.0,
ESACC R,10972867.0,10972881 16 945.1 565.4 941.2 551.9 0.38 55
SFIX R,10972883.0,
EFIX R,10972883.0,10974803 1922 942.4 555.4 1509
SSACC R,10974805.0,
ESACC R,10974805.0,10974811 8 956.9 542.8 969.6 545.4 0.35 59
SFIX R,10974813.0,
EFIX R,10974813.0,10975125 314 970.4 538.5 1659
SSACC R,10975127.0,
ESACC R,10975127.0,10975151 26 969.1 528.7 962.6 534.6 0.24 88
SFIX R,10975153.0,
EFIX R,10975153.0,10975589 438 957.6 535.1 1671
SSACC R,10975591.0,
ESACC R,10975591.0,10975617 28 952.9 532.1 968.0 530.1 0.41 102
SFIX R,10975619.0,
EFIX R,10975619.0,10976169 552 964.0 537.3 1653
SSACC R,10976171.0,
ESACC R,10976171.0,10976201 32 963.6 540.3 939.0 547.2 0.69 161
SFIX R,10976203.0,
EFIX R,10976203.0,10976285 84 928.9 544.3 1632
SSACC R,10976287.0,
ESACC R,10976287.0,10976317 32 929.7 542.4 973.6 540.1 1.19 206
SFIX R,10976319.0,
EFIX R,10976319.0,10976385 68 979.5 539.4 1624
SSACC R,10976387.0,
ESACC R,10976387.0,10976421 36 980.4 540.2 924.0 530.4 1.55 236
SFIX R,10976423.0,
EFIX R,10976423.0,10976483 62 912.6 532.3 1630
SSACC R,10976485.0,
ESACC R,10976485.0,10976517 34 907.5 534.6 978.1 541.2 1.92 299
SFIX R,10976519.0,
EFIX R,10976519.0,10976703 186 981.4 538.7 1624
SSACC R,10976705.0,
ESACC R,10976705.0,10976723 20 976.9 536.0 924.3 537.2 1.43 129
SFIX R,10976725.0,
EFIX R,10976725.0,10977651 928 924.7 534.1 1628
SSACC R,10977653.0,
ESACC R,10977653.0,10977669 18 923.7 531.3 919.7 535.9 0.17 57
SFIX R,10977671.0,
EFIX R,10977671.0,10980369 2700 917.0 534.5 1575
SSACC R,10980371.0,
ESACC R,10980371.0,10980401 32 912.9 545.2 968.2 557.8 1.54 230
SFIX R,10980403.0,
EFIX R,10980403.0,10980483 82 971.7 555.7 1527
SSACC R,10980485.0,
ESACC R,10980485.0,10980515 32 972.8 559.4 927.0 555.2 1.25 221
SFIX R,10980517.0,
EFIX R,10980517.0,10984287 3772 915.0 552.4 1399
SSACC R,10984289.0,
ESACC R,10984289.0,10984293 6 894.4 544.9 906.5 545.9 0.33 47
SFIX R,10984295.0,
EFIX R,10984295.0,10984937 644 904.6 543.9 1472
SSACC R,10984939.0,
ESACC R,10984939.0,10984957 20 896.1 540.8 918.4 540.0 0.60 91
SFIX R,10984959.0,
EFIX R,10984959.0,10985107 150 912.3 538.3 1505
SSACC R,10985109.0,
ESACC R,10985109.0,10985123 16 909.4 536.3 893.6 542.8 0.46 66
SFIX R,10985125.0,
EFIX R,10985125.0,10988865 3742 897.7 549.7 1459
SSACC R,10988867.0,
ESACC R,10988867.0,10988885 20 917.4 571.3 924.3 574.6 0.21 63
SFIX R,10988887.0,
EFIX R,10988887.0,10992295 3410 921.9 534.6 1366
SSACC R,10992297.0,
ESACC R,10992297.0,10992313 18 945.4 491.8 939.6 499.5 0.26 65
SFIX R,10992315.0,
EFIX R,10992315.0,10993175 862 956.2 507.9 1530
SSACC R,10993177.0,
ESACC R,10993177.0,10993199 24 955.3 516.9 955.4 528.4 0.31 89
SFIX R,10993201.0,
EFIX R,10993201.0,10993955 756 947.0 520.8 1563
SSACC R,10993957.0,
ESACC R,10993957.0,10993973 18 939.7 510.0 948.6 517.1 0.31 58
SFIX R,10993975.0,
EFIX R,10993975.0,10994365 392 932.2 518.3 1509
SSACC R,10994367.0,
ESACC R,10994367.0,10994389 24 921.6 520.9 920.2 523.6 0.08 80
SFIX R,10994391.0,
EFIX R,10994391.0,10994745 356 913.7 520.8 1459
SSACC R,10994747.0,
ESACC R,10994747.0,10994759 14 916.3 520.4 944.7 518.8 0.77 82
SFIX R,10994761.0,
EFIX R,10994761.0,10994959 200 931.6 516.4 1464
SSACC R,10994961.0,
ESACC R,10994961.0,10994977 18 924.1 516.6 897.5 521.4 0.73 77
SFIX R,10994979.0,
EFIX R,10994979.0,10995227 250 906.1 518.8 1457
SSACC R,10995229.0,
ESACC R,10995229.0,10995237 10 911.3 514.7 927.6 513.1 0.44 57
SFIX R,10995239.0,
EFIX R,10995239.0,10995999 762 936.4 508.6 1459
SSACC R,10996001.0,
ESACC R,10996001.0,10996019 20 940.9 500.6 972.9 511.7 0.92 86
SFIX R,10996021.0,
EFIX R,10996021.0,10996161 142 964.9 518.1 1361
SSACC R,10996163.0,
ESACC R,10996163.0,10996183 22 967.6 527.2 945.4 533.6 0.63 86
SFIX R,10996185.0,
EFIX R,10996185.0,10996893 710 939.7 537.5 1231
SSACC R,10996895.0,
SBLINK R,10996919.0,
EBLINK R,10996919.0,10996967 50
ESACC R,10996895.0,10997011 118 932.1 552.9 935.5 555.3 0.11 801
SFIX R,10997013.0,
EFIX R,10997013.0,10997327 316 930.0 567.1 1126
SSACC R,10997329.0,
ESACC R,10997329.0,10997343 16 918.7 567.6 908.6 563.9 0.29 57
SFIX R,10997345.0,
EFIX R,10997345.0,11000327 2984 924.1 527.3 1157
SSACC R,11000329.0,
ESACC R,11000329.0,11000335 8 930.9 505.6 943.9 508.7 0.36 51
SFIX R,11000337.0,
EFIX R,11000337.0,11000699 364 945.5 510.8 1508
SSACC R,11000701.0,
ESACC R,11000701.0,11000721 22 940.8 512.7 949.2 515.6 0.24 65
SFIX R,11000723.0,
EFIX R,11000723.0,11001681 960 941.3 520.1 1504
SSACC R,11001683.0,
ESACC R,11001683.0,11001703 22 929.9 519.5 958.9 523.1 0.79 100
SFIX R,11001705.0,
EFIX R,11001705.0,11001825 122 950.1 520.3 1516
SSACC R,11001827.0,
ESACC R,11001827.0,11001847 22 949.9 522.4 923.1 530.0 0.75 88
SFIX R,11001849.0,
EFIX R,11001849.0,11002519 672 927.3 527.5 1481
SSACC R,11002521.0,
ESACC R,11002521.0,11002539 20 929.8 521.8 913.0 519.3 0.46 71
SFIX R,11002541.0,
EFIX R,11002541.0,11002893 354 912.5 512.4 1500
SSACC R,11002895.0,
ESACC R,11002895.0,11002917 24 906.1 509.5 931.1 507.3 0.68 89
SFIX R,11002919.0,
EFIX R,11002919.0,11003113 196 927.8 505.1 1524
SSACC R,11003115.0,
ESACC R,11003115.0,11003131 18 927.9 505.8 912.1 518.5 0.55 73
SFIX R,11003133.0,
EFIX R,11003133.0,11003605 474 907.8 523.2 1515
SSACC R,11003607.0,
ESACC R,11003607.0,11003627 22 896.3 530.0 932.4 529.4 0.98 106
SFIX R,11003629.0,
EFIX R,11003629.0,11004091 464 916.3 529.5 1453
SSACC R,11004093.0,
ESACC R,11004093.0,11004113 22 923.4 526.3 898.4 528.0 0.68 100
SFIX R,11004115.0,
EFIX R,11004115.0,11004149 36 905.8 528.0 1432
SSACC R,11004151.0,
ESACC R,11004151.0,11004175 26 906.0 528.2 931.4 522.2 0.71 109
SFIX R,11004177.0,
EFIX R,11004177.0,11004287 112 931.7 521.9 1443
SSACC R,11004289.0,
ESACC R,11004289.0,11004305 18 932.9 522.3 905.7 524.9 0.74 82
SFIX R,11004307.0,
EFIX R,11004307.0,11005993 1688 923.1 519.5 1482
SSACC R,11005995.0,
ESACC R,11005995.0,11006011 18 917.0 503.5 906.0 511.2 0.36 68
SFIX R,11006013.0,
EFIX R,11006013.0,11007763 1752 929.4 519.1 1523
SSACC R,11007765.0,
ESACC R,11007765.0,11007783 20 938.4 521.6 918.3 520.5 0.55 87
SFIX R,11007785.0,
EFIX R,11007785.0,11009049 1266 925.8 524.0 1445
SSACC R,11009051.0,
ESACC R,11009051.0,11009073 24 920.8 531.2 955.4 520.3 0.98 126
SFIX R,11009075.0,
EFIX R,11009075.0,11009197 124 945.5 524.2 1413
SSACC R,11009199.0,
ESACC R,11009199.0,11009213 16 939.8 522.6 918.2 530.7 0.63 73
SFIX R,11009215.0,
EFIX R,11009215.0,11010095 882 923.1 548.8 1182
SSACC R,11010097.0,
ESACC R,11010097.0,11010111 16 922.5 553.9 897.7 560.2 0.69 69
SFIX R,11010113.0,
EFIX R,11010113.0,11010385 274 902.4 556.9 1027
SSACC R,11010387.0,
ESACC R,11010387.0,11010397 12 906.9 553.9 926.7 554.6 0.54 62
SFIX R,11010399.0,
EFIX R,11010399.0,11010719 322 918.1 550.0 1068
SSACC R,11010721.0,
ESACC R,11010721.0,11010735 16 913.0 546.4 891.8 556.8 0.64 72
SFIX R,11010737.0,
EFIX R,11010737.0,11013325 2590 902.5 535.8 1203
SSACC R,11013327.0,
ESACC R,11013327.0,11013347 22 920.5 528.9 949.4 527.7 0.78 94
SFIX R,11013349.0,
EFIX R,11013349.0,11013491 144 942.1 531.0 1326
SSACC R,11013493.0,
ESACC R,11013493.0,11013511 20 939.5 528.7 925.0 534.5 0.42 78
SFIX R,11013513.0,
EFIX R,11013513.0,11014131 620 921.3 530.6 1334
SSACC R,11014133.0,
ESACC R,11014133.0,11014147 16 923.9 523.7 920.5 520.5 0.13 53
SFIX R,11014149.0,
EFIX R,11014149.0,11015059 912 935.8 527.7 1176
SSACC R,11015061.0,
ESACC R,11015061.0,11015079 20 944.9 534.9 931.0 538.0 0.39 81
SFIX R,11015081.0,
EFIX R,11015081.0,11015259 180 933.4 538.6 1034
SSACC R,11015261.0,
ESACC R,11015261.0,11015275 16 934.2 536.1 941.4 533.2 0.21 50
SFIX R,11015277.0,
EFIX R,11015277.0,11016507 1232 926.9 535.3 1014
SSACC R,11016509.0,
ESACC R,11016509.0,11016525 18 932.5 526.6 915.8 531.8 0.47 54
SFIX R,11016527.0,
EFIX R,11016527.0,11018245 1720 910.0 531.1 1021
SSACC R,11018247.0,
ESACC R,11018247.0,11018265 20 905.5 523.2 915.4 518.2 0.30 52
SFIX R,11018267.0,
EFIX R,11018267.0,11020739 2474 921.0 526.6 1122
SSACC R,11020741.0,
ESACC R,11020741.0,11020759 20 936.5 532.2 891.8 535.3 1.21 120
SFIX R,11020761.0,
EFIX R,11020761.0,11020871 112 903.3 532.0 1171
SSACC R,11020873.0,
ESACC R,11020873.0,11020893 22 902.4 530.6 951.3 532.9 1.33 126
SFIX R,11020895.0,
EFIX R,11020895.0,11021597 704 937.2 546.5 1080
SSACC R,11021599.0,
ESACC R,11021599.0,11021615 18 934.2 557.4 912.5 562.6 0.60 77
SFIX R,11021617.0,
EFIX R,11021617.0,11022605 990 917.7 555.4 1090
SSACC R,11022607.0,
ESACC R,11022607.0,11022685 80 913.1 565.8 982.8 571.4 1.89 154
SFIX R,11022687.0,
EFIX R,11022687.0,11022843 158 978.0 572.6 1097
SSACC R,11022845.0,
ESACC R,11022845.0,11022861 18 980.0 569.2 936.4 559.5 1.21 116
SFIX R,11022863.0,
EFIX R,11022863.0,11023941 1080 926.0 552.0 928
SSACC R,11023943.0,
ESACC R,11023943.0,11023947 6 903.6 542.1 913.4 537.9 0.29 52
SFIX R,11023949.0,
EFIX R,11023949.0,11025175 1228 914.5 538.7 1092
SSACC R,11025177.0,
ESACC R,11025177.0,11025203 28 922.3 543.2 928.5 539.9 0.19 92
SFIX R,11025205.0,
EFIX R,11025205.0,11029269 4066 916.5 536.2 1080
SSACC R,11029271.0,
ESACC R,11029271.0,11029293 24 905.3 546.1 947.5 548.7 1.15 142
SFIX R,11029295.0,
EFIX R,11029295.0,11029447 154 943.9 543.7 1059
SSACC R,11029449.0,
ESACC R,11029449.0,11029469 22 952.9 534.3 925.6 538.3 0.75 107
SFIX R,11029471.0,
EFIX R,11029471.0,11033333 3864 914.5 533.2 834
SSACC R,11033335.0,
ESACC R,11033335.0,11033357 24 915.5 529.2 965.3 537.2 1.37 141
SFIX R,11033359.0,
EFIX R,11033359.0,11033425 68 957.5 537.5 834
SSACC R,11033427.0,
ESACC R,11033427.0,11033449 24 956.3 537.8 879.2 536.6 2.09 206
SFIX R,11033451.0,
EFIX R,11033451.0,11033493 44 889.9 536.2 837
SSACC R,11033495.0,
ESACC R,11033495.0,11033525 32 889.6 536.9 955.9 527.2 1.82 235
SFIX R,11033527.0,
EFIX R,11033527.0,11033641 116 956.2 525.5 843
SSACC R,11033643.0,
ESACC R,11033643.0,11033661 20 951.9 521.0 908.5 534.9 1.24 112
SFIX R,11033663.0,
EFIX R,11033663.0,11034091 430 911.7 532.6 849
SSACC R,11034093.0,
ESACC R,11034093.0,11034111 20 912.8 533.3 895.3 531.0 0.48 77
SFIX R,11034113.0,
EFIX R,11034113.0,11034489 378 906.8 523.8 883
SSACC R,11034491.0,
ESACC R,11034491.0,11034501 12 919.9 521.3 937.9 518.4 0.49 56
SFIX R,11034503.0,
EFIX R,11034503.0,11035161 660 931.1 516.0 1075
SSACC R,11035163.0,
ESACC R,11035163.0,11035181 20 919.9 522.8 898.8 518.4 0.58 87
SFIX R,11035183.0,
EFIX R,11035183.0,11035483 302 900.9 516.3 1154
SSACC R,11035485.0,
ESACC R,11035485.0,11035511 28 902.3 514.5 932.8 518.6 0.83 131
SFIX R,11035513.0,
EFIX R,11035513.0,11035643 132 933.8 520.5 1151
SSACC R,11035645.0,
ESACC R,11035645.0,11035665 22 936.2 523.1 909.4 528.6 0.74 100
SFIX R,11035667.0,
EFIX R,11035667.0,11039167 3502 935.5 512.8 1251
SSACC R,11039169.0,
ESACC R,11039169.0,11039199 32 951.7 518.6 1007.7 511.9 1.53 224
SFIX R,11039201.0,
EFIX R,11039201.0,11039301 102 1008.0 505.9 1228
SSACC R,11039303.0,
ESACC R,11039303.0,11039325 24 1005.3 506.4 950.0 516.4 1.52 157
SFIX R,11039327.0,
EFIX R,11039327.0,11039825 500 940.8 514.7 1037
SSACC R,11039827.0,
ESACC R,11039827.0,11039843 18 925.6 516.3 913.8 523.4 0.37 69
SFIX R,11039845.0,
EFIX R,11039845.0,11040197 354 911.0 519.6 996
SSACC R,11040199.0,
ESACC R,11040199.0,11040221 24 910.4 510.1 942.5 513.4 0.87 120
SFIX R,11040223.0,
EFIX R,11040223.0,11041399 1178 938.4 525.8 1094
SSACC R,11041401.0,
ESACC R,11041401.0,11041417 18 922.4 537.1 933.7 538.2 0.31 61
SFIX R,11041419.0,
EFIX R,11041419.0,11043291 1874 920.9 534.7 976
SSACC R,11043293.0,
ESACC R,11043293.0,11043297 6 910.0 528.0 918.2 528.6 0.22 44
SFIX R,11043299.0,
EFIX R,11043299.0,11045779 2482 915.4 525.5 965
SSACC R,11045781.0,
ESACC R,11045781.0,11045835 56 878.9 518.6 844.9 528.8 0.96 134
SFIX R,11045837.0,
EFIX R,11045837.0,11045947 112 856.3 522.7 627
SSACC R,11045949.0,
ESACC R,11045949.0,11045967 20 854.6 519.9 900.7 525.5 1.26 106
SFIX R,11045969.0,
EFIX R,11045969.0,11047151 1184 886.3 516.9 522
SSACC R,11047153.0,
SBLINK R,11047185.0,
EBLINK R,11047185.0,11047243 60
ESACC R,11047153.0,11047265 114 882.4 509.6 919.9 532.3 1.19 330
SFIX R,11047267.0,
EFIX R,11047267.0,11047519 254 893.8 522.3 474
SSACC R,11047521.0,
ESACC R,11047521.0,11047531 12 890.9 511.8 874.8 518.9 0.48 55
SFIX R,11047533.0,
EFIX R,11047533.0,11047609 78 882.0 512.1 468
SSACC R,11047611.0,
SBLINK R,11047629.0,
EBLINK R,11047629.0,11047705 78
ESACC R,11047611.0,11047725 116 881.5 517.1 895.7 492.7 0.77 272
SFIX R,11047727.0,
EFIX R,11047727.0,11047799 74 888.7 512.3 445
SSACC R,11047801.0,
SBLINK R,11047819.0,
EBLINK R,11047819.0,11047913 96
ESACC R,11047801.0,11047939 140 883.7 509.6 885.8 509.4 0.06 299
SFIX R,11047941.0,
EFIX R,11047941.0,11048091 152 874.1 499.4 435
SSACC R,11048093.0,
SBLINK R,11048109.0,
EBLINK R,11048109.0,11048195 88
ESACC R,11048093.0,11048215 124 872.6 506.8 874.3 523.4 0.45 334
SFIX R,11048217.0,
EFIX R,11048217.0,11049283 1068 864.6 513.0 468
SSACC R,11049285.0,
ESACC R,11049285.0,11049303 20 857.7 508.3 895.9 509.0 1.03 109
SFIX R,11049305.0,
EFIX R,11049305.0,11050029 726 886.7 510.3 649
SSACC R,11050031.0,
ESACC R,11050031.0,11050053 24 916.7 514.7 908.8 518.6 0.24 83
SFIX R,11050055.0,
EFIX R,11050055.0,11050153 100 908.4 517.8 885
SSACC R,11050155.0,
ESACC R,11050155.0,11050175 22 911.7 517.1 947.4 515.5 0.97 132
SFIX R,11050177.0,
EFIX R,11050177.0,11050301 126 941.8 513.6 943
SSACC R,11050303.0,
ESACC R,11050303.0,11050321 20 940.9 510.8 906.6 513.9 0.93 102
SFIX R,11050323.0,
EFIX R,11050323.0,11050723 402 925.8 504.6 1032
SSACC R,11050725.0,
ESACC R,11050725.0,11050739 16 935.8 497.0 946.1 503.9 0.34 60
SFIX R,11050741.0,
EFIX R,11050741.0,11052033 1294 932.5 519.9 1158
SSACC R,11052035.0,
ESACC R,11052035.0,11052053 20 917.0 530.9 945.3 531.1 0.77 87
SFIX R,11052055.0,
EFIX R,11052055.0,11052239 186 939.2 530.2 1243
SSACC R,11052241.0,
ESACC R,11052241.0,11052259 20 940.2 529.2 928.6 539.0 0.41 80
SFIX R,11052261.0,
EFIX R,11052261.0,11053875 1616 941.5 523.2 1377
SSACC R,11053877.0,
ESACC R,11053877.0,11053889 14 933.0 514.7 942.3 537.3 0.66 55
SFIX R,11053891.0,
EFIX R,11053891.0,11054093 204 938.4 539.5 1215
SSACC R,11054095.0,
ESACC R,11054095.0,11054107 14 925.2 539.8 948.5 541.4 0.63 75
SFIX R,11054109.0,
EFIX R,11054109.0,11054503 396 924.0 547.6 1048
SSACC R,11054505.0,
ESACC R,11054505.0,11054535 32 911.9 542.3 912.8 551.5 0.25 128
SFIX R,11054537.0,
EFIX R,11054537.0,11056249 1714 923.3 538.6 1163
SSACC R,11056251.0,
ESACC R,11056251.0,11056279 30 923.2 538.6 951.9 541.7 0.78 151
SFIX R,11056281.0,
EFIX R,11056281.0,11056469 190 958.0 531.7 1360
SSACC R,11056471.0,
ESACC R,11056471.0,11056489 20 961.4 520.2 942.6 520.2 0.51 70
SFIX R,11056491.0,
EFIX R,11056491.0,11056989 500 942.0 504.1 1311
SSACC R,11056991.0,
SBLINK R,11057013.0,
EBLINK R,11057013.0,11057109 98
ESACC R,11056991.0,11057149 160 950.4 502.1 983.4 479.8 1.08 1815
SFIX R,11057151.0,
EFIX R,11057151.0,11057271 122 975.9 491.0 1174
SSACC R,11057273.0,
ESACC R,11057273.0,11057291 20 975.2 504.0 935.5 523.3 1.20 108
SFIX R,11057293.0,
EFIX R,11057293.0,11059159 1868 928.3 506.7 1170
SSACC R,11059161.0,
ESACC R,11059161.0,11059205 46 913.1 506.3 875.5 508.9 1.02 110
SFIX R,11059207.0,
EFIX R,11059207.0,11059309 104 891.9 507.4 1302
SSACC R,11059311.0,
ESACC R,11059311.0,11059331 22 890.0 507.2 933.3 509.8 1.18 118
SFIX R,11059333.0,
EFIX R,11059333.0,11061373 2042 922.0 506.7 1420
SSACC R,11061375.0,
ESACC R,11061375.0,11061403 30 919.0 481.7 932.4 494.4 0.50 143
SFIX R,11061405.0,
EFIX R,11061405.0,11061517 114 938.2 488.7 1519
SSACC R,11061519.0,
ESACC R,11061519.0,11061547 30 936.4 482.5 928.0 483.0 0.23 121
SFIX R,11061549.0,
EFIX R,11061549.0,11061585 38 920.2 480.7 1542
SSACC R,11061587.0,
ESACC R,11061587.0,11061615 30 918.4 480.3 944.9 478.7 0.72 156
SFIX R,11061617.0,
EFIX R,11061617.0,11061739 124 951.5 476.1 1572
SSACC R,11061741.0,
ESACC R,11061741.0,11061761 22 949.7 473.9 913.9 480.0 0.98 122
SFIX R,11061763.0,
EFIX R,11061763.0,11062193 432 919.7 477.6 1616
SSACC R,11062195.0,
ESACC R,11062195.0,11062201 8 935.3 479.7 923.8 487.5 0.38 50
SFIX R,11062203.0,
EFIX R,11062203.0,11062315 114 927.8 484.2 1620
SSACC R,11062317.0,
SBLINK R,11062343.0,
EBLINK R,11062343.0,11062391 50
ESACC R,11062317.0,11062443 128 934.8 500.7 926.3 498.9 0.24 2026
SFIX R,11062445.0,
EFIX R,11062445.0,11062717 274 906.2 509.2 1592
SSACC R,11062719.0,
ESACC R,11062719.0,11062733 16 895.2 513.6 911.2 507.1 0.47 59
SFIX R,11062735.0,
EFIX R,11062735.0,11064423 1690 907.6 506.6 1473
SSACC R,11064425.0,
ESACC R,11064425.0,11064455 32 895.0 501.0 854.4 511.1 1.13 197
SFIX R,11064457.0,
EFIX R,11064457.0,11064565 110 842.4 508.1 1545
SSACC R,11064567.0,
ESACC R,11064567.0,11064589 24 838.3 513.0 907.3 503.7 1.88 176
SFIX R,11064591.0,
EFIX R,11064591.0,11066405 1816 893.2 512.9 1512
SSACC R,11066407.0,
ESACC R,11066407.0,11066431 26 877.7 510.4 769.8 505.2 2.92 262
SFIX R,11066433.0,
EFIX R,11066433.0,11066565 134 779.6 503.3 1489
SSACC R,11066567.0,
ESACC R,11066567.0,11066599 34 778.0 500.9 887.9 492.7 2.98 316
SFIX R,11066601.0,
EFIX R,11066601.0,11067639 1040 885.0 503.6 1362
SSACC R,11067641.0,
ESACC R,11067641.0,11067655 16 884.3 511.9 876.7 521.7 0.34 57
SFIX R,11067657.0,
EFIX R,11067657.0,11067765 110 885.2 520.3 1278
SSACC R,11067767.0,
ESACC R,11067767.0,11067785 20 889.3 523.1 910.2 525.2 0.57 94
SFIX R,11067787.0,
EFIX R,11067787.0,11067947 162 878.5 530.2 1235
SSACC R,11067949.0,
ESACC R,11067949.0,11067959 12 874.5 532.6 897.8 535.0 0.63 73
SFIX R,11067961.0,
EFIX R,11067961.0,11069213 1254 900.7 531.7 1255
SSACC R,11069215.0,
ESACC R,11069215.0,11069237 24 916.7 520.0 910.1 518.2 0.19 76
SFIX R,11069239.0,
EFIX R,11069239.0,11069311 74 909.5 518.4 1465
SSACC R,11069313.0,
ESACC R,11069313.0,11069345 34 910.2 520.8 960.6 522.7 1.37 234
SFIX R,11069347.0,
EFIX R,11069347.0,11069451 106 968.3 525.4 1486
SSACC R,11069453.0,
ESACC R,11069453.0,11069475 24 967.8 524.3 929.8 532.5 1.05 126
SFIX R,11069477.0,
EFIX R,11069477.0,11069785 310 945.5 524.7 1539
SSACC R,11069787.0,
ESACC R,11069787.0,11069809 24 954.4 521.9 951.5 521.7 0.08 88
SFIX R,11069811.0,
EFIX R,11069811.0,11070263 454 952.8 515.3 1634
SSACC R,11070265.0,
ESACC R,11070265.0,11070291 28 955.5 520.0 950.9 515.4 0.18 75
SFIX R,11070293.0,
EFIX R,11070293.0,11071267 976 929.8 517.2 1643
SSACC R,11071269.0,
ESACC R,11071269.0,11071297 30 916.0 519.0 926.0 520.6 0.27 96
SFIX R,11071299.0,
EFIX R,11071299.0,11071869 572 937.2 528.3 1597
SSACC R,11071871.0,
ESACC R,11071871.0,11071897 28 945.8 533.8 943.2 549.0 0.42 91
SFIX R,11071899.0,
EFIX R,11071899.0,11072545 648 936.8 538.1 1594
SSACC R,11072547.0,
ESACC R,11072547.0,11072567 22 934.9 534.5 949.8 538.4 0.42 83
SFIX R,11072569.0,
EFIX R,11072569.0,11073621 1054 950.5 537.1 1664
SSACC R,11073623.0,
ESACC R,11073623.0,11073649 28 952.5 539.1 937.7 521.0 0.63 132
SFIX R,11073651.0,
EFIX R,11073651.0,11073805 156 924.5 518.7 1704
SSACC R,11073807.0,
ESACC R,11073807.0,11073825 20 925.4 515.2 947.9 516.5 0.61 80
SFIX R,11073827.0,
EFIX R,11073827.0,11074459 634 939.5 504.9 1729
SSACC R,11074461.0,
ESACC R,11074461.0,11074489 30 934.2 495.3 948.0 497.3 0.38 113
SFIX R,11074491.0,
EFIX R,11074491.0,11074663 174 955.2 497.2 1774
SSACC R,11074665.0,
ESACC R,11074665.0,11074681 18 951.0 500.6 941.5 501.0 0.26 75
SFIX R,11074683.0,
EFIX R,11074683.0,11076225 1544 925.5 519.7 1709
SSACC R,11076227.0,
ESACC R,11076227.0,11076259 34 919.9 526.8 1000.3 509.3 2.23 292
SFIX R,11076261.0,
EFIX R,11076261.0,11076363 104 1000.1 514.5 1654
SSACC R,11076365.0,
ESACC R,11076365.0,11076395 32 997.1 516.4 936.6 529.3 1.68 218
SFIX R,11076397.0,
EFIX R,11076397.0,11076623 228 924.5 525.4 1643
SSACC R,11076625.0,
ESACC R,11076625.0,11076641 18 922.0 523.5 929.1 545.4 0.62 70
SFIX R,11076643.0,
EFIX R,11076643.0,11077819 1178 944.7 527.0 1643
SSACC R,11077821.0,
ESACC R,11077821.0,11077851 32 944.0 512.8 1023.6 547.2 2.35 287
SFIX R,11077853.0,
EFIX R,11077853.0,11077955 104 1026.1 547.9 1667
SSACC R,11077957.0,
ESACC R,11077957.0,11077979 24 1026.1 554.9 940.4 532.4 2.40 218
SFIX R,11077981.0,
EFIX R,11077981.0,11078203 224 946.8 529.6 1665
SSACC R,11078205.0,
ESACC R,11078205.0,11078217 14 939.3 526.7 932.4 518.5 0.29 44
SFIX R,11078219.0,
EFIX R,11078219.0,11080561 2344 931.9 524.4 1620
SSACC R,11080563.0,
ESACC R,11080563.0,11080583 22 916.3 530.2 945.0 529.4 0.78 95
SFIX R,11080585.0,
EFIX R,11080585.0,11080843 260 939.6 527.4 1603
SSACC R,11080845.0,
ESACC R,11080845.0,11080873 30 938.8 524.2 925.2 520.2 0.38 130
SFIX R,11080875.0,
EFIX R,11080875.0,11081069 196 917.1 523.1 1646
SSACC R,11081071.0,
ESACC R,11081071.0,11081195 126 927.9 523.1 922.4 584.8 1.68 1071
SFIX R,11081197.0,
EFIX R,11081197.0,11081369 174 921.1 595.9 1735
SSACC R,11081371.0,
ESACC R,11081371.0,11081391 22 920.9 604.6 940.2 540.0 1.83 149
SFIX R,11081393.0,
EFIX R,11081393.0,11084041 2650 936.5 528.0 1718
SSACC R,11084043.0,
SBLINK R,11084077.0,
EBLINK R,11084077.0,11084133 58
ESACC R,11084043.0,11084211 170 931.7 540.1 941.5 554.2 0.47 1474
SFIX R,11084213.0,
EFIX R,11084213.0,11084375 164 935.8 558.3 1793
SSACC R,11084377.0,
ESACC R,11084377.0,11084393 18 930.9 572.0 946.6 538.8 1.00 94
SFIX R,11084395.0,
EFIX R,11084395.0,11084613 220 933.8 552.3 1744
SSACC R,11084615.0,
ESACC R,11084615.0,11084619 6 938.0 563.9 943.6 559.4 0.19 46
SFIX R,11084621.0,
EFIX R,11084621.0,11087643 3024 935.2 542.8 1604
SSACC R,11087645.0,
ESACC R,11087645.0,11087661 18 931.4 535.2 930.0 532.6 0.08 70
SFIX R,11087663.0,
EFIX R,11087663.0,11089667 2006 922.9 531.1 1699
SSACC R,11089669.0,
ESACC R,11089669.0,11089677 10 929.9 532.4 920.5 529.5 0.27 50
SFIX R,11089679.0,
EFIX R,11089679.0,11091281 1604 915.7 533.4 1689
SSACC R,11091283.0,
ESACC R,11091283.0,11091297 16 916.5 523.2 919.9 527.8 0.16 62
SFIX R,11091299.0,
EFIX R,11091299.0,11091681 384 911.7 526.5 1546
SSACC R,11091683.0,
ESACC R,11091683.0,11091703 22 910.1 521.3 933.7 524.3 0.64 96
SFIX R,11091705.0,
EFIX R,11091705.0,11091849 146 925.2 523.4 1541
SSACC R,11091851.0,
ESACC R,11091851.0,11091869 20 918.9 525.0 904.9 523.5 0.38 73
SFIX R,11091871.0,
EFIX R,11091871.0,11098899 7030 900.9 533.5 1512
SSACC R,11098901.0,
ESACC R,11098901.0,11098929 30 898.4 544.4 931.9 544.5 0.91 159
SFIX R,11098931.0,
EFIX R,11098931.0,11099057 128 929.8 544.3 1427
SSACC R,11099059.0,
ESACC R,11099059.0,11099079 22 929.2 540.7 897.9 544.9 0.86 107
SFIX R,11099081.0,
EFIX R,11099081.0,11100119 1040 902.4 539.1 1321
SSACC R,11100121.0,
SBLINK R,11100145.0,
EBLINK R,11100145.0,11100193 50
ESACC R,11100121.0,11100239 120 904.5 541.9 925.5 494.5 1.40 1851
SFIX R,11100241.0,
EFIX R,11100241.0,11100581 342 917.4 525.3 1224
SSACC R,11100583.0,
ESACC R,11100583.0,11100599 18 918.8 540.2 899.8 553.2 0.62 71
SFIX R,11100601.0,
EFIX R,11100601.0,11102341 1742 896.1 560.7 1035
SSACC R,11102343.0,
ESACC R,11102343.0,11102347 6 871.9 554.8 880.0 553.5 0.22 42
SFIX R,11102349.0,
EFIX R,11102349.0,11103987 1640 890.2 551.8 1254
SSACC R,11103989.0,
ESACC R,11103989.0,11104005 18 902.9 548.1 902.2 547.5 0.02 70
SFIX R,11104007.0,
EFIX R,11104007.0,11105317 1312 919.7 522.9 1524
SSACC R,11105319.0,
ESACC R,11105319.0,11105333 16 916.8 511.0 920.4 527.1 0.45 54
SFIX R,11105335.0,
EFIX R,11105335.0,11105653 320 916.0 531.5 1354
SSACC R,11105655.0,
SBLINK R,11105679.0,
EBLINK R,11105679.0,11105751 74
ESACC R,11105655.0,11105797 144 919.3 534.3 934.1 508.2 0.81 1950
SFIX R,11105799.0,
EFIX R,11105799.0,11106105 308 922.2 525.7 1306
SSACC R,11106107.0,
ESACC R,11106107.0,11106125 20 926.6 532.3 913.9 545.5 0.50 78
SFIX R,11106127.0,
EFIX R,11106127.0,11107145 1020 912.2 545.7 1229
SSACC R,11107147.0,
ESACC R,11107147.0,11107161 16 911.5 543.3 924.8 551.4 0.42 56
SFIX R,11107163.0,
EFIX R,11107163.0,11107749 588 920.2 546.0 1394
SSACC R,11107751.0,
ESACC R,11107751.0,11107779 30 917.9 530.9 894.8 533.3 0.63 137
SFIX R,11107781.0,
EFIX R,11107781.0,11107941 162 888.8 528.8 1463
SSACC R,11107943.0,
ESACC R,11107943.0,11107961 20 892.7 523.7 934.1 526.8 1.13 108
SFIX R,11107963.0,
EFIX R,11107963.0,11112475 4514 929.8 516.0 1584
SSACC R,11112477.0,
ESACC R,11112477.0,11112589 114 922.8 517.8 1081.0 483.7 4.38 321
SFIX R,11112591.0,
EFIX R,11112591.0,11112751 162 1023.3 493.6 1684
SSACC R,11112753.0,
ESACC R,11112753.0,11112787 36 1011.5 500.0 951.5 500.8 1.63 235
SFIX R,11112789.0,
EFIX R,11112789.0,11112953 166 939.6 511.9 1650
SSACC R,11112955.0,
ESACC R,11112955.0,11112977 24 940.3 515.7 906.5 543.1 1.18 107
SFIX R,11112979.0,
EFIX R,11112979.0,11113173 196 912.1 533.2 1565
SSACC R,11113175.0,
ESACC R,11113175.0,11113183 10 911.6 533.7 928.8 527.0 0.50 59
SFIX R,11113185.0,
EFIX R,11113185.0,11113713 530 905.6 528.0 1559
SSACC R,11113715.0,
ESACC R,11113715.0,11113735 22 892.6 526.1 900.4 528.1 0.22 84
SFIX R,11113737.0,
EFIX R,11113737.0,11114715 980 904.3 536.1 1371
SSACC R,11114717.0,
ESACC R,11114717.0,11114739 24 899.4 545.4 910.6 544.5 0.30 82
SFIX R,11114741.0,
EFIX R,11114741.0,11116877 2138 903.2 533.8 1224
SSACC R,11116879.0,
ESACC R,11116879.0,11116895 18 918.2 542.5 922.4 541.1 0.12 68
SFIX R,11116897.0,
EFIX R,11116897.0,11117315 420 917.6 552.1 1112
SSACC R,11117317.0,
ESACC R,11117317.0,11117333 18 918.1 555.9 905.3 558.7 0.36 70
SFIX R,11117335.0,
EFIX R,11117335.0,11117933 600 904.8 560.9 936
SSACC R,11117935.0,
SBLINK R,11117953.0,
EBLINK R,11117953.0,11118035 84
ESACC R,11117935.0,11118061 128 908.6 569.5 909.9 543.5 0.71 653
SFIX R,11118063.0,
EFIX R,11118063.0,11119937 1876 889.5 549.0 907
SSACC R,11119939.0,
ESACC R,11119939.0,11119967 30 890.9 542.4 916.6 540.4 0.70 130
SFIX R,11119969.0,
EFIX R,11119969.0,11120079 112 918.5 537.4 1097
SSACC R,11120081.0,
ESACC R,11120081.0,11120097 18 919.6 533.2 885.5 540.0 0.94 92
SFIX R,11120099.0,
EFIX R,11120099.0,11120845 748 898.0 540.9 1145
SSACC R,11120847.0,
ESACC R,11120847.0,11120863 18 897.7 539.8 910.9 537.9 0.36 57
SFIX R,11120865.0,
EFIX R,11120865.0,11121245 382 911.0 538.9 1179
SSACC R,11121247.0,
ESACC R,11121247.0,11121263 18 907.6 538.0 889.5 543.3 0.51 68
SFIX R,11121265.0,
EFIX R,11121265.0,11121333 70 894.1 534.7 1206
SSACC R,11121335.0,
ESACC R,11121335.0,11121365 32 892.5 528.7 948.6 533.5 1.53 214
SFIX R,11121367.0,
EFIX R,11121367.0,11121465 100 951.6 534.2 1221
SSACC R,11121467.0,
ESACC R,11121467.0,11121485 20 953.0 535.3 908.0 535.0 1.22 107
SFIX R,11121487.0,
EFIX R,11121487.0,11121955 470 908.7 538.9 1133
SSACC R,11121957.0,
ESACC R,11121957.0,11121971 16 901.5 543.3 886.5 550.3 0.45 64
SFIX R,11121973.0,
EFIX R,11121973.0,11123167 1196 892.6 538.1 1158
SSACC R,11123169.0,
SBLINK R,11123195.0,
EBLINK R,11123195.0,11123269 76
ESACC R,11123169.0,11123311 144 893.7 542.6 914.1 519.7 0.83 1550
SFIX R,11123313.0,
EFIX R,11123313.0,11123801 490 903.4 520.9 1162
SSACC R,11123803.0,
ESACC R,11123803.0,11123823 22 902.3 528.4 896.5 549.5 0.59 75
SFIX R,11123825.0,
EFIX R,11123825.0,11124999 1176 897.0 536.3 1151
SSACC R,11125001.0,
ESACC R,11125001.0,11125027 28 896.4 531.1 864.0 526.2 0.89 148
SFIX R,11125029.0,
EFIX R,11125029.0,11125163 136 860.7 525.5 1379
SSACC R,11125165.0,
ESACC R,11125165.0,11125187 24 858.7 524.6 917.9 532.1 1.62 162
SFIX R,11125189.0,
EFIX R,11125189.0,11125375 188 908.7 529.2 1372
SSACC R,11125377.0,
ESACC R,11125377.0,11125395 20 913.5 532.8 897.8 539.8 0.47 70
SFIX R,11125397.0,
EFIX R,11125397.0,11126401 1006 906.1 529.1 1382
SSACC R,11126403.0,
ESACC R,11126403.0,11126429 28 912.2 519.2 913.5 511.3 0.22 101
SFIX R,11126431.0,
EFIX R,11126431.0,11126739 310 916.3 517.4 1434
SSACC R,11126741.0,
ESACC R,11126741.0,11126761 22 913.9 524.4 886.9 535.1 0.79 91
SFIX R,11126763.0,
EFIX R,11126763.0,11127095 334 891.0 529.5 1413
SSACC R,11127097.0,
ESACC R,11127097.0,11127119 24 887.9 527.0 915.8 529.5 0.76 95
SFIX R,11127121.0,
EFIX R,11127121.0,11127305 186 906.7 529.2 1422
SSACC R,11127307.0,
ESACC R,11127307.0,11127327 22 905.3 529.0 906.2 534.6 0.15 61
SFIX R,11127329.0,
EFIX R,11127329.0,11127959 632 902.5 525.7 1416
SSACC R,11127961.0,
ESACC R,11127961.0,11127987 28 918.3 520.0 905.3 520.5 0.35 106
SFIX R,11127989.0,
EFIX R,11127989.0,11128131 144 901.4 522.3 1491
SSACC R,11128133.0,
ESACC R,11128133.0,11128141 10 907.3 524.7 925.2 527.7 0.49 62
SFIX R,11128143.0,
EFIX R,11128143.0,11128617 476 906.7 520.3 1448
SSACC R,11128619.0,
ESACC R,11128619.0,11128637 20 903.5 510.2 927.6 513.3 0.66 89
SFIX R,11128639.0,
EFIX R,11128639.0,11128895 258 924.4 505.8 1446
SSACC R,11128897.0,
ESACC R,11128897.0,11128925 30 925.8 507.5 910.0 507.2 0.43 111
SFIX R,11128927.0,
EFIX R,11128927.0,11128983 58 904.6 510.6 1439
SSACC R,11128985.0,
ESACC R,11128985.0,11129017 34 903.4 516.9 964.3 513.0 1.65 263
SFIX R,11129019.0,
EFIX R,11129019.0,11129121 104 973.5 517.7 1442
SSACC R,11129123.0,
ESACC R,11129123.0,11129147 26 972.5 519.3 920.7 520.5 1.40 162
SFIX R,11129149.0,
EFIX R,11129149.0,11129373 226 929.8 518.2 1485
SSACC R,11129375.0,
ESACC R,11129375.0,11129399 26 930.2 513.5 923.0 511.0 0.21 85
SFIX R,11129401.0,
EFIX R,11129401.0,11129629 230 918.0 514.8 1522
SSACC R,11129631.0,
ESACC R,11129631.0,11129635 6 920.6 518.9 928.7 517.4 0.22 49
SFIX R,11129637.0,
EFIX R,11129637.0,11129797 162 931.9 513.4 1540
SSACC R,11129799.0,
ESACC R,11129799.0,11129887 90 941.1 486.9 964.0 471.2 0.75 1384
SFIX R,11129889.0,
EFIX R,11129889.0,11130023 136 959.8 463.9 1643
SSACC R,11130025.0,
SBLINK R,11130051.0,
EBLINK R,11130051.0,11130151 102
ESACC R,11130025.0,11130209 186 958.0 462.5 958.1 484.7 0.60 1793
SFIX R,11130211.0,
EFIX R,11130211.0,11130921 712 925.6 521.0 1525
SSACC R,11130923.0,
ESACC R,11130923.0,11130941 20 914.1 543.6 936.3 549.8 0.62 78
SFIX R,11130943.0,
EFIX R,11130943.0,11131171 230 931.8 544.8 1336
SSACC R,11131173.0,
ESACC R,11131173.0,11131189 18 931.0 547.3 906.3 545.7 0.67 89
SFIX R,11131191.0,
EFIX R,11131191.0,11131621 432 921.4 537.3 1348
SSACC R,11131623.0,
SBLINK R,11131653.0,
EBLINK R,11131653.0,11131735 84
ESACC R,11131623.0,11131777 156 931.7 534.1 970.7 503.0 1.35 1965
SFIX R,11131779.0,
EFIX R,11131779.0,11132011 234 961.0 515.9 1473
SSACC R,11132013.0,
ESACC R,11132013.0,11132029 18 957.2 507.1 948.9 524.2 0.52 68
SFIX R,11132031.0,
EFIX R,11132031.0,11133823 1794 953.9 495.2 1625
SSACC R,11133825.0,
ESACC R,11133825.0,11133855 32 953.7 466.3 975.3 472.9 0.61 149
SFIX R,11133857.0,
EFIX R,11133857.0,11133945 90 982.1 477.4 1795
SSACC R,11133947.0,
ESACC R,11133947.0,11133975 30 982.6 478.6 955.3 484.0 0.75 139
SFIX R,11133977.0,
EFIX R,11133977.0,11134755 780 939.9 496.5 1718
SSACC R,11134757.0,
SBLINK R,11134869.0,
EBLINK R,11134869.0,11134971 104
ESACC R,11134757.0,11135019 264 951.7 529.2 935.3 508.0 0.73 1155
SFIX R,11135021.0,
EFIX R,11135021.0,11135337 318 928.1 527.9 1572
SSACC R,11135339.0,
ESACC R,11135339.0,11135347 10 923.3 526.8 940.5 525.1 0.47 59
SFIX R,11135349.0,
EFIX R,11135349.0,11136981 1634 913.5 513.7 1529
SSACC R,11136983.0,
ESACC R,11136983.0,11137009 28 925.0 514.1 898.4 505.6 0.76 160
SFIX R,11137011.0,
EFIX R,11137011.0,11137139 130 893.2 505.2 1640
SSACC R,11137141.0,
ESACC R,11137141.0,11137169 30 892.9 507.7 916.3 510.8 0.64 131
SFIX R,11137171.0,
EFIX R,11137171.0,11138623 1454 918.8 513.9 1649
SSACC R,11138625.0,
ESACC R,11138625.0,11138657 34 928.8 516.5 954.5 514.5 0.70 178
SFIX R,11138659.0,
EFIX R,11138659.0,11138765 108 958.5 515.6 1677
SSACC R,11138767.0,
ESACC R,11138767.0,11138793 28 955.3 513.5 926.9 514.9 0.77 130
SFIX R,11138795.0,
EFIX R,11138795.0,11138913 120 921.8 514.6 1673
SSACC R,11138915.0,
SBLINK R,11138953.0,
EBLINK R,11138953.0,11139019 68
ESACC R,11138915.0,11139085 172 925.4 516.1 924.6 511.7 0.12 1637
SFIX R,11139087.0,
EFIX R,11139087.0,11141985 2900 910.1 517.9 1559
SSACC R,11141987.0,
ESACC R,11141987.0,11142005 20 918.6 531.1 921.7 533.6 0.11 65
SFIX R,11142007.0,
EFIX R,11142007.0,11142397 392 922.1 505.9 1514
SSACC R,11142399.0,
ESACC R,11142399.0,11142425 28 924.0 493.5 918.0 496.1 0.18 111
SFIX R,11142427.0,
EFIX R,11142427.0,11143033 608 912.8 507.3 1576
SSACC R,11143035.0,
ESACC R,11143035.0,11143061 28 912.5 507.9 928.9 519.7 0.55 132
SFIX R,11143063.0,
EFIX R,11143063.0,11143207 146 932.2 520.5 1552
SSACC R,11143209.0,
ESACC R,11143209.0,11143227 20 927.9 520.9 898.1 524.8 0.81 100
SFIX R,11143229.0,
EFIX R,11143229.0,11144085 858 898.1 518.9 1498
SSACC R,11144087.0,
ESACC R,11144087.0,11144109 24 893.7 511.7 950.9 530.8 1.63 166
SFIX R,11144111.0,
EFIX R,11144111.0,11144229 120 936.4 527.0 1462
SSACC R,11144231.0,
ESACC R,11144231.0,11144253 24 939.3 527.8 898.5 524.4 1.11 126
SFIX R,11144255.0,
EFIX R,11144255.0,11144565 312 903.3 514.1 1471
SSACC R,11144567.0,
ESACC R,11144567.0,11144591 26 904.1 504.5 910.1 500.6 0.19 67
SFIX R,11144593.0,
EFIX R,11144593.0,11145291 700 908.7 498.6 1509
SSACC R,11145293.0,
ESACC R,11145293.0,11145321 30 910.1 501.8 893.2 499.4 0.46 119
SFIX R,11145323.0,
EFIX R,11145323.0,11145557 236 886.6 497.6 1617
SSACC R,11145559.0,
ESACC R,11145559.0,11145587 30 889.1 498.0 925.6 506.6 1.02 167
SFIX R,11145589.0,
EFIX R,11145589.0,11145755 168 932.8 501.0 1666
SSACC R,11145757.0,
ESACC R,11145757.0,11145775 20 934.6 500.8 910.2 503.2 0.66 89
SFIX R,11145777.0,
EFIX R,11145777.0,11147237 1462 917.8 490.4 1748
SSACC R,11147239.0,
ESACC R,11147239.0,11147267 30 916.3 483.1 941.9 466.5 0.83 157
SFIX R,11147269.0,
EFIX R,11147269.0,11147415 148 946.8 462.9 1768
SSACC R,11147417.0,
ESACC R,11147417.0,11147435 20 946.1 461.9 915.5 472.3 0.88 102
SFIX R,11147437.0,
EFIX R,11147437.0,11148549 1114 915.0 476.8 1768
SSACC R,11148551.0,
ESACC R,11148551.0,11148567 18 911.2 479.8 920.1 475.0 0.27 64
SFIX R,11148569.0,
EFIX R,11148569.0,11149329 762 920.5 475.0 1813
SSACC R,11149331.0,
ESACC R,11149331.0,11149361 32 926.0 469.8 903.2 468.9 0.62 147
SFIX R,11149363.0,
EFIX R,11149363.0,11149479 118 889.7 471.9 1802
SSACC R,11149481.0,
ESACC R,11149481.0,11149503 24 885.9 473.3 921.2 482.4 0.99 115
SFIX R,11149505.0,
EFIX R,11149505.0,11150421 918 905.6 479.5 1776
SSACC R,11150423.0,
ESACC R,11150423.0,11150435 14 899.6 477.7 916.1 476.2 0.45 55
SFIX R,11150437.0,
EFIX R,11150437.0,11151511 1076 919.7 474.9 1769
SSACC R,11151513.0,
ESACC R,11151513.0,11151535 24 915.4 477.0 929.9 478.3 0.39 83
SFIX R,11151537.0,
EFIX R,11151537.0,11151841 306 927.4 479.9 1748
SSACC R,11151843.0,
ESACC R,11151843.0,11151859 18 921.1 476.2 906.2 475.8 0.40 75
SFIX R,11151861.0,
EFIX R,11151861.0,11152525 666 913.4 490.9 1717
SSACC R,11152527.0,
ESACC R,11152527.0,11152555 30 912.0 491.3 895.6 497.2 0.47 136
SFIX R,11152557.0,
EFIX R,11152557.0,11153911 1356 885.7 503.1 1707
SSACC R,11153913.0,
ESACC R,11153913.0,11153935 24 890.7 521.1 950.4 515.5 1.62 155
SFIX R,11153937.0,
EFIX R,11153937.0,11154039 104 938.0 514.4 1701
SSACC R,11154041.0,
ESACC R,11154041.0,11154073 34 937.9 512.1 907.4 513.8 0.83 173
SFIX R,11154075.0,
EFIX R,11154075.0,11155491 1418 878.9 516.2 1683
SSACC R,11155493.0,
ESACC R,11155493.0,11155515 24 875.7 510.0 968.1 520.2 2.52 245
SFIX R,11155517.0,
EFIX R,11155517.0,11155635 120 949.8 518.6 1634
SSACC R,11155637.0,
ESACC R,11155637.0,11155659 24 949.0 520.3 899.1 523.5 1.36 144
SFIX R,11155661.0,
EFIX R,11155661.0,11158921 3262 902.4 516.3 1564
SSACC R,11158923.0,
ESACC R,11158923.0,11158927 6 900.6 532.0 906.0 537.3 0.21 40
SFIX R,11158929.0,
EFIX R,11158929.0,11159229 302 917.9 528.1 1599
SSACC R,11159231.0,
ESACC R,11159231.0,11159249 20 924.4 524.2 931.8 523.9 0.20 63
SFIX R,11159251.0,
EFIX R,11159251.0,11159895 646 923.1 527.7 1708
SSACC R,11159897.0,
ESACC R,11159897.0,11159923 28 913.0 522.3 931.4 530.1 0.54 124
SFIX R,11159925.0,
EFIX R,11159925.0,11159957 34 935.8 526.1 1708
SSACC R,11159959.0,
ESACC R,11159959.0,11159989 32 937.5 521.7 910.7 536.4 0.83 126
SFIX R,11159991.0,
EFIX R,11159991.0,11160057 68 903.5 529.9 1711
SSACC R,11160059.0,
ESACC R,11160059.0,11160085 28 900.6 539.2 927.3 528.1 0.78 134
SFIX R,11160087.0,
EFIX R,11160087.0,11160487 402 924.8 543.7 1672
SSACC R,11160489.0,
ESACC R,11160489.0,11160515 28 918.3 551.9 910.5 552.1 0.21 110
SFIX R,11160517.0,
EFIX R,11160517.0,11160733 218 898.3 554.8 1686
SSACC R,11160735.0,
ESACC R,11160735.0,11160751 18 896.5 558.2 915.1 559.2 0.50 68
SFIX R,11160753.0,
EFIX R,11160753.0,11160901 150 912.0 561.3 1654
SSACC R,11160903.0,
ESACC R,11160903.0,11160917 16 924.4 561.8 884.4 556.6 1.09 102
SFIX R,11160919.0,
EFIX R,11160919.0,11160945 28 882.2 549.2 1631
SSACC R,11160947.0,
ESACC R,11160947.0,11160953 8 889.6 544.2 900.2 540.9 0.30 49
SFIX R,11160955.0,
EFIX R,11160955.0,11161049 96 905.1 548.6 1611
SSACC R,11161051.0,
SBLINK R,11161081.0,
EBLINK R,11161081.0,11161153 74
ESACC R,11161051.0,11161211 162 916.8 543.0 952.8 534.2 1.00 1846
SFIX R,11161213.0,
EFIX R,11161213.0,11161393 182 941.0 548.3 1596
SSACC R,11161395.0,
ESACC R,11161395.0,11161407 14 932.4 538.5 905.4 542.8 0.74 79
SFIX R,11161409.0,
EFIX R,11161409.0,11162291 884 899.5 549.5 1398
SSACC R,11162293.0,
ESACC R,11162293.0,11162307 16 896.5 536.2 909.9 538.0 0.37 70
SFIX R,11162309.0,
EFIX R,11162309.0,11162583 276 910.6 532.8 1426
SSACC R,11162585.0,
ESACC R,11162585.0,11162603 20 911.4 531.3 887.2 528.6 0.66 90
SFIX R,11162605.0,
EFIX R,11162605.0,11162669 66 894.9 524.0 1490
SSACC R,11162671.0,
SBLINK R,11162709.0,
EBLINK R,11162709.0,11162843 136
ESACC R,11162671.0,11162909 240 900.6 522.9 917.4 512.1 0.54 1460
SFIX R,11162911.0,
EFIX R,11162911.0,11163045 136 927.0 504.4 1594
SSACC R,11163047.0,
ESACC R,11163047.0,11163051 6 920.3 510.9 917.9 520.6 0.27 47
SFIX R,11163053.0,
EFIX R,11163053.0,11163095 44 896.9 518.2 1626
SSACC R,11163097.0,
SBLINK R,11163107.0,
EBLINK R,11163107.0,11163251 146
ESACC R,11163097.0,11163321 226 1003.4 1127.0 931.7 471.2 17.23 1500
SFIX R,11163323.0,
EFIX R,11163323.0,11163553 232 918.4 527.7 1505
SSACC R,11163555.0,
SBLINK R,11163585.0,
EBLINK R,11163585.0,11163675 92
ESACC R,11163555.0,11163737 184 912.5 549.7 934.6 540.0 0.65 1857
SFIX R,11163739.0,
EFIX R,11163739.0,11163855 118 932.3 540.0 1232
SSACC R,11163857.0,
ESACC R,11163857.0,11163875 20 930.9 548.4 908.1 556.9 0.66 84
SFIX R,11163877.0,
EFIX R,11163877.0,11164091 216 905.8 550.7 1147
SSACC R,11164093.0,
ESACC R,11164093.0,11164107 16 910.5 551.5 876.9 550.5 0.91 89
SFIX R,11164109.0,
EFIX R,11164109.0,11164137 30 885.6 548.7 1123
SSACC R,11164139.0,
ESACC R,11164139.0,11164161 24 885.9 551.9 952.2 549.4 1.80 154
SFIX R,11164163.0,
EFIX R,11164163.0,11164279 118 939.7 550.0 1105
SSACC R,11164281.0,
ESACC R,11164281.0,11164299 20 941.4 545.9 900.0 555.9 1.15 104
SFIX R,11164301.0,
EFIX R,11164301.0,11165861 1562 914.5 528.6 1375
SSACC R,11165863.0,
ESACC R,11165863.0,11165889 28 909.7 522.6 913.7 539.3 0.47 90
SFIX R,11165891.0,
EFIX R,11165891.0,11167055 1166 918.8 532.1 1544
SSACC R,11167057.0,
ESACC R,11167057.0,11167079 24 920.5 541.3 968.6 544.4 1.31 127
SFIX R,11167081.0,
EFIX R,11167081.0,11167203 124 953.3 546.9 1565
SSACC R,11167205.0,
ESACC R,11167205.0,11167225 22 952.1 548.1 916.7 546.7 0.96 100
SFIX R,11167227.0,
EFIX R,11167227.0,11167527 302 916.0 538.7 1553
SSACC R,11167529.0,
ESACC R,11167529.0,11167547 20 910.4 535.7 901.8 531.7 0.26 74
SFIX R,11167549.0,
EFIX R,11167549.0,11167837 290 896.8 534.5 1538
SSACC R,11167839.0,
ESACC R,11167839.0,11167857 20 895.2 539.8 913.7 534.8 0.52 81
SFIX R,11167859.0,
EFIX R,11167859.0,11169879 2022 908.3 528.8 1469
SSACC R,11169881.0,
ESACC R,11169881.0,11169895 16 895.2 533.1 902.8 536.8 0.23 50
SFIX R,11169897.0,
EFIX R,11169897.0,11170223 328 899.4 536.4 1372
SSACC R,11170225.0,
ESACC R,11170225.0,11170243 20 899.1 537.6 895.9 538.4 0.09 50
SFIX R,11170245.0,
EFIX R,11170245.0,11170513 270 895.6 530.6 1416
SSACC R,11170515.0,
ESACC R,11170515.0,11170531 18 897.7 524.4 915.6 525.0 0.49 72
SFIX R,11170533.0,
EFIX R,11170533.0,11171549 1018 909.7 531.5 1481
SSACC R,11171551.0,
ESACC R,11171551.0,11171569 20 908.8 541.2 929.6 535.5 0.58 78
SFIX R,11171571.0,
EFIX R,11171571.0,11172991 1422 921.2 528.2 1510
SSACC R,11172993.0,
ESACC R,11172993.0,11173021 30 911.3 514.0 946.4 501.0 1.01 163
SFIX R,11173023.0,
EFIX R,11173023.0,11173153 132 952.4 498.3 1545
SSACC R,11173155.0,
ESACC R,11173155.0,11173181 28 954.9 494.6 922.5 500.7 0.89 160
SFIX R,11173183.0,
EFIX R,11173183.0,11173389 208 920.2 498.3 1576
SSACC R,11173391.0,
ESACC R,11173391.0,11173407 18 920.4 500.0 937.9 512.9 0.59 81
SFIX R,11173409.0,
EFIX R,11173409.0,11173465 58 934.9 514.7 1582
SSACC R,11173467.0,
SBLINK R,11173497.0,
EBLINK R,11173497.0,11173559 64
ESACC R,11173467.0,11173625 160 933.3 518.0 928.7 496.9 0.59 1950
SFIX R,11173627.0,
EFIX R,11173627.0,11174303 678 917.6 520.0 1482
SSACC R,11174305.0,
ESACC R,11174305.0,11174323 20 914.7 545.5 901.6 541.5 0.37 73
SFIX R,11174325.0,
EFIX R,11174325.0,11177513 3190 925.5 512.3 1569
SSACC R,11177515.0,
ESACC R,11177515.0,11177529 16 937.8 499.8 951.9 503.2 0.39 69
SFIX R,11177531.0,
EFIX R,11177531.0,11177729 200 944.9 500.4 1704
SSACC R,11177731.0,
ESACC R,11177731.0,11177745 16 945.1 497.7 932.1 498.5 0.35 56
SFIX R,11177747.0,
EFIX R,11177747.0,11178037 292 937.2 495.9 1710
SSACC R,11178039.0,
ESACC R,11178039.0,11178053 16 942.3 494.0 957.8 499.0 0.44 69
SFIX R,11178055.0,
EFIX R,11178055.0,11178271 218 953.5 499.2 1721
SSACC R,11178273.0,
ESACC R,11178273.0,11178287 16 950.3 493.9 939.2 492.5 0.30 56
SFIX R,11178289.0,
EFIX R,11178289.0,11182759 4472 939.7 488.3 1725
SSACC R,11182761.0,
ESACC R,11182761.0,11182785 26 944.2 511.6 962.1 495.4 0.65 102
SFIX R,11182787.0,
EFIX R,11182787.0,11182913 128 967.6 501.4 1521
SSACC R,11182915.0,
ESACC R,11182915.0,11182933 20 968.4 501.7 942.1 512.9 0.77 92
SFIX R,11182935.0,
EFIX R,11182935.0,11183013 80 945.7 511.2 1510
SSACC R,11183015.0,
ESACC R,11183015.0,11183021 8 942.3 513.3 941.6 500.6 0.34 51
SFIX R,11183023.0,
EFIX R,11183023.0,11183263 242 938.4 498.8 1513
SSACC R,11183265.0,
SBLINK R,11183291.0,
EBLINK R,11183291.0,11183381 92
ESACC R,11183265.0,11183471 208 940.6 500.9 951.8 463.2 1.07 2128
SFIX R,11183473.0,
EFIX R,11183473.0,11183643 172 947.6 479.0 1473
SSACC R,11183645.0,
ESACC R,11183645.0,11183661 18 944.8 493.1 925.0 517.3 0.85 85
SFIX R,11183663.0,
EFIX R,11183663.0,11184375 714 926.8 515.8 1479
SSACC R,11184377.0,
ESACC R,11184377.0,11184385 10 920.6 512.9 929.3 517.3 0.26 58
SFIX R,11184387.0,
EFIX R,11184387.0,11184677 292 936.7 503.4 1499
SSACC R,11184679.0,
ESACC R,11184679.0,11184701 24 936.6 490.6 886.5 485.2 1.37 144
SFIX R,11184703.0,
EFIX R,11184703.0,11184821 120 895.5 483.7 1570
SSACC R,11184823.0,
ESACC R,11184823.0,11184845 24 893.1 483.6 929.6 487.8 1.00 125
SFIX R,11184847.0,
EFIX R,11184847.0,11185619 774 917.7 489.4 1647
SSACC R,11185621.0,
SBLINK R,11185647.0,
EBLINK R,11185647.0,11185735 90
ESACC R,11185621.0,11185817 198 931.8 465.6 950.9 454.8 0.59 1660
SFIX R,11185819.0,
EFIX R,11185819.0,11185991 174 951.7 456.0 1766
SSACC R,11185993.0,
ESACC R,11185993.0,11186003 12 953.8 474.4 952.0 490.2 0.43 56
SFIX R,11186005.0,
EFIX R,11186005.0,11187585 1582 938.5 500.3 1706
SSACC R,11187587.0,
ESACC R,11187587.0,11187617 32 943.2 495.6 911.7 495.9 0.85 178
SFIX R,11187619.0,
EFIX R,11187619.0,11187723 106 902.4 493.4 1802
SSACC R,11187725.0,
ESACC R,11187725.0,11187747 24 900.7 493.6 947.3 483.2 1.29 146
SFIX R,11187749.0,
EFIX R,11187749.0,11188583 836 934.4 489.6 1781
SSACC R,11188585.0,
ESACC R,11188585.0,11188595 12 942.5 482.7 926.1 475.5 0.49 56
SFIX R,11188597.0,
EFIX R,11188597.0,11189055 460 932.3 474.0 1847
SSACC R,11189057.0,
ESACC R,11189057.0,11189085 30 932.2 462.5 959.8 462.2 0.75 147
SFIX R,11189087.0,
EFIX R,11189087.0,11189207 122 965.3 461.9 1869
SSACC R,11189209.0,
ESACC R,11189209.0,11189227 20 967.4 458.4 944.3 473.3 0.74 89
SFIX R,11189229.0,
EFIX R,11189229.0,11190175 948 945.4 483.2 1779
SSACC R,11190177.0,
ESACC R,11190177.0,11190181 6 931.3 503.1 941.9 500.8 0.29 52
SFIX R,11190183.0,
EFIX R,11190183.0,11191599 1418 937.0 495.7 1721
SSACC R,11191601.0,
ESACC R,11191601.0,11191665 66 936.5 503.3 936.1 503.8 0.02 138
SFIX R,11191667.0,
EFIX R,11191667.0,11191935 270 934.7 507.1 1755
SSACC R,11191937.0,
ESACC R,11191937.0,11191951 16 930.7 507.5 939.4 509.9 0.24 55
SFIX R,11191953.0,
EFIX R,11191953.0,11192345 394 937.5 505.9 1689
SSACC R,11192347.0,
ESACC R,11192347.0,11192365 20 936.2 505.2 971.8 511.5 0.98 91
SFIX R,11192367.0,
EFIX R,11192367.0,11192485 120 959.5 511.7 1685
SSACC R,11192487.0,
ESACC R,11192487.0,11192507 22 958.2 509.6 934.5 515.0 0.66 97
SFIX R,11192509.0,
EFIX R,11192509.0,11193251 744 945.6 491.6 1721
SSACC R,11193253.0,
SBLINK R,11193277.0,
EBLINK R,11193277.0,11193357 82
ESACC R,11193253.0,11193441 190 954.6 496.7 950.8 474.0 0.62 2079
SFIX R,11193443.0,
EFIX R,11193443.0,11194087 646 947.5 518.1 1600
SSACC R,11194089.0,
ESACC R,11194089.0,11194109 22 938.2 547.2 933.1 551.7 0.18 91
SFIX R,11194111.0,
EFIX R,11194111.0,11194999 890 935.2 532.7 1461
SSACC R,11195001.0,
ESACC R,11195001.0,11195027 28 932.0 525.6 750.1 557.2 4.98 374
SFIX R,11195029.0,
EFIX R,11195029.0,11195405 378 743.8 557.4 1590
SSACC R,11195407.0,
ESACC R,11195407.0,11195455 50 734.9 553.8 914.4 533.8 4.87 397
SFIX R,11195457.0,
EFIX R,11195457.0,11197385 1930 926.2 539.4 1647
SSACC R,11197387.0,
ESACC R,11197387.0,11197417 32 920.8 561.1 871.2 616.6 2.02 223
SFIX R,11197419.0,
EFIX R,11197419.0,11197755 338 868.7 623.4 1686
SSACC R,11197757.0,
ESACC R,11197757.0,11197787 32 871.6 632.4 932.3 630.1 1.64 225
SFIX R,11197789.0,
EFIX R,11197789.0,11198009 222 933.9 632.4 1716
SSACC R,11198011.0,
ESACC R,11198011.0,11198033 24 931.4 631.4 981.7 559.3 2.38 183
SFIX R,11198035.0,
EFIX R,11198035.0,11198165 132 966.1 550.6 1716
SSACC R,11198167.0,
ESACC R,11198167.0,11198187 22 962.4 552.1 923.9 527.2 1.24 127
SFIX R,11198189.0,
EFIX R,11198189.0,11201649 3462 919.4 534.3 1202
SSACC R,11201651.0,
ESACC R,11201651.0,11201669 20 905.9 545.5 957.3 542.7 1.40 127
SFIX R,11201671.0,
EFIX R,11201671.0,11201725 56 945.3 540.8 951
SSACC R,11201727.0,
ESACC R,11201727.0,11201757 32 942.4 541.3 883.3 543.6 1.60 208
SFIX R,11201759.0,
EFIX R,11201759.0,11201797 40 879.9 540.7 979
SSACC R,11201799.0,
ESACC R,11201799.0,11201829 32 880.2 538.8 934.9 539.5 1.48 205
SFIX R,11201831.0,
EFIX R,11201831.0,11201973 144 938.9 540.5 1041
SSACC R,11201975.0,
ESACC R,11201975.0,11201987 14 936.8 540.7 909.8 541.1 0.73 78
SFIX R,11201989.0,
EFIX R,11201989.0,11203541 1554 910.0 532.4 1146
SSACC R,11203543.0,
ESACC R,11203543.0,11203551 10 898.4 522.9 916.5 524.1 0.49 60
SFIX R,11203553.0,
EFIX R,11203553.0,11203861 310 908.6 523.3 1291
SSACC R,11203863.0,
ESACC R,11203863.0,11203881 20 901.7 529.0 889.5 530.5 0.33 65
SFIX R,11203883.0,
EFIX R,11203883.0,11205029 1148 903.5 532.3 1321
SSACC R,11205031.0,
ESACC R,11205031.0,11205047 18 898.6 534.7 900.6 535.0 0.05 63
SFIX R,11205049.0,
EFIX R,11205049.0,11206863 1816 908.0 515.6 1397
SSACC R,11206865.0,
ESACC R,11206865.0,11206897 34 939.4 491.3 1010.9 538.0 2.31 255
SFIX R,11206899.0,
EFIX R,11206899.0,11207033 136 1011.3 533.4 1633
SSACC R,11207035.0,
ESACC R,11207035.0,11207065 32 1010.2 535.5 962.2 522.2 1.35 196
SFIX R,11207067.0,
EFIX R,11207067.0,11207227 162 953.2 523.2 1655
SSACC R,11207229.0,
ESACC R,11207229.0,11207243 16 950.6 523.1 939.5 503.7 0.61 75
SFIX R,11207245.0,
EFIX R,11207245.0,11208073 830 943.1 505.1 1655
SSACC R,11208075.0,
SBLINK R,11208105.0,
EBLINK R,11208105.0,11208179 76
ESACC R,11208075.0,11208325 252 938.0 512.8 930.1 497.9 0.46 1602
SFIX R,11208327.0,
EFIX R,11208327.0,11208459 134 924.7 515.9 1722
SSACC R,11208461.0,
ESACC R,11208461.0,11208469 10 917.9 520.1 933.3 506.3 0.56 67
SFIX R,11208471.0,
EFIX R,11208471.0,11208869 400 931.3 528.0 1553
SSACC R,11208871.0,
ESACC R,11208871.0,11208885 16 924.5 554.1 909.9 545.0 0.47 66
SFIX R,11208887.0,
EFIX R,11208887.0,11210791 1906 927.7 520.6 1550
SSACC R,11210793.0,
ESACC R,11210793.0,11210817 26 939.3 498.0 1021.3 489.2 2.23 210
SFIX R,11210819.0,
EFIX R,11210819.0,11210923 106 1006.0 492.4 1761
SSACC R,11210925.0,
ESACC R,11210925.0,11210955 32 1006.2 491.3 957.6 491.9 1.32 182
SFIX R,11210957.0,
EFIX R,11210957.0,11211293 338 949.2 502.9 1707
SSACC R,11211295.0,
ESACC R,11211295.0,11211311 18 936.7 517.0 923.0 518.5 0.37 72
SFIX R,11211313.0,
EFIX R,11211313.0,11212403 1092 921.4 515.7 1583
SSACC R,11212405.0,
ESACC R,11212405.0,11212431 28 920.5 503.4 944.9 513.4 0.71 135
SFIX R,11212433.0,
EFIX R,11212433.0,11212523 92 949.3 511.5 1656
SSACC R,11212525.0,
ESACC R,11212525.0,11212547 24 949.8 508.9 916.8 515.3 0.91 136
SFIX R,11212549.0,
EFIX R,11212549.0,11212773 226 920.4 507.5 1682
SSACC R,11212775.0,
ESACC R,11212775.0,11212791 18 918.1 504.4 931.6 491.6 0.50 64
SFIX R,11212793.0,
EFIX R,11212793.0,11213543 752 915.4 508.9 1639
SSACC R,11213545.0,
ESACC R,11213545.0,11213573 30 908.8 513.2 940.4 516.6 0.86 144
SFIX R,11213575.0,
EFIX R,11213575.0,11213703 130 946.7 517.4 1643
SSACC R,11213705.0,
ESACC R,11213705.0,11213725 22 949.4 518.7 917.1 527.2 0.91 110
SFIX R,11213727.0,
EFIX R,11213727.0,11215429 1704 928.0 513.5 1699
SSACC R,11215431.0,
SBLINK R,11215469.0,
EBLINK R,11215469.0,11215515 48
ESACC R,11215431.0,11215603 174 928.3 511.9 949.1 513.0 0.56 1559
SFIX R,11215605.0,
EFIX R,11215605.0,11216391 788 926.2 493.1 1647
SSACC R,11216393.0,
ESACC R,11216393.0,11216423 32 912.6 512.6 948.3 518.5 0.98 161
SFIX R,11216425.0,
EFIX R,11216425.0,11216541 118 950.6 521.1 1556
SSACC R,11216543.0,
ESACC R,11216543.0,11216565 24 949.0 523.8 902.4 528.6 1.27 156
SFIX R,11216567.0,
EFIX R,11216567.0,11217279 714 917.0 516.0 1592
SSACC R,11217281.0,
ESACC R,11217281.0,11217293 14 913.2 515.1 932.8 518.3 0.54 60
SFIX R,11217295.0,
EFIX R,11217295.0,11217815 522 917.7 519.4 1560
SSACC R,11217817.0,
ESACC R,11217817.0,11217847 32 916.6 523.5 898.0 526.9 0.51 147
SFIX R,11217849.0,
EFIX R,11217849.0,11218033 186 892.0 526.5 1586
SSACC R,11218035.0,
ESACC R,11218035.0,11218039 6 897.9 525.7 906.3 524.4 0.23 42
SFIX R,11218041.0,
EFIX R,11218041.0,11219929 1890 918.1 508.7 1610
SSACC R,11219931.0,
ESACC R,11219931.0,11219951 22 935.2 494.6 916.5 496.9 0.51 92
SFIX R,11219953.0,
EFIX R,11219953.0,11220167 216 929.1 506.1 1587
SSACC R,11220169.0,
ESACC R,11220169.0,11220187 20 936.7 508.9 967.5 514.4 0.85 90
SFIX R,11220189.0,
EFIX R,11220189.0,11220749 562 952.8 511.2 1588
SSACC R,11220751.0,
ESACC R,11220751.0,11220769 20 945.5 511.7 943.2 507.3 0.13 69
SFIX R,11220771.0,
EFIX R,11220771.0,11221327 558 937.4 509.6 1562
SSACC R,11221329.0,
ESACC R,11221329.0,11221349 22 929.8 517.7 913.9 514.1 0.44 87
SFIX R,11221351.0,
EFIX R,11221351.0,11222119 770 917.8 506.3 1577
SSACC R,11222121.0,
ESACC R,11222121.0,11222129 10 924.0 503.1 938.4 508.1 0.41 51
SFIX R,11222131.0,
EFIX R,11222131.0,11222599 470 931.9 501.5 1607
SSACC R,11222601.0,
ESACC R,11222601.0,11222621 22 939.5 494.1 947.2 498.1 0.24 80
SFIX R,11222623.0,
EFIX R,11222623.0,11223695 1074 936.1 487.2 1713
SSACC R,11223697.0,
ESACC R,11223697.0,11223725 30 931.9 482.6 918.8 486.5 0.37 122
SFIX R,11223727.0,
EFIX R,11223727.0,11223843 118 910.1 487.3 1739
SSACC R,11223845.0,
ESACC R,11223845.0,11223865 22 909.4 492.1 934.7 490.3 0.69 88
SFIX R,11223867.0,
EFIX R,11223867.0,11224781 916 939.5 496.1 1774
SSACC R,11224783.0,
ESACC R,11224783.0,11224803 22 944.3 505.7 954.1 503.8 0.27 92
SFIX R,11224805.0,
EFIX R,11224805.0,11225453 650 946.9 491.1 1767
SSACC R,11225455.0,
ESACC R,11225455.0,11225473 20 943.3 480.4 958.6 484.1 0.43 76
SFIX R,11225475.0,
EFIX R,11225475.0,11225827 354 948.1 479.3 1794
SSACC R,11225829.0,
ESACC R,11225829.0,11225851 24 940.6 490.2 952.9 497.3 0.38 92
SFIX R,11225853.0,
EFIX R,11225853.0,11226093 242 938.3 497.0 1761
SSACC R,11226095.0,
ESACC R,11226095.0,11226125 32 934.8 503.4 961.4 496.1 0.75 148
SFIX R,11226127.0,
EFIX R,11226127.0,11226243 118 962.4 502.7 1737
SSACC R,11226245.0,
ESACC R,11226245.0,11226267 24 959.8 503.9 939.5 511.2 0.58 93
SFIX R,11226269.0,
EFIX R,11226269.0,11226781 514 934.7 503.9 1624
SSACC R,11226783.0,
ESACC R,11226783.0,11226803 22 926.7 507.3 925.3 507.7 0.04 69
SFIX R,11226805.0,
EFIX R,11226805.0,11227563 760 924.0 507.4 1469
SSACC R,11227565.0,
ESACC R,11227565.0,11227583 20 924.2 511.7 906.5 513.5 0.48 79
SFIX R,11227585.0,
EFIX R,11227585.0,11227789 206 908.5 513.6 1408
SSACC R,11227791.0,
ESACC R,11227791.0,11227803 14 914.1 518.6 937.7 519.0 0.64 68
SFIX R,11227805.0,
EFIX R,11227805.0,11228049 246 928.6 523.9 1382
SSACC R,11228051.0,
ESACC R,11228051.0,11228067 18 924.8 526.6 913.4 523.8 0.32 69
SFIX R,11228069.0,
EFIX R,11228069.0,11229723 1656 907.7 523.6 1448
SSACC R,11229725.0,
ESACC R,11229725.0,11229739 16 912.0 531.7 909.2 525.7 0.18 51
SFIX R,11229741.0,
EFIX R,11229741.0,11230041 302 909.6 528.0 1373
SSACC R,11230043.0,
ESACC R,11230043.0,11230057 16 908.8 529.6 915.9 536.8 0.27 59
SFIX R,11230059.0,
EFIX R,11230059.0,11230381 324 910.3 531.5 1180
SSACC R,11230383.0,
ESACC R,11230383.0,11230397 16 901.7 533.3 895.4 541.8 0.29 55
SFIX R,11230399.0,
EFIX R,11230399.0,11230673 276 892.1 540.0 1059
SSACC R,11230675.0,
ESACC R,11230675.0,11230691 18 886.2 541.5 925.5 540.7 1.07 94
SFIX R,11230693.0,
EFIX R,11230693.0,11230953 262 915.9 537.4 1083
SSACC R,11230955.0,
ESACC R,11230955.0,11230969 16 913.5 531.4 904.0 533.9 0.27 50
SFIX R,11230971.0,
EFIX R,11230971.0,11232087 1118 903.2 531.3 1229
SSACC R,11232089.0,
ESACC R,11232089.0,11232121 34 908.1 535.3 970.2 535.1 1.68 247
SFIX R,11232123.0,
EFIX R,11232123.0,11232227 106 975.2 532.8 1317
SSACC R,11232229.0,
ESACC R,11232229.0,11232251 24 977.0 533.6 916.1 545.4 1.68 155
SFIX R,11232253.0,
EFIX R,11232253.0,11233819 1568 920.9 545.6 1352
SSACC R,11233821.0,
ESACC R,11233821.0,11233843 24 921.9 545.0 979.0 526.2 1.63 179
SFIX R,11233845.0,
EFIX R,11233845.0,11233967 124 970.2 526.1 1414
SSACC R,11233969.0,
ESACC R,11233969.0,11233989 22 971.2 526.7 923.5 539.6 1.34 120
SFIX R,11233991.0,
EFIX R,11233991.0,11235659 1670 915.9 529.9 1366
SSACC R,11235661.0,
SBLINK R,11235697.0,
EBLINK R,11235697.0,11235725 30
ESACC R,11235661.0,11235801 142 936.3 516.8 947.5 519.5 0.31 1338
SFIX R,11235803.0,
EFIX R,11235803.0,11236013 212 941.6 522.7 1574
SSACC R,11236015.0,
ESACC R,11236015.0,11236027 14 940.1 520.6 952.3 510.9 0.42 58
SFIX R,11236029.0,
EFIX R,11236029.0,11238089 2062 930.3 513.9 1472
SSACC R,11238091.0,
ESACC R,11238091.0,11238115 26 936.7 509.2 923.7 529.0 0.64 86
SFIX R,11238117.0,
EFIX R,11238117.0,11238847 732 907.0 520.7 1409
SSACC R,11238849.0,
ESACC R,11238849.0,11238861 14 909.0 529.1 939.3 525.4 0.83 80
SFIX R,11238863.0,
EFIX R,11238863.0,11240875 2014 925.6 527.2 1453
SSACC R,11240877.0,
ESACC R,11240877.0,11240899 24 944.8 514.9 936.4 503.0 0.39 80
SFIX R,11240901.0,
EFIX R,11240901.0,11242455 1556 933.8 513.2 1697
SSACC R,11242457.0,
ESACC R,11242457.0,11242485 30 934.5 497.7 943.0 498.1 0.23 119
SFIX R,11242487.0,
EFIX R,11242487.0,11243357 872 935.7 506.9 1624
SSACC R,11243359.0,
ESACC R,11243359.0,11243393 36 939.2 511.6 916.9 524.4 0.70 135
SFIX R,11243395.0,
EFIX R,11243395.0,11243565 172 905.7 522.9 1567
SSACC R,11243567.0,
ESACC R,11243567.0,11243579 14 904.7 525.6 930.1 522.3 0.69 77
SFIX R,11243581.0,
EFIX R,11243581.0,11243779 200 920.3 527.3 1534
SSACC R,11243781.0,
SBLINK R,11243809.0,
EBLINK R,11243809.0,11243877 70
ESACC R,11243781.0,11243941 162 920.3 537.7 937.1 542.8 0.48 1647
SFIX R,11243943.0,
EFIX R,11243943.0,11244149 208 927.3 558.6 1464
SSACC R,11244151.0,
ESACC R,11244151.0,11244163 14 925.8 561.5 916.7 548.9 0.42 54
SFIX R,11244165.0,
EFIX R,11244165.0,11246779 2616 933.8 537.8 1437
SSACC R,11246781.0,
ESACC R,11246781.0,11246811 32 927.1 526.7 903.6 540.3 0.74 185
SFIX R,11246813.0,
EFIX R,11246813.0,11246947 136 891.7 535.7 1630
SSACC R,11246949.0,
ESACC R,11246949.0,11246971 24 888.2 530.3 932.3 519.1 1.23 137
SFIX R,11246973.0,
EFIX R,11246973.0,11247795 824 909.0 526.0 1541
SSACC R,11247797.0,
ESACC R,11247797.0,11247801 6 895.2 544.0 904.6 547.9 0.28 53
SFIX R,11247803.0,
EFIX R,11247803.0,11248015 214 909.5 542.9 1389
SSACC R,11248017.0,
ESACC R,11248017.0,11248119 104 915.3 533.0 921.9 521.8 0.35 1201
SFIX R,11248121.0,
EFIX R,11248121.0,11248187 68 917.3 525.7 1342
SSACC R,11248189.0,
SBLINK R,11248213.0,
EBLINK R,11248213.0,11248313 102
ESACC R,11248189.0,11248363 176 917.3 532.0 918.5 503.6 0.77 1691
SFIX R,11248365.0,
EFIX R,11248365.0,11250493 2130 916.7 535.5 1357
SSACC R,11250495.0,
ESACC R,11250495.0,11250521 28 923.1 523.9 937.7 530.9 0.44 114
SFIX R,11250523.0,
EFIX R,11250523.0,11250739 218 943.5 527.9 1529
SSACC R,11250741.0,
ESACC R,11250741.0,11250761 22 942.1 529.9 919.1 533.1 0.63 88
SFIX R,11250763.0,
EFIX R,11250763.0,11255239 4478 913.0 542.2 1497
SSACC R,11255241.0,
ESACC R,11255241.0,11255275 36 908.9 560.7 974.6 638.0 2.75 304
SFIX R,11255277.0,
EFIX R,11255277.0,11255455 180 981.8 626.5 1405
SSACC R,11255457.0,
ESACC R,11255457.0,11255485 30 980.0 625.8 929.0 583.2 1.80 194
SFIX R,11255487.0,
EFIX R,11255487.0,11255683 198 921.7 570.4 1426
SSACC R,11255685.0,
ESACC R,11255685.0,11255697 14 920.7 566.7 912.9 546.4 0.59 51
SFIX R,11255699.0,
EFIX R,11255699.0,11256457 760 923.0 552.4 1262
SSACC R,11256459.0,
SBLINK R,11256485.0,
EBLINK R,11256485.0,11256559 76
ESACC R,11256459.0,11256603 146 923.2 557.7 923.9 555.1 0.07 1778
SFIX R,11256605.0,
EFIX R,11256605.0,11260685 4082 914.6 532.0 1372
SSACC R,11260687.0,
ESACC R,11260687.0,11260711 26 908.9 522.4 920.5 510.7 0.45 118
SFIX R,11260713.0,
EFIX R,11260713.0,11261121 410 917.2 511.7 1412
SSACC R,11261123.0,
ESACC R,11261123.0,11261163 42 912.8 508.7 930.3 534.7 0.85 100
SFIX R,11261165.0,
EFIX R,11261165.0,11261285 122 923.4 531.7 1358
SSACC R,11261287.0,
ESACC R,11261287.0,11261307 22 925.1 531.7 901.6 529.8 0.64 83
SFIX R,11261309.0,
EFIX R,11261309.0,11262643 1336 903.8 522.9 1452
SSACC R,11262645.0,
ESACC R,11262645.0,11262673 30 895.4 517.7 883.1 521.9 0.35 125
SFIX R,11262675.0,
EFIX R,11262675.0,11262855 182 888.7 516.0 1485
SSACC R,11262857.0,
ESACC R,11262857.0,11262875 20 887.3 510.2 906.3 503.7 0.54 76
SFIX R,11262877.0,
EFIX R,11262877.0,11263309 434 902.7 500.9 1468
SSACC R,11263311.0,
ESACC R,11263311.0,11263333 24 909.1 503.9 910.0 521.1 0.47 89
SFIX R,11263335.0,
EFIX R,11263335.0,11263603 270 903.6 524.2 1430
SSACC R,11263605.0,
ESACC R,11263605.0,11263621 18 909.3 532.7 924.9 534.2 0.42 73
SFIX R,11263623.0,
EFIX R,11263623.0,11264143 522 912.3 537.5 1338
SSACC R,11264145.0,
ESACC R,11264145.0,11264173 30 911.1 540.1 890.4 534.0 0.58 152
SFIX R,11264175.0,
EFIX R,11264175.0,11264251 78 883.4 529.1 1337
SSACC R,11264253.0,
ESACC R,11264253.0,11264283 32 881.2 526.0 926.1 522.8 1.22 193
SFIX R,11264285.0,
EFIX R,11264285.0,11264339 56 929.4 523.7 1330
SSACC R,11264341.0,
ESACC R,11264341.0,11264373 34 929.8 525.7 868.7 534.6 1.67 277
SFIX R,11264375.0,
EFIX R,11264375.0,11264495 122 860.6 533.0 1336
SSACC R,11264497.0,
ESACC R,11264497.0,11264517 22 860.5 536.0 919.2 538.0 1.59 125
SFIX R,11264519.0,
EFIX R,11264519.0,11264925 408 908.6 533.4 1389
SSACC R,11264927.0,
ESACC R,11264927.0,11264943 18 906.6 536.9 909.9 538.7 0.10 62
SFIX R,11264945.0,
EFIX R,11264945.0,11267593 2650 926.2 517.0 1516
SSACC R,11267595.0,
ESACC R,11267595.0,11267621 28 928.1 508.3 885.8 504.3 1.15 174
SFIX R,11267623.0,
EFIX R,11267623.0,11267687 66 887.9 507.0 1458
SSACC R,11267689.0,
ESACC R,11267689.0,11267773 86 886.0 510.4 840.7 502.7 1.24 363
SFIX R,11267775.0,
EFIX R,11267775.0,11267861 88 823.0 503.1 1412
SSACC R,11267863.0,
ESACC R,11267863.0,11267893 32 822.6 503.6 902.3 515.5 2.18 284
SFIX R,11267895.0,
EFIX R,11267895.0,11268221 328 904.7 525.8 1329
SSACC R,11268223.0,
ESACC R,11268223.0,11268229 8 902.2 536.4 913.8 541.2 0.34 59
SFIX R,11268231.0,
EFIX R,11268231.0,11269899 1670 915.0 540.6 1151
SSACC R,11269901.0,
ESACC R,11269901.0,11269927 28 915.5 533.6 895.9 537.7 0.54 132
SFIX R,11269929.0,
EFIX R,11269929.0,11269975 48 890.9 537.0 1248
SSACC R,11269977.0,
ESACC R,11269977.0,11270009 34 889.9 536.2 960.1 531.8 1.91 282
SFIX R,11270011.0,
EFIX R,11270011.0,11270057 48 967.2 532.5 1266
SSACC R,11270059.0,
ESACC R,11270059.0,11270091 34 965.5 530.1 909.0 526.1 1.53 247
SFIX R,11270093.0,
EFIX R,11270093.0,11270385 294 901.6 528.3 1281
SSACC R,11270387.0,
ESACC R,11270387.0,11270399 14 902.5 529.7 930.7 536.9 0.79 73
SFIX R,11270401.0,
EFIX R,11270401.0,11273843 3444 907.6 540.5 1002
SSACC R,11273845.0,
ESACC R,11273845.0,11273863 20 887.9 532.4 913.7 535.4 0.70 90
SFIX R,11273865.0,
EFIX R,11273865.0,11274073 210 902.8 535.1 675
SSACC R,11274075.0,
SBLINK R,11274093.0,
EBLINK R,11274093.0,11274199 108
ESACC R,11274075.0,11274249 176 906.4 548.4 925.5 530.2 0.71 583
SFIX R,11274251.0,
EFIX R,11274251.0,11274453 204 910.0 529.6 650
SSACC R,11274455.0,
SBLINK R,11274473.0,
EBLINK R,11274473.0,11274577 106
ESACC R,11274455.0,11274609 156 906.7 529.1 898.8 512.1 0.51 696
SFIX R,11274611.0,
EFIX R,11274611.0,11274877 268 894.8 529.8 628
SSACC R,11274879.0,
SBLINK R,11274897.0,
EBLINK R,11274897.0,11275003 108
ESACC R,11274879.0,11275039 162 899.4 547.6 909.0 536.6 0.40 1003
SFIX R,11275041.0,
EFIX R,11275041.0,11275247 208 898.0 548.0 677
SSACC R,11275249.0,
SBLINK R,11275267.0,
EBLINK R,11275267.0,11275411 146
ESACC R,11275249.0,11275437 190 901.7 550.6 916.1 542.0 0.45 560
SFIX R,11275439.0,
EFIX R,11275439.0,11275733 296 904.4 547.4 709
SSACC R,11275735.0,
ESACC R,11275735.0,11275745 12 888.3 545.3 904.9 549.8 0.47 62
SFIX R,11275747.0,
EFIX R,11275747.0,11276527 782 898.4 541.7 750
SSACC R,11276529.0,
ESACC R,11276529.0,11276541 14 891.0 536.7 904.0 537.8 0.35 61
SFIX R,11276543.0,
EFIX R,11276543.0,11277247 706 907.3 530.4 974
SSACC R,11277249.0,
ESACC R,11277249.0,11277267 20 907.5 536.7 898.8 538.6 0.24 68
SFIX R,11277269.0,
EFIX R,11277269.0,11277575 308 903.9 533.5 1119
SSACC R,11277577.0,
ESACC R,11277577.0,11277599 24 905.3 527.2 962.5 537.3 1.57 164
SFIX R,11277601.0,
EFIX R,11277601.0,11277703 104 949.7 530.7 1150
SSACC R,11277705.0,
ESACC R,11277705.0,11277725 22 951.3 532.0 909.1 529.7 1.15 118
SFIX R,11277727.0,
EFIX R,11277727.0,11278371 646 910.3 538.0 1170
SSACC R,11278373.0,
SBLINK R,11278401.0,
EBLINK R,11278401.0,11278517 118
ESACC R,11278373.0,11278569 198 897.5 531.0 924.1 540.3 0.76 1100
SFIX R,11278571.0,
EFIX R,11278571.0,11278723 154 922.3 525.3 1207
SSACC R,11278725.0,
ESACC R,11278725.0,11278741 18 918.1 535.1 895.6 530.6 0.62 80
SFIX R,11278743.0,
EFIX R,11278743.0,11280169 1428 886.6 542.9 870
SSACC R,11280171.0,
ESACC R,11280171.0,11280191 22 893.9 545.4 917.8 549.2 0.66 94
SFIX R,11280193.0,
EFIX R,11280193.0,11280457 266 908.8 545.1 956
SSACC R,11280459.0,
ESACC R,11280459.0,11280473 16 908.1 544.0 900.5 540.7 0.22 45
SFIX R,11280475.0,
EFIX R,11280475.0,11283075 2602 915.0 556.4 1263
SSACC R,11283077.0,
ESACC R,11283077.0,11283105 30 909.8 555.6 939.5 554.4 0.81 140
SFIX R,11283107.0,
EFIX R,11283107.0,11283175 70 943.8 553.5 1424
SSACC R,11283177.0,
ESACC R,11283177.0,11283209 34 944.0 553.6 888.9 555.0 1.49 246
SFIX R,11283211.0,
EFIX R,11283211.0,11283261 52 879.4 554.7 1433
SSACC R,11283263.0,
ESACC R,11283263.0,11283295 34 876.6 550.4 942.5 553.4 1.79 295
SFIX R,11283297.0,
EFIX R,11283297.0,11283447 152 952.5 557.6 1456
SSACC R,11283449.0,
ESACC R,11283449.0,11283469 22 952.9 559.2 921.0 563.6 0.87 109
SFIX R,11283471.0,
EFIX R,11283471.0,11284147 678 932.0 550.4 1502
SSACC R,11284149.0,
ESACC R,11284149.0,11284155 8 938.9 536.5 951.6 539.6 0.35 56
SFIX R,11284157.0,
EFIX R,11284157.0,11284443 288 955.4 537.2 1617
SSACC R,11284445.0,
ESACC R,11284445.0,11284471 28 964.5 533.7 957.9 544.3 0.34 100
SFIX R,11284473.0,
EFIX R,11284473.0,11284939 468 959.5 530.5 1586
SSACC R,11284941.0,
ESACC R,11284941.0,11284973 34 963.6 529.4 1076.7 569.4 3.25 327
SFIX R,11284975.0,
EFIX R,11284975.0,11285075 102 1074.6 558.6 1567
SSACC R,11285077.0,
ESACC R,11285077.0,11285101 26 1070.3 558.4 956.4 536.1 3.14 284
SFIX R,11285103.0,
EFIX R,11285103.0,11287731 2630 940.8 518.6 1495
SSACC R,11287733.0,
ESACC R,11287733.0,11287763 32 943.8 510.2 922.5 509.5 0.58 165
SFIX R,11287765.0,
EFIX R,11287765.0,11287855 92 912.3 504.7 1556
SSACC R,11287857.0,
ESACC R,11287857.0,11287887 32 912.8 506.8 959.3 503.3 1.26 212
SFIX R,11287889.0,
EFIX R,11287889.0,11287923 36 964.5 503.0 1565
SSACC R,11287925.0,
ESACC R,11287925.0,11287959 36 965.7 503.5 890.8 504.2 2.03 306
SFIX R,11287961.0,
EFIX R,11287961.0,11288067 108 881.8 506.3 1568
SSACC R,11288069.0,
ESACC R,11288069.0,11288093 26 881.3 505.7 961.5 506.8 2.17 222
SFIX R,11288095.0,
EFIX R,11288095.0,11289121 1028 939.6 503.9 1576
SSACC R,11289123.0,
ESACC R,11289123.0,11289151 30 937.0 495.5 980.7 510.2 1.25 189
SFIX R,11289153.0,
EFIX R,11289153.0,11289255 104 984.4 516.0 1648
SSACC R,11289257.0,
ESACC R,11289257.0,11289279 24 985.3 518.1 948.4 506.6 1.05 124
SFIX R,11289281.0,
EFIX R,11289281.0,11290447 1168 935.3 501.9 1599
SSACC R,11290449.0,
ESACC R,11290449.0,11290465 18 929.8 506.1 934.8 513.3 0.24 62
SFIX R,11290467.0,
EFIX R,11290467.0,11291433 968 938.6 514.6 1630
SSACC R,11291435.0,
ESACC R,11291435.0,11291449 16 934.8 512.7 964.5 511.4 0.81 84
SFIX R,11291451.0,
EFIX R,11291451.0,11291669 220 952.0 508.6 1642
SSACC R,11291671.0,
ESACC R,11291671.0,11291681 12 945.5 512.1 925.4 515.2 0.55 58
SFIX R,11291683.0,
EFIX R,11291683.0,11292931 1250 929.1 511.2 1616
SSACC R,11292933.0,
ESACC R,11292933.0,11293037 106 955.8 493.0 956.2 464.5 0.77 1166
SFIX R,11293039.0,
EFIX R,11293039.0,11295125 2088 929.5 504.7 1637
SSACC R,11295127.0,
ESACC R,11295127.0,11295205 80 912.1 519.5 899.8 507.9 0.46 212
SFIX R,11295207.0,
EFIX R,11295207.0,11295301 96 887.5 508.5 1704
SSACC R,11295303.0,
ESACC R,11295303.0,11295321 20 885.5 511.4 934.2 513.7 1.32 116
SFIX R,11295323.0,
EFIX R,11295323.0,11298493 3172 929.2 516.9 1659
SSACC R,11298495.0,
SBLINK R,11298517.0,
EBLINK R,11298517.0,11298589 74
ESACC R,11298495.0,11298643 150 920.9 552.6 919.2 510.2 1.15 1833
SFIX R,11298645.0,
EFIX R,11298645.0,11298913 270 912.3 524.7 1365
SSACC R,11298915.0,
ESACC R,11298915.0,11298921 8 912.5 521.1 918.5 533.7 0.38 53
SFIX R,11298923.0,
EFIX R,11298923.0,11301085 2164 931.4 524.0 1538
SSACC R,11301087.0,
ESACC R,11301087.0,11301103 18 929.8 535.6 942.9 523.2 0.49 50
SFIX R,11301105.0,
EFIX R,11301105.0,11303755 2652 932.3 516.9 1641
SSACC R,11303757.0,
ESACC R,11303757.0,11303785 30 928.2 503.9 956.4 515.0 0.82 186
SFIX R,11303787.0,
EFIX R,11303787.0,11303973 188 960.1 507.1 1629
SSACC R,11303975.0,
ESACC R,11303975.0,11303995 22 955.1 510.1 922.9 504.5 0.89 103
SFIX R,11303997.0,
EFIX R,11303997.0,11304221 226 924.6 504.5 1635
SSACC R,11304223.0,
ESACC R,11304223.0,11304235 14 928.1 507.3 934.7 498.4 0.30 40
SFIX R,11304237.0,
EFIX R,11304237.0,11304737 502 915.6 520.1 1458
SSACC R,11304739.0,
ESACC R,11304739.0,11304759 22 915.7 527.9 932.7 518.7 0.52 84
SFIX R,11304761.0,
EFIX R,11304761.0,11304959 200 925.8 522.4 1204
SSACC R,11304961.0,
ESACC R,11304961.0,11304969 10 925.6 532.6 911.9 534.4 0.37 45
SFIX R,11304971.0,
EFIX R,11304971.0,11305347 378 914.6 537.4 1078
SSACC R,11305349.0,
SBLINK R,11305369.0,
EBLINK R,11305369.0,11305437 70
ESACC R,11305349.0,11305469 122 912.0 540.9 929.2 512.9 0.89 908
SFIX R,11305471.0,
EFIX R,11305471.0,11305807 338 920.5 527.9 1165
SSACC R,11305809.0,
ESACC R,11305809.0,11305829 22 922.8 527.3 903.3 532.1 0.54 76
SFIX R,11305831.0,
EFIX R,11305831.0,11306183 354 908.1 526.5 1257
SSACC R,11306185.0,
ESACC R,11306185.0,11306189 6 907.1 522.5 918.6 521.5 0.31 54
SFIX R,11306191.0,
EFIX R,11306191.0,11306439 250 920.1 519.4 1283
SSACC R,11306441.0,
ESACC R,11306441.0,11306459 20 921.2 519.9 900.7 527.1 0.59 82
SFIX R,11306461.0,
EFIX R,11306461.0,11307981 1522 907.7 520.3 1419
SSACC R,11307983.0,
ESACC R,11307983.0,11308011 30 898.8 508.8 920.9 505.5 0.61 127
SFIX R,11308013.0,
EFIX R,11308013.0,11308137 126 923.0 506.7 1434
SSACC R,11308139.0,
ESACC R,11308139.0,11308155 18 920.4 509.1 906.2 512.3 0.39 77
SFIX R,11308157.0,
EFIX R,11308157.0,11310733 2578 906.7 525.5 1203
SSACC R,11310735.0,
ESACC R,11310735.0,11310759 26 927.9 500.7 915.4 509.0 0.41 96
SFIX R,11310761.0,
EFIX R,11310761.0,11310863 104 912.6 505.7 1296
SSACC R,11310865.0,
ESACC R,11310865.0,11310887 24 907.8 508.7 932.4 515.7 0.69 105
SFIX R,11310889.0,
EFIX R,11310889.0,11312345 1458 922.7 527.1 1398
SSACC R,11312347.0,
ESACC R,11312347.0,11312355 10 939.5 533.1 927.2 534.9 0.34 56
SFIX R,11312357.0,
EFIX R,11312357.0,11312469 114 927.3 532.5 1501
SSACC R,11312471.0,
ESACC R,11312471.0,11312475 6 932.5 532.8 937.2 530.2 0.15 43
SFIX R,11312477.0,
EFIX R,11312477.0,11313231 756 935.3 528.9 1498
SSACC R,11313233.0,
ESACC R,11313233.0,11313245 14 919.6 531.0 941.5 523.6 0.63 70
SFIX R,11313247.0,
EFIX R,11313247.0,11313529 284 931.3 528.6 1500
SSACC R,11313531.0,
ESACC R,11313531.0,11313551 22 926.7 527.9 909.2 542.9 0.62 91
SFIX R,11313553.0,
EFIX R,11313553.0,11313787 236 915.4 533.4 1515
SSACC R,11313789.0,
ESACC R,11313789.0,11313795 8 923.2 534.5 936.3 533.1 0.36 55
SFIX R,11313797.0,
EFIX R,11313797.0,11314479 684 936.7 528.8 1585
SSACC R,11314481.0,
ESACC R,11314481.0,11314497 18 939.0 520.1 927.2 523.9 0.34 75
SFIX R,11314499.0,
EFIX R,11314499.0,11315005 508 929.6 517.2 1618
SSACC R,11315007.0,
ESACC R,11315007.0,11315055 50 936.4 474.8 965.7 459.4 0.90 398
SFIX R,11315057.0,
EFIX R,11315057.0,11315329 274 927.9 497.2 1677
SSACC R,11315331.0,
ESACC R,11315331.0,11315349 20 924.0 510.5 956.9 520.1 0.93 86
SFIX R,11315351.0,
EFIX R,11315351.0,11315895 546 952.8 518.3 1654
SSACC R,11315897.0,
ESACC R,11315897.0,11315923 28 949.8 526.2 942.0 520.8 0.26 112
SFIX R,11315925.0,
EFIX R,11315925.0,11316635 712 923.3 520.4 1634
SSACC R,11316637.0,
ESACC R,11316637.0,11316657 22 912.0 505.8 942.5 515.1 0.86 101
SFIX R,11316659.0,
EFIX R,11316659.0,11317383 726 929.3 511.9 1661
SSACC R,11317385.0,
ESACC R,11317385.0,11317391 8 905.3 514.6 917.1 513.2 0.32 55
SFIX R,11317393.0,
EFIX R,11317393.0,11317523 132 917.8 513.8 1618
SSACC R,11317525.0,
SBLINK R,11317553.0,
EBLINK R,11317553.0,11317621 70
ESACC R,11317525.0,11317677 154 920.3 514.9 919.9 472.1 1.16 1974
SFIX R,11317679.0,
EFIX R,11317679.0,11317867 190 907.0 489.1 1569
SSACC R,11317869.0,
ESACC R,11317869.0,11317885 18 901.3 496.2 914.4 519.3 0.72 83
SFIX R,11317887.0,
EFIX R,11317887.0,11318555 670 902.9 533.6 1393
SSACC R,11318557.0,
ESACC R,11318557.0,11318579 24 892.2 538.1 898.6 549.7 0.36 82
SFIX R,11318581.0,
EFIX R,11318581.0,11319089 510 899.6 531.4 1413
SSACC R,11319091.0,
ESACC R,11319091.0,11319111 22 902.9 521.7 918.4 513.2 0.48 84
SFIX R,11319113.0,
EFIX R,11319113.0,11319507 396 911.3 519.0 1485
SSACC R,11319509.0,
ESACC R,11319509.0,11319539 32 909.0 521.4 894.6 517.7 0.40 120
SFIX R,11319541.0,
EFIX R,11319541.0,11319609 70 886.0 519.4 1475
SSACC R,11319611.0,
ESACC R,11319611.0,11319641 32 881.5 520.2 921.3 517.0 1.08 209
SFIX R,11319643.0,
EFIX R,11319643.0,11319747 106 925.6 514.9 1490
SSACC R,11319749.0,
ESACC R,11319749.0,11319767 20 924.6 519.2 887.4 519.2 1.01 110
SFIX R,11319769.0,
EFIX R,11319769.0,11320649 882 890.9 524.9 1466
SSACC R,11320651.0,
ESACC R,11320651.0,11320669 20 895.5 525.6 919.6 531.5 0.67 87
SFIX R,11320671.0,
EFIX R,11320671.0,11321131 462 912.6 534.2 1429
SSACC R,11321133.0,
ESACC R,11321133.0,11321163 32 920.9 531.1 897.2 524.4 0.67 142
SFIX R,11321165.0,
EFIX R,11321165.0,11321343 180 894.9 520.5 1417
SSACC R,11321345.0,
ESACC R,11321345.0,11321361 18 898.1 523.8 924.2 522.8 0.71 89
SFIX R,11321363.0,
EFIX R,11321363.0,11324773 3412 939.9 509.6 1423
SSACC R,11324775.0,
ESACC R,11324775.0,11324801 28 947.3 506.3 932.7 522.2 0.58 122
SFIX R,11324803.0,
EFIX R,11324803.0,11324845 44 928.3 519.1 1544
SSACC R,11324847.0,
ESACC R,11324847.0,11324875 30 924.8 519.0 962.9 517.4 1.03 192
SFIX R,11324877.0,
EFIX R,11324877.0,11324987 112 966.3 516.5 1533
SSACC R,11324989.0,
ESACC R,11324989.0,11325009 22 967.9 516.3 929.2 514.7 1.05 115
SFIX R,11325011.0,
EFIX R,11325011.0,11325677 668 932.0 510.6 1576
SSACC R,11325679.0,
ESACC R,11325679.0,11325763 86 930.6 505.3 951.6 469.3 1.13 1608
SFIX R,11325765.0,
EFIX R,11325765.0,11325985 222 944.2 497.8 1535
SSACC R,11325987.0,
ESACC R,11325987.0,11326003 18 941.2 506.1 927.9 513.3 0.41 63
SFIX R,11326005.0,
EFIX R,11326005.0,11327377 1374 925.1 535.4 1226
SSACC R,11327379.0,
SBLINK R,11327397.0,
EBLINK R,11327397.0,11327507 112
ESACC R,11327379.0,11327541 164 916.7 556.6 935.7 544.1 0.62 761
SFIX R,11327543.0,
EFIX R,11327543.0,11327733 192 927.3 546.6 1140
SSACC R,11327735.0,
ESACC R,11327735.0,11327747 14 928.3 547.5 903.3 541.3 0.70 72
SFIX R,11327749.0,
EFIX R,11327749.0,11329645 1898 919.8 535.8 1164
SSACC R,11329647.0,
ESACC R,11329647.0,11329667 22 921.5 524.7 898.6 528.1 0.63 94
SFIX R,11329669.0,
EFIX R,11329669.0,11329733 66 904.1 525.5 1324
SSACC R,11329735.0,
ESACC R,11329735.0,11329765 32 902.2 528.5 955.8 528.9 1.45 223
SFIX R,11329767.0,
EFIX R,11329767.0,11329863 98 956.8 532.7 1320
SSACC R,11329865.0,
ESACC R,11329865.0,11329885 22 958.1 533.8 901.0 537.7 1.55 134
SFIX R,11329887.0,
EFIX R,11329887.0,11331803 1918 902.1 541.2 1255
SSACC R,11331805.0,
SBLINK R,11331825.0,
EBLINK R,11331825.0,11331899 76
ESACC R,11331805.0,11331927 124 904.5 550.7 892.5 497.2 1.49 924
SFIX R,11331929.0,
EFIX R,11331929.0,11332155 228 888.1 524.4 967
SSACC R,11332157.0,
ESACC R,11332157.0,11332169 14 890.2 526.8 918.2 534.4 0.79 77
SFIX R,11332171.0,
EFIX R,11332171.0,11332525 356 914.4 531.3 910
SSACC R,11332527.0,
SBLINK R,11332545.0,
EBLINK R,11332545.0,11332649 106
ESACC R,11332527.0,11332679 154 918.2 536.8 918.0 529.6 0.20 530
SFIX R,11332681.0,
EFIX R,11332681.0,11332903 224 911.7 555.7 886
SSACC R,11332905.0,
SBLINK R,11332923.0,
EBLINK R,11332923.0,11333031 110
ESACC R,11332905.0,11333067 164 913.9 557.8 917.4 515.8 1.14 721
SFIX R,11333069.0,
EFIX R,11333069.0,11333173 106 913.0 524.2 893
SSACC R,11333175.0,
SBLINK R,11333193.0,
EBLINK R,11333193.0,11333309 118
ESACC R,11333175.0,11333341 168 913.3 518.5 902.7 531.5 0.45 855
SFIX R,11333343.0,
EFIX R,11333343.0,11333457 116 898.1 553.2 901
SSACC R,11333459.0,
SBLINK R,11333477.0,
EBLINK R,11333477.0,11333595 120
ESACC R,11333459.0,11333627 170 896.6 551.4 902.8 518.6 0.90 1120
SFIX R,11333629.0,
EFIX R,11333629.0,11333691 64 898.7 537.2 858
SSACC R,11333693.0,
SBLINK R,11333729.0,
EBLINK R,11333729.0,11333883 156
ESACC R,11333693.0,11333905 214 897.8 541.0 959.4 556.7 1.72 948
SFIX R,11333907.0,
EFIX R,11333907.0,11334005 100 946.7 563.7 838
SSACC R,11334007.0,
SBLINK R,11334023.0,
EBLINK R,11334023.0,11334217 196
ESACC R,11334007.0,11334225 220 953.0 569.9 923.8 562.4 0.82 1065
SFIX R,11334227.0,
EFIX R,11334227.0,11334293 68 924.0 559.7 862
SSACC R,11334295.0,
SBLINK R,11334311.0,
EBLINK R,11334311.0,11334435 126
ESACC R,11334295.0,11334457 164 923.1 575.5 942.7 529.0 1.37 1056
SFIX R,11334459.0,
EFIX R,11334459.0,11334555 98 929.8 541.9 794
SSACC R,11334557.0,
SBLINK R,11334573.0,
EBLINK R,11334573.0,11334681 110
ESACC R,11334557.0,11334715 160 932.1 550.6 917.1 551.1 0.41 942
SFIX R,11334717.0,
EFIX R,11334717.0,11334807 92 915.2 544.6 779
SSACC R,11334809.0,
SBLINK R,11334825.0,
EBLINK R,11334825.0,11334937 114
ESACC R,11334809.0,11334961 154 913.0 555.4 938.7 532.9 0.93 999
SFIX R,11334963.0,
EFIX R,11334963.0,11335075 114 930.4 543.9 785
SSACC R,11335077.0,
SBLINK R,11335095.0,
EBLINK R,11335095.0,11335211 118
ESACC R,11335077.0,11335231 156 935.0 549.3 928.6 505.4 1.20 943
SFIX R,11335233.0,
EFIX R,11335233.0,11335297 66 919.2 527.1 863
SSACC R,11335299.0,
SBLINK R,11335309.0,
EBLINK R,11335309.0,11335313 6
ESACC R,11335299.0,11335321 24 935.0 549.3 928.6 505.4 1.20 0
SFIX R,11335323.0,
EFIX R,11335323.0,11335435 114 910.6 527.4 906
SSACC R,11335437.0,
SBLINK R,11335455.0,
EBLINK R,11335455.0,11335559 106
ESACC R,11335437.0,11335585 150 913.5 547.7 922.6 562.6 0.47 1012
SFIX R,11335587.0,
EFIX R,11335587.0,11337413 1828 891.2 551.3 838
SSACC R,11337415.0,
ESACC R,11337415.0,11337425 12 902.9 540.5 888.7 534.2 0.42 61
SFIX R,11337427.0,
EFIX R,11337427.0,11338621 1196 901.5 535.1 1056
SSACC R,11338623.0,
ESACC R,11338623.0,11338639 18 906.1 540.1 913.2 536.0 0.22 50
SFIX R,11338641.0,
EFIX R,11338641.0,11339307 668 906.8 551.4 1149
SSACC R,11339309.0,
SBLINK R,11339329.0,
EBLINK R,11339329.0,11339465 138
ESACC R,11339309.0,11339473 166 912.7 566.8 918.8 550.7 0.47 1331
SFIX R,11339475.0,
EFIX R,11339475.0,11339711 238 907.3 549.9 1135
SSACC R,11339713.0,
ESACC R,11339713.0,11339725 14 906.9 552.1 884.6 565.4 0.70 71
SFIX R,11339727.0,
EFIX R,11339727.0,11340509 784 888.9 559.1 813
SSACC R,11340511.0,
SBLINK R,11340529.0,
EBLINK R,11340529.0,11340595 68
ESACC R,11340511.0,11340625 116 890.4 555.2 909.3 521.9 1.04 991
SFIX R,11340627.0,
EFIX R,11340627.0,11342733 2108 910.7 540.0 847
SSACC R,11342735.0,
ESACC R,11342735.0,11342739 6 915.5 532.0 926.1 533.8 0.29 52
SFIX R,11342741.0,
EFIX R,11342741.0,11344357 1618 936.1 528.6 1267
SSACC R,11344359.0,
ESACC R,11344359.0,11344363 6 938.2 528.3 950.2 528.0 0.33 55
SFIX R,11344365.0,
EFIX R,11344365.0,11345791 1428 933.7 516.4 1468
SSACC R,11345793.0,
ESACC R,11345793.0,11345807 16 919.0 515.4 942.1 520.8 0.64 79
SFIX R,11345809.0,
EFIX R,11345809.0,11346063 256 931.1 514.3 1465
SSACC R,11346065.0,
ESACC R,11346065.0,11346091 28 932.2 517.5 916.0 515.2 0.44 108
SFIX R,11346093.0,
EFIX R,11346093.0,11346391 300 913.2 517.9 1561
SSACC R,11346393.0,
ESACC R,11346393.0,11346409 18 928.0 515.0 940.2 512.6 0.34 76
SFIX R,11346411.0,
EFIX R,11346411.0,11346749 340 937.8 512.6 1574
SSACC R,11346751.0,
ESACC R,11346751.0,11346771 22 925.6 513.3 907.9 526.4 0.60 82
SFIX R,11346773.0,
EFIX R,11346773.0,11347987 1216 918.1 522.6 1646
SSACC R,11347989.0,
ESACC R,11347989.0,11348065 78 924.5 510.7 930.5 507.4 0.19 132
SFIX R,11348067.0,
EFIX R,11348067.0,11348123 58 926.1 499.8 1647
SSACC R,11348125.0,
ESACC R,11348125.0,11348145 22 925.6 493.5 961.2 498.2 0.97 121
SFIX R,11348147.0,
EFIX R,11348147.0,11348307 162 954.5 493.1 1663
SSACC R,11348309.0,
ESACC R,11348309.0,11348327 20 956.9 496.4 931.2 502.7 0.72 92
SFIX R,11348329.0,
EFIX R,11348329.0,11350061 1734 939.6 499.2 1696
SSACC R,11350063.0,
ESACC R,11350063.0,11350083 22 958.6 483.7 994.5 475.2 1.00 121
SFIX R,11350085.0,
EFIX R,11350085.0,11350229 146 986.5 479.3 1720
SSACC R,11350231.0,
ESACC R,11350231.0,11350251 22 984.6 481.6 959.6 486.5 0.69 92
SFIX R,11350253.0,
EFIX R,11350253.0,11350779 528 957.5 482.4 1748
SSACC R,11350781.0,
ESACC R,11350781.0,11350801 22 953.6 489.0 960.5 480.5 0.30 90
SFIX R,11350803.0,
EFIX R,11350803.0,11351611 810 950.0 480.1 1772
SSACC R,11351613.0,
ESACC R,11351613.0,11351641 30 951.5 485.5 974.1 493.4 0.65 113
SFIX R,11351643.0,
EFIX R,11351643.0,11351815 174 979.3 493.9 1774
SSACC R,11351817.0,
ESACC R,11351817.0,11351839 24 976.5 495.0 965.3 499.2 0.32 88
SFIX R,11351841.0,
EFIX R,11351841.0,11352263 424 955.3 491.5 1772
SSACC R,11352265.0,
ESACC R,11352265.0,11352269 6 946.2 489.9 956.4 491.5 0.28 60
SFIX R,11352271.0,
EFIX R,11352271.0,11354405 2136 960.1 478.3 1757
SSACC R,11354407.0,
ESACC R,11354407.0,11354423 18 948.3 463.0 940.9 475.9 0.40 58
SFIX R,11354425.0,
EFIX R,11354425.0,11355315 892 936.3 478.5 1653
SSACC R,11355317.0,
ESACC R,11355317.0,11355341 26 928.1 492.2 1032.9 507.1 2.87 253
SFIX R,11355343.0,
EFIX R,11355343.0,11355511 170 1016.7 505.7 1643
SSACC R,11355513.0,
ESACC R,11355513.0,11355535 24 1014.3 506.7 937.9 491.7 2.11 198
SFIX R,11355537.0,
EFIX R,11355537.0,11355809 274 945.6 497.4 1617
SSACC R,11355811.0,
ESACC R,11355811.0,11355817 8 938.4 501.5 926.7 505.4 0.33 45
SFIX R,11355819.0,
EFIX R,11355819.0,11356453 636 934.3 516.2 1406
SSACC R,11356455.0,
SBLINK R,11356479.0,
EBLINK R,11356479.0,11356531 54
ESACC R,11356455.0,11356571 118 945.0 536.5 947.9 492.4 1.20 2139
SFIX R,11356573.0,
EFIX R,11356573.0,11358305 1734 946.4 507.0 1367
SSACC R,11358307.0,
ESACC R,11358307.0,11358323 18 942.1 496.2 950.3 493.3 0.24 66
SFIX R,11358325.0,
EFIX R,11358325.0,11359583 1260 948.6 499.9 1596
SSACC R,11359585.0,
ESACC R,11359585.0,11359603 20 954.9 507.3 973.8 508.2 0.51 81
SFIX R,11359605.0,
EFIX R,11359605.0,11359993 390 964.6 497.6 1679
SSACC R,11359995.0,
ESACC R,11359995.0,11360019 26 960.3 481.5 943.8 483.6 0.45 114
SFIX R,11360021.0,
EFIX R,11360021.0,11360071 52 938.9 484.0 1747
SSACC R,11360073.0,
ESACC R,11360073.0,11360105 34 937.8 482.7 1028.4 474.0 2.47 315
SFIX R,11360107.0,
EFIX R,11360107.0,11360213 108 1035.2 482.1 1767
SSACC R,11360215.0,
ESACC R,11360215.0,11360237 24 1035.5 478.7 954.1 492.1 2.24 181
SFIX R,11360239.0,
EFIX R,11360239.0,11360597 360 969.9 486.9 1755
SSACC R,11360599.0,
ESACC R,11360599.0,11360607 10 957.7 482.2 964.1 492.8 0.34 42
SFIX R,11360609.0,
EFIX R,11360609.0,11361233 626 950.6 498.5 1650
SSACC R,11361235.0,
ESACC R,11361235.0,11361255 22 931.2 505.2 935.3 508.9 0.15 57
SFIX R,11361257.0,
EFIX R,11361257.0,11361667 412 923.8 508.9 1522
SSACC R,11361669.0,
ESACC R,11361669.0,11361685 18 923.2 516.5 942.3 511.5 0.54 82
SFIX R,11361687.0,
EFIX R,11361687.0,11362013 328 935.0 516.2 1532
SSACC R,11362015.0,
ESACC R,11362015.0,11362037 24 935.0 516.4 917.2 520.3 0.49 110
SFIX R,11362039.0,
EFIX R,11362039.0,11362359 322 919.3 512.5 1540
SSACC R,11362361.0,
ESACC R,11362361.0,11362385 26 921.6 509.6 930.2 506.1 0.25 86
SFIX R,11362387.0,
EFIX R,11362387.0,11364295 1910 927.4 503.9 1444
SSACC R,11364297.0,
ESACC R,11364297.0,11364317 22 944.1 508.1 936.0 515.1 0.29 80
SFIX R,11364319.0,
EFIX R,11364319.0,11364757 440 937.6 514.3 1441
SSACC R,11364759.0,
ESACC R,11364759.0,11364783 26 936.6 511.5 910.9 502.9 0.73 118
SFIX R,11364785.0,
EFIX R,11364785.0,11364989 206 909.5 498.8 1475
SSACC R,11364991.0,
ESACC R,11364991.0,11365005 16 907.9 500.3 937.2 503.4 0.80 77
SFIX R,11365007.0,
EFIX R,11365007.0,11368591 3586 928.7 511.6 1399
SSACC R,11368593.0,
ESACC R,11368593.0,11368611 20 964.8 494.8 944.4 497.3 0.56 85
SFIX R,11368613.0,
EFIX R,11368613.0,11368859 248 970.6 492.3 1553
SSACC R,11368861.0,
ESACC R,11368861.0,11368883 24 973.0 492.2 958.8 509.7 0.61 120
SFIX R,11368885.0,
EFIX R,11368885.0,11369187 304 957.2 506.4 1611
SSACC R,11369189.0,
ESACC R,11369189.0,11369195 8 959.9 502.8 965.6 494.3 0.28 39
SFIX R,11369197.0,
EFIX R,11369197.0,11369537 342 961.3 499.1 1659
SSACC R,11369539.0,
ESACC R,11369539.0,11369559 22 957.3 503.9 927.5 513.9 0.85 102
SFIX R,11369561.0,
EFIX R,11369561.0,11369629 70 930.6 510.8 1660
SSACC R,11369631.0,
ESACC R,11369631.0,11369663 34 927.4 512.0 984.9 514.1 1.56 223
SFIX R,11369665.0,
EFIX R,11369665.0,11369765 102 988.5 513.7 1653
SSACC R,11369767.0,
ESACC R,11369767.0,11369787 22 989.3 515.5 934.6 513.5 1.48 140
SFIX R,11369789.0,
EFIX R,11369789.0,11371139 1352 947.1 505.3 1665
SSACC R,11371141.0,
ESACC R,11371141.0,11371167 28 956.6 490.8 941.7 486.8 0.42 134
SFIX R,11371169.0,
EFIX R,11371169.0,11371231 64 935.5 485.8 1796
SSACC R,11371233.0,
ESACC R,11371233.0,11371265 34 933.3 482.1 986.6 485.2 1.45 258
SFIX R,11371267.0,
EFIX R,11371267.0,11371365 100 991.1 488.8 1767
SSACC R,11371367.0,
ESACC R,11371367.0,11371387 22 988.3 493.7 946.1 497.6 1.15 106
SFIX R,11371389.0,
EFIX R,11371389.0,11372103 716 933.6 502.2 1571
SSACC R,11372105.0,
ESACC R,11372105.0,11372129 26 927.2 500.6 913.0 515.9 0.57 96
SFIX R,11372131.0,
EFIX R,11372131.0,11372297 168 912.2 502.6 1444
SSACC R,11372299.0,
ESACC R,11372299.0,11372309 12 918.1 503.3 942.3 502.4 0.66 77
SFIX R,11372311.0,
EFIX R,11372311.0,11373173 864 930.3 500.5 1498
SSACC R,11373175.0,
ESACC R,11373175.0,11373193 20 915.3 497.7 932.0 495.0 0.46 71
SFIX R,11373195.0,
EFIX R,11373195.0,11373519 326 934.6 500.3 1492
SSACC R,11373521.0,
ESACC R,11373521.0,11373541 22 940.9 497.2 921.2 508.3 0.61 81
SFIX R,11373543.0,
EFIX R,11373543.0,11373803 262 929.2 505.9 1543
SSACC R,11373805.0,
ESACC R,11373805.0,11373809 6 935.0 506.4 944.6 504.7 0.26 52
SFIX R,11373811.0,
EFIX R,11373811.0,11374213 404 960.7 493.1 1555
SSACC R,11374215.0,
ESACC R,11374215.0,11374231 18 967.2 486.8 957.5 489.1 0.27 69
SFIX R,11374233.0,
EFIX R,11374233.0,11375103 872 949.6 490.2 1610
SSACC R,11375105.0,
ESACC R,11375105.0,11375121 18 936.5 495.0 956.0 496.6 0.53 72
SFIX R,11375123.0,
EFIX R,11375123.0,11375653 532 947.1 494.2 1663
SSACC R,11375655.0,
ESACC R,11375655.0,11375679 26 944.0 500.1 890.7 509.7 1.47 185
SFIX R,11375681.0,
EFIX R,11375681.0,11375807 128 896.2 503.6 1687
SSACC R,11375809.0,
ESACC R,11375809.0,11375829 22 893.6 496.4 959.6 499.3 1.79 159
SFIX R,11375831.0,
EFIX R,11375831.0,11377839 2010 938.8 491.3 1655
SSACC R,11377841.0,
ESACC R,11377841.0,11377869 30 927.1 494.7 966.6 493.1 1.07 170
SFIX R,11377871.0,
EFIX R,11377871.0,11377971 102 969.9 496.4 1633
SSACC R,11377973.0,
ESACC R,11377973.0,11377999 28 971.9 496.1 951.0 498.3 0.57 130
SFIX R,11378001.0,
EFIX R,11378001.0,11382183 4184 921.2 489.1 1573
SSACC R,11382185.0,
ESACC R,11382185.0,11382201 18 936.9 480.0 947.1 474.4 0.32 66
SFIX R,11382203.0,
EFIX R,11382203.0,11382471 270 943.6 479.0 1667
SSACC R,11382473.0,
ESACC R,11382473.0,11382489 18 937.9 485.0 923.8 492.5 0.43 68
SFIX R,11382491.0,
EFIX R,11382491.0,11382905 416 924.3 497.4 1585
SSACC R,11382907.0,
ESACC R,11382907.0,11382923 18 929.1 494.3 950.4 493.2 0.58 73
SFIX R,11382925.0,
EFIX R,11382925.0,11383197 274 945.6 494.1 1604
SSACC R,11383199.0,
ESACC R,11383199.0,11383227 30 945.2 496.1 933.5 506.5 0.42 115
SFIX R,11383229.0,
EFIX R,11383229.0,11383427 200 925.3 504.1 1636
SSACC R,11383429.0,
ESACC R,11383429.0,11383433 6 929.5 508.2 937.3 509.3 0.21 45
SFIX R,11383435.0,
EFIX R,11383435.0,11384827 1394 943.2 485.8 1691
SSACC R,11384829.0,
ESACC R,11384829.0,11384849 22 932.0 474.6 942.5 492.4 0.56 92
SFIX R,11384851.0,
EFIX R,11384851.0,11386045 1196 927.1 479.3 1665
SSACC R,11386047.0,
ESACC R,11386047.0,11386061 16 925.9 482.5 934.1 475.3 0.30 63
SFIX R,11386063.0,
EFIX R,11386063.0,11387649 1588 921.5 496.5 1635
SSACC R,11387651.0,
ESACC R,11387651.0,11387681 32 917.4 513.1 867.2 584.0 2.35 250
SFIX R,11387683.0,
EFIX R,11387683.0,11387901 220 855.3 586.8 1701
SSACC R,11387903.0,
ESACC R,11387903.0,11387925 24 853.5 594.9 917.4 560.0 1.97 188
SFIX R,11387927.0,
EFIX R,11387927.0,11389589 1664 918.4 551.9 1670
SSACC R,11389591.0,
ESACC R,11389591.0,11389601 12 923.5 539.7 926.5 521.8 0.49 55
SFIX R,11389603.0,
EFIX R,11389603.0,11390335 734 918.0 529.3 1426
SSACC R,11390337.0,
ESACC R,11390337.0,11390353 18 898.4 550.2 904.1 548.1 0.16 64
SFIX R,11390355.0,
EFIX R,11390355.0,11390591 238 903.2 543.5 1208
SSACC R,11390593.0,
ESACC R,11390593.0,11390609 18 902.1 544.6 889.1 533.7 0.46 84
SFIX R,11390611.0,
EFIX R,11390611.0,11392213 1604 895.0 527.2 1317
SSACC R,11392215.0,
ESACC R,11392215.0,11392237 24 896.3 539.9 981.8 545.1 2.32 213
SFIX R,11392239.0,
EFIX R,11392239.0,11392523 286 967.7 544.4 1372
SSACC R,11392525.0,
ESACC R,11392525.0,11392545 22 967.6 540.5 898.8 531.6 1.88 156
SFIX R,11392547.0,
EFIX R,11392547.0,11392849 304 911.4 532.1 1398
SSACC R,11392851.0,
ESACC R,11392851.0,11392867 18 905.9 534.7 895.7 533.5 0.28 65
SFIX R,11392869.0,
EFIX R,11392869.0,11393549 682 898.6 532.8 1364
SSACC R,11393551.0,
ESACC R,11393551.0,11393575 26 892.3 534.8 992.8 532.0 2.72 210
SFIX R,11393577.0,
EFIX R,11393577.0,11393813 238 982.6 526.2 1300
SSACC R,11393815.0,
ESACC R,11393815.0,11393837 24 983.9 528.6 918.6 518.2 1.79 178
SFIX R,11393839.0,
EFIX R,11393839.0,11395169 1332 929.2 523.0 1267
SSACC R,11395171.0,
ESACC R,11395171.0,11395181 12 938.1 533.9 918.6 528.2 0.55 61
SFIX R,11395183.0,
EFIX R,11395183.0,11395823 642 920.7 537.8 1129
SSACC R,11395825.0,
ESACC R,11395825.0,11395833 10 922.1 546.4 904.4 542.0 0.49 66
SFIX R,11395835.0,
EFIX R,11395835.0,11396129 296 908.9 544.1 957
SSACC R,11396131.0,
ESACC R,11396131.0,11396141 12 906.1 544.8 926.1 539.7 0.56 60
SFIX R,11396143.0,
EFIX R,11396143.0,11397271 1130 901.9 532.3 968
SSACC R,11397273.0,
ESACC R,11397273.0,11397299 28 892.3 522.5 1036.1 553.2 3.98 288
SFIX R,11397301.0,
EFIX R,11397301.0,11397505 206 1027.0 557.1 1041
SSACC R,11397507.0,
ESACC R,11397507.0,11397529 24 1025.3 555.3 934.8 556.2 2.45 203
SFIX R,11397531.0,
EFIX R,11397531.0,11397795 266 945.6 546.5 1062
SSACC R,11397797.0,
ESACC R,11397797.0,11397819 24 941.9 548.4 861.2 547.5 2.19 203
SFIX R,11397821.0,
EFIX R,11397821.0,11398023 204 872.1 544.0 1038
SSACC R,11398025.0,
ESACC R,11398025.0,11398037 14 868.4 543.7 896.5 538.0 0.78 75
SFIX R,11398039.0,
EFIX R,11398039.0,11399535 1498 893.7 538.7 1042
SSACC R,11399537.0,
ESACC R,11399537.0,11399561 26 887.9 546.9 1003.2 561.7 3.15 245
SFIX R,11399563.0,
EFIX R,11399563.0,11399775 214 984.2 565.1 1105
SSACC R,11399777.0,
ESACC R,11399777.0,11399799 24 985.3 564.9 878.0 572.6 2.92 243
SFIX R,11399801.0,
EFIX R,11399801.0,11400569 770 899.3 559.9 1147
SSACC R,11400571.0,
ESACC R,11400571.0,11400595 26 902.3 550.7 801.4 556.4 2.73 245
SFIX R,11400597.0,
EFIX R,11400597.0,11400729 134 815.0 554.8 1237
SSACC R,11400731.0,
ESACC R,11400731.0,11400763 34 816.1 559.9 899.8 561.2 2.27 262
SFIX R,11400765.0,
EFIX R,11400765.0,11403287 2524 899.6 536.0 1148
SSACC R,11403289.0,
ESACC R,11403289.0,11403311 24 916.0 517.7 890.0 519.4 0.71 112
SFIX R,11403313.0,
EFIX R,11403313.0,11405853 2542 886.4 522.4 1023
SSACC R,11405855.0,
ESACC R,11405855.0,11405869 16 891.7 519.3 895.5 524.8 0.18 56
SFIX R,11405871.0,
EFIX R,11405871.0,11408145 2276 897.6 526.4 998
SSACC R,11408147.0,
ESACC R,11408147.0,11408163 18 898.4 530.2 907.8 528.5 0.26 66
SFIX R,11408165.0,
EFIX R,11408165.0,11409879 1716 899.5 560.0 939
SSACC R,11409881.0,
ESACC R,11409881.0,11409899 20 884.4 589.8 853.1 595.0 0.86 100
SFIX R,11409901.0,
EFIX R,11409901.0,11409963 64 861.5 591.6 1121
SSACC R,11409965.0,
ESACC R,11409965.0,11409991 28 864.9 591.3 910.7 585.3 1.25 170
SFIX R,11409993.0,
EFIX R,11409993.0,11410023 32 912.3 588.8 1128
SSACC R,11410025.0,
ESACC R,11410025.0,11410055 32 914.5 590.9 841.7 587.6 1.97 216
SFIX R,11410057.0,
EFIX R,11410057.0,11410155 100 841.4 586.7 1124
SSACC R,11410157.0,
ESACC R,11410157.0,11410175 20 840.8 583.2 887.8 591.6 1.29 109
SFIX R,11410177.0,
EFIX R,11410177.0,11411179 1004 892.0 579.2 1178
SSACC R,11411181.0,
ESACC R,11411181.0,11411201 22 902.8 571.6 937.4 566.1 0.95 92
SFIX R,11411203.0,
EFIX R,11411203.0,11411403 202 927.8 564.2 1253
SSACC R,11411405.0,
ESACC R,11411405.0,11411425 22 929.4 559.0 909.7 570.3 0.62 86
SFIX R,11411427.0,
EFIX R,11411427.0,11413199 1774 897.9 549.1 1176
SSACC R,11413201.0,
ESACC R,11413201.0,11413219 20 887.6 545.7 926.1 553.4 1.06 111
SFIX R,11413221.0,
EFIX R,11413221.0,11413435 216 916.1 545.4 1017
SSACC R,11413437.0,
ESACC R,11413437.0,11413445 10 912.8 540.2 897.7 544.0 0.42 50
SFIX R,11413447.0,
EFIX R,11413447.0,11415155 1710 892.9 538.7 1071
SSACC R,11415157.0,
SBLINK R,11415197.0,
EBLINK R,11415197.0,11415221 26
ESACC R,11415157.0,11415263 108 902.9 550.6 911.6 519.9 0.86 1294
SFIX R,11415265.0,
EFIX R,11415265.0,11415521 258 905.2 522.6 1235
SSACC R,11415523.0,
SBLINK R,11415549.0,
EBLINK R,11415549.0,11415623 76
ESACC R,11415523.0,11415661 140 907.3 530.8 916.6 514.3 0.51 1702
SFIX R,11415663.0,
EFIX R,11415663.0,11417027 1366 899.6 528.0 1163
SSACC R,11417029.0,
ESACC R,11417029.0,11417049 22 918.5 527.9 897.8 535.9 0.60 84
SFIX R,11417051.0,
EFIX R,11417051.0,11417395 346 901.1 529.8 1291
SSACC R,11417397.0,
ESACC R,11417397.0,11417419 24 893.9 526.4 932.4 529.7 1.05 133
SFIX R,11417421.0,
EFIX R,11417421.0,11417467 48 923.1 529.8 1284
SSACC R,11417469.0,
ESACC R,11417469.0,11417499 32 921.9 527.7 872.4 525.4 1.34 190
SFIX R,11417501.0,
EFIX R,11417501.0,11417591 92 867.4 526.8 1289
SSACC R,11417593.0,
SBLINK R,11417619.0,
EBLINK R,11417619.0,11417697 80
ESACC R,11417593.0,11417735 144 877.3 532.0 934.5 538.0 1.56 1951
SFIX R,11417737.0,
EFIX R,11417737.0,11417921 186 917.6 542.4 1225
SSACC R,11417923.0,
ESACC R,11417923.0,11417937 16 908.5 549.2 882.4 544.7 0.72 76
SFIX R,11417939.0,
EFIX R,11417939.0,11418113 176 889.4 548.2 1204
SSACC R,11418115.0,
SBLINK R,11418139.0,
EBLINK R,11418139.0,11418251 114
ESACC R,11418115.0,11418287 174 894.1 556.1 896.5 520.8 0.96 1700
SFIX R,11418289.0,
EFIX R,11418289.0,11418497 210 884.4 535.0 1104
SSACC R,11418499.0,
ESACC R,11418499.0,11418513 16 877.3 536.3 894.8 553.9 0.67 72
SFIX R,11418515.0,
EFIX R,11418515.0,11420435 1922 918.8 521.1 1316
SSACC R,11420437.0,
ESACC R,11420437.0,11420463 28 935.1 499.5 913.8 511.3 0.66 137
SFIX R,11420465.0,
EFIX R,11420465.0,11420547 84 912.0 509.3 1453
SSACC R,11420549.0,
ESACC R,11420549.0,11420579 32 911.0 512.2 945.4 509.1 0.94 174
SFIX R,11420581.0,
EFIX R,11420581.0,11420733 154 950.9 507.6 1466
SSACC R,11420735.0,
ESACC R,11420735.0,11420753 20 949.6 506.2 920.1 510.0 0.81 90
SFIX R,11420755.0,
EFIX R,11420755.0,11421685 932 909.0 514.9 1415
SSACC R,11421687.0,
ESACC R,11421687.0,11421703 18 906.3 527.1 915.5 525.6 0.25 53
SFIX R,11421705.0,
EFIX R,11421705.0,11422015 312 909.0 525.2 1348
SSACC R,11422017.0,
ESACC R,11422017.0,11422021 6 896.4 529.7 907.4 530.4 0.30 54
SFIX R,11422023.0,
EFIX R,11422023.0,11422283 262 914.2 527.8 1344
SSACC R,11422285.0,
SBLINK R,11422311.0,
EBLINK R,11422311.0,11422379 70
ESACC R,11422285.0,11422437 154 926.1 532.5 932.7 488.4 1.21 1809
SFIX R,11422439.0,
EFIX R,11422439.0,11422873 436 927.1 521.1 1303
SSACC R,11422875.0,
ESACC R,11422875.0,11422889 16 919.3 535.8 920.7 551.5 0.43 50
SFIX R,11422891.0,
EFIX R,11422891.0,11426379 3490 930.7 529.2 1308
SSACC R,11426381.0,
ESACC R,11426381.0,11426385 6 921.0 510.5 930.2 509.9 0.25 51
SFIX R,11426387.0,
EFIX R,11426387.0,11431505 5120 926.5 515.0 1402
SSACC R,11431507.0,
ESACC R,11431507.0,11431529 24 939.1 526.9 930.8 526.7 0.22 80
SFIX R,11431531.0,
EFIX R,11431531.0,11431753 224 923.0 523.5 1320
SSACC R,11431755.0,
ESACC R,11431755.0,11431781 28 921.2 528.2 941.9 524.5 0.57 118
SFIX R,11431783.0,
EFIX R,11431783.0,11431917 136 948.7 528.5 1299
SSACC R,11431919.0,
ESACC R,11431919.0,11431937 20 950.7 534.0 924.8 532.5 0.70 91
SFIX R,11431939.0,
EFIX R,11431939.0,11434667 2730 932.7 522.7 1279
SSACC R,11434669.0,
ESACC R,11434669.0,11434677 10 923.9 513.6 938.8 517.4 0.42 50
SFIX R,11434679.0,
EFIX R,11434679.0,11435349 672 934.0 516.6 1302
SSACC R,11435351.0,
ESACC R,11435351.0,11435359 10 916.9 524.4 931.6 521.8 0.40 61
SFIX R,11435361.0,
EFIX R,11435361.0,11439011 3652 932.4 532.7 1251
SSACC R,11439013.0,
ESACC R,11439013.0,11439037 26 909.8 525.4 890.3 533.0 0.57 117
SFIX R,11439039.0,
EFIX R,11439039.0,11439233 196 898.9 530.6 1328
SSACC R,11439235.0,
ESACC R,11439235.0,11439259 26 902.1 532.9 917.8 530.0 0.43 107
SFIX R,11439261.0,
EFIX R,11439261.0,11439393 134 923.7 530.0 1349
SSACC R,11439395.0,
SBLINK R,11439421.0,
EBLINK R,11439421.0,11439471 52
ESACC R,11439395.0,11439509 116 923.6 536.1 935.9 497.2 1.11 2018
SFIX R,11439511.0,
EFIX R,11439511.0,11439733 224 935.0 518.3 1237
SSACC R,11439735.0,
ESACC R,11439735.0,11439753 20 938.5 522.6 924.9 538.7 0.57 78
SFIX R,11439755.0,
EFIX R,11439755.0,11440535 782 917.8 536.8 1153
SSACC R,11440537.0,
ESACC R,11440537.0,11440553 18 913.5 535.5 923.5 525.9 0.38 60
SFIX R,11440555.0,
EFIX R,11440555.0,11442231 1678 934.8 527.8 1323
SSACC R,11442233.0,
ESACC R,11442233.0,11442261 30 936.3 528.1 926.1 529.3 0.28 117
SFIX R,11442263.0,
EFIX R,11442263.0,11442365 104 917.1 532.2 1411
SSACC R,11442367.0,
ESACC R,11442367.0,11442395 30 917.7 537.3 942.5 535.4 0.67 150
SFIX R,11442397.0,
EFIX R,11442397.0,11442605 210 949.4 533.3 1395
SSACC R,11442607.0,
ESACC R,11442607.0,11442627 22 946.8 529.3 921.9 531.9 0.68 89
SFIX R,11442629.0,
EFIX R,11442629.0,11443521 894 926.7 522.5 1406
SSACC R,11443523.0,
ESACC R,11443523.0,11443547 26 933.4 524.3 916.7 516.9 0.50 114
SFIX R,11443549.0,
EFIX R,11443549.0,11443615 68 914.1 519.6 1400
SSACC R,11443617.0,
ESACC R,11443617.0,11443649 34 909.8 521.5 975.6 534.0 1.82 298
SFIX R,11443651.0,
EFIX R,11443651.0,11443759 110 981.2 536.4 1382
SSACC R,11443761.0,
ESACC R,11443761.0,11443781 22 978.5 539.4 912.6 536.0 1.79 156
SFIX R,11443783.0,
EFIX R,11443783.0,11444355 574 920.9 515.8 1374
SSACC R,11444357.0,
ESACC R,11444357.0,11444361 6 918.4 508.8 918.0 501.2 0.21 43
SFIX R,11444363.0,
EFIX R,11444363.0,11447111 2750 910.7 514.2 1378
SSACC R,11447113.0,
ESACC R,11447113.0,11447137 26 905.9 516.4 899.2 515.8 0.18 102
SFIX R,11447139.0,
EFIX R,11447139.0,11447405 268 894.0 514.0 1393
SSACC R,11447407.0,
ESACC R,11447407.0,11447427 22 891.2 513.0 913.5 515.5 0.61 82
SFIX R,11447429.0,
EFIX R,11447429.0,11447787 360 901.7 518.5 1343
SSACC R,11447789.0,
ESACC R,11447789.0,11447811 24 893.5 517.2 902.1 519.8 0.24 93
SFIX R,11447813.0,
EFIX R,11447813.0,11448613 802 888.6 516.9 1327
SSACC R,11448615.0,
ESACC R,11448615.0,11448645 32 899.0 517.8 867.6 512.9 0.86 172
SFIX R,11448647.0,
EFIX R,11448647.0,11448715 70 859.9 511.5 1302
SSACC R,11448717.0,
ESACC R,11448717.0,11448751 36 858.2 509.6 939.3 526.5 2.25 313
SFIX R,11448753.0,
EFIX R,11448753.0,11448775 24 942.7 522.2 1306
SSACC R,11448777.0,
ESACC R,11448777.0,11448815 40 944.5 523.1 829.9 512.3 3.12 388
SFIX R,11448817.0,
EFIX R,11448817.0,11448867 52 815.7 511.0 1306
SSACC R,11448869.0,
ESACC R,11448869.0,11448901 34 813.5 514.4 870.0 517.6 1.53 269
SFIX R,11448903.0,
EFIX R,11448903.0,11449029 128 877.5 516.6 1293
SSACC R,11449031.0,
ESACC R,11449031.0,11449051 22 879.7 516.3 924.5 526.3 1.24 121
SFIX R,11449053.0,
EFIX R,11449053.0,11449279 228 916.0 525.6 1245
SSACC R,11449281.0,
SBLINK R,11449305.0,
EBLINK R,11449305.0,11449335 32
ESACC R,11449281.0,11449369 90 913.2 530.0 915.6 522.4 0.22 1786
SFIX R,11449371.0,
EFIX R,11449371.0,11450305 936 917.9 525.3 1304
SSACC R,11450307.0,
ESACC R,11450307.0,11450331 26 904.9 523.0 914.9 534.5 0.41 102
SFIX R,11450333.0,
EFIX R,11450333.0,11450525 194 902.9 528.4 1388
SSACC R,11450527.0,
ESACC R,11450527.0,11450545 20 901.9 522.9 916.1 523.7 0.39 66
SFIX R,11450547.0,
EFIX R,11450547.0,11450855 310 912.6 519.7 1433
SSACC R,11450857.0,
ESACC R,11450857.0,11450875 20 901.2 518.5 906.0 520.9 0.15 64
SFIX R,11450877.0,
EFIX R,11450877.0,11451139 264 896.2 518.7 1447
SSACC R,11451141.0,
ESACC R,11451141.0,11451167 28 896.8 519.9 897.3 516.3 0.10 86
SFIX R,11451169.0,
EFIX R,11451169.0,11451561 394 910.5 520.0 1472
SSACC R,11451563.0,
ESACC R,11451563.0,11451575 14 901.0 525.8 924.0 527.9 0.63 66
SFIX R,11451577.0,
EFIX R,11451577.0,11451989 414 900.8 518.2 1450
SSACC R,11451991.0,
ESACC R,11451991.0,11452009 20 881.2 519.1 872.9 523.5 0.25 73
SFIX R,11452011.0,
EFIX R,11452011.0,11452303 294 875.6 526.0 1438
SSACC R,11452305.0,
ESACC R,11452305.0,11452319 16 883.8 529.5 884.3 522.3 0.20 62
SFIX R,11452321.0,
EFIX R,11452321.0,11452719 400 890.7 521.4 1434
SSACC R,11452721.0,
ESACC R,11452721.0,11452745 26 897.3 526.1 887.9 523.0 0.27 95
SFIX R,11452747.0,
EFIX R,11452747.0,11452923 178 883.6 524.7 1487
SSACC R,11452925.0,
ESACC R,11452925.0,11452943 20 887.3 525.5 913.5 534.7 0.75 80
SFIX R,11452945.0,
EFIX R,11452945.0,11453325 382 911.2 533.0 1512
SSACC R,11453327.0,
ESACC R,11453327.0,11453335 10 902.2 526.3 914.1 530.6 0.34 52
SFIX R,11453337.0,
EFIX R,11453337.0,11453787 452 911.1 537.2 1514
SSACC R,11453789.0,
ESACC R,11453789.0,11453809 22 904.5 541.8 880.1 533.7 0.70 104
SFIX R,11453811.0,
EFIX R,11453811.0,11453989 180 884.2 535.6 1468
SSACC R,11453991.0,
ESACC R,11453991.0,11454011 22 884.4 535.3 911.8 534.9 0.74 104
SFIX R,11454013.0,
EFIX R,11454013.0,11454343 332 902.8 542.9 1424
SSACC R,11454345.0,
ESACC R,11454345.0,11454369 26 891.8 553.6 876.9 562.3 0.47 104
SFIX R,11454371.0,
EFIX R,11454371.0,11454949 580 884.3 559.2 1429
SSACC R,11454951.0,
ESACC R,11454951.0,11454975 26 905.6 555.4 895.6 535.9 0.59 96
SFIX R,11454977.0,
EFIX R,11454977.0,11455343 368 890.1 526.1 1504
SSACC R,11455345.0,
ESACC R,11455345.0,11455361 18 891.4 526.8 910.7 530.6 0.53 76
SFIX R,11455363.0,
EFIX R,11455363.0,11455659 298 905.7 527.8 1570
SSACC R,11455661.0,
ESACC R,11455661.0,11455679 20 897.1 527.4 889.9 540.4 0.40 63
SFIX R,11455681.0,
EFIX R,11455681.0,11456157 478 890.6 532.1 1547
SSACC R,11456159.0,
SBLINK R,11456185.0,
EBLINK R,11456185.0,11456219 36
ESACC R,11456159.0,11456269 112 905.7 538.9 917.6 511.5 0.81 1812
SFIX R,11456271.0,
EFIX R,11456271.0,11456547 278 911.0 535.9 1578
SSACC R,11456549.0,
ESACC R,11456549.0,11456569 22 908.4 542.2 910.3 543.0 0.06 83
SFIX R,11456571.0,
EFIX R,11456571.0,11458615 2046 903.8 539.5 1485
SSACC R,11458617.0,
ESACC R,11458617.0,11458649 34 889.6 549.9 936.6 548.0 1.27 211
SFIX R,11458651.0,
EFIX R,11458651.0,11458753 104 943.7 551.6 1502
SSACC R,11458755.0,
ESACC R,11458755.0,11458783 30 941.2 550.5 901.4 556.4 1.09 184
SFIX R,11458785.0,
EFIX R,11458785.0,11461339 2556 926.2 530.5 1551
SSACC R,11461341.0,
ESACC R,11461341.0,11461373 34 922.9 506.4 979.3 496.3 1.55 225
SFIX R,11461375.0,
EFIX R,11461375.0,11461515 142 982.9 496.3 1497
SSACC R,11461517.0,
ESACC R,11461517.0,11461545 30 983.1 495.2 943.9 508.8 1.12 170
SFIX R,11461547.0,
EFIX R,11461547.0,11461819 274 932.8 505.3 1477
SSACC R,11461821.0,
ESACC R,11461821.0,11461841 22 927.7 499.4 928.3 521.2 0.59 74
SFIX R,11461843.0,
EFIX R,11461843.0,11462299 458 929.9 524.9 1487
SSACC R,11462301.0,
ESACC R,11462301.0,11462319 20 930.7 532.3 945.3 528.7 0.41 92
SFIX R,11462321.0,
EFIX R,11462321.0,11462819 500 930.3 536.4 1439
SSACC R,11462821.0,
ESACC R,11462821.0,11462845 26 924.9 537.3 909.3 539.7 0.43 94
SFIX R,11462847.0,
EFIX R,11462847.0,11463279 434 902.8 543.1 1330
SSACC R,11463281.0,
ESACC R,11463281.0,11463311 32 895.9 538.9 940.9 539.9 1.22 191
SFIX R,11463313.0,
EFIX R,11463313.0,11463427 116 945.5 544.2 1278
SSACC R,11463429.0,
ESACC R,11463429.0,11463449 22 944.7 541.5 902.8 547.0 1.15 115
SFIX R,11463451.0,
EFIX R,11463451.0,11465443 1994 900.1 550.1 929
SSACC R,11465445.0,
SBLINK R,11465477.0,
EBLINK R,11465477.0,11465519 44
ESACC R,11465445.0,11465543 100 899.0 545.0 906.8 573.6 0.80 420
SFIX R,11465545.0,
EFIX R,11465545.0,11465871 328 897.8 557.3 681
SSACC R,11465873.0,
SBLINK R,11465889.0,
EBLINK R,11465889.0,11465997 110
ESACC R,11465873.0,11466029 158 912.0 558.7 935.3 521.5 1.19 1144
SFIX R,11466031.0,
EFIX R,11466031.0,11466167 138 923.6 532.0 707
SSACC R,11466169.0,
SBLINK R,11466185.0,
EBLINK R,11466185.0,11466273 90
ESACC R,11466169.0,11466309 142 925.9 537.0 925.2 550.5 0.37 868
SFIX R,11466311.0,
EFIX R,11466311.0,11466689 380 909.4 538.6 690
SSACC R,11466691.0,
ESACC R,11466691.0,11466701 12 904.2 536.0 883.0 542.9 0.60 67
SFIX R,11466703.0,
EFIX R,11466703.0,11466741 40 889.2 540.8 689
SSACC R,11466743.0,
ESACC R,11466743.0,11466763 22 890.0 541.6 950.2 542.2 1.63 163
SFIX R,11466765.0,
EFIX R,11466765.0,11466911 148 945.2 542.0 721
SSACC R,11466913.0,
ESACC R,11466913.0,11466929 18 943.3 542.0 892.8 540.8 1.37 126
SFIX R,11466931.0,
EFIX R,11466931.0,11467571 642 913.6 538.1 890
SSACC R,11467573.0,
ESACC R,11467573.0,11467591 20 935.3 540.9 952.6 541.9 0.47 83
SFIX R,11467593.0,
EFIX R,11467593.0,11468421 830 947.4 533.8 1172
SSACC R,11468423.0,
ESACC R,11468423.0,11468439 18 946.3 546.9 933.7 529.3 0.59 75
SFIX R,11468441.0,
EFIX R,11468441.0,11468765 326 935.6 534.4 1332
SSACC R,11468767.0,
ESACC R,11468767.0,11468793 28 937.4 536.2 968.8 539.1 0.85 124
SFIX R,11468795.0,
EFIX R,11468795.0,11468929 136 975.2 540.3 1375
SSACC R,11468931.0,
ESACC R,11468931.0,11468951 22 977.0 535.8 940.6 542.8 1.00 110
SFIX R,11468953.0,
EFIX R,11468953.0,11471225 2274 926.3 537.9 1349
SSACC R,11471227.0,
ESACC R,11471227.0,11471243 18 904.7 548.7 907.3 541.9 0.20 45
SFIX R,11471245.0,
EFIX R,11471245.0,11472667 1424 933.1 544.4 1355
SSACC R,11472669.0,
ESACC R,11472669.0,11472689 22 939.1 538.7 918.2 542.4 0.58 90
SFIX R,11472691.0,
EFIX R,11472691.0,11472757 68 918.7 536.7 1403
SSACC R,11472759.0,
ESACC R,11472759.0,11472791 34 914.4 537.2 988.6 536.9 2.01 266
SFIX R,11472793.0,
EFIX R,11472793.0,11472895 104 989.3 533.0 1430
SSACC R,11472897.0,
ESACC R,11472897.0,11472917 22 990.6 532.6 926.1 539.4 1.76 150
SFIX R,11472919.0,
EFIX R,11472919.0,11473267 350 938.0 536.1 1467
SSACC R,11473269.0,
ESACC R,11473269.0,11473293 26 939.1 535.3 921.8 534.0 0.47 121
SFIX R,11473295.0,
EFIX R,11473295.0,11474159 866 917.5 535.9 1405
SSACC R,11474161.0,
ESACC R,11474161.0,11474191 32 909.1 541.5 952.4 537.1 1.18 174
SFIX R,11474193.0,
EFIX R,11474193.0,11474327 136 958.3 537.8 1364
SSACC R,11474329.0,
ESACC R,11474329.0,11474351 24 962.6 538.9 922.1 549.3 1.13 131
SFIX R,11474353.0,
EFIX R,11474353.0,11475723 1372 934.8 526.8 1345
SSACC R,11475725.0,
ESACC R,11475725.0,11475745 22 944.8 515.7 919.8 517.2 0.68 96
SFIX R,11475747.0,
EFIX R,11475747.0,11476353 608 926.5 518.0 1350
SSACC R,11476355.0,
ESACC R,11476355.0,11476377 24 929.0 533.0 965.2 538.3 0.99 123
SFIX R,11476379.0,
EFIX R,11476379.0,11476429 52 956.9 534.9 1329
SSACC R,11476431.0,
ESACC R,11476431.0,11476461 32 958.1 533.0 920.6 537.2 1.02 169
SFIX R,11476463.0,
EFIX R,11476463.0,11476493 32 915.4 535.1 1315
SSACC R,11476495.0,
ESACC R,11476495.0,11476525 32 914.7 534.8 958.7 535.0 1.19 212
SFIX R,11476527.0,
EFIX R,11476527.0,11476645 120 963.4 535.1 1308
SSACC R,11476647.0,
ESACC R,11476647.0,11476673 28 962.9 535.3 936.8 540.6 0.72 113
SFIX R,11476675.0,
EFIX R,11476675.0,11476921 248 933.5 535.4 1333
SSACC R,11476923.0,
ESACC R,11476923.0,11476943 22 931.2 532.3 936.2 538.0 0.21 70
SFIX R,11476945.0,
EFIX R,11476945.0,11477173 230 929.9 538.3 1359
SSACC R,11477175.0,
ESACC R,11477175.0,11477189 16 928.1 540.7 920.0 538.9 0.22 47
SFIX R,11477191.0,
EFIX R,11477191.0,11478477 1288 937.3 514.0 1463
SSACC R,11478479.0,
ESACC R,11478479.0,11478551 74 968.8 518.2 965.0 498.5 0.54 1099
SFIX R,11478553.0,
EFIX R,11478553.0,11478741 190 951.5 509.3 1554
SSACC R,11478743.0,
SBLINK R,11478771.0,
EBLINK R,11478771.0,11478841 72
ESACC R,11478743.0,11478883 142 945.7 509.9 938.4 504.5 0.25 1865
SFIX R,11478885.0,
EFIX R,11478885.0,11479125 242 923.6 509.7 1430
SSACC R,11479127.0,
ESACC R,11479127.0,11479141 16 918.2 510.6 919.9 540.8 0.82 84
SFIX R,11479143.0,
EFIX R,11479143.0,11480257 1116 908.6 543.6 1216
SSACC R,11480259.0,
ESACC R,11480259.0,11480273 16 910.8 528.3 932.1 532.8 0.59 69
SFIX R,11480275.0,
EFIX R,11480275.0,11480705 432 929.1 533.7 1325
SSACC R,11480707.0,
ESACC R,11480707.0,11480733 28 924.5 531.2 921.8 527.9 0.12 90
SFIX R,11480735.0,
EFIX R,11480735.0,11481463 730 908.2 528.5 1411
SSACC R,11481465.0,
ESACC R,11481465.0,11481493 30 901.8 535.9 930.2 542.4 0.79 138
SFIX R,11481495.0,
EFIX R,11481495.0,11481711 218 930.7 537.9 1418
SSACC R,11481713.0,
ESACC R,11481713.0,11481725 14 923.5 538.6 893.3 541.4 0.82 82
SFIX R,11481727.0,
EFIX R,11481727.0,11483151 1426 902.5 544.9 1235
SSACC R,11483153.0,
ESACC R,11483153.0,11483181 30 926.2 535.7 948.7 543.1 0.64 143
SFIX R,11483183.0,
EFIX R,11483183.0,11483301 120 954.4 542.4 1440
SSACC R,11483303.0,
ESACC R,11483303.0,11483329 28 955.1 541.9 938.2 548.6 0.49 103
SFIX R,11483331.0,
EFIX R,11483331.0,11483629 300 931.7 538.7 1481
SSACC R,11483631.0,
SBLINK R,11483659.0,
EBLINK R,11483659.0,11483749 92
ESACC R,11483631.0,11483797 168 940.4 530.2 969.6 505.2 1.04 1701
SFIX R,11483799.0,
EFIX R,11483799.0,11484029 232 960.3 520.0 1532
SSACC R,11484031.0,
ESACC R,11484031.0,11484051 22 965.7 511.1 954.4 507.7 0.32 76
SFIX R,11484053.0,
EFIX R,11484053.0,11484823 772 938.8 518.8 1275
SSACC R,11484825.0,
ESACC R,11484825.0,11484849 26 925.2 531.6 917.4 520.7 0.36 92
SFIX R,11484851.0,
EFIX R,11484851.0,11485207 358 921.9 504.0 1280
SSACC R,11485209.0,
ESACC R,11485209.0,11485223 16 937.7 494.9 950.2 492.4 0.35 62
SFIX R,11485225.0,
EFIX R,11485225.0,11486093 870 943.2 507.0 1440
SSACC R,11486095.0,
SBLINK R,11486119.0,
EBLINK R,11486119.0,11486227 110
ESACC R,11486095.0,11486283 190 957.6 520.8 958.4 489.0 0.86 1900
SFIX R,11486285.0,
EFIX R,11486285.0,11486487 204 946.1 499.1 1565
SSACC R,11486489.0,
ESACC R,11486489.0,11486499 12 938.8 502.5 949.4 522.6 0.62 64
SFIX R,11486501.0,
EFIX R,11486501.0,11489479 2980 954.7 500.7 1569
SSACC R,11489481.0,
ESACC R,11489481.0,11489495 16 952.3 501.8 952.8 505.9 0.11 49
SFIX R,11489497.0,
EFIX R,11489497.0,11489573 78 955.4 505.6 1589
SSACC R,11489575.0,
SBLINK R,11489599.0,
EBLINK R,11489599.0,11489715 118
ESACC R,11489575.0,11489795 222 960.7 503.7 952.7 530.2 0.75 2031
SFIX R,11489797.0,
EFIX R,11489797.0,11489925 130 945.5 543.7 1533
SSACC R,11489927.0,
ESACC R,11489927.0,11489941 16 938.2 554.9 938.8 535.5 0.53 52
SFIX R,11489943.0,
EFIX R,11489943.0,11490169 228 931.1 538.8 1493
SSACC R,11490171.0,
ESACC R,11490171.0,11490185 16 931.2 542.5 924.7 538.3 0.21 53
SFIX R,11490187.0,
EFIX R,11490187.0,11491245 1060 920.7 533.7 1307
SSACC R,11491247.0,
ESACC R,11491247.0,11491273 28 913.6 505.5 911.4 509.3 0.12 110
SFIX R,11491275.0,
EFIX R,11491275.0,11492715 1442 938.0 501.0 1537
SSACC R,11492717.0,
ESACC R,11492717.0,11492745 30 953.1 494.2 919.6 489.0 0.92 167
SFIX R,11492747.0,
EFIX R,11492747.0,11492823 78 915.1 488.2 1593
SSACC R,11492825.0,
ESACC R,11492825.0,11492855 32 916.6 484.3 959.9 489.3 1.18 213
SFIX R,11492857.0,
EFIX R,11492857.0,11493059 204 974.0 488.3 1600
SSACC R,11493061.0,
ESACC R,11493061.0,11493075 16 978.0 482.4 959.4 480.8 0.51 72
SFIX R,11493077.0,
EFIX R,11493077.0,11493921 846 961.7 473.8 1637
SSACC R,11493923.0,
SBLINK R,11493965.0,
EBLINK R,11493965.0,11494097 134
ESACC R,11493923.0,11494173 252 982.6 446.1 967.2 459.4 0.55 920
SFIX R,11494175.0,
EFIX R,11494175.0,11496327 2154 927.2 491.6 1450
SSACC R,11496329.0,
ESACC R,11496329.0,11496353 26 927.3 499.4 908.1 502.6 0.53 98
SFIX R,11496355.0,
EFIX R,11496355.0,11496937 584 917.1 497.2 1515
SSACC R,11496939.0,
ESACC R,11496939.0,11496955 18 927.6 493.1 948.3 497.5 0.57 78
SFIX R,11496957.0,
EFIX R,11496957.0,11497189 234 944.4 493.2 1533
SSACC R,11497191.0,
ESACC R,11497191.0,11497207 18 943.2 493.7 928.8 494.0 0.39 66
SFIX R,11497209.0,
EFIX R,11497209.0,11497715 508 923.1 489.3 1527
SSACC R,11497717.0,
ESACC R,11497717.0,11497737 22 918.6 494.5 956.5 499.6 1.04 107
SFIX R,11497739.0,
EFIX R,11497739.0,11497879 142 947.6 502.0 1528
SSACC R,11497881.0,
ESACC R,11497881.0,11497897 18 946.4 503.9 928.9 505.4 0.48 77
SFIX R,11497899.0,
EFIX R,11497899.0,11498003 106 939.2 503.7 1514
SSACC R,11498005.0,
SBLINK R,11498031.0,
EBLINK R,11498031.0,11498081 52
ESACC R,11498005.0,11498151 148 932.0 499.4 928.8 445.7 1.46 2087
SFIX R,11498153.0,
EFIX R,11498153.0,11498377 226 919.9 462.7 1493
SSACC R,11498379.0,
ESACC R,11498379.0,11498387 10 919.8 475.6 923.9 493.2 0.49 56
SFIX R,11498389.0,
EFIX R,11498389.0,11499631 1244 906.0 509.6 1265
SSACC R,11499633.0,
ESACC R,11499633.0,11499651 20 900.5 516.9 895.9 519.8 0.15 81
SFIX R,11499653.0,
EFIX R,11499653.0,11499755 104 899.0 516.6 1161
SSACC R,11499757.0,
ESACC R,11499757.0,11499771 16 900.2 517.4 916.4 522.0 0.46 59
SFIX R,11499773.0,
EFIX R,11499773.0,11499981 210 907.6 519.3 1218
SSACC R,11499983.0,
ESACC R,11499983.0,11500003 22 902.8 516.2 904.3 517.4 0.05 60
SFIX R,11500005.0,
EFIX R,11500005.0,11502615 2612 908.2 512.6 1179
SSACC R,11502617.0,
SBLINK R,11502639.0,
EBLINK R,11502639.0,11502735 98
ESACC R,11502617.0,11502801 186 912.1 508.6 923.3 524.0 0.52 987
SFIX R,11502803.0,
EFIX R,11502803.0,11502917 116 917.5 529.1 1276
SSACC R,11502919.0,
ESACC R,11502919.0,11502933 16 916.6 543.7 888.7 529.6 0.85 89
SFIX R,11502935.0,
EFIX R,11502935.0,11503037 104 892.8 527.9 1253
SSACC R,11503039.0,
ESACC R,11503039.0,11503057 20 892.2 520.4 912.9 507.9 0.66 94
SFIX R,11503059.0,
EFIX R,11503059.0,11507141 4084 909.0 513.3 1261
SSACC R,11507143.0,
ESACC R,11507143.0,11507159 18 921.7 499.7 931.2 497.6 0.26 76
SFIX R,11507161.0,
EFIX R,11507161.0,11507479 320 936.5 502.9 1595
SSACC R,11507481.0,
ESACC R,11507481.0,11507495 16 938.7 503.3 927.5 503.1 0.30 47
SFIX R,11507497.0,
EFIX R,11507497.0,11508091 596 910.0 517.3 1509
SSACC R,11508093.0,
ESACC R,11508093.0,11508105 14 902.2 531.8 888.8 527.2 0.38 54
SFIX R,11508107.0,
EFIX R,11508107.0,11508257 152 889.8 532.6 1355
SSACC R,11508259.0,
ESACC R,11508259.0,11508279 22 891.1 533.7 911.7 535.5 0.56 83
SFIX R,11508281.0,
EFIX R,11508281.0,11508407 128 907.3 537.0 1330
SSACC R,11508409.0,
ESACC R,11508409.0,11508431 24 907.6 535.6 883.6 535.8 0.65 122
SFIX R,11508433.0,
EFIX R,11508433.0,11508947 516 899.6 517.4 1404
SSACC R,11508949.0,
SBLINK R,11508975.0,
EBLINK R,11508975.0,11509067 94
ESACC R,11508949.0,11509133 186 932.4 510.4 936.3 505.6 0.17 1967
SFIX R,11509135.0,
EFIX R,11509135.0,11510867 1734 924.6 509.5 1474
SSACC R,11510869.0,
ESACC R,11510869.0,11510889 22 932.7 489.0 932.1 491.9 0.08 69
SFIX R,11510891.0,
EFIX R,11510891.0,11511039 150 933.8 484.4 1522
SSACC R,11511041.0,
ESACC R,11511041.0,11511057 18 931.1 486.3 945.7 480.9 0.42 76
SFIX R,11511059.0,
EFIX R,11511059.0,11511307 250 941.0 481.5 1534
SSACC R,11511309.0,
ESACC R,11511309.0,11511331 24 938.0 477.9 947.1 478.1 0.25 82
SFIX R,11511333.0,
EFIX R,11511333.0,11511877 546 938.1 480.7 1547
SSACC R,11511879.0,
ESACC R,11511879.0,11511897 20 939.7 492.1 952.4 496.0 0.36 70
SFIX R,11511899.0,
EFIX R,11511899.0,11512397 500 926.7 483.3 1538
SSACC R,11512399.0,
ESACC R,11512399.0,11512419 22 909.3 480.0 923.8 483.5 0.40 91
SFIX R,11512421.0,
EFIX R,11512421.0,11512637 218 916.8 489.0 1500
SSACC R,11512639.0,
ESACC R,11512639.0,11512657 20 919.1 495.7 903.0 490.1 0.46 78
SFIX R,11512659.0,
EFIX R,11512659.0,11512807 150 908.3 493.3 1496
SSACC R,11512809.0,
ESACC R,11512809.0,11512825 18 912.3 494.3 934.1 494.8 0.59 78
SFIX R,11512827.0,
EFIX R,11512827.0,11513317 492 926.0 492.6 1491
SSACC R,11513319.0,
ESACC R,11513319.0,11513337 20 924.0 487.4 902.2 488.1 0.59 89
SFIX R,11513339.0,
EFIX R,11513339.0,11513535 198 906.0 489.8 1533
SSACC R,11513537.0,
ESACC R,11513537.0,11513547 12 907.8 492.9 931.0 492.1 0.63 67
SFIX R,11513549.0,
EFIX R,11513549.0,11514771 1224 913.9 505.6 1526
SSACC R,11514773.0,
SBLINK R,11514805.0,
EBLINK R,11514805.0,11514835 32
ESACC R,11514773.0,11514893 122 906.3 521.2 903.2 499.5 0.59 1481
SFIX R,11514895.0,
EFIX R,11514895.0,11516279 1386 902.3 514.3 1367
SSACC R,11516281.0,
ESACC R,11516281.0,11516349 70 909.6 494.7 895.8 490.5 0.39 141
SFIX R,11516351.0,
EFIX R,11516351.0,11516441 92 906.3 488.2 1358
SSACC R,11516443.0,
ESACC R,11516443.0,11516469 28 905.0 487.4 930.8 494.6 0.73 129
SFIX R,11516471.0,
EFIX R,11516471.0,11516625 156 936.3 496.8 1384
SSACC R,11516627.0,
ESACC R,11516627.0,11516643 18 934.2 503.2 915.7 499.6 0.51 75
SFIX R,11516645.0,
EFIX R,11516645.0,11516999 356 922.4 497.4 1455
SSACC R,11517001.0,
ESACC R,11517001.0,11517019 20 922.2 499.8 924.6 506.9 0.20 64
SFIX R,11517021.0,
EFIX R,11517021.0,11518213 1194 934.8 499.3 1514
SSACC R,11518215.0,
ESACC R,11518215.0,11518233 20 918.4 508.1 910.0 514.4 0.28 65
SFIX R,11518235.0,
EFIX R,11518235.0,11520013 1780 922.4 513.9 1445
SSACC R,11520015.0,
ESACC R,11520015.0,11520039 26 923.4 508.1 954.6 501.9 0.86 135
SFIX R,11520041.0,
EFIX R,11520041.0,11520357 318 938.8 504.7 1299
SSACC R,11520359.0,
ESACC R,11520359.0,11520379 22 934.8 505.4 937.6 507.2 0.09 74
SFIX R,11520381.0,
EFIX R,11520381.0,11521093 714 933.9 495.5 1418
SSACC R,11521095.0,
ESACC R,11521095.0,11521109 16 937.8 499.4 932.7 505.0 0.21 54
SFIX R,11521111.0,
EFIX R,11521111.0,11521569 460 934.5 505.1 1441
SSACC R,11521571.0,
ESACC R,11521571.0,11521589 20 930.4 506.3 919.2 512.7 0.35 87
SFIX R,11521591.0,
EFIX R,11521591.0,11523069 1480 937.7 506.8 1538
SSACC R,11523071.0,
ESACC R,11523071.0,11523085 16 936.0 484.8 945.9 491.0 0.32 51
SFIX R,11523087.0,
EFIX R,11523087.0,11523469 384 944.3 493.2 1640
SSACC R,11523471.0,
ESACC R,11523471.0,11523489 20 936.4 500.4 940.7 495.8 0.17 53
SFIX R,11523491.0,
EFIX R,11523491.0,11524173 684 927.7 486.5 1687
SSACC R,11524175.0,
ESACC R,11524175.0,11524205 32 925.7 486.9 926.8 481.3 0.15 120
SFIX R,11524207.0,
EFIX R,11524207.0,11524513 308 916.1 485.3 1741
SSACC R,11524515.0,
ESACC R,11524515.0,11524525 12 918.0 485.8 937.6 490.1 0.54 59
SFIX R,11524527.0,
EFIX R,11524527.0,11525491 966 932.5 481.6 1779
SSACC R,11525493.0,
ESACC R,11525493.0,11525515 24 933.6 488.8 943.1 484.2 0.29 82
SFIX R,11525517.0,
EFIX R,11525517.0,11525921 406 940.2 487.8 1759
SSACC R,11525923.0,
ESACC R,11525923.0,11525945 24 936.6 488.4 932.3 492.3 0.16 83
SFIX R,11525947.0,
EFIX R,11525947.0,11526421 476 920.4 491.0 1769
SSACC R,11526423.0,
ESACC R,11526423.0,11526431 10 916.0 493.7 934.5 488.0 0.52 64
SFIX R,11526433.0,
EFIX R,11526433.0,11529941 3510 932.6 467.4 1895
SSACC R,11529943.0,
ESACC R,11529943.0,11529957 16 946.9 457.7 921.5 455.9 0.69 65
SFIX R,11529959.0,
EFIX R,11529959.0,11530141 184 926.5 458.4 1908
SSACC R,11530143.0,
ESACC R,11530143.0,11530169 28 929.1 457.3 944.4 456.8 0.41 102
SFIX R,11530171.0,
EFIX R,11530171.0,11530367 198 952.5 455.0 1876
SSACC R,11530369.0,
ESACC R,11530369.0,11530387 20 950.8 449.6 930.2 464.9 0.70 97
SFIX R,11530389.0,
EFIX R,11530389.0,11530983 596 929.0 464.7 1785
SSACC R,11530985.0,
ESACC R,11530985.0,11531003 20 920.6 471.3 952.0 481.5 0.89 94
SFIX R,11531005.0,
EFIX R,11531005.0,11531209 206 943.0 479.4 1691
SSACC R,11531211.0,
ESACC R,11531211.0,11531233 24 947.4 483.2 938.0 489.7 0.31 92
SFIX R,11531235.0,
EFIX R,11531235.0,11531459 226 929.0 486.4 1708
SSACC R,11531461.0,
ESACC R,11531461.0,11531483 24 927.8 486.2 965.8 482.3 1.04 122
SFIX R,11531485.0,
EFIX R,11531485.0,11531665 182 957.5 477.6 1707
SSACC R,11531667.0,
ESACC R,11531667.0,11531693 28 957.5 476.7 931.1 487.8 0.78 131
SFIX R,11531695.0,
EFIX R,11531695.0,11532423 730 919.7 480.4 1712
SSACC R,11532425.0,
ESACC R,11532425.0,11532455 32 916.6 480.5 987.6 485.8 1.93 237
SFIX R,11532457.0,
EFIX R,11532457.0,11532589 134 985.0 484.7 1686
SSACC R,11532591.0,
ESACC R,11532591.0,11532619 30 985.0 478.6 939.4 487.2 1.26 194
SFIX R,11532621.0,
EFIX R,11532621.0,11533893 1274 930.3 489.4 1654
SSACC R,11533895.0,
ESACC R,11533895.0,11533913 20 937.5 504.3 941.2 466.5 1.03 67
SFIX R,11533915.0,
EFIX R,11533915.0,11535781 1868 958.2 474.7 1758
SSACC R,11535783.0,
ESACC R,11535783.0,11535811 30 981.2 477.5 955.4 481.9 0.71 123
SFIX R,11535813.0,
EFIX R,11535813.0,11535915 104 946.4 483.3 1830
SSACC R,11535917.0,
ESACC R,11535917.0,11535945 30 943.1 486.4 985.3 489.9 1.15 167
SFIX R,11535947.0,
EFIX R,11535947.0,11537105 1160 976.4 484.4 1721
SSACC R,11537107.0,
ESACC R,11537107.0,11537111 6 966.0 477.9 972.2 473.5 0.21 47
SFIX R,11537113.0,
EFIX R,11537113.0,11537543 432 980.1 471.0 1714
SSACC R,11537545.0,
ESACC R,11537545.0,11537573 30 978.3 462.5 967.0 463.8 0.31 127
SFIX R,11537575.0,
EFIX R,11537575.0,11537945 372 961.4 463.0 1826
SSACC R,11537947.0,
ESACC R,11537947.0,11537963 18 965.6 465.6 975.0 475.5 0.37 66
SFIX R,11537965.0,
EFIX R,11537965.0,11538275 312 966.6 464.3 1906
SSACC R,11538277.0,
ESACC R,11538277.0,11538305 30 963.7 455.4 1003.7 461.8 1.10 166
SFIX R,11538307.0,
EFIX R,11538307.0,11538413 108 1008.5 462.2 1861
SSACC R,11538415.0,
ESACC R,11538415.0,11538441 28 1006.6 464.7 970.5 466.7 0.98 147
SFIX R,11538443.0,
EFIX R,11538443.0,11538885 444 964.9 467.4 1857
SSACC R,11538887.0,
ESACC R,11538887.0,11538905 20 960.9 472.2 980.0 466.3 0.54 84
SFIX R,11538907.0,
EFIX R,11538907.0,11539159 254 978.4 469.2 1836
SSACC R,11539161.0,
ESACC R,11539161.0,11539179 20 980.9 474.6 971.6 478.9 0.28 82
SFIX R,11539181.0,
EFIX R,11539181.0,11540781 1602 964.1 467.4 1822
SSACC R,11540783.0,
ESACC R,11540783.0,11540809 28 969.3 463.4 988.7 459.7 0.54 102
SFIX R,11540811.0,
EFIX R,11540811.0,11541161 352 984.1 465.8 1830
SSACC R,11541163.0,
ESACC R,11541163.0,11541191 30 978.1 462.9 964.2 473.6 0.48 144
SFIX R,11541193.0,
EFIX R,11541193.0,11541393 202 956.1 467.6 1823
SSACC R,11541395.0,
ESACC R,11541395.0,11541405 12 960.8 467.4 987.4 469.1 0.72 76
SFIX R,11541407.0,
EFIX R,11541407.0,11541725 320 980.2 469.3 1804
SSACC R,11541727.0,
SBLINK R,11541765.0,
EBLINK R,11541765.0,11541807 44
ESACC R,11541727.0,11541861 136 982.2 480.2 1000.3 429.8 1.45 1661
SFIX R,11541863.0,
EFIX R,11541863.0,11542069 208 986.5 473.7 1802
SSACC R,11542071.0,
ESACC R,11542071.0,11542083 14 973.7 495.4 964.1 490.6 0.29 58
SFIX R,11542085.0,
EFIX R,11542085.0,11543149 1066 949.1 505.2 1602
SSACC R,11543151.0,
SBLINK R,11543183.0,
EBLINK R,11543183.0,11543293 112
ESACC R,11543151.0,11543353 204 960.6 499.3 971.1 451.5 1.33 1812
SFIX R,11543355.0,
EFIX R,11543355.0,11544605 1252 946.7 504.5 1583
SSACC R,11544607.0,
ESACC R,11544607.0,11544657 52 950.7 496.7 923.5 499.8 0.74 161
SFIX R,11544659.0,
EFIX R,11544659.0,11544847 190 935.7 501.5 1605
SSACC R,11544849.0,
ESACC R,11544849.0,11544859 12 931.3 504.6 954.9 503.4 0.64 70
SFIX R,11544861.0,
EFIX R,11544861.0,11545343 484 951.3 504.2 1634
SSACC R,11545345.0,
SBLINK R,11545375.0,
EBLINK R,11545375.0,11545473 100
ESACC R,11545345.0,11545535 192 969.4 494.7 983.3 456.6 1.10 1758
SFIX R,11545537.0,
EFIX R,11545537.0,11545783 248 979.2 496.3 1732
SSACC R,11545785.0,
ESACC R,11545785.0,11545801 18 978.9 506.2 962.8 503.6 0.44 81
SFIX R,11545803.0,
EFIX R,11545803.0,11546579 778 947.9 513.0 1640
SSACC R,11546581.0,
SBLINK R,11546609.0,
EBLINK R,11546609.0,11546769 162
ESACC R,11546581.0,11546793 214 939.1 508.6 949.9 498.4 0.40 1978
SFIX R,11546795.0,
EFIX R,11546795.0,11547541 748 941.3 523.3 1676
SSACC R,11547543.0,
ESACC R,11547543.0,11547565 24 944.4 531.4 1004.0 552.2 1.71 179
SFIX R,11547567.0,
EFIX R,11547567.0,11547673 108 997.5 553.7 1623
SSACC R,11547675.0,
ESACC R,11547675.0,11547703 30 996.5 556.9 964.7 547.0 0.90 152
SFIX R,11547705.0,
EFIX R,11547705.0,11547947 244 963.1 547.3 1635
SSACC R,11547949.0,
ESACC R,11547949.0,11547973 26 964.5 543.2 968.8 531.0 0.35 70
SFIX R,11547975.0,
EFIX R,11547975.0,11549149 1176 960.9 520.1 1730
SSACC R,11549151.0,
ESACC R,11549151.0,11549173 24 951.0 497.3 969.7 498.3 0.51 85
SFIX R,11549175.0,
EFIX R,11549175.0,11549429 256 960.7 498.9 1821
SSACC R,11549431.0,
ESACC R,11549431.0,11549449 20 953.5 500.4 934.7 508.5 0.55 80
SFIX R,11549451.0,
EFIX R,11549451.0,11550045 596 929.5 507.7 1816
SSACC R,11550047.0,
ESACC R,11550047.0,11550075 30 932.5 511.9 996.0 534.8 1.83 243
SFIX R,11550077.0,
EFIX R,11550077.0,11550213 138 1000.2 530.8 1784
SSACC R,11550215.0,
ESACC R,11550215.0,11550237 24 1005.2 529.9 949.8 528.5 1.50 166
SFIX R,11550239.0,
EFIX R,11550239.0,11551079 842 960.9 527.8 1739
SSACC R,11551081.0,
ESACC R,11551081.0,11551111 32 970.2 531.6 930.0 527.7 1.09 160
SFIX R,11551113.0,
EFIX R,11551113.0,11551401 290 921.2 519.9 1755
SSACC R,11551403.0,
ESACC R,11551403.0,11551425 24 920.0 518.7 976.9 513.4 1.55 174
SFIX R,11551427.0,
EFIX R,11551427.0,11551693 268 968.8 517.5 1761
SSACC R,11551695.0,
ESACC R,11551695.0,11551713 20 970.5 517.0 948.9 519.6 0.59 82
SFIX R,11551715.0,
EFIX R,11551715.0,11554687 2974 952.8 526.4 1774
SSACC R,11554689.0,
ESACC R,11554689.0,11554713 26 959.8 540.0 960.9 540.7 0.04 87
SFIX R,11554715.0,
EFIX R,11554715.0,11556253 1540 954.4 521.9 1777
SSACC R,11556255.0,
ESACC R,11556255.0,11556335 82 967.8 504.0 956.9 442.6 1.69 854
SFIX R,11556337.0,
EFIX R,11556337.0,11556519 184 948.2 471.7 1844
SSACC R,11556521.0,
ESACC R,11556521.0,11556537 18 943.9 484.7 968.4 509.2 0.94 99
SFIX R,11556539.0,
EFIX R,11556539.0,11556671 134 962.2 508.5 1839
SSACC R,11556673.0,
SBLINK R,11556697.0,
EBLINK R,11556697.0,11556769 74
ESACC R,11556673.0,11556809 138 968.2 499.6 978.1 481.3 0.56 1784
SFIX R,11556811.0,
EFIX R,11556811.0,11557045 236 969.9 511.8 1839
SSACC R,11557047.0,
ESACC R,11557047.0,11557059 14 966.8 521.5 947.1 536.1 0.66 61
SFIX R,11557061.0,
EFIX R,11557061.0,11557095 36 956.3 540.5 1768
SSACC R,11557097.0,
SBLINK R,11557121.0,
EBLINK R,11557121.0,11557217 98
ESACC R,11557097.0,11557253 158 958.8 541.3 978.6 506.8 1.08 1854
SFIX R,11557255.0,
EFIX R,11557255.0,11557553 300 960.8 523.3 1587
SSACC R,11557555.0,
ESACC R,11557555.0,11557575 22 954.6 516.3 936.6 525.2 0.54 99
SFIX R,11557577.0,
EFIX R,11557577.0,11557919 344 933.4 530.8 1503
SSACC R,11557921.0,
ESACC R,11557921.0,11557935 16 930.0 534.7 948.9 526.3 0.56 81
SFIX R,11557937.0,
EFIX R,11557937.0,11558149 214 945.1 525.4 1467
SSACC R,11558151.0,
ESACC R,11558151.0,11558171 22 947.2 519.9 918.5 532.1 0.85 114
SFIX R,11558173.0,
EFIX R,11558173.0,11558859 688 935.1 514.9 1626
SSACC R,11558861.0,
SBLINK R,11558887.0,
EBLINK R,11558887.0,11558985 100
ESACC R,11558861.0,11559037 178 950.4 521.7 988.3 485.0 1.43 1699
SFIX R,11559039.0,
EFIX R,11559039.0,11559241 204 975.6 522.2 1727
SSACC R,11559243.0,
ESACC R,11559243.0,11559261 20 971.0 530.5 949.9 534.0 0.58 86
SFIX R,11559263.0,
EFIX R,11559263.0,11561495 2234 940.8 528.8 1632
SSACC R,11561497.0,
ESACC R,11561497.0,11561513 18 941.8 519.3 905.2 517.7 0.99 102
SFIX R,11561515.0,
EFIX R,11561515.0,11561621 108 914.8 520.8 1561
SSACC R,11561623.0,
ESACC R,11561623.0,11561643 22 912.6 524.0 967.6 526.1 1.49 167
SFIX R,11561645.0,
EFIX R,11561645.0,11561675 32 953.8 524.5 1550
SSACC R,11561677.0,
ESACC R,11561677.0,11561699 24 953.7 524.4 887.2 523.4 1.80 168
SFIX R,11561701.0,
EFIX R,11561701.0,11561807 108 901.6 521.3 1560
SSACC R,11561809.0,
ESACC R,11561809.0,11561823 16 903.8 520.7 934.7 527.6 0.86 91
SFIX R,11561825.0,
EFIX R,11561825.0,11562551 728 943.2 519.7 1626
SSACC R,11562553.0,
ESACC R,11562553.0,11562557 6 954.0 523.0 962.8 526.8 0.26 49
SFIX R,11562559.0,
EFIX R,11562559.0,11563475 918 965.4 499.4 1826
SSACC R,11563477.0,
ESACC R,11563477.0,11563491 16 971.8 483.1 981.3 487.3 0.28 57
SFIX R,11563493.0,
EFIX R,11563493.0,11566481 2990 969.8 503.4 1817
SSACC R,11566483.0,
ESACC R,11566483.0,11566513 32 960.8 495.7 941.7 496.8 0.52 140
SFIX R,11566515.0,
EFIX R,11566515.0,11566665 152 928.8 495.1 1799
SSACC R,11566667.0,
ESACC R,11566667.0,11566683 18 928.5 497.7 973.0 501.1 1.21 116
SFIX R,11566685.0,
EFIX R,11566685.0,11566949 266 959.4 498.9 1779
SSACC R,11566951.0,
ESACC R,11566951.0,11566967 18 951.6 497.3 944.9 504.7 0.27 63
SFIX R,11566969.0,
EFIX R,11566969.0,11567279 312 937.0 502.1 1739
SSACC R,11567281.0,
SBLINK R,11567305.0,
EBLINK R,11567305.0,11567393 90
ESACC R,11567281.0,11567447 168 938.5 511.0 996.8 462.1 2.06 2067
SFIX R,11567449.0,
EFIX R,11567449.0,11567611 164 985.6 499.1 1764
SSACC R,11567613.0,
ESACC R,11567613.0,11567623 12 981.6 513.0 963.1 511.4 0.50 66
SFIX R,11567625.0,
EFIX R,11567625.0,11567871 248 961.8 520.4 1686
SSACC R,11567873.0,
ESACC R,11567873.0,11567887 16 957.6 536.5 932.5 540.5 0.69 80
SFIX R,11567889.0,
EFIX R,11567889.0,11568233 346 939.7 546.3 1497
SSACC R,11568235.0,
ESACC R,11568235.0,11568251 18 939.5 547.1 972.4 539.6 0.91 90
SFIX R,11568253.0,
EFIX R,11568253.0,11568385 134 961.7 535.9 1500
SSACC R,11568387.0,
ESACC R,11568387.0,11568405 20 960.8 529.1 937.6 531.8 0.63 82
SFIX R,11568407.0,
EFIX R,11568407.0,11569779 1374 943.2 509.7 1647
SSACC R,11569781.0,
ESACC R,11569781.0,11569809 30 937.6 502.4 911.1 527.0 0.98 130
SFIX R,11569811.0,
EFIX R,11569811.0,11569939 130 905.8 525.1 1704
SSACC R,11569941.0,
ESACC R,11569941.0,11569963 24 905.6 528.3 961.1 515.8 1.54 174
SFIX R,11569965.0,
EFIX R,11569965.0,11570177 214 949.7 519.3 1703
SSACC R,11570179.0,
ESACC R,11570179.0,11570193 16 943.4 516.8 937.0 515.5 0.18 46
SFIX R,11570195.0,
EFIX R,11570195.0,11570763 570 948.0 504.4 1671
SSACC R,11570765.0,
ESACC R,11570765.0,11570771 8 945.3 489.5 958.2 488.8 0.35 54
SFIX R,11570773.0,
EFIX R,11570773.0,11571119 348 963.7 491.3 1648
SSACC R,11571121.0,
ESACC R,11571121.0,11571141 22 958.2 496.5 933.1 503.6 0.71 94
SFIX R,11571143.0,
EFIX R,11571143.0,11571361 220 932.5 499.3 1634
SSACC R,11571363.0,
ESACC R,11571363.0,11571381 20 928.8 501.0 956.7 497.7 0.76 94
SFIX R,11571383.0,
EFIX R,11571383.0,11571941 560 950.2 498.9 1667
SSACC R,11571943.0,
ESACC R,11571943.0,11571963 22 950.8 496.8 926.1 497.2 0.67 97
SFIX R,11571965.0,
EFIX R,11571965.0,11572031 68 928.3 495.0 1700
SSACC R,11572033.0,
ESACC R,11572033.0,11572063 32 926.5 495.0 971.0 489.1 1.22 184
SFIX R,11572065.0,
EFIX R,11572065.0,11572181 118 970.8 487.3 1707
SSACC R,11572183.0,
ESACC R,11572183.0,11572197 16 968.4 485.6 934.8 497.7 0.97 97
SFIX R,11572199.0,
EFIX R,11572199.0,11572799 602 932.0 494.1 1641
SSACC R,11572801.0,
SBLINK R,11572825.0,
EBLINK R,11572825.0,11572931 108
ESACC R,11572801.0,11572987 188 933.1 506.1 972.5 462.2 1.60 2347
SFIX R,11572989.0,
EFIX R,11572989.0,11573319 332 952.5 509.3 1607
SSACC R,11573321.0,
ESACC R,11573321.0,11573337 18 944.9 512.7 940.4 520.7 0.25 57
SFIX R,11573339.0,
EFIX R,11573339.0,11574787 1450 934.6 519.2 1492
SSACC R,11574789.0,
ESACC R,11574789.0,11574815 28 939.3 512.4 922.1 505.4 0.50 99
SFIX R,11574817.0,
EFIX R,11574817.0,11574895 80 918.7 506.2 1591
SSACC R,11574897.0,
ESACC R,11574897.0,11574925 30 920.0 505.3 955.1 507.6 0.95 184
SFIX R,11574927.0,
EFIX R,11574927.0,11575039 114 962.5 510.9 1589
SSACC R,11575041.0,
ESACC R,11575041.0,11575059 20 964.1 515.1 937.7 511.2 0.72 86
SFIX R,11575061.0,
EFIX R,11575061.0,11575251 192 948.2 511.4 1595
SSACC R,11575253.0,
SBLINK R,11575275.0,
EBLINK R,11575275.0,11575373 100
ESACC R,11575253.0,11575421 170 956.8 516.2 959.5 455.8 1.64 1977
SFIX R,11575423.0,
EFIX R,11575423.0,11575783 362 943.8 494.5 1636
SSACC R,11575785.0,
ESACC R,11575785.0,11575799 16 941.1 505.4 969.6 506.3 0.77 76
SFIX R,11575801.0,
EFIX R,11575801.0,11576033 234 961.6 511.1 1590
SSACC R,11576035.0,
ESACC R,11576035.0,11576055 22 961.8 515.2 930.2 513.0 0.86 97
SFIX R,11576057.0,
EFIX R,11576057.0,11576219 164 931.1 512.5 1619
SSACC R,11576221.0,
ESACC R,11576221.0,11576237 18 931.6 518.8 953.0 512.6 0.60 78
SFIX R,11576239.0,
EFIX R,11576239.0,11577409 1172 953.1 523.3 1698
SSACC R,11577411.0,
ESACC R,11577411.0,11577427 18 935.1 530.6 933.2 533.3 0.09 53
SFIX R,11577429.0,
EFIX R,11577429.0,11578097 670 930.4 531.9 1721
SSACC R,11578099.0,
ESACC R,11578099.0,11578103 6 933.5 535.7 926.3 530.6 0.24 48
SFIX R,11578105.0,
EFIX R,11578105.0,11580161 2058 927.8 548.4 1466
SSACC R,11580163.0,
ESACC R,11580163.0,11580175 14 933.3 559.7 946.5 555.3 0.38 55
SFIX R,11580177.0,
EFIX R,11580177.0,11581519 1344 945.8 538.7 1475
SSACC R,11581521.0,
ESACC R,11581521.0,11581539 20 940.0 535.3 941.0 532.2 0.09 60
SFIX R,11581541.0,
EFIX R,11581541.0,11582687 1148 936.2 537.2 1497
SSACC R,11582689.0,
ESACC R,11582689.0,11582713 26 932.0 533.4 887.3 542.6 1.24 141
SFIX R,11582715.0,
EFIX R,11582715.0,11582865 152 901.4 539.9 1509
SSACC R,11582867.0,
ESACC R,11582867.0,11582887 22 904.9 543.1 961.4 531.8 1.56 132
SFIX R,11582889.0,
EFIX R,11582889.0,11584105 1218 942.0 541.6 1519
SSACC R,11584107.0,
ESACC R,11584107.0,11584123 18 948.2 549.6 966.4 533.2 0.66 76
SFIX R,11584125.0,
EFIX R,11584125.0,11584847 724 957.9 532.2 1595
SSACC R,11584849.0,
ESACC R,11584849.0,11584877 30 959.2 521.2 920.4 535.1 1.12 145
SFIX R,11584879.0,
EFIX R,11584879.0,11585151 274 923.4 534.5 1627
SSACC R,11585153.0,
ESACC R,11585153.0,11585167 16 921.1 538.1 959.8 536.6 1.05 89
SFIX R,11585169.0,
EFIX R,11585169.0,11585409 242 944.3 531.9 1652
SSACC R,11585411.0,
ESACC R,11585411.0,11585429 20 942.9 530.3 899.4 540.3 1.21 101
SFIX R,11585431.0,
EFIX R,11585431.0,11585515 86 910.1 537.9 1672
SSACC R,11585517.0,
ESACC R,11585517.0,11585547 32 912.6 538.5 961.4 530.8 1.34 219
SFIX R,11585549.0,
EFIX R,11585549.0,11585653 106 967.0 534.5 1655
SSACC R,11585655.0,
ESACC R,11585655.0,11585673 20 968.8 533.8 924.9 537.0 1.19 112
SFIX R,11585675.0,
EFIX R,11585675.0,11585887 214 937.0 539.6 1626
SSACC R,11585889.0,
SBLINK R,11585917.0,
EBLINK R,11585917.0,11586009 94
ESACC R,11585889.0,11586055 168 944.7 534.2 967.9 501.7 1.08 1969
SFIX R,11586057.0,
EFIX R,11586057.0,11586293 238 951.2 531.6 1591
SSACC R,11586295.0,
ESACC R,11586295.0,11586309 16 941.5 534.8 922.7 544.4 0.57 72
SFIX R,11586311.0,
EFIX R,11586311.0,11587057 748 931.3 550.0 1369
SSACC R,11587059.0,
ESACC R,11587059.0,11587063 6 926.8 545.7 935.1 547.5 0.23 55
SFIX R,11587065.0,
EFIX R,11587065.0,11587701 638 943.0 531.6 1458
SSACC R,11587703.0,
ESACC R,11587703.0,11587725 24 947.8 527.0 936.4 519.2 0.37 93
SFIX R,11587727.0,
EFIX R,11587727.0,11587949 224 929.0 521.2 1568
SSACC R,11587951.0,
ESACC R,11587951.0,11587977 28 928.8 519.4 958.6 518.6 0.81 129
SFIX R,11587979.0,
EFIX R,11587979.0,11588129 152 962.1 521.7 1608
SSACC R,11588131.0,
ESACC R,11588131.0,11588151 22 962.5 515.0 934.2 532.2 0.90 110
SFIX R,11588153.0,
EFIX R,11588153.0,11589991 1840 957.6 513.9 1702
SSACC R,11589993.0,
ESACC R,11589993.0,11590015 24 964.3 525.5 881.9 531.8 2.24 230
SFIX R,11590017.0,
EFIX R,11590017.0,11590129 114 893.9 531.0 1779
SSACC R,11590131.0,
ESACC R,11590131.0,11590153 24 890.2 531.7 970.2 518.4 2.20 203
SFIX R,11590155.0,
EFIX R,11590155.0,11591259 1106 956.2 520.6 1677
SSACC R,11591261.0,
ESACC R,11591261.0,11591279 20 959.6 524.0 929.5 517.8 0.83 96
SFIX R,11591281.0,
EFIX R,11591281.0,11591515 236 936.8 516.2 1691
SSACC R,11591517.0,
ESACC R,11591517.0,11591539 24 939.5 521.0 975.1 520.3 0.96 125
SFIX R,11591541.0,
EFIX R,11591541.0,11592271 732 970.6 519.9 1731
SSACC R,11592273.0,
ESACC R,11592273.0,11592297 26 962.6 524.4 939.3 541.6 0.78 139
SFIX R,11592299.0,
EFIX R,11592299.0,11592415 118 930.9 539.1 1738
SSACC R,11592417.0,
ESACC R,11592417.0,11592435 20 926.7 534.5 963.7 518.8 1.09 102
SFIX R,11592437.0,
EFIX R,11592437.0,11594151 1716 935.1 513.6 1739
SSACC R,11594153.0,
ESACC R,11594153.0,11594259 108 940.0 529.7 978.2 487.1 1.55 913
SFIX R,11594261.0,
EFIX R,11594261.0,11595499 1240 939.9 516.8 1695
SSACC R,11595501.0,
SBLINK R,11595533.0,
EBLINK R,11595533.0,11595577 46
ESACC R,11595501.0,11595641 142 947.9 504.6 977.7 479.0 1.06 1779
SFIX R,11595643.0,
EFIX R,11595643.0,11595767 126 968.7 501.8 1719
SSACC R,11595769.0,
ESACC R,11595769.0,11595775 8 963.3 512.3 951.8 509.1 0.32 49
SFIX R,11595777.0,
EFIX R,11595777.0,11595949 174 949.6 511.2 1712
SSACC R,11595951.0,
ESACC R,11595951.0,11595969 20 948.1 515.4 928.8 510.6 0.54 74
SFIX R,11595971.0,
EFIX R,11595971.0,11596385 416 934.6 525.6 1552
SSACC R,11596387.0,
ESACC R,11596387.0,11596407 22 939.1 528.9 947.1 519.1 0.34 69
SFIX R,11596409.0,
EFIX R,11596409.0,11596673 266 944.4 524.3 1539
SSACC R,11596675.0,
ESACC R,11596675.0,11596693 20 938.7 526.6 909.9 526.3 0.78 97
SFIX R,11596695.0,
EFIX R,11596695.0,11597061 368 924.2 519.5 1619
SSACC R,11597063.0,
ESACC R,11597063.0,11597077 16 938.8 524.7 968.4 524.9 0.80 88
SFIX R,11597079.0,
EFIX R,11597079.0,11597637 560 966.5 523.8 1780
SSACC R,11597639.0,
ESACC R,11597639.0,11597661 24 977.8 511.3 983.5 522.4 0.34 72
SFIX R,11597663.0,
EFIX R,11597663.0,11598453 792 981.2 511.4 1953
SSACC R,11598455.0,
ESACC R,11598455.0,11598473 20 979.6 508.0 969.0 502.5 0.32 84
SFIX R,11598475.0,
EFIX R,11598475.0,11600461 1988 945.3 519.2 1795
SSACC R,11600463.0,
ESACC R,11600463.0,11600491 30 937.4 528.4 965.8 531.3 0.77 138
SFIX R,11600493.0,
EFIX R,11600493.0,11600603 112 971.1 535.5 1653
SSACC R,11600605.0,
ESACC R,11600605.0,11600623 20 972.2 537.1 934.5 538.4 1.02 103
SFIX R,11600625.0,
EFIX R,11600625.0,11600735 112 942.7 536.9 1656
SSACC R,11600737.0,
SBLINK R,11600759.0,
EBLINK R,11600759.0,11600833 76
ESACC R,11600737.0,11600895 160 946.7 548.9 947.1 487.7 1.66 2000
SFIX R,11600897.0,
EFIX R,11600897.0,11602923 2028 925.7 531.0 1572
SSACC R,11602925.0,
ESACC R,11602925.0,11602937 14 943.0 527.5 926.3 514.4 0.58 62
SFIX R,11602939.0,
EFIX R,11602939.0,11605459 2522 902.3 524.9 1614
SSACC R,11605461.0,
ESACC R,11605461.0,11605477 18 903.3 522.0 914.9 515.0 0.37 68
SFIX R,11605479.0,
EFIX R,11605479.0,11609347 3870 914.6 517.6 1549
SSACC R,11609349.0,
ESACC R,11609349.0,11609369 22 907.3 506.0 908.0 502.7 0.09 71
SFIX R,11609371.0,
EFIX R,11609371.0,11609533 164 903.3 494.7 1621
SSACC R,11609535.0,
ESACC R,11609535.0,11609553 20 904.1 493.8 927.0 492.8 0.62 93
SFIX R,11609555.0,
EFIX R,11609555.0,11610321 768 917.3 504.6 1674
SSACC R,11610323.0,
ESACC R,11610323.0,11610341 20 917.3 516.3 934.5 514.7 0.47 75
SFIX R,11610343.0,
EFIX R,11610343.0,11610531 190 931.6 518.8 1689
SSACC R,11610533.0,
ESACC R,11610533.0,11610545 14 929.4 522.9 904.8 521.3 0.67 70
SFIX R,11610547.0,
EFIX R,11610547.0,11611207 662 921.5 521.2 1706
SSACC R,11611209.0,
ESACC R,11611209.0,11611225 18 926.6 532.0 951.1 528.6 0.67 90
SFIX R,11611227.0,
EFIX R,11611227.0,11611775 550 949.6 530.1 1717
SSACC R,11611777.0,
ESACC R,11611777.0,11611791 16 957.8 525.5 951.2 527.1 0.18 54
SFIX R,11611793.0,
EFIX R,11611793.0,11615379 3588 952.3 533.1 1754
SSACC R,11615381.0,
SBLINK R,11615409.0,
EBLINK R,11615409.0,11615465 58
ESACC R,11615381.0,11615517 138 964.8 527.8 998.3 534.9 0.93 1699
SFIX R,11615519.0,
EFIX R,11615519.0,11615687 170 992.6 554.2 1764
SSACC R,11615689.0,
ESACC R,11615689.0,11615717 30 990.7 554.2 953.2 553.4 1.02 143
SFIX R,11615719.0,
EFIX R,11615719.0,11616293 576 936.0 537.7 1675
SSACC R,11616295.0,
SBLINK R,11616319.0,
EBLINK R,11616319.0,11616387 70
ESACC R,11616295.0,11616439 146 942.3 535.2 966.0 526.2 0.69 2090
SFIX R,11616441.0,
EFIX R,11616441.0,11616729 290 957.1 540.9 1710
SSACC R,11616731.0,
ESACC R,11616731.0,11616753 24 954.8 536.0 953.7 517.8 0.49 82
SFIX R,11616755.0,
EFIX R,11616755.0,11617891 1138 941.9 525.6 1648
SSACC R,11617893.0,
SBLINK R,11617923.0,
EBLINK R,11617923.0,11618013 92
ESACC R,11617893.0,11618067 176 939.2 528.9 948.2 498.5 0.86 1754
SFIX R,11618069.0,
EFIX R,11618069.0,11618287 220 938.1 510.4 1699
SSACC R,11618289.0,
ESACC R,11618289.0,11618301 14 936.0 511.1 933.9 527.4 0.45 46
SFIX R,11618303.0,
EFIX R,11618303.0,11620051 1750 931.0 529.0 1658
SSACC R,11620053.0,
ESACC R,11620053.0,11620085 34 943.5 525.6 881.1 551.2 1.83 279
SFIX R,11620087.0,
EFIX R,11620087.0,11620201 116 870.8 548.6 1756
SSACC R,11620203.0,
ESACC R,11620203.0,11620225 24 870.8 551.6 976.6 544.1 2.87 247
SFIX R,11620227.0,
EFIX R,11620227.0,11620435 210 955.7 541.8 1748
SSACC R,11620437.0,
ESACC R,11620437.0,11620451 16 951.9 542.0 946.1 528.7 0.39 59
SFIX R,11620453.0,
EFIX R,11620453.0,11622007 1556 943.7 534.9 1691
SSACC R,11622009.0,
ESACC R,11622009.0,11622033 26 914.7 544.0 1035.2 550.5 3.27 274
SFIX R,11622035.0,
EFIX R,11622035.0,11622179 146 1022.8 548.7 1559
SSACC R,11622181.0,
ESACC R,11622181.0,11622213 34 1024.8 546.8 945.9 534.0 2.17 258
SFIX R,11622215.0,
EFIX R,11622215.0,11622371 158 939.1 538.8 1557
SSACC R,11622373.0,
ESACC R,11622373.0,11622391 20 941.4 539.7 916.2 534.3 0.70 86
SFIX R,11622393.0,
EFIX R,11622393.0,11623301 910 914.7 544.3 1397
SSACC R,11623303.0,
SBLINK R,11623327.0,
EBLINK R,11623327.0,11623409 84
ESACC R,11623303.0,11623461 160 919.7 546.3 930.9 500.1 1.29 2172
SFIX R,11623463.0,
EFIX R,11623463.0,11623711 250 918.2 527.1 1459
SSACC R,11623713.0,
ESACC R,11623713.0,11623731 20 912.0 527.2 942.4 542.4 0.92 82
SFIX R,11623733.0,
EFIX R,11623733.0,11624045 314 933.5 543.4 1382
SSACC R,11624047.0,
ESACC R,11624047.0,11624067 22 936.8 539.4 895.7 550.5 1.15 124
SFIX R,11624069.0,
EFIX R,11624069.0,11624221 154 901.9 544.3 1375
SSACC R,11624223.0,
ESACC R,11624223.0,11624239 18 898.5 540.3 942.1 541.8 1.18 108
SFIX R,11624241.0,
EFIX R,11624241.0,11625111 872 929.4 536.9 1445
SSACC R,11625113.0,
ESACC R,11625113.0,11625135 24 929.2 541.2 913.5 532.7 0.48 96
SFIX R,11625137.0,
EFIX R,11625137.0,11625785 650 891.9 538.4 1445
SSACC R,11625787.0,
ESACC R,11625787.0,11625813 28 889.0 543.8 1008.6 567.6 3.30 270
SFIX R,11625815.0,
EFIX R,11625815.0,11625937 124 992.5 565.5 1443
SSACC R,11625939.0,
ESACC R,11625939.0,11625961 24 993.0 567.0 915.9 562.7 2.09 191
SFIX R,11625963.0,
EFIX R,11625963.0,11626123 162 931.5 557.6 1439
SSACC R,11626125.0,
ESACC R,11626125.0,11626133 10 932.2 557.8 914.7 547.3 0.55 66
SFIX R,11626135.0,
EFIX R,11626135.0,11628353 2220 908.8 553.2 1142
SSACC R,11628355.0,
ESACC R,11628355.0,11628373 20 909.2 543.2 877.9 549.7 0.87 94
SFIX R,11628375.0,
EFIX R,11628375.0,11628431 58 885.5 544.4 1107
SSACC R,11628433.0,
ESACC R,11628433.0,11628455 24 881.4 545.1 940.4 548.4 1.60 153
SFIX R,11628457.0,
EFIX R,11628457.0,11628567 112 925.5 545.8 1089
SSACC R,11628569.0,
ESACC R,11628569.0,11628585 18 923.2 544.1 882.7 550.4 1.11 103
SFIX R,11628587.0,
EFIX R,11628587.0,11629475 890 900.8 553.2 1172
SSACC R,11629477.0,
ESACC R,11629477.0,11629489 14 927.7 547.8 937.1 544.4 0.27 54
SFIX R,11629491.0,
EFIX R,11629491.0,11631819 2330 948.9 536.2 1582
SSACC R,11631821.0,
ESACC R,11631821.0,11631841 22 964.1 536.3 936.8 559.1 0.96 111
SFIX R,11631843.0,
EFIX R,11631843.0,11631905 64 943.9 548.3 1704
SSACC R,11631907.0,
ESACC R,11631907.0,11631939 34 943.3 551.9 1005.0 538.7 1.71 265
SFIX R,11631941.0,
EFIX R,11631941.0,11632045 106 1010.5 537.5 1708
SSACC R,11632047.0,
ESACC R,11632047.0,11632069 24 1010.5 534.1 957.6 539.2 1.44 161
SFIX R,11632071.0,
EFIX R,11632071.0,11632567 498 945.9 535.3 1705
SSACC R,11632569.0,
ESACC R,11632569.0,11632593 26 944.2 528.3 938.7 520.3 0.26 89
SFIX R,11632595.0,
EFIX R,11632595.0,11632773 180 926.5 513.2 1731
SSACC R,11632775.0,
ESACC R,11632775.0,11632791 18 927.9 507.8 951.4 511.1 0.64 80
SFIX R,11632793.0,
EFIX R,11632793.0,11635049 2258 930.2 521.1 1684
SSACC R,11635051.0,
ESACC R,11635051.0,11635079 30 897.4 534.2 948.8 546.0 1.43 192
SFIX R,11635081.0,
EFIX R,11635081.0,11635209 130 950.8 543.1 1541
SSACC R,11635211.0,
ESACC R,11635211.0,11635233 24 952.7 542.2 906.4 542.7 1.25 152
SFIX R,11635235.0,
EFIX R,11635235.0,11637225 1992 909.2 543.6 1525
SSACC R,11637227.0,
ESACC R,11637227.0,11637235 10 905.2 551.0 927.0 550.0 0.59 70
SFIX R,11637237.0,
EFIX R,11637237.0,11637525 290 923.9 536.9 1489
SSACC R,11637527.0,
SBLINK R,11637553.0,
EBLINK R,11637553.0,11637605 54
ESACC R,11637527.0,11637663 138 923.2 542.7 917.5 477.2 1.78 2057
SFIX R,11637665.0,
EFIX R,11637665.0,11637943 280 905.2 506.0 1470
SSACC R,11637945.0,
ESACC R,11637945.0,11637959 16 897.5 503.7 886.4 518.9 0.51 65
SFIX R,11637961.0,
EFIX R,11637961.0,11640103 2144 886.3 529.7 1413
SSACC R,11640105.0,
ESACC R,11640105.0,11640127 24 882.3 534.7 881.2 553.3 0.50 75
SFIX R,11640129.0,
EFIX R,11640129.0,11641137 1010 887.9 539.9 1444
SSACC R,11641139.0,
ESACC R,11641139.0,11641161 24 892.9 535.7 928.0 540.8 0.96 109
SFIX R,11641163.0,
EFIX R,11641163.0,11641313 152 920.2 537.3 1521
SSACC R,11641315.0,
ESACC R,11641315.0,11641341 28 921.5 536.3 897.1 534.5 0.66 127
SFIX R,11641343.0,
EFIX R,11641343.0,11641637 296 893.5 535.2 1534
SSACC R,11641639.0,
ESACC R,11641639.0,11641645 8 895.7 540.2 909.2 535.7 0.39 64
SFIX R,11641647.0,
EFIX R,11641647.0,11642141 496 912.8 535.2 1606
SSACC R,11642143.0,
ESACC R,11642143.0,11642173 32 921.4 526.1 897.0 522.2 0.67 168
SFIX R,11642175.0,
EFIX R,11642175.0,11642221 48 885.0 524.3 1657
SSACC R,11642223.0,
ESACC R,11642223.0,11642257 36 881.9 524.0 970.6 514.4 2.42 311
SFIX R,11642259.0,
EFIX R,11642259.0,11642305 48 979.2 515.1 1667
SSACC R,11642307.0,
ESACC R,11642307.0,11642341 36 979.4 515.7 889.8 513.7 2.43 325
SFIX R,11642343.0,
EFIX R,11642343.0,11642369 28 877.7 517.6 1669
SSACC R,11642371.0,
ESACC R,11642371.0,11642405 36 873.0 516.2 964.7 524.3 2.49 328
SFIX R,11642407.0,
EFIX R,11642407.0,11642531 126 968.8 529.2 1664
SSACC R,11642533.0,
ESACC R,11642533.0,11642561 30 967.6 533.4 927.3 535.6 1.09 154
SFIX R,11642563.0,
EFIX R,11642563.0,11644939 2378 921.2 513.5 1732
SSACC R,11644941.0,
ESACC R,11644941.0,11644961 22 934.7 498.6 957.6 510.9 0.70 105
SFIX R,11644963.0,
EFIX R,11644963.0,11645199 238 954.3 512.4 1836
SSACC R,11645201.0,
ESACC R,11645201.0,11645227 28 955.6 521.2 942.2 516.4 0.39 111
SFIX R,11645229.0,
EFIX R,11645229.0,11645793 566 926.9 519.5 1779
SSACC R,11645795.0,
ESACC R,11645795.0,11645825 32 912.5 518.2 951.4 518.0 1.05 174
SFIX R,11645827.0,
EFIX R,11645827.0,11645969 144 957.0 512.4 1764
SSACC R,11645971.0,
ESACC R,11645971.0,11645991 22 960.2 509.6 932.8 509.7 0.74 87
SFIX R,11645993.0,
EFIX R,11645993.0,11646677 686 936.3 514.9 1726
SSACC R,11646679.0,
ESACC R,11646679.0,11646703 26 941.3 537.4 890.4 546.0 1.40 146
SFIX R,11646705.0,
EFIX R,11646705.0,11646807 104 895.4 538.4 1677
SSACC R,11646809.0,
ESACC R,11646809.0,11646829 22 891.9 536.9 933.4 530.8 1.14 133
SFIX R,11646831.0,
EFIX R,11646831.0,11647073 244 921.6 526.6 1657
SSACC R,11647075.0,
SBLINK R,11647105.0,
EBLINK R,11647105.0,11647171 68
ESACC R,11647075.0,11647233 160 922.5 520.1 927.8 493.4 0.74 1863
SFIX R,11647235.0,
EFIX R,11647235.0,11647447 214 918.4 509.8 1663
SSACC R,11647449.0,
ESACC R,11647449.0,11647465 18 916.0 527.7 917.0 549.3 0.59 64
SFIX R,11647467.0,
EFIX R,11647467.0,11649411 1946 916.4 535.6 1563
SSACC R,11649413.0,
ESACC R,11649413.0,11649433 22 907.0 535.2 938.9 529.7 0.88 104
SFIX R,11649435.0,
EFIX R,11649435.0,11649589 156 926.7 528.7 1612
SSACC R,11649591.0,
ESACC R,11649591.0,11649601 12 920.8 528.7 895.0 527.7 0.70 73
SFIX R,11649603.0,
EFIX R,11649603.0,11650623 1022 905.7 532.2 1555
SSACC R,11650625.0,
ESACC R,11650625.0,11650649 26 912.0 517.6 923.3 595.6 2.14 147
SFIX R,11650651.0,
EFIX R,11650651.0,11650977 328 930.1 588.4 1586
SSACC R,11650979.0,
ESACC R,11650979.0,11650993 16 929.3 591.5 943.7 554.6 1.07 96
SFIX R,11650995.0,
EFIX R,11650995.0,11651223 230 934.1 560.7 1548
SSACC R,11651225.0,
ESACC R,11651225.0,11651233 10 929.2 565.1 927.8 548.7 0.45 53
SFIX R,11651235.0,
EFIX R,11651235.0,11651583 350 923.8 540.5 1474
SSACC R,11651585.0,
ESACC R,11651585.0,11651601 18 920.8 542.7 911.1 529.6 0.44 67
SFIX R,11651603.0,
EFIX R,11651603.0,11652281 680 897.7 526.6 1421
SSACC R,11652283.0,
ESACC R,11652283.0,11652305 24 901.2 527.0 956.1 532.3 1.49 144
SFIX R,11652307.0,
EFIX R,11652307.0,11652421 116 944.0 533.2 1443
SSACC R,11652423.0,
ESACC R,11652423.0,11652441 20 942.8 533.5 907.4 532.4 0.96 112
SFIX R,11652443.0,
EFIX R,11652443.0,11653289 848 901.2 530.6 1436
SSACC R,11653291.0,
ESACC R,11653291.0,11653313 24 896.1 531.6 938.9 526.7 1.17 124
SFIX R,11653315.0,
EFIX R,11653315.0,11653445 132 925.0 531.6 1421
SSACC R,11653447.0,
ESACC R,11653447.0,11653463 18 920.1 530.6 903.1 542.6 0.56 87
SFIX R,11653465.0,
EFIX R,11653465.0,11654185 722 898.2 528.9 1380
SSACC R,11654187.0,
ESACC R,11654187.0,11654207 22 901.6 521.5 873.3 523.2 0.77 95
SFIX R,11654209.0,
EFIX R,11654209.0,11654279 72 877.8 523.2 1448
SSACC R,11654281.0,
ESACC R,11654281.0,11654313 34 874.1 520.9 936.0 523.5 1.68 234
SFIX R,11654315.0,
EFIX R,11654315.0,11654415 102 936.1 521.0 1452
SSACC R,11654417.0,
ESACC R,11654417.0,11654437 22 931.2 522.6 885.2 534.8 1.29 136
SFIX R,11654439.0,
EFIX R,11654439.0,11654941 504 895.0 525.8 1469
SSACC R,11654943.0,
ESACC R,11654943.0,11654961 20 905.9 527.1 939.1 523.3 0.91 96
SFIX R,11654963.0,
EFIX R,11654963.0,11654999 38 930.3 522.1 1524
SSACC R,11655001.0,
ESACC R,11655001.0,11655023 24 931.4 525.7 896.7 523.7 0.94 125
SFIX R,11655025.0,
EFIX R,11655025.0,11655163 140 905.4 518.8 1551
SSACC R,11655165.0,
ESACC R,11655165.0,11655179 16 908.0 513.2 933.6 519.7 0.72 76
SFIX R,11655181.0,
EFIX R,11655181.0,11655691 512 929.4 497.3 1602
SSACC R,11655693.0,
ESACC R,11655693.0,11655715 24 932.8 492.9 956.4 514.3 0.86 100
SFIX R,11655717.0,
EFIX R,11655717.0,11655881 166 952.1 507.3 1648
SSACC R,11655883.0,
ESACC R,11655883.0,11655903 22 954.2 506.3 927.7 496.3 0.77 84
SFIX R,11655905.0,
EFIX R,11655905.0,11657177 1274 922.1 510.4 1640
SSACC R,11657179.0,
SBLINK R,11657205.0,
EBLINK R,11657205.0,11657295 92
ESACC R,11657179.0,11657351 174 914.9 549.9 940.1 552.9 0.69 1836
SFIX R,11657353.0,
EFIX R,11657353.0,11657611 260 930.9 550.3 1536
SSACC R,11657613.0,
ESACC R,11657613.0,11657627 16 924.3 553.1 908.0 550.8 0.45 61
SFIX R,11657629.0,
EFIX R,11657629.0,11658373 746 910.7 546.6 1418
SSACC R,11658375.0,
ESACC R,11658375.0,11658393 20 907.8 542.3 904.7 536.5 0.18 68
SFIX R,11658395.0,
EFIX R,11658395.0,11659453 1060 918.8 530.6 1544
SSACC R,11659455.0,
ESACC R,11659455.0,11659473 20 932.6 527.7 971.5 532.1 1.06 96
SFIX R,11659475.0,
EFIX R,11659475.0,11659565 92 957.8 530.0 1639
SSACC R,11659567.0,
ESACC R,11659567.0,11659597 32 957.7 529.5 928.7 536.2 0.81 136
SFIX R,11659599.0,
EFIX R,11659599.0,11659625 28 924.1 536.0 1643
SSACC R,11659627.0,
ESACC R,11659627.0,11659659 34 921.5 534.7 980.7 539.8 1.61 232
SFIX R,11659661.0,
EFIX R,11659661.0,11659761 102 980.8 537.1 1638
SSACC R,11659763.0,
ESACC R,11659763.0,11659783 22 978.8 535.1 926.8 541.0 1.42 135
SFIX R,11659785.0,
EFIX R,11659785.0,11659987 204 933.1 533.9 1650
SSACC R,11659989.0,
ESACC R,11659989.0,11660009 22 926.1 532.9 894.9 534.0 0.85 104
SFIX R,11660011.0,
EFIX R,11660011.0,11660633 624 890.0 524.7 1628
SSACC R,11660635.0,
ESACC R,11660635.0,11660657 24 890.3 527.6 930.8 528.2 1.10 116
SFIX R,11660659.0,
EFIX R,11660659.0,11660907 250 921.1 528.4 1676
SSACC R,11660909.0,
ESACC R,11660909.0,11660935 28 915.2 524.6 901.6 532.1 0.42 118
SFIX R,11660937.0,
EFIX R,11660937.0,11661489 554 902.7 530.8 1641
SSACC R,11661491.0,
ESACC R,11661491.0,11661505 16 903.8 529.3 942.8 528.2 1.06 102
SFIX R,11661507.0,
EFIX R,11661507.0,11661977 472 918.7 528.6 1589
SSACC R,11661979.0,
ESACC R,11661979.0,11662015 38 908.0 526.1 752.1 556.6 4.29 338
SFIX R,11662017.0,
EFIX R,11662017.0,11662269 254 748.1 553.3 1577
SSACC R,11662271.0,
ESACC R,11662271.0,11662297 28 743.1 559.5 888.8 535.3 3.99 306
SFIX R,11662299.0,
EFIX R,11662299.0,11662531 234 869.5 539.0 1518
SSACC R,11662533.0,
ESACC R,11662533.0,11662551 20 865.9 549.9 919.3 544.7 1.45 127
SFIX R,11662553.0,
EFIX R,11662553.0,11665361 2810 903.3 548.2 1206
SSACC R,11665363.0,
ESACC R,11665363.0,11665383 22 893.0 550.3 885.9 543.9 0.26 76
SFIX R,11665385.0,
EFIX R,11665385.0,11667891 2508 901.9 537.4 1280
SSACC R,11667893.0,
ESACC R,11667893.0,11667903 12 901.0 533.5 917.0 536.6 0.44 53
SFIX R,11667905.0,
EFIX R,11667905.0,11668443 540 919.9 529.5 1381
SSACC R,11668445.0,
ESACC R,11668445.0,11668469 26 921.4 526.5 927.0 527.3 0.15 91
SFIX R,11668471.0,
EFIX R,11668471.0,11668967 498 924.3 527.4 1390
SSACC R,11668969.0,
ESACC R,11668969.0,11668973 6 923.1 532.2 928.7 532.4 0.15 39
SFIX R,11668975.0,
EFIX R,11668975.0,11669269 296 930.3 527.8 1414
SSACC R,11669271.0,
ESACC R,11669271.0,11669287 18 930.2 521.1 918.8 529.6 0.39 61
SFIX R,11669289.0,
EFIX R,11669289.0,11669775 488 915.4 520.9 1484
SSACC R,11669777.0,
ESACC R,11669777.0,11669797 22 905.0 526.5 903.1 529.6 0.10 72
SFIX R,11669799.0,
EFIX R,11669799.0,11670281 484 907.5 520.0 1537
SSACC R,11670283.0,
ESACC R,11670283.0,11670293 12 910.5 516.0 931.1 517.7 0.56 58
SFIX R,11670295.0,
EFIX R,11670295.0,11672187 1894 932.1 516.9 1590
SSACC R,11672189.0,
ESACC R,11672189.0,11672205 18 940.6 495.5 957.7 490.8 0.48 76
SFIX R,11672207.0,
EFIX R,11672207.0,11672625 420 951.4 492.0 1594
SSACC R,11672627.0,
ESACC R,11672627.0,11672655 30 948.1 495.3 926.6 501.9 0.61 126
SFIX R,11672657.0,
EFIX R,11672657.0,11672733 78 921.4 501.2 1553
SSACC R,11672735.0,
ESACC R,11672735.0,11672763 30 918.8 501.1 958.7 501.7 1.08 183
SFIX R,11672765.0,
EFIX R,11672765.0,11672917 154 959.7 504.1 1533
SSACC R,11672919.0,
ESACC R,11672919.0,11672935 18 956.2 505.9 936.9 514.7 0.57 81
SFIX R,11672937.0,
EFIX R,11672937.0,11674459 1524 927.1 511.7 1514
SSACC R,11674461.0,
ESACC R,11674461.0,11674473 14 905.4 508.3 901.5 498.5 0.29 51
SFIX R,11674475.0,
EFIX R,11674475.0,11676243 1770 905.4 521.8 1379
SSACC R,11676245.0,
ESACC R,11676245.0,11676271 28 909.1 530.0 961.0 544.4 1.46 199
SFIX R,11676273.0,
EFIX R,11676273.0,11676417 146 961.9 544.3 1407
SSACC R,11676419.0,
ESACC R,11676419.0,11676441 24 961.8 542.1 922.3 541.3 1.07 124
SFIX R,11676443.0,
EFIX R,11676443.0,11676791 350 926.4 527.4 1424
SSACC R,11676793.0,
ESACC R,11676793.0,11676823 32 920.8 515.6 878.8 514.6 1.14 177
SFIX R,11676825.0,
EFIX R,11676825.0,11676895 72 872.5 513.7 1396
SSACC R,11676897.0,
ESACC R,11676897.0,11676929 34 868.8 514.8 945.8 518.2 2.09 283
SFIX R,11676931.0,
EFIX R,11676931.0,11676987 58 948.2 516.0 1375
SSACC R,11676989.0,
ESACC R,11676989.0,11677021 34 948.4 520.9 875.6 518.2 1.97 282
SFIX R,11677023.0,
EFIX R,11677023.0,11677231 210 862.5 516.9 1346
SSACC R,11677233.0,
ESACC R,11677233.0,11677253 22 859.5 516.7 909.4 515.0 1.35 129
SFIX R,11677255.0,
EFIX R,11677255.0,11678055 802 900.0 518.5 1339
SSACC R,11678057.0,
ESACC R,11678057.0,11678075 20 911.1 516.1 935.9 515.3 0.67 86
SFIX R,11678077.0,
EFIX R,11678077.0,11678377 302 936.5 516.7 1329
SSACC R,11678379.0,
ESACC R,11678379.0,11678401 24 935.0 519.7 918.9 520.2 0.44 100
SFIX R,11678403.0,
EFIX R,11678403.0,11679353 952 923.2 510.3 1398
SSACC R,11679355.0,
ESACC R,11679355.0,11679363 10 923.0 500.3 911.6 513.6 0.47 61
SFIX R,11679365.0,
EFIX R,11679365.0,11679611 248 914.5 511.7 1495
SSACC R,11679613.0,
ESACC R,11679613.0,11679629 18 914.4 508.8 893.1 499.6 0.63 86
SFIX R,11679631.0,
EFIX R,11679631.0,11679657 28 902.1 500.6 1506
SSACC R,11679659.0,
ESACC R,11679659.0,11679675 18 903.7 502.8 929.7 500.9 0.71 80
SFIX R,11679677.0,
EFIX R,11679677.0,11679921 246 925.9 503.6 1504
SSACC R,11679923.0,
ESACC R,11679923.0,11679939 18 924.9 510.1 903.1 512.1 0.59 78
SFIX R,11679941.0,
EFIX R,11679941.0,11680121 182 902.4 512.4 1488
SSACC R,11680123.0,
ESACC R,11680123.0,11680279 158 904.7 519.6 912.5 494.9 0.70 784
SFIX R,11680281.0,
EFIX R,11680281.0,11680329 50 910.8 488.1 1547
SSACC R,11680331.0,
SBLINK R,11680359.0,
EBLINK R,11680359.0,11680453 96
ESACC R,11680331.0,11680515 186 913.8 484.8 917.6 481.4 0.14 1796
SFIX R,11680517.0,
EFIX R,11680517.0,11681241 726 913.6 515.3 1475
SSACC R,11681243.0,
ESACC R,11681243.0,11681263 22 922.6 535.4 922.7 533.3 0.06 66
SFIX R,11681265.0,
EFIX R,11681265.0,11681609 346 925.7 526.7 1414
SSACC R,11681611.0,
ESACC R,11681611.0,11681633 24 920.0 507.6 917.3 506.3 0.08 74
SFIX R,11681635.0,
EFIX R,11681635.0,11681975 342 913.1 503.7 1462
SSACC R,11681977.0,
ESACC R,11681977.0,11681993 18 914.6 516.5 931.3 512.6 0.46 60
SFIX R,11681995.0,
EFIX R,11681995.0,11682985 992 915.5 506.1 1450
SSACC R,11682987.0,
ESACC R,11682987.0,11683013 28 919.5 491.7 915.2 498.1 0.21 105
SFIX R,11683015.0,
EFIX R,11683015.0,11683793 780 908.7 506.7 1535
SSACC R,11683795.0,
ESACC R,11683795.0,11683819 26 896.7 517.1 890.2 517.0 0.18 92
SFIX R,11683821.0,
EFIX R,11683821.0,11685997 2178 901.2 512.3 1526
SSACC R,11685999.0,
ESACC R,11685999.0,11686017 20 909.8 535.6 921.3 529.5 0.35 66
SFIX R,11686019.0,
EFIX R,11686019.0,11686347 330 909.5 529.6 1284
SSACC R,11686349.0,
ESACC R,11686349.0,11686365 18 908.6 524.0 897.6 525.1 0.30 65
SFIX R,11686367.0,
EFIX R,11686367.0,11686905 540 910.5 522.8 1412
SSACC R,11686907.0,
ESACC R,11686907.0,11686913 8 913.5 523.1 922.1 515.3 0.31 51
SFIX R,11686915.0,
EFIX R,11686915.0,11687401 488 930.9 519.9 1439
SSACC R,11687403.0,
ESACC R,11687403.0,11687423 22 932.9 532.1 902.3 536.0 0.84 105
SFIX R,11687425.0,
EFIX R,11687425.0,11687633 210 902.7 530.9 1421
SSACC R,11687635.0,
ESACC R,11687635.0,11687653 20 897.1 537.1 924.1 537.0 0.73 77
SFIX R,11687655.0,
EFIX R,11687655.0,11689089 1436 910.0 542.5 1436
SSACC R,11689091.0,
ESACC R,11689091.0,11689097 8 914.4 551.3 908.4 559.9 0.28 46
SFIX R,11689099.0,
EFIX R,11689099.0,11689977 880 914.1 547.1 1554
SSACC R,11689979.0,
ESACC R,11689979.0,11690005 28 920.2 542.0 902.6 536.6 0.50 114
SFIX R,11690007.0,
EFIX R,11690007.0,11690103 98 895.4 538.1 1608
SSACC R,11690105.0,
ESACC R,11690105.0,11690131 28 895.5 541.9 921.6 533.7 0.74 128
SFIX R,11690133.0,
EFIX R,11690133.0,11690195 64 923.9 532.5 1610
SSACC R,11690197.0,
ESACC R,11690197.0,11690229 34 926.1 528.0 882.8 529.2 1.17 197
SFIX R,11690231.0,
EFIX R,11690231.0,11690349 120 872.1 529.7 1612
SSACC R,11690351.0,
ESACC R,11690351.0,11690369 20 866.9 525.1 926.4 535.8 1.64 146
SFIX R,11690371.0,
EFIX R,11690371.0,11690729 360 904.1 537.5 1553
SSACC R,11690731.0,
SBLINK R,11690761.0,
EBLINK R,11690761.0,11690797 38
ESACC R,11690731.0,11690855 126 899.8 554.7 931.6 522.8 1.22 1648
SFIX R,11690857.0,
EFIX R,11690857.0,11691019 164 923.9 544.9 1503
SSACC R,11691021.0,
ESACC R,11691021.0,11691039 20 923.9 557.1 902.2 564.4 0.62 82
SFIX R,11691041.0,
EFIX R,11691041.0,11691201 162 908.2 564.5 1511
SSACC R,11691203.0,
SBLINK R,11691227.0,
EBLINK R,11691227.0,11691313 88
ESACC R,11691203.0,11691373 172 917.2 559.8 934.1 533.9 0.84 1773
SFIX R,11691375.0,
EFIX R,11691375.0,11691577 204 918.3 547.6 1353
SSACC R,11691579.0,
ESACC R,11691579.0,11691593 16 908.5 553.2 884.9 558.7 0.66 74
SFIX R,11691595.0,
EFIX R,11691595.0,11695171 3578 888.6 545.0 1458
SSACC R,11695173.0,
ESACC R,11695173.0,11695203 32 869.8 536.6 955.5 550.5 2.35 290
SFIX R,11695205.0,
EFIX R,11695205.0,11695339 136 957.9 547.6 1402
SSACC R,11695341.0,
ESACC R,11695341.0,11695373 34 958.1 545.1 903.7 555.0 1.50 206
SFIX R,11695375.0,
EFIX R,11695375.0,11695563 190 888.0 557.1 1407
SSACC R,11695565.0,
ESACC R,11695565.0,11695575 12 879.4 554.4 861.6 540.0 0.62 70
SFIX R,11695577.0,
EFIX R,11695577.0,11697265 1690 882.0 542.8 1417
SSACC R,11697267.0,
ESACC R,11697267.0,11697287 22 880.0 547.4 919.0 546.1 1.06 122
SFIX R,11697289.0,
EFIX R,11697289.0,11697407 120 908.4 541.9 1290
SSACC R,11697409.0,
ESACC R,11697409.0,11697429 22 906.8 539.5 878.1 543.5 0.79 102
SFIX R,11697431.0,
EFIX R,11697431.0,11697469 40 883.4 540.1 1292
SSACC R,11697471.0,
ESACC R,11697471.0,11697499 30 881.2 543.4 916.9 542.3 0.97 150
SFIX R,11697501.0,
EFIX R,11697501.0,11697625 126 919.1 540.6 1292
SSACC R,11697627.0,
ESACC R,11697627.0,11697643 18 919.4 543.6 879.4 542.1 1.08 95
SFIX R,11697645.0,
EFIX R,11697645.0,11697973 330 891.1 535.3 1304
SSACC R,11697975.0,
ESACC R,11697975.0,11697997 24 894.2 535.8 877.8 535.0 0.44 99
SFIX R,11697999.0,
EFIX R,11697999.0,11698687 690 874.4 536.1 1344
SSACC R,11698689.0,
ESACC R,11698689.0,11698717 30 879.6 536.2 916.6 521.4 1.08 166
SFIX R,11698719.0,
EFIX R,11698719.0,11698877 160 922.7 522.5 1382
SSACC R,11698879.0,
ESACC R,11698879.0,11698899 22 926.6 521.3 889.2 535.3 1.08 135
SFIX R,11698901.0,
EFIX R,11698901.0,11699369 470 897.4 531.9 1438
SSACC R,11699371.0,
ESACC R,11699371.0,11699387 18 904.2 530.8 918.3 521.8 0.45 72
SFIX R,11699389.0,
EFIX R,11699389.0,11699945 558 911.5 509.8 1530
SSACC R,11699947.0,
ESACC R,11699947.0,11699975 30 913.4 506.5 875.1 509.1 1.04 182
SFIX R,11699977.0,
EFIX R,11699977.0,11700139 164 872.4 508.7 1551
SSACC R,11700141.0,
ESACC R,11700141.0,11700171 32 872.5 507.2 912.0 503.3 1.08 152
SFIX R,11700173.0,
EFIX R,11700173.0,11701667 1496 919.6 492.4 1668
SSACC R,11701669.0,
ESACC R,11701669.0,11701699 32 914.9 501.3 934.3 503.6 0.53 130
SFIX R,11701701.0,
EFIX R,11701701.0,11701815 116 935.4 504.6 1688
SSACC R,11701817.0,
ESACC R,11701817.0,11701841 26 933.1 505.3 913.3 515.4 0.60 116
SFIX R,11701843.0,
EFIX R,11701843.0,11701909 68 908.8 513.4 1666
SSACC R,11701911.0,
ESACC R,11701911.0,11701937 28 908.2 519.7 935.5 528.9 0.78 141
SFIX R,11701939.0,
EFIX R,11701939.0,11702057 120 943.9 531.0 1645
SSACC R,11702059.0,
ESACC R,11702059.0,11702081 24 951.2 537.9 912.0 540.9 1.07 117
SFIX R,11702083.0,
EFIX R,11702083.0,11702795 714 922.0 552.5 1632
SSACC R,11702797.0,
ESACC R,11702797.0,11702813 18 917.8 556.0 929.5 554.6 0.32 62
SFIX R,11702815.0,
EFIX R,11702815.0,11703625 812 914.5 564.7 1561
SSACC R,11703627.0,
ESACC R,11703627.0,11703649 24 910.2 566.9 910.6 565.2 0.05 72
SFIX R,11703651.0,
EFIX R,11703651.0,11704175 526 925.5 555.4 1535
SSACC R,11704177.0,
ESACC R,11704177.0,11704197 22 925.7 551.5 904.3 554.1 0.58 89
SFIX R,11704199.0,
EFIX R,11704199.0,11704423 226 901.9 557.8 1549
SSACC R,11704425.0,
ESACC R,11704425.0,11704437 14 900.0 566.0 923.6 576.6 0.70 71
SFIX R,11704439.0,
EFIX R,11704439.0,11705807 1370 927.1 529.4 1657
SSACC R,11705809.0,
ESACC R,11705809.0,11705839 32 929.1 521.4 984.2 529.4 1.51 204
SFIX R,11705841.0,
EFIX R,11705841.0,11705949 110 983.9 529.4 1617
SSACC R,11705951.0,
ESACC R,11705951.0,11705979 30 980.9 532.1 924.3 528.3 1.54 193
SFIX R,11705981.0,
EFIX R,11705981.0,11706503 524 908.2 520.8 1613
SSACC R,11706505.0,
ESACC R,11706505.0,11706533 30 911.9 515.6 941.9 521.6 0.83 144
SFIX R,11706535.0,
EFIX R,11706535.0,11706659 126 946.4 521.8 1644
SSACC R,11706661.0,
ESACC R,11706661.0,11706679 20 942.6 525.2 907.7 528.8 0.95 105
SFIX R,11706681.0,
EFIX R,11706681.0,11707467 788 907.1 530.6 1640
SSACC R,11707469.0,
ESACC R,11707469.0,11707483 16 902.8 539.6 910.6 547.9 0.31 50
SFIX R,11707485.0,
EFIX R,11707485.0,11708649 1166 895.3 549.5 1470
SSACC R,11708651.0,
ESACC R,11708651.0,11708685 36 894.2 544.5 985.4 557.7 2.50 279
SFIX R,11708687.0,
EFIX R,11708687.0,11708747 62 986.3 555.1 1417
SSACC R,11708749.0,
ESACC R,11708749.0,11708783 36 985.2 554.6 904.2 550.8 2.20 326
SFIX R,11708785.0,
EFIX R,11708785.0,11709739 956 890.2 545.3 1377
SSACC R,11709741.0,
ESACC R,11709741.0,11709763 24 898.8 540.1 935.0 552.0 1.03 122
SFIX R,11709765.0,
EFIX R,11709765.0,11709943 180 921.9 551.4 1304
SSACC R,11709945.0,
ESACC R,11709945.0,11709963 20 917.7 553.2 882.2 551.7 0.96 93
SFIX R,11709965.0,
EFIX R,11709965.0,11710189 226 885.3 550.1 1279
SSACC R,11710191.0,
ESACC R,11710191.0,11710217 28 882.4 545.3 931.2 548.7 1.33 195
SFIX R,11710219.0,
EFIX R,11710219.0,11710347 130 927.8 548.3 1260
SSACC R,11710349.0,
ESACC R,11710349.0,11710377 30 929.0 550.7 897.9 551.7 0.84 142
SFIX R,11710379.0,
EFIX R,11710379.0,11710919 542 892.6 548.8 1265
SSACC R,11710921.0,
ESACC R,11710921.0,11710943 24 898.7 550.2 823.7 543.6 2.04 186
SFIX R,11710945.0,
EFIX R,11710945.0,11711101 158 840.2 537.6 1323
SSACC R,11711103.0,
ESACC R,11711103.0,11711125 24 838.6 532.4 918.3 539.4 2.17 196
SFIX R,11711127.0,
EFIX R,11711127.0,11712305 1180 900.1 528.9 1347
SSACC R,11712307.0,
SBLINK R,11712347.0,
EBLINK R,11712347.0,11712387 42
ESACC R,11712307.0,11712437 132 916.2 543.9 899.1 525.7 0.68 1255
SFIX R,11712439.0,
EFIX R,11712439.0,11712667 230 918.1 552.6 1406
SSACC R,11712669.0,
ESACC R,11712669.0,11712689 22 914.0 555.0 879.8 554.9 0.93 112
SFIX R,11712691.0,
EFIX R,11712691.0,11712791 102 888.4 552.7 1348
SSACC R,11712793.0,
ESACC R,11712793.0,11712951 160 887.4 554.6 1136.2 610.4 6.89 502
SFIX R,11712953.0,
EFIX R,11712953.0,11713021 70 1121.3 600.8 1186
SSACC R,11713023.0,
ESACC R,11713023.0,11713055 34 1110.9 604.0 918.5 568.6 5.29 307
SFIX R,11713057.0,
EFIX R,11713057.0,11713239 184 911.4 562.3 1109
SSACC R,11713241.0,
ESACC R,11713241.0,11713257 18 902.8 569.7 868.1 584.5 1.02 100
SFIX R,11713259.0,
EFIX R,11713259.0,11713581 324 873.2 577.3 1003
SSACC R,11713583.0,
ESACC R,11713583.0,11713591 10 871.4 569.7 890.9 575.8 0.55 69
SFIX R,11713593.0,
EFIX R,11713593.0,11713829 238 887.9 570.8 1026
SSACC R,11713831.0,
SBLINK R,11713853.0,
EBLINK R,11713853.0,11713973 122
ESACC R,11713831.0,11714003 174 897.1 568.8 904.2 544.9 0.68 1430
SFIX R,11714005.0,
EFIX R,11714005.0,11714847 844 903.3 546.5 1240
SSACC R,11714849.0,
ESACC R,11714849.0,11714871 24 907.8 554.5 911.3 556.0 0.10 82
SFIX R,11714873.0,
EFIX R,11714873.0,11716577 1706 921.1 535.0 1479
SSACC R,11716579.0,
ESACC R,11716579.0,11716613 36 933.3 529.7 1098.3 595.3 4.81 396
SFIX R,11716615.0,
EFIX R,11716615.0,11716811 198 1094.5 581.8 1583
SSACC R,11716813.0,
ESACC R,11716813.0,11716845 34 1089.7 579.9 974.8 540.5 3.29 332
SFIX R,11716847.0,
EFIX R,11716847.0,11717043 198 957.2 540.3 1599
SSACC R,11717045.0,
ESACC R,11717045.0,11717061 18 959.2 549.0 925.9 532.6 1.01 96
SFIX R,11717063.0,
EFIX R,11717063.0,11717465 404 929.1 544.0 1476
SSACC R,11717467.0,
ESACC R,11717467.0,11717479 14 918.3 544.6 918.9 536.5 0.22 47
SFIX R,11717481.0,
EFIX R,11717481.0,11717975 496 918.0 537.3 1402
SSACC R,11717977.0,
ESACC R,11717977.0,11717997 22 921.0 531.0 893.2 539.7 0.79 116
SFIX R,11717999.0,
EFIX R,11717999.0,11718911 914 906.7 530.3 1523
SSACC R,11718913.0,
ESACC R,11718913.0,11718945 34 913.8 534.0 946.8 546.0 0.95 168
SFIX R,11718947.0,
EFIX R,11718947.0,11719045 100 947.1 546.0 1553
SSACC R,11719047.0,
ESACC R,11719047.0,11719073 28 943.3 541.7 916.7 549.3 0.75 150
SFIX R,11719075.0,
EFIX R,11719075.0,11719679 606 906.3 541.7 1490
SSACC R,11719681.0,
ESACC R,11719681.0,11719697 18 902.3 538.9 918.1 533.5 0.45 69
SFIX R,11719699.0,
EFIX R,11719699.0,11719897 200 909.8 531.2 1372
SSACC R,11719899.0,
ESACC R,11719899.0,11719915 18 910.1 532.6 891.5 539.3 0.54 70
SFIX R,11719917.0,
EFIX R,11719917.0,11723151 3236 924.2 511.6 1541
SSACC R,11723153.0,
ESACC R,11723153.0,11723177 26 924.4 505.9 942.1 504.2 0.48 94
SFIX R,11723179.0,
EFIX R,11723179.0,11723715 538 937.6 503.3 1650
SSACC R,11723717.0,
ESACC R,11723717.0,11723743 28 932.5 492.8 918.6 490.7 0.38 119
SFIX R,11723745.0,
EFIX R,11723745.0,11724003 260 908.2 491.8 1639
SSACC R,11724005.0,
ESACC R,11724005.0,11724015 12 909.4 492.3 929.4 496.4 0.55 62
SFIX R,11724017.0,
EFIX R,11724017.0,11724369 354 926.8 498.7 1587
SSACC R,11724371.0,
ESACC R,11724371.0,11724395 26 924.3 503.6 908.9 511.3 0.47 102
SFIX R,11724397.0,
EFIX R,11724397.0,11724613 218 898.1 512.0 1532
SSACC R,11724615.0,
ESACC R,11724615.0,11724627 14 898.3 514.2 921.6 520.9 0.66 72
SFIX R,11724629.0,
EFIX R,11724629.0,11725079 452 923.2 521.5 1572
SSACC R,11725081.0,
ESACC R,11725081.0,11725103 24 928.4 526.5 927.8 522.4 0.11 82
SFIX R,11725105.0,
EFIX R,11725105.0,11725541 438 908.0 513.4 1568
SSACC R,11725543.0,
ESACC R,11725543.0,11725563 22 898.6 517.3 935.2 517.6 0.99 127
SFIX R,11725565.0,
EFIX R,11725565.0,11725697 134 926.1 528.9 1532
SSACC R,11725699.0,
ESACC R,11725699.0,11725719 22 926.5 538.8 898.3 541.8 0.77 88
SFIX R,11725721.0,
EFIX R,11725721.0,11726217 498 900.8 549.6 1503
SSACC R,11726219.0,
ESACC R,11726219.0,11726237 20 904.5 545.3 938.6 554.3 0.96 97
SFIX R,11726239.0,
EFIX R,11726239.0,11726409 172 922.2 553.2 1453
SSACC R,11726411.0,
ESACC R,11726411.0,11726431 22 914.6 557.6 892.4 562.9 0.62 88
SFIX R,11726433.0,
EFIX R,11726433.0,11727223 792 901.3 545.6 1506
SSACC R,11727225.0,
ESACC R,11727225.0,11727251 28 910.0 559.5 926.5 550.6 0.51 114
SFIX R,11727253.0,
EFIX R,11727253.0,11727419 168 926.5 550.1 1551
SSACC R,11727421.0,
ESACC R,11727421.0,11727439 20 924.4 547.4 905.9 556.9 0.56 85
SFIX R,11727441.0,
EFIX R,11727441.0,11727795 356 911.5 552.9 1558
SSACC R,11727797.0,
ESACC R,11727797.0,11727811 16 911.1 550.0 926.2 550.7 0.41 60
SFIX R,11727813.0,
EFIX R,11727813.0,11728099 288 920.6 553.7 1563
SSACC R,11728101.0,
ESACC R,11728101.0,11728119 20 909.7 552.2 905.6 549.4 0.13 70
SFIX R,11728121.0,
EFIX R,11728121.0,11728587 468 893.5 540.3 1516
SSACC R,11728589.0,
SBLINK R,11728617.0,
EBLINK R,11728617.0,11728701 86
ESACC R,11728589.0,11728765 178 912.5 552.3 940.8 517.7 1.21 1769
SFIX R,11728767.0,
EFIX R,11728767.0,11729045 280 923.6 536.3 1394
SSACC R,11729047.0,
ESACC R,11729047.0,11729063 18 916.0 540.3 907.2 555.5 0.48 69
SFIX R,11729065.0,
EFIX R,11729065.0,11730389 1326 901.4 554.8 1198
SSACC R,11730391.0,
ESACC R,11730391.0,11730411 22 899.8 537.7 924.4 540.2 0.67 85
SFIX R,11730413.0,
EFIX R,11730413.0,11731379 968 916.6 540.8 1238
SSACC R,11731381.0,
ESACC R,11731381.0,11731395 16 915.8 535.2 912.2 546.5 0.32 50
SFIX R,11731397.0,
EFIX R,11731397.0,11733081 1686 923.3 532.8 1342
SSACC R,11733083.0,
ESACC R,11733083.0,11733105 24 919.3 534.1 970.6 529.4 1.40 146
SFIX R,11733107.0,
EFIX R,11733107.0,11733217 112 958.0 530.4 1355
SSACC R,11733219.0,
ESACC R,11733219.0,11733241 24 955.7 535.6 912.5 538.1 1.17 126
SFIX R,11733243.0,
EFIX R,11733243.0,11733803 562 909.7 539.9 1332
SSACC R,11733805.0,
ESACC R,11733805.0,11733823 20 897.6 542.6 901.2 551.7 0.27 63
SFIX R,11733825.0,
EFIX R,11733825.0,11734531 708 892.9 553.4 1146
SSACC R,11734533.0,
SBLINK R,11734571.0,
EBLINK R,11734571.0,11734611 42
ESACC R,11734533.0,11734639 108 897.4 561.0 916.6 569.6 0.57 956
SFIX R,11734641.0,
EFIX R,11734641.0,11735837 1198 896.3 562.2 963
SSACC R,11735839.0,
ESACC R,11735839.0,11735859 22 893.8 544.4 854.9 541.7 1.06 127
SFIX R,11735861.0,
EFIX R,11735861.0,11735931 72 864.6 535.1 1025
SSACC R,11735933.0,
ESACC R,11735933.0,11735965 34 868.4 532.0 931.1 536.1 1.70 238
SFIX R,11735967.0,
EFIX R,11735967.0,11735999 34 934.4 534.2 1047
SSACC R,11736001.0,
ESACC R,11736001.0,11736033 34 936.6 534.7 871.4 526.7 1.78 226
SFIX R,11736035.0,
EFIX R,11736035.0,11736199 166 867.8 525.6 1091
SSACC R,11736201.0,
ESACC R,11736201.0,11736209 10 868.4 529.2 890.1 531.3 0.59 73
SFIX R,11736211.0,
EFIX R,11736211.0,11736843 634 890.6 532.5 1190
SSACC R,11736845.0,
ESACC R,11736845.0,11736853 10 897.5 543.1 912.7 542.9 0.41 51
SFIX R,11736855.0,
EFIX R,11736855.0,11737557 704 903.3 542.4 1301
SSACC R,11737559.0,
ESACC R,11737559.0,11737577 20 894.2 546.2 907.4 543.2 0.37 76
SFIX R,11737579.0,
EFIX R,11737579.0,11739265 1688 927.5 513.3 1446
SSACC R,11739267.0,
ESACC R,11739267.0,11739279 14 953.7 488.4 937.3 485.1 0.45 55
SFIX R,11739281.0,
EFIX R,11739281.0,11740073 794 930.5 491.1 1553
SSACC R,11740075.0,
ESACC R,11740075.0,11740095 22 922.8 497.3 921.4 500.3 0.09 66
SFIX R,11740097.0,
EFIX R,11740097.0,11740401 306 916.2 508.0 1570
SSACC R,11740403.0,
ESACC R,11740403.0,11740425 24 915.1 519.7 901.6 524.7 0.39 96
SFIX R,11740427.0,
EFIX R,11740427.0,11741139 714 915.4 522.3 1509
SSACC R,11741141.0,
ESACC R,11741141.0,11741167 28 923.8 530.0 907.3 528.1 0.45 132
SFIX R,11741169.0,
EFIX R,11741169.0,11741353 186 900.7 527.5 1484
SSACC R,11741355.0,
ESACC R,11741355.0,11741369 16 900.6 527.1 934.5 529.8 0.92 78
SFIX R,11741371.0,
EFIX R,11741371.0,11741765 396 928.4 531.4 1497
SSACC R,11741767.0,
ESACC R,11741767.0,11741785 20 927.8 532.2 904.6 541.0 0.67 91
SFIX R,11741787.0,
EFIX R,11741787.0,11742289 504 905.5 535.0 1529
SSACC R,11742291.0,
ESACC R,11742291.0,11742311 22 906.6 540.4 939.1 543.9 0.89 100
SFIX R,11742313.0,
EFIX R,11742313.0,11742517 206 933.3 536.9 1532
SSACC R,11742519.0,
ESACC R,11742519.0,11742533 16 929.5 533.2 919.2 531.8 0.28 60
SFIX R,11742535.0,
EFIX R,11742535.0,11744003 1470 909.1 532.0 1340
SSACC R,11744005.0,
ESACC R,11744005.0,11744027 24 903.1 525.3 861.2 534.4 1.16 134
SFIX R,11744029.0,
EFIX R,11744029.0,11744069 42 870.1 528.7 1282
SSACC R,11744071.0,
ESACC R,11744071.0,11744105 36 869.5 529.4 941.1 526.0 1.94 278
SFIX R,11744107.0,
EFIX R,11744107.0,11744213 108 949.5 527.8 1294
SSACC R,11744215.0,
ESACC R,11744215.0,11744233 20 953.7 524.1 899.9 527.9 1.46 140
SFIX R,11744235.0,
EFIX R,11744235.0,11744265 32 912.5 532.9 1293
SSACC R,11744267.0,
ESACC R,11744267.0,11744313 48 918.5 526.9 914.4 520.8 0.20 197
SFIX R,11744315.0,
EFIX R,11744315.0,11744513 200 905.3 538.0 1273
SSACC R,11744515.0,
SBLINK R,11744539.0,
EBLINK R,11744539.0,11744639 102
ESACC R,11744515.0,11744681 168 912.1 535.4 923.7 517.8 0.57 1752
SFIX R,11744683.0,
EFIX R,11744683.0,11744953 272 914.4 533.0 1212
SSACC R,11744955.0,
ESACC R,11744955.0,11744965 12 910.8 534.0 900.8 546.1 0.43 54
SFIX R,11744967.0,
EFIX R,11744967.0,11745409 444 905.1 540.7 1167
SSACC R,11745411.0,
ESACC R,11745411.0,11745431 22 898.5 531.5 902.0 532.3 0.10 66
SFIX R,11745433.0,
EFIX R,11745433.0,11745713 282 895.4 530.0 1138
SSACC R,11745715.0,
ESACC R,11745715.0,11745743 30 893.4 532.6 918.5 538.7 0.70 142
SFIX R,11745745.0,
EFIX R,11745745.0,11745861 118 924.2 534.9 1125
SSACC R,11745863.0,
ESACC R,11745863.0,11745885 24 927.0 532.9 895.8 538.0 0.86 112
SFIX R,11745887.0,
EFIX R,11745887.0,11746437 552 904.1 531.9 1209
SSACC R,11746439.0,
ESACC R,11746439.0,11746469 32 900.1 526.2 949.2 539.0 1.38 198
SFIX R,11746471.0,
EFIX R,11746471.0,11746573 104 951.4 536.2 1318
SSACC R,11746575.0,
ESACC R,11746575.0,11746595 22 952.0 538.2 903.7 536.1 1.31 144
SFIX R,11746597.0,
EFIX R,11746597.0,11747639 1044 911.5 543.2 1259
SSACC R,11747641.0,
ESACC R,11747641.0,11747653 14 907.3 551.6 919.2 544.7 0.37 50
SFIX R,11747655.0,
EFIX R,11747655.0,11748487 834 918.0 528.6 1290
SSACC R,11748489.0,
ESACC R,11748489.0,11748525 38 926.0 527.6 930.0 650.1 3.32 157
SFIX R,11748527.0,
EFIX R,11748527.0,11748757 232 915.9 632.8 1339
SSACC R,11748759.0,
ESACC R,11748759.0,11748779 22 909.6 632.3 924.3 561.4 1.96 158
SFIX R,11748781.0,
EFIX R,11748781.0,11748933 154 919.8 549.7 1306
SSACC R,11748935.0,
ESACC R,11748935.0,11748951 18 919.5 546.0 916.5 526.1 0.55 62
SFIX R,11748953.0,
EFIX R,11748953.0,11750501 1550 908.4 524.4 1188
SSACC R,11750503.0,
SBLINK R,11750527.0,
EBLINK R,11750527.0,11750591 66
ESACC R,11750503.0,11750625 124 896.9 554.1 909.7 512.0 1.19 1913
SFIX R,11750627.0,
EFIX R,11750627.0,11751291 666 900.9 534.0 1121
SSACC R,11751293.0,
ESACC R,11751293.0,11751303 12 902.4 541.3 886.0 544.6 0.45 56
SFIX R,11751305.0,
EFIX R,11751305.0,11751783 480 893.4 542.4 982
SSACC R,11751785.0,
ESACC R,11751785.0,11751801 18 895.1 538.6 903.0 536.4 0.22 51
SFIX R,11751803.0,
EFIX R,11751803.0,11752113 312 901.6 533.4 1035
SSACC R,11752115.0,
ESACC R,11752115.0,11752133 20 900.6 530.0 879.4 533.6 0.58 87
SFIX R,11752135.0,
EFIX R,11752135.0,11752185 52 884.9 530.2 1058
SSACC R,11752187.0,
ESACC R,11752187.0,11752209 24 883.0 527.9 941.4 536.6 1.60 157
SFIX R,11752211.0,
EFIX R,11752211.0,11752331 122 925.7 538.6 1081
SSACC R,11752333.0,
ESACC R,11752333.0,11752347 16 923.0 542.2 888.1 540.0 0.95 92
SFIX R,11752349.0,
EFIX R,11752349.0,11752693 346 897.6 541.2 1088
SSACC R,11752695.0,
ESACC R,11752695.0,11752711 18 899.3 532.1 893.0 533.4 0.17 60
SFIX R,11752713.0,
EFIX R,11752713.0,11753611 900 892.1 531.6 1106
SSACC R,11753613.0,
ESACC R,11753613.0,11753635 24 887.7 527.5 928.8 533.8 1.13 126
SFIX R,11753637.0,
EFIX R,11753637.0,11753739 104 922.4 532.6 1144
SSACC R,11753741.0,
ESACC R,11753741.0,11753763 24 923.2 534.0 888.1 532.8 0.95 111
SFIX R,11753765.0,
EFIX R,11753765.0,11754935 1172 907.3 528.4 1247
SSACC R,11754937.0,
ESACC R,11754937.0,11754969 34 934.3 517.7 1002.2 559.3 2.16 272
SFIX R,11754971.0,
EFIX R,11754971.0,11755089 120 1008.8 554.2 1387
SSACC R,11755091.0,
ESACC R,11755091.0,11755113 24 1011.3 555.3 957.6 534.7 1.56 165
SFIX R,11755115.0,
EFIX R,11755115.0,11755251 138 965.1 531.5 1409
SSACC R,11755253.0,
ESACC R,11755253.0,11755271 20 965.6 532.6 932.0 522.9 0.95 103
SFIX R,11755273.0,
EFIX R,11755273.0,11755615 344 936.2 514.3 1408
SSACC R,11755617.0,
ESACC R,11755617.0,11755639 24 923.8 509.6 908.4 504.0 0.44 100
SFIX R,11755641.0,
EFIX R,11755641.0,11755961 322 900.8 506.8 1425
SSACC R,11755963.0,
ESACC R,11755963.0,11755995 34 905.0 513.3 987.9 559.7 2.57 293
SFIX R,11755997.0,
EFIX R,11755997.0,11756121 126 993.1 547.1 1444
SSACC R,11756123.0,
ESACC R,11756123.0,11756153 32 995.1 541.5 941.9 540.0 1.44 215
SFIX R,11756155.0,
EFIX R,11756155.0,11756427 274 933.6 531.8 1471
SSACC R,11756429.0,
ESACC R,11756429.0,11756443 16 931.4 529.4 936.6 519.5 0.30 54
SFIX R,11756445.0,
EFIX R,11756445.0,11756685 242 943.2 520.9 1495
SSACC R,11756687.0,
ESACC R,11756687.0,11756757 72 945.8 523.4 1326.7 955.2 15.22 448
SFIX R,11756759.0,
EFIX R,11756759.0,11756959 202 1313.3 963.7 1516
SSACC R,11756961.0,
ESACC R,11756961.0,11757025 66 1305.3 966.5 1004.2 560.2 13.37 364
SFIX R,11757027.0,
EFIX R,11757027.0,11757247 222 967.8 546.0 1457
SSACC R,11757249.0,
ESACC R,11757249.0,11757267 20 954.0 546.1 910.2 527.3 1.29 125
SFIX R,11757269.0,
EFIX R,11757269.0,11758237 970 910.6 526.9 1275
SSACC R,11758239.0,
ESACC R,11758239.0,11758255 18 919.8 527.8 928.7 528.8 0.24 70
SFIX R,11758257.0,
EFIX R,11758257.0,11759173 918 923.3 515.4 1395
SSACC R,11759175.0,
SBLINK R,11759203.0,
EBLINK R,11759203.0,11759245 44
ESACC R,11759175.0,11759297 124 931.1 529.9 957.4 520.9 0.75 1562
SFIX R,11759299.0,
EFIX R,11759299.0,11759477 180 943.4 520.4 1438
SSACC R,11759479.0,
ESACC R,11759479.0,11759497 20 936.7 523.0 913.7 518.0 0.64 88
SFIX R,11759499.0,
EFIX R,11759499.0,11759895 398 924.5 512.8 1414
SSACC R,11759897.0,
ESACC R,11759897.0,11759913 18 923.4 515.3 940.5 510.1 0.48 63
SFIX R,11759915.0,
EFIX R,11759915.0,11760273 360 928.1 515.9 1405
SSACC R,11760275.0,
ESACC R,11760275.0,11760289 16 927.3 525.3 912.8 522.7 0.40 67
SFIX R,11760291.0,
EFIX R,11760291.0,11760905 616 931.8 519.8 1462
SSACC R,11760907.0,
SBLINK R,11760931.0,
EBLINK R,11760931.0,11761007 78
ESACC R,11760907.0,11761067 162 940.7 528.5 971.7 504.4 1.06 1746
SFIX R,11761069.0,
EFIX R,11761069.0,11761799 732 948.3 516.2 1454
SSACC R,11761801.0,
ESACC R,11761801.0,11761821 22 936.0 515.0 926.3 509.8 0.30 81
SFIX R,11761823.0,
EFIX R,11761823.0,11761913 92 922.1 509.6 1397
SSACC R,11761915.0,
ESACC R,11761915.0,11761941 28 919.1 514.1 942.8 513.1 0.64 122
SFIX R,11761943.0,
EFIX R,11761943.0,11762237 296 945.5 508.2 1443
SSACC R,11762239.0,
ESACC R,11762239.0,11762259 22 952.4 499.9 928.6 505.8 0.66 82
SFIX R,11762261.0,
EFIX R,11762261.0,11763843 1584 945.6 490.9 1609
SSACC R,11763845.0,
ESACC R,11763845.0,11763861 18 950.0 486.8 965.5 495.8 0.49 64
SFIX R,11763863.0,
EFIX R,11763863.0,11764031 170 963.1 493.9 1587
SSACC R,11764033.0,
ESACC R,11764033.0,11764053 22 966.2 500.0 948.1 501.2 0.49 85
SFIX R,11764055.0,
EFIX R,11764055.0,11764529 476 946.2 505.0 1543
SSACC R,11764531.0,
ESACC R,11764531.0,11764539 10 953.4 513.8 945.1 510.9 0.24 54
SFIX R,11764541.0,
EFIX R,11764541.0,11765457 918 934.0 517.3 1394
SSACC R,11765459.0,
ESACC R,11765459.0,11765475 18 916.8 528.3 914.8 523.9 0.13 67
SFIX R,11765477.0,
EFIX R,11765477.0,11766463 988 919.9 519.5 1378
SSACC R,11766465.0,
ESACC R,11766465.0,11766487 24 925.4 512.3 970.1 519.2 1.23 151
SFIX R,11766489.0,
EFIX R,11766489.0,11766601 114 963.5 518.7 1444
SSACC R,11766603.0,
ESACC R,11766603.0,11766623 22 963.5 516.3 922.5 516.6 1.11 131
SFIX R,11766625.0,
EFIX R,11766625.0,11767679 1056 925.0 506.3 1332
SSACC R,11767681.0,
ESACC R,11767681.0,11767701 22 925.5 503.9 898.9 504.5 0.72 91
SFIX R,11767703.0,
EFIX R,11767703.0,11767811 110 902.2 503.8 1282
SSACC R,11767813.0,
ESACC R,11767813.0,11767831 20 899.2 504.4 932.8 506.1 0.91 94
SFIX R,11767833.0,
EFIX R,11767833.0,11768295 464 913.5 514.5 1285
SSACC R,11768297.0,
SBLINK R,11768321.0,
EBLINK R,11768321.0,11768419 100
ESACC R,11768297.0,11768477 182 911.8 529.4 910.5 493.6 0.97 2023
SFIX R,11768479.0,
EFIX R,11768479.0,11771161 2684 895.6 534.7 1212
SSACC R,11771163.0,
ESACC R,11771163.0,11771181 20 897.2 528.9 917.8 522.2 0.59 72
SFIX R,11771183.0,
EFIX R,11771183.0,11771317 136 910.0 525.7 1178
SSACC R,11771319.0,
ESACC R,11771319.0,11771323 6 908.8 526.1 898.6 530.1 0.30 48
SFIX R,11771325.0,
EFIX R,11771325.0,11771853 530 901.2 527.1 1093
SSACC R,11771855.0,
ESACC R,11771855.0,11771869 16 897.1 520.3 885.3 520.2 0.32 55
SFIX R,11771871.0,
EFIX R,11771871.0,11772483 614 884.2 506.5 1136
SSACC R,11772485.0,
ESACC R,11772485.0,11772501 18 883.1 502.2 895.1 508.6 0.37 69
SFIX R,11772503.0,
EFIX R,11772503.0,11773469 968 890.1 511.0 1182
SSACC R,11773471.0,
ESACC R,11773471.0,11773497 28 887.1 525.9 912.4 526.8 0.69 121
SFIX R,11773499.0,
EFIX R,11773499.0,11774267 770 904.3 525.0 1210
SSACC R,11774269.0,
ESACC R,11774269.0,11774285 18 914.6 522.4 909.8 520.1 0.14 60
SFIX R,11774287.0,
EFIX R,11774287.0,11775117 832 926.3 505.2 1421
SSACC R,11775119.0,
ESACC R,11775119.0,11775145 28 923.7 503.6 931.9 496.4 0.30 96
SFIX R,11775147.0,
EFIX R,11775147.0,11775395 250 938.4 500.4 1483
SSACC R,11775397.0,
ESACC R,11775397.0,11775419 24 941.1 503.9 926.7 515.3 0.50 98
SFIX R,11775421.0,
EFIX R,11775421.0,11776213 794 923.9 506.0 1499
SSACC R,11776215.0,
ESACC R,11776215.0,11776229 16 927.0 518.0 931.8 515.8 0.14 46
SFIX R,11776231.0,
EFIX R,11776231.0,11776649 420 931.9 514.4 1397
SSACC R,11776651.0,
ESACC R,11776651.0,11776657 8 929.3 511.5 938.4 514.2 0.26 42
SFIX R,11776659.0,
EFIX R,11776659.0,11777673 1016 946.4 506.7 1518
SSACC R,11777675.0,
ESACC R,11777675.0,11777693 20 960.7 509.6 949.1 511.1 0.32 75
SFIX R,11777695.0,
EFIX R,11777695.0,11779461 1768 946.3 512.4 1362
SSACC R,11779463.0,
ESACC R,11779463.0,11779469 8 939.0 507.9 950.3 517.2 0.40 60
SFIX R,11779471.0,
EFIX R,11779471.0,11779597 128 946.7 518.8 1484
SSACC R,11779599.0,
ESACC R,11779599.0,11779613 16 945.0 519.3 927.4 517.3 0.48 70
SFIX R,11779615.0,
EFIX R,11779615.0,11779741 128 927.2 516.2 1505
SSACC R,11779743.0,
ESACC R,11779743.0,11779757 16 930.2 518.8 942.1 517.6 0.32 53
SFIX R,11779759.0,
EFIX R,11779759.0,11780137 380 924.9 508.1 1462
SSACC R,11780139.0,
ESACC R,11780139.0,11780155 18 911.9 498.0 927.9 502.3 0.45 58
SFIX R,11780157.0,
EFIX R,11780157.0,11780405 250 931.6 497.8 1514
SSACC R,11780407.0,
ESACC R,11780407.0,11780423 18 935.4 502.2 931.4 499.3 0.13 60
SFIX R,11780425.0,
EFIX R,11780425.0,11782263 1840 924.9 510.3 1561
SSACC R,11782265.0,
ESACC R,11782265.0,11782277 14 910.4 532.1 937.2 535.0 0.73 82
SFIX R,11782279.0,
EFIX R,11782279.0,11782487 210 934.2 526.5 1524
SSACC R,11782489.0,
ESACC R,11782489.0,11782515 28 938.8 517.7 926.5 514.5 0.34 102
SFIX R,11782517.0,
EFIX R,11782517.0,11782907 392 931.2 509.4 1570
SSACC R,11782909.0,
ESACC R,11782909.0,11782927 20 938.5 507.4 953.4 506.9 0.40 66
SFIX R,11782929.0,
EFIX R,11782929.0,11783177 250 945.5 500.5 1611
SSACC R,11783179.0,
ESACC R,11783179.0,11783197 20 941.2 495.4 927.3 499.1 0.39 75
SFIX R,11783199.0,
EFIX R,11783199.0,11783393 196 930.7 499.9 1582
SSACC R,11783395.0,
ESACC R,11783395.0,11783413 20 934.9 504.9 951.7 499.6 0.48 76
SFIX R,11783415.0,
EFIX R,11783415.0,11783661 248 950.2 493.5 1577
SSACC R,11783663.0,
ESACC R,11783663.0,11783679 18 947.1 492.9 925.4 500.7 0.62 74
SFIX R,11783681.0,
EFIX R,11783681.0,11784187 508 917.4 501.8 1557
SSACC R,11784189.0,
ESACC R,11784189.0,11784209 22 924.4 486.2 944.3 484.6 0.54 78
SFIX R,11784211.0,
EFIX R,11784211.0,11784409 200 937.8 458.7 1599
SSACC R,11784411.0,
ESACC R,11784411.0,11784425 16 929.3 453.8 924.4 477.8 0.66 59
SFIX R,11784427.0,
EFIX R,11784427.0,11785299 874 928.0 477.1 1431
SSACC R,11785301.0,
ESACC R,11785301.0,11785331 32 929.3 483.2 905.1 484.6 0.66 174
SFIX R,11785333.0,
EFIX R,11785333.0,11785399 68 895.3 489.7 1461
SSACC R,11785401.0,
ESACC R,11785401.0,11785431 32 894.7 492.8 948.0 504.4 1.48 250
SFIX R,11785433.0,
EFIX R,11785433.0,11785585 154 951.3 510.9 1462
SSACC R,11785587.0,
ESACC R,11785587.0,11785605 20 949.3 516.0 917.9 511.2 0.86 102
SFIX R,11785607.0,
EFIX R,11785607.0,11786007 402 919.7 521.3 1467
SSACC R,11786009.0,
SBLINK R,11786033.0,
EBLINK R,11786033.0,11786127 96
ESACC R,11786009.0,11786175 168 934.6 533.7 969.4 521.8 1.00 1859
SFIX R,11786177.0,
EFIX R,11786177.0,11786355 180 955.2 552.2 1489
SSACC R,11786357.0,
ESACC R,11786357.0,11786375 20 945.1 550.0 916.9 534.6 0.87 106
SFIX R,11786377.0,
EFIX R,11786377.0,11788917 2542 911.5 534.3 1157
SSACC R,11788919.0,
ESACC R,11788919.0,11788923 6 924.4 524.8 927.8 518.3 0.20 46
SFIX R,11788925.0,
EFIX R,11788925.0,11789347 424 928.9 523.4 1390
SSACC R,11789349.0,
ESACC R,11789349.0,11789359 12 923.2 528.7 941.2 533.9 0.51 61
SFIX R,11789361.0,
EFIX R,11789361.0,11791917 2558 918.8 511.3 1479
SSACC R,11791919.0,
ESACC R,11791919.0,11791941 24 905.2 498.5 892.7 498.8 0.34 96
SFIX R,11791943.0,
EFIX R,11791943.0,11792447 506 908.7 503.7 1565
SSACC R,11792449.0,
ESACC R,11792449.0,11792469 22 917.0 508.6 929.3 509.5 0.33 84
SFIX R,11792471.0,
EFIX R,11792471.0,11792727 258 925.0 510.4 1584
SSACC R,11792729.0,
ESACC R,11792729.0,11792747 20 924.1 507.4 930.3 509.4 0.18 68
SFIX R,11792749.0,
EFIX R,11792749.0,11793893 1146 928.2 500.4 1559
SSACC R,11793895.0,
ESACC R,11793895.0,11793911 18 912.2 510.9 897.0 513.8 0.42 75
SFIX R,11793913.0,
EFIX R,11793913.0,11794081 170 898.9 508.1 1494
SSACC R,11794083.0,
ESACC R,11794083.0,11794103 22 897.2 501.8 927.1 509.8 0.84 98
SFIX R,11794105.0,
EFIX R,11794105.0,11794297 194 918.8 506.5 1523
SSACC R,11794299.0,
ESACC R,11794299.0,11794315 18 914.9 505.5 902.3 505.0 0.34 63
SFIX R,11794317.0,
EFIX R,11794317.0,11794741 426 907.5 498.8 1556
SSACC R,11794743.0,
ESACC R,11794743.0,11794761 20 913.5 498.7 920.6 496.6 0.20 69
SFIX R,11794763.0,
EFIX R,11794763.0,11797953 3192 900.7 522.8 1296
SSACC R,11797955.0,
ESACC R,11797955.0,11797973 20 903.2 531.8 915.0 532.9 0.32 71
SFIX R,11797975.0,
EFIX R,11797975.0,11798979 1006 916.1 520.1 1389
SSACC R,11798981.0,
ESACC R,11798981.0,11799055 76 918.1 529.6 916.8 515.6 0.38 1346
SFIX R,11799057.0,
EFIX R,11799057.0,11799367 312 912.2 531.6 1435
SSACC R,11799369.0,
ESACC R,11799369.0,11799383 16 909.6 529.4 901.0 526.1 0.25 59
SFIX R,11799385.0,
EFIX R,11799385.0,11799825 442 894.5 533.4 1315
SSACC R,11799827.0,
ESACC R,11799827.0,11799847 22 887.6 540.1 900.9 537.8 0.37 83
SFIX R,11799849.0,
EFIX R,11799849.0,11800235 388 898.6 535.3 1314
SSACC R,11800237.0,
ESACC R,11800237.0,11800261 26 902.8 528.1 887.4 522.4 0.45 110
SFIX R,11800263.0,
EFIX R,11800263.0,11800419 158 887.8 515.8 1402
SSACC R,11800421.0,
ESACC R,11800421.0,11800437 18 891.8 510.9 922.2 513.9 0.83 84
SFIX R,11800439.0,
EFIX R,11800439.0,11800781 344 921.5 513.7 1499
SSACC R,11800783.0,
ESACC R,11800783.0,11800801 20 925.2 517.0 926.9 513.1 0.12 64
SFIX R,11800803.0,
EFIX R,11800803.0,11802019 1218 927.3 515.8 1594
SSACC R,11802021.0,
ESACC R,11802021.0,11802045 26 926.9 516.6 952.8 503.5 0.79 118
SFIX R,11802047.0,
EFIX R,11802047.0,11802157 112 952.2 508.1 1675
SSACC R,11802159.0,
ESACC R,11802159.0,11802185 28 952.3 506.6 935.0 506.2 0.47 114
SFIX R,11802187.0,
EFIX R,11802187.0,11802757 572 931.2 508.0 1717
SSACC R,11802759.0,
ESACC R,11802759.0,11802785 28 927.7 506.0 959.2 505.9 0.85 145
SFIX R,11802787.0,
EFIX R,11802787.0,11802897 112 960.8 510.8 1733
SSACC R,11802899.0,
ESACC R,11802899.0,11802919 22 958.1 511.0 929.1 508.8 0.79 110
SFIX R,11802921.0,
EFIX R,11802921.0,11809373 6454 928.7 490.5 1714
SSACC R,11809375.0,
ESACC R,11809375.0,11809397 24 938.6 508.5 948.0 506.4 0.26 82
SFIX R,11809399.0,
EFIX R,11809399.0,11809631 234 946.4 505.6 1732
SSACC R,11809633.0,
ESACC R,11809633.0,11809649 18 938.8 504.6 930.5 508.1 0.24 78
SFIX R,11809651.0,
EFIX R,11809651.0,11813127 3478 925.0 515.8 1633
SSACC R,11813129.0,
ESACC R,11813129.0,11813151 24 925.4 523.8 890.9 532.0 0.96 114
SFIX R,11813153.0,
EFIX R,11813153.0,11813175 24 902.6 524.9 1574
SSACC R,11813177.0,
ESACC R,11813177.0,11813207 32 899.7 522.5 933.1 523.3 0.91 166
SFIX R,11813209.0,
EFIX R,11813209.0,11813317 110 937.4 526.7 1594
SSACC R,11813319.0,
ESACC R,11813319.0,11813339 22 938.2 525.5 916.2 534.7 0.65 80
SFIX R,11813341.0,
EFIX R,11813341.0,11814139 800 917.4 529.0 1602
SSACC R,11814141.0,
ESACC R,11814141.0,11814169 30 908.2 536.5 880.4 542.8 0.77 165
SFIX R,11814171.0,
EFIX R,11814171.0,11814325 156 869.9 540.4 1539
SSACC R,11814327.0,
ESACC R,11814327.0,11814339 14 870.8 544.3 896.6 539.5 0.71 76
SFIX R,11814341.0,
EFIX R,11814341.0,11814537 198 887.7 538.3 1513
SSACC R,11814539.0,
ESACC R,11814539.0,11814543 6 892.3 537.2 898.3 534.9 0.17 47
SFIX R,11814545.0,
EFIX R,11814545.0,11815273 730 903.4 539.0 1452
SSACC R,11815275.0,
ESACC R,11815275.0,11815297 24 903.9 547.5 880.0 544.4 0.65 108
SFIX R,11815299.0,
EFIX R,11815299.0,11816109 812 887.2 547.7 1414
SSACC R,11816111.0,
SBLINK R,11816143.0,
EBLINK R,11816143.0,11816211 70
ESACC R,11816111.0,11816257 148 900.3 553.8 928.5 524.1 1.11 1912
SFIX R,11816259.0,
EFIX R,11816259.0,11817477 1220 907.6 540.5 1246
SSACC R,11817479.0,
ESACC R,11817479.0,11817501 24 906.6 536.0 870.3 541.7 1.00 138
SFIX R,11817503.0,
EFIX R,11817503.0,11817731 230 879.5 543.8 1221
SSACC R,11817733.0,
ESACC R,11817733.0,11817743 12 882.9 545.6 902.8 541.2 0.55 65
SFIX R,11817745.0,
EFIX R,11817745.0,11819693 1950 886.4 546.6 1307
SSACC R,11819695.0,
ESACC R,11819695.0,11819743 50 872.4 535.5 837.9 522.9 0.99 128
SFIX R,11819745.0,
EFIX R,11819745.0,11819873 130 851.8 526.7 1283
SSACC R,11819875.0,
ESACC R,11819875.0,11819889 16 854.8 529.0 885.3 537.7 0.86 76
SFIX R,11819891.0,
EFIX R,11819891.0,11820985 1096 890.0 544.5 1189
SSACC R,11820987.0,
ESACC R,11820987.0,11821019 34 890.9 546.3 829.1 607.7 2.36 220
SFIX R,11821021.0,
EFIX R,11821021.0,11821211 192 828.9 604.5 1186
SSACC R,11821213.0,
ESACC R,11821213.0,11821235 24 828.6 606.1 895.7 574.0 2.01 166
SFIX R,11821237.0,
EFIX R,11821237.0,11821503 268 885.1 575.9 1182
SSACC R,11821505.0,
ESACC R,11821505.0,11821517 14 892.3 574.6 909.4 562.6 0.57 63
SFIX R,11821519.0,
EFIX R,11821519.0,11821957 440 900.8 554.3 1114
SSACC R,11821959.0,
ESACC R,11821959.0,11821975 18 894.7 554.5 876.8 553.3 0.49 84
SFIX R,11821977.0,
EFIX R,11821977.0,11823209 1234 878.4 555.3 1083
SSACC R,11823211.0,
ESACC R,11823211.0,11823229 20 872.6 559.4 930.4 545.4 1.61 136
SFIX R,11823231.0,
EFIX R,11823231.0,11823339 110 916.7 546.1 1013
SSACC R,11823341.0,
ESACC R,11823341.0,11823361 22 916.3 545.1 868.2 551.2 1.31 133
SFIX R,11823363.0,
EFIX R,11823363.0,11825059 1698 882.0 544.9 1025
SSACC R,11825061.0,
ESACC R,11825061.0,11825081 22 898.7 541.5 881.7 543.9 0.47 96
SFIX R,11825083.0,
EFIX R,11825083.0,11825753 672 882.9 539.3 1114
SSACC R,11825755.0,
ESACC R,11825755.0,11825769 16 882.3 535.2 892.1 535.6 0.27 59
SFIX R,11825771.0,
EFIX R,11825771.0,11826081 312 886.7 534.2 1147
SSACC R,11826083.0,
ESACC R,11826083.0,11826103 22 881.0 538.6 858.8 543.5 0.62 103
SFIX R,11826105.0,
EFIX R,11826105.0,11826273 170 861.6 543.0 1096
SSACC R,11826275.0,
ESACC R,11826275.0,11826289 16 857.9 547.7 887.9 541.8 0.83 74
SFIX R,11826291.0,
EFIX R,11826291.0,11826971 682 872.4 548.8 1080
SSACC R,11826973.0,
ESACC R,11826973.0,11826977 6 859.5 555.8 853.8 552.9 0.17 41
SFIX R,11826979.0,
EFIX R,11826979.0,11827141 164 851.6 548.4 1090
SSACC R,11827143.0,
ESACC R,11827143.0,11827169 28 854.5 545.1 881.0 551.1 0.74 143
SFIX R,11827171.0,
EFIX R,11827171.0,11827289 120 884.6 546.8 1139
SSACC R,11827291.0,
ESACC R,11827291.0,11827307 18 884.2 547.9 851.1 542.4 0.91 95
SFIX R,11827309.0,
EFIX R,11827309.0,11827541 234 866.4 543.2 1138
SSACC R,11827543.0,
ESACC R,11827543.0,11827547 6 872.4 540.9 881.1 542.7 0.24 49
SFIX R,11827549.0,
EFIX R,11827549.0,11828269 722 900.3 530.0 1220
SSACC R,11828271.0,
ESACC R,11828271.0,11828287 18 919.3 536.5 931.7 544.1 0.39 65
SFIX R,11828289.0,
EFIX R,11828289.0,11828557 270 930.2 548.6 1284
SSACC R,11828559.0,
ESACC R,11828559.0,11828575 18 927.9 553.5 904.0 553.7 0.65 80
SFIX R,11828577.0,
EFIX R,11828577.0,11828875 300 904.5 550.2 1298
SSACC R,11828877.0,
ESACC R,11828877.0,11828883 8 897.8 555.2 911.0 554.0 0.36 54
SFIX R,11828885.0,
EFIX R,11828885.0,11829685 802 922.4 545.9 1374
SSACC R,11829687.0,
ESACC R,11829687.0,11829701 16 922.3 544.0 917.7 545.2 0.13 73
SFIX R,11829703.0,
EFIX R,11829703.0,11830451 750 924.3 535.3 1486
SSACC R,11830453.0,
ESACC R,11830453.0,11830475 24 944.0 527.2 984.3 532.7 1.10 138
SFIX R,11830477.0,
EFIX R,11830477.0,11830603 128 978.6 531.1 1554
SSACC R,11830605.0,
ESACC R,11830605.0,11830629 26 982.1 530.2 957.5 535.3 0.68 108
SFIX R,11830631.0,
EFIX R,11830631.0,11831101 472 954.0 513.7 1509
SSACC R,11831103.0,
ESACC R,11831103.0,11831123 22 964.9 496.8 971.5 501.9 0.23 78
SFIX R,11831125.0,
EFIX R,11831125.0,11832865 1742 939.1 529.7 1390
SSACC R,11832867.0,
ESACC R,11832867.0,11832883 18 937.5 548.9 927.6 549.0 0.27 64
SFIX R,11832885.0,
EFIX R,11832885.0,11833177 294 933.8 545.5 1259
SSACC R,11833179.0,
ESACC R,11833179.0,11833195 18 933.9 549.4 921.0 541.1 0.42 58
SFIX R,11833197.0,
EFIX R,11833197.0,11834205 1010 914.9 549.7 1119
SSACC R,11834207.0,
ESACC R,11834207.0,11834227 22 897.5 543.5 953.0 583.5 1.85 167
SFIX R,11834229.0,
EFIX R,11834229.0,11834357 130 941.3 576.1 1140
SSACC R,11834359.0,
ESACC R,11834359.0,11834375 18 943.0 576.1 905.2 564.7 1.07 105
SFIX R,11834377.0,
EFIX R,11834377.0,11834605 230 918.1 565.6 1185
SSACC R,11834607.0,
ESACC R,11834607.0,11834613 8 920.9 566.3 927.2 558.3 0.28 44
SFIX R,11834615.0,
MSG,11834988.0,STORY_2_END
EFIX R,11834615.0,11835273 660 918.4 561.3 1138
SSACC R,11835275.0,
ESACC R,11835275.0,11835307 34 911.4 556.9 707.8 536.4 5.51 339
SFIX R,11835309.0,
EFIX R,11835309.0,11835535 228 702.5 529.6 1100
SSACC R,11835537.0,
ESACC R,11835537.0,11835559 24 696.3 531.0 643.0 483.1 1.92 141
SFIX R,11835561.0,
EFIX R,11835561.0,11835733 174 619.8 485.6 1030
SSACC R,11835735.0,
ESACC R,11835735.0,11835753 20 613.2 484.0 666.0 487.1 1.40 132
SFIX R,11835755.0,
EFIX R,11835755.0,11835799 46 665.5 487.0 927
SSACC R,11835801.0,
ESACC R,11835801.0,11835831 32 663.4 489.5 913.9 480.7 6.73 450
SFIX R,11835833.0,
EFIX R,11835833.0,11836097 266 910.5 477.6 800
SSACC R,11836099.0,
ESACC R,11836099.0,11836141 44 903.8 475.7 1266.0 459.0 9.72 411
SFIX R,11836143.0,
EFIX R,11836143.0,11836275 134 1266.3 457.2 672
SSACC R,11836277.0,
ESACC R,11836277.0,11836319 44 1267.9 454.1 811.6 513.0 12.32 535
SFIX R,11836321.0,
EFIX R,11836321.0,11836471 152 801.1 509.1 646
SSACC R,11836473.0,
ESACC R,11836473.0,11836495 24 798.0 511.0 734.0 519.7 1.74 133
SFIX R,11836497.0,
EFIX R,11836497.0,11836649 154 722.9 516.7 635
SSACC R,11836651.0,
ESACC R,11836651.0,11836691 42 720.4 514.9 1060.0 516.8 9.15 438
SFIX R,11836693.0,
EFIX R,11836693.0,11836917 226 1053.3 520.9 678
SSACC R,11836919.0,
ESACC R,11836919.0,11836945 28 1049.1 523.7 893.5 523.7 4.22 330
SFIX R,11836947.0,
EFIX R,11836947.0,11837139 194 887.1 521.8 706
SSACC R,11837141.0,
ESACC R,11837141.0,11837185 46 884.7 516.9 623.1 666.1 8.06 460
SFIX R,11837187.0,
EFIX R,11837187.0,11837453 268 609.6 658.3 817
SSACC R,11837455.0,
ESACC R,11837455.0,11837511 58 612.9 648.2 1115.2 652.5 13.40 679
SFIX R,11837513.0,
EFIX R,11837513.0,11837617 106 1129.0 657.2 902
SSACC R,11837619.0,
SBLINK R,11837639.0,
EBLINK R,11837639.0,11837715 78
ESACC R,11837619.0,11837739 122 1135.6 673.8 988.9 648.6 4.02 1019
SFIX R,11837741.0,
EFIX R,11837741.0,11837823 84 983.0 645.2 939
SSACC R,11837825.0,
SBLINK R,11837849.0,
EBLINK R,11837849.0,11837929 82
ESACC R,11837825.0,11837985 162 988.0 646.2 2046.5 1770.0 34.76 906
SFIX R,11837987.0,
EFIX R,11837987.0,11838153 168 2006.5 1795.5 983
SSACC R,11838155.0,
SBLINK R,11838175.0,
EBLINK R,11838175.0,11839527 1354
ESACC R,11838155.0,11839543 1390 1997.1 1787.9 1161.4 1980.2 17.89 292
SFIX R,11839545.0,
EFIX R,11839545.0,11839643 100 1149.6 1981.4 1344
SSACC R,11839645.0,
ESACC R,11839645.0,11839685 42 1147.5 1982.0 1152.5 1652.1 6.51 378
SFIX R,11839687.0,
EFIX R,11839687.0,11839913 228 1136.8 1699.5 1377
END,11839916.0,SAMPLES EVENTS RES 37.12 37.23
