event_type,timestamp,detail
MSG,611594.0,!CAL
MSG,611594.0,!CAL Calibration points:
MSG,611594.0,"!CAL -25.3, -34.4 -0, -0"
MSG,611594.0,"!CAL -25.4, -45.6 -0, -3183"
MSG,611594.0,"!CAL -25.1, -23.7 -0, 3183"
MSG,611594.0,"!CAL -44.6, -34.3 -6000, -0"
MSG,611594.0,"!CAL -6.4, -36.2 6000, -0"
MSG,611594.0,"!CAL 0.0, 0.0 0, 0"
MSG,611594.0,"!CAL eye check box: (L,R,T,B)"
MSG,611594.0,"!CAL href cal range: (L,R,T,B)"
MSG,611594.0,"!CAL Cal coeff:(X=a+bx+cy+dxx+eyy,Y=f+gx+goaly+ixx+jyy)"
MSG,611594.0,"!CAL Prenormalize: offx, offy = -25.256 -34.429"
MSG,611594.0,!CAL Gains: cx:329.527 lx:315.668 rx:346.610
MSG,611594.0,!CAL Gains: cy:342.487 ty:302.329 by:362.518
MSG,611594.0,"!CAL Resolution (upd) at screen center: X=0.8, Y=0.8"
MSG,611594.0,!CAL Gain Change Proportion: X: 0.098 Y: 0.199
MSG,611594.0,!CAL Gain Ratio (Gy/Gx) = 1.039
MSG,611594.0,"!CAL PCR gain ratio(x,y) = 2.249, 2.320"
MSG,611594.0,"!CAL CR gain match(x,y) = 1.010, 1.010"
MSG,611594.0,!CAL Slip rotation correction OFF
MSG,611594.0,!CAL CALIBRATION HV5 R RIGHT GOOD
MSG,635483.0,"!CAL VALIDATION HV5 R RIGHT POOR ERROR 1.17 avg. 3.34 max OFFSET 1.00 deg. 34.5,17.3 pix."
MSG,635483.0,"VALIDATE R 4POINT 0 RIGHT at 960,540 OFFSET 0.76 deg. 29.4,0.9 pix."
MSG,635483.0,"VALIDATE R 4POINT 1 RIGHT at 960,92 OFFSET 0.49 deg. -12.5,-14.0 pix."
MSG,635483.0,"VALIDATE R 4POINT 2 RIGHT at 960,988 OFFSET 0.72 deg. 0.3,27.5 pix."
MSG,635483.0,"VALIDATE R 4POINT 3 RIGHT at 115,540 OFFSET 0.48 deg. 15.2,10.6 pix."
MSG,635483.0,"VALIDATE R 4POINT 4 RIGHT at 1805,540 OFFSET 3.34 deg. 100.3,80.7 pix."
MSG,638585.0,!CAL VALIDATION R ABORTED
MSG,649658.0,!CAL
MSG,649658.0,!CAL Calibration points:
MSG,649658.0,"!CAL -23.9, -31.1 -0, -0"
MSG,649658.0,"!CAL -24.7, -39.8 -0, -3183"
MSG,649658.0,"!CAL -24.5, -21.5 -0, 3183"
MSG,649658.0,"!CAL -42.7, -30.5 -6000, -0"
MSG,649658.0,"!CAL -3.6, -31.5 6000, -0"
MSG,649658.0,"!CAL 0.0, 0.0 0, 0"
MSG,649658.0,"!CAL eye check box: (L,R,T,B)"
MSG,649658.0,"!CAL href cal range: (L,R,T,B)"
MSG,649658.0,"!CAL Cal coeff:(X=a+bx+cy+dxx+eyy,Y=f+gx+goaly+ixx+jyy)"
MSG,649658.0,"!CAL Prenormalize: offx, offy = -23.942 -31.076"
MSG,649658.0,!CAL Gains: cx:273.337 lx:306.578 rx:240.211
MSG,649658.0,!CAL Gains: cy:284.012 ty:313.272 by:315.417
MSG,649658.0,"!CAL Resolution (upd) at screen center: X=1.0, Y=0.9"
MSG,649658.0,!CAL Gain Change Proportion: X: 0.276 Y: 0.007
MSG,649658.0,!CAL Gain Ratio (Gy/Gx) = 1.039
MSG,649658.0,"!CAL PCR gain ratio(x,y) = 2.190, 2.059"
MSG,649658.0,"!CAL CR gain match(x,y) = 1.010, 1.010"
MSG,649658.0,!CAL Slip rotation correction OFF
MSG,649658.0,!CAL CALIBRATION HV5 R RIGHT GOOD
MSG,666073.0,"!CAL VALIDATION HV5 R RIGHT FAIR ERROR 0.80 avg. 1.80 max OFFSET 0.66 deg. -3.8,-24.8 pix."
MSG,666073.0,"VALIDATE R 4POINT 0 RIGHT at 960,540 OFFSET 0.76 deg. -9.5,-27.2 pix."
MSG,666073.0,"VALIDATE R 4POINT 1 RIGHT at 960,92 OFFSET 1.80 deg. 1.3,-68.7 pix."
MSG,666073.0,"VALIDATE R 4POINT 2 RIGHT at 960,988 OFFSET 0.41 deg. 15.9,-1.5 pix."
MSG,666073.0,"VALIDATE R 4POINT 3 RIGHT at 115,540 OFFSET 0.51 deg. -9.6,-17.1 pix."
MSG,666073.0,"VALIDATE R 4POINT 4 RIGHT at 1805,540 OFFSET 0.29 deg. 1.3,10.9 pix."
MSG,669866.0,!CAL VALIDATION R ABORTED
MSG,681681.0,!CAL
MSG,681681.0,!CAL Calibration points:
MSG,681681.0,"!CAL -23.8, -28.4 -0, -0"
MSG,681681.0,"!CAL -23.9, -37.4 -0, -3183"
MSG,681681.0,"!CAL -23.4, -20.0 -0, 3183"
MSG,681681.0,"!CAL -42.4, -27.9 -6000, -0"
MSG,681681.0,"!CAL -3.8, -29.3 6000, -0"
MSG,681681.0,"!CAL 0.0, 0.0 0, 0"
MSG,681681.0,"!CAL eye check box: (L,R,T,B)"
MSG,681681.0,"!CAL href cal range: (L,R,T,B)"
MSG,681681.0,"!CAL Cal coeff:(X=a+bx+cy+dxx+eyy,Y=f+gx+goaly+ixx+jyy)"
MSG,681681.0,"!CAL Prenormalize: offx, offy = -23.841 -28.436"
MSG,681681.0,!CAL Gains: cx:279.094 lx:309.747 rx:248.686
MSG,681681.0,!CAL Gains: cy:483.205 ty:401.102 by:538.703
MSG,681681.0,"!CAL Resolution (upd) at screen center: X=0.9, Y=0.5"
MSG,681681.0,!CAL Gain Change Proportion: X: 0.246 Y: 0.343
MSG,681681.0,!CAL Gain Ratio (Gy/Gx) = 1.731
MSG,681681.0,"!CAL PCR gain ratio(x,y) = 2.166, 1.906"
MSG,681681.0,"!CAL CR gain match(x,y) = 1.010, 1.010"
MSG,681681.0,!CAL Slip rotation correction OFF
MSG,681681.0,!CAL CALIBRATION HV5 R RIGHT GOOD
MSG,704693.0,"!CAL VALIDATION HV5 R RIGHT GOOD ERROR 0.72 avg. 1.10 max OFFSET 0.58 deg. 18.3,12.3 pix."
MSG,704693.0,"VALIDATE R 4POINT 0 RIGHT at 960,540 OFFSET 0.70 deg. 23.3,13.3 pix."
MSG,704693.0,"VALIDATE R 4POINT 1 RIGHT at 960,92 OFFSET 0.41 deg. 15.4,-3.1 pix."
MSG,704693.0,"VALIDATE R 4POINT 2 RIGHT at 960,988 OFFSET 1.10 deg. 17.9,37.6 pix."
MSG,704693.0,"VALIDATE R 4POINT 3 RIGHT at 115,540 OFFSET 0.73 deg. 2.7,-27.6 pix."
MSG,704693.0,"VALIDATE R 4POINT 4 RIGHT at 1805,540 OFFSET 0.36 deg. 7.4,11.5 pix."
MSG,716807.0,NO Reply is disabled for function eyelink_cal_result
MSG,798404.0,ALL_STORY_START
MSG,798409.0,RECCFG CR 500 2 0 R
MSG,798409.0,ELCLCFG MTABLER
MSG,798409.0,GAZE_COORDS 0.00 0.00 1920.00 1080.00
MSG,798409.0,THRESHOLDS R 56 197
MSG,798409.0,ELCL_WINDOW_SIZES 176 188 0 0
MSG,798409.0,CAMERA_LENS_FOCAL_LENGTH 38.00
MSG,798409.0,PUPIL_DATA_TYPE RAW_AUTOSLIP
MSG,798409.0,ELCL_PROC ELLIPSE (5)
MSG,798409.0,ELCL_EFIT_PARAMS 1.01 4.00 0.15 0.05 0.65 0.65 0.00 0.00 0.30
START,798410.0,RIGHT SAMPLES EVENTS
MSG,798410.0,!MODE RECORD CR 500 2 0 R
SFIX R,798414.0,
EFIX R,798414.0,798624 212 799.7 476.0 1018
SSACC R,798626.0,
ESACC R,798626.0,798662 38 805.8 480.0 997.0 456.4 5.21 233
SFIX R,798664.0,
EFIX R,798664.0,799124 462 997.5 462.7 1006
SSACC R,799126.0,
ESACC R,799126.0,799144 20 998.7 464.6 986.8 524.7 1.66 125
SFIX R,799146.0,
EFIX R,799146.0,799848 704 1000.5 534.7 1002
SSACC R,799850.0,
ESACC R,799850.0,799854 6 1003.4 533.9 1008.5 529.5 0.18 50
SFIX R,799856.0,
EFIX R,799856.0,800566 712 993.7 545.6 981
SSACC R,800568.0,
ESACC R,800568.0,800574 8 983.1 551.9 981.1 538.9 0.36 45
SFIX R,800576.0,
EFIX R,800576.0,800844 270 985.9 532.9 1003
SSACC R,800846.0,
SBLINK R,800874.0,
EBLINK R,800874.0,801002 130
ESACC R,800846.0,801036 192 989.7 551.6 1030.3 486.3 2.08 898
SFIX R,801038.0,
EFIX R,801038.0,801062 26 1026.7 497.4 1025
SSACC R,801064.0,
ESACC R,801064.0,801070 8 1031.6 495.1 1020.1 500.4 0.34 69
SFIX R,801072.0,
EFIX R,801072.0,801192 122 1013.6 536.7 975
SSACC R,801194.0,
ESACC R,801194.0,801208 16 1014.3 554.1 992.4 523.1 1.03 116
SFIX R,801210.0,
EFIX R,801210.0,801628 420 995.9 527.8 944
SSACC R,801630.0,
SBLINK R,801640.0,
EBLINK R,801640.0,801878 240
ESACC R,801630.0,801890 262 998.2 532.4 999.9 517.9 0.40 18
SFIX R,801892.0,
EFIX R,801892.0,802528 638 988.2 523.3 972
SSACC R,802530.0,
ESACC R,802530.0,802534 6 974.5 553.3 982.4 543.2 0.35 63
SFIX R,802536.0,
EFIX R,802536.0,803648 1114 991.0 549.5 997
SSACC R,803650.0,
ESACC R,803650.0,803662 14 999.0 543.3 1006.3 529.4 0.43 56
SFIX R,803664.0,
EFIX R,803664.0,804382 720 999.1 545.5 972
SSACC R,804384.0,
SBLINK R,804438.0,
EBLINK R,804438.0,804566 130
ESACC R,804384.0,804620 238 982.0 550.8 997.0 538.1 0.53 750
SFIX R,804622.0,
EFIX R,804622.0,804798 178 998.3 542.2 916
SSACC R,804800.0,
SBLINK R,804826.0,
EBLINK R,804826.0,804842 18
ESACC R,804800.0,804850 52 996.0 561.0 1001.1 544.6 0.47 54
SFIX R,804852.0,
EFIX R,804852.0,805190 340 983.9 534.4 916
SSACC R,805192.0,
SBLINK R,805202.0,
EBLINK R,805202.0,805340 140
ESACC R,805192.0,805348 158 975.1 562.4 975.1 562.4 0.00 16
SFIX R,805350.0,
EFIX R,805350.0,805878 530 974.7 544.0 816
SSACC R,805880.0,
SBLINK R,805890.0,
EBLINK R,805890.0,806152 264
ESACC R,805880.0,806160 282 975.1 562.4 975.1 562.4 0.00 0
SFIX R,806162.0,
EFIX R,806162.0,806846 686 968.2 551.6 866
SSACC R,806848.0,
SBLINK R,806858.0,
EBLINK R,806858.0,807024 168
ESACC R,806848.0,807032 186 968.5 554.4 975.0 560.7 0.25 24
SFIX R,807034.0,
EFIX R,807034.0,807178 146 957.2 529.5 936
SSACC R,807180.0,
ESACC R,807180.0,807192 14 960.3 528.4 987.9 527.4 0.75 73
SFIX R,807194.0,
EFIX R,807194.0,808098 906 965.4 549.2 938
SSACC R,808100.0,
SBLINK R,808146.0,
EBLINK R,808146.0,808264 120
ESACC R,808100.0,808320 222 973.3 562.2 982.7 529.9 0.91 915
SFIX R,808322.0,
EFIX R,808322.0,808494 174 983.3 540.7 938
SSACC R,808496.0,
SBLINK R,808520.0,
EBLINK R,808520.0,808542 24
ESACC R,808496.0,808550 56 977.2 547.7 967.4 539.6 0.34 47
SFIX R,808552.0,
EFIX R,808552.0,808844 294 967.1 533.9 934
SSACC R,808846.0,
SBLINK R,808856.0,
EBLINK R,808856.0,809016 162
ESACC R,808846.0,809024 180 965.4 545.8 965.4 545.8 0.00 14
SFIX R,809026.0,
EFIX R,809026.0,809508 484 973.7 541.2 912
SSACC R,809510.0,
SBLINK R,809520.0,
EBLINK R,809520.0,809832 314
ESACC R,809510.0,809840 332 965.4 545.8 965.4 545.8 0.00 0
SFIX R,809842.0,
EFIX R,809842.0,810436 596 982.9 547.3 972
SSACC R,810438.0,
SBLINK R,810448.0,
EBLINK R,810448.0,810474 28
ESACC R,810438.0,810482 46 965.4 545.8 965.4 545.8 0.00 0
SFIX R,810484.0,
EFIX R,810484.0,810532 50 983.6 557.9 989
SSACC R,810534.0,
SBLINK R,810544.0,
EBLINK R,810544.0,810656 114
ESACC R,810534.0,810664 132 965.4 545.8 965.4 545.8 0.00 0
SFIX R,810666.0,
EFIX R,810666.0,810694 30 978.1 545.1 996
SSACC R,810696.0,
ESACC R,810696.0,810700 6 978.8 537.0 980.4 522.5 0.40 71
SFIX R,810702.0,
EFIX R,810702.0,811384 684 980.4 531.3 1018
SSACC R,811386.0,
SBLINK R,811410.0,
EBLINK R,811410.0,811526 118
ESACC R,811386.0,811582 198 978.0 548.0 992.9 525.8 0.72 927
SFIX R,811584.0,
EFIX R,811584.0,811682 100 985.3 546.9 1023
SSACC R,811684.0,
ESACC R,811684.0,811690 8 982.8 561.3 981.4 547.9 0.37 59
SFIX R,811692.0,
EFIX R,811692.0,812156 466 986.7 543.3 990
SSACC R,812158.0,
SBLINK R,812168.0,
EBLINK R,812168.0,812188 22
ESACC R,812158.0,812196 40 982.8 561.3 981.4 547.9 0.37 0
SFIX R,812198.0,
EFIX R,812198.0,812348 152 993.9 544.2 959
SSACC R,812350.0,
ESACC R,812350.0,812354 6 988.9 537.4 985.6 529.9 0.22 44
SFIX R,812356.0,
EFIX R,812356.0,813032 678 987.6 537.3 928
SSACC R,813034.0,
ESACC R,813034.0,813038 6 993.0 548.2 995.1 536.6 0.32 66
SFIX R,813040.0,
EFIX R,813040.0,813786 748 990.7 543.3 939
SSACC R,813788.0,
ESACC R,813788.0,813792 6 1005.3 546.7 1000.1 537.2 0.29 52
SFIX R,813794.0,
EFIX R,813794.0,814696 904 995.8 555.9 977
SSACC R,814698.0,
SBLINK R,814740.0,
EBLINK R,814740.0,814884 146
ESACC R,814698.0,814944 248 1009.6 571.9 989.7 508.1 1.81 658
SFIX R,814946.0,
EFIX R,814946.0,815578 634 992.1 547.4 883
SSACC R,815580.0,
SBLINK R,815590.0,
EBLINK R,815590.0,815836 248
ESACC R,815580.0,815844 266 970.8 571.8 977.2 567.7 0.21 27
SFIX R,815846.0,
EFIX R,815846.0,817536 1692 983.0 549.2 982
SSACC R,817538.0,
SBLINK R,817576.0,
EBLINK R,817576.0,817738 164
ESACC R,817538.0,817808 272 996.8 537.6 996.8 528.0 0.26 671
SFIX R,817810.0,
EFIX R,817810.0,817916 108 991.6 547.1 937
SSACC R,817918.0,
SBLINK R,817928.0,
EBLINK R,817928.0,817986 60
ESACC R,817918.0,817994 78 996.8 537.6 996.8 528.0 0.26 0
SFIX R,817996.0,
EFIX R,817996.0,818170 176 990.1 545.9 909
SSACC R,818172.0,
ESACC R,818172.0,818178 8 989.7 553.5 995.2 539.8 0.40 58
SFIX R,818180.0,
EFIX R,818180.0,818350 172 996.4 546.0 905
SSACC R,818352.0,
SBLINK R,818362.0,
EBLINK R,818362.0,818882 522
ESACC R,818352.0,818890 540 1012.1 557.1 1012.1 557.1 0.00 12
SFIX R,818892.0,
EFIX R,818892.0,818982 92 990.6 546.0 934
SSACC R,818984.0,
SBLINK R,818994.0,
EBLINK R,818994.0,818996 4
ESACC R,818984.0,819004 22 1012.1 557.1 1012.1 557.1 0.00 0
SFIX R,819006.0,
EFIX R,819006.0,820170 1166 1008.8 554.3 992
SSACC R,820172.0,
SBLINK R,820182.0,
EBLINK R,820182.0,820182 2
ESACC R,820172.0,820190 20 1012.1 557.1 1012.1 557.1 0.00 0
SFIX R,820192.0,
EFIX R,820192.0,821750 1560 1010.5 567.4 947
SSACC R,821752.0,
ESACC R,821752.0,821760 10 1012.5 562.8 1023.4 547.6 0.51 61
SFIX R,821762.0,
EFIX R,821762.0,822298 538 1016.1 543.5 971
SSACC R,822300.0,
SBLINK R,822326.0,
EBLINK R,822326.0,822612 288
ESACC R,822300.0,822620 322 998.3 561.5 995.8 528.4 0.90 716
SFIX R,822622.0,
EFIX R,822622.0,822740 120 990.4 552.2 972
SSACC R,822742.0,
SBLINK R,822752.0,
EBLINK R,822752.0,822880 130
ESACC R,822742.0,822890 150 994.4 550.1 994.4 550.1 0.00 7
SFIX R,822892.0,
EFIX R,822892.0,823232 342 994.5 565.3 946
SSACC R,823234.0,
SBLINK R,823244.0,
EBLINK R,823244.0,823392 150
ESACC R,823234.0,823400 168 994.4 550.1 994.4 550.1 0.00 0
SFIX R,823402.0,
EFIX R,823402.0,823786 386 993.7 571.1 860
SSACC R,823788.0,
ESACC R,823788.0,823802 16 996.7 580.0 1011.5 554.8 0.79 83
SFIX R,823804.0,
EFIX R,823804.0,825100 1298 1006.9 561.9 964
SSACC R,825102.0,
SBLINK R,825112.0,
EBLINK R,825112.0,825286 176
ESACC R,825102.0,825326 226 972.0 593.5 1011.1 469.6 3.52 1311
SFIX R,825328.0,
EFIX R,825328.0,825356 30 1006.6 483.0 1088
SSACC R,825358.0,
ESACC R,825358.0,825364 8 997.4 495.2 994.7 518.8 0.64 85
SFIX R,825366.0,
EFIX R,825366.0,825734 370 980.9 547.0 1042
SSACC R,825736.0,
SBLINK R,825746.0,
EBLINK R,825746.0,825760 16
ESACC R,825736.0,825768 34 997.4 495.2 994.7 518.8 0.64 0
SFIX R,825770.0,
EFIX R,825770.0,826686 918 991.3 582.8 922
SSACC R,826688.0,
ESACC R,826688.0,826692 6 1000.5 579.2 1006.6 575.2 0.20 40
SFIX R,826694.0,
EFIX R,826694.0,827000 308 1008.0 568.7 920
SSACC R,827002.0,
ESACC R,827002.0,827010 10 998.3 566.7 980.7 563.0 0.49 64
SFIX R,827012.0,
EFIX R,827012.0,827132 122 974.6 552.2 949
SSACC R,827134.0,
ESACC R,827134.0,827150 18 974.1 550.9 1013.8 558.3 1.09 82
SFIX R,827152.0,
EFIX R,827152.0,828016 866 997.4 572.6 962
SSACC R,828018.0,
ESACC R,828018.0,828030 14 974.4 584.1 965.9 561.3 0.66 55
SFIX R,828032.0,
EFIX R,828032.0,828554 524 963.4 567.7 972
SSACC R,828556.0,
SBLINK R,828600.0,
EBLINK R,828600.0,828746 148
ESACC R,828556.0,828800 246 956.2 576.8 938.4 520.1 1.61 729
SFIX R,828802.0,
EFIX R,828802.0,829338 538 963.1 560.3 941
SSACC R,829340.0,
ESACC R,829340.0,829350 12 971.5 574.7 978.4 555.3 0.56 74
SFIX R,829352.0,
EFIX R,829352.0,829828 478 976.0 566.5 901
SSACC R,829830.0,
ESACC R,829830.0,829836 8 971.3 568.1 962.1 555.9 0.41 62
SFIX R,829838.0,
EFIX R,829838.0,830004 168 960.3 559.8 914
SSACC R,830006.0,
ESACC R,830006.0,830012 8 960.2 564.9 975.6 570.1 0.44 60
SFIX R,830014.0,
EFIX R,830014.0,830302 290 981.0 578.8 919
SSACC R,830304.0,
ESACC R,830304.0,830316 14 981.0 584.1 977.8 566.7 0.48 62
SFIX R,830318.0,
EFIX R,830318.0,831820 1504 987.0 570.8 913
SSACC R,831822.0,
SBLINK R,831870.0,
EBLINK R,831870.0,832014 146
ESACC R,831822.0,832036 216 1007.4 578.0 953.6 505.6 2.44 522
SFIX R,832038.0,
EFIX R,832038.0,832070 34 960.6 498.7 951
SSACC R,832072.0,
ESACC R,832072.0,832078 8 962.7 506.8 962.5 522.3 0.42 72
SFIX R,832080.0,
EFIX R,832080.0,832392 314 979.4 556.9 914
SSACC R,832394.0,
ESACC R,832394.0,832406 14 989.1 567.8 982.4 554.2 0.41 69
SFIX R,832408.0,
EFIX R,832408.0,833264 858 982.9 569.8 880
SSACC R,833266.0,
ESACC R,833266.0,833276 12 988.3 582.3 987.6 553.9 0.77 82
SFIX R,833278.0,
EFIX R,833278.0,834146 870 983.6 563.1 949
SSACC R,834148.0,
ESACC R,834148.0,834156 10 978.2 566.1 976.9 544.7 0.58 70
SFIX R,834158.0,
EFIX R,834158.0,835030 874 973.5 564.0 985
SSACC R,835032.0,
SBLINK R,835058.0,
EBLINK R,835058.0,835190 134
ESACC R,835032.0,835232 202 964.5 569.2 1002.5 474.9 2.76 583
SFIX R,835234.0,
EFIX R,835234.0,835256 24 998.4 479.3 946
SSACC R,835258.0,
ESACC R,835258.0,835262 6 999.3 492.3 995.1 501.5 0.27 66
SFIX R,835264.0,
EFIX R,835264.0,835340 78 988.6 517.3 921
SSACC R,835342.0,
ESACC R,835342.0,835360 20 984.2 523.6 986.2 574.3 1.38 125
SFIX R,835362.0,
EFIX R,835362.0,836230 870 987.3 566.9 919
SSACC R,836232.0,
ESACC R,836232.0,836240 10 984.1 580.5 982.8 567.6 0.35 47
SFIX R,836242.0,
EFIX R,836242.0,837562 1322 976.6 568.3 958
SSACC R,837564.0,
ESACC R,837564.0,837576 14 976.1 581.8 977.2 557.2 0.67 53
SFIX R,837578.0,
EFIX R,837578.0,838418 842 977.4 568.1 956
SSACC R,838420.0,
SBLINK R,838458.0,
EBLINK R,838458.0,838630 174
ESACC R,838420.0,838654 236 985.0 578.6 1024.6 489.9 2.63 472
SFIX R,838656.0,
EFIX R,838656.0,838688 34 1022.4 496.5 947
SSACC R,838690.0,
ESACC R,838690.0,838700 12 1019.5 509.6 1018.0 534.6 0.68 85
SFIX R,838702.0,
EFIX R,838702.0,838946 246 1008.1 536.4 893
SSACC R,838948.0,
ESACC R,838948.0,838954 8 1007.2 535.9 999.8 545.8 0.33 48
SFIX R,838956.0,
EFIX R,838956.0,839956 1002 979.6 579.5 838
SSACC R,839958.0,
ESACC R,839958.0,839968 12 977.0 597.3 977.9 569.9 0.74 76
SFIX R,839970.0,
EFIX R,839970.0,841300 1332 977.5 576.9 861
SSACC R,841302.0,
ESACC R,841302.0,841312 12 961.5 585.5 945.1 568.5 0.64 64
SFIX R,841314.0,
EFIX R,841314.0,841694 382 948.1 570.3 856
SSACC R,841696.0,
SBLINK R,841738.0,
EBLINK R,841738.0,841976 240
ESACC R,841696.0,842036 342 934.7 584.5 966.5 519.8 1.95 448
SFIX R,842038.0,
EFIX R,842038.0,842396 360 968.2 573.1 849
SSACC R,842398.0,
ESACC R,842398.0,842410 14 972.1 597.5 993.5 572.2 0.90 73
SFIX R,842412.0,
EFIX R,842412.0,843696 1286 988.4 590.5 862
SSACC R,843698.0,
ESACC R,843698.0,843706 10 992.5 595.2 990.0 580.4 0.41 51
SFIX R,843708.0,
EFIX R,843708.0,845116 1410 992.8 580.8 973
SSACC R,845118.0,
SBLINK R,845164.0,
EBLINK R,845164.0,845322 160
ESACC R,845118.0,845364 248 1010.3 597.9 1046.0 472.8 3.53 718
SFIX R,845366.0,
EFIX R,845366.0,846272 908 1012.6 569.8 985
SSACC R,846274.0,
ESACC R,846274.0,846308 36 997.3 584.8 978.3 581.4 0.52 55
SFIX R,846310.0,
EFIX R,846310.0,848144 1836 987.9 577.7 980
SSACC R,848146.0,
ESACC R,848146.0,848152 8 984.7 597.6 984.0 584.2 0.36 55
SFIX R,848154.0,
EFIX R,848154.0,849176 1024 988.5 581.4 892
SSACC R,849178.0,
SBLINK R,849188.0,
EBLINK R,849188.0,849406 220
ESACC R,849178.0,849452 276 1000.6 794.4 1049.0 478.5 8.60 630
SFIX R,849454.0,
EFIX R,849454.0,849476 24 1040.4 482.0 983
SSACC R,849478.0,
ESACC R,849478.0,849490 14 1037.0 487.0 1032.6 522.0 0.96 82
SFIX R,849492.0,
EFIX R,849492.0,849528 38 1031.5 538.3 946
SSACC R,849530.0,
ESACC R,849530.0,849552 24 1032.2 548.1 997.0 576.2 1.22 89
SFIX R,849554.0,
EFIX R,849554.0,849594 42 1003.9 589.0 941
SSACC R,849596.0,
SBLINK R,849606.0,
EBLINK R,849606.0,849684 80
ESACC R,849596.0,849692 98 1032.2 548.1 997.0 576.2 1.22 0
SFIX R,849694.0,
EFIX R,849694.0,849782 90 993.2 584.5 944
SSACC R,849784.0,
ESACC R,849784.0,849802 20 992.2 588.6 1013.8 567.9 0.81 56
SFIX R,849804.0,
EFIX R,849804.0,850076 274 1006.3 589.0 930
SSACC R,850078.0,
SBLINK R,850088.0,
EBLINK R,850088.0,850664 578
ESACC R,850078.0,850672 596 997.9 603.2 983.6 583.8 0.65 36
SFIX R,850674.0,
EFIX R,850674.0,850716 44 981.9 582.8 869
SSACC R,850718.0,
SBLINK R,850728.0,
EBLINK R,850728.0,850728 2
ESACC R,850718.0,850736 20 997.9 603.2 983.6 583.8 0.65 0
SFIX R,850738.0,
EFIX R,850738.0,851300 564 994.4 588.3 906
SSACC R,851302.0,
ESACC R,851302.0,851312 12 993.5 600.2 998.6 585.7 0.42 56
SFIX R,851314.0,
EFIX R,851314.0,852278 966 992.3 593.9 924
SSACC R,852280.0,
ESACC R,852280.0,852288 10 994.0 591.4 987.2 576.4 0.45 56
SFIX R,852290.0,
EFIX R,852290.0,852944 656 992.3 575.1 950
SSACC R,852946.0,
SBLINK R,852958.0,
EBLINK R,852958.0,853178 222
ESACC R,852946.0,853216 272 992.7 579.4 1006.1 538.2 1.17 654
SFIX R,853218.0,
EFIX R,853218.0,853238 22 1003.2 534.4 903
SSACC R,853240.0,
ESACC R,853240.0,853244 6 997.8 539.9 997.6 558.9 0.51 67
SFIX R,853246.0,
EFIX R,853246.0,853670 426 984.7 582.8 859
SSACC R,853672.0,
SBLINK R,853682.0,
EBLINK R,853682.0,854060 380
ESACC R,853672.0,854068 398 997.8 539.9 997.6 558.9 0.51 0
SFIX R,854070.0,
EFIX R,854070.0,854200 132 966.1 589.9 779
SSACC R,854202.0,
ESACC R,854202.0,854210 10 965.6 593.6 953.7 569.7 0.72 88
SFIX R,854212.0,
EFIX R,854212.0,856368 2158 963.3 600.3 875
SSACC R,856370.0,
ESACC R,856370.0,856380 12 981.5 601.5 958.1 583.8 0.80 80
SFIX R,856382.0,
EFIX R,856382.0,856420 40 951.9 579.3 884
SSACC R,856422.0,
SBLINK R,856474.0,
EBLINK R,856474.0,856608 136
ESACC R,856422.0,856636 216 956.0 578.9 999.7 524.0 1.90 756
SFIX R,856638.0,
EFIX R,856638.0,857430 794 975.6 585.8 861
SSACC R,857432.0,
ESACC R,857432.0,857448 18 972.4 611.9 969.3 592.6 0.53 69
SFIX R,857450.0,
EFIX R,857450.0,858262 814 990.9 597.8 872
SSACC R,858264.0,
SBLINK R,858274.0,
EBLINK R,858274.0,858348 76
ESACC R,858264.0,858356 94 994.4 608.8 995.3 596.2 0.34 47
SFIX R,858358.0,
EFIX R,858358.0,858644 288 981.4 610.8 876
SSACC R,858646.0,
ESACC R,858646.0,858684 40 979.9 612.1 974.9 569.1 1.17 101
SFIX R,858686.0,
EFIX R,858686.0,859520 836 975.0 565.8 924
SSACC R,859522.0,
SBLINK R,859552.0,
EBLINK R,859552.0,859730 180
ESACC R,859522.0,859764 244 971.7 581.9 1004.7 477.5 2.97 672
SFIX R,859766.0,
EFIX R,859766.0,860900 1136 974.9 568.3 862
SSACC R,860902.0,
ESACC R,860902.0,860912 12 954.6 578.3 949.8 554.8 0.65 68
SFIX R,860914.0,
EFIX R,860914.0,861132 220 954.5 555.2 853
SSACC R,861134.0,
ESACC R,861134.0,861152 20 954.9 559.3 991.4 556.4 0.99 72
SFIX R,861154.0,
EFIX R,861154.0,862544 1392 997.9 587.3 907
SSACC R,862546.0,
ESACC R,862546.0,862556 12 1012.1 612.5 1018.6 592.6 0.57 76
SFIX R,862558.0,
EFIX R,862558.0,863226 670 1023.1 592.9 922
SSACC R,863228.0,
ESACC R,863228.0,863258 32 1034.1 595.7 1035.1 571.0 0.67 69
SFIX R,863260.0,
EFIX R,863260.0,863938 680 1033.0 575.5 926
SSACC R,863940.0,
SBLINK R,863996.0,
EBLINK R,863996.0,864142 148
ESACC R,863940.0,864192 254 1039.7 589.8 980.3 502.0 2.87 597
SFIX R,864194.0,
EFIX R,864194.0,864412 220 978.6 544.2 860
SSACC R,864414.0,
ESACC R,864414.0,864428 16 987.1 546.0 1009.4 527.8 0.78 53
SFIX R,864430.0,
EFIX R,864430.0,864732 304 1004.0 544.2 838
SSACC R,864734.0,
ESACC R,864734.0,864742 10 1000.4 555.4 988.9 542.8 0.46 62
SFIX R,864744.0,
EFIX R,864744.0,866412 1670 980.0 564.2 835
SSACC R,866414.0,
ESACC R,866414.0,866432 20 965.4 587.5 976.2 546.5 1.15 96
SFIX R,866434.0,
EFIX R,866434.0,867498 1066 974.0 567.8 851
SSACC R,867500.0,
SBLINK R,867542.0,
EBLINK R,867542.0,867692 152
ESACC R,867500.0,867728 230 964.8 576.2 978.2 491.9 2.31 389
SFIX R,867730.0,
EFIX R,867730.0,868864 1136 970.6 562.2 726
SSACC R,868866.0,
ESACC R,868866.0,868888 24 957.7 594.8 966.4 538.5 1.54 124
SFIX R,868890.0,
EFIX R,868890.0,869652 764 959.4 572.4 822
SSACC R,869654.0,
ESACC R,869654.0,869660 8 949.6 584.2 938.1 569.1 0.51 73
SFIX R,869662.0,
EFIX R,869662.0,870528 868 947.3 578.8 922
SSACC R,870530.0,
SBLINK R,870562.0,
EBLINK R,870562.0,870724 164
ESACC R,870530.0,870814 286 968.7 601.0 999.0 491.7 3.07 757
SFIX R,870816.0,
EFIX R,870816.0,871174 360 993.3 540.7 849
SSACC R,871176.0,
ESACC R,871176.0,871186 12 980.8 559.2 967.8 546.6 0.49 55
SFIX R,871188.0,
EFIX R,871188.0,872010 824 955.9 570.1 829
SSACC R,872012.0,
ESACC R,872012.0,872026 16 957.5 589.3 966.7 554.2 0.98 80
SFIX R,872028.0,
EFIX R,872028.0,872332 306 965.7 567.4 927
SSACC R,872334.0,
SBLINK R,872368.0,
EBLINK R,872368.0,872542 176
ESACC R,872334.0,872610 278 967.6 570.5 975.8 483.5 2.37 765
SFIX R,872612.0,
EFIX R,872612.0,872782 172 983.2 525.6 895
SSACC R,872784.0,
SBLINK R,872816.0,
EBLINK R,872816.0,873010 196
ESACC R,872784.0,873068 286 985.8 551.3 1014.8 518.5 1.19 697
SFIX R,873070.0,
EFIX R,873070.0,873178 110 1000.6 550.0 882
SSACC R,873180.0,
ESACC R,873180.0,873208 30 992.9 585.9 962.7 559.0 1.10 131
SFIX R,873210.0,
EFIX R,873210.0,873396 188 969.9 571.5 869
SSACC R,873398.0,
ESACC R,873398.0,873414 18 976.6 580.5 977.6 576.3 0.12 50
SFIX R,873416.0,
EFIX R,873416.0,874290 876 981.7 592.9 819
SSACC R,874292.0,
ESACC R,874292.0,874302 12 977.1 597.7 982.8 574.1 0.66 71
SFIX R,874304.0,
EFIX R,874304.0,874444 142 985.0 583.7 819
SSACC R,874446.0,
SBLINK R,874456.0,
EBLINK R,874456.0,874484 30
ESACC R,874446.0,874492 48 977.1 597.7 982.8 574.1 0.66 0
SFIX R,874494.0,
EFIX R,874494.0,874714 222 986.6 594.5 851
SSACC R,874716.0,
SBLINK R,874726.0,
EBLINK R,874726.0,874842 118
ESACC R,874716.0,874850 136 982.6 594.5 985.4 589.8 0.15 22
SFIX R,874852.0,
EFIX R,874852.0,874874 24 979.7 598.8 864
SSACC R,874876.0,
SBLINK R,874886.0,
EBLINK R,874886.0,875266 382
ESACC R,874876.0,875330 456 974.8 597.1 969.1 496.1 2.74 655
SFIX R,875332.0,
EFIX R,875332.0,875376 46 972.7 514.8 922
SSACC R,875378.0,
ESACC R,875378.0,875412 36 964.6 533.6 989.2 562.8 1.03 90
SFIX R,875414.0,
EFIX R,875414.0,875884 472 987.9 586.2 894
SSACC R,875886.0,
SBLINK R,875930.0,
EBLINK R,875930.0,876162 234
ESACC R,875886.0,876200 316 972.2 586.8 996.7 478.7 3.00 836
SFIX R,876202.0,
EFIX R,876202.0,876258 58 986.4 461.9 865
SSACC R,876260.0,
ESACC R,876260.0,876274 16 978.6 460.0 977.2 477.1 0.46 60
SFIX R,876276.0,
EFIX R,876276.0,877444 1170 982.2 551.6 898
SSACC R,877446.0,
ESACC R,877446.0,877460 16 988.2 553.4 993.8 529.8 0.66 82
SFIX R,877462.0,
EFIX R,877462.0,879646 2186 995.7 583.2 937
SSACC R,879648.0,
ESACC R,879648.0,879676 30 1010.7 590.4 1010.6 575.1 0.41 76
SFIX R,879678.0,
EFIX R,879678.0,880780 1104 1008.2 587.0 983
SSACC R,880782.0,
SBLINK R,880834.0,
EBLINK R,880834.0,881242 410
ESACC R,880782.0,881254 474 988.7 609.9 988.1 560.5 1.34 626
SFIX R,881256.0,
EFIX R,881256.0,881436 182 1009.5 567.2 851
SSACC R,881438.0,
SBLINK R,881448.0,
EBLINK R,881448.0,881848 402
ESACC R,881438.0,881856 420 988.7 609.9 988.1 560.5 1.34 0
SFIX R,881858.0,
EFIX R,881858.0,882504 648 1001.3 585.7 814
SSACC R,882506.0,
ESACC R,882506.0,882516 12 1000.7 599.3 994.1 575.3 0.67 74
SFIX R,882518.0,
EFIX R,882518.0,882770 254 989.5 580.9 858
SSACC R,882772.0,
SBLINK R,882782.0,
EBLINK R,882782.0,882810 30
ESACC R,882772.0,882818 48 1000.7 599.3 994.1 575.3 0.67 0
SFIX R,882820.0,
EFIX R,882820.0,882910 92 996.5 579.1 866
SSACC R,882912.0,
SBLINK R,882922.0,
EBLINK R,882922.0,882980 60
ESACC R,882912.0,882988 78 1000.7 599.3 994.1 575.3 0.67 0
SFIX R,882990.0,
EFIX R,882990.0,883134 146 994.3 589.9 868
SSACC R,883136.0,
SBLINK R,883146.0,
EBLINK R,883146.0,883170 26
ESACC R,883136.0,883178 44 1000.7 599.3 994.1 575.3 0.67 0
SFIX R,883180.0,
EFIX R,883180.0,883250 72 985.3 592.9 851
SSACC R,883252.0,
SBLINK R,883262.0,
EBLINK R,883262.0,883288 28
ESACC R,883252.0,883296 46 1000.7 599.3 994.1 575.3 0.67 0
SFIX R,883298.0,
EFIX R,883298.0,883372 76 980.2 592.5 834
SSACC R,883374.0,
SBLINK R,883384.0,
EBLINK R,883384.0,883408 26
ESACC R,883374.0,883416 44 1000.7 599.3 994.1 575.3 0.67 0
SFIX R,883418.0,
EFIX R,883418.0,883546 130 976.0 592.0 827
SSACC R,883548.0,
SBLINK R,883558.0,
EBLINK R,883558.0,883568 12
ESACC R,883548.0,883576 30 1000.7 599.3 994.1 575.3 0.67 0
SFIX R,883578.0,
EFIX R,883578.0,883610 34 974.5 589.0 838
SSACC R,883612.0,
SBLINK R,883622.0,
EBLINK R,883622.0,883626 6
ESACC R,883612.0,883634 24 1000.7 599.3 994.1 575.3 0.67 0
SFIX R,883636.0,
EFIX R,883636.0,884280 646 979.2 574.7 875
SSACC R,884282.0,
SBLINK R,884340.0,
EBLINK R,884340.0,884504 166
ESACC R,884282.0,884534 254 973.0 582.3 968.0 531.6 1.38 845
SFIX R,884536.0,
EFIX R,884536.0,884636 102 968.0 544.6 849
SSACC R,884638.0,
ESACC R,884638.0,884650 14 972.3 569.6 1003.3 580.1 0.89 93
SFIX R,884652.0,
EFIX R,884652.0,885068 418 995.3 580.2 859
SSACC R,885070.0,
ESACC R,885070.0,885084 16 999.9 594.1 990.5 563.7 0.86 99
SFIX R,885086.0,
EFIX R,885086.0,885524 440 992.8 577.5 834
SSACC R,885526.0,
SBLINK R,885536.0,
EBLINK R,885536.0,885714 180
ESACC R,885526.0,885722 198 985.5 597.3 980.8 598.8 0.13 34
SFIX R,885724.0,
EFIX R,885724.0,885850 128 1023.3 571.7 849
SSACC R,885852.0,
SBLINK R,885862.0,
EBLINK R,885862.0,887698 1838
ESACC R,885852.0,887706 1856 985.5 597.3 980.8 598.8 0.13 0
SFIX R,887708.0,
EFIX R,887708.0,887812 106 976.0 640.7 893
SSACC R,887814.0,
SBLINK R,887824.0,
EBLINK R,887824.0,887944 122
ESACC R,887814.0,887952 140 985.5 597.3 980.8 598.8 0.13 0
SFIX R,887954.0,
EFIX R,887954.0,888108 156 967.5 631.5 862
SSACC R,888110.0,
SBLINK R,888120.0,
EBLINK R,888120.0,888518 400
ESACC R,888110.0,888526 418 947.3 627.6 959.3 618.4 0.41 28
SFIX R,888528.0,
EFIX R,888528.0,888580 54 932.8 602.5 870
SSACC R,888582.0,
SBLINK R,888592.0,
EBLINK R,888592.0,888642 52
ESACC R,888582.0,888650 70 947.3 627.6 959.3 618.4 0.41 0
SFIX R,888652.0,
EFIX R,888652.0,888828 178 935.7 605.9 871
SSACC R,888830.0,
SBLINK R,888856.0,
EBLINK R,888856.0,889024 170
ESACC R,888830.0,889078 250 950.6 595.2 987.3 516.3 2.36 624
SFIX R,889080.0,
EFIX R,889080.0,889838 760 977.2 571.4 835
SSACC R,889840.0,
SBLINK R,889850.0,
EBLINK R,889850.0,889952 104
ESACC R,889840.0,889960 122 950.6 595.2 987.3 516.3 2.36 0
SFIX R,889962.0,
EFIX R,889962.0,889982 22 957.2 594.4 812
SSACC R,889984.0,
SBLINK R,889994.0,
EBLINK R,889994.0,890164 172
ESACC R,889984.0,890172 190 955.4 591.9 953.3 592.2 0.06 20
SFIX R,890174.0,
EFIX R,890174.0,891428 1256 962.4 595.4 796
SSACC R,891430.0,
ESACC R,891430.0,891440 12 967.7 592.1 975.8 573.8 0.54 59
SFIX R,891442.0,
EFIX R,891442.0,893668 2228 968.4 605.8 857
SSACC R,893670.0,
ESACC R,893670.0,893682 14 962.0 606.5 964.1 576.7 0.81 61
SFIX R,893684.0,
EFIX R,893684.0,893870 188 968.2 579.5 842
SSACC R,893872.0,
SBLINK R,893894.0,
EBLINK R,893894.0,894050 158
ESACC R,893872.0,894124 254 965.2 580.2 969.9 568.9 0.33 729
SFIX R,894126.0,
EFIX R,894126.0,895148 1024 961.8 585.5 845
SSACC R,895150.0,
ESACC R,895150.0,895162 14 952.0 606.0 969.8 580.1 0.85 81
SFIX R,895164.0,
EFIX R,895164.0,896324 1162 963.8 580.5 888
SSACC R,896326.0,
ESACC R,896326.0,896336 12 968.3 584.4 960.2 569.1 0.47 65
SFIX R,896338.0,
EFIX R,896338.0,896538 202 965.5 573.7 923
SSACC R,896540.0,
SBLINK R,896592.0,
EBLINK R,896592.0,896752 162
ESACC R,896540.0,896808 270 978.2 581.5 996.5 516.6 1.83 693
SFIX R,896810.0,
EFIX R,896810.0,897164 356 1001.2 571.6 932
SSACC R,897166.0,
ESACC R,897166.0,897182 18 1013.4 596.8 994.4 569.4 0.90 81
SFIX R,897184.0,
EFIX R,897184.0,898056 874 971.2 588.9 918
SSACC R,898058.0,
ESACC R,898058.0,898062 6 974.6 591.5 975.3 578.9 0.34 56
SFIX R,898064.0,
EFIX R,898064.0,898948 886 974.4 590.9 896
SSACC R,898950.0,
ESACC R,898950.0,898958 10 965.9 602.9 963.2 585.5 0.48 61
SFIX R,898960.0,
EFIX R,898960.0,899728 770 973.8 596.4 887
SSACC R,899730.0,
ESACC R,899730.0,899738 10 981.6 602.8 985.1 586.6 0.45 53
SFIX R,899740.0,
EFIX R,899740.0,900686 948 980.2 595.5 888
SSACC R,900688.0,
ESACC R,900688.0,900704 18 971.3 598.0 952.6 571.9 0.87 58
SFIX R,900706.0,
EFIX R,900706.0,900838 134 944.7 572.2 792
SSACC R,900840.0,
ESACC R,900840.0,900854 16 943.7 572.2 980.8 575.6 1.01 71
SFIX R,900856.0,
EFIX R,900856.0,901192 338 981.3 583.3 792
SSACC R,901194.0,
ESACC R,901194.0,901206 14 977.3 582.2 958.0 565.1 0.70 74
SFIX R,901208.0,
EFIX R,901208.0,901434 228 959.7 582.2 817
SSACC R,901436.0,
ESACC R,901436.0,901448 14 962.7 590.2 990.0 593.8 0.75 79
SFIX R,901450.0,
EFIX R,901450.0,901676 228 990.1 588.2 791
SSACC R,901678.0,
SBLINK R,901720.0,
EBLINK R,901720.0,901946 228
ESACC R,901678.0,901992 316 991.4 592.7 947.7 536.5 1.93 344
SFIX R,901994.0,
EFIX R,901994.0,902120 128 938.7 571.2 739
SSACC R,902122.0,
ESACC R,902122.0,902138 18 929.5 582.2 965.3 566.8 1.06 98
SFIX R,902140.0,
EFIX R,902140.0,903202 1064 960.6 579.9 690
SSACC R,903204.0,
ESACC R,903204.0,903222 20 955.7 589.6 946.8 551.0 1.07 72
SFIX R,903224.0,
EFIX R,903224.0,904862 1640 952.6 590.4 740
SSACC R,904864.0,
SBLINK R,904920.0,
EBLINK R,904920.0,905046 128
ESACC R,904864.0,905116 254 949.6 605.2 947.7 538.2 1.82 384
SFIX R,905118.0,
EFIX R,905118.0,905784 668 942.9 583.1 713
SSACC R,905786.0,
SBLINK R,905796.0,
EBLINK R,905796.0,905844 50
ESACC R,905786.0,905852 68 949.6 605.2 947.7 538.2 1.82 0
SFIX R,905854.0,
EFIX R,905854.0,905874 22 939.6 593.5 677
SSACC R,905876.0,
SBLINK R,905886.0,
EBLINK R,905886.0,905890 6
ESACC R,905876.0,905898 24 949.6 605.2 947.7 538.2 1.82 0
SFIX R,905900.0,
EFIX R,905900.0,906022 124 938.1 596.5 676
SSACC R,906024.0,
SBLINK R,906034.0,
EBLINK R,906034.0,906034 2
ESACC R,906024.0,906042 20 949.6 605.2 947.7 538.2 1.82 0
SFIX R,906044.0,
EFIX R,906044.0,906072 30 936.9 600.2 676
SSACC R,906074.0,
SBLINK R,906084.0,
EBLINK R,906084.0,906086 4
ESACC R,906074.0,906094 22 949.6 605.2 947.7 538.2 1.82 0
SFIX R,906096.0,
EFIX R,906096.0,906156 62 934.2 600.8 674
SSACC R,906158.0,
SBLINK R,906170.0,
EBLINK R,906170.0,906186 18
ESACC R,906158.0,906194 38 934.5 602.4 934.5 602.4 0.00 27
SFIX R,906196.0,
EFIX R,906196.0,906608 414 932.8 606.6 673
SSACC R,906610.0,
SBLINK R,906620.0,
EBLINK R,906620.0,906632 14
ESACC R,906610.0,906650 42 932.3 602.4 927.6 591.1 0.33 55
SFIX R,906652.0,
EFIX R,906652.0,906898 248 930.1 600.5 716
SSACC R,906900.0,
SBLINK R,906910.0,
EBLINK R,906910.0,906960 52
ESACC R,906900.0,906968 70 932.3 602.4 927.6 591.1 0.33 0
SFIX R,906970.0,
EFIX R,906970.0,907052 84 935.9 607.5 757
SSACC R,907054.0,
SBLINK R,907064.0,
EBLINK R,907064.0,907168 106
ESACC R,907054.0,907176 124 945.7 611.0 947.4 613.8 0.09 24
SFIX R,907178.0,
EFIX R,907178.0,907308 132 913.7 579.3 811
SSACC R,907310.0,
SBLINK R,907328.0,
EBLINK R,907328.0,908334 1008
ESACC R,907310.0,908342 1034 918.6 582.3 946.2 620.3 1.27 102
SFIX R,908344.0,
EFIX R,908344.0,908374 32 945.9 611.5 761
SSACC R,908376.0,
SBLINK R,908386.0,
EBLINK R,908386.0,908778 394
ESACC R,908376.0,908816 442 946.6 609.2 943.0 524.6 2.29 350
SFIX R,908818.0,
EFIX R,908818.0,909140 324 955.1 581.2 722
SSACC R,909142.0,
SBLINK R,909152.0,
EBLINK R,909152.0,909248 98
ESACC R,909142.0,909266 126 960.1 587.4 940.9 570.8 0.69 62
SFIX R,909268.0,
EFIX R,909268.0,909298 32 943.4 579.5 731
SSACC R,909300.0,
SBLINK R,909310.0,
EBLINK R,909310.0,909348 40
ESACC R,909300.0,909356 58 960.1 587.4 940.9 570.8 0.69 0
SFIX R,909358.0,
EFIX R,909358.0,909430 74 941.3 584.2 711
SSACC R,909432.0,
SBLINK R,909442.0,
EBLINK R,909442.0,909518 78
ESACC R,909432.0,909526 96 960.1 587.4 940.9 570.8 0.69 0
SFIX R,909528.0,
EFIX R,909528.0,909806 280 937.3 585.0 704
SSACC R,909808.0,
SBLINK R,909818.0,
EBLINK R,909818.0,909952 136
ESACC R,909808.0,909960 154 936.4 583.0 931.2 580.9 0.15 28
SFIX R,909962.0,
EFIX R,909962.0,909982 22 936.9 582.6 760
SSACC R,909984.0,
SBLINK R,909994.0,
EBLINK R,909994.0,910010 18
ESACC R,909984.0,910018 36 936.4 583.0 931.2 580.9 0.15 0
SFIX R,910020.0,
EFIX R,910020.0,910278 260 945.1 565.5 774
SSACC R,910280.0,
ESACC R,910280.0,910294 16 949.0 559.1 918.4 554.8 0.84 89
SFIX R,910296.0,
EFIX R,910296.0,910424 130 916.8 555.0 795
SSACC R,910426.0,
ESACC R,910426.0,910442 18 922.6 556.0 964.2 570.3 1.19 111
SFIX R,910444.0,
EFIX R,910444.0,910822 380 959.9 577.6 807
SSACC R,910824.0,
ESACC R,910824.0,910832 10 957.6 584.9 945.8 567.3 0.57 69
SFIX R,910834.0,
EFIX R,910834.0,911762 930 933.9 573.3 784
SSACC R,911764.0,
ESACC R,911764.0,911778 16 937.0 580.1 934.4 553.3 0.73 78
SFIX R,911780.0,
EFIX R,911780.0,911968 190 937.5 562.3 816
SSACC R,911970.0,
SBLINK R,912020.0,
EBLINK R,912020.0,912178 160
ESACC R,911970.0,912252 284 951.8 570.5 928.6 546.2 0.91 1570
SFIX R,912254.0,
EFIX R,912254.0,912428 176 935.4 586.6 823
SSACC R,912430.0,
ESACC R,912430.0,912448 20 939.0 586.9 965.8 557.9 1.07 98
SFIX R,912450.0,
EFIX R,912450.0,912860 412 953.7 572.7 819
SSACC R,912862.0,
ESACC R,912862.0,912878 18 942.9 591.2 931.6 552.6 1.09 75
SFIX R,912880.0,
EFIX R,912880.0,914038 1160 944.3 589.6 811
SSACC R,914040.0,
SBLINK R,914076.0,
EBLINK R,914076.0,914206 132
ESACC R,914040.0,914266 228 952.5 616.8 958.3 559.8 1.55 519
SFIX R,914268.0,
EFIX R,914268.0,914428 162 961.3 596.4 842
SSACC R,914430.0,
ESACC R,914430.0,914454 26 959.9 600.5 959.5 561.5 1.06 86
SFIX R,914456.0,
EFIX R,914456.0,915218 764 973.2 577.8 849
SSACC R,915220.0,
ESACC R,915220.0,915236 18 969.6 583.8 974.1 549.8 0.93 72
SFIX R,915238.0,
EFIX R,915238.0,916516 1280 972.5 583.2 869
SSACC R,916518.0,
SBLINK R,916574.0,
EBLINK R,916574.0,916726 154
ESACC R,916518.0,916788 272 989.2 612.4 953.5 590.5 1.14 767
SFIX R,916790.0,
EFIX R,916790.0,917114 326 952.2 596.7 832
SSACC R,917116.0,
ESACC R,917116.0,917138 24 944.4 600.3 961.5 542.6 1.63 147
SFIX R,917140.0,
EFIX R,917140.0,918142 1004 959.8 579.6 863
SSACC R,918144.0,
ESACC R,918144.0,918156 14 953.1 590.2 943.9 566.7 0.68 62
SFIX R,918158.0,
EFIX R,918158.0,918964 808 948.7 577.0 892
SSACC R,918966.0,
SBLINK R,919016.0,
EBLINK R,919016.0,919192 178
ESACC R,918966.0,919250 286 949.7 589.7 976.1 549.5 1.30 1003
SFIX R,919252.0,
EFIX R,919252.0,919682 432 961.5 583.4 821
SSACC R,919684.0,
ESACC R,919684.0,919702 20 955.8 583.6 958.3 553.9 0.81 79
SFIX R,919704.0,
EFIX R,919704.0,920492 790 955.6 581.0 783
SSACC R,920494.0,
ESACC R,920494.0,920506 14 953.7 597.5 949.4 571.5 0.71 80
SFIX R,920508.0,
EFIX R,920508.0,920696 190 948.7 578.0 846
SSACC R,920698.0,
ESACC R,920698.0,920704 8 953.0 587.4 968.6 592.0 0.44 59
SFIX R,920706.0,
EFIX R,920706.0,920926 222 976.9 601.4 857
SSACC R,920928.0,
ESACC R,920928.0,920936 10 971.0 602.7 951.6 600.6 0.53 72
SFIX R,920938.0,
EFIX R,920938.0,921180 244 956.3 604.5 853
SSACC R,921182.0,
SBLINK R,921212.0,
EBLINK R,921212.0,921438 228
ESACC R,921182.0,921478 298 959.1 580.7 1003.1 506.1 2.35 595
SFIX R,921480.0,
EFIX R,921480.0,921658 180 983.2 559.0 788
SSACC R,921660.0,
ESACC R,921660.0,921676 18 980.0 574.0 945.6 571.5 0.93 103
SFIX R,921678.0,
EFIX R,921678.0,922166 490 936.7 576.0 760
SSACC R,922168.0,
ESACC R,922168.0,922190 24 928.4 585.4 947.4 544.8 1.21 103
SFIX R,922192.0,
EFIX R,922192.0,923392 1202 942.6 581.4 716
SSACC R,923394.0,
ESACC R,923394.0,923404 12 933.4 597.4 920.3 575.4 0.69 75
SFIX R,923406.0,
EFIX R,923406.0,923564 160 917.4 574.6 730
SSACC R,923566.0,
ESACC R,923566.0,923578 14 920.6 580.3 948.9 582.1 0.77 73
SFIX R,923580.0,
EFIX R,923580.0,924914 1336 954.4 585.8 765
SSACC R,924916.0,
ESACC R,924916.0,924932 18 946.0 587.4 924.7 597.9 0.64 61
SFIX R,924934.0,
EFIX R,924934.0,924948 16 935.5 584.6 760
SSACC R,924950.0,
SBLINK R,924984.0,
EBLINK R,924984.0,925162 180
ESACC R,924950.0,925218 270 945.5 574.4 930.0 509.2 1.82 2160
SFIX R,925220.0,
EFIX R,925220.0,925270 52 919.6 530.9 770
SSACC R,925272.0,
ESACC R,925272.0,925290 20 914.2 553.3 964.3 576.9 1.50 135
SFIX R,925292.0,
EFIX R,925292.0,925580 290 961.9 571.3 760
SSACC R,925582.0,
ESACC R,925582.0,925592 12 952.5 565.3 947.1 549.1 0.46 74
SFIX R,925594.0,
EFIX R,925594.0,926338 746 936.0 568.4 771
SSACC R,926340.0,
ESACC R,926340.0,926350 12 941.0 580.5 950.7 559.4 0.63 70
SFIX R,926352.0,
EFIX R,926352.0,926888 538 947.3 581.6 814
SSACC R,926890.0,
ESACC R,926890.0,926896 8 943.3 588.6 934.0 582.2 0.31 55
SFIX R,926898.0,
EFIX R,926898.0,928050 1154 935.1 582.4 823
SSACC R,928052.0,
ESACC R,928052.0,928060 10 937.8 585.2 949.7 571.5 0.49 60
SFIX R,928062.0,
EFIX R,928062.0,928680 620 948.6 580.5 814
SSACC R,928682.0,
SBLINK R,928712.0,
EBLINK R,928712.0,928862 152
ESACC R,928682.0,928900 220 940.7 579.6 930.1 511.4 1.87 2270
SFIX R,928902.0,
EFIX R,928902.0,928934 34 924.9 535.4 689
SSACC R,928936.0,
ESACC R,928936.0,928954 20 925.6 555.2 978.4 579.2 1.57 153
SFIX R,928956.0,
EFIX R,928956.0,929090 136 965.6 566.7 668
SSACC R,929092.0,
ESACC R,929092.0,929106 16 961.7 568.9 938.3 539.7 1.01 110
SFIX R,929108.0,
EFIX R,929108.0,930560 1454 933.2 562.1 655
SSACC R,930562.0,
ESACC R,930562.0,930576 16 940.7 578.3 943.4 556.7 0.59 77
SFIX R,930578.0,
EFIX R,930578.0,931292 716 941.7 563.8 698
SSACC R,931294.0,
ESACC R,931294.0,931302 10 942.2 573.3 938.9 559.2 0.39 54
SFIX R,931304.0,
EFIX R,931304.0,932422 1120 933.7 567.5 760
SSACC R,932424.0,
ESACC R,932424.0,932434 12 931.1 581.3 942.8 569.4 0.45 52
SFIX R,932436.0,
EFIX R,932436.0,932962 528 947.1 575.9 723
SSACC R,932964.0,
ESACC R,932964.0,932978 16 942.4 581.7 919.9 561.4 0.82 83
SFIX R,932980.0,
EFIX R,932980.0,933104 126 913.2 558.8 686
SSACC R,933106.0,
ESACC R,933106.0,933120 16 910.8 564.3 944.8 571.2 0.94 90
SFIX R,933122.0,
EFIX R,933122.0,934002 882 933.6 580.2 680
SSACC R,934004.0,
ESACC R,934004.0,934014 12 921.5 575.9 918.8 557.4 0.51 85
SFIX R,934016.0,
EFIX R,934016.0,934496 482 921.6 564.1 675
SSACC R,934498.0,
SBLINK R,934530.0,
EBLINK R,934530.0,934674 146
ESACC R,934498.0,934710 214 915.1 584.5 926.9 536.4 1.34 2193
SFIX R,934712.0,
EFIX R,934712.0,934862 152 928.5 567.0 729
SSACC R,934864.0,
ESACC R,934864.0,934876 14 929.5 573.7 950.4 550.9 0.84 82
SFIX R,934878.0,
EFIX R,934878.0,935152 276 943.6 566.4 722
SSACC R,935154.0,
ESACC R,935154.0,935166 14 932.2 565.5 908.9 544.9 0.84 94
SFIX R,935168.0,
EFIX R,935168.0,936090 924 904.0 560.3 723
SSACC R,936092.0,
ESACC R,936092.0,936102 12 914.0 571.3 925.1 549.9 0.65 72
SFIX R,936104.0,
EFIX R,936104.0,937182 1080 926.2 569.9 739
SSACC R,937184.0,
ESACC R,937184.0,937204 22 930.3 581.6 947.3 559.1 0.76 56
SFIX R,937206.0,
EFIX R,937206.0,937364 160 945.8 561.5 723
SSACC R,937366.0,
ESACC R,937366.0,937374 10 945.0 565.1 926.8 570.4 0.51 71
SFIX R,937376.0,
EFIX R,937376.0,937608 234 929.3 572.3 728
SSACC R,937610.0,
ESACC R,937610.0,937626 18 932.8 570.6 955.3 560.1 0.67 64
SFIX R,937628.0,
EFIX R,937628.0,938620 994 936.5 573.0 726
SSACC R,938622.0,
ESACC R,938622.0,938632 12 935.4 576.3 934.9 555.7 0.56 55
SFIX R,938634.0,
EFIX R,938634.0,939316 684 945.3 568.5 734
SSACC R,939318.0,
ESACC R,939318.0,939332 16 943.2 577.1 912.3 561.7 0.94 84
SFIX R,939334.0,
EFIX R,939334.0,939464 132 909.3 562.4 770
SSACC R,939466.0,
ESACC R,939466.0,939478 14 910.2 566.4 942.2 568.5 0.87 82
SFIX R,939480.0,
EFIX R,939480.0,940854 1376 929.6 574.4 745
SSACC R,940856.0,
SBLINK R,940898.0,
EBLINK R,940898.0,941102 206
ESACC R,940856.0,941142 288 923.1 587.6 944.3 522.1 1.87 2110
SFIX R,941144.0,
EFIX R,941144.0,941370 228 922.6 551.0 686
SSACC R,941372.0,
ESACC R,941372.0,941386 16 926.1 559.3 963.2 556.0 1.01 91
SFIX R,941388.0,
EFIX R,941388.0,942626 1240 925.8 559.4 631
SSACC R,942628.0,
ESACC R,942628.0,942634 8 919.3 563.0 924.1 549.0 0.40 61
SFIX R,942636.0,
EFIX R,942636.0,942804 170 924.8 550.3 592
SSACC R,942806.0,
ESACC R,942806.0,942814 10 920.6 547.9 900.9 547.6 0.53 64
SFIX R,942816.0,
EFIX R,942816.0,942976 162 901.9 550.5 599
SSACC R,942978.0,
ESACC R,942978.0,942990 14 902.5 550.4 926.9 553.9 0.67 67
SFIX R,942992.0,
EFIX R,942992.0,943422 432 920.3 562.1 607
SSACC R,943424.0,
ESACC R,943424.0,943428 6 922.1 564.0 913.0 563.1 0.25 46
SFIX R,943430.0,
EFIX R,943430.0,944462 1034 909.6 566.9 616
SSACC R,944464.0,
SBLINK R,944474.0,
EBLINK R,944474.0,944474 2
ESACC R,944464.0,944482 20 922.1 564.0 913.0 563.1 0.25 0
SFIX R,944484.0,
EFIX R,944484.0,945204 722 919.4 586.5 650
SSACC R,945206.0,
ESACC R,945206.0,945214 10 921.1 583.7 910.7 569.1 0.49 65
SFIX R,945216.0,
EFIX R,945216.0,945352 138 907.1 565.6 630
SSACC R,945354.0,
ESACC R,945354.0,945366 14 914.6 567.7 929.8 568.2 0.41 51
SFIX R,945368.0,
EFIX R,945368.0,946298 932 931.5 578.2 677
SSACC R,946300.0,
SBLINK R,946350.0,
EBLINK R,946350.0,946540 192
ESACC R,946300.0,946574 276 933.2 587.8 969.0 539.6 1.63 2035
SFIX R,946576.0,
EFIX R,946576.0,946946 372 964.7 578.1 739
SSACC R,946948.0,
ESACC R,946948.0,946960 14 962.6 572.5 945.6 562.6 0.53 56
SFIX R,946962.0,
EFIX R,946962.0,948802 1842 931.7 592.5 725
SSACC R,948804.0,
SBLINK R,948814.0,
EBLINK R,948814.0,948826 14
ESACC R,948804.0,948834 32 962.6 572.5 945.6 562.6 0.53 0
SFIX R,948836.0,
EFIX R,948836.0,949774 940 952.0 597.7 762
SSACC R,949776.0,
ESACC R,949776.0,949790 16 946.9 599.3 934.8 565.1 0.98 86
SFIX R,949792.0,
EFIX R,949792.0,950612 822 935.2 576.4 673
SSACC R,950614.0,
SBLINK R,950624.0,
EBLINK R,950624.0,950636 14
ESACC R,950614.0,950644 32 946.9 599.3 934.8 565.1 0.98 0
SFIX R,950646.0,
EFIX R,950646.0,950710 66 932.4 585.9 699
SSACC R,950712.0,
SBLINK R,950722.0,
EBLINK R,950722.0,950792 72
ESACC R,950712.0,950800 90 946.9 599.3 934.8 565.1 0.98 0
SFIX R,950802.0,
EFIX R,950802.0,951408 608 933.2 584.2 747
SSACC R,951410.0,
SBLINK R,951420.0,
EBLINK R,951420.0,951420 2
ESACC R,951410.0,951428 20 946.9 599.3 934.8 565.1 0.98 0
SFIX R,951430.0,
EFIX R,951430.0,951456 28 933.9 594.7 793
SSACC R,951458.0,
SBLINK R,951468.0,
EBLINK R,951468.0,951478 12
ESACC R,951458.0,951486 30 946.9 599.3 934.8 565.1 0.98 0
SFIX R,951488.0,
EFIX R,951488.0,951508 22 933.7 596.8 789
SSACC R,951510.0,
SBLINK R,951520.0,
EBLINK R,951520.0,951524 6
ESACC R,951510.0,951532 24 946.9 599.3 934.8 565.1 0.98 0
SFIX R,951534.0,
EFIX R,951534.0,951804 272 938.0 599.4 800
SSACC R,951806.0,
SBLINK R,951816.0,
EBLINK R,951816.0,951910 96
ESACC R,951806.0,951918 114 939.0 598.9 939.4 602.2 0.09 5
SFIX R,951920.0,
EFIX R,951920.0,951982 64 940.0 599.2 830
SSACC R,951984.0,
SBLINK R,951994.0,
EBLINK R,951994.0,952732 740
ESACC R,951984.0,952740 758 955.6 611.1 953.8 624.6 0.37 32
SFIX R,952742.0,
EFIX R,952742.0,952778 38 950.5 625.4 770
SSACC R,952780.0,
SBLINK R,952790.0,
EBLINK R,952790.0,952900 112
ESACC R,952780.0,952908 130 956.7 622.7 950.3 619.5 0.19 22
SFIX R,952910.0,
EFIX R,952910.0,953066 158 945.2 614.6 676
SSACC R,953068.0,
SBLINK R,953078.0,
EBLINK R,953078.0,953570 494
ESACC R,953068.0,953578 512 947.2 610.8 948.8 635.3 0.67 22
SFIX R,953580.0,
EFIX R,953580.0,953606 28 946.2 639.8 667
SSACC R,953608.0,
SBLINK R,953618.0,
EBLINK R,953618.0,953624 8
ESACC R,953608.0,953632 26 947.2 610.8 948.8 635.3 0.66 0
SFIX R,953634.0,
EFIX R,953634.0,954314 682 948.4 647.4 690
SSACC R,954316.0,
ESACC R,954316.0,954336 22 946.5 643.0 948.1 587.1 1.51 91
SFIX R,954338.0,
EFIX R,954338.0,954376 40 944.6 593.1 698
SSACC R,954378.0,
SBLINK R,954388.0,
EBLINK R,954388.0,954882 496
ESACC R,954378.0,954890 514 946.9 590.3 937.3 596.5 0.31 38
SFIX R,954892.0,
EFIX R,954892.0,954996 106 940.9 603.9 740
SSACC R,954998.0,
SBLINK R,955008.0,
EBLINK R,955008.0,955054 48
ESACC R,954998.0,955062 66 946.9 590.3 937.3 596.5 0.31 0
SFIX R,955064.0,
EFIX R,955064.0,955178 116 937.9 611.1 763
SSACC R,955180.0,
SBLINK R,955198.0,
EBLINK R,955198.0,955368 172
ESACC R,955180.0,955416 238 923.3 614.1 930.9 567.1 1.29 375
SFIX R,955418.0,
EFIX R,955418.0,955634 218 934.3 590.3 779
SSACC R,955636.0,
SBLINK R,955646.0,
EBLINK R,955646.0,955648 4
ESACC R,955636.0,955656 22 923.3 614.1 930.9 567.1 1.29 0
SFIX R,955658.0,
EFIX R,955658.0,955692 36 968.0 586.0 785
SSACC R,955694.0,
SBLINK R,955704.0,
EBLINK R,955704.0,955764 62
ESACC R,955694.0,955772 80 969.2 589.1 971.6 593.1 0.13 16
SFIX R,955774.0,
EFIX R,955774.0,956440 668 946.1 586.6 707
SSACC R,956442.0,
ESACC R,956442.0,956456 16 934.3 585.2 907.9 558.9 1.01 111
SFIX R,956458.0,
EFIX R,956458.0,956656 200 906.5 564.1 647
SSACC R,956658.0,
ESACC R,956658.0,956668 12 915.0 567.1 936.4 563.4 0.59 72
SFIX R,956670.0,
EFIX R,956670.0,957988 1320 946.6 580.9 704
SSACC R,957990.0,
ESACC R,957990.0,958000 12 946.1 581.1 932.1 564.2 0.59 68
SFIX R,958002.0,
EFIX R,958002.0,958188 188 931.6 563.1 654
SSACC R,958190.0,
ESACC R,958190.0,958194 6 946.9 570.2 950.7 575.5 0.18 51
SFIX R,958196.0,
EFIX R,958196.0,959062 868 945.3 579.8 610
SSACC R,959064.0,
ESACC R,959064.0,959072 10 932.0 579.5 927.3 559.5 0.56 65
SFIX R,959074.0,
EFIX R,959074.0,960826 1754 929.7 586.9 649
SSACC R,960828.0,
ESACC R,960828.0,960848 22 938.4 598.1 901.3 574.6 1.19 91
SFIX R,960850.0,
EFIX R,960850.0,960912 64 903.7 579.9 759
SSACC R,960914.0,
ESACC R,960914.0,960936 24 902.2 578.7 977.8 584.6 2.06 164
SFIX R,960938.0,
EFIX R,960938.0,961088 152 968.8 592.5 777
SSACC R,961090.0,
SBLINK R,961112.0,
EBLINK R,961112.0,961256 146
ESACC R,961090.0,961272 184 957.9 600.2 922.1 589.4 1.01 314
SFIX R,961274.0,
EFIX R,961274.0,961726 454 931.8 585.2 759
SSACC R,961728.0,
SBLINK R,961738.0,
EBLINK R,961738.0,962336 600
ESACC R,961728.0,962344 618 925.2 590.1 903.0 584.7 0.62 30
SFIX R,962346.0,
EFIX R,962346.0,962368 24 903.9 587.0 655
SSACC R,962370.0,
SBLINK R,962380.0,
EBLINK R,962380.0,962910 532
ESACC R,962370.0,962918 550 907.7 590.0 916.9 574.3 0.49 51
SFIX R,962920.0,
EFIX R,962920.0,962978 60 920.2 574.1 679
SSACC R,962980.0,
SBLINK R,962990.0,
EBLINK R,962990.0,962990 2
ESACC R,962980.0,963020 42 920.5 574.3 917.7 579.9 0.17 31
SFIX R,963022.0,
EFIX R,963022.0,963050 30 918.3 574.0 663
SSACC R,963052.0,
SBLINK R,963062.0,
EBLINK R,963062.0,963100 40
ESACC R,963052.0,963108 58 920.5 574.3 917.7 579.9 0.17 0
SFIX R,963110.0,
EFIX R,963110.0,963130 22 918.4 572.1 643
SSACC R,963132.0,
SBLINK R,963142.0,
EBLINK R,963142.0,963204 64
ESACC R,963132.0,963212 82 920.8 571.1 916.1 576.9 0.20 25
SFIX R,963214.0,
EFIX R,963214.0,963748 536 912.7 571.6 637
SSACC R,963750.0,
ESACC R,963750.0,963754 6 909.1 572.3 908.4 567.1 0.14 55
SFIX R,963756.0,
EFIX R,963756.0,965902 2148 911.8 567.0 615
SSACC R,965904.0,
SBLINK R,965938.0,
EBLINK R,965938.0,966092 156
ESACC R,965904.0,966122 220 904.4 592.5 939.3 528.7 1.97 2409
SFIX R,966124.0,
EFIX R,966124.0,966320 198 926.2 574.4 648
SSACC R,966322.0,
ESACC R,966322.0,966338 18 920.8 583.5 926.8 549.0 0.95 72
SFIX R,966340.0,
EFIX R,966340.0,967006 668 916.1 552.4 602
SSACC R,967008.0,
ESACC R,967008.0,967022 16 904.5 553.3 890.5 532.8 0.67 63
SFIX R,967024.0,
EFIX R,967024.0,969444 2422 897.9 569.1 593
SSACC R,969446.0,
ESACC R,969446.0,969456 12 902.1 585.9 901.0 559.1 0.73 90
SFIX R,969458.0,
EFIX R,969458.0,970176 720 908.7 570.6 633
SSACC R,970178.0,
ESACC R,970178.0,970190 14 906.6 584.6 881.4 567.3 0.83 72
SFIX R,970192.0,
EFIX R,970192.0,970304 114 878.5 570.3 668
SSACC R,970306.0,
ESACC R,970306.0,970322 18 876.9 573.5 914.9 577.1 1.03 108
SFIX R,970324.0,
EFIX R,970324.0,970858 536 905.5 578.6 669
SSACC R,970860.0,
ESACC R,970860.0,970866 8 906.8 573.7 894.0 570.2 0.36 52
SFIX R,970868.0,
EFIX R,970868.0,971054 188 895.8 572.0 697
SSACC R,971056.0,
ESACC R,971056.0,971068 14 897.8 578.9 918.8 581.5 0.57 61
SFIX R,971070.0,
EFIX R,971070.0,971284 216 920.0 581.3 710
SSACC R,971286.0,
ESACC R,971286.0,971298 14 913.5 581.5 896.7 577.9 0.47 54
SFIX R,971300.0,
EFIX R,971300.0,971902 604 909.6 587.2 718
SSACC R,971904.0,
ESACC R,971904.0,971914 12 915.3 595.0 919.3 574.7 0.56 66
SFIX R,971916.0,
EFIX R,971916.0,972806 892 919.2 590.9 679
SSACC R,972808.0,
ESACC R,972808.0,972822 16 916.9 586.6 892.3 563.5 0.91 73
SFIX R,972824.0,
EFIX R,972824.0,972956 134 895.2 559.8 579
SSACC R,972958.0,
ESACC R,972958.0,972970 14 901.6 563.8 925.8 563.9 0.66 67
SFIX R,972972.0,
EFIX R,972972.0,974072 1102 901.5 560.7 502
SSACC R,974074.0,
SBLINK R,974104.0,
EBLINK R,974104.0,974282 180
ESACC R,974074.0,974320 248 885.9 577.7 910.8 465.9 3.10 394
SFIX R,974322.0,
EFIX R,974322.0,974480 160 906.5 502.3 455
SSACC R,974482.0,
ESACC R,974482.0,974500 20 910.1 510.7 905.4 532.1 0.59 53
SFIX R,974502.0,
EFIX R,974502.0,975092 592 891.7 545.7 467
SSACC R,975094.0,
ESACC R,975094.0,975106 14 889.2 559.0 884.8 559.9 0.12 51
SFIX R,975108.0,
EFIX R,975108.0,976394 1288 891.7 568.1 522
SSACC R,976396.0,
ESACC R,976396.0,976404 10 892.3 587.9 880.5 569.6 0.59 65
SFIX R,976406.0,
EFIX R,976406.0,976592 188 876.4 572.4 558
SSACC R,976594.0,
ESACC R,976594.0,976602 10 875.8 578.1 891.7 580.9 0.44 58
SFIX R,976604.0,
EFIX R,976604.0,976960 358 895.1 581.7 567
SSACC R,976962.0,
SBLINK R,976972.0,
EBLINK R,976972.0,976996 26
ESACC R,976962.0,977004 44 875.8 578.1 891.7 580.9 0.44 0
SFIX R,977006.0,
EFIX R,977006.0,977082 78 899.2 584.3 559
SSACC R,977084.0,
ESACC R,977084.0,977096 14 899.0 587.8 873.8 565.2 0.92 74
SFIX R,977098.0,
EFIX R,977098.0,977240 144 867.6 565.8 547
SSACC R,977242.0,
ESACC R,977242.0,977252 12 872.9 570.1 892.7 584.3 0.66 70
SFIX R,977254.0,
EFIX R,977254.0,978020 768 888.6 579.0 520
SSACC R,978022.0,
SBLINK R,978032.0,
EBLINK R,978032.0,978038 8
ESACC R,978022.0,978046 26 872.9 570.1 892.7 584.3 0.66 0
SFIX R,978048.0,
EFIX R,978048.0,978152 106 885.8 585.5 524
SSACC R,978154.0,
SBLINK R,978164.0,
EBLINK R,978164.0,978190 28
ESACC R,978154.0,978198 46 872.9 570.1 892.7 584.3 0.66 0
SFIX R,978200.0,
EFIX R,978200.0,978242 44 886.9 588.0 532
SSACC R,978244.0,
SBLINK R,978254.0,
EBLINK R,978254.0,978566 314
ESACC R,978244.0,978586 344 877.5 576.3 884.9 582.7 0.27 41
SFIX R,978588.0,
EFIX R,978588.0,978620 34 884.4 584.3 567
SSACC R,978622.0,
SBLINK R,978632.0,
EBLINK R,978632.0,978774 144
ESACC R,978622.0,978782 162 877.5 576.3 884.9 582.7 0.27 0
SFIX R,978784.0,
EFIX R,978784.0,978820 38 889.6 592.3 589
SSACC R,978822.0,
SBLINK R,978832.0,
EBLINK R,978832.0,978964 134
ESACC R,978822.0,978972 152 877.5 576.3 884.9 582.7 0.27 0
SFIX R,978974.0,
EFIX R,978974.0,979012 40 899.0 591.2 615
SSACC R,979014.0,
SBLINK R,979024.0,
EBLINK R,979024.0,979186 164
ESACC R,979014.0,979194 182 906.6 578.7 904.7 578.7 0.05 10
SFIX R,979196.0,
EFIX R,979196.0,979286 92 907.6 578.8 625
SSACC R,979288.0,
SBLINK R,979298.0,
EBLINK R,979298.0,979364 68
ESACC R,979288.0,979374 88 909.8 582.9 909.8 582.9 0.00 5
SFIX R,979376.0,
EFIX R,979376.0,979402 28 909.5 580.0 616
SSACC R,979404.0,
SBLINK R,979414.0,
EBLINK R,979414.0,979616 204
ESACC R,979404.0,979638 236 911.4 577.8 871.9 551.8 1.28 73
SFIX R,979640.0,
EFIX R,979640.0,979756 118 875.1 557.3 600
SSACC R,979758.0,
ESACC R,979758.0,979772 16 874.3 559.4 913.3 561.9 1.06 92
SFIX R,979774.0,
EFIX R,979774.0,981080 1308 914.6 586.8 654
SSACC R,981082.0,
ESACC R,981082.0,981090 10 912.4 595.1 913.4 577.4 0.48 63
SFIX R,981092.0,
EFIX R,981092.0,982144 1054 917.0 572.2 525
SSACC R,982146.0,
SBLINK R,982204.0,
EBLINK R,982204.0,982378 176
ESACC R,982146.0,982444 300 907.7 574.1 877.8 531.5 1.41 380
SFIX R,982446.0,
EFIX R,982446.0,982618 174 873.8 531.5 450
SSACC R,982620.0,
ESACC R,982620.0,982656 38 883.9 538.1 903.5 544.5 0.56 47
SFIX R,982658.0,
EFIX R,982658.0,983574 918 896.6 558.8 501
SSACC R,983576.0,
ESACC R,983576.0,983592 18 897.7 575.5 874.9 540.0 1.14 91
SFIX R,983594.0,
EFIX R,983594.0,984582 990 876.4 574.1 576
SSACC R,984584.0,
ESACC R,984584.0,984598 16 875.7 593.1 888.8 570.3 0.71 71
SFIX R,984600.0,
EFIX R,984600.0,985076 478 889.5 578.7 583
SSACC R,985078.0,
ESACC R,985078.0,985088 12 887.6 588.4 866.4 576.1 0.66 81
SFIX R,985090.0,
EFIX R,985090.0,985224 136 859.2 571.0 593
SSACC R,985226.0,
ESACC R,985226.0,985238 14 862.3 577.3 888.6 577.4 0.71 60
SFIX R,985240.0,
EFIX R,985240.0,986076 838 882.6 576.3 533
SSACC R,986078.0,
ESACC R,986078.0,986088 12 877.7 575.1 870.0 548.7 0.75 90
SFIX R,986090.0,
EFIX R,986090.0,987116 1028 879.6 558.5 450
SSACC R,987118.0,
SBLINK R,987130.0,
EBLINK R,987130.0,987212 84
ESACC R,987118.0,987220 104 880.3 569.6 872.7 561.8 0.30 44
SFIX R,987222.0,
EFIX R,987222.0,987278 58 869.4 563.7 506
SSACC R,987280.0,
SBLINK R,987290.0,
EBLINK R,987290.0,987350 62
ESACC R,987280.0,987358 80 863.4 569.2 868.7 571.1 0.15 42
SFIX R,987360.0,
EFIX R,987360.0,987542 184 871.0 573.2 532
SSACC R,987544.0,
SBLINK R,987554.0,
EBLINK R,987554.0,987566 14
ESACC R,987544.0,987574 32 863.4 569.2 868.7 571.1 0.15 0
SFIX R,987576.0,
EFIX R,987576.0,987596 22 871.1 573.5 550
SSACC R,987598.0,
SBLINK R,987608.0,
EBLINK R,987608.0,987660 54
ESACC R,987598.0,987668 72 871.9 582.4 871.9 582.4 0.00 30
SFIX R,987670.0,
EFIX R,987670.0,987772 104 872.6 581.3 568
SSACC R,987774.0,
SBLINK R,987784.0,
EBLINK R,987784.0,987784 2
ESACC R,987774.0,987792 20 871.9 582.4 871.9 582.4 0.00 0
SFIX R,987794.0,
EFIX R,987794.0,987860 68 894.6 579.5 574
SSACC R,987862.0,
SBLINK R,987872.0,
EBLINK R,987872.0,987904 34
ESACC R,987862.0,987912 52 871.9 582.4 871.9 582.4 0.00 0
SFIX R,987914.0,
EFIX R,987914.0,987968 56 900.4 579.3 570
SSACC R,987970.0,
SBLINK R,987980.0,
EBLINK R,987980.0,987996 18
ESACC R,987970.0,988004 36 871.9 582.4 871.9 582.4 0.00 0
SFIX R,988006.0,
EFIX R,988006.0,988108 104 881.7 579.1 564
SSACC R,988110.0,
SBLINK R,988120.0,
EBLINK R,988120.0,988172 54
ESACC R,988110.0,988180 72 871.9 582.4 871.9 582.4 0.00 0
SFIX R,988182.0,
EFIX R,988182.0,988204 24 880.1 580.4 562
SSACC R,988206.0,
SBLINK R,988216.0,
EBLINK R,988216.0,988578 364
ESACC R,988206.0,988586 382 881.9 587.9 891.1 581.7 0.30 26
SFIX R,988588.0,
EFIX R,988588.0,988614 28 890.4 590.3 614
SSACC R,988616.0,
SBLINK R,988626.0,
EBLINK R,988626.0,988628 4
ESACC R,988616.0,988636 22 881.9 587.9 891.1 581.7 0.30 0
SFIX R,988638.0,
EFIX R,988638.0,988704 68 892.7 590.2 627
SSACC R,988706.0,
SBLINK R,988716.0,
EBLINK R,988716.0,988728 14
ESACC R,988706.0,988736 32 881.9 587.9 891.1 581.7 0.30 0
SFIX R,988738.0,
EFIX R,988738.0,988764 28 894.0 592.9 631
SSACC R,988766.0,
SBLINK R,988776.0,
EBLINK R,988776.0,988800 26
ESACC R,988766.0,988830 66 895.2 600.4 893.2 595.2 0.15 26
SFIX R,988832.0,
EFIX R,988832.0,988982 152 892.0 598.8 629
SSACC R,988984.0,
SBLINK R,988994.0,
EBLINK R,988994.0,988996 4
ESACC R,988984.0,989008 26 905.6 582.8 907.5 583.4 0.05 31
SFIX R,989010.0,
EFIX R,989010.0,990556 1548 896.4 583.7 569
SSACC R,990558.0,
SBLINK R,990568.0,
EBLINK R,990568.0,990746 180
ESACC R,990558.0,990784 228 865.2 593.7 894.0 515.6 2.26 264
SFIX R,990786.0,
EFIX R,990786.0,993624 2840 877.2 567.8 498
SSACC R,993626.0,
ESACC R,993626.0,993642 18 879.0 595.0 898.7 563.9 1.00 69
SFIX R,993644.0,
EFIX R,993644.0,993870 228 899.1 572.4 611
SSACC R,993872.0,
ESACC R,993872.0,993888 18 903.4 569.5 877.4 561.4 0.74 67
SFIX R,993890.0,
EFIX R,993890.0,994050 162 870.3 562.8 560
SSACC R,994052.0,
ESACC R,994052.0,994064 14 880.4 567.3 897.0 563.1 0.46 58
SFIX R,994066.0,
EFIX R,994066.0,995850 1786 885.5 562.1 434
SSACC R,995852.0,
ESACC R,995852.0,995874 24 875.6 571.9 874.7 552.8 0.52 67
SFIX R,995876.0,
EFIX R,995876.0,997140 1266 873.1 570.3 462
SSACC R,997142.0,
SBLINK R,997180.0,
EBLINK R,997180.0,997382 204
ESACC R,997142.0,997460 320 866.7 600.2 860.3 524.6 2.06 1023
SFIX R,997462.0,
EFIX R,997462.0,997556 96 857.4 524.4 502
SSACC R,997558.0,
ESACC R,997558.0,997574 18 853.5 514.2 895.8 530.6 1.23 94
SFIX R,997576.0,
EFIX R,997576.0,999040 1466 885.9 553.3 501
SSACC R,999042.0,
ESACC R,999042.0,999064 24 886.5 578.2 867.8 540.3 1.15 79
SFIX R,999066.0,
EFIX R,999066.0,999236 172 868.5 552.5 505
SSACC R,999238.0,
ESACC R,999238.0,999254 18 870.1 560.7 896.5 558.0 0.72 50
SFIX R,999256.0,
EFIX R,999256.0,999464 210 894.2 566.8 487
SSACC R,999466.0,
ESACC R,999466.0,999482 18 893.9 574.1 866.4 557.3 0.87 78
SFIX R,999484.0,
EFIX R,999484.0,1001122 1640 874.0 557.8 454
SSACC R,1001124.0,
ESACC R,1001124.0,1001138 16 874.8 558.1 899.9 540.3 0.83 61
SFIX R,1001140.0,
EFIX R,1001140.0,1001278 140 904.1 541.5 474
SSACC R,1001280.0,
ESACC R,1001280.0,1001292 14 899.5 540.2 871.7 544.5 0.76 67
SFIX R,1001294.0,
EFIX R,1001294.0,1002642 1350 874.7 561.7 517
SSACC R,1002644.0,
ESACC R,1002644.0,1002652 10 875.5 588.4 867.7 568.1 0.59 79
SFIX R,1002654.0,
EFIX R,1002654.0,1002786 134 864.8 573.9 573
SSACC R,1002788.0,
ESACC R,1002788.0,1002802 16 869.8 575.5 890.4 572.5 0.56 46
SFIX R,1002804.0,
EFIX R,1002804.0,1003196 394 889.8 574.4 542
SSACC R,1003198.0,
ESACC R,1003198.0,1003212 16 886.3 570.2 863.8 560.0 0.67 67
SFIX R,1003214.0,
EFIX R,1003214.0,1003346 134 863.4 561.6 541
SSACC R,1003348.0,
ESACC R,1003348.0,1003362 16 867.0 567.5 894.3 567.9 0.74 72
SFIX R,1003364.0,
EFIX R,1003364.0,1003754 392 886.8 570.1 525
SSACC R,1003756.0,
ESACC R,1003756.0,1003760 6 883.6 565.7 873.4 551.5 0.47 83
SFIX R,1003762.0,
EFIX R,1003762.0,1004740 980 865.9 554.1 475
SSACC R,1004742.0,
ESACC R,1004742.0,1004760 20 866.8 558.2 861.5 560.3 0.15 63
SFIX R,1004762.0,
EFIX R,1004762.0,1005960 1200 874.4 588.4 521
SSACC R,1005962.0,
ESACC R,1005962.0,1005980 20 883.6 603.7 908.9 556.3 1.46 120
SFIX R,1005982.0,
EFIX R,1005982.0,1006736 756 905.5 570.2 582
SSACC R,1006738.0,
ESACC R,1006738.0,1006752 16 908.8 586.1 882.0 561.9 0.98 93
SFIX R,1006754.0,
EFIX R,1006754.0,1006880 128 872.4 560.2 610
SSACC R,1006882.0,
ESACC R,1006882.0,1006898 18 866.4 557.9 911.0 569.6 1.25 111
SFIX R,1006900.0,
EFIX R,1006900.0,1007534 636 913.5 582.3 602
SSACC R,1007536.0,
ESACC R,1007536.0,1007548 14 908.1 603.8 899.8 576.1 0.78 81
SFIX R,1007550.0,
EFIX R,1007550.0,1009868 2320 882.0 584.8 479
SSACC R,1009870.0,
SBLINK R,1009962.0,
EBLINK R,1009962.0,1010138 178
ESACC R,1009870.0,1010176 308 887.8 610.2 881.5 530.4 2.17 401
SFIX R,1010178.0,
EFIX R,1010178.0,1011318 1142 882.8 557.9 484
SSACC R,1011320.0,
SBLINK R,1011358.0,
EBLINK R,1011358.0,1011504 148
ESACC R,1011320.0,1011546 228 871.0 598.2 908.2 523.0 2.27 483
SFIX R,1011548.0,
EFIX R,1011548.0,1011778 232 898.8 553.8 500
SSACC R,1011780.0,
ESACC R,1011780.0,1011794 16 895.5 571.7 865.7 534.0 1.30 111
SFIX R,1011796.0,
EFIX R,1011796.0,1012774 980 874.0 555.6 507
SSACC R,1012776.0,
ESACC R,1012776.0,1012800 26 873.4 584.2 894.7 541.2 1.30 95
SFIX R,1012802.0,
EFIX R,1012802.0,1013268 468 890.1 569.1 523
SSACC R,1013270.0,
ESACC R,1013270.0,1013282 14 878.9 576.6 867.9 557.0 0.61 78
SFIX R,1013284.0,
EFIX R,1013284.0,1013432 150 865.5 563.0 525
SSACC R,1013434.0,
ESACC R,1013434.0,1013446 14 866.1 566.5 890.1 566.6 0.65 77
SFIX R,1013448.0,
EFIX R,1013448.0,1014536 1090 882.3 577.6 465
SSACC R,1014538.0,
ESACC R,1014538.0,1014560 24 887.9 593.0 849.7 560.7 1.35 94
SFIX R,1014562.0,
EFIX R,1014562.0,1014670 110 855.0 562.1 464
SSACC R,1014672.0,
ESACC R,1014672.0,1014686 16 851.8 566.2 882.3 573.2 0.85 58
SFIX R,1014688.0,
EFIX R,1014688.0,1014954 268 888.9 582.0 465
SSACC R,1014956.0,
ESACC R,1014956.0,1015004 50 887.9 589.1 861.5 566.7 0.94 70
SFIX R,1015006.0,
EFIX R,1015006.0,1015596 592 863.8 572.8 456
SSACC R,1015598.0,
ESACC R,1015598.0,1015604 8 871.6 578.9 887.5 568.1 0.52 72
SFIX R,1015606.0,
EFIX R,1015606.0,1015846 242 888.1 569.5 468
SSACC R,1015848.0,
ESACC R,1015848.0,1015856 10 884.0 578.4 865.8 569.1 0.55 69
SFIX R,1015858.0,
EFIX R,1015858.0,1016926 1070 870.6 590.2 517
SSACC R,1016928.0,
SBLINK R,1016956.0,
EBLINK R,1016956.0,1017094 140
ESACC R,1016928.0,1017164 238 842.6 617.7 872.6 575.0 1.41 1371
SFIX R,1017166.0,
EFIX R,1017166.0,1017414 250 872.8 595.9 530
SSACC R,1017416.0,
ESACC R,1017416.0,1017438 24 872.8 599.7 877.7 548.4 1.40 103
SFIX R,1017440.0,
EFIX R,1017440.0,1019558 2120 868.4 580.5 463
SSACC R,1019560.0,
ESACC R,1019560.0,1019580 22 874.3 609.2 861.2 555.0 1.51 116
SFIX R,1019582.0,
EFIX R,1019582.0,1022502 2922 880.7 604.7 566
SSACC R,1022504.0,
ESACC R,1022504.0,1022516 14 891.4 613.2 888.2 617.8 0.15 46
SFIX R,1022518.0,
EFIX R,1022518.0,1023424 908 878.7 624.0 479
SSACC R,1023426.0,
ESACC R,1023426.0,1023442 18 875.2 628.8 874.0 577.4 1.39 152
SFIX R,1023444.0,
EFIX R,1023444.0,1024744 1302 876.2 594.6 450
SSACC R,1024746.0,
ESACC R,1024746.0,1024786 42 881.7 622.7 856.4 565.9 1.68 120
SFIX R,1024788.0,
EFIX R,1024788.0,1024966 180 853.4 565.5 492
SSACC R,1024968.0,
ESACC R,1024968.0,1024986 20 855.2 561.8 885.2 576.7 0.91 89
SFIX R,1024988.0,
EFIX R,1024988.0,1025200 214 876.0 579.7 522
SSACC R,1025202.0,
ESACC R,1025202.0,1025218 18 877.3 583.6 872.2 582.8 0.14 44
SFIX R,1025220.0,
EFIX R,1025220.0,1025748 530 881.9 608.6 561
SSACC R,1025750.0,
ESACC R,1025750.0,1025770 22 878.3 621.8 847.3 561.9 1.83 140
SFIX R,1025772.0,
EFIX R,1025772.0,1025910 140 849.7 573.7 559
SSACC R,1025912.0,
ESACC R,1025912.0,1025928 18 853.1 582.5 885.3 595.7 0.94 75
SFIX R,1025930.0,
EFIX R,1025930.0,1026384 456 880.8 605.5 521
SSACC R,1026386.0,
ESACC R,1026386.0,1026400 16 871.6 608.4 845.8 588.0 0.89 79
SFIX R,1026402.0,
EFIX R,1026402.0,1026534 134 844.0 586.9 482
SSACC R,1026536.0,
ESACC R,1026536.0,1026548 14 844.9 587.6 867.9 604.4 0.77 87
SFIX R,1026550.0,
EFIX R,1026550.0,1026872 324 876.1 612.1 456
SSACC R,1026874.0,
ESACC R,1026874.0,1026892 20 873.7 621.6 853.6 572.1 1.45 94
SFIX R,1026894.0,
EFIX R,1026894.0,1027620 728 862.4 605.0 408
SSACC R,1027622.0,
SBLINK R,1027632.0,
EBLINK R,1027632.0,1027648 18
ESACC R,1027622.0,1027668 48 867.4 596.5 879.0 578.3 0.58 102
SFIX R,1027670.0,
EFIX R,1027670.0,1027780 112 872.2 582.2 400
SSACC R,1027782.0,
ESACC R,1027782.0,1027824 44 875.8 580.6 866.3 569.4 0.40 54
SFIX R,1027826.0,
EFIX R,1027826.0,1028008 184 871.7 589.2 408
SSACC R,1028010.0,
SBLINK R,1028020.0,
EBLINK R,1028020.0,1028222 204
ESACC R,1028010.0,1028274 266 852.2 623.6 872.0 550.9 2.04 435
SFIX R,1028276.0,
EFIX R,1028276.0,1028396 122 862.5 575.7 438
SSACC R,1028398.0,
ESACC R,1028398.0,1028428 32 865.3 584.4 853.4 509.0 2.07 142
SFIX R,1028430.0,
EFIX R,1028430.0,1028632 204 850.9 538.9 466
SSACC R,1028634.0,
ESACC R,1028634.0,1028654 22 851.7 554.4 881.6 504.6 1.57 123
SFIX R,1028656.0,
EFIX R,1028656.0,1029148 494 868.6 532.8 435
SSACC R,1029150.0,
ESACC R,1029150.0,1029170 22 870.3 567.9 856.9 522.0 1.30 97
SFIX R,1029172.0,
EFIX R,1029172.0,1030042 872 863.5 559.4 468
SSACC R,1030044.0,
SBLINK R,1030054.0,
EBLINK R,1030054.0,1030218 166
ESACC R,1030044.0,1030226 184 870.3 567.9 856.9 522.0 1.30 0
SFIX R,1030228.0,
EFIX R,1030228.0,1030294 68 885.7 618.5 542
SSACC R,1030296.0,
ESACC R,1030296.0,1030320 26 888.3 621.8 878.2 545.9 2.08 146
SFIX R,1030322.0,
EFIX R,1030322.0,1030488 168 873.8 566.6 551
SSACC R,1030490.0,
SBLINK R,1030522.0,
EBLINK R,1030522.0,1030770 250
ESACC R,1030490.0,1030794 306 880.9 593.5 893.6 603.3 0.43 88
SFIX R,1030796.0,
EFIX R,1030796.0,1030852 58 891.7 601.9 506
SSACC R,1030854.0,
SBLINK R,1030864.0,
EBLINK R,1030864.0,1030864 2
ESACC R,1030854.0,1030872 20 880.9 593.5 893.6 603.3 0.43 0
SFIX R,1030874.0,
EFIX R,1030874.0,1030946 74 891.9 603.8 493
SSACC R,1030948.0,
SBLINK R,1030958.0,
EBLINK R,1030958.0,1030960 4
ESACC R,1030948.0,1030968 22 880.9 593.5 893.6 603.3 0.43 0
SFIX R,1030970.0,
EFIX R,1030970.0,1031386 418 894.8 601.0 468
SSACC R,1031388.0,
ESACC R,1031388.0,1031418 32 890.6 593.8 868.0 548.9 1.36 100
SFIX R,1031420.0,
EFIX R,1031420.0,1032388 970 883.2 565.9 386
SSACC R,1032390.0,
ESACC R,1032390.0,1032410 22 882.7 569.3 855.1 532.0 1.26 83
SFIX R,1032412.0,
EFIX R,1032412.0,1033556 1146 867.6 572.3 392
SSACC R,1033558.0,
ESACC R,1033558.0,1033572 16 872.9 597.4 879.2 573.5 0.67 67
SFIX R,1033574.0,
EFIX R,1033574.0,1034250 678 880.9 588.3 495
SSACC R,1034252.0,
ESACC R,1034252.0,1034268 18 888.0 611.7 853.5 590.1 1.10 82
SFIX R,1034270.0,
EFIX R,1034270.0,1034396 128 842.9 592.0 517
SSACC R,1034398.0,
ESACC R,1034398.0,1034414 18 841.3 594.4 883.4 599.7 1.15 122
SFIX R,1034416.0,
EFIX R,1034416.0,1035080 666 887.9 610.5 513
SSACC R,1035082.0,
ESACC R,1035082.0,1035090 10 895.3 613.5 891.3 592.4 0.58 73
SFIX R,1035092.0,
EFIX R,1035092.0,1036432 1342 878.4 586.3 399
SSACC R,1036434.0,
ESACC R,1036434.0,1036444 12 866.2 563.8 859.7 546.6 0.50 69
SFIX R,1036446.0,
EFIX R,1036446.0,1036500 56 861.4 553.0 332
SSACC R,1036502.0,
ESACC R,1036502.0,1036510 10 859.2 563.7 863.0 564.7 0.11 51
SFIX R,1036512.0,
EFIX R,1036512.0,1036654 144 858.8 559.7 331
SSACC R,1036656.0,
ESACC R,1036656.0,1036690 36 859.9 560.3 890.8 538.3 1.03 98
SFIX R,1036692.0,
EFIX R,1036692.0,1036820 130 891.7 545.2 334
SSACC R,1036822.0,
ESACC R,1036822.0,1036866 46 885.4 544.9 852.8 559.8 0.97 83
SFIX R,1036868.0,
EFIX R,1036868.0,1037052 186 850.1 557.8 336
SSACC R,1037054.0,
ESACC R,1037054.0,1037060 8 852.8 567.3 861.6 556.9 0.37 61
SFIX R,1037062.0,
EFIX R,1037062.0,1037130 70 871.4 553.0 329
SSACC R,1037132.0,
ESACC R,1037132.0,1037138 8 875.1 565.7 868.5 552.0 0.41 64
SFIX R,1037140.0,
EFIX R,1037140.0,1037828 690 867.8 552.3 333
SSACC R,1037830.0,
ESACC R,1037830.0,1037838 10 854.0 557.5 871.5 555.5 0.48 60
SFIX R,1037840.0,
EFIX R,1037840.0,1038118 280 874.9 561.1 359
SSACC R,1038120.0,
ESACC R,1038120.0,1038130 12 871.6 567.5 861.8 546.9 0.62 82
SFIX R,1038132.0,
EFIX R,1038132.0,1038870 740 859.4 573.4 413
SSACC R,1038872.0,
SBLINK R,1038902.0,
EBLINK R,1038902.0,1039050 150
ESACC R,1038872.0,1039094 224 844.9 589.0 878.6 550.5 1.39 418
SFIX R,1039096.0,
EFIX R,1039096.0,1039346 252 885.4 532.0 432
SSACC R,1039348.0,
ESACC R,1039348.0,1039362 16 883.3 537.8 871.6 497.4 1.14 95
SFIX R,1039364.0,
EFIX R,1039364.0,1040724 1362 875.5 567.8 472
SSACC R,1040726.0,
ESACC R,1040726.0,1040748 24 875.0 615.6 882.8 559.4 1.54 94
SFIX R,1040750.0,
EFIX R,1040750.0,1042168 1420 872.9 580.7 456
SSACC R,1042170.0,
ESACC R,1042170.0,1042190 22 862.0 580.2 869.5 516.1 1.75 138
SFIX R,1042192.0,
EFIX R,1042192.0,1043262 1072 863.3 553.1 481
SSACC R,1043264.0,
ESACC R,1043264.0,1043270 8 873.5 594.4 866.2 588.6 0.25 45
SFIX R,1043272.0,
EFIX R,1043272.0,1045652 2382 879.4 625.8 619
SSACC R,1045654.0,
SBLINK R,1045696.0,
EBLINK R,1045696.0,1045858 164
ESACC R,1045654.0,1045892 240 883.4 656.4 923.4 480.0 4.90 1655
SFIX R,1045894.0,
EFIX R,1045894.0,1051676 5784 901.4 601.7 539
SSACC R,1051678.0,
ESACC R,1051678.0,1051704 28 905.3 623.2 887.8 553.2 1.96 134
SFIX R,1051706.0,
EFIX R,1051706.0,1053550 1846 885.6 585.3 518
SSACC R,1053552.0,
ESACC R,1053552.0,1053572 22 887.0 602.0 869.0 568.4 1.03 66
SFIX R,1053574.0,
EFIX R,1053574.0,1053734 162 867.2 576.6 570
SSACC R,1053736.0,
ESACC R,1053736.0,1053750 16 864.8 573.7 900.6 563.2 1.01 79
SFIX R,1053752.0,
EFIX R,1053752.0,1053906 156 898.0 565.9 557
SSACC R,1053908.0,
ESACC R,1053908.0,1053924 18 892.0 567.4 855.8 567.7 0.98 89
SFIX R,1053926.0,
EFIX R,1053926.0,1054060 136 859.2 570.7 539
SSACC R,1054062.0,
ESACC R,1054062.0,1054148 88 857.6 572.1 881.8 573.8 0.66 74
SFIX R,1054150.0,
EFIX R,1054150.0,1054268 120 882.9 574.7 491
SSACC R,1054270.0,
ESACC R,1054270.0,1054282 14 880.4 584.4 884.0 567.5 0.47 56
SFIX R,1054284.0,
EFIX R,1054284.0,1054366 84 884.9 574.0 476
SSACC R,1054368.0,
ESACC R,1054368.0,1054378 12 881.6 579.4 864.5 565.5 0.60 64
SFIX R,1054380.0,
EFIX R,1054380.0,1054576 198 856.8 561.7 453
SSACC R,1054578.0,
ESACC R,1054578.0,1054588 12 867.8 560.2 890.3 553.2 0.64 74
SFIX R,1054590.0,
EFIX R,1054590.0,1054680 92 885.6 555.8 427
SSACC R,1054682.0,
ESACC R,1054682.0,1054694 14 882.6 553.2 885.6 559.8 0.20 75
SFIX R,1054696.0,
EFIX R,1054696.0,1054848 154 884.1 552.6 406
SSACC R,1054850.0,
ESACC R,1054850.0,1054854 6 876.1 558.8 864.2 545.2 0.49 59
SFIX R,1054856.0,
EFIX R,1054856.0,1055642 788 865.0 556.8 397
SSACC R,1055644.0,
SBLINK R,1055680.0,
EBLINK R,1055680.0,1055822 144
ESACC R,1055644.0,1055860 218 856.3 586.4 861.1 503.7 2.24 268
SFIX R,1055862.0,
EFIX R,1055862.0,1055898 38 860.8 530.4 427
SSACC R,1055900.0,
ESACC R,1055900.0,1055938 40 862.4 548.0 861.1 545.1 0.09 44
SFIX R,1055940.0,
EFIX R,1055940.0,1056080 142 857.0 537.3 433
SSACC R,1056082.0,
ESACC R,1056082.0,1056098 18 858.3 534.5 875.2 501.7 1.00 102
SFIX R,1056100.0,
EFIX R,1056100.0,1057592 1494 864.9 543.7 444
SSACC R,1057594.0,
ESACC R,1057594.0,1057616 24 859.0 574.8 865.4 512.9 1.69 109
SFIX R,1057618.0,
EFIX R,1057618.0,1058830 1214 870.8 557.5 500
SSACC R,1058832.0,
ESACC R,1058832.0,1058844 14 876.0 585.2 884.0 554.9 0.85 86
SFIX R,1058846.0,
EFIX R,1058846.0,1059884 1040 876.7 556.8 455
SSACC R,1059886.0,
ESACC R,1059886.0,1059904 20 872.0 555.6 875.3 526.6 0.79 134
SFIX R,1059906.0,
EFIX R,1059906.0,1061192 1288 870.8 545.2 407
SSACC R,1061194.0,
ESACC R,1061194.0,1061206 14 861.5 554.8 863.8 534.9 0.54 70
SFIX R,1061208.0,
EFIX R,1061208.0,1062492 1286 866.2 557.8 453
SSACC R,1062494.0,
ESACC R,1062494.0,1062498 6 871.3 562.6 869.7 556.6 0.17 74
SFIX R,1062500.0,
EFIX R,1062500.0,1064436 1938 868.2 556.1 480
SSACC R,1064438.0,
ESACC R,1064438.0,1064444 8 858.6 533.3 844.9 522.2 0.48 73
SFIX R,1064446.0,
EFIX R,1064446.0,1065420 976 864.1 528.6 380
SSACC R,1065422.0,
ESACC R,1065422.0,1065430 10 863.1 542.2 851.4 523.1 0.61 73
SFIX R,1065432.0,
EFIX R,1065432.0,1065510 80 849.7 520.2 371
SSACC R,1065512.0,
ESACC R,1065512.0,1065524 14 859.9 521.0 876.0 515.4 0.46 68
SFIX R,1065526.0,
EFIX R,1065526.0,1066180 656 857.9 529.0 395
SSACC R,1066182.0,
ESACC R,1066182.0,1066194 14 857.7 551.6 853.0 526.6 0.69 58
SFIX R,1066196.0,
EFIX R,1066196.0,1066382 188 849.5 523.2 445
SSACC R,1066384.0,
ESACC R,1066384.0,1066396 14 850.5 530.4 868.7 521.8 0.54 65
SFIX R,1066398.0,
EFIX R,1066398.0,1066616 220 869.1 528.1 443
SSACC R,1066618.0,
ESACC R,1066618.0,1066622 6 859.8 538.7 852.8 538.3 0.19 41
SFIX R,1066624.0,
EFIX R,1066624.0,1068288 1666 859.1 567.6 459
SSACC R,1068290.0,
ESACC R,1068290.0,1068300 12 860.2 581.9 856.9 553.9 0.76 77
SFIX R,1068302.0,
EFIX R,1068302.0,1068420 120 855.1 562.5 459
SSACC R,1068422.0,
SBLINK R,1068450.0,
EBLINK R,1068450.0,1068662 214
ESACC R,1068422.0,1068714 294 841.6 570.7 855.7 553.0 0.61 364
SFIX R,1068716.0,
EFIX R,1068716.0,1068934 220 853.1 561.5 422
SSACC R,1068936.0,
ESACC R,1068936.0,1068962 28 847.6 586.2 880.7 513.8 2.16 173
SFIX R,1068964.0,
EFIX R,1068964.0,1070612 1650 867.9 562.6 494
SSACC R,1070614.0,
ESACC R,1070614.0,1070636 24 873.9 606.6 875.9 550.5 1.52 120
SFIX R,1070638.0,
EFIX R,1070638.0,1071968 1332 870.8 578.8 590
SSACC R,1071970.0,
ESACC R,1071970.0,1071984 16 871.9 584.7 874.7 554.6 0.82 98
SFIX R,1071986.0,
EFIX R,1071986.0,1072520 536 875.1 561.4 497
SSACC R,1072522.0,
ESACC R,1072522.0,1072534 14 873.4 553.9 876.8 560.9 0.21 46
SFIX R,1072536.0,
EFIX R,1072536.0,1073512 978 874.1 564.1 436
SSACC R,1073514.0,
ESACC R,1073514.0,1073528 16 875.9 582.6 879.7 543.7 1.06 104
SFIX R,1073530.0,
EFIX R,1073530.0,1075246 1718 866.0 573.1 473
SSACC R,1075248.0,
ESACC R,1075248.0,1075256 10 856.0 594.4 855.0 575.6 0.51 62
SFIX R,1075258.0,
EFIX R,1075258.0,1078262 3006 860.1 593.2 428
SSACC R,1078264.0,
ESACC R,1078264.0,1078290 28 864.2 594.6 855.0 540.3 1.49 75
SFIX R,1078292.0,
EFIX R,1078292.0,1078798 508 858.5 562.2 470
SSACC R,1078800.0,
ESACC R,1078800.0,1078822 24 865.3 561.7 864.4 569.7 0.22 46
SFIX R,1078824.0,
EFIX R,1078824.0,1079592 770 871.0 579.0 520
SSACC R,1079594.0,
ESACC R,1079594.0,1079614 22 876.1 589.0 859.8 568.6 0.71 61
SFIX R,1079616.0,
EFIX R,1079616.0,1079888 274 860.9 574.2 577
SSACC R,1079890.0,
SBLINK R,1079948.0,
EBLINK R,1079948.0,1080108 162
ESACC R,1079890.0,1080146 258 872.0 576.1 853.2 518.8 1.63 1593
SFIX R,1080148.0,
EFIX R,1080148.0,1080302 156 860.4 567.4 565
SSACC R,1080304.0,
ESACC R,1080304.0,1080316 14 865.7 586.2 901.6 568.1 1.09 100
SFIX R,1080318.0,
EFIX R,1080318.0,1080532 216 903.5 574.2 588
SSACC R,1080534.0,
ESACC R,1080534.0,1080546 14 906.3 578.8 885.2 569.5 0.62 74
SFIX R,1080548.0,
EFIX R,1080548.0,1082140 1594 879.5 585.9 603
SSACC R,1082142.0,
ESACC R,1082142.0,1082160 20 877.7 587.7 891.1 548.5 1.12 88
SFIX R,1082162.0,
EFIX R,1082162.0,1084188 2028 879.5 578.8 499
SSACC R,1084190.0,
ESACC R,1084190.0,1084212 24 881.6 616.7 889.8 561.4 1.52 111
SFIX R,1084214.0,
EFIX R,1084214.0,1085160 948 882.2 573.4 511
SSACC R,1085162.0,
SBLINK R,1085194.0,
EBLINK R,1085194.0,1085576 384
ESACC R,1085162.0,1085610 450 872.2 604.9 905.1 539.8 1.98 536
SFIX R,1085612.0,
EFIX R,1085612.0,1085918 308 901.0 594.9 644
SSACC R,1085920.0,
ESACC R,1085920.0,1085966 48 889.5 613.1 968.2 983.1 10.04 348
SFIX R,1085968.0,
EFIX R,1085968.0,1086100 134 971.3 966.1 625
SSACC R,1086102.0,
ESACC R,1086102.0,1086164 64 977.1 975.2 850.8 646.1 9.36 380
SFIX R,1086166.0,
EFIX R,1086166.0,1086388 224 840.9 644.1 593
SSACC R,1086390.0,
ESACC R,1086390.0,1086416 28 845.0 645.3 916.1 564.7 2.91 215
SFIX R,1086418.0,
EFIX R,1086418.0,1087354 938 899.1 597.1 648
SSACC R,1087356.0,
ESACC R,1087356.0,1087362 8 881.5 595.5 879.0 583.4 0.33 63
SFIX R,1087364.0,
EFIX R,1087364.0,1088178 816 873.7 581.7 568
SSACC R,1088180.0,
SBLINK R,1088210.0,
EBLINK R,1088210.0,1088390 182
ESACC R,1088180.0,1088436 258 863.7 613.0 873.1 532.1 2.21 511
SFIX R,1088438.0,
EFIX R,1088438.0,1088710 274 880.7 563.3 459
SSACC R,1088712.0,
SBLINK R,1088722.0,
EBLINK R,1088722.0,1088852 132
ESACC R,1088712.0,1088870 160 889.1 556.5 886.9 543.2 0.37 59
SFIX R,1088872.0,
EFIX R,1088872.0,1089002 132 885.2 555.4 426
SSACC R,1089004.0,
ESACC R,1089004.0,1089010 8 883.7 565.7 880.1 554.8 0.31 63
SFIX R,1089012.0,
EFIX R,1089012.0,1089382 372 869.2 559.9 404
SSACC R,1089384.0,
ESACC R,1089384.0,1089394 12 866.9 561.2 871.4 547.7 0.39 69
SFIX R,1089396.0,
EFIX R,1089396.0,1089694 300 868.2 555.9 430
SSACC R,1089696.0,
ESACC R,1089696.0,1089700 6 860.6 564.5 852.4 570.9 0.28 49
SFIX R,1089702.0,
EFIX R,1089702.0,1090552 852 861.1 576.4 446
SSACC R,1090554.0,
ESACC R,1090554.0,1090566 14 871.1 587.8 854.5 572.4 0.61 74
SFIX R,1090568.0,
EFIX R,1090568.0,1092596 2030 862.5 581.9 505
SSACC R,1092598.0,
SBLINK R,1092608.0,
EBLINK R,1092608.0,1092630 24
ESACC R,1092598.0,1092638 42 871.1 587.8 854.5 572.4 0.61 0
SFIX R,1092640.0,
EFIX R,1092640.0,1092900 262 863.9 580.8 454
SSACC R,1092902.0,
SBLINK R,1092912.0,
EBLINK R,1092912.0,1092934 24
ESACC R,1092902.0,1092942 42 871.1 587.8 854.5 572.4 0.61 0
SFIX R,1092944.0,
EFIX R,1092944.0,1093032 90 864.9 574.8 414
SSACC R,1093034.0,
SBLINK R,1093044.0,
EBLINK R,1093044.0,1093224 182
ESACC R,1093034.0,1093232 200 871.1 587.8 854.5 572.4 0.61 0
SFIX R,1093234.0,
EFIX R,1093234.0,1093312 80 864.1 568.3 388
SSACC R,1093314.0,
ESACC R,1093314.0,1093332 20 866.5 572.2 864.9 569.8 0.08 42
SFIX R,1093334.0,
EFIX R,1093334.0,1093414 82 866.6 568.9 382
SSACC R,1093416.0,
SBLINK R,1093426.0,
EBLINK R,1093426.0,1093664 240
ESACC R,1093416.0,1093718 304 863.2 580.5 857.6 553.5 0.75 331
SFIX R,1093720.0,
EFIX R,1093720.0,1095030 1312 857.1 542.4 364
SSACC R,1095032.0,
ESACC R,1095032.0,1095046 16 857.3 547.5 867.6 519.4 0.81 74
SFIX R,1095048.0,
EFIX R,1095048.0,1095778 732 848.9 554.0 422
SSACC R,1095780.0,
ESACC R,1095780.0,1095794 16 845.3 576.0 867.1 547.9 0.96 79
SFIX R,1095796.0,
EFIX R,1095796.0,1095948 154 860.7 562.2 494
SSACC R,1095950.0,
ESACC R,1095950.0,1095960 12 859.2 559.4 869.1 573.9 0.48 58
SFIX R,1095962.0,
EFIX R,1095962.0,1095996 36 866.2 568.5 508
SSACC R,1095998.0,
ESACC R,1095998.0,1096006 10 864.8 569.5 847.6 566.8 0.47 57
SFIX R,1096008.0,
EFIX R,1096008.0,1096186 180 837.9 568.8 504
SSACC R,1096188.0,
ESACC R,1096188.0,1096192 6 846.3 574.1 856.9 571.9 0.29 73
SFIX R,1096194.0,
EFIX R,1096194.0,1096830 638 868.6 580.7 498
SSACC R,1096832.0,
ESACC R,1096832.0,1096840 10 875.0 584.8 861.9 575.3 0.44 70
SFIX R,1096842.0,
EFIX R,1096842.0,1097404 564 866.7 579.0 498
SSACC R,1097406.0,
SBLINK R,1097416.0,
EBLINK R,1097416.0,1097626 212
ESACC R,1097406.0,1097634 230 882.9 586.8 874.6 580.3 0.29 46
SFIX R,1097636.0,
EFIX R,1097636.0,1097656 22 878.0 583.3 486
SSACC R,1097658.0,
SBLINK R,1097668.0,
EBLINK R,1097668.0,1097726 60
ESACC R,1097658.0,1097734 78 879.4 581.3 876.4 579.2 0.10 50
SFIX R,1097736.0,
EFIX R,1097736.0,1097804 70 879.8 555.0 460
SSACC R,1097806.0,
SBLINK R,1097816.0,
EBLINK R,1097816.0,1098122 308
ESACC R,1097806.0,1098168 364 883.3 550.6 865.8 541.4 0.54 382
SFIX R,1098170.0,
EFIX R,1098170.0,1098404 236 875.8 555.2 389
SSACC R,1098406.0,
ESACC R,1098406.0,1098416 12 872.4 555.2 876.3 543.4 0.34 42
SFIX R,1098418.0,
EFIX R,1098418.0,1098480 64 871.8 547.8 413
SSACC R,1098482.0,
SBLINK R,1098492.0,
EBLINK R,1098492.0,1098632 142
ESACC R,1098482.0,1098680 200 874.1 558.0 867.0 562.5 0.23 50
SFIX R,1098682.0,
EFIX R,1098682.0,1100222 1542 868.6 569.0 412
SSACC R,1100224.0,
ESACC R,1100224.0,1100228 6 877.5 593.7 876.9 586.2 0.20 47
SFIX R,1100230.0,
EFIX R,1100230.0,1101624 1396 874.9 590.1 562
SSACC R,1101626.0,
ESACC R,1101626.0,1101642 18 871.8 597.6 905.6 572.3 1.14 88
SFIX R,1101644.0,
EFIX R,1101644.0,1101786 144 899.1 579.1 582
SSACC R,1101788.0,
ESACC R,1101788.0,1101802 16 897.1 580.1 866.0 580.7 0.84 80
SFIX R,1101804.0,
EFIX R,1101804.0,1102064 262 864.7 581.8 525
SSACC R,1102066.0,
ESACC R,1102066.0,1102078 14 863.6 571.4 887.6 570.6 0.65 62
SFIX R,1102080.0,
EFIX R,1102080.0,1102284 206 887.2 566.8 452
SSACC R,1102286.0,
ESACC R,1102286.0,1102298 14 889.1 568.6 867.4 559.9 0.63 69
SFIX R,1102300.0,
EFIX R,1102300.0,1103178 880 864.5 558.0 378
SSACC R,1103180.0,
ESACC R,1103180.0,1103198 20 862.8 564.2 863.7 533.6 0.83 71
SFIX R,1103200.0,
EFIX R,1103200.0,1103468 270 863.8 548.1 352
SSACC R,1103470.0,
ESACC R,1103470.0,1103516 48 858.5 541.5 851.9 552.5 0.35 74
SFIX R,1103518.0,
EFIX R,1103518.0,1103702 186 858.7 553.4 360
SSACC R,1103704.0,
SBLINK R,1103714.0,
EBLINK R,1103714.0,1103736 24
ESACC R,1103704.0,1103748 46 861.5 569.4 856.4 565.9 0.17 23
SFIX R,1103750.0,
EFIX R,1103750.0,1103780 32 859.3 560.2 369
SSACC R,1103782.0,
SBLINK R,1103792.0,
EBLINK R,1103792.0,1103870 80
ESACC R,1103782.0,1103878 98 861.5 569.4 856.4 565.9 0.17 0
SFIX R,1103880.0,
EFIX R,1103880.0,1103984 106 859.4 561.4 376
SSACC R,1103986.0,
SBLINK R,1103996.0,
EBLINK R,1103996.0,1104282 288
ESACC R,1103986.0,1104290 306 861.5 569.4 856.4 565.9 0.17 0
SFIX R,1104292.0,
EFIX R,1104292.0,1104386 96 858.9 584.4 436
SSACC R,1104388.0,
SBLINK R,1104398.0,
EBLINK R,1104398.0,1104694 298
ESACC R,1104388.0,1104744 358 824.9 591.3 860.0 524.1 2.05 366
SFIX R,1104746.0,
EFIX R,1104746.0,1105692 948 867.7 570.2 458
SSACC R,1105694.0,
ESACC R,1105694.0,1105720 28 875.0 585.3 886.7 542.1 1.21 98
SFIX R,1105722.0,
EFIX R,1105722.0,1106230 510 887.5 566.0 475
SSACC R,1106232.0,
ESACC R,1106232.0,1106242 12 880.9 572.4 851.6 571.7 0.79 90
SFIX R,1106244.0,
EFIX R,1106244.0,1106370 128 840.6 573.6 497
SSACC R,1106372.0,
ESACC R,1106372.0,1106398 28 835.7 574.5 889.7 582.1 1.48 94
SFIX R,1106400.0,
EFIX R,1106400.0,1107342 944 881.8 591.0 494
SSACC R,1107344.0,
ESACC R,1107344.0,1107362 20 878.6 593.2 874.6 561.7 0.86 123
SFIX R,1107364.0,
EFIX R,1107364.0,1108382 1020 865.2 556.9 377
SSACC R,1108384.0,
ESACC R,1108384.0,1108394 12 860.4 562.7 867.4 562.3 0.19 54
SFIX R,1108396.0,
EFIX R,1108396.0,1108496 102 863.4 557.8 345
SSACC R,1108498.0,
ESACC R,1108498.0,1108504 8 865.3 559.1 873.5 544.7 0.45 79
SFIX R,1108506.0,
EFIX R,1108506.0,1108624 120 876.7 540.8 352
SSACC R,1108626.0,
ESACC R,1108626.0,1108632 8 882.2 548.9 876.8 540.6 0.27 57
SFIX R,1108634.0,
EFIX R,1108634.0,1109220 588 874.8 552.2 366
SSACC R,1109222.0,
ESACC R,1109222.0,1109226 6 872.1 562.8 865.7 549.7 0.40 58
SFIX R,1109228.0,
EFIX R,1109228.0,1109670 444 857.6 551.8 378
SSACC R,1109672.0,
ESACC R,1109672.0,1109682 12 861.4 560.0 885.0 549.9 0.70 72
SFIX R,1109684.0,
EFIX R,1109684.0,1109814 132 889.4 548.0 404
SSACC R,1109816.0,
ESACC R,1109816.0,1109830 16 890.3 545.0 858.6 542.2 0.86 80
SFIX R,1109832.0,
EFIX R,1109832.0,1109978 148 859.9 556.2 420
SSACC R,1109980.0,
ESACC R,1109980.0,1109992 14 859.1 562.5 862.0 561.3 0.09 54
SFIX R,1109994.0,
EFIX R,1109994.0,1110390 398 864.6 571.4 422
SSACC R,1110392.0,
ESACC R,1110392.0,1110418 28 865.1 577.7 813.1 548.6 1.61 104
SFIX R,1110420.0,
EFIX R,1110420.0,1110496 78 815.8 551.6 415
SSACC R,1110498.0,
ESACC R,1110498.0,1110516 20 816.5 551.3 871.6 566.3 1.55 129
SFIX R,1110518.0,
EFIX R,1110518.0,1111544 1028 879.6 581.9 455
SSACC R,1111546.0,
ESACC R,1111546.0,1111568 24 894.3 601.9 861.6 574.3 1.16 84
SFIX R,1111570.0,
EFIX R,1111570.0,1111630 62 845.4 577.1 500
SSACC R,1111632.0,
ESACC R,1111632.0,1111658 28 844.6 579.4 938.4 593.0 2.57 170
SFIX R,1111660.0,
EFIX R,1111660.0,1111792 134 924.6 592.4 492
SSACC R,1111794.0,
ESACC R,1111794.0,1111812 20 920.7 593.3 881.9 585.3 1.07 107
SFIX R,1111814.0,
EFIX R,1111814.0,1113006 1194 875.3 575.6 395
SSACC R,1113008.0,
ESACC R,1113008.0,1113012 6 867.6 578.8 864.2 568.4 0.30 63
SFIX R,1113014.0,
EFIX R,1113014.0,1113518 506 859.8 563.5 364
SSACC R,1113520.0,
SBLINK R,1113546.0,
EBLINK R,1113546.0,1113722 178
ESACC R,1113520.0,1113760 242 833.0 584.7 884.7 504.9 2.58 199
SFIX R,1113762.0,
EFIX R,1113762.0,1113856 96 878.4 525.1 374
SSACC R,1113858.0,
ESACC R,1113858.0,1113864 8 876.3 517.0 876.1 534.7 0.48 68
SFIX R,1113866.0,
EFIX R,1113866.0,1113954 90 879.6 542.2 383
SSACC R,1113956.0,
ESACC R,1113956.0,1113978 24 889.6 552.9 842.0 553.3 1.29 86
SFIX R,1113980.0,
EFIX R,1113980.0,1114310 332 843.7 560.6 404
SSACC R,1114312.0,
ESACC R,1114312.0,1114326 16 842.4 562.3 873.6 549.4 0.91 83
SFIX R,1114328.0,
EFIX R,1114328.0,1114628 302 869.9 552.4 406
SSACC R,1114630.0,
ESACC R,1114630.0,1114638 10 865.7 552.0 853.4 534.0 0.59 72
SFIX R,1114640.0,
EFIX R,1114640.0,1115254 616 859.8 558.8 445
SSACC R,1115256.0,
ESACC R,1115256.0,1115266 12 853.7 573.5 855.9 551.0 0.61 72
SFIX R,1115268.0,
EFIX R,1115268.0,1115788 522 864.6 571.0 501
SSACC R,1115790.0,
ESACC R,1115790.0,1115806 18 870.2 584.9 853.7 566.8 0.66 56
SFIX R,1115808.0,
EFIX R,1115808.0,1115934 128 850.5 570.4 527
SSACC R,1115936.0,
ESACC R,1115936.0,1115952 18 849.2 572.5 887.2 576.3 1.03 80
SFIX R,1115954.0,
EFIX R,1115954.0,1116364 412 876.2 580.9 524
SSACC R,1116366.0,
ESACC R,1116366.0,1116374 10 868.9 582.6 856.6 579.4 0.34 48
SFIX R,1116376.0,
EFIX R,1116376.0,1118696 2322 858.8 576.6 440
SSACC R,1118698.0,
SBLINK R,1118724.0,
EBLINK R,1118724.0,1118876 154
ESACC R,1118698.0,1118930 234 837.3 576.9 870.1 515.3 1.89 349
SFIX R,1118932.0,
EFIX R,1118932.0,1120070 1140 872.0 556.7 427
SSACC R,1120072.0,
ESACC R,1120072.0,1120088 18 873.0 567.6 864.3 538.5 0.82 72
SFIX R,1120090.0,
EFIX R,1120090.0,1120982 894 870.0 563.0 446
SSACC R,1120984.0,
ESACC R,1120984.0,1120998 16 867.6 567.4 865.7 561.9 0.16 55
SFIX R,1121000.0,
EFIX R,1121000.0,1123336 2338 858.8 567.0 401
SSACC R,1123338.0,
ESACC R,1123338.0,1123352 16 847.9 557.3 870.6 539.4 0.78 74
SFIX R,1123354.0,
EFIX R,1123354.0,1123512 160 870.7 537.8 352
SSACC R,1123514.0,
ESACC R,1123514.0,1123524 12 865.0 541.0 858.1 533.8 0.27 53
SFIX R,1123526.0,
EFIX R,1123526.0,1127728 4204 857.9 587.8 464
SSACC R,1127730.0,
ESACC R,1127730.0,1127740 12 863.2 590.4 867.5 562.8 0.76 73
SFIX R,1127742.0,
EFIX R,1127742.0,1128908 1168 870.4 557.0 344
SSACC R,1128910.0,
ESACC R,1128910.0,1128920 12 869.2 560.5 858.1 543.0 0.56 81
SFIX R,1128922.0,
EFIX R,1128922.0,1129182 262 851.2 542.6 352
SSACC R,1129184.0,
ESACC R,1129184.0,1129192 10 852.2 553.5 850.4 544.4 0.25 52
SFIX R,1129194.0,
EFIX R,1129194.0,1129638 446 847.1 557.6 379
SSACC R,1129640.0,
ESACC R,1129640.0,1129650 12 848.3 564.8 870.1 555.2 0.64 66
SFIX R,1129652.0,
EFIX R,1129652.0,1131716 2066 863.0 573.7 443
SSACC R,1131718.0,
SBLINK R,1131748.0,
EBLINK R,1131748.0,1131984 238
ESACC R,1131718.0,1132034 318 855.5 573.3 856.0 531.3 1.14 240
SFIX R,1132036.0,
EFIX R,1132036.0,1132726 692 867.5 545.9 340
SSACC R,1132728.0,
ESACC R,1132728.0,1132760 34 865.6 552.9 820.4 521.5 1.49 119
SFIX R,1132762.0,
EFIX R,1132762.0,1132864 104 818.8 528.3 348
SSACC R,1132866.0,
SBLINK R,1132904.0,
EBLINK R,1132904.0,1133092 190
ESACC R,1132866.0,1133190 326 819.4 535.8 860.4 545.9 1.14 213
SFIX R,1133192.0,
EFIX R,1133192.0,1133510 320 852.6 551.7 395
SSACC R,1133512.0,
ESACC R,1133512.0,1133540 30 861.9 569.8 888.5 548.3 0.93 93
SFIX R,1133542.0,
EFIX R,1133542.0,1133722 182 888.1 556.9 413
SSACC R,1133724.0,
ESACC R,1133724.0,1133758 36 877.7 563.9 866.2 560.5 0.32 74
SFIX R,1133760.0,
EFIX R,1133760.0,1134026 268 858.1 565.2 415
SSACC R,1134028.0,
SBLINK R,1134056.0,
EBLINK R,1134056.0,1134170 116
ESACC R,1134028.0,1134294 268 843.3 573.9 998.1 538.1 4.30 487
SFIX R,1134296.0,
EFIX R,1134296.0,1134486 192 959.8 547.5 462
SSACC R,1134488.0,
ESACC R,1134488.0,1134512 26 951.1 559.9 868.1 557.0 2.25 181
SFIX R,1134514.0,
EFIX R,1134514.0,1135102 590 883.1 572.0 536
SSACC R,1135104.0,
SBLINK R,1135124.0,
EBLINK R,1135124.0,1135258 136
ESACC R,1135104.0,1135308 206 866.8 581.5 -260.1 475.3 26.31 646
SFIX R,1135310.0,
EFIX R,1135310.0,1135430 122 -237.6 493.5 490
SSACC R,1135432.0,
ESACC R,1135432.0,1135508 78 -231.4 502.0 985.2 526.4 28.47 946
SFIX R,1135510.0,
EFIX R,1135510.0,1135670 162 961.2 534.4 521
SSACC R,1135672.0,
ESACC R,1135672.0,1135696 26 951.4 548.8 870.1 545.6 2.20 163
SFIX R,1135698.0,
EFIX R,1135698.0,1136098 402 877.5 566.4 591
SSACC R,1136100.0,
SBLINK R,1136122.0,
EBLINK R,1136122.0,1136274 154
ESACC R,1136100.0,1136312 214 876.5 583.2 884.1 563.9 0.56 828
SFIX R,1136314.0,
EFIX R,1136314.0,1136434 122 879.8 604.2 551
SSACC R,1136436.0,
ESACC R,1136436.0,1136452 18 885.2 603.1 885.0 569.0 0.92 105
SFIX R,1136454.0,
EFIX R,1136454.0,1137348 896 877.1 575.5 555
SSACC R,1137350.0,
ESACC R,1137350.0,1137356 8 879.7 575.6 884.1 564.9 0.31 52
SFIX R,1137358.0,
EFIX R,1137358.0,1137934 578 891.6 567.3 603
SSACC R,1137936.0,
ESACC R,1137936.0,1137950 16 899.0 588.6 876.2 562.4 0.94 94
SFIX R,1137952.0,
EFIX R,1137952.0,1138446 496 885.0 585.5 675
SSACC R,1138448.0,
ESACC R,1138448.0,1138474 28 889.1 594.8 925.9 568.6 1.22 90
SFIX R,1138476.0,
EFIX R,1138476.0,1138602 128 919.3 581.5 706
SSACC R,1138604.0,
ESACC R,1138604.0,1138618 16 912.7 589.0 883.4 588.2 0.79 69
SFIX R,1138620.0,
EFIX R,1138620.0,1139472 854 869.2 607.8 672
SSACC R,1139474.0,
ESACC R,1139474.0,1139484 12 871.4 618.4 889.0 592.7 0.84 88
SFIX R,1139486.0,
EFIX R,1139486.0,1140518 1034 888.0 596.2 556
SSACC R,1140520.0,
SBLINK R,1140530.0,
EBLINK R,1140530.0,1140554 26
ESACC R,1140520.0,1140562 44 871.4 618.4 889.0 592.7 0.84 0
SFIX R,1140564.0,
EFIX R,1140564.0,1140618 56 889.1 595.2 524
SSACC R,1140620.0,
SBLINK R,1140630.0,
EBLINK R,1140630.0,1140664 36
ESACC R,1140620.0,1140672 54 894.1 599.6 894.4 593.9 0.15 17
SFIX R,1140674.0,
EFIX R,1140674.0,1140708 36 890.3 599.3 531
SSACC R,1140710.0,
SBLINK R,1140720.0,
EBLINK R,1140720.0,1140760 42
ESACC R,1140710.0,1140768 60 894.1 599.6 894.4 593.9 0.15 0
SFIX R,1140770.0,
EFIX R,1140770.0,1140830 62 886.1 603.8 541
SSACC R,1140832.0,
SBLINK R,1140842.0,
EBLINK R,1140842.0,1140894 54
ESACC R,1140832.0,1140902 72 881.0 605.4 881.4 601.5 0.11 20
SFIX R,1140904.0,
EFIX R,1140904.0,1141008 106 883.7 605.2 553
SSACC R,1141010.0,
SBLINK R,1141020.0,
EBLINK R,1141020.0,1141064 46
ESACC R,1141010.0,1141072 64 881.0 605.4 881.4 601.5 0.11 0
SFIX R,1141074.0,
EFIX R,1141074.0,1141096 24 876.6 608.1 537
SSACC R,1141098.0,
SBLINK R,1141108.0,
EBLINK R,1141108.0,1141298 192
ESACC R,1141098.0,1141306 210 860.2 598.7 860.8 598.9 0.02 42
SFIX R,1141308.0,
EFIX R,1141308.0,1141630 324 853.3 571.0 489
SSACC R,1141632.0,
SBLINK R,1141642.0,
EBLINK R,1141642.0,1141644 4
ESACC R,1141632.0,1141652 22 860.2 598.7 860.8 598.9 0.02 0
SFIX R,1141654.0,
EFIX R,1141654.0,1141732 80 855.4 569.2 479
SSACC R,1141734.0,
SBLINK R,1141744.0,
EBLINK R,1141744.0,1141800 58
ESACC R,1141734.0,1141808 76 853.9 566.0 854.9 569.9 0.11 28
SFIX R,1141810.0,
EFIX R,1141810.0,1142728 920 854.2 581.6 501
SSACC R,1142730.0,
ESACC R,1142730.0,1142744 16 858.9 600.4 856.9 565.8 0.94 88
SFIX R,1142746.0,
EFIX R,1142746.0,1144330 1586 865.7 599.4 540
SSACC R,1144332.0,
ESACC R,1144332.0,1144350 20 868.0 614.6 861.1 563.7 1.39 95
SFIX R,1144352.0,
EFIX R,1144352.0,1145600 1250 859.2 574.8 424
SSACC R,1145602.0,
ESACC R,1145602.0,1145626 26 848.3 564.2 856.6 570.9 0.29 51
SFIX R,1145628.0,
EFIX R,1145628.0,1145786 160 856.3 574.3 382
SSACC R,1145788.0,
ESACC R,1145788.0,1145796 10 856.8 560.4 859.7 579.2 0.52 60
SFIX R,1145798.0,
EFIX R,1145798.0,1146720 924 849.4 554.2 359
SSACC R,1146722.0,
ESACC R,1146722.0,1146730 10 843.0 558.6 859.9 556.1 0.46 63
SFIX R,1146732.0,
EFIX R,1146732.0,1147336 606 853.1 562.4 370
SSACC R,1147338.0,
ESACC R,1147338.0,1147352 16 856.4 568.3 836.9 546.7 0.79 83
SFIX R,1147354.0,
EFIX R,1147354.0,1147816 464 841.2 557.0 387
SSACC R,1147818.0,
ESACC R,1147818.0,1147834 18 840.6 556.5 849.3 561.6 0.27 63
SFIX R,1147836.0,
EFIX R,1147836.0,1147860 26 845.8 567.1 406
SSACC R,1147862.0,
SBLINK R,1147894.0,
EBLINK R,1147894.0,1148056 164
ESACC R,1147862.0,1148114 254 842.9 563.1 817.8 556.9 0.70 314
SFIX R,1148116.0,
EFIX R,1148116.0,1148198 84 814.6 546.5 415
SSACC R,1148200.0,
ESACC R,1148200.0,1148218 20 818.9 540.0 869.2 552.6 1.40 138
SFIX R,1148220.0,
EFIX R,1148220.0,1148556 338 864.6 556.3 436
SSACC R,1148558.0,
ESACC R,1148558.0,1148566 10 868.3 561.2 863.5 547.1 0.40 51
SFIX R,1148568.0,
EFIX R,1148568.0,1149232 666 869.6 551.7 434
SSACC R,1149234.0,
ESACC R,1149234.0,1149244 12 870.5 555.0 872.4 564.5 0.26 52
SFIX R,1149246.0,
EFIX R,1149246.0,1149410 166 866.8 559.5 427
SSACC R,1149412.0,
ESACC R,1149412.0,1149416 6 862.5 557.6 861.1 549.4 0.23 50
SFIX R,1149418.0,
EFIX R,1149418.0,1149834 418 864.4 548.4 414
SSACC R,1149836.0,
ESACC R,1149836.0,1149846 12 852.6 561.1 844.7 542.3 0.55 68
SFIX R,1149848.0,
EFIX R,1149848.0,1149872 26 844.9 545.6 402
SSACC R,1149874.0,
ESACC R,1149874.0,1149890 18 846.8 548.6 869.0 548.7 0.60 90
SFIX R,1149892.0,
EFIX R,1149892.0,1149966 76 871.4 549.9 397
SSACC R,1149968.0,
ESACC R,1149968.0,1149980 14 870.5 550.7 862.2 551.8 0.23 41
SFIX R,1149982.0,
EFIX R,1149982.0,1150124 144 866.8 548.0 384
SSACC R,1150126.0,
ESACC R,1150126.0,1150136 12 870.9 558.4 862.1 546.2 0.41 62
SFIX R,1150138.0,
EFIX R,1150138.0,1150318 182 865.0 546.1 372
SSACC R,1150320.0,
ESACC R,1150320.0,1150324 6 854.9 545.7 846.3 536.6 0.34 65
SFIX R,1150326.0,
EFIX R,1150326.0,1150454 130 836.7 529.3 365
SSACC R,1150456.0,
ESACC R,1150456.0,1150470 16 846.3 542.3 879.4 535.7 0.91 93
SFIX R,1150472.0,
EFIX R,1150472.0,1150702 232 875.0 542.6 362
SSACC R,1150704.0,
ESACC R,1150704.0,1150712 10 870.5 545.3 854.1 539.1 0.47 59
SFIX R,1150714.0,
EFIX R,1150714.0,1151460 748 854.3 540.6 358
SSACC R,1151462.0,
ESACC R,1151462.0,1151486 26 856.0 556.8 860.3 512.9 1.20 90
SFIX R,1151488.0,
EFIX R,1151488.0,1151810 324 858.8 529.7 371
SSACC R,1151812.0,
ESACC R,1151812.0,1151818 8 855.8 527.9 863.8 533.7 0.27 50
SFIX R,1151820.0,
EFIX R,1151820.0,1152746 928 859.6 556.2 437
SSACC R,1152748.0,
ESACC R,1152748.0,1152756 10 862.6 586.5 852.4 563.7 0.68 80
SFIX R,1152758.0,
EFIX R,1152758.0,1153122 366 853.8 568.5 474
SSACC R,1153124.0,
SBLINK R,1153156.0,
EBLINK R,1153156.0,1153316 162
ESACC R,1153124.0,1153358 236 845.6 569.5 837.9 548.9 0.60 254
SFIX R,1153360.0,
EFIX R,1153360.0,1153536 178 841.7 547.2 430
SSACC R,1153538.0,
ESACC R,1153538.0,1153558 22 835.1 549.2 875.5 551.3 1.09 74
SFIX R,1153560.0,
EFIX R,1153560.0,1153916 358 880.9 565.5 480
SSACC R,1153918.0,
ESACC R,1153918.0,1153954 38 886.7 586.1 871.1 572.8 0.56 67
SFIX R,1153956.0,
EFIX R,1153956.0,1154044 90 870.6 569.7 511
SSACC R,1154046.0,
ESACC R,1154046.0,1154052 8 869.0 577.7 866.1 567.3 0.29 50
SFIX R,1154054.0,
EFIX R,1154054.0,1155946 1894 857.6 569.1 477
SSACC R,1155948.0,
ESACC R,1155948.0,1155964 18 852.6 584.5 870.0 560.5 0.80 93
SFIX R,1155966.0,
EFIX R,1155966.0,1156680 716 868.2 568.2 473
SSACC R,1156682.0,
ESACC R,1156682.0,1156738 58 862.7 585.6 838.9 553.5 1.08 60
SFIX R,1156740.0,
EFIX R,1156740.0,1157882 1144 843.9 575.2 462
SSACC R,1157884.0,
ESACC R,1157884.0,1157900 18 852.6 587.4 860.8 569.7 0.53 50
SFIX R,1157902.0,
EFIX R,1157902.0,1158196 296 859.3 579.7 466
SSACC R,1158198.0,
ESACC R,1158198.0,1158204 8 858.5 574.6 861.5 581.7 0.21 54
SFIX R,1158206.0,
EFIX R,1158206.0,1158350 146 860.6 584.6 465
SSACC R,1158352.0,
ESACC R,1158352.0,1158398 48 859.2 590.5 860.3 583.6 0.19 63
SFIX R,1158400.0,
EFIX R,1158400.0,1158724 326 859.0 591.8 464
SSACC R,1158726.0,
SBLINK R,1158754.0,
EBLINK R,1158754.0,1158892 140
ESACC R,1158726.0,1158942 218 840.3 593.4 840.8 578.4 0.41 409
SFIX R,1158944.0,
EFIX R,1158944.0,1159080 138 847.0 575.2 442
SSACC R,1159082.0,
ESACC R,1159082.0,1159086 6 851.2 577.5 849.9 563.1 0.39 45
SFIX R,1159088.0,
EFIX R,1159088.0,1159148 62 846.6 567.8 445
SSACC R,1159150.0,
ESACC R,1159150.0,1159166 18 851.5 580.2 864.5 551.7 0.85 68
SFIX R,1159168.0,
EFIX R,1159168.0,1159938 772 861.3 564.9 455
SSACC R,1159940.0,
ESACC R,1159940.0,1159954 16 858.0 571.6 850.3 553.8 0.53 57
SFIX R,1159956.0,
EFIX R,1159956.0,1160156 202 850.2 558.3 454
SSACC R,1160158.0,
ESACC R,1160158.0,1160166 10 852.1 554.5 850.8 565.6 0.30 42
SFIX R,1160168.0,
EFIX R,1160168.0,1160630 464 850.2 574.0 460
SSACC R,1160632.0,
ESACC R,1160632.0,1160644 14 851.0 583.1 856.2 596.4 0.39 61
SFIX R,1160646.0,
EFIX R,1160646.0,1161074 430 847.3 592.9 486
SSACC R,1161076.0,
ESACC R,1161076.0,1161096 22 844.5 602.8 887.2 570.1 1.46 104
SFIX R,1161098.0,
EFIX R,1161098.0,1161346 250 878.5 568.5 483
SSACC R,1161348.0,
ESACC R,1161348.0,1161364 18 885.4 568.0 849.4 558.4 1.01 80
SFIX R,1161366.0,
EFIX R,1161366.0,1163132 1768 854.4 578.8 484
SSACC R,1163134.0,
ESACC R,1163134.0,1163146 14 856.4 597.2 855.9 561.2 0.98 90
SFIX R,1163148.0,
EFIX R,1163148.0,1164976 1830 861.0 579.9 476
SSACC R,1164978.0,
ESACC R,1164978.0,1164986 10 875.3 594.2 866.0 572.2 0.65 75
SFIX R,1164988.0,
EFIX R,1164988.0,1165678 692 865.0 577.2 451
SSACC R,1165680.0,
SBLINK R,1165730.0,
EBLINK R,1165730.0,1165866 138
ESACC R,1165680.0,1165906 228 851.2 596.7 850.6 535.4 1.66 357
SFIX R,1165908.0,
EFIX R,1165908.0,1166354 448 850.9 575.5 460
SSACC R,1166356.0,
ESACC R,1166356.0,1166370 16 853.4 584.8 864.8 556.9 0.82 75
SFIX R,1166372.0,
EFIX R,1166372.0,1167664 1294 854.9 571.4 450
SSACC R,1167666.0,
ESACC R,1167666.0,1167678 14 854.6 588.1 850.8 557.2 0.84 78
SFIX R,1167680.0,
EFIX R,1167680.0,1168302 624 840.7 571.0 454
SSACC R,1168304.0,
ESACC R,1168304.0,1168326 24 840.7 585.0 870.6 563.7 0.99 70
SFIX R,1168328.0,
EFIX R,1168328.0,1168678 352 866.3 569.7 430
SSACC R,1168680.0,
ESACC R,1168680.0,1168684 6 860.1 565.1 853.9 554.4 0.34 54
SFIX R,1168686.0,
EFIX R,1168686.0,1170194 1510 842.4 566.1 409
SSACC R,1170196.0,
ESACC R,1170196.0,1170204 10 844.4 571.7 845.9 555.4 0.44 50
SFIX R,1170206.0,
EFIX R,1170206.0,1170734 530 840.1 557.6 382
SSACC R,1170736.0,
SBLINK R,1170758.0,
EBLINK R,1170758.0,1170886 130
ESACC R,1170736.0,1170926 192 839.2 555.2 856.2 512.1 1.26 281
SFIX R,1170928.0,
EFIX R,1170928.0,1171806 880 858.4 543.2 407
SSACC R,1171808.0,
ESACC R,1171808.0,1171822 16 857.3 551.2 866.9 530.7 0.61 63
SFIX R,1171824.0,
EFIX R,1171824.0,1172080 258 866.8 538.6 405
SSACC R,1172082.0,
ESACC R,1172082.0,1172102 22 864.5 544.7 803.9 537.2 1.65 103
SFIX R,1172104.0,
EFIX R,1172104.0,1172246 144 802.4 547.5 426
SSACC R,1172248.0,
ESACC R,1172248.0,1172268 22 801.0 551.5 853.7 557.0 1.43 134
SFIX R,1172270.0,
EFIX R,1172270.0,1173190 922 856.8 566.8 442
SSACC R,1173192.0,
ESACC R,1173192.0,1173202 12 856.8 561.2 854.4 542.1 0.52 67
SFIX R,1173204.0,
EFIX R,1173204.0,1173400 198 856.9 550.4 417
SSACC R,1173402.0,
ESACC R,1173402.0,1173410 10 861.0 557.1 852.9 562.0 0.26 53
SFIX R,1173412.0,
EFIX R,1173412.0,1174440 1030 859.4 559.7 388
SSACC R,1174442.0,
ESACC R,1174442.0,1174460 20 865.7 575.6 869.7 533.6 1.14 89
SFIX R,1174462.0,
EFIX R,1174462.0,1175872 1412 861.1 554.8 372
SSACC R,1175874.0,
ESACC R,1175874.0,1175880 8 860.1 563.1 842.4 554.9 0.53 78
SFIX R,1175882.0,
EFIX R,1175882.0,1175964 84 834.2 546.1 420
SSACC R,1175966.0,
ESACC R,1175966.0,1175986 22 830.7 552.3 888.0 544.1 1.57 98
SFIX R,1175988.0,
EFIX R,1175988.0,1176052 66 883.3 552.5 421
SSACC R,1176054.0,
ESACC R,1176054.0,1176066 14 864.6 550.9 840.8 554.6 0.65 72
SFIX R,1176068.0,
EFIX R,1176068.0,1176376 310 857.3 558.6 420
SSACC R,1176378.0,
ESACC R,1176378.0,1176386 10 864.8 570.6 844.6 560.1 0.62 74
SFIX R,1176388.0,
EFIX R,1176388.0,1177796 1410 855.7 578.4 484
SSACC R,1177798.0,
ESACC R,1177798.0,1177808 12 854.2 590.4 855.7 572.0 0.50 59
SFIX R,1177810.0,
EFIX R,1177810.0,1178856 1048 859.2 578.3 444
SSACC R,1178858.0,
ESACC R,1178858.0,1178866 10 859.3 579.9 846.7 558.5 0.67 84
SFIX R,1178868.0,
EFIX R,1178868.0,1179810 944 853.6 554.9 366
SSACC R,1179812.0,
ESACC R,1179812.0,1179818 8 856.8 546.0 868.1 550.8 0.33 53
SFIX R,1179820.0,
EFIX R,1179820.0,1180162 344 869.2 546.5 371
SSACC R,1180164.0,
ESACC R,1180164.0,1180168 6 870.0 542.0 868.8 544.7 0.08 46
SFIX R,1180170.0,
EFIX R,1180170.0,1180938 770 866.0 551.2 398
SSACC R,1180940.0,
ESACC R,1180940.0,1180954 16 864.0 558.2 853.1 532.8 0.75 93
SFIX R,1180956.0,
EFIX R,1180956.0,1181030 76 853.9 537.4 418
SSACC R,1181032.0,
ESACC R,1181032.0,1181036 6 851.9 535.7 855.3 541.2 0.18 52
SFIX R,1181038.0,
EFIX R,1181038.0,1181900 864 857.0 556.8 462
SSACC R,1181902.0,
ESACC R,1181902.0,1181912 12 853.1 561.6 850.7 544.4 0.47 57
SFIX R,1181914.0,
EFIX R,1181914.0,1182698 786 855.9 574.6 510
SSACC R,1182700.0,
ESACC R,1182700.0,1182722 24 854.5 584.6 853.9 559.5 0.68 83
SFIX R,1182724.0,
EFIX R,1182724.0,1183484 762 847.6 556.5 456
SSACC R,1183486.0,
SBLINK R,1183518.0,
EBLINK R,1183518.0,1183668 152
ESACC R,1183486.0,1183710 226 837.1 570.6 864.3 534.3 1.23 384
SFIX R,1183712.0,
EFIX R,1183712.0,1184390 680 865.2 554.0 394
SSACC R,1184392.0,
ESACC R,1184392.0,1184436 46 869.2 560.6 861.0 547.7 0.41 61
SFIX R,1184438.0,
EFIX R,1184438.0,1185350 914 865.0 563.0 482
SSACC R,1185352.0,
ESACC R,1185352.0,1185356 6 872.1 572.8 874.5 581.3 0.24 44
SFIX R,1185358.0,
EFIX R,1185358.0,1185734 378 874.6 581.2 578
SSACC R,1185736.0,
ESACC R,1185736.0,1185754 20 875.9 578.6 875.6 542.8 0.97 64
SFIX R,1185756.0,
EFIX R,1185756.0,1186830 1076 877.4 579.1 595
SSACC R,1186832.0,
ESACC R,1186832.0,1186838 8 874.6 586.6 874.9 569.9 0.45 60
SFIX R,1186840.0,
EFIX R,1186840.0,1188096 1258 871.7 581.4 547
SSACC R,1188098.0,
ESACC R,1188098.0,1188114 18 871.3 582.3 868.7 582.0 0.07 54
SFIX R,1188116.0,
EFIX R,1188116.0,1190964 2850 853.3 572.9 443
SSACC R,1190966.0,
ESACC R,1190966.0,1190982 18 854.6 599.6 861.8 566.1 0.93 93
SFIX R,1190984.0,
EFIX R,1190984.0,1195946 4964 861.7 575.1 471
SSACC R,1195948.0,
ESACC R,1195948.0,1195956 10 858.7 576.4 852.3 554.2 0.63 75
SFIX R,1195958.0,
EFIX R,1195958.0,1196182 226 854.9 557.9 461
SSACC R,1196184.0,
ESACC R,1196184.0,1196196 14 853.6 553.1 860.0 567.5 0.43 43
SFIX R,1196198.0,
EFIX R,1196198.0,1198506 2310 855.2 565.5 432
SSACC R,1198508.0,
SBLINK R,1198528.0,
EBLINK R,1198528.0,1198654 128
ESACC R,1198508.0,1198688 182 840.5 567.0 844.3 534.4 0.89 307
SFIX R,1198690.0,
EFIX R,1198690.0,1198886 198 844.6 542.4 431
SSACC R,1198888.0,
ESACC R,1198888.0,1198898 12 849.2 538.8 870.5 518.8 0.79 84
SFIX R,1198900.0,
EFIX R,1198900.0,1199398 500 871.4 538.3 445
SSACC R,1199400.0,
ESACC R,1199400.0,1199418 20 869.8 535.9 841.6 513.7 0.97 107
SFIX R,1199420.0,
EFIX R,1199420.0,1199586 168 844.0 525.0 429
SSACC R,1199588.0,
ESACC R,1199588.0,1199604 18 842.6 524.7 870.5 538.4 0.84 73
SFIX R,1199606.0,
EFIX R,1199606.0,1200018 414 871.4 551.2 455
SSACC R,1200020.0,
ESACC R,1200020.0,1200052 34 880.4 561.2 847.3 542.2 1.03 97
SFIX R,1200054.0,
EFIX R,1200054.0,1200208 156 847.3 538.0 488
SSACC R,1200210.0,
ESACC R,1200210.0,1200220 12 847.6 548.6 874.6 554.6 0.75 79
SFIX R,1200222.0,
EFIX R,1200222.0,1201134 914 868.2 571.7 503
SSACC R,1201136.0,
ESACC R,1201136.0,1201150 16 866.9 582.7 846.5 554.7 0.94 74
SFIX R,1201152.0,
EFIX R,1201152.0,1201394 244 851.3 550.8 489
SSACC R,1201396.0,
ESACC R,1201396.0,1201404 10 853.6 552.1 862.8 563.3 0.39 49
SFIX R,1201406.0,
EFIX R,1201406.0,1202496 1092 865.5 565.8 485
SSACC R,1202498.0,
ESACC R,1202498.0,1202512 16 865.0 572.9 859.5 565.8 0.24 70
SFIX R,1202514.0,
EFIX R,1202514.0,1204798 2286 865.8 566.6 432
SSACC R,1204800.0,
ESACC R,1204800.0,1204814 16 860.0 584.2 861.3 552.3 0.87 82
SFIX R,1204816.0,
EFIX R,1204816.0,1204950 136 861.3 555.8 458
SSACC R,1204952.0,
ESACC R,1204952.0,1204956 6 859.3 542.0 861.7 554.6 0.35 64
SFIX R,1204958.0,
EFIX R,1204958.0,1205594 638 853.0 560.8 458
SSACC R,1205596.0,
ESACC R,1205596.0,1205604 10 846.8 578.8 842.7 561.7 0.48 63
SFIX R,1205606.0,
EFIX R,1205606.0,1207388 1784 857.4 568.1 465
SSACC R,1207390.0,
ESACC R,1207390.0,1207408 20 869.1 574.6 848.9 547.6 0.91 102
SFIX R,1207410.0,
EFIX R,1207410.0,1211472 4064 859.1 567.1 424
SSACC R,1211474.0,
ESACC R,1211474.0,1211490 18 866.4 589.6 873.4 555.3 0.95 80
SFIX R,1211492.0,
EFIX R,1211492.0,1213830 2340 866.7 575.4 480
SSACC R,1213832.0,
ESACC R,1213832.0,1213838 8 865.3 575.3 863.9 562.6 0.35 72
SFIX R,1213840.0,
EFIX R,1213840.0,1215142 1304 864.7 559.5 438
SSACC R,1215144.0,
SBLINK R,1215170.0,
EBLINK R,1215170.0,1215334 166
ESACC R,1215144.0,1215394 252 830.8 557.5 893.1 440.4 3.59 336
SFIX R,1215396.0,
EFIX R,1215396.0,1215648 254 884.2 479.4 462
SSACC R,1215650.0,
ESACC R,1215650.0,1215656 8 876.1 503.3 876.0 515.8 0.34 53
SFIX R,1215658.0,
EFIX R,1215658.0,1215978 322 876.5 525.6 479
SSACC R,1215980.0,
ESACC R,1215980.0,1216000 22 873.0 537.1 912.5 504.0 1.40 113
SFIX R,1216002.0,
EFIX R,1216002.0,1216140 140 909.9 524.2 490
SSACC R,1216142.0,
ESACC R,1216142.0,1216160 20 906.5 523.6 874.1 538.8 0.97 99
SFIX R,1216162.0,
EFIX R,1216162.0,1216342 182 869.2 546.0 497
SSACC R,1216344.0,
ESACC R,1216344.0,1216356 14 866.7 549.2 897.6 547.1 0.84 75
SFIX R,1216358.0,
EFIX R,1216358.0,1216992 636 891.3 566.4 555
SSACC R,1216994.0,
ESACC R,1216994.0,1217008 16 888.6 586.7 878.2 570.0 0.53 68
SFIX R,1217010.0,
EFIX R,1217010.0,1217876 868 875.5 569.8 538
SSACC R,1217878.0,
ESACC R,1217878.0,1217894 18 873.9 574.6 909.4 559.6 1.04 91
SFIX R,1217896.0,
EFIX R,1217896.0,1218026 132 905.4 562.0 542
SSACC R,1218028.0,
ESACC R,1218028.0,1218044 18 903.2 567.3 872.6 555.8 0.89 88
SFIX R,1218046.0,
EFIX R,1218046.0,1218510 466 879.1 564.8 540
SSACC R,1218512.0,
ESACC R,1218512.0,1218524 14 880.4 590.8 880.8 571.6 0.52 61
SFIX R,1218526.0,
EFIX R,1218526.0,1218834 310 882.0 584.9 555
SSACC R,1218836.0,
ESACC R,1218836.0,1218848 14 884.8 592.0 892.9 571.3 0.60 62
SFIX R,1218850.0,
EFIX R,1218850.0,1219026 178 891.3 570.2 546
SSACC R,1219028.0,
ESACC R,1219028.0,1219062 36 890.5 575.4 864.4 568.0 0.74 82
SFIX R,1219064.0,
EFIX R,1219064.0,1219178 116 862.2 564.8 519
SSACC R,1219180.0,
ESACC R,1219180.0,1219198 20 859.6 563.3 897.2 573.8 1.06 96
SFIX R,1219200.0,
EFIX R,1219200.0,1219334 136 888.8 571.1 500
SSACC R,1219336.0,
ESACC R,1219336.0,1219348 14 882.7 581.1 854.6 558.3 0.98 103
SFIX R,1219350.0,
EFIX R,1219350.0,1219716 368 857.1 568.6 500
SSACC R,1219718.0,
ESACC R,1219718.0,1219724 8 860.6 575.4 858.8 569.3 0.17 45
SFIX R,1219726.0,
EFIX R,1219726.0,1219854 130 855.7 572.1 497
SSACC R,1219856.0,
ESACC R,1219856.0,1219872 18 858.2 583.9 859.2 574.9 0.25 58
SFIX R,1219874.0,
EFIX R,1219874.0,1220478 606 855.3 566.7 443
SSACC R,1220480.0,
ESACC R,1220480.0,1220490 12 868.0 563.0 881.9 549.2 0.53 74
SFIX R,1220492.0,
EFIX R,1220492.0,1220890 400 881.0 556.4 403
SSACC R,1220892.0,
ESACC R,1220892.0,1220908 18 872.7 555.0 845.4 528.1 1.04 89
SFIX R,1220910.0,
EFIX R,1220910.0,1221058 150 844.1 531.2 398
SSACC R,1221060.0,
ESACC R,1221060.0,1221076 18 838.8 525.9 875.9 541.4 1.09 92
SFIX R,1221078.0,
EFIX R,1221078.0,1221792 716 877.5 560.7 459
SSACC R,1221794.0,
SBLINK R,1221832.0,
EBLINK R,1221832.0,1221994 164
ESACC R,1221794.0,1222046 254 876.7 603.2 944.3 496.8 3.42 288
SFIX R,1222048.0,
EFIX R,1222048.0,1222164 118 925.6 515.3 486
SSACC R,1222166.0,
ESACC R,1222166.0,1222186 22 909.1 524.0 881.6 494.7 1.09 69
SFIX R,1222188.0,
EFIX R,1222188.0,1222694 508 874.1 535.1 484
SSACC R,1222696.0,
ESACC R,1222696.0,1222710 16 869.1 546.4 896.9 520.2 1.04 92
SFIX R,1222712.0,
EFIX R,1222712.0,1222940 230 895.4 527.6 455
SSACC R,1222942.0,
ESACC R,1222942.0,1222960 20 889.4 533.5 867.7 541.4 0.63 60
SFIX R,1222962.0,
EFIX R,1222962.0,1224692 1732 870.7 571.5 526
SSACC R,1224694.0,
ESACC R,1224694.0,1224706 14 870.1 580.5 881.8 556.3 0.73 65
SFIX R,1224708.0,
EFIX R,1224708.0,1225112 406 873.9 564.4 539
SSACC R,1225114.0,
ESACC R,1225114.0,1225128 16 861.2 587.4 889.6 586.1 0.77 79
SFIX R,1225130.0,
EFIX R,1225130.0,1225424 296 882.0 584.8 527
SSACC R,1225426.0,
ESACC R,1225426.0,1225436 12 874.7 582.7 862.8 563.3 0.62 73
SFIX R,1225438.0,
EFIX R,1225438.0,1227062 1626 852.9 576.3 480
SSACC R,1227064.0,
ESACC R,1227064.0,1227070 8 847.4 588.6 848.9 580.2 0.23 56
SFIX R,1227072.0,
EFIX R,1227072.0,1227506 436 852.6 584.6 437
SSACC R,1227508.0,
ESACC R,1227508.0,1227528 22 864.3 588.9 862.1 586.9 0.08 61
SFIX R,1227530.0,
EFIX R,1227530.0,1229038 1510 873.7 588.8 490
SSACC R,1229040.0,
ESACC R,1229040.0,1229054 16 878.7 607.1 867.8 579.4 0.81 60
SFIX R,1229056.0,
EFIX R,1229056.0,1229480 426 870.5 581.9 518
SSACC R,1229482.0,
ESACC R,1229482.0,1229486 6 871.5 586.1 867.1 578.1 0.25 48
SFIX R,1229488.0,
EFIX R,1229488.0,1229690 204 863.3 578.5 479
SSACC R,1229692.0,
ESACC R,1229692.0,1229708 18 864.8 583.6 897.0 561.5 1.06 76
SFIX R,1229710.0,
EFIX R,1229710.0,1229786 78 891.5 559.1 460
SSACC R,1229788.0,
ESACC R,1229788.0,1229810 24 889.3 557.6 819.6 550.7 1.90 113
SFIX R,1229812.0,
EFIX R,1229812.0,1229890 80 822.5 560.4 449
SSACC R,1229892.0,
ESACC R,1229892.0,1229938 48 821.0 560.0 886.5 566.8 1.78 151
SFIX R,1229940.0,
EFIX R,1229940.0,1230140 202 888.1 564.5 424
SSACC R,1230142.0,
ESACC R,1230142.0,1230148 8 880.8 563.0 888.0 567.0 0.22 51
SFIX R,1230150.0,
EFIX R,1230150.0,1230388 240 887.0 563.4 395
SSACC R,1230390.0,
ESACC R,1230390.0,1230406 18 888.2 563.9 859.3 544.3 0.95 62
SFIX R,1230408.0,
EFIX R,1230408.0,1230850 444 852.6 547.2 382
SSACC R,1230852.0,
SBLINK R,1230880.0,
EBLINK R,1230880.0,1231048 170
ESACC R,1230852.0,1231084 234 839.8 574.2 914.4 453.3 3.85 142
SFIX R,1231086.0,
EFIX R,1231086.0,1231348 264 892.2 497.9 394
SSACC R,1231350.0,
ESACC R,1231350.0,1231356 8 882.4 523.3 886.0 506.7 0.46 74
SFIX R,1231358.0,
EFIX R,1231358.0,1232040 684 875.9 525.6 391
SSACC R,1232042.0,
ESACC R,1232042.0,1232052 12 868.3 557.8 862.8 528.9 0.80 84
SFIX R,1232054.0,
EFIX R,1232054.0,1232878 826 866.0 561.1 436
SSACC R,1232880.0,
ESACC R,1232880.0,1232890 12 868.9 582.2 876.0 565.9 0.48 78
SFIX R,1232892.0,
EFIX R,1232892.0,1233266 376 870.7 571.9 466
SSACC R,1233268.0,
ESACC R,1233268.0,1233278 12 872.2 584.1 866.9 576.4 0.25 58
SFIX R,1233280.0,
EFIX R,1233280.0,1233756 478 872.8 585.2 477
SSACC R,1233758.0,
ESACC R,1233758.0,1233772 16 878.5 582.6 856.1 560.8 0.85 64
SFIX R,1233774.0,
EFIX R,1233774.0,1233892 120 857.5 563.7 474
SSACC R,1233894.0,
ESACC R,1233894.0,1233928 36 853.7 567.0 887.9 576.6 0.96 92
SFIX R,1233930.0,
EFIX R,1233930.0,1234006 78 888.2 577.7 471
SSACC R,1234008.0,
ESACC R,1234008.0,1234026 20 889.5 580.4 841.8 566.4 1.35 87
SFIX R,1234028.0,
EFIX R,1234028.0,1234164 138 845.9 577.1 476
SSACC R,1234166.0,
ESACC R,1234166.0,1234182 18 847.6 589.3 890.4 576.1 1.21 90
SFIX R,1234184.0,
EFIX R,1234184.0,1236008 1826 873.1 590.0 512
SSACC R,1236010.0,
ESACC R,1236010.0,1236024 16 864.0 607.3 858.1 577.6 0.82 76
SFIX R,1236026.0,
EFIX R,1236026.0,1236294 270 855.9 577.0 519
SSACC R,1236296.0,
ESACC R,1236296.0,1236314 20 855.2 580.3 887.6 578.9 0.88 76
SFIX R,1236316.0,
EFIX R,1236316.0,1236594 280 881.5 576.9 491
SSACC R,1236596.0,
ESACC R,1236596.0,1236608 14 882.2 583.1 864.5 575.3 0.52 63
SFIX R,1236610.0,
EFIX R,1236610.0,1237838 1230 860.3 576.7 494
SSACC R,1237840.0,
ESACC R,1237840.0,1237854 16 868.1 575.9 887.4 560.2 0.67 77
SFIX R,1237856.0,
EFIX R,1237856.0,1238000 146 884.0 565.5 512
SSACC R,1238002.0,
ESACC R,1238002.0,1238016 16 884.1 571.0 854.0 568.0 0.82 86
SFIX R,1238018.0,
EFIX R,1238018.0,1239790 1774 861.3 592.6 555
SSACC R,1239792.0,
ESACC R,1239792.0,1239804 14 863.7 607.7 841.1 585.0 0.87 68
SFIX R,1239806.0,
EFIX R,1239806.0,1239926 122 835.6 582.6 547
SSACC R,1239928.0,
ESACC R,1239928.0,1239942 16 839.9 588.1 868.5 593.0 0.79 81
SFIX R,1239944.0,
EFIX R,1239944.0,1241040 1098 866.7 607.6 538
SSACC R,1241042.0,
ESACC R,1241042.0,1241068 28 864.5 614.4 864.1 605.3 0.25 64
SFIX R,1241070.0,
EFIX R,1241070.0,1242374 1306 876.0 599.2 511
SSACC R,1242376.0,
ESACC R,1242376.0,1242384 10 873.1 590.6 855.8 579.4 0.56 69
SFIX R,1242386.0,
EFIX R,1242386.0,1242518 134 849.0 577.9 513
SSACC R,1242520.0,
ESACC R,1242520.0,1242536 18 844.5 580.0 885.0 590.0 1.13 96
SFIX R,1242538.0,
EFIX R,1242538.0,1243710 1174 869.6 598.7 501
SSACC R,1243712.0,
ESACC R,1243712.0,1243718 8 863.4 594.2 857.4 578.5 0.46 68
SFIX R,1243720.0,
EFIX R,1243720.0,1243790 72 857.8 583.8 508
SSACC R,1243792.0,
ESACC R,1243792.0,1243802 12 864.8 593.2 885.6 581.2 0.65 72
SFIX R,1243804.0,
EFIX R,1243804.0,1243932 130 888.6 582.8 501
SSACC R,1243934.0,
ESACC R,1243934.0,1243976 44 882.8 584.6 855.2 580.9 0.75 94
SFIX R,1243978.0,
EFIX R,1243978.0,1244576 600 859.1 587.3 464
SSACC R,1244578.0,
SBLINK R,1244618.0,
EBLINK R,1244618.0,1244822 206
ESACC R,1244578.0,1244870 294 849.4 599.6 911.4 442.2 4.58 512
SFIX R,1244872.0,
EFIX R,1244872.0,1245124 254 894.7 471.9 405
SSACC R,1245126.0,
ESACC R,1245126.0,1245136 12 890.2 495.3 914.5 505.8 0.72 83
SFIX R,1245138.0,
EFIX R,1245138.0,1245282 146 908.3 515.5 426
SSACC R,1245284.0,
ESACC R,1245284.0,1245290 8 894.5 524.4 878.9 519.2 0.45 70
SFIX R,1245292.0,
EFIX R,1245292.0,1245746 456 880.8 531.3 395
SSACC R,1245748.0,
ESACC R,1245748.0,1245752 6 874.8 532.6 882.2 531.8 0.20 31
SFIX R,1245754.0,
EFIX R,1245754.0,1245846 94 884.3 540.5 405
SSACC R,1245848.0,
SBLINK R,1245880.0,
EBLINK R,1245880.0,1246058 180
ESACC R,1245848.0,1246108 262 882.7 557.8 910.8 437.5 3.34 239
SFIX R,1246110.0,
EFIX R,1246110.0,1246392 284 898.9 489.3 422
SSACC R,1246394.0,
ESACC R,1246394.0,1246398 6 883.4 517.1 888.5 520.8 0.17 53
SFIX R,1246400.0,
EFIX R,1246400.0,1247974 1576 869.9 542.1 421
SSACC R,1247976.0,
ESACC R,1247976.0,1248060 86 867.5 547.3 921.6 547.1 1.47 145
SFIX R,1248062.0,
EFIX R,1248062.0,1248164 104 909.1 555.8 472
SSACC R,1248166.0,
ESACC R,1248166.0,1248186 22 910.5 554.7 859.0 543.0 1.43 124
SFIX R,1248188.0,
EFIX R,1248188.0,1249550 1364 866.8 563.9 507
SSACC R,1249552.0,
ESACC R,1249552.0,1249560 10 854.1 572.3 857.3 554.3 0.50 59
SFIX R,1249562.0,
EFIX R,1249562.0,1250448 888 860.9 559.4 501
SSACC R,1250450.0,
SBLINK R,1250480.0,
EBLINK R,1250480.0,1250664 186
ESACC R,1250450.0,1250722 274 860.0 577.3 927.2 405.3 5.00 317
SFIX R,1250724.0,
EFIX R,1250724.0,1251842 1120 876.0 526.1 446
SSACC R,1251844.0,
ESACC R,1251844.0,1251868 26 868.0 586.0 869.5 534.8 1.39 101
SFIX R,1251870.0,
EFIX R,1251870.0,1252628 760 863.5 575.2 516
SSACC R,1252630.0,
ESACC R,1252630.0,1252644 16 862.5 596.8 862.7 576.3 0.56 76
SFIX R,1252646.0,
EFIX R,1252646.0,1253572 928 868.9 585.5 532
SSACC R,1253574.0,
ESACC R,1253574.0,1253592 20 869.4 597.8 837.9 561.8 1.30 78
SFIX R,1253594.0,
EFIX R,1253594.0,1253658 66 836.4 557.6 561
SSACC R,1253660.0,
ESACC R,1253660.0,1253670 12 841.3 566.6 837.1 552.8 0.39 57
SFIX R,1253672.0,
EFIX R,1253672.0,1253704 34 838.2 559.6 563
SSACC R,1253706.0,
ESACC R,1253706.0,1253726 22 836.2 558.1 884.6 579.9 1.44 104
SFIX R,1253728.0,
EFIX R,1253728.0,1254832 1106 869.7 592.5 552
SSACC R,1254834.0,
ESACC R,1254834.0,1254842 10 866.5 598.1 861.8 578.4 0.55 81
SFIX R,1254844.0,
EFIX R,1254844.0,1257982 3140 866.2 605.8 531
SSACC R,1257984.0,
ESACC R,1257984.0,1257988 6 869.9 619.2 871.4 631.0 0.32 48
SFIX R,1257990.0,
EFIX R,1257990.0,1259286 1298 873.7 643.9 589
SSACC R,1259288.0,
ESACC R,1259288.0,1259292 6 878.5 658.6 883.8 647.2 0.34 57
SFIX R,1259294.0,
EFIX R,1259294.0,1259424 132 885.7 633.8 646
SSACC R,1259426.0,
ESACC R,1259426.0,1259442 18 889.2 638.2 919.3 622.8 0.92 85
SFIX R,1259444.0,
EFIX R,1259444.0,1259560 118 918.0 618.9 634
SSACC R,1259562.0,
ESACC R,1259562.0,1259578 18 914.7 621.0 879.9 611.6 0.98 91
SFIX R,1259580.0,
EFIX R,1259580.0,1261036 1458 869.9 604.0 558
SSACC R,1261038.0,
ESACC R,1261038.0,1261052 16 874.4 588.4 883.1 562.5 0.74 57
SFIX R,1261054.0,
EFIX R,1261054.0,1261556 504 878.8 572.6 488
SSACC R,1261558.0,
ESACC R,1261558.0,1261572 16 871.8 578.5 873.9 585.0 0.19 53
SFIX R,1261574.0,
EFIX R,1261574.0,1261876 304 873.4 582.3 483
SSACC R,1261878.0,
SBLINK R,1261908.0,
EBLINK R,1261908.0,1262092 186
ESACC R,1261878.0,1262130 254 862.8 594.6 909.9 478.8 3.39 346
SFIX R,1262132.0,
EFIX R,1262132.0,1262420 290 912.6 548.9 509
SSACC R,1262422.0,
ESACC R,1262422.0,1262440 20 900.9 582.1 923.9 535.9 1.40 116
SFIX R,1262442.0,
EFIX R,1262442.0,1263220 780 895.3 574.0 466
SSACC R,1263222.0,
ESACC R,1263222.0,1263242 22 876.9 598.6 881.9 557.3 1.13 91
SFIX R,1263244.0,
EFIX R,1263244.0,1263388 146 875.3 554.8 463
SSACC R,1263390.0,
SBLINK R,1263400.0,
EBLINK R,1263400.0,1263400 2
ESACC R,1263390.0,1263408 20 876.9 598.6 881.9 557.3 1.13 0
SFIX R,1263410.0,
EFIX R,1263410.0,1263550 142 872.1 565.8 472
SSACC R,1263552.0,
SBLINK R,1263562.0,
EBLINK R,1263562.0,1263688 128
ESACC R,1263552.0,1263704 154 865.7 567.7 865.3 568.9 0.03 30
SFIX R,1263706.0,
EFIX R,1263706.0,1263906 202 869.7 581.4 533
SSACC R,1263908.0,
SBLINK R,1263918.0,
EBLINK R,1263918.0,1263920 4
ESACC R,1263908.0,1263928 22 865.7 567.7 865.3 568.9 0.03 0
SFIX R,1263930.0,
EFIX R,1263930.0,1264222 294 869.0 605.8 556
SSACC R,1264224.0,
ESACC R,1264224.0,1264252 30 865.7 613.6 863.0 551.0 1.70 107
SFIX R,1264254.0,
EFIX R,1264254.0,1264432 180 857.0 561.5 544
SSACC R,1264434.0,
SBLINK R,1264444.0,
EBLINK R,1264444.0,1264626 184
ESACC R,1264434.0,1264646 214 850.1 572.3 842.0 563.1 0.33 65
SFIX R,1264648.0,
EFIX R,1264648.0,1264964 318 847.0 577.4 591
SSACC R,1264966.0,
ESACC R,1264966.0,1264974 10 852.9 584.6 867.5 587.2 0.40 46
SFIX R,1264976.0,
EFIX R,1264976.0,1265160 186 871.1 594.3 615
SSACC R,1265162.0,
SBLINK R,1265172.0,
EBLINK R,1265172.0,1265186 16
ESACC R,1265162.0,1265210 50 876.7 601.6 880.4 611.8 0.29 50
SFIX R,1265212.0,
EFIX R,1265212.0,1265826 616 860.0 603.9 620
SSACC R,1265828.0,
ESACC R,1265828.0,1265838 12 854.5 607.8 876.1 609.4 0.59 69
SFIX R,1265840.0,
EFIX R,1265840.0,1266978 1140 865.5 596.1 552
SSACC R,1266980.0,
ESACC R,1266980.0,1266994 16 857.9 578.0 852.9 560.6 0.49 59
SFIX R,1266996.0,
EFIX R,1266996.0,1268102 1108 865.7 586.9 572
SSACC R,1268104.0,
SBLINK R,1268118.0,
EBLINK R,1268118.0,1268208 92
ESACC R,1268104.0,1268232 130 876.8 603.7 863.5 597.2 0.40 77
SFIX R,1268234.0,
EFIX R,1268234.0,1268380 148 870.5 599.5 595
SSACC R,1268382.0,
ESACC R,1268382.0,1268392 12 875.0 603.5 889.2 612.9 0.46 66
SFIX R,1268394.0,
EFIX R,1268394.0,1270276 1884 877.1 607.4 574
SSACC R,1270278.0,
ESACC R,1270278.0,1270288 12 874.2 601.9 861.9 580.1 0.68 79
SFIX R,1270290.0,
EFIX R,1270290.0,1270410 122 857.2 578.6 538
SSACC R,1270412.0,
ESACC R,1270412.0,1270430 20 857.5 573.7 890.8 593.4 1.05 75
SFIX R,1270432.0,
EFIX R,1270432.0,1270624 194 884.8 596.3 538
SSACC R,1270626.0,
ESACC R,1270626.0,1270636 12 888.6 606.4 874.4 589.3 0.60 68
SFIX R,1270638.0,
EFIX R,1270638.0,1271708 1072 873.2 594.7 554
SSACC R,1271710.0,
ESACC R,1271710.0,1271724 16 866.6 588.8 852.1 567.1 0.71 76
SFIX R,1271726.0,
EFIX R,1271726.0,1271804 80 856.0 570.7 533
SSACC R,1271806.0,
ESACC R,1271806.0,1271816 12 859.9 576.4 886.2 583.6 0.74 74
SFIX R,1271818.0,
EFIX R,1271818.0,1271936 120 886.3 590.8 528
SSACC R,1271938.0,
ESACC R,1271938.0,1271942 6 876.5 584.7 869.7 586.0 0.19 52
SFIX R,1271944.0,
EFIX R,1271944.0,1273000 1058 871.7 586.7 486
SSACC R,1273002.0,
ESACC R,1273002.0,1273008 8 872.4 568.4 872.6 574.5 0.17 56
SFIX R,1273010.0,
EFIX R,1273010.0,1273382 374 873.0 584.6 463
SSACC R,1273384.0,
ESACC R,1273384.0,1273396 14 873.1 592.7 867.6 567.1 0.71 69
SFIX R,1273398.0,
EFIX R,1273398.0,1274186 790 871.2 585.7 507
SSACC R,1274188.0,
ESACC R,1274188.0,1274200 14 878.6 602.4 869.0 575.0 0.79 98
SFIX R,1274202.0,
EFIX R,1274202.0,1275614 1414 879.3 590.5 521
SSACC R,1275616.0,
ESACC R,1275616.0,1275620 6 875.1 612.7 864.4 600.9 0.43 60
SFIX R,1275622.0,
EFIX R,1275622.0,1276046 426 870.6 601.2 521
SSACC R,1276048.0,
ESACC R,1276048.0,1276058 12 877.2 596.9 887.9 584.2 0.45 66
SFIX R,1276060.0,
EFIX R,1276060.0,1276566 508 881.5 593.5 536
SSACC R,1276568.0,
ESACC R,1276568.0,1276578 12 874.5 590.4 862.5 575.6 0.52 54
SFIX R,1276580.0,
EFIX R,1276580.0,1276720 142 862.5 575.7 519
SSACC R,1276722.0,
ESACC R,1276722.0,1276734 14 866.1 578.4 886.4 590.7 0.64 72
SFIX R,1276736.0,
EFIX R,1276736.0,1277146 412 875.4 588.4 496
SSACC R,1277148.0,
ESACC R,1277148.0,1277164 18 880.2 591.5 870.3 558.3 0.94 86
SFIX R,1277166.0,
EFIX R,1277166.0,1278448 1284 876.0 581.8 499
SSACC R,1278450.0,
ESACC R,1278450.0,1278478 30 884.1 605.1 886.1 574.5 0.83 55
SFIX R,1278480.0,
EFIX R,1278480.0,1279082 604 882.7 584.8 517
SSACC R,1279084.0,
ESACC R,1279084.0,1279094 12 883.0 589.8 876.4 570.3 0.56 65
SFIX R,1279096.0,
EFIX R,1279096.0,1280556 1462 878.1 572.0 461
SSACC R,1280558.0,
ESACC R,1280558.0,1280562 6 870.3 561.1 878.7 568.0 0.29 55
SFIX R,1280564.0,
EFIX R,1280564.0,1281440 878 879.1 568.9 453
SSACC R,1281442.0,
SBLINK R,1281474.0,
EBLINK R,1281474.0,1281676 204
ESACC R,1281442.0,1281746 306 884.4 579.5 932.8 494.6 2.65 229
SFIX R,1281748.0,
EFIX R,1281748.0,1282196 450 903.0 521.2 439
SSACC R,1282198.0,
ESACC R,1282198.0,1282222 26 885.9 538.5 881.1 529.4 0.28 63
SFIX R,1282224.0,
EFIX R,1282224.0,1284116 1894 880.4 549.1 478
SSACC R,1284118.0,
SBLINK R,1284154.0,
EBLINK R,1284154.0,1284296 144
ESACC R,1284118.0,1284360 244 873.8 593.8 924.4 509.8 2.66 679
SFIX R,1284362.0,
EFIX R,1284362.0,1284540 180 903.7 520.5 460
SSACC R,1284542.0,
ESACC R,1284542.0,1284564 24 900.7 538.4 887.2 501.5 1.06 89
SFIX R,1284566.0,
EFIX R,1284566.0,1284842 278 883.2 525.4 482
SSACC R,1284844.0,
ESACC R,1284844.0,1284852 10 883.3 530.5 888.4 506.1 0.68 86
SFIX R,1284854.0,
EFIX R,1284854.0,1286700 1848 877.6 553.0 518
SSACC R,1286702.0,
ESACC R,1286702.0,1286710 10 872.9 567.5 866.2 550.4 0.50 62
SFIX R,1286712.0,
EFIX R,1286712.0,1287730 1020 867.0 555.3 489
SSACC R,1287732.0,
ESACC R,1287732.0,1287742 12 867.8 562.0 878.9 547.2 0.50 57
SFIX R,1287744.0,
EFIX R,1287744.0,1288364 622 880.9 564.8 529
SSACC R,1288366.0,
ESACC R,1288366.0,1288372 8 871.6 579.0 872.2 569.7 0.25 48
SFIX R,1288374.0,
EFIX R,1288374.0,1289008 636 874.6 576.1 514
SSACC R,1289010.0,
ESACC R,1289010.0,1289038 30 879.6 589.6 868.3 564.3 0.75 87
SFIX R,1289040.0,
EFIX R,1289040.0,1289636 598 867.1 573.9 475
SSACC R,1289638.0,
ESACC R,1289638.0,1289664 28 865.5 569.2 898.5 533.8 1.31 71
SFIX R,1289666.0,
EFIX R,1289666.0,1289784 120 896.1 539.8 455
SSACC R,1289786.0,
ESACC R,1289786.0,1289804 20 896.8 536.0 850.7 548.1 1.29 111
SFIX R,1289806.0,
EFIX R,1289806.0,1292374 2570 874.2 574.8 501
SSACC R,1292376.0,
SBLINK R,1292430.0,
EBLINK R,1292430.0,1292634 206
ESACC R,1292376.0,1292686 312 879.3 602.1 934.6 442.0 4.59 1136
SFIX R,1292688.0,
EFIX R,1292688.0,1293098 412 902.8 529.5 570
SSACC R,1293100.0,
ESACC R,1293100.0,1293118 20 884.2 555.2 926.4 544.2 1.18 104
SFIX R,1293120.0,
EFIX R,1293120.0,1293250 132 915.0 543.5 576
SSACC R,1293252.0,
ESACC R,1293252.0,1293260 10 909.8 546.5 893.7 550.2 0.45 60
SFIX R,1293262.0,
EFIX R,1293262.0,1294836 1576 897.6 575.1 590
SSACC R,1294838.0,
ESACC R,1294838.0,1294850 14 905.2 595.0 921.6 578.1 0.64 68
SFIX R,1294852.0,
EFIX R,1294852.0,1295124 274 916.3 581.3 634
SSACC R,1295126.0,
ESACC R,1295126.0,1295132 8 907.8 576.9 892.2 573.8 0.43 66
SFIX R,1295134.0,
EFIX R,1295134.0,1295594 462 887.6 580.7 643
SSACC R,1295596.0,
ESACC R,1295596.0,1295606 12 889.7 579.6 911.5 576.7 0.60 66
SFIX R,1295608.0,
EFIX R,1295608.0,1297166 1560 908.7 571.2 675
SSACC R,1297168.0,
ESACC R,1297168.0,1297174 8 901.8 580.1 912.1 567.8 0.43 65
SFIX R,1297176.0,
EFIX R,1297176.0,1297994 820 914.2 567.3 697
SSACC R,1297996.0,
ESACC R,1297996.0,1298000 6 916.2 567.9 916.8 560.4 0.20 54
SFIX R,1298002.0,
EFIX R,1298002.0,1299278 1278 905.2 569.2 674
SSACC R,1299280.0,
ESACC R,1299280.0,1299294 16 887.9 567.9 889.7 535.0 0.89 68
SFIX R,1299296.0,
EFIX R,1299296.0,1300892 1598 893.8 567.0 614
SSACC R,1300894.0,
ESACC R,1300894.0,1300900 8 895.6 584.5 893.1 569.0 0.43 64
SFIX R,1300902.0,
EFIX R,1300902.0,1303190 2290 894.2 578.2 577
SSACC R,1303192.0,
ESACC R,1303192.0,1303210 20 881.7 573.8 881.7 558.2 0.42 53
SFIX R,1303212.0,
EFIX R,1303212.0,1305058 1848 889.8 576.7 522
SSACC R,1305060.0,
ESACC R,1305060.0,1305072 14 879.6 567.1 857.6 543.8 0.87 62
SFIX R,1305074.0,
EFIX R,1305074.0,1305134 62 857.8 545.6 478
SSACC R,1305136.0,
ESACC R,1305136.0,1305156 22 856.1 550.2 919.0 547.8 1.71 125
SFIX R,1305158.0,
EFIX R,1305158.0,1305228 72 919.8 550.6 470
SSACC R,1305230.0,
ESACC R,1305230.0,1305256 28 921.0 547.2 854.6 556.4 1.81 108
SFIX R,1305258.0,
EFIX R,1305258.0,1305386 130 858.3 556.9 464
SSACC R,1305388.0,
ESACC R,1305388.0,1305398 12 864.6 552.1 892.1 553.7 0.75 76
SFIX R,1305400.0,
EFIX R,1305400.0,1305724 326 890.9 550.3 451
SSACC R,1305726.0,
ESACC R,1305726.0,1305730 6 890.0 549.0 885.7 538.3 0.31 64
SFIX R,1305732.0,
EFIX R,1305732.0,1306760 1030 874.1 533.9 415
SSACC R,1306762.0,
ESACC R,1306762.0,1306768 8 862.4 527.1 876.6 532.8 0.41 69
SFIX R,1306770.0,
EFIX R,1306770.0,1306892 124 877.4 535.8 412
SSACC R,1306894.0,
SBLINK R,1306914.0,
EBLINK R,1306914.0,1307078 166
ESACC R,1306894.0,1307128 236 862.2 558.5 949.3 434.6 4.10 265
SFIX R,1307130.0,
EFIX R,1307130.0,1307700 572 912.5 480.5 413
SSACC R,1307702.0,
ESACC R,1307702.0,1307710 10 901.2 503.2 900.0 478.4 0.67 85
SFIX R,1307712.0,
EFIX R,1307712.0,1308622 912 887.7 530.3 451
SSACC R,1308624.0,
ESACC R,1308624.0,1308636 14 875.8 565.2 860.9 543.1 0.72 64
SFIX R,1308638.0,
EFIX R,1308638.0,1308884 248 870.5 549.4 484
SSACC R,1308886.0,
ESACC R,1308886.0,1308920 36 872.4 556.6 843.9 543.0 0.85 102
SFIX R,1308922.0,
EFIX R,1308922.0,1309014 94 843.1 540.5 477
SSACC R,1309016.0,
ESACC R,1309016.0,1309036 22 841.4 537.1 891.8 549.6 1.41 90
SFIX R,1309038.0,
EFIX R,1309038.0,1309228 192 885.2 554.0 478
SSACC R,1309230.0,
ESACC R,1309230.0,1309238 10 880.4 552.3 866.3 538.0 0.54 68
SFIX R,1309240.0,
EFIX R,1309240.0,1310008 770 880.7 556.4 501
SSACC R,1310010.0,
ESACC R,1310010.0,1310020 12 888.5 579.8 885.4 560.7 0.52 53
SFIX R,1310022.0,
EFIX R,1310022.0,1310626 606 887.2 577.3 572
SSACC R,1310628.0,
ESACC R,1310628.0,1310650 24 882.6 594.7 878.3 550.7 1.20 78
SFIX R,1310652.0,
EFIX R,1310652.0,1312652 2002 874.0 570.1 493
SSACC R,1312654.0,
ESACC R,1312654.0,1312668 16 865.4 580.3 866.5 549.2 0.84 87
SFIX R,1312670.0,
EFIX R,1312670.0,1313898 1230 868.8 563.6 425
SSACC R,1313900.0,
ESACC R,1313900.0,1313938 40 869.3 579.4 870.9 547.1 0.88 89
SFIX R,1313940.0,
EFIX R,1313940.0,1314606 668 864.1 566.9 464
SSACC R,1314608.0,
SBLINK R,1314636.0,
EBLINK R,1314636.0,1314800 166
ESACC R,1314608.0,1314862 256 849.9 593.3 925.6 491.1 3.45 295
SFIX R,1314864.0,
EFIX R,1314864.0,1315200 338 906.3 500.1 463
SSACC R,1315202.0,
ESACC R,1315202.0,1315214 14 892.0 515.2 876.0 495.7 0.68 82
SFIX R,1315216.0,
EFIX R,1315216.0,1315434 220 870.0 509.5 457
SSACC R,1315436.0,
SBLINK R,1315454.0,
EBLINK R,1315454.0,1315598 146
ESACC R,1315436.0,1315664 230 856.6 529.2 918.2 444.5 2.84 260
SFIX R,1315666.0,
EFIX R,1315666.0,1315828 164 905.6 471.0 441
SSACC R,1315830.0,
ESACC R,1315830.0,1315834 6 895.9 485.9 893.9 471.6 0.39 65
SFIX R,1315836.0,
EFIX R,1315836.0,1316364 530 877.8 504.5 459
SSACC R,1316366.0,
ESACC R,1316366.0,1316410 46 865.4 528.1 874.5 510.9 0.53 94
SFIX R,1316412.0,
EFIX R,1316412.0,1317186 776 872.4 539.2 485
SSACC R,1317188.0,
ESACC R,1317188.0,1317212 26 874.1 554.0 866.1 536.4 0.52 50
SFIX R,1317214.0,
EFIX R,1317214.0,1318382 1170 872.8 558.9 575
SSACC R,1318384.0,
ESACC R,1318384.0,1318398 16 876.7 570.0 878.0 550.1 0.54 63
SFIX R,1318400.0,
EFIX R,1318400.0,1318898 500 875.5 569.5 619
SSACC R,1318900.0,
SBLINK R,1318932.0,
EBLINK R,1318932.0,1319100 170
ESACC R,1318900.0,1319140 242 875.3 585.2 917.8 497.1 2.65 276
SFIX R,1319142.0,
EFIX R,1319142.0,1319594 454 900.5 538.9 567
SSACC R,1319596.0,
SBLINK R,1319618.0,
EBLINK R,1319618.0,1319758 142
ESACC R,1319596.0,1319826 232 871.4 565.9 905.9 522.1 1.51 679
SFIX R,1319828.0,
EFIX R,1319828.0,1319902 76 908.5 516.1 548
SSACC R,1319904.0,
ESACC R,1319904.0,1319912 10 912.6 512.2 913.6 510.1 0.06 49
SFIX R,1319914.0,
EFIX R,1319914.0,1320154 242 898.6 543.1 558
SSACC R,1320156.0,
ESACC R,1320156.0,1320172 18 891.8 567.1 880.5 533.4 0.96 85
SFIX R,1320174.0,
EFIX R,1320174.0,1320382 210 880.8 550.2 590
SSACC R,1320384.0,
SBLINK R,1320408.0,
EBLINK R,1320408.0,1320544 138
ESACC R,1320384.0,1320586 204 873.1 572.0 894.9 481.7 2.52 1122
SFIX R,1320588.0,
EFIX R,1320588.0,1321176 590 898.9 538.9 645
SSACC R,1321178.0,
SBLINK R,1321212.0,
EBLINK R,1321212.0,1321398 188
ESACC R,1321178.0,1321426 250 895.6 557.5 912.9 518.5 1.16 489
SFIX R,1321428.0,
EFIX R,1321428.0,1321642 216 905.0 575.9 628
SSACC R,1321644.0,
ESACC R,1321644.0,1321656 14 897.9 577.7 878.5 559.2 0.73 79
SFIX R,1321658.0,
EFIX R,1321658.0,1322246 590 884.9 587.9 682
SSACC R,1322248.0,
ESACC R,1322248.0,1322260 14 884.5 588.0 894.3 566.4 0.64 60
SFIX R,1322262.0,
EFIX R,1322262.0,1323232 972 887.2 581.6 704
SSACC R,1323234.0,
ESACC R,1323234.0,1323240 8 880.8 581.3 879.1 568.5 0.35 67
SFIX R,1323242.0,
EFIX R,1323242.0,1324456 1216 882.9 569.3 695
SSACC R,1324458.0,
ESACC R,1324458.0,1324462 6 888.5 561.2 883.9 566.0 0.18 52
SFIX R,1324464.0,
EFIX R,1324464.0,1324536 74 878.4 574.8 708
SSACC R,1324538.0,
ESACC R,1324538.0,1324544 8 885.1 578.5 901.4 584.7 0.47 67
SFIX R,1324546.0,
EFIX R,1324546.0,1324716 172 901.9 587.8 707
SSACC R,1324718.0,
ESACC R,1324718.0,1324728 12 902.2 591.2 880.9 567.3 0.87 92
SFIX R,1324730.0,
EFIX R,1324730.0,1325952 1224 891.0 581.7 721
SSACC R,1325954.0,
ESACC R,1325954.0,1325960 8 900.9 591.0 884.6 591.9 0.44 66
SFIX R,1325962.0,
EFIX R,1325962.0,1326090 130 878.0 590.5 722
SSACC R,1326092.0,
ESACC R,1326092.0,1326104 14 883.3 590.1 907.1 597.0 0.67 80
SFIX R,1326106.0,
EFIX R,1326106.0,1326974 870 899.6 588.9 717
SSACC R,1326976.0,
ESACC R,1326976.0,1326984 10 903.3 583.8 886.4 585.3 0.46 60
SFIX R,1326986.0,
EFIX R,1326986.0,1327128 144 877.9 585.3 696
SSACC R,1327130.0,
ESACC R,1327130.0,1327144 16 875.5 583.2 910.0 591.3 0.96 87
SFIX R,1327146.0,
EFIX R,1327146.0,1327514 370 908.7 593.6 693
SSACC R,1327516.0,
ESACC R,1327516.0,1327520 6 900.4 598.5 893.8 589.2 0.31 67
SFIX R,1327522.0,
EFIX R,1327522.0,1328262 742 889.8 591.9 714
SSACC R,1328264.0,
ESACC R,1328264.0,1328276 14 895.3 601.9 921.7 583.5 0.87 89
SFIX R,1328278.0,
EFIX R,1328278.0,1328444 168 926.3 585.9 730
SSACC R,1328446.0,
ESACC R,1328446.0,1328460 16 925.7 592.2 893.7 590.1 0.87 81
SFIX R,1328462.0,
EFIX R,1328462.0,1329442 982 897.2 594.1 749
SSACC R,1329444.0,
ESACC R,1329444.0,1329454 12 908.3 583.8 924.6 574.7 0.51 54
SFIX R,1329456.0,
EFIX R,1329456.0,1329744 290 923.4 579.7 764
SSACC R,1329746.0,
ESACC R,1329746.0,1329754 10 916.9 579.1 902.4 570.7 0.45 70
SFIX R,1329756.0,
EFIX R,1329756.0,1329992 238 894.4 576.2 751
SSACC R,1329994.0,
ESACC R,1329994.0,1329998 6 899.1 589.7 893.5 583.5 0.23 44
SFIX R,1330000.0,
EFIX R,1330000.0,1330978 980 907.5 590.1 783
SSACC R,1330980.0,
ESACC R,1330980.0,1330986 8 918.1 590.1 928.0 583.3 0.33 52
SFIX R,1330988.0,
EFIX R,1330988.0,1331660 674 928.8 585.6 817
SSACC R,1331662.0,
ESACC R,1331662.0,1331672 12 922.7 579.3 943.4 579.8 0.56 66
SFIX R,1331674.0,
EFIX R,1331674.0,1331976 304 945.0 580.6 845
SSACC R,1331978.0,
ESACC R,1331978.0,1331996 20 946.2 585.6 900.5 569.8 1.31 99
SFIX R,1331998.0,
EFIX R,1331998.0,1332140 144 896.2 575.2 840
SSACC R,1332142.0,
ESACC R,1332142.0,1332158 18 895.7 579.7 937.0 583.6 1.12 106
SFIX R,1332160.0,
EFIX R,1332160.0,1332776 618 936.4 583.0 862
SSACC R,1332778.0,
SBLINK R,1332848.0,
EBLINK R,1332848.0,1333020 174
ESACC R,1332778.0,1333060 284 943.3 597.9 988.5 512.8 2.61 366
SFIX R,1333062.0,
EFIX R,1333062.0,1333272 212 970.9 557.0 806
SSACC R,1333274.0,
ESACC R,1333274.0,1333286 14 960.6 577.5 940.6 573.4 0.55 73
SFIX R,1333288.0,
EFIX R,1333288.0,1333844 558 932.3 578.6 770
SSACC R,1333846.0,
ESACC R,1333846.0,1333856 12 928.9 580.1 934.1 565.3 0.43 53
SFIX R,1333858.0,
EFIX R,1333858.0,1334376 520 933.7 566.3 768
SSACC R,1334378.0,
ESACC R,1334378.0,1334394 18 936.1 566.8 906.7 543.2 1.02 75
SFIX R,1334396.0,
EFIX R,1334396.0,1334514 120 906.4 545.5 804
SSACC R,1334516.0,
ESACC R,1334516.0,1334530 16 909.7 546.8 939.7 546.8 0.81 70
SFIX R,1334532.0,
EFIX R,1334532.0,1334944 414 933.5 556.2 802
SSACC R,1334946.0,
ESACC R,1334946.0,1334966 22 939.4 563.7 932.5 547.2 0.48 80
SFIX R,1334968.0,
EFIX R,1334968.0,1335422 456 935.3 562.1 806
SSACC R,1335424.0,
ESACC R,1335424.0,1335436 14 941.2 571.7 949.6 550.9 0.61 68
SFIX R,1335438.0,
EFIX R,1335438.0,1336602 1166 950.5 565.3 834
SSACC R,1336604.0,
ESACC R,1336604.0,1336610 8 947.3 572.4 956.7 561.2 0.40 61
SFIX R,1336612.0,
EFIX R,1336612.0,1337324 714 951.3 561.5 752
SSACC R,1337326.0,
ESACC R,1337326.0,1337334 10 946.1 565.2 928.2 554.3 0.57 68
SFIX R,1337336.0,
EFIX R,1337336.0,1337456 122 915.7 549.6 713
SSACC R,1337458.0,
ESACC R,1337458.0,1337470 14 911.7 554.4 943.1 554.8 0.85 84
SFIX R,1337472.0,
EFIX R,1337472.0,1338702 1232 924.9 567.7 734
SSACC R,1338704.0,
ESACC R,1338704.0,1338714 12 921.5 572.5 930.8 548.9 0.69 68
SFIX R,1338716.0,
EFIX R,1338716.0,1339146 432 934.4 563.7 730
SSACC R,1339148.0,
ESACC R,1339148.0,1339160 14 932.2 569.8 908.0 565.2 0.67 61
SFIX R,1339162.0,
EFIX R,1339162.0,1339286 126 912.3 564.7 727
SSACC R,1339288.0,
ESACC R,1339288.0,1339296 10 917.2 560.6 939.7 565.1 0.62 76
SFIX R,1339298.0,
EFIX R,1339298.0,1339536 240 935.2 567.3 719
SSACC R,1339538.0,
ESACC R,1339538.0,1339544 8 933.9 571.2 923.7 565.4 0.32 46
SFIX R,1339546.0,
EFIX R,1339546.0,1341042 1498 922.2 570.8 713
SSACC R,1341044.0,
ESACC R,1341044.0,1341054 12 926.0 572.1 944.1 567.8 0.50 52
SFIX R,1341056.0,
EFIX R,1341056.0,1341196 142 950.1 565.8 686
SSACC R,1341198.0,
ESACC R,1341198.0,1341206 10 947.1 567.4 926.7 560.3 0.59 74
SFIX R,1341208.0,
EFIX R,1341208.0,1341932 726 926.0 562.8 682
SSACC R,1341934.0,
ESACC R,1341934.0,1341944 12 933.6 557.8 946.4 548.0 0.44 61
SFIX R,1341946.0,
EFIX R,1341946.0,1342066 122 943.9 550.7 655
SSACC R,1342068.0,
ESACC R,1342068.0,1342078 12 941.4 550.4 917.1 548.5 0.66 69
SFIX R,1342080.0,
EFIX R,1342080.0,1343690 1612 918.5 562.0 676
SSACC R,1343692.0,
ESACC R,1343692.0,1343698 8 920.3 565.2 909.6 556.3 0.38 55
SFIX R,1343700.0,
EFIX R,1343700.0,1343848 150 903.2 553.2 670
SSACC R,1343850.0,
ESACC R,1343850.0,1343862 14 901.6 558.3 916.6 555.4 0.41 50
SFIX R,1343864.0,
EFIX R,1343864.0,1344196 334 922.5 566.6 657
SSACC R,1344198.0,
ESACC R,1344198.0,1344206 10 922.9 568.2 906.5 557.7 0.53 68
SFIX R,1344208.0,
EFIX R,1344208.0,1344362 156 892.3 561.6 662
SSACC R,1344364.0,
ESACC R,1344364.0,1344372 10 893.9 565.7 916.4 566.6 0.61 79
SFIX R,1344374.0,
EFIX R,1344374.0,1345368 996 923.0 570.5 653
SSACC R,1345370.0,
ESACC R,1345370.0,1345376 8 915.8 579.1 911.9 567.3 0.34 53
SFIX R,1345378.0,
EFIX R,1345378.0,1345632 256 905.0 564.8 656
SSACC R,1345634.0,
ESACC R,1345634.0,1345650 18 910.4 565.6 939.4 537.5 1.09 99
SFIX R,1345652.0,
EFIX R,1345652.0,1345826 176 940.1 548.5 627
SSACC R,1345828.0,
ESACC R,1345828.0,1345838 12 932.5 546.6 910.4 545.0 0.60 62
SFIX R,1345840.0,
EFIX R,1345840.0,1347144 1306 903.9 547.7 547
SSACC R,1347146.0,
ESACC R,1347146.0,1347154 10 898.0 559.3 894.8 542.3 0.47 61
SFIX R,1347156.0,
EFIX R,1347156.0,1347342 188 891.9 543.1 502
SSACC R,1347344.0,
ESACC R,1347344.0,1347366 24 896.8 547.7 899.5 539.9 0.22 56
SFIX R,1347368.0,
EFIX R,1347368.0,1348184 818 898.5 552.3 505
SSACC R,1348186.0,
ESACC R,1348186.0,1348194 10 900.7 559.0 904.3 540.2 0.52 66
SFIX R,1348196.0,
EFIX R,1348196.0,1349062 868 907.2 557.3 589
SSACC R,1349064.0,
ESACC R,1349064.0,1349078 16 913.4 572.9 884.8 554.9 0.92 69
SFIX R,1349080.0,
EFIX R,1349080.0,1349228 150 876.2 553.2 622
SSACC R,1349230.0,
ESACC R,1349230.0,1349240 12 878.9 554.6 908.4 550.1 0.81 90
SFIX R,1349242.0,
EFIX R,1349242.0,1349272 32 912.8 548.5 614
SSACC R,1349274.0,
ESACC R,1349274.0,1349288 16 908.9 547.2 910.7 542.3 0.14 52
SFIX R,1349290.0,
EFIX R,1349290.0,1350460 1172 895.1 547.8 526
SSACC R,1350462.0,
ESACC R,1350462.0,1350478 18 884.9 551.0 919.4 518.1 1.29 100
SFIX R,1350480.0,
EFIX R,1350480.0,1350646 168 900.0 513.7 484
SSACC R,1350648.0,
ESACC R,1350648.0,1350724 78 876.3 500.2 886.7 522.3 0.66 65
SFIX R,1350726.0,
EFIX R,1350726.0,1350758 34 888.2 533.5 479
SSACC R,1350760.0,
SBLINK R,1350790.0,
EBLINK R,1350790.0,1350944 156
ESACC R,1350760.0,1350990 232 885.7 538.9 871.1 472.2 1.85 506
SFIX R,1350992.0,
EFIX R,1350992.0,1351208 218 860.2 511.4 457
SSACC R,1351210.0,
ESACC R,1351210.0,1351220 12 861.0 538.8 883.5 551.5 0.70 87
SFIX R,1351222.0,
EFIX R,1351222.0,1352232 1012 860.7 554.4 470
SSACC R,1352234.0,
ESACC R,1352234.0,1352238 6 850.3 569.7 849.4 553.0 0.45 56
SFIX R,1352240.0,
EFIX R,1352240.0,1353170 932 861.7 574.4 567
SSACC R,1353172.0,
ESACC R,1353172.0,1353180 10 864.3 578.9 857.5 561.4 0.51 57
SFIX R,1353182.0,
EFIX R,1353182.0,1356008 2828 872.0 572.9 547
SSACC R,1356010.0,
ESACC R,1356010.0,1356016 8 864.0 532.8 877.5 535.7 0.37 53
SFIX R,1356018.0,
EFIX R,1356018.0,1358232 2216 886.7 558.7 504
SSACC R,1358234.0,
ESACC R,1358234.0,1358240 8 889.4 571.0 887.9 560.3 0.29 45
SFIX R,1358242.0,
EFIX R,1358242.0,1359314 1074 891.4 569.0 634
SSACC R,1359316.0,
ESACC R,1359316.0,1359324 10 899.4 572.5 917.6 569.7 0.50 62
SFIX R,1359326.0,
EFIX R,1359326.0,1359446 122 916.8 573.9 644
SSACC R,1359448.0,
ESACC R,1359448.0,1359460 14 918.0 572.8 888.1 579.3 0.83 76
SFIX R,1359462.0,
EFIX R,1359462.0,1360150 690 887.9 578.8 593
SSACC R,1360152.0,
ESACC R,1360152.0,1360162 12 896.3 566.5 896.2 554.1 0.34 57
SFIX R,1360164.0,
EFIX R,1360164.0,1362004 1842 886.8 547.8 465
SSACC R,1362006.0,
ESACC R,1362006.0,1362012 8 880.6 559.4 886.5 544.1 0.44 66
SFIX R,1362014.0,
EFIX R,1362014.0,1362062 50 889.6 546.9 494
SSACC R,1362064.0,
ESACC R,1362064.0,1362082 20 886.3 545.7 892.6 552.7 0.26 68
SFIX R,1362084.0,
EFIX R,1362084.0,1362370 288 888.7 557.8 506
SSACC R,1362372.0,
SBLINK R,1362408.0,
EBLINK R,1362408.0,1362594 188
ESACC R,1362372.0,1362634 264 882.3 578.0 867.0 521.5 1.59 429
SFIX R,1362636.0,
EFIX R,1362636.0,1362846 212 861.4 569.1 486
SSACC R,1362848.0,
ESACC R,1362848.0,1362866 20 861.6 576.2 885.7 541.2 1.15 97
SFIX R,1362868.0,
EFIX R,1362868.0,1363210 344 879.5 563.8 496
SSACC R,1363212.0,
ESACC R,1363212.0,1363218 8 876.0 570.5 874.8 554.1 0.45 70
SFIX R,1363220.0,
EFIX R,1363220.0,1363252 34 873.8 556.6 474
SSACC R,1363254.0,
ESACC R,1363254.0,1363258 6 876.3 568.2 871.6 556.3 0.35 58
SFIX R,1363260.0,
EFIX R,1363260.0,1364666 1408 886.5 577.4 587
SSACC R,1364668.0,
ESACC R,1364668.0,1364672 6 890.8 596.4 886.5 588.0 0.26 49
SFIX R,1364674.0,
EFIX R,1364674.0,1365258 586 875.3 594.7 640
SSACC R,1365260.0,
ESACC R,1365260.0,1365268 10 870.9 583.5 868.6 569.4 0.39 50
SFIX R,1365270.0,
EFIX R,1365270.0,1366808 1540 871.5 572.0 543
SSACC R,1366810.0,
ESACC R,1366810.0,1366816 8 867.8 578.1 856.9 564.9 0.46 76
SFIX R,1366818.0,
EFIX R,1366818.0,1367008 192 857.6 563.1 519
SSACC R,1367010.0,
ESACC R,1367010.0,1367020 12 858.3 561.6 885.0 556.9 0.73 77
SFIX R,1367022.0,
EFIX R,1367022.0,1368268 1248 862.7 559.2 450
SSACC R,1368270.0,
ESACC R,1368270.0,1368286 18 861.6 580.7 868.1 543.4 1.03 76
SFIX R,1368288.0,
EFIX R,1368288.0,1369050 764 869.9 561.7 490
SSACC R,1369052.0,
ESACC R,1369052.0,1369066 16 874.8 581.1 852.3 556.9 0.89 76
SFIX R,1369068.0,
EFIX R,1369068.0,1369160 94 845.7 553.0 506
SSACC R,1369162.0,
ESACC R,1369162.0,1369184 24 847.7 558.6 897.4 567.7 1.37 92
SFIX R,1369186.0,
EFIX R,1369186.0,1369306 122 890.1 563.2 497
SSACC R,1369308.0,
ESACC R,1369308.0,1369322 16 889.6 569.2 859.4 559.3 0.86 68
SFIX R,1369324.0,
EFIX R,1369324.0,1369880 558 858.3 566.1 490
SSACC R,1369882.0,
ESACC R,1369882.0,1369894 14 857.7 569.7 875.9 562.6 0.53 49
SFIX R,1369896.0,
EFIX R,1369896.0,1370226 332 878.6 556.8 480
SSACC R,1370228.0,
ESACC R,1370228.0,1370234 8 879.5 562.1 871.5 558.9 0.23 50
SFIX R,1370236.0,
EFIX R,1370236.0,1370744 510 868.4 560.7 477
SSACC R,1370746.0,
ESACC R,1370746.0,1370750 6 855.9 554.0 846.7 546.6 0.32 71
SFIX R,1370752.0,
EFIX R,1370752.0,1370836 86 834.6 537.6 443
SSACC R,1370838.0,
ESACC R,1370838.0,1370858 22 831.4 535.0 856.1 557.1 0.90 83
SFIX R,1370860.0,
EFIX R,1370860.0,1371674 816 864.6 561.2 390
SSACC R,1371676.0,
ESACC R,1371676.0,1371700 26 866.4 550.2 898.5 541.1 0.90 86
SFIX R,1371702.0,
EFIX R,1371702.0,1371798 98 896.9 538.1 361
SSACC R,1371800.0,
SBLINK R,1371834.0,
EBLINK R,1371834.0,1372032 200
ESACC R,1371800.0,1372098 300 882.0 523.8 859.8 514.8 0.65 129
SFIX R,1372100.0,
EFIX R,1372100.0,1372234 136 843.3 509.3 360
SSACC R,1372236.0,
ESACC R,1372236.0,1372248 14 835.9 517.7 859.6 527.4 0.69 81
SFIX R,1372250.0,
EFIX R,1372250.0,1372530 282 866.8 552.7 399
SSACC R,1372532.0,
ESACC R,1372532.0,1372546 16 860.4 556.9 844.8 533.5 0.76 63
SFIX R,1372548.0,
EFIX R,1372548.0,1372786 240 844.5 542.9 384
SSACC R,1372788.0,
ESACC R,1372788.0,1372830 44 849.7 549.0 864.6 532.8 0.60 76
SFIX R,1372832.0,
EFIX R,1372832.0,1373344 514 857.6 531.6 391
SSACC R,1373346.0,
ESACC R,1373346.0,1373356 12 854.9 530.1 833.4 525.0 0.60 63
SFIX R,1373358.0,
EFIX R,1373358.0,1373448 92 828.2 529.4 421
SSACC R,1373450.0,
ESACC R,1373450.0,1373470 22 829.1 534.2 870.9 522.5 1.17 81
SFIX R,1373472.0,
EFIX R,1373472.0,1374370 900 854.4 552.7 440
SSACC R,1374372.0,
ESACC R,1374372.0,1374386 16 847.1 567.7 849.7 542.0 0.70 63
SFIX R,1374388.0,
EFIX R,1374388.0,1374864 478 850.4 549.7 454
SSACC R,1374866.0,
ESACC R,1374866.0,1374882 18 859.7 536.1 856.2 527.7 0.25 52
SFIX R,1374884.0,
EFIX R,1374884.0,1375094 212 858.8 534.0 446
SSACC R,1375096.0,
ESACC R,1375096.0,1375100 6 848.4 537.6 839.8 542.9 0.27 52
SFIX R,1375102.0,
EFIX R,1375102.0,1375234 134 835.6 540.6 450
SSACC R,1375236.0,
ESACC R,1375236.0,1375278 44 830.4 532.2 862.6 539.9 0.90 62
SFIX R,1375280.0,
EFIX R,1375280.0,1376298 1020 858.0 542.0 435
SSACC R,1376300.0,
SBLINK R,1376318.0,
EBLINK R,1376318.0,1376528 212
ESACC R,1376300.0,1376608 310 837.8 551.2 898.9 512.6 1.96 251
SFIX R,1376610.0,
EFIX R,1376610.0,1376800 192 889.6 513.8 410
SSACC R,1376802.0,
ESACC R,1376802.0,1376808 8 882.1 519.0 874.3 533.5 0.45 64
SFIX R,1376810.0,
EFIX R,1376810.0,1377164 356 840.2 529.8 411
SSACC R,1377166.0,
ESACC R,1377166.0,1377186 22 836.8 532.3 864.5 503.3 1.09 73
SFIX R,1377188.0,
EFIX R,1377188.0,1377440 254 857.2 519.6 405
SSACC R,1377442.0,
ESACC R,1377442.0,1377464 24 865.0 535.9 842.6 510.4 0.92 67
SFIX R,1377466.0,
EFIX R,1377466.0,1378166 702 854.5 539.2 511
SSACC R,1378168.0,
ESACC R,1378168.0,1378178 12 865.4 568.6 884.7 550.6 0.72 75
SFIX R,1378180.0,
EFIX R,1378180.0,1378816 638 882.9 564.7 661
SSACC R,1378818.0,
SBLINK R,1378844.0,
EBLINK R,1378844.0,1378994 152
ESACC R,1378818.0,1379036 220 851.5 583.0 891.0 559.3 1.25 596
SFIX R,1379038.0,
EFIX R,1379038.0,1379212 176 890.8 568.0 615
SSACC R,1379214.0,
ESACC R,1379214.0,1379218 6 889.8 562.9 881.1 553.0 0.36 63
SFIX R,1379220.0,
EFIX R,1379220.0,1379416 198 875.7 562.1 611
SSACC R,1379418.0,
ESACC R,1379418.0,1379428 12 873.9 568.4 888.7 557.3 0.50 60
SFIX R,1379430.0,
EFIX R,1379430.0,1379830 402 879.1 558.7 579
SSACC R,1379832.0,
ESACC R,1379832.0,1379838 8 869.5 554.9 859.6 546.9 0.34 50
SFIX R,1379840.0,
EFIX R,1379840.0,1380296 458 861.1 562.3 580
SSACC R,1380298.0,
ESACC R,1380298.0,1380316 20 867.5 575.9 885.5 548.0 0.90 66
SFIX R,1380318.0,
EFIX R,1380318.0,1380624 308 884.1 561.2 604
SSACC R,1380626.0,
ESACC R,1380626.0,1380630 6 876.6 568.1 867.0 567.2 0.26 56
SFIX R,1380632.0,
EFIX R,1380632.0,1380770 140 860.5 571.9 620
SSACC R,1380772.0,
ESACC R,1380772.0,1380786 16 858.3 569.5 882.8 581.9 0.74 73
SFIX R,1380788.0,
EFIX R,1380788.0,1381662 876 866.4 584.2 614
SSACC R,1381664.0,
ESACC R,1381664.0,1381680 18 854.7 587.7 885.7 563.9 1.06 82
SFIX R,1381682.0,
EFIX R,1381682.0,1382462 782 855.9 566.3 566
SSACC R,1382464.0,
ESACC R,1382464.0,1382476 14 854.2 578.4 876.1 556.9 0.83 75
SFIX R,1382478.0,
EFIX R,1382478.0,1382602 126 876.8 560.9 611
SSACC R,1382604.0,
ESACC R,1382604.0,1382616 14 874.7 564.6 850.9 574.2 0.69 62
SFIX R,1382618.0,
EFIX R,1382618.0,1382714 98 849.6 580.2 607
SSACC R,1382716.0,
ESACC R,1382716.0,1382736 22 851.0 585.2 896.6 568.3 1.32 95
SFIX R,1382738.0,
EFIX R,1382738.0,1382868 132 893.8 578.2 585
SSACC R,1382870.0,
ESACC R,1382870.0,1382884 16 899.2 584.2 880.5 560.7 0.81 70
SFIX R,1382886.0,
EFIX R,1382886.0,1383200 316 853.8 575.7 556
SSACC R,1383202.0,
ESACC R,1383202.0,1383206 6 856.5 573.8 865.4 571.4 0.25 58
SFIX R,1383208.0,
EFIX R,1383208.0,1383512 306 871.3 570.6 525
SSACC R,1383514.0,
ESACC R,1383514.0,1383526 14 864.9 565.6 842.1 558.2 0.65 73
SFIX R,1383528.0,
EFIX R,1383528.0,1383674 148 834.3 559.8 507
SSACC R,1383676.0,
ESACC R,1383676.0,1383690 16 833.1 558.1 862.5 562.4 0.80 83
SFIX R,1383692.0,
EFIX R,1383692.0,1383998 308 860.7 570.7 544
SSACC R,1384000.0,
ESACC R,1384000.0,1384014 16 866.0 575.8 861.6 549.5 0.72 65
SFIX R,1384016.0,
EFIX R,1384016.0,1384554 540 860.2 568.2 565
SSACC R,1384556.0,
ESACC R,1384556.0,1384576 22 858.0 582.3 867.5 554.4 0.80 74
SFIX R,1384578.0,
EFIX R,1384578.0,1385360 784 873.3 570.7 623
SSACC R,1385362.0,
ESACC R,1385362.0,1385372 12 871.8 578.2 867.9 560.5 0.49 58
SFIX R,1385374.0,
EFIX R,1385374.0,1386430 1058 868.1 572.1 660
SSACC R,1386432.0,
SBLINK R,1386456.0,
EBLINK R,1386456.0,1386634 180
ESACC R,1386432.0,1386688 258 846.3 605.3 861.4 588.4 0.61 1589
SFIX R,1386690.0,
EFIX R,1386690.0,1386842 154 862.9 584.5 559
SSACC R,1386844.0,
ESACC R,1386844.0,1386858 16 861.1 584.7 881.5 560.1 0.87 78
SFIX R,1386860.0,
EFIX R,1386860.0,1387100 242 878.2 572.2 573
SSACC R,1387102.0,
ESACC R,1387102.0,1387112 12 876.0 578.4 886.7 552.8 0.75 82
SFIX R,1387114.0,
EFIX R,1387114.0,1387596 484 882.6 566.8 562
SSACC R,1387598.0,
ESACC R,1387598.0,1387610 14 889.5 568.4 895.1 546.1 0.62 84
SFIX R,1387612.0,
EFIX R,1387612.0,1388392 782 902.6 582.5 678
SSACC R,1388394.0,
ESACC R,1388394.0,1388402 10 899.4 598.4 889.8 581.0 0.54 66
SFIX R,1388404.0,
EFIX R,1388404.0,1389064 662 877.8 585.0 726
SSACC R,1389066.0,
ESACC R,1389066.0,1389082 18 876.7 586.2 923.0 577.6 1.28 112
SFIX R,1389084.0,
EFIX R,1389084.0,1389250 168 925.1 574.8 732
SSACC R,1389252.0,
ESACC R,1389252.0,1389264 14 917.0 576.8 886.2 574.0 0.84 86
SFIX R,1389266.0,
EFIX R,1389266.0,1390884 1620 873.1 582.7 654
SSACC R,1390886.0,
ESACC R,1390886.0,1390892 8 880.9 592.0 878.5 574.3 0.48 64
SFIX R,1390894.0,
EFIX R,1390894.0,1391864 972 876.5 576.8 602
SSACC R,1391866.0,
ESACC R,1391866.0,1391872 8 875.2 576.0 885.8 560.6 0.51 68
SFIX R,1391874.0,
EFIX R,1391874.0,1392522 650 872.3 562.6 528
SSACC R,1392524.0,
ESACC R,1392524.0,1392534 12 866.5 577.1 865.9 555.6 0.58 71
SFIX R,1392536.0,
EFIX R,1392536.0,1393282 748 865.0 570.9 609
SSACC R,1393284.0,
ESACC R,1393284.0,1393296 14 864.6 590.8 870.7 561.9 0.80 63
SFIX R,1393298.0,
EFIX R,1393298.0,1393794 498 873.6 576.5 683
SSACC R,1393796.0,
SBLINK R,1393824.0,
EBLINK R,1393824.0,1394026 204
ESACC R,1393796.0,1394054 260 875.5 574.0 895.6 510.9 1.79 271
SFIX R,1394056.0,
EFIX R,1394056.0,1395234 1180 879.4 577.8 561
SSACC R,1395236.0,
ESACC R,1395236.0,1395244 10 877.3 567.0 887.4 556.8 0.39 58
SFIX R,1395246.0,
EFIX R,1395246.0,1395394 150 892.0 556.4 587
SSACC R,1395396.0,
ESACC R,1395396.0,1395408 14 892.8 561.5 861.7 559.6 0.84 79
SFIX R,1395410.0,
EFIX R,1395410.0,1395890 482 870.7 575.8 633
SSACC R,1395892.0,
ESACC R,1395892.0,1395902 12 885.8 584.3 903.7 564.0 0.73 74
SFIX R,1395904.0,
EFIX R,1395904.0,1396102 200 903.8 564.4 651
SSACC R,1396104.0,
ESACC R,1396104.0,1396114 12 902.1 569.8 875.8 564.9 0.73 75
SFIX R,1396116.0,
EFIX R,1396116.0,1396630 516 874.4 571.2 627
SSACC R,1396632.0,
ESACC R,1396632.0,1396642 12 875.3 573.1 898.8 565.9 0.67 69
SFIX R,1396644.0,
EFIX R,1396644.0,1397556 914 907.3 571.5 647
SSACC R,1397558.0,
ESACC R,1397558.0,1397564 8 905.4 572.3 896.7 563.2 0.34 50
SFIX R,1397566.0,
EFIX R,1397566.0,1398522 958 899.4 569.7 672
SSACC R,1398524.0,
ESACC R,1398524.0,1398538 16 900.2 570.2 927.2 549.4 0.92 79
SFIX R,1398540.0,
EFIX R,1398540.0,1398682 144 929.4 553.4 662
SSACC R,1398684.0,
ESACC R,1398684.0,1398700 18 925.1 554.5 892.6 552.6 0.88 90
SFIX R,1398702.0,
EFIX R,1398702.0,1399974 1274 889.7 559.3 643
SSACC R,1399976.0,
ESACC R,1399976.0,1399982 8 889.8 574.0 879.4 565.0 0.37 63
SFIX R,1399984.0,
EFIX R,1399984.0,1400392 410 880.1 567.0 640
SSACC R,1400394.0,
ESACC R,1400394.0,1400410 18 881.4 562.7 905.8 541.3 0.88 68
SFIX R,1400412.0,
EFIX R,1400412.0,1400544 134 905.9 546.4 618
SSACC R,1400546.0,
ESACC R,1400546.0,1400550 6 904.5 552.3 893.9 551.1 0.29 61
SFIX R,1400552.0,
EFIX R,1400552.0,1401180 630 887.7 564.6 579
SSACC R,1401182.0,
ESACC R,1401182.0,1401194 14 880.2 564.4 879.8 545.7 0.51 69
SFIX R,1401196.0,
EFIX R,1401196.0,1401584 390 879.8 551.5 521
SSACC R,1401586.0,
ESACC R,1401586.0,1401598 14 883.5 560.9 912.1 546.9 0.86 76
SFIX R,1401600.0,
EFIX R,1401600.0,1401732 134 913.6 540.4 490
SSACC R,1401734.0,
ESACC R,1401734.0,1401740 8 907.5 542.5 889.9 537.2 0.50 70
SFIX R,1401742.0,
EFIX R,1401742.0,1402584 844 879.7 549.4 449
SSACC R,1402586.0,
ESACC R,1402586.0,1402598 14 891.7 535.5 889.5 553.9 0.50 64
SFIX R,1402600.0,
EFIX R,1402600.0,1403660 1062 869.5 544.8 411
SSACC R,1403662.0,
ESACC R,1403662.0,1403672 12 871.5 550.8 853.3 545.2 0.52 54
SFIX R,1403674.0,
EFIX R,1403674.0,1403704 32 847.0 546.8 449
SSACC R,1403706.0,
SBLINK R,1403746.0,
EBLINK R,1403746.0,1403954 210
ESACC R,1403706.0,1404008 304 844.9 559.4 912.6 493.5 2.56 237
SFIX R,1404010.0,
EFIX R,1404010.0,1404170 162 908.3 530.3 439
SSACC R,1404172.0,
ESACC R,1404172.0,1404190 20 901.7 535.6 881.7 516.9 0.74 61
SFIX R,1404192.0,
EFIX R,1404192.0,1404570 380 871.1 534.3 462
SSACC R,1404572.0,
ESACC R,1404572.0,1404588 18 867.1 537.2 858.4 523.5 0.44 67
SFIX R,1404590.0,
EFIX R,1404590.0,1404792 204 860.6 535.0 450
SSACC R,1404794.0,
ESACC R,1404794.0,1404818 26 863.2 541.3 865.1 508.9 0.88 76
SFIX R,1404820.0,
EFIX R,1404820.0,1405398 580 869.9 522.8 468
SSACC R,1405400.0,
ESACC R,1405400.0,1405406 8 858.0 521.0 849.4 518.4 0.24 49
SFIX R,1405408.0,
EFIX R,1405408.0,1405570 164 842.1 524.7 501
SSACC R,1405572.0,
SBLINK R,1405600.0,
EBLINK R,1405600.0,1405770 172
ESACC R,1405572.0,1405808 238 844.4 560.4 873.3 513.5 1.49 296
SFIX R,1405810.0,
EFIX R,1405810.0,1407588 1780 866.4 548.8 499
SSACC R,1407590.0,
ESACC R,1407590.0,1407608 20 868.2 564.6 878.9 540.4 0.72 70
SFIX R,1407610.0,
EFIX R,1407610.0,1407840 232 880.5 550.2 551
SSACC R,1407842.0,
ESACC R,1407842.0,1407858 18 879.1 548.1 841.1 556.7 1.05 80
SFIX R,1407860.0,
EFIX R,1407860.0,1407978 120 844.0 552.9 564
SSACC R,1407980.0,
ESACC R,1407980.0,1407994 16 840.6 547.6 876.5 553.1 0.98 78
SFIX R,1407996.0,
EFIX R,1407996.0,1408386 392 878.9 561.7 578
SSACC R,1408388.0,
ESACC R,1408388.0,1408396 10 874.7 563.5 862.9 555.7 0.38 46
SFIX R,1408398.0,
EFIX R,1408398.0,1408552 156 854.1 555.6 587
SSACC R,1408554.0,
ESACC R,1408554.0,1408560 8 856.1 561.9 870.0 561.9 0.38 63
SFIX R,1408562.0,
EFIX R,1408562.0,1408818 258 869.4 563.6 571
SSACC R,1408820.0,
ESACC R,1408820.0,1408830 12 860.5 559.1 847.5 548.9 0.45 54
SFIX R,1408832.0,
EFIX R,1408832.0,1409304 474 863.5 551.5 554
SSACC R,1409306.0,
ESACC R,1409306.0,1409322 18 866.4 543.2 883.8 538.8 0.49 58
SFIX R,1409324.0,
EFIX R,1409324.0,1409496 174 880.3 541.8 540
SSACC R,1409498.0,
ESACC R,1409498.0,1409506 10 875.5 543.3 857.5 534.2 0.55 69
SFIX R,1409508.0,
EFIX R,1409508.0,1410136 630 865.8 550.9 568
SSACC R,1410138.0,
ESACC R,1410138.0,1410148 12 875.3 566.7 890.2 543.8 0.74 74
SFIX R,1410150.0,
EFIX R,1410150.0,1410520 372 885.2 553.3 630
SSACC R,1410522.0,
ESACC R,1410522.0,1410526 6 885.2 560.6 879.1 548.2 0.37 55
SFIX R,1410528.0,
EFIX R,1410528.0,1411148 622 876.9 550.9 575
SSACC R,1411150.0,
ESACC R,1411150.0,1411156 8 868.2 560.8 870.1 544.7 0.44 58
SFIX R,1411158.0,
EFIX R,1411158.0,1411922 766 867.3 551.0 535
SSACC R,1411924.0,
ESACC R,1411924.0,1411938 16 871.0 566.3 881.3 536.9 0.84 80
SFIX R,1411940.0,
EFIX R,1411940.0,1412094 156 879.5 546.4 527
SSACC R,1412096.0,
ESACC R,1412096.0,1412112 18 881.7 547.9 882.5 546.7 0.04 48
SFIX R,1412114.0,
EFIX R,1412114.0,1412540 428 877.9 551.3 504
SSACC R,1412542.0,
SBLINK R,1412576.0,
EBLINK R,1412576.0,1412766 192
ESACC R,1412542.0,1412814 274 873.0 565.1 854.9 489.6 2.10 346
SFIX R,1412816.0,
EFIX R,1412816.0,1412948 134 852.5 513.9 514
SSACC R,1412950.0,
ESACC R,1412950.0,1412964 16 853.8 517.1 891.3 532.7 1.10 80
SFIX R,1412966.0,
EFIX R,1412966.0,1413264 300 885.3 543.7 544
SSACC R,1413266.0,
ESACC R,1413266.0,1413270 6 883.8 544.5 877.9 539.6 0.21 52
SFIX R,1413272.0,
EFIX R,1413272.0,1413594 324 874.2 550.4 543
SSACC R,1413596.0,
ESACC R,1413596.0,1413606 12 872.9 567.5 878.9 534.3 0.91 85
SFIX R,1413608.0,
EFIX R,1413608.0,1414366 760 874.5 558.9 596
SSACC R,1414368.0,
ESACC R,1414368.0,1414376 10 881.2 578.1 885.3 559.4 0.52 61
SFIX R,1414378.0,
EFIX R,1414378.0,1415512 1136 885.0 572.0 616
SSACC R,1415514.0,
ESACC R,1415514.0,1415530 18 875.0 577.9 851.6 557.5 0.84 65
SFIX R,1415532.0,
EFIX R,1415532.0,1415662 132 839.1 550.1 552
SSACC R,1415664.0,
ESACC R,1415664.0,1415678 16 843.4 549.9 880.5 555.0 1.01 91
SFIX R,1415680.0,
EFIX R,1415680.0,1416316 638 874.4 568.1 532
SSACC R,1416318.0,
ESACC R,1416318.0,1416332 16 876.7 574.7 852.8 557.2 0.80 83
SFIX R,1416334.0,
EFIX R,1416334.0,1416400 68 841.0 552.5 555
SSACC R,1416402.0,
ESACC R,1416402.0,1416416 16 843.6 554.0 890.0 552.8 1.26 121
SFIX R,1416418.0,
EFIX R,1416418.0,1416590 174 890.8 552.6 557
SSACC R,1416592.0,
ESACC R,1416592.0,1416598 8 885.8 557.3 873.7 564.6 0.38 53
SFIX R,1416600.0,
EFIX R,1416600.0,1417022 424 878.2 565.2 557
SSACC R,1417024.0,
ESACC R,1417024.0,1417032 10 881.1 568.9 888.4 553.3 0.47 58
SFIX R,1417034.0,
EFIX R,1417034.0,1417348 316 890.5 559.9 561
SSACC R,1417350.0,
ESACC R,1417350.0,1417360 12 882.3 561.3 867.4 545.4 0.59 61
SFIX R,1417362.0,
EFIX R,1417362.0,1417510 150 863.1 548.3 566
SSACC R,1417512.0,
ESACC R,1417512.0,1417518 8 865.6 551.5 879.9 558.3 0.43 65
SFIX R,1417520.0,
EFIX R,1417520.0,1417998 480 869.1 550.8 564
SSACC R,1418000.0,
ESACC R,1418000.0,1418008 10 851.4 537.7 869.2 544.2 0.51 71
SFIX R,1418010.0,
EFIX R,1418010.0,1419418 1410 883.5 541.5 499
SSACC R,1419420.0,
ESACC R,1419420.0,1419436 18 878.2 542.9 902.0 541.3 0.65 52
SFIX R,1419438.0,
EFIX R,1419438.0,1419618 182 901.4 543.7 527
SSACC R,1419620.0,
ESACC R,1419620.0,1419626 8 901.7 551.7 884.5 536.9 0.61 83
SFIX R,1419628.0,
EFIX R,1419628.0,1419828 202 873.6 546.2 571
SSACC R,1419830.0,
ESACC R,1419830.0,1419846 18 877.6 554.2 910.3 555.3 0.89 86
SFIX R,1419848.0,
EFIX R,1419848.0,1420030 184 906.9 560.3 596
SSACC R,1420032.0,
ESACC R,1420032.0,1420040 10 899.6 563.3 892.0 545.4 0.53 64
SFIX R,1420042.0,
EFIX R,1420042.0,1420484 444 875.3 561.2 583
SSACC R,1420486.0,
ESACC R,1420486.0,1420504 20 873.6 566.5 912.2 557.4 1.07 86
SFIX R,1420506.0,
EFIX R,1420506.0,1420656 152 910.7 557.3 576
SSACC R,1420658.0,
ESACC R,1420658.0,1420668 12 909.4 561.1 885.4 562.8 0.65 73
SFIX R,1420670.0,
EFIX R,1420670.0,1420928 260 880.8 565.8 548
SSACC R,1420930.0,
ESACC R,1420930.0,1420936 8 871.2 556.1 866.8 549.2 0.22 50
SFIX R,1420938.0,
EFIX R,1420938.0,1421816 880 867.7 537.7 483
SSACC R,1421818.0,
ESACC R,1421818.0,1421834 18 862.0 543.4 901.1 538.8 1.07 74
SFIX R,1421836.0,
EFIX R,1421836.0,1421944 110 909.7 548.7 490
SSACC R,1421946.0,
ESACC R,1421946.0,1421964 20 914.5 543.9 874.3 549.8 1.10 101
SFIX R,1421966.0,
EFIX R,1421966.0,1422236 272 860.0 554.4 489
SSACC R,1422238.0,
ESACC R,1422238.0,1422244 8 865.4 558.5 877.1 541.5 0.56 88
SFIX R,1422246.0,
EFIX R,1422246.0,1422454 210 880.8 543.8 485
SSACC R,1422456.0,
ESACC R,1422456.0,1422462 8 878.2 545.0 863.3 539.9 0.43 67
SFIX R,1422464.0,
EFIX R,1422464.0,1422988 526 847.1 545.1 496
SSACC R,1422990.0,
ESACC R,1422990.0,1423030 42 848.4 544.2 872.6 527.5 0.80 107
SFIX R,1423032.0,
EFIX R,1423032.0,1423314 284 876.0 542.7 531
SSACC R,1423316.0,
ESACC R,1423316.0,1423334 20 883.3 544.6 857.7 528.3 0.82 74
SFIX R,1423336.0,
EFIX R,1423336.0,1423492 158 864.3 533.8 534
SSACC R,1423494.0,
ESACC R,1423494.0,1423524 32 865.3 544.8 879.6 543.5 0.39 58
SFIX R,1423526.0,
EFIX R,1423526.0,1423832 308 876.6 542.3 505
SSACC R,1423834.0,
ESACC R,1423834.0,1423844 12 874.0 551.5 865.3 534.7 0.51 59
SFIX R,1423846.0,
EFIX R,1423846.0,1424400 556 857.9 547.7 524
SSACC R,1424402.0,
SBLINK R,1424446.0,
EBLINK R,1424446.0,1424628 184
ESACC R,1424402.0,1424724 324 843.6 566.9 878.7 518.5 1.62 1212
SFIX R,1424726.0,
EFIX R,1424726.0,1425284 560 873.8 552.4 504
SSACC R,1425286.0,
ESACC R,1425286.0,1425312 28 865.8 552.5 870.3 540.7 0.34 66
SFIX R,1425314.0,
EFIX R,1425314.0,1425582 270 871.0 544.0 449
SSACC R,1425584.0,
ESACC R,1425584.0,1425598 16 868.6 550.5 852.0 524.5 0.84 77
SFIX R,1425600.0,
EFIX R,1425600.0,1425756 158 849.1 525.4 453
SSACC R,1425758.0,
ESACC R,1425758.0,1425764 8 855.7 534.7 870.3 530.8 0.41 60
SFIX R,1425766.0,
EFIX R,1425766.0,1426036 272 865.2 543.7 478
SSACC R,1426038.0,
ESACC R,1426038.0,1426054 18 860.8 559.9 846.7 529.6 0.91 87
SFIX R,1426056.0,
EFIX R,1426056.0,1426246 192 848.3 532.6 527
SSACC R,1426248.0,
ESACC R,1426248.0,1426258 12 851.9 536.3 874.5 546.4 0.67 75
SFIX R,1426260.0,
EFIX R,1426260.0,1426612 354 868.9 554.0 575
SSACC R,1426614.0,
ESACC R,1426614.0,1426622 10 869.2 557.4 868.1 541.1 0.44 57
SFIX R,1426624.0,
EFIX R,1426624.0,1428286 1664 883.0 560.3 664
SSACC R,1428288.0,
SBLINK R,1428312.0,
EBLINK R,1428312.0,1428444 134
ESACC R,1428288.0,1428470 184 873.6 612.5 879.6 537.9 2.03 2389
SFIX R,1428472.0,
EFIX R,1428472.0,1428742 272 872.3 578.4 641
SSACC R,1428744.0,
ESACC R,1428744.0,1428760 18 871.0 586.3 885.8 557.6 0.88 93
SFIX R,1428762.0,
EFIX R,1428762.0,1429484 724 892.7 575.5 641
SSACC R,1429486.0,
ESACC R,1429486.0,1429502 18 901.1 587.5 877.8 566.3 0.85 98
SFIX R,1429504.0,
EFIX R,1429504.0,1430086 584 881.8 577.4 729
SSACC R,1430088.0,
ESACC R,1430088.0,1430098 12 892.2 586.8 909.7 572.5 0.61 66
SFIX R,1430100.0,
EFIX R,1430100.0,1430432 334 909.7 580.7 767
SSACC R,1430434.0,
ESACC R,1430434.0,1430446 14 906.8 587.5 888.8 564.0 0.80 71
SFIX R,1430448.0,
EFIX R,1430448.0,1430600 154 889.8 563.3 769
SSACC R,1430602.0,
ESACC R,1430602.0,1430610 10 891.4 561.8 907.3 568.8 0.47 57
SFIX R,1430612.0,
EFIX R,1430612.0,1431538 928 894.3 572.3 728
SSACC R,1431540.0,
ESACC R,1431540.0,1431544 6 891.3 577.7 887.4 566.5 0.32 49
SFIX R,1431546.0,
EFIX R,1431546.0,1432106 562 887.1 563.1 700
SSACC R,1432108.0,
ESACC R,1432108.0,1432126 20 884.6 569.9 912.4 548.8 0.95 70
SFIX R,1432128.0,
EFIX R,1432128.0,1432282 156 909.1 553.4 688
SSACC R,1432284.0,
ESACC R,1432284.0,1432300 18 909.6 558.5 878.4 546.4 0.91 87
SFIX R,1432302.0,
EFIX R,1432302.0,1433268 968 886.4 559.9 680
SSACC R,1433270.0,
ESACC R,1433270.0,1433278 10 881.9 580.6 887.6 560.5 0.57 66
SFIX R,1433280.0,
EFIX R,1433280.0,1434374 1096 890.1 564.4 675
SSACC R,1434376.0,
ESACC R,1434376.0,1434386 12 889.1 564.7 893.4 549.6 0.43 50
SFIX R,1434388.0,
EFIX R,1434388.0,1434902 516 892.5 557.9 655
SSACC R,1434904.0,
SBLINK R,1434930.0,
EBLINK R,1434930.0,1435082 154
ESACC R,1434904.0,1435110 208 889.1 576.5 914.2 519.6 1.69 848
SFIX R,1435112.0,
EFIX R,1435112.0,1435366 256 910.8 569.1 698
SSACC R,1435368.0,
ESACC R,1435368.0,1435382 16 913.1 574.5 946.8 553.8 1.07 103
SFIX R,1435384.0,
EFIX R,1435384.0,1435718 336 933.0 556.0 688
SSACC R,1435720.0,
ESACC R,1435720.0,1435732 14 934.0 555.1 911.8 555.3 0.60 60
SFIX R,1435734.0,
EFIX R,1435734.0,1437468 1736 898.9 566.7 724
SSACC R,1437470.0,
ESACC R,1437470.0,1437474 6 890.5 576.4 901.8 570.8 0.34 66
SFIX R,1437476.0,
EFIX R,1437476.0,1438274 800 897.8 565.7 621
SSACC R,1438276.0,
ESACC R,1438276.0,1438284 10 887.1 556.3 874.3 544.0 0.48 59
SFIX R,1438286.0,
EFIX R,1438286.0,1438598 314 874.4 544.8 575
SSACC R,1438600.0,
SBLINK R,1438624.0,
EBLINK R,1438624.0,1438812 190
ESACC R,1438600.0,1438868 270 870.0 570.5 883.1 562.4 0.42 706
SFIX R,1438870.0,
EFIX R,1438870.0,1439044 176 883.2 569.3 574
SSACC R,1439046.0,
ESACC R,1439046.0,1439056 12 887.1 554.9 888.3 534.2 0.56 78
SFIX R,1439058.0,
EFIX R,1439058.0,1441248 2192 893.0 569.8 559
SSACC R,1441250.0,
ESACC R,1441250.0,1441258 10 896.5 578.2 887.6 557.4 0.61 73
SFIX R,1441260.0,
EFIX R,1441260.0,1442484 1226 893.4 578.8 669
SSACC R,1442486.0,
ESACC R,1442486.0,1442492 8 905.7 597.5 911.7 584.4 0.39 56
SFIX R,1442494.0,
EFIX R,1442494.0,1442642 150 914.2 582.2 676
SSACC R,1442644.0,
ESACC R,1442644.0,1442654 12 910.2 581.6 892.7 583.7 0.48 55
SFIX R,1442656.0,
EFIX R,1442656.0,1442738 84 885.8 582.3 662
SSACC R,1442740.0,
ESACC R,1442740.0,1442754 16 889.8 587.4 921.4 573.1 0.94 83
SFIX R,1442756.0,
EFIX R,1442756.0,1442912 158 920.0 576.5 645
SSACC R,1442914.0,
ESACC R,1442914.0,1442922 10 914.7 580.6 890.1 577.4 0.67 81
SFIX R,1442924.0,
EFIX R,1442924.0,1443706 784 887.0 577.3 562
SSACC R,1443708.0,
ESACC R,1443708.0,1443732 26 888.0 569.8 901.9 559.4 0.47 50
SFIX R,1443734.0,
EFIX R,1443734.0,1443898 166 903.8 560.7 456
SSACC R,1443900.0,
ESACC R,1443900.0,1443910 12 903.9 554.2 886.7 561.4 0.51 55
SFIX R,1443912.0,
EFIX R,1443912.0,1443984 74 878.7 561.5 442
SSACC R,1443986.0,
ESACC R,1443986.0,1443994 10 880.6 553.4 878.7 573.9 0.56 66
SFIX R,1443996.0,
EFIX R,1443996.0,1444224 230 881.0 569.8 445
SSACC R,1444226.0,
ESACC R,1444226.0,1444236 12 883.2 570.7 893.0 550.6 0.61 67
SFIX R,1444238.0,
EFIX R,1444238.0,1444806 570 892.1 564.2 479
SSACC R,1444808.0,
ESACC R,1444808.0,1444824 18 890.5 571.6 872.8 542.5 0.92 73
SFIX R,1444826.0,
EFIX R,1444826.0,1444990 166 872.7 552.6 539
SSACC R,1444992.0,
ESACC R,1444992.0,1444998 8 871.8 559.3 883.8 558.2 0.33 48
SFIX R,1445000.0,
EFIX R,1445000.0,1445306 308 895.0 562.1 532
SSACC R,1445308.0,
ESACC R,1445308.0,1445320 14 886.0 565.0 865.8 547.6 0.72 75
SFIX R,1445322.0,
EFIX R,1445322.0,1445472 152 866.6 557.9 537
SSACC R,1445474.0,
ESACC R,1445474.0,1445484 12 863.9 559.3 884.6 559.5 0.56 60
SFIX R,1445486.0,
EFIX R,1445486.0,1445920 436 883.6 560.8 527
SSACC R,1445922.0,
ESACC R,1445922.0,1445934 14 874.8 562.3 907.6 567.9 0.90 99
SFIX R,1445936.0,
EFIX R,1445936.0,1446136 202 899.6 577.3 529
SSACC R,1446138.0,
ESACC R,1446138.0,1446144 8 899.0 581.6 889.0 567.2 0.48 52
SFIX R,1446146.0,
EFIX R,1446146.0,1446376 232 881.8 573.5 524
SSACC R,1446378.0,
ESACC R,1446378.0,1446392 16 885.3 578.5 908.1 550.7 0.97 89
SFIX R,1446394.0,
EFIX R,1446394.0,1446536 144 912.9 556.8 517
SSACC R,1446538.0,
ESACC R,1446538.0,1446548 12 904.9 556.8 886.0 551.9 0.53 57
SFIX R,1446550.0,
EFIX R,1446550.0,1446702 154 879.8 554.5 498
SSACC R,1446704.0,
ESACC R,1446704.0,1446712 10 891.0 555.4 897.8 546.8 0.30 47
SFIX R,1446714.0,
EFIX R,1446714.0,1446922 210 874.2 549.8 470
SSACC R,1446924.0,
ESACC R,1446924.0,1446938 16 862.9 546.1 892.4 544.2 0.80 82
SFIX R,1446940.0,
EFIX R,1446940.0,1447074 136 892.8 541.4 458
SSACC R,1447076.0,
ESACC R,1447076.0,1447084 10 886.4 537.9 869.3 529.6 0.52 65
SFIX R,1447086.0,
EFIX R,1447086.0,1447476 392 872.3 532.6 448
SSACC R,1447478.0,
ESACC R,1447478.0,1447488 12 883.1 539.5 901.9 527.9 0.60 70
SFIX R,1447490.0,
EFIX R,1447490.0,1447758 270 898.9 538.5 483
SSACC R,1447760.0,
ESACC R,1447760.0,1447774 16 903.7 541.3 875.6 548.2 0.78 83
SFIX R,1447776.0,
EFIX R,1447776.0,1448102 328 878.1 559.4 541
SSACC R,1448104.0,
SBLINK R,1448158.0,
EBLINK R,1448158.0,1448370 214
ESACC R,1448104.0,1448432 330 878.9 582.9 904.2 485.9 2.72 1269
SFIX R,1448434.0,
EFIX R,1448434.0,1449124 692 895.7 549.5 560
SSACC R,1449126.0,
ESACC R,1449126.0,1449142 18 885.8 580.0 879.2 549.3 0.85 65
SFIX R,1449144.0,
EFIX R,1449144.0,1449424 282 880.0 564.6 535
SSACC R,1449426.0,
ESACC R,1449426.0,1449434 10 882.1 556.0 890.2 538.8 0.52 63
SFIX R,1449436.0,
EFIX R,1449436.0,1449696 262 890.5 551.7 528
SSACC R,1449698.0,
SBLINK R,1449734.0,
EBLINK R,1449734.0,1449936 204
ESACC R,1449698.0,1450016 320 888.8 570.0 876.8 565.1 0.35 334
SFIX R,1450018.0,
EFIX R,1450018.0,1450222 206 880.6 570.4 546
SSACC R,1450224.0,
ESACC R,1450224.0,1450242 20 888.1 578.5 884.5 551.8 0.73 50
SFIX R,1450244.0,
EFIX R,1450244.0,1450508 266 888.9 564.4 610
SSACC R,1450510.0,
ESACC R,1450510.0,1450534 26 886.6 562.6 893.2 524.8 1.04 60
SFIX R,1450536.0,
EFIX R,1450536.0,1451356 822 883.7 548.7 620
SSACC R,1451358.0,
ESACC R,1451358.0,1451370 14 884.5 560.5 876.7 549.1 0.37 50
SFIX R,1451372.0,
EFIX R,1451372.0,1451922 552 878.0 568.5 688
SSACC R,1451924.0,
SBLINK R,1451954.0,
EBLINK R,1451954.0,1452128 176
ESACC R,1451924.0,1452158 236 868.3 585.9 914.9 507.9 2.46 2400
SFIX R,1452160.0,
EFIX R,1452160.0,1452528 370 889.7 567.5 712
SSACC R,1452530.0,
ESACC R,1452530.0,1452544 16 881.2 578.6 877.0 546.1 0.89 99
SFIX R,1452546.0,
EFIX R,1452546.0,1453094 550 879.4 570.1 676
SSACC R,1453096.0,
ESACC R,1453096.0,1453110 16 875.4 577.1 870.2 556.1 0.59 59
SFIX R,1453112.0,
EFIX R,1453112.0,1453788 678 862.3 562.7 676
SSACC R,1453790.0,
ESACC R,1453790.0,1453798 10 872.3 567.9 882.7 557.7 0.39 53
SFIX R,1453800.0,
EFIX R,1453800.0,1453942 144 885.9 557.6 700
SSACC R,1453944.0,
ESACC R,1453944.0,1453952 10 880.4 558.5 868.1 556.9 0.34 52
SFIX R,1453954.0,
EFIX R,1453954.0,1454244 292 866.9 566.1 693
SSACC R,1454246.0,
ESACC R,1454246.0,1454256 12 873.1 569.8 891.6 560.6 0.56 63
SFIX R,1454258.0,
EFIX R,1454258.0,1454562 306 882.0 567.4 683
SSACC R,1454564.0,
ESACC R,1454564.0,1454574 12 875.3 570.9 900.9 567.9 0.70 78
SFIX R,1454576.0,
EFIX R,1454576.0,1454694 120 902.9 570.4 659
SSACC R,1454696.0,
ESACC R,1454696.0,1454712 18 906.0 573.8 874.4 561.7 0.92 84
SFIX R,1454714.0,
EFIX R,1454714.0,1456114 1402 875.8 564.3 624
SSACC R,1456116.0,
ESACC R,1456116.0,1456126 12 887.4 573.2 908.6 561.7 0.65 72
SFIX R,1456128.0,
EFIX R,1456128.0,1456320 194 909.3 561.0 703
SSACC R,1456322.0,
ESACC R,1456322.0,1456336 16 906.6 566.1 881.4 551.5 0.79 82
SFIX R,1456338.0,
EFIX R,1456338.0,1456840 504 892.3 553.7 721
SSACC R,1456842.0,
ESACC R,1456842.0,1456850 10 910.5 558.9 921.9 544.0 0.51 62
SFIX R,1456852.0,
EFIX R,1456852.0,1457820 970 910.8 555.0 719
SSACC R,1457822.0,
ESACC R,1457822.0,1457828 8 904.9 557.5 915.4 546.6 0.41 74
SFIX R,1457830.0,
EFIX R,1457830.0,1458032 204 917.2 550.6 689
SSACC R,1458034.0,
ESACC R,1458034.0,1458044 12 917.6 553.0 894.0 549.5 0.65 61
SFIX R,1458046.0,
EFIX R,1458046.0,1458138 94 890.0 551.3 684
SSACC R,1458140.0,
ESACC R,1458140.0,1458156 18 890.7 556.4 937.0 559.7 1.26 104
SFIX R,1458158.0,
EFIX R,1458158.0,1458302 146 941.2 564.8 688
SSACC R,1458304.0,
ESACC R,1458304.0,1458320 18 942.4 570.4 904.0 557.3 1.10 85
SFIX R,1458322.0,
EFIX R,1458322.0,1458790 470 895.9 571.0 726
SSACC R,1458792.0,
ESACC R,1458792.0,1458802 12 895.6 577.2 905.9 554.0 0.69 83
SFIX R,1458804.0,
EFIX R,1458804.0,1459482 680 910.7 565.1 759
SSACC R,1459484.0,
ESACC R,1459484.0,1459496 14 916.4 571.7 907.1 545.4 0.76 83
SFIX R,1459498.0,
EFIX R,1459498.0,1460170 674 912.5 566.9 786
SSACC R,1460172.0,
ESACC R,1460172.0,1460182 12 920.0 570.7 924.8 557.3 0.39 54
SFIX R,1460184.0,
EFIX R,1460184.0,1460516 334 916.4 563.4 784
SSACC R,1460518.0,
ESACC R,1460518.0,1460528 12 908.0 557.9 889.9 550.8 0.53 56
SFIX R,1460530.0,
EFIX R,1460530.0,1460732 204 898.7 539.5 791
SSACC R,1460734.0,
ESACC R,1460734.0,1460742 10 917.7 562.5 916.7 548.5 0.38 58
SFIX R,1460744.0,
EFIX R,1460744.0,1460938 196 903.3 549.1 778
SSACC R,1460940.0,
ESACC R,1460940.0,1460954 16 895.8 558.1 927.8 572.9 0.96 83
SFIX R,1460956.0,
EFIX R,1460956.0,1461086 132 920.8 572.8 734
SSACC R,1461088.0,
ESACC R,1461088.0,1461096 10 913.9 572.9 897.8 568.0 0.46 54
SFIX R,1461098.0,
EFIX R,1461098.0,1461578 482 902.5 572.1 705
SSACC R,1461580.0,
ESACC R,1461580.0,1461592 14 904.6 565.4 882.4 550.0 0.73 78
SFIX R,1461594.0,
EFIX R,1461594.0,1461662 70 885.4 555.1 671
SSACC R,1461664.0,
ESACC R,1461664.0,1461690 28 888.0 554.4 941.1 548.5 1.45 97
SFIX R,1461692.0,
EFIX R,1461692.0,1461786 96 935.1 549.5 659
SSACC R,1461788.0,
ESACC R,1461788.0,1461796 10 921.7 554.5 904.5 555.6 0.47 62
SFIX R,1461798.0,
EFIX R,1461798.0,1462030 234 894.9 562.0 649
SSACC R,1462032.0,
ESACC R,1462032.0,1462036 6 906.3 565.6 915.1 563.6 0.24 48
SFIX R,1462038.0,
EFIX R,1462038.0,1462214 178 919.8 560.1 648
SSACC R,1462216.0,
ESACC R,1462216.0,1462220 6 911.9 564.7 899.4 559.8 0.36 56
SFIX R,1462222.0,
EFIX R,1462222.0,1462744 524 909.8 574.2 662
SSACC R,1462746.0,
ESACC R,1462746.0,1462760 16 913.8 580.7 932.4 562.5 0.71 61
SFIX R,1462762.0,
EFIX R,1462762.0,1462888 128 930.4 558.6 675
SSACC R,1462890.0,
ESACC R,1462890.0,1462898 10 924.2 559.6 910.1 561.5 0.39 49
SFIX R,1462900.0,
EFIX R,1462900.0,1462996 98 910.4 562.8 674
SSACC R,1462998.0,
ESACC R,1462998.0,1463006 10 917.1 568.5 933.8 561.9 0.49 62
SFIX R,1463008.0,
EFIX R,1463008.0,1463138 132 938.3 566.3 660
SSACC R,1463140.0,
ESACC R,1463140.0,1463152 14 940.2 569.3 917.6 556.2 0.71 57
SFIX R,1463154.0,
EFIX R,1463154.0,1463230 78 911.7 561.8 654
SSACC R,1463232.0,
ESACC R,1463232.0,1463238 8 910.6 563.2 921.4 577.6 0.49 70
SFIX R,1463240.0,
EFIX R,1463240.0,1464124 886 913.3 558.5 607
SSACC R,1464126.0,
ESACC R,1464126.0,1464142 18 888.0 558.6 880.1 541.8 0.50 61
SFIX R,1464144.0,
EFIX R,1464144.0,1464176 34 863.6 522.7 565
SSACC R,1464178.0,
SBLINK R,1464230.0,
EBLINK R,1464230.0,1464500 272
ESACC R,1464178.0,1464550 374 842.9 508.6 913.2 448.6 2.50 1721
SFIX R,1464552.0,
EFIX R,1464552.0,1464728 178 895.1 494.1 519
SSACC R,1464730.0,
ESACC R,1464730.0,1464750 22 890.5 503.5 914.1 519.6 0.77 52
SFIX R,1464752.0,
EFIX R,1464752.0,1465004 254 905.3 533.7 560
SSACC R,1465006.0,
ESACC R,1465006.0,1465022 18 900.3 547.5 879.1 536.7 0.64 66
SFIX R,1465024.0,
EFIX R,1465024.0,1465194 172 871.9 545.0 509
SSACC R,1465196.0,
ESACC R,1465196.0,1465210 16 870.0 547.7 890.8 527.3 0.79 82
SFIX R,1465212.0,
EFIX R,1465212.0,1465420 210 885.7 540.6 504
SSACC R,1465422.0,
ESACC R,1465422.0,1465438 18 887.7 536.6 869.8 525.7 0.57 61
SFIX R,1465440.0,
EFIX R,1465440.0,1466646 1208 891.0 539.7 589
SSACC R,1466648.0,
ESACC R,1466648.0,1466668 22 885.2 550.7 928.3 557.2 1.18 76
SFIX R,1466670.0,
EFIX R,1466670.0,1467142 474 909.8 565.2 651
SSACC R,1467144.0,
ESACC R,1467144.0,1467160 18 910.9 568.5 936.4 552.3 0.82 55
SFIX R,1467162.0,
EFIX R,1467162.0,1467520 360 918.0 564.6 663
SSACC R,1467522.0,
SBLINK R,1467584.0,
EBLINK R,1467584.0,1467878 296
ESACC R,1467522.0,1467942 422 905.3 562.1 915.9 502.6 1.64 438
SFIX R,1467944.0,
EFIX R,1467944.0,1467984 42 916.8 494.3 543
SSACC R,1467986.0,
ESACC R,1467986.0,1468010 26 911.1 518.5 920.6 476.9 1.16 98
SFIX R,1468012.0,
EFIX R,1468012.0,1468456 446 914.1 504.8 567
SSACC R,1468458.0,
ESACC R,1468458.0,1468480 24 895.7 527.5 875.1 534.5 0.59 68
SFIX R,1468482.0,
EFIX R,1468482.0,1468546 66 875.5 536.0 498
SSACC R,1468548.0,
ESACC R,1468548.0,1468608 62 870.1 544.5 897.3 524.8 0.91 106
SFIX R,1468610.0,
EFIX R,1468610.0,1468656 48 899.3 519.6 478
SSACC R,1468658.0,
ESACC R,1468658.0,1468664 8 896.8 523.6 891.6 507.6 0.46 69
SFIX R,1468666.0,
EFIX R,1468666.0,1469114 450 877.0 523.3 493
SSACC R,1469116.0,
ESACC R,1469116.0,1469130 16 880.5 560.2 885.0 530.4 0.82 82
SFIX R,1469132.0,
EFIX R,1469132.0,1469338 208 881.1 552.2 561
SSACC R,1469340.0,
ESACC R,1469340.0,1469354 16 875.1 564.9 890.0 529.4 1.04 92
SFIX R,1469356.0,
EFIX R,1469356.0,1469936 582 896.7 543.7 588
SSACC R,1469938.0,
SBLINK R,1469988.0,
EBLINK R,1469988.0,1470220 234
ESACC R,1469938.0,1470270 334 892.0 571.5 869.7 515.9 1.62 859
SFIX R,1470272.0,
EFIX R,1470272.0,1470456 186 873.3 550.2 592
SSACC R,1470458.0,
ESACC R,1470458.0,1470468 12 864.4 545.2 881.9 524.2 0.74 77
SFIX R,1470470.0,
EFIX R,1470470.0,1470714 246 873.8 550.7 606
SSACC R,1470716.0,
ESACC R,1470716.0,1470738 24 868.3 566.0 895.2 533.6 1.14 92
SFIX R,1470740.0,
EFIX R,1470740.0,1471102 364 890.0 553.8 562
SSACC R,1471104.0,
ESACC R,1471104.0,1471120 18 884.4 555.2 885.8 557.6 0.08 49
SFIX R,1471122.0,
EFIX R,1471122.0,1471246 126 884.3 565.1 568
SSACC R,1471248.0,
ESACC R,1471248.0,1471256 10 878.0 565.8 888.2 547.6 0.57 74
SFIX R,1471258.0,
EFIX R,1471258.0,1471560 304 892.9 555.3 583
SSACC R,1471562.0,
ESACC R,1471562.0,1471576 16 895.0 566.5 882.4 548.6 0.59 67
SFIX R,1471578.0,
EFIX R,1471578.0,1471772 196 882.1 554.5 598
SSACC R,1471774.0,
ESACC R,1471774.0,1471782 10 884.0 555.3 905.8 552.9 0.59 74
SFIX R,1471784.0,
EFIX R,1471784.0,1472962 1180 890.1 551.1 653
SSACC R,1472964.0,
ESACC R,1472964.0,1473000 38 891.6 552.5 874.7 540.9 0.56 51
SFIX R,1473002.0,
EFIX R,1473002.0,1474992 1992 887.0 547.6 663
SSACC R,1474994.0,
ESACC R,1474994.0,1475004 12 887.2 566.0 895.4 547.7 0.54 63
SFIX R,1475006.0,
EFIX R,1475006.0,1476074 1070 887.9 558.1 572
SSACC R,1476076.0,
ESACC R,1476076.0,1476080 6 890.9 545.0 880.4 536.7 0.36 49
SFIX R,1476082.0,
EFIX R,1476082.0,1476202 122 874.1 539.0 587
SSACC R,1476204.0,
ESACC R,1476204.0,1476214 12 883.0 539.4 905.9 548.7 0.67 68
SFIX R,1476216.0,
EFIX R,1476216.0,1476422 208 902.5 556.4 586
SSACC R,1476424.0,
ESACC R,1476424.0,1476428 6 899.2 556.8 888.5 559.7 0.30 59
SFIX R,1476430.0,
EFIX R,1476430.0,1476538 110 880.1 559.8 596
SSACC R,1476540.0,
ESACC R,1476540.0,1476548 10 888.8 557.6 907.3 559.3 0.50 64
SFIX R,1476550.0,
EFIX R,1476550.0,1477874 1326 890.0 555.8 608
SSACC R,1477876.0,
ESACC R,1477876.0,1477880 6 887.7 568.2 894.8 561.9 0.26 57
SFIX R,1477882.0,
EFIX R,1477882.0,1478066 186 892.4 567.5 622
SSACC R,1478068.0,
ESACC R,1478068.0,1478084 18 893.6 572.3 880.8 551.4 0.66 78
SFIX R,1478086.0,
EFIX R,1478086.0,1478280 196 884.0 568.6 640
SSACC R,1478282.0,
ESACC R,1478282.0,1478300 20 886.8 578.0 901.6 536.5 1.19 101
SFIX R,1478302.0,
EFIX R,1478302.0,1479430 1130 895.1 566.1 633
SSACC R,1479432.0,
ESACC R,1479432.0,1479452 22 886.4 589.7 859.4 553.5 1.22 87
SFIX R,1479454.0,
EFIX R,1479454.0,1479582 130 862.7 566.8 632
SSACC R,1479584.0,
ESACC R,1479584.0,1479588 6 865.2 573.4 876.5 572.4 0.31 65
SFIX R,1479590.0,
EFIX R,1479590.0,1479692 104 883.1 573.4 621
SSACC R,1479694.0,
ESACC R,1479694.0,1479698 6 874.0 573.4 868.2 565.7 0.26 51
SFIX R,1479700.0,
EFIX R,1479700.0,1479834 136 858.1 561.8 620
SSACC R,1479836.0,
ESACC R,1479836.0,1479854 20 859.1 563.4 890.7 568.2 0.87 63
SFIX R,1479856.0,
EFIX R,1479856.0,1479950 96 883.7 565.8 617
SSACC R,1479952.0,
ESACC R,1479952.0,1479968 18 879.8 561.0 860.2 547.0 0.65 63
SFIX R,1479970.0,
EFIX R,1479970.0,1480178 210 870.3 558.4 596
SSACC R,1480180.0,
ESACC R,1480180.0,1480184 6 874.9 553.6 876.0 546.4 0.20 71
SFIX R,1480186.0,
EFIX R,1480186.0,1480208 24 880.8 529.5 585
SSACC R,1480210.0,
SBLINK R,1480252.0,
EBLINK R,1480252.0,1480496 246
ESACC R,1480210.0,1480574 366 880.1 521.4 907.3 512.1 0.78 1603
SFIX R,1480576.0,
EFIX R,1480576.0,1481414 840 890.1 547.8 511
SSACC R,1481416.0,
ESACC R,1481416.0,1481434 20 878.9 582.9 886.3 536.8 1.27 99
SFIX R,1481436.0,
EFIX R,1481436.0,1481682 248 889.3 555.4 540
SSACC R,1481684.0,
ESACC R,1481684.0,1481696 14 893.1 565.8 870.3 544.1 0.85 71
SFIX R,1481698.0,
EFIX R,1481698.0,1481832 136 868.9 550.0 577
SSACC R,1481834.0,
ESACC R,1481834.0,1481852 20 874.0 553.3 910.6 555.5 0.99 79
SFIX R,1481854.0,
EFIX R,1481854.0,1482114 262 902.6 560.0 586
SSACC R,1482116.0,
ESACC R,1482116.0,1482130 16 898.0 569.2 875.9 544.3 0.90 79
SFIX R,1482132.0,
EFIX R,1482132.0,1482542 412 874.3 549.3 572
SSACC R,1482544.0,
ESACC R,1482544.0,1482558 16 879.1 555.8 909.3 535.7 0.98 82
SFIX R,1482560.0,
EFIX R,1482560.0,1482680 122 908.4 536.9 563
SSACC R,1482682.0,
ESACC R,1482682.0,1482698 18 910.3 540.2 873.8 543.0 0.99 69
SFIX R,1482700.0,
EFIX R,1482700.0,1482738 40 874.3 548.1 560
SSACC R,1482740.0,
ESACC R,1482740.0,1482752 14 879.7 552.9 875.5 535.7 0.48 50
SFIX R,1482754.0,
EFIX R,1482754.0,1483090 338 881.8 548.0 551
SSACC R,1483092.0,
SBLINK R,1483148.0,
EBLINK R,1483148.0,1483446 300
ESACC R,1483092.0,1483552 462 872.8 550.9 894.6 492.2 1.70 330
SFIX R,1483554.0,
EFIX R,1483554.0,1483694 142 899.3 492.5 503
SSACC R,1483696.0,
ESACC R,1483696.0,1483704 10 903.3 496.3 903.0 486.5 0.27 57
SFIX R,1483706.0,
EFIX R,1483706.0,1484178 474 893.9 514.0 491
SSACC R,1484180.0,
ESACC R,1484180.0,1484184 6 873.3 524.2 875.4 508.9 0.42 66
SFIX R,1484186.0,
EFIX R,1484186.0,1484634 450 870.4 517.6 464
SSACC R,1484636.0,
ESACC R,1484636.0,1484676 42 866.7 556.1 888.6 541.9 0.71 75
SFIX R,1484678.0,
EFIX R,1484678.0,1484954 278 890.9 542.3 569
SSACC R,1484956.0,
ESACC R,1484956.0,1484970 16 894.1 555.1 875.1 520.0 1.08 87
SFIX R,1484972.0,
EFIX R,1484972.0,1485822 852 886.1 541.5 651
SSACC R,1485824.0,
ESACC R,1485824.0,1485838 16 902.2 559.5 925.5 534.8 0.92 71
SFIX R,1485840.0,
EFIX R,1485840.0,1486226 388 922.2 554.4 709
SSACC R,1486228.0,
ESACC R,1486228.0,1486238 12 922.2 565.6 909.7 550.3 0.54 55
SFIX R,1486240.0,
EFIX R,1486240.0,1487008 770 897.5 569.4 695
SSACC R,1487010.0,
ESACC R,1487010.0,1487022 14 890.4 582.3 883.9 551.7 0.85 80
SFIX R,1487024.0,
EFIX R,1487024.0,1487166 144 877.7 546.1 659
SSACC R,1487168.0,
ESACC R,1487168.0,1487180 14 879.3 548.3 907.1 544.4 0.76 66
SFIX R,1487182.0,
EFIX R,1487182.0,1487306 126 908.0 544.1 628
SSACC R,1487308.0,
ESACC R,1487308.0,1487324 18 912.7 542.0 879.0 542.4 0.91 71
SFIX R,1487326.0,
EFIX R,1487326.0,1487680 356 880.1 549.7 603
SSACC R,1487682.0,
ESACC R,1487682.0,1487696 16 884.8 556.1 913.0 543.5 0.84 72
SFIX R,1487698.0,
EFIX R,1487698.0,1488626 930 899.7 555.3 621
SSACC R,1488628.0,
SBLINK R,1488690.0,
EBLINK R,1488690.0,1488912 224
ESACC R,1488628.0,1488964 338 891.6 570.9 912.2 524.5 1.38 1718
SFIX R,1488966.0,
EFIX R,1488966.0,1489628 664 893.9 541.6 609
SSACC R,1489630.0,
ESACC R,1489630.0,1489644 16 887.5 559.4 914.8 545.2 0.83 67
SFIX R,1489646.0,
EFIX R,1489646.0,1489832 188 909.6 545.0 554
SSACC R,1489834.0,
ESACC R,1489834.0,1489838 6 900.9 546.1 892.3 536.4 0.35 68
SFIX R,1489840.0,
EFIX R,1489840.0,1490374 536 888.0 543.4 567
SSACC R,1490376.0,
ESACC R,1490376.0,1490392 18 888.0 553.3 917.2 542.3 0.85 65
SFIX R,1490394.0,
EFIX R,1490394.0,1490498 106 917.0 540.5 612
SSACC R,1490500.0,
ESACC R,1490500.0,1490518 20 912.2 546.2 877.0 553.2 0.97 66
SFIX R,1490520.0,
EFIX R,1490520.0,1491180 662 889.9 552.9 614
SSACC R,1491182.0,
ESACC R,1491182.0,1491198 18 899.6 568.6 890.1 540.7 0.80 98
SFIX R,1491200.0,
EFIX R,1491200.0,1492360 1162 898.4 561.8 738
SSACC R,1492362.0,
ESACC R,1492362.0,1492368 8 907.0 559.6 899.8 549.7 0.33 50
SFIX R,1492370.0,
EFIX R,1492370.0,1494034 1666 906.5 552.6 838
SSACC R,1494036.0,
SBLINK R,1494066.0,
EBLINK R,1494066.0,1494224 160
ESACC R,1494036.0,1494276 242 913.1 557.3 896.7 537.5 0.70 2554
SFIX R,1494278.0,
EFIX R,1494278.0,1494430 154 899.5 562.7 762
SSACC R,1494432.0,
ESACC R,1494432.0,1494446 16 903.8 567.4 933.7 554.9 0.88 85
SFIX R,1494448.0,
EFIX R,1494448.0,1494952 506 922.9 569.8 716
SSACC R,1494954.0,
ESACC R,1494954.0,1494964 12 914.7 576.3 908.1 552.0 0.68 61
SFIX R,1494966.0,
EFIX R,1494966.0,1495670 706 908.8 565.0 699
SSACC R,1495672.0,
ESACC R,1495672.0,1495678 8 921.4 574.3 925.6 559.2 0.42 63
SFIX R,1495680.0,
EFIX R,1495680.0,1495904 226 932.0 568.4 767
SSACC R,1495906.0,
ESACC R,1495906.0,1495914 10 928.5 569.8 908.6 564.5 0.56 71
SFIX R,1495916.0,
EFIX R,1495916.0,1496044 130 903.9 559.5 741
SSACC R,1496046.0,
ESACC R,1496046.0,1496062 18 904.1 561.6 932.6 566.9 0.79 62
SFIX R,1496064.0,
EFIX R,1496064.0,1496374 312 919.3 576.7 760
SSACC R,1496376.0,
ESACC R,1496376.0,1496388 14 914.9 584.3 908.8 564.3 0.57 67
SFIX R,1496390.0,
EFIX R,1496390.0,1496638 250 905.1 567.5 790
SSACC R,1496640.0,
ESACC R,1496640.0,1496650 12 910.0 574.0 928.8 567.5 0.54 72
SFIX R,1496652.0,
EFIX R,1496652.0,1497462 812 921.2 578.1 763
SSACC R,1497464.0,
ESACC R,1497464.0,1497474 12 925.6 588.5 920.6 558.5 0.82 87
SFIX R,1497476.0,
EFIX R,1497476.0,1498738 1264 916.9 571.1 731
SSACC R,1498740.0,
ESACC R,1498740.0,1498746 8 910.7 577.5 911.1 561.6 0.43 64
SFIX R,1498748.0,
EFIX R,1498748.0,1499454 708 920.8 556.2 732
SSACC R,1499456.0,
ESACC R,1499456.0,1499468 14 921.9 564.9 918.7 534.8 0.82 79
SFIX R,1499470.0,
EFIX R,1499470.0,1499492 24 917.5 517.1 716
SSACC R,1499494.0,
SBLINK R,1499518.0,
EBLINK R,1499518.0,1499722 206
ESACC R,1499494.0,1499762 270 921.1 505.6 935.3 523.8 0.63 288
SFIX R,1499764.0,
EFIX R,1499764.0,1500054 292 914.4 544.8 669
SSACC R,1500056.0,
ESACC R,1500056.0,1500068 14 913.5 553.2 936.3 552.4 0.62 74
SFIX R,1500070.0,
EFIX R,1500070.0,1500212 144 943.5 551.7 683
SSACC R,1500214.0,
ESACC R,1500214.0,1500222 10 938.8 550.7 920.8 547.2 0.50 68
SFIX R,1500224.0,
EFIX R,1500224.0,1500488 266 915.7 561.7 649
SSACC R,1500490.0,
ESACC R,1500490.0,1500496 8 915.3 559.4 921.5 545.6 0.41 62
SFIX R,1500498.0,
EFIX R,1500498.0,1500746 250 925.2 554.6 640
SSACC R,1500748.0,
ESACC R,1500748.0,1500758 12 922.3 559.0 903.5 538.0 0.76 84
SFIX R,1500760.0,
EFIX R,1500760.0,1501000 242 902.4 540.4 636
SSACC R,1501002.0,
ESACC R,1501002.0,1501012 12 917.2 537.9 936.4 531.9 0.55 63
SFIX R,1501014.0,
EFIX R,1501014.0,1501124 112 935.1 532.1 630
SSACC R,1501126.0,
ESACC R,1501126.0,1501138 14 931.5 537.2 902.7 545.8 0.81 79
SFIX R,1501140.0,
EFIX R,1501140.0,1501336 198 901.1 552.1 652
SSACC R,1501338.0,
ESACC R,1501338.0,1501348 12 906.7 558.3 924.6 569.3 0.57 68
SFIX R,1501350.0,
EFIX R,1501350.0,1501742 394 917.5 564.8 685
SSACC R,1501744.0,
ESACC R,1501744.0,1501750 8 905.7 562.1 920.4 563.9 0.40 50
SFIX R,1501752.0,
EFIX R,1501752.0,1502304 554 913.0 554.7 644
SSACC R,1502306.0,
ESACC R,1502306.0,1502318 14 906.1 557.8 930.1 545.8 0.73 78
SFIX R,1502320.0,
EFIX R,1502320.0,1502466 148 932.9 542.4 650
SSACC R,1502468.0,
ESACC R,1502468.0,1502478 12 924.5 545.2 906.2 548.0 0.50 60
SFIX R,1502480.0,
EFIX R,1502480.0,1502758 280 906.9 549.4 664
SSACC R,1502760.0,
ESACC R,1502760.0,1502770 12 913.8 552.1 933.7 544.2 0.58 58
SFIX R,1502772.0,
EFIX R,1502772.0,1502826 56 943.1 546.8 654
SSACC R,1502828.0,
SBLINK R,1502900.0,
EBLINK R,1502900.0,1503094 196
ESACC R,1502828.0,1503162 336 942.4 546.3 908.1 501.0 1.54 220
SFIX R,1503164.0,
EFIX R,1503164.0,1503622 460 919.1 525.1 610
SSACC R,1503624.0,
SBLINK R,1503692.0,
EBLINK R,1503692.0,1503910 220
ESACC R,1503624.0,1503952 330 926.2 504.2 911.9 452.6 1.45 291
SFIX R,1503954.0,
EFIX R,1503954.0,1504184 232 901.9 500.2 543
SSACC R,1504186.0,
ESACC R,1504186.0,1504192 8 898.4 518.6 909.3 531.4 0.46 72
SFIX R,1504194.0,
EFIX R,1504194.0,1504344 152 910.2 548.3 582
SSACC R,1504346.0,
ESACC R,1504346.0,1504360 16 903.0 567.1 892.2 535.1 0.92 76
SFIX R,1504362.0,
EFIX R,1504362.0,1504520 160 883.3 553.9 548
SSACC R,1504522.0,
ESACC R,1504522.0,1504534 14 878.7 569.3 893.5 545.3 0.76 80
SFIX R,1504536.0,
EFIX R,1504536.0,1504726 192 890.8 553.8 515
SSACC R,1504728.0,
ESACC R,1504728.0,1504740 14 888.1 562.0 884.9 538.3 0.65 80
SFIX R,1504742.0,
EFIX R,1504742.0,1506408 1668 888.2 554.6 641
SSACC R,1506410.0,
ESACC R,1506410.0,1506420 12 888.0 552.5 907.3 550.8 0.53 57
SFIX R,1506422.0,
EFIX R,1506422.0,1506982 562 912.4 560.9 761
SSACC R,1506984.0,
ESACC R,1506984.0,1506992 10 910.5 568.5 922.2 556.8 0.45 67
SFIX R,1506994.0,
EFIX R,1506994.0,1508024 1032 926.7 565.0 729
SSACC R,1508026.0,
ESACC R,1508026.0,1508040 16 920.4 568.1 910.0 540.7 0.79 70
SFIX R,1508042.0,
EFIX R,1508042.0,1508200 160 908.8 550.6 693
SSACC R,1508202.0,
SBLINK R,1508242.0,
EBLINK R,1508242.0,1508440 200
ESACC R,1508202.0,1508526 326 899.8 568.8 942.1 524.7 1.66 1739
SFIX R,1508528.0,
EFIX R,1508528.0,1508950 424 932.7 552.1 672
SSACC R,1508952.0,
ESACC R,1508952.0,1508962 12 923.0 565.6 901.5 556.7 0.63 74
SFIX R,1508964.0,
EFIX R,1508964.0,1509286 324 903.6 565.7 628
SSACC R,1509288.0,
ESACC R,1509288.0,1509300 14 897.6 560.0 880.1 541.9 0.68 69
SFIX R,1509302.0,
EFIX R,1509302.0,1509448 148 877.3 544.8 586
SSACC R,1509450.0,
ESACC R,1509450.0,1509460 12 875.2 544.5 892.6 550.9 0.50 57
SFIX R,1509462.0,
EFIX R,1509462.0,1509604 144 900.9 546.9 574
SSACC R,1509606.0,
ESACC R,1509606.0,1509624 20 900.5 545.9 878.8 537.4 0.63 50
SFIX R,1509626.0,
EFIX R,1509626.0,1510070 446 901.1 534.3 588
SSACC R,1510072.0,
ESACC R,1510072.0,1510078 8 904.7 530.2 909.8 540.6 0.31 54
SFIX R,1510080.0,
EFIX R,1510080.0,1510804 726 907.6 552.3 585
SSACC R,1510806.0,
ESACC R,1510806.0,1510824 20 901.1 565.0 887.0 540.1 0.78 93
SFIX R,1510826.0,
EFIX R,1510826.0,1511150 326 882.3 560.9 632
SSACC R,1511152.0,
ESACC R,1511152.0,1511168 18 886.0 575.6 902.1 544.6 0.95 96
SFIX R,1511170.0,
EFIX R,1511170.0,1511470 302 895.6 564.4 668
SSACC R,1511472.0,
ESACC R,1511472.0,1511484 14 890.4 574.1 881.0 544.3 0.85 93
SFIX R,1511486.0,
EFIX R,1511486.0,1512286 802 905.8 566.2 761
SSACC R,1512288.0,
ESACC R,1512288.0,1512306 20 924.8 576.9 918.3 547.2 0.82 59
SFIX R,1512308.0,
EFIX R,1512308.0,1513014 708 914.2 569.9 836
SSACC R,1513016.0,
ESACC R,1513016.0,1513026 12 922.8 583.6 930.5 567.1 0.49 73
SFIX R,1513028.0,
EFIX R,1513028.0,1513518 492 937.2 568.9 892
SSACC R,1513520.0,
SBLINK R,1513564.0,
EBLINK R,1513564.0,1513700 138
ESACC R,1513520.0,1513740 222 940.2 567.5 936.7 546.2 0.58 376
SFIX R,1513742.0,
EFIX R,1513742.0,1513852 112 934.8 591.9 896
SSACC R,1513854.0,
ESACC R,1513854.0,1513870 18 938.3 598.1 967.0 563.5 1.22 93
SFIX R,1513872.0,
EFIX R,1513872.0,1514260 390 964.5 576.2 880
SSACC R,1514262.0,
ESACC R,1514262.0,1514278 18 962.8 581.1 955.6 548.8 0.90 74
SFIX R,1514280.0,
EFIX R,1514280.0,1514920 642 951.2 569.3 848
SSACC R,1514922.0,
ESACC R,1514922.0,1514930 10 948.6 573.2 943.2 559.4 0.40 61
SFIX R,1514932.0,
EFIX R,1514932.0,1515484 554 940.2 569.3 895
SSACC R,1515486.0,
ESACC R,1515486.0,1515496 12 933.1 572.0 949.7 554.2 0.66 69
SFIX R,1515498.0,
EFIX R,1515498.0,1515908 412 954.2 568.5 893
SSACC R,1515910.0,
ESACC R,1515910.0,1515918 10 947.2 574.1 939.0 554.2 0.58 68
SFIX R,1515920.0,
EFIX R,1515920.0,1517196 1278 944.9 579.3 837
SSACC R,1517198.0,
ESACC R,1517198.0,1517214 18 951.8 600.4 950.3 572.9 0.75 55
SFIX R,1517216.0,
EFIX R,1517216.0,1517398 184 947.3 578.4 783
SSACC R,1517400.0,
SBLINK R,1517450.0,
EBLINK R,1517450.0,1517616 168
ESACC R,1517400.0,1517656 258 930.4 589.5 936.1 496.8 2.52 2149
SFIX R,1517658.0,
EFIX R,1517658.0,1518244 588 931.6 578.7 734
SSACC R,1518246.0,
ESACC R,1518246.0,1518254 10 938.2 595.1 941.2 578.4 0.46 62
SFIX R,1518256.0,
EFIX R,1518256.0,1519100 846 938.2 584.5 737
SSACC R,1519102.0,
ESACC R,1519102.0,1519114 14 940.8 592.5 934.8 570.7 0.61 62
SFIX R,1519116.0,
EFIX R,1519116.0,1519968 854 930.1 581.8 746
SSACC R,1519970.0,
ESACC R,1519970.0,1519978 10 935.7 582.3 944.7 569.5 0.42 54
SFIX R,1519980.0,
EFIX R,1519980.0,1520166 188 949.2 566.2 733
SSACC R,1520168.0,
ESACC R,1520168.0,1520178 12 945.1 566.6 926.9 576.8 0.57 57
SFIX R,1520180.0,
EFIX R,1520180.0,1521086 908 936.1 585.0 760
SSACC R,1521088.0,
ESACC R,1521088.0,1521092 6 938.3 594.7 935.5 586.2 0.24 64
SFIX R,1521094.0,
EFIX R,1521094.0,1521750 658 931.5 597.8 821
SSACC R,1521752.0,
ESACC R,1521752.0,1521766 16 939.9 606.0 958.5 587.4 0.71 58
SFIX R,1521768.0,
EFIX R,1521768.0,1522082 316 958.3 592.4 836
SSACC R,1522084.0,
ESACC R,1522084.0,1522096 14 955.0 596.1 924.3 583.4 0.90 74
SFIX R,1522098.0,
EFIX R,1522098.0,1522154 58 920.5 583.5 828
SSACC R,1522156.0,
ESACC R,1522156.0,1522160 6 927.9 568.4 931.2 560.7 0.23 58
SFIX R,1522162.0,
EFIX R,1522162.0,1522694 534 938.0 576.7 780
SSACC R,1522696.0,
ESACC R,1522696.0,1522710 16 947.9 596.3 933.0 575.5 0.69 69
SFIX R,1522712.0,
EFIX R,1522712.0,1523460 750 945.8 588.5 848
SSACC R,1523462.0,
ESACC R,1523462.0,1523474 14 955.3 604.3 963.1 573.2 0.87 78
SFIX R,1523476.0,
EFIX R,1523476.0,1524132 658 968.6 592.3 887
SSACC R,1524134.0,
ESACC R,1524134.0,1524148 16 966.0 597.3 955.6 567.5 0.86 74
SFIX R,1524150.0,
EFIX R,1524150.0,1525242 1094 942.2 580.0 852
SSACC R,1525244.0,
SBLINK R,1525282.0,
EBLINK R,1525282.0,1525426 146
ESACC R,1525244.0,1525456 214 927.2 607.2 944.5 516.2 2.51 2364
SFIX R,1525458.0,
EFIX R,1525458.0,1525670 214 932.8 569.9 858
SSACC R,1525672.0,
ESACC R,1525672.0,1525680 10 933.2 581.1 948.9 574.8 0.46 66
SFIX R,1525682.0,
EFIX R,1525682.0,1526408 728 951.7 584.9 851
SSACC R,1526410.0,
ESACC R,1526410.0,1526418 10 945.0 592.8 944.8 569.1 0.64 80
SFIX R,1526420.0,
EFIX R,1526420.0,1527108 690 945.0 586.4 839
SSACC R,1527110.0,
ESACC R,1527110.0,1527114 6 945.3 599.8 943.1 586.3 0.37 62
SFIX R,1527116.0,
EFIX R,1527116.0,1527352 238 937.6 580.6 839
SSACC R,1527354.0,
ESACC R,1527354.0,1527364 12 937.1 583.6 960.5 583.2 0.63 70
SFIX R,1527366.0,
EFIX R,1527366.0,1527496 132 957.2 582.3 816
SSACC R,1527498.0,
ESACC R,1527498.0,1527504 8 953.8 582.7 937.7 575.7 0.48 62
SFIX R,1527506.0,
EFIX R,1527506.0,1528204 700 932.4 585.4 793
SSACC R,1528206.0,
ESACC R,1528206.0,1528210 6 936.0 587.5 943.2 583.7 0.22 58
SFIX R,1528212.0,
EFIX R,1528212.0,1528684 474 939.5 585.8 764
SSACC R,1528686.0,
ESACC R,1528686.0,1528694 10 933.4 598.8 921.6 587.0 0.45 64
SFIX R,1528696.0,
EFIX R,1528696.0,1528850 156 919.9 592.5 765
SSACC R,1528852.0,
ESACC R,1528852.0,1528860 10 926.5 602.0 943.6 595.5 0.50 59
SFIX R,1528862.0,
EFIX R,1528862.0,1529150 290 940.4 600.4 772
SSACC R,1529152.0,
ESACC R,1529152.0,1529158 8 940.6 595.4 937.8 586.3 0.26 51
SFIX R,1529160.0,
EFIX R,1529160.0,1530102 944 942.9 589.6 827
SSACC R,1530104.0,
ESACC R,1530104.0,1530110 8 951.7 594.0 953.9 581.4 0.35 60
SFIX R,1530112.0,
EFIX R,1530112.0,1530440 330 952.8 584.3 834
SSACC R,1530442.0,
ESACC R,1530442.0,1530454 14 950.1 587.9 925.3 565.1 0.91 91
SFIX R,1530456.0,
EFIX R,1530456.0,1530574 120 929.3 549.0 829
SSACC R,1530576.0,
SBLINK R,1530618.0,
EBLINK R,1530618.0,1530804 188
ESACC R,1530576.0,1530828 254 923.8 538.9 977.6 557.8 1.55 646
SFIX R,1530830.0,
EFIX R,1530830.0,1530990 162 972.9 577.6 773
SSACC R,1530992.0,
ESACC R,1530992.0,1531002 12 965.3 584.0 944.7 580.3 0.57 55
SFIX R,1531004.0,
EFIX R,1531004.0,1531248 246 938.3 594.0 795
SSACC R,1531250.0,
ESACC R,1531250.0,1531260 12 931.3 605.4 944.2 583.4 0.69 68
SFIX R,1531262.0,
EFIX R,1531262.0,1531760 500 937.3 597.4 776
SSACC R,1531762.0,
ESACC R,1531762.0,1531768 8 931.2 596.4 925.8 584.2 0.36 55
SFIX R,1531770.0,
EFIX R,1531770.0,1531982 214 922.6 583.3 784
SSACC R,1531984.0,
ESACC R,1531984.0,1531990 8 929.8 594.0 948.0 593.2 0.49 70
SFIX R,1531992.0,
EFIX R,1531992.0,1532472 482 942.1 593.6 816
SSACC R,1532474.0,
ESACC R,1532474.0,1532484 12 938.3 594.7 919.1 582.3 0.62 63
SFIX R,1532486.0,
EFIX R,1532486.0,1532600 116 912.9 580.0 840
SSACC R,1532602.0,
ESACC R,1532602.0,1532616 16 915.7 585.4 947.1 587.6 0.85 84
SFIX R,1532618.0,
EFIX R,1532618.0,1534614 1998 946.8 581.6 810
SSACC R,1534616.0,
ESACC R,1534616.0,1534622 8 947.5 579.0 950.5 563.8 0.42 60
SFIX R,1534624.0,
EFIX R,1534624.0,1534982 360 949.8 565.4 738
SSACC R,1534984.0,
ESACC R,1534984.0,1534998 16 943.7 563.7 922.6 547.6 0.72 61
SFIX R,1535000.0,
EFIX R,1535000.0,1535110 112 917.9 549.7 745
SSACC R,1535112.0,
ESACC R,1535112.0,1535124 14 930.6 547.1 958.1 562.7 0.86 88
SFIX R,1535126.0,
EFIX R,1535126.0,1535988 864 961.3 572.4 761
SSACC R,1535990.0,
ESACC R,1535990.0,1536004 16 958.2 581.4 936.2 559.6 0.84 66
SFIX R,1536006.0,
EFIX R,1536006.0,1536132 128 925.8 563.0 750
SSACC R,1536134.0,
ESACC R,1536134.0,1536150 18 924.7 563.7 970.8 580.8 1.33 120
SFIX R,1536152.0,
EFIX R,1536152.0,1536508 358 966.1 587.1 764
SSACC R,1536510.0,
ESACC R,1536510.0,1536524 16 967.6 599.0 967.0 570.1 0.78 75
SFIX R,1536526.0,
EFIX R,1536526.0,1537132 608 971.5 586.1 795
SSACC R,1537134.0,
SBLINK R,1537194.0,
EBLINK R,1537194.0,1537398 206
ESACC R,1537134.0,1537436 304 974.1 617.0 973.6 511.1 2.87 2036
SFIX R,1537438.0,
EFIX R,1537438.0,1537610 174 972.0 551.4 777
SSACC R,1537612.0,
ESACC R,1537612.0,1537626 16 969.9 557.3 939.4 570.3 0.90 87
SFIX R,1537628.0,
EFIX R,1537628.0,1537812 186 935.8 566.1 798
SSACC R,1537814.0,
ESACC R,1537814.0,1537826 14 936.8 567.1 965.5 559.0 0.81 83
SFIX R,1537828.0,
EFIX R,1537828.0,1538066 240 957.0 574.7 755
SSACC R,1538068.0,
ESACC R,1538068.0,1538078 12 949.4 580.4 939.5 564.5 0.51 59
SFIX R,1538080.0,
EFIX R,1538080.0,1538820 742 936.3 584.3 677
SSACC R,1538822.0,
ESACC R,1538822.0,1538832 12 937.4 600.1 931.8 578.0 0.62 59
SFIX R,1538834.0,
EFIX R,1538834.0,1539532 700 935.6 584.3 710
SSACC R,1539534.0,
ESACC R,1539534.0,1539538 6 940.2 583.4 934.9 573.3 0.31 58
SFIX R,1539540.0,
EFIX R,1539540.0,1539726 188 927.1 575.4 708
SSACC R,1539728.0,
ESACC R,1539728.0,1539736 10 926.2 579.2 940.4 579.1 0.38 47
SFIX R,1539738.0,
EFIX R,1539738.0,1539924 188 941.4 576.9 708
SSACC R,1539926.0,
ESACC R,1539926.0,1539934 10 934.2 572.5 915.7 572.5 0.50 59
SFIX R,1539936.0,
EFIX R,1539936.0,1540012 78 916.6 569.5 708
SSACC R,1540014.0,
ESACC R,1540014.0,1540036 24 916.7 570.5 965.7 575.3 1.33 99
SFIX R,1540038.0,
EFIX R,1540038.0,1540172 136 952.3 574.7 705
SSACC R,1540174.0,
ESACC R,1540174.0,1540186 14 951.4 575.8 923.3 574.1 0.76 77
SFIX R,1540188.0,
EFIX R,1540188.0,1540482 296 918.0 574.7 704
SSACC R,1540484.0,
ESACC R,1540484.0,1540494 12 921.4 574.6 934.6 562.8 0.48 51
SFIX R,1540496.0,
EFIX R,1540496.0,1540582 88 946.2 572.9 687
SSACC R,1540584.0,
SBLINK R,1540634.0,
EBLINK R,1540634.0,1540890 258
ESACC R,1540584.0,1540940 358 946.9 556.8 933.6 505.3 1.44 2004
SFIX R,1540942.0,
EFIX R,1540942.0,1541840 900 925.6 559.2 600
SSACC R,1541842.0,
ESACC R,1541842.0,1541846 6 916.2 577.1 914.7 570.0 0.20 54
SFIX R,1541848.0,
EFIX R,1541848.0,1542260 414 914.5 570.2 601
SSACC R,1542262.0,
ESACC R,1542262.0,1542266 6 925.2 581.8 925.7 568.4 0.36 55
SFIX R,1542268.0,
EFIX R,1542268.0,1544956 2690 923.7 581.6 743
SSACC R,1544958.0,
ESACC R,1544958.0,1544972 16 925.9 592.0 958.6 569.1 1.08 91
SFIX R,1544974.0,
EFIX R,1544974.0,1545096 124 958.9 567.6 707
SSACC R,1545098.0,
ESACC R,1545098.0,1545112 16 956.5 570.3 927.2 572.1 0.80 79
SFIX R,1545114.0,
EFIX R,1545114.0,1545794 682 918.2 577.2 649
SSACC R,1545796.0,
ESACC R,1545796.0,1545802 8 916.2 566.0 926.8 559.4 0.34 58
SFIX R,1545804.0,
EFIX R,1545804.0,1546068 266 924.1 561.8 636
SSACC R,1546070.0,
ESACC R,1546070.0,1546088 20 910.3 571.1 964.0 575.3 1.46 115
SFIX R,1546090.0,
EFIX R,1546090.0,1546218 130 962.0 578.1 655
SSACC R,1546220.0,
ESACC R,1546220.0,1546236 18 960.1 582.8 917.8 577.0 1.16 95
SFIX R,1546238.0,
EFIX R,1546238.0,1546474 238 911.8 579.2 657
SSACC R,1546476.0,
ESACC R,1546476.0,1546484 10 920.2 586.0 928.0 576.4 0.34 46
SFIX R,1546486.0,
EFIX R,1546486.0,1546576 92 934.5 571.7 643
SSACC R,1546578.0,
ESACC R,1546578.0,1546592 16 925.6 577.5 898.9 568.5 0.76 77
SFIX R,1546594.0,
EFIX R,1546594.0,1546678 86 898.1 575.3 643
SSACC R,1546680.0,
ESACC R,1546680.0,1546696 18 902.7 574.8 924.1 577.6 0.58 57
SFIX R,1546698.0,
EFIX R,1546698.0,1546772 76 923.5 575.2 634
SSACC R,1546774.0,
ESACC R,1546774.0,1546778 6 919.6 575.8 914.4 569.4 0.22 44
SFIX R,1546780.0,
EFIX R,1546780.0,1546930 152 901.5 563.1 610
SSACC R,1546932.0,
SBLINK R,1546996.0,
EBLINK R,1546996.0,1547270 276
ESACC R,1546932.0,1547302 372 900.7 552.7 942.9 501.1 1.81 220
SFIX R,1547304.0,
EFIX R,1547304.0,1548036 734 916.5 551.6 548
SSACC R,1548038.0,
ESACC R,1548038.0,1548052 16 901.2 582.5 894.7 557.4 0.70 88
SFIX R,1548054.0,
EFIX R,1548054.0,1548798 746 904.8 568.8 558
SSACC R,1548800.0,
ESACC R,1548800.0,1548808 10 916.1 577.8 911.0 562.7 0.43 51
SFIX R,1548810.0,
EFIX R,1548810.0,1549408 600 904.7 574.5 620
SSACC R,1549410.0,
SBLINK R,1549430.0,
EBLINK R,1549430.0,1549696 268
ESACC R,1549410.0,1549734 326 894.2 581.8 909.8 486.2 2.63 304
SFIX R,1549736.0,
EFIX R,1549736.0,1549770 36 908.3 507.4 594
SSACC R,1549772.0,
ESACC R,1549772.0,1549776 6 907.4 526.2 912.1 538.1 0.35 66
SFIX R,1549778.0,
EFIX R,1549778.0,1551788 2012 891.6 559.3 555
SSACC R,1551790.0,
ESACC R,1551790.0,1551800 12 885.1 561.2 872.0 545.3 0.56 52
SFIX R,1551802.0,
EFIX R,1551802.0,1553580 1780 897.6 555.7 617
SSACC R,1553582.0,
ESACC R,1553582.0,1553590 10 900.8 587.2 910.6 568.0 0.58 67
SFIX R,1553592.0,
EFIX R,1553592.0,1553862 272 903.4 578.8 655
SSACC R,1553864.0,
ESACC R,1553864.0,1553876 14 907.4 584.1 904.3 561.2 0.63 58
SFIX R,1553878.0,
EFIX R,1553878.0,1555274 1398 921.4 572.4 730
SSACC R,1555276.0,
ESACC R,1555276.0,1555292 18 931.3 573.7 931.7 537.7 0.98 98
SFIX R,1555294.0,
EFIX R,1555294.0,1555860 568 939.6 566.0 815
SSACC R,1555862.0,
ESACC R,1555862.0,1555874 14 945.9 580.0 933.4 558.0 0.69 62
SFIX R,1555876.0,
EFIX R,1555876.0,1556784 910 936.5 569.6 861
SSACC R,1556786.0,
ESACC R,1556786.0,1556794 10 938.3 569.9 930.8 559.5 0.35 52
SFIX R,1556796.0,
EFIX R,1556796.0,1557494 700 930.8 564.5 813
SSACC R,1557496.0,
ESACC R,1557496.0,1557508 14 933.9 573.8 952.0 546.8 0.88 86
SFIX R,1557510.0,
EFIX R,1557510.0,1557714 206 954.2 564.8 774
SSACC R,1557716.0,
SBLINK R,1557796.0,
EBLINK R,1557796.0,1557972 178
ESACC R,1557716.0,1558036 322 958.8 585.9 929.8 567.1 0.94 1998
SFIX R,1558038.0,
EFIX R,1558038.0,1558136 100 922.1 589.1 737
SSACC R,1558138.0,
ESACC R,1558138.0,1558146 10 919.3 588.1 941.3 585.4 0.60 73
SFIX R,1558148.0,
EFIX R,1558148.0,1558404 258 942.2 580.6 731
SSACC R,1558406.0,
ESACC R,1558406.0,1558420 16 933.5 585.0 920.1 554.9 0.89 84
SFIX R,1558422.0,
EFIX R,1558422.0,1558666 246 906.4 550.0 653
SSACC R,1558668.0,
ESACC R,1558668.0,1558676 10 904.8 551.9 923.3 542.0 0.57 69
SFIX R,1558678.0,
EFIX R,1558678.0,1559172 496 917.8 549.7 658
SSACC R,1559174.0,
ESACC R,1559174.0,1559190 18 911.9 557.1 940.4 543.5 0.86 71
SFIX R,1559192.0,
EFIX R,1559192.0,1559276 86 932.5 550.2 712
SSACC R,1559278.0,
ESACC R,1559278.0,1559288 12 926.4 552.8 902.3 549.0 0.66 71
SFIX R,1559290.0,
EFIX R,1559290.0,1559408 120 897.2 553.6 707
SSACC R,1559410.0,
ESACC R,1559410.0,1559418 10 909.4 559.1 927.8 564.7 0.52 68
SFIX R,1559420.0,
EFIX R,1559420.0,1559872 454 924.5 570.2 703
SSACC R,1559874.0,
ESACC R,1559874.0,1559884 12 923.1 584.0 912.1 562.4 0.66 69
SFIX R,1559886.0,
EFIX R,1559886.0,1560794 910 913.7 570.9 732
SSACC R,1560796.0,
ESACC R,1560796.0,1560812 18 920.4 575.2 928.1 551.0 0.69 65
SFIX R,1560814.0,
EFIX R,1560814.0,1561194 382 930.2 567.1 772
SSACC R,1561196.0,
ESACC R,1561196.0,1561206 12 929.4 572.9 920.1 550.0 0.67 64
SFIX R,1561208.0,
EFIX R,1561208.0,1561492 286 927.1 559.8 794
SSACC R,1561494.0,
ESACC R,1561494.0,1561506 14 934.9 561.6 963.2 563.3 0.77 70
SFIX R,1561508.0,
EFIX R,1561508.0,1561640 134 967.0 563.6 805
SSACC R,1561642.0,
ESACC R,1561642.0,1561658 18 962.4 566.4 932.3 563.2 0.82 75
SFIX R,1561660.0,
EFIX R,1561660.0,1562276 618 932.0 572.6 810
SSACC R,1562278.0,
ESACC R,1562278.0,1562286 10 934.0 576.2 940.1 563.4 0.38 50
SFIX R,1562288.0,
EFIX R,1562288.0,1563832 1546 930.1 585.2 828
SSACC R,1563834.0,
ESACC R,1563834.0,1563840 8 931.3 584.6 933.1 572.1 0.34 49
SFIX R,1563842.0,
EFIX R,1563842.0,1564832 992 928.6 586.1 838
SSACC R,1564834.0,
ESACC R,1564834.0,1564852 20 931.0 594.3 943.1 558.8 1.02 79
SFIX R,1564854.0,
EFIX R,1564854.0,1565662 810 944.6 569.5 885
SSACC R,1565664.0,
ESACC R,1565664.0,1565672 10 942.2 581.7 942.7 560.7 0.57 65
SFIX R,1565674.0,
EFIX R,1565674.0,1567354 1682 930.7 582.0 791
SSACC R,1567356.0,
ESACC R,1567356.0,1567372 18 924.6 603.1 942.1 575.5 0.89 62
SFIX R,1567374.0,
EFIX R,1567374.0,1568116 744 936.9 581.0 712
SSACC R,1568118.0,
ESACC R,1568118.0,1568128 12 928.2 589.1 908.1 569.1 0.77 84
SFIX R,1568130.0,
EFIX R,1568130.0,1568238 110 905.7 575.9 762
SSACC R,1568240.0,
ESACC R,1568240.0,1568256 18 906.2 579.2 944.0 591.0 1.07 74
SFIX R,1568258.0,
EFIX R,1568258.0,1570142 1886 917.6 587.7 679
SSACC R,1570144.0,
ESACC R,1570144.0,1570148 6 914.8 584.8 906.4 580.1 0.26 60
SFIX R,1570150.0,
EFIX R,1570150.0,1570884 736 903.9 572.0 598
SSACC R,1570886.0,
SBLINK R,1570930.0,
EBLINK R,1570930.0,1571108 180
ESACC R,1570886.0,1571136 252 908.1 576.8 919.7 495.4 2.23 407
SFIX R,1571138.0,
EFIX R,1571138.0,1572406 1270 902.5 548.0 571
SSACC R,1572408.0,
ESACC R,1572408.0,1572420 14 904.3 582.4 885.6 558.2 0.83 80
SFIX R,1572422.0,
EFIX R,1572422.0,1572530 110 874.7 563.5 615
SSACC R,1572532.0,
ESACC R,1572532.0,1572546 16 877.8 565.6 918.5 573.9 1.13 98
SFIX R,1572548.0,
EFIX R,1572548.0,1572754 208 917.3 576.7 605
SSACC R,1572756.0,
ESACC R,1572756.0,1572762 8 920.0 575.4 909.4 567.3 0.36 51
SFIX R,1572764.0,
EFIX R,1572764.0,1573584 822 918.7 569.2 648
SSACC R,1573586.0,
ESACC R,1573586.0,1573598 14 922.3 573.1 907.0 552.8 0.69 60
SFIX R,1573600.0,
EFIX R,1573600.0,1574274 676 928.7 558.5 740
SSACC R,1574276.0,
ESACC R,1574276.0,1574284 10 932.9 566.5 920.8 563.3 0.34 50
SFIX R,1574286.0,
EFIX R,1574286.0,1575298 1014 921.2 577.2 770
SSACC R,1575300.0,
ESACC R,1575300.0,1575306 8 910.5 581.9 914.0 565.8 0.45 54
SFIX R,1575308.0,
EFIX R,1575308.0,1575546 240 916.0 560.0 699
SSACC R,1575548.0,
ESACC R,1575548.0,1575552 6 910.8 558.0 900.8 551.9 0.32 53
SFIX R,1575554.0,
EFIX R,1575554.0,1575720 168 896.5 558.5 672
SSACC R,1575722.0,
ESACC R,1575722.0,1575732 12 903.9 560.6 923.6 559.0 0.54 60
SFIX R,1575734.0,
EFIX R,1575734.0,1576072 340 916.9 563.8 658
SSACC R,1576074.0,
ESACC R,1576074.0,1576084 12 908.6 558.6 892.7 551.4 0.47 60
SFIX R,1576086.0,
EFIX R,1576086.0,1576670 586 902.0 557.0 633
SSACC R,1576672.0,
ESACC R,1576672.0,1576680 10 893.1 560.6 894.9 541.7 0.51 67
SFIX R,1576682.0,
EFIX R,1576682.0,1578110 1430 895.1 563.2 624
SSACC R,1578112.0,
ESACC R,1578112.0,1578120 10 893.1 583.0 889.0 559.3 0.65 74
SFIX R,1578122.0,
EFIX R,1578122.0,1578282 162 892.2 559.6 663
SSACC R,1578284.0,
ESACC R,1578284.0,1578288 6 896.7 564.5 906.7 566.9 0.28 52
SFIX R,1578290.0,
EFIX R,1578290.0,1578528 240 919.0 572.8 669
SSACC R,1578530.0,
ESACC R,1578530.0,1578544 16 922.0 578.3 897.0 575.5 0.68 48
SFIX R,1578546.0,
EFIX R,1578546.0,1578652 108 894.5 571.2 673
SSACC R,1578654.0,
ESACC R,1578654.0,1578672 20 894.2 571.2 933.5 569.0 1.07 87
SFIX R,1578674.0,
EFIX R,1578674.0,1578888 216 929.9 575.1 677
SSACC R,1578890.0,
ESACC R,1578890.0,1578900 12 927.5 577.7 909.2 574.8 0.50 54
SFIX R,1578902.0,
EFIX R,1578902.0,1579392 492 903.7 582.4 669
SSACC R,1579394.0,
ESACC R,1579394.0,1579416 24 905.9 588.6 929.4 565.2 0.90 53
SFIX R,1579418.0,
EFIX R,1579418.0,1579662 246 919.0 574.5 635
SSACC R,1579664.0,
ESACC R,1579664.0,1579672 10 914.7 575.0 896.3 565.0 0.57 68
SFIX R,1579674.0,
EFIX R,1579674.0,1579850 178 883.9 563.4 615
SSACC R,1579852.0,
ESACC R,1579852.0,1579868 18 879.1 566.7 912.2 563.4 0.90 83
SFIX R,1579870.0,
EFIX R,1579870.0,1580858 990 915.8 580.9 669
SSACC R,1580860.0,
ESACC R,1580860.0,1580870 12 916.8 605.6 912.1 577.9 0.76 73
SFIX R,1580872.0,
EFIX R,1580872.0,1581682 812 907.3 579.2 644
SSACC R,1581684.0,
SBLINK R,1581734.0,
EBLINK R,1581734.0,1581942 210
ESACC R,1581684.0,1581990 308 902.7 597.7 915.3 477.6 3.27 357
SFIX R,1581992.0,
EFIX R,1581992.0,1582552 562 903.0 536.0 561
SSACC R,1582554.0,
ESACC R,1582554.0,1582558 6 905.5 540.0 915.6 530.7 0.37 60
SFIX R,1582560.0,
EFIX R,1582560.0,1582932 374 904.4 531.0 490
SSACC R,1582934.0,
ESACC R,1582934.0,1582944 12 897.4 541.7 878.0 531.6 0.59 64
SFIX R,1582946.0,
EFIX R,1582946.0,1583274 330 890.4 547.4 471
SSACC R,1583276.0,
SBLINK R,1583298.0,
EBLINK R,1583298.0,1583546 250
ESACC R,1583276.0,1583616 342 908.6 523.8 926.3 449.1 2.08 185
SFIX R,1583618.0,
EFIX R,1583618.0,1584170 554 919.1 505.9 483
SSACC R,1584172.0,
ESACC R,1584172.0,1584184 14 895.8 535.5 875.0 530.5 0.58 60
SFIX R,1584186.0,
EFIX R,1584186.0,1585708 1524 889.8 533.6 490
SSACC R,1585710.0,
ESACC R,1585710.0,1585718 10 884.9 537.4 877.2 520.0 0.52 58
SFIX R,1585720.0,
EFIX R,1585720.0,1586168 450 883.9 544.8 595
SSACC R,1586170.0,
ESACC R,1586170.0,1586186 18 891.0 569.7 883.1 540.6 0.82 82
SFIX R,1586188.0,
EFIX R,1586188.0,1586846 660 879.8 553.2 583
SSACC R,1586848.0,
ESACC R,1586848.0,1586864 18 878.4 566.2 906.8 545.5 0.95 89
SFIX R,1586866.0,
EFIX R,1586866.0,1587048 184 902.6 549.4 563
SSACC R,1587050.0,
ESACC R,1587050.0,1587062 14 901.0 559.3 882.8 547.2 0.59 59
SFIX R,1587064.0,
EFIX R,1587064.0,1587194 132 884.0 553.6 534
SSACC R,1587196.0,
ESACC R,1587196.0,1587206 12 885.5 549.5 909.4 551.6 0.65 71
SFIX R,1587208.0,
EFIX R,1587208.0,1587302 96 914.1 559.5 519
SSACC R,1587304.0,
SBLINK R,1587364.0,
EBLINK R,1587364.0,1588084 722
ESACC R,1587304.0,1588134 832 925.9 550.4 904.2 476.2 2.10 360
SFIX R,1588136.0,
EFIX R,1588136.0,1589012 878 899.6 530.6 518
SSACC R,1589014.0,
ESACC R,1589014.0,1589026 14 881.9 573.8 881.7 555.0 0.51 79
SFIX R,1589028.0,
EFIX R,1589028.0,1589318 292 885.2 560.0 512
SSACC R,1589320.0,
ESACC R,1589320.0,1589338 20 887.6 576.1 862.1 533.6 1.34 99
SFIX R,1589340.0,
EFIX R,1589340.0,1589650 312 875.2 551.8 603
SSACC R,1589652.0,
ESACC R,1589652.0,1589662 12 879.2 552.3 897.2 557.3 0.51 65
SFIX R,1589664.0,
EFIX R,1589664.0,1590094 432 889.9 557.5 685
SSACC R,1590096.0,
SBLINK R,1590124.0,
EBLINK R,1590124.0,1590306 184
ESACC R,1590096.0,1590328 234 902.9 565.1 931.2 558.3 0.79 2196
SFIX R,1590330.0,
EFIX R,1590330.0,1590464 136 929.8 586.0 750
SSACC R,1590466.0,
ESACC R,1590466.0,1590486 22 923.7 609.4 898.7 556.6 1.58 119
SFIX R,1590488.0,
EFIX R,1590488.0,1590916 430 908.9 565.9 755
SSACC R,1590918.0,
ESACC R,1590918.0,1590938 22 904.9 576.2 919.6 536.3 1.15 88
SFIX R,1590940.0,
EFIX R,1590940.0,1592154 1216 894.9 549.1 618
SSACC R,1592156.0,
ESACC R,1592156.0,1592174 20 884.5 568.7 902.8 529.9 1.16 78
SFIX R,1592176.0,
EFIX R,1592176.0,1592810 636 897.8 563.4 615
SSACC R,1592812.0,
ESACC R,1592812.0,1592818 8 899.0 580.6 897.7 565.7 0.41 65
SFIX R,1592820.0,
EFIX R,1592820.0,1593140 322 893.0 572.5 631
SSACC R,1593142.0,
ESACC R,1593142.0,1593152 12 901.7 573.1 917.5 554.6 0.66 71
SFIX R,1593154.0,
EFIX R,1593154.0,1593256 104 923.2 554.1 606
SSACC R,1593258.0,
ESACC R,1593258.0,1593262 6 919.3 551.3 924.8 555.7 0.19 47
SFIX R,1593264.0,
EFIX R,1593264.0,1593912 650 892.4 552.3 574
SSACC R,1593914.0,
ESACC R,1593914.0,1593924 12 886.0 543.9 868.8 538.2 0.49 50
SFIX R,1593926.0,
EFIX R,1593926.0,1594060 136 859.7 531.0 525
SSACC R,1594062.0,
ESACC R,1594062.0,1594074 14 860.2 535.6 881.4 539.7 0.59 49
SFIX R,1594076.0,
EFIX R,1594076.0,1594202 128 888.3 545.1 515
SSACC R,1594204.0,
ESACC R,1594204.0,1594212 10 887.0 537.7 893.9 552.4 0.44 53
SFIX R,1594214.0,
EFIX R,1594214.0,1594954 742 893.3 557.5 566
SSACC R,1594956.0,
ESACC R,1594956.0,1594966 12 897.3 567.8 888.9 546.6 0.62 83
SFIX R,1594968.0,
EFIX R,1594968.0,1595808 842 906.6 557.7 683
SSACC R,1595810.0,
ESACC R,1595810.0,1595814 6 921.5 561.3 929.8 555.8 0.27 59
SFIX R,1595816.0,
EFIX R,1595816.0,1597104 1290 913.8 552.0 715
SSACC R,1597106.0,
SBLINK R,1597138.0,
EBLINK R,1597138.0,1597302 166
ESACC R,1597106.0,1597348 244 886.9 518.1 907.3 521.8 0.56 1798
SFIX R,1597350.0,
EFIX R,1597350.0,1598022 674 891.3 562.4 566
SSACC R,1598024.0,
ESACC R,1598024.0,1598088 66 877.8 570.2 904.3 545.2 0.99 67
SFIX R,1598090.0,
EFIX R,1598090.0,1598284 196 905.2 543.4 482
SSACC R,1598286.0,
ESACC R,1598286.0,1598298 14 897.5 551.4 871.5 540.0 0.77 88
SFIX R,1598300.0,
EFIX R,1598300.0,1598578 280 872.4 559.0 518
SSACC R,1598580.0,
ESACC R,1598580.0,1598588 10 879.1 566.0 892.5 547.9 0.61 75
SFIX R,1598590.0,
EFIX R,1598590.0,1599302 714 886.7 564.4 560
SSACC R,1599304.0,
ESACC R,1599304.0,1599320 18 889.2 574.8 858.2 562.3 0.91 76
SFIX R,1599322.0,
EFIX R,1599322.0,1600338 1018 894.0 558.9 557
SSACC R,1600340.0,
ESACC R,1600340.0,1600356 18 910.5 523.0 880.5 539.3 0.93 78
SFIX R,1600358.0,
EFIX R,1600358.0,1600546 190 872.0 540.3 563
SSACC R,1600548.0,
ESACC R,1600548.0,1600562 16 874.6 551.1 904.3 563.5 0.87 69
SFIX R,1600564.0,
EFIX R,1600564.0,1600698 136 901.6 570.2 590
SSACC R,1600700.0,
ESACC R,1600700.0,1600710 12 901.3 569.9 877.6 562.7 0.67 68
SFIX R,1600712.0,
EFIX R,1600712.0,1601046 336 896.4 571.1 614
SSACC R,1601048.0,
ESACC R,1601048.0,1601062 16 908.9 579.5 879.6 557.5 0.99 79
SFIX R,1601064.0,
EFIX R,1601064.0,1601362 300 875.2 570.4 619
SSACC R,1601364.0,
ESACC R,1601364.0,1601376 14 884.4 568.9 905.1 555.5 0.67 71
SFIX R,1601378.0,
EFIX R,1601378.0,1601676 300 905.3 571.5 658
SSACC R,1601678.0,
ESACC R,1601678.0,1601696 20 902.0 567.9 865.6 543.1 1.19 98
SFIX R,1601698.0,
EFIX R,1601698.0,1602550 854 874.1 556.7 627
SSACC R,1602552.0,
ESACC R,1602552.0,1602578 28 877.2 553.6 872.7 542.0 0.34 70
SFIX R,1602580.0,
EFIX R,1602580.0,1603516 938 871.0 549.7 574
SSACC R,1603518.0,
ESACC R,1603518.0,1603530 14 887.0 558.4 881.5 546.8 0.35 51
SFIX R,1603532.0,
EFIX R,1603532.0,1603720 190 883.1 555.5 562
SSACC R,1603722.0,
ESACC R,1603722.0,1603730 10 878.3 559.0 860.1 540.4 0.71 88
SFIX R,1603732.0,
EFIX R,1603732.0,1604250 520 877.6 544.9 559
SSACC R,1604252.0,
ESACC R,1604252.0,1604262 12 882.6 553.4 865.6 539.5 0.60 57
SFIX R,1604264.0,
EFIX R,1604264.0,1604390 128 866.4 542.4 545
SSACC R,1604392.0,
SBLINK R,1604420.0,
EBLINK R,1604420.0,1604652 234
ESACC R,1604392.0,1604696 306 885.6 506.9 902.8 479.1 0.89 2167
SFIX R,1604698.0,
EFIX R,1604698.0,1605296 600 889.0 534.5 515
SSACC R,1605298.0,
ESACC R,1605298.0,1605318 22 876.3 559.1 886.0 542.0 0.53 71
SFIX R,1605320.0,
EFIX R,1605320.0,1605510 192 890.5 556.4 517
SSACC R,1605512.0,
ESACC R,1605512.0,1605544 34 894.5 565.7 881.5 540.3 0.77 107
SFIX R,1605546.0,
EFIX R,1605546.0,1606508 964 878.6 557.6 597
SSACC R,1606510.0,
ESACC R,1606510.0,1606514 6 874.6 576.3 877.6 565.9 0.29 58
SFIX R,1606516.0,
EFIX R,1606516.0,1607528 1014 884.3 574.1 673
SSACC R,1607530.0,
ESACC R,1607530.0,1607536 8 905.4 577.3 893.4 574.4 0.33 57
SFIX R,1607538.0,
EFIX R,1607538.0,1608588 1052 887.3 564.7 647
SSACC R,1608590.0,
ESACC R,1608590.0,1608594 6 892.9 574.1 892.3 558.9 0.41 60
SFIX R,1608596.0,
EFIX R,1608596.0,1609594 1000 891.8 547.0 564
SSACC R,1609596.0,
ESACC R,1609596.0,1609604 10 910.5 540.9 916.3 531.2 0.31 74
SFIX R,1609606.0,
EFIX R,1609606.0,1609644 40 914.2 519.4 490
SSACC R,1609646.0,
SBLINK R,1609680.0,
EBLINK R,1609680.0,1609868 190
ESACC R,1609646.0,1609904 260 913.2 501.3 889.0 470.9 1.05 713
SFIX R,1609906.0,
EFIX R,1609906.0,1610400 496 895.6 523.4 453
SSACC R,1610402.0,
ESACC R,1610402.0,1610406 6 882.7 545.2 874.7 535.6 0.34 63
SFIX R,1610408.0,
EFIX R,1610408.0,1610652 246 867.3 550.6 469
SSACC R,1610654.0,
ESACC R,1610654.0,1610668 16 866.6 562.5 882.6 539.3 0.76 76
SFIX R,1610670.0,
EFIX R,1610670.0,1611414 746 872.6 554.9 543
SSACC R,1611416.0,
ESACC R,1611416.0,1611422 8 874.7 560.3 862.7 559.7 0.33 52
SFIX R,1611424.0,
EFIX R,1611424.0,1611570 148 858.5 562.1 630
SSACC R,1611572.0,
ESACC R,1611572.0,1611582 12 857.4 563.4 883.6 561.0 0.71 72
SFIX R,1611584.0,
EFIX R,1611584.0,1611868 286 890.2 574.2 648
SSACC R,1611870.0,
ESACC R,1611870.0,1611878 10 888.7 565.5 876.4 552.8 0.48 54
SFIX R,1611880.0,
EFIX R,1611880.0,1611998 120 867.0 546.3 644
SSACC R,1612000.0,
ESACC R,1612000.0,1612010 12 865.8 542.0 887.2 549.6 0.62 71
SFIX R,1612012.0,
EFIX R,1612012.0,1612248 238 876.1 540.4 613
SSACC R,1612250.0,
ESACC R,1612250.0,1612254 6 872.7 542.3 861.8 543.2 0.30 54
SFIX R,1612256.0,
EFIX R,1612256.0,1612472 218 862.0 548.0 616
SSACC R,1612474.0,
ESACC R,1612474.0,1612488 16 870.4 549.6 890.7 559.5 0.61 59
SFIX R,1612490.0,
EFIX R,1612490.0,1612730 242 890.3 559.4 611
SSACC R,1612732.0,
ESACC R,1612732.0,1612740 10 885.2 561.4 871.3 546.9 0.54 65
SFIX R,1612742.0,
EFIX R,1612742.0,1613902 1162 876.7 551.2 576
SSACC R,1613904.0,
SBLINK R,1613942.0,
EBLINK R,1613942.0,1614124 184
ESACC R,1613904.0,1614176 274 888.9 592.6 889.7 530.7 1.68 1114
SFIX R,1614178.0,
EFIX R,1614178.0,1614298 122 887.6 571.9 590
SSACC R,1614300.0,
ESACC R,1614300.0,1614310 12 885.3 552.5 900.2 526.8 0.81 90
SFIX R,1614312.0,
EFIX R,1614312.0,1614716 406 885.3 560.0 632
SSACC R,1614718.0,
ESACC R,1614718.0,1614732 16 876.8 589.1 884.2 558.7 0.85 81
SFIX R,1614734.0,
EFIX R,1614734.0,1616334 1602 888.5 557.9 708
SSACC R,1616336.0,
ESACC R,1616336.0,1616342 8 903.9 560.5 911.9 547.1 0.42 61
SFIX R,1616344.0,
EFIX R,1616344.0,1616936 594 914.0 554.7 862
SSACC R,1616938.0,
SBLINK R,1616962.0,
EBLINK R,1616962.0,1617110 150
ESACC R,1616938.0,1617180 244 903.4 572.3 901.2 563.5 0.25 341
SFIX R,1617182.0,
EFIX R,1617182.0,1617242 62 903.3 575.1 863
SSACC R,1617244.0,
ESACC R,1617244.0,1617264 22 905.9 584.3 925.5 541.7 1.27 96
SFIX R,1617266.0,
EFIX R,1617266.0,1617516 252 912.7 557.8 846
SSACC R,1617518.0,
ESACC R,1617518.0,1617526 10 899.0 572.7 890.2 553.6 0.57 68
SFIX R,1617528.0,
EFIX R,1617528.0,1617938 412 896.6 566.4 837
SSACC R,1617940.0,
ESACC R,1617940.0,1617950 12 896.7 579.6 894.3 560.8 0.51 90
SFIX R,1617952.0,
EFIX R,1617952.0,1618092 142 894.9 562.3 830
SSACC R,1618094.0,
SBLINK R,1618110.0,
EBLINK R,1618110.0,1618268 160
ESACC R,1618094.0,1618296 204 892.1 575.3 896.4 559.1 0.45 280
SFIX R,1618298.0,
EFIX R,1618298.0,1618384 88 895.7 575.0 888
SSACC R,1618386.0,
ESACC R,1618386.0,1618408 24 892.3 594.0 937.2 537.1 1.96 135
SFIX R,1618410.0,
EFIX R,1618410.0,1618964 556 927.0 553.8 925
SSACC R,1618966.0,
ESACC R,1618966.0,1618986 22 918.7 560.4 952.7 521.6 1.40 104
SFIX R,1618988.0,
EFIX R,1618988.0,1619162 176 941.1 538.9 936
SSACC R,1619164.0,
SBLINK R,1619184.0,
EBLINK R,1619184.0,1619330 148
ESACC R,1619164.0,1619366 204 936.4 554.2 887.1 477.3 2.48 518
SFIX R,1619368.0,
EFIX R,1619368.0,1619430 64 890.0 505.1 998
SSACC R,1619432.0,
ESACC R,1619432.0,1619456 26 891.1 520.0 966.5 549.1 2.19 188
SFIX R,1619458.0,
EFIX R,1619458.0,1619654 198 960.5 547.0 1011
SSACC R,1619656.0,
ESACC R,1619656.0,1619674 20 963.5 543.8 938.4 523.9 0.87 64
SFIX R,1619676.0,
EFIX R,1619676.0,1620508 834 945.4 539.7 1024
SSACC R,1620510.0,
ESACC R,1620510.0,1620520 12 951.7 547.2 960.3 534.1 0.42 58
SFIX R,1620522.0,
EFIX R,1620522.0,1621376 856 948.7 560.0 976
SSACC R,1621378.0,
ESACC R,1621378.0,1621384 8 940.0 574.6 926.5 560.0 0.54 81
SFIX R,1621386.0,
EFIX R,1621386.0,1621538 154 924.4 564.4 971
SSACC R,1621540.0,
SBLINK R,1621562.0,
EBLINK R,1621562.0,1621712 152
ESACC R,1621540.0,1621766 228 907.8 569.6 946.6 533.0 1.45 499
SFIX R,1621768.0,
EFIX R,1621768.0,1621922 156 940.3 571.6 963
SSACC R,1621924.0,
ESACC R,1621924.0,1621938 16 947.1 585.6 958.5 546.8 1.10 100
SFIX R,1621940.0,
EFIX R,1621940.0,1622546 608 947.0 546.8 950
SSACC R,1622548.0,
ESACC R,1622548.0,1622560 14 943.0 559.1 933.6 538.2 0.62 68
SFIX R,1622562.0,
EFIX R,1622562.0,1623120 560 943.3 551.4 954
SSACC R,1623122.0,
ESACC R,1623122.0,1623130 10 951.5 550.7 946.5 534.6 0.46 56
SFIX R,1623132.0,
EFIX R,1623132.0,1623742 612 953.5 549.7 995
SSACC R,1623744.0,
SBLINK R,1623764.0,
EBLINK R,1623764.0,1623950 188
ESACC R,1623744.0,1623992 250 941.8 564.4 971.0 484.9 2.30 437
SFIX R,1623994.0,
EFIX R,1623994.0,1624014 22 971.3 488.4 1007
SSACC R,1624016.0,
ESACC R,1624016.0,1624020 6 970.0 502.7 966.3 510.8 0.24 74
SFIX R,1624022.0,
EFIX R,1624022.0,1624582 562 961.8 548.7 952
SSACC R,1624584.0,
ESACC R,1624584.0,1624594 12 961.9 564.2 958.1 537.9 0.72 70
SFIX R,1624596.0,
EFIX R,1624596.0,1625906 1312 954.1 546.8 913
SSACC R,1625908.0,
ESACC R,1625908.0,1625914 8 956.7 579.3 948.3 566.3 0.42 62
SFIX R,1625916.0,
EFIX R,1625916.0,1627766 1852 943.4 578.7 908
SSACC R,1627768.0,
ESACC R,1627768.0,1627774 8 942.7 577.6 954.3 566.0 0.44 64
SFIX R,1627776.0,
EFIX R,1627776.0,1629138 1364 954.9 567.6 914
SSACC R,1629140.0,
ESACC R,1629140.0,1629148 10 954.8 564.5 948.2 549.8 0.44 63
SFIX R,1629150.0,
EFIX R,1629150.0,1629872 724 946.4 562.5 981
SSACC R,1629874.0,
ESACC R,1629874.0,1629884 12 943.2 565.2 935.0 548.6 0.50 59
SFIX R,1629886.0,
EFIX R,1629886.0,1630160 276 941.4 558.5 986
SSACC R,1630162.0,
SBLINK R,1630184.0,
EBLINK R,1630184.0,1630360 178
ESACC R,1630162.0,1630412 252 931.6 578.3 954.9 539.8 1.22 485
SFIX R,1630414.0,
EFIX R,1630414.0,1631890 1478 941.3 560.1 815
SSACC R,1631892.0,
ESACC R,1631892.0,1631896 6 939.9 553.5 939.2 548.2 0.14 55
SFIX R,1631898.0,
EFIX R,1631898.0,1632444 548 939.4 549.5 910
SSACC R,1632446.0,
ESACC R,1632446.0,1632458 14 938.3 556.0 930.7 540.2 0.48 59
SFIX R,1632460.0,
EFIX R,1632460.0,1633790 1332 938.8 553.3 949
SSACC R,1633792.0,
ESACC R,1633792.0,1633802 12 940.7 557.0 955.1 537.0 0.67 74
SFIX R,1633804.0,
EFIX R,1633804.0,1634634 832 931.0 561.9 889
SSACC R,1634636.0,
ESACC R,1634636.0,1634644 10 930.0 569.0 937.6 554.9 0.43 54
SFIX R,1634646.0,
EFIX R,1634646.0,1635444 800 942.4 561.1 916
SSACC R,1635446.0,
ESACC R,1635446.0,1635462 18 945.6 563.6 937.3 541.9 0.63 58
SFIX R,1635464.0,
EFIX R,1635464.0,1636914 1452 946.5 567.1 936
SSACC R,1636916.0,
ESACC R,1636916.0,1636920 6 940.9 574.6 932.6 569.5 0.26 60
SFIX R,1636922.0,
EFIX R,1636922.0,1637022 102 921.5 568.3 884
SSACC R,1637024.0,
ESACC R,1637024.0,1637046 24 916.6 566.9 960.6 573.6 1.21 86
SFIX R,1637048.0,
EFIX R,1637048.0,1637686 640 948.2 576.4 855
SSACC R,1637688.0,
ESACC R,1637688.0,1637698 12 946.8 574.8 942.1 558.5 0.46 58
SFIX R,1637700.0,
EFIX R,1637700.0,1639258 1560 936.7 573.9 831
SSACC R,1639260.0,
ESACC R,1639260.0,1639270 12 932.2 586.6 949.0 566.7 0.71 72
SFIX R,1639272.0,
EFIX R,1639272.0,1639414 144 956.4 569.5 859
SSACC R,1639416.0,
SBLINK R,1639472.0,
EBLINK R,1639472.0,1639644 174
ESACC R,1639416.0,1639702 288 952.2 586.8 932.6 575.6 0.61 372
SFIX R,1639704.0,
EFIX R,1639704.0,1639872 170 927.9 594.2 831
SSACC R,1639874.0,
ESACC R,1639874.0,1639886 14 925.3 579.3 946.2 561.3 0.75 74
SFIX R,1639888.0,
EFIX R,1639888.0,1641138 1252 925.2 570.9 780
SSACC R,1641140.0,
ESACC R,1641140.0,1641154 16 923.1 570.2 924.6 550.8 0.53 56
SFIX R,1641156.0,
EFIX R,1641156.0,1641696 542 933.7 555.6 869
SSACC R,1641698.0,
ESACC R,1641698.0,1641708 12 932.2 556.1 923.0 536.2 0.59 67
SFIX R,1641710.0,
EFIX R,1641710.0,1642310 602 932.4 550.9 903
SSACC R,1642312.0,
ESACC R,1642312.0,1642322 12 941.4 561.7 963.9 543.2 0.79 90
SFIX R,1642324.0,
EFIX R,1642324.0,1642476 154 966.7 552.0 880
SSACC R,1642478.0,
ESACC R,1642478.0,1642490 14 957.2 557.9 944.3 551.5 0.39 55
SFIX R,1642492.0,
EFIX R,1642492.0,1643246 756 946.5 559.4 859
SSACC R,1643248.0,
ESACC R,1643248.0,1643254 8 946.2 558.9 942.2 544.8 0.40 56
SFIX R,1643256.0,
EFIX R,1643256.0,1643662 408 944.5 553.8 876
SSACC R,1643664.0,
SBLINK R,1643694.0,
EBLINK R,1643694.0,1643906 214
ESACC R,1643664.0,1643952 290 938.4 575.7 949.5 493.4 2.25 498
SFIX R,1643954.0,
EFIX R,1643954.0,1644146 194 944.0 531.0 836
SSACC R,1644148.0,
ESACC R,1644148.0,1644160 14 952.1 540.8 970.1 545.9 0.51 64
SFIX R,1644162.0,
EFIX R,1644162.0,1645230 1070 937.7 553.5 778
SSACC R,1645232.0,
ESACC R,1645232.0,1645242 12 934.9 574.5 950.1 560.0 0.57 68
SFIX R,1645244.0,
EFIX R,1645244.0,1645600 358 955.9 570.8 837
SSACC R,1645602.0,
ESACC R,1645602.0,1645610 10 956.8 576.5 939.3 558.2 0.69 81
SFIX R,1645612.0,
EFIX R,1645612.0,1645780 170 934.9 558.7 861
SSACC R,1645782.0,
ESACC R,1645782.0,1645788 8 937.6 561.3 948.4 575.5 0.48 70
SFIX R,1645790.0,
EFIX R,1645790.0,1646278 490 949.7 573.1 866
SSACC R,1646280.0,
ESACC R,1646280.0,1646288 10 942.9 570.6 959.8 571.0 0.46 58
SFIX R,1646290.0,
EFIX R,1646290.0,1646514 226 961.6 574.6 800
SSACC R,1646516.0,
ESACC R,1646516.0,1646524 10 958.4 568.2 942.3 559.9 0.49 56
SFIX R,1646526.0,
EFIX R,1646526.0,1647032 508 931.1 566.5 794
SSACC R,1647034.0,
ESACC R,1647034.0,1647050 18 930.5 575.8 917.4 542.6 0.97 88
SFIX R,1647052.0,
EFIX R,1647052.0,1647442 392 924.1 556.5 790
SSACC R,1647444.0,
ESACC R,1647444.0,1647450 8 923.0 555.9 927.2 539.4 0.46 67
SFIX R,1647452.0,
EFIX R,1647452.0,1647908 458 931.4 552.3 791
SSACC R,1647910.0,
SBLINK R,1647944.0,
EBLINK R,1647944.0,1648158 216
ESACC R,1647910.0,1648180 272 919.1 572.5 917.5 527.0 1.23 2592
SFIX R,1648182.0,
EFIX R,1648182.0,1648224 44 923.0 532.5 729
SSACC R,1648226.0,
ESACC R,1648226.0,1648242 18 917.1 547.0 917.2 559.3 0.33 80
SFIX R,1648244.0,
EFIX R,1648244.0,1648460 218 913.2 550.8 702
SSACC R,1648462.0,
ESACC R,1648462.0,1648478 18 912.4 547.4 937.4 522.0 0.97 89
SFIX R,1648480.0,
EFIX R,1648480.0,1648698 220 940.3 531.4 754
SSACC R,1648700.0,
ESACC R,1648700.0,1648706 8 947.2 536.3 928.9 529.7 0.53 71
SFIX R,1648708.0,
EFIX R,1648708.0,1649076 370 928.5 551.3 763
SSACC R,1649078.0,
ESACC R,1649078.0,1649086 10 935.6 554.3 952.8 548.1 0.50 66
SFIX R,1649088.0,
EFIX R,1649088.0,1649326 240 952.5 553.9 797
SSACC R,1649328.0,
ESACC R,1649328.0,1649336 10 949.2 562.6 933.8 552.7 0.50 65
SFIX R,1649338.0,
EFIX R,1649338.0,1649712 376 953.6 568.9 870
SSACC R,1649714.0,
ESACC R,1649714.0,1649724 12 973.7 579.5 957.5 564.8 0.59 65
SFIX R,1649726.0,
EFIX R,1649726.0,1650334 610 957.0 556.6 907
SSACC R,1650336.0,
ESACC R,1650336.0,1650340 6 959.6 559.6 950.4 548.2 0.40 59
SFIX R,1650342.0,
EFIX R,1650342.0,1650958 618 939.9 556.2 850
SSACC R,1650960.0,
ESACC R,1650960.0,1650968 10 934.3 560.9 934.0 540.0 0.57 72
SFIX R,1650970.0,
EFIX R,1650970.0,1652134 1166 929.3 562.6 838
SSACC R,1652136.0,
ESACC R,1652136.0,1652152 18 922.7 579.7 972.1 566.9 1.38 124
SFIX R,1652154.0,
EFIX R,1652154.0,1652242 90 974.2 560.5 810
SSACC R,1652244.0,
ESACC R,1652244.0,1652264 22 976.7 569.1 918.3 562.2 1.59 136
SFIX R,1652266.0,
EFIX R,1652266.0,1652358 94 924.2 567.4 809
SSACC R,1652360.0,
ESACC R,1652360.0,1652378 20 925.3 570.1 968.8 558.7 1.22 99
SFIX R,1652380.0,
EFIX R,1652380.0,1652574 196 962.5 563.9 789
SSACC R,1652576.0,
ESACC R,1652576.0,1652584 10 952.3 563.3 931.5 558.4 0.58 73
SFIX R,1652586.0,
EFIX R,1652586.0,1653980 1396 917.4 566.9 747
SSACC R,1653982.0,
ESACC R,1653982.0,1653992 12 901.9 561.1 931.2 562.9 0.80 81
SFIX R,1653994.0,
EFIX R,1653994.0,1654236 244 938.2 567.2 752
SSACC R,1654238.0,
SBLINK R,1654258.0,
EBLINK R,1654258.0,1654490 234
ESACC R,1654238.0,1654550 314 911.9 553.5 971.7 505.1 2.08 418
SFIX R,1654552.0,
EFIX R,1654552.0,1655028 478 954.3 534.9 660
SSACC R,1655030.0,
ESACC R,1655030.0,1655040 12 938.8 556.3 912.9 549.9 0.72 80
SFIX R,1655042.0,
EFIX R,1655042.0,1655160 120 898.8 550.8 585
SSACC R,1655162.0,
ESACC R,1655162.0,1655172 12 902.9 553.8 923.1 553.3 0.55 62
SFIX R,1655174.0,
EFIX R,1655174.0,1655266 94 923.4 552.2 559
SSACC R,1655268.0,
ESACC R,1655268.0,1655272 6 911.6 544.4 903.8 551.2 0.28 50
SFIX R,1655274.0,
EFIX R,1655274.0,1656744 1472 910.1 543.2 618
SSACC R,1656746.0,
ESACC R,1656746.0,1656758 14 932.0 544.2 905.4 535.3 0.76 57
SFIX R,1656760.0,
EFIX R,1656760.0,1656842 84 898.7 538.1 650
SSACC R,1656844.0,
ESACC R,1656844.0,1656858 16 896.3 538.5 921.1 541.2 0.68 51
SFIX R,1656860.0,
EFIX R,1656860.0,1656960 102 926.0 541.8 638
SSACC R,1656962.0,
ESACC R,1656962.0,1656970 10 914.0 534.6 895.2 531.8 0.52 63
SFIX R,1656972.0,
EFIX R,1656972.0,1657564 594 901.4 540.6 598
SSACC R,1657566.0,
ESACC R,1657566.0,1657576 12 902.3 548.5 881.0 548.2 0.58 65
SFIX R,1657578.0,
EFIX R,1657578.0,1657842 266 877.6 545.0 611
SSACC R,1657844.0,
ESACC R,1657844.0,1657862 20 886.3 543.1 921.9 533.4 1.00 79
SFIX R,1657864.0,
EFIX R,1657864.0,1657968 106 919.7 533.2 635
SSACC R,1657970.0,
ESACC R,1657970.0,1658002 34 915.3 536.2 879.8 549.4 1.03 82
SFIX R,1658004.0,
EFIX R,1658004.0,1658626 624 897.0 540.8 633
SSACC R,1658628.0,
ESACC R,1658628.0,1658640 14 907.8 550.0 883.3 551.3 0.66 59
SFIX R,1658642.0,
EFIX R,1658642.0,1658834 194 880.5 562.7 653
SSACC R,1658836.0,
ESACC R,1658836.0,1658850 16 881.9 562.1 912.9 541.8 1.00 78
SFIX R,1658852.0,
EFIX R,1658852.0,1659028 178 907.0 559.5 674
SSACC R,1659030.0,
ESACC R,1659030.0,1659042 14 892.5 561.9 871.3 552.1 0.63 75
SFIX R,1659044.0,
EFIX R,1659044.0,1659138 96 877.9 556.6 694
SSACC R,1659140.0,
ESACC R,1659140.0,1659154 16 886.6 559.5 917.8 558.4 0.85 77
SFIX R,1659156.0,
EFIX R,1659156.0,1659314 160 915.3 559.9 707
SSACC R,1659316.0,
ESACC R,1659316.0,1659324 10 909.6 562.4 883.9 555.5 0.72 90
SFIX R,1659326.0,
EFIX R,1659326.0,1659440 116 877.1 556.8 719
SSACC R,1659442.0,
ESACC R,1659442.0,1659456 16 876.1 556.8 906.9 558.9 0.84 73
SFIX R,1659458.0,
EFIX R,1659458.0,1659662 206 915.0 567.9 726
SSACC R,1659664.0,
ESACC R,1659664.0,1659678 16 916.0 573.8 888.1 557.6 0.87 95
SFIX R,1659680.0,
EFIX R,1659680.0,1659824 146 887.4 561.7 725
SSACC R,1659826.0,
ESACC R,1659826.0,1659830 6 891.8 561.9 898.3 566.1 0.21 50
SFIX R,1659832.0,
EFIX R,1659832.0,1660084 254 902.4 572.4 707
SSACC R,1660086.0,
ESACC R,1660086.0,1660092 8 894.2 571.6 877.0 572.8 0.47 58
SFIX R,1660094.0,
EFIX R,1660094.0,1661532 1440 892.8 554.5 645
SSACC R,1661534.0,
ESACC R,1661534.0,1661542 10 894.2 559.2 890.6 538.4 0.57 76
SFIX R,1661544.0,
EFIX R,1661544.0,1662062 520 904.7 547.1 741
SSACC R,1662064.0,
SBLINK R,1662082.0,
EBLINK R,1662082.0,1662270 190
ESACC R,1662064.0,1662320 258 916.0 569.8 922.3 528.4 1.13 619
SFIX R,1662322.0,
EFIX R,1662322.0,1662444 124 923.2 563.1 748
SSACC R,1662446.0,
ESACC R,1662446.0,1662462 18 926.3 575.6 931.0 540.4 0.96 98
SFIX R,1662464.0,
EFIX R,1662464.0,1662780 318 917.1 545.6 739
SSACC R,1662782.0,
ESACC R,1662782.0,1662794 14 907.6 556.1 898.7 529.5 0.76 67
SFIX R,1662796.0,
EFIX R,1662796.0,1663476 682 894.1 530.1 675
SSACC R,1663478.0,
ESACC R,1663478.0,1663488 12 897.5 542.8 917.9 532.3 0.62 64
SFIX R,1663490.0,
EFIX R,1663490.0,1663826 338 909.7 539.5 769
SSACC R,1663828.0,
ESACC R,1663828.0,1663838 12 905.9 542.4 891.0 528.1 0.56 61
SFIX R,1663840.0,
EFIX R,1663840.0,1663962 124 882.7 539.6 779
SSACC R,1663964.0,
ESACC R,1663964.0,1663980 18 880.3 542.9 914.6 546.5 0.93 94
SFIX R,1663982.0,
EFIX R,1663982.0,1664984 1004 907.3 548.9 764
SSACC R,1664986.0,
ESACC R,1664986.0,1664992 8 907.1 548.8 894.5 545.4 0.35 50
SFIX R,1664994.0,
EFIX R,1664994.0,1665066 74 885.1 541.3 727
SSACC R,1665068.0,
ESACC R,1665068.0,1665080 14 887.9 543.8 912.9 540.4 0.68 65
SFIX R,1665082.0,
EFIX R,1665082.0,1665682 602 909.9 543.2 718
SSACC R,1665684.0,
ESACC R,1665684.0,1665690 8 917.9 539.6 926.1 535.5 0.25 54
SFIX R,1665692.0,
EFIX R,1665692.0,1667062 1372 926.1 550.1 788
SSACC R,1667064.0,
ESACC R,1667064.0,1667070 8 928.9 552.7 927.0 535.4 0.47 65
SFIX R,1667072.0,
EFIX R,1667072.0,1667614 544 918.0 545.7 757
SSACC R,1667616.0,
ESACC R,1667616.0,1667624 10 919.9 557.2 928.5 534.5 0.66 78
SFIX R,1667626.0,
EFIX R,1667626.0,1667812 188 933.1 534.5 723
SSACC R,1667814.0,
ESACC R,1667814.0,1667822 10 931.2 543.2 917.2 534.9 0.44 58
SFIX R,1667824.0,
EFIX R,1667824.0,1668332 510 908.5 548.1 716
SSACC R,1668334.0,
ESACC R,1668334.0,1668348 16 909.5 561.2 930.1 543.0 0.74 72
SFIX R,1668350.0,
EFIX R,1668350.0,1668498 150 930.7 545.7 737
SSACC R,1668500.0,
ESACC R,1668500.0,1668510 12 926.5 551.7 902.1 546.4 0.68 78
SFIX R,1668512.0,
EFIX R,1668512.0,1668994 484 907.1 559.5 720
SSACC R,1668996.0,
SBLINK R,1669036.0,
EBLINK R,1669036.0,1669286 252
ESACC R,1668996.0,1669410 416 905.5 559.0 925.3 491.2 1.91 217
SFIX R,1669412.0,
EFIX R,1669412.0,1670150 740 921.7 503.1 538
SSACC R,1670152.0,
ESACC R,1670152.0,1670166 16 903.3 509.7 886.6 499.4 0.53 66
SFIX R,1670168.0,
EFIX R,1670168.0,1670756 590 888.3 527.5 557
SSACC R,1670758.0,
ESACC R,1670758.0,1670768 12 897.2 544.9 876.5 536.6 0.60 63
SFIX R,1670770.0,
EFIX R,1670770.0,1670848 80 875.5 537.6 634
SSACC R,1670850.0,
ESACC R,1670850.0,1670868 20 879.8 539.6 923.2 541.0 1.18 100
SFIX R,1670870.0,
EFIX R,1670870.0,1671168 300 907.2 541.5 635
SSACC R,1671170.0,
ESACC R,1671170.0,1671180 12 900.9 540.4 917.7 534.5 0.48 54
SFIX R,1671182.0,
EFIX R,1671182.0,1671306 126 916.4 531.6 618
SSACC R,1671308.0,
ESACC R,1671308.0,1671326 20 910.4 532.0 887.2 530.7 0.63 49
SFIX R,1671328.0,
EFIX R,1671328.0,1671552 226 899.4 534.5 605
SSACC R,1671554.0,
ESACC R,1671554.0,1671572 20 910.9 523.6 910.1 493.4 0.82 71
SFIX R,1671574.0,
EFIX R,1671574.0,1671604 32 907.8 477.2 603
SSACC R,1671606.0,
SBLINK R,1671648.0,
EBLINK R,1671648.0,1671876 230
ESACC R,1671606.0,1671948 344 907.5 473.6 917.5 461.4 0.43 1781
SFIX R,1671950.0,
EFIX R,1671950.0,1674104 2156 895.2 536.2 569
SSACC R,1674106.0,
ESACC R,1674106.0,1674114 10 891.2 567.2 888.3 553.7 0.37 47
SFIX R,1674116.0,
EFIX R,1674116.0,1676090 1976 896.3 568.8 792
SSACC R,1676092.0,
ESACC R,1676092.0,1676104 14 905.4 567.7 906.3 548.2 0.53 51
SFIX R,1676106.0,
EFIX R,1676106.0,1676668 564 903.0 555.1 834
SSACC R,1676670.0,
ESACC R,1676670.0,1676688 20 901.7 568.4 875.5 539.0 1.07 94
SFIX R,1676690.0,
EFIX R,1676690.0,1676800 112 876.9 542.0 807
SSACC R,1676802.0,
ESACC R,1676802.0,1676812 12 875.0 540.5 898.9 551.8 0.72 81
SFIX R,1676814.0,
EFIX R,1676814.0,1677146 334 900.1 557.8 774
SSACC R,1677148.0,
ESACC R,1677148.0,1677162 16 899.7 561.5 875.3 535.2 0.97 72
SFIX R,1677164.0,
EFIX R,1677164.0,1677790 628 892.5 553.3 786
SSACC R,1677792.0,
ESACC R,1677792.0,1677800 10 913.0 557.1 896.1 547.7 0.52 64
SFIX R,1677802.0,
EFIX R,1677802.0,1678332 532 902.2 557.9 815
SSACC R,1678334.0,
SBLINK R,1678368.0,
EBLINK R,1678368.0,1678596 230
ESACC R,1678334.0,1678646 314 911.9 533.9 946.2 507.6 1.17 1021
SFIX R,1678648.0,
EFIX R,1678648.0,1679000 354 938.2 524.6 719
SSACC R,1679002.0,
ESACC R,1679002.0,1679012 12 931.2 541.4 911.8 539.8 0.53 57
SFIX R,1679014.0,
EFIX R,1679014.0,1679232 220 907.3 533.9 622
SSACC R,1679234.0,
SBLINK R,1679300.0,
EBLINK R,1679300.0,1679628 330
ESACC R,1679234.0,1679722 490 899.0 493.3 915.6 469.0 0.80 1570
SFIX R,1679724.0,
EFIX R,1679724.0,1680230 508 921.6 513.8 529
SSACC R,1680232.0,
ESACC R,1680232.0,1680238 8 915.3 518.1 909.1 506.7 0.35 53
SFIX R,1680240.0,
EFIX R,1680240.0,1680922 684 890.2 524.6 482
SSACC R,1680924.0,
ESACC R,1680924.0,1680936 14 887.0 536.2 882.1 518.1 0.51 75
SFIX R,1680938.0,
EFIX R,1680938.0,1681196 260 876.6 534.4 508
SSACC R,1681198.0,
ESACC R,1681198.0,1681216 20 877.5 544.7 897.1 499.2 1.34 91
SFIX R,1681218.0,
EFIX R,1681218.0,1681506 290 897.2 514.5 557
SSACC R,1681508.0,
ESACC R,1681508.0,1681516 10 895.3 515.5 883.2 509.9 0.36 54
SFIX R,1681518.0,
EFIX R,1681518.0,1682554 1038 905.4 544.8 643
SSACC R,1682556.0,
SBLINK R,1682576.0,
EBLINK R,1682576.0,1682802 228
ESACC R,1682556.0,1682866 312 918.1 517.5 914.3 486.7 0.84 272
SFIX R,1682868.0,
EFIX R,1682868.0,1683070 204 911.4 512.8 575
SSACC R,1683072.0,
ESACC R,1683072.0,1683078 8 908.6 533.0 920.2 537.0 0.33 67
SFIX R,1683080.0,
EFIX R,1683080.0,1683350 272 909.8 553.7 618
SSACC R,1683352.0,
ESACC R,1683352.0,1683368 18 898.8 561.5 873.2 533.0 1.04 86
SFIX R,1683370.0,
EFIX R,1683370.0,1683576 208 873.6 553.9 599
SSACC R,1683578.0,
ESACC R,1683578.0,1683594 18 870.0 564.1 907.4 534.0 1.30 101
SFIX R,1683596.0,
EFIX R,1683596.0,1683818 224 903.8 544.2 608
SSACC R,1683820.0,
ESACC R,1683820.0,1683842 24 912.5 551.6 881.1 535.2 0.96 82
SFIX R,1683844.0,
EFIX R,1683844.0,1684120 278 889.7 535.2 665
SSACC R,1684122.0,
ESACC R,1684122.0,1684128 8 896.0 532.0 905.8 532.0 0.27 52
SFIX R,1684130.0,
EFIX R,1684130.0,1684602 474 912.7 545.5 732
SSACC R,1684604.0,
ESACC R,1684604.0,1684608 6 904.8 557.4 899.8 547.8 0.29 45
SFIX R,1684610.0,
EFIX R,1684610.0,1685284 676 892.2 561.4 684
SSACC R,1685286.0,
ESACC R,1685286.0,1685294 10 897.0 576.6 883.1 570.1 0.42 50
SFIX R,1685296.0,
EFIX R,1685296.0,1685538 244 883.3 568.4 680
SSACC R,1685540.0,
SBLINK R,1685590.0,
EBLINK R,1685590.0,1685876 288
ESACC R,1685540.0,1685962 424 892.2 563.8 908.5 493.4 1.96 209
SFIX R,1685964.0,
EFIX R,1685964.0,1686310 348 919.7 506.7 596
SSACC R,1686312.0,
SBLINK R,1686364.0,
EBLINK R,1686364.0,1687016 654
ESACC R,1686312.0,1687052 742 934.1 502.5 910.5 384.2 3.26 1578
SFIX R,1687054.0,
EFIX R,1687054.0,1687090 38 899.5 420.6 553
SSACC R,1687092.0,
ESACC R,1687092.0,1687110 20 893.7 440.3 927.7 426.3 1.00 88
SFIX R,1687112.0,
EFIX R,1687112.0,1687582 472 890.7 496.6 563
SSACC R,1687584.0,
ESACC R,1687584.0,1687620 38 890.0 569.7 883.9 529.6 1.10 122
SFIX R,1687622.0,
EFIX R,1687622.0,1687680 60 879.6 537.1 546
SSACC R,1687682.0,
SBLINK R,1687730.0,
EBLINK R,1687730.0,1687940 212
ESACC R,1687682.0,1688000 320 876.5 548.8 914.4 487.3 1.96 335
SFIX R,1688002.0,
EFIX R,1688002.0,1688322 322 925.5 526.5 702
SSACC R,1688324.0,
ESACC R,1688324.0,1688336 14 932.6 541.5 914.4 534.9 0.52 65
SFIX R,1688338.0,
EFIX R,1688338.0,1688572 236 910.5 540.9 740
SSACC R,1688574.0,
SBLINK R,1688628.0,
EBLINK R,1688628.0,1688814 188
ESACC R,1688574.0,1688856 284 903.1 544.3 918.3 468.9 2.08 2105
SFIX R,1688858.0,
EFIX R,1688858.0,1688882 26 917.1 470.4 721
SSACC R,1688884.0,
ESACC R,1688884.0,1688888 6 917.4 478.3 913.4 488.5 0.30 76
SFIX R,1688890.0,
EFIX R,1688890.0,1689876 988 902.3 543.9 709
SSACC R,1689878.0,
ESACC R,1689878.0,1689892 16 897.1 569.1 893.7 537.6 0.86 65
SFIX R,1689894.0,
EFIX R,1689894.0,1691958 2066 908.6 542.5 810
SSACC R,1691960.0,
ESACC R,1691960.0,1691970 12 904.5 556.1 898.5 535.2 0.59 69
SFIX R,1691972.0,
EFIX R,1691972.0,1692194 224 901.6 550.0 799
SSACC R,1692196.0,
ESACC R,1692196.0,1692204 10 908.3 558.3 926.5 556.2 0.50 62
SFIX R,1692206.0,
EFIX R,1692206.0,1692338 134 928.2 551.1 790
SSACC R,1692340.0,
ESACC R,1692340.0,1692356 18 927.5 548.3 893.9 549.1 0.91 84
SFIX R,1692358.0,
EFIX R,1692358.0,1692808 452 894.4 555.5 761
SSACC R,1692810.0,
ESACC R,1692810.0,1692828 20 891.6 558.5 936.1 535.5 1.36 107
SFIX R,1692830.0,
EFIX R,1692830.0,1692886 58 936.7 540.5 755
SSACC R,1692888.0,
SBLINK R,1692948.0,
EBLINK R,1692948.0,1693118 172
ESACC R,1692888.0,1693162 276 936.7 556.7 898.6 521.6 1.40 2134
SFIX R,1693164.0,
EFIX R,1693164.0,1693726 564 900.7 552.6 743
SSACC R,1693728.0,
ESACC R,1693728.0,1693740 14 895.5 542.5 926.9 540.4 0.85 87
SFIX R,1693742.0,
EFIX R,1693742.0,1693884 144 930.0 543.6 711
SSACC R,1693886.0,
ESACC R,1693886.0,1693900 16 926.4 546.4 903.6 545.5 0.62 53
SFIX R,1693902.0,
EFIX R,1693902.0,1693974 74 901.2 545.6 690
SSACC R,1693976.0,
ESACC R,1693976.0,1693980 6 904.9 547.3 912.0 544.8 0.20 53
SFIX R,1693982.0,
EFIX R,1693982.0,1694168 188 925.3 540.2 666
SSACC R,1694170.0,
ESACC R,1694170.0,1694178 10 922.0 541.4 902.6 544.1 0.53 65
SFIX R,1694180.0,
EFIX R,1694180.0,1694366 188 894.3 538.5 655
SSACC R,1694368.0,
ESACC R,1694368.0,1694376 10 899.2 539.9 915.7 538.3 0.45 58
SFIX R,1694378.0,
EFIX R,1694378.0,1694632 256 927.0 541.6 699
SSACC R,1694634.0,
ESACC R,1694634.0,1694650 18 930.1 544.2 904.1 525.7 0.86 84
SFIX R,1694652.0,
EFIX R,1694652.0,1695558 908 909.3 539.2 787
SSACC R,1695560.0,
ESACC R,1695560.0,1695576 18 923.4 539.6 884.0 513.6 1.28 103
SFIX R,1695578.0,
EFIX R,1695578.0,1695692 116 872.0 518.3 843
SSACC R,1695694.0,
ESACC R,1695694.0,1695714 22 870.4 524.9 915.4 534.7 1.25 113
SFIX R,1695716.0,
EFIX R,1695716.0,1696556 842 908.2 537.6 783
SSACC R,1696558.0,
SBLINK R,1696606.0,
EBLINK R,1696606.0,1696926 322
ESACC R,1696558.0,1697074 518 903.6 535.9 934.2 430.3 2.98 346
SFIX R,1697076.0,
EFIX R,1697076.0,1697104 30 934.9 432.9 685
SSACC R,1697106.0,
ESACC R,1697106.0,1697188 84 938.1 419.8 946.3 449.6 0.84 81
SFIX R,1697190.0,
EFIX R,1697190.0,1697846 658 920.1 509.7 594
SSACC R,1697848.0,
ESACC R,1697848.0,1697868 22 893.7 544.9 875.9 522.9 0.77 70
SFIX R,1697870.0,
EFIX R,1697870.0,1697920 52 874.6 534.7 511
SSACC R,1697922.0,
ESACC R,1697922.0,1697932 12 879.8 535.0 895.7 519.7 0.60 59
SFIX R,1697934.0,
EFIX R,1697934.0,1698062 130 889.5 542.0 529
SSACC R,1698064.0,
ESACC R,1698064.0,1698082 20 894.5 553.0 882.8 522.7 0.88 54
SFIX R,1698084.0,
EFIX R,1698084.0,1698170 88 880.8 524.7 552
SSACC R,1698172.0,
ESACC R,1698172.0,1698176 6 883.7 538.0 886.1 534.9 0.11 43
SFIX R,1698178.0,
EFIX R,1698178.0,1698388 212 877.2 542.6 578
SSACC R,1698390.0,
ESACC R,1698390.0,1698394 6 879.7 527.6 883.2 521.3 0.20 60
SFIX R,1698396.0,
EFIX R,1698396.0,1698662 268 888.9 533.2 617
SSACC R,1698664.0,
ESACC R,1698664.0,1698684 22 896.1 546.6 867.8 497.9 1.53 114
SFIX R,1698686.0,
EFIX R,1698686.0,1698882 198 869.1 513.1 672
SSACC R,1698884.0,
ESACC R,1698884.0,1698896 14 871.8 522.3 901.3 503.0 0.96 93
SFIX R,1698898.0,
EFIX R,1698898.0,1699068 172 902.8 510.3 679
SSACC R,1699070.0,
ESACC R,1699070.0,1699082 14 895.7 513.7 866.2 514.7 0.80 98
SFIX R,1699084.0,
EFIX R,1699084.0,1699196 114 865.1 522.9 677
SSACC R,1699198.0,
ESACC R,1699198.0,1699212 16 863.4 531.2 896.3 525.9 0.90 80
SFIX R,1699214.0,
EFIX R,1699214.0,1699428 216 899.4 532.4 659
SSACC R,1699430.0,
ESACC R,1699430.0,1699448 20 896.0 539.2 867.7 506.0 1.18 101
SFIX R,1699450.0,
EFIX R,1699450.0,1699572 124 860.3 510.7 649
SSACC R,1699574.0,
ESACC R,1699574.0,1699590 18 865.2 510.2 897.2 530.1 1.02 92
SFIX R,1699592.0,
EFIX R,1699592.0,1699926 336 897.7 536.0 659
SSACC R,1699928.0,
ESACC R,1699928.0,1699938 12 897.4 532.2 871.3 521.2 0.77 84
SFIX R,1699940.0,
EFIX R,1699940.0,1700078 140 871.3 514.7 667
SSACC R,1700080.0,
ESACC R,1700080.0,1700086 8 871.6 515.4 884.9 520.7 0.39 57
SFIX R,1700088.0,
EFIX R,1700088.0,1700344 258 892.7 530.6 665
SSACC R,1700346.0,
SBLINK R,1700414.0,
EBLINK R,1700414.0,1700942 530
ESACC R,1700346.0,1700974 630 900.8 539.7 928.8 431.2 3.03 325
SFIX R,1700976.0,
EFIX R,1700976.0,1701008 34 929.6 428.4 670
SSACC R,1701010.0,
ESACC R,1701010.0,1701040 32 935.3 422.4 942.0 456.1 0.93 120
SFIX R,1701042.0,
EFIX R,1701042.0,1701560 520 918.7 503.4 639
SSACC R,1701562.0,
ESACC R,1701562.0,1701582 22 900.4 506.9 906.0 486.9 0.56 64
SFIX R,1701584.0,
EFIX R,1701584.0,1701624 42 905.0 492.7 525
SSACC R,1701626.0,
SBLINK R,1701664.0,
EBLINK R,1701664.0,1701930 268
ESACC R,1701626.0,1702002 378 907.7 484.5 939.6 463.6 1.03 250
SFIX R,1702004.0,
EFIX R,1702004.0,1702554 552 921.6 511.4 547
SSACC R,1702556.0,
ESACC R,1702556.0,1702564 10 912.6 536.9 894.6 526.0 0.57 71
SFIX R,1702566.0,
EFIX R,1702566.0,1702720 156 887.3 543.9 537
SSACC R,1702722.0,
ESACC R,1702722.0,1702736 16 884.7 537.7 882.6 547.7 0.28 65
SFIX R,1702738.0,
EFIX R,1702738.0,1702808 72 875.1 556.3 547
SSACC R,1702810.0,
ESACC R,1702810.0,1702828 20 876.4 566.1 865.0 522.8 1.21 93
SFIX R,1702830.0,
EFIX R,1702830.0,1702992 164 867.7 557.2 578
SSACC R,1702994.0,
ESACC R,1702994.0,1703012 20 870.9 571.1 882.4 509.0 1.71 153
SFIX R,1703014.0,
EFIX R,1703014.0,1703284 272 883.2 514.5 633
SSACC R,1703286.0,
ESACC R,1703286.0,1703290 6 881.8 515.2 873.5 514.4 0.23 51
SFIX R,1703292.0,
EFIX R,1703292.0,1704116 826 880.3 536.3 699
SSACC R,1704118.0,
ESACC R,1704118.0,1704122 6 897.5 543.3 900.0 533.3 0.28 64
SFIX R,1704124.0,
EFIX R,1704124.0,1704540 418 892.5 530.8 774
SSACC R,1704542.0,
ESACC R,1704542.0,1704554 14 871.2 530.4 892.9 520.7 0.64 76
SFIX R,1704556.0,
EFIX R,1704556.0,1704858 304 891.0 527.3 724
SSACC R,1704860.0,
ESACC R,1704860.0,1704864 6 888.7 530.0 883.6 520.9 0.28 57
SFIX R,1704866.0,
EFIX R,1704866.0,1704966 102 878.3 519.0 705
SSACC R,1704968.0,
ESACC R,1704968.0,1704976 10 887.7 524.1 906.2 516.8 0.54 66
SFIX R,1704978.0,
EFIX R,1704978.0,1705232 256 891.4 528.5 683
SSACC R,1705234.0,
ESACC R,1705234.0,1705244 12 891.9 527.8 903.8 514.8 0.48 61
SFIX R,1705246.0,
EFIX R,1705246.0,1705840 596 893.1 516.2 665
SSACC R,1705842.0,
ESACC R,1705842.0,1705848 8 894.9 483.9 894.3 492.9 0.24 44
SFIX R,1705850.0,
EFIX R,1705850.0,1706216 368 897.0 525.1 682
SSACC R,1706218.0,
ESACC R,1706218.0,1706222 6 897.4 538.8 892.0 539.2 0.15 47
SFIX R,1706224.0,
EFIX R,1706224.0,1706830 608 893.8 538.4 676
SSACC R,1706832.0,
ESACC R,1706832.0,1706842 12 891.2 546.2 907.4 527.7 0.67 80
SFIX R,1706844.0,
EFIX R,1706844.0,1707044 202 912.8 536.6 680
SSACC R,1707046.0,
ESACC R,1707046.0,1707054 10 909.5 543.8 894.3 544.0 0.41 57
SFIX R,1707056.0,
EFIX R,1707056.0,1707258 204 891.3 551.0 679
SSACC R,1707260.0,
ESACC R,1707260.0,1707268 10 900.4 553.5 897.1 538.3 0.42 53
SFIX R,1707270.0,
EFIX R,1707270.0,1707622 354 900.2 542.6 715
SSACC R,1707624.0,
ESACC R,1707624.0,1707632 10 903.9 548.4 916.2 528.8 0.63 70
SFIX R,1707634.0,
EFIX R,1707634.0,1707698 66 910.0 536.8 718
SSACC R,1707700.0,
SBLINK R,1707736.0,
EBLINK R,1707736.0,1707882 148
ESACC R,1707700.0,1707912 214 894.4 545.9 921.8 469.1 2.21 2333
SFIX R,1707914.0,
EFIX R,1707914.0,1708222 310 908.8 529.1 718
SSACC R,1708224.0,
ESACC R,1708224.0,1708236 14 906.9 548.1 908.6 516.5 0.86 93
SFIX R,1708238.0,
EFIX R,1708238.0,1709296 1060 907.6 524.8 764
SSACC R,1709298.0,
ESACC R,1709298.0,1709308 12 918.6 532.2 925.7 512.8 0.56 58
SFIX R,1709310.0,
EFIX R,1709310.0,1709556 248 932.4 518.8 813
SSACC R,1709558.0,
ESACC R,1709558.0,1709582 26 920.9 526.6 889.9 513.8 0.91 66
SFIX R,1709584.0,
EFIX R,1709584.0,1709688 106 893.7 522.3 802
SSACC R,1709690.0,
ESACC R,1709690.0,1709702 14 891.9 522.4 920.7 534.2 0.84 71
SFIX R,1709704.0,
EFIX R,1709704.0,1710168 466 924.6 541.6 768
SSACC R,1710170.0,
SBLINK R,1710210.0,
EBLINK R,1710210.0,1710502 294
ESACC R,1710170.0,1710566 398 933.4 518.6 926.4 461.6 1.56 250
SFIX R,1710568.0,
EFIX R,1710568.0,1710988 422 939.2 516.8 610
SSACC R,1710990.0,
SBLINK R,1711024.0,
EBLINK R,1711024.0,1711378 356
ESACC R,1710990.0,1711550 562 933.1 516.5 951.1 432.5 2.33 358
SFIX R,1711552.0,
EFIX R,1711552.0,1712102 552 932.7 502.7 571
SSACC R,1712104.0,
ESACC R,1712104.0,1712110 8 898.0 532.8 882.2 522.9 0.51 66
SFIX R,1712112.0,
EFIX R,1712112.0,1712216 106 880.3 536.4 524
SSACC R,1712218.0,
ESACC R,1712218.0,1712224 8 880.5 546.0 883.8 531.4 0.41 56
SFIX R,1712226.0,
EFIX R,1712226.0,1712316 92 878.1 540.1 536
SSACC R,1712318.0,
ESACC R,1712318.0,1712326 10 873.5 553.8 868.4 533.8 0.56 73
SFIX R,1712328.0,
EFIX R,1712328.0,1712486 160 864.6 547.4 565
SSACC R,1712488.0,
ESACC R,1712488.0,1712510 24 869.2 570.4 883.0 516.9 1.50 100
SFIX R,1712512.0,
EFIX R,1712512.0,1712720 210 882.3 535.6 612
SSACC R,1712722.0,
ESACC R,1712722.0,1712740 20 887.6 542.5 877.3 507.6 0.99 94
SFIX R,1712742.0,
EFIX R,1712742.0,1713288 548 894.7 533.1 646
SSACC R,1713290.0,
ESACC R,1713290.0,1713304 16 902.7 554.2 906.2 530.2 0.66 57
SFIX R,1713306.0,
EFIX R,1713306.0,1714112 808 897.1 548.1 640
SSACC R,1714114.0,
ESACC R,1714114.0,1714118 6 913.1 553.0 915.9 548.2 0.15 49
SFIX R,1714120.0,
EFIX R,1714120.0,1714146 28 923.2 536.4 678
SSACC R,1714148.0,
SBLINK R,1714202.0,
EBLINK R,1714202.0,1714492 292
ESACC R,1714148.0,1714612 466 921.3 521.7 883.8 497.2 1.21 270
SFIX R,1714614.0,
EFIX R,1714614.0,1714692 80 881.6 494.8 642
SSACC R,1714694.0,
ESACC R,1714694.0,1714704 12 886.8 493.6 909.8 501.4 0.66 67
SFIX R,1714706.0,
EFIX R,1714706.0,1714986 282 918.5 511.5 679
SSACC R,1714988.0,
SBLINK R,1715032.0,
EBLINK R,1715032.0,1715784 754
ESACC R,1714988.0,1715862 876 924.6 515.4 954.2 449.6 1.96 1314
SFIX R,1715864.0,
EFIX R,1715864.0,1715892 30 951.2 453.3 665
SSACC R,1715894.0,
ESACC R,1715894.0,1715936 44 950.7 450.0 921.8 488.4 1.30 111
SFIX R,1715938.0,
EFIX R,1715938.0,1716208 272 907.8 518.9 613
SSACC R,1716210.0,
ESACC R,1716210.0,1716230 22 895.0 546.1 920.1 499.7 1.43 91
SFIX R,1716232.0,
EFIX R,1716232.0,1716424 194 898.4 501.1 516
SSACC R,1716426.0,
ESACC R,1716426.0,1716432 8 893.8 513.6 904.6 513.4 0.29 52
SFIX R,1716434.0,
EFIX R,1716434.0,1716546 114 908.8 524.7 476
SSACC R,1716548.0,
ESACC R,1716548.0,1716556 10 906.0 538.4 903.0 529.2 0.26 56
SFIX R,1716558.0,
EFIX R,1716558.0,1716844 288 894.9 537.2 473
SSACC R,1716846.0,
ESACC R,1716846.0,1716860 16 892.9 556.0 880.3 538.6 0.58 52
SFIX R,1716862.0,
EFIX R,1716862.0,1717032 172 882.5 562.6 548
SSACC R,1717034.0,
ESACC R,1717034.0,1717050 18 887.4 578.1 891.7 536.4 1.14 90
SFIX R,1717052.0,
EFIX R,1717052.0,1717798 748 897.6 536.5 689
SSACC R,1717800.0,
ESACC R,1717800.0,1717818 20 907.0 535.9 904.9 495.0 1.11 73
SFIX R,1717820.0,
EFIX R,1717820.0,1719268 1450 904.6 527.3 799
SSACC R,1719270.0,
ESACC R,1719270.0,1719280 12 901.9 547.0 900.2 525.0 0.60 69
SFIX R,1719282.0,
EFIX R,1719282.0,1720088 808 911.2 543.8 833
SSACC R,1720090.0,
ESACC R,1720090.0,1720108 20 918.4 555.0 892.6 533.3 0.91 69
SFIX R,1720110.0,
EFIX R,1720110.0,1720240 132 890.8 541.4 873
SSACC R,1720242.0,
SBLINK R,1720262.0,
EBLINK R,1720262.0,1720414 154
ESACC R,1720242.0,1720440 200 867.1 556.7 902.1 502.7 1.74 420
SFIX R,1720442.0,
EFIX R,1720442.0,1720464 24 898.4 502.1 883
SSACC R,1720466.0,
ESACC R,1720466.0,1720470 6 890.5 515.3 894.4 524.6 0.27 56
SFIX R,1720472.0,
EFIX R,1720472.0,1720686 216 894.0 551.4 861
SSACC R,1720688.0,
ESACC R,1720688.0,1720698 12 909.6 564.1 926.6 544.6 0.70 77
SFIX R,1720700.0,
EFIX R,1720700.0,1722212 1514 908.2 547.9 848
SSACC R,1722214.0,
ESACC R,1722214.0,1722228 16 898.5 553.9 928.3 554.3 0.81 66
SFIX R,1722230.0,
EFIX R,1722230.0,1722348 120 931.2 549.7 855
SSACC R,1722350.0,
ESACC R,1722350.0,1722356 8 926.5 547.9 910.7 553.5 0.45 62
SFIX R,1722358.0,
EFIX R,1722358.0,1723002 646 903.6 558.3 808
SSACC R,1723004.0,
SBLINK R,1723040.0,
EBLINK R,1723040.0,1723434 396
ESACC R,1723004.0,1723558 556 899.3 535.9 936.4 465.1 2.17 599
SFIX R,1723560.0,
EFIX R,1723560.0,1724124 566 914.2 511.6 655
SSACC R,1724126.0,
ESACC R,1724126.0,1724146 22 890.1 542.8 923.4 515.7 1.16 71
SFIX R,1724148.0,
EFIX R,1724148.0,1724216 70 917.9 532.2 577
SSACC R,1724218.0,
ESACC R,1724218.0,1724234 18 913.0 530.1 884.7 518.4 0.83 70
SFIX R,1724236.0,
EFIX R,1724236.0,1724432 198 885.5 532.2 596
SSACC R,1724434.0,
ESACC R,1724434.0,1724444 12 891.5 536.0 912.8 529.6 0.60 76
SFIX R,1724446.0,
EFIX R,1724446.0,1724656 212 919.3 527.6 662
SSACC R,1724658.0,
ESACC R,1724658.0,1724670 14 921.3 524.3 894.2 513.2 0.79 78
SFIX R,1724672.0,
EFIX R,1724672.0,1724748 78 901.3 519.8 715
SSACC R,1724750.0,
ESACC R,1724750.0,1724766 18 906.9 522.3 948.7 526.6 1.14 89
SFIX R,1724768.0,
EFIX R,1724768.0,1724920 154 944.4 530.4 743
SSACC R,1724922.0,
ESACC R,1724922.0,1724936 16 953.3 533.6 928.2 525.0 0.72 58
SFIX R,1724938.0,
EFIX R,1724938.0,1726108 1172 905.2 535.9 725
SSACC R,1726110.0,
ESACC R,1726110.0,1726114 6 898.8 559.1 896.8 547.0 0.33 57
SFIX R,1726116.0,
EFIX R,1726116.0,1726320 206 891.4 552.6 720
SSACC R,1726322.0,
ESACC R,1726322.0,1726336 16 892.7 564.4 903.5 535.3 0.84 74
SFIX R,1726338.0,
EFIX R,1726338.0,1726622 286 914.7 540.9 733
SSACC R,1726624.0,
ESACC R,1726624.0,1726632 10 914.7 545.8 902.8 528.5 0.57 69
SFIX R,1726634.0,
EFIX R,1726634.0,1726814 182 904.0 533.6 770
SSACC R,1726816.0,
ESACC R,1726816.0,1726826 12 909.7 534.3 932.3 539.6 0.63 67
SFIX R,1726828.0,
EFIX R,1726828.0,1727040 214 938.6 537.1 803
SSACC R,1727042.0,
ESACC R,1727042.0,1727048 8 936.8 534.2 924.4 526.9 0.39 61
SFIX R,1727050.0,
EFIX R,1727050.0,1727480 432 941.4 532.9 814
SSACC R,1727482.0,
ESACC R,1727482.0,1727496 16 943.4 546.4 919.4 529.1 0.80 82
SFIX R,1727498.0,
EFIX R,1727498.0,1727708 212 920.3 534.0 814
SSACC R,1727710.0,
ESACC R,1727710.0,1727724 16 920.7 538.8 948.5 540.9 0.76 64
SFIX R,1727726.0,
EFIX R,1727726.0,1728052 328 944.6 549.0 829
SSACC R,1728054.0,
ESACC R,1728054.0,1728062 10 938.1 556.1 937.8 537.2 0.51 63
SFIX R,1728064.0,
EFIX R,1728064.0,1728528 466 930.7 555.7 829
SSACC R,1728530.0,
ESACC R,1728530.0,1728542 14 926.1 556.8 920.3 528.4 0.79 78
SFIX R,1728544.0,
EFIX R,1728544.0,1729032 490 930.7 541.3 866
SSACC R,1729034.0,
ESACC R,1729034.0,1729044 12 942.6 544.4 936.1 519.7 0.69 76
SFIX R,1729046.0,
EFIX R,1729046.0,1729678 634 931.5 537.8 871
SSACC R,1729680.0,
ESACC R,1729680.0,1729698 20 918.7 536.6 909.8 521.5 0.48 56
SFIX R,1729700.0,
EFIX R,1729700.0,1729918 220 908.4 532.4 819
SSACC R,1729920.0,
ESACC R,1729920.0,1729932 14 910.3 538.1 936.6 545.4 0.74 70
SFIX R,1729934.0,
EFIX R,1729934.0,1730074 142 947.4 544.0 761
SSACC R,1730076.0,
ESACC R,1730076.0,1730088 14 949.0 543.4 922.4 534.0 0.76 74
SFIX R,1730090.0,
EFIX R,1730090.0,1730430 342 919.9 531.2 725
SSACC R,1730432.0,
SBLINK R,1730458.0,
EBLINK R,1730458.0,1730728 272
ESACC R,1730432.0,1730896 466 914.0 491.2 927.0 488.7 0.36 588
SFIX R,1730898.0,
EFIX R,1730898.0,1731396 500 925.1 526.8 629
SSACC R,1731398.0,
ESACC R,1731398.0,1731406 10 907.2 549.1 908.5 530.5 0.51 61
SFIX R,1731408.0,
EFIX R,1731408.0,1731596 190 891.0 540.3 594
SSACC R,1731598.0,
ESACC R,1731598.0,1731612 16 888.2 553.9 885.5 517.4 0.99 84
SFIX R,1731614.0,
EFIX R,1731614.0,1732216 604 889.7 526.1 651
SSACC R,1732218.0,
ESACC R,1732218.0,1732224 8 891.2 538.8 876.0 531.1 0.46 64
SFIX R,1732226.0,
EFIX R,1732226.0,1732278 54 869.4 537.8 718
SSACC R,1732280.0,
SBLINK R,1732322.0,
EBLINK R,1732322.0,1732606 286
ESACC R,1732280.0,1732696 418 865.4 543.1 917.0 526.1 1.47 2195
SFIX R,1732698.0,
EFIX R,1732698.0,1733028 332 913.8 539.5 701
SSACC R,1733030.0,
ESACC R,1733030.0,1733040 12 895.5 537.4 882.0 525.2 0.49 54
SFIX R,1733042.0,
EFIX R,1733042.0,1733164 124 880.7 536.6 662
SSACC R,1733166.0,
ESACC R,1733166.0,1733174 10 881.2 537.0 896.1 542.5 0.43 53
SFIX R,1733176.0,
EFIX R,1733176.0,1733634 460 897.2 541.2 602
SSACC R,1733636.0,
ESACC R,1733636.0,1733694 60 892.0 546.0 908.1 541.3 0.45 58
SFIX R,1733696.0,
EFIX R,1733696.0,1735454 1760 904.3 544.9 674
SSACC R,1735456.0,
ESACC R,1735456.0,1735468 14 928.8 555.7 909.3 541.6 0.65 68
SFIX R,1735470.0,
EFIX R,1735470.0,1735550 82 904.7 540.9 744
SSACC R,1735552.0,
ESACC R,1735552.0,1735560 10 903.3 542.3 917.4 542.9 0.38 54
SFIX R,1735562.0,
EFIX R,1735562.0,1735848 288 913.9 548.4 728
SSACC R,1735850.0,
ESACC R,1735850.0,1735862 14 909.7 551.4 894.3 533.2 0.65 67
SFIX R,1735864.0,
EFIX R,1735864.0,1736138 276 904.0 529.7 726
SSACC R,1736140.0,
SBLINK R,1736210.0,
EBLINK R,1736210.0,1736726 518
ESACC R,1736140.0,1736826 688 913.9 510.2 909.8 381.6 3.48 462
SFIX R,1736828.0,
EFIX R,1736828.0,1737404 578 912.1 488.6 633
SSACC R,1737406.0,
ESACC R,1737406.0,1737414 10 903.4 525.4 892.1 520.3 0.34 52
SFIX R,1737416.0,
EFIX R,1737416.0,1738100 686 901.3 534.2 557
SSACC R,1738102.0,
ESACC R,1738102.0,1738110 10 905.2 552.0 894.5 531.0 0.64 89
SFIX R,1738112.0,
EFIX R,1738112.0,1738348 238 885.4 541.1 632
SSACC R,1738350.0,
ESACC R,1738350.0,1738360 12 880.2 551.2 900.9 539.0 0.65 71
SFIX R,1738362.0,
EFIX R,1738362.0,1738492 132 904.0 545.6 645
SSACC R,1738494.0,
ESACC R,1738494.0,1738504 12 898.8 546.5 880.3 543.3 0.51 62
SFIX R,1738506.0,
EFIX R,1738506.0,1738790 286 890.2 556.7 648
SSACC R,1738792.0,
ESACC R,1738792.0,1738798 8 887.9 568.1 881.9 556.3 0.36 58
SFIX R,1738800.0,
EFIX R,1738800.0,1739098 300 885.3 546.0 649
SSACC R,1739100.0,
ESACC R,1739100.0,1739110 12 884.0 548.2 869.2 533.9 0.56 66
SFIX R,1739112.0,
EFIX R,1739112.0,1739240 130 862.2 535.9 633
SSACC R,1739242.0,
ESACC R,1739242.0,1739248 8 871.6 533.0 883.0 535.1 0.31 58
SFIX R,1739250.0,
EFIX R,1739250.0,1739686 438 886.0 538.8 627
SSACC R,1739688.0,
ESACC R,1739688.0,1739694 8 888.6 541.1 885.3 557.0 0.44 63
SFIX R,1739696.0,
EFIX R,1739696.0,1739716 22 884.8 562.8 649
SSACC R,1739718.0,
SBLINK R,1739760.0,
EBLINK R,1739760.0,1739964 206
ESACC R,1739718.0,1740010 294 884.4 570.5 890.7 459.7 3.01 1959
SFIX R,1740012.0,
EFIX R,1740012.0,1740270 260 889.5 503.1 710
SSACC R,1740272.0,
ESACC R,1740272.0,1740290 20 887.9 530.8 930.9 514.3 1.25 102
SFIX R,1740292.0,
EFIX R,1740292.0,1740584 294 913.3 530.9 746
SSACC R,1740586.0,
ESACC R,1740586.0,1740620 36 910.4 547.4 896.2 531.9 0.57 94
SFIX R,1740622.0,
EFIX R,1740622.0,1740938 318 890.0 542.9 744
SSACC R,1740940.0,
ESACC R,1740940.0,1740954 16 895.2 547.3 912.4 519.4 0.89 78
SFIX R,1740956.0,
EFIX R,1740956.0,1741398 444 923.6 534.0 845
SSACC R,1741400.0,
ESACC R,1741400.0,1741414 16 931.1 545.1 915.5 521.4 0.77 61
SFIX R,1741416.0,
EFIX R,1741416.0,1741600 186 917.8 528.9 933
SSACC R,1741602.0,
ESACC R,1741602.0,1741612 12 916.7 529.5 933.3 549.6 0.71 74
SFIX R,1741614.0,
EFIX R,1741614.0,1741712 100 938.1 551.3 963
SSACC R,1741714.0,
SBLINK R,1741736.0,
EBLINK R,1741736.0,1741948 214
ESACC R,1741714.0,1742006 294 950.4 540.5 980.9 452.6 2.52 466
SFIX R,1742008.0,
EFIX R,1742008.0,1742312 306 969.1 506.7 1025
SSACC R,1742314.0,
ESACC R,1742314.0,1742334 22 970.3 521.9 952.2 484.6 1.12 79
SFIX R,1742336.0,
EFIX R,1742336.0,1742852 518 949.0 513.7 1059
SSACC R,1742854.0,
SBLINK R,1742896.0,
EBLINK R,1742896.0,1743132 238
ESACC R,1742854.0,1743210 358 953.0 532.4 963.3 473.1 1.63 507
SFIX R,1743212.0,
EFIX R,1743212.0,1743392 182 946.7 480.9 1045
SSACC R,1743394.0,
ESACC R,1743394.0,1743406 14 945.3 505.7 966.2 531.1 0.89 94
SFIX R,1743408.0,
EFIX R,1743408.0,1743706 300 956.1 526.7 1032
SSACC R,1743708.0,
ESACC R,1743708.0,1743714 8 939.7 518.9 926.2 512.1 0.41 66
SFIX R,1743716.0,
EFIX R,1743716.0,1743960 246 923.9 533.5 1003
SSACC R,1743962.0,
ESACC R,1743962.0,1743980 20 923.7 540.0 953.9 506.6 1.22 88
SFIX R,1743982.0,
EFIX R,1743982.0,1744694 714 954.7 521.9 1001
SSACC R,1744696.0,
ESACC R,1744696.0,1744704 10 952.8 531.2 941.0 526.2 0.35 51
SFIX R,1744706.0,
EFIX R,1744706.0,1745138 434 948.3 535.4 1021
SSACC R,1745140.0,
ESACC R,1745140.0,1745156 18 957.2 542.2 933.7 530.0 0.72 66
SFIX R,1745158.0,
EFIX R,1745158.0,1745324 168 933.3 536.6 1016
SSACC R,1745326.0,
ESACC R,1745326.0,1745342 18 935.5 543.0 957.7 536.2 0.63 60
SFIX R,1745344.0,
EFIX R,1745344.0,1747094 1752 951.1 539.1 973
SSACC R,1747096.0,
ESACC R,1747096.0,1747100 6 949.2 533.7 949.9 524.8 0.24 63
SFIX R,1747102.0,
EFIX R,1747102.0,1747488 388 959.7 528.0 941
SSACC R,1747490.0,
SBLINK R,1747520.0,
EBLINK R,1747520.0,1747760 242
ESACC R,1747490.0,1747842 354 955.4 543.6 951.1 485.2 1.59 646
SFIX R,1747844.0,
EFIX R,1747844.0,1748364 522 939.7 515.9 835
SSACC R,1748366.0,
ESACC R,1748366.0,1748382 18 930.0 536.2 962.9 511.4 1.12 89
SFIX R,1748384.0,
EFIX R,1748384.0,1749088 706 937.7 531.0 838
SSACC R,1749090.0,
ESACC R,1749090.0,1749100 12 938.4 540.7 944.0 516.6 0.67 69
SFIX R,1749102.0,
EFIX R,1749102.0,1750126 1026 942.7 532.3 913
SSACC R,1750128.0,
ESACC R,1750128.0,1750146 20 943.8 534.6 918.2 500.9 1.15 87
SFIX R,1750148.0,
EFIX R,1750148.0,1750222 76 911.7 496.1 935
SSACC R,1750224.0,
ESACC R,1750224.0,1750240 18 909.0 499.6 955.7 513.4 1.32 102
SFIX R,1750242.0,
EFIX R,1750242.0,1751092 852 935.3 548.9 888
SSACC R,1751094.0,
ESACC R,1751094.0,1751112 20 936.5 567.0 919.2 532.3 1.05 92
SFIX R,1751114.0,
EFIX R,1751114.0,1751380 268 925.2 543.2 872
SSACC R,1751382.0,
ESACC R,1751382.0,1751390 10 928.8 552.8 951.0 546.8 0.62 80
SFIX R,1751392.0,
EFIX R,1751392.0,1751592 202 952.9 546.7 891
SSACC R,1751594.0,
ESACC R,1751594.0,1751602 10 956.3 551.4 940.8 534.8 0.62 72
SFIX R,1751604.0,
EFIX R,1751604.0,1754672 3070 935.4 527.1 785
SSACC R,1754674.0,
ESACC R,1754674.0,1754680 8 911.5 541.6 921.9 529.0 0.44 67
SFIX R,1754682.0,
EFIX R,1754682.0,1755668 988 907.3 518.9 680
SSACC R,1755670.0,
ESACC R,1755670.0,1755680 12 906.2 506.2 928.8 510.0 0.62 73
SFIX R,1755682.0,
EFIX R,1755682.0,1756532 852 916.9 529.2 769
SSACC R,1756534.0,
ESACC R,1756534.0,1756550 18 907.3 558.4 916.4 519.5 1.08 94
SFIX R,1756552.0,
EFIX R,1756552.0,1756826 276 916.5 528.8 812
SSACC R,1756828.0,
SBLINK R,1756866.0,
EBLINK R,1756866.0,1757022 158
ESACC R,1756828.0,1757072 246 905.5 534.3 919.4 456.2 2.15 2028
SFIX R,1757074.0,
EFIX R,1757074.0,1757238 166 911.2 506.1 821
SSACC R,1757240.0,
ESACC R,1757240.0,1757248 10 907.6 527.9 924.9 527.5 0.47 65
SFIX R,1757250.0,
EFIX R,1757250.0,1757910 662 918.7 539.7 800
SSACC R,1757912.0,
ESACC R,1757912.0,1757922 12 905.8 549.0 911.7 529.4 0.55 95
SFIX R,1757924.0,
EFIX R,1757924.0,1759026 1104 905.9 529.8 776
SSACC R,1759028.0,
ESACC R,1759028.0,1759036 10 914.9 545.6 910.7 531.0 0.41 53
SFIX R,1759038.0,
EFIX R,1759038.0,1760652 1616 915.5 533.8 824
SSACC R,1760654.0,
ESACC R,1760654.0,1760672 20 913.4 541.8 946.5 512.1 1.21 90
SFIX R,1760674.0,
EFIX R,1760674.0,1760830 158 942.9 516.6 869
SSACC R,1760832.0,
ESACC R,1760832.0,1760846 16 937.4 519.5 915.6 533.4 0.70 53
SFIX R,1760848.0,
EFIX R,1760848.0,1761274 428 921.4 538.9 857
SSACC R,1761276.0,
ESACC R,1761276.0,1761280 6 927.3 544.1 916.4 542.8 0.30 56
SFIX R,1761282.0,
EFIX R,1761282.0,1761932 652 906.5 542.3 763
SSACC R,1761934.0,
SBLINK R,1761982.0,
EBLINK R,1761982.0,1762404 424
ESACC R,1761934.0,1762496 564 907.7 515.5 942.6 450.8 1.99 295
SFIX R,1762498.0,
EFIX R,1762498.0,1762602 106 943.7 458.5 628
SSACC R,1762604.0,
ESACC R,1762604.0,1762616 14 944.7 472.2 945.4 478.7 0.18 51
SFIX R,1762618.0,
EFIX R,1762618.0,1762670 54 940.4 481.7 647
SSACC R,1762672.0,
ESACC R,1762672.0,1762682 12 935.4 484.2 940.0 498.3 0.40 60
SFIX R,1762684.0,
EFIX R,1762684.0,1762978 296 924.8 520.2 579
SSACC R,1762980.0,
ESACC R,1762980.0,1762994 16 916.8 544.4 908.9 526.4 0.53 59
SFIX R,1762996.0,
EFIX R,1762996.0,1763268 274 894.3 540.0 528
SSACC R,1763270.0,
ESACC R,1763270.0,1763274 6 889.1 536.8 896.6 530.4 0.27 63
SFIX R,1763276.0,
EFIX R,1763276.0,1763460 186 901.7 542.2 567
SSACC R,1763462.0,
ESACC R,1763462.0,1763480 20 904.5 556.5 879.6 521.6 1.16 112
SFIX R,1763482.0,
EFIX R,1763482.0,1763672 192 886.3 544.0 631
SSACC R,1763674.0,
ESACC R,1763674.0,1763690 18 896.0 558.8 912.5 524.8 1.02 108
SFIX R,1763692.0,
EFIX R,1763692.0,1764672 982 909.9 555.0 706
SSACC R,1764674.0,
ESACC R,1764674.0,1764682 10 896.8 568.3 889.6 555.7 0.39 51
SFIX R,1764684.0,
EFIX R,1764684.0,1765128 446 887.9 555.3 764
SSACC R,1765130.0,
ESACC R,1765130.0,1765148 20 878.9 558.3 912.5 558.4 0.91 59
SFIX R,1765150.0,
EFIX R,1765150.0,1765274 126 909.3 557.5 731
SSACC R,1765276.0,
ESACC R,1765276.0,1765290 16 905.7 558.2 874.1 549.1 0.89 72
SFIX R,1765292.0,
EFIX R,1765292.0,1765418 128 875.4 558.6 704
SSACC R,1765420.0,
SBLINK R,1765452.0,
EBLINK R,1765452.0,1765724 274
ESACC R,1765420.0,1765784 366 887.9 545.0 909.7 485.9 1.71 1831
SFIX R,1765786.0,
EFIX R,1765786.0,1767454 1670 901.4 548.9 610
SSACC R,1767456.0,
ESACC R,1767456.0,1767462 8 902.1 569.6 896.2 555.1 0.42 62
SFIX R,1767464.0,
EFIX R,1767464.0,1768174 712 898.7 558.1 676
SSACC R,1768176.0,
SBLINK R,1768248.0,
EBLINK R,1768248.0,1768616 370
ESACC R,1768176.0,1768744 570 913.6 530.2 917.2 467.4 1.70 187
SFIX R,1768746.0,
EFIX R,1768746.0,1769040 296 906.3 483.4 621
SSACC R,1769042.0,
ESACC R,1769042.0,1769052 12 898.8 524.2 911.8 538.2 0.52 56
SFIX R,1769054.0,
EFIX R,1769054.0,1769192 140 908.3 553.6 586
SSACC R,1769194.0,
ESACC R,1769194.0,1769216 24 911.2 563.6 892.3 527.7 1.10 66
SFIX R,1769218.0,
EFIX R,1769218.0,1769992 776 891.7 541.8 574
SSACC R,1769994.0,
ESACC R,1769994.0,1770008 16 906.9 569.9 904.7 539.6 0.82 72
SFIX R,1770010.0,
EFIX R,1770010.0,1770092 84 902.9 553.1 654
SSACC R,1770094.0,
ESACC R,1770094.0,1770098 6 901.8 551.9 899.0 543.2 0.25 54
SFIX R,1770100.0,
EFIX R,1770100.0,1770288 190 896.4 553.0 621
SSACC R,1770290.0,
ESACC R,1770290.0,1770298 10 901.3 554.4 908.6 539.0 0.46 64
SFIX R,1770300.0,
EFIX R,1770300.0,1770596 298 909.5 539.1 599
SSACC R,1770598.0,
SBLINK R,1770660.0,
EBLINK R,1770660.0,1771708 1050
ESACC R,1770598.0,1771832 1236 893.7 528.8 946.7 478.2 1.99 2004
SFIX R,1771834.0,
EFIX R,1771834.0,1772024 192 942.6 505.9 690
SSACC R,1772026.0,
ESACC R,1772026.0,1772058 34 941.4 546.5 1049.7 476.9 3.49 238
SFIX R,1772060.0,
EFIX R,1772060.0,1772366 308 1015.3 502.3 648
SSACC R,1772368.0,
ESACC R,1772368.0,1772390 24 953.7 524.9 874.7 528.1 2.14 155
SFIX R,1772392.0,
EFIX R,1772392.0,1772580 190 874.8 546.6 633
SSACC R,1772582.0,
ESACC R,1772582.0,1772590 10 879.3 552.5 882.1 530.9 0.59 76
SFIX R,1772592.0,
EFIX R,1772592.0,1772824 234 889.5 547.8 683
SSACC R,1772826.0,
ESACC R,1772826.0,1772852 28 897.3 550.4 904.8 542.3 0.30 69
SFIX R,1772854.0,
EFIX R,1772854.0,1773754 902 914.5 559.3 775
SSACC R,1773756.0,
SBLINK R,1773772.0,
EBLINK R,1773772.0,1773948 178
ESACC R,1773756.0,1773998 244 894.8 601.5 892.0 491.8 2.97 372
SFIX R,1774000.0,
EFIX R,1774000.0,1774156 158 891.0 522.0 730
SSACC R,1774158.0,
ESACC R,1774158.0,1774166 10 885.6 534.4 871.9 541.8 0.42 55
SFIX R,1774168.0,
EFIX R,1774168.0,1774354 188 863.2 534.2 749
SSACC R,1774356.0,
ESACC R,1774356.0,1774378 24 870.9 531.4 888.1 524.0 0.51 68
SFIX R,1774380.0,
EFIX R,1774380.0,1775420 1042 890.0 543.0 679
SSACC R,1775422.0,
ESACC R,1775422.0,1775434 14 887.4 551.3 907.5 542.5 0.59 54
SFIX R,1775436.0,
EFIX R,1775436.0,1775554 120 907.3 539.2 669
SSACC R,1775556.0,
ESACC R,1775556.0,1775566 12 910.3 543.1 887.7 545.9 0.62 64
SFIX R,1775568.0,
EFIX R,1775568.0,1776444 878 896.3 547.1 684
SSACC R,1776446.0,
ESACC R,1776446.0,1776462 18 897.5 571.9 879.9 552.2 0.72 63
SFIX R,1776464.0,
EFIX R,1776464.0,1776554 92 886.8 564.6 729
SSACC R,1776556.0,
ESACC R,1776556.0,1776566 12 893.4 569.7 908.1 557.1 0.52 65
SFIX R,1776568.0,
EFIX R,1776568.0,1776732 166 907.0 571.2 710
SSACC R,1776734.0,
ESACC R,1776734.0,1776746 14 906.5 577.2 900.5 557.1 0.57 68
SFIX R,1776748.0,
EFIX R,1776748.0,1776952 206 899.9 539.6 686
SSACC R,1776954.0,
SBLINK R,1776984.0,
EBLINK R,1776984.0,1777422 440
ESACC R,1776954.0,1777600 648 899.3 500.8 901.1 434.7 1.79 441
SFIX R,1777602.0,
EFIX R,1777602.0,1777636 36 898.5 439.8 711
SSACC R,1777638.0,
ESACC R,1777638.0,1777656 20 900.6 433.3 901.3 457.9 0.67 75
SFIX R,1777658.0,
EFIX R,1777658.0,1778096 440 901.5 526.7 669
SSACC R,1778098.0,
ESACC R,1778098.0,1778110 14 903.0 553.4 902.7 525.3 0.76 72
SFIX R,1778112.0,
EFIX R,1778112.0,1778268 158 901.4 547.1 571
SSACC R,1778270.0,
ESACC R,1778270.0,1778308 40 897.9 559.7 889.6 524.0 0.99 95
SFIX R,1778310.0,
EFIX R,1778310.0,1778496 188 884.5 526.2 541
SSACC R,1778498.0,
ESACC R,1778498.0,1778504 8 883.2 533.5 887.0 523.6 0.29 56
SFIX R,1778506.0,
EFIX R,1778506.0,1779440 936 900.9 545.7 640
SSACC R,1779442.0,
ESACC R,1779442.0,1779454 14 900.8 567.7 897.1 544.5 0.64 66
SFIX R,1779456.0,
EFIX R,1779456.0,1779476 22 901.3 530.9 667
SSACC R,1779478.0,
SBLINK R,1779516.0,
EBLINK R,1779516.0,1779786 272
ESACC R,1779478.0,1779850 374 903.4 514.5 896.7 465.9 1.33 1911
SFIX R,1779852.0,
EFIX R,1779852.0,1780432 582 894.1 516.1 626
SSACC R,1780434.0,
ESACC R,1780434.0,1780444 12 869.6 513.5 888.1 507.8 0.52 60
SFIX R,1780446.0,
EFIX R,1780446.0,1780898 454 870.2 536.9 586
SSACC R,1780900.0,
ESACC R,1780900.0,1780924 26 863.5 571.8 888.8 526.9 1.40 102
SFIX R,1780926.0,
EFIX R,1780926.0,1781106 182 885.1 546.0 644
SSACC R,1781108.0,
ESACC R,1781108.0,1781114 8 892.0 552.9 881.4 543.8 0.38 59
SFIX R,1781116.0,
EFIX R,1781116.0,1782066 952 888.5 549.3 688
SSACC R,1782068.0,
ESACC R,1782068.0,1782080 14 877.5 551.8 893.6 553.7 0.44 59
SFIX R,1782082.0,
EFIX R,1782082.0,1782596 516 890.5 562.5 647
SSACC R,1782598.0,
ESACC R,1782598.0,1782614 18 894.0 583.6 913.0 550.1 1.04 88
SFIX R,1782616.0,
EFIX R,1782616.0,1782812 198 908.2 566.7 652
SSACC R,1782814.0,
ESACC R,1782814.0,1782826 14 905.1 576.0 882.0 561.3 0.74 68
SFIX R,1782828.0,
EFIX R,1782828.0,1783168 342 874.8 566.4 623
SSACC R,1783170.0,
ESACC R,1783170.0,1783180 12 877.1 564.6 887.0 536.7 0.80 89
SFIX R,1783182.0,
EFIX R,1783182.0,1783340 160 890.2 537.7 604
SSACC R,1783342.0,
ESACC R,1783342.0,1783348 8 885.7 546.4 873.4 541.4 0.36 50
SFIX R,1783350.0,
EFIX R,1783350.0,1783470 122 864.5 542.1 592
SSACC R,1783472.0,
ESACC R,1783472.0,1783498 28 869.3 543.3 893.5 537.2 0.68 72
SFIX R,1783500.0,
EFIX R,1783500.0,1783608 110 895.7 543.7 569
SSACC R,1783610.0,
ESACC R,1783610.0,1783614 6 903.1 543.7 899.7 530.2 0.38 66
SFIX R,1783616.0,
EFIX R,1783616.0,1783660 46 900.9 530.9 556
SSACC R,1783662.0,
ESACC R,1783662.0,1783670 10 902.3 532.0 900.2 513.9 0.49 75
SFIX R,1783672.0,
EFIX R,1783672.0,1783864 194 889.1 505.4 533
SSACC R,1783866.0,
ESACC R,1783866.0,1783872 8 890.5 513.6 890.5 498.1 0.42 54
SFIX R,1783874.0,
EFIX R,1783874.0,1783986 114 888.0 496.6 505
SSACC R,1783988.0,
ESACC R,1783988.0,1784006 20 884.5 500.4 887.8 498.5 0.10 62
SFIX R,1784008.0,
EFIX R,1784008.0,1784104 98 886.1 492.5 478
SSACC R,1784106.0,
SBLINK R,1784186.0,
EBLINK R,1784186.0,1785340 1156
ESACC R,1784106.0,1785434 1330 891.8 486.9 929.4 455.4 1.33 259
SFIX R,1785436.0,
EFIX R,1785436.0,1786206 772 889.1 497.4 489
SSACC R,1786208.0,
ESACC R,1786208.0,1786228 22 881.8 501.4 899.0 531.5 0.94 88
SFIX R,1786230.0,
EFIX R,1786230.0,1786362 134 895.5 541.9 469
SSACC R,1786364.0,
ESACC R,1786364.0,1786382 20 898.6 562.8 883.8 521.7 1.18 106
SFIX R,1786384.0,
EFIX R,1786384.0,1786532 150 880.1 562.2 525
SSACC R,1786534.0,
ESACC R,1786534.0,1786554 22 877.4 592.2 897.8 530.3 1.77 126
SFIX R,1786556.0,
EFIX R,1786556.0,1786714 160 885.8 561.7 585
SSACC R,1786716.0,
ESACC R,1786716.0,1786740 26 882.9 577.5 853.8 523.5 1.66 129
SFIX R,1786742.0,
EFIX R,1786742.0,1787000 260 864.0 545.2 653
SSACC R,1787002.0,
ESACC R,1787002.0,1787014 14 871.6 543.3 900.1 528.7 0.87 78
SFIX R,1787016.0,
EFIX R,1787016.0,1788074 1060 906.0 544.7 810
SSACC R,1788076.0,
ESACC R,1788076.0,1788082 8 908.4 549.7 920.7 543.6 0.37 58
SFIX R,1788084.0,
EFIX R,1788084.0,1788990 908 913.8 554.7 788
SSACC R,1788992.0,
SBLINK R,1789022.0,
EBLINK R,1789022.0,1789176 156
ESACC R,1788992.0,1789232 242 876.1 573.7 910.3 523.7 1.64 2137
SFIX R,1789234.0,
EFIX R,1789234.0,1789434 202 913.9 571.6 713
SSACC R,1789436.0,
ESACC R,1789436.0,1789442 8 908.2 571.0 904.1 555.1 0.44 71
SFIX R,1789444.0,
EFIX R,1789444.0,1789690 248 901.8 557.8 750
SSACC R,1789692.0,
ESACC R,1789692.0,1789708 18 908.4 561.7 925.3 526.4 1.06 100
SFIX R,1789710.0,
EFIX R,1789710.0,1790174 466 923.0 546.8 753
SSACC R,1790176.0,
ESACC R,1790176.0,1790188 14 916.8 557.7 903.8 532.4 0.77 78
SFIX R,1790190.0,
EFIX R,1790190.0,1790732 544 902.6 556.7 731
SSACC R,1790734.0,
ESACC R,1790734.0,1790744 12 907.9 569.6 920.9 556.8 0.49 67
SFIX R,1790746.0,
EFIX R,1790746.0,1791316 572 917.9 568.4 742
SSACC R,1791318.0,
ESACC R,1791318.0,1791330 14 920.3 584.2 908.1 568.8 0.53 71
SFIX R,1791332.0,
EFIX R,1791332.0,1792022 692 906.7 580.1 769
SSACC R,1792024.0,
ESACC R,1792024.0,1792036 14 913.2 585.6 927.3 557.5 0.85 85
SFIX R,1792038.0,
EFIX R,1792038.0,1792486 450 927.6 566.8 799
SSACC R,1792488.0,
ESACC R,1792488.0,1792496 10 925.9 568.9 908.5 559.3 0.54 65
SFIX R,1792498.0,
EFIX R,1792498.0,1793838 1342 908.8 578.5 786
SSACC R,1793840.0,
SBLINK R,1793870.0,
EBLINK R,1793870.0,1794052 184
ESACC R,1793840.0,1794106 268 878.2 594.8 900.7 507.8 2.44 2250
SFIX R,1794108.0,
EFIX R,1794108.0,1794734 628 895.8 552.1 654
SSACC R,1794736.0,
ESACC R,1794736.0,1794750 16 891.4 561.5 884.2 535.4 0.73 72
SFIX R,1794752.0,
EFIX R,1794752.0,1795216 466 885.2 554.1 643
SSACC R,1795218.0,
ESACC R,1795218.0,1795228 12 885.6 559.1 904.8 541.5 0.71 65
SFIX R,1795230.0,
EFIX R,1795230.0,1795454 226 911.1 549.7 672
SSACC R,1795456.0,
ESACC R,1795456.0,1795470 16 909.6 558.0 883.2 545.7 0.79 78
SFIX R,1795472.0,
EFIX R,1795472.0,1795578 108 875.1 546.3 677
SSACC R,1795580.0,
ESACC R,1795580.0,1795592 14 874.9 546.5 903.0 547.7 0.76 74
SFIX R,1795594.0,
EFIX R,1795594.0,1797024 1432 896.4 553.8 650
SSACC R,1797026.0,
ESACC R,1797026.0,1797040 16 893.5 563.9 890.3 547.5 0.45 57
SFIX R,1797042.0,
EFIX R,1797042.0,1797372 332 890.3 558.8 563
SSACC R,1797374.0,
ESACC R,1797374.0,1797392 20 891.7 563.7 868.8 536.1 0.97 61
SFIX R,1797394.0,
EFIX R,1797394.0,1797528 136 865.7 541.9 542
SSACC R,1797530.0,
ESACC R,1797530.0,1797538 10 865.4 543.4 885.2 546.7 0.54 68
SFIX R,1797540.0,
EFIX R,1797540.0,1797712 174 887.4 545.7 531
SSACC R,1797714.0,
ESACC R,1797714.0,1797730 18 889.9 552.2 885.4 554.5 0.14 55
SFIX R,1797732.0,
EFIX R,1797732.0,1797886 156 889.8 550.9 556
SSACC R,1797888.0,
ESACC R,1797888.0,1797902 16 888.6 549.9 870.8 541.8 0.53 93
SFIX R,1797904.0,
EFIX R,1797904.0,1798036 134 871.7 544.2 601
SSACC R,1798038.0,
ESACC R,1798038.0,1798046 10 879.1 545.3 897.4 553.4 0.54 69
SFIX R,1798048.0,
EFIX R,1798048.0,1798316 270 903.5 560.8 629
SSACC R,1798318.0,
ESACC R,1798318.0,1798324 8 898.0 560.0 884.6 559.2 0.36 62
SFIX R,1798326.0,
EFIX R,1798326.0,1799992 1668 888.8 572.7 689
SSACC R,1799994.0,
SBLINK R,1800032.0,
EBLINK R,1800032.0,1800282 252
ESACC R,1799994.0,1800330 338 872.5 582.8 947.8 475.0 3.56 1791
SFIX R,1800332.0,
EFIX R,1800332.0,1800730 400 925.6 508.2 609
SSACC R,1800732.0,
ESACC R,1800732.0,1800742 12 917.3 544.2 895.1 536.3 0.64 63
SFIX R,1800744.0,
EFIX R,1800744.0,1800976 234 883.6 536.0 565
SSACC R,1800978.0,
ESACC R,1800978.0,1800990 14 878.0 536.6 898.1 528.3 0.59 53
SFIX R,1800992.0,
EFIX R,1800992.0,1801188 198 893.8 536.6 529
SSACC R,1801190.0,
ESACC R,1801190.0,1801230 42 890.2 545.0 871.4 529.9 0.65 99
SFIX R,1801232.0,
EFIX R,1801232.0,1801416 186 871.0 547.2 570
SSACC R,1801418.0,
ESACC R,1801418.0,1801438 22 873.6 563.4 895.6 519.2 1.34 125
SFIX R,1801440.0,
EFIX R,1801440.0,1802820 1382 898.4 550.3 696
SSACC R,1802822.0,
ESACC R,1802822.0,1802830 10 883.6 553.3 904.7 554.4 0.57 71
SFIX R,1802832.0,
EFIX R,1802832.0,1803362 532 901.2 553.0 704
SSACC R,1803364.0,
ESACC R,1803364.0,1803374 12 891.2 548.5 872.3 531.8 0.68 74
SFIX R,1803376.0,
EFIX R,1803376.0,1803498 124 869.3 538.4 689
SSACC R,1803500.0,
ESACC R,1803500.0,1803510 12 869.3 536.7 889.0 542.3 0.56 55
SFIX R,1803512.0,
EFIX R,1803512.0,1805060 1550 890.9 526.1 571
SSACC R,1805062.0,
SBLINK R,1805114.0,
EBLINK R,1805114.0,1805484 372
ESACC R,1805062.0,1805598 538 884.4 529.5 887.0 448.9 2.18 1044
SFIX R,1805600.0,
EFIX R,1805600.0,1806064 466 917.6 508.1 532
SSACC R,1806066.0,
SBLINK R,1806138.0,
EBLINK R,1806138.0,1806528 392
ESACC R,1806066.0,1806672 608 912.4 521.7 900.3 491.7 0.88 470
SFIX R,1806674.0,
EFIX R,1806674.0,1806774 102 908.1 500.7 469
SSACC R,1806776.0,
ESACC R,1806776.0,1806782 8 909.9 496.2 912.8 481.6 0.40 54
SFIX R,1806784.0,
EFIX R,1806784.0,1806954 172 925.4 491.9 504
SSACC R,1806956.0,
ESACC R,1806956.0,1806974 20 935.0 513.4 976.1 500.4 1.17 86
SFIX R,1806976.0,
EFIX R,1806976.0,1807134 160 952.0 523.5 514
SSACC R,1807136.0,
ESACC R,1807136.0,1807154 20 940.9 547.1 880.6 509.9 1.92 124
SFIX R,1807156.0,
EFIX R,1807156.0,1807320 166 885.0 546.4 513
SSACC R,1807322.0,
ESACC R,1807322.0,1807334 14 891.7 564.3 893.0 526.4 1.03 89
SFIX R,1807336.0,
EFIX R,1807336.0,1807494 160 880.7 557.6 524
SSACC R,1807496.0,
ESACC R,1807496.0,1807522 28 873.3 585.1 874.3 521.8 1.72 148
SFIX R,1807524.0,
EFIX R,1807524.0,1809146 1624 891.8 543.8 671
SSACC R,1809148.0,
ESACC R,1809148.0,1809152 6 891.5 538.4 897.5 534.1 0.20 49
SFIX R,1809154.0,
EFIX R,1809154.0,1809562 410 889.1 541.1 753
SSACC R,1809564.0,
ESACC R,1809564.0,1809574 12 890.6 558.5 912.5 548.3 0.65 65
SFIX R,1809576.0,
EFIX R,1809576.0,1809836 262 912.7 557.9 766
SSACC R,1809838.0,
ESACC R,1809838.0,1809846 10 903.9 562.0 894.0 547.7 0.47 57
SFIX R,1809848.0,
EFIX R,1809848.0,1810098 252 886.6 558.3 768
SSACC R,1810100.0,
SBLINK R,1810132.0,
EBLINK R,1810132.0,1810302 172
ESACC R,1810100.0,1810356 258 867.5 577.1 900.6 557.4 1.04 2456
SFIX R,1810358.0,
EFIX R,1810358.0,1810500 144 900.1 571.4 728
SSACC R,1810502.0,
ESACC R,1810502.0,1810530 30 901.2 570.8 893.4 545.3 0.72 61
SFIX R,1810532.0,
EFIX R,1810532.0,1810744 214 904.7 567.1 738
SSACC R,1810746.0,
ESACC R,1810746.0,1810764 20 909.7 574.1 922.2 532.5 1.18 83
SFIX R,1810766.0,
EFIX R,1810766.0,1811244 480 912.3 550.5 667
SSACC R,1811246.0,
ESACC R,1811246.0,1811256 12 906.4 559.7 897.2 540.3 0.58 64
SFIX R,1811258.0,
EFIX R,1811258.0,1812158 902 894.0 567.5 734
SSACC R,1812160.0,
ESACC R,1812160.0,1812168 10 898.3 575.9 908.3 555.5 0.62 70
SFIX R,1812170.0,
EFIX R,1812170.0,1812960 792 910.9 567.7 823
SSACC R,1812962.0,
ESACC R,1812962.0,1812976 16 914.0 579.0 886.5 562.0 0.88 84
SFIX R,1812978.0,
EFIX R,1812978.0,1813044 68 876.3 563.5 819
SSACC R,1813046.0,
ESACC R,1813046.0,1813068 24 879.3 566.1 924.8 569.6 1.24 66
SFIX R,1813070.0,
EFIX R,1813070.0,1813178 110 921.4 571.0 797
SSACC R,1813180.0,
ESACC R,1813180.0,1813192 14 924.4 572.0 898.0 574.8 0.72 58
SFIX R,1813194.0,
EFIX R,1813194.0,1813420 228 910.0 572.2 756
SSACC R,1813422.0,
SBLINK R,1813466.0,
EBLINK R,1813466.0,1813772 308
ESACC R,1813422.0,1813822 402 931.7 532.6 929.8 446.4 2.34 260
SFIX R,1813824.0,
EFIX R,1813824.0,1813868 46 914.6 466.1 636
SSACC R,1813870.0,
ESACC R,1813870.0,1813874 6 909.8 489.2 913.0 499.2 0.28 68
SFIX R,1813876.0,
EFIX R,1813876.0,1814530 656 904.5 518.9 632
SSACC R,1814532.0,
ESACC R,1814532.0,1814544 14 883.5 546.2 880.8 527.4 0.51 64
SFIX R,1814546.0,
EFIX R,1814546.0,1814718 174 883.6 553.1 604
SSACC R,1814720.0,
ESACC R,1814720.0,1814730 12 885.3 567.5 891.2 544.5 0.64 75
SFIX R,1814732.0,
EFIX R,1814732.0,1815476 746 893.4 546.9 618
SSACC R,1815478.0,
ESACC R,1815478.0,1815488 12 887.6 525.4 890.3 543.7 0.50 58
SFIX R,1815490.0,
EFIX R,1815490.0,1816078 590 887.5 558.8 685
SSACC R,1816080.0,
SBLINK R,1816106.0,
EBLINK R,1816106.0,1816564 460
ESACC R,1816080.0,1816608 530 887.2 525.9 939.1 430.9 2.93 451
SFIX R,1816610.0,
EFIX R,1816610.0,1817014 406 912.7 489.5 678
SSACC R,1817016.0,
ESACC R,1817016.0,1817034 20 900.8 518.4 873.7 535.1 0.86 61
SFIX R,1817036.0,
EFIX R,1817036.0,1817270 236 882.3 554.7 621
SSACC R,1817272.0,
ESACC R,1817272.0,1817286 16 884.0 570.3 902.3 540.3 0.95 95
SFIX R,1817288.0,
EFIX R,1817288.0,1817468 182 899.4 561.2 623
SSACC R,1817470.0,
ESACC R,1817470.0,1817490 22 902.1 577.9 878.8 521.4 1.66 111
SFIX R,1817492.0,
EFIX R,1817492.0,1818378 888 903.1 550.4 757
SSACC R,1818380.0,
ESACC R,1818380.0,1818394 16 913.0 567.0 952.1 568.3 1.06 78
SFIX R,1818396.0,
EFIX R,1818396.0,1818506 112 960.0 569.3 809
SSACC R,1818508.0,
ESACC R,1818508.0,1818522 16 956.8 567.9 921.3 572.1 0.97 71
SFIX R,1818524.0,
EFIX R,1818524.0,1819268 746 904.4 559.3 790
SSACC R,1819270.0,
ESACC R,1819270.0,1819292 24 901.5 553.9 906.1 515.6 1.05 63
SFIX R,1819294.0,
EFIX R,1819294.0,1821076 1784 907.8 539.5 842
SSACC R,1821078.0,
ESACC R,1821078.0,1821086 10 907.8 554.8 915.9 535.5 0.57 68
SFIX R,1821088.0,
EFIX R,1821088.0,1821382 296 916.4 535.1 857
SSACC R,1821384.0,
ESACC R,1821384.0,1821390 8 914.8 537.0 900.8 534.2 0.39 51
SFIX R,1821392.0,
EFIX R,1821392.0,1821548 158 890.8 536.2 876
SSACC R,1821550.0,
ESACC R,1821550.0,1821558 10 898.4 538.6 913.8 537.4 0.42 52
SFIX R,1821560.0,
EFIX R,1821560.0,1822448 890 922.8 552.9 828
SSACC R,1822450.0,
ESACC R,1822450.0,1822468 20 921.0 563.1 901.4 541.0 0.80 60
SFIX R,1822470.0,
EFIX R,1822470.0,1822774 306 900.9 559.6 767
SSACC R,1822776.0,
ESACC R,1822776.0,1822784 10 908.1 578.9 925.7 563.7 0.63 80
SFIX R,1822786.0,
EFIX R,1822786.0,1822988 204 932.7 569.2 775
SSACC R,1822990.0,
ESACC R,1822990.0,1822998 10 939.4 575.2 914.3 567.1 0.71 82
SFIX R,1823000.0,
EFIX R,1823000.0,1823064 66 912.8 563.6 765
SSACC R,1823066.0,
ESACC R,1823066.0,1823076 12 921.8 565.0 939.4 568.9 0.49 61
SFIX R,1823078.0,
EFIX R,1823078.0,1823218 142 937.9 572.3 742
SSACC R,1823220.0,
ESACC R,1823220.0,1823230 12 938.3 568.1 915.1 565.6 0.63 62
SFIX R,1823232.0,
EFIX R,1823232.0,1824140 910 910.3 560.0 657
SSACC R,1824142.0,
ESACC R,1824142.0,1824156 16 892.4 555.1 878.5 546.0 0.45 56
SFIX R,1824158.0,
EFIX R,1824158.0,1824406 250 892.4 546.4 564
SSACC R,1824408.0,
ESACC R,1824408.0,1824418 12 896.3 546.6 874.6 539.0 0.62 61
SFIX R,1824420.0,
EFIX R,1824420.0,1824550 132 867.5 532.5 562
SSACC R,1824552.0,
ESACC R,1824552.0,1824556 6 874.7 542.6 879.5 544.2 0.14 61
SFIX R,1824558.0,
EFIX R,1824558.0,1825102 546 884.8 559.8 612
SSACC R,1825104.0,
ESACC R,1825104.0,1825108 6 889.0 579.3 888.5 567.6 0.32 54
SFIX R,1825110.0,
EFIX R,1825110.0,1825268 160 895.3 567.4 626
SSACC R,1825270.0,
SBLINK R,1825300.0,
EBLINK R,1825300.0,1825546 248
ESACC R,1825270.0,1825636 368 880.9 553.1 905.0 534.5 0.83 1911
SFIX R,1825638.0,
EFIX R,1825638.0,1825938 302 884.9 528.7 581
SSACC R,1825940.0,
ESACC R,1825940.0,1825958 20 881.1 523.9 894.2 520.1 0.37 47
SFIX R,1825960.0,
EFIX R,1825960.0,1826206 248 887.6 537.6 573
SSACC R,1826208.0,
ESACC R,1826208.0,1826220 14 888.0 546.2 865.0 524.9 0.85 80
SFIX R,1826222.0,
EFIX R,1826222.0,1826296 76 871.3 538.3 563
SSACC R,1826298.0,
ESACC R,1826298.0,1826310 14 877.2 540.9 893.7 515.4 0.82 93
SFIX R,1826312.0,
EFIX R,1826312.0,1826518 208 894.3 534.5 576
SSACC R,1826520.0,
ESACC R,1826520.0,1826530 12 899.5 542.1 881.7 526.6 0.64 66
SFIX R,1826532.0,
EFIX R,1826532.0,1826658 128 878.7 535.1 591
SSACC R,1826660.0,
ESACC R,1826660.0,1826692 34 877.4 540.6 910.1 544.6 0.89 97
SFIX R,1826694.0,
EFIX R,1826694.0,1826832 140 911.5 547.5 609
SSACC R,1826834.0,
ESACC R,1826834.0,1826848 16 910.2 556.0 886.0 539.0 0.80 80
SFIX R,1826850.0,
EFIX R,1826850.0,1826922 74 886.3 543.8 634
SSACC R,1826924.0,
ESACC R,1826924.0,1826938 16 890.0 550.6 890.3 550.6 0.01 45
SFIX R,1826940.0,
EFIX R,1826940.0,1827066 128 888.5 546.9 641
SSACC R,1827068.0,
ESACC R,1827068.0,1827078 12 896.1 548.2 913.8 546.3 0.48 49
SFIX R,1827080.0,
EFIX R,1827080.0,1827920 842 904.8 546.4 606
SSACC R,1827922.0,
ESACC R,1827922.0,1827936 16 918.4 516.1 914.6 529.4 0.37 56
SFIX R,1827938.0,
EFIX R,1827938.0,1828042 106 912.6 527.0 533
SSACC R,1828044.0,
ESACC R,1828044.0,1828054 12 920.3 529.6 922.8 534.5 0.15 45
SFIX R,1828056.0,
EFIX R,1828056.0,1828540 486 924.3 529.0 532
SSACC R,1828542.0,
ESACC R,1828542.0,1828552 12 921.8 544.0 925.7 523.8 0.56 69
SFIX R,1828554.0,
EFIX R,1828554.0,1828692 140 898.3 526.2 553
SSACC R,1828694.0,
SBLINK R,1828758.0,
EBLINK R,1828758.0,1829032 276
ESACC R,1828694.0,1829104 412 893.6 523.6 940.3 481.9 1.70 216
SFIX R,1829106.0,
EFIX R,1829106.0,1829216 112 918.4 489.8 610
SSACC R,1829218.0,
ESACC R,1829218.0,1829226 10 913.1 504.1 911.9 496.5 0.21 49
SFIX R,1829228.0,
EFIX R,1829228.0,1829328 102 914.3 495.0 629
SSACC R,1829330.0,
ESACC R,1829330.0,1829360 32 908.5 487.8 909.1 498.8 0.30 54
SFIX R,1829362.0,
EFIX R,1829362.0,1829930 570 901.4 525.5 589
SSACC R,1829932.0,
ESACC R,1829932.0,1829940 10 893.8 564.8 887.0 541.2 0.67 81
SFIX R,1829942.0,
EFIX R,1829942.0,1830038 98 892.6 562.5 583
SSACC R,1830040.0,
ESACC R,1830040.0,1830050 12 893.2 560.4 891.3 542.9 0.48 78
SFIX R,1830052.0,
EFIX R,1830052.0,1830218 168 886.4 558.1 577
SSACC R,1830220.0,
ESACC R,1830220.0,1830232 14 888.7 568.2 879.8 539.7 0.81 66
SFIX R,1830234.0,
EFIX R,1830234.0,1830910 678 883.2 552.7 618
SSACC R,1830912.0,
ESACC R,1830912.0,1830922 12 880.6 552.5 876.9 532.3 0.56 60
SFIX R,1830924.0,
EFIX R,1830924.0,1831376 454 880.0 532.3 575
SSACC R,1831378.0,
ESACC R,1831378.0,1831388 12 878.7 529.9 883.8 505.0 0.69 81
SFIX R,1831390.0,
EFIX R,1831390.0,1831424 36 873.4 488.3 580
SSACC R,1831426.0,
SBLINK R,1831472.0,
EBLINK R,1831472.0,1831708 238
ESACC R,1831426.0,1831854 430 866.8 466.4 923.1 469.6 1.53 1652
SFIX R,1831856.0,
EFIX R,1831856.0,1832646 792 903.2 518.9 559
SSACC R,1832648.0,
SBLINK R,1832684.0,
EBLINK R,1832684.0,1833060 378
ESACC R,1832648.0,1833346 700 908.1 484.6 985.8 437.5 2.46 215
SFIX R,1833348.0,
EFIX R,1833348.0,1833396 50 981.9 431.4 617
SSACC R,1833398.0,
ESACC R,1833398.0,1833530 134 984.8 423.1 1073.4 435.6 2.42 101
SFIX R,1833532.0,
EFIX R,1833532.0,1833576 46 1078.9 460.4 603
SSACC R,1833578.0,
SBLINK R,1833640.0,
EBLINK R,1833640.0,1834606 968
ESACC R,1833578.0,1834642 1066 1081.2 457.4 -1078.7 1553.4 46.01 262
SFIX R,1834644.0,
EFIX R,1834644.0,1834680 38 -1118.6 1544.2 470
SSACC R,1834682.0,
ESACC R,1834682.0,1834860 180 -1111.3 1546.5 896.7 707.4 40.64 582
SFIX R,1834862.0,
EFIX R,1834862.0,1834918 58 852.0 676.5 554
SSACC R,1834920.0,
ESACC R,1834920.0,1834964 46 827.5 655.8 943.7 503.1 5.19 316
SFIX R,1834966.0,
EFIX R,1834966.0,1835106 142 925.3 545.1 557
SSACC R,1835108.0,
ESACC R,1835108.0,1835130 24 919.2 562.6 864.1 493.4 2.40 207
SFIX R,1835132.0,
EFIX R,1835132.0,1835286 156 869.2 542.2 571
SSACC R,1835288.0,
ESACC R,1835288.0,1835314 28 870.5 563.9 901.4 495.1 2.04 146
SFIX R,1835316.0,
EFIX R,1835316.0,1835540 226 890.2 526.2 603
SSACC R,1835542.0,
ESACC R,1835542.0,1835548 8 891.4 532.4 881.5 524.2 0.35 55
SFIX R,1835550.0,
EFIX R,1835550.0,1836216 668 898.2 534.7 799
SSACC R,1836218.0,
ESACC R,1836218.0,1836232 16 913.1 544.1 907.4 521.7 0.63 58
SFIX R,1836234.0,
EFIX R,1836234.0,1837082 850 919.9 528.5 904
SSACC R,1837084.0,
ESACC R,1837084.0,1837090 8 923.4 527.2 923.1 514.5 0.34 50
SFIX R,1837092.0,
EFIX R,1837092.0,1837848 758 925.9 526.2 964
SSACC R,1837850.0,
SBLINK R,1837874.0,
EBLINK R,1837874.0,1838050 178
ESACC R,1837850.0,1838124 276 904.5 544.9 905.5 506.6 1.04 327
SFIX R,1838126.0,
EFIX R,1838126.0,1838514 390 913.2 538.1 905
SSACC R,1838516.0,
ESACC R,1838516.0,1838528 14 925.3 528.6 931.4 497.9 0.85 84
SFIX R,1838530.0,
EFIX R,1838530.0,1839594 1066 926.8 522.0 892
SSACC R,1839596.0,
ESACC R,1839596.0,1839604 10 921.9 534.9 917.5 523.6 0.33 57
SFIX R,1839606.0,
EFIX R,1839606.0,1840102 498 911.1 535.0 934
SSACC R,1840104.0,
ESACC R,1840104.0,1840110 8 907.0 534.6 911.7 525.0 0.29 51
SFIX R,1840112.0,
EFIX R,1840112.0,1841988 1878 915.2 537.8 930
SSACC R,1841990.0,
ESACC R,1841990.0,1842000 12 925.1 552.3 914.4 533.1 0.60 72
SFIX R,1842002.0,
EFIX R,1842002.0,1843010 1010 910.8 548.6 934
SSACC R,1843012.0,
ESACC R,1843012.0,1843024 14 907.5 554.7 911.2 533.1 0.59 71
SFIX R,1843026.0,
EFIX R,1843026.0,1843420 396 915.6 547.1 937
SSACC R,1843422.0,
SBLINK R,1843442.0,
EBLINK R,1843442.0,1843628 188
ESACC R,1843422.0,1843662 242 907.5 568.2 912.8 482.0 2.34 454
SFIX R,1843664.0,
EFIX R,1843664.0,1843702 40 907.7 489.4 974
SSACC R,1843704.0,
ESACC R,1843704.0,1843722 20 901.5 506.4 893.1 527.0 0.60 73
SFIX R,1843724.0,
EFIX R,1843724.0,1843842 120 897.3 550.1 928
SSACC R,1843844.0,
ESACC R,1843844.0,1843852 10 903.9 543.1 924.2 533.0 0.61 78
SFIX R,1843854.0,
EFIX R,1843854.0,1844348 496 908.3 545.4 892
SSACC R,1844350.0,
ESACC R,1844350.0,1844354 6 894.4 536.8 893.3 531.7 0.14 44
SFIX R,1844356.0,
EFIX R,1844356.0,1845754 1400 900.9 554.3 825
SSACC R,1845756.0,
ESACC R,1845756.0,1845760 6 913.9 558.4 920.0 550.5 0.27 46
SFIX R,1845762.0,
EFIX R,1845762.0,1846248 488 914.7 556.6 844
SSACC R,1846250.0,
ESACC R,1846250.0,1846262 14 915.1 562.2 933.9 549.2 0.62 66
SFIX R,1846264.0,
EFIX R,1846264.0,1846394 132 936.5 545.0 826
SSACC R,1846396.0,
ESACC R,1846396.0,1846402 8 929.6 544.1 917.3 544.1 0.33 64
SFIX R,1846404.0,
EFIX R,1846404.0,1847012 610 915.4 544.3 769
SSACC R,1847014.0,
ESACC R,1847014.0,1847024 12 920.2 541.9 898.9 533.2 0.62 70
SFIX R,1847026.0,
EFIX R,1847026.0,1847112 88 889.9 534.2 746
SSACC R,1847114.0,
ESACC R,1847114.0,1847136 24 885.0 535.5 937.1 540.6 1.42 106
SFIX R,1847138.0,
EFIX R,1847138.0,1847658 522 927.3 541.0 727
SSACC R,1847660.0,
ESACC R,1847660.0,1847668 10 922.5 543.9 906.5 536.8 0.47 62
SFIX R,1847670.0,
EFIX R,1847670.0,1847918 250 901.5 540.5 773
SSACC R,1847920.0,
ESACC R,1847920.0,1847930 12 903.7 545.0 922.9 542.4 0.53 60
SFIX R,1847932.0,
EFIX R,1847932.0,1848630 700 915.8 553.7 807
SSACC R,1848632.0,
ESACC R,1848632.0,1848644 14 914.6 559.2 900.8 536.6 0.72 57
SFIX R,1848646.0,
EFIX R,1848646.0,1848728 84 899.2 543.4 821
SSACC R,1848730.0,
ESACC R,1848730.0,1848748 20 898.6 539.9 944.4 545.7 1.25 96
SFIX R,1848750.0,
EFIX R,1848750.0,1848864 116 935.3 549.1 815
SSACC R,1848866.0,
ESACC R,1848866.0,1848870 6 928.1 553.0 920.7 548.8 0.23 48
SFIX R,1848872.0,
EFIX R,1848872.0,1852096 3226 899.7 534.3 662
SSACC R,1852098.0,
ESACC R,1852098.0,1852108 12 889.6 541.0 907.9 540.4 0.50 52
SFIX R,1852110.0,
EFIX R,1852110.0,1852576 468 899.5 537.2 691
SSACC R,1852578.0,
ESACC R,1852578.0,1852592 16 890.3 533.6 870.0 540.6 0.58 47
SFIX R,1852594.0,
EFIX R,1852594.0,1853372 780 881.0 535.1 687
SSACC R,1853374.0,
ESACC R,1853374.0,1853378 6 894.3 550.7 901.8 545.3 0.25 46
SFIX R,1853380.0,
EFIX R,1853380.0,1854108 730 885.5 543.3 735
SSACC R,1854110.0,
ESACC R,1854110.0,1854116 8 878.0 549.8 884.1 540.1 0.31 53
SFIX R,1854118.0,
EFIX R,1854118.0,1854478 362 882.1 546.1 735
SSACC R,1854480.0,
SBLINK R,1854508.0,
EBLINK R,1854508.0,1854770 264
ESACC R,1854480.0,1854900 422 839.8 538.0 920.8 437.1 3.50 425
SFIX R,1854902.0,
EFIX R,1854902.0,1855328 428 916.2 494.5 592
SSACC R,1855330.0,
ESACC R,1855330.0,1855364 36 897.1 499.8 904.4 502.9 0.21 57
SFIX R,1855366.0,
EFIX R,1855366.0,1855842 478 881.9 509.6 489
SSACC R,1855844.0,
ESACC R,1855844.0,1855862 20 874.7 539.0 903.3 513.7 1.03 78
SFIX R,1855864.0,
EFIX R,1855864.0,1855960 98 894.5 532.5 538
SSACC R,1855962.0,
ESACC R,1855962.0,1855972 12 891.2 540.2 874.2 527.4 0.58 68
SFIX R,1855974.0,
EFIX R,1855974.0,1856068 96 874.3 543.0 571
SSACC R,1856070.0,
ESACC R,1856070.0,1856088 20 878.2 547.9 909.9 521.6 1.12 96
SFIX R,1856090.0,
EFIX R,1856090.0,1856230 142 900.8 547.5 597
SSACC R,1856232.0,
ESACC R,1856232.0,1856252 22 899.9 563.1 883.5 512.4 1.44 99
SFIX R,1856254.0,
EFIX R,1856254.0,1856880 628 890.3 533.4 680
SSACC R,1856882.0,
ESACC R,1856882.0,1856892 12 892.4 546.0 902.5 529.3 0.53 63
SFIX R,1856894.0,
EFIX R,1856894.0,1857364 472 903.9 558.0 762
SSACC R,1857366.0,
ESACC R,1857366.0,1857372 8 896.5 562.1 886.9 556.7 0.30 53
SFIX R,1857374.0,
EFIX R,1857374.0,1857458 86 880.9 551.6 738
SSACC R,1857460.0,
ESACC R,1857460.0,1857474 16 877.2 551.4 902.4 560.7 0.73 81
SFIX R,1857476.0,
EFIX R,1857476.0,1857672 198 900.8 559.5 735
SSACC R,1857674.0,
ESACC R,1857674.0,1857686 14 905.2 563.2 885.6 555.3 0.57 60
SFIX R,1857688.0,
EFIX R,1857688.0,1858840 1154 891.1 546.1 720
SSACC R,1858842.0,
ESACC R,1858842.0,1858848 8 893.5 560.2 888.2 541.0 0.54 83
SFIX R,1858850.0,
EFIX R,1858850.0,1859150 302 891.1 552.3 730
SSACC R,1859152.0,
ESACC R,1859152.0,1859158 8 894.8 551.5 886.9 537.8 0.43 67
SFIX R,1859160.0,
EFIX R,1859160.0,1859438 280 883.8 544.7 740
SSACC R,1859440.0,
ESACC R,1859440.0,1859452 14 884.6 552.5 901.6 536.9 0.63 52
SFIX R,1859454.0,
EFIX R,1859454.0,1859818 366 886.9 543.8 764
SSACC R,1859820.0,
ESACC R,1859820.0,1859836 18 873.6 552.3 899.3 539.1 0.78 55
SFIX R,1859838.0,
EFIX R,1859838.0,1859920 84 899.7 537.8 747
SSACC R,1859922.0,
ESACC R,1859922.0,1859936 16 899.6 537.3 882.7 519.3 0.67 47
SFIX R,1859938.0,
EFIX R,1859938.0,1861588 1652 887.0 523.2 634
SSACC R,1861590.0,
ESACC R,1861590.0,1861596 8 884.6 546.6 873.6 542.4 0.32 48
SFIX R,1861598.0,
EFIX R,1861598.0,1861718 122 873.3 536.7 690
SSACC R,1861720.0,
SBLINK R,1861756.0,
EBLINK R,1861756.0,1861966 212
ESACC R,1861720.0,1862156 438 874.8 519.8 939.5 434.4 2.90 2126
SFIX R,1862158.0,
EFIX R,1862158.0,1862192 36 934.9 428.1 636
SSACC R,1862194.0,
ESACC R,1862194.0,1862256 64 934.1 419.2 924.0 468.2 1.35 72
SFIX R,1862258.0,
EFIX R,1862258.0,1862698 442 906.8 479.9 566
SSACC R,1862700.0,
ESACC R,1862700.0,1862712 14 892.4 488.1 881.4 496.8 0.38 52
SFIX R,1862714.0,
EFIX R,1862714.0,1862954 242 879.7 504.0 531
SSACC R,1862956.0,
ESACC R,1862956.0,1862962 8 878.8 515.0 882.2 496.5 0.51 68
SFIX R,1862964.0,
EFIX R,1862964.0,1863152 190 888.7 520.6 558
SSACC R,1863154.0,
ESACC R,1863154.0,1863186 34 888.4 541.9 881.6 523.5 0.53 66
SFIX R,1863188.0,
EFIX R,1863188.0,1863390 204 881.4 542.4 613
SSACC R,1863392.0,
ESACC R,1863392.0,1863410 20 884.4 551.8 898.1 503.2 1.37 110
SFIX R,1863412.0,
EFIX R,1863412.0,1863614 204 896.9 515.7 648
SSACC R,1863616.0,
ESACC R,1863616.0,1863624 10 891.1 522.9 876.1 514.6 0.46 58
SFIX R,1863626.0,
EFIX R,1863626.0,1863744 120 865.5 516.3 663
SSACC R,1863746.0,
ESACC R,1863746.0,1863758 14 863.3 518.2 893.4 520.8 0.82 77
SFIX R,1863760.0,
EFIX R,1863760.0,1863940 182 898.8 526.9 661
SSACC R,1863942.0,
ESACC R,1863942.0,1863956 16 895.2 527.8 873.8 508.1 0.79 60
SFIX R,1863958.0,
EFIX R,1863958.0,1865772 1816 885.3 513.2 597
SSACC R,1865774.0,
ESACC R,1865774.0,1865790 18 875.4 559.9 897.1 520.6 1.22 100
SFIX R,1865792.0,
EFIX R,1865792.0,1865890 100 896.8 526.1 663
SSACC R,1865892.0,
ESACC R,1865892.0,1865904 14 889.7 528.6 872.1 528.9 0.48 51
SFIX R,1865906.0,
EFIX R,1865906.0,1867030 1126 881.6 533.7 696
SSACC R,1867032.0,
ESACC R,1867032.0,1867038 8 877.6 534.8 876.6 522.5 0.33 52
SFIX R,1867040.0,
EFIX R,1867040.0,1867274 236 876.9 534.5 754
SSACC R,1867276.0,
ESACC R,1867276.0,1867290 16 872.9 540.4 870.6 508.1 0.88 67
SFIX R,1867292.0,
EFIX R,1867292.0,1868194 904 893.1 519.4 834
SSACC R,1868196.0,
ESACC R,1868196.0,1868204 10 902.9 529.4 893.9 516.1 0.44 64
SFIX R,1868206.0,
EFIX R,1868206.0,1868506 302 885.3 522.3 867
SSACC R,1868508.0,
ESACC R,1868508.0,1868522 16 885.8 529.5 913.6 518.9 0.81 65
SFIX R,1868524.0,
EFIX R,1868524.0,1868734 212 906.9 524.7 868
SSACC R,1868736.0,
ESACC R,1868736.0,1868744 10 911.4 528.2 899.5 519.3 0.40 51
SFIX R,1868746.0,
EFIX R,1868746.0,1869010 266 893.9 524.4 864
SSACC R,1869012.0,
ESACC R,1869012.0,1869024 14 899.8 522.2 929.0 510.8 0.85 71
SFIX R,1869026.0,
EFIX R,1869026.0,1869144 120 930.6 510.1 865
SSACC R,1869146.0,
ESACC R,1869146.0,1869160 16 936.7 511.0 906.0 512.2 0.83 77
SFIX R,1869162.0,
EFIX R,1869162.0,1869738 578 906.5 515.1 883
SSACC R,1869740.0,
ESACC R,1869740.0,1869746 8 916.8 525.2 925.7 516.9 0.33 49
SFIX R,1869748.0,
EFIX R,1869748.0,1869932 186 927.1 523.6 908
SSACC R,1869934.0,
ESACC R,1869934.0,1869944 12 916.1 530.4 899.5 525.3 0.47 54
SFIX R,1869946.0,
EFIX R,1869946.0,1870124 180 903.5 531.5 893
SSACC R,1870126.0,
ESACC R,1870126.0,1870130 6 912.3 539.4 921.2 538.3 0.24 55
SFIX R,1870132.0,
EFIX R,1870132.0,1870256 126 922.6 543.9 878
SSACC R,1870258.0,
ESACC R,1870258.0,1870272 16 921.0 545.3 896.4 519.8 0.96 96
SFIX R,1870274.0,
EFIX R,1870274.0,1870342 70 890.2 525.2 870
SSACC R,1870344.0,
ESACC R,1870344.0,1870354 12 898.4 528.1 918.5 528.5 0.54 55
SFIX R,1870356.0,
EFIX R,1870356.0,1870954 600 907.4 537.9 829
SSACC R,1870956.0,
SBLINK R,1871002.0,
EBLINK R,1871002.0,1871120 120
ESACC R,1870956.0,1871158 204 892.3 567.8 894.8 529.9 1.03 221
SFIX R,1871160.0,
EFIX R,1871160.0,1871316 158 886.6 570.7 862
SSACC R,1871318.0,
ESACC R,1871318.0,1871336 20 886.1 567.7 929.0 541.1 1.37 109
SFIX R,1871338.0,
EFIX R,1871338.0,1871528 192 924.4 548.2 867
SSACC R,1871530.0,
ESACC R,1871530.0,1871542 14 927.8 549.0 912.8 530.7 0.64 76
SFIX R,1871544.0,
EFIX R,1871544.0,1872128 586 917.2 545.1 874
SSACC R,1872130.0,
ESACC R,1872130.0,1872136 8 917.4 545.8 913.2 536.1 0.29 54
SFIX R,1872138.0,
EFIX R,1872138.0,1872620 484 924.5 543.7 893
SSACC R,1872622.0,
ESACC R,1872622.0,1872626 6 938.6 544.5 939.7 531.2 0.36 63
SFIX R,1872628.0,
EFIX R,1872628.0,1872970 344 940.5 543.4 901
SSACC R,1872972.0,
ESACC R,1872972.0,1872986 16 935.5 555.9 917.4 539.5 0.66 57
SFIX R,1872988.0,
EFIX R,1872988.0,1873522 536 926.6 556.3 889
SSACC R,1873524.0,
ESACC R,1873524.0,1873534 12 936.5 562.5 929.8 538.7 0.67 76
SFIX R,1873536.0,
EFIX R,1873536.0,1874092 558 924.0 549.9 910
SSACC R,1874094.0,
ESACC R,1874094.0,1874112 20 921.0 555.2 945.9 523.2 1.10 90
SFIX R,1874114.0,
EFIX R,1874114.0,1874640 528 946.5 544.2 972
SSACC R,1874642.0,
ESACC R,1874642.0,1874664 24 947.9 562.3 929.6 518.1 1.30 86
SFIX R,1874666.0,
EFIX R,1874666.0,1875186 522 931.9 551.3 1017
SSACC R,1875188.0,
SBLINK R,1875214.0,
EBLINK R,1875214.0,1875384 172
ESACC R,1875188.0,1875412 226 921.7 570.1 945.8 493.5 2.18 496
SFIX R,1875414.0,
EFIX R,1875414.0,1875648 236 918.3 537.4 922
SSACC R,1875650.0,
ESACC R,1875650.0,1875660 12 906.5 547.8 931.7 551.4 0.69 72
SFIX R,1875662.0,
EFIX R,1875662.0,1876224 564 922.0 568.0 777
SSACC R,1876226.0,
ESACC R,1876226.0,1876232 8 909.3 563.1 914.4 551.1 0.35 59
SFIX R,1876234.0,
EFIX R,1876234.0,1877006 774 912.1 561.7 780
SSACC R,1877008.0,
ESACC R,1877008.0,1877016 10 920.0 579.5 913.4 560.9 0.53 72
SFIX R,1877018.0,
EFIX R,1877018.0,1877304 288 916.7 571.8 846
SSACC R,1877306.0,
ESACC R,1877306.0,1877322 18 919.9 572.0 953.6 551.3 1.07 85
SFIX R,1877324.0,
EFIX R,1877324.0,1877448 126 960.7 544.6 839
SSACC R,1877450.0,
ESACC R,1877450.0,1877468 20 961.9 547.9 920.1 554.8 1.15 81
SFIX R,1877470.0,
EFIX R,1877470.0,1878126 658 930.5 568.5 861
SSACC R,1878128.0,
ESACC R,1878128.0,1878134 8 937.3 569.4 924.9 558.1 0.45 65
SFIX R,1878136.0,
EFIX R,1878136.0,1878754 620 929.3 561.0 905
SSACC R,1878756.0,
ESACC R,1878756.0,1878766 12 941.2 568.4 947.0 551.7 0.48 69
SFIX R,1878768.0,
EFIX R,1878768.0,1879352 586 943.5 568.6 916
SSACC R,1879354.0,
ESACC R,1879354.0,1879368 16 930.3 562.9 918.0 537.2 0.77 61
SFIX R,1879370.0,
EFIX R,1879370.0,1879532 164 914.5 540.9 815
SSACC R,1879534.0,
ESACC R,1879534.0,1879548 16 911.3 539.0 934.2 549.0 0.68 70
SFIX R,1879550.0,
EFIX R,1879550.0,1879826 278 931.7 542.7 790
SSACC R,1879828.0,
ESACC R,1879828.0,1879842 16 927.0 542.4 897.9 538.8 0.79 62
SFIX R,1879844.0,
EFIX R,1879844.0,1880022 180 887.0 546.4 797
SSACC R,1880024.0,
SBLINK R,1880060.0,
EBLINK R,1880060.0,1880216 158
ESACC R,1880024.0,1880270 248 880.2 577.4 917.3 528.7 1.66 2346
SFIX R,1880272.0,
EFIX R,1880272.0,1880502 232 912.1 551.0 764
SSACC R,1880504.0,
ESACC R,1880504.0,1880522 20 914.5 562.5 942.9 544.6 0.91 77
SFIX R,1880524.0,
EFIX R,1880524.0,1882406 1884 916.6 558.8 698
SSACC R,1882408.0,
ESACC R,1882408.0,1882414 8 899.1 574.0 896.2 561.3 0.35 56
SFIX R,1882416.0,
EFIX R,1882416.0,1882678 264 893.5 567.8 796
SSACC R,1882680.0,
ESACC R,1882680.0,1882690 12 894.0 577.5 901.3 552.7 0.70 71
SFIX R,1882692.0,
EFIX R,1882692.0,1883068 378 906.0 563.3 835
SSACC R,1883070.0,
ESACC R,1883070.0,1883084 16 913.4 573.2 898.4 548.6 0.78 87
SFIX R,1883086.0,
EFIX R,1883086.0,1883810 726 908.9 572.8 858
SSACC R,1883812.0,
ESACC R,1883812.0,1883828 18 914.9 588.2 931.6 559.0 0.91 84
SFIX R,1883830.0,
EFIX R,1883830.0,1884046 218 924.5 571.7 810
SSACC R,1884048.0,
ESACC R,1884048.0,1884054 8 918.7 570.4 908.8 569.8 0.27 49
SFIX R,1884056.0,
EFIX R,1884056.0,1884438 384 903.0 567.0 764
SSACC R,1884440.0,
ESACC R,1884440.0,1884452 14 912.1 567.9 936.1 556.3 0.72 68
SFIX R,1884454.0,
EFIX R,1884454.0,1884628 176 943.6 547.7 732
SSACC R,1884630.0,
ESACC R,1884630.0,1884636 8 936.9 541.3 931.0 552.5 0.34 50
SFIX R,1884638.0,
EFIX R,1884638.0,1885304 668 927.5 565.4 759
SSACC R,1885306.0,
ESACC R,1885306.0,1885312 8 934.8 579.0 928.4 563.2 0.46 66
SFIX R,1885314.0,
EFIX R,1885314.0,1885838 526 927.0 573.4 742
SSACC R,1885840.0,
ESACC R,1885840.0,1885856 18 928.8 582.9 939.2 548.4 0.98 79
SFIX R,1885858.0,
EFIX R,1885858.0,1886504 648 937.2 573.0 844
SSACC R,1886506.0,
ESACC R,1886506.0,1886516 12 930.8 579.0 918.1 561.7 0.58 64
SFIX R,1886518.0,
EFIX R,1886518.0,1887156 640 924.3 573.4 889
SSACC R,1887158.0,
SBLINK R,1887182.0,
EBLINK R,1887182.0,1887352 172
ESACC R,1887158.0,1887394 238 904.6 581.1 939.8 518.5 1.95 234
SFIX R,1887396.0,
EFIX R,1887396.0,1888230 836 917.4 560.3 770
SSACC R,1888232.0,
ESACC R,1888232.0,1888240 10 911.4 577.7 920.6 559.2 0.56 68
SFIX R,1888242.0,
EFIX R,1888242.0,1889016 776 925.4 569.3 792
SSACC R,1889018.0,
ESACC R,1889018.0,1889028 12 918.7 586.5 907.0 566.6 0.63 67
SFIX R,1889030.0,
EFIX R,1889030.0,1889606 578 902.6 574.1 778
SSACC R,1889608.0,
ESACC R,1889608.0,1889618 12 901.6 581.6 925.5 564.9 0.79 82
SFIX R,1889620.0,
EFIX R,1889620.0,1890058 440 927.7 572.0 824
SSACC R,1890060.0,
ESACC R,1890060.0,1890076 18 926.6 576.2 907.4 554.2 0.79 67
SFIX R,1890078.0,
EFIX R,1890078.0,1890372 296 913.1 567.4 866
SSACC R,1890374.0,
ESACC R,1890374.0,1890384 12 926.6 570.7 948.0 566.0 0.59 64
SFIX R,1890386.0,
EFIX R,1890386.0,1890662 278 948.6 573.7 864
SSACC R,1890664.0,
ESACC R,1890664.0,1890668 6 941.8 584.1 931.3 578.1 0.33 63
SFIX R,1890670.0,
EFIX R,1890670.0,1890960 292 915.8 580.5 813
SSACC R,1890962.0,
ESACC R,1890962.0,1890978 18 909.6 585.9 935.4 577.9 0.73 50
SFIX R,1890980.0,
EFIX R,1890980.0,1892100 1122 923.2 590.3 778
SSACC R,1892102.0,
ESACC R,1892102.0,1892108 8 922.9 593.9 934.1 586.9 0.36 56
SFIX R,1892110.0,
EFIX R,1892110.0,1892760 652 924.7 588.3 804
SSACC R,1892762.0,
ESACC R,1892762.0,1892772 12 909.0 606.2 930.0 591.9 0.69 72
SFIX R,1892774.0,
EFIX R,1892774.0,1894122 1350 926.5 593.6 810
SSACC R,1894124.0,
ESACC R,1894124.0,1894130 8 909.0 591.6 924.9 585.4 0.46 58
SFIX R,1894132.0,
EFIX R,1894132.0,1894420 290 922.1 585.5 797
SSACC R,1894422.0,
ESACC R,1894422.0,1894428 8 907.2 585.3 894.4 576.4 0.42 67
SFIX R,1894430.0,
EFIX R,1894430.0,1894558 130 885.2 575.7 792
SSACC R,1894560.0,
ESACC R,1894560.0,1894580 22 883.1 578.9 919.7 578.9 0.99 73
SFIX R,1894582.0,
EFIX R,1894582.0,1895316 736 913.5 571.3 739
SSACC R,1895318.0,
ESACC R,1895318.0,1895332 16 915.6 568.7 944.2 547.9 0.96 99
SFIX R,1895334.0,
EFIX R,1895334.0,1896262 930 916.9 559.1 685
SSACC R,1896264.0,
ESACC R,1896264.0,1896278 16 901.6 571.9 874.2 557.5 0.84 89
SFIX R,1896280.0,
EFIX R,1896280.0,1896390 112 862.7 552.8 702
SSACC R,1896392.0,
ESACC R,1896392.0,1896408 18 861.7 556.9 903.5 556.4 1.13 87
SFIX R,1896410.0,
EFIX R,1896410.0,1896858 450 914.8 565.5 713
SSACC R,1896860.0,
SBLINK R,1896934.0,
EBLINK R,1896934.0,1897190 258
ESACC R,1896860.0,1897270 412 934.7 542.1 934.2 482.3 1.62 205
SFIX R,1897272.0,
EFIX R,1897272.0,1899114 1844 905.1 523.2 607
SSACC R,1899116.0,
ESACC R,1899116.0,1899130 16 897.5 551.2 913.1 527.4 0.77 72
SFIX R,1899132.0,
EFIX R,1899132.0,1899398 268 914.3 542.0 741
SSACC R,1899400.0,
ESACC R,1899400.0,1899410 12 918.1 545.5 898.3 525.3 0.77 80
SFIX R,1899412.0,
EFIX R,1899412.0,1899848 438 909.5 538.4 789
SSACC R,1899850.0,
ESACC R,1899850.0,1899856 8 909.5 538.7 923.0 546.1 0.42 62
SFIX R,1899858.0,
EFIX R,1899858.0,1900632 776 916.3 552.8 754
SSACC R,1900634.0,
ESACC R,1900634.0,1900640 8 905.7 562.8 914.3 557.0 0.28 54
SFIX R,1900642.0,
EFIX R,1900642.0,1901988 1348 910.5 552.3 704
SSACC R,1901990.0,
ESACC R,1901990.0,1901994 6 916.2 569.7 917.9 561.3 0.23 53
SFIX R,1901996.0,
EFIX R,1901996.0,1903200 1206 909.2 568.5 786
SSACC R,1903202.0,
ESACC R,1903202.0,1903214 14 907.4 563.2 927.0 543.4 0.76 81
SFIX R,1903216.0,
EFIX R,1903216.0,1903468 254 923.5 552.2 806
SSACC R,1903470.0,
ESACC R,1903470.0,1903480 12 917.4 552.9 895.5 554.6 0.60 71
SFIX R,1903482.0,
EFIX R,1903482.0,1903584 104 889.0 555.3 790
SSACC R,1903586.0,
ESACC R,1903586.0,1903602 18 890.9 555.6 929.4 559.8 1.05 96
SFIX R,1903604.0,
EFIX R,1903604.0,1904298 696 920.0 568.5 726
SSACC R,1904300.0,
ESACC R,1904300.0,1904308 10 914.9 579.0 903.9 562.4 0.54 74
SFIX R,1904310.0,
EFIX R,1904310.0,1906234 1926 895.0 556.3 638
SSACC R,1906236.0,
ESACC R,1906236.0,1906246 12 879.7 554.1 869.7 532.5 0.65 77
SFIX R,1906248.0,
EFIX R,1906248.0,1906734 488 873.4 541.6 604
SSACC R,1906736.0,
ESACC R,1906736.0,1906752 18 876.0 550.3 910.4 534.3 1.03 87
SFIX R,1906754.0,
EFIX R,1906754.0,1906872 120 905.2 532.4 610
SSACC R,1906874.0,
ESACC R,1906874.0,1906888 16 900.1 532.9 861.7 529.5 1.04 103
SFIX R,1906890.0,
EFIX R,1906890.0,1906994 106 858.4 529.7 608
SSACC R,1906996.0,
ESACC R,1906996.0,1907016 22 853.8 533.5 898.4 541.5 1.23 98
SFIX R,1907018.0,
EFIX R,1907018.0,1907236 220 896.7 551.3 598
SSACC R,1907238.0,
ESACC R,1907238.0,1907250 14 891.2 551.2 868.6 538.2 0.71 69
SFIX R,1907252.0,
EFIX R,1907252.0,1907356 106 864.8 539.4 605
SSACC R,1907358.0,
ESACC R,1907358.0,1907372 16 871.3 544.9 904.3 543.3 0.90 81
SFIX R,1907374.0,
EFIX R,1907374.0,1907538 166 907.4 544.7 599
SSACC R,1907540.0,
ESACC R,1907540.0,1907564 26 905.2 536.5 878.3 536.4 0.73 81
SFIX R,1907566.0,
EFIX R,1907566.0,1907780 216 887.8 555.7 588
SSACC R,1907782.0,
SBLINK R,1907812.0,
EBLINK R,1907812.0,1908004 194
ESACC R,1907782.0,1908048 268 876.4 569.9 915.2 486.1 2.50 1008
SFIX R,1908050.0,
EFIX R,1908050.0,1908074 26 913.5 490.7 540
SSACC R,1908076.0,
ESACC R,1908076.0,1908082 8 906.0 489.6 910.6 513.3 0.65 72
SFIX R,1908084.0,
EFIX R,1908084.0,1909454 1372 881.7 535.9 519
SSACC R,1909456.0,
ESACC R,1909456.0,1909466 12 881.2 549.4 879.5 529.1 0.55 72
SFIX R,1909468.0,
EFIX R,1909468.0,1909622 156 885.2 524.5 503
SSACC R,1909624.0,
ESACC R,1909624.0,1909634 12 885.4 525.0 883.3 537.9 0.35 50
SFIX R,1909636.0,
EFIX R,1909636.0,1909910 276 886.2 527.1 482
SSACC R,1909912.0,
ESACC R,1909912.0,1909956 46 888.0 518.7 882.7 531.4 0.37 54
SFIX R,1909958.0,
EFIX R,1909958.0,1910022 66 887.6 535.7 482
SSACC R,1910024.0,
ESACC R,1910024.0,1910030 8 890.5 542.1 891.9 539.3 0.08 50
SFIX R,1910032.0,
EFIX R,1910032.0,1911932 1902 899.7 529.1 485
SSACC R,1911934.0,
ESACC R,1911934.0,1911942 10 921.2 533.0 913.9 515.5 0.51 68
SFIX R,1911944.0,
EFIX R,1911944.0,1912348 406 911.5 491.7 426
SSACC R,1912350.0,
ESACC R,1912350.0,1912366 18 894.5 470.6 899.7 504.7 0.93 70
SFIX R,1912368.0,
EFIX R,1912368.0,1912656 290 887.3 529.3 473
SSACC R,1912658.0,
ESACC R,1912658.0,1912662 6 885.2 551.7 882.9 533.1 0.51 78
SFIX R,1912664.0,
EFIX R,1912664.0,1912856 194 881.0 540.2 518
SSACC R,1912858.0,
ESACC R,1912858.0,1912868 12 881.6 551.5 879.6 528.3 0.63 73
SFIX R,1912870.0,
EFIX R,1912870.0,1913570 702 884.5 539.6 579
SSACC R,1913572.0,
ESACC R,1913572.0,1913578 8 893.2 553.8 887.4 534.4 0.55 76
SFIX R,1913580.0,
EFIX R,1913580.0,1914044 466 886.3 550.3 650
SSACC R,1914046.0,
SBLINK R,1914080.0,
EBLINK R,1914080.0,1914266 188
ESACC R,1914046.0,1914328 284 866.7 576.1 907.0 543.8 1.40 2143
SFIX R,1914330.0,
EFIX R,1914330.0,1914470 142 903.7 555.5 662
SSACC R,1914472.0,
ESACC R,1914472.0,1914484 14 891.4 553.4 875.4 535.2 0.66 70
SFIX R,1914486.0,
EFIX R,1914486.0,1914818 334 883.1 553.5 669
SSACC R,1914820.0,
ESACC R,1914820.0,1914830 12 885.2 562.3 871.9 548.6 0.52 53
SFIX R,1914832.0,
EFIX R,1914832.0,1914982 152 869.6 546.1 610
SSACC R,1914984.0,
ESACC R,1914984.0,1914990 8 874.3 546.6 889.3 548.4 0.41 63
SFIX R,1914992.0,
EFIX R,1914992.0,1915360 370 881.2 541.1 581
SSACC R,1915362.0,
ESACC R,1915362.0,1915382 22 854.8 533.9 885.4 541.8 0.86 66
SFIX R,1915384.0,
EFIX R,1915384.0,1916002 620 881.2 542.5 603
SSACC R,1916004.0,
ESACC R,1916004.0,1916012 10 886.2 554.5 880.0 543.5 0.34 47
SFIX R,1916014.0,
EFIX R,1916014.0,1916634 622 889.2 554.6 664
SSACC R,1916636.0,
ESACC R,1916636.0,1916654 20 893.6 558.4 916.3 538.9 0.81 56
SFIX R,1916656.0,
EFIX R,1916656.0,1917398 744 895.0 541.6 652
SSACC R,1917400.0,
ESACC R,1917400.0,1917414 16 894.6 548.5 912.0 530.3 0.68 74
SFIX R,1917416.0,
EFIX R,1917416.0,1917968 554 900.6 547.2 686
SSACC R,1917970.0,
ESACC R,1917970.0,1917980 12 897.7 547.8 918.5 536.5 0.64 66
SFIX R,1917982.0,
EFIX R,1917982.0,1918110 130 924.9 537.3 678
SSACC R,1918112.0,
ESACC R,1918112.0,1918128 18 918.9 538.0 908.5 552.1 0.47 56
SFIX R,1918130.0,
EFIX R,1918130.0,1919542 1414 895.0 527.8 585
SSACC R,1919544.0,
ESACC R,1919544.0,1919550 8 889.9 508.1 894.1 526.1 0.50 66
SFIX R,1919552.0,
EFIX R,1919552.0,1919764 214 887.5 535.1 489
SSACC R,1919766.0,
ESACC R,1919766.0,1919778 14 888.8 549.5 879.0 531.7 0.55 55
SFIX R,1919780.0,
EFIX R,1919780.0,1919934 156 879.4 553.5 515
SSACC R,1919936.0,
ESACC R,1919936.0,1919948 14 872.8 557.6 881.3 534.1 0.68 74
SFIX R,1919950.0,
EFIX R,1919950.0,1920282 334 882.3 548.5 505
SSACC R,1920284.0,
ESACC R,1920284.0,1920294 12 883.4 561.7 862.7 531.5 0.99 102
SFIX R,1920296.0,
EFIX R,1920296.0,1920588 294 867.4 536.3 559
SSACC R,1920590.0,
ESACC R,1920590.0,1920598 10 867.2 545.5 883.9 536.6 0.51 68
SFIX R,1920600.0,
EFIX R,1920600.0,1920850 252 896.2 551.6 599
SSACC R,1920852.0,
ESACC R,1920852.0,1920868 18 903.5 563.5 879.8 549.0 0.75 61
SFIX R,1920870.0,
EFIX R,1920870.0,1921878 1010 888.6 566.6 633
SSACC R,1921880.0,
ESACC R,1921880.0,1921892 14 898.9 581.7 896.4 561.5 0.55 51
SFIX R,1921894.0,
EFIX R,1921894.0,1922334 442 897.5 560.0 649
SSACC R,1922336.0,
ESACC R,1922336.0,1922348 14 908.6 556.1 889.3 552.9 0.53 66
SFIX R,1922350.0,
EFIX R,1922350.0,1922470 122 889.6 555.3 598
SSACC R,1922472.0,
ESACC R,1922472.0,1922478 8 894.2 553.6 910.3 548.3 0.46 66
SFIX R,1922480.0,
EFIX R,1922480.0,1923044 566 900.3 549.1 578
SSACC R,1923046.0,
ESACC R,1923046.0,1923052 8 905.2 547.5 910.1 540.5 0.23 48
SFIX R,1923054.0,
EFIX R,1923054.0,1923246 194 912.9 543.8 586
SSACC R,1923248.0,
ESACC R,1923248.0,1923254 8 909.6 541.6 895.8 540.6 0.37 62
SFIX R,1923256.0,
EFIX R,1923256.0,1923634 380 891.6 538.9 567
SSACC R,1923636.0,
SBLINK R,1923666.0,
EBLINK R,1923666.0,1923932 268
ESACC R,1923636.0,1924118 484 907.3 492.5 923.4 450.5 1.22 229
SFIX R,1924120.0,
EFIX R,1924120.0,1924160 42 919.4 451.6 508
SSACC R,1924162.0,
ESACC R,1924162.0,1924176 16 922.3 453.9 918.1 479.4 0.70 83
SFIX R,1924178.0,
EFIX R,1924178.0,1924338 162 910.7 493.5 489
SSACC R,1924340.0,
ESACC R,1924340.0,1924350 12 908.4 504.8 904.4 522.5 0.49 62
SFIX R,1924352.0,
EFIX R,1924352.0,1924528 178 905.1 516.8 442
SSACC R,1924530.0,
ESACC R,1924530.0,1924546 18 900.9 522.2 893.1 520.9 0.21 68
SFIX R,1924548.0,
EFIX R,1924548.0,1925032 486 890.6 510.3 400
SSACC R,1925034.0,
ESACC R,1925034.0,1925040 8 885.9 507.7 885.7 496.2 0.31 70
SFIX R,1925042.0,
EFIX R,1925042.0,1925114 74 886.8 500.3 404
SSACC R,1925116.0,
ESACC R,1925116.0,1925126 12 888.0 505.3 887.9 505.7 0.01 61
SFIX R,1925128.0,
EFIX R,1925128.0,1925796 670 880.5 521.3 469
SSACC R,1925798.0,
ESACC R,1925798.0,1925802 6 868.5 542.2 867.3 528.1 0.38 63
SFIX R,1925804.0,
EFIX R,1925804.0,1925928 126 869.0 527.6 503
SSACC R,1925930.0,
ESACC R,1925930.0,1925962 34 860.4 542.8 864.4 534.4 0.25 57
SFIX R,1925964.0,
EFIX R,1925964.0,1926020 58 864.1 539.6 516
SSACC R,1926022.0,
ESACC R,1926022.0,1926034 14 863.8 545.3 850.6 520.2 0.77 68
SFIX R,1926036.0,
EFIX R,1926036.0,1926264 230 856.9 536.3 556
SSACC R,1926266.0,
ESACC R,1926266.0,1926276 12 861.6 547.1 880.1 531.1 0.66 78
SFIX R,1926278.0,
EFIX R,1926278.0,1927082 806 880.8 548.6 603
SSACC R,1927084.0,
ESACC R,1927084.0,1927090 8 883.0 562.5 876.4 554.6 0.28 48
SFIX R,1927092.0,
EFIX R,1927092.0,1927718 628 889.0 552.2 606
SSACC R,1927720.0,
ESACC R,1927720.0,1927730 12 894.9 555.3 888.7 538.9 0.48 59
SFIX R,1927732.0,
EFIX R,1927732.0,1928892 1162 883.2 541.1 575
SSACC R,1928894.0,
ESACC R,1928894.0,1928898 6 881.6 538.6 890.8 538.1 0.25 46
SFIX R,1928900.0,
EFIX R,1928900.0,1929188 290 890.7 539.6 589
SSACC R,1929190.0,
SBLINK R,1929210.0,
EBLINK R,1929210.0,1929432 224
ESACC R,1929190.0,1929492 304 877.1 557.8 867.7 553.7 0.28 466
SFIX R,1929494.0,
EFIX R,1929494.0,1929582 90 862.5 573.2 580
SSACC R,1929584.0,
ESACC R,1929584.0,1929604 22 858.4 571.8 898.3 523.5 1.70 139
SFIX R,1929606.0,
EFIX R,1929606.0,1929890 286 892.9 545.9 622
SSACC R,1929892.0,
ESACC R,1929892.0,1929900 10 902.0 559.1 893.9 544.7 0.45 75
SFIX R,1929902.0,
EFIX R,1929902.0,1930678 778 881.8 530.6 530
SSACC R,1930680.0,
ESACC R,1930680.0,1930698 20 878.3 526.3 881.4 527.2 0.09 51
SFIX R,1930700.0,
EFIX R,1930700.0,1931036 338 878.4 535.4 543
SSACC R,1931038.0,
ESACC R,1931038.0,1931050 14 886.2 533.2 910.2 529.9 0.66 62
SFIX R,1931052.0,
EFIX R,1931052.0,1931144 94 915.7 524.3 563
SSACC R,1931146.0,
ESACC R,1931146.0,1931152 8 907.6 526.2 891.3 529.4 0.45 70
SFIX R,1931154.0,
EFIX R,1931154.0,1931986 834 890.0 544.9 595
SSACC R,1931988.0,
ESACC R,1931988.0,1931992 6 891.6 573.4 899.6 562.2 0.37 62
SFIX R,1931994.0,
EFIX R,1931994.0,1932424 432 894.4 564.2 614
SSACC R,1932426.0,
ESACC R,1932426.0,1932432 8 885.8 567.3 889.0 554.4 0.36 61
SFIX R,1932434.0,
EFIX R,1932434.0,1932530 98 899.8 550.5 635
SSACC R,1932532.0,
ESACC R,1932532.0,1932540 10 895.3 549.8 882.5 549.9 0.35 45
SFIX R,1932542.0,
EFIX R,1932542.0,1933022 482 894.3 548.8 612
SSACC R,1933024.0,
SBLINK R,1933060.0,
EBLINK R,1933060.0,1933256 198
ESACC R,1933024.0,1933404 382 892.8 513.2 906.7 485.8 0.83 237
SFIX R,1933406.0,
EFIX R,1933406.0,1933940 536 894.2 505.9 490
SSACC R,1933942.0,
ESACC R,1933942.0,1933948 8 872.5 531.4 881.8 521.0 0.38 62
SFIX R,1933950.0,
EFIX R,1933950.0,1934106 158 884.7 534.2 482
SSACC R,1934108.0,
ESACC R,1934108.0,1934136 30 886.4 553.1 864.5 510.4 1.30 122
SFIX R,1934138.0,
EFIX R,1934138.0,1934312 176 870.2 538.0 494
SSACC R,1934314.0,
ESACC R,1934314.0,1934356 44 879.3 549.0 867.6 522.9 0.78 98
SFIX R,1934358.0,
EFIX R,1934358.0,1934820 464 878.4 530.8 527
SSACC R,1934822.0,
ESACC R,1934822.0,1934842 22 879.4 534.2 906.8 527.3 0.77 60
SFIX R,1934844.0,
EFIX R,1934844.0,1934976 134 905.3 533.4 551
SSACC R,1934978.0,
ESACC R,1934978.0,1934998 22 901.6 547.1 875.9 549.5 0.70 75
SFIX R,1935000.0,
EFIX R,1935000.0,1936272 1274 882.8 556.4 620
SSACC R,1936274.0,
ESACC R,1936274.0,1936290 18 909.9 564.7 890.6 531.9 1.03 84
SFIX R,1936292.0,
EFIX R,1936292.0,1936410 120 885.3 534.1 680
SSACC R,1936412.0,
ESACC R,1936412.0,1936424 14 882.2 533.9 902.3 549.1 0.68 62
SFIX R,1936426.0,
EFIX R,1936426.0,1936778 354 899.8 549.5 666
SSACC R,1936780.0,
ESACC R,1936780.0,1936786 8 887.8 542.5 882.1 529.5 0.38 54
SFIX R,1936788.0,
EFIX R,1936788.0,1937278 492 885.8 533.9 612
SSACC R,1937280.0,
SBLINK R,1937310.0,
EBLINK R,1937310.0,1937500 192
ESACC R,1937280.0,1937582 304 847.7 506.3 905.2 493.8 1.59 329
SFIX R,1937584.0,
EFIX R,1937584.0,1937734 152 905.8 506.7 522
SSACC R,1937736.0,
ESACC R,1937736.0,1937740 6 900.1 518.2 897.9 519.8 0.07 50
SFIX R,1937742.0,
EFIX R,1937742.0,1938428 688 891.3 517.9 520
SSACC R,1938430.0,
SBLINK R,1938486.0,
EBLINK R,1938486.0,1938838 354
ESACC R,1938430.0,1939016 588 877.6 527.2 937.9 448.6 2.68 338
SFIX R,1939018.0,
EFIX R,1939018.0,1939198 182 932.2 467.3 543
SSACC R,1939200.0,
ESACC R,1939200.0,1939214 16 936.0 478.6 934.5 479.6 0.05 57
SFIX R,1939216.0,
EFIX R,1939216.0,1940218 1004 895.6 509.8 508
SSACC R,1940220.0,
ESACC R,1940220.0,1940230 12 886.3 545.2 878.9 526.9 0.53 78
SFIX R,1940232.0,
EFIX R,1940232.0,1940398 168 884.2 545.6 596
SSACC R,1940400.0,
ESACC R,1940400.0,1940422 24 889.4 555.7 899.6 519.5 1.02 65
SFIX R,1940424.0,
EFIX R,1940424.0,1940864 442 887.9 529.2 629
SSACC R,1940866.0,
SBLINK R,1940892.0,
EBLINK R,1940892.0,1941062 172
ESACC R,1940866.0,1941112 248 868.7 542.6 880.8 527.8 0.52 1431
SFIX R,1941114.0,
EFIX R,1941114.0,1941248 136 891.2 545.6 748
SSACC R,1941250.0,
ESACC R,1941250.0,1941268 20 902.4 548.5 936.1 523.2 1.14 90
SFIX R,1941270.0,
EFIX R,1941270.0,1941476 208 939.3 543.2 814
SSACC R,1941478.0,
SBLINK R,1941496.0,
EBLINK R,1941496.0,1941652 158
ESACC R,1941478.0,1941676 200 936.4 573.7 944.0 516.4 1.57 198
SFIX R,1941678.0,
EFIX R,1941678.0,1941932 256 926.5 550.0 918
SSACC R,1941934.0,
ESACC R,1941934.0,1941954 22 922.6 563.3 945.1 516.4 1.41 101
SFIX R,1941956.0,
EFIX R,1941956.0,1942572 618 931.1 534.4 915
SSACC R,1942574.0,
ESACC R,1942574.0,1942582 10 932.7 541.6 912.2 535.3 0.58 66
SFIX R,1942584.0,
EFIX R,1942584.0,1942740 158 911.0 542.5 907
SSACC R,1942742.0,
SBLINK R,1942764.0,
EBLINK R,1942764.0,1942962 200
ESACC R,1942742.0,1942998 258 897.3 552.3 923.1 521.5 1.09 388
SFIX R,1943000.0,
EFIX R,1943000.0,1943174 176 919.3 555.0 907
SSACC R,1943176.0,
ESACC R,1943176.0,1943196 22 924.9 566.5 942.3 520.6 1.33 88
SFIX R,1943198.0,
EFIX R,1943198.0,1943534 338 939.8 540.0 915
SSACC R,1943536.0,
ESACC R,1943536.0,1943544 10 938.1 555.2 928.1 539.4 0.51 62
SFIX R,1943546.0,
EFIX R,1943546.0,1944320 776 931.9 543.6 898
SSACC R,1944322.0,
ESACC R,1944322.0,1944332 12 938.2 557.3 950.4 537.8 0.62 72
SFIX R,1944334.0,
EFIX R,1944334.0,1944774 442 958.1 557.5 927
SSACC R,1944776.0,
ESACC R,1944776.0,1944786 12 960.5 566.3 950.3 555.6 0.40 54
SFIX R,1944788.0,
EFIX R,1944788.0,1945758 972 930.8 560.9 868
SSACC R,1945760.0,
ESACC R,1945760.0,1945766 8 918.5 560.9 915.4 547.1 0.38 49
SFIX R,1945768.0,
EFIX R,1945768.0,1946618 852 923.2 557.8 829
SSACC R,1946620.0,
ESACC R,1946620.0,1946628 10 928.4 561.9 924.9 546.2 0.44 58
SFIX R,1946630.0,
EFIX R,1946630.0,1947946 1318 931.7 553.4 869
SSACC R,1947948.0,
ESACC R,1947948.0,1947956 10 929.0 564.5 919.1 552.5 0.42 58
SFIX R,1947958.0,
EFIX R,1947958.0,1949288 1332 928.8 563.0 871
SSACC R,1949290.0,
ESACC R,1949290.0,1949296 8 927.4 563.5 923.8 553.6 0.29 49
SFIX R,1949298.0,
EFIX R,1949298.0,1949410 114 920.0 554.4 863
SSACC R,1949412.0,
ESACC R,1949412.0,1949422 12 924.4 556.8 946.2 562.4 0.61 66
SFIX R,1949424.0,
EFIX R,1949424.0,1949598 176 945.7 564.6 851
SSACC R,1949600.0,
ESACC R,1949600.0,1949606 8 939.1 569.1 931.1 559.7 0.33 50
SFIX R,1949608.0,
EFIX R,1949608.0,1949850 244 924.9 562.1 851
SSACC R,1949852.0,
ESACC R,1949852.0,1949858 8 929.4 558.4 923.4 547.7 0.33 52
SFIX R,1949860.0,
EFIX R,1949860.0,1950494 636 928.8 559.4 857
SSACC R,1950496.0,
ESACC R,1950496.0,1950504 10 927.1 572.3 923.3 554.1 0.50 63
SFIX R,1950506.0,
EFIX R,1950506.0,1951934 1430 916.2 554.1 811
SSACC R,1951936.0,
ESACC R,1951936.0,1951942 8 885.9 551.5 899.4 542.8 0.44 66
SFIX R,1951944.0,
EFIX R,1951944.0,1952218 276 904.6 548.5 754
SSACC R,1952220.0,
ESACC R,1952220.0,1952234 16 897.2 552.5 866.8 551.5 0.82 76
SFIX R,1952236.0,
EFIX R,1952236.0,1952282 48 867.0 557.4 732
SSACC R,1952284.0,
SBLINK R,1952308.0,
EBLINK R,1952308.0,1952512 206
ESACC R,1952284.0,1952544 262 858.3 559.2 922.2 486.7 2.62 1306
SFIX R,1952546.0,
EFIX R,1952546.0,1952572 28 925.7 493.5 688
SSACC R,1952574.0,
ESACC R,1952574.0,1952582 10 927.0 497.2 926.6 515.4 0.49 68
SFIX R,1952584.0,
EFIX R,1952584.0,1953276 694 912.4 528.6 634
SSACC R,1953278.0,
ESACC R,1953278.0,1953284 8 904.0 518.6 898.0 503.1 0.45 53
SFIX R,1953286.0,
EFIX R,1953286.0,1954108 824 903.5 521.1 620
SSACC R,1954110.0,
ESACC R,1954110.0,1954118 10 900.6 546.2 909.4 525.7 0.60 77
SFIX R,1954120.0,
EFIX R,1954120.0,1954850 732 898.4 550.6 713
SSACC R,1954852.0,
ESACC R,1954852.0,1954862 12 886.9 552.4 889.0 559.3 0.20 52
SFIX R,1954864.0,
EFIX R,1954864.0,1955026 164 891.1 562.9 744
SSACC R,1955028.0,
ESACC R,1955028.0,1955038 12 895.0 557.9 907.0 550.7 0.38 43
SFIX R,1955040.0,
EFIX R,1955040.0,1955780 742 905.6 556.7 727
SSACC R,1955782.0,
ESACC R,1955782.0,1955792 12 897.4 559.7 888.7 547.7 0.40 66
SFIX R,1955794.0,
EFIX R,1955794.0,1955950 158 885.5 551.1 738
SSACC R,1955952.0,
ESACC R,1955952.0,1955958 8 885.6 557.4 900.7 555.5 0.41 55
SFIX R,1955960.0,
EFIX R,1955960.0,1956682 724 908.4 558.2 720
SSACC R,1956684.0,
SBLINK R,1956702.0,
EBLINK R,1956702.0,1956908 208
ESACC R,1956684.0,1956966 284 875.2 604.1 934.4 531.4 2.54 164
SFIX R,1956968.0,
EFIX R,1956968.0,1957578 612 902.7 534.2 630
SSACC R,1957580.0,
ESACC R,1957580.0,1957594 16 882.1 532.4 896.9 538.1 0.43 48
SFIX R,1957596.0,
EFIX R,1957596.0,1957804 210 893.2 534.1 543
SSACC R,1957806.0,
ESACC R,1957806.0,1957812 8 887.3 535.2 877.8 522.9 0.42 60
SFIX R,1957814.0,
EFIX R,1957814.0,1958890 1078 892.2 533.4 565
SSACC R,1958892.0,
ESACC R,1958892.0,1958906 16 903.0 522.6 889.6 531.1 0.43 58
SFIX R,1958908.0,
EFIX R,1958908.0,1959910 1004 892.0 540.5 583
SSACC R,1959912.0,
ESACC R,1959912.0,1959918 8 890.7 556.2 892.7 547.2 0.25 40
SFIX R,1959920.0,
EFIX R,1959920.0,1961038 1120 900.3 552.0 715
SSACC R,1961040.0,
ESACC R,1961040.0,1961048 10 903.5 554.0 916.8 543.5 0.46 57
SFIX R,1961050.0,
EFIX R,1961050.0,1962174 1126 914.1 550.2 785
SSACC R,1962176.0,
ESACC R,1962176.0,1962180 6 899.7 546.6 893.0 538.6 0.28 50
SFIX R,1962182.0,
EFIX R,1962182.0,1962274 94 891.3 534.8 732
SSACC R,1962276.0,
ESACC R,1962276.0,1962284 10 897.3 531.1 913.2 534.3 0.44 56
SFIX R,1962286.0,
EFIX R,1962286.0,1962816 532 922.1 548.1 722
SSACC R,1962818.0,
SBLINK R,1962872.0,
EBLINK R,1962872.0,1963026 156
ESACC R,1962818.0,1963074 258 924.0 569.5 917.4 544.1 0.71 2228
SFIX R,1963076.0,
EFIX R,1963076.0,1963824 750 906.6 543.8 671
SSACC R,1963826.0,
ESACC R,1963826.0,1963832 8 911.4 542.9 913.3 529.8 0.36 66
SFIX R,1963834.0,
EFIX R,1963834.0,1964922 1090 916.3 554.7 774
SSACC R,1964924.0,
ESACC R,1964924.0,1964930 8 915.3 570.9 917.4 558.3 0.35 53
SFIX R,1964932.0,
EFIX R,1964932.0,1965608 678 900.6 557.5 775
SSACC R,1965610.0,
ESACC R,1965610.0,1965620 12 882.8 555.1 907.8 554.5 0.68 77
SFIX R,1965622.0,
EFIX R,1965622.0,1965784 164 912.2 558.6 750
SSACC R,1965786.0,
ESACC R,1965786.0,1965792 8 902.9 560.9 891.3 559.0 0.32 45
SFIX R,1965794.0,
EFIX R,1965794.0,1966208 416 898.0 564.6 745
SSACC R,1966210.0,
ESACC R,1966210.0,1966216 8 908.9 567.6 915.1 553.7 0.41 60
SFIX R,1966218.0,
EFIX R,1966218.0,1967884 1668 917.3 561.4 755
SSACC R,1967886.0,
ESACC R,1967886.0,1967896 12 916.2 568.4 907.9 550.6 0.53 63
SFIX R,1967898.0,
EFIX R,1967898.0,1969398 1502 913.3 547.8 714
SSACC R,1969400.0,
ESACC R,1969400.0,1969406 8 916.4 537.7 904.7 540.1 0.32 60
SFIX R,1969408.0,
EFIX R,1969408.0,1969542 136 892.8 544.4 692
SSACC R,1969544.0,
ESACC R,1969544.0,1969558 16 890.4 548.0 925.1 547.7 0.94 76
SFIX R,1969560.0,
EFIX R,1969560.0,1969836 278 915.6 551.1 702
SSACC R,1969838.0,
ESACC R,1969838.0,1969848 12 911.1 560.0 893.0 550.1 0.56 64
SFIX R,1969850.0,
EFIX R,1969850.0,1970198 350 890.0 557.5 715
SSACC R,1970200.0,
SBLINK R,1970232.0,
EBLINK R,1970232.0,1970426 196
ESACC R,1970200.0,1970498 300 856.8 575.6 906.1 533.8 1.75 1994
SFIX R,1970500.0,
EFIX R,1970500.0,1971244 746 893.0 533.0 604
SSACC R,1971246.0,
ESACC R,1971246.0,1971258 14 868.1 527.1 893.6 523.7 0.70 59
SFIX R,1971260.0,
EFIX R,1971260.0,1971452 194 888.6 528.1 540
SSACC R,1971454.0,
ESACC R,1971454.0,1971470 18 889.5 536.4 867.0 521.8 0.73 65
SFIX R,1971472.0,
EFIX R,1971472.0,1971584 114 864.8 523.3 545
SSACC R,1971586.0,
ESACC R,1971586.0,1971600 16 864.2 529.7 902.2 531.1 1.03 98
SFIX R,1971602.0,
EFIX R,1971602.0,1971728 128 904.9 530.3 549
SSACC R,1971730.0,
ESACC R,1971730.0,1971742 14 901.7 526.5 885.0 523.4 0.46 60
SFIX R,1971744.0,
EFIX R,1971744.0,1972288 546 887.4 519.7 519
SSACC R,1972290.0,
ESACC R,1972290.0,1972300 12 891.3 518.8 868.9 509.5 0.66 70
SFIX R,1972302.0,
EFIX R,1972302.0,1972702 402 876.2 521.7 502
SSACC R,1972704.0,
ESACC R,1972704.0,1972716 14 887.7 533.3 867.2 522.1 0.63 62
SFIX R,1972718.0,
EFIX R,1972718.0,1972784 68 867.6 522.7 542
SSACC R,1972786.0,
ESACC R,1972786.0,1972808 24 875.3 522.9 911.8 523.9 0.99 82
SFIX R,1972810.0,
EFIX R,1972810.0,1973428 620 877.7 532.9 544
SSACC R,1973430.0,
ESACC R,1973430.0,1973438 10 862.2 543.3 878.2 526.2 0.63 72
SFIX R,1973440.0,
EFIX R,1973440.0,1974016 578 877.6 537.1 578
SSACC R,1974018.0,
ESACC R,1974018.0,1974040 24 877.5 539.3 901.3 522.8 0.78 62
SFIX R,1974042.0,
EFIX R,1974042.0,1974686 646 894.0 538.5 570
SSACC R,1974688.0,
ESACC R,1974688.0,1974694 8 910.9 539.2 891.5 542.3 0.53 68
SFIX R,1974696.0,
EFIX R,1974696.0,1976284 1590 884.8 540.4 567
SSACC R,1976286.0,
ESACC R,1976286.0,1976290 6 876.2 545.7 881.6 534.3 0.34 68
SFIX R,1976292.0,
EFIX R,1976292.0,1976968 678 888.5 538.4 614
SSACC R,1976970.0,
ESACC R,1976970.0,1976978 10 893.3 545.1 898.9 526.7 0.52 63
SFIX R,1976980.0,
EFIX R,1976980.0,1977322 344 897.8 538.6 593
SSACC R,1977324.0,
ESACC R,1977324.0,1977334 12 888.6 545.6 878.8 530.0 0.50 64
SFIX R,1977336.0,
EFIX R,1977336.0,1977458 124 880.9 538.9 603
SSACC R,1977460.0,
ESACC R,1977460.0,1977474 16 880.1 540.3 909.3 529.4 0.84 87
SFIX R,1977476.0,
EFIX R,1977476.0,1978124 650 891.0 541.6 600
SSACC R,1978126.0,
ESACC R,1978126.0,1978134 10 879.3 548.8 891.8 542.8 0.38 61
SFIX R,1978136.0,
EFIX R,1978136.0,1978644 510 882.2 543.2 586
SSACC R,1978646.0,
ESACC R,1978646.0,1978660 16 868.0 549.0 893.2 530.3 0.85 68
SFIX R,1978662.0,
EFIX R,1978662.0,1978840 180 904.7 534.8 566
SSACC R,1978842.0,
ESACC R,1978842.0,1978852 12 909.3 546.2 883.3 540.4 0.72 73
SFIX R,1978854.0,
EFIX R,1978854.0,1979116 264 885.7 541.8 557
SSACC R,1979118.0,
ESACC R,1979118.0,1979122 6 887.1 541.2 876.1 532.7 0.38 68
SFIX R,1979124.0,
EFIX R,1979124.0,1979226 104 865.4 529.6 556
SSACC R,1979228.0,
ESACC R,1979228.0,1979242 16 859.4 529.9 881.5 530.7 0.60 71
SFIX R,1979244.0,
EFIX R,1979244.0,1980022 780 885.2 533.3 540
SSACC R,1980024.0,
ESACC R,1980024.0,1980032 10 887.0 531.8 868.3 520.9 0.59 74
SFIX R,1980034.0,
EFIX R,1980034.0,1980488 456 881.6 535.3 532
SSACC R,1980490.0,
SBLINK R,1980530.0,
EBLINK R,1980530.0,1980762 234
ESACC R,1980490.0,1980858 370 885.9 533.5 889.3 417.1 3.15 392
SFIX R,1980860.0,
EFIX R,1980860.0,1982276 1418 883.2 501.2 431
SSACC R,1982278.0,
ESACC R,1982278.0,1982282 6 871.2 538.8 880.5 523.0 0.50 72
SFIX R,1982284.0,
EFIX R,1982284.0,1982710 428 871.2 519.6 483
SSACC R,1982712.0,
ESACC R,1982712.0,1982718 8 868.9 525.1 885.2 522.7 0.45 61
SFIX R,1982720.0,
EFIX R,1982720.0,1983094 376 878.0 523.7 495
SSACC R,1983096.0,
ESACC R,1983096.0,1983102 8 875.0 534.1 873.4 527.1 0.19 52
SFIX R,1983104.0,
EFIX R,1983104.0,1983876 774 874.8 525.2 509
SSACC R,1983878.0,
ESACC R,1983878.0,1983888 12 858.0 520.7 875.9 518.8 0.49 49
SFIX R,1983890.0,
EFIX R,1983890.0,1984580 692 878.4 530.9 529
SSACC R,1984582.0,
ESACC R,1984582.0,1984586 6 876.1 538.8 865.6 536.6 0.29 57
SFIX R,1984588.0,
EFIX R,1984588.0,1984740 154 861.3 536.5 546
SSACC R,1984742.0,
ESACC R,1984742.0,1984748 8 868.5 538.3 881.1 536.8 0.34 62
SFIX R,1984750.0,
EFIX R,1984750.0,1986150 1402 876.5 517.0 483
SSACC R,1986152.0,
ESACC R,1986152.0,1986164 14 869.1 513.4 877.8 493.1 0.60 53
SFIX R,1986166.0,
EFIX R,1986166.0,1987404 1240 874.2 507.8 519
SSACC R,1987406.0,
ESACC R,1987406.0,1987414 10 896.1 528.6 880.1 523.6 0.45 60
SFIX R,1987416.0,
EFIX R,1987416.0,1988250 836 874.2 503.1 532
SSACC R,1988252.0,
ESACC R,1988252.0,1988262 12 869.2 518.7 889.2 522.6 0.55 71
SFIX R,1988264.0,
EFIX R,1988264.0,1988354 92 890.4 529.5 587
SSACC R,1988356.0,
ESACC R,1988356.0,1988362 8 888.5 533.0 877.5 516.7 0.53 81
SFIX R,1988364.0,
EFIX R,1988364.0,1988484 122 865.3 526.0 593
SSACC R,1988486.0,
ESACC R,1988486.0,1988502 18 864.7 531.0 881.2 535.5 0.46 52
SFIX R,1988504.0,
EFIX R,1988504.0,1989474 972 893.3 544.7 652
SSACC R,1989476.0,
ESACC R,1989476.0,1989486 12 895.8 549.4 880.2 540.7 0.48 63
SFIX R,1989488.0,
EFIX R,1989488.0,1990242 756 885.8 546.6 705
SSACC R,1990244.0,
ESACC R,1990244.0,1990264 22 905.4 557.3 877.1 552.4 0.78 51
SFIX R,1990266.0,
EFIX R,1990266.0,1990954 690 878.2 542.4 663
SSACC R,1990956.0,
ESACC R,1990956.0,1990966 12 893.5 545.6 880.9 534.4 0.46 65
SFIX R,1990968.0,
EFIX R,1990968.0,1991228 262 876.7 550.6 663
SSACC R,1991230.0,
ESACC R,1991230.0,1991240 12 871.2 557.7 883.9 537.1 0.66 68
SFIX R,1991242.0,
EFIX R,1991242.0,1992260 1020 878.4 548.7 650
SSACC R,1992262.0,
SBLINK R,1992300.0,
EBLINK R,1992300.0,1992474 176
ESACC R,1992262.0,1992502 242 864.4 570.3 899.9 523.4 1.59 2040
SFIX R,1992504.0,
EFIX R,1992504.0,1992698 196 893.2 551.5 715
SSACC R,1992700.0,
ESACC R,1992700.0,1992716 18 887.3 571.3 901.5 541.5 0.89 97
SFIX R,1992718.0,
EFIX R,1992718.0,1992948 232 894.9 563.1 718
SSACC R,1992950.0,
ESACC R,1992950.0,1992958 10 890.7 571.5 884.8 547.2 0.68 82
SFIX R,1992960.0,
EFIX R,1992960.0,1993870 912 888.3 537.4 578
SSACC R,1993872.0,
ESACC R,1993872.0,1993882 12 899.5 510.0 900.2 527.0 0.46 65
SFIX R,1993884.0,
EFIX R,1993884.0,1994044 162 898.4 525.3 552
SSACC R,1994046.0,
ESACC R,1994046.0,1994052 8 892.3 526.0 879.8 519.2 0.39 56
SFIX R,1994054.0,
EFIX R,1994054.0,1994176 124 870.6 523.5 580
SSACC R,1994178.0,
ESACC R,1994178.0,1994196 20 871.7 527.6 906.5 536.5 0.97 74
SFIX R,1994198.0,
EFIX R,1994198.0,1994422 226 909.0 546.8 603
SSACC R,1994424.0,
ESACC R,1994424.0,1994442 20 907.6 553.3 881.9 529.9 0.94 62
SFIX R,1994444.0,
EFIX R,1994444.0,1994846 404 894.3 540.1 597
SSACC R,1994848.0,
ESACC R,1994848.0,1994862 16 900.2 543.3 875.9 532.3 0.72 64
SFIX R,1994864.0,
EFIX R,1994864.0,1995056 194 886.2 523.1 623
SSACC R,1995058.0,
SBLINK R,1995088.0,
EBLINK R,1995088.0,1996012 926
ESACC R,1995058.0,1996172 1116 894.0 520.8 908.8 458.4 1.74 556
SFIX R,1996174.0,
EFIX R,1996174.0,1996342 170 879.9 492.1 545
SSACC R,1996344.0,
ESACC R,1996344.0,1996370 28 862.0 521.8 901.4 460.7 1.97 105
SFIX R,1996372.0,
EFIX R,1996372.0,1996812 442 884.7 476.3 420
SSACC R,1996814.0,
ESACC R,1996814.0,1996820 8 876.6 494.2 863.3 482.1 0.49 68
SFIX R,1996822.0,
EFIX R,1996822.0,1997292 472 870.3 511.9 462
SSACC R,1997294.0,
ESACC R,1997294.0,1997306 14 879.6 523.9 882.2 490.4 0.91 75
SFIX R,1997308.0,
EFIX R,1997308.0,1998334 1028 891.2 525.8 604
SSACC R,1998336.0,
ESACC R,1998336.0,1998346 12 891.0 533.3 892.1 512.0 0.58 68
SFIX R,1998348.0,
EFIX R,1998348.0,2000908 2562 902.3 517.3 648
SSACC R,2000910.0,
ESACC R,2000910.0,2000918 10 978.1 453.3 985.4 465.8 0.39 60
SFIX R,2000920.0,
EFIX R,2000920.0,2001090 172 925.4 460.7 526
SSACC R,2001092.0,
SBLINK R,2001158.0,
EBLINK R,2001158.0,2001704 548
ESACC R,2001092.0,2002122 1032 881.7 480.2 899.2 427.8 1.50 591
SFIX R,2002124.0,
EFIX R,2002124.0,2002160 38 899.4 427.2 439
SSACC R,2002162.0,
ESACC R,2002162.0,2002204 44 901.5 428.0 907.0 458.7 0.84 73
SFIX R,2002206.0,
EFIX R,2002206.0,2002534 330 912.6 479.1 429
SSACC R,2002536.0,
ESACC R,2002536.0,2002544 10 910.5 482.7 910.6 469.3 0.36 73
SFIX R,2002546.0,
EFIX R,2002546.0,2002718 174 901.1 483.1 426
SSACC R,2002720.0,
ESACC R,2002720.0,2002746 28 895.9 500.8 866.0 486.3 0.90 98
SFIX R,2002748.0,
EFIX R,2002748.0,2002916 170 874.1 513.4 439
SSACC R,2002918.0,
ESACC R,2002918.0,2002932 16 876.7 521.8 888.9 485.7 1.03 107
SFIX R,2002934.0,
EFIX R,2002934.0,2003130 198 872.8 508.2 458
SSACC R,2003132.0,
ESACC R,2003132.0,2003152 22 865.5 534.1 881.6 488.5 1.31 104
SFIX R,2003154.0,
EFIX R,2003154.0,2003198 46 886.2 490.6 486
SSACC R,2003200.0,
ESACC R,2003200.0,2003212 14 886.3 507.2 883.9 494.2 0.36 48
SFIX R,2003214.0,
EFIX R,2003214.0,2003288 76 884.5 503.4 499
SSACC R,2003290.0,
ESACC R,2003290.0,2003304 16 886.0 502.1 885.3 513.3 0.30 51
SFIX R,2003306.0,
EFIX R,2003306.0,2003372 68 887.9 519.4 522
SSACC R,2003374.0,
ESACC R,2003374.0,2003388 16 891.8 522.6 882.3 498.5 0.70 75
SFIX R,2003390.0,
EFIX R,2003390.0,2004738 1350 893.0 529.6 608
SSACC R,2004740.0,
SBLINK R,2004796.0,
EBLINK R,2004796.0,2005118 324
ESACC R,2004740.0,2005268 530 888.5 486.3 897.7 449.8 1.02 1899
SFIX R,2005270.0,
EFIX R,2005270.0,2005858 590 887.6 502.2 562
SSACC R,2005860.0,
ESACC R,2005860.0,2005874 16 878.6 552.6 856.7 528.3 0.89 111
SFIX R,2005876.0,
EFIX R,2005876.0,2006038 164 860.7 543.6 504
SSACC R,2006040.0,
ESACC R,2006040.0,2006062 24 863.8 565.8 869.9 502.5 1.72 110
SFIX R,2006064.0,
EFIX R,2006064.0,2006292 230 866.3 524.3 538
SSACC R,2006294.0,
ESACC R,2006294.0,2006314 22 873.5 532.4 850.6 499.0 1.10 104
SFIX R,2006316.0,
EFIX R,2006316.0,2007322 1008 882.1 535.0 593
SSACC R,2007324.0,
ESACC R,2007324.0,2007332 10 894.2 552.7 875.5 542.5 0.58 71
SFIX R,2007334.0,
EFIX R,2007334.0,2008498 1166 882.7 543.1 533
SSACC R,2008500.0,
SBLINK R,2008532.0,
EBLINK R,2008532.0,2008820 290
ESACC R,2008500.0,2009040 542 919.3 504.0 916.4 458.1 1.25 461
SFIX R,2009042.0,
EFIX R,2009042.0,2009248 208 916.4 479.5 539
SSACC R,2009250.0,
ESACC R,2009250.0,2009272 24 918.6 477.3 918.0 482.8 0.15 62
SFIX R,2009274.0,
EFIX R,2009274.0,2010174 902 893.4 481.6 453
SSACC R,2010176.0,
ESACC R,2010176.0,2010180 6 890.0 502.3 897.5 511.1 0.31 61
SFIX R,2010182.0,
EFIX R,2010182.0,2010310 130 900.2 525.8 481
SSACC R,2010312.0,
ESACC R,2010312.0,2010338 28 902.3 543.3 872.3 508.1 1.25 92
SFIX R,2010340.0,
EFIX R,2010340.0,2010602 264 900.1 540.1 523
SSACC R,2010604.0,
ESACC R,2010604.0,2010610 8 894.3 545.9 883.3 535.2 0.42 55
SFIX R,2010612.0,
EFIX R,2010612.0,2011162 552 890.7 541.7 536
SSACC R,2011164.0,
ESACC R,2011164.0,2011178 16 882.2 548.9 877.3 514.5 0.94 100
SFIX R,2011180.0,
EFIX R,2011180.0,2011396 218 872.3 545.0 598
SSACC R,2011398.0,
ESACC R,2011398.0,2011416 20 877.7 570.0 871.4 514.9 1.50 123
SFIX R,2011418.0,
EFIX R,2011418.0,2011650 234 866.6 525.7 619
SSACC R,2011652.0,
ESACC R,2011652.0,2011668 18 867.0 528.1 898.3 498.5 1.17 91
SFIX R,2011670.0,
EFIX R,2011670.0,2011798 130 892.6 503.9 590
SSACC R,2011800.0,
ESACC R,2011800.0,2011804 6 885.5 504.0 872.2 503.9 0.36 63
SFIX R,2011806.0,
EFIX R,2011806.0,2012432 628 871.3 494.1 525
SSACC R,2012434.0,
ESACC R,2012434.0,2012440 8 883.2 495.6 871.2 491.0 0.35 53
SFIX R,2012442.0,
EFIX R,2012442.0,2013296 856 890.1 480.9 483
SSACC R,2013298.0,
ESACC R,2013298.0,2013310 14 883.6 521.1 862.3 501.0 0.79 91
SFIX R,2013312.0,
EFIX R,2013312.0,2013554 244 869.7 529.7 545
SSACC R,2013556.0,
ESACC R,2013556.0,2013578 24 879.4 558.9 886.9 506.4 1.44 125
SFIX R,2013580.0,
EFIX R,2013580.0,2013872 294 888.0 519.7 541
SSACC R,2013874.0,
SBLINK R,2013910.0,
EBLINK R,2013910.0,2014954 1046
ESACC R,2013874.0,2015046 1174 874.2 487.8 934.9 437.6 2.13 852
SFIX R,2015048.0,
EFIX R,2015048.0,2015484 438 892.0 484.3 476
SSACC R,2015486.0,
ESACC R,2015486.0,2015512 28 866.5 502.4 879.8 471.3 0.92 83
SFIX R,2015514.0,
EFIX R,2015514.0,2015704 192 872.4 497.0 434
SSACC R,2015706.0,
ESACC R,2015706.0,2015716 12 872.9 512.6 851.7 487.6 0.89 90
SFIX R,2015718.0,
EFIX R,2015718.0,2015994 278 868.5 513.6 466
SSACC R,2015996.0,
ESACC R,2015996.0,2016012 18 878.7 535.7 859.7 507.0 0.93 117
SFIX R,2016014.0,
EFIX R,2016014.0,2016868 856 881.6 529.4 632
SSACC R,2016870.0,
ESACC R,2016870.0,2016882 14 901.5 531.2 925.8 515.9 0.78 68
SFIX R,2016884.0,
EFIX R,2016884.0,2017026 144 925.0 511.2 703
SSACC R,2017028.0,
ESACC R,2017028.0,2017036 10 917.2 512.7 901.2 527.2 0.59 71
SFIX R,2017038.0,
EFIX R,2017038.0,2017306 270 900.0 543.1 721
SSACC R,2017308.0,
ESACC R,2017308.0,2017328 22 904.7 551.9 890.2 504.2 1.35 96
SFIX R,2017330.0,
EFIX R,2017330.0,2017946 618 888.7 527.7 735
SSACC R,2017948.0,
ESACC R,2017948.0,2017964 18 887.8 535.1 883.8 508.8 0.72 62
SFIX R,2017966.0,
EFIX R,2017966.0,2018220 256 884.0 533.5 762
SSACC R,2018222.0,
ESACC R,2018222.0,2018246 26 884.7 550.6 913.7 500.4 1.57 100
SFIX R,2018248.0,
EFIX R,2018248.0,2018404 158 912.3 518.1 768
SSACC R,2018406.0,
ESACC R,2018406.0,2018414 10 909.2 527.1 892.4 522.6 0.47 59
SFIX R,2018416.0,
EFIX R,2018416.0,2018536 122 887.5 544.0 773
SSACC R,2018538.0,
SBLINK R,2018574.0,
EBLINK R,2018574.0,2018770 198
ESACC R,2018538.0,2018830 294 868.1 574.5 911.4 491.0 2.55 2352
SFIX R,2018832.0,
EFIX R,2018832.0,2019434 604 908.6 537.5 874
SSACC R,2019436.0,
ESACC R,2019436.0,2019440 6 903.0 550.6 909.4 544.8 0.23 50
SFIX R,2019442.0,
EFIX R,2019442.0,2019726 286 905.5 542.8 825
SSACC R,2019728.0,
SBLINK R,2019766.0,
EBLINK R,2019766.0,2020204 440
ESACC R,2019728.0,2020322 596 902.2 553.1 917.1 480.4 2.01 2478
SFIX R,2020324.0,
EFIX R,2020324.0,2020438 116 901.1 486.4 861
SSACC R,2020440.0,
ESACC R,2020440.0,2020464 26 896.3 489.4 944.4 512.8 1.45 90
SFIX R,2020466.0,
EFIX R,2020466.0,2020734 270 919.5 528.7 815
SSACC R,2020736.0,
ESACC R,2020736.0,2020740 6 908.1 540.4 897.5 538.8 0.29 61
SFIX R,2020742.0,
EFIX R,2020742.0,2021010 270 888.9 553.7 730
SSACC R,2021012.0,
ESACC R,2021012.0,2021030 20 885.7 558.9 901.0 522.5 1.07 75
SFIX R,2021032.0,
EFIX R,2021032.0,2021246 216 898.2 540.9 724
SSACC R,2021248.0,
ESACC R,2021248.0,2021264 18 898.9 548.8 870.4 527.1 0.97 88
SFIX R,2021266.0,
EFIX R,2021266.0,2021532 268 885.4 531.8 785
SSACC R,2021534.0,
ESACC R,2021534.0,2021554 22 895.5 547.1 934.6 510.4 1.45 118
SFIX R,2021556.0,
EFIX R,2021556.0,2021730 176 931.3 514.4 835
SSACC R,2021732.0,
ESACC R,2021732.0,2021744 14 931.9 512.1 901.9 520.0 0.84 82
SFIX R,2021746.0,
EFIX R,2021746.0,2021914 170 909.6 526.8 877
SSACC R,2021916.0,
SBLINK R,2021936.0,
EBLINK R,2021936.0,2022146 212
ESACC R,2021916.0,2022180 266 905.0 550.6 907.5 482.5 1.85 474
SFIX R,2022182.0,
EFIX R,2022182.0,2022322 142 908.7 511.0 946
SSACC R,2022324.0,
ESACC R,2022324.0,2022344 22 916.0 536.4 958.8 503.1 1.47 114
SFIX R,2022346.0,
EFIX R,2022346.0,2022698 354 945.6 517.9 955
SSACC R,2022700.0,
ESACC R,2022700.0,2022710 12 939.6 531.5 926.5 511.6 0.65 74
SFIX R,2022712.0,
EFIX R,2022712.0,2023068 358 925.5 533.0 927
SSACC R,2023070.0,
ESACC R,2023070.0,2023088 20 927.0 543.0 915.3 494.1 1.36 115
SFIX R,2023090.0,
EFIX R,2023090.0,2023250 162 915.0 502.5 918
SSACC R,2023252.0,
SBLINK R,2023274.0,
EBLINK R,2023274.0,2023584 312
ESACC R,2023252.0,2023632 382 912.1 514.8 911.0 534.9 0.55 451
SFIX R,2023634.0,
EFIX R,2023634.0,2023698 66 906.0 540.6 961
SSACC R,2023700.0,
ESACC R,2023700.0,2023726 28 904.8 559.0 965.3 515.0 2.03 126
SFIX R,2023728.0,
EFIX R,2023728.0,2023872 146 958.6 541.2 955
SSACC R,2023874.0,
ESACC R,2023874.0,2023898 26 959.8 551.4 918.2 529.8 1.27 95
SFIX R,2023900.0,
EFIX R,2023900.0,2024358 460 914.4 530.0 924
SSACC R,2024360.0,
ESACC R,2024360.0,2024376 18 918.3 539.3 915.8 503.2 0.98 94
SFIX R,2024378.0,
EFIX R,2024378.0,2024872 496 914.7 519.5 806
SSACC R,2024874.0,
ESACC R,2024874.0,2024882 10 917.4 530.7 922.0 515.7 0.43 56
SFIX R,2024884.0,
EFIX R,2024884.0,2025466 584 916.8 550.2 841
SSACC R,2025468.0,
ESACC R,2025468.0,2025480 14 907.1 559.2 943.8 561.2 1.00 98
SFIX R,2025482.0,
EFIX R,2025482.0,2025876 396 936.5 566.3 866
SSACC R,2025878.0,
ESACC R,2025878.0,2025886 10 931.0 569.2 909.1 560.2 0.64 75
SFIX R,2025888.0,
EFIX R,2025888.0,2026450 564 914.4 572.5 838
SSACC R,2026452.0,
SBLINK R,2026486.0,
EBLINK R,2026486.0,2026654 170
ESACC R,2026452.0,2026690 240 921.0 588.6 939.9 533.1 1.59 2527
SFIX R,2026692.0,
EFIX R,2026692.0,2026988 298 925.7 566.9 821
SSACC R,2026990.0,
ESACC R,2026990.0,2027008 20 926.4 570.7 912.8 538.3 0.95 72
SFIX R,2027010.0,
EFIX R,2027010.0,2027586 578 925.1 557.3 843
SSACC R,2027588.0,
ESACC R,2027588.0,2027600 14 919.3 571.2 925.6 541.1 0.83 79
SFIX R,2027602.0,
EFIX R,2027602.0,2028712 1112 915.2 558.2 843
SSACC R,2028714.0,
ESACC R,2028714.0,2028726 14 914.0 574.5 912.3 551.6 0.62 57
SFIX R,2028728.0,
EFIX R,2028728.0,2029338 612 924.0 567.1 851
SSACC R,2029340.0,
ESACC R,2029340.0,2029348 10 928.8 577.6 927.3 563.2 0.39 52
SFIX R,2029350.0,
EFIX R,2029350.0,2029818 470 927.6 566.0 826
SSACC R,2029820.0,
ESACC R,2029820.0,2029836 18 928.2 566.5 920.6 540.6 0.73 76
SFIX R,2029838.0,
EFIX R,2029838.0,2030380 544 932.4 555.6 888
SSACC R,2030382.0,
SBLINK R,2030408.0,
EBLINK R,2030408.0,2030552 146
ESACC R,2030382.0,2030584 204 926.9 592.5 935.7 502.9 2.44 362
SFIX R,2030586.0,
EFIX R,2030586.0,2030766 182 934.3 541.5 894
SSACC R,2030768.0,
ESACC R,2030768.0,2030776 10 930.0 548.9 947.0 552.7 0.47 62
SFIX R,2030778.0,
EFIX R,2030778.0,2031798 1022 934.9 555.2 791
SSACC R,2031800.0,
ESACC R,2031800.0,2031810 12 921.5 548.5 909.4 525.5 0.70 84
SFIX R,2031812.0,
EFIX R,2031812.0,2032412 602 920.4 544.2 788
SSACC R,2032414.0,
ESACC R,2032414.0,2032426 14 928.7 563.3 957.0 546.5 0.89 86
SFIX R,2032428.0,
EFIX R,2032428.0,2032572 146 952.4 550.5 804
SSACC R,2032574.0,
ESACC R,2032574.0,2032588 16 946.0 550.0 923.9 547.7 0.60 84
SFIX R,2032590.0,
EFIX R,2032590.0,2033576 988 915.2 557.3 759
SSACC R,2033578.0,
ESACC R,2033578.0,2033582 6 915.2 568.9 910.6 563.2 0.20 53
SFIX R,2033584.0,
EFIX R,2033584.0,2034428 846 900.3 567.6 734
SSACC R,2034430.0,
ESACC R,2034430.0,2034436 8 908.6 570.4 915.4 561.4 0.31 45
SFIX R,2034438.0,
EFIX R,2034438.0,2034570 134 924.6 558.5 709
SSACC R,2034572.0,
ESACC R,2034572.0,2034582 12 926.8 554.5 905.4 559.0 0.59 60
SFIX R,2034584.0,
EFIX R,2034584.0,2035026 444 912.8 564.1 729
SSACC R,2035028.0,
SBLINK R,2035064.0,
EBLINK R,2035064.0,2035228 166
ESACC R,2035028.0,2035268 242 899.8 570.1 938.6 471.2 2.88 2098
SFIX R,2035270.0,
EFIX R,2035270.0,2035292 24 936.3 475.8 710
SSACC R,2035294.0,
ESACC R,2035294.0,2035300 8 935.8 492.4 932.0 501.5 0.27 59
SFIX R,2035302.0,
EFIX R,2035302.0,2035498 198 920.9 523.4 685
SSACC R,2035500.0,
ESACC R,2035500.0,2035508 10 911.0 525.3 893.9 528.5 0.47 60
SFIX R,2035510.0,
EFIX R,2035510.0,2036816 1308 900.0 545.8 648
SSACC R,2036818.0,
ESACC R,2036818.0,2036830 14 902.5 567.7 883.4 552.5 0.66 68
SFIX R,2036832.0,
EFIX R,2036832.0,2038066 1236 890.4 554.4 663
SSACC R,2038068.0,
ESACC R,2038068.0,2038082 16 885.3 562.4 915.4 554.6 0.84 86
SFIX R,2038084.0,
EFIX R,2038084.0,2038194 112 921.2 558.0 714
SSACC R,2038196.0,
ESACC R,2038196.0,2038214 20 922.5 556.8 878.6 552.0 1.20 92
SFIX R,2038216.0,
EFIX R,2038216.0,2038322 108 880.0 563.5 730
SSACC R,2038324.0,
ESACC R,2038324.0,2038328 6 889.1 565.0 896.9 561.7 0.23 48
SFIX R,2038330.0,
EFIX R,2038330.0,2039154 826 895.7 566.5 748
SSACC R,2039156.0,
SBLINK R,2039182.0,
EBLINK R,2039182.0,2039398 218
ESACC R,2039156.0,2039482 328 894.4 591.4 920.1 530.6 1.79 2210
SFIX R,2039484.0,
EFIX R,2039484.0,2040074 592 911.9 535.6 664
SSACC R,2040076.0,
ESACC R,2040076.0,2040088 14 901.6 529.1 921.3 528.9 0.53 49
SFIX R,2040090.0,
EFIX R,2040090.0,2040990 902 902.3 540.7 627
SSACC R,2040992.0,
ESACC R,2040992.0,2041004 14 891.0 561.2 904.8 534.3 0.82 83
SFIX R,2041006.0,
EFIX R,2041006.0,2042352 1348 914.1 554.9 804
SSACC R,2042354.0,
ESACC R,2042354.0,2042362 10 923.5 549.2 921.6 536.0 0.36 48
SFIX R,2042364.0,
EFIX R,2042364.0,2043114 752 919.6 547.4 819
SSACC R,2043116.0,
ESACC R,2043116.0,2043126 12 926.6 553.2 911.0 545.6 0.47 50
SFIX R,2043128.0,
EFIX R,2043128.0,2043252 126 907.4 546.4 814
SSACC R,2043254.0,
ESACC R,2043254.0,2043264 12 913.2 554.1 936.4 554.0 0.63 59
SFIX R,2043266.0,
EFIX R,2043266.0,2043916 652 928.6 554.9 781
SSACC R,2043918.0,
SBLINK R,2043952.0,
EBLINK R,2043952.0,2044142 192
ESACC R,2043918.0,2044194 278 912.1 590.2 922.1 452.1 3.75 2416
SFIX R,2044196.0,
EFIX R,2044196.0,2044228 34 917.8 470.2 638
SSACC R,2044230.0,
ESACC R,2044230.0,2044238 10 914.3 478.4 916.5 498.7 0.55 72
SFIX R,2044240.0,
EFIX R,2044240.0,2045146 908 909.2 517.5 590
SSACC R,2045148.0,
ESACC R,2045148.0,2045154 8 918.1 529.5 919.2 512.7 0.46 61
SFIX R,2045156.0,
EFIX R,2045156.0,2046866 1712 914.3 539.0 771
SSACC R,2046868.0,
ESACC R,2046868.0,2046876 10 900.2 555.0 917.1 546.0 0.52 64
SFIX R,2046878.0,
EFIX R,2046878.0,2046994 118 913.6 542.5 784
SSACC R,2046996.0,
ESACC R,2046996.0,2047002 8 906.9 542.0 890.0 540.7 0.46 76
SFIX R,2047004.0,
EFIX R,2047004.0,2047074 72 889.3 540.2 773
SSACC R,2047076.0,
ESACC R,2047076.0,2047082 8 890.7 538.4 904.8 540.8 0.39 52
SFIX R,2047084.0,
EFIX R,2047084.0,2049298 2216 895.7 532.5 642
SSACC R,2049300.0,
ESACC R,2049300.0,2049306 8 900.7 500.9 897.8 510.4 0.27 51
SFIX R,2049308.0,
EFIX R,2049308.0,2050104 798 894.4 528.0 556
SSACC R,2050106.0,
SBLINK R,2050132.0,
EBLINK R,2050132.0,2050308 178
ESACC R,2050106.0,2050366 262 848.0 566.4 927.5 522.4 2.46 468
SFIX R,2050368.0,
EFIX R,2050368.0,2050604 238 915.5 530.0 604
SSACC R,2050606.0,
ESACC R,2050606.0,2050610 6 907.8 539.6 899.0 530.5 0.34 64
SFIX R,2050612.0,
EFIX R,2050612.0,2050766 156 891.7 542.6 620
SSACC R,2050768.0,
ESACC R,2050768.0,2050782 16 890.2 549.5 896.3 524.3 0.70 54
SFIX R,2050784.0,
EFIX R,2050784.0,2051004 222 898.3 543.2 613
SSACC R,2051006.0,
ESACC R,2051006.0,2051022 18 901.5 549.9 883.9 523.8 0.85 82
SFIX R,2051024.0,
EFIX R,2051024.0,2051344 322 887.9 542.3 624
SSACC R,2051346.0,
ESACC R,2051346.0,2051364 20 883.9 554.7 911.9 538.0 0.88 73
SFIX R,2051366.0,
EFIX R,2051366.0,2051760 396 893.9 551.1 655
SSACC R,2051762.0,
ESACC R,2051762.0,2051770 10 887.8 563.8 905.8 556.4 0.53 67
SFIX R,2051772.0,
EFIX R,2051772.0,2051982 212 909.8 553.7 646
SSACC R,2051984.0,
ESACC R,2051984.0,2051990 8 910.7 556.3 892.6 552.4 0.50 63
SFIX R,2051992.0,
EFIX R,2051992.0,2052956 966 894.7 550.6 612
SSACC R,2052958.0,
SBLINK R,2052976.0,
EBLINK R,2052976.0,2053178 204
ESACC R,2052958.0,2053204 248 913.6 555.6 968.0 463.3 2.90 305
SFIX R,2053206.0,
EFIX R,2053206.0,2053566 362 925.4 472.3 503
SSACC R,2053568.0,
ESACC R,2053568.0,2053574 8 904.3 494.1 892.1 499.8 0.36 62
SFIX R,2053576.0,
EFIX R,2053576.0,2053776 202 885.4 523.5 567
SSACC R,2053778.0,
ESACC R,2053778.0,2053788 12 881.9 536.4 885.4 510.5 0.71 79
SFIX R,2053790.0,
EFIX R,2053790.0,2054006 218 887.1 526.6 587
SSACC R,2054008.0,
ESACC R,2054008.0,2054048 42 883.2 533.2 880.2 513.5 0.54 101
SFIX R,2054050.0,
EFIX R,2054050.0,2054414 366 888.3 517.4 648
SSACC R,2054416.0,
ESACC R,2054416.0,2054426 12 899.5 517.3 918.6 513.3 0.53 64
SFIX R,2054428.0,
EFIX R,2054428.0,2054800 374 924.2 522.2 773
SSACC R,2054802.0,
ESACC R,2054802.0,2054812 12 929.2 530.2 920.3 516.9 0.43 50
SFIX R,2054814.0,
EFIX R,2054814.0,2055810 998 898.6 544.4 773
SSACC R,2055812.0,
ESACC R,2055812.0,2055826 16 881.2 546.0 862.9 523.6 0.78 75
SFIX R,2055828.0,
EFIX R,2055828.0,2055970 144 858.3 528.6 706
SSACC R,2055972.0,
ESACC R,2055972.0,2055986 16 855.7 530.4 887.3 529.7 0.86 63
SFIX R,2055988.0,
EFIX R,2055988.0,2056562 576 879.7 538.2 690
SSACC R,2056564.0,
SBLINK R,2056614.0,
EBLINK R,2056614.0,2056748 136
ESACC R,2056564.0,2056796 234 875.6 554.4 845.4 533.1 1.00 2018
SFIX R,2056798.0,
EFIX R,2056798.0,2056906 110 840.5 556.6 696
SSACC R,2056908.0,
ESACC R,2056908.0,2056926 20 843.5 567.4 891.3 547.2 1.40 113
SFIX R,2056928.0,
EFIX R,2056928.0,2057170 244 888.3 556.6 707
SSACC R,2057172.0,
ESACC R,2057172.0,2057186 16 887.6 559.4 880.8 530.6 0.80 84
SFIX R,2057188.0,
EFIX R,2057188.0,2057620 434 893.4 540.6 746
SSACC R,2057622.0,
ESACC R,2057622.0,2057634 14 900.3 550.8 899.4 531.1 0.53 55
SFIX R,2057636.0,
EFIX R,2057636.0,2058934 1300 898.8 539.2 690
SSACC R,2058936.0,
ESACC R,2058936.0,2058948 14 933.6 537.4 911.2 536.4 0.61 59
SFIX R,2058950.0,
EFIX R,2058950.0,2059588 640 900.9 553.5 685
SSACC R,2059590.0,
SBLINK R,2059618.0,
EBLINK R,2059618.0,2059820 204
ESACC R,2059590.0,2059862 274 899.5 579.2 921.9 501.2 2.20 2134
SFIX R,2059864.0,
EFIX R,2059864.0,2060532 670 901.6 528.6 705
SSACC R,2060534.0,
ESACC R,2060534.0,2060550 18 884.3 536.3 906.8 536.6 0.61 75
SFIX R,2060552.0,
EFIX R,2060552.0,2062854 2304 902.7 531.3 621
SSACC R,2062856.0,
SBLINK R,2062938.0,
EBLINK R,2062938.0,2063180 244
ESACC R,2062856.0,2063266 412 889.7 505.5 890.5 458.3 1.28 400
SFIX R,2063268.0,
EFIX R,2063268.0,2063556 290 900.8 488.9 524
SSACC R,2063558.0,
ESACC R,2063558.0,2063564 8 899.8 477.3 912.3 481.5 0.36 51
SFIX R,2063566.0,
EFIX R,2063566.0,2064034 470 896.6 500.9 508
SSACC R,2064036.0,
ESACC R,2064036.0,2064074 40 891.9 539.4 892.2 514.9 0.66 88
SFIX R,2064076.0,
EFIX R,2064076.0,2064246 172 892.8 532.2 541
SSACC R,2064248.0,
ESACC R,2064248.0,2064264 18 895.1 545.8 878.1 510.8 1.05 124
SFIX R,2064266.0,
EFIX R,2064266.0,2064618 354 878.5 527.9 626
SSACC R,2064620.0,
ESACC R,2064620.0,2064630 12 886.4 534.0 902.4 516.5 0.64 62
SFIX R,2064632.0,
EFIX R,2064632.0,2065328 698 919.3 520.6 756
SSACC R,2065330.0,
ESACC R,2065330.0,2065340 12 933.9 527.4 933.2 509.4 0.49 48
SFIX R,2065342.0,
EFIX R,2065342.0,2065986 646 916.0 521.6 809
SSACC R,2065988.0,
SBLINK R,2066014.0,
EBLINK R,2066014.0,2066198 186
ESACC R,2065988.0,2066266 280 895.4 560.2 919.0 530.4 1.03 517
SFIX R,2066268.0,
EFIX R,2066268.0,2066336 70 911.5 543.3 746
SSACC R,2066338.0,
ESACC R,2066338.0,2066352 16 906.5 535.3 883.2 521.0 0.74 58
SFIX R,2066354.0,
EFIX R,2066354.0,2066430 78 869.4 525.1 733
SSACC R,2066432.0,
ESACC R,2066432.0,2066450 20 873.6 525.9 926.2 523.5 1.43 103
SFIX R,2066452.0,
EFIX R,2066452.0,2066888 438 901.2 542.0 737
SSACC R,2066890.0,
ESACC R,2066890.0,2066900 12 890.0 556.2 887.7 535.5 0.56 65
SFIX R,2066902.0,
EFIX R,2066902.0,2067242 342 893.2 541.8 716
SSACC R,2067244.0,
ESACC R,2067244.0,2067258 16 899.3 540.8 896.0 514.6 0.72 65
SFIX R,2067260.0,
EFIX R,2067260.0,2067664 406 904.9 525.5 747
SSACC R,2067666.0,
ESACC R,2067666.0,2067682 18 913.3 534.5 907.5 503.5 0.85 67
SFIX R,2067684.0,
EFIX R,2067684.0,2067894 212 907.3 526.9 791
SSACC R,2067896.0,
ESACC R,2067896.0,2067902 8 911.2 544.1 924.0 539.9 0.37 54
SFIX R,2067904.0,
EFIX R,2067904.0,2068038 136 925.6 542.3 783
SSACC R,2068040.0,
ESACC R,2068040.0,2068046 8 918.7 540.5 907.5 540.7 0.30 55
SFIX R,2068048.0,
EFIX R,2068048.0,2069046 1000 900.1 553.2 755
SSACC R,2069048.0,
ESACC R,2069048.0,2069054 8 902.6 551.3 900.2 541.4 0.28 42
SFIX R,2069056.0,
EFIX R,2069056.0,2069288 234 900.7 546.8 754
SSACC R,2069290.0,
ESACC R,2069290.0,2069294 6 903.2 555.6 908.8 554.0 0.16 51
SFIX R,2069296.0,
EFIX R,2069296.0,2069396 102 918.2 545.1 740
SSACC R,2069398.0,
ESACC R,2069398.0,2069402 6 907.8 545.8 900.0 547.7 0.22 51
SFIX R,2069404.0,
EFIX R,2069404.0,2071104 1702 906.2 527.0 591
SSACC R,2071106.0,
ESACC R,2071106.0,2071118 14 887.2 471.4 892.5 484.9 0.39 72
SFIX R,2071120.0,
EFIX R,2071120.0,2072464 1346 895.8 526.2 597
SSACC R,2072466.0,
ESACC R,2072466.0,2072472 8 898.3 552.4 901.5 538.9 0.38 56
SFIX R,2072474.0,
EFIX R,2072474.0,2073112 640 891.3 546.3 671
SSACC R,2073114.0,
SBLINK R,2073134.0,
EBLINK R,2073134.0,2073364 232
ESACC R,2073114.0,2073476 364 861.0 571.9 902.2 501.9 2.20 207
SFIX R,2073478.0,
EFIX R,2073478.0,2073566 90 900.1 510.6 594
SSACC R,2073568.0,
ESACC R,2073568.0,2073574 8 913.9 512.4 919.3 502.4 0.31 47
SFIX R,2073576.0,
EFIX R,2073576.0,2074152 578 901.2 502.9 633
SSACC R,2074154.0,
ESACC R,2074154.0,2074160 8 899.6 529.1 896.8 516.4 0.35 64
SFIX R,2074162.0,
EFIX R,2074162.0,2074382 222 892.2 530.2 659
SSACC R,2074384.0,
ESACC R,2074384.0,2074400 18 894.3 548.1 894.6 511.4 0.99 70
SFIX R,2074402.0,
EFIX R,2074402.0,2074702 302 897.5 519.9 678
SSACC R,2074704.0,
ESACC R,2074704.0,2074710 8 901.8 523.9 896.2 508.7 0.44 61
SFIX R,2074712.0,
EFIX R,2074712.0,2075258 548 887.6 511.6 705
SSACC R,2075260.0,
ESACC R,2075260.0,2075266 8 885.2 527.1 902.2 524.6 0.47 67
SFIX R,2075268.0,
EFIX R,2075268.0,2075338 72 903.0 538.4 711
SSACC R,2075340.0,
SBLINK R,2075366.0,
EBLINK R,2075366.0,2075546 182
ESACC R,2075340.0,2075574 236 886.5 548.1 912.0 463.5 2.39 1710
SFIX R,2075576.0,
EFIX R,2075576.0,2075606 32 906.0 449.3 660
SSACC R,2075608.0,
ESACC R,2075608.0,2075644 38 902.1 461.1 887.7 517.6 1.58 107
SFIX R,2075646.0,
EFIX R,2075646.0,2075736 92 882.7 516.6 633
SSACC R,2075738.0,
ESACC R,2075738.0,2075744 8 893.0 511.2 909.8 518.3 0.49 69
SFIX R,2075746.0,
EFIX R,2075746.0,2076162 418 907.7 508.4 658
SSACC R,2076164.0,
ESACC R,2076164.0,2076176 14 907.8 523.8 904.9 491.2 0.89 79
SFIX R,2076178.0,
EFIX R,2076178.0,2076368 192 908.9 512.3 658
SSACC R,2076370.0,
ESACC R,2076370.0,2076388 20 908.3 528.2 917.5 497.3 0.87 82
SFIX R,2076390.0,
EFIX R,2076390.0,2077102 714 909.4 534.1 727
SSACC R,2077104.0,
ESACC R,2077104.0,2077118 16 907.5 570.5 917.4 546.6 0.70 51
SFIX R,2077120.0,
EFIX R,2077120.0,2077540 422 917.1 551.8 813
SSACC R,2077542.0,
ESACC R,2077542.0,2077560 20 920.3 556.0 899.1 537.3 0.77 52
SFIX R,2077562.0,
EFIX R,2077562.0,2077690 130 897.7 543.9 837
SSACC R,2077692.0,
ESACC R,2077692.0,2077702 12 898.9 552.0 915.8 545.8 0.49 56
SFIX R,2077704.0,
EFIX R,2077704.0,2078224 522 896.6 549.6 802
SSACC R,2078226.0,
ESACC R,2078226.0,2078236 12 875.0 536.8 898.2 542.5 0.65 67
SFIX R,2078238.0,
EFIX R,2078238.0,2078760 524 897.6 539.4 809
SSACC R,2078762.0,
ESACC R,2078762.0,2078768 8 896.6 542.4 908.4 544.7 0.33 54
SFIX R,2078770.0,
EFIX R,2078770.0,2078854 86 911.6 548.2 813
SSACC R,2078856.0,
SBLINK R,2078904.0,
EBLINK R,2078904.0,2079154 252
ESACC R,2078856.0,2079234 380 903.2 562.0 926.6 480.9 2.29 2462
SFIX R,2079236.0,
EFIX R,2079236.0,2079924 690 910.4 522.5 744
SSACC R,2079926.0,
ESACC R,2079926.0,2079930 6 901.8 537.4 898.9 530.0 0.22 50
SFIX R,2079932.0,
EFIX R,2079932.0,2080196 266 902.9 535.1 722
SSACC R,2080198.0,
ESACC R,2080198.0,2080230 34 907.8 533.3 908.5 511.3 0.60 76
SFIX R,2080232.0,
EFIX R,2080232.0,2081140 910 909.9 529.1 820
SSACC R,2081142.0,
ESACC R,2081142.0,2081146 6 911.6 536.6 914.6 533.0 0.13 46
SFIX R,2081148.0,
EFIX R,2081148.0,2081954 808 913.8 535.7 841
SSACC R,2081956.0,
ESACC R,2081956.0,2081966 12 928.8 540.0 933.2 515.7 0.67 59
SFIX R,2081968.0,
EFIX R,2081968.0,2082142 176 932.5 522.0 881
SSACC R,2082144.0,
SBLINK R,2082168.0,
EBLINK R,2082168.0,2082338 172
ESACC R,2082144.0,2082368 226 919.5 546.8 941.6 504.7 1.29 173
SFIX R,2082370.0,
EFIX R,2082370.0,2082504 136 935.0 550.2 886
SSACC R,2082506.0,
ESACC R,2082506.0,2082514 10 930.5 564.6 926.9 542.4 0.61 66
SFIX R,2082516.0,
EFIX R,2082516.0,2082740 226 925.2 542.2 876
SSACC R,2082742.0,
ESACC R,2082742.0,2082752 12 925.9 540.0 924.3 521.2 0.51 54
SFIX R,2082754.0,
EFIX R,2082754.0,2083258 506 922.6 531.3 816
SSACC R,2083260.0,
ESACC R,2083260.0,2083266 8 924.5 539.6 937.3 531.6 0.41 55
SFIX R,2083268.0,
EFIX R,2083268.0,2083442 176 929.6 527.3 753
SSACC R,2083444.0,
ESACC R,2083444.0,2083450 8 921.6 528.0 911.9 525.4 0.27 46
SFIX R,2083452.0,
EFIX R,2083452.0,2083846 396 909.1 529.0 739
SSACC R,2083848.0,
ESACC R,2083848.0,2083860 14 919.1 524.4 891.8 520.0 0.75 71
SFIX R,2083862.0,
EFIX R,2083862.0,2083972 112 890.4 530.0 750
SSACC R,2083974.0,
ESACC R,2083974.0,2083984 12 892.0 533.2 917.0 537.2 0.69 72
SFIX R,2083986.0,
EFIX R,2083986.0,2084156 172 922.3 541.3 733
SSACC R,2084158.0,
ESACC R,2084158.0,2084162 6 920.3 541.5 911.0 534.8 0.31 54
SFIX R,2084164.0,
EFIX R,2084164.0,2085104 942 902.8 532.4 704
SSACC R,2085106.0,
ESACC R,2085106.0,2085114 10 895.2 541.1 882.2 533.8 0.40 51
SFIX R,2085116.0,
EFIX R,2085116.0,2085244 130 879.7 537.9 731
SSACC R,2085246.0,
ESACC R,2085246.0,2085256 12 885.9 545.6 909.0 546.2 0.63 68
SFIX R,2085258.0,
EFIX R,2085258.0,2085544 288 903.5 556.8 732
SSACC R,2085546.0,
ESACC R,2085546.0,2085554 10 903.7 562.0 905.4 545.9 0.44 65
SFIX R,2085556.0,
EFIX R,2085556.0,2085818 264 902.2 545.0 760
SSACC R,2085820.0,
ESACC R,2085820.0,2085834 16 907.5 545.3 935.1 527.6 0.89 71
SFIX R,2085836.0,
EFIX R,2085836.0,2085972 138 934.1 531.0 761
SSACC R,2085974.0,
ESACC R,2085974.0,2085982 10 926.7 539.5 909.5 538.2 0.47 55
SFIX R,2085984.0,
EFIX R,2085984.0,2086356 374 894.7 544.5 719
SSACC R,2086358.0,
ESACC R,2086358.0,2086364 8 890.0 549.3 901.0 534.5 0.50 71
SFIX R,2086366.0,
EFIX R,2086366.0,2086674 310 899.9 541.9 690
SSACC R,2086676.0,
ESACC R,2086676.0,2086680 6 886.7 544.2 876.8 543.5 0.27 64
SFIX R,2086682.0,
EFIX R,2086682.0,2086820 140 868.3 541.9 665
SSACC R,2086822.0,
ESACC R,2086822.0,2086830 10 867.3 546.2 892.2 545.5 0.68 82
SFIX R,2086832.0,
EFIX R,2086832.0,2087206 376 875.2 553.0 652
SSACC R,2087208.0,
ESACC R,2087208.0,2087212 6 867.0 567.3 862.2 554.7 0.37 67
SFIX R,2087214.0,
EFIX R,2087214.0,2087622 410 865.2 560.2 679
SSACC R,2087624.0,
ESACC R,2087624.0,2087638 16 867.5 562.8 881.0 540.7 0.70 54
SFIX R,2087640.0,
EFIX R,2087640.0,2087952 314 882.4 553.7 717
SSACC R,2087954.0,
SBLINK R,2088002.0,
EBLINK R,2088002.0,2088230 230
ESACC R,2087954.0,2088324 372 877.7 517.9 932.4 497.1 1.59 804
SFIX R,2088326.0,
EFIX R,2088326.0,2088406 82 925.4 501.0 648
SSACC R,2088408.0,
ESACC R,2088408.0,2088444 38 921.7 501.4 922.5 512.5 0.30 48
SFIX R,2088446.0,
EFIX R,2088446.0,2089070 626 899.3 531.2 625
SSACC R,2089072.0,
ESACC R,2089072.0,2089076 6 886.1 545.7 880.0 541.4 0.20 52
SFIX R,2089078.0,
EFIX R,2089078.0,2089280 204 877.9 555.2 576
SSACC R,2089282.0,
ESACC R,2089282.0,2089286 6 882.1 558.4 878.0 550.2 0.25 50
SFIX R,2089288.0,
EFIX R,2089288.0,2089476 190 879.3 558.6 583
SSACC R,2089478.0,
ESACC R,2089478.0,2089482 6 878.7 557.8 873.8 551.5 0.22 54
SFIX R,2089484.0,
EFIX R,2089484.0,2089768 286 872.7 560.4 609
SSACC R,2089770.0,
ESACC R,2089770.0,2089800 32 878.8 576.7 897.1 553.1 0.81 82
SFIX R,2089802.0,
EFIX R,2089802.0,2090110 310 894.3 565.1 642
SSACC R,2090112.0,
ESACC R,2090112.0,2090132 22 880.5 574.0 909.5 573.7 0.79 68
SFIX R,2090134.0,
EFIX R,2090134.0,2090498 366 894.2 564.0 632
SSACC R,2090500.0,
SBLINK R,2090530.0,
EBLINK R,2090530.0,2091572 1044
ESACC R,2090500.0,2091628 1130 901.8 537.7 980.7 486.9 2.54 2312
SFIX R,2091630.0,
EFIX R,2091630.0,2091762 134 941.2 533.0 605
SSACC R,2091764.0,
ESACC R,2091764.0,2091782 20 922.5 536.6 923.1 493.2 1.18 103
SFIX R,2091784.0,
EFIX R,2091784.0,2091916 134 918.7 535.5 605
SSACC R,2091918.0,
ESACC R,2091918.0,2091948 32 906.4 560.0 923.4 469.1 2.51 144
SFIX R,2091950.0,
EFIX R,2091950.0,2092364 416 896.2 493.6 514
SSACC R,2092366.0,
ESACC R,2092366.0,2092378 14 879.4 515.2 867.8 504.6 0.43 53
SFIX R,2092380.0,
EFIX R,2092380.0,2092596 218 873.7 528.4 553
SSACC R,2092598.0,
ESACC R,2092598.0,2092606 10 877.4 548.8 890.4 525.9 0.71 78
SFIX R,2092608.0,
EFIX R,2092608.0,2093780 1174 896.8 555.3 644
SSACC R,2093782.0,
ESACC R,2093782.0,2093792 12 884.0 560.6 869.0 545.3 0.58 64
SFIX R,2093794.0,
EFIX R,2093794.0,2093874 82 855.6 547.2 652
SSACC R,2093876.0,
SBLINK R,2093914.0,
EBLINK R,2093914.0,2094162 250
ESACC R,2093876.0,2094226 352 853.0 560.5 940.0 440.6 4.01 226
SFIX R,2094228.0,
EFIX R,2094228.0,2095668 1442 895.2 509.7 609
SSACC R,2095670.0,
ESACC R,2095670.0,2095696 28 873.0 553.3 894.3 516.1 1.16 61
SFIX R,2095698.0,
EFIX R,2095698.0,2095948 252 889.3 537.9 656
SSACC R,2095950.0,
ESACC R,2095950.0,2095962 14 895.7 541.6 886.7 514.9 0.76 82
SFIX R,2095964.0,
EFIX R,2095964.0,2097648 1686 885.0 543.6 741
SSACC R,2097650.0,
ESACC R,2097650.0,2097658 10 877.4 536.0 864.5 526.1 0.44 66
SFIX R,2097660.0,
EFIX R,2097660.0,2100254 2596 894.0 525.5 581
SSACC R,2100256.0,
ESACC R,2100256.0,2100260 6 897.4 546.8 896.9 551.6 0.13 57
SFIX R,2100262.0,
EFIX R,2100262.0,2101366 1106 896.9 525.4 526
SSACC R,2101368.0,
SBLINK R,2101388.0,
EBLINK R,2101388.0,2101604 218
ESACC R,2101368.0,2101682 316 913.9 529.3 929.3 488.7 1.18 248
SFIX R,2101684.0,
EFIX R,2101684.0,2101848 166 899.4 486.6 499
SSACC R,2101850.0,
ESACC R,2101850.0,2101862 14 885.4 484.5 907.0 491.2 0.61 69
SFIX R,2101864.0,
EFIX R,2101864.0,2102034 172 901.9 513.2 528
SSACC R,2102036.0,
ESACC R,2102036.0,2102054 20 897.9 544.4 889.8 487.9 1.55 117
SFIX R,2102056.0,
EFIX R,2102056.0,2102230 176 890.8 518.4 540
SSACC R,2102232.0,
ESACC R,2102232.0,2102256 26 893.4 534.6 877.6 483.7 1.44 126
SFIX R,2102258.0,
EFIX R,2102258.0,2102554 298 882.4 502.8 551
SSACC R,2102556.0,
ESACC R,2102556.0,2102572 18 887.8 523.0 877.5 492.0 0.89 74
SFIX R,2102574.0,
EFIX R,2102574.0,2104738 2166 884.6 512.7 761
SSACC R,2104740.0,
ESACC R,2104740.0,2104748 10 881.0 527.0 896.1 523.5 0.42 57
SFIX R,2104750.0,
EFIX R,2104750.0,2105516 768 896.3 530.8 816
SSACC R,2105518.0,
SBLINK R,2105550.0,
EBLINK R,2105550.0,2105702 154
ESACC R,2105518.0,2105722 206 877.2 545.2 901.5 500.1 1.39 2582
SFIX R,2105724.0,
EFIX R,2105724.0,2105886 164 891.2 534.1 808
SSACC R,2105888.0,
ESACC R,2105888.0,2105900 14 885.5 556.5 900.8 534.8 0.72 72
SFIX R,2105902.0,
EFIX R,2105902.0,2106222 322 894.0 537.9 761
SSACC R,2106224.0,
ESACC R,2106224.0,2106230 8 888.1 536.9 881.4 527.1 0.32 50
SFIX R,2106232.0,
EFIX R,2106232.0,2106570 340 871.9 531.5 652
SSACC R,2106572.0,
ESACC R,2106572.0,2106586 16 870.8 533.4 879.1 511.4 0.64 76
SFIX R,2106588.0,
EFIX R,2106588.0,2107732 1146 885.2 519.7 710
SSACC R,2107734.0,
ESACC R,2107734.0,2107742 10 878.1 532.4 896.2 523.7 0.54 70
SFIX R,2107744.0,
EFIX R,2107744.0,2108024 282 893.9 524.1 760
SSACC R,2108026.0,
ESACC R,2108026.0,2108036 12 887.6 531.5 872.5 515.6 0.59 67
SFIX R,2108038.0,
EFIX R,2108038.0,2110332 2296 884.4 514.2 588
SSACC R,2110334.0,
ESACC R,2110334.0,2110340 8 877.2 532.3 883.5 541.0 0.29 53
SFIX R,2110342.0,
EFIX R,2110342.0,2111984 1644 892.5 523.5 614
SSACC R,2111986.0,
ESACC R,2111986.0,2111992 8 871.7 531.8 873.7 513.1 0.51 68
SFIX R,2111994.0,
EFIX R,2111994.0,2112212 220 865.3 526.3 632
SSACC R,2112214.0,
ESACC R,2112214.0,2112226 14 866.0 537.0 874.5 510.8 0.75 60
SFIX R,2112228.0,
EFIX R,2112228.0,2112654 428 874.2 522.6 665
SSACC R,2112656.0,
ESACC R,2112656.0,2112672 18 875.9 532.9 883.4 527.2 0.26 56
SFIX R,2112674.0,
EFIX R,2112674.0,2113994 1322 888.1 518.4 655
SSACC R,2113996.0,
ESACC R,2113996.0,2114004 10 909.8 506.9 905.7 486.5 0.56 65
SFIX R,2114006.0,
EFIX R,2114006.0,2114270 266 924.9 479.3 519
SSACC R,2114272.0,
SBLINK R,2114314.0,
EBLINK R,2114314.0,2115796 1484
ESACC R,2114272.0,2115940 1670 958.2 467.2 994.5 575.7 3.10 432
SFIX R,2115942.0,
EFIX R,2115942.0,2115970 30 992.8 554.4 606
SSACC R,2115972.0,
ESACC R,2115972.0,2115982 12 984.7 541.2 976.3 510.7 0.86 87
SFIX R,2115984.0,
EFIX R,2115984.0,2116160 178 926.7 507.6 585
SSACC R,2116162.0,
ESACC R,2116162.0,2116174 14 926.9 506.6 937.4 490.5 0.52 63
SFIX R,2116176.0,
EFIX R,2116176.0,2116320 146 939.3 495.3 499
SSACC R,2116322.0,
ESACC R,2116322.0,2116352 32 941.1 487.6 1007.1 431.2 2.35 134
SFIX R,2116354.0,
EFIX R,2116354.0,2116504 152 987.9 465.1 471
SSACC R,2116506.0,
ESACC R,2116506.0,2116536 32 979.7 476.3 891.2 440.0 2.59 146
SFIX R,2116538.0,
EFIX R,2116538.0,2116958 422 896.7 487.8 508
SSACC R,2116960.0,
ESACC R,2116960.0,2116974 16 906.7 536.7 897.0 509.3 0.79 73
SFIX R,2116976.0,
EFIX R,2116976.0,2117192 218 898.1 539.3 601
SSACC R,2117194.0,
ESACC R,2117194.0,2117212 20 902.9 569.1 899.1 518.1 1.39 86
SFIX R,2117214.0,
EFIX R,2117214.0,2118116 904 884.8 532.4 693
SSACC R,2118118.0,
ESACC R,2118118.0,2118128 12 884.0 537.3 881.8 513.9 0.64 71
SFIX R,2118130.0,
EFIX R,2118130.0,2118888 760 893.0 529.5 808
SSACC R,2118890.0,
ESACC R,2118890.0,2118896 8 903.5 538.2 914.3 534.1 0.31 63
SFIX R,2118898.0,
EFIX R,2118898.0,2119020 124 918.4 534.5 852
SSACC R,2119022.0,
ESACC R,2119022.0,2119030 10 919.7 538.4 897.3 536.2 0.61 72
SFIX R,2119032.0,
EFIX R,2119032.0,2119220 190 902.0 541.4 869
SSACC R,2119222.0,
SBLINK R,2119248.0,
EBLINK R,2119248.0,2119408 162
ESACC R,2119222.0,2119452 232 891.4 559.6 920.7 462.1 2.76 506
SFIX R,2119454.0,
EFIX R,2119454.0,2119644 192 908.6 497.4 886
SSACC R,2119646.0,
ESACC R,2119646.0,2119652 8 906.8 518.6 921.0 528.8 0.47 68
SFIX R,2119654.0,
EFIX R,2119654.0,2119982 330 926.6 541.8 902
SSACC R,2119984.0,
ESACC R,2119984.0,2119992 10 926.4 550.3 920.1 529.0 0.60 72
SFIX R,2119994.0,
EFIX R,2119994.0,2120758 766 907.1 542.3 863
SSACC R,2120760.0,
ESACC R,2120760.0,2120764 6 910.1 543.4 913.9 538.2 0.17 46
SFIX R,2120766.0,
EFIX R,2120766.0,2121120 356 917.1 548.2 852
SSACC R,2121122.0,
ESACC R,2121122.0,2121136 16 909.2 560.7 891.3 542.0 0.70 57
SFIX R,2121138.0,
EFIX R,2121138.0,2121252 116 883.0 543.6 817
SSACC R,2121254.0,
ESACC R,2121254.0,2121276 24 883.8 545.9 913.3 548.4 0.80 62
SFIX R,2121278.0,
EFIX R,2121278.0,2122404 1128 909.1 527.7 804
SSACC R,2122406.0,
ESACC R,2122406.0,2122422 18 907.3 521.3 930.5 514.9 0.65 59
SFIX R,2122424.0,
EFIX R,2122424.0,2122726 304 922.9 520.8 801
SSACC R,2122728.0,
ESACC R,2122728.0,2122740 14 917.6 523.2 935.1 521.9 0.48 52
SFIX R,2122742.0,
EFIX R,2122742.0,2123210 470 924.9 528.7 780
SSACC R,2123212.0,
ESACC R,2123212.0,2123222 12 924.6 543.1 920.5 512.4 0.84 91
SFIX R,2123224.0,
EFIX R,2123224.0,2123736 514 921.6 519.1 792
SSACC R,2123738.0,
ESACC R,2123738.0,2123756 20 932.6 511.5 932.6 508.4 0.08 60
SFIX R,2123758.0,
EFIX R,2123758.0,2123826 70 939.2 500.4 731
SSACC R,2123828.0,
SBLINK R,2123856.0,
EBLINK R,2123856.0,2124192 338
ESACC R,2123828.0,2124304 478 947.0 505.4 935.7 447.9 1.59 418
SFIX R,2124306.0,
EFIX R,2124306.0,2124538 234 955.4 462.0 643
SSACC R,2124540.0,
ESACC R,2124540.0,2124568 30 965.3 482.8 1042.0 499.9 2.13 107
SFIX R,2124570.0,
EFIX R,2124570.0,2124762 194 1026.7 522.3 658
SSACC R,2124764.0,
ESACC R,2124764.0,2124782 20 1018.2 532.7 985.0 484.3 1.59 116
SFIX R,2124784.0,
EFIX R,2124784.0,2124992 210 951.8 518.0 659
SSACC R,2124994.0,
ESACC R,2124994.0,2125010 18 938.9 540.4 916.4 517.0 0.88 74
SFIX R,2125012.0,
EFIX R,2125012.0,2125186 176 908.3 541.5 653
SSACC R,2125188.0,
ESACC R,2125188.0,2125200 14 897.8 539.0 905.1 508.4 0.85 77
SFIX R,2125202.0,
EFIX R,2125202.0,2127330 2130 891.9 512.1 737
SSACC R,2127332.0,
ESACC R,2127332.0,2127338 8 902.4 525.9 895.3 509.4 0.49 64
SFIX R,2127340.0,
EFIX R,2127340.0,2127604 266 886.1 522.3 763
SSACC R,2127606.0,
ESACC R,2127606.0,2127610 6 892.8 526.6 902.9 523.4 0.29 56
SFIX R,2127612.0,
EFIX R,2127612.0,2127776 166 910.2 523.1 737
SSACC R,2127778.0,
ESACC R,2127778.0,2127788 12 907.4 520.8 892.8 519.1 0.40 44
SFIX R,2127790.0,
EFIX R,2127790.0,2127880 92 886.1 524.7 726
SSACC R,2127882.0,
ESACC R,2127882.0,2127894 14 896.2 526.0 924.0 520.9 0.77 70
SFIX R,2127896.0,
EFIX R,2127896.0,2128038 144 928.7 526.9 719
SSACC R,2128040.0,
ESACC R,2128040.0,2128048 10 927.6 526.5 908.1 519.3 0.56 67
SFIX R,2128050.0,
EFIX R,2128050.0,2129138 1090 905.2 530.8 655
SSACC R,2129140.0,
ESACC R,2129140.0,2129174 36 913.2 528.8 921.3 521.1 0.30 51
SFIX R,2129176.0,
EFIX R,2129176.0,2129544 370 927.5 497.0 486
SSACC R,2129546.0,
SBLINK R,2129590.0,
EBLINK R,2129590.0,2130368 780
ESACC R,2129546.0,2130508 964 963.1 477.6 974.6 458.9 0.59 186
SFIX R,2130510.0,
EFIX R,2130510.0,2130770 262 896.3 525.3 519
SSACC R,2130772.0,
ESACC R,2130772.0,2130844 74 858.9 564.2 998.9 496.1 4.22 202
SFIX R,2130846.0,
EFIX R,2130846.0,2130988 144 964.2 517.8 507
SSACC R,2130990.0,
ESACC R,2130990.0,2131010 22 940.4 509.5 918.7 469.7 1.23 70
SFIX R,2131012.0,
EFIX R,2131012.0,2131322 312 907.1 497.0 478
SSACC R,2131324.0,
ESACC R,2131324.0,2131340 18 892.9 503.9 900.2 511.5 0.29 52
SFIX R,2131342.0,
EFIX R,2131342.0,2132198 858 905.6 521.9 511
SSACC R,2132200.0,
SBLINK R,2132240.0,
EBLINK R,2132240.0,2132550 312
ESACC R,2132200.0,2132578 380 950.9 522.4 994.6 500.9 1.32 208
SFIX R,2132580.0,
EFIX R,2132580.0,2132698 120 975.6 478.0 578
SSACC R,2132700.0,
ESACC R,2132700.0,2132716 18 961.5 483.4 997.3 482.7 0.97 66
SFIX R,2132718.0,
EFIX R,2132718.0,2132814 98 1001.5 488.5 617
SSACC R,2132816.0,
ESACC R,2132816.0,2132834 20 1011.9 488.3 1048.1 468.1 1.12 86
SFIX R,2132836.0,
EFIX R,2132836.0,2133340 506 1089.6 497.2 608
SSACC R,2133342.0,
ESACC R,2133342.0,2133358 18 1075.9 539.0 1030.2 523.8 1.30 99
SFIX R,2133360.0,
EFIX R,2133360.0,2133516 158 1005.2 544.3 599
SSACC R,2133518.0,
ESACC R,2133518.0,2133542 26 976.7 556.0 898.5 518.6 2.35 138
SFIX R,2133544.0,
EFIX R,2133544.0,2133738 196 893.5 544.8 597
SSACC R,2133740.0,
ESACC R,2133740.0,2133758 20 888.3 558.6 902.1 512.4 1.31 108
SFIX R,2133760.0,
EFIX R,2133760.0,2134150 392 887.6 540.3 625
SSACC R,2134152.0,
ESACC R,2134152.0,2134166 16 887.2 555.2 897.1 519.4 1.01 92
SFIX R,2134168.0,
EFIX R,2134168.0,2134758 592 894.9 546.7 720
SSACC R,2134760.0,
ESACC R,2134760.0,2134790 32 889.3 565.5 890.8 550.0 0.42 65
SFIX R,2134792.0,
EFIX R,2134792.0,2135920 1130 886.9 551.0 661
SSACC R,2135922.0,
ESACC R,2135922.0,2135940 20 896.2 556.8 932.5 531.4 1.20 89
SFIX R,2135942.0,
EFIX R,2135942.0,2136282 342 949.1 532.6 671
SSACC R,2136284.0,
ESACC R,2136284.0,2136302 20 948.9 532.8 900.9 527.7 1.31 113
SFIX R,2136304.0,
EFIX R,2136304.0,2137032 730 897.4 531.7 651
SSACC R,2137034.0,
SBLINK R,2137054.0,
EBLINK R,2137054.0,2137258 206
ESACC R,2137034.0,2137368 336 884.4 542.7 873.2 469.2 2.01 696
SFIX R,2137370.0,
EFIX R,2137370.0,2138140 772 888.7 491.1 438
SSACC R,2138142.0,
ESACC R,2138142.0,2138166 26 891.6 493.2 890.3 488.2 0.14 47
SFIX R,2138168.0,
EFIX R,2138168.0,2138582 416 887.1 510.0 453
SSACC R,2138584.0,
ESACC R,2138584.0,2138600 18 883.8 512.9 905.7 526.7 0.70 58
SFIX R,2138602.0,
EFIX R,2138602.0,2138728 128 903.3 534.6 517
SSACC R,2138730.0,
ESACC R,2138730.0,2138740 12 899.7 538.4 886.9 525.2 0.50 58
SFIX R,2138742.0,
EFIX R,2138742.0,2141674 2934 911.9 539.7 613
SSACC R,2141676.0,
ESACC R,2141676.0,2141686 12 910.5 546.2 897.5 527.9 0.61 78
SFIX R,2141688.0,
EFIX R,2141688.0,2141992 306 905.4 533.9 735
SSACC R,2141994.0,
ESACC R,2141994.0,2142008 16 913.4 539.0 885.2 528.9 0.81 56
SFIX R,2142010.0,
EFIX R,2142010.0,2143540 1532 906.7 529.4 683
SSACC R,2143542.0,
SBLINK R,2143582.0,
EBLINK R,2143582.0,2144810 1230
ESACC R,2143542.0,2144848 1308 952.7 466.8 1004.7 503.9 1.73 277
SFIX R,2144850.0,
EFIX R,2144850.0,2145072 224 943.6 498.2 596
SSACC R,2145074.0,
ESACC R,2145074.0,2145106 34 917.0 516.8 957.5 432.0 2.54 147
SFIX R,2145108.0,
EFIX R,2145108.0,2145286 180 934.0 479.6 523
SSACC R,2145288.0,
ESACC R,2145288.0,2145304 18 920.3 502.4 915.2 455.0 1.29 99
SFIX R,2145306.0,
EFIX R,2145306.0,2145672 368 906.8 502.2 500
SSACC R,2145674.0,
ESACC R,2145674.0,2145688 16 894.3 533.9 878.8 514.6 0.67 96
SFIX R,2145690.0,
EFIX R,2145690.0,2145910 222 897.2 532.4 629
SSACC R,2145912.0,
ESACC R,2145912.0,2145928 18 911.4 528.6 923.9 503.9 0.75 99
SFIX R,2145930.0,
EFIX R,2145930.0,2147284 1356 915.7 522.9 800
SSACC R,2147286.0,
ESACC R,2147286.0,2147290 6 904.4 532.0 906.3 524.1 0.22 54
SFIX R,2147292.0,
EFIX R,2147292.0,2147872 582 910.7 516.3 936
SSACC R,2147874.0,
SBLINK R,2147900.0,
EBLINK R,2147900.0,2148036 138
ESACC R,2147874.0,2148056 184 906.3 538.1 933.5 500.7 1.25 486
SFIX R,2148058.0,
EFIX R,2148058.0,2148272 216 910.9 526.7 900
SSACC R,2148274.0,
ESACC R,2148274.0,2148290 18 916.0 539.0 941.8 515.0 0.95 80
SFIX R,2148292.0,
EFIX R,2148292.0,2149260 970 920.8 528.4 829
SSACC R,2149262.0,
ESACC R,2149262.0,2149268 8 902.6 534.4 902.3 519.5 0.40 53
SFIX R,2149270.0,
EFIX R,2149270.0,2150256 988 907.8 534.4 858
SSACC R,2150258.0,
ESACC R,2150258.0,2150264 8 899.1 538.7 913.7 549.5 0.49 66
SFIX R,2150266.0,
EFIX R,2150266.0,2150806 542 918.4 545.6 874
SSACC R,2150808.0,
ESACC R,2150808.0,2150814 8 925.3 541.6 928.1 526.8 0.41 57
SFIX R,2150816.0,
EFIX R,2150816.0,2152516 1702 905.3 541.2 843
SSACC R,2152518.0,
ESACC R,2152518.0,2152534 18 902.4 541.1 881.3 539.9 0.57 52
SFIX R,2152536.0,
EFIX R,2152536.0,2152620 86 886.1 541.3 788
SSACC R,2152622.0,
ESACC R,2152622.0,2152632 12 894.8 542.4 918.7 545.2 0.65 76
SFIX R,2152634.0,
EFIX R,2152634.0,2152754 122 922.3 544.8 796
SSACC R,2152756.0,
ESACC R,2152756.0,2152760 6 916.3 546.8 909.1 546.5 0.20 52
SFIX R,2152762.0,
EFIX R,2152762.0,2153548 788 888.6 543.1 753
SSACC R,2153550.0,
ESACC R,2153550.0,2153554 6 883.0 534.6 886.0 540.1 0.17 48
SFIX R,2153556.0,
EFIX R,2153556.0,2154102 548 888.5 543.6 701
SSACC R,2154104.0,
ESACC R,2154104.0,2154108 6 896.4 547.4 889.1 544.8 0.21 57
SFIX R,2154110.0,
EFIX R,2154110.0,2155544 1436 887.5 547.9 730
SSACC R,2155546.0,
ESACC R,2155546.0,2155552 8 867.7 540.2 883.7 545.3 0.46 57
SFIX R,2155554.0,
EFIX R,2155554.0,2155872 320 891.8 542.1 739
SSACC R,2155874.0,
ESACC R,2155874.0,2155884 12 899.8 545.1 896.2 533.0 0.34 43
SFIX R,2155886.0,
EFIX R,2155886.0,2157448 1564 904.9 530.3 726
SSACC R,2157450.0,
ESACC R,2157450.0,2157456 8 919.2 538.7 913.7 521.5 0.49 60
SFIX R,2157458.0,
EFIX R,2157458.0,2157600 144 916.9 530.0 746
SSACC R,2157602.0,
ESACC R,2157602.0,2157614 14 909.9 535.6 909.1 546.7 0.30 58
SFIX R,2157616.0,
EFIX R,2157616.0,2158958 1344 902.3 518.7 610
SSACC R,2158960.0,
ESACC R,2158960.0,2158986 28 909.2 489.0 916.8 489.9 0.21 47
SFIX R,2158988.0,
EFIX R,2158988.0,2159132 146 918.8 497.4 522
SSACC R,2159134.0,
ESACC R,2159134.0,2159142 10 928.9 496.0 945.1 495.8 0.44 55
SFIX R,2159144.0,
EFIX R,2159144.0,2159450 308 972.6 504.3 552
SSACC R,2159452.0,
SBLINK R,2159508.0,
EBLINK R,2159508.0,2159700 194
ESACC R,2159452.0,2159766 316 984.8 532.6 936.3 432.1 3.02 618
SFIX R,2159768.0,
EFIX R,2159768.0,2160024 258 901.3 475.6 580
SSACC R,2160026.0,
ESACC R,2160026.0,2160038 14 899.9 486.8 903.3 502.3 0.43 68
SFIX R,2160040.0,
EFIX R,2160040.0,2160118 80 896.9 506.3 590
SSACC R,2160120.0,
ESACC R,2160120.0,2160132 14 891.9 506.0 898.3 520.3 0.42 67
SFIX R,2160134.0,
EFIX R,2160134.0,2160240 108 887.5 530.1 577
SSACC R,2160242.0,
ESACC R,2160242.0,2160252 12 882.4 542.6 878.2 511.2 0.86 80
SFIX R,2160254.0,
EFIX R,2160254.0,2160404 152 879.2 525.4 566
SSACC R,2160406.0,
ESACC R,2160406.0,2160434 30 878.9 532.4 886.4 509.7 0.65 131
SFIX R,2160436.0,
EFIX R,2160436.0,2160600 166 885.6 518.5 585
SSACC R,2160602.0,
ESACC R,2160602.0,2160616 16 886.2 522.7 882.9 481.4 1.12 93
SFIX R,2160618.0,
EFIX R,2160618.0,2160812 196 882.5 507.6 632
SSACC R,2160814.0,
ESACC R,2160814.0,2160828 16 883.4 508.0 918.5 498.0 0.99 77
SFIX R,2160830.0,
EFIX R,2160830.0,2162066 1238 908.3 526.9 766
SSACC R,2162068.0,
ESACC R,2162068.0,2162074 8 904.0 538.0 902.4 524.5 0.37 65
SFIX R,2162076.0,
EFIX R,2162076.0,2162522 448 891.4 525.3 777
SSACC R,2162524.0,
ESACC R,2162524.0,2162534 12 901.1 530.0 913.3 514.3 0.54 55
SFIX R,2162536.0,
EFIX R,2162536.0,2162678 144 905.6 526.1 813
SSACC R,2162680.0,
SBLINK R,2162718.0,
EBLINK R,2162718.0,2162896 180
ESACC R,2162680.0,2162976 298 882.8 554.0 892.6 500.8 1.47 2572
SFIX R,2162978.0,
EFIX R,2162978.0,2163354 378 894.0 518.3 818
SSACC R,2163356.0,
ESACC R,2163356.0,2163368 14 905.7 529.1 890.5 507.3 0.72 74
SFIX R,2163370.0,
EFIX R,2163370.0,2163570 202 889.3 526.2 823
SSACC R,2163572.0,
ESACC R,2163572.0,2163586 16 885.3 544.2 900.1 516.5 0.85 77
SFIX R,2163588.0,
EFIX R,2163588.0,2164002 416 884.1 512.3 753
SSACC R,2164004.0,
ESACC R,2164004.0,2164012 10 872.4 526.1 886.0 519.7 0.41 52
SFIX R,2164014.0,
EFIX R,2164014.0,2164304 292 892.9 523.9 756
SSACC R,2164306.0,
ESACC R,2164306.0,2164314 10 890.6 521.8 885.5 510.1 0.35 44
SFIX R,2164316.0,
EFIX R,2164316.0,2165296 982 905.9 530.3 728
SSACC R,2165298.0,
ESACC R,2165298.0,2165304 8 922.3 536.0 936.7 539.6 0.40 63
SFIX R,2165306.0,
EFIX R,2165306.0,2165502 198 939.7 540.5 650
SSACC R,2165504.0,
ESACC R,2165504.0,2165514 12 938.4 544.4 925.1 536.7 0.42 51
SFIX R,2165516.0,
EFIX R,2165516.0,2165940 426 915.9 545.2 661
SSACC R,2165942.0,
ESACC R,2165942.0,2165956 16 913.9 540.5 911.0 526.8 0.38 65
SFIX R,2165958.0,
EFIX R,2165958.0,2169110 3154 921.8 518.2 539
SSACC R,2169112.0,
ESACC R,2169112.0,2169128 18 905.2 536.0 914.2 510.6 0.73 53
SFIX R,2169130.0,
EFIX R,2169130.0,2169320 192 911.6 532.3 604
SSACC R,2169322.0,
ESACC R,2169322.0,2169352 32 901.3 535.3 901.7 537.8 0.07 54
SFIX R,2169354.0,
EFIX R,2169354.0,2169410 58 900.2 538.0 644
SSACC R,2169412.0,
ESACC R,2169412.0,2169416 6 902.7 541.2 906.5 530.2 0.32 60
SFIX R,2169418.0,
EFIX R,2169418.0,2169634 218 905.9 542.3 672
SSACC R,2169636.0,
ESACC R,2169636.0,2169650 16 901.9 555.9 877.4 523.9 1.09 104
SFIX R,2169652.0,
EFIX R,2169652.0,2169850 200 882.7 541.5 705
SSACC R,2169852.0,
ESACC R,2169852.0,2169868 18 891.6 550.5 903.4 503.3 1.32 104
SFIX R,2169870.0,
EFIX R,2169870.0,2170426 558 902.0 514.6 729
SSACC R,2170428.0,
ESACC R,2170428.0,2170438 12 897.0 520.7 893.4 501.2 0.54 73
SFIX R,2170440.0,
EFIX R,2170440.0,2170882 444 895.4 509.4 710
SSACC R,2170884.0,
ESACC R,2170884.0,2170896 14 900.6 529.6 906.5 507.4 0.62 71
SFIX R,2170898.0,
EFIX R,2170898.0,2171380 484 897.4 527.5 750
SSACC R,2171382.0,
SBLINK R,2171412.0,
EBLINK R,2171412.0,2171584 174
ESACC R,2171382.0,2171622 242 864.6 531.5 905.9 520.3 1.16 620
SFIX R,2171624.0,
EFIX R,2171624.0,2172290 668 894.4 527.8 653
SSACC R,2172292.0,
ESACC R,2172292.0,2172298 8 903.5 533.0 904.9 511.3 0.59 80
SFIX R,2172300.0,
EFIX R,2172300.0,2173668 1370 907.5 499.0 522
SSACC R,2173670.0,
ESACC R,2173670.0,2173674 6 909.4 513.9 903.8 497.1 0.48 75
SFIX R,2173676.0,
EFIX R,2173676.0,2173698 24 896.8 499.2 475
SSACC R,2173700.0,
SBLINK R,2173730.0,
EBLINK R,2173730.0,2176236 2508
ESACC R,2173700.0,2176340 2642 889.7 502.5 1038.5 530.1 4.10 269
SFIX R,2176342.0,
EFIX R,2176342.0,2176396 56 1024.4 530.7 580
SSACC R,2176398.0,
ESACC R,2176398.0,2176404 8 1018.3 506.1 1018.6 489.8 0.44 76
SFIX R,2176406.0,
EFIX R,2176406.0,2176576 172 996.0 466.2 548
SSACC R,2176578.0,
ESACC R,2176578.0,2176606 30 972.8 475.2 983.8 361.2 3.10 204
SFIX R,2176608.0,
EFIX R,2176608.0,2176808 202 966.3 412.8 419
SSACC R,2176810.0,
ESACC R,2176810.0,2176828 20 957.4 438.9 915.6 412.7 1.34 119
SFIX R,2176830.0,
EFIX R,2176830.0,2177348 520 902.3 472.9 446
SSACC R,2177350.0,
ESACC R,2177350.0,2177368 20 897.4 522.4 891.8 477.6 1.22 119
SFIX R,2177370.0,
EFIX R,2177370.0,2177582 214 886.9 507.8 624
SSACC R,2177584.0,
ESACC R,2177584.0,2177590 8 891.5 521.9 891.2 506.4 0.42 58
SFIX R,2177592.0,
EFIX R,2177592.0,2179520 1930 894.4 563.1 761
SSACC R,2179522.0,
SBLINK R,2179558.0,
EBLINK R,2179558.0,2179774 218
ESACC R,2179522.0,2179830 310 900.0 562.6 910.7 468.5 2.57 2279
SFIX R,2179832.0,
EFIX R,2179832.0,2180094 264 891.4 513.6 791
SSACC R,2180096.0,
ESACC R,2180096.0,2180102 8 890.0 510.9 900.7 513.5 0.30 54
SFIX R,2180104.0,
EFIX R,2180104.0,2181088 986 906.9 538.9 796
SSACC R,2181090.0,
ESACC R,2181090.0,2181116 28 918.2 577.6 959.1 531.5 1.67 120
SFIX R,2181118.0,
EFIX R,2181118.0,2181510 394 964.4 557.3 903
SSACC R,2181512.0,
SBLINK R,2181524.0,
EBLINK R,2181524.0,2182880 1358
ESACC R,2181512.0,2182924 1414 980.2 574.5 968.6 462.3 3.06 608
SFIX R,2182926.0,
EFIX R,2182926.0,2183684 760 928.2 516.7 956
SSACC R,2183686.0,
ESACC R,2183686.0,2183698 14 910.6 527.8 893.7 509.8 0.67 66
SFIX R,2183700.0,
EFIX R,2183700.0,2183962 264 890.7 519.0 895
SSACC R,2183964.0,
ESACC R,2183964.0,2183986 24 887.9 520.7 915.9 499.7 0.95 77
SFIX R,2183988.0,
EFIX R,2183988.0,2185396 1410 922.3 520.0 901
SSACC R,2185398.0,
ESACC R,2185398.0,2185406 10 928.4 542.5 935.7 526.2 0.48 63
SFIX R,2185408.0,
EFIX R,2185408.0,2185664 258 940.0 537.5 902
SSACC R,2185666.0,
ESACC R,2185666.0,2185670 6 951.9 546.6 940.1 536.7 0.42 54
SFIX R,2185672.0,
EFIX R,2185672.0,2186094 424 958.0 539.0 945
SSACC R,2186096.0,
ESACC R,2186096.0,2186106 12 966.1 535.1 962.6 512.8 0.61 61
SFIX R,2186108.0,
EFIX R,2186108.0,2186238 132 967.8 519.9 975
SSACC R,2186240.0,
SBLINK R,2186294.0,
EBLINK R,2186294.0,2186488 196
ESACC R,2186240.0,2186540 302 974.5 536.8 954.3 485.0 1.51 685
SFIX R,2186542.0,
EFIX R,2186542.0,2186670 130 956.8 507.7 930
SSACC R,2186672.0,
ESACC R,2186672.0,2186682 12 954.1 517.2 945.5 499.3 0.54 72
SFIX R,2186684.0,
EFIX R,2186684.0,2187190 508 936.2 522.1 890
SSACC R,2187192.0,
ESACC R,2187192.0,2187204 14 925.5 543.2 928.5 514.6 0.78 83
SFIX R,2187206.0,
EFIX R,2187206.0,2187766 562 922.3 525.2 784
SSACC R,2187768.0,
ESACC R,2187768.0,2187778 12 926.4 530.5 920.6 513.7 0.48 51
SFIX R,2187780.0,
EFIX R,2187780.0,2188080 302 920.3 523.7 864
SSACC R,2188082.0,
ESACC R,2188082.0,2188094 14 922.9 527.8 946.4 513.0 0.75 73
SFIX R,2188096.0,
EFIX R,2188096.0,2188222 128 952.7 510.5 871
SSACC R,2188224.0,
ESACC R,2188224.0,2188232 10 952.8 516.2 930.7 515.0 0.60 73
SFIX R,2188234.0,
EFIX R,2188234.0,2188644 412 924.3 522.5 893
SSACC R,2188646.0,
ESACC R,2188646.0,2188654 10 924.3 531.0 909.0 530.1 0.42 50
SFIX R,2188656.0,
EFIX R,2188656.0,2188774 120 898.9 526.6 894
SSACC R,2188776.0,
ESACC R,2188776.0,2188786 12 897.8 530.0 917.5 531.1 0.53 50
SFIX R,2188788.0,
EFIX R,2188788.0,2189124 338 915.2 541.7 859
SSACC R,2189126.0,
ESACC R,2189126.0,2189132 8 911.1 535.3 906.7 517.7 0.49 68
SFIX R,2189134.0,
EFIX R,2189134.0,2189602 470 909.3 526.7 882
SSACC R,2189604.0,
ESACC R,2189604.0,2189620 18 921.3 525.7 944.0 500.7 0.92 68
SFIX R,2189622.0,
EFIX R,2189622.0,2189742 122 942.4 510.3 902
SSACC R,2189744.0,
ESACC R,2189744.0,2189752 10 937.3 514.7 918.6 512.5 0.51 72
SFIX R,2189754.0,
EFIX R,2189754.0,2190206 454 920.7 527.4 904
SSACC R,2190208.0,
ESACC R,2190208.0,2190218 12 922.9 541.0 941.4 529.3 0.59 55
SFIX R,2190220.0,
EFIX R,2190220.0,2190458 240 936.6 533.1 910
SSACC R,2190460.0,
ESACC R,2190460.0,2190468 10 931.4 541.6 922.8 519.6 0.64 74
SFIX R,2190470.0,
EFIX R,2190470.0,2191128 660 925.2 531.6 890
SSACC R,2191130.0,
SBLINK R,2191158.0,
EBLINK R,2191158.0,2191350 194
ESACC R,2191130.0,2191440 312 915.2 557.1 924.6 483.5 2.01 886
SFIX R,2191442.0,
EFIX R,2191442.0,2191632 192 918.0 499.7 750
SSACC R,2191634.0,
ESACC R,2191634.0,2191638 6 917.0 505.4 926.8 507.3 0.27 40
SFIX R,2191640.0,
EFIX R,2191640.0,2191882 244 923.7 513.8 751
SSACC R,2191884.0,
ESACC R,2191884.0,2191892 10 913.7 524.1 900.5 512.5 0.48 66
SFIX R,2191894.0,
EFIX R,2191894.0,2192106 214 901.3 527.1 697
SSACC R,2192108.0,
ESACC R,2192108.0,2192116 10 905.2 535.8 916.6 527.0 0.39 61
SFIX R,2192118.0,
EFIX R,2192118.0,2192266 150 921.7 521.9 662
SSACC R,2192268.0,
ESACC R,2192268.0,2192278 12 918.6 520.1 900.0 508.9 0.59 70
SFIX R,2192280.0,
EFIX R,2192280.0,2192398 120 899.5 520.1 654
SSACC R,2192400.0,
ESACC R,2192400.0,2192410 12 898.6 520.2 915.3 520.0 0.45 56
SFIX R,2192412.0,
EFIX R,2192412.0,2192674 264 923.6 523.1 650
SSACC R,2192676.0,
ESACC R,2192676.0,2192682 8 914.8 529.2 903.8 518.0 0.43 60
SFIX R,2192684.0,
EFIX R,2192684.0,2193040 358 897.8 538.7 694
SSACC R,2193042.0,
ESACC R,2193042.0,2193072 32 902.8 558.4 903.9 541.7 0.45 49
SFIX R,2193074.0,
EFIX R,2193074.0,2193340 268 906.8 551.9 738
SSACC R,2193342.0,
ESACC R,2193342.0,2193354 14 910.6 554.4 918.7 535.7 0.55 54
SFIX R,2193356.0,
EFIX R,2193356.0,2193674 320 915.4 541.7 764
SSACC R,2193676.0,
SBLINK R,2193712.0,
EBLINK R,2193712.0,2193918 208
ESACC R,2193676.0,2193970 296 914.9 507.0 940.0 445.4 1.80 962
SFIX R,2193972.0,
EFIX R,2193972.0,2195968 1998 907.5 527.7 636
SSACC R,2195970.0,
SBLINK R,2195990.0,
EBLINK R,2195990.0,2196244 256
ESACC R,2195970.0,2196300 332 881.8 553.1 949.9 431.6 3.77 271
SFIX R,2196302.0,
EFIX R,2196302.0,2200764 4464 920.3 513.6 585
SSACC R,2200766.0,
ESACC R,2200766.0,2200772 8 862.6 494.3 867.4 506.3 0.35 62
SFIX R,2200774.0,
EFIX R,2200774.0,2200952 180 881.2 517.6 531
SSACC R,2200954.0,
ESACC R,2200954.0,2200978 26 884.0 526.8 876.4 504.2 0.65 76
SFIX R,2200980.0,
EFIX R,2200980.0,2201128 150 879.4 529.2 574
SSACC R,2201130.0,
ESACC R,2201130.0,2201144 16 879.6 546.9 881.8 505.5 1.12 109
SFIX R,2201146.0,
EFIX R,2201146.0,2201362 218 881.2 536.4 620
SSACC R,2201364.0,
ESACC R,2201364.0,2201378 16 880.0 548.8 873.5 515.8 0.91 85
SFIX R,2201380.0,
EFIX R,2201380.0,2201976 598 890.0 537.1 744
SSACC R,2201978.0,
SBLINK R,2202022.0,
EBLINK R,2202022.0,2202140 120
ESACC R,2201978.0,2202158 182 893.5 566.6 893.7 504.3 1.69 2421
SFIX R,2202160.0,
EFIX R,2202160.0,2202294 136 882.8 520.3 786
SSACC R,2202296.0,
ESACC R,2202296.0,2202314 20 879.9 534.6 917.6 531.0 1.03 79
SFIX R,2202316.0,
EFIX R,2202316.0,2202536 222 917.2 545.8 804
SSACC R,2202538.0,
ESACC R,2202538.0,2202554 18 923.4 555.1 904.9 524.3 0.97 77
SFIX R,2202556.0,
EFIX R,2202556.0,2203096 542 911.9 537.0 858
SSACC R,2203098.0,
ESACC R,2203098.0,2203106 10 911.0 549.5 909.1 525.5 0.65 77
SFIX R,2203108.0,
EFIX R,2203108.0,2203684 578 901.2 537.8 861
SSACC R,2203686.0,
ESACC R,2203686.0,2203696 12 902.3 543.0 897.2 526.2 0.48 54
SFIX R,2203698.0,
EFIX R,2203698.0,2204082 386 896.2 526.9 840
SSACC R,2204084.0,
ESACC R,2204084.0,2204088 6 895.3 529.0 883.7 519.1 0.41 63
SFIX R,2204090.0,
EFIX R,2204090.0,2204164 76 881.7 519.9 813
SSACC R,2204166.0,
ESACC R,2204166.0,2204174 10 890.4 518.4 903.7 516.0 0.37 63
SFIX R,2204176.0,
EFIX R,2204176.0,2204322 148 910.5 514.8 809
SSACC R,2204324.0,
ESACC R,2204324.0,2204330 8 901.6 522.6 887.1 523.4 0.39 62
SFIX R,2204332.0,
EFIX R,2204332.0,2204598 268 887.2 528.8 798
SSACC R,2204600.0,
ESACC R,2204600.0,2204606 8 887.6 526.2 888.3 512.8 0.36 53
SFIX R,2204608.0,
EFIX R,2204608.0,2204894 288 887.9 523.6 738
SSACC R,2204896.0,
ESACC R,2204896.0,2204910 16 891.5 549.9 885.2 549.5 0.17 50
SFIX R,2204912.0,
EFIX R,2204912.0,2204944 34 871.0 559.4 696
SSACC R,2204946.0,
SBLINK R,2204978.0,
EBLINK R,2204978.0,2205166 190
ESACC R,2204946.0,2205244 300 849.7 560.5 870.3 467.6 2.58 2295
SFIX R,2205246.0,
EFIX R,2205246.0,2205992 748 894.6 511.6 663
SSACC R,2205994.0,
ESACC R,2205994.0,2206004 12 906.1 536.5 901.4 515.9 0.57 67
SFIX R,2206006.0,
EFIX R,2206006.0,2206252 248 896.2 521.8 681
SSACC R,2206254.0,
ESACC R,2206254.0,2206260 8 899.6 527.7 900.2 510.4 0.47 69
SFIX R,2206262.0,
EFIX R,2206262.0,2208358 2098 910.0 516.3 694
SSACC R,2208360.0,
SBLINK R,2208384.0,
EBLINK R,2208384.0,2208632 250
ESACC R,2208360.0,2208692 334 907.3 549.1 945.7 463.4 2.54 274
SFIX R,2208694.0,
EFIX R,2208694.0,2208730 38 945.5 473.0 729
SSACC R,2208732.0,
ESACC R,2208732.0,2208744 14 944.1 467.7 945.9 488.6 0.57 66
SFIX R,2208746.0,
EFIX R,2208746.0,2209600 856 931.9 513.7 687
SSACC R,2209602.0,
ESACC R,2209602.0,2209608 8 914.7 547.5 911.8 532.0 0.43 62
SFIX R,2209610.0,
EFIX R,2209610.0,2209780 172 908.1 542.4 670
SSACC R,2209782.0,
ESACC R,2209782.0,2209798 18 909.7 546.6 899.8 513.7 0.93 72
SFIX R,2209800.0,
EFIX R,2209800.0,2210008 210 896.9 532.4 695
SSACC R,2210010.0,
ESACC R,2210010.0,2210032 24 897.5 545.1 911.1 503.0 1.20 82
SFIX R,2210034.0,
EFIX R,2210034.0,2210628 596 908.2 522.1 757
SSACC R,2210630.0,
ESACC R,2210630.0,2210640 12 907.4 529.2 912.7 507.9 0.59 72
SFIX R,2210642.0,
EFIX R,2210642.0,2211628 988 909.1 516.9 850
SSACC R,2211630.0,
ESACC R,2211630.0,2211648 20 903.7 524.4 907.7 494.6 0.81 75
SFIX R,2211650.0,
EFIX R,2211650.0,2212306 658 909.0 515.1 877
SSACC R,2212308.0,
ESACC R,2212308.0,2212316 10 906.9 539.5 901.1 555.3 0.46 61
SFIX R,2212318.0,
EFIX R,2212318.0,2212352 36 888.3 567.0 862
SSACC R,2212354.0,
SBLINK R,2212374.0,
EBLINK R,2212374.0,2212562 190
ESACC R,2212354.0,2212626 274 873.8 578.3 929.6 522.0 2.15 861
SFIX R,2212628.0,
EFIX R,2212628.0,2212990 364 929.5 534.5 797
SSACC R,2212992.0,
ESACC R,2212992.0,2212998 8 928.6 532.7 920.4 522.6 0.35 63
SFIX R,2213000.0,
EFIX R,2213000.0,2213228 230 919.6 537.2 797
SSACC R,2213230.0,
ESACC R,2213230.0,2213244 16 921.6 544.0 932.2 514.6 0.85 72
SFIX R,2213246.0,
EFIX R,2213246.0,2213468 224 929.8 519.8 750
SSACC R,2213470.0,
ESACC R,2213470.0,2213482 14 930.4 524.9 910.1 517.3 0.59 48
SFIX R,2213484.0,
EFIX R,2213484.0,2213618 136 901.2 522.1 752
SSACC R,2213620.0,
ESACC R,2213620.0,2213624 6 906.1 530.0 913.8 522.9 0.28 54
SFIX R,2213626.0,
EFIX R,2213626.0,2215000 1376 922.5 533.7 716
SSACC R,2215002.0,
SBLINK R,2215026.0,
EBLINK R,2215026.0,2215600 576
ESACC R,2215002.0,2215668 668 934.3 530.1 964.7 412.1 3.30 433
SFIX R,2215670.0,
EFIX R,2215670.0,2215840 172 928.1 463.6 622
SSACC R,2215842.0,
ESACC R,2215842.0,2215862 22 901.5 485.1 961.7 497.2 1.66 123
SFIX R,2215864.0,
EFIX R,2215864.0,2216442 580 916.4 513.4 584
SSACC R,2216444.0,
ESACC R,2216444.0,2216466 24 899.6 540.7 909.4 507.1 0.95 82
SFIX R,2216468.0,
EFIX R,2216468.0,2216642 176 907.7 532.0 602
SSACC R,2216644.0,
ESACC R,2216644.0,2216658 16 909.7 539.4 891.0 509.7 0.95 101
SFIX R,2216660.0,
EFIX R,2216660.0,2216750 92 890.9 517.2 654
SSACC R,2216752.0,
ESACC R,2216752.0,2216772 22 897.3 521.6 901.7 511.3 0.30 63
SFIX R,2216774.0,
EFIX R,2216774.0,2217052 280 901.4 536.6 700
SSACC R,2217054.0,
ESACC R,2217054.0,2217058 6 900.1 549.2 898.0 539.5 0.27 49
SFIX R,2217060.0,
EFIX R,2217060.0,2217678 620 890.8 546.6 715
SSACC R,2217680.0,
ESACC R,2217680.0,2217690 12 895.7 546.3 869.7 537.8 0.74 78
SFIX R,2217692.0,
EFIX R,2217692.0,2218436 746 890.5 540.1 721
SSACC R,2218438.0,
ESACC R,2218438.0,2218446 10 894.0 545.6 876.9 530.3 0.62 75
SFIX R,2218448.0,
EFIX R,2218448.0,2218700 254 870.1 547.4 720
SSACC R,2218702.0,
ESACC R,2218702.0,2218708 8 863.2 548.9 872.3 538.0 0.38 55
SFIX R,2218710.0,
EFIX R,2218710.0,2218968 260 876.5 547.1 711
SSACC R,2218970.0,
ESACC R,2218970.0,2218976 8 872.0 548.4 875.2 535.0 0.37 57
SFIX R,2218978.0,
EFIX R,2218978.0,2219784 808 873.5 538.9 749
SSACC R,2219786.0,
ESACC R,2219786.0,2219798 14 884.3 551.5 895.3 521.9 0.86 83
SFIX R,2219800.0,
EFIX R,2219800.0,2220464 666 900.3 523.8 812
SSACC R,2220466.0,
ESACC R,2220466.0,2220470 6 895.3 549.4 893.1 556.9 0.21 58
SFIX R,2220472.0,
EFIX R,2220472.0,2220502 32 878.6 569.4 815
SSACC R,2220504.0,
SBLINK R,2220542.0,
EBLINK R,2220542.0,2220754 214
ESACC R,2220504.0,2220914 412 862.7 578.0 891.2 498.5 2.29 2226
SFIX R,2220916.0,
EFIX R,2220916.0,2220986 72 889.2 515.0 755
SSACC R,2220988.0,
ESACC R,2220988.0,2220994 8 892.7 517.1 901.1 517.2 0.23 49
SFIX R,2220996.0,
EFIX R,2220996.0,2221116 122 911.9 522.7 760
SSACC R,2221118.0,
ESACC R,2221118.0,2221132 16 913.6 531.3 883.6 523.0 0.84 60
SFIX R,2221134.0,
EFIX R,2221134.0,2221266 134 881.2 529.0 721
SSACC R,2221268.0,
ESACC R,2221268.0,2221276 10 888.9 527.9 902.9 530.8 0.39 53
SFIX R,2221278.0,
EFIX R,2221278.0,2222458 1182 909.3 517.9 600
SSACC R,2222460.0,
SBLINK R,2222524.0,
EBLINK R,2222524.0,2222826 304
ESACC R,2222460.0,2223010 552 927.8 519.0 963.8 463.1 1.80 232
SFIX R,2223012.0,
EFIX R,2223012.0,2223050 40 967.4 464.1 675
SSACC R,2223052.0,
ESACC R,2223052.0,2223060 10 971.9 453.5 970.3 470.9 0.47 57
SFIX R,2223062.0,
EFIX R,2223062.0,2223104 44 981.1 467.9 684
SSACC R,2223106.0,
ESACC R,2223106.0,2223200 96 993.2 469.4 1026.2 483.5 0.97 116
SFIX R,2223202.0,
EFIX R,2223202.0,2223236 36 1038.3 495.5 694
SSACC R,2223238.0,
SBLINK R,2223282.0,
EBLINK R,2223282.0,2223520 240
ESACC R,2223238.0,2223550 314 1036.8 495.0 956.1 429.4 2.82 337
SFIX R,2223552.0,
EFIX R,2223552.0,2223756 206 932.1 477.4 642
SSACC R,2223758.0,
ESACC R,2223758.0,2223770 14 943.8 493.2 969.9 487.1 0.73 78
SFIX R,2223772.0,
EFIX R,2223772.0,2224432 662 940.0 505.8 664
SSACC R,2224434.0,
ESACC R,2224434.0,2224452 20 922.4 535.1 915.2 501.2 0.94 71
SFIX R,2224454.0,
EFIX R,2224454.0,2224652 200 906.2 525.7 712
SSACC R,2224654.0,
ESACC R,2224654.0,2224668 16 907.1 532.3 919.3 498.1 0.98 84
SFIX R,2224670.0,
EFIX R,2224670.0,2224974 306 916.4 509.4 772
SSACC R,2224976.0,
ESACC R,2224976.0,2224986 12 915.7 514.3 900.4 500.5 0.56 62
SFIX R,2224988.0,
EFIX R,2224988.0,2225692 706 905.5 502.9 864
SSACC R,2225694.0,
ESACC R,2225694.0,2225704 12 905.9 517.1 925.5 514.4 0.54 57
SFIX R,2225706.0,
EFIX R,2225706.0,2226210 506 915.1 528.4 843
SSACC R,2226212.0,
ESACC R,2226212.0,2226222 12 900.4 533.3 886.0 524.9 0.45 60
SFIX R,2226224.0,
EFIX R,2226224.0,2226332 110 873.3 515.4 819
SSACC R,2226334.0,
ESACC R,2226334.0,2226350 18 868.8 511.4 900.3 518.6 0.88 63
SFIX R,2226352.0,
EFIX R,2226352.0,2226804 454 890.5 527.6 818
SSACC R,2226806.0,
SBLINK R,2226848.0,
EBLINK R,2226848.0,2227038 192
ESACC R,2226806.0,2227112 308 874.1 522.3 907.0 473.0 1.61 2313
SFIX R,2227114.0,
EFIX R,2227114.0,2227198 86 909.2 473.4 773
SSACC R,2227200.0,
ESACC R,2227200.0,2227208 10 913.8 479.1 909.3 494.8 0.44 55
SFIX R,2227210.0,
EFIX R,2227210.0,2228116 908 915.5 501.3 752
SSACC R,2228118.0,
SBLINK R,2228190.0,
EBLINK R,2228190.0,2228970 782
ESACC R,2228118.0,2229100 984 932.2 505.1 950.9 442.7 1.77 1112
SFIX R,2229102.0,
EFIX R,2229102.0,2229326 226 928.1 480.1 702
SSACC R,2229328.0,
ESACC R,2229328.0,2229340 14 909.4 500.2 934.0 476.7 0.92 89
SFIX R,2229342.0,
EFIX R,2229342.0,2229596 256 918.2 493.7 578
SSACC R,2229598.0,
ESACC R,2229598.0,2229604 8 916.5 502.6 927.5 491.2 0.43 61
SFIX R,2229606.0,
EFIX R,2229606.0,2229994 390 916.2 494.2 506
SSACC R,2229996.0,
ESACC R,2229996.0,2230032 38 917.9 494.4 921.6 493.3 0.10 60
SFIX R,2230034.0,
EFIX R,2230034.0,2230152 120 926.2 483.3 503
SSACC R,2230154.0,
SBLINK R,2230184.0,
EBLINK R,2230184.0,2231566 1384
ESACC R,2230154.0,2231646 1494 918.7 519.0 -831.0 1205.2 38.06 277
SFIX R,2231648.0,
EFIX R,2231648.0,2231692 46 -832.8 1201.3 519
SSACC R,2231694.0,
ESACC R,2231694.0,2231816 124 -828.1 1200.8 1003.3 595.5 38.89 724
SFIX R,2231818.0,
EFIX R,2231818.0,2231906 90 937.4 608.4 591
SSACC R,2231908.0,
ESACC R,2231908.0,2231954 48 905.8 612.2 911.5 487.8 3.37 370
SFIX R,2231956.0,
EFIX R,2231956.0,2232106 152 893.8 527.9 617
SSACC R,2232108.0,
ESACC R,2232108.0,2232130 24 886.0 558.5 899.0 487.0 1.97 165
SFIX R,2232132.0,
EFIX R,2232132.0,2232308 178 897.2 525.0 628
SSACC R,2232310.0,
ESACC R,2232310.0,2232342 34 899.4 534.1 898.2 490.7 1.18 171
SFIX R,2232344.0,
EFIX R,2232344.0,2234038 1696 914.6 504.5 855
SSACC R,2234040.0,
SBLINK R,2234066.0,
EBLINK R,2234066.0,2234238 174
ESACC R,2234040.0,2234298 260 903.9 550.9 922.6 507.2 1.29 472
SFIX R,2234300.0,
EFIX R,2234300.0,2234658 360 919.4 523.6 973
SSACC R,2234660.0,
ESACC R,2234660.0,2234674 16 922.3 535.4 924.0 497.1 1.04 90
SFIX R,2234676.0,
MSG,2236161.0,STORY_1_END
EFIX R,2234676.0,2236394 1720 926.3 500.2 1011
SSACC R,2236396.0,
ESACC R,2236396.0,2236434 40 934.5 509.1 697.2 394.3 7.09 349
SFIX R,2236436.0,
EFIX R,2236436.0,2236672 238 688.2 418.4 1064
SSACC R,2236674.0,
ESACC R,2236674.0,2236708 36 682.8 420.1 854.6 408.0 4.62 224
SFIX R,2236710.0,
EFIX R,2236710.0,2236912 204 838.4 419.3 1020
SSACC R,2236914.0,
ESACC R,2236914.0,2236952 40 834.6 425.4 1024.2 415.9 5.13 252
SFIX R,2236954.0,
EFIX R,2236954.0,2237276 324 1014.1 420.8 966
SSACC R,2237278.0,
ESACC R,2237278.0,2237318 42 1018.3 423.3 754.3 454.6 7.18 316
SFIX R,2237320.0,
EFIX R,2237320.0,2237516 198 741.5 467.0 1006
SSACC R,2237518.0,
ESACC R,2237518.0,2237558 42 736.8 472.6 949.3 470.6 5.73 320
SFIX R,2237560.0,
EFIX R,2237560.0,2237756 198 945.4 474.7 1008
SSACC R,2237758.0,
ESACC R,2237758.0,2237792 36 943.9 484.1 1089.1 485.4 3.93 216
SFIX R,2237794.0,
EFIX R,2237794.0,2237990 198 1073.6 491.0 993
SSACC R,2237992.0,
ESACC R,2237992.0,2238032 42 1071.0 493.5 742.5 589.1 9.21 440
SFIX R,2238034.0,
EFIX R,2238034.0,2238232 200 722.6 603.9 987
SSACC R,2238234.0,
ESACC R,2238234.0,2238266 34 717.6 608.1 888.5 619.1 4.61 271
SFIX R,2238268.0,
EFIX R,2238268.0,2238500 234 881.3 618.8 1002
SSACC R,2238502.0,
SBLINK R,2238528.0,
EBLINK R,2238528.0,2238686 160
ESACC R,2238502.0,2238720 220 872.3 636.4 1010.7 571.9 4.13 586
SFIX R,2238722.0,
EFIX R,2238722.0,2238998 278 1009.5 614.0 1000
SSACC R,2239000.0,
ESACC R,2239000.0,2239030 32 1010.0 619.3 1134.6 594.7 3.43 204
SFIX R,2239032.0,
EFIX R,2239032.0,2239630 600 1121.2 608.8 1004
SSACC R,2239632.0,
ESACC R,2239632.0,2239658 28 1124.7 628.8 1025.6 590.1 2.88 182
SFIX R,2239660.0,
EFIX R,2239660.0,2240114 456 1016.1 601.9 1020
SSACC R,2240116.0,
SBLINK R,2240160.0,
EBLINK R,2240160.0,2240330 172
ESACC R,2240116.0,2240368 254 1015.5 619.6 2987.7 1177.2 38.55 1226
SFIX R,2240370.0,
EFIX R,2240370.0,2240442 74 2973.1 1219.5 798
SSACC R,2240444.0,
SBLINK R,2240466.0,
EBLINK R,2240466.0,2242264 1800
ESACC R,2240444.0,2242272 1830 2976.2 1232.0 1297.9 -885.0 48.81 420
SFIX R,2242274.0,
EFIX R,2242274.0,2242376 104 1069.7 -922.8 893
SSACC R,2242378.0,
SBLINK R,2242388.0,
EBLINK R,2242388.0,2242388 2
ESACC R,2242378.0,2242396 20 2976.2 1232.0 1297.9 -885.0 54.02 0
SFIX R,2242398.0,
EFIX R,2242398.0,2242420 24 1052.6 -919.3 880
SSACC R,2242422.0,
ESACC R,2242422.0,2242450 30 1053.9 -918.3 866.5 -997.4 4.38 275
SFIX R,2242452.0,
EFIX R,2242452.0,2242722 272 844.4 -1048.9 833
SSACC R,2242724.0,
SBLINK R,2242734.0,
EBLINK R,2242734.0,2243162 430
ESACC R,2242724.0,2243250 528 1237.6 -528.0 1600.6 828.4 32.86 1116
SFIX R,2243252.0,
EFIX R,2243252.0,2243430 180 1578.7 830.1 992
SSACC R,2243432.0,
ESACC R,2243432.0,2243486 56 1569.5 829.9 1859.2 1275.6 12.67 631
SFIX R,2243488.0,
EFIX R,2243488.0,2243588 102 1843.1 1277.4 962
SSACC R,2243590.0,
ESACC R,2243590.0,2243616 28 1840.0 1284.1 1802.5 1143.1 3.36 226
SFIX R,2243618.0,
EFIX R,2243618.0,2243996 380 1802.7 1179.7 982
SSACC R,2243998.0,
ESACC R,2243998.0,2244040 44 1802.7 1194.1 1408.4 1239.9 9.38 366
SFIX R,2244042.0,
EFIX R,2244042.0,2244514 474 1377.0 1255.3 1027
SSACC R,2244516.0,
ESACC R,2244516.0,2244566 52 1381.5 1264.2 871.3 1238.4 12.88 422
SFIX R,2244568.0,
EFIX R,2244568.0,2244900 334 839.6 1250.1 1047
SSACC R,2244902.0,
SBLINK R,2244926.0,
EBLINK R,2244926.0,2245142 218
ESACC R,2244902.0,2245172 272 819.1 1245.7 1084.0 2104.1 18.56 521
SFIX R,2245174.0,
EFIX R,2245174.0,2245220 48 1094.9 2103.2 967
SSACC R,2245222.0,
ESACC R,2245222.0,2245264 44 1103.9 2093.2 1371.9 2025.0 5.94 250
SFIX R,2245266.0,
EFIX R,2245266.0,2245876 612 1355.4 1965.5 1034
SSACC R,2245878.0,
ESACC R,2245878.0,2245972 96 1351.2 1973.6 850.9 805.6 28.20 598
SFIX R,2245974.0,
EFIX R,2245974.0,2246074 102 830.1 818.4 1078
SSACC R,2246076.0,
ESACC R,2246076.0,2246140 66 820.6 828.4 819.0 597.7 6.19 286
SFIX R,2246142.0,
EFIX R,2246142.0,2246420 280 817.0 606.7 1012
SSACC R,2246422.0,
ESACC R,2246422.0,2246566 146 813.0 612.9 -1110.3 1513.0 39.91 523
SFIX R,2246568.0,
EFIX R,2246568.0,2246674 108 -1118.3 1533.2 822
SSACC R,2246676.0,
ESACC R,2246676.0,2246700 26 -1112.3 1546.0 -1153.5 1443.2 1.88 118
SFIX R,2246702.0,
EFIX R,2246702.0,2246994 294 -1175.5 1458.8 815
SSACC R,2246996.0,
SBLINK R,2247040.0,
EBLINK R,2247040.0,2247200 162
ESACC R,2246996.0,2247274 280 -1183.2 1479.4 1291.4 1297.2 43.19 695
SFIX R,2247276.0,
EFIX R,2247276.0,2247396 122 1283.9 1236.8 938
SSACC R,2247398.0,
ESACC R,2247398.0,2247500 104 1281.6 1217.7 2173.7 1736.2 22.23 550
SFIX R,2247502.0,
EFIX R,2247502.0,2247728 228 2166.7 1749.7 921
SSACC R,2247730.0,
SBLINK R,2247762.0,
EBLINK R,2247762.0,2249170 1410
ESACC R,2247730.0,2249204 1476 2162.0 1758.2 2753.0 787.8 21.60 1076
SFIX R,2249206.0,
EFIX R,2249206.0,2249348 144 2723.6 805.3 908
SSACC R,2249350.0,
ESACC R,2249350.0,2249410 62 2716.1 802.3 2874.5 841.8 2.57 133
SFIX R,2249412.0,
EFIX R,2249412.0,2249464 54 2870.0 835.6 896
SSACC R,2249466.0,
ESACC R,2249466.0,2249470 6 2869.6 829.7 2868.0 836.0 0.13 40
SFIX R,2249472.0,
EFIX R,2249472.0,2249622 152 2869.9 839.2 894
SSACC R,2249624.0,
SBLINK R,2249654.0,
EBLINK R,2249654.0,2249794 142
ESACC R,2249624.0,2249838 216 2873.4 851.5 1101.7 681.5 34.20 604
SFIX R,2249840.0,
EFIX R,2249840.0,2249978 140 1078.2 724.0 1100
SSACC R,2249980.0,
ESACC R,2249980.0,2250018 40 1070.9 740.8 1098.7 609.6 3.62 183
SFIX R,2250020.0,
EFIX R,2250020.0,2250226 208 1099.0 626.2 1065
SSACC R,2250228.0,
SBLINK R,2250248.0,
EBLINK R,2250248.0,2250424 178
ESACC R,2250228.0,2250482 256 1099.2 650.4 1542.3 1457.4 22.61 350
SFIX R,2250484.0,
EFIX R,2250484.0,2250524 42 1549.5 1423.9 929
SSACC R,2250526.0,
SBLINK R,2250600.0,
EBLINK R,2250600.0,2250746 148
ESACC R,2250526.0,2250830 306 1551.8 1410.6 1814.4 1111.5 9.19 1666
SFIX R,2250832.0,
EFIX R,2250832.0,2250882 52 1808.5 1131.5 1047
SSACC R,2250884.0,
ESACC R,2250884.0,2250926 44 1813.0 1156.5 1813.7 1163.9 0.17 72
SFIX R,2250928.0,
EFIX R,2250928.0,2250992 66 1816.0 1172.9 1094
SSACC R,2250994.0,
ESACC R,2250994.0,2251092 100 1810.8 1178.4 1810.5 1140.1 0.90 70
SFIX R,2251094.0,
EFIX R,2251094.0,2251124 32 1809.5 1137.8 1135
SSACC R,2251126.0,
ESACC R,2251126.0,2251280 156 1804.7 1151.3 1794.6 1172.3 0.54 122
SFIX R,2251282.0,
EFIX R,2251282.0,2251358 78 1797.1 1179.2 1071
SSACC R,2251360.0,
ESACC R,2251360.0,2251412 54 1792.2 1178.6 1381.5 1239.1 9.86 382
SFIX R,2251414.0,
EFIX R,2251414.0,2251756 344 1368.2 1255.2 1072
SSACC R,2251758.0,
SBLINK R,2251804.0,
EBLINK R,2251804.0,2251934 132
ESACC R,2251758.0,2252008 252 1374.2 1259.2 809.3 398.9 26.24 1017
SFIX R,2252010.0,
EFIX R,2252010.0,2252384 376 794.0 413.9 1123
SSACC R,2252386.0,
ESACC R,2252386.0,2252432 48 789.8 426.0 1242.9 444.8 12.13 521
SFIX R,2252434.0,
EFIX R,2252434.0,2252798 366 1207.5 458.0 982
SSACC R,2252800.0,
ESACC R,2252800.0,2252840 42 1191.5 458.8 919.5 434.2 7.36 272
SFIX R,2252842.0,
MSG,2253070.0,STORY_2_START
EFIX R,2252842.0,2253268 428 906.4 441.5 1009
SSACC R,2253270.0,
ESACC R,2253270.0,2253294 26 913.8 447.8 972.6 512.7 2.37 185
SFIX R,2253296.0,
EFIX R,2253296.0,2256456 3162 962.5 544.6 1010
SSACC R,2256458.0,
ESACC R,2256458.0,2256472 16 957.0 558.9 951.3 535.2 0.66 62
SFIX R,2256474.0,
EFIX R,2256474.0,2257782 1310 950.1 557.7 986
SSACC R,2257784.0,
ESACC R,2257784.0,2257790 8 959.5 565.3 964.2 549.7 0.44 64
SFIX R,2257792.0,
EFIX R,2257792.0,2258872 1082 964.2 549.8 1043
SSACC R,2258874.0,
ESACC R,2258874.0,2258880 8 961.4 551.0 959.8 537.2 0.38 52
SFIX R,2258882.0,
EFIX R,2258882.0,2261156 2276 960.2 554.4 1021
SSACC R,2261158.0,
SBLINK R,2261196.0,
EBLINK R,2261196.0,2261320 126
ESACC R,2261158.0,2261352 196 940.9 571.4 969.1 510.0 1.83 249
SFIX R,2261354.0,
EFIX R,2261354.0,2261742 390 961.7 558.8 946
SSACC R,2261744.0,
ESACC R,2261744.0,2261750 8 961.5 558.8 952.0 540.8 0.55 75
SFIX R,2261752.0,
EFIX R,2261752.0,2262762 1012 947.7 548.9 918
SSACC R,2262764.0,
ESACC R,2262764.0,2262774 12 959.2 556.4 971.1 543.9 0.47 56
SFIX R,2262776.0,
EFIX R,2262776.0,2263040 266 968.8 549.7 988
SSACC R,2263042.0,
ESACC R,2263042.0,2263048 8 971.1 549.7 957.0 554.1 0.40 57
SFIX R,2263050.0,
EFIX R,2263050.0,2263552 504 957.8 555.6 1010
SSACC R,2263554.0,
ESACC R,2263554.0,2263562 10 963.0 560.0 975.9 547.1 0.49 63
SFIX R,2263564.0,
EFIX R,2263564.0,2264658 1096 966.7 554.8 996
SSACC R,2264660.0,
ESACC R,2264660.0,2264690 32 964.0 558.3 959.0 547.1 0.33 76
SFIX R,2264692.0,
EFIX R,2264692.0,2266140 1450 959.1 554.6 959
SSACC R,2266142.0,
SBLINK R,2266174.0,
EBLINK R,2266174.0,2266350 178
ESACC R,2266142.0,2266396 256 934.4 571.6 979.8 538.4 1.52 518
SFIX R,2266398.0,
EFIX R,2266398.0,2266524 128 967.5 559.3 836
SSACC R,2266526.0,
ESACC R,2266526.0,2266534 10 964.3 549.0 942.6 541.6 0.62 76
SFIX R,2266536.0,
EFIX R,2266536.0,2270872 4338 951.2 550.5 872
SSACC R,2270874.0,
SBLINK R,2270892.0,
EBLINK R,2270892.0,2271036 146
ESACC R,2270874.0,2271074 202 948.2 581.3 978.8 519.8 1.86 331
SFIX R,2271076.0,
EFIX R,2271076.0,2273154 2080 960.9 553.3 907
SSACC R,2273156.0,
ESACC R,2273156.0,2273166 12 969.2 549.2 985.3 541.7 0.48 50
SFIX R,2273168.0,
EFIX R,2273168.0,2274374 1208 966.6 555.1 975
SSACC R,2274376.0,
ESACC R,2274376.0,2274380 6 949.1 563.9 947.6 550.0 0.38 64
SFIX R,2274382.0,
EFIX R,2274382.0,2275276 896 954.1 560.6 940
SSACC R,2275278.0,
ESACC R,2275278.0,2275286 10 962.3 568.2 955.2 549.7 0.54 71
SFIX R,2275288.0,
EFIX R,2275288.0,2277408 2122 964.8 558.1 953
SSACC R,2277410.0,
ESACC R,2277410.0,2277416 8 943.6 554.2 934.3 545.4 0.35 54
SFIX R,2277418.0,
EFIX R,2277418.0,2277476 60 920.5 555.3 882
SSACC R,2277478.0,
SBLINK R,2277522.0,
EBLINK R,2277522.0,2277666 146
ESACC R,2277478.0,2277718 242 905.9 560.4 980.0 516.4 2.34 2120
SFIX R,2277720.0,
EFIX R,2277720.0,2278260 542 945.3 541.8 758
SSACC R,2278262.0,
ESACC R,2278262.0,2278274 14 920.1 548.6 945.0 549.8 0.68 60
SFIX R,2278276.0,
EFIX R,2278276.0,2280940 2666 933.5 551.6 771
SSACC R,2280942.0,
ESACC R,2280942.0,2280950 10 921.3 546.4 940.1 552.3 0.53 68
SFIX R,2280952.0,
EFIX R,2280952.0,2281220 270 943.3 553.1 819
SSACC R,2281222.0,
ESACC R,2281222.0,2281230 10 946.2 557.3 932.0 550.8 0.42 50
SFIX R,2281232.0,
EFIX R,2281232.0,2281372 142 925.9 551.6 815
SSACC R,2281374.0,
ESACC R,2281374.0,2281388 16 937.1 554.8 963.2 556.9 0.71 74
SFIX R,2281390.0,
EFIX R,2281390.0,2281516 128 960.9 554.2 814
SSACC R,2281518.0,
ESACC R,2281518.0,2281524 8 953.5 554.4 937.9 551.2 0.43 65
SFIX R,2281526.0,
EFIX R,2281526.0,2284474 2950 937.7 553.4 799
SSACC R,2284476.0,
SBLINK R,2284518.0,
EBLINK R,2284518.0,2284684 168
ESACC R,2284476.0,2284714 240 905.7 580.3 956.3 502.9 2.51 2186
SFIX R,2284716.0,
EFIX R,2284716.0,2286082 1368 927.4 558.9 717
SSACC R,2286084.0,
ESACC R,2286084.0,2286098 16 903.3 549.5 924.3 554.5 0.59 68
SFIX R,2286100.0,
EFIX R,2286100.0,2287370 1272 924.0 560.8 735
SSACC R,2287372.0,
ESACC R,2287372.0,2287376 6 924.0 561.0 928.7 558.4 0.15 56
SFIX R,2287378.0,
EFIX R,2287378.0,2289862 2486 914.3 557.0 649
SSACC R,2289864.0,
ESACC R,2289864.0,2289868 6 885.3 527.2 888.1 539.1 0.33 54
SFIX R,2289870.0,
EFIX R,2289870.0,2291410 1542 894.7 527.6 509
SSACC R,2291412.0,
ESACC R,2291412.0,2291416 6 897.9 520.0 897.5 531.0 0.30 52
SFIX R,2291418.0,
EFIX R,2291418.0,2291874 458 898.6 542.9 590
SSACC R,2291876.0,
ESACC R,2291876.0,2291880 6 913.9 555.7 908.8 539.7 0.46 64
SFIX R,2291882.0,
EFIX R,2291882.0,2292772 892 906.8 546.4 706
SSACC R,2292774.0,
SBLINK R,2292806.0,
EBLINK R,2292806.0,2292956 152
ESACC R,2292774.0,2292990 218 872.4 582.5 954.5 477.4 3.61 2362
SFIX R,2292992.0,
EFIX R,2292992.0,2293200 210 928.4 542.4 719
SSACC R,2293202.0,
ESACC R,2293202.0,2293206 6 916.6 542.5 915.3 547.9 0.15 50
SFIX R,2293208.0,
EFIX R,2293208.0,2294882 1676 915.6 539.6 707
SSACC R,2294884.0,
ESACC R,2294884.0,2294896 14 930.7 545.2 941.9 519.2 0.77 74
SFIX R,2294898.0,
EFIX R,2294898.0,2295376 480 932.3 538.4 824
SSACC R,2295378.0,
ESACC R,2295378.0,2295384 8 926.0 547.7 940.9 545.1 0.41 58
SFIX R,2295386.0,
EFIX R,2295386.0,2296182 798 933.0 548.9 870
SSACC R,2296184.0,
ESACC R,2296184.0,2296192 10 938.8 544.9 941.8 529.1 0.44 61
SFIX R,2296194.0,
EFIX R,2296194.0,2297480 1288 944.4 543.1 916
SSACC R,2297482.0,
ESACC R,2297482.0,2297488 8 952.5 538.0 963.2 526.1 0.43 61
SFIX R,2297490.0,
EFIX R,2297490.0,2297614 126 973.6 530.7 909
SSACC R,2297616.0,
ESACC R,2297616.0,2297622 8 976.1 536.4 960.5 540.5 0.44 65
SFIX R,2297624.0,
EFIX R,2297624.0,2298262 640 941.7 548.5 898
SSACC R,2298264.0,
ESACC R,2298264.0,2298270 8 942.9 540.3 956.8 530.5 0.46 68
SFIX R,2298272.0,
EFIX R,2298272.0,2298354 84 956.5 532.2 869
SSACC R,2298356.0,
ESACC R,2298356.0,2298362 8 948.0 530.5 942.4 540.0 0.30 46
SFIX R,2298364.0,
EFIX R,2298364.0,2298948 586 928.6 549.0 786
SSACC R,2298950.0,
SBLINK R,2298994.0,
EBLINK R,2298994.0,2299206 214
ESACC R,2298950.0,2299256 308 913.1 559.1 971.8 450.2 3.35 2203
SFIX R,2299258.0,
EFIX R,2299258.0,2301396 2140 945.2 528.9 812
SSACC R,2301398.0,
ESACC R,2301398.0,2301404 8 955.2 526.2 941.9 519.5 0.40 60
SFIX R,2301406.0,
EFIX R,2301406.0,2301520 116 938.0 514.7 999
SSACC R,2301522.0,
ESACC R,2301522.0,2301538 18 939.6 516.4 972.1 519.7 0.89 70
SFIX R,2301540.0,
EFIX R,2301540.0,2302130 592 969.4 531.9 986
SSACC R,2302132.0,
ESACC R,2302132.0,2302136 6 950.7 539.0 946.2 535.4 0.16 49
SFIX R,2302138.0,
EFIX R,2302138.0,2302564 428 938.5 537.3 913
SSACC R,2302566.0,
SBLINK R,2302586.0,
EBLINK R,2302586.0,2302700 116
ESACC R,2302566.0,2302738 174 911.6 557.8 966.5 515.2 1.88 478
SFIX R,2302740.0,
EFIX R,2302740.0,2302886 148 958.9 547.5 899
SSACC R,2302888.0,
ESACC R,2302888.0,2302906 20 959.1 562.4 942.4 524.6 1.12 114
SFIX R,2302908.0,
EFIX R,2302908.0,2303426 520 942.2 543.3 884
SSACC R,2303428.0,
ESACC R,2303428.0,2303438 12 932.3 553.0 943.9 534.8 0.58 65
SFIX R,2303440.0,
EFIX R,2303440.0,2304876 1438 940.1 546.8 849
SSACC R,2304878.0,
ESACC R,2304878.0,2304888 12 945.0 557.8 955.6 537.9 0.61 73
SFIX R,2304890.0,
EFIX R,2304890.0,2306954 2066 961.6 545.0 970
SSACC R,2306956.0,
ESACC R,2306956.0,2306960 6 962.6 559.7 955.5 550.6 0.31 43
SFIX R,2306962.0,
EFIX R,2306962.0,2307464 504 952.7 555.0 908
SSACC R,2307466.0,
SBLINK R,2307484.0,
EBLINK R,2307484.0,2307636 154
ESACC R,2307466.0,2307694 230 918.8 582.0 967.9 553.7 1.54 348
SFIX R,2307696.0,
EFIX R,2307696.0,2307822 128 972.4 579.4 886
SSACC R,2307824.0,
ESACC R,2307824.0,2307840 18 959.9 572.8 951.8 547.3 0.73 60
SFIX R,2307842.0,
EFIX R,2307842.0,2308084 244 948.3 554.9 875
SSACC R,2308086.0,
ESACC R,2308086.0,2308092 8 947.7 555.6 949.3 540.0 0.42 64
SFIX R,2308094.0,
EFIX R,2308094.0,2309124 1032 938.1 560.0 774
SSACC R,2309126.0,
ESACC R,2309126.0,2309134 10 938.7 575.9 940.6 555.5 0.56 72
SFIX R,2309136.0,
EFIX R,2309136.0,2309728 594 928.1 565.4 759
SSACC R,2309730.0,
ESACC R,2309730.0,2309734 6 921.0 561.7 926.5 556.4 0.21 56
SFIX R,2309736.0,
EFIX R,2309736.0,2310238 504 935.3 557.4 790
SSACC R,2310240.0,
ESACC R,2310240.0,2310250 12 937.6 561.1 918.9 550.9 0.58 58
SFIX R,2310252.0,
EFIX R,2310252.0,2310376 126 911.8 553.3 802
SSACC R,2310378.0,
ESACC R,2310378.0,2310390 14 911.6 554.6 935.9 565.2 0.72 65
SFIX R,2310392.0,
EFIX R,2310392.0,2312168 1778 926.7 565.5 716
SSACC R,2312170.0,
ESACC R,2312170.0,2312184 16 936.7 545.6 910.0 550.8 0.74 76
SFIX R,2312186.0,
EFIX R,2312186.0,2312280 96 913.0 558.4 682
SSACC R,2312282.0,
ESACC R,2312282.0,2312286 6 919.2 559.3 928.9 556.3 0.28 48
SFIX R,2312288.0,
EFIX R,2312288.0,2312868 582 928.6 557.3 688
SSACC R,2312870.0,
ESACC R,2312870.0,2312874 6 924.1 566.6 914.8 563.8 0.26 54
SFIX R,2312876.0,
EFIX R,2312876.0,2313964 1090 921.4 567.7 730
SSACC R,2313966.0,
ESACC R,2313966.0,2313972 8 912.3 568.2 901.4 559.3 0.38 73
SFIX R,2313974.0,
EFIX R,2313974.0,2314054 82 895.0 559.0 712
SSACC R,2314056.0,
ESACC R,2314056.0,2314074 20 897.6 561.6 941.4 564.1 1.19 104
SFIX R,2314076.0,
EFIX R,2314076.0,2314586 512 921.3 566.5 729
SSACC R,2314588.0,
ESACC R,2314588.0,2314598 12 920.3 567.5 931.1 550.8 0.54 64
SFIX R,2314600.0,
EFIX R,2314600.0,2314936 338 925.3 560.7 798
SSACC R,2314938.0,
SBLINK R,2314958.0,
EBLINK R,2314958.0,2315092 136
ESACC R,2314938.0,2315132 196 896.2 586.9 919.0 517.3 1.98 1402
SFIX R,2315134.0,
EFIX R,2315134.0,2315228 96 912.2 546.1 840
SSACC R,2315230.0,
ESACC R,2315230.0,2315244 16 904.9 544.4 932.2 550.6 0.76 80
SFIX R,2315246.0,
EFIX R,2315246.0,2316930 1686 935.9 560.1 840
SSACC R,2316932.0,
ESACC R,2316932.0,2316940 10 915.3 564.7 929.2 556.8 0.43 53
SFIX R,2316942.0,
EFIX R,2316942.0,2318298 1358 941.5 557.0 925
SSACC R,2318300.0,
ESACC R,2318300.0,2318308 10 941.7 566.0 949.1 550.5 0.47 58
SFIX R,2318310.0,
EFIX R,2318310.0,2319418 1110 940.9 558.9 985
SSACC R,2319420.0,
SBLINK R,2319468.0,
EBLINK R,2319468.0,2319616 150
ESACC R,2319420.0,2319650 232 930.8 568.3 983.7 548.0 1.54 486
SFIX R,2319652.0,
EFIX R,2319652.0,2319784 134 977.9 593.3 884
SSACC R,2319786.0,
ESACC R,2319786.0,2319794 10 967.2 607.6 954.7 588.9 0.61 76
SFIX R,2319796.0,
EFIX R,2319796.0,2320302 508 948.2 579.1 849
SSACC R,2320304.0,
ESACC R,2320304.0,2320316 14 946.4 582.0 951.5 554.7 0.75 79
SFIX R,2320318.0,
EFIX R,2320318.0,2321140 824 935.3 562.1 775
SSACC R,2321142.0,
ESACC R,2321142.0,2321146 6 916.2 564.9 925.0 566.1 0.24 49
SFIX R,2321148.0,
EFIX R,2321148.0,2322572 1426 936.1 574.5 773
SSACC R,2322574.0,
ESACC R,2322574.0,2322588 16 942.0 590.3 942.8 563.3 0.73 78
SFIX R,2322590.0,
EFIX R,2322590.0,2323212 624 951.0 576.5 842
SSACC R,2323214.0,
ESACC R,2323214.0,2323220 8 952.0 577.5 943.4 562.8 0.46 69
SFIX R,2323222.0,
EFIX R,2323222.0,2324118 898 952.3 586.1 917
SSACC R,2324120.0,
ESACC R,2324120.0,2324128 10 953.8 593.1 970.2 585.3 0.49 59
SFIX R,2324130.0,
EFIX R,2324130.0,2324322 194 962.4 582.3 893
SSACC R,2324324.0,
ESACC R,2324324.0,2324330 8 941.9 582.7 929.9 580.4 0.33 54
SFIX R,2324332.0,
EFIX R,2324332.0,2324886 556 922.2 587.1 828
SSACC R,2324888.0,
ESACC R,2324888.0,2324910 24 927.3 587.4 957.0 577.9 0.85 49
SFIX R,2324912.0,
EFIX R,2324912.0,2324954 44 944.3 586.7 767
SSACC R,2324956.0,
SBLINK R,2324984.0,
EBLINK R,2324984.0,2325154 172
ESACC R,2324956.0,2325172 218 927.5 597.3 947.9 559.7 1.16 2212
SFIX R,2325174.0,
EFIX R,2325174.0,2325200 28 940.7 553.4 723
SSACC R,2325202.0,
ESACC R,2325202.0,2325212 12 932.2 562.5 932.2 580.0 0.47 64
SFIX R,2325214.0,
EFIX R,2325214.0,2326480 1268 923.7 569.5 633
SSACC R,2326482.0,
ESACC R,2326482.0,2326490 10 920.2 566.6 932.5 557.5 0.41 57
SFIX R,2326492.0,
EFIX R,2326492.0,2327134 644 929.1 563.1 643
SSACC R,2327136.0,
ESACC R,2327136.0,2327148 14 924.2 566.0 903.0 560.9 0.59 53
SFIX R,2327150.0,
EFIX R,2327150.0,2327308 160 902.7 568.6 668
SSACC R,2327310.0,
ESACC R,2327310.0,2327316 8 905.3 573.9 919.9 578.1 0.41 58
SFIX R,2327318.0,
EFIX R,2327318.0,2328156 840 928.1 595.9 699
SSACC R,2328158.0,
ESACC R,2328158.0,2328162 6 931.3 603.0 931.9 590.9 0.33 68
SFIX R,2328164.0,
EFIX R,2328164.0,2328624 462 925.7 594.9 689
SSACC R,2328626.0,
ESACC R,2328626.0,2328634 10 922.4 598.9 925.9 583.2 0.44 58
SFIX R,2328636.0,
EFIX R,2328636.0,2329318 684 923.2 587.4 661
SSACC R,2329320.0,
ESACC R,2329320.0,2329326 8 916.3 572.7 910.2 563.5 0.30 70
SFIX R,2329328.0,
EFIX R,2329328.0,2329584 258 904.8 563.2 622
SSACC R,2329586.0,
SBLINK R,2329626.0,
EBLINK R,2329626.0,2329820 196
ESACC R,2329586.0,2329850 266 890.4 572.2 954.6 498.7 2.64 1024
SFIX R,2329852.0,
EFIX R,2329852.0,2329876 26 956.6 508.7 607
SSACC R,2329878.0,
ESACC R,2329878.0,2329890 14 955.4 508.1 952.9 530.5 0.61 69
SFIX R,2329892.0,
EFIX R,2329892.0,2330232 342 934.7 540.8 592
SSACC R,2330234.0,
ESACC R,2330234.0,2330246 14 930.0 538.4 913.2 549.7 0.55 53
SFIX R,2330248.0,
EFIX R,2330248.0,2330978 732 903.6 536.8 524
SSACC R,2330980.0,
ESACC R,2330980.0,2330984 6 905.5 531.1 907.4 542.3 0.31 49
SFIX R,2330986.0,
EFIX R,2330986.0,2331062 78 907.5 542.2 511
SSACC R,2331064.0,
ESACC R,2331064.0,2331076 14 912.1 545.7 923.1 529.9 0.52 55
SFIX R,2331078.0,
EFIX R,2331078.0,2331176 100 926.2 543.3 532
SSACC R,2331178.0,
ESACC R,2331178.0,2331186 10 922.9 547.8 907.3 538.4 0.49 60
SFIX R,2331188.0,
EFIX R,2331188.0,2332878 1692 903.1 553.3 558
SSACC R,2332880.0,
ESACC R,2332880.0,2332888 10 897.4 542.5 892.3 527.5 0.43 53
SFIX R,2332890.0,
EFIX R,2332890.0,2333134 246 890.2 535.8 540
SSACC R,2333136.0,
ESACC R,2333136.0,2333158 24 886.8 528.4 892.0 534.9 0.23 60
SFIX R,2333160.0,
EFIX R,2333160.0,2334160 1002 896.4 525.9 497
SSACC R,2334162.0,
SBLINK R,2334204.0,
EBLINK R,2334204.0,2334346 144
ESACC R,2334162.0,2334386 226 885.5 552.6 921.1 538.4 1.04 779
SFIX R,2334388.0,
EFIX R,2334388.0,2334936 550 909.2 537.6 553
SSACC R,2334938.0,
ESACC R,2334938.0,2334946 10 903.1 540.8 907.8 559.3 0.52 62
SFIX R,2334948.0,
EFIX R,2334948.0,2334970 24 906.3 551.9 580
SSACC R,2334972.0,
ESACC R,2334972.0,2334980 10 901.0 540.2 892.7 525.2 0.46 60
SFIX R,2334982.0,
EFIX R,2334982.0,2335448 468 899.1 540.1 610
SSACC R,2335450.0,
ESACC R,2335450.0,2335454 6 902.1 543.3 904.1 549.6 0.18 48
SFIX R,2335456.0,
EFIX R,2335456.0,2336554 1100 922.8 575.1 740
SSACC R,2336556.0,
ESACC R,2336556.0,2336564 10 929.6 578.9 929.5 564.7 0.38 53
SFIX R,2336566.0,
EFIX R,2336566.0,2336954 390 931.3 567.8 809
SSACC R,2336956.0,
SBLINK R,2336978.0,
EBLINK R,2336978.0,2337072 96
ESACC R,2336956.0,2337112 158 901.3 607.8 908.9 561.3 1.28 2348
SFIX R,2337114.0,
EFIX R,2337114.0,2337250 138 913.0 586.2 816
SSACC R,2337252.0,
ESACC R,2337252.0,2337274 24 914.2 586.9 930.3 542.3 1.29 104
SFIX R,2337276.0,
EFIX R,2337276.0,2338092 818 934.4 547.7 806
SSACC R,2338094.0,
ESACC R,2338094.0,2338102 10 929.8 558.6 933.5 538.2 0.56 66
SFIX R,2338104.0,
EFIX R,2338104.0,2340058 1956 943.0 557.2 924
SSACC R,2340060.0,
SBLINK R,2340078.0,
EBLINK R,2340078.0,2340228 152
ESACC R,2340060.0,2340248 190 900.9 589.9 950.8 535.1 2.01 239
SFIX R,2340250.0,
EFIX R,2340250.0,2340456 208 935.2 565.5 907
SSACC R,2340458.0,
ESACC R,2340458.0,2340468 12 929.8 572.7 934.0 548.4 0.67 75
SFIX R,2340470.0,
EFIX R,2340470.0,2341086 618 936.9 560.8 864
SSACC R,2341088.0,
ESACC R,2341088.0,2341100 14 930.1 568.7 942.1 546.6 0.68 66
SFIX R,2341102.0,
EFIX R,2341102.0,2341740 640 933.6 554.7 851
SSACC R,2341742.0,
ESACC R,2341742.0,2341750 10 926.8 565.3 915.6 546.7 0.59 69
SFIX R,2341752.0,
EFIX R,2341752.0,2341860 110 914.0 559.2 885
SSACC R,2341862.0,
ESACC R,2341862.0,2341872 12 918.8 567.4 932.2 573.9 0.40 54
SFIX R,2341874.0,
EFIX R,2341874.0,2342412 540 917.6 580.4 858
SSACC R,2342414.0,
ESACC R,2342414.0,2342420 8 915.3 580.3 930.3 574.6 0.43 61
SFIX R,2342422.0,
EFIX R,2342422.0,2342638 218 933.2 578.3 816
SSACC R,2342640.0,
ESACC R,2342640.0,2342648 10 929.1 581.0 911.7 576.9 0.48 60
SFIX R,2342650.0,
EFIX R,2342650.0,2343090 442 915.4 584.3 819
SSACC R,2343092.0,
ESACC R,2343092.0,2343102 12 921.4 587.7 922.1 568.0 0.53 56
SFIX R,2343104.0,
EFIX R,2343104.0,2343388 286 931.1 573.8 859
SSACC R,2343390.0,
SBLINK R,2343422.0,
EBLINK R,2343422.0,2343544 124
ESACC R,2343390.0,2343602 214 921.5 586.6 927.8 537.8 1.33 326
SFIX R,2343604.0,
EFIX R,2343604.0,2343760 158 932.5 557.0 899
SSACC R,2343762.0,
ESACC R,2343762.0,2343774 14 940.2 559.2 966.2 559.9 0.70 74
SFIX R,2343776.0,
EFIX R,2343776.0,2344886 1112 956.8 573.7 922
SSACC R,2344888.0,
ESACC R,2344888.0,2344896 10 949.1 603.4 934.5 585.0 0.64 84
SFIX R,2344898.0,
EFIX R,2344898.0,2345128 232 928.8 586.8 891
SSACC R,2345130.0,
ESACC R,2345130.0,2345140 12 919.3 584.5 940.1 580.1 0.58 76
SFIX R,2345142.0,
EFIX R,2345142.0,2345742 602 937.2 577.0 880
SSACC R,2345744.0,
SBLINK R,2345780.0,
EBLINK R,2345780.0,2345930 152
ESACC R,2345744.0,2345968 226 929.5 580.5 948.0 535.6 1.32 262
SFIX R,2345970.0,
EFIX R,2345970.0,2346484 516 935.2 570.2 866
SSACC R,2346486.0,
ESACC R,2346486.0,2346494 10 928.5 567.5 938.1 550.0 0.54 76
SFIX R,2346496.0,
EFIX R,2346496.0,2347962 1468 933.3 569.7 842
SSACC R,2347964.0,
ESACC R,2347964.0,2347978 16 926.4 598.0 928.8 566.5 0.86 78
SFIX R,2347980.0,
EFIX R,2347980.0,2348568 590 937.1 575.4 860
SSACC R,2348570.0,
ESACC R,2348570.0,2348580 12 941.0 572.5 925.7 554.8 0.63 67
SFIX R,2348582.0,
EFIX R,2348582.0,2348818 238 927.1 559.4 899
SSACC R,2348820.0,
ESACC R,2348820.0,2348828 10 933.1 566.7 951.2 564.6 0.49 66
SFIX R,2348830.0,
EFIX R,2348830.0,2349440 612 941.7 574.0 885
SSACC R,2349442.0,
SBLINK R,2349460.0,
EBLINK R,2349460.0,2349614 156
ESACC R,2349442.0,2349644 204 922.3 598.9 961.4 514.4 2.52 319
SFIX R,2349646.0,
EFIX R,2349646.0,2349854 210 945.8 570.6 849
SSACC R,2349856.0,
ESACC R,2349856.0,2349862 8 938.5 594.5 940.1 580.2 0.39 57
SFIX R,2349864.0,
EFIX R,2349864.0,2350344 482 942.2 585.3 821
SSACC R,2350346.0,
ESACC R,2350346.0,2350352 8 936.5 592.7 933.1 582.7 0.29 55
SFIX R,2350354.0,
EFIX R,2350354.0,2351042 690 923.9 583.8 743
SSACC R,2351044.0,
ESACC R,2351044.0,2351062 20 927.0 591.6 964.9 569.9 1.18 83
SFIX R,2351064.0,
EFIX R,2351064.0,2351192 130 961.4 578.0 788
SSACC R,2351194.0,
ESACC R,2351194.0,2351204 12 954.9 580.9 930.2 582.6 0.67 75
SFIX R,2351206.0,
EFIX R,2351206.0,2351990 786 939.1 584.9 784
SSACC R,2351992.0,
ESACC R,2351992.0,2352000 10 943.2 580.4 959.4 576.3 0.45 55
SFIX R,2352002.0,
EFIX R,2352002.0,2353080 1080 951.7 582.0 808
SSACC R,2353082.0,
SBLINK R,2353102.0,
EBLINK R,2353102.0,2353270 170
ESACC R,2353082.0,2353304 224 897.9 615.6 966.3 504.3 3.54 816
SFIX R,2353306.0,
EFIX R,2353306.0,2353940 636 945.8 562.7 761
SSACC R,2353942.0,
ESACC R,2353942.0,2353952 12 936.2 566.4 943.2 546.8 0.56 67
SFIX R,2353954.0,
EFIX R,2353954.0,2356130 2178 951.0 572.7 787
SSACC R,2356132.0,
ESACC R,2356132.0,2356146 16 932.2 587.9 925.1 552.2 0.99 88
SFIX R,2356148.0,
EFIX R,2356148.0,2356776 630 924.4 564.8 776
SSACC R,2356778.0,
SBLINK R,2356836.0,
EBLINK R,2356836.0,2357000 166
ESACC R,2356778.0,2357078 302 923.7 583.5 971.9 554.3 1.53 2396
SFIX R,2357080.0,
EFIX R,2357080.0,2357200 122 966.3 551.3 707
SSACC R,2357202.0,
ESACC R,2357202.0,2357210 10 957.5 549.9 934.6 559.8 0.68 85
SFIX R,2357212.0,
EFIX R,2357212.0,2358588 1378 934.9 563.6 682
SSACC R,2358590.0,
ESACC R,2358590.0,2358606 18 923.8 559.8 957.9 551.4 0.95 78
SFIX R,2358608.0,
EFIX R,2358608.0,2358726 120 958.9 554.7 646
SSACC R,2358728.0,
ESACC R,2358728.0,2358738 12 948.5 556.0 922.8 550.3 0.71 78
SFIX R,2358740.0,
EFIX R,2358740.0,2359430 692 909.7 549.6 647
SSACC R,2359432.0,
ESACC R,2359432.0,2359444 14 916.6 556.9 939.4 555.2 0.62 57
SFIX R,2359446.0,
EFIX R,2359446.0,2360008 564 926.8 560.4 738
SSACC R,2360010.0,
SBLINK R,2360036.0,
EBLINK R,2360036.0,2360168 134
ESACC R,2360010.0,2360198 190 904.0 591.9 959.0 516.3 2.53 2335
SFIX R,2360200.0,
EFIX R,2360200.0,2361228 1030 951.0 563.5 782
SSACC R,2361230.0,
ESACC R,2361230.0,2361246 18 922.7 548.7 964.4 546.2 1.13 94
SFIX R,2361248.0,
EFIX R,2361248.0,2361348 102 960.6 557.6 691
SSACC R,2361350.0,
ESACC R,2361350.0,2361362 14 955.7 562.7 931.4 559.2 0.67 80
SFIX R,2361364.0,
EFIX R,2361364.0,2361434 72 932.3 564.5 693
SSACC R,2361436.0,
ESACC R,2361436.0,2361460 26 935.4 572.4 932.1 562.0 0.30 46
SFIX R,2361462.0,
EFIX R,2361462.0,2363166 1706 927.0 572.8 748
SSACC R,2363168.0,
SBLINK R,2363192.0,
EBLINK R,2363192.0,2363376 186
ESACC R,2363168.0,2363418 252 899.3 600.3 946.4 542.4 2.02 1139
SFIX R,2363420.0,
EFIX R,2363420.0,2363732 314 925.4 583.8 770
SSACC R,2363734.0,
ESACC R,2363734.0,2363756 24 923.1 591.8 940.9 560.2 0.98 66
SFIX R,2363758.0,
EFIX R,2363758.0,2365368 1612 928.8 570.8 764
SSACC R,2365370.0,
ESACC R,2365370.0,2365376 8 928.7 580.9 930.0 569.4 0.31 52
SFIX R,2365378.0,
EFIX R,2365378.0,2366524 1148 924.4 567.8 666
SSACC R,2366526.0,
ESACC R,2366526.0,2366532 8 908.9 561.3 923.0 553.4 0.44 62
SFIX R,2366534.0,
EFIX R,2366534.0,2366982 450 918.6 549.3 585
SSACC R,2366984.0,
SBLINK R,2367004.0,
EBLINK R,2367004.0,2367174 172
ESACC R,2366984.0,2367216 234 904.0 603.2 941.2 493.7 3.13 584
SFIX R,2367218.0,
EFIX R,2367218.0,2369206 1990 914.0 549.3 589
SSACC R,2369208.0,
ESACC R,2369208.0,2369214 8 918.4 567.0 923.2 558.9 0.26 51
SFIX R,2369216.0,
EFIX R,2369216.0,2369738 524 921.9 573.4 681
SSACC R,2369740.0,
SBLINK R,2369770.0,
EBLINK R,2369770.0,2369904 136
ESACC R,2369740.0,2369936 198 894.0 604.1 948.7 529.2 2.51 2145
SFIX R,2369938.0,
EFIX R,2369938.0,2370182 246 939.5 559.2 696
SSACC R,2370184.0,
ESACC R,2370184.0,2370190 8 930.5 564.0 917.2 564.4 0.36 54
SFIX R,2370192.0,
EFIX R,2370192.0,2372786 2596 937.9 577.0 783
SSACC R,2372788.0,
SBLINK R,2372822.0,
EBLINK R,2372822.0,2372954 134
ESACC R,2372788.0,2372984 198 927.2 591.4 966.9 546.6 1.62 250
SFIX R,2372986.0,
EFIX R,2372986.0,2373216 232 949.5 582.0 840
SSACC R,2373218.0,
ESACC R,2373218.0,2373228 12 938.5 583.3 923.2 573.6 0.49 63
SFIX R,2373230.0,
EFIX R,2373230.0,2374054 826 938.4 578.9 821
SSACC R,2374056.0,
ESACC R,2374056.0,2374066 12 945.3 587.9 957.1 574.3 0.49 69
SFIX R,2374068.0,
EFIX R,2374068.0,2374588 522 964.7 582.1 794
SSACC R,2374590.0,
ESACC R,2374590.0,2374610 22 963.6 599.7 942.2 575.0 0.89 59
SFIX R,2374612.0,
EFIX R,2374612.0,2374680 70 944.6 583.5 785
SSACC R,2374682.0,
ESACC R,2374682.0,2374698 18 949.2 590.1 999.8 583.6 1.38 96
SFIX R,2374700.0,
EFIX R,2374700.0,2374812 114 988.3 588.8 784
SSACC R,2374814.0,
ESACC R,2374814.0,2374828 16 986.5 589.1 953.4 578.6 0.94 92
SFIX R,2374830.0,
EFIX R,2374830.0,2375418 590 943.6 588.1 789
SSACC R,2375420.0,
ESACC R,2375420.0,2375428 10 948.1 591.6 958.0 575.2 0.52 70
SFIX R,2375430.0,
EFIX R,2375430.0,2375822 394 949.7 584.0 787
SSACC R,2375824.0,
SBLINK R,2375844.0,
EBLINK R,2375844.0,2375972 130
ESACC R,2375824.0,2376010 188 899.0 621.0 950.6 580.2 1.78 618
SFIX R,2376012.0,
EFIX R,2376012.0,2376212 202 949.0 602.0 766
SSACC R,2376214.0,
ESACC R,2376214.0,2376220 8 951.1 605.7 952.9 591.3 0.39 66
SFIX R,2376222.0,
EFIX R,2376222.0,2377138 918 943.3 591.9 767
SSACC R,2377140.0,
ESACC R,2377140.0,2377150 12 934.9 592.9 930.4 580.6 0.35 43
SFIX R,2377152.0,
EFIX R,2377152.0,2378890 1740 933.2 592.6 794
SSACC R,2378892.0,
SBLINK R,2378938.0,
EBLINK R,2378938.0,2379046 110
ESACC R,2378892.0,2379072 182 925.7 608.2 955.2 552.5 1.71 401
SFIX R,2379074.0,
EFIX R,2379074.0,2381324 2252 949.9 607.7 814
SSACC R,2381326.0,
SBLINK R,2381370.0,
EBLINK R,2381370.0,2381532 164
ESACC R,2381326.0,2381588 264 954.1 621.8 938.0 584.0 1.11 256
SFIX R,2381590.0,
EFIX R,2381590.0,2381744 156 934.4 594.0 823
SSACC R,2381746.0,
ESACC R,2381746.0,2381754 10 939.1 591.8 956.8 598.8 0.52 69
SFIX R,2381756.0,
EFIX R,2381756.0,2382514 760 956.3 608.0 774
SSACC R,2382516.0,
ESACC R,2382516.0,2382522 8 946.2 611.4 942.4 597.6 0.39 51
SFIX R,2382524.0,
EFIX R,2382524.0,2383984 1462 940.0 598.3 690
SSACC R,2383986.0,
ESACC R,2383986.0,2384002 18 956.3 597.0 989.8 587.5 0.94 79
SFIX R,2384004.0,
EFIX R,2384004.0,2384124 122 989.7 583.8 762
SSACC R,2384126.0,
ESACC R,2384126.0,2384142 18 989.6 589.1 959.6 581.7 0.84 87
SFIX R,2384144.0,
EFIX R,2384144.0,2384836 694 959.6 588.0 751
SSACC R,2384838.0,
SBLINK R,2384872.0,
EBLINK R,2384872.0,2385094 224
ESACC R,2384838.0,2385154 318 928.8 611.1 974.8 515.6 2.87 2073
SFIX R,2385156.0,
EFIX R,2385156.0,2386048 894 941.7 551.6 620
SSACC R,2386050.0,
ESACC R,2386050.0,2386054 6 924.1 580.7 915.2 574.1 0.30 54
SFIX R,2386056.0,
EFIX R,2386056.0,2386218 164 916.9 586.3 630
SSACC R,2386220.0,
ESACC R,2386220.0,2386236 18 926.5 593.1 955.2 570.7 0.99 80
SFIX R,2386238.0,
EFIX R,2386238.0,2388036 1800 937.7 579.4 686
SSACC R,2388038.0,
SBLINK R,2388108.0,
EBLINK R,2388108.0,2388276 170
ESACC R,2388038.0,2388316 280 929.2 593.1 952.6 547.8 1.38 2116
SFIX R,2388318.0,
EFIX R,2388318.0,2389094 778 924.4 559.8 679
SSACC R,2389096.0,
ESACC R,2389096.0,2389108 14 916.9 584.1 932.1 565.3 0.66 78
SFIX R,2389110.0,
EFIX R,2389110.0,2389404 296 935.4 575.7 718
SSACC R,2389406.0,
ESACC R,2389406.0,2389412 8 933.7 583.5 928.2 567.7 0.45 60
SFIX R,2389414.0,
EFIX R,2389414.0,2390708 1296 940.9 579.4 847
SSACC R,2390710.0,
ESACC R,2390710.0,2390718 10 949.0 585.8 937.4 579.5 0.36 49
SFIX R,2390720.0,
EFIX R,2390720.0,2390886 168 927.1 584.0 857
SSACC R,2390888.0,
SBLINK R,2390904.0,
EBLINK R,2390904.0,2391066 164
ESACC R,2390888.0,2391092 206 908.8 616.2 1009.5 533.2 3.54 195
SFIX R,2391094.0,
EFIX R,2391094.0,2391264 172 988.2 570.2 838
SSACC R,2391266.0,
ESACC R,2391266.0,2391278 14 981.5 577.9 947.3 570.8 0.95 80
SFIX R,2391280.0,
EFIX R,2391280.0,2391796 518 947.1 585.2 834
SSACC R,2391798.0,
ESACC R,2391798.0,2391808 12 952.9 596.6 951.3 573.8 0.62 62
SFIX R,2391810.0,
EFIX R,2391810.0,2392372 564 939.5 574.9 702
SSACC R,2392374.0,
ESACC R,2392374.0,2392386 14 943.3 570.8 964.6 558.8 0.66 65
SFIX R,2392388.0,
EFIX R,2392388.0,2392516 130 971.7 560.5 657
SSACC R,2392518.0,
ESACC R,2392518.0,2392526 10 973.3 558.4 954.0 561.1 0.53 64
SFIX R,2392528.0,
EFIX R,2392528.0,2393194 668 943.4 566.6 680
SSACC R,2393196.0,
ESACC R,2393196.0,2393210 16 951.1 576.7 931.6 556.3 0.76 82
SFIX R,2393212.0,
EFIX R,2393212.0,2393490 280 929.4 565.9 766
SSACC R,2393492.0,
ESACC R,2393492.0,2393512 22 931.5 577.5 964.4 551.2 1.14 77
SFIX R,2393514.0,
EFIX R,2393514.0,2394016 504 954.0 569.2 814
SSACC R,2394018.0,
SBLINK R,2394074.0,
EBLINK R,2394074.0,2394224 152
ESACC R,2394018.0,2394264 248 943.1 589.1 965.1 577.5 0.67 2185
SFIX R,2394266.0,
EFIX R,2394266.0,2395808 1544 931.1 578.9 679
SSACC R,2395810.0,
ESACC R,2395810.0,2395828 20 933.2 598.7 935.1 572.0 0.73 71
SFIX R,2395830.0,
EFIX R,2395830.0,2396720 892 944.3 587.1 812
SSACC R,2396722.0,
SBLINK R,2396750.0,
EBLINK R,2396750.0,2396916 168
ESACC R,2396722.0,2396958 238 925.5 624.7 973.9 572.9 1.92 2195
SFIX R,2396960.0,
EFIX R,2396960.0,2397086 128 960.9 596.9 780
SSACC R,2397088.0,
ESACC R,2397088.0,2397104 18 954.1 602.1 935.6 575.9 0.87 70
SFIX R,2397106.0,
EFIX R,2397106.0,2397596 492 938.0 588.6 790
SSACC R,2397598.0,
ESACC R,2397598.0,2397614 18 932.9 591.7 948.5 571.3 0.70 61
SFIX R,2397616.0,
EFIX R,2397616.0,2398996 1382 942.9 578.9 822
SSACC R,2398998.0,
ESACC R,2398998.0,2399008 12 934.3 576.8 955.5 566.7 0.64 69
SFIX R,2399010.0,
EFIX R,2399010.0,2399160 152 962.0 569.5 824
SSACC R,2399162.0,
ESACC R,2399162.0,2399172 12 953.3 579.3 933.7 577.4 0.53 49
SFIX R,2399174.0,
EFIX R,2399174.0,2399206 34 914.6 590.6 803
SSACC R,2399208.0,
SBLINK R,2399228.0,
EBLINK R,2399228.0,2399422 196
ESACC R,2399208.0,2399460 254 895.5 612.8 933.3 518.5 2.75 877
SFIX R,2399462.0,
EFIX R,2399462.0,2400012 552 924.3 566.3 713
SSACC R,2400014.0,
ESACC R,2400014.0,2400034 22 927.9 585.0 943.2 566.4 0.65 63
SFIX R,2400036.0,
EFIX R,2400036.0,2400174 140 940.9 575.6 678
SSACC R,2400176.0,
ESACC R,2400176.0,2400188 14 933.5 570.8 925.9 557.8 0.41 52
SFIX R,2400190.0,
EFIX R,2400190.0,2400498 310 929.3 566.4 646
SSACC R,2400500.0,
ESACC R,2400500.0,2400520 22 932.1 577.5 921.6 533.6 1.22 85
SFIX R,2400522.0,
EFIX R,2400522.0,2400756 236 922.3 549.9 666
SSACC R,2400758.0,
ESACC R,2400758.0,2400766 10 923.2 555.2 940.8 556.8 0.48 53
SFIX R,2400768.0,
EFIX R,2400768.0,2401160 394 931.9 558.8 709
SSACC R,2401162.0,
ESACC R,2401162.0,2401176 16 926.4 570.8 955.1 570.1 0.78 87
SFIX R,2401178.0,
EFIX R,2401178.0,2401472 296 948.5 574.7 766
SSACC R,2401474.0,
ESACC R,2401474.0,2401482 10 942.2 577.7 929.9 565.4 0.47 66
SFIX R,2401484.0,
EFIX R,2401484.0,2401774 292 929.8 569.8 804
SSACC R,2401776.0,
ESACC R,2401776.0,2401786 12 923.9 574.7 942.7 561.1 0.63 68
SFIX R,2401788.0,
EFIX R,2401788.0,2402202 416 934.5 571.3 824
SSACC R,2402204.0,
SBLINK R,2402234.0,
EBLINK R,2402234.0,2402414 182
ESACC R,2402204.0,2402460 258 896.9 600.3 987.6 529.3 3.12 2078
SFIX R,2402462.0,
EFIX R,2402462.0,2402588 128 975.9 565.9 768
SSACC R,2402590.0,
ESACC R,2402590.0,2402598 10 965.3 570.5 943.9 569.5 0.58 71
SFIX R,2402600.0,
EFIX R,2402600.0,2403668 1070 929.7 573.4 727
SSACC R,2403670.0,
ESACC R,2403670.0,2403676 8 927.1 572.7 924.0 562.3 0.29 44
SFIX R,2403678.0,
EFIX R,2403678.0,2403952 276 920.2 570.3 755
SSACC R,2403954.0,
ESACC R,2403954.0,2403962 10 921.5 575.5 938.4 564.7 0.54 63
SFIX R,2403964.0,
EFIX R,2403964.0,2404460 498 939.4 570.1 774
SSACC R,2404462.0,
ESACC R,2404462.0,2404474 14 929.3 580.7 907.5 578.0 0.60 52
SFIX R,2404476.0,
EFIX R,2404476.0,2404564 90 898.6 574.8 780
SSACC R,2404566.0,
ESACC R,2404566.0,2404580 16 898.3 578.8 934.3 583.6 0.98 91
SFIX R,2404582.0,
EFIX R,2404582.0,2405338 758 934.2 586.0 753
SSACC R,2405340.0,
SBLINK R,2405370.0,
EBLINK R,2405370.0,2405562 194
ESACC R,2405340.0,2405684 346 916.7 604.9 953.4 581.4 1.18 1906
SFIX R,2405686.0,
EFIX R,2405686.0,2408114 2430 929.1 553.2 630
SSACC R,2408116.0,
ESACC R,2408116.0,2408128 14 948.4 573.8 961.9 563.4 0.46 52
SFIX R,2408130.0,
EFIX R,2408130.0,2408460 332 948.9 573.9 753
SSACC R,2408462.0,
SBLINK R,2408530.0,
EBLINK R,2408530.0,2408750 222
ESACC R,2408462.0,2408806 346 939.1 583.7 962.4 511.6 2.05 2208
SFIX R,2408808.0,
EFIX R,2408808.0,2409514 708 933.6 554.0 621
SSACC R,2409516.0,
ESACC R,2409516.0,2409534 20 913.7 595.0 925.5 567.3 0.82 70
SFIX R,2409536.0,
EFIX R,2409536.0,2409988 454 917.6 578.2 620
SSACC R,2409990.0,
ESACC R,2409990.0,2409996 8 923.1 580.7 915.7 562.6 0.53 81
SFIX R,2409998.0,
EFIX R,2409998.0,2410230 234 919.5 568.3 671
SSACC R,2410232.0,
ESACC R,2410232.0,2410242 12 923.9 570.6 917.3 546.0 0.69 78
SFIX R,2410244.0,
EFIX R,2410244.0,2411490 1248 919.3 573.8 756
SSACC R,2411492.0,
SBLINK R,2411524.0,
EBLINK R,2411524.0,2411672 150
ESACC R,2411492.0,2411698 208 894.6 622.7 927.4 538.5 2.45 2060
SFIX R,2411700.0,
EFIX R,2411700.0,2413952 2254 935.9 572.2 701
SSACC R,2413954.0,
ESACC R,2413954.0,2413966 14 947.6 573.0 954.3 579.6 0.25 52
SFIX R,2413968.0,
EFIX R,2413968.0,2414448 482 959.2 578.8 735
SSACC R,2414450.0,
SBLINK R,2414490.0,
EBLINK R,2414490.0,2414684 196
ESACC R,2414450.0,2414724 276 942.3 600.6 953.4 484.4 3.16 2446
SFIX R,2414726.0,
EFIX R,2414726.0,2415228 504 942.7 543.2 753
SSACC R,2415230.0,
ESACC R,2415230.0,2415246 18 959.4 570.4 953.1 541.5 0.80 64
SFIX R,2415248.0,
EFIX R,2415248.0,2415422 176 948.8 563.1 759
SSACC R,2415424.0,
ESACC R,2415424.0,2415442 20 945.4 572.3 946.6 527.9 1.20 103
SFIX R,2415444.0,
EFIX R,2415444.0,2416804 1362 936.4 541.1 854
SSACC R,2416806.0,
ESACC R,2416806.0,2416818 14 926.3 559.8 926.9 535.2 0.67 79
SFIX R,2416820.0,
EFIX R,2416820.0,2417192 374 929.2 551.4 935
SSACC R,2417194.0,
SBLINK R,2417218.0,
EBLINK R,2417218.0,2417348 132
ESACC R,2417194.0,2417384 192 907.4 597.8 961.9 550.6 1.95 963
SFIX R,2417386.0,
EFIX R,2417386.0,2417548 164 959.4 569.0 922
SSACC R,2417550.0,
ESACC R,2417550.0,2417562 14 954.3 574.5 942.9 555.5 0.60 69
SFIX R,2417564.0,
EFIX R,2417564.0,2418062 500 941.8 559.1 910
SSACC R,2418064.0,
ESACC R,2418064.0,2418076 14 937.3 563.1 944.6 531.9 0.87 88
SFIX R,2418078.0,
EFIX R,2418078.0,2419344 1268 944.6 554.8 925
SSACC R,2419346.0,
ESACC R,2419346.0,2419356 12 932.2 567.6 915.2 554.2 0.59 62
SFIX R,2419358.0,
EFIX R,2419358.0,2419544 188 910.0 557.7 933
SSACC R,2419546.0,
ESACC R,2419546.0,2419554 10 907.4 561.8 926.1 564.9 0.51 62
SFIX R,2419556.0,
EFIX R,2419556.0,2420178 624 931.0 568.4 918
SSACC R,2420180.0,
SBLINK R,2420198.0,
EBLINK R,2420198.0,2420392 196
ESACC R,2420180.0,2420422 244 894.9 608.2 999.3 512.2 3.84 592
SFIX R,2420424.0,
EFIX R,2420424.0,2420708 286 980.5 563.0 796
SSACC R,2420710.0,
ESACC R,2420710.0,2420718 10 961.5 568.7 945.9 561.7 0.46 65
SFIX R,2420720.0,
EFIX R,2420720.0,2421082 364 934.0 569.1 808
SSACC R,2421084.0,
ESACC R,2421084.0,2421100 18 937.2 574.0 964.0 549.9 0.98 76
SFIX R,2421102.0,
EFIX R,2421102.0,2421396 296 954.5 562.2 776
SSACC R,2421398.0,
ESACC R,2421398.0,2421406 10 951.1 562.8 933.8 551.5 0.56 66
SFIX R,2421408.0,
EFIX R,2421408.0,2422052 646 943.5 570.2 841
SSACC R,2422054.0,
SBLINK R,2422084.0,
EBLINK R,2422084.0,2422260 178
ESACC R,2422054.0,2422312 260 932.1 617.0 990.0 521.1 3.04 336
SFIX R,2422314.0,
EFIX R,2422314.0,2422548 236 982.5 530.9 896
SSACC R,2422550.0,
ESACC R,2422550.0,2422560 12 971.8 524.8 958.7 542.9 0.61 62
SFIX R,2422562.0,
EFIX R,2422562.0,2423790 1230 956.7 548.5 914
SSACC R,2423792.0,
ESACC R,2423792.0,2423808 18 965.8 563.6 941.5 535.6 1.00 103
SFIX R,2423810.0,
EFIX R,2423810.0,2423988 180 934.3 541.4 972
SSACC R,2423990.0,
SBLINK R,2424030.0,
EBLINK R,2424030.0,2424192 164
ESACC R,2423990.0,2424280 292 927.6 552.2 992.6 499.8 2.26 709
SFIX R,2424282.0,
EFIX R,2424282.0,2424410 130 992.3 529.6 970
SSACC R,2424412.0,
ESACC R,2424412.0,2424424 14 992.3 539.8 958.4 541.1 0.92 94
SFIX R,2424426.0,
EFIX R,2424426.0,2425524 1100 955.4 555.1 967
SSACC R,2425526.0,
SBLINK R,2425552.0,
EBLINK R,2425552.0,2425734 184
ESACC R,2425526.0,2425768 244 940.3 582.3 1055.3 493.6 3.94 685
SFIX R,2425770.0,
EFIX R,2425770.0,2425792 24 1044.4 481.6 1016
SSACC R,2425794.0,
ESACC R,2425794.0,2425830 38 1039.2 468.6 911.1 530.0 3.85 202
SFIX R,2425832.0,
EFIX R,2425832.0,2426100 270 904.8 562.9 995
SSACC R,2426102.0,
ESACC R,2426102.0,2426128 28 901.4 572.2 979.0 548.6 2.20 150
SFIX R,2426130.0,
EFIX R,2426130.0,2426634 506 969.8 562.1 1015
SSACC R,2426636.0,
ESACC R,2426636.0,2426648 14 971.8 565.2 982.3 545.8 0.60 68
SFIX R,2426650.0,
EFIX R,2426650.0,2427462 814 982.6 565.0 1016
SSACC R,2427464.0,
ESACC R,2427464.0,2427488 26 987.1 575.7 984.5 541.7 0.92 72
SFIX R,2427490.0,
EFIX R,2427490.0,2427820 332 977.4 557.1 1042
SSACC R,2427822.0,
SBLINK R,2427864.0,
EBLINK R,2427864.0,2428020 158
ESACC R,2427822.0,2428084 264 967.6 567.8 1007.8 511.3 1.88 836
SFIX R,2428086.0,
EFIX R,2428086.0,2428220 136 1001.7 543.2 1056
SSACC R,2428222.0,
ESACC R,2428222.0,2428234 14 998.6 563.7 973.0 544.6 0.87 74
SFIX R,2428236.0,
EFIX R,2428236.0,2429842 1608 974.7 562.6 990
SSACC R,2429844.0,
ESACC R,2429844.0,2429854 12 968.5 556.8 971.6 544.0 0.36 50
SFIX R,2429856.0,
EFIX R,2429856.0,2430656 802 976.7 564.5 962
SSACC R,2430658.0,
SBLINK R,2430680.0,
EBLINK R,2430680.0,2430844 166
ESACC R,2430658.0,2430894 238 953.5 591.8 999.9 491.3 3.00 793
SFIX R,2430896.0,
EFIX R,2430896.0,2432758 1864 969.6 553.6 917
SSACC R,2432760.0,
SBLINK R,2432784.0,
EBLINK R,2432784.0,2432938 156
ESACC R,2432760.0,2432994 236 942.6 597.5 1005.0 500.6 3.12 512
SFIX R,2432996.0,
EFIX R,2432996.0,2433286 292 995.0 557.0 957
SSACC R,2433288.0,
ESACC R,2433288.0,2433292 6 978.0 554.1 968.1 556.1 0.27 49
SFIX R,2433294.0,
EFIX R,2433294.0,2433562 270 959.7 554.3 962
SSACC R,2433564.0,
ESACC R,2433564.0,2433574 12 957.8 556.7 978.1 562.1 0.57 61
SFIX R,2433576.0,
EFIX R,2433576.0,2434490 916 969.0 566.7 963
SSACC R,2434492.0,
ESACC R,2434492.0,2434498 8 965.9 566.6 956.5 553.4 0.44 64
SFIX R,2434500.0,
EFIX R,2434500.0,2434960 462 950.0 557.3 1052
SSACC R,2434962.0,
SBLINK R,2435000.0,
EBLINK R,2435000.0,2435164 166
ESACC R,2434962.0,2435232 272 932.9 570.8 977.4 508.7 2.07 810
SFIX R,2435234.0,
EFIX R,2435234.0,2435844 612 981.6 565.4 978
SSACC R,2435846.0,
ESACC R,2435846.0,2435850 6 973.2 563.5 963.7 559.2 0.28 53
SFIX R,2435852.0,
EFIX R,2435852.0,2436292 442 961.0 564.8 922
SSACC R,2436294.0,
ESACC R,2436294.0,2436310 18 961.1 568.1 989.4 545.0 0.99 76
SFIX R,2436312.0,
EFIX R,2436312.0,2437046 736 971.1 552.3 1002
SSACC R,2437048.0,
ESACC R,2437048.0,2437060 14 959.3 553.9 938.6 550.1 0.57 60
SFIX R,2437062.0,
EFIX R,2437062.0,2437200 140 938.3 555.4 1024
SSACC R,2437202.0,
ESACC R,2437202.0,2437212 12 945.7 557.2 969.1 557.8 0.63 67
SFIX R,2437214.0,
EFIX R,2437214.0,2437284 72 962.4 571.1 1013
SSACC R,2437286.0,
SBLINK R,2437324.0,
EBLINK R,2437324.0,2437498 176
ESACC R,2437286.0,2437592 308 954.8 586.3 965.5 534.3 1.44 542
SFIX R,2437594.0,
EFIX R,2437594.0,2438736 1144 956.1 571.5 925
SSACC R,2438738.0,
ESACC R,2438738.0,2438744 8 951.9 584.6 951.0 570.4 0.39 64
SFIX R,2438746.0,
EFIX R,2438746.0,2440004 1260 961.2 556.7 953
SSACC R,2440006.0,
SBLINK R,2440048.0,
EBLINK R,2440048.0,2440222 176
ESACC R,2440006.0,2440300 296 927.3 568.6 990.7 555.1 1.76 617
SFIX R,2440302.0,
EFIX R,2440302.0,2441114 814 966.2 552.8 813
SSACC R,2441116.0,
ESACC R,2441116.0,2441126 12 965.6 567.7 950.1 557.9 0.50 48
SFIX R,2441128.0,
EFIX R,2441128.0,2441258 132 945.8 558.6 770
SSACC R,2441260.0,
ESACC R,2441260.0,2441266 8 945.8 561.2 956.3 561.9 0.29 53
SFIX R,2441268.0,
EFIX R,2441268.0,2441708 442 964.2 569.8 808
SSACC R,2441710.0,
ESACC R,2441710.0,2441724 16 962.9 572.0 943.5 560.4 0.61 58
SFIX R,2441726.0,
EFIX R,2441726.0,2442338 614 959.5 571.1 880
SSACC R,2442340.0,
ESACC R,2442340.0,2442360 22 961.2 569.5 950.7 538.1 0.90 72
SFIX R,2442362.0,
EFIX R,2442362.0,2442544 184 954.0 554.7 903
SSACC R,2442546.0,
SBLINK R,2442568.0,
EBLINK R,2442568.0,2442738 172
ESACC R,2442546.0,2442786 242 939.9 584.7 963.9 505.5 2.24 547
SFIX R,2442788.0,
EFIX R,2442788.0,2443910 1124 949.4 553.0 850
SSACC R,2443912.0,
ESACC R,2443912.0,2443916 6 950.9 566.2 954.6 557.4 0.26 73
SFIX R,2443918.0,
EFIX R,2443918.0,2444086 170 956.0 558.2 919
SSACC R,2444088.0,
SBLINK R,2444098.0,
EBLINK R,2444098.0,2444114 18
ESACC R,2444088.0,2444122 36 950.9 566.2 954.6 557.4 0.26 0
SFIX R,2444124.0,
EFIX R,2444124.0,2444296 174 959.6 564.5 982
SSACC R,2444298.0,
SBLINK R,2444308.0,
EBLINK R,2444308.0,2444316 10
ESACC R,2444298.0,2444324 28 950.9 566.2 954.6 557.4 0.26 0
SFIX R,2444326.0,
EFIX R,2444326.0,2445480 1156 975.5 567.7 1042
SSACC R,2445482.0,
SBLINK R,2445504.0,
EBLINK R,2445504.0,2445652 150
ESACC R,2445482.0,2445700 220 945.8 620.1 981.3 544.2 2.27 948
SFIX R,2445702.0,
EFIX R,2445702.0,2447618 1918 962.1 562.8 932
SSACC R,2447620.0,
ESACC R,2447620.0,2447634 16 977.3 564.3 960.9 545.5 0.68 55
SFIX R,2447636.0,
EFIX R,2447636.0,2448462 828 959.1 555.5 1020
SSACC R,2448464.0,
SBLINK R,2448516.0,
EBLINK R,2448516.0,2448650 136
ESACC R,2448464.0,2448722 260 946.5 563.7 987.4 533.9 1.37 700
SFIX R,2448724.0,
EFIX R,2448724.0,2448892 170 984.6 567.8 1002
SSACC R,2448894.0,
ESACC R,2448894.0,2448912 20 971.4 567.2 951.5 544.7 0.81 56
SFIX R,2448914.0,
EFIX R,2448914.0,2449188 276 951.8 566.5 1000
SSACC R,2449190.0,
ESACC R,2449190.0,2449196 8 958.0 575.8 960.3 566.2 0.27 64
SFIX R,2449198.0,
EFIX R,2449198.0,2451132 1936 959.3 564.1 833
SSACC R,2451134.0,
ESACC R,2451134.0,2451148 16 966.6 574.4 963.6 560.3 0.39 58
SFIX R,2451150.0,
EFIX R,2451150.0,2451602 454 966.3 562.0 883
SSACC R,2451604.0,
SBLINK R,2451642.0,
EBLINK R,2451642.0,2451782 142
ESACC R,2451604.0,2451814 212 958.5 578.7 967.8 502.8 2.07 626
SFIX R,2451816.0,
EFIX R,2451816.0,2452250 436 958.8 556.2 892
SSACC R,2452252.0,
ESACC R,2452252.0,2452264 14 958.5 569.5 983.1 567.7 0.67 70
SFIX R,2452266.0,
EFIX R,2452266.0,2452490 226 981.8 573.5 867
SSACC R,2452492.0,
ESACC R,2452492.0,2452504 14 973.5 573.7 944.8 569.0 0.79 78
SFIX R,2452506.0,
EFIX R,2452506.0,2452948 444 954.1 575.5 825
SSACC R,2452950.0,
ESACC R,2452950.0,2452962 14 965.9 578.3 949.6 564.9 0.57 52
SFIX R,2452964.0,
EFIX R,2452964.0,2453122 160 950.2 570.0 798
SSACC R,2453124.0,
ESACC R,2453124.0,2453130 8 955.7 570.7 969.2 576.8 0.40 55
SFIX R,2453132.0,
EFIX R,2453132.0,2453418 288 968.8 577.9 779
SSACC R,2453420.0,
ESACC R,2453420.0,2453430 12 959.2 569.7 938.2 566.2 0.58 58
SFIX R,2453432.0,
EFIX R,2453432.0,2453536 106 931.2 563.4 778
SSACC R,2453538.0,
ESACC R,2453538.0,2453552 16 928.9 561.8 963.6 567.1 0.95 69
SFIX R,2453554.0,
EFIX R,2453554.0,2454426 874 964.1 566.2 809
SSACC R,2454428.0,
SBLINK R,2454476.0,
EBLINK R,2454476.0,2454644 170
ESACC R,2454428.0,2454714 288 961.4 601.5 993.0 535.7 1.98 818
SFIX R,2454716.0,
EFIX R,2454716.0,2454966 252 984.5 560.1 794
SSACC R,2454968.0,
ESACC R,2454968.0,2454974 8 979.6 554.4 963.8 554.2 0.43 64
SFIX R,2454976.0,
EFIX R,2454976.0,2455536 562 956.5 563.3 812
SSACC R,2455538.0,
ESACC R,2455538.0,2455544 8 954.4 575.4 947.9 558.3 0.50 77
SFIX R,2455546.0,
EFIX R,2455546.0,2456254 710 948.9 568.1 775
SSACC R,2456256.0,
ESACC R,2456256.0,2456260 6 944.8 576.9 944.6 579.4 0.07 50
SFIX R,2456262.0,
EFIX R,2456262.0,2456964 704 938.7 569.8 825
SSACC R,2456966.0,
SBLINK R,2456990.0,
EBLINK R,2456990.0,2457152 164
ESACC R,2456966.0,2457240 276 916.1 589.5 968.0 520.6 2.34 743
SFIX R,2457242.0,
EFIX R,2457242.0,2457846 606 943.8 535.7 947
SSACC R,2457848.0,
ESACC R,2457848.0,2457862 16 947.4 533.1 975.1 536.6 0.76 63
SFIX R,2457864.0,
EFIX R,2457864.0,2457980 118 972.6 542.5 900
SSACC R,2457982.0,
ESACC R,2457982.0,2457992 12 966.9 546.9 948.3 545.7 0.51 57
SFIX R,2457994.0,
EFIX R,2457994.0,2458340 348 940.4 553.1 877
SSACC R,2458342.0,
ESACC R,2458342.0,2458356 16 944.5 564.4 942.7 544.1 0.55 79
SFIX R,2458358.0,
EFIX R,2458358.0,2458616 260 950.8 555.5 919
SSACC R,2458618.0,
ESACC R,2458618.0,2458632 16 956.8 564.1 951.5 539.9 0.67 77
SFIX R,2458634.0,
EFIX R,2458634.0,2459310 678 950.7 554.2 980
SSACC R,2459312.0,
ESACC R,2459312.0,2459326 16 960.2 558.3 981.2 535.6 0.84 79
SFIX R,2459328.0,
EFIX R,2459328.0,2459438 112 981.9 540.2 1024
SSACC R,2459440.0,
SBLINK R,2459486.0,
EBLINK R,2459486.0,2459644 160
ESACC R,2459440.0,2459678 240 972.6 551.0 980.6 504.9 1.27 748
SFIX R,2459680.0,
EFIX R,2459680.0,2460422 744 957.0 542.7 925
SSACC R,2460424.0,
ESACC R,2460424.0,2460452 30 941.0 552.4 951.1 535.1 0.54 68
SFIX R,2460454.0,
EFIX R,2460454.0,2461650 1198 945.3 557.8 860
SSACC R,2461652.0,
ESACC R,2461652.0,2461664 14 935.5 579.6 954.0 566.4 0.62 59
SFIX R,2461666.0,
EFIX R,2461666.0,2461932 268 957.9 570.5 887
SSACC R,2461934.0,
ESACC R,2461934.0,2461940 8 957.6 577.5 946.5 569.8 0.37 56
SFIX R,2461942.0,
EFIX R,2461942.0,2462326 386 937.6 572.6 911
SSACC R,2462328.0,
ESACC R,2462328.0,2462336 10 934.5 590.5 951.4 574.1 0.64 74
SFIX R,2462338.0,
EFIX R,2462338.0,2462492 156 954.0 583.6 948
SSACC R,2462494.0,
SBLINK R,2462536.0,
EBLINK R,2462536.0,2462658 124
ESACC R,2462494.0,2462700 208 948.4 595.4 976.7 533.8 1.84 576
SFIX R,2462702.0,
EFIX R,2462702.0,2464014 1314 952.4 580.8 899
SSACC R,2464016.0,
ESACC R,2464016.0,2464020 6 943.7 600.0 949.0 591.2 0.28 53
SFIX R,2464022.0,
EFIX R,2464022.0,2464326 306 956.3 595.3 869
SSACC R,2464328.0,
ESACC R,2464328.0,2464338 12 955.4 600.7 937.7 589.6 0.57 62
SFIX R,2464340.0,
EFIX R,2464340.0,2464506 168 926.8 586.6 849
SSACC R,2464508.0,
ESACC R,2464508.0,2464522 16 921.0 588.3 951.0 593.6 0.83 76
SFIX R,2464524.0,
EFIX R,2464524.0,2464828 306 946.0 592.2 841
SSACC R,2464830.0,
ESACC R,2464830.0,2464848 20 939.0 582.4 925.0 565.8 0.59 54
SFIX R,2464850.0,
EFIX R,2464850.0,2465128 280 926.6 578.1 871
SSACC R,2465130.0,
ESACC R,2465130.0,2465148 20 926.6 579.4 959.3 562.2 1.00 78
SFIX R,2465150.0,
EFIX R,2465150.0,2465536 388 944.0 572.3 874
SSACC R,2465538.0,
SBLINK R,2465562.0,
EBLINK R,2465562.0,2465712 152
ESACC R,2465538.0,2465786 250 914.0 592.7 974.8 538.2 2.21 596
SFIX R,2465788.0,
EFIX R,2465788.0,2467096 1310 948.5 570.4 741
SSACC R,2467098.0,
ESACC R,2467098.0,2467102 6 935.5 595.6 939.7 584.2 0.33 53
SFIX R,2467104.0,
EFIX R,2467104.0,2467666 564 941.2 582.8 685
SSACC R,2467668.0,
ESACC R,2467668.0,2467694 28 939.0 586.6 939.4 536.8 1.35 82
SFIX R,2467696.0,
EFIX R,2467696.0,2468598 904 956.1 572.5 772
SSACC R,2468600.0,
ESACC R,2468600.0,2468610 12 945.0 584.3 930.7 569.6 0.56 56
SFIX R,2468612.0,
EFIX R,2468612.0,2468968 358 929.4 572.9 818
SSACC R,2468970.0,
ESACC R,2468970.0,2468982 14 928.8 575.4 942.3 561.5 0.53 68
SFIX R,2468984.0,
EFIX R,2468984.0,2469244 262 944.2 572.0 833
SSACC R,2469246.0,
SBLINK R,2469290.0,
EBLINK R,2469290.0,2469422 134
ESACC R,2469246.0,2469462 218 947.1 592.4 953.7 538.0 1.49 524
SFIX R,2469464.0,
EFIX R,2469464.0,2470010 548 937.6 569.3 810
SSACC R,2470012.0,
ESACC R,2470012.0,2470016 6 933.3 580.5 926.8 569.7 0.34 68
SFIX R,2470018.0,
EFIX R,2470018.0,2470644 628 942.7 561.9 815
SSACC R,2470646.0,
ESACC R,2470646.0,2470656 12 956.4 560.4 941.1 556.3 0.43 56
SFIX R,2470658.0,
EFIX R,2470658.0,2471552 896 944.3 565.9 869
SSACC R,2471554.0,
SBLINK R,2471600.0,
EBLINK R,2471600.0,2471726 128
ESACC R,2471554.0,2471754 202 935.3 578.3 956.1 522.8 1.61 346
SFIX R,2471756.0,
EFIX R,2471756.0,2472284 530 949.3 565.0 917
SSACC R,2472286.0,
ESACC R,2472286.0,2472296 12 955.3 571.4 962.5 558.5 0.40 55
SFIX R,2472298.0,
EFIX R,2472298.0,2474260 1964 948.9 579.1 930
SSACC R,2474262.0,
SBLINK R,2474316.0,
EBLINK R,2474316.0,2474460 146
ESACC R,2474262.0,2474486 226 950.3 596.5 996.1 513.3 2.57 514
SFIX R,2474488.0,
EFIX R,2474488.0,2474744 258 983.2 574.5 1005
SSACC R,2474746.0,
ESACC R,2474746.0,2474752 8 974.7 577.5 961.0 564.6 0.51 70
SFIX R,2474754.0,
EFIX R,2474754.0,2477008 2256 958.8 568.7 935
SSACC R,2477010.0,
ESACC R,2477010.0,2477024 16 959.6 590.1 985.1 571.0 0.86 72
SFIX R,2477026.0,
EFIX R,2477026.0,2477212 188 986.0 576.7 922
SSACC R,2477214.0,
ESACC R,2477214.0,2477224 12 980.1 585.4 961.7 584.5 0.50 61
SFIX R,2477226.0,
EFIX R,2477226.0,2477356 132 957.7 586.1 898
SSACC R,2477358.0,
SBLINK R,2477390.0,
EBLINK R,2477390.0,2477608 220
ESACC R,2477358.0,2477670 314 959.0 595.8 1004.0 524.7 2.28 677
SFIX R,2477672.0,
EFIX R,2477672.0,2478702 1032 967.7 554.4 783
SSACC R,2478704.0,
ESACC R,2478704.0,2478710 8 967.2 579.5 963.7 566.5 0.36 58
SFIX R,2478712.0,
EFIX R,2478712.0,2478998 288 964.1 565.3 853
SSACC R,2479000.0,
ESACC R,2479000.0,2479010 12 966.2 560.7 979.1 547.5 0.50 56
SFIX R,2479012.0,
EFIX R,2479012.0,2479240 230 980.1 553.2 907
SSACC R,2479242.0,
ESACC R,2479242.0,2479246 6 972.7 555.8 967.8 553.9 0.14 48
SFIX R,2479248.0,
EFIX R,2479248.0,2479352 106 955.4 558.3 930
SSACC R,2479354.0,
SBLINK R,2479386.0,
EBLINK R,2479386.0,2479584 200
ESACC R,2479354.0,2479650 298 947.7 579.2 991.5 520.5 1.98 480
SFIX R,2479652.0,
EFIX R,2479652.0,2479820 170 976.6 544.8 918
SSACC R,2479822.0,
ESACC R,2479822.0,2479834 14 967.4 551.1 989.5 559.9 0.64 74
SFIX R,2479836.0,
EFIX R,2479836.0,2480036 202 994.2 549.1 923
SSACC R,2480038.0,
ESACC R,2480038.0,2480044 8 984.2 546.1 970.6 544.2 0.37 67
SFIX R,2480046.0,
EFIX R,2480046.0,2480990 946 971.4 550.5 908
SSACC R,2480992.0,
ESACC R,2480992.0,2481010 20 978.7 556.6 959.5 525.7 0.99 86
SFIX R,2481012.0,
EFIX R,2481012.0,2481288 278 967.8 549.1 969
SSACC R,2481290.0,
ESACC R,2481290.0,2481302 14 977.9 548.1 986.0 529.8 0.54 58
SFIX R,2481304.0,
EFIX R,2481304.0,2481514 212 989.3 536.3 995
SSACC R,2481516.0,
ESACC R,2481516.0,2481520 6 977.7 541.0 971.1 539.7 0.18 48
SFIX R,2481522.0,
EFIX R,2481522.0,2481666 146 963.7 543.2 996
SSACC R,2481668.0,
ESACC R,2481668.0,2481690 24 960.7 544.6 1000.4 555.4 1.11 76
SFIX R,2481692.0,
EFIX R,2481692.0,2482038 348 981.1 564.8 983
SSACC R,2482040.0,
ESACC R,2482040.0,2482044 6 970.1 574.3 966.5 562.7 0.33 54
SFIX R,2482046.0,
EFIX R,2482046.0,2482574 530 961.5 568.7 937
SSACC R,2482576.0,
SBLINK R,2482628.0,
EBLINK R,2482628.0,2482762 136
ESACC R,2482576.0,2482810 236 947.2 581.3 979.5 531.6 1.61 454
SFIX R,2482812.0,
EFIX R,2482812.0,2483020 210 962.8 568.0 929
SSACC R,2483022.0,
ESACC R,2483022.0,2483036 16 958.7 578.7 979.3 557.0 0.81 91
SFIX R,2483038.0,
EFIX R,2483038.0,2483290 254 972.6 563.0 940
SSACC R,2483292.0,
ESACC R,2483292.0,2483302 12 968.3 563.1 952.5 544.5 0.66 62
SFIX R,2483304.0,
EFIX R,2483304.0,2484412 1110 958.5 559.6 986
SSACC R,2484414.0,
ESACC R,2484414.0,2484428 16 961.3 572.9 964.6 547.9 0.68 60
SFIX R,2484430.0,
EFIX R,2484430.0,2484866 438 970.1 567.1 1044
SSACC R,2484868.0,
SBLINK R,2484912.0,
EBLINK R,2484912.0,2485046 136
ESACC R,2484868.0,2485092 226 965.0 589.4 980.6 531.1 1.64 1029
SFIX R,2485094.0,
EFIX R,2485094.0,2485536 444 989.0 574.4 996
SSACC R,2485538.0,
ESACC R,2485538.0,2485550 14 984.4 574.1 978.4 548.0 0.73 59
SFIX R,2485552.0,
EFIX R,2485552.0,2486176 626 970.8 571.3 931
SSACC R,2486178.0,
ESACC R,2486178.0,2486192 16 967.7 572.4 971.6 549.5 0.63 62
SFIX R,2486194.0,
EFIX R,2486194.0,2487332 1140 970.3 581.3 950
SSACC R,2487334.0,
SBLINK R,2487376.0,
EBLINK R,2487376.0,2487578 204
ESACC R,2487334.0,2487638 306 965.8 597.1 1006.6 550.9 1.67 464
SFIX R,2487640.0,
EFIX R,2487640.0,2488482 844 977.2 577.8 807
SSACC R,2488484.0,
ESACC R,2488484.0,2488490 8 967.1 583.7 956.7 571.0 0.44 57
SFIX R,2488492.0,
EFIX R,2488492.0,2488970 480 944.6 574.7 743
SSACC R,2488972.0,
ESACC R,2488972.0,2488980 10 950.1 575.8 973.9 578.5 0.65 78
SFIX R,2488982.0,
EFIX R,2488982.0,2489078 98 980.0 581.1 756
SSACC R,2489080.0,
ESACC R,2489080.0,2489094 16 975.9 585.1 945.8 576.9 0.85 72
SFIX R,2489096.0,
EFIX R,2489096.0,2489172 78 943.5 576.7 751
SSACC R,2489174.0,
ESACC R,2489174.0,2489186 14 945.7 576.2 974.9 579.8 0.80 72
SFIX R,2489188.0,
EFIX R,2489188.0,2490020 834 965.8 582.1 794
SSACC R,2490022.0,
ESACC R,2490022.0,2490034 14 964.7 584.7 951.3 563.0 0.69 68
SFIX R,2490036.0,
EFIX R,2490036.0,2490774 740 950.0 583.4 880
SSACC R,2490776.0,
SBLINK R,2490800.0,
EBLINK R,2490800.0,2490978 180
ESACC R,2490776.0,2491020 246 927.6 633.0 998.2 535.8 3.26 595
SFIX R,2491022.0,
EFIX R,2491022.0,2492038 1018 960.0 576.8 779
SSACC R,2492040.0,
ESACC R,2492040.0,2492050 12 946.4 583.4 967.3 578.0 0.58 70
SFIX R,2492052.0,
EFIX R,2492052.0,2492524 474 961.6 588.1 777
SSACC R,2492526.0,
ESACC R,2492526.0,2492532 8 952.1 591.8 947.8 579.4 0.36 46
SFIX R,2492534.0,
EFIX R,2492534.0,2494614 2082 959.4 578.2 850
SSACC R,2494616.0,
SBLINK R,2494658.0,
EBLINK R,2494658.0,2494860 204
ESACC R,2494616.0,2494938 324 948.2 586.0 982.5 533.0 1.71 540
SFIX R,2494940.0,
EFIX R,2494940.0,2495304 366 959.1 535.3 762
SSACC R,2495306.0,
ESACC R,2495306.0,2495312 8 958.4 548.5 968.8 559.5 0.41 52
SFIX R,2495314.0,
EFIX R,2495314.0,2495848 536 963.2 567.2 678
SSACC R,2495850.0,
ESACC R,2495850.0,2495854 6 954.5 561.1 946.0 563.4 0.24 48
SFIX R,2495856.0,
EFIX R,2495856.0,2497424 1570 948.1 571.5 718
SSACC R,2497426.0,
ESACC R,2497426.0,2497436 12 961.7 580.3 963.2 567.6 0.35 51
SFIX R,2497438.0,
EFIX R,2497438.0,2498254 818 954.5 577.8 843
SSACC R,2498256.0,
SBLINK R,2498276.0,
EBLINK R,2498276.0,2498406 132
ESACC R,2498256.0,2498462 208 916.8 615.4 964.0 546.2 2.27 560
SFIX R,2498464.0,
EFIX R,2498464.0,2499776 1314 961.1 565.2 886
SSACC R,2499778.0,
ESACC R,2499778.0,2499790 14 973.8 568.5 950.6 560.4 0.67 54
SFIX R,2499792.0,
EFIX R,2499792.0,2499872 82 946.6 557.5 875
SSACC R,2499874.0,
ESACC R,2499874.0,2499892 20 946.3 551.7 993.4 554.0 1.28 98
SFIX R,2499894.0,
EFIX R,2499894.0,2500102 210 985.2 558.7 859
SSACC R,2500104.0,
ESACC R,2500104.0,2500110 8 980.3 560.6 968.3 559.3 0.33 50
SFIX R,2500112.0,
EFIX R,2500112.0,2500750 640 976.9 564.3 849
SSACC R,2500752.0,
SBLINK R,2500812.0,
EBLINK R,2500812.0,2500966 156
ESACC R,2500752.0,2501006 256 987.7 582.2 976.6 487.5 2.58 2234
SFIX R,2501008.0,
EFIX R,2501008.0,2502882 1876 967.1 552.9 793
SSACC R,2502884.0,
ESACC R,2502884.0,2502888 6 958.8 578.2 955.3 570.0 0.24 50
SFIX R,2502890.0,
EFIX R,2502890.0,2503220 332 953.9 580.8 778
SSACC R,2503222.0,
SBLINK R,2503250.0,
EBLINK R,2503250.0,2503500 252
ESACC R,2503222.0,2503610 390 942.9 591.7 972.7 499.8 2.62 742
SFIX R,2503612.0,
EFIX R,2503612.0,2504066 456 968.1 532.6 739
SSACC R,2504068.0,
ESACC R,2504068.0,2504074 8 971.4 543.1 962.0 537.6 0.30 41
SFIX R,2504076.0,
EFIX R,2504076.0,2504174 100 956.4 550.3 740
SSACC R,2504176.0,
ESACC R,2504176.0,2504180 6 952.8 561.3 966.5 560.4 0.37 52
SFIX R,2504182.0,
EFIX R,2504182.0,2504356 176 969.6 564.0 747
SSACC R,2504358.0,
ESACC R,2504358.0,2504372 16 972.8 576.9 958.0 548.2 0.88 74
SFIX R,2504374.0,
EFIX R,2504374.0,2504648 276 955.7 556.8 761
SSACC R,2504650.0,
ESACC R,2504650.0,2504658 10 951.5 565.9 949.9 547.1 0.51 63
SFIX R,2504660.0,
EFIX R,2504660.0,2506072 1414 946.3 563.4 726
SSACC R,2506074.0,
ESACC R,2506074.0,2506086 14 952.5 580.5 937.2 561.9 0.65 61
SFIX R,2506088.0,
EFIX R,2506088.0,2506382 296 940.1 580.0 738
SSACC R,2506384.0,
ESACC R,2506384.0,2506392 10 945.7 584.4 948.6 564.4 0.55 68
SFIX R,2506394.0,
EFIX R,2506394.0,2506632 240 951.2 579.5 781
SSACC R,2506634.0,
ESACC R,2506634.0,2506640 8 950.9 590.6 943.5 582.0 0.31 64
SFIX R,2506642.0,
EFIX R,2506642.0,2506968 328 939.0 585.4 797
SSACC R,2506970.0,
SBLINK R,2507016.0,
EBLINK R,2507016.0,2507208 194
ESACC R,2506970.0,2507350 382 921.0 615.7 958.1 534.0 2.43 1891
SFIX R,2507352.0,
EFIX R,2507352.0,2507424 74 959.2 537.4 820
SSACC R,2507426.0,
ESACC R,2507426.0,2507434 10 964.8 534.0 968.4 545.0 0.31 51
SFIX R,2507436.0,
EFIX R,2507436.0,2508214 780 960.9 545.4 737
SSACC R,2508216.0,
ESACC R,2508216.0,2508226 12 962.3 545.7 971.1 559.8 0.45 48
SFIX R,2508228.0,
EFIX R,2508228.0,2508550 324 996.8 570.9 709
SSACC R,2508552.0,
SBLINK R,2508572.0,
EBLINK R,2508572.0,2508838 268
ESACC R,2508552.0,2508942 392 1016.4 597.0 944.7 509.9 3.06 748
SFIX R,2508944.0,
EFIX R,2508944.0,2509450 508 932.5 541.6 697
SSACC R,2509452.0,
ESACC R,2509452.0,2509456 6 926.4 552.1 934.5 547.3 0.26 63
SFIX R,2509458.0,
EFIX R,2509458.0,2509862 406 933.2 557.7 633
SSACC R,2509864.0,
ESACC R,2509864.0,2509880 18 932.7 571.5 925.3 533.6 1.05 120
SFIX R,2509882.0,
EFIX R,2509882.0,2510164 284 930.0 545.8 716
SSACC R,2510166.0,
ESACC R,2510166.0,2510180 16 938.9 550.9 966.0 523.8 1.04 93
SFIX R,2510182.0,
EFIX R,2510182.0,2511954 1774 942.6 552.7 795
SSACC R,2511956.0,
SBLINK R,2511990.0,
EBLINK R,2511990.0,2512208 220
ESACC R,2511956.0,2512288 334 903.2 581.8 901.4 437.1 3.92 2327
SFIX R,2512290.0,
EFIX R,2512290.0,2513388 1100 931.0 527.2 618
SSACC R,2513390.0,
ESACC R,2513390.0,2513398 10 929.2 570.3 922.8 553.3 0.49 63
SFIX R,2513400.0,
EFIX R,2513400.0,2513570 172 928.6 567.5 660
SSACC R,2513572.0,
ESACC R,2513572.0,2513584 14 930.0 573.8 928.3 546.2 0.75 70
SFIX R,2513586.0,
EFIX R,2513586.0,2513830 246 931.0 560.1 714
SSACC R,2513832.0,
ESACC R,2513832.0,2513842 12 934.8 564.7 925.2 536.8 0.80 89
SFIX R,2513844.0,
EFIX R,2513844.0,2514086 244 923.3 550.2 767
SSACC R,2514088.0,
ESACC R,2514088.0,2514100 14 920.7 558.8 949.5 560.4 0.78 73
SFIX R,2514102.0,
EFIX R,2514102.0,2514542 442 932.1 556.2 819
SSACC R,2514544.0,
ESACC R,2514544.0,2514554 12 918.7 559.1 941.4 558.9 0.62 64
SFIX R,2514556.0,
EFIX R,2514556.0,2514808 254 936.6 564.5 852
SSACC R,2514810.0,
ESACC R,2514810.0,2514822 14 941.0 563.3 928.0 551.1 0.48 47
SFIX R,2514824.0,
EFIX R,2514824.0,2517810 2988 958.1 543.9 650
SSACC R,2517812.0,
ESACC R,2517812.0,2517834 24 995.3 553.2 955.4 534.2 1.20 78
SFIX R,2517836.0,
EFIX R,2517836.0,2517928 94 941.9 563.4 626
SSACC R,2517930.0,
SBLINK R,2517954.0,
EBLINK R,2517954.0,2518178 226
ESACC R,2517930.0,2518352 424 910.1 589.7 962.5 505.7 2.68 789
SFIX R,2518354.0,
EFIX R,2518354.0,2519110 758 947.2 527.3 634
SSACC R,2519112.0,
ESACC R,2519112.0,2519124 14 921.6 579.7 939.7 553.8 0.86 91
SFIX R,2519126.0,
EFIX R,2519126.0,2519326 202 933.2 569.0 649
SSACC R,2519328.0,
ESACC R,2519328.0,2519342 16 928.1 580.3 924.0 551.2 0.80 68
SFIX R,2519344.0,
EFIX R,2519344.0,2520540 1198 938.2 557.8 798
SSACC R,2520542.0,
SBLINK R,2520570.0,
EBLINK R,2520570.0,2520774 206
ESACC R,2520542.0,2520836 296 917.1 592.8 995.1 507.5 3.13 576
SFIX R,2520838.0,
EFIX R,2520838.0,2521756 920 960.0 542.7 896
SSACC R,2521758.0,
ESACC R,2521758.0,2521770 14 939.3 559.5 941.2 535.6 0.65 59
SFIX R,2521772.0,
EFIX R,2521772.0,2522094 324 936.9 536.9 874
SSACC R,2522096.0,
ESACC R,2522096.0,2522108 14 941.3 529.6 973.1 500.0 1.18 104
SFIX R,2522110.0,
EFIX R,2522110.0,2522226 118 979.9 501.0 919
SSACC R,2522228.0,
ESACC R,2522228.0,2522240 14 980.0 498.5 953.9 510.3 0.78 68
SFIX R,2522242.0,
EFIX R,2522242.0,2522526 286 947.9 518.4 957
SSACC R,2522528.0,
ESACC R,2522528.0,2522538 12 944.8 523.0 927.6 518.8 0.48 56
SFIX R,2522540.0,
EFIX R,2522540.0,2524154 1616 943.1 524.4 904
SSACC R,2524156.0,
ESACC R,2524156.0,2524162 8 948.1 537.1 935.8 530.8 0.37 56
SFIX R,2524164.0,
EFIX R,2524164.0,2524478 316 950.3 538.0 821
SSACC R,2524480.0,
SBLINK R,2524534.0,
EBLINK R,2524534.0,2524892 360
ESACC R,2524480.0,2525070 592 955.7 551.1 996.7 468.9 2.49 2398
SFIX R,2525072.0,
EFIX R,2525072.0,2525382 312 983.1 481.2 659
SSACC R,2525384.0,
ESACC R,2525384.0,2525388 6 978.2 496.9 975.6 507.3 0.29 63
SFIX R,2525390.0,
EFIX R,2525390.0,2525670 282 962.7 519.5 570
SSACC R,2525672.0,
ESACC R,2525672.0,2525676 6 940.9 528.3 939.9 545.3 0.46 60
SFIX R,2525678.0,
EFIX R,2525678.0,2525748 72 934.5 549.3 569
SSACC R,2525750.0,
ESACC R,2525750.0,2525768 20 927.6 548.8 940.8 504.8 1.24 79
SFIX R,2525770.0,
EFIX R,2525770.0,2526214 446 936.1 545.5 624
SSACC R,2526216.0,
ESACC R,2526216.0,2526232 18 942.8 564.6 930.5 524.8 1.13 129
SFIX R,2526234.0,
EFIX R,2526234.0,2526444 212 932.2 548.8 705
SSACC R,2526446.0,
ESACC R,2526446.0,2526456 12 938.2 546.1 940.2 525.8 0.55 64
SFIX R,2526458.0,
EFIX R,2526458.0,2527188 732 943.4 527.6 823
SSACC R,2527190.0,
SBLINK R,2527234.0,
EBLINK R,2527234.0,2527430 198
ESACC R,2527190.0,2527500 312 947.6 541.1 992.2 518.0 1.36 965
SFIX R,2527502.0,
EFIX R,2527502.0,2527610 110 983.6 533.2 848
SSACC R,2527612.0,
ESACC R,2527612.0,2527628 18 978.8 539.0 948.5 513.8 1.07 107
SFIX R,2527630.0,
EFIX R,2527630.0,2527872 244 943.5 524.5 885
SSACC R,2527874.0,
ESACC R,2527874.0,2527884 12 947.4 527.8 965.8 514.8 0.61 71
SFIX R,2527886.0,
EFIX R,2527886.0,2529650 1766 954.3 535.2 872
SSACC R,2529652.0,
ESACC R,2529652.0,2529660 10 942.2 557.7 956.3 544.7 0.52 71
SFIX R,2529662.0,
EFIX R,2529662.0,2529776 116 960.8 553.4 916
SSACC R,2529778.0,
SBLINK R,2529804.0,
EBLINK R,2529804.0,2529976 174
ESACC R,2529778.0,2529996 220 944.6 575.1 960.6 523.2 1.47 902
SFIX R,2529998.0,
EFIX R,2529998.0,2530024 28 960.9 503.4 884
SSACC R,2530026.0,
ESACC R,2530026.0,2530052 28 966.7 489.7 953.2 529.7 1.14 80
SFIX R,2530054.0,
EFIX R,2530054.0,2530728 676 942.9 558.9 854
SSACC R,2530730.0,
ESACC R,2530730.0,2530744 16 948.3 571.5 973.1 550.6 0.88 72
SFIX R,2530746.0,
EFIX R,2530746.0,2530958 214 968.7 553.7 841
SSACC R,2530960.0,
ESACC R,2530960.0,2530966 8 961.4 557.9 956.0 547.3 0.32 56
SFIX R,2530968.0,
EFIX R,2530968.0,2531340 374 948.7 554.9 855
SSACC R,2531342.0,
ESACC R,2531342.0,2531346 6 954.7 548.9 947.6 538.3 0.35 48
SFIX R,2531348.0,
EFIX R,2531348.0,2532842 1496 952.1 559.2 904
SSACC R,2532844.0,
SBLINK R,2532884.0,
EBLINK R,2532884.0,2533124 242
ESACC R,2532844.0,2533164 322 916.7 590.0 1003.3 503.9 3.31 423
SFIX R,2533166.0,
EFIX R,2533166.0,2533864 700 977.3 526.4 856
SSACC R,2533866.0,
ESACC R,2533866.0,2533880 16 959.5 563.1 940.1 543.9 0.74 70
SFIX R,2533882.0,
EFIX R,2533882.0,2534174 294 944.4 559.4 855
SSACC R,2534176.0,
ESACC R,2534176.0,2534192 18 944.9 566.6 967.6 534.1 1.07 79
SFIX R,2534194.0,
EFIX R,2534194.0,2534454 262 970.2 549.7 891
SSACC R,2534456.0,
ESACC R,2534456.0,2534464 10 974.0 552.4 961.2 538.9 0.50 62
SFIX R,2534466.0,
EFIX R,2534466.0,2534782 318 959.8 548.5 964
SSACC R,2534784.0,
ESACC R,2534784.0,2534790 8 962.7 555.8 975.6 548.4 0.40 60
SFIX R,2534792.0,
EFIX R,2534792.0,2535016 226 981.9 549.5 993
SSACC R,2535018.0,
ESACC R,2535018.0,2535030 14 977.1 547.6 955.8 548.3 0.58 67
SFIX R,2535032.0,
EFIX R,2535032.0,2535150 120 948.1 547.1 997
SSACC R,2535152.0,
ESACC R,2535152.0,2535160 10 953.1 545.5 969.5 546.7 0.45 59
SFIX R,2535162.0,
EFIX R,2535162.0,2535322 162 975.9 554.3 990
SSACC R,2535324.0,
SBLINK R,2535356.0,
EBLINK R,2535356.0,2535584 230
ESACC R,2535324.0,2535690 368 951.3 565.7 1002.9 472.7 2.88 552
SFIX R,2535692.0,
EFIX R,2535692.0,2537130 1440 968.5 529.2 814
SSACC R,2537132.0,
SBLINK R,2537156.0,
EBLINK R,2537156.0,2537394 240
ESACC R,2537132.0,2537478 348 934.6 579.9 987.3 473.9 3.21 1018
SFIX R,2537480.0,
EFIX R,2537480.0,2538198 720 967.9 530.9 843
SSACC R,2538200.0,
ESACC R,2538200.0,2538216 18 967.8 560.8 953.5 519.9 1.17 107
SFIX R,2538218.0,
EFIX R,2538218.0,2539388 1172 961.2 533.7 906
SSACC R,2539390.0,
ESACC R,2539390.0,2539398 10 945.7 544.5 937.3 528.0 0.50 64
SFIX R,2539400.0,
EFIX R,2539400.0,2539584 186 926.5 536.6 949
SSACC R,2539586.0,
SBLINK R,2539604.0,
EBLINK R,2539604.0,2539752 150
ESACC R,2539586.0,2539782 198 905.5 576.7 943.2 506.3 2.16 379
SFIX R,2539784.0,
EFIX R,2539784.0,2539924 142 935.9 542.1 931
SSACC R,2539926.0,
ESACC R,2539926.0,2539938 14 937.3 545.0 961.4 537.4 0.68 85
SFIX R,2539940.0,
EFIX R,2539940.0,2540216 278 963.1 541.0 915
SSACC R,2540218.0,
ESACC R,2540218.0,2540224 8 960.2 542.1 956.5 531.7 0.30 54
SFIX R,2540226.0,
EFIX R,2540226.0,2540562 338 952.2 536.1 884
SSACC R,2540564.0,
ESACC R,2540564.0,2540568 6 956.5 541.9 964.5 535.8 0.27 50
SFIX R,2540570.0,
EFIX R,2540570.0,2541906 1338 954.0 546.4 838
SSACC R,2541908.0,
SBLINK R,2541946.0,
EBLINK R,2541946.0,2542160 216
ESACC R,2541908.0,2542194 288 940.3 569.2 1014.4 479.5 3.15 549
SFIX R,2542196.0,
EFIX R,2542196.0,2542736 542 991.0 542.2 870
SSACC R,2542738.0,
ESACC R,2542738.0,2542742 6 980.6 551.9 975.2 544.7 0.24 56
SFIX R,2542744.0,
EFIX R,2542744.0,2542950 208 968.2 559.4 874
SSACC R,2542952.0,
ESACC R,2542952.0,2542966 16 971.4 570.1 982.3 536.2 0.97 93
SFIX R,2542968.0,
EFIX R,2542968.0,2543228 262 979.6 542.3 869
SSACC R,2543230.0,
ESACC R,2543230.0,2543244 16 980.1 542.1 967.8 510.8 0.91 83
SFIX R,2543246.0,
EFIX R,2543246.0,2543566 322 970.4 518.3 930
SSACC R,2543568.0,
ESACC R,2543568.0,2543580 14 982.1 517.5 1007.0 516.9 0.67 71
SFIX R,2543582.0,
EFIX R,2543582.0,2544156 576 1002.4 517.3 1001
SSACC R,2544158.0,
ESACC R,2544158.0,2544168 12 1002.4 535.7 987.2 525.3 0.50 70
SFIX R,2544170.0,
EFIX R,2544170.0,2544804 636 975.5 533.5 1002
SSACC R,2544806.0,
SBLINK R,2544844.0,
EBLINK R,2544844.0,2545022 180
ESACC R,2544806.0,2545106 302 963.1 563.3 963.4 491.9 1.93 533
SFIX R,2545108.0,
EFIX R,2545108.0,2545938 832 969.5 530.6 903
SSACC R,2545940.0,
ESACC R,2545940.0,2545952 14 969.3 542.0 969.3 518.1 0.65 93
SFIX R,2545954.0,
EFIX R,2545954.0,2547300 1348 954.4 541.8 875
SSACC R,2547302.0,
ESACC R,2547302.0,2547310 10 944.2 550.2 955.3 535.0 0.51 61
SFIX R,2547312.0,
EFIX R,2547312.0,2547604 294 957.1 535.1 918
SSACC R,2547606.0,
ESACC R,2547606.0,2547618 14 958.1 539.1 942.0 520.3 0.67 63
SFIX R,2547620.0,
EFIX R,2547620.0,2547730 112 949.0 520.1 926
SSACC R,2547732.0,
ESACC R,2547732.0,2547740 10 954.0 519.7 968.2 524.8 0.41 57
SFIX R,2547742.0,
EFIX R,2547742.0,2548278 538 965.5 528.6 933
SSACC R,2548280.0,
SBLINK R,2548308.0,
EBLINK R,2548308.0,2548476 170
ESACC R,2548280.0,2548510 232 921.1 557.7 986.5 478.4 2.79 716
SFIX R,2548512.0,
EFIX R,2548512.0,2549254 744 968.3 541.3 896
SSACC R,2549256.0,
ESACC R,2549256.0,2549266 12 964.9 548.6 961.6 526.0 0.62 69
SFIX R,2549268.0,
EFIX R,2549268.0,2550042 776 958.4 531.4 945
SSACC R,2550044.0,
ESACC R,2550044.0,2550054 12 973.1 537.5 996.1 529.0 0.66 73
SFIX R,2550056.0,
EFIX R,2550056.0,2550178 124 994.4 533.9 991
SSACC R,2550180.0,
ESACC R,2550180.0,2550194 16 989.1 537.3 957.5 526.2 0.91 80
SFIX R,2550196.0,
EFIX R,2550196.0,2551082 888 958.7 537.8 953
SSACC R,2551084.0,
SBLINK R,2551122.0,
EBLINK R,2551122.0,2551300 180
ESACC R,2551084.0,2551340 258 957.9 557.3 988.3 506.3 1.61 655
SFIX R,2551342.0,
EFIX R,2551342.0,2552086 746 978.6 526.7 889
SSACC R,2552088.0,
ESACC R,2552088.0,2552094 8 967.1 565.7 979.9 560.0 0.38 60
SFIX R,2552096.0,
EFIX R,2552096.0,2552622 528 974.9 548.9 802
SSACC R,2552624.0,
ESACC R,2552624.0,2552630 8 981.8 546.3 990.2 532.8 0.43 55
SFIX R,2552632.0,
EFIX R,2552632.0,2553608 978 976.2 551.9 855
SSACC R,2553610.0,
ESACC R,2553610.0,2553614 6 969.1 570.6 968.2 559.5 0.30 53
SFIX R,2553616.0,
EFIX R,2553616.0,2553860 246 967.1 560.3 850
SSACC R,2553862.0,
ESACC R,2553862.0,2553874 14 963.1 564.1 939.6 548.6 0.76 70
SFIX R,2553876.0,
EFIX R,2553876.0,2553982 108 941.2 548.4 867
SSACC R,2553984.0,
ESACC R,2553984.0,2553998 16 940.6 554.5 967.3 545.8 0.76 80
SFIX R,2554000.0,
EFIX R,2554000.0,2554470 472 965.3 554.8 898
SSACC R,2554472.0,
ESACC R,2554472.0,2554482 12 967.6 564.1 957.3 549.3 0.49 51
SFIX R,2554484.0,
EFIX R,2554484.0,2554720 238 957.1 557.3 933
SSACC R,2554722.0,
SBLINK R,2554746.0,
EBLINK R,2554746.0,2554898 154
ESACC R,2554722.0,2554918 198 935.3 593.1 990.0 535.3 2.16 292
SFIX R,2554920.0,
EFIX R,2554920.0,2555656 738 969.7 553.4 883
SSACC R,2555658.0,
ESACC R,2555658.0,2555668 12 951.5 563.5 950.7 543.9 0.53 55
SFIX R,2555670.0,
EFIX R,2555670.0,2556266 598 950.3 546.1 870
SSACC R,2556268.0,
ESACC R,2556268.0,2556280 14 945.1 546.6 942.8 526.4 0.55 64
SFIX R,2556282.0,
EFIX R,2556282.0,2556906 626 934.4 546.9 932
SSACC R,2556908.0,
ESACC R,2556908.0,2556922 16 941.0 547.5 972.9 548.0 0.86 77
SFIX R,2556924.0,
EFIX R,2556924.0,2557070 148 968.9 548.1 934
SSACC R,2557072.0,
ESACC R,2557072.0,2557080 10 963.7 544.1 950.1 544.0 0.37 60
SFIX R,2557082.0,
EFIX R,2557082.0,2557620 540 944.6 548.9 910
SSACC R,2557622.0,
SBLINK R,2557660.0,
EBLINK R,2557660.0,2557788 130
ESACC R,2557622.0,2557834 214 932.9 562.7 948.4 532.3 0.92 361
SFIX R,2557836.0,
EFIX R,2557836.0,2558088 254 943.2 556.6 925
SSACC R,2558090.0,
ESACC R,2558090.0,2558098 10 942.9 558.8 956.4 547.6 0.48 57
SFIX R,2558100.0,
EFIX R,2558100.0,2558646 548 955.7 563.2 941
SSACC R,2558648.0,
ESACC R,2558648.0,2558656 10 961.6 564.7 954.8 553.4 0.36 53
SFIX R,2558658.0,
EFIX R,2558658.0,2559354 698 955.4 561.6 955
SSACC R,2559356.0,
ESACC R,2559356.0,2559368 14 962.9 566.2 968.6 536.8 0.81 74
SFIX R,2559370.0,
EFIX R,2559370.0,2559944 576 972.8 548.0 1015
SSACC R,2559946.0,
SBLINK R,2559990.0,
EBLINK R,2559990.0,2560094 106
ESACC R,2559946.0,2560126 182 964.7 570.4 951.2 510.4 1.67 820
SFIX R,2560128.0,
EFIX R,2560128.0,2560362 236 943.2 552.4 1038
SSACC R,2560364.0,
ESACC R,2560364.0,2560372 10 954.0 562.0 965.3 542.9 0.60 72
SFIX R,2560374.0,
EFIX R,2560374.0,2561424 1052 969.2 558.2 957
SSACC R,2561426.0,
ESACC R,2561426.0,2561442 18 963.6 575.1 955.9 551.3 0.68 52
SFIX R,2561444.0,
EFIX R,2561444.0,2562270 828 952.0 567.7 1000
SSACC R,2562272.0,
ESACC R,2562272.0,2562286 16 944.3 569.7 949.2 543.7 0.72 68
SFIX R,2562288.0,
EFIX R,2562288.0,2562960 674 945.9 559.9 954
SSACC R,2562962.0,
SBLINK R,2562996.0,
EBLINK R,2562996.0,2563154 160
ESACC R,2562962.0,2563178 218 948.2 575.0 1017.3 515.1 2.48 944
SFIX R,2563180.0,
EFIX R,2563180.0,2564678 1500 966.0 539.8 785
SSACC R,2564680.0,
ESACC R,2564680.0,2564712 34 951.1 556.8 974.4 524.4 1.08 74
SFIX R,2564714.0,
EFIX R,2564714.0,2564896 184 973.5 539.0 839
SSACC R,2564898.0,
ESACC R,2564898.0,2564902 6 969.4 538.2 959.6 544.9 0.32 66
SFIX R,2564904.0,
EFIX R,2564904.0,2565330 428 958.4 547.4 853
SSACC R,2565332.0,
ESACC R,2565332.0,2565340 10 962.9 544.7 967.2 561.9 0.48 53
SFIX R,2565342.0,
EFIX R,2565342.0,2565734 394 963.3 557.4 811
SSACC R,2565736.0,
SBLINK R,2565770.0,
EBLINK R,2565770.0,2566004 236
ESACC R,2565736.0,2566058 324 932.7 594.7 1009.4 515.2 2.99 2452
SFIX R,2566060.0,
EFIX R,2566060.0,2567024 966 961.3 558.9 711
SSACC R,2567026.0,
ESACC R,2567026.0,2567030 6 954.7 554.8 963.0 549.7 0.26 55
SFIX R,2567032.0,
EFIX R,2567032.0,2567572 542 962.6 564.8 762
SSACC R,2567574.0,
ESACC R,2567574.0,2567596 24 961.6 571.4 961.3 560.8 0.29 61
SFIX R,2567598.0,
EFIX R,2567598.0,2568430 834 963.0 568.5 897
SSACC R,2568432.0,
SBLINK R,2568460.0,
EBLINK R,2568460.0,2568656 198
ESACC R,2568432.0,2568700 270 933.8 592.6 991.1 493.0 3.11 521
SFIX R,2568702.0,
EFIX R,2568702.0,2569694 994 964.2 554.9 784
SSACC R,2569696.0,
ESACC R,2569696.0,2569700 6 956.8 562.7 946.6 555.5 0.34 54
SFIX R,2569702.0,
EFIX R,2569702.0,2570892 1192 960.5 554.1 881
SSACC R,2570894.0,
ESACC R,2570894.0,2570910 18 958.0 558.9 933.2 550.1 0.71 54
SFIX R,2570912.0,
EFIX R,2570912.0,2571004 94 929.4 553.5 905
SSACC R,2571006.0,
ESACC R,2571006.0,2571020 16 930.4 556.4 967.6 559.5 1.01 96
SFIX R,2571022.0,
EFIX R,2571022.0,2571356 336 964.4 556.0 878
SSACC R,2571358.0,
ESACC R,2571358.0,2571366 10 961.4 549.8 948.8 544.4 0.37 47
SFIX R,2571368.0,
EFIX R,2571368.0,2571492 126 943.1 545.1 874
SSACC R,2571494.0,
ESACC R,2571494.0,2571498 6 952.2 543.7 956.5 550.9 0.23 47
SFIX R,2571500.0,
EFIX R,2571500.0,2571742 244 956.6 557.0 856
SSACC R,2571744.0,
SBLINK R,2571774.0,
EBLINK R,2571774.0,2571986 214
ESACC R,2571744.0,2572060 318 924.4 582.4 976.1 531.1 1.97 605
SFIX R,2572062.0,
EFIX R,2572062.0,2575440 3380 942.1 548.7 697
SSACC R,2575442.0,
ESACC R,2575442.0,2575454 14 941.9 571.8 926.2 556.3 0.60 58
SFIX R,2575456.0,
EFIX R,2575456.0,2575546 92 926.0 567.7 824
SSACC R,2575548.0,
SBLINK R,2575588.0,
EBLINK R,2575588.0,2575696 110
ESACC R,2575548.0,2575716 170 910.1 586.9 949.8 533.3 1.81 374
SFIX R,2575718.0,
EFIX R,2575718.0,2575930 214 940.2 571.0 851
SSACC R,2575932.0,
ESACC R,2575932.0,2575936 6 944.3 572.0 945.6 561.7 0.28 47
SFIX R,2575938.0,
EFIX R,2575938.0,2576118 182 950.7 564.2 863
SSACC R,2576120.0,
ESACC R,2576120.0,2576134 16 950.4 560.2 942.3 529.0 0.87 77
SFIX R,2576136.0,
EFIX R,2576136.0,2577934 1800 940.3 550.8 914
SSACC R,2577936.0,
ESACC R,2577936.0,2577942 8 943.1 568.3 939.5 549.5 0.52 72
SFIX R,2577944.0,
EFIX R,2577944.0,2578148 206 937.3 563.0 947
SSACC R,2578150.0,
SBLINK R,2578170.0,
EBLINK R,2578170.0,2578342 174
ESACC R,2578150.0,2578394 246 923.0 600.6 953.7 531.9 2.04 626
SFIX R,2578396.0,
EFIX R,2578396.0,2579028 634 954.3 565.4 854
SSACC R,2579030.0,
ESACC R,2579030.0,2579036 8 969.8 567.2 952.8 562.8 0.48 72
SFIX R,2579038.0,
EFIX R,2579038.0,2579298 262 939.3 576.2 771
SSACC R,2579300.0,
ESACC R,2579300.0,2579310 12 943.5 574.8 958.6 563.8 0.51 60
SFIX R,2579312.0,
EFIX R,2579312.0,2579398 88 964.7 563.5 759
SSACC R,2579400.0,
ESACC R,2579400.0,2579408 10 958.8 567.6 941.6 570.9 0.47 59
SFIX R,2579410.0,
EFIX R,2579410.0,2580500 1092 941.7 576.0 813
SSACC R,2580502.0,
ESACC R,2580502.0,2580512 12 953.2 577.6 943.1 558.5 0.59 69
SFIX R,2580514.0,
EFIX R,2580514.0,2580836 324 947.3 572.1 894
SSACC R,2580838.0,
ESACC R,2580838.0,2580848 12 952.3 577.2 960.2 556.4 0.60 61
SFIX R,2580850.0,
EFIX R,2580850.0,2581090 242 957.9 565.7 908
SSACC R,2581092.0,
SBLINK R,2581114.0,
EBLINK R,2581114.0,2581266 154
ESACC R,2581092.0,2581324 234 945.3 600.0 947.4 521.6 2.13 763
SFIX R,2581326.0,
EFIX R,2581326.0,2581504 180 936.3 557.7 859
SSACC R,2581506.0,
ESACC R,2581506.0,2581512 8 937.2 575.9 953.3 573.8 0.44 59
SFIX R,2581514.0,
EFIX R,2581514.0,2582064 552 954.9 575.2 822
SSACC R,2582066.0,
ESACC R,2582066.0,2582074 10 947.5 578.4 940.3 566.2 0.38 55
SFIX R,2582076.0,
EFIX R,2582076.0,2583580 1506 947.9 566.5 725
SSACC R,2583582.0,
ESACC R,2583582.0,2583586 6 947.0 566.8 954.4 556.7 0.34 52
SFIX R,2583588.0,
EFIX R,2583588.0,2584454 868 951.1 564.0 811
SSACC R,2584456.0,
SBLINK R,2584492.0,
EBLINK R,2584492.0,2584724 234
ESACC R,2584456.0,2584824 370 954.8 598.3 954.7 510.9 2.37 777
SFIX R,2584826.0,
EFIX R,2584826.0,2584992 168 936.1 524.0 728
SSACC R,2584994.0,
ESACC R,2584994.0,2585008 16 931.1 538.6 956.7 546.1 0.72 72
SFIX R,2585010.0,
EFIX R,2585010.0,2585670 662 962.2 560.5 734
SSACC R,2585672.0,
ESACC R,2585672.0,2585684 14 969.2 578.3 957.7 555.6 0.69 64
SFIX R,2585686.0,
EFIX R,2585686.0,2586192 508 961.1 573.1 807
SSACC R,2586194.0,
ESACC R,2586194.0,2586202 10 961.2 584.3 959.9 567.2 0.46 61
SFIX R,2586204.0,
EFIX R,2586204.0,2589292 3090 940.5 564.3 596
SSACC R,2589294.0,
ESACC R,2589294.0,2589302 10 925.3 545.9 934.4 565.8 0.59 62
SFIX R,2589304.0,
EFIX R,2589304.0,2589612 310 915.9 566.5 496
SSACC R,2589614.0,
ESACC R,2589614.0,2589628 16 904.0 578.9 929.8 562.3 0.83 72
SFIX R,2589630.0,
EFIX R,2589630.0,2591366 1738 942.1 551.2 646
SSACC R,2591368.0,
ESACC R,2591368.0,2591372 6 952.2 562.1 955.3 572.0 0.28 56
SFIX R,2591374.0,
EFIX R,2591374.0,2591462 90 953.9 571.1 736
SSACC R,2591464.0,
ESACC R,2591464.0,2591472 10 952.6 570.5 934.6 557.1 0.61 74
SFIX R,2591474.0,
EFIX R,2591474.0,2591628 156 924.3 567.3 764
SSACC R,2591630.0,
SBLINK R,2591666.0,
EBLINK R,2591666.0,2591820 156
ESACC R,2591630.0,2591878 250 914.6 593.2 948.8 509.9 2.44 686
SFIX R,2591880.0,
EFIX R,2591880.0,2593782 1904 926.7 559.1 802
SSACC R,2593784.0,
ESACC R,2593784.0,2593788 6 925.4 571.2 926.6 565.8 0.15 53
SFIX R,2593790.0,
EFIX R,2593790.0,2593890 102 925.7 574.1 888
SSACC R,2593892.0,
SBLINK R,2593914.0,
EBLINK R,2593914.0,2594128 216
ESACC R,2593892.0,2594234 344 896.3 603.2 937.7 517.8 2.57 526
SFIX R,2594236.0,
EFIX R,2594236.0,2594632 398 943.9 540.1 900
SSACC R,2594634.0,
ESACC R,2594634.0,2594638 6 939.6 537.7 931.2 535.1 0.24 58
SFIX R,2594640.0,
EFIX R,2594640.0,2595832 1194 922.5 540.5 832
SSACC R,2595834.0,
ESACC R,2595834.0,2595844 12 908.5 542.7 930.7 542.3 0.60 59
SFIX R,2595846.0,
EFIX R,2595846.0,2596042 198 928.8 552.2 874
SSACC R,2596044.0,
ESACC R,2596044.0,2596056 14 927.0 554.9 920.1 535.9 0.55 62
SFIX R,2596058.0,
EFIX R,2596058.0,2596788 732 927.0 545.6 910
SSACC R,2596790.0,
SBLINK R,2596824.0,
EBLINK R,2596824.0,2597028 206
ESACC R,2596790.0,2597136 348 932.8 541.3 972.2 525.1 1.15 848
SFIX R,2597138.0,
EFIX R,2597138.0,2597926 790 943.0 541.2 808
SSACC R,2597928.0,
ESACC R,2597928.0,2597938 12 939.7 557.2 946.4 535.6 0.61 71
SFIX R,2597940.0,
EFIX R,2597940.0,2598114 176 943.2 551.5 769
SSACC R,2598116.0,
ESACC R,2598116.0,2598134 20 951.6 562.3 930.8 524.5 1.17 82
SFIX R,2598136.0,
EFIX R,2598136.0,2598416 282 932.2 546.6 816
SSACC R,2598418.0,
ESACC R,2598418.0,2598440 24 932.6 550.3 969.2 526.8 1.18 80
SFIX R,2598442.0,
EFIX R,2598442.0,2598604 164 962.9 539.4 869
SSACC R,2598606.0,
ESACC R,2598606.0,2598618 14 959.2 540.6 939.9 534.9 0.55 56
SFIX R,2598620.0,
EFIX R,2598620.0,2600156 1538 940.7 543.6 927
SSACC R,2600158.0,
ESACC R,2600158.0,2600170 14 964.3 547.7 957.1 527.7 0.58 74
SFIX R,2600172.0,
EFIX R,2600172.0,2600502 332 964.8 542.6 996
SSACC R,2600504.0,
SBLINK R,2600524.0,
EBLINK R,2600524.0,2600680 158
ESACC R,2600504.0,2600744 242 941.2 589.0 983.4 552.8 1.51 469
SFIX R,2600746.0,
EFIX R,2600746.0,2600856 112 977.8 579.9 1001
SSACC R,2600858.0,
ESACC R,2600858.0,2600872 16 978.2 583.1 956.8 561.1 0.83 79
SFIX R,2600874.0,
EFIX R,2600874.0,2601280 408 963.8 553.4 998
SSACC R,2601282.0,
ESACC R,2601282.0,2601296 16 953.8 563.1 969.3 537.6 0.81 75
SFIX R,2601298.0,
EFIX R,2601298.0,2602800 1504 942.0 558.8 839
SSACC R,2602802.0,
ESACC R,2602802.0,2602810 10 928.1 552.7 941.2 555.9 0.37 46
SFIX R,2602812.0,
EFIX R,2602812.0,2604204 1394 937.9 553.0 776
SSACC R,2604206.0,
SBLINK R,2604244.0,
EBLINK R,2604244.0,2604388 146
ESACC R,2604206.0,2604420 216 926.4 596.7 944.3 511.7 2.35 1482
SFIX R,2604422.0,
EFIX R,2604422.0,2604948 528 940.1 550.4 857
SSACC R,2604950.0,
ESACC R,2604950.0,2604974 26 941.7 572.3 950.3 545.1 0.77 61
SFIX R,2604976.0,
EFIX R,2604976.0,2605752 778 947.8 561.4 903
SSACC R,2605754.0,
ESACC R,2605754.0,2605766 14 941.5 560.3 954.6 538.2 0.70 88
SFIX R,2605768.0,
EFIX R,2605768.0,2606048 282 961.9 544.4 982
SSACC R,2606050.0,
ESACC R,2606050.0,2606060 12 965.5 548.8 945.4 538.5 0.61 66
SFIX R,2606062.0,
EFIX R,2606062.0,2606880 820 955.5 548.2 1015
SSACC R,2606882.0,
SBLINK R,2606916.0,
EBLINK R,2606916.0,2607040 126
ESACC R,2606882.0,2607074 194 954.2 578.5 970.9 527.0 1.47 718
SFIX R,2607076.0,
EFIX R,2607076.0,2607256 182 965.9 566.7 931
SSACC R,2607258.0,
ESACC R,2607258.0,2607272 16 964.8 571.0 951.0 537.2 0.99 90
SFIX R,2607274.0,
EFIX R,2607274.0,2608562 1290 949.5 557.1 923
SSACC R,2608564.0,
ESACC R,2608564.0,2608572 10 958.0 577.7 952.8 566.4 0.34 45
SFIX R,2608574.0,
EFIX R,2608574.0,2609004 432 945.4 570.3 963
SSACC R,2609006.0,
ESACC R,2609006.0,2609010 6 952.4 563.5 952.3 552.3 0.30 48
SFIX R,2609012.0,
EFIX R,2609012.0,2609614 604 965.5 566.1 979
SSACC R,2609616.0,
ESACC R,2609616.0,2609628 14 968.6 572.8 959.1 549.7 0.68 63
SFIX R,2609630.0,
EFIX R,2609630.0,2610236 608 958.2 570.1 1010
SSACC R,2610238.0,
ESACC R,2610238.0,2610252 16 960.8 575.1 972.8 544.5 0.89 83
SFIX R,2610254.0,
EFIX R,2610254.0,2610308 56 969.0 556.3 1026
SSACC R,2610310.0,
SBLINK R,2610352.0,
EBLINK R,2610352.0,2610494 144
ESACC R,2610310.0,2610554 246 962.4 565.2 979.1 525.9 1.16 519
SFIX R,2610556.0,
EFIX R,2610556.0,2610734 180 967.2 567.5 1011
SSACC R,2610736.0,
ESACC R,2610736.0,2610746 12 964.8 569.1 964.8 541.7 0.74 74
SFIX R,2610748.0,
EFIX R,2610748.0,2612398 1652 951.0 572.8 857
SSACC R,2612400.0,
ESACC R,2612400.0,2612420 22 946.3 583.3 932.4 551.9 0.93 71
SFIX R,2612422.0,
EFIX R,2612422.0,2613028 608 937.7 577.5 889
SSACC R,2613030.0,
ESACC R,2613030.0,2613048 20 938.7 585.7 960.2 560.3 0.90 69
SFIX R,2613050.0,
EFIX R,2613050.0,2613500 452 956.9 577.9 944
SSACC R,2613502.0,
ESACC R,2613502.0,2613514 14 952.8 584.0 947.2 566.1 0.51 62
SFIX R,2613516.0,
EFIX R,2613516.0,2614360 846 946.7 584.7 980
SSACC R,2614362.0,
ESACC R,2614362.0,2614382 22 947.3 605.5 1033.1 589.2 2.37 153
SFIX R,2614384.0,
EFIX R,2614384.0,2614586 204 1062.3 576.8 925
SSACC R,2614588.0,
ESACC R,2614588.0,2614612 26 1057.7 570.0 971.3 568.8 2.34 124
SFIX R,2614614.0,
EFIX R,2614614.0,2614920 308 956.8 579.6 920
SSACC R,2614922.0,
ESACC R,2614922.0,2614928 8 945.9 584.0 939.4 592.0 0.28 40
SFIX R,2614930.0,
EFIX R,2614930.0,2614948 20 927.6 594.4 926
SSACC R,2614950.0,
SBLINK R,2614972.0,
EBLINK R,2614972.0,2615128 158
ESACC R,2614950.0,2615160 212 917.6 598.6 938.2 540.7 1.67 563
SFIX R,2615162.0,
EFIX R,2615162.0,2615192 32 944.1 530.9 942
SSACC R,2615194.0,
ESACC R,2615194.0,2615218 26 940.6 533.3 933.9 568.0 0.96 75
SFIX R,2615220.0,
EFIX R,2615220.0,2615346 128 930.0 578.9 881
SSACC R,2615348.0,
ESACC R,2615348.0,2615356 10 925.4 581.7 944.8 576.6 0.54 66
SFIX R,2615358.0,
EFIX R,2615358.0,2615584 228 953.8 579.8 884
SSACC R,2615586.0,
ESACC R,2615586.0,2615600 16 953.1 583.3 953.9 556.8 0.72 64
SFIX R,2615602.0,
EFIX R,2615602.0,2616150 550 958.4 575.9 893
SSACC R,2616152.0,
ESACC R,2616152.0,2616184 34 959.4 584.4 951.3 565.8 0.55 90
SFIX R,2616186.0,
EFIX R,2616186.0,2617808 1624 950.1 569.4 910
SSACC R,2617810.0,
SBLINK R,2617832.0,
EBLINK R,2617832.0,2617978 148
ESACC R,2617810.0,2618032 224 910.8 604.5 958.0 526.4 2.47 341
SFIX R,2618034.0,
EFIX R,2618034.0,2618988 956 953.5 564.5 912
SSACC R,2618990.0,
ESACC R,2618990.0,2619002 14 950.9 565.9 949.2 541.8 0.65 62
SFIX R,2619004.0,
EFIX R,2619004.0,2619918 916 954.7 572.1 946
SSACC R,2619920.0,
ESACC R,2619920.0,2619930 12 949.9 587.5 963.6 574.0 0.52 53
SFIX R,2619932.0,
EFIX R,2619932.0,2620560 630 958.1 574.8 885
SSACC R,2620562.0,
ESACC R,2620562.0,2620596 36 943.4 567.9 966.1 568.1 0.62 60
SFIX R,2620598.0,
EFIX R,2620598.0,2620708 112 966.7 570.5 834
SSACC R,2620710.0,
ESACC R,2620710.0,2620716 8 963.3 565.9 952.8 570.3 0.31 55
SFIX R,2620718.0,
EFIX R,2620718.0,2620840 124 946.0 570.5 824
SSACC R,2620842.0,
ESACC R,2620842.0,2620848 8 950.2 570.4 965.2 574.8 0.42 60
SFIX R,2620850.0,
EFIX R,2620850.0,2621672 824 943.9 562.0 790
SSACC R,2621674.0,
ESACC R,2621674.0,2621684 12 949.8 562.5 960.5 551.9 0.41 68
SFIX R,2621686.0,
EFIX R,2621686.0,2622542 858 951.2 565.4 819
SSACC R,2622544.0,
ESACC R,2622544.0,2622560 18 957.8 568.9 944.4 544.7 0.75 67
SFIX R,2622562.0,
EFIX R,2622562.0,2623204 644 947.2 563.8 859
SSACC R,2623206.0,
SBLINK R,2623224.0,
EBLINK R,2623224.0,2623374 152
ESACC R,2623206.0,2623408 204 914.7 601.3 958.2 516.6 2.58 238
SFIX R,2623410.0,
EFIX R,2623410.0,2623668 260 945.8 577.5 796
SSACC R,2623670.0,
ESACC R,2623670.0,2623680 12 942.0 580.7 958.7 568.3 0.56 77
SFIX R,2623682.0,
EFIX R,2623682.0,2624384 704 956.5 567.5 730
SSACC R,2624386.0,
ESACC R,2624386.0,2624396 12 939.4 567.4 921.1 560.5 0.53 56
SFIX R,2624398.0,
EFIX R,2624398.0,2624528 132 915.8 557.8 684
SSACC R,2624530.0,
ESACC R,2624530.0,2624538 10 918.6 555.3 935.3 562.8 0.50 67
SFIX R,2624540.0,
EFIX R,2624540.0,2625184 646 936.7 568.2 719
SSACC R,2625186.0,
ESACC R,2625186.0,2625192 8 937.0 562.5 947.3 564.1 0.28 51
SFIX R,2625194.0,
EFIX R,2625194.0,2626156 964 947.7 572.5 781
SSACC R,2626158.0,
SBLINK R,2626198.0,
EBLINK R,2626198.0,2626366 170
ESACC R,2626158.0,2626408 252 925.0 609.7 965.4 480.0 3.68 2134
SFIX R,2626410.0,
EFIX R,2626410.0,2626778 370 937.0 533.4 701
SSACC R,2626780.0,
ESACC R,2626780.0,2626786 8 922.4 540.9 936.6 547.3 0.42 59
SFIX R,2626788.0,
EFIX R,2626788.0,2627304 518 928.8 559.2 685
SSACC R,2627306.0,
ESACC R,2627306.0,2627312 8 933.4 558.5 920.8 554.7 0.36 62
SFIX R,2627314.0,
EFIX R,2627314.0,2629266 1954 960.4 553.1 849
SSACC R,2629268.0,
SBLINK R,2629288.0,
EBLINK R,2629288.0,2629424 138
ESACC R,2629268.0,2629470 204 921.9 593.9 971.7 491.0 3.10 596
SFIX R,2629472.0,
EFIX R,2629472.0,2629866 396 973.1 551.8 903
SSACC R,2629868.0,
ESACC R,2629868.0,2629876 10 979.5 551.4 961.8 551.8 0.48 61
SFIX R,2629878.0,
EFIX R,2629878.0,2631464 1588 963.6 548.1 871
SSACC R,2631466.0,
ESACC R,2631466.0,2631476 12 980.0 550.9 999.8 545.0 0.56 60
SFIX R,2631478.0,
EFIX R,2631478.0,2632280 804 986.6 543.6 1012
SSACC R,2632282.0,
SBLINK R,2632314.0,
EBLINK R,2632314.0,2632472 160
ESACC R,2632282.0,2632544 264 967.7 562.0 972.2 524.9 1.01 462
SFIX R,2632546.0,
EFIX R,2632546.0,2633414 870 961.3 540.7 922
SSACC R,2633416.0,
ESACC R,2633416.0,2633430 16 952.8 550.3 967.6 526.8 0.75 74
SFIX R,2633432.0,
EFIX R,2633432.0,2634494 1064 961.5 544.0 986
SSACC R,2634496.0,
ESACC R,2634496.0,2634504 10 960.8 551.6 968.2 534.2 0.51 67
SFIX R,2634506.0,
EFIX R,2634506.0,2635750 1246 970.0 551.8 958
SSACC R,2635752.0,
ESACC R,2635752.0,2635758 8 957.0 555.2 968.9 553.1 0.33 54
SFIX R,2635760.0,
EFIX R,2635760.0,2636258 500 969.3 559.9 878
SSACC R,2636260.0,
ESACC R,2636260.0,2636272 14 957.4 578.5 971.0 554.5 0.75 68
SFIX R,2636274.0,
EFIX R,2636274.0,2636526 254 965.1 568.1 882
SSACC R,2636528.0,
SBLINK R,2636548.0,
EBLINK R,2636548.0,2636714 168
ESACC R,2636528.0,2636772 246 941.4 604.7 967.2 528.2 2.19 333
SFIX R,2636774.0,
EFIX R,2636774.0,2636940 168 944.4 543.9 853
SSACC R,2636942.0,
ESACC R,2636942.0,2636950 10 950.3 550.5 968.4 556.8 0.52 63
SFIX R,2636952.0,
EFIX R,2636952.0,2637786 836 972.5 568.9 812
SSACC R,2637788.0,
ESACC R,2637788.0,2637804 18 970.5 580.0 926.1 562.3 1.30 92
SFIX R,2637806.0,
EFIX R,2637806.0,2637910 106 913.3 568.9 738
SSACC R,2637912.0,
ESACC R,2637912.0,2637926 16 908.9 576.2 952.4 582.3 1.19 115
SFIX R,2637928.0,
EFIX R,2637928.0,2639104 1178 927.4 582.0 758
SSACC R,2639106.0,
SBLINK R,2639138.0,
EBLINK R,2639138.0,2639362 226
ESACC R,2639106.0,2639386 282 904.0 578.1 1009.3 542.8 3.01 1767
SFIX R,2639388.0,
EFIX R,2639388.0,2639630 244 988.9 539.4 768
SSACC R,2639632.0,
ESACC R,2639632.0,2639640 10 970.2 555.8 951.4 552.2 0.52 58
SFIX R,2639642.0,
EFIX R,2639642.0,2640148 508 933.9 561.8 766
SSACC R,2640150.0,
ESACC R,2640150.0,2640168 20 921.4 565.8 944.5 548.4 0.78 60
SFIX R,2640170.0,
EFIX R,2640170.0,2640426 258 942.2 558.4 772
SSACC R,2640428.0,
ESACC R,2640428.0,2640442 16 945.2 555.3 934.8 530.5 0.73 88
SFIX R,2640444.0,
EFIX R,2640444.0,2641342 900 958.2 545.4 922
SSACC R,2641344.0,
ESACC R,2641344.0,2641354 12 973.6 551.4 985.5 542.0 0.41 42
SFIX R,2641356.0,
EFIX R,2641356.0,2641514 160 987.6 541.1 957
SSACC R,2641516.0,
ESACC R,2641516.0,2641524 10 971.9 542.5 960.2 543.0 0.32 49
SFIX R,2641526.0,
EFIX R,2641526.0,2641878 354 954.2 550.5 912
SSACC R,2641880.0,
ESACC R,2641880.0,2641888 10 948.2 554.8 952.6 540.2 0.41 49
SFIX R,2641890.0,
EFIX R,2641890.0,2642550 662 951.9 554.1 943
SSACC R,2642552.0,
SBLINK R,2642576.0,
EBLINK R,2642576.0,2642752 178
ESACC R,2642552.0,2642810 260 941.7 592.8 980.3 523.8 2.14 389
SFIX R,2642812.0,
EFIX R,2642812.0,2642832 22 977.8 524.0 967
SSACC R,2642834.0,
ESACC R,2642834.0,2642848 16 974.7 522.4 967.3 551.3 0.81 65
SFIX R,2642850.0,
EFIX R,2642850.0,2643038 190 955.9 562.9 949
SSACC R,2643040.0,
ESACC R,2643040.0,2643050 12 955.9 557.2 964.2 539.4 0.53 59
SFIX R,2643052.0,
EFIX R,2643052.0,2643294 244 960.1 546.7 995
SSACC R,2643296.0,
ESACC R,2643296.0,2643306 12 959.4 546.0 948.3 523.7 0.68 69
SFIX R,2643308.0,
EFIX R,2643308.0,2644116 810 951.3 551.7 945
SSACC R,2644118.0,
ESACC R,2644118.0,2644124 8 954.9 572.4 966.0 558.7 0.48 62
SFIX R,2644126.0,
EFIX R,2644126.0,2645126 1002 960.9 576.8 926
SSACC R,2645128.0,
ESACC R,2645128.0,2645144 18 930.7 569.0 957.1 571.2 0.72 74
SFIX R,2645146.0,
EFIX R,2645146.0,2645198 54 953.3 581.8 856
SSACC R,2645200.0,
SBLINK R,2645252.0,
EBLINK R,2645252.0,2645410 160
ESACC R,2645200.0,2645480 282 947.5 591.3 975.9 547.4 1.42 217
SFIX R,2645482.0,
EFIX R,2645482.0,2647076 1596 958.7 572.5 812
SSACC R,2647078.0,
ESACC R,2647078.0,2647082 6 957.7 586.4 949.1 577.5 0.34 58
SFIX R,2647084.0,
EFIX R,2647084.0,2647434 352 954.9 584.5 904
SSACC R,2647436.0,
SBLINK R,2647454.0,
EBLINK R,2647454.0,2647656 204
ESACC R,2647436.0,2647740 306 942.6 616.9 961.1 544.5 2.03 385
SFIX R,2647742.0,
EFIX R,2647742.0,2647862 122 951.4 554.5 878
SSACC R,2647864.0,
ESACC R,2647864.0,2647872 10 951.6 559.1 970.5 566.7 0.55 68
SFIX R,2647874.0,
EFIX R,2647874.0,2648650 778 969.5 582.3 870
SSACC R,2648652.0,
ESACC R,2648652.0,2648662 12 956.2 580.8 956.9 564.0 0.46 57
SFIX R,2648664.0,
EFIX R,2648664.0,2649580 918 951.9 581.9 884
SSACC R,2649582.0,
ESACC R,2649582.0,2649596 16 940.7 577.9 952.2 551.0 0.79 71
SFIX R,2649598.0,
EFIX R,2649598.0,2649870 274 954.3 553.3 923
SSACC R,2649872.0,
ESACC R,2649872.0,2649880 10 952.9 559.4 934.5 549.8 0.56 66
SFIX R,2649882.0,
EFIX R,2649882.0,2650032 152 932.2 549.6 933
SSACC R,2650034.0,
ESACC R,2650034.0,2650046 14 937.1 551.5 959.4 561.8 0.67 70
SFIX R,2650048.0,
EFIX R,2650048.0,2651060 1014 960.8 561.1 970
SSACC R,2651062.0,
SBLINK R,2651106.0,
EBLINK R,2651106.0,2651268 164
ESACC R,2651062.0,2651338 278 951.8 570.0 983.2 490.6 2.31 318
SFIX R,2651340.0,
EFIX R,2651340.0,2653148 1810 963.8 549.3 908
SSACC R,2653150.0,
ESACC R,2653150.0,2653160 12 946.6 557.7 934.6 546.8 0.44 52
SFIX R,2653162.0,
EFIX R,2653162.0,2653254 94 935.6 550.2 883
SSACC R,2653256.0,
ESACC R,2653256.0,2653266 12 937.3 552.5 967.3 554.1 0.81 83
SFIX R,2653268.0,
EFIX R,2653268.0,2653510 244 957.1 560.5 873
SSACC R,2653512.0,
ESACC R,2653512.0,2653520 10 954.0 563.9 965.3 556.7 0.36 48
SFIX R,2653522.0,
EFIX R,2653522.0,2653666 146 968.0 563.7 862
SSACC R,2653668.0,
ESACC R,2653668.0,2653676 10 962.5 563.3 948.4 560.7 0.39 52
SFIX R,2653678.0,
EFIX R,2653678.0,2654068 392 954.7 561.7 871
SSACC R,2654070.0,
ESACC R,2654070.0,2654078 10 961.5 566.9 946.6 553.9 0.54 68
SFIX R,2654080.0,
EFIX R,2654080.0,2654354 276 942.8 565.1 908
SSACC R,2654356.0,
ESACC R,2654356.0,2654370 16 943.6 566.7 968.2 553.1 0.76 73
SFIX R,2654372.0,
EFIX R,2654372.0,2654762 392 958.9 561.6 933
SSACC R,2654764.0,
SBLINK R,2654810.0,
EBLINK R,2654810.0,2654924 116
ESACC R,2654764.0,2654962 200 954.2 577.0 963.9 512.1 1.78 476
SFIX R,2654964.0,
EFIX R,2654964.0,2655116 154 961.9 559.4 991
SSACC R,2655118.0,
ESACC R,2655118.0,2655128 12 955.6 563.2 954.3 542.2 0.57 66
SFIX R,2655130.0,
EFIX R,2655130.0,2655608 480 962.7 553.4 991
SSACC R,2655610.0,
ESACC R,2655610.0,2655614 6 968.1 552.6 971.7 539.7 0.36 54
SFIX R,2655616.0,
EFIX R,2655616.0,2656312 698 959.5 548.2 876
SSACC R,2656314.0,
ESACC R,2656314.0,2656332 20 930.8 550.2 971.6 554.2 1.11 92
SFIX R,2656334.0,
EFIX R,2656334.0,2656830 498 956.2 557.6 915
SSACC R,2656832.0,
ESACC R,2656832.0,2656840 10 940.2 553.4 956.4 549.5 0.45 58
SFIX R,2656842.0,
EFIX R,2656842.0,2657314 474 951.7 563.9 922
SSACC R,2657316.0,
ESACC R,2657316.0,2657322 8 946.5 569.2 943.2 554.1 0.42 58
SFIX R,2657324.0,
EFIX R,2657324.0,2657840 518 945.7 564.4 933
SSACC R,2657842.0,
SBLINK R,2657866.0,
EBLINK R,2657866.0,2658058 194
ESACC R,2657842.0,2658102 262 920.0 578.0 1009.2 549.3 2.54 617
SFIX R,2658104.0,
EFIX R,2658104.0,2658242 140 985.8 597.1 921
SSACC R,2658244.0,
ESACC R,2658244.0,2658262 20 975.7 604.8 958.5 562.4 1.24 84
SFIX R,2658264.0,
EFIX R,2658264.0,2658462 200 957.0 575.5 933
SSACC R,2658464.0,
ESACC R,2658464.0,2658482 20 951.7 573.1 973.8 546.2 0.94 87
SFIX R,2658484.0,
EFIX R,2658484.0,2659164 682 970.6 559.3 878
SSACC R,2659166.0,
ESACC R,2659166.0,2659172 8 969.9 565.3 967.4 548.4 0.46 63
SFIX R,2659174.0,
EFIX R,2659174.0,2659732 560 956.2 565.9 932
SSACC R,2659734.0,
ESACC R,2659734.0,2659744 12 954.5 575.0 965.8 559.0 0.53 63
SFIX R,2659746.0,
EFIX R,2659746.0,2660296 552 955.5 566.9 921
SSACC R,2660298.0,
ESACC R,2660298.0,2660306 10 952.4 571.5 964.5 566.3 0.36 47
SFIX R,2660308.0,
EFIX R,2660308.0,2661352 1046 961.4 571.8 940
SSACC R,2661354.0,
ESACC R,2661354.0,2661370 18 946.4 587.4 924.0 605.4 0.78 58
SFIX R,2661372.0,
EFIX R,2661372.0,2661382 12 914.0 613.0 968
SSACC R,2661384.0,
SBLINK R,2661406.0,
EBLINK R,2661406.0,2661556 152
ESACC R,2661384.0,2661622 240 908.0 611.7 983.4 532.6 2.96 599
SFIX R,2661624.0,
EFIX R,2661624.0,2661644 22 985.1 533.1 989
SSACC R,2661646.0,
ESACC R,2661646.0,2661650 6 983.6 543.7 977.6 553.4 0.31 64
SFIX R,2661652.0,
EFIX R,2661652.0,2662048 398 967.8 567.7 966
SSACC R,2662050.0,
ESACC R,2662050.0,2662070 22 956.5 569.0 951.2 542.1 0.74 51
SFIX R,2662072.0,
EFIX R,2662072.0,2662848 778 943.4 569.0 831
SSACC R,2662850.0,
ESACC R,2662850.0,2662862 14 946.2 578.7 964.4 563.1 0.65 52
SFIX R,2662864.0,
EFIX R,2662864.0,2662992 130 965.0 566.5 819
SSACC R,2662994.0,
ESACC R,2662994.0,2663000 8 962.6 568.0 952.0 563.9 0.31 54
SFIX R,2663002.0,
EFIX R,2663002.0,2664458 1458 951.7 573.8 883
SSACC R,2664460.0,
SBLINK R,2664508.0,
EBLINK R,2664508.0,2664620 114
ESACC R,2664460.0,2664652 194 976.2 578.9 981.0 505.2 2.00 526
SFIX R,2664654.0,
EFIX R,2664654.0,2665052 400 962.1 557.3 1003
SSACC R,2665054.0,
ESACC R,2665054.0,2665064 12 952.1 559.2 974.1 553.3 0.62 65
SFIX R,2665066.0,
EFIX R,2665066.0,2667016 1952 965.3 558.7 1040
SSACC R,2667018.0,
SBLINK R,2667038.0,
EBLINK R,2667038.0,2667170 134
ESACC R,2667018.0,2667200 184 945.5 597.6 972.6 503.7 2.65 497
SFIX R,2667202.0,
EFIX R,2667202.0,2667932 732 973.1 579.6 954
SSACC R,2667934.0,
ESACC R,2667934.0,2667942 10 955.2 590.4 953.9 571.7 0.51 63
SFIX R,2667944.0,
EFIX R,2667944.0,2670102 2160 958.6 585.5 953
SSACC R,2670104.0,
ESACC R,2670104.0,2670118 16 962.9 597.3 954.7 569.0 0.80 79
SFIX R,2670120.0,
EFIX R,2670120.0,2670324 206 953.7 582.3 982
SSACC R,2670326.0,
SBLINK R,2670348.0,
EBLINK R,2670348.0,2670512 166
ESACC R,2670326.0,2670566 242 944.1 602.4 980.1 538.3 1.99 676
SFIX R,2670568.0,
EFIX R,2670568.0,2671998 1432 964.9 590.4 896
SSACC R,2672000.0,
ESACC R,2672000.0,2672010 12 947.6 593.3 931.7 585.6 0.48 50
SFIX R,2672012.0,
EFIX R,2672012.0,2672110 100 921.5 589.3 875
SSACC R,2672112.0,
ESACC R,2672112.0,2672130 20 917.4 589.3 954.3 600.3 1.04 74
SFIX R,2672132.0,
EFIX R,2672132.0,2672838 708 942.1 608.9 866
SSACC R,2672840.0,
ESACC R,2672840.0,2672852 14 946.6 605.0 956.6 586.9 0.56 64
SFIX R,2672854.0,
EFIX R,2672854.0,2673472 620 959.9 597.6 901
SSACC R,2673474.0,
ESACC R,2673474.0,2673478 6 961.8 591.0 960.2 585.3 0.16 44
SFIX R,2673480.0,
EFIX R,2673480.0,2673658 180 956.9 592.5 957
SSACC R,2673660.0,
SBLINK R,2673680.0,
EBLINK R,2673680.0,2673844 166
ESACC R,2673660.0,2673910 252 933.7 615.2 963.3 570.2 1.46 640
SFIX R,2673912.0,
EFIX R,2673912.0,2674056 146 955.0 606.9 982
SSACC R,2674058.0,
ESACC R,2674058.0,2674066 10 957.2 611.7 972.8 593.0 0.66 83
SFIX R,2674068.0,
EFIX R,2674068.0,2674290 224 969.9 593.8 1011
SSACC R,2674292.0,
ESACC R,2674292.0,2674302 12 962.6 592.7 960.0 564.5 0.77 78
SFIX R,2674304.0,
EFIX R,2674304.0,2675840 1538 969.7 583.5 1010
SSACC R,2675842.0,
SBLINK R,2675892.0,
EBLINK R,2675892.0,2676078 188
ESACC R,2675842.0,2676160 320 979.1 576.0 987.5 559.3 0.51 790
SFIX R,2676162.0,
EFIX R,2676162.0,2676266 106 983.0 589.4 1089
SSACC R,2676268.0,
ESACC R,2676268.0,2676278 12 983.6 596.9 993.8 572.6 0.71 77
SFIX R,2676280.0,
EFIX R,2676280.0,2676840 562 975.4 577.0 1068
SSACC R,2676842.0,
ESACC R,2676842.0,2676848 8 980.6 577.9 988.1 564.7 0.41 71
SFIX R,2676850.0,
EFIX R,2676850.0,2677464 616 978.9 584.8 952
SSACC R,2677466.0,
ESACC R,2677466.0,2677478 14 975.5 600.6 959.9 583.5 0.63 74
SFIX R,2677480.0,
EFIX R,2677480.0,2679110 1632 953.8 594.9 974
SSACC R,2679112.0,
ESACC R,2679112.0,2679118 8 946.4 599.9 948.6 588.5 0.31 52
SFIX R,2679120.0,
EFIX R,2679120.0,2680452 1334 949.8 594.2 942
SSACC R,2680454.0,
ESACC R,2680454.0,2680462 10 957.8 599.3 947.4 582.4 0.54 68
SFIX R,2680464.0,
EFIX R,2680464.0,2680622 160 941.7 578.4 915
SSACC R,2680624.0,
ESACC R,2680624.0,2680632 10 948.2 580.3 962.2 585.7 0.41 51
SFIX R,2680634.0,
EFIX R,2680634.0,2681440 808 958.1 592.6 892
SSACC R,2681442.0,
ESACC R,2681442.0,2681450 10 953.1 595.0 941.8 577.8 0.56 70
SFIX R,2681452.0,
EFIX R,2681452.0,2681618 168 935.5 583.4 912
SSACC R,2681620.0,
SBLINK R,2681642.0,
EBLINK R,2681642.0,2681786 146
ESACC R,2681620.0,2681812 194 910.6 616.3 1005.3 552.3 3.10 533
SFIX R,2681814.0,
EFIX R,2681814.0,2684814 3002 959.8 592.3 907
SSACC R,2684816.0,
ESACC R,2684816.0,2684822 8 961.2 582.4 957.4 581.6 0.11 50
SFIX R,2684824.0,
EFIX R,2684824.0,2685226 404 964.7 599.7 942
SSACC R,2685228.0,
ESACC R,2685228.0,2685234 8 959.7 592.5 961.2 585.0 0.21 45
SFIX R,2685236.0,
EFIX R,2685236.0,2685706 472 956.8 596.6 909
SSACC R,2685708.0,
ESACC R,2685708.0,2685716 10 959.8 603.1 973.4 592.8 0.46 58
SFIX R,2685718.0,
EFIX R,2685718.0,2685832 116 985.8 588.8 855
SSACC R,2685834.0,
ESACC R,2685834.0,2685840 8 984.9 592.0 969.2 595.6 0.44 66
SFIX R,2685842.0,
EFIX R,2685842.0,2687280 1440 949.1 605.4 814
SSACC R,2687282.0,
ESACC R,2687282.0,2687290 10 945.7 609.3 934.9 594.2 0.50 65
SFIX R,2687292.0,
EFIX R,2687292.0,2687586 296 948.5 602.9 830
SSACC R,2687588.0,
ESACC R,2687588.0,2687592 6 951.4 603.2 940.3 601.4 0.30 60
SFIX R,2687594.0,
EFIX R,2687594.0,2688106 514 943.9 603.8 828
SSACC R,2688108.0,
SBLINK R,2688152.0,
EBLINK R,2688152.0,2688354 204
ESACC R,2688108.0,2688460 354 946.1 618.9 961.1 570.7 1.37 1025
SFIX R,2688462.0,
EFIX R,2688462.0,2688708 248 941.8 572.4 782
SSACC R,2688710.0,
ESACC R,2688710.0,2688722 14 943.3 582.5 961.4 581.2 0.49 53
SFIX R,2688724.0,
EFIX R,2688724.0,2688922 200 952.8 588.7 791
SSACC R,2688924.0,
ESACC R,2688924.0,2688934 12 954.5 598.3 947.0 576.1 0.64 69
SFIX R,2688936.0,
EFIX R,2688936.0,2690830 1896 939.0 592.9 814
SSACC R,2690832.0,
ESACC R,2690832.0,2690842 12 943.0 599.3 964.1 593.6 0.59 67
SFIX R,2690844.0,
EFIX R,2690844.0,2691006 164 961.9 599.9 809
SSACC R,2691008.0,
SBLINK R,2691036.0,
EBLINK R,2691036.0,2691226 192
ESACC R,2691008.0,2691286 280 935.1 622.5 968.3 570.4 1.67 1645
SFIX R,2691288.0,
EFIX R,2691288.0,2692108 822 953.2 575.8 738
SSACC R,2692110.0,
ESACC R,2692110.0,2692124 16 950.8 565.9 929.7 563.8 0.57 55
SFIX R,2692126.0,
EFIX R,2692126.0,2692926 802 948.6 582.8 773
SSACC R,2692928.0,
ESACC R,2692928.0,2692934 8 957.6 596.5 954.6 584.0 0.35 62
SFIX R,2692936.0,
EFIX R,2692936.0,2693184 250 948.6 585.5 867
SSACC R,2693186.0,
ESACC R,2693186.0,2693192 8 948.2 584.8 955.3 570.8 0.43 67
SFIX R,2693194.0,
EFIX R,2693194.0,2694012 820 950.7 581.1 877
SSACC R,2694014.0,
SBLINK R,2694032.0,
EBLINK R,2694032.0,2694204 174
ESACC R,2694014.0,2694244 232 921.8 612.7 995.7 560.7 2.45 332
SFIX R,2694246.0,
EFIX R,2694246.0,2694462 218 981.0 585.0 846
SSACC R,2694464.0,
ESACC R,2694464.0,2694474 12 971.2 597.9 953.1 582.5 0.64 74
SFIX R,2694476.0,
EFIX R,2694476.0,2694736 262 950.2 579.5 861
SSACC R,2694738.0,
ESACC R,2694738.0,2694744 8 953.6 578.9 956.4 563.9 0.41 65
SFIX R,2694746.0,
EFIX R,2694746.0,2695912 1168 960.4 571.4 915
SSACC R,2695914.0,
ESACC R,2695914.0,2695918 6 963.6 575.6 975.1 564.4 0.44 78
SFIX R,2695920.0,
EFIX R,2695920.0,2696174 256 977.2 569.4 1015
SSACC R,2696176.0,
ESACC R,2696176.0,2696182 8 969.4 577.4 962.5 568.1 0.31 46
SFIX R,2696184.0,
EFIX R,2696184.0,2696606 424 953.2 577.2 1002
SSACC R,2696608.0,
SBLINK R,2696630.0,
EBLINK R,2696630.0,2696784 156
ESACC R,2696608.0,2696818 212 929.2 603.0 988.6 534.8 2.45 687
SFIX R,2696820.0,
EFIX R,2696820.0,2697872 1054 960.6 580.2 862
SSACC R,2697874.0,
ESACC R,2697874.0,2697886 14 954.4 587.1 959.7 569.7 0.49 70
SFIX R,2697888.0,
EFIX R,2697888.0,2699900 2014 955.2 584.7 902
SSACC R,2699902.0,
ESACC R,2699902.0,2699910 10 945.8 597.5 948.6 582.6 0.41 57
SFIX R,2699912.0,
EFIX R,2699912.0,2700510 600 949.6 590.9 857
SSACC R,2700512.0,
SBLINK R,2700564.0,
EBLINK R,2700564.0,2700698 136
ESACC R,2700512.0,2700746 236 948.4 589.3 958.8 554.3 0.99 482
SFIX R,2700748.0,
EFIX R,2700748.0,2700964 218 952.1 572.1 869
SSACC R,2700966.0,
ESACC R,2700966.0,2700974 10 951.9 580.6 945.3 565.6 0.44 53
SFIX R,2700976.0,
EFIX R,2700976.0,2701358 384 947.9 569.5 872
SSACC R,2701360.0,
ESACC R,2701360.0,2701376 18 956.4 575.6 978.0 571.8 0.59 62
SFIX R,2701378.0,
EFIX R,2701378.0,2701502 126 976.3 565.7 828
SSACC R,2701504.0,
ESACC R,2701504.0,2701510 8 967.1 559.8 953.1 564.3 0.40 58
SFIX R,2701512.0,
EFIX R,2701512.0,2701980 470 946.2 573.6 818
SSACC R,2701982.0,
ESACC R,2701982.0,2701998 18 951.1 586.9 963.0 555.9 0.90 82
SFIX R,2702000.0,
EFIX R,2702000.0,2702580 582 963.7 572.2 882
SSACC R,2702582.0,
ESACC R,2702582.0,2702592 12 963.3 588.5 957.5 572.2 0.47 75
SFIX R,2702594.0,
EFIX R,2702594.0,2703194 602 963.6 582.4 945
SSACC R,2703196.0,
ESACC R,2703196.0,2703200 6 970.6 578.5 971.4 568.6 0.27 49
SFIX R,2703202.0,
EFIX R,2703202.0,2703796 596 961.0 569.8 936
SSACC R,2703798.0,
SBLINK R,2703816.0,
EBLINK R,2703816.0,2703982 168
ESACC R,2703798.0,2704018 222 929.2 609.2 958.2 539.6 2.04 283
SFIX R,2704020.0,
EFIX R,2704020.0,2705620 1602 945.6 570.1 788
SSACC R,2705622.0,
ESACC R,2705622.0,2705638 18 929.6 587.0 953.0 561.1 0.95 74
SFIX R,2705640.0,
EFIX R,2705640.0,2706676 1038 949.5 578.2 878
SSACC R,2706678.0,
ESACC R,2706678.0,2706690 14 941.8 582.2 965.9 580.4 0.65 62
SFIX R,2706692.0,
EFIX R,2706692.0,2706880 190 955.8 590.8 919
SSACC R,2706882.0,
SBLINK R,2706904.0,
EBLINK R,2706904.0,2707108 206
ESACC R,2706882.0,2707190 310 932.8 602.7 972.9 554.7 1.70 418
SFIX R,2707192.0,
EFIX R,2707192.0,2708264 1074 953.0 585.3 800
SSACC R,2708266.0,
ESACC R,2708266.0,2708274 10 951.6 581.8 967.8 573.3 0.50 64
SFIX R,2708276.0,
EFIX R,2708276.0,2708536 262 966.4 581.1 848
SSACC R,2708538.0,
ESACC R,2708538.0,2708546 10 963.1 584.1 952.6 576.2 0.36 45
SFIX R,2708548.0,
EFIX R,2708548.0,2709694 1148 951.9 593.2 911
SSACC R,2709696.0,
SBLINK R,2709722.0,
EBLINK R,2709722.0,2709912 192
ESACC R,2709696.0,2710028 334 938.7 602.0 974.4 579.6 1.14 542
SFIX R,2710030.0,
EFIX R,2710030.0,2713792 3764 956.0 580.0 795
SSACC R,2713794.0,
SBLINK R,2713822.0,
EBLINK R,2713822.0,2714040 220
ESACC R,2713794.0,2714128 336 930.7 610.7 970.5 512.7 2.87 284
SFIX R,2714130.0,
EFIX R,2714130.0,2714968 840 950.7 552.0 688
SSACC R,2714970.0,
ESACC R,2714970.0,2714994 26 951.3 569.2 951.0 540.9 0.77 70
SFIX R,2714996.0,
EFIX R,2714996.0,2715898 904 949.3 547.8 805
SSACC R,2715900.0,
ESACC R,2715900.0,2715906 8 947.2 554.2 951.4 542.1 0.35 63
SFIX R,2715908.0,
EFIX R,2715908.0,2716574 668 943.6 546.1 958
SSACC R,2716576.0,
SBLINK R,2716612.0,
EBLINK R,2716612.0,2716714 104
ESACC R,2716576.0,2716748 174 939.8 577.8 951.2 517.0 1.68 850
SFIX R,2716750.0,
EFIX R,2716750.0,2717032 284 948.7 574.4 1003
SSACC R,2717034.0,
ESACC R,2717034.0,2717040 8 948.3 573.5 951.6 557.9 0.43 58
SFIX R,2717042.0,
EFIX R,2717042.0,2717734 694 950.5 571.8 951
SSACC R,2717736.0,
ESACC R,2717736.0,2717746 12 941.2 577.8 936.0 561.4 0.47 67
SFIX R,2717748.0,
EFIX R,2717748.0,2718248 502 937.4 578.1 927
SSACC R,2718250.0,
ESACC R,2718250.0,2718256 8 949.8 578.1 961.6 576.0 0.32 53
SFIX R,2718258.0,
EFIX R,2718258.0,2718430 174 963.0 572.4 905
SSACC R,2718432.0,
ESACC R,2718432.0,2718438 8 959.3 570.9 946.6 571.3 0.34 56
SFIX R,2718440.0,
EFIX R,2718440.0,2718942 504 947.4 573.2 941
SSACC R,2718944.0,
ESACC R,2718944.0,2718956 14 954.4 575.5 979.3 564.8 0.73 61
SFIX R,2718958.0,
EFIX R,2718958.0,2719072 116 973.5 566.8 938
SSACC R,2719074.0,
ESACC R,2719074.0,2719090 18 971.8 573.2 933.6 572.4 1.04 101
SFIX R,2719092.0,
EFIX R,2719092.0,2720092 1002 932.0 587.5 886
SSACC R,2720094.0,
SBLINK R,2720112.0,
EBLINK R,2720112.0,2720280 170
ESACC R,2720094.0,2720340 248 905.0 622.2 953.5 576.6 1.80 483
SFIX R,2720342.0,
EFIX R,2720342.0,2720498 158 945.8 582.1 776
SSACC R,2720500.0,
ESACC R,2720500.0,2720510 12 949.3 576.1 937.7 566.2 0.41 46
SFIX R,2720512.0,
EFIX R,2720512.0,2720820 310 938.7 571.5 772
SSACC R,2720822.0,
ESACC R,2720822.0,2720836 16 929.6 572.3 941.8 550.6 0.67 82
SFIX R,2720838.0,
EFIX R,2720838.0,2722812 1976 931.7 583.4 823
SSACC R,2722814.0,
SBLINK R,2722834.0,
EBLINK R,2722834.0,2723036 204
ESACC R,2722814.0,2723082 270 915.9 641.6 966.1 564.6 2.49 219
SFIX R,2723084.0,
EFIX R,2723084.0,2723470 388 945.8 595.3 800
SSACC R,2723472.0,
ESACC R,2723472.0,2723480 10 945.9 588.9 949.4 567.9 0.58 77
SFIX R,2723482.0,
EFIX R,2723482.0,2723668 188 945.4 582.1 849
SSACC R,2723670.0,
ESACC R,2723670.0,2723686 18 939.6 588.2 918.5 562.0 0.91 96
SFIX R,2723688.0,
EFIX R,2723688.0,2724116 430 924.2 575.3 876
SSACC R,2724118.0,
SBLINK R,2724170.0,
EBLINK R,2724170.0,2724328 160
ESACC R,2724118.0,2724402 286 935.4 589.2 950.5 558.3 0.93 507
SFIX R,2724404.0,
EFIX R,2724404.0,2724526 124 945.3 576.3 987
SSACC R,2724528.0,
ESACC R,2724528.0,2724548 22 940.2 581.9 977.9 553.5 1.28 111
SFIX R,2724550.0,
EFIX R,2724550.0,2725950 1402 962.8 572.7 993
SSACC R,2725952.0,
SBLINK R,2725998.0,
EBLINK R,2725998.0,2726140 144
ESACC R,2725952.0,2726184 234 955.2 599.3 948.1 534.6 1.76 445
SFIX R,2726186.0,
EFIX R,2726186.0,2726378 194 938.3 559.3 1021
SSACC R,2726380.0,
ESACC R,2726380.0,2726388 10 941.9 579.7 963.6 580.8 0.59 74
SFIX R,2726390.0,
EFIX R,2726390.0,2727150 762 965.4 587.1 1043
SSACC R,2727152.0,
ESACC R,2727152.0,2727166 16 970.4 590.4 949.9 561.6 0.96 100
SFIX R,2727168.0,
EFIX R,2727168.0,2727546 380 950.5 574.3 1059
SSACC R,2727548.0,
SBLINK R,2727572.0,
EBLINK R,2727572.0,2727720 150
ESACC R,2727548.0,2727780 234 941.6 604.2 982.9 537.3 2.13 575
SFIX R,2727782.0,
EFIX R,2727782.0,2727820 40 979.1 541.6 1087
SSACC R,2727822.0,
ESACC R,2727822.0,2727826 6 975.1 560.3 979.3 569.8 0.28 57
SFIX R,2727828.0,
EFIX R,2727828.0,2727898 72 976.1 586.1 1050
SSACC R,2727900.0,
ESACC R,2727900.0,2727916 18 977.9 590.1 959.3 559.2 0.98 84
SFIX R,2727918.0,
EFIX R,2727918.0,2728200 284 963.3 576.2 1050
SSACC R,2728202.0,
ESACC R,2728202.0,2728220 20 962.4 583.6 949.9 546.8 1.05 72
SFIX R,2728222.0,
EFIX R,2728222.0,2729368 1148 954.8 575.8 1039
SSACC R,2729370.0,
ESACC R,2729370.0,2729406 38 959.4 584.4 1109.6 594.8 4.07 214
SFIX R,2729408.0,
EFIX R,2729408.0,2729660 254 1097.5 601.9 1094
SSACC R,2729662.0,
ESACC R,2729662.0,2729692 32 1102.9 605.3 968.5 546.2 3.97 233
SFIX R,2729694.0,
EFIX R,2729694.0,2730172 480 961.3 567.1 1124
SSACC R,2730174.0,
SBLINK R,2730206.0,
EBLINK R,2730206.0,2730388 184
ESACC R,2730174.0,2730482 310 953.7 591.0 978.0 529.1 1.80 854
SFIX R,2730484.0,
EFIX R,2730484.0,2731656 1174 959.6 573.4 1034
SSACC R,2731658.0,
ESACC R,2731658.0,2731664 8 961.4 575.6 961.1 563.5 0.33 49
SFIX R,2731666.0,
EFIX R,2731666.0,2732274 610 963.8 569.7 1062
SSACC R,2732276.0,
ESACC R,2732276.0,2732280 6 964.3 571.5 969.6 561.0 0.32 44
SFIX R,2732282.0,
EFIX R,2732282.0,2732564 284 968.3 563.0 1075
SSACC R,2732566.0,
SBLINK R,2732586.0,
EBLINK R,2732586.0,2732756 172
ESACC R,2732566.0,2732802 238 952.6 599.3 974.7 483.4 3.20 744
SFIX R,2732804.0,
EFIX R,2732804.0,2732838 36 964.0 514.9 1092
SSACC R,2732840.0,
ESACC R,2732840.0,2732846 8 961.7 529.4 958.6 537.5 0.24 61
SFIX R,2732848.0,
EFIX R,2732848.0,2733696 850 959.7 560.0 1029
SSACC R,2733698.0,
ESACC R,2733698.0,2733708 12 945.7 561.8 965.0 542.3 0.74 74
SFIX R,2733710.0,
EFIX R,2733710.0,2735072 1364 970.6 567.3 1036
SSACC R,2735074.0,
ESACC R,2735074.0,2735104 32 981.3 569.7 986.6 569.5 0.14 59
SFIX R,2735106.0,
EFIX R,2735106.0,2735514 410 981.7 567.4 1060
SSACC R,2735516.0,
SBLINK R,2735536.0,
EBLINK R,2735536.0,2735710 176
ESACC R,2735516.0,2735766 252 955.3 586.2 973.5 495.8 2.50 713
SFIX R,2735768.0,
EFIX R,2735768.0,2737012 1246 963.8 568.6 1002
SSACC R,2737014.0,
ESACC R,2737014.0,2737026 14 972.1 580.0 956.5 553.5 0.83 80
SFIX R,2737028.0,
EFIX R,2737028.0,2738792 1766 965.1 568.3 1069
SSACC R,2738794.0,
SBLINK R,2738814.0,
EBLINK R,2738814.0,2738978 166
ESACC R,2738794.0,2739054 262 943.5 583.8 983.2 596.8 1.13 557
SFIX R,2739056.0,
EFIX R,2739056.0,2739160 106 981.2 599.8 1033
SSACC R,2739162.0,
ESACC R,2739162.0,2739178 18 977.4 602.8 966.2 555.7 1.31 101
SFIX R,2739180.0,
EFIX R,2739180.0,2740088 910 954.4 567.9 948
SSACC R,2740090.0,
ESACC R,2740090.0,2740106 18 952.6 582.0 951.3 551.4 0.83 73
SFIX R,2740108.0,
EFIX R,2740108.0,2741280 1174 964.3 576.4 1057
SSACC R,2741282.0,
SBLINK R,2741302.0,
EBLINK R,2741302.0,2741496 196
ESACC R,2741282.0,2741574 294 926.2 624.9 970.1 566.2 1.99 622
SFIX R,2741576.0,
EFIX R,2741576.0,2742454 880 958.3 570.7 989
SSACC R,2742456.0,
ESACC R,2742456.0,2742480 26 958.4 572.8 1000.9 565.0 1.17 75
SFIX R,2742482.0,
EFIX R,2742482.0,2742590 110 990.9 570.4 946
SSACC R,2742592.0,
ESACC R,2742592.0,2742624 34 995.0 570.4 967.4 577.7 0.77 83
SFIX R,2742626.0,
EFIX R,2742626.0,2743512 888 974.9 584.9 994
SSACC R,2743514.0,
ESACC R,2743514.0,2743526 14 975.6 590.7 954.7 570.7 0.78 85
SFIX R,2743528.0,
EFIX R,2743528.0,2744084 558 960.7 578.8 1003
SSACC R,2744086.0,
ESACC R,2744086.0,2744098 14 962.1 575.2 981.3 568.7 0.55 51
SFIX R,2744100.0,
EFIX R,2744100.0,2744910 812 979.2 574.0 1019
SSACC R,2744912.0,
SBLINK R,2744958.0,
EBLINK R,2744958.0,2745134 178
ESACC R,2744912.0,2745210 300 978.0 596.9 999.7 504.3 2.58 498
SFIX R,2745212.0,
EFIX R,2745212.0,2745694 484 991.6 549.7 1012
SSACC R,2745696.0,
ESACC R,2745696.0,2745702 8 978.9 555.1 965.9 557.9 0.36 59
SFIX R,2745704.0,
EFIX R,2745704.0,2746156 454 953.0 572.1 953
SSACC R,2746158.0,
ESACC R,2746158.0,2746174 18 957.1 574.6 974.2 554.4 0.72 57
SFIX R,2746176.0,
EFIX R,2746176.0,2746902 728 967.8 564.9 1019
SSACC R,2746904.0,
ESACC R,2746904.0,2746908 6 969.6 568.4 973.8 557.5 0.32 62
SFIX R,2746910.0,
EFIX R,2746910.0,2747392 484 971.5 560.3 1046
SSACC R,2747394.0,
ESACC R,2747394.0,2747398 6 977.1 568.4 974.4 552.1 0.45 63
SFIX R,2747400.0,
EFIX R,2747400.0,2747878 480 976.8 560.0 1044
SSACC R,2747880.0,
ESACC R,2747880.0,2747888 10 975.6 562.3 993.5 564.7 0.49 61
SFIX R,2747890.0,
EFIX R,2747890.0,2748322 434 993.6 569.6 989
SSACC R,2748324.0,
ESACC R,2748324.0,2748338 16 993.4 565.9 959.7 555.1 0.96 85
SFIX R,2748340.0,
EFIX R,2748340.0,2748610 272 962.8 568.7 1015
SSACC R,2748612.0,
SBLINK R,2748642.0,
EBLINK R,2748642.0,2748826 186
ESACC R,2748612.0,2748876 266 956.7 605.8 1003.9 507.5 2.96 419
SFIX R,2748878.0,
EFIX R,2748878.0,2748918 42 999.0 500.4 1069
SSACC R,2748920.0,
ESACC R,2748920.0,2748964 46 998.8 500.5 989.2 536.8 1.02 88
SFIX R,2748966.0,
EFIX R,2748966.0,2750868 1904 969.2 555.0 1082
SSACC R,2750870.0,
ESACC R,2750870.0,2750876 8 977.8 576.7 979.0 566.9 0.27 51
SFIX R,2750878.0,
EFIX R,2750878.0,2751872 996 989.5 559.9 1105
SSACC R,2751874.0,
SBLINK R,2751896.0,
EBLINK R,2751896.0,2752028 134
ESACC R,2751874.0,2752106 234 984.2 581.3 980.2 501.0 2.18 1016
SFIX R,2752108.0,
EFIX R,2752108.0,2752812 706 978.3 548.3 1065
SSACC R,2752814.0,
ESACC R,2752814.0,2752846 34 967.1 562.8 981.1 552.3 0.47 65
SFIX R,2752848.0,
EFIX R,2752848.0,2753474 628 965.3 557.4 1007
SSACC R,2753476.0,
ESACC R,2753476.0,2753482 8 966.9 558.6 974.6 546.4 0.39 55
SFIX R,2753484.0,
EFIX R,2753484.0,2753872 390 981.9 558.5 1079
SSACC R,2753874.0,
ESACC R,2753874.0,2753884 12 985.0 564.9 981.0 548.7 0.45 62
SFIX R,2753886.0,
EFIX R,2753886.0,2754692 808 982.0 564.2 1062
SSACC R,2754694.0,
ESACC R,2754694.0,2754702 10 991.2 563.9 1004.1 557.0 0.40 58
SFIX R,2754704.0,
EFIX R,2754704.0,2754878 176 1000.8 564.1 1021
SSACC R,2754880.0,
SBLINK R,2754926.0,
EBLINK R,2754926.0,2755078 154
ESACC R,2754880.0,2755150 272 991.8 583.9 984.0 536.6 1.30 710
SFIX R,2755152.0,
EFIX R,2755152.0,2755396 246 976.1 570.5 947
SSACC R,2755398.0,
ESACC R,2755398.0,2755402 6 983.0 570.4 991.1 569.1 0.22 59
SFIX R,2755404.0,
EFIX R,2755404.0,2757738 2336 972.4 577.9 959
SSACC R,2757740.0,
ESACC R,2757740.0,2757750 12 948.6 589.7 931.6 572.0 0.67 69
SFIX R,2757752.0,
EFIX R,2757752.0,2757830 80 920.9 572.8 938
SSACC R,2757832.0,
ESACC R,2757832.0,2757850 20 926.0 571.4 971.5 571.5 1.23 85
SFIX R,2757852.0,
EFIX R,2757852.0,2758338 488 960.1 582.3 904
SSACC R,2758340.0,
ESACC R,2758340.0,2758346 8 966.5 592.5 956.7 584.4 0.34 50
SFIX R,2758348.0,
EFIX R,2758348.0,2759342 996 951.0 584.0 870
SSACC R,2759344.0,
ESACC R,2759344.0,2759354 12 944.5 580.5 934.0 572.4 0.36 59
SFIX R,2759356.0,
EFIX R,2759356.0,2759572 218 936.8 580.1 871
SSACC R,2759574.0,
SBLINK R,2759600.0,
EBLINK R,2759600.0,2759784 186
ESACC R,2759574.0,2759874 302 922.9 604.3 965.2 542.9 2.02 791
SFIX R,2759876.0,
EFIX R,2759876.0,2760024 150 960.1 547.2 781
SSACC R,2760026.0,
ESACC R,2760026.0,2760030 6 957.1 537.1 958.3 550.1 0.35 49
SFIX R,2760032.0,
EFIX R,2760032.0,2760454 424 954.9 563.9 746
SSACC R,2760456.0,
ESACC R,2760456.0,2760460 6 951.4 572.8 947.0 563.3 0.28 44
SFIX R,2760462.0,
EFIX R,2760462.0,2761006 546 940.2 561.1 694
SSACC R,2761008.0,
ESACC R,2761008.0,2761016 10 933.0 549.3 935.9 536.4 0.36 49
SFIX R,2761018.0,
EFIX R,2761018.0,2763184 2168 942.6 554.3 795
SSACC R,2763186.0,
SBLINK R,2763240.0,
EBLINK R,2763240.0,2763430 192
ESACC R,2763186.0,2763552 368 917.6 589.7 963.6 533.4 1.97 2340
SFIX R,2763554.0,
EFIX R,2763554.0,2764246 694 951.0 555.8 790
SSACC R,2764248.0,
ESACC R,2764248.0,2764252 6 953.2 565.5 949.9 558.4 0.21 60
SFIX R,2764254.0,
EFIX R,2764254.0,2764506 254 945.8 564.3 818
SSACC R,2764508.0,
ESACC R,2764508.0,2764518 12 949.8 569.4 945.0 550.3 0.53 52
SFIX R,2764520.0,
EFIX R,2764520.0,2766472 1954 957.0 550.8 1023
SSACC R,2766474.0,
SBLINK R,2766494.0,
EBLINK R,2766494.0,2766644 152
ESACC R,2766474.0,2766710 238 951.2 590.5 970.7 530.1 1.72 605
SFIX R,2766712.0,
EFIX R,2766712.0,2768518 1808 952.8 548.5 1012
SSACC R,2768520.0,
ESACC R,2768520.0,2768528 10 952.7 542.6 952.7 524.2 0.50 71
SFIX R,2768530.0,
EFIX R,2768530.0,2769166 638 958.5 534.0 1140
SSACC R,2769168.0,
ESACC R,2769168.0,2769178 12 966.4 547.0 981.2 526.9 0.68 63
SFIX R,2769180.0,
EFIX R,2769180.0,2769668 490 968.7 538.2 1144
SSACC R,2769670.0,
SBLINK R,2769692.0,
EBLINK R,2769692.0,2769844 154
ESACC R,2769670.0,2769906 238 937.2 556.5 981.8 497.8 2.00 597
SFIX R,2769908.0,
EFIX R,2769908.0,2770320 414 970.4 554.7 1078
SSACC R,2770322.0,
ESACC R,2770322.0,2770328 8 964.5 559.3 967.9 546.0 0.37 57
SFIX R,2770330.0,
EFIX R,2770330.0,2771068 740 963.7 558.7 1013
SSACC R,2771070.0,
ESACC R,2771070.0,2771076 8 955.0 572.6 952.3 555.8 0.46 77
SFIX R,2771078.0,
EFIX R,2771078.0,2772322 1246 957.2 565.4 1027
SSACC R,2772324.0,
ESACC R,2772324.0,2772334 12 970.5 571.5 950.1 551.8 0.77 81
SFIX R,2772336.0,
EFIX R,2772336.0,2772474 140 943.0 550.8 1042
SSACC R,2772476.0,
ESACC R,2772476.0,2772486 12 943.2 558.1 962.3 554.7 0.53 60
SFIX R,2772488.0,
EFIX R,2772488.0,2773372 886 964.6 568.8 1038
SSACC R,2773374.0,
ESACC R,2773374.0,2773390 18 958.5 589.1 951.6 549.0 1.10 95
SFIX R,2773392.0,
EFIX R,2773392.0,2774064 674 953.8 561.9 1026
SSACC R,2774066.0,
SBLINK R,2774104.0,
EBLINK R,2774104.0,2774260 158
ESACC R,2774066.0,2774318 254 954.6 576.4 982.6 527.2 1.53 596
SFIX R,2774320.0,
EFIX R,2774320.0,2775614 1296 954.9 562.5 852
SSACC R,2775616.0,
ESACC R,2775616.0,2775650 36 949.6 568.9 946.9 552.0 0.46 94
SFIX R,2775652.0,
EFIX R,2775652.0,2776702 1052 950.1 556.9 968
SSACC R,2776704.0,
SBLINK R,2776742.0,
EBLINK R,2776742.0,2776902 162
ESACC R,2776704.0,2776966 264 947.4 586.0 960.3 559.5 0.80 469
SFIX R,2776968.0,
EFIX R,2776968.0,2777166 200 959.1 583.6 935
SSACC R,2777168.0,
ESACC R,2777168.0,2777176 10 957.0 587.6 953.5 570.9 0.46 68
SFIX R,2777178.0,
EFIX R,2777178.0,2777736 560 957.0 571.1 953
SSACC R,2777738.0,
ESACC R,2777738.0,2777744 8 961.8 571.8 959.8 554.7 0.47 65
SFIX R,2777746.0,
EFIX R,2777746.0,2778836 1092 971.2 579.0 948
SSACC R,2778838.0,
ESACC R,2778838.0,2778850 14 978.5 582.8 982.5 560.6 0.61 63
SFIX R,2778852.0,
EFIX R,2778852.0,2780312 1462 969.0 576.8 1005
SSACC R,2780314.0,
SBLINK R,2780336.0,
EBLINK R,2780336.0,2780498 164
ESACC R,2780314.0,2780566 254 934.9 620.5 945.5 546.8 2.02 568
SFIX R,2780568.0,
EFIX R,2780568.0,2780762 196 941.2 587.8 917
SSACC R,2780764.0,
ESACC R,2780764.0,2780770 8 946.0 596.1 956.5 598.3 0.29 54
SFIX R,2780772.0,
EFIX R,2780772.0,2781080 310 963.1 596.8 923
SSACC R,2781082.0,
ESACC R,2781082.0,2781088 8 959.5 598.8 951.1 592.1 0.29 54
SFIX R,2781090.0,
EFIX R,2781090.0,2781726 638 942.7 600.5 852
SSACC R,2781728.0,
ESACC R,2781728.0,2781742 16 942.3 604.3 960.3 584.0 0.74 66
SFIX R,2781744.0,
EFIX R,2781744.0,2783658 1916 951.3 605.6 929
SSACC R,2783660.0,
ESACC R,2783660.0,2783670 12 953.4 613.4 946.0 587.5 0.73 71
SFIX R,2783672.0,
EFIX R,2783672.0,2784216 546 960.4 600.1 919
SSACC R,2784218.0,
SBLINK R,2784236.0,
EBLINK R,2784236.0,2784420 186
ESACC R,2784218.0,2784454 238 925.8 629.6 975.0 532.4 2.95 348
SFIX R,2784456.0,
EFIX R,2784456.0,2787336 2882 955.9 583.7 865
SSACC R,2787338.0,
SBLINK R,2787374.0,
EBLINK R,2787374.0,2787534 162
ESACC R,2787338.0,2787596 260 950.3 615.9 994.0 534.5 2.50 412
SFIX R,2787598.0,
EFIX R,2787598.0,2788250 654 980.6 572.6 918
SSACC R,2788252.0,
ESACC R,2788252.0,2788260 10 971.4 562.8 956.0 566.6 0.43 57
SFIX R,2788262.0,
EFIX R,2788262.0,2788394 134 949.5 570.7 863
SSACC R,2788396.0,
ESACC R,2788396.0,2788406 12 951.3 573.2 978.5 569.7 0.74 74
SFIX R,2788408.0,
EFIX R,2788408.0,2788594 188 973.4 576.4 877
SSACC R,2788596.0,
ESACC R,2788596.0,2788606 12 973.9 583.8 957.4 566.2 0.65 74
SFIX R,2788608.0,
EFIX R,2788608.0,2790536 1930 958.3 587.6 876
SSACC R,2790538.0,
ESACC R,2790538.0,2790546 10 951.6 605.4 952.8 582.6 0.62 67
SFIX R,2790548.0,
EFIX R,2790548.0,2791768 1222 955.1 592.4 935
SSACC R,2791770.0,
SBLINK R,2791820.0,
EBLINK R,2791820.0,2791950 132
ESACC R,2791770.0,2791986 218 951.6 611.1 968.8 561.6 1.42 491
SFIX R,2791988.0,
EFIX R,2791988.0,2794192 2206 944.4 583.4 834
SSACC R,2794194.0,
ESACC R,2794194.0,2794200 8 951.8 577.8 947.1 565.3 0.36 62
SFIX R,2794202.0,
EFIX R,2794202.0,2795526 1326 957.3 575.3 1010
SSACC R,2795528.0,
ESACC R,2795528.0,2795540 14 968.5 593.3 965.7 574.9 0.50 48
SFIX R,2795542.0,
EFIX R,2795542.0,2796156 616 963.6 578.5 1031
SSACC R,2796158.0,
ESACC R,2796158.0,2796176 20 963.3 585.8 964.5 543.5 1.15 100
SFIX R,2796178.0,
EFIX R,2796178.0,2796898 722 957.5 553.9 1064
SSACC R,2796900.0,
SBLINK R,2796940.0,
EBLINK R,2796940.0,2797090 152
ESACC R,2796900.0,2797172 274 935.2 592.2 950.8 527.3 1.81 670
SFIX R,2797174.0,
EFIX R,2797174.0,2797372 200 949.6 561.4 1013
SSACC R,2797374.0,
ESACC R,2797374.0,2797384 12 954.1 564.3 972.4 574.6 0.57 63
SFIX R,2797386.0,
EFIX R,2797386.0,2798086 702 968.5 564.4 961
SSACC R,2798088.0,
ESACC R,2798088.0,2798092 6 958.5 566.4 952.1 563.2 0.19 60
SFIX R,2798094.0,
EFIX R,2798094.0,2798168 76 944.6 558.9 940
SSACC R,2798170.0,
ESACC R,2798170.0,2798190 22 941.8 559.0 1003.1 540.9 1.73 138
SFIX R,2798192.0,
EFIX R,2798192.0,2798322 132 994.2 552.0 957
SSACC R,2798324.0,
ESACC R,2798324.0,2798342 20 995.1 553.2 953.0 549.4 1.15 106
SFIX R,2798344.0,
EFIX R,2798344.0,2798990 648 966.6 565.0 960
SSACC R,2798992.0,
ESACC R,2798992.0,2798996 6 970.1 572.6 965.6 559.6 0.37 57
SFIX R,2798998.0,
EFIX R,2798998.0,2799824 828 961.9 565.0 956
SSACC R,2799826.0,
ESACC R,2799826.0,2799836 12 957.2 590.9 962.1 572.0 0.53 56
SFIX R,2799838.0,
EFIX R,2799838.0,2801076 1240 952.8 588.5 926
SSACC R,2801078.0,
SBLINK R,2801096.0,
EBLINK R,2801096.0,2801252 158
ESACC R,2801078.0,2801306 230 922.0 625.1 958.6 609.2 1.08 420
SFIX R,2801308.0,
EFIX R,2801308.0,2801520 214 960.8 604.8 894
SSACC R,2801522.0,
ESACC R,2801522.0,2801528 8 969.4 599.8 966.9 586.1 0.38 61
SFIX R,2801530.0,
EFIX R,2801530.0,2801846 318 965.8 589.0 940
SSACC R,2801848.0,
ESACC R,2801848.0,2801860 14 963.1 587.4 958.5 564.6 0.63 63
SFIX R,2801862.0,
EFIX R,2801862.0,2802922 1062 964.9 578.8 982
SSACC R,2802924.0,
ESACC R,2802924.0,2802932 10 968.6 587.4 954.5 575.0 0.51 58
SFIX R,2802934.0,
EFIX R,2802934.0,2803446 514 954.1 570.4 1146
SSACC R,2803448.0,
ESACC R,2803448.0,2803460 14 964.1 572.7 985.4 563.0 0.63 70
SFIX R,2803462.0,
EFIX R,2803462.0,2803792 332 979.8 566.7 1167
SSACC R,2803794.0,
ESACC R,2803794.0,2803804 12 976.5 564.2 964.6 549.4 0.51 60
SFIX R,2803806.0,
EFIX R,2803806.0,2804286 482 968.4 560.8 1159
SSACC R,2804288.0,
SBLINK R,2804336.0,
EBLINK R,2804336.0,2804446 112
ESACC R,2804288.0,2804500 214 962.9 574.7 971.4 547.1 0.78 681
SFIX R,2804502.0,
EFIX R,2804502.0,2804702 202 968.3 590.8 1077
SSACC R,2804704.0,
ESACC R,2804704.0,2804714 12 969.2 591.7 969.4 569.6 0.60 66
SFIX R,2804716.0,
EFIX R,2804716.0,2806202 1488 965.7 577.1 996
SSACC R,2806204.0,
ESACC R,2806204.0,2806218 16 962.6 582.7 982.7 566.8 0.69 62
SFIX R,2806220.0,
EFIX R,2806220.0,2808480 2262 966.1 583.2 1041
SSACC R,2808482.0,
ESACC R,2808482.0,2808492 12 972.0 588.6 966.0 562.6 0.72 81
SFIX R,2808494.0,
EFIX R,2808494.0,2809738 1246 974.2 562.1 1091
SSACC R,2809740.0,
ESACC R,2809740.0,2809748 10 988.2 562.7 978.9 553.0 0.36 53
SFIX R,2809750.0,
EFIX R,2809750.0,2810478 730 968.9 566.8 1039
SSACC R,2810480.0,
SBLINK R,2810522.0,
EBLINK R,2810522.0,2810706 186
ESACC R,2810480.0,2810758 280 948.2 584.5 965.9 561.5 0.79 353
SFIX R,2810760.0,
EFIX R,2810760.0,2810984 226 960.8 577.2 915
SSACC R,2810986.0,
ESACC R,2810986.0,2810996 12 963.9 576.6 985.1 573.5 0.58 64
SFIX R,2810998.0,
EFIX R,2810998.0,2812892 1896 980.4 575.5 940
SSACC R,2812894.0,
ESACC R,2812894.0,2812898 6 976.8 578.5 979.6 571.8 0.20 51
SFIX R,2812900.0,
EFIX R,2812900.0,2814492 1594 986.0 592.9 1033
SSACC R,2814494.0,
ESACC R,2814494.0,2814510 18 979.4 604.0 972.1 564.3 1.09 82
SFIX R,2814512.0,
EFIX R,2814512.0,2815440 930 972.5 577.6 1035
SSACC R,2815442.0,
SBLINK R,2815464.0,
EBLINK R,2815464.0,2815634 172
ESACC R,2815442.0,2815694 254 940.8 611.1 971.6 577.7 1.23 582
SFIX R,2815696.0,
EFIX R,2815696.0,2816026 332 966.7 607.0 985
SSACC R,2816028.0,
ESACC R,2816028.0,2816050 24 953.7 608.0 951.5 566.2 1.13 88
SFIX R,2816052.0,
EFIX R,2816052.0,2816934 884 965.0 587.2 943
SSACC R,2816936.0,
ESACC R,2816936.0,2816942 8 973.0 586.1 971.5 600.1 0.38 55
SFIX R,2816944.0,
EFIX R,2816944.0,2817180 238 980.3 592.2 1011
SSACC R,2817182.0,
ESACC R,2817182.0,2817196 16 979.6 599.5 978.6 575.8 0.64 52
SFIX R,2817198.0,
EFIX R,2817198.0,2817916 720 984.9 580.8 1042
SSACC R,2817918.0,
ESACC R,2817918.0,2817928 12 986.5 583.0 981.1 558.2 0.69 72
SFIX R,2817930.0,
EFIX R,2817930.0,2819564 1636 977.6 570.1 1077
SSACC R,2819566.0,
SBLINK R,2819618.0,
EBLINK R,2819618.0,2819756 140
ESACC R,2819566.0,2819820 256 985.2 599.0 994.2 563.0 1.01 587
SFIX R,2819822.0,
EFIX R,2819822.0,2820036 216 988.9 613.1 1016
SSACC R,2820038.0,
ESACC R,2820038.0,2820044 8 987.9 618.3 991.7 604.7 0.38 56
SFIX R,2820046.0,
EFIX R,2820046.0,2821806 1762 986.2 597.7 999
SSACC R,2821808.0,
ESACC R,2821808.0,2821818 12 981.2 599.6 967.8 574.7 0.77 81
SFIX R,2821820.0,
EFIX R,2821820.0,2822862 1044 976.7 593.3 1062
SSACC R,2822864.0,
ESACC R,2822864.0,2822870 8 977.2 606.9 977.8 595.7 0.30 52
SFIX R,2822872.0,
EFIX R,2822872.0,2824364 1494 973.8 598.7 985
SSACC R,2824366.0,
ESACC R,2824366.0,2824374 10 972.3 607.9 966.9 593.7 0.41 49
SFIX R,2824376.0,
EFIX R,2824376.0,2829304 4930 980.0 597.9 945
SSACC R,2829306.0,
ESACC R,2829306.0,2829314 10 983.3 595.7 966.1 591.9 0.48 58
SFIX R,2829316.0,
EFIX R,2829316.0,2829394 80 966.3 586.7 848
SSACC R,2829396.0,
ESACC R,2829396.0,2829418 24 966.9 587.7 1013.3 581.5 1.27 76
SFIX R,2829420.0,
EFIX R,2829420.0,2829558 140 1002.5 589.6 846
SSACC R,2829560.0,
ESACC R,2829560.0,2829568 10 995.1 600.1 976.7 592.4 0.54 63
SFIX R,2829570.0,
EFIX R,2829570.0,2830504 936 978.9 594.4 853
SSACC R,2830506.0,
SBLINK R,2830570.0,
EBLINK R,2830570.0,2830756 188
ESACC R,2830506.0,2830856 352 971.9 596.1 982.5 580.9 0.50 2055
SFIX R,2830858.0,
EFIX R,2830858.0,2831556 700 958.9 596.9 757
SSACC R,2831558.0,
ESACC R,2831558.0,2831566 10 946.5 590.6 962.0 578.2 0.54 64
SFIX R,2831568.0,
EFIX R,2831568.0,2833508 1942 964.6 585.2 907
SSACC R,2833510.0,
ESACC R,2833510.0,2833526 18 974.2 594.4 1003.1 575.1 0.94 70
SFIX R,2833528.0,
EFIX R,2833528.0,2833656 130 1000.7 578.9 986
SSACC R,2833658.0,
ESACC R,2833658.0,2833668 12 995.7 583.5 970.5 577.1 0.70 79
SFIX R,2833670.0,
EFIX R,2833670.0,2834976 1308 975.0 599.5 959
SSACC R,2834978.0,
ESACC R,2834978.0,2834986 10 963.0 609.1 966.3 592.0 0.47 57
SFIX R,2834988.0,
EFIX R,2834988.0,2835624 638 968.0 597.6 921
SSACC R,2835626.0,
SBLINK R,2835678.0,
EBLINK R,2835678.0,2835828 152
ESACC R,2835626.0,2835884 260 967.0 605.9 977.2 557.0 1.35 349
SFIX R,2835886.0,
EFIX R,2835886.0,2836352 468 961.2 608.7 874
SSACC R,2836354.0,
ESACC R,2836354.0,2836366 14 966.6 611.5 987.4 587.2 0.87 76
SFIX R,2836368.0,
EFIX R,2836368.0,2837076 710 971.2 590.3 820
SSACC R,2837078.0,
ESACC R,2837078.0,2837084 8 970.4 595.5 956.4 587.9 0.43 60
SFIX R,2837086.0,
EFIX R,2837086.0,2837546 462 949.9 601.3 893
SSACC R,2837548.0,
ESACC R,2837548.0,2837560 14 954.4 606.7 977.8 592.4 0.74 67
SFIX R,2837562.0,
EFIX R,2837562.0,2837724 164 979.3 597.3 903
SSACC R,2837726.0,
ESACC R,2837726.0,2837736 12 978.2 593.2 958.0 592.6 0.55 64
SFIX R,2837738.0,
EFIX R,2837738.0,2838492 756 960.7 592.4 909
SSACC R,2838494.0,
ESACC R,2838494.0,2838510 18 954.9 593.3 975.1 573.1 0.77 74
SFIX R,2838512.0,
EFIX R,2838512.0,2839390 880 968.7 589.3 938
SSACC R,2839392.0,
SBLINK R,2839424.0,
EBLINK R,2839424.0,2839618 196
ESACC R,2839392.0,2839670 280 944.3 627.9 959.4 560.5 1.87 567
SFIX R,2839672.0,
EFIX R,2839672.0,2839924 254 952.7 581.5 782
SSACC R,2839926.0,
ESACC R,2839926.0,2839936 12 951.1 575.0 974.5 568.0 0.66 67
SFIX R,2839938.0,
EFIX R,2839938.0,2841994 2058 958.8 584.5 808
SSACC R,2841996.0,
ESACC R,2841996.0,2842004 10 948.2 595.4 971.2 596.7 0.62 74
SFIX R,2842006.0,
EFIX R,2842006.0,2842360 356 969.6 601.2 934
SSACC R,2842362.0,
SBLINK R,2842382.0,
EBLINK R,2842382.0,2842546 166
ESACC R,2842362.0,2842610 250 939.8 615.8 986.3 598.1 1.35 385
SFIX R,2842612.0,
EFIX R,2842612.0,2842754 144 979.6 618.0 892
SSACC R,2842756.0,
ESACC R,2842756.0,2842776 22 977.1 625.7 963.3 582.2 1.24 78
SFIX R,2842778.0,
EFIX R,2842778.0,2843376 600 961.9 592.4 894
SSACC R,2843378.0,
ESACC R,2843378.0,2843384 8 952.9 586.2 948.9 574.0 0.35 48
SFIX R,2843386.0,
EFIX R,2843386.0,2843790 406 947.4 581.7 852
SSACC R,2843792.0,
ESACC R,2843792.0,2843808 18 946.8 585.8 981.9 565.6 1.10 90
SFIX R,2843810.0,
EFIX R,2843810.0,2843938 130 986.5 576.0 864
SSACC R,2843940.0,
ESACC R,2843940.0,2843954 16 981.5 584.7 953.1 587.1 0.77 61
SFIX R,2843956.0,
EFIX R,2843956.0,2844392 438 950.6 594.0 878
SSACC R,2844394.0,
ESACC R,2844394.0,2844406 14 950.6 590.9 943.0 566.4 0.70 72
SFIX R,2844408.0,
EFIX R,2844408.0,2846026 1620 944.1 592.8 832
SSACC R,2846028.0,
ESACC R,2846028.0,2846044 18 941.8 597.4 940.8 568.9 0.77 54
SFIX R,2846046.0,
EFIX R,2846046.0,2847366 1322 944.9 591.9 811
SSACC R,2847368.0,
SBLINK R,2847438.0,
EBLINK R,2847438.0,2847612 176
ESACC R,2847368.0,2847664 298 941.4 606.2 974.7 506.7 2.84 2084
SFIX R,2847666.0,
EFIX R,2847666.0,2849066 1402 945.3 573.5 759
SSACC R,2849068.0,
ESACC R,2849068.0,2849080 14 952.5 578.1 938.6 560.3 0.61 84
SFIX R,2849082.0,
EFIX R,2849082.0,2849684 604 934.5 579.1 883
SSACC R,2849686.0,
ESACC R,2849686.0,2849696 12 943.7 582.3 952.0 568.9 0.43 59
SFIX R,2849698.0,
EFIX R,2849698.0,2850278 582 946.6 581.7 925
SSACC R,2850280.0,
ESACC R,2850280.0,2850286 8 946.7 576.3 933.1 572.3 0.38 60
SFIX R,2850288.0,
EFIX R,2850288.0,2850820 534 938.6 576.4 940
SSACC R,2850822.0,
SBLINK R,2850864.0,
EBLINK R,2850864.0,2851044 182
ESACC R,2850822.0,2851108 288 937.1 601.4 972.7 606.4 0.97 350
SFIX R,2851110.0,
EFIX R,2851110.0,2851204 96 964.2 624.7 850
SSACC R,2851206.0,
ESACC R,2851206.0,2851212 8 957.4 613.9 953.9 596.6 0.48 72
SFIX R,2851214.0,
EFIX R,2851214.0,2852756 1544 953.0 576.4 828
SSACC R,2852758.0,
ESACC R,2852758.0,2852806 50 964.6 580.7 1205.7 620.6 6.58 286
SFIX R,2852808.0,
EFIX R,2852808.0,2852966 160 1193.3 619.5 930
SSACC R,2852968.0,
ESACC R,2852968.0,2853004 38 1189.2 620.7 969.3 540.3 6.31 332
SFIX R,2853006.0,
EFIX R,2853006.0,2854774 1770 958.5 569.4 1016
SSACC R,2854776.0,
SBLINK R,2854824.0,
EBLINK R,2854824.0,2854988 166
ESACC R,2854776.0,2855042 268 951.7 588.6 994.4 527.7 2.02 638
SFIX R,2855044.0,
EFIX R,2855044.0,2855176 134 985.3 593.4 998
SSACC R,2855178.0,
ESACC R,2855178.0,2855194 18 978.9 621.1 982.1 576.7 1.21 92
SFIX R,2855196.0,
EFIX R,2855196.0,2855488 294 973.3 590.0 988
SSACC R,2855490.0,
ESACC R,2855490.0,2855498 10 966.3 587.8 957.4 576.4 0.39 48
SFIX R,2855500.0,
EFIX R,2855500.0,2855944 446 945.3 580.3 963
SSACC R,2855946.0,
ESACC R,2855946.0,2855956 12 949.8 580.1 966.3 566.5 0.58 73
SFIX R,2855958.0,
EFIX R,2855958.0,2857212 1256 971.6 564.9 1058
SSACC R,2857214.0,
ESACC R,2857214.0,2857220 8 970.3 559.2 963.1 544.8 0.44 61
SFIX R,2857222.0,
EFIX R,2857222.0,2857402 182 958.8 553.2 1081
SSACC R,2857404.0,
SBLINK R,2857426.0,
EBLINK R,2857426.0,2857588 164
ESACC R,2857404.0,2857666 264 934.7 586.5 1007.4 530.8 2.48 805
SFIX R,2857668.0,
EFIX R,2857668.0,2857778 112 1002.2 562.2 1041
SSACC R,2857780.0,
ESACC R,2857780.0,2857788 10 996.9 567.0 980.9 555.9 0.53 60
SFIX R,2857790.0,
EFIX R,2857790.0,2858070 282 975.6 571.3 1034
SSACC R,2858072.0,
ESACC R,2858072.0,2858084 14 976.2 574.1 969.8 548.9 0.70 61
SFIX R,2858086.0,
EFIX R,2858086.0,2860442 2358 967.8 576.4 932
SSACC R,2860444.0,
ESACC R,2860444.0,2860448 6 972.4 573.6 977.6 567.7 0.21 54
SFIX R,2860450.0,
EFIX R,2860450.0,2862850 2402 972.6 580.4 965
SSACC R,2862852.0,
ESACC R,2862852.0,2862868 18 968.4 598.2 979.0 564.5 0.96 67
SFIX R,2862870.0,
EFIX R,2862870.0,2864764 1896 978.7 593.4 984
SSACC R,2864766.0,
ESACC R,2864766.0,2864774 10 971.0 603.2 968.8 582.5 0.56 70
SFIX R,2864776.0,
EFIX R,2864776.0,2870354 5580 954.0 602.5 764
SSACC R,2870356.0,
ESACC R,2870356.0,2870364 10 940.1 590.7 922.5 582.3 0.53 66
SFIX R,2870366.0,
EFIX R,2870366.0,2870458 94 922.0 583.0 726
SSACC R,2870460.0,
ESACC R,2870460.0,2870482 24 922.6 589.7 967.7 571.0 1.32 90
SFIX R,2870484.0,
EFIX R,2870484.0,2870618 136 964.9 579.7 681
SSACC R,2870620.0,
ESACC R,2870620.0,2870630 12 961.1 579.6 932.8 567.6 0.83 93
SFIX R,2870632.0,
EFIX R,2870632.0,2870822 192 917.5 569.6 641
SSACC R,2870824.0,
ESACC R,2870824.0,2870832 10 928.7 575.0 939.9 564.0 0.43 54
SFIX R,2870834.0,
EFIX R,2870834.0,2871492 660 939.7 564.8 625
SSACC R,2871494.0,
SBLINK R,2871538.0,
EBLINK R,2871538.0,2871728 192
ESACC R,2871494.0,2871770 278 922.0 589.8 974.9 507.3 2.66 1120
SFIX R,2871772.0,
EFIX R,2871772.0,2872020 250 957.8 546.3 561
SSACC R,2872022.0,
ESACC R,2872022.0,2872028 8 946.8 552.0 934.3 557.4 0.37 56
SFIX R,2872030.0,
EFIX R,2872030.0,2872310 282 924.1 563.2 585
SSACC R,2872312.0,
ESACC R,2872312.0,2872326 16 917.9 571.1 940.0 558.2 0.69 63
SFIX R,2872328.0,
EFIX R,2872328.0,2873664 1338 926.0 557.0 574
SSACC R,2873666.0,
ESACC R,2873666.0,2873670 6 924.1 562.2 919.7 551.7 0.31 61
SFIX R,2873672.0,
EFIX R,2873672.0,2874158 488 921.8 561.3 607
SSACC R,2874160.0,
ESACC R,2874160.0,2874170 12 927.4 571.5 941.2 551.8 0.65 70
SFIX R,2874172.0,
EFIX R,2874172.0,2874452 282 942.0 562.1 654
SSACC R,2874454.0,
ESACC R,2874454.0,2874464 12 938.5 565.8 967.1 570.1 0.78 85
SFIX R,2874466.0,
EFIX R,2874466.0,2874576 112 961.9 566.9 653
SSACC R,2874578.0,
ESACC R,2874578.0,2874590 14 955.7 567.8 917.4 553.7 1.11 94
SFIX R,2874592.0,
EFIX R,2874592.0,2875856 1266 926.1 575.2 721
SSACC R,2875858.0,
ESACC R,2875858.0,2875866 10 934.0 588.1 954.4 585.9 0.56 72
SFIX R,2875868.0,
EFIX R,2875868.0,2876048 182 955.8 584.3 755
SSACC R,2876050.0,
ESACC R,2876050.0,2876060 12 950.5 588.2 932.9 585.0 0.48 62
SFIX R,2876062.0,
EFIX R,2876062.0,2877370 1310 920.8 565.4 598
SSACC R,2877372.0,
ESACC R,2877372.0,2877378 8 924.2 557.8 909.9 548.8 0.46 54
SFIX R,2877380.0,
EFIX R,2877380.0,2877448 70 904.3 555.1 577
SSACC R,2877450.0,
ESACC R,2877450.0,2877462 14 910.6 551.7 942.2 565.7 0.94 84
SFIX R,2877464.0,
EFIX R,2877464.0,2877548 86 946.4 565.8 576
SSACC R,2877550.0,
ESACC R,2877550.0,2877584 36 951.2 573.8 931.6 557.9 0.68 60
SFIX R,2877586.0,
EFIX R,2877586.0,2878100 516 923.5 556.5 575
SSACC R,2878102.0,
ESACC R,2878102.0,2878106 6 917.6 544.5 927.0 555.8 0.40 54
SFIX R,2878108.0,
EFIX R,2878108.0,2878564 458 930.1 553.5 594
SSACC R,2878566.0,
ESACC R,2878566.0,2878570 6 930.0 558.2 922.0 562.0 0.24 45
SFIX R,2878572.0,
EFIX R,2878572.0,2878672 102 916.4 566.3 639
SSACC R,2878674.0,
ESACC R,2878674.0,2878690 18 916.1 569.7 955.1 565.4 1.06 96
SFIX R,2878692.0,
EFIX R,2878692.0,2878756 66 957.9 574.5 656
SSACC R,2878758.0,
SBLINK R,2878800.0,
EBLINK R,2878800.0,2879014 216
ESACC R,2878758.0,2879084 328 945.3 586.4 919.2 502.8 2.37 2155
SFIX R,2879086.0,
EFIX R,2879086.0,2880230 1146 919.8 558.7 600
SSACC R,2880232.0,
ESACC R,2880232.0,2880240 10 928.3 569.1 921.4 552.6 0.48 50
SFIX R,2880242.0,
EFIX R,2880242.0,2882102 1862 918.3 563.8 632
SSACC R,2882104.0,
ESACC R,2882104.0,2882112 10 913.1 564.7 933.0 551.8 0.64 77
SFIX R,2882114.0,
EFIX R,2882114.0,2882242 130 938.1 549.4 633
SSACC R,2882244.0,
ESACC R,2882244.0,2882256 14 938.0 547.4 906.7 548.2 0.85 63
SFIX R,2882258.0,
EFIX R,2882258.0,2882536 280 906.4 551.1 607
SSACC R,2882538.0,
ESACC R,2882538.0,2882550 14 917.3 549.0 888.3 543.8 0.80 73
SFIX R,2882552.0,
EFIX R,2882552.0,2882654 104 881.7 547.7 607
SSACC R,2882656.0,
ESACC R,2882656.0,2882670 16 884.4 547.8 918.7 549.5 0.93 88
SFIX R,2882672.0,
EFIX R,2882672.0,2883882 1212 920.9 542.3 540
SSACC R,2883884.0,
ESACC R,2883884.0,2883898 16 929.2 540.2 908.8 535.8 0.57 74
SFIX R,2883900.0,
EFIX R,2883900.0,2885068 1170 925.0 546.8 561
SSACC R,2885070.0,
ESACC R,2885070.0,2885076 8 923.3 517.0 933.3 528.4 0.41 61
SFIX R,2885078.0,
EFIX R,2885078.0,2885668 592 928.7 555.6 599
SSACC R,2885670.0,
ESACC R,2885670.0,2885684 16 925.5 578.7 905.4 549.4 0.96 77
SFIX R,2885686.0,
EFIX R,2885686.0,2886188 504 911.5 570.9 671
SSACC R,2886190.0,
ESACC R,2886190.0,2886200 12 919.9 577.0 923.8 560.5 0.46 44
SFIX R,2886202.0,
EFIX R,2886202.0,2886346 146 925.9 559.1 702
SSACC R,2886348.0,
ESACC R,2886348.0,2886352 6 925.3 554.6 925.0 569.2 0.40 49
SFIX R,2886354.0,
EFIX R,2886354.0,2886406 54 916.1 582.7 703
SSACC R,2886408.0,
SBLINK R,2886434.0,
EBLINK R,2886434.0,2886600 168
ESACC R,2886408.0,2886664 258 904.6 595.3 907.5 570.7 0.67 1753
SFIX R,2886666.0,
EFIX R,2886666.0,2886804 140 901.1 584.1 658
SSACC R,2886806.0,
ESACC R,2886806.0,2886818 14 895.9 590.5 917.9 578.8 0.68 58
SFIX R,2886820.0,
EFIX R,2886820.0,2887028 210 918.8 585.1 689
SSACC R,2887030.0,
ESACC R,2887030.0,2887042 14 920.5 579.6 905.3 564.5 0.58 57
SFIX R,2887044.0,
EFIX R,2887044.0,2888596 1554 913.3 573.3 718
SSACC R,2888598.0,
ESACC R,2888598.0,2888602 6 906.3 571.2 913.7 567.9 0.22 66
SFIX R,2888604.0,
EFIX R,2888604.0,2889016 414 922.3 570.1 812
SSACC R,2889018.0,
ESACC R,2889018.0,2889028 12 920.3 575.5 906.9 562.9 0.50 55
SFIX R,2889030.0,
EFIX R,2889030.0,2889106 78 905.4 561.2 858
SSACC R,2889108.0,
ESACC R,2889108.0,2889126 20 906.2 559.2 952.7 562.1 1.26 82
SFIX R,2889128.0,
EFIX R,2889128.0,2890264 1138 920.0 578.4 762
SSACC R,2890266.0,
ESACC R,2890266.0,2890284 20 912.7 582.6 911.1 560.6 0.60 50
SFIX R,2890286.0,
EFIX R,2890286.0,2891416 1132 921.8 573.9 713
SSACC R,2891418.0,
ESACC R,2891418.0,2891424 8 916.8 571.2 909.6 559.7 0.37 61
SFIX R,2891426.0,
EFIX R,2891426.0,2891764 340 913.7 566.0 646
SSACC R,2891766.0,
ESACC R,2891766.0,2891794 30 925.0 555.8 935.1 554.0 0.28 59
SFIX R,2891796.0,
EFIX R,2891796.0,2891910 116 934.1 541.2 570
SSACC R,2891912.0,
ESACC R,2891912.0,2891924 14 929.4 545.4 900.8 540.7 0.79 63
SFIX R,2891926.0,
EFIX R,2891926.0,2892206 282 905.0 545.9 557
SSACC R,2892208.0,
ESACC R,2892208.0,2892244 38 920.8 549.1 874.9 540.3 1.27 80
SFIX R,2892246.0,
EFIX R,2892246.0,2892360 116 877.1 546.8 569
SSACC R,2892362.0,
ESACC R,2892362.0,2892368 8 886.9 548.7 901.8 545.7 0.41 61
SFIX R,2892370.0,
EFIX R,2892370.0,2893646 1278 902.5 541.7 513
SSACC R,2893648.0,
ESACC R,2893648.0,2893678 32 911.3 546.6 910.9 537.2 0.25 50
SFIX R,2893680.0,
EFIX R,2893680.0,2893768 90 913.2 544.1 486
SSACC R,2893770.0,
ESACC R,2893770.0,2893782 14 909.8 557.5 913.6 536.3 0.58 68
SFIX R,2893784.0,
EFIX R,2893784.0,2893858 76 912.9 546.2 486
SSACC R,2893860.0,
ESACC R,2893860.0,2893864 6 909.3 540.2 912.4 545.1 0.16 50
SFIX R,2893866.0,
EFIX R,2893866.0,2895170 1306 908.1 547.7 568
SSACC R,2895172.0,
ESACC R,2895172.0,2895182 12 915.3 554.2 896.3 541.7 0.62 69
SFIX R,2895184.0,
EFIX R,2895184.0,2895340 158 902.4 557.0 660
SSACC R,2895342.0,
SBLINK R,2895386.0,
EBLINK R,2895386.0,2895580 196
ESACC R,2895342.0,2895644 304 884.9 585.3 956.5 488.6 3.26 1859
SFIX R,2895646.0,
EFIX R,2895646.0,2896096 452 912.4 531.7 575
SSACC R,2896098.0,
ESACC R,2896098.0,2896116 20 919.2 556.6 897.8 531.0 0.90 91
SFIX R,2896118.0,
EFIX R,2896118.0,2896812 696 908.3 542.9 626
SSACC R,2896814.0,
SBLINK R,2896848.0,
EBLINK R,2896848.0,2896984 138
ESACC R,2896814.0,2897026 214 911.2 558.3 914.0 554.5 0.13 2117
SFIX R,2897028.0,
EFIX R,2897028.0,2897126 100 911.0 588.7 747
SSACC R,2897128.0,
ESACC R,2897128.0,2897146 20 899.2 593.6 903.4 557.8 0.98 79
SFIX R,2897148.0,
EFIX R,2897148.0,2897600 454 914.6 568.3 746
SSACC R,2897602.0,
ESACC R,2897602.0,2897608 8 907.2 575.0 909.2 557.2 0.49 64
SFIX R,2897610.0,
EFIX R,2897610.0,2898196 588 907.1 554.8 630
SSACC R,2898198.0,
SBLINK R,2898216.0,
EBLINK R,2898216.0,2898332 118
ESACC R,2898198.0,2898372 176 889.1 570.9 903.3 552.5 0.63 2163
SFIX R,2898374.0,
EFIX R,2898374.0,2898520 148 906.2 577.3 711
SSACC R,2898522.0,
ESACC R,2898522.0,2898534 14 912.4 580.5 910.5 553.7 0.73 73
SFIX R,2898536.0,
EFIX R,2898536.0,2899472 938 918.7 558.8 758
SSACC R,2899474.0,
ESACC R,2899474.0,2899480 8 911.0 568.7 906.9 554.9 0.39 53
SFIX R,2899482.0,
EFIX R,2899482.0,2900324 844 909.8 567.8 727
SSACC R,2900326.0,
ESACC R,2900326.0,2900330 6 928.7 576.9 925.4 573.9 0.12 40
SFIX R,2900332.0,
EFIX R,2900332.0,2900620 290 933.1 574.2 810
SSACC R,2900622.0,
ESACC R,2900622.0,2900626 6 936.8 579.1 928.6 572.7 0.28 56
SFIX R,2900628.0,
EFIX R,2900628.0,2901036 410 922.2 579.7 828
SSACC R,2901038.0,
ESACC R,2901038.0,2901044 8 917.1 582.9 903.3 571.1 0.49 65
SFIX R,2901046.0,
EFIX R,2901046.0,2902370 1326 916.8 572.3 798
SSACC R,2902372.0,
SBLINK R,2902410.0,
EBLINK R,2902410.0,2902570 162
ESACC R,2902372.0,2902610 240 895.5 592.1 952.5 506.8 2.78 1218
SFIX R,2902612.0,
EFIX R,2902612.0,2902870 260 933.8 552.4 634
SSACC R,2902872.0,
ESACC R,2902872.0,2902882 12 935.7 562.6 920.9 553.4 0.47 51
SFIX R,2902884.0,
EFIX R,2902884.0,2904170 1288 905.4 547.9 624
SSACC R,2904172.0,
ESACC R,2904172.0,2904180 10 904.4 562.0 924.8 564.8 0.56 64
SFIX R,2904182.0,
EFIX R,2904182.0,2904948 768 919.1 575.4 742
SSACC R,2904950.0,
ESACC R,2904950.0,2904956 8 924.8 583.0 918.6 570.4 0.38 60
SFIX R,2904958.0,
EFIX R,2904958.0,2905580 624 918.2 565.6 737
SSACC R,2905582.0,
ESACC R,2905582.0,2905586 6 915.8 564.0 925.1 560.8 0.27 48
SFIX R,2905588.0,
EFIX R,2905588.0,2905734 148 930.1 570.8 754
SSACC R,2905736.0,
SBLINK R,2905774.0,
EBLINK R,2905774.0,2905944 172
ESACC R,2905736.0,2905980 246 916.2 587.2 945.1 493.2 2.67 1765
SFIX R,2905982.0,
EFIX R,2905982.0,2906008 28 936.9 509.5 752
SSACC R,2906010.0,
ESACC R,2906010.0,2906014 6 931.3 520.3 930.5 536.4 0.44 86
SFIX R,2906016.0,
EFIX R,2906016.0,2906248 234 918.7 559.7 715
SSACC R,2906250.0,
ESACC R,2906250.0,2906260 12 916.8 556.5 930.5 543.3 0.52 61
SFIX R,2906262.0,
EFIX R,2906262.0,2907464 1204 927.4 563.2 736
SSACC R,2907466.0,
ESACC R,2907466.0,2907470 6 941.6 575.4 935.8 570.0 0.21 60
SFIX R,2907472.0,
EFIX R,2907472.0,2907760 290 928.9 576.3 817
SSACC R,2907762.0,
ESACC R,2907762.0,2907770 10 932.8 585.7 947.2 574.2 0.50 70
SFIX R,2907772.0,
EFIX R,2907772.0,2907934 164 946.1 571.7 810
SSACC R,2907936.0,
ESACC R,2907936.0,2907940 6 946.2 572.6 940.1 573.1 0.17 53
SFIX R,2907942.0,
EFIX R,2907942.0,2909240 1300 927.7 580.2 755
SSACC R,2909242.0,
ESACC R,2909242.0,2909254 14 921.1 585.3 914.4 566.4 0.54 67
SFIX R,2909256.0,
EFIX R,2909256.0,2910774 1520 916.6 568.9 757
SSACC R,2910776.0,
ESACC R,2910776.0,2910782 8 910.9 581.4 903.1 575.5 0.27 42
SFIX R,2910784.0,
EFIX R,2910784.0,2910916 134 894.0 574.0 764
SSACC R,2910918.0,
ESACC R,2910918.0,2910930 14 898.6 577.2 922.5 589.0 0.72 64
SFIX R,2910932.0,
EFIX R,2910932.0,2911208 278 917.8 582.4 742
SSACC R,2911210.0,
ESACC R,2911210.0,2911214 6 915.3 582.3 911.9 572.3 0.29 59
SFIX R,2911216.0,
EFIX R,2911216.0,2911316 102 909.9 567.4 724
SSACC R,2911318.0,
ESACC R,2911318.0,2911332 16 912.3 567.7 929.5 566.4 0.47 49
SFIX R,2911334.0,
EFIX R,2911334.0,2911598 266 925.1 573.0 698
SSACC R,2911600.0,
ESACC R,2911600.0,2911610 12 920.9 578.2 913.4 559.7 0.54 58
SFIX R,2911612.0,
EFIX R,2911612.0,2912608 998 909.7 579.2 725
SSACC R,2912610.0,
ESACC R,2912610.0,2912616 8 913.9 582.9 911.7 564.8 0.49 69
SFIX R,2912618.0,
EFIX R,2912618.0,2913060 444 909.3 572.2 687
SSACC R,2913062.0,
ESACC R,2913062.0,2913074 14 898.4 566.5 925.0 569.2 0.72 71
SFIX R,2913076.0,
EFIX R,2913076.0,2913888 814 913.5 556.7 556
SSACC R,2913890.0,
ESACC R,2913890.0,2913920 32 897.7 545.4 916.8 539.8 0.54 72
SFIX R,2913922.0,
EFIX R,2913922.0,2915334 1414 905.1 558.8 555
SSACC R,2915336.0,
ESACC R,2915336.0,2915344 10 913.0 576.0 924.9 561.9 0.50 65
SFIX R,2915346.0,
EFIX R,2915346.0,2915508 164 934.7 556.2 658
SSACC R,2915510.0,
ESACC R,2915510.0,2915518 10 931.4 559.6 910.7 549.3 0.63 79
SFIX R,2915520.0,
EFIX R,2915520.0,2915560 42 888.3 557.6 634
SSACC R,2915562.0,
SBLINK R,2915596.0,
EBLINK R,2915596.0,2915742 148
ESACC R,2915562.0,2915816 256 861.2 571.8 927.0 539.4 1.99 1395
SFIX R,2915818.0,
EFIX R,2915818.0,2917012 1196 911.1 555.1 600
SSACC R,2917014.0,
ESACC R,2917014.0,2917018 6 914.2 582.7 923.2 579.0 0.26 49
SFIX R,2917020.0,
EFIX R,2917020.0,2917470 452 927.5 582.6 669
SSACC R,2917472.0,
SBLINK R,2917496.0,
EBLINK R,2917496.0,2917626 132
ESACC R,2917472.0,2917680 210 897.3 599.9 924.2 545.7 1.64 2300
SFIX R,2917682.0,
EFIX R,2917682.0,2917838 158 910.1 574.8 603
SSACC R,2917840.0,
ESACC R,2917840.0,2917854 16 903.5 578.1 904.1 546.1 0.87 97
SFIX R,2917856.0,
EFIX R,2917856.0,2918028 174 909.1 563.2 608
SSACC R,2918030.0,
ESACC R,2918030.0,2918044 16 908.8 569.2 912.9 540.3 0.79 91
SFIX R,2918046.0,
EFIX R,2918046.0,2918796 752 910.8 551.7 597
SSACC R,2918798.0,
ESACC R,2918798.0,2918806 10 919.0 570.5 915.5 557.6 0.36 61
SFIX R,2918808.0,
EFIX R,2918808.0,2919382 576 907.2 569.8 743
SSACC R,2919384.0,
ESACC R,2919384.0,2919388 6 907.0 573.8 905.4 560.5 0.36 65
SFIX R,2919390.0,
EFIX R,2919390.0,2919796 408 912.9 564.6 793
SSACC R,2919798.0,
ESACC R,2919798.0,2919806 10 908.1 565.0 893.7 570.2 0.41 49
SFIX R,2919808.0,
EFIX R,2919808.0,2919930 124 892.3 569.3 783
SSACC R,2919932.0,
ESACC R,2919932.0,2919946 16 893.6 572.0 924.4 580.2 0.86 81
SFIX R,2919948.0,
EFIX R,2919948.0,2920452 506 910.0 580.3 718
SSACC R,2920454.0,
ESACC R,2920454.0,2920460 8 907.3 574.4 898.5 563.9 0.37 62
SFIX R,2920462.0,
EFIX R,2920462.0,2920738 278 897.6 565.1 653
SSACC R,2920740.0,
ESACC R,2920740.0,2920750 12 903.8 574.2 919.9 560.5 0.57 62
SFIX R,2920752.0,
EFIX R,2920752.0,2923714 2964 898.1 542.5 517
SSACC R,2923716.0,
ESACC R,2923716.0,2923728 14 898.7 567.2 907.2 550.6 0.51 68
SFIX R,2923730.0,
EFIX R,2923730.0,2924138 410 903.5 564.7 614
SSACC R,2924140.0,
ESACC R,2924140.0,2924152 14 909.5 563.5 890.9 541.0 0.79 90
SFIX R,2924154.0,
EFIX R,2924154.0,2924252 100 891.6 547.9 603
SSACC R,2924254.0,
ESACC R,2924254.0,2924264 12 888.7 549.3 913.4 549.7 0.67 68
SFIX R,2924266.0,
EFIX R,2924266.0,2925054 790 900.7 558.1 620
SSACC R,2925056.0,
ESACC R,2925056.0,2925076 22 890.7 575.2 914.3 553.5 0.87 95
SFIX R,2925078.0,
EFIX R,2925078.0,2925996 920 892.6 564.9 588
SSACC R,2925998.0,
ESACC R,2925998.0,2926010 14 888.4 573.0 909.0 551.3 0.81 74
SFIX R,2926012.0,
EFIX R,2926012.0,2926636 626 884.3 550.3 490
SSACC R,2926638.0,
ESACC R,2926638.0,2926642 6 879.7 555.2 881.4 549.4 0.16 52
SFIX R,2926644.0,
EFIX R,2926644.0,2926898 256 884.0 562.8 534
SSACC R,2926900.0,
SBLINK R,2926936.0,
EBLINK R,2926936.0,2927066 132
ESACC R,2926900.0,2927104 206 877.6 578.9 903.7 557.1 0.92 670
SFIX R,2927106.0,
EFIX R,2927106.0,2927896 792 892.6 577.3 524
SSACC R,2927898.0,
ESACC R,2927898.0,2927926 30 887.7 567.5 872.6 545.3 0.73 62
SFIX R,2927928.0,
EFIX R,2927928.0,2928614 688 891.0 557.0 466
SSACC R,2928616.0,
ESACC R,2928616.0,2928624 10 888.1 563.7 872.8 556.8 0.45 54
SFIX R,2928626.0,
EFIX R,2928626.0,2929224 600 887.1 566.0 495
SSACC R,2929226.0,
SBLINK R,2929248.0,
EBLINK R,2929248.0,2929464 218
ESACC R,2929226.0,2929550 326 878.6 567.1 906.4 459.8 3.00 557
SFIX R,2929552.0,
EFIX R,2929552.0,2929658 108 903.3 483.9 467
SSACC R,2929660.0,
ESACC R,2929660.0,2929670 12 898.2 500.2 906.9 513.6 0.43 53
SFIX R,2929672.0,
EFIX R,2929672.0,2930238 568 905.2 535.1 511
SSACC R,2930240.0,
ESACC R,2930240.0,2930252 14 911.0 562.8 900.6 550.2 0.44 44
SFIX R,2930254.0,
EFIX R,2930254.0,2931494 1242 897.4 550.5 562
SSACC R,2931496.0,
ESACC R,2931496.0,2931520 26 896.5 561.9 910.6 522.6 1.13 62
SFIX R,2931522.0,
EFIX R,2931522.0,2932380 860 890.4 538.2 533
SSACC R,2932382.0,
SBLINK R,2932424.0,
EBLINK R,2932424.0,2932602 180
ESACC R,2932382.0,2932638 258 873.3 562.3 960.7 504.2 2.84 1287
SFIX R,2932640.0,
EFIX R,2932640.0,2932782 144 938.7 557.3 476
SSACC R,2932784.0,
ESACC R,2932784.0,2932802 20 933.0 572.6 925.6 544.1 0.80 80
SFIX R,2932804.0,
EFIX R,2932804.0,2933100 298 915.8 539.9 506
SSACC R,2933102.0,
ESACC R,2933102.0,2933108 8 899.1 533.8 888.9 521.7 0.43 62
SFIX R,2933110.0,
EFIX R,2933110.0,2933634 526 894.8 519.8 476
SSACC R,2933636.0,
ESACC R,2933636.0,2933648 14 901.6 531.5 889.8 516.0 0.53 54
SFIX R,2933650.0,
EFIX R,2933650.0,2933756 108 869.9 520.8 495
SSACC R,2933758.0,
ESACC R,2933758.0,2933768 12 884.4 525.5 904.3 520.4 0.56 63
SFIX R,2933770.0,
EFIX R,2933770.0,2934488 720 901.6 534.4 460
SSACC R,2934490.0,
ESACC R,2934490.0,2934508 20 908.6 528.8 907.1 529.8 0.05 65
SFIX R,2934510.0,
EFIX R,2934510.0,2935084 576 895.1 521.1 407
SSACC R,2935086.0,
ESACC R,2935086.0,2935104 20 895.1 538.6 896.5 522.7 0.43 67
SFIX R,2935106.0,
EFIX R,2935106.0,2935564 460 890.8 539.1 468
SSACC R,2935566.0,
ESACC R,2935566.0,2935596 32 896.4 569.5 898.3 550.6 0.51 68
SFIX R,2935598.0,
EFIX R,2935598.0,2935692 96 897.7 557.7 511
SSACC R,2935694.0,
ESACC R,2935694.0,2935708 16 894.6 558.0 887.8 548.4 0.32 62
SFIX R,2935710.0,
EFIX R,2935710.0,2935894 186 886.7 559.3 520
SSACC R,2935896.0,
ESACC R,2935896.0,2935902 8 885.9 557.6 883.1 537.1 0.56 67
SFIX R,2935904.0,
EFIX R,2935904.0,2938096 2194 891.4 537.9 475
SSACC R,2938098.0,
ESACC R,2938098.0,2938108 12 886.1 511.2 893.3 526.8 0.47 66
SFIX R,2938110.0,
EFIX R,2938110.0,2938252 144 888.5 530.6 376
SSACC R,2938254.0,
SBLINK R,2938284.0,
EBLINK R,2938284.0,2938464 182
ESACC R,2938254.0,2938526 274 863.9 549.8 905.2 499.7 1.76 591
SFIX R,2938528.0,
EFIX R,2938528.0,2938608 82 894.2 496.3 404
SSACC R,2938610.0,
ESACC R,2938610.0,2938628 20 885.9 494.1 893.0 509.1 0.45 46
SFIX R,2938630.0,
EFIX R,2938630.0,2938704 76 882.7 510.5 427
SSACC R,2938706.0,
ESACC R,2938706.0,2938726 22 883.2 519.2 901.3 551.4 1.00 73
SFIX R,2938728.0,
EFIX R,2938728.0,2939110 384 892.3 550.1 473
SSACC R,2939112.0,
ESACC R,2939112.0,2939134 24 890.6 554.8 877.6 510.4 1.25 79
SFIX R,2939136.0,
EFIX R,2939136.0,2939442 308 882.9 519.4 490
SSACC R,2939444.0,
ESACC R,2939444.0,2939452 10 880.9 522.5 884.8 531.3 0.26 53
SFIX R,2939454.0,
EFIX R,2939454.0,2939898 446 888.9 535.6 578
SSACC R,2939900.0,
SBLINK R,2939918.0,
EBLINK R,2939918.0,2940056 140
ESACC R,2939900.0,2940100 202 876.6 573.9 923.5 533.1 1.68 2312
SFIX R,2940102.0,
EFIX R,2940102.0,2940244 144 912.8 569.7 704
SSACC R,2940246.0,
ESACC R,2940246.0,2940278 34 911.1 572.6 901.5 550.7 0.65 72
SFIX R,2940280.0,
EFIX R,2940280.0,2940758 480 908.7 552.8 810
SSACC R,2940760.0,
ESACC R,2940760.0,2940764 6 925.4 546.1 932.0 542.0 0.21 58
SFIX R,2940766.0,
EFIX R,2940766.0,2941644 880 933.2 532.6 823
SSACC R,2941646.0,
SBLINK R,2941668.0,
EBLINK R,2941668.0,2941806 140
ESACC R,2941646.0,2941828 184 908.6 554.7 922.5 509.7 1.28 465
SFIX R,2941830.0,
EFIX R,2941830.0,2941966 138 907.6 540.7 921
SSACC R,2941968.0,
ESACC R,2941968.0,2941984 18 898.9 542.0 932.0 511.1 1.23 99
SFIX R,2941986.0,
EFIX R,2941986.0,2943384 1400 927.5 519.9 892
SSACC R,2943386.0,
SBLINK R,2943412.0,
EBLINK R,2943412.0,2943558 148
ESACC R,2943386.0,2943580 196 905.6 550.9 927.3 500.6 1.48 344
SFIX R,2943582.0,
EFIX R,2943582.0,2943734 154 916.8 564.2 893
SSACC R,2943736.0,
ESACC R,2943736.0,2943754 20 918.5 586.7 906.5 547.0 1.12 96
SFIX R,2943756.0,
EFIX R,2943756.0,2944248 494 925.2 551.4 927
SSACC R,2944250.0,
ESACC R,2944250.0,2944260 12 936.1 547.1 937.0 523.8 0.63 66
SFIX R,2944262.0,
EFIX R,2944262.0,2944650 390 929.0 527.9 889
SSACC R,2944652.0,
SBLINK R,2944680.0,
EBLINK R,2944680.0,2944834 156
ESACC R,2944652.0,2944904 254 921.4 544.2 958.0 532.5 1.04 367
SFIX R,2944906.0,
EFIX R,2944906.0,2945066 162 951.8 531.2 906
SSACC R,2945068.0,
ESACC R,2945068.0,2945080 14 947.6 529.1 925.2 528.2 0.61 69
SFIX R,2945082.0,
EFIX R,2945082.0,2945650 570 935.1 539.1 889
SSACC R,2945652.0,
ESACC R,2945652.0,2945658 8 938.1 562.0 944.6 549.4 0.38 61
SFIX R,2945660.0,
EFIX R,2945660.0,2946208 550 944.6 549.6 858
SSACC R,2946210.0,
ESACC R,2946210.0,2946220 12 945.0 560.0 943.1 548.4 0.32 58
SFIX R,2946222.0,
EFIX R,2946222.0,2946298 78 945.0 554.2 880
SSACC R,2946300.0,
ESACC R,2946300.0,2946312 14 941.5 554.8 931.8 523.1 0.90 81
SFIX R,2946314.0,
EFIX R,2946314.0,2947300 988 929.4 545.0 916
SSACC R,2947302.0,
SBLINK R,2947336.0,
EBLINK R,2947336.0,2947466 132
ESACC R,2947302.0,2947494 194 932.8 555.7 957.5 478.4 2.20 489
SFIX R,2947496.0,
EFIX R,2947496.0,2948300 806 946.6 541.0 900
SSACC R,2948302.0,
ESACC R,2948302.0,2948308 8 959.5 546.7 951.6 536.2 0.36 59
SFIX R,2948310.0,
EFIX R,2948310.0,2948728 420 943.4 540.3 866
SSACC R,2948730.0,
ESACC R,2948730.0,2948742 14 944.2 544.6 938.9 517.1 0.76 66
SFIX R,2948744.0,
EFIX R,2948744.0,2951490 2748 954.5 546.1 921
SSACC R,2951492.0,
SBLINK R,2951512.0,
EBLINK R,2951512.0,2951646 136
ESACC R,2951492.0,2951674 184 939.8 566.7 952.3 512.9 1.50 433
SFIX R,2951676.0,
EFIX R,2951676.0,2951854 180 940.0 561.9 920
SSACC R,2951856.0,
ESACC R,2951856.0,2951868 14 943.2 562.7 950.1 545.7 0.50 55
SFIX R,2951870.0,
EFIX R,2951870.0,2955092 3224 943.9 560.1 847
SSACC R,2955094.0,
ESACC R,2955094.0,2955102 10 941.4 574.0 958.8 561.8 0.58 68
SFIX R,2955104.0,
EFIX R,2955104.0,2956170 1068 953.9 570.4 826
SSACC R,2956172.0,
ESACC R,2956172.0,2956182 12 937.2 576.7 927.9 560.7 0.50 59
SFIX R,2956184.0,
EFIX R,2956184.0,2956514 332 927.2 563.2 737
SSACC R,2956516.0,
ESACC R,2956516.0,2956524 10 924.8 551.7 928.2 569.0 0.48 54
SFIX R,2956526.0,
EFIX R,2956526.0,2959840 3316 935.5 592.7 784
SSACC R,2959842.0,
ESACC R,2959842.0,2959856 16 927.9 613.0 928.2 571.2 1.13 78
SFIX R,2959858.0,
EFIX R,2959858.0,2961510 1654 932.3 568.5 765
SSACC R,2961512.0,
ESACC R,2961512.0,2961526 16 922.6 577.1 921.6 546.4 0.83 75
SFIX R,2961528.0,
EFIX R,2961528.0,2965074 3548 931.9 580.8 756
SSACC R,2965076.0,
ESACC R,2965076.0,2965082 8 936.1 603.0 937.5 590.0 0.35 57
SFIX R,2965084.0,
EFIX R,2965084.0,2967000 1918 935.2 588.7 732
SSACC R,2967002.0,
ESACC R,2967002.0,2967016 16 942.6 590.5 918.6 566.7 0.92 66
SFIX R,2967018.0,
EFIX R,2967018.0,2967078 62 915.8 566.5 789
SSACC R,2967080.0,
ESACC R,2967080.0,2967104 26 916.8 569.9 982.7 555.1 1.83 129
SFIX R,2967106.0,
EFIX R,2967106.0,2967218 114 973.3 559.4 787
SSACC R,2967220.0,
ESACC R,2967220.0,2967236 18 965.2 560.3 927.6 561.6 1.02 82
SFIX R,2967238.0,
EFIX R,2967238.0,2967794 558 935.8 579.5 744
SSACC R,2967796.0,
SBLINK R,2967828.0,
EBLINK R,2967828.0,2968006 180
ESACC R,2967796.0,2968048 254 912.0 616.3 930.7 545.9 1.97 2056
SFIX R,2968050.0,
EFIX R,2968050.0,2972396 4348 911.3 548.4 614
SSACC R,2972398.0,
ESACC R,2972398.0,2972408 12 887.1 527.2 883.1 509.3 0.50 56
SFIX R,2972410.0,
EFIX R,2972410.0,2972952 544 888.3 514.2 434
SSACC R,2972954.0,
ESACC R,2972954.0,2972966 14 882.1 510.8 910.1 506.6 0.77 66
SFIX R,2972968.0,
EFIX R,2972968.0,2973140 174 913.9 504.4 434
SSACC R,2973142.0,
ESACC R,2973142.0,2973148 8 905.3 510.7 889.9 501.6 0.48 75
SFIX R,2973150.0,
EFIX R,2973150.0,2973650 502 880.2 514.1 456
SSACC R,2973652.0,
ESACC R,2973652.0,2973660 10 885.1 520.0 896.0 506.5 0.47 64
SFIX R,2973662.0,
EFIX R,2973662.0,2973872 212 898.6 506.2 464
SSACC R,2973874.0,
ESACC R,2973874.0,2973892 20 894.2 509.4 866.7 517.5 0.78 86
SFIX R,2973894.0,
EFIX R,2973894.0,2974012 120 868.1 513.7 480
SSACC R,2974014.0,
ESACC R,2974014.0,2974042 30 870.1 511.4 873.2 523.2 0.33 59
SFIX R,2974044.0,
EFIX R,2974044.0,2974088 46 872.6 524.7 514
SSACC R,2974090.0,
ESACC R,2974090.0,2974104 16 875.3 531.7 904.5 522.4 0.83 80
SFIX R,2974106.0,
EFIX R,2974106.0,2974804 700 896.5 536.3 537
SSACC R,2974806.0,
SBLINK R,2974834.0,
EBLINK R,2974834.0,2974982 150
ESACC R,2974806.0,2975014 210 869.4 567.7 896.9 525.0 1.38 397
SFIX R,2975016.0,
EFIX R,2975016.0,2975168 154 890.8 553.5 522
SSACC R,2975170.0,
ESACC R,2975170.0,2975180 12 888.8 558.9 889.7 535.1 0.65 79
SFIX R,2975182.0,
EFIX R,2975182.0,2976056 876 897.2 523.0 526
SSACC R,2976058.0,
ESACC R,2976058.0,2976068 12 895.7 535.2 902.8 510.5 0.70 82
SFIX R,2976070.0,
EFIX R,2976070.0,2976328 260 907.0 523.9 534
SSACC R,2976330.0,
SBLINK R,2976356.0,
EBLINK R,2976356.0,2976500 146
ESACC R,2976330.0,2976544 216 895.2 538.2 891.7 509.1 0.79 885
SFIX R,2976546.0,
EFIX R,2976546.0,2977052 508 899.4 530.5 546
SSACC R,2977054.0,
ESACC R,2977054.0,2977064 12 907.5 530.2 889.2 530.4 0.50 56
SFIX R,2977066.0,
EFIX R,2977066.0,2977628 564 886.4 535.4 551
SSACC R,2977630.0,
ESACC R,2977630.0,2977646 18 894.7 552.6 914.3 531.4 0.78 74
SFIX R,2977648.0,
EFIX R,2977648.0,2978066 420 904.4 555.8 621
SSACC R,2978068.0,
ESACC R,2978068.0,2978072 6 897.3 561.4 895.4 553.7 0.21 51
SFIX R,2978074.0,
EFIX R,2978074.0,2978176 104 889.0 552.2 632
SSACC R,2978178.0,
ESACC R,2978178.0,2978200 24 899.6 551.9 915.0 556.5 0.44 64
SFIX R,2978202.0,
EFIX R,2978202.0,2978336 136 912.7 562.1 631
SSACC R,2978338.0,
ESACC R,2978338.0,2978350 14 910.8 565.2 880.5 558.3 0.84 72
SFIX R,2978352.0,
EFIX R,2978352.0,2979726 1376 891.5 549.4 586
SSACC R,2979728.0,
ESACC R,2979728.0,2979736 10 883.4 548.0 899.4 542.9 0.46 54
SFIX R,2979738.0,
EFIX R,2979738.0,2979976 240 896.3 538.2 545
SSACC R,2979978.0,
ESACC R,2979978.0,2979986 10 896.1 549.1 893.2 546.3 0.11 53
SFIX R,2979988.0,
EFIX R,2979988.0,2980026 40 892.3 534.5 522
SSACC R,2980028.0,
ESACC R,2980028.0,2980044 18 891.7 536.0 893.3 532.6 0.10 52
SFIX R,2980046.0,
EFIX R,2980046.0,2981214 1170 877.5 509.7 423
SSACC R,2981216.0,
ESACC R,2981216.0,2981232 18 884.0 494.0 884.4 487.6 0.17 61
SFIX R,2981234.0,
EFIX R,2981234.0,2981794 562 864.3 507.9 405
SSACC R,2981796.0,
ESACC R,2981796.0,2981812 18 863.5 520.2 859.9 520.2 0.10 71
SFIX R,2981814.0,
EFIX R,2981814.0,2982930 1118 874.8 530.9 506
SSACC R,2982932.0,
ESACC R,2982932.0,2982938 8 868.8 535.4 869.1 522.4 0.35 52
SFIX R,2982940.0,
EFIX R,2982940.0,2983982 1044 879.5 548.1 627
SSACC R,2983984.0,
ESACC R,2983984.0,2983990 8 876.3 561.4 877.8 552.9 0.23 44
SFIX R,2983992.0,
EFIX R,2983992.0,2984492 502 876.5 557.5 646
SSACC R,2984494.0,
SBLINK R,2984526.0,
EBLINK R,2984526.0,2984642 118
ESACC R,2984494.0,2984678 186 863.6 572.1 895.5 497.6 2.20 1707
SFIX R,2984680.0,
EFIX R,2984680.0,2990408 5730 888.0 567.2 534
SSACC R,2990410.0,
ESACC R,2990410.0,2990420 12 893.2 552.6 889.0 531.0 0.60 75
SFIX R,2990422.0,
EFIX R,2990422.0,2991846 1426 885.8 549.8 487
SSACC R,2991848.0,
ESACC R,2991848.0,2991878 32 891.2 578.4 867.9 540.8 1.20 80
SFIX R,2991880.0,
EFIX R,2991880.0,2992108 230 866.8 553.1 586
SSACC R,2992110.0,
ESACC R,2992110.0,2992120 12 879.9 550.8 890.4 539.2 0.42 58
SFIX R,2992122.0,
EFIX R,2992122.0,2993162 1042 880.9 551.6 561
SSACC R,2993164.0,
ESACC R,2993164.0,2993172 10 875.5 552.0 878.8 561.4 0.27 45
SFIX R,2993174.0,
EFIX R,2993174.0,2993658 486 881.1 557.6 482
SSACC R,2993660.0,
ESACC R,2993660.0,2993682 24 884.9 560.6 880.3 526.2 0.94 73
SFIX R,2993684.0,
EFIX R,2993684.0,2993888 206 878.6 528.4 420
SSACC R,2993890.0,
ESACC R,2993890.0,2993902 14 875.0 512.5 877.3 526.7 0.39 46
SFIX R,2993904.0,
EFIX R,2993904.0,2994662 760 876.5 516.3 390
SSACC R,2994664.0,
SBLINK R,2994688.0,
EBLINK R,2994688.0,2994898 212
ESACC R,2994664.0,2994948 286 859.4 502.1 904.9 482.5 1.34 379
SFIX R,2994950.0,
EFIX R,2994950.0,2995046 98 896.6 507.8 378
SSACC R,2995048.0,
ESACC R,2995048.0,2995082 36 893.5 497.7 891.7 512.9 0.41 63
SFIX R,2995084.0,
EFIX R,2995084.0,2995908 826 880.5 520.9 409
SSACC R,2995910.0,
ESACC R,2995910.0,2995940 32 872.9 523.7 872.9 527.8 0.11 62
SFIX R,2995942.0,
EFIX R,2995942.0,2996366 426 881.8 523.8 417
SSACC R,2996368.0,
ESACC R,2996368.0,2996374 8 883.4 510.2 871.3 516.0 0.36 60
SFIX R,2996376.0,
EFIX R,2996376.0,2996570 196 875.7 518.7 435
SSACC R,2996572.0,
ESACC R,2996572.0,2996580 10 893.0 504.0 897.1 524.6 0.57 60
SFIX R,2996582.0,
EFIX R,2996582.0,2996684 104 894.1 522.4 436
SSACC R,2996686.0,
ESACC R,2996686.0,2996696 12 891.2 524.4 869.4 526.6 0.59 72
SFIX R,2996698.0,
EFIX R,2996698.0,2997558 862 872.6 526.2 446
SSACC R,2997560.0,
ESACC R,2997560.0,2997564 6 856.6 526.0 862.8 530.6 0.21 51
SFIX R,2997566.0,
EFIX R,2997566.0,2997710 146 877.5 532.5 456
SSACC R,2997712.0,
ESACC R,2997712.0,2997718 8 874.1 538.8 876.0 529.8 0.25 52
SFIX R,2997720.0,
EFIX R,2997720.0,2998092 374 875.7 518.5 458
SSACC R,2998094.0,
ESACC R,2998094.0,2998102 10 884.5 509.6 895.0 519.5 0.39 52
SFIX R,2998104.0,
EFIX R,2998104.0,2998328 226 898.0 525.0 496
SSACC R,2998330.0,
ESACC R,2998330.0,2998346 18 899.8 531.0 877.1 528.6 0.62 62
SFIX R,2998348.0,
EFIX R,2998348.0,2998630 284 869.6 523.2 500
SSACC R,2998632.0,
ESACC R,2998632.0,2998642 12 866.1 532.5 883.7 515.0 0.67 77
SFIX R,2998644.0,
EFIX R,2998644.0,2999060 418 877.1 514.3 457
SSACC R,2999062.0,
ESACC R,2999062.0,2999066 6 867.3 523.2 871.6 512.6 0.31 56
SFIX R,2999068.0,
EFIX R,2999068.0,2999186 120 884.0 510.2 426
SSACC R,2999188.0,
ESACC R,2999188.0,2999202 16 880.3 514.3 853.2 523.0 0.77 70
SFIX R,2999204.0,
EFIX R,2999204.0,2999292 90 855.7 522.8 417
SSACC R,2999294.0,
ESACC R,2999294.0,2999308 16 857.1 525.4 884.3 511.0 0.83 82
SFIX R,2999310.0,
EFIX R,2999310.0,3000512 1204 873.2 515.5 414
SSACC R,3000514.0,
ESACC R,3000514.0,3000522 10 863.4 525.3 870.8 541.5 0.48 62
SFIX R,3000524.0,
EFIX R,3000524.0,3000582 60 866.5 538.5 468
SSACC R,3000584.0,
ESACC R,3000584.0,3000598 16 868.3 538.0 882.8 529.4 0.46 50
SFIX R,3000600.0,
EFIX R,3000600.0,3001358 760 874.1 527.2 441
SSACC R,3001360.0,
ESACC R,3001360.0,3001364 6 880.1 515.9 879.7 520.8 0.13 48
SFIX R,3001366.0,
EFIX R,3001366.0,3001524 160 885.7 529.4 455
SSACC R,3001526.0,
ESACC R,3001526.0,3001530 6 886.9 528.1 878.5 524.1 0.25 52
SFIX R,3001532.0,
EFIX R,3001532.0,3002754 1224 877.0 524.5 482
SSACC R,3002756.0,
ESACC R,3002756.0,3002764 10 882.5 535.8 902.0 539.4 0.54 73
SFIX R,3002766.0,
EFIX R,3002766.0,3003878 1114 884.1 531.8 479
SSACC R,3003880.0,
ESACC R,3003880.0,3003884 6 870.3 522.8 864.6 505.7 0.49 60
SFIX R,3003886.0,
EFIX R,3003886.0,3004718 834 867.5 514.2 374
SSACC R,3004720.0,
ESACC R,3004720.0,3004730 12 877.4 515.7 869.0 494.9 0.61 79
SFIX R,3004732.0,
EFIX R,3004732.0,3004888 158 874.1 509.2 365
SSACC R,3004890.0,
ESACC R,3004890.0,3004900 12 871.4 500.7 873.5 519.1 0.50 52
SFIX R,3004902.0,
EFIX R,3004902.0,3005032 132 855.8 499.4 363
SSACC R,3005034.0,
ESACC R,3005034.0,3005046 14 846.8 489.3 875.2 492.4 0.77 68
SFIX R,3005048.0,
EFIX R,3005048.0,3005394 348 871.3 495.8 369
SSACC R,3005396.0,
ESACC R,3005396.0,3005406 12 882.6 505.5 878.2 495.0 0.31 69
SFIX R,3005408.0,
EFIX R,3005408.0,3005752 346 866.1 500.7 377
SSACC R,3005754.0,
ESACC R,3005754.0,3005768 16 861.5 499.8 869.1 513.1 0.42 70
SFIX R,3005770.0,
EFIX R,3005770.0,3005922 154 866.0 509.2 403
SSACC R,3005924.0,
ESACC R,3005924.0,3005930 8 867.8 505.0 874.2 516.1 0.35 68
SFIX R,3005932.0,
EFIX R,3005932.0,3006700 770 885.4 515.1 416
SSACC R,3006702.0,
ESACC R,3006702.0,3006718 18 893.3 504.8 892.0 497.7 0.20 49
SFIX R,3006720.0,
EFIX R,3006720.0,3007280 562 895.4 496.7 412
SSACC R,3007282.0,
ESACC R,3007282.0,3007288 8 890.6 518.6 881.6 518.1 0.24 48
SFIX R,3007290.0,
EFIX R,3007290.0,3007686 398 876.8 524.5 467
SSACC R,3007688.0,
ESACC R,3007688.0,3007698 12 875.3 533.1 875.2 510.3 0.62 74
SFIX R,3007700.0,
EFIX R,3007700.0,3008668 970 875.4 530.6 496
SSACC R,3008670.0,
ESACC R,3008670.0,3008682 14 868.0 521.9 871.2 495.2 0.73 71
SFIX R,3008684.0,
EFIX R,3008684.0,3009454 772 867.6 505.8 427
SSACC R,3009456.0,
ESACC R,3009456.0,3009478 24 856.9 521.1 821.7 480.8 1.45 86
SFIX R,3009480.0,
EFIX R,3009480.0,3009550 72 825.7 496.0 429
SSACC R,3009552.0,
ESACC R,3009552.0,3009560 10 846.8 499.1 872.0 502.5 0.69 85
SFIX R,3009562.0,
EFIX R,3009562.0,3009976 416 867.6 506.7 413
SSACC R,3009978.0,
ESACC R,3009978.0,3009992 16 867.9 502.4 864.0 517.1 0.41 65
SFIX R,3009994.0,
EFIX R,3009994.0,3010070 78 828.5 520.4 398
SSACC R,3010072.0,
SBLINK R,3010090.0,
EBLINK R,3010090.0,3010304 216
ESACC R,3010072.0,3010350 280 800.9 512.0 909.3 435.9 3.58 526
SFIX R,3010352.0,
EFIX R,3010352.0,3010450 100 897.0 474.8 361
SSACC R,3010452.0,
ESACC R,3010452.0,3010458 8 890.1 484.0 892.9 498.9 0.41 55
SFIX R,3010460.0,
EFIX R,3010460.0,3011576 1118 873.0 496.6 432
SSACC R,3011578.0,
SBLINK R,3011604.0,
EBLINK R,3011604.0,3011748 146
ESACC R,3011578.0,3011782 206 856.9 552.4 899.1 513.2 1.56 323
SFIX R,3011784.0,
EFIX R,3011784.0,3011904 122 890.7 555.7 517
SSACC R,3011906.0,
ESACC R,3011906.0,3011922 18 887.4 552.1 850.7 528.1 1.19 108
SFIX R,3011924.0,
EFIX R,3011924.0,3012080 158 847.5 521.4 527
SSACC R,3012082.0,
ESACC R,3012082.0,3012098 18 854.5 524.8 884.9 505.7 0.97 84
SFIX R,3012100.0,
EFIX R,3012100.0,3012430 332 886.3 523.0 548
SSACC R,3012432.0,
ESACC R,3012432.0,3012438 8 883.8 516.7 872.7 512.1 0.33 56
SFIX R,3012440.0,
EFIX R,3012440.0,3013412 974 864.8 511.5 476
SSACC R,3013414.0,
ESACC R,3013414.0,3013436 24 857.5 521.5 886.2 517.0 0.79 69
SFIX R,3013438.0,
EFIX R,3013438.0,3014842 1406 879.5 512.7 482
SSACC R,3014844.0,
ESACC R,3014844.0,3014848 6 892.7 522.8 890.9 531.7 0.25 59
SFIX R,3014850.0,
EFIX R,3014850.0,3014886 38 879.4 524.0 396
SSACC R,3014888.0,
SBLINK R,3014912.0,
EBLINK R,3014912.0,3015140 230
ESACC R,3014888.0,3015270 384 866.3 512.7 897.0 470.8 1.41 237
SFIX R,3015272.0,
EFIX R,3015272.0,3015978 708 872.1 472.9 349
SSACC R,3015980.0,
ESACC R,3015980.0,3015992 14 854.8 481.5 869.5 466.2 0.57 67
SFIX R,3015994.0,
EFIX R,3015994.0,3016122 130 872.6 483.5 376
SSACC R,3016124.0,
ESACC R,3016124.0,3016138 16 868.8 496.6 852.2 481.4 0.61 66
SFIX R,3016140.0,
EFIX R,3016140.0,3016220 82 860.8 492.7 411
SSACC R,3016222.0,
ESACC R,3016222.0,3016236 16 863.4 505.4 877.0 475.1 0.90 92
SFIX R,3016238.0,
EFIX R,3016238.0,3016418 182 882.2 493.2 448
SSACC R,3016420.0,
ESACC R,3016420.0,3016428 10 885.2 495.4 870.0 483.6 0.52 60
SFIX R,3016430.0,
EFIX R,3016430.0,3017060 632 876.1 501.7 540
SSACC R,3017062.0,
SBLINK R,3017078.0,
EBLINK R,3017078.0,3017188 112
ESACC R,3017062.0,3017220 160 862.8 553.4 879.0 515.6 1.11 1262
SFIX R,3017222.0,
EFIX R,3017222.0,3018350 1130 870.8 543.6 598
SSACC R,3018352.0,
ESACC R,3018352.0,3018362 12 863.4 538.0 855.5 524.5 0.42 67
SFIX R,3018364.0,
EFIX R,3018364.0,3019722 1360 875.9 541.0 623
SSACC R,3019724.0,
ESACC R,3019724.0,3019736 14 902.1 549.4 877.1 545.5 0.69 77
SFIX R,3019738.0,
EFIX R,3019738.0,3021188 1452 880.1 541.8 583
SSACC R,3021190.0,
ESACC R,3021190.0,3021202 14 879.1 539.8 871.1 526.7 0.42 55
SFIX R,3021204.0,
EFIX R,3021204.0,3021736 534 878.7 527.0 541
SSACC R,3021738.0,
ESACC R,3021738.0,3021750 14 889.7 535.1 873.5 514.3 0.71 77
SFIX R,3021752.0,
EFIX R,3021752.0,3022010 260 879.0 533.2 587
SSACC R,3022012.0,
ESACC R,3022012.0,3022020 10 883.6 538.4 893.1 531.9 0.31 74
SFIX R,3022022.0,
EFIX R,3022022.0,3022782 762 890.1 532.2 568
SSACC R,3022784.0,
SBLINK R,3022848.0,
EBLINK R,3022848.0,3022990 144
ESACC R,3022784.0,3023064 282 884.4 552.3 915.9 487.7 1.95 1781
SFIX R,3023066.0,
EFIX R,3023066.0,3023802 738 889.9 508.1 498
SSACC R,3023804.0,
ESACC R,3023804.0,3023812 10 878.7 510.4 883.6 496.3 0.40 49
SFIX R,3023814.0,
EFIX R,3023814.0,3025396 1584 880.0 515.9 494
SSACC R,3025398.0,
SBLINK R,3025426.0,
EBLINK R,3025426.0,3025618 194
ESACC R,3025398.0,3025672 276 847.3 554.8 921.0 474.5 2.95 1680
SFIX R,3025674.0,
EFIX R,3025674.0,3026496 824 886.2 532.6 508
SSACC R,3026498.0,
ESACC R,3026498.0,3026520 24 878.4 541.0 894.2 514.2 0.84 86
SFIX R,3026522.0,
EFIX R,3026522.0,3027504 984 885.5 540.6 604
SSACC R,3027506.0,
ESACC R,3027506.0,3027528 24 900.9 563.5 904.6 538.8 0.68 66
SFIX R,3027530.0,
EFIX R,3027530.0,3028418 890 905.4 556.9 771
SSACC R,3028420.0,
ESACC R,3028420.0,3028434 16 906.8 560.4 921.7 536.5 0.76 71
SFIX R,3028436.0,
EFIX R,3028436.0,3028608 174 922.1 529.4 762
SSACC R,3028610.0,
ESACC R,3028610.0,3028624 16 920.0 525.2 889.3 524.1 0.83 70
SFIX R,3028626.0,
EFIX R,3028626.0,3028674 50 893.0 529.5 722
SSACC R,3028676.0,
ESACC R,3028676.0,3028682 8 890.6 537.1 891.4 553.2 0.44 50
SFIX R,3028684.0,
EFIX R,3028684.0,3028708 26 877.3 559.8 698
SSACC R,3028710.0,
SBLINK R,3028730.0,
EBLINK R,3028730.0,3028854 126
ESACC R,3028710.0,3028908 200 860.9 574.3 918.1 518.9 2.16 1159
SFIX R,3028910.0,
EFIX R,3028910.0,3029188 280 897.5 527.9 609
SSACC R,3029190.0,
ESACC R,3029190.0,3029196 8 890.7 532.9 884.0 524.4 0.29 67
SFIX R,3029198.0,
EFIX R,3029198.0,3030100 904 885.4 505.2 543
SSACC R,3030102.0,
ESACC R,3030102.0,3030110 10 892.1 500.9 894.7 479.3 0.59 76
SFIX R,3030112.0,
EFIX R,3030112.0,3030368 258 899.6 493.3 504
SSACC R,3030370.0,
ESACC R,3030370.0,3030382 14 894.3 505.1 878.5 499.4 0.46 49
SFIX R,3030384.0,
EFIX R,3030384.0,3030516 134 882.5 508.8 545
SSACC R,3030518.0,
ESACC R,3030518.0,3030532 16 880.2 518.7 906.4 524.0 0.72 72
SFIX R,3030534.0,
EFIX R,3030534.0,3031050 518 903.8 528.8 571
SSACC R,3031052.0,
ESACC R,3031052.0,3031062 12 902.8 527.4 894.4 510.5 0.51 57
SFIX R,3031064.0,
EFIX R,3031064.0,3032438 1376 897.3 524.5 583
SSACC R,3032440.0,
ESACC R,3032440.0,3032448 10 895.7 513.7 883.1 507.0 0.39 52
SFIX R,3032450.0,
EFIX R,3032450.0,3033384 936 882.7 504.0 475
SSACC R,3033386.0,
ESACC R,3033386.0,3033414 30 870.5 506.4 875.2 502.0 0.17 48
SFIX R,3033416.0,
EFIX R,3033416.0,3034476 1062 884.3 526.2 544
SSACC R,3034478.0,
SBLINK R,3034498.0,
EBLINK R,3034498.0,3034708 212
ESACC R,3034478.0,3034808 332 860.9 547.3 919.8 526.0 1.70 285
SFIX R,3034810.0,
EFIX R,3034810.0,3034916 108 910.3 526.2 526
SSACC R,3034918.0,
ESACC R,3034918.0,3034934 18 905.4 520.6 906.2 517.2 0.09 53
SFIX R,3034936.0,
EFIX R,3034936.0,3035146 212 900.9 515.9 533
SSACC R,3035148.0,
ESACC R,3035148.0,3035160 14 895.9 521.5 909.7 508.4 0.52 57
SFIX R,3035162.0,
EFIX R,3035162.0,3035346 186 907.0 521.7 494
SSACC R,3035348.0,
ESACC R,3035348.0,3035358 12 893.5 515.8 880.1 512.1 0.38 49
SFIX R,3035360.0,
EFIX R,3035360.0,3035590 232 878.5 523.4 493
SSACC R,3035592.0,
ESACC R,3035592.0,3035598 8 879.2 532.4 893.0 525.7 0.42 69
SFIX R,3035600.0,
EFIX R,3035600.0,3035814 216 898.4 534.0 529
SSACC R,3035816.0,
ESACC R,3035816.0,3035824 10 900.3 543.3 893.0 524.0 0.56 80
SFIX R,3035826.0,
EFIX R,3035826.0,3036460 636 898.7 544.5 623
SSACC R,3036462.0,
ESACC R,3036462.0,3036470 10 898.1 556.8 907.4 542.8 0.46 55
SFIX R,3036472.0,
EFIX R,3036472.0,3038220 1750 895.0 553.5 754
SSACC R,3038222.0,
SBLINK R,3038254.0,
EBLINK R,3038254.0,3038374 122
ESACC R,3038222.0,3038400 180 856.3 583.3 879.3 517.8 1.88 2618
SFIX R,3038402.0,
EFIX R,3038402.0,3038422 22 875.7 522.6 768
SSACC R,3038424.0,
ESACC R,3038424.0,3038442 20 876.6 533.1 874.3 548.2 0.41 68
SFIX R,3038444.0,
EFIX R,3038444.0,3038620 178 876.7 561.7 750
SSACC R,3038622.0,
ESACC R,3038622.0,3038636 16 883.2 568.4 891.1 536.3 0.90 70
SFIX R,3038638.0,
EFIX R,3038638.0,3040244 1608 888.1 544.4 806
SSACC R,3040246.0,
ESACC R,3040246.0,3040256 12 904.7 550.7 894.1 533.4 0.55 65
SFIX R,3040258.0,
EFIX R,3040258.0,3040644 388 899.9 554.5 873
SSACC R,3040646.0,
SBLINK R,3040664.0,
EBLINK R,3040664.0,3040854 192
ESACC R,3040646.0,3040918 274 884.2 588.0 909.5 562.9 0.97 175
SFIX R,3040920.0,
EFIX R,3040920.0,3041010 92 905.8 579.7 856
SSACC R,3041012.0,
ESACC R,3041012.0,3041030 20 906.6 582.7 945.6 569.0 1.12 86
SFIX R,3041032.0,
EFIX R,3041032.0,3041664 634 927.5 554.8 859
SSACC R,3041666.0,
ESACC R,3041666.0,3041672 8 924.3 550.8 927.5 542.0 0.25 51
SFIX R,3041674.0,
EFIX R,3041674.0,3042652 980 932.2 538.9 836
SSACC R,3042654.0,
ESACC R,3042654.0,3042660 8 914.6 540.5 912.9 530.7 0.27 47
SFIX R,3042662.0,
EFIX R,3042662.0,3043222 562 917.3 548.5 748
SSACC R,3043224.0,
ESACC R,3043224.0,3043232 10 921.1 554.9 929.4 539.0 0.49 57
SFIX R,3043234.0,
EFIX R,3043234.0,3044076 844 924.2 554.0 693
SSACC R,3044078.0,
ESACC R,3044078.0,3044088 12 919.2 567.1 924.0 548.4 0.52 52
SFIX R,3044090.0,
EFIX R,3044090.0,3044524 436 921.6 556.8 700
SSACC R,3044526.0,
SBLINK R,3044548.0,
EBLINK R,3044548.0,3044692 146
ESACC R,3044526.0,3044730 206 888.0 574.1 916.0 538.7 1.22 1668
SFIX R,3044732.0,
EFIX R,3044732.0,3045136 406 896.7 560.8 680
SSACC R,3045138.0,
ESACC R,3045138.0,3045152 16 900.4 567.5 906.6 544.5 0.65 53
SFIX R,3045154.0,
EFIX R,3045154.0,3049668 4516 901.4 562.2 659
SSACC R,3049670.0,
ESACC R,3049670.0,3049676 8 887.5 562.9 875.3 553.0 0.43 62
SFIX R,3049678.0,
EFIX R,3049678.0,3050008 332 882.2 547.6 602
SSACC R,3050010.0,
SBLINK R,3050052.0,
EBLINK R,3050052.0,3050164 114
ESACC R,3050010.0,3050222 214 897.8 559.8 889.7 536.4 0.67 2107
SFIX R,3050224.0,
EFIX R,3050224.0,3051764 1542 892.6 551.4 620
SSACC R,3051766.0,
ESACC R,3051766.0,3051776 12 887.5 570.6 890.6 542.9 0.76 86
SFIX R,3051778.0,
EFIX R,3051778.0,3052832 1056 887.6 562.0 609
SSACC R,3052834.0,
ESACC R,3052834.0,3052848 16 887.0 569.2 873.7 539.9 0.87 74
SFIX R,3052850.0,
EFIX R,3052850.0,3053694 846 876.5 541.3 558
SSACC R,3053696.0,
ESACC R,3053696.0,3053700 6 873.9 549.6 868.3 539.8 0.31 58
SFIX R,3053702.0,
EFIX R,3053702.0,3054486 786 877.9 543.3 529
SSACC R,3054488.0,
ESACC R,3054488.0,3054498 12 878.5 551.7 879.6 535.8 0.43 52
SFIX R,3054500.0,
EFIX R,3054500.0,3054672 174 881.4 533.8 491
SSACC R,3054674.0,
ESACC R,3054674.0,3054686 14 886.7 544.1 887.9 538.0 0.17 52
SFIX R,3054688.0,
EFIX R,3054688.0,3055118 432 882.1 525.4 450
SSACC R,3055120.0,
ESACC R,3055120.0,3055128 10 878.9 520.4 864.3 503.9 0.60 74
SFIX R,3055130.0,
EFIX R,3055130.0,3055906 778 870.0 505.0 408
SSACC R,3055908.0,
ESACC R,3055908.0,3055930 24 842.5 487.4 887.7 502.4 1.29 90
SFIX R,3055932.0,
EFIX R,3055932.0,3056080 150 886.6 505.9 388
SSACC R,3056082.0,
ESACC R,3056082.0,3056092 12 882.8 514.6 867.4 504.7 0.50 62
SFIX R,3056094.0,
EFIX R,3056094.0,3056178 86 866.2 508.5 394
SSACC R,3056180.0,
ESACC R,3056180.0,3056190 12 859.7 503.4 882.1 507.4 0.62 70
SFIX R,3056192.0,
EFIX R,3056192.0,3056364 174 896.8 497.4 407
SSACC R,3056366.0,
ESACC R,3056366.0,3056390 26 895.7 496.1 860.9 490.8 0.95 65
SFIX R,3056392.0,
EFIX R,3056392.0,3056950 560 865.6 505.6 438
SSACC R,3056952.0,
SBLINK R,3057012.0,
EBLINK R,3057012.0,3057150 140
ESACC R,3056952.0,3057192 242 864.8 518.7 864.6 513.4 0.14 350
SFIX R,3057194.0,
EFIX R,3057194.0,3057196 4 862.1 520.3 425
SSACC R,3057198.0,
ESACC R,3057198.0,3057222 26 864.8 525.6 859.5 546.4 0.58 70
SFIX R,3057224.0,
EFIX R,3057224.0,3057348 126 859.9 538.4 435
SSACC R,3057350.0,
ESACC R,3057350.0,3057374 26 856.2 531.7 859.1 504.1 0.75 77
SFIX R,3057376.0,
EFIX R,3057376.0,3057556 182 855.7 523.7 481
SSACC R,3057558.0,
ESACC R,3057558.0,3057634 78 857.5 524.0 864.9 515.8 0.30 78
SFIX R,3057636.0,
EFIX R,3057636.0,3058776 1142 867.6 523.6 483
SSACC R,3058778.0,
ESACC R,3058778.0,3058784 8 868.0 541.8 861.3 528.5 0.40 59
SFIX R,3058786.0,
EFIX R,3058786.0,3059538 754 865.2 538.7 537
SSACC R,3059540.0,
ESACC R,3059540.0,3059546 8 873.8 556.4 873.5 548.9 0.20 49
SFIX R,3059548.0,
EFIX R,3059548.0,3061336 1790 877.7 545.5 543
SSACC R,3061338.0,
SBLINK R,3061358.0,
EBLINK R,3061358.0,3061506 150
ESACC R,3061338.0,3061546 210 815.2 501.1 885.3 508.0 1.91 508
SFIX R,3061548.0,
EFIX R,3061548.0,3062212 666 873.8 526.2 453
SSACC R,3062214.0,
ESACC R,3062214.0,3062252 40 863.9 517.5 888.3 503.7 0.76 97
SFIX R,3062254.0,
EFIX R,3062254.0,3062364 112 891.2 506.0 406
SSACC R,3062366.0,
ESACC R,3062366.0,3062378 14 878.6 506.9 867.9 517.2 0.40 61
SFIX R,3062380.0,
EFIX R,3062380.0,3063026 648 863.5 513.2 418
SSACC R,3063028.0,
ESACC R,3063028.0,3063034 8 877.3 519.5 879.9 512.5 0.20 47
SFIX R,3063036.0,
EFIX R,3063036.0,3067388 4354 873.3 521.5 437
SSACC R,3067390.0,
ESACC R,3067390.0,3067404 16 870.4 547.0 863.6 524.7 0.63 80
SFIX R,3067406.0,
EFIX R,3067406.0,3068106 702 858.3 534.7 495
SSACC R,3068108.0,
ESACC R,3068108.0,3068120 14 858.9 526.3 867.7 534.3 0.32 49
SFIX R,3068122.0,
EFIX R,3068122.0,3070254 2134 873.9 541.7 560
SSACC R,3070256.0,
ESACC R,3070256.0,3070278 24 877.1 564.3 899.5 542.1 0.85 61
SFIX R,3070280.0,
EFIX R,3070280.0,3070372 94 883.2 555.3 601
SSACC R,3070374.0,
SBLINK R,3070404.0,
EBLINK R,3070404.0,3070540 138
ESACC R,3070374.0,3070622 250 837.6 538.9 870.6 540.7 0.89 1770
SFIX R,3070624.0,
EFIX R,3070624.0,3070842 220 863.8 544.6 513
SSACC R,3070844.0,
ESACC R,3070844.0,3070850 8 866.9 540.7 879.7 537.0 0.36 58
SFIX R,3070852.0,
EFIX R,3070852.0,3071192 342 874.1 545.1 509
SSACC R,3071194.0,
ESACC R,3071194.0,3071210 18 872.3 546.5 865.6 515.9 0.85 113
SFIX R,3071212.0,
EFIX R,3071212.0,3071644 434 869.2 540.3 506
SSACC R,3071646.0,
ESACC R,3071646.0,3071652 8 871.0 555.0 869.1 542.7 0.34 51
SFIX R,3071654.0,
EFIX R,3071654.0,3072088 436 872.8 548.6 597
SSACC R,3072090.0,
ESACC R,3072090.0,3072114 26 873.2 564.5 876.6 524.5 1.09 83
SFIX R,3072116.0,
EFIX R,3072116.0,3073410 1296 887.3 555.5 752
SSACC R,3073412.0,
ESACC R,3073412.0,3073424 14 877.3 552.3 904.6 551.2 0.74 55
SFIX R,3073426.0,
EFIX R,3073426.0,3073702 278 903.3 558.3 739
SSACC R,3073704.0,
ESACC R,3073704.0,3073716 14 903.4 548.1 893.6 526.7 0.64 64
SFIX R,3073718.0,
EFIX R,3073718.0,3074012 296 896.6 546.1 727
SSACC R,3074014.0,
ESACC R,3074014.0,3074024 12 896.7 546.6 915.1 533.0 0.62 82
SFIX R,3074026.0,
EFIX R,3074026.0,3074174 150 922.1 529.3 693
SSACC R,3074176.0,
ESACC R,3074176.0,3074180 6 917.1 528.9 907.6 529.4 0.26 53
SFIX R,3074182.0,
EFIX R,3074182.0,3074602 422 905.5 540.3 674
SSACC R,3074604.0,
ESACC R,3074604.0,3074614 12 903.8 547.4 885.7 544.8 0.50 60
SFIX R,3074616.0,
EFIX R,3074616.0,3074724 110 877.0 540.4 641
SSACC R,3074726.0,
ESACC R,3074726.0,3074738 14 878.5 542.8 908.4 553.0 0.86 85
SFIX R,3074740.0,
EFIX R,3074740.0,3075076 338 906.9 552.7 576
SSACC R,3075078.0,
SBLINK R,3075106.0,
EBLINK R,3075106.0,3075294 190
ESACC R,3075078.0,3075342 266 899.9 520.8 935.5 472.1 1.63 258
SFIX R,3075344.0,
EFIX R,3075344.0,3075748 406 899.4 510.3 474
SSACC R,3075750.0,
ESACC R,3075750.0,3075762 14 887.7 524.7 907.0 526.1 0.52 60
SFIX R,3075764.0,
EFIX R,3075764.0,3075994 232 901.7 532.1 488
SSACC R,3075996.0,
ESACC R,3075996.0,3076012 18 892.7 534.6 887.8 509.3 0.70 55
SFIX R,3076014.0,
EFIX R,3076014.0,3076240 228 887.2 532.1 498
SSACC R,3076242.0,
ESACC R,3076242.0,3076258 18 890.1 544.9 906.9 510.2 1.04 85
SFIX R,3076260.0,
EFIX R,3076260.0,3077326 1068 919.2 533.5 681
SSACC R,3077328.0,
ESACC R,3077328.0,3077338 12 913.5 540.2 901.0 527.1 0.49 64
SFIX R,3077340.0,
EFIX R,3077340.0,3078380 1042 909.6 536.7 794
SSACC R,3078382.0,
SBLINK R,3078436.0,
EBLINK R,3078436.0,3078582 148
ESACC R,3078382.0,3078636 256 902.6 562.5 902.4 531.1 0.85 1750
SFIX R,3078638.0,
EFIX R,3078638.0,3079034 398 889.8 542.9 662
SSACC R,3079036.0,
ESACC R,3079036.0,3079048 14 887.5 543.0 887.8 520.2 0.62 70
SFIX R,3079050.0,
EFIX R,3079050.0,3080896 1848 909.3 533.9 739
SSACC R,3080898.0,
ESACC R,3080898.0,3080914 18 911.4 542.7 925.1 522.8 0.65 45
SFIX R,3080916.0,
EFIX R,3080916.0,3082010 1096 912.4 533.1 700
SSACC R,3082012.0,
ESACC R,3082012.0,3082022 12 904.8 535.1 892.5 518.1 0.57 64
SFIX R,3082024.0,
EFIX R,3082024.0,3082866 844 909.0 537.5 724
SSACC R,3082868.0,
ESACC R,3082868.0,3082874 8 913.6 550.9 908.8 547.6 0.16 42
SFIX R,3082876.0,
EFIX R,3082876.0,3084254 1380 889.6 524.4 580
SSACC R,3084256.0,
ESACC R,3084256.0,3084262 8 886.5 519.6 894.0 507.4 0.39 70
SFIX R,3084264.0,
EFIX R,3084264.0,3084386 124 900.6 499.9 481
SSACC R,3084388.0,
ESACC R,3084388.0,3084406 20 899.2 497.0 868.4 502.0 0.85 57
SFIX R,3084408.0,
EFIX R,3084408.0,3084724 318 869.3 502.2 468
SSACC R,3084726.0,
ESACC R,3084726.0,3084734 10 870.3 505.5 884.2 486.9 0.63 72
SFIX R,3084736.0,
EFIX R,3084736.0,3084814 80 883.0 492.8 451
SSACC R,3084816.0,
ESACC R,3084816.0,3084822 8 876.6 498.7 868.7 487.9 0.36 58
SFIX R,3084824.0,
EFIX R,3084824.0,3084964 142 861.9 489.8 448
SSACC R,3084966.0,
ESACC R,3084966.0,3084988 24 859.8 491.1 887.4 493.6 0.75 72
SFIX R,3084990.0,
EFIX R,3084990.0,3085384 396 878.5 499.2 442
SSACC R,3085386.0,
ESACC R,3085386.0,3085396 12 874.8 482.5 877.0 497.2 0.40 61
SFIX R,3085398.0,
EFIX R,3085398.0,3086076 680 876.5 519.4 546
SSACC R,3086078.0,
ESACC R,3086078.0,3086092 16 882.4 537.4 879.0 516.4 0.58 79
SFIX R,3086094.0,
EFIX R,3086094.0,3087210 1118 893.9 542.6 686
SSACC R,3087212.0,
ESACC R,3087212.0,3087228 18 901.7 548.3 887.8 515.2 0.97 111
SFIX R,3087230.0,
EFIX R,3087230.0,3087378 150 883.1 526.9 701
SSACC R,3087380.0,
ESACC R,3087380.0,3087388 10 880.4 528.7 902.1 532.2 0.60 72
SFIX R,3087390.0,
EFIX R,3087390.0,3087878 490 883.9 539.4 669
SSACC R,3087880.0,
SBLINK R,3087904.0,
EBLINK R,3087904.0,3088022 120
ESACC R,3087880.0,3088052 174 846.5 562.2 890.0 527.9 1.50 1796
SFIX R,3088054.0,
EFIX R,3088054.0,3088274 222 878.1 554.2 610
SSACC R,3088276.0,
ESACC R,3088276.0,3088288 14 870.8 552.0 887.0 530.9 0.72 71
SFIX R,3088290.0,
EFIX R,3088290.0,3089160 872 883.7 531.6 565
SSACC R,3089162.0,
ESACC R,3089162.0,3089176 16 867.3 533.4 891.7 525.5 0.70 71
SFIX R,3089178.0,
EFIX R,3089178.0,3089756 580 871.4 532.0 554
SSACC R,3089758.0,
ESACC R,3089758.0,3089790 34 869.3 537.0 879.7 530.0 0.34 58
SFIX R,3089792.0,
EFIX R,3089792.0,3090158 368 878.3 537.4 582
SSACC R,3090160.0,
ESACC R,3090160.0,3090164 6 873.2 534.6 870.0 523.8 0.31 49
SFIX R,3090166.0,
EFIX R,3090166.0,3091014 850 868.6 525.0 564
SSACC R,3091016.0,
ESACC R,3091016.0,3091034 20 861.3 535.4 887.7 508.7 1.02 81
SFIX R,3091036.0,
EFIX R,3091036.0,3092432 1398 874.0 524.3 558
SSACC R,3092434.0,
ESACC R,3092434.0,3092448 16 877.7 533.0 872.3 518.4 0.42 75
SFIX R,3092450.0,
EFIX R,3092450.0,3093210 762 866.0 511.2 491
SSACC R,3093212.0,
ESACC R,3093212.0,3093228 18 847.5 500.7 878.2 500.3 0.83 89
SFIX R,3093230.0,
EFIX R,3093230.0,3093822 594 862.0 500.8 410
SSACC R,3093824.0,
ESACC R,3093824.0,3093830 8 858.2 497.4 851.4 476.4 0.60 79
SFIX R,3093832.0,
EFIX R,3093832.0,3093904 74 853.1 488.2 403
SSACC R,3093906.0,
ESACC R,3093906.0,3093910 6 846.7 478.2 849.9 486.5 0.24 57
SFIX R,3093912.0,
EFIX R,3093912.0,3094138 228 850.0 497.9 395
SSACC R,3094140.0,
ESACC R,3094140.0,3094150 12 849.7 506.0 858.7 483.7 0.65 76
SFIX R,3094152.0,
EFIX R,3094152.0,3094916 766 857.5 492.3 405
SSACC R,3094918.0,
ESACC R,3094918.0,3094992 76 868.1 503.6 847.2 487.5 0.71 81
SFIX R,3094994.0,
EFIX R,3094994.0,3095040 48 845.8 483.6 392
SSACC R,3095042.0,
ESACC R,3095042.0,3095054 14 846.8 484.5 874.0 484.2 0.74 60
SFIX R,3095056.0,
EFIX R,3095056.0,3095488 434 866.0 486.4 384
SSACC R,3095490.0,
ESACC R,3095490.0,3095504 16 860.3 480.1 857.3 476.7 0.12 70
SFIX R,3095506.0,
EFIX R,3095506.0,3095926 422 854.5 489.5 376
SSACC R,3095928.0,
ESACC R,3095928.0,3095950 24 840.5 511.7 845.4 509.9 0.14 54
SFIX R,3095952.0,
EFIX R,3095952.0,3096016 66 848.0 499.8 370
SSACC R,3096018.0,
SBLINK R,3096054.0,
EBLINK R,3096054.0,3096242 190
ESACC R,3096018.0,3096318 302 841.1 479.3 889.2 447.9 1.55 228
SFIX R,3096320.0,
EFIX R,3096320.0,3096418 100 885.2 449.9 345
SSACC R,3096420.0,
ESACC R,3096420.0,3096504 86 877.6 435.7 872.8 434.1 0.14 74
SFIX R,3096506.0,
EFIX R,3096506.0,3096884 380 860.2 461.9 378
SSACC R,3096886.0,
ESACC R,3096886.0,3096922 38 851.3 482.3 847.0 467.4 0.42 79
SFIX R,3096924.0,
EFIX R,3096924.0,3097506 584 851.8 480.3 419
SSACC R,3097508.0,
ESACC R,3097508.0,3097518 12 862.1 481.5 861.6 490.9 0.26 54
SFIX R,3097520.0,
EFIX R,3097520.0,3098304 786 865.5 519.1 550
SSACC R,3098306.0,
SBLINK R,3098358.0,
EBLINK R,3098358.0,3098482 126
ESACC R,3098306.0,3098502 198 868.1 553.1 879.6 528.1 0.75 1235
SFIX R,3098504.0,
EFIX R,3098504.0,3099748 1246 857.9 523.2 546
SSACC R,3099750.0,
ESACC R,3099750.0,3099768 20 858.8 513.2 905.2 493.6 1.37 98
SFIX R,3099770.0,
EFIX R,3099770.0,3099862 94 895.6 503.4 525
SSACC R,3099864.0,
ESACC R,3099864.0,3099912 50 892.1 509.0 848.0 525.9 1.28 113
SFIX R,3099914.0,
EFIX R,3099914.0,3100200 288 846.7 523.3 545
SSACC R,3100202.0,
ESACC R,3100202.0,3100214 14 853.0 527.5 867.9 517.8 0.48 62
SFIX R,3100216.0,
EFIX R,3100216.0,3101148 934 863.7 537.1 613
SSACC R,3101150.0,
ESACC R,3101150.0,3101156 8 860.4 560.3 864.4 551.1 0.27 52
SFIX R,3101158.0,
EFIX R,3101158.0,3101820 664 862.7 556.2 612
SSACC R,3101822.0,
ESACC R,3101822.0,3101828 8 866.1 551.4 855.2 537.0 0.49 70
SFIX R,3101830.0,
EFIX R,3101830.0,3102330 502 867.4 524.6 542
SSACC R,3102332.0,
ESACC R,3102332.0,3102338 8 863.0 515.1 851.3 507.6 0.38 56
SFIX R,3102340.0,
EFIX R,3102340.0,3102396 58 846.6 512.5 517
SSACC R,3102398.0,
ESACC R,3102398.0,3102416 20 842.0 513.4 881.5 517.2 1.07 107
SFIX R,3102418.0,
EFIX R,3102418.0,3102562 146 884.4 516.3 507
SSACC R,3102564.0,
ESACC R,3102564.0,3102576 14 874.5 514.5 854.5 506.4 0.58 51
SFIX R,3102578.0,
EFIX R,3102578.0,3102652 76 854.8 511.0 490
SSACC R,3102654.0,
ESACC R,3102654.0,3102668 16 857.7 515.7 886.1 515.2 0.77 74
SFIX R,3102670.0,
EFIX R,3102670.0,3102802 134 886.8 511.5 472
SSACC R,3102804.0,
ESACC R,3102804.0,3102816 14 885.3 513.2 865.2 509.3 0.55 52
SFIX R,3102818.0,
EFIX R,3102818.0,3103322 506 863.8 497.6 433
SSACC R,3103324.0,
ESACC R,3103324.0,3103342 20 850.7 482.2 869.5 483.3 0.51 61
SFIX R,3103344.0,
EFIX R,3103344.0,3104620 1278 866.1 495.9 419
SSACC R,3104622.0,
ESACC R,3104622.0,3104642 22 871.1 505.3 868.1 502.9 0.10 64
SFIX R,3104644.0,
EFIX R,3104644.0,3104856 214 869.7 513.3 472
SSACC R,3104858.0,
ESACC R,3104858.0,3104878 22 868.6 515.1 859.2 484.2 0.88 83
SFIX R,3104880.0,
EFIX R,3104880.0,3105784 906 869.2 498.1 446
SSACC R,3105786.0,
ESACC R,3105786.0,3105800 16 872.8 471.9 877.0 474.4 0.13 75
SFIX R,3105802.0,
EFIX R,3105802.0,3106558 758 864.9 503.6 472
SSACC R,3106560.0,
ESACC R,3106560.0,3106566 8 853.0 522.2 865.9 525.3 0.36 60
SFIX R,3106568.0,
EFIX R,3106568.0,3107364 798 876.1 540.5 584
SSACC R,3107366.0,
ESACC R,3107366.0,3107374 10 879.7 545.4 877.5 527.8 0.48 60
SFIX R,3107376.0,
EFIX R,3107376.0,3108398 1024 879.0 540.0 666
SSACC R,3108400.0,
ESACC R,3108400.0,3108404 6 888.4 548.6 886.5 539.1 0.26 59
SFIX R,3108406.0,
EFIX R,3108406.0,3109098 694 900.5 537.9 714
SSACC R,3109100.0,
ESACC R,3109100.0,3109110 12 913.8 534.8 904.3 520.6 0.46 52
SFIX R,3109112.0,
EFIX R,3109112.0,3109742 632 895.1 534.9 719
SSACC R,3109744.0,
ESACC R,3109744.0,3109754 12 892.4 542.5 911.0 527.5 0.65 72
SFIX R,3109756.0,
EFIX R,3109756.0,3110282 528 905.0 536.2 725
SSACC R,3110284.0,
ESACC R,3110284.0,3110292 10 901.9 544.8 890.5 529.6 0.51 69
SFIX R,3110294.0,
EFIX R,3110294.0,3110872 580 893.6 544.6 775
SSACC R,3110874.0,
SBLINK R,3110910.0,
EBLINK R,3110910.0,3111060 152
ESACC R,3110874.0,3111096 224 891.7 567.8 906.7 552.5 0.58 2175
SFIX R,3111098.0,
EFIX R,3111098.0,3111292 196 893.3 566.5 683
SSACC R,3111294.0,
ESACC R,3111294.0,3111306 14 884.6 547.8 877.8 529.2 0.54 68
SFIX R,3111308.0,
EFIX R,3111308.0,3111968 662 877.3 540.1 609
SSACC R,3111970.0,
ESACC R,3111970.0,3111986 18 866.6 542.2 892.6 528.9 0.79 80
SFIX R,3111988.0,
EFIX R,3111988.0,3112866 880 882.7 544.7 648
SSACC R,3112868.0,
ESACC R,3112868.0,3112882 16 870.0 560.5 902.0 546.1 0.95 86
SFIX R,3112884.0,
EFIX R,3112884.0,3113260 378 897.3 555.2 728
SSACC R,3113262.0,
ESACC R,3113262.0,3113274 14 904.4 555.3 887.0 535.9 0.71 75
SFIX R,3113276.0,
EFIX R,3113276.0,3113672 398 897.6 554.6 772
SSACC R,3113674.0,
SBLINK R,3113722.0,
EBLINK R,3113722.0,3113856 136
ESACC R,3113674.0,3113912 240 889.0 574.8 919.4 572.1 0.83 2353
SFIX R,3113914.0,
EFIX R,3113914.0,3114078 166 914.0 566.7 753
SSACC R,3114080.0,
ESACC R,3114080.0,3114086 8 911.4 569.1 908.6 559.1 0.28 62
SFIX R,3114088.0,
EFIX R,3114088.0,3115342 1256 896.4 539.1 642
SSACC R,3115344.0,
ESACC R,3115344.0,3115352 10 893.5 534.1 904.9 518.3 0.53 70
SFIX R,3115354.0,
EFIX R,3115354.0,3115640 288 911.5 530.2 691
SSACC R,3115642.0,
ESACC R,3115642.0,3115654 14 909.8 540.6 889.6 531.8 0.60 67
SFIX R,3115656.0,
EFIX R,3115656.0,3115844 190 888.9 536.1 719
SSACC R,3115846.0,
ESACC R,3115846.0,3115852 8 893.4 546.5 905.8 541.5 0.36 49
SFIX R,3115854.0,
EFIX R,3115854.0,3117062 1210 895.4 554.9 700
SSACC R,3117064.0,
ESACC R,3117064.0,3117074 12 886.6 550.9 867.5 544.2 0.55 66
SFIX R,3117076.0,
EFIX R,3117076.0,3117200 126 862.9 548.3 638
SSACC R,3117202.0,
ESACC R,3117202.0,3117232 32 869.1 550.4 883.3 553.4 0.39 55
SFIX R,3117234.0,
EFIX R,3117234.0,3117988 756 887.0 562.6 642
SSACC R,3117990.0,
SBLINK R,3118046.0,
EBLINK R,3118046.0,3118148 104
ESACC R,3117990.0,3118198 210 882.3 582.6 901.7 533.8 1.42 1691
SFIX R,3118200.0,
EFIX R,3118200.0,3118824 626 886.3 541.9 548
SSACC R,3118826.0,
ESACC R,3118826.0,3118836 12 886.2 551.3 875.6 527.9 0.70 67
SFIX R,3118838.0,
EFIX R,3118838.0,3119226 390 879.4 523.9 543
SSACC R,3119228.0,
ESACC R,3119228.0,3119238 12 878.3 525.8 882.6 533.3 0.23 50
SFIX R,3119240.0,
EFIX R,3119240.0,3120260 1022 901.7 547.8 726
SSACC R,3120262.0,
ESACC R,3120262.0,3120274 14 893.3 564.0 918.4 546.0 0.84 74
SFIX R,3120276.0,
EFIX R,3120276.0,3120558 284 913.1 544.3 744
SSACC R,3120560.0,
ESACC R,3120560.0,3120580 22 912.0 540.5 871.5 538.0 1.10 73
SFIX R,3120582.0,
EFIX R,3120582.0,3120730 150 881.2 545.8 734
SSACC R,3120732.0,
ESACC R,3120732.0,3120746 16 885.1 546.7 917.8 535.3 0.94 82
SFIX R,3120748.0,
EFIX R,3120748.0,3121052 306 910.3 546.3 733
SSACC R,3121054.0,
ESACC R,3121054.0,3121070 18 910.4 554.9 884.0 551.6 0.72 54
SFIX R,3121072.0,
EFIX R,3121072.0,3123598 2528 884.5 550.0 633
SSACC R,3123600.0,
ESACC R,3123600.0,3123610 12 881.1 544.3 870.3 528.0 0.53 65
SFIX R,3123612.0,
EFIX R,3123612.0,3124786 1176 880.4 538.3 605
SSACC R,3124788.0,
SBLINK R,3124838.0,
EBLINK R,3124838.0,3124960 124
ESACC R,3124788.0,3125000 214 856.8 554.2 902.4 532.0 1.37 1709
SFIX R,3125002.0,
EFIX R,3125002.0,3125752 752 883.0 542.9 531
SSACC R,3125754.0,
ESACC R,3125754.0,3125766 14 878.5 545.0 865.7 521.8 0.72 74
SFIX R,3125768.0,
EFIX R,3125768.0,3125902 136 859.0 531.4 489
SSACC R,3125904.0,
ESACC R,3125904.0,3125922 20 856.8 531.4 881.6 539.9 0.71 66
SFIX R,3125924.0,
EFIX R,3125924.0,3126220 298 873.1 535.5 487
SSACC R,3126222.0,
ESACC R,3126222.0,3126230 10 867.5 524.3 886.7 533.9 0.58 67
SFIX R,3126232.0,
EFIX R,3126232.0,3127358 1128 870.9 525.4 473
SSACC R,3127360.0,
ESACC R,3127360.0,3127374 16 862.0 520.3 855.0 518.5 0.20 53
SFIX R,3127376.0,
EFIX R,3127376.0,3127468 94 861.2 517.3 447
SSACC R,3127470.0,
ESACC R,3127470.0,3127482 14 874.3 530.2 873.6 509.0 0.57 80
SFIX R,3127484.0,
EFIX R,3127484.0,3128014 532 871.6 524.5 457
SSACC R,3128016.0,
ESACC R,3128016.0,3128024 10 865.7 535.2 879.9 537.6 0.39 53
SFIX R,3128026.0,
EFIX R,3128026.0,3128194 170 887.6 535.3 491
SSACC R,3128196.0,
ESACC R,3128196.0,3128206 12 892.3 541.1 879.5 536.7 0.37 74
SFIX R,3128208.0,
EFIX R,3128208.0,3128530 324 875.7 539.6 514
SSACC R,3128532.0,
ESACC R,3128532.0,3128536 6 881.6 516.8 883.2 529.0 0.33 62
SFIX R,3128538.0,
EFIX R,3128538.0,3129244 708 877.1 535.5 530
SSACC R,3129246.0,
ESACC R,3129246.0,3129254 10 878.0 535.9 860.3 526.1 0.55 63
SFIX R,3129256.0,
EFIX R,3129256.0,3130236 982 874.9 524.5 506
SSACC R,3130238.0,
ESACC R,3130238.0,3130256 20 881.9 532.1 876.7 529.1 0.16 55
SFIX R,3130258.0,
EFIX R,3130258.0,3130608 352 884.8 526.5 514
SSACC R,3130610.0,
ESACC R,3130610.0,3130616 8 901.5 546.2 895.4 540.2 0.23 58
SFIX R,3130618.0,
EFIX R,3130618.0,3131360 744 883.1 525.4 479
SSACC R,3131362.0,
ESACC R,3131362.0,3131370 10 882.4 523.1 882.5 503.5 0.53 66
SFIX R,3131372.0,
EFIX R,3131372.0,3131774 404 887.0 511.1 428
SSACC R,3131776.0,
SBLINK R,3131814.0,
EBLINK R,3131814.0,3132034 222
ESACC R,3131776.0,3132078 304 850.9 540.8 898.0 425.8 3.36 374
SFIX R,3132080.0,
EFIX R,3132080.0,3132302 224 874.6 489.4 363
SSACC R,3132304.0,
ESACC R,3132304.0,3132312 10 860.6 485.8 882.8 477.7 0.64 76
SFIX R,3132314.0,
EFIX R,3132314.0,3132520 208 880.1 482.6 409
SSACC R,3132522.0,
ESACC R,3132522.0,3132534 14 876.4 473.8 880.4 448.6 0.69 83
SFIX R,3132536.0,
EFIX R,3132536.0,3132830 296 878.0 483.3 386
SSACC R,3132832.0,
ESACC R,3132832.0,3132836 6 868.7 494.5 863.6 491.6 0.16 55
SFIX R,3132838.0,
EFIX R,3132838.0,3133038 202 862.0 511.5 427
SSACC R,3133040.0,
ESACC R,3133040.0,3133048 10 868.7 517.9 864.4 497.9 0.55 66
SFIX R,3133050.0,
EFIX R,3133050.0,3134698 1650 866.8 521.6 538
SSACC R,3134700.0,
ESACC R,3134700.0,3134712 14 857.3 521.4 882.2 507.3 0.78 77
SFIX R,3134714.0,
EFIX R,3134714.0,3134856 144 885.8 508.5 565
SSACC R,3134858.0,
ESACC R,3134858.0,3134868 12 880.7 511.3 860.4 507.7 0.56 65
SFIX R,3134870.0,
EFIX R,3134870.0,3135118 250 853.4 505.1 557
SSACC R,3135120.0,
ESACC R,3135120.0,3135126 8 856.8 512.8 859.0 505.5 0.21 54
SFIX R,3135128.0,
EFIX R,3135128.0,3135338 212 861.9 501.2 568
SSACC R,3135340.0,
ESACC R,3135340.0,3135348 10 870.3 507.8 888.0 505.2 0.48 60
SFIX R,3135350.0,
EFIX R,3135350.0,3135530 182 889.6 504.7 580
SSACC R,3135532.0,
ESACC R,3135532.0,3135542 12 887.6 505.5 868.4 496.9 0.57 55
SFIX R,3135544.0,
EFIX R,3135544.0,3135736 194 858.5 520.0 572
SSACC R,3135738.0,
SBLINK R,3135760.0,
EBLINK R,3135760.0,3135904 146
ESACC R,3135738.0,3135926 190 796.3 569.2 919.9 534.6 3.47 1025
SFIX R,3135928.0,
EFIX R,3135928.0,3136288 362 887.5 560.9 560
SSACC R,3136290.0,
ESACC R,3136290.0,3136308 20 884.8 564.6 880.6 515.0 1.35 95
SFIX R,3136310.0,
EFIX R,3136310.0,3136578 270 878.9 529.8 583
SSACC R,3136580.0,
ESACC R,3136580.0,3136586 8 883.2 521.2 877.9 512.0 0.29 49
SFIX R,3136588.0,
EFIX R,3136588.0,3136862 276 877.2 525.9 561
SSACC R,3136864.0,
ESACC R,3136864.0,3136876 14 874.6 527.9 870.1 504.7 0.64 65
SFIX R,3136878.0,
EFIX R,3136878.0,3137592 716 883.6 539.3 627
SSACC R,3137594.0,
ESACC R,3137594.0,3137598 6 892.2 559.0 888.1 546.6 0.35 55
SFIX R,3137600.0,
EFIX R,3137600.0,3138438 840 874.6 559.4 664
SSACC R,3138440.0,
ESACC R,3138440.0,3138446 8 871.9 557.0 867.4 551.3 0.20 43
SFIX R,3138448.0,
EFIX R,3138448.0,3139108 662 881.0 554.5 641
SSACC R,3139110.0,
SBLINK R,3139176.0,
EBLINK R,3139176.0,3139360 186
ESACC R,3139110.0,3139422 314 872.8 585.2 878.6 549.7 0.97 1480
SFIX R,3139424.0,
EFIX R,3139424.0,3139800 378 876.3 543.7 548
SSACC R,3139802.0,
ESACC R,3139802.0,3139818 18 862.4 529.2 861.7 535.9 0.18 62
SFIX R,3139820.0,
EFIX R,3139820.0,3140430 612 869.7 518.6 495
SSACC R,3140432.0,
ESACC R,3140432.0,3140444 14 870.3 520.2 871.5 510.0 0.28 58
SFIX R,3140446.0,
EFIX R,3140446.0,3141304 860 880.3 523.4 478
SSACC R,3141306.0,
ESACC R,3141306.0,3141330 26 874.7 536.8 859.9 546.7 0.48 50
SFIX R,3141332.0,
EFIX R,3141332.0,3141572 242 852.7 550.0 526
SSACC R,3141574.0,
ESACC R,3141574.0,3141586 14 855.2 562.7 872.8 544.0 0.70 73
SFIX R,3141588.0,
EFIX R,3141588.0,3141832 246 873.4 551.1 565
SSACC R,3141834.0,
ESACC R,3141834.0,3141840 8 873.5 562.4 868.8 549.1 0.38 58
SFIX R,3141842.0,
EFIX R,3141842.0,3142514 674 864.8 552.5 614
SSACC R,3142516.0,
ESACC R,3142516.0,3142526 12 859.8 566.5 880.2 550.7 0.70 75
SFIX R,3142528.0,
EFIX R,3142528.0,3143708 1182 857.0 549.3 553
SSACC R,3143710.0,
ESACC R,3143710.0,3143724 16 847.7 546.1 860.9 536.6 0.44 65
SFIX R,3143726.0,
EFIX R,3143726.0,3143798 74 862.7 540.0 485
SSACC R,3143800.0,
SBLINK R,3143824.0,
EBLINK R,3143824.0,3143980 158
ESACC R,3143800.0,3144022 224 836.0 561.6 870.0 485.9 2.25 841
SFIX R,3144024.0,
EFIX R,3144024.0,3144322 300 869.4 504.3 445
SSACC R,3144324.0,
ESACC R,3144324.0,3144328 6 882.0 515.6 883.4 504.7 0.30 49
SFIX R,3144330.0,
EFIX R,3144330.0,3144818 490 872.8 505.6 440
SSACC R,3144820.0,
ESACC R,3144820.0,3144834 16 870.7 522.1 854.4 500.0 0.74 69
SFIX R,3144836.0,
EFIX R,3144836.0,3145080 246 853.1 526.3 486
SSACC R,3145082.0,
ESACC R,3145082.0,3145094 14 859.7 547.2 857.2 517.4 0.81 91
SFIX R,3145096.0,
EFIX R,3145096.0,3146002 908 877.6 540.9 558
SSACC R,3146004.0,
ESACC R,3146004.0,3146014 12 874.7 551.4 872.9 530.2 0.58 74
SFIX R,3146016.0,
EFIX R,3146016.0,3146484 470 869.7 544.3 550
SSACC R,3146486.0,
ESACC R,3146486.0,3146490 6 882.4 542.1 885.2 533.1 0.26 68
SFIX R,3146492.0,
EFIX R,3146492.0,3146620 130 897.5 527.5 548
SSACC R,3146622.0,
ESACC R,3146622.0,3146630 10 892.7 532.9 874.3 532.3 0.50 72
SFIX R,3146632.0,
EFIX R,3146632.0,3146678 48 872.4 535.7 546
SSACC R,3146680.0,
ESACC R,3146680.0,3146694 16 871.1 527.9 878.4 533.4 0.25 50
SFIX R,3146696.0,
EFIX R,3146696.0,3147066 372 876.6 538.5 531
SSACC R,3147068.0,
ESACC R,3147068.0,3147080 14 861.9 533.6 883.9 534.9 0.60 56
SFIX R,3147082.0,
EFIX R,3147082.0,3147566 486 872.6 542.2 556
SSACC R,3147568.0,
ESACC R,3147568.0,3147576 10 875.8 554.5 878.7 543.1 0.32 46
SFIX R,3147578.0,
EFIX R,3147578.0,3147786 210 880.7 549.0 618
SSACC R,3147788.0,
ESACC R,3147788.0,3147816 30 881.2 565.7 875.8 552.1 0.40 62
SFIX R,3147818.0,
EFIX R,3147818.0,3148066 250 856.4 553.4 627
SSACC R,3148068.0,
ESACC R,3148068.0,3148076 10 860.4 552.8 879.3 553.5 0.51 62
SFIX R,3148078.0,
EFIX R,3148078.0,3149148 1072 875.0 564.4 672
SSACC R,3149150.0,
SBLINK R,3149178.0,
EBLINK R,3149178.0,3149312 136
ESACC R,3149150.0,3149354 206 819.0 591.0 898.4 589.5 2.15 2079
SFIX R,3149356.0,
EFIX R,3149356.0,3149554 200 889.7 574.7 667
SSACC R,3149556.0,
ESACC R,3149556.0,3149570 16 881.0 569.5 878.9 542.2 0.74 66
SFIX R,3149572.0,
EFIX R,3149572.0,3149930 360 873.5 567.6 658
SSACC R,3149932.0,
ESACC R,3149932.0,3149938 8 882.7 571.8 885.8 559.2 0.35 52
SFIX R,3149940.0,
EFIX R,3149940.0,3150404 466 889.0 568.7 663
SSACC R,3150406.0,
ESACC R,3150406.0,3150416 12 891.4 575.4 897.0 559.7 0.45 58
SFIX R,3150418.0,
EFIX R,3150418.0,3150694 278 905.9 561.2 686
SSACC R,3150696.0,
ESACC R,3150696.0,3150716 22 900.9 566.6 858.2 559.3 1.17 84
SFIX R,3150718.0,
EFIX R,3150718.0,3150834 118 861.2 563.7 677
SSACC R,3150836.0,
ESACC R,3150836.0,3150850 16 865.4 571.4 897.7 569.3 0.88 95
SFIX R,3150852.0,
EFIX R,3150852.0,3151182 332 891.0 571.8 691
SSACC R,3151184.0,
ESACC R,3151184.0,3151194 12 892.9 573.8 879.0 554.1 0.65 74
SFIX R,3151196.0,
EFIX R,3151196.0,3151618 424 883.9 570.1 692
SSACC R,3151620.0,
ESACC R,3151620.0,3151624 6 882.3 564.9 885.5 555.4 0.27 48
SFIX R,3151626.0,
EFIX R,3151626.0,3151960 336 889.6 559.2 680
SSACC R,3151962.0,
ESACC R,3151962.0,3151972 12 889.3 558.1 876.7 546.7 0.46 61
SFIX R,3151974.0,
EFIX R,3151974.0,3152074 102 872.5 548.8 676
SSACC R,3152076.0,
ESACC R,3152076.0,3152090 16 874.0 551.6 907.5 560.1 0.94 85
SFIX R,3152092.0,
EFIX R,3152092.0,3152202 112 905.0 554.3 661
SSACC R,3152204.0,
ESACC R,3152204.0,3152210 8 895.8 555.8 886.0 549.0 0.32 46
SFIX R,3152212.0,
EFIX R,3152212.0,3152424 214 874.7 550.0 639
SSACC R,3152426.0,
SBLINK R,3152448.0,
EBLINK R,3152448.0,3152622 176
ESACC R,3152426.0,3152670 246 831.8 560.7 914.3 512.7 2.58 902
SFIX R,3152672.0,
EFIX R,3152672.0,3154170 1500 886.1 538.4 573
SSACC R,3154172.0,
ESACC R,3154172.0,3154178 8 889.2 546.4 886.6 532.0 0.40 66
SFIX R,3154180.0,
EFIX R,3154180.0,3157292 3114 884.2 548.4 618
SSACC R,3157294.0,
ESACC R,3157294.0,3157308 16 883.3 551.0 870.4 532.3 0.62 65
SFIX R,3157310.0,
EFIX R,3157310.0,3157526 218 862.8 534.8 608
SSACC R,3157528.0,
ESACC R,3157528.0,3157538 12 864.4 532.2 880.6 547.6 0.61 73
SFIX R,3157540.0,
EFIX R,3157540.0,3157794 256 872.4 552.5 612
SSACC R,3157796.0,
ESACC R,3157796.0,3157802 8 874.6 568.6 865.7 551.6 0.52 75
SFIX R,3157804.0,
EFIX R,3157804.0,3159216 1414 883.0 557.9 649
SSACC R,3159218.0,
ESACC R,3159218.0,3159234 18 882.5 564.6 913.1 566.5 0.83 77
SFIX R,3159236.0,
EFIX R,3159236.0,3159334 100 898.6 571.4 624
SSACC R,3159336.0,
SBLINK R,3159368.0,
EBLINK R,3159368.0,3159482 116
ESACC R,3159336.0,3159518 184 843.7 597.7 869.0 556.9 1.30 1486
SFIX R,3159520.0,
EFIX R,3159520.0,3159778 260 867.3 566.3 593
SSACC R,3159780.0,
ESACC R,3159780.0,3159784 6 863.2 563.8 875.8 566.9 0.35 54
SFIX R,3159786.0,
EFIX R,3159786.0,3162100 2316 879.5 547.3 626
SSACC R,3162102.0,
ESACC R,3162102.0,3162108 8 909.5 556.1 897.5 546.9 0.41 70
SFIX R,3162110.0,
EFIX R,3162110.0,3162194 86 885.9 542.1 784
SSACC R,3162196.0,
ESACC R,3162196.0,3162214 20 885.3 540.1 937.4 546.3 1.42 88
SFIX R,3162216.0,
EFIX R,3162216.0,3163996 1782 907.1 555.0 764
SSACC R,3163998.0,
ESACC R,3163998.0,3164012 16 896.5 568.5 882.4 548.7 0.66 80
SFIX R,3164014.0,
EFIX R,3164014.0,3164298 286 876.9 559.2 765
SSACC R,3164300.0,
ESACC R,3164300.0,3164330 32 872.4 564.3 883.5 560.6 0.32 60
SFIX R,3164332.0,
EFIX R,3164332.0,3164992 662 899.5 555.9 785
SSACC R,3164994.0,
ESACC R,3164994.0,3165000 8 906.2 552.9 893.1 547.2 0.39 52
SFIX R,3165002.0,
EFIX R,3165002.0,3165676 676 896.8 553.7 793
SSACC R,3165678.0,
ESACC R,3165678.0,3165686 10 899.7 559.7 890.4 545.8 0.45 55
SFIX R,3165688.0,
EFIX R,3165688.0,3165830 144 883.6 559.2 770
SSACC R,3165832.0,
SBLINK R,3165886.0,
EBLINK R,3165886.0,3166036 152
ESACC R,3165832.0,3166102 272 850.7 579.7 913.9 542.8 1.98 1578
SFIX R,3166104.0,
EFIX R,3166104.0,3167692 1590 903.2 546.5 582
SSACC R,3167694.0,
ESACC R,3167694.0,3167698 6 905.9 555.1 898.4 546.7 0.31 61
SFIX R,3167700.0,
EFIX R,3167700.0,3168260 562 906.4 556.8 647
SSACC R,3168262.0,
ESACC R,3168262.0,3168268 8 913.9 552.2 902.6 549.7 0.31 55
SFIX R,3168270.0,
EFIX R,3168270.0,3168578 310 901.8 557.8 687
SSACC R,3168580.0,
ESACC R,3168580.0,3168584 6 913.2 552.8 922.0 547.3 0.28 56
SFIX R,3168586.0,
EFIX R,3168586.0,3169510 926 904.4 554.5 726
SSACC R,3169512.0,
ESACC R,3169512.0,3169520 10 907.8 555.4 915.6 542.2 0.42 54
SFIX R,3169522.0,
EFIX R,3169522.0,3171170 1650 896.6 553.5 728
SSACC R,3171172.0,
ESACC R,3171172.0,3171186 16 898.8 561.3 904.2 534.6 0.74 70
SFIX R,3171188.0,
EFIX R,3171188.0,3171854 668 907.9 556.9 763
SSACC R,3171856.0,
ESACC R,3171856.0,3171868 14 914.5 556.4 919.4 540.8 0.44 67
SFIX R,3171870.0,
EFIX R,3171870.0,3172048 180 918.1 548.1 796
SSACC R,3172050.0,
ESACC R,3172050.0,3172056 8 916.4 552.5 905.3 553.8 0.30 47
SFIX R,3172058.0,
EFIX R,3172058.0,3172298 242 904.2 561.6 775
SSACC R,3172300.0,
ESACC R,3172300.0,3172306 8 907.8 571.1 918.3 564.7 0.33 46
SFIX R,3172308.0,
EFIX R,3172308.0,3173952 1646 885.5 550.6 578
SSACC R,3173954.0,
ESACC R,3173954.0,3173974 22 862.9 532.4 879.2 530.6 0.44 53
SFIX R,3173976.0,
EFIX R,3173976.0,3175256 1282 872.1 524.0 420
SSACC R,3175258.0,
ESACC R,3175258.0,3175270 14 875.5 534.1 866.7 522.0 0.41 68
SFIX R,3175272.0,
EFIX R,3175272.0,3175476 206 870.9 527.1 429
SSACC R,3175478.0,
ESACC R,3175478.0,3175492 16 878.5 540.9 870.1 533.4 0.31 57
SFIX R,3175494.0,
EFIX R,3175494.0,3175774 282 870.2 535.7 450
SSACC R,3175776.0,
ESACC R,3175776.0,3175788 14 867.6 545.4 862.2 533.1 0.36 60
SFIX R,3175790.0,
EFIX R,3175790.0,3176530 742 866.6 547.1 472
SSACC R,3176532.0,
ESACC R,3176532.0,3176550 20 872.8 542.3 858.5 516.8 0.79 90
SFIX R,3176552.0,
EFIX R,3176552.0,3178512 1962 862.6 532.5 473
SSACC R,3178514.0,
ESACC R,3178514.0,3178528 16 861.3 544.3 844.2 572.1 0.88 69
SFIX R,3178530.0,
EFIX R,3178530.0,3178552 24 830.9 573.8 455
SSACC R,3178554.0,
SBLINK R,3178580.0,
EBLINK R,3178580.0,3178712 134
ESACC R,3178554.0,3178744 192 817.0 575.9 879.0 510.3 2.44 362
SFIX R,3178746.0,
EFIX R,3178746.0,3179580 836 863.4 526.8 467
SSACC R,3179582.0,
ESACC R,3179582.0,3179588 8 858.8 511.5 859.0 515.3 0.10 58
SFIX R,3179590.0,
EFIX R,3179590.0,3179770 182 866.5 521.9 481
SSACC R,3179772.0,
ESACC R,3179772.0,3179776 6 871.2 521.7 866.1 518.8 0.16 40
SFIX R,3179778.0,
EFIX R,3179778.0,3179990 214 864.5 534.5 505
SSACC R,3179992.0,
ESACC R,3179992.0,3180002 12 862.3 539.7 871.1 517.4 0.65 73
SFIX R,3180004.0,
EFIX R,3180004.0,3180120 118 875.2 519.4 521
SSACC R,3180122.0,
ESACC R,3180122.0,3180126 6 872.8 515.8 872.5 526.7 0.30 56
SFIX R,3180128.0,
EFIX R,3180128.0,3180774 648 866.9 545.0 567
SSACC R,3180776.0,
SBLINK R,3180808.0,
EBLINK R,3180808.0,3180994 188
ESACC R,3180776.0,3181106 332 828.1 533.4 887.7 522.9 1.64 1198
SFIX R,3181108.0,
EFIX R,3181108.0,3182320 1214 873.9 539.1 543
SSACC R,3182322.0,
ESACC R,3182322.0,3182344 24 857.2 556.6 872.7 523.6 0.99 78
SFIX R,3182346.0,
EFIX R,3182346.0,3182558 214 868.4 537.0 587
SSACC R,3182560.0,
ESACC R,3182560.0,3182564 6 874.6 535.9 869.6 526.5 0.29 57
SFIX R,3182566.0,
EFIX R,3182566.0,3183684 1120 883.2 547.4 680
SSACC R,3183686.0,
SBLINK R,3183716.0,
EBLINK R,3183716.0,3183870 156
ESACC R,3183686.0,3183900 216 864.1 579.2 922.4 535.0 1.98 2320
SFIX R,3183902.0,
EFIX R,3183902.0,3184410 510 903.0 561.8 778
SSACC R,3184412.0,
ESACC R,3184412.0,3184422 12 907.9 561.4 928.1 548.9 0.64 78
SFIX R,3184424.0,
EFIX R,3184424.0,3184804 382 926.8 559.9 827
SSACC R,3184806.0,
ESACC R,3184806.0,3184816 12 927.4 571.1 914.3 546.9 0.75 78
SFIX R,3184818.0,
EFIX R,3184818.0,3185114 298 918.9 554.5 843
SSACC R,3185116.0,
ESACC R,3185116.0,3185130 16 925.6 552.6 938.5 529.7 0.71 69
SFIX R,3185132.0,
EFIX R,3185132.0,3185602 472 940.0 545.5 915
SSACC R,3185604.0,
SBLINK R,3185646.0,
EBLINK R,3185646.0,3185816 172
ESACC R,3185604.0,3185882 280 935.7 566.4 903.4 522.2 1.48 392
SFIX R,3185884.0,
EFIX R,3185884.0,3185996 114 904.3 548.8 924
SSACC R,3185998.0,
ESACC R,3185998.0,3186016 20 906.9 567.4 932.5 526.8 1.30 85
SFIX R,3186018.0,
EFIX R,3186018.0,3186450 434 920.0 541.2 939
SSACC R,3186452.0,
ESACC R,3186452.0,3186464 14 909.3 551.4 915.8 521.8 0.82 86
SFIX R,3186466.0,
EFIX R,3186466.0,3188142 1678 921.0 527.3 914
SSACC R,3188144.0,
ESACC R,3188144.0,3188152 10 933.8 519.3 927.2 501.6 0.51 64
SFIX R,3188154.0,
EFIX R,3188154.0,3188888 736 926.5 514.8 932
SSACC R,3188890.0,
ESACC R,3188890.0,3188906 18 930.4 515.2 921.4 499.8 0.48 76
SFIX R,3188908.0,
EFIX R,3188908.0,3189364 458 932.6 518.4 940
SSACC R,3189366.0,
ESACC R,3189366.0,3189382 18 936.1 534.5 922.1 501.0 0.98 105
SFIX R,3189384.0,
EFIX R,3189384.0,3189928 546 924.3 521.9 962
SSACC R,3189930.0,
ESACC R,3189930.0,3189936 8 928.3 525.9 933.7 518.5 0.25 46
SFIX R,3189938.0,
EFIX R,3189938.0,3191532 1596 910.3 536.5 856
SSACC R,3191534.0,
SBLINK R,3191554.0,
EBLINK R,3191554.0,3191684 132
ESACC R,3191534.0,3191730 198 864.7 570.1 936.1 535.2 2.15 674
SFIX R,3191732.0,
EFIX R,3191732.0,3191890 160 920.9 578.9 874
SSACC R,3191892.0,
ESACC R,3191892.0,3191902 12 915.1 588.1 906.9 562.9 0.72 88
SFIX R,3191904.0,
EFIX R,3191904.0,3192376 474 911.7 565.4 843
SSACC R,3192378.0,
ESACC R,3192378.0,3192404 28 917.5 555.7 912.5 542.3 0.39 61
SFIX R,3192406.0,
EFIX R,3192406.0,3193366 962 914.9 556.4 774
SSACC R,3193368.0,
ESACC R,3193368.0,3193376 10 917.8 565.3 906.5 556.6 0.39 50
SFIX R,3193378.0,
EFIX R,3193378.0,3193752 376 906.8 558.4 781
SSACC R,3193754.0,
ESACC R,3193754.0,3193764 12 908.5 562.8 922.6 549.9 0.52 52
SFIX R,3193766.0,
EFIX R,3193766.0,3194644 880 913.4 558.0 802
SSACC R,3194646.0,
ESACC R,3194646.0,3194652 8 918.9 557.1 916.5 542.1 0.41 61
SFIX R,3194654.0,
EFIX R,3194654.0,3196070 1418 927.3 545.5 880
SSACC R,3196072.0,
ESACC R,3196072.0,3196082 12 934.3 541.1 956.0 540.2 0.59 65
SFIX R,3196084.0,
EFIX R,3196084.0,3196810 728 933.3 543.0 853
SSACC R,3196812.0,
ESACC R,3196812.0,3196818 8 920.9 557.6 914.9 538.4 0.55 80
SFIX R,3196820.0,
EFIX R,3196820.0,3197432 614 900.1 548.2 838
SSACC R,3197434.0,
ESACC R,3197434.0,3197444 12 897.1 555.0 910.1 536.8 0.61 68
SFIX R,3197446.0,
EFIX R,3197446.0,3198240 796 910.0 555.2 794
SSACC R,3198242.0,
ESACC R,3198242.0,3198248 8 900.0 563.3 898.0 549.0 0.39 58
SFIX R,3198250.0,
EFIX R,3198250.0,3198762 514 900.4 560.1 758
SSACC R,3198764.0,
ESACC R,3198764.0,3198776 14 910.7 574.6 910.0 543.8 0.83 82
SFIX R,3198778.0,
EFIX R,3198778.0,3199422 646 906.2 560.9 755
SSACC R,3199424.0,
ESACC R,3199424.0,3199432 10 903.3 576.0 901.2 556.5 0.53 63
SFIX R,3199434.0,
EFIX R,3199434.0,3199978 546 902.3 564.6 797
SSACC R,3199980.0,
SBLINK R,3200038.0,
EBLINK R,3200038.0,3200188 152
ESACC R,3199980.0,3200220 242 899.8 586.5 902.7 533.0 1.45 270
SFIX R,3200222.0,
EFIX R,3200222.0,3201602 1382 891.4 556.4 690
SSACC R,3201604.0,
ESACC R,3201604.0,3201612 10 894.1 562.2 895.2 545.1 0.46 60
SFIX R,3201614.0,
EFIX R,3201614.0,3202276 664 892.2 560.7 789
SSACC R,3202278.0,
ESACC R,3202278.0,3202286 10 898.9 560.8 902.3 541.6 0.53 69
SFIX R,3202288.0,
EFIX R,3202288.0,3203566 1280 919.3 556.3 864
SSACC R,3203568.0,
SBLINK R,3203630.0,
EBLINK R,3203630.0,3203766 138
ESACC R,3203568.0,3203830 264 920.6 576.6 856.3 482.8 3.08 2397
SFIX R,3203832.0,
EFIX R,3203832.0,3205590 1760 905.2 524.6 674
SSACC R,3205592.0,
ESACC R,3205592.0,3205600 10 889.4 532.0 900.4 536.5 0.32 48
SFIX R,3205602.0,
EFIX R,3205602.0,3209196 3596 903.1 541.2 797
SSACC R,3209198.0,
ESACC R,3209198.0,3209208 12 901.4 541.3 887.4 533.3 0.44 54
SFIX R,3209210.0,
EFIX R,3209210.0,3209266 58 882.8 529.8 766
SSACC R,3209268.0,
ESACC R,3209268.0,3209284 18 883.8 529.3 919.2 534.8 0.97 90
SFIX R,3209286.0,
EFIX R,3209286.0,3209404 120 917.5 533.4 761
SSACC R,3209406.0,
ESACC R,3209406.0,3209414 10 911.1 532.9 891.6 531.3 0.53 62
SFIX R,3209416.0,
EFIX R,3209416.0,3210174 760 897.9 541.2 799
SSACC R,3210176.0,
ESACC R,3210176.0,3210182 8 908.8 541.9 912.9 530.7 0.32 53
SFIX R,3210184.0,
EFIX R,3210184.0,3210260 78 916.7 531.1 831
SSACC R,3210262.0,
SBLINK R,3210316.0,
EBLINK R,3210316.0,3210428 114
ESACC R,3210262.0,3210470 210 916.1 537.8 916.8 561.9 0.65 877
SFIX R,3210472.0,
EFIX R,3210472.0,3211256 786 899.4 566.0 805
SSACC R,3211258.0,
ESACC R,3211258.0,3211282 26 893.1 564.7 898.5 544.7 0.56 54
SFIX R,3211284.0,
EFIX R,3211284.0,3212248 966 901.0 553.4 766
SSACC R,3212250.0,
ESACC R,3212250.0,3212260 12 905.6 555.1 885.6 541.8 0.65 63
SFIX R,3212262.0,
EFIX R,3212262.0,3212392 132 883.5 543.2 797
SSACC R,3212394.0,
ESACC R,3212394.0,3212414 22 886.4 546.8 907.3 549.4 0.57 64
SFIX R,3212416.0,
EFIX R,3212416.0,3212726 312 905.8 559.5 788
SSACC R,3212728.0,
ESACC R,3212728.0,3212746 20 904.4 562.4 880.7 535.0 0.98 70
SFIX R,3212748.0,
EFIX R,3212748.0,3212854 108 884.3 545.6 795
SSACC R,3212856.0,
ESACC R,3212856.0,3212874 20 889.3 550.7 934.3 534.3 1.30 86
SFIX R,3212876.0,
EFIX R,3212876.0,3213056 182 923.8 544.3 796
SSACC R,3213058.0,
ESACC R,3213058.0,3213066 10 919.4 547.6 899.9 539.4 0.57 67
SFIX R,3213068.0,
EFIX R,3213068.0,3215110 2044 895.0 543.6 703
SSACC R,3215112.0,
SBLINK R,3215136.0,
EBLINK R,3215136.0,3215244 110
ESACC R,3215112.0,3215274 164 833.5 566.9 908.5 532.9 2.23 2332
SFIX R,3215276.0,
EFIX R,3215276.0,3215506 232 896.6 553.2 717
SSACC R,3215508.0,
ESACC R,3215508.0,3215518 12 899.1 565.9 914.0 545.4 0.69 69
SFIX R,3215520.0,
EFIX R,3215520.0,3215932 414 916.6 546.8 757
SSACC R,3215934.0,
ESACC R,3215934.0,3215944 12 917.3 548.8 912.0 533.0 0.45 70
SFIX R,3215946.0,
EFIX R,3215946.0,3217370 1426 900.4 540.0 781
SSACC R,3217372.0,
ESACC R,3217372.0,3217380 10 892.4 561.1 883.9 547.0 0.45 57
SFIX R,3217382.0,
EFIX R,3217382.0,3218700 1320 902.5 554.3 791
SSACC R,3218702.0,
ESACC R,3218702.0,3218708 8 909.7 550.0 893.8 548.6 0.43 60
SFIX R,3218710.0,
EFIX R,3218710.0,3218838 130 888.2 549.7 763
SSACC R,3218840.0,
ESACC R,3218840.0,3218848 10 887.4 552.1 903.3 546.8 0.45 61
SFIX R,3218850.0,
EFIX R,3218850.0,3219426 578 902.7 556.5 725
SSACC R,3219428.0,
ESACC R,3219428.0,3219442 16 890.1 562.4 914.4 552.8 0.71 79
SFIX R,3219444.0,
EFIX R,3219444.0,3221202 1760 892.2 543.1 600
SSACC R,3221204.0,
SBLINK R,3221250.0,
EBLINK R,3221250.0,3221364 116
ESACC R,3221204.0,3221394 192 881.2 551.2 904.6 502.6 1.46 1996
SFIX R,3221396.0,
EFIX R,3221396.0,3222824 1430 899.9 543.5 773
SSACC R,3222826.0,
ESACC R,3222826.0,3222834 10 921.2 552.4 928.0 537.6 0.44 54
SFIX R,3222836.0,
EFIX R,3222836.0,3223188 354 929.3 548.4 908
SSACC R,3223190.0,
ESACC R,3223190.0,3223202 14 921.3 555.0 911.3 535.1 0.60 60
SFIX R,3223204.0,
EFIX R,3223204.0,3223530 328 913.1 545.5 907
SSACC R,3223532.0,
SBLINK R,3223574.0,
EBLINK R,3223574.0,3223698 126
ESACC R,3223532.0,3223736 206 908.6 551.8 943.2 537.1 1.02 686
SFIX R,3223738.0,
EFIX R,3223738.0,3223930 194 932.0 566.2 887
SSACC R,3223932.0,
ESACC R,3223932.0,3223948 18 929.5 564.5 938.3 536.8 0.79 78
SFIX R,3223950.0,
EFIX R,3223950.0,3224360 412 935.8 556.7 851
SSACC R,3224362.0,
ESACC R,3224362.0,3224376 16 922.7 567.6 911.4 536.9 0.89 68
SFIX R,3224378.0,
EFIX R,3224378.0,3225522 1146 901.4 550.8 810
SSACC R,3225524.0,
SBLINK R,3225566.0,
EBLINK R,3225566.0,3225696 132
ESACC R,3225524.0,3225750 228 875.6 572.0 920.0 559.5 1.25 2156
SFIX R,3225752.0,
EFIX R,3225752.0,3226254 504 908.8 549.7 783
SSACC R,3226256.0,
ESACC R,3226256.0,3226262 8 913.9 540.5 916.7 525.5 0.41 56
SFIX R,3226264.0,
EFIX R,3226264.0,3226920 658 912.4 547.5 802
SSACC R,3226922.0,
SBLINK R,3226960.0,
EBLINK R,3226960.0,3227134 176
ESACC R,3226922.0,3227212 292 914.8 570.7 943.6 549.4 0.97 350
SFIX R,3227214.0,
EFIX R,3227214.0,3227562 350 937.9 543.0 835
SSACC R,3227564.0,
ESACC R,3227564.0,3227572 10 931.7 536.2 918.6 541.2 0.38 65
SFIX R,3227574.0,
EFIX R,3227574.0,3228040 468 911.6 557.4 802
SSACC R,3228042.0,
ESACC R,3228042.0,3228054 14 911.6 562.5 931.7 548.3 0.67 61
SFIX R,3228056.0,
EFIX R,3228056.0,3228766 712 923.0 560.5 756
SSACC R,3228768.0,
ESACC R,3228768.0,3228782 16 917.8 569.5 897.1 538.2 1.02 79
SFIX R,3228784.0,
EFIX R,3228784.0,3230352 1570 896.6 548.4 754
SSACC R,3230354.0,
ESACC R,3230354.0,3230358 6 908.3 573.1 904.9 561.6 0.32 53
SFIX R,3230360.0,
EFIX R,3230360.0,3232382 2024 909.6 573.2 809
SSACC R,3232384.0,
ESACC R,3232384.0,3232402 20 910.1 591.5 899.5 550.4 1.15 76
SFIX R,3232404.0,
EFIX R,3232404.0,3232950 548 908.2 570.7 862
SSACC R,3232952.0,
ESACC R,3232952.0,3232960 10 916.6 573.5 935.5 569.1 0.53 68
SFIX R,3232962.0,
EFIX R,3232962.0,3233062 102 931.8 565.6 865
SSACC R,3233064.0,
ESACC R,3233064.0,3233078 16 926.0 567.0 887.8 570.3 1.04 88
SFIX R,3233080.0,
EFIX R,3233080.0,3233190 112 881.7 570.7 834
SSACC R,3233192.0,
ESACC R,3233192.0,3233210 20 882.6 577.9 927.9 586.0 1.25 98
SFIX R,3233212.0,
EFIX R,3233212.0,3233814 604 909.5 584.7 766
SSACC R,3233816.0,
ESACC R,3233816.0,3233824 10 897.8 585.2 896.8 570.7 0.39 49
SFIX R,3233826.0,
EFIX R,3233826.0,3233952 128 891.1 571.5 742
SSACC R,3233954.0,
SBLINK R,3234006.0,
EBLINK R,3234006.0,3234132 128
ESACC R,3233954.0,3234146 194 889.5 585.5 922.5 579.3 0.91 2251
SFIX R,3234148.0,
EFIX R,3234148.0,3236290 2144 891.6 571.8 684
SSACC R,3236292.0,
ESACC R,3236292.0,3236344 54 875.3 593.1 832.1 785.0 5.30 225
SFIX R,3236346.0,
EFIX R,3236346.0,3236424 80 835.6 794.8 745
SSACC R,3236426.0,
ESACC R,3236426.0,3236476 52 830.1 793.9 934.4 531.8 7.59 445
SFIX R,3236478.0,
EFIX R,3236478.0,3238382 1906 926.5 569.5 821
SSACC R,3238384.0,
ESACC R,3238384.0,3238390 8 927.2 566.2 913.1 557.9 0.44 66
SFIX R,3238392.0,
EFIX R,3238392.0,3238468 78 911.0 559.7 895
SSACC R,3238470.0,
ESACC R,3238470.0,3238494 26 910.6 566.1 977.6 595.4 1.98 142
SFIX R,3238496.0,
EFIX R,3238496.0,3238602 108 960.6 591.3 895
SSACC R,3238604.0,
ESACC R,3238604.0,3238620 18 953.4 593.3 913.6 576.8 1.17 93
SFIX R,3238622.0,
EFIX R,3238622.0,3239864 1244 924.2 575.1 910
SSACC R,3239866.0,
SBLINK R,3239920.0,
EBLINK R,3239920.0,3240062 144
ESACC R,3239866.0,3240104 240 925.2 591.4 956.2 567.3 1.06 366
SFIX R,3240106.0,
EFIX R,3240106.0,3240644 540 943.8 568.7 815
SSACC R,3240646.0,
ESACC R,3240646.0,3240654 10 942.7 568.1 928.1 559.3 0.46 56
SFIX R,3240656.0,
EFIX R,3240656.0,3241794 1140 932.0 573.7 845
SSACC R,3241796.0,
ESACC R,3241796.0,3241814 20 943.8 584.3 960.1 549.3 1.05 90
SFIX R,3241816.0,
EFIX R,3241816.0,3242194 380 958.7 561.2 936
SSACC R,3242196.0,
ESACC R,3242196.0,3242206 12 959.2 568.0 943.7 552.8 0.59 55
SFIX R,3242208.0,
EFIX R,3242208.0,3242630 424 939.3 566.9 952
SSACC R,3242632.0,
SBLINK R,3242676.0,
EBLINK R,3242676.0,3242790 116
ESACC R,3242632.0,3242814 184 931.2 583.5 966.3 602.0 1.08 471
SFIX R,3242816.0,
EFIX R,3242816.0,3243956 1142 942.2 575.6 884
SSACC R,3243958.0,
ESACC R,3243958.0,3243974 18 934.4 582.4 932.2 543.5 1.06 104
SFIX R,3243976.0,
EFIX R,3243976.0,3245622 1648 939.0 583.6 904
SSACC R,3245624.0,
ESACC R,3245624.0,3245632 10 937.1 588.4 931.9 570.2 0.51 66
SFIX R,3245634.0,
EFIX R,3245634.0,3246954 1322 922.1 575.2 876
SSACC R,3246956.0,
SBLINK R,3246998.0,
EBLINK R,3246998.0,3247120 124
ESACC R,3246956.0,3247146 192 929.0 566.8 958.2 567.3 0.79 350
SFIX R,3247148.0,
EFIX R,3247148.0,3248230 1084 940.6 579.1 899
SSACC R,3248232.0,
ESACC R,3248232.0,3248244 14 920.6 595.6 926.6 578.3 0.50 62
SFIX R,3248246.0,
EFIX R,3248246.0,3248822 578 932.4 576.0 914
SSACC R,3248824.0,
ESACC R,3248824.0,3248830 8 934.9 573.0 936.2 560.8 0.33 61
SFIX R,3248832.0,
EFIX R,3248832.0,3250034 1204 931.1 577.4 888
SSACC R,3250036.0,
ESACC R,3250036.0,3250042 8 933.2 594.1 930.7 580.0 0.39 52
SFIX R,3250044.0,
EFIX R,3250044.0,3250784 742 938.3 582.5 873
SSACC R,3250786.0,
ESACC R,3250786.0,3250796 12 936.8 588.7 925.3 570.2 0.59 66
SFIX R,3250798.0,
EFIX R,3250798.0,3251788 992 920.7 596.6 868
SSACC R,3251790.0,
ESACC R,3251790.0,3251800 12 918.5 605.0 936.9 591.4 0.62 61
SFIX R,3251802.0,
EFIX R,3251802.0,3252498 698 938.0 594.4 868
SSACC R,3252500.0,
SBLINK R,3252544.0,
EBLINK R,3252544.0,3252662 120
ESACC R,3252500.0,3252708 210 941.7 611.6 941.4 600.1 0.31 248
SFIX R,3252710.0,
EFIX R,3252710.0,3252938 230 944.8 606.6 877
SSACC R,3252940.0,
ESACC R,3252940.0,3252944 6 942.1 593.6 936.1 588.2 0.22 80
SFIX R,3252946.0,
EFIX R,3252946.0,3254038 1094 923.2 583.5 793
SSACC R,3254040.0,
ESACC R,3254040.0,3254058 20 921.2 583.2 944.0 565.9 0.78 68
SFIX R,3254060.0,
EFIX R,3254060.0,3255474 1416 933.3 574.8 870
SSACC R,3255476.0,
ESACC R,3255476.0,3255492 18 936.0 583.3 912.0 555.3 1.00 75
SFIX R,3255494.0,
EFIX R,3255494.0,3255584 92 907.5 560.7 957
SSACC R,3255586.0,
ESACC R,3255586.0,3255608 24 903.0 563.3 971.5 579.5 1.91 133
SFIX R,3255610.0,
EFIX R,3255610.0,3256798 1190 943.6 587.0 933
SSACC R,3256800.0,
ESACC R,3256800.0,3256806 8 932.9 593.5 942.2 580.2 0.44 62
SFIX R,3256808.0,
EFIX R,3256808.0,3257330 524 937.6 589.5 921
SSACC R,3257332.0,
ESACC R,3257332.0,3257354 24 941.7 593.2 922.2 562.8 0.98 82
SFIX R,3257356.0,
EFIX R,3257356.0,3257428 74 925.8 572.1 958
SSACC R,3257430.0,
SBLINK R,3257474.0,
EBLINK R,3257474.0,3257634 162
ESACC R,3257430.0,3257684 256 918.5 585.5 976.2 566.7 1.64 316
SFIX R,3257686.0,
EFIX R,3257686.0,3258564 880 931.4 585.9 861
SSACC R,3258566.0,
ESACC R,3258566.0,3258574 10 910.1 587.9 912.7 573.4 0.40 53
SFIX R,3258576.0,
EFIX R,3258576.0,3259544 970 920.7 577.7 801
SSACC R,3259546.0,
ESACC R,3259546.0,3259550 6 925.8 584.1 921.3 575.9 0.25 47
SFIX R,3259552.0,
EFIX R,3259552.0,3260470 920 924.8 590.2 862
SSACC R,3260472.0,
ESACC R,3260472.0,3260482 12 918.4 604.0 917.2 583.0 0.57 68
SFIX R,3260484.0,
EFIX R,3260484.0,3266050 5568 936.3 600.4 923
SSACC R,3266052.0,
SBLINK R,3266122.0,
EBLINK R,3266122.0,3266232 112
ESACC R,3266052.0,3266270 220 938.2 628.7 925.6 569.9 1.63 356
SFIX R,3266272.0,
EFIX R,3266272.0,3269098 2828 925.4 595.8 827
SSACC R,3269100.0,
ESACC R,3269100.0,3269106 8 935.8 607.5 933.6 595.9 0.32 48
SFIX R,3269108.0,
EFIX R,3269108.0,3269800 694 935.1 607.5 831
SSACC R,3269802.0,
ESACC R,3269802.0,3269806 6 930.1 611.0 926.9 599.5 0.32 64
SFIX R,3269808.0,
EFIX R,3269808.0,3272990 3184 923.0 593.9 825
SSACC R,3272992.0,
ESACC R,3272992.0,3272998 8 917.4 586.1 931.9 580.2 0.42 63
SFIX R,3273000.0,
EFIX R,3273000.0,3275450 2452 918.5 574.6 739
SSACC R,3275452.0,
ESACC R,3275452.0,3275458 8 886.4 544.0 898.8 547.9 0.35 52
SFIX R,3275460.0,
EFIX R,3275460.0,3276212 754 898.7 558.4 594
SSACC R,3276214.0,
ESACC R,3276214.0,3276220 8 894.1 553.5 877.8 548.0 0.47 73
SFIX R,3276222.0,
EFIX R,3276222.0,3276286 66 869.9 544.6 567
SSACC R,3276288.0,
ESACC R,3276288.0,3276302 16 870.2 543.8 907.9 552.4 1.05 92
SFIX R,3276304.0,
EFIX R,3276304.0,3276374 72 911.1 565.7 551
SSACC R,3276376.0,
SBLINK R,3276420.0,
EBLINK R,3276420.0,3276516 98
ESACC R,3276376.0,3276558 184 895.8 568.6 919.4 508.3 1.75 680
SFIX R,3276560.0,
EFIX R,3276560.0,3278614 2056 889.1 542.0 574
SSACC R,3278616.0,
ESACC R,3278616.0,3278624 10 893.1 543.5 897.1 563.2 0.54 58
SFIX R,3278626.0,
EFIX R,3278626.0,3278752 128 896.0 555.9 674
SSACC R,3278754.0,
ESACC R,3278754.0,3278758 6 889.1 549.1 883.2 548.3 0.16 57
SFIX R,3278760.0,
EFIX R,3278760.0,3278934 176 884.6 550.8 676
SSACC R,3278936.0,
ESACC R,3278936.0,3278950 16 885.5 557.1 920.6 541.6 1.04 87
SFIX R,3278952.0,
EFIX R,3278952.0,3279204 254 911.3 551.6 673
SSACC R,3279206.0,
SBLINK R,3279260.0,
EBLINK R,3279260.0,3279376 118
ESACC R,3279206.0,3279406 202 906.2 567.2 892.4 541.9 0.78 1950
SFIX R,3279408.0,
EFIX R,3279408.0,3280458 1052 904.9 564.3 753
SSACC R,3280460.0,
ESACC R,3280460.0,3280470 12 908.8 581.6 927.5 571.5 0.58 56
SFIX R,3280472.0,
EFIX R,3280472.0,3280724 254 929.1 570.3 795
SSACC R,3280726.0,
ESACC R,3280726.0,3280732 8 926.5 573.1 916.5 565.4 0.34 54
SFIX R,3280734.0,
EFIX R,3280734.0,3281860 1128 929.3 562.0 904
SSACC R,3281862.0,
SBLINK R,3281904.0,
EBLINK R,3281904.0,3282048 146
ESACC R,3281862.0,3282084 224 921.3 564.9 933.5 552.8 0.47 476
SFIX R,3282086.0,
EFIX R,3282086.0,3282288 204 920.5 575.9 897
SSACC R,3282290.0,
ESACC R,3282290.0,3282302 14 922.0 578.3 937.4 557.9 0.69 66
SFIX R,3282304.0,
EFIX R,3282304.0,3282758 456 952.3 567.6 914
SSACC R,3282760.0,
ESACC R,3282760.0,3282774 16 949.2 578.5 929.7 558.3 0.76 75
SFIX R,3282776.0,
EFIX R,3282776.0,3283486 712 927.7 565.7 852
SSACC R,3283488.0,
ESACC R,3283488.0,3283496 10 932.1 563.8 918.9 557.2 0.40 51
SFIX R,3283498.0,
EFIX R,3283498.0,3283808 312 920.5 561.3 869
SSACC R,3283810.0,
ESACC R,3283810.0,3283822 14 917.1 565.5 939.1 558.3 0.63 61
SFIX R,3283824.0,
EFIX R,3283824.0,3284238 416 937.1 555.7 889
SSACC R,3284240.0,
ESACC R,3284240.0,3284248 10 933.6 555.8 923.9 550.5 0.30 52
SFIX R,3284250.0,
EFIX R,3284250.0,3284716 468 932.4 563.0 907
SSACC R,3284718.0,
ESACC R,3284718.0,3284722 6 933.3 572.1 937.0 562.9 0.27 58
SFIX R,3284724.0,
EFIX R,3284724.0,3285130 408 935.2 569.7 893
SSACC R,3285132.0,
ESACC R,3285132.0,3285144 14 930.4 573.8 936.6 583.2 0.31 50
SFIX R,3285146.0,
EFIX R,3285146.0,3285504 360 929.9 581.5 876
SSACC R,3285506.0,
ESACC R,3285506.0,3285510 6 923.0 580.5 916.6 576.7 0.20 56
SFIX R,3285512.0,
EFIX R,3285512.0,3285628 118 907.7 573.7 872
SSACC R,3285630.0,
ESACC R,3285630.0,3285640 12 914.3 579.6 936.6 579.8 0.60 67
SFIX R,3285642.0,
EFIX R,3285642.0,3286362 722 920.6 578.4 846
SSACC R,3286364.0,
SBLINK R,3286402.0,
EBLINK R,3286402.0,3286522 122
ESACC R,3286364.0,3286566 204 908.2 595.8 942.3 587.0 0.95 214
SFIX R,3286568.0,
EFIX R,3286568.0,3286814 248 933.5 578.3 800
SSACC R,3286816.0,
ESACC R,3286816.0,3286828 14 933.5 587.0 913.4 566.5 0.78 74
SFIX R,3286830.0,
EFIX R,3286830.0,3287340 512 923.2 575.2 833
SSACC R,3287342.0,
ESACC R,3287342.0,3287348 8 933.7 576.8 946.9 565.1 0.48 73
SFIX R,3287350.0,
EFIX R,3287350.0,3287646 298 947.7 570.7 854
SSACC R,3287648.0,
ESACC R,3287648.0,3287668 22 946.1 587.0 949.6 587.9 0.10 64
SFIX R,3287670.0,
EFIX R,3287670.0,3287894 226 951.1 584.5 888
SSACC R,3287896.0,
ESACC R,3287896.0,3287908 14 948.7 579.2 933.2 574.3 0.44 46
SFIX R,3287910.0,
EFIX R,3287910.0,3288394 486 927.6 593.3 910
SSACC R,3288396.0,
ESACC R,3288396.0,3288408 14 920.7 601.3 942.0 585.1 0.73 81
SFIX R,3288410.0,
EFIX R,3288410.0,3288560 152 937.6 583.6 868
SSACC R,3288562.0,
SBLINK R,3288610.0,
EBLINK R,3288610.0,3288784 176
ESACC R,3288562.0,3288816 256 935.3 585.8 922.2 581.6 0.37 518
SFIX R,3288818.0,
EFIX R,3288818.0,3289004 188 906.2 599.4 837
SSACC R,3289006.0,
ESACC R,3289006.0,3289022 18 903.6 604.6 936.8 580.6 1.11 95
SFIX R,3289024.0,
EFIX R,3289024.0,3289216 194 936.1 582.3 860
SSACC R,3289218.0,
ESACC R,3289218.0,3289228 12 938.2 586.5 928.2 563.5 0.68 76
SFIX R,3289230.0,
EFIX R,3289230.0,3290068 840 926.1 582.2 831
SSACC R,3290070.0,
ESACC R,3290070.0,3290080 12 917.8 587.7 899.4 578.4 0.56 70
SFIX R,3290082.0,
EFIX R,3290082.0,3290634 554 912.3 593.7 821
SSACC R,3290636.0,
ESACC R,3290636.0,3290654 20 905.8 595.1 943.5 587.0 1.04 70
SFIX R,3290656.0,
EFIX R,3290656.0,3290830 176 939.3 591.4 848
SSACC R,3290832.0,
ESACC R,3290832.0,3290844 14 931.1 598.2 914.7 584.9 0.57 64
SFIX R,3290846.0,
EFIX R,3290846.0,3291248 404 909.6 589.1 823
SSACC R,3291250.0,
SBLINK R,3291284.0,
EBLINK R,3291284.0,3291478 196
ESACC R,3291250.0,3291520 272 887.0 605.9 925.8 569.9 1.43 413
SFIX R,3291522.0,
EFIX R,3291522.0,3292108 588 905.4 574.1 763
SSACC R,3292110.0,
ESACC R,3292110.0,3292124 16 911.0 579.1 949.6 577.9 1.05 93
SFIX R,3292126.0,
EFIX R,3292126.0,3292228 104 948.1 574.5 707
SSACC R,3292230.0,
ESACC R,3292230.0,3292244 16 944.7 573.6 905.8 564.7 1.08 91
SFIX R,3292246.0,
EFIX R,3292246.0,3292538 294 912.3 573.3 662
SSACC R,3292540.0,
ESACC R,3292540.0,3292554 16 913.6 569.3 884.3 568.6 0.79 75
SFIX R,3292556.0,
EFIX R,3292556.0,3292650 96 877.3 566.2 648
SSACC R,3292652.0,
ESACC R,3292652.0,3292662 12 891.7 569.0 913.8 572.5 0.61 66
SFIX R,3292664.0,
EFIX R,3292664.0,3292930 268 916.0 582.7 659
SSACC R,3292932.0,
ESACC R,3292932.0,3292944 14 919.0 587.7 907.4 572.3 0.52 51
SFIX R,3292946.0,
EFIX R,3292946.0,3293422 478 900.8 572.2 661
SSACC R,3293424.0,
ESACC R,3293424.0,3293430 8 903.1 561.0 901.2 572.4 0.31 50
SFIX R,3293432.0,
EFIX R,3293432.0,3294170 740 900.8 575.1 646
SSACC R,3294172.0,
ESACC R,3294172.0,3294184 14 892.8 580.0 888.5 551.7 0.78 80
SFIX R,3294186.0,
EFIX R,3294186.0,3294846 662 891.0 561.3 667
SSACC R,3294848.0,
ESACC R,3294848.0,3294858 12 898.4 562.9 914.2 562.2 0.43 61
SFIX R,3294860.0,
EFIX R,3294860.0,3295616 758 894.2 572.9 688
SSACC R,3295618.0,
ESACC R,3295618.0,3295628 12 879.0 580.7 901.6 572.2 0.65 66
SFIX R,3295630.0,
EFIX R,3295630.0,3296038 410 900.0 575.2 657
SSACC R,3296040.0,
ESACC R,3296040.0,3296046 8 900.6 562.6 888.0 557.5 0.37 55
SFIX R,3296048.0,
EFIX R,3296048.0,3296104 58 889.4 556.1 660
SSACC R,3296106.0,
ESACC R,3296106.0,3296116 12 897.5 558.3 914.6 565.9 0.51 56
SFIX R,3296118.0,
EFIX R,3296118.0,3296314 198 918.7 566.7 673
SSACC R,3296316.0,
ESACC R,3296316.0,3296320 6 920.7 568.5 913.1 567.2 0.21 50
SFIX R,3296322.0,
EFIX R,3296322.0,3298410 2090 904.2 566.3 764
SSACC R,3298412.0,
ESACC R,3298412.0,3298420 10 890.8 566.5 866.5 560.6 0.68 82
SFIX R,3298422.0,
EFIX R,3298422.0,3298526 106 860.2 561.9 776
SSACC R,3298528.0,
ESACC R,3298528.0,3298546 20 858.5 558.0 906.2 566.2 1.31 98
SFIX R,3298548.0,
EFIX R,3298548.0,3298986 440 894.4 559.2 750
SSACC R,3298988.0,
ESACC R,3298988.0,3299000 14 874.7 546.9 898.4 562.5 0.77 75
SFIX R,3299002.0,
EFIX R,3299002.0,3299242 242 900.1 559.3 734
SSACC R,3299244.0,
ESACC R,3299244.0,3299252 10 897.0 559.5 891.8 546.4 0.38 51
SFIX R,3299254.0,
EFIX R,3299254.0,3299542 290 887.6 558.6 755
SSACC R,3299544.0,
SBLINK R,3299576.0,
EBLINK R,3299576.0,3299706 132
ESACC R,3299544.0,3299742 200 854.2 580.7 896.4 563.8 1.23 1953
SFIX R,3299744.0,
EFIX R,3299744.0,3299944 202 875.4 577.4 733
SSACC R,3299946.0,
ESACC R,3299946.0,3299964 20 864.5 587.4 916.8 580.0 1.43 104
SFIX R,3299966.0,
EFIX R,3299966.0,3300156 192 909.9 582.1 729
SSACC R,3300158.0,
ESACC R,3300158.0,3300174 18 908.1 570.6 898.9 551.1 0.58 68
SFIX R,3300176.0,
EFIX R,3300176.0,3302320 2146 905.2 564.0 686
SSACC R,3302322.0,
SBLINK R,3302362.0,
EBLINK R,3302362.0,3302528 168
ESACC R,3302322.0,3302570 250 902.1 587.2 917.6 573.7 0.56 1992
SFIX R,3302572.0,
EFIX R,3302572.0,3302720 150 904.5 565.8 727
SSACC R,3302722.0,
ESACC R,3302722.0,3302738 18 908.6 553.5 932.8 528.2 0.95 98
SFIX R,3302740.0,
EFIX R,3302740.0,3304698 1960 931.9 553.5 835
SSACC R,3304700.0,
SBLINK R,3304724.0,
EBLINK R,3304724.0,3304890 168
ESACC R,3304700.0,3304926 228 904.7 564.8 953.7 588.6 1.48 452
SFIX R,3304928.0,
EFIX R,3304928.0,3305070 144 938.8 585.0 880
SSACC R,3305072.0,
ESACC R,3305072.0,3305088 18 936.7 585.0 924.5 545.4 1.12 82
SFIX R,3305090.0,
EFIX R,3305090.0,3305356 268 931.0 558.8 886
SSACC R,3305358.0,
ESACC R,3305358.0,3305368 12 937.6 557.2 940.8 538.9 0.50 59
SFIX R,3305370.0,
EFIX R,3305370.0,3306906 1538 925.9 556.5 861
SSACC R,3306908.0,
ESACC R,3306908.0,3306922 16 925.2 571.8 950.7 555.3 0.82 80
SFIX R,3306924.0,
EFIX R,3306924.0,3306996 74 944.9 562.6 897
SSACC R,3306998.0,
SBLINK R,3307040.0,
EBLINK R,3307040.0,3307162 124
ESACC R,3306998.0,3307198 202 942.7 568.3 948.4 569.1 0.16 382
SFIX R,3307200.0,
EFIX R,3307200.0,3307382 184 945.8 577.2 896
SSACC R,3307384.0,
ESACC R,3307384.0,3307398 16 943.5 580.4 952.2 551.5 0.82 81
SFIX R,3307400.0,
EFIX R,3307400.0,3308060 662 944.2 547.5 910
SSACC R,3308062.0,
ESACC R,3308062.0,3308074 14 941.2 558.3 949.8 539.0 0.57 55
SFIX R,3308076.0,
EFIX R,3308076.0,3310126 2052 942.8 557.0 906
SSACC R,3310128.0,
ESACC R,3310128.0,3310134 8 945.4 563.7 947.7 545.2 0.51 68
SFIX R,3310136.0,
EFIX R,3310136.0,3310454 320 951.5 547.6 962
SSACC R,3310456.0,
SBLINK R,3310494.0,
EBLINK R,3310494.0,3310652 160
ESACC R,3310456.0,3310690 236 945.0 561.5 953.4 540.0 0.63 351
SFIX R,3310692.0,
EFIX R,3310692.0,3311442 752 948.7 565.7 910
SSACC R,3311444.0,
ESACC R,3311444.0,3311454 12 941.5 563.0 944.4 540.6 0.61 72
SFIX R,3311456.0,
EFIX R,3311456.0,3312758 1304 945.1 559.5 869
SSACC R,3312760.0,
ESACC R,3312760.0,3312764 6 946.8 571.5 948.2 558.9 0.34 57
SFIX R,3312766.0,
EFIX R,3312766.0,3313556 792 950.9 560.4 902
SSACC R,3313558.0,
SBLINK R,3313596.0,
EBLINK R,3313596.0,3313752 158
ESACC R,3313558.0,3313784 228 939.8 579.3 944.5 577.8 0.13 343
SFIX R,3313786.0,
EFIX R,3313786.0,3313914 130 935.9 592.7 894
SSACC R,3313916.0,
ESACC R,3313916.0,3313934 20 930.8 598.6 950.3 552.8 1.35 135
SFIX R,3313936.0,
EFIX R,3313936.0,3315440 1506 941.7 569.5 853
SSACC R,3315442.0,
ESACC R,3315442.0,3315452 12 942.0 583.4 947.5 564.4 0.54 53
SFIX R,3315454.0,
EFIX R,3315454.0,3318500 3048 948.9 574.7 842
SSACC R,3318502.0,
ESACC R,3318502.0,3318514 14 952.6 578.3 924.4 563.3 0.87 83
SFIX R,3318516.0,
EFIX R,3318516.0,3318588 74 920.9 562.3 789
SSACC R,3318590.0,
ESACC R,3318590.0,3318614 26 915.5 561.1 980.2 572.8 1.78 130
SFIX R,3318616.0,
EFIX R,3318616.0,3318686 72 973.7 577.9 783
SSACC R,3318688.0,
ESACC R,3318688.0,3318700 14 966.4 575.1 943.7 574.8 0.62 64
SFIX R,3318702.0,
EFIX R,3318702.0,3318956 256 939.0 578.8 770
SSACC R,3318958.0,
ESACC R,3318958.0,3318966 10 939.4 579.5 954.2 565.3 0.56 66
SFIX R,3318968.0,
EFIX R,3318968.0,3319186 220 957.1 564.2 782
SSACC R,3319188.0,
ESACC R,3319188.0,3319194 8 953.2 566.4 938.4 553.1 0.54 82
SFIX R,3319196.0,
EFIX R,3319196.0,3319256 62 929.6 553.9 784
SSACC R,3319258.0,
ESACC R,3319258.0,3319276 20 935.4 557.6 974.4 556.6 1.06 89
SFIX R,3319278.0,
EFIX R,3319278.0,3319398 122 969.5 561.4 762
SSACC R,3319400.0,
ESACC R,3319400.0,3319414 16 959.0 557.6 924.1 554.8 0.95 94
SFIX R,3319416.0,
EFIX R,3319416.0,3319804 390 921.3 561.7 739
SSACC R,3319806.0,
ESACC R,3319806.0,3319814 10 930.1 560.9 951.5 556.2 0.59 74
SFIX R,3319816.0,
EFIX R,3319816.0,3319910 96 950.8 560.5 726
SSACC R,3319912.0,
ESACC R,3319912.0,3319928 18 931.8 552.9 900.2 550.1 0.86 90
SFIX R,3319930.0,
EFIX R,3319930.0,3319972 44 907.5 555.8 708
SSACC R,3319974.0,
ESACC R,3319974.0,3319986 14 914.9 556.7 935.4 559.3 0.56 58
SFIX R,3319988.0,
EFIX R,3319988.0,3320218 232 935.7 564.0 677
SSACC R,3320220.0,
ESACC R,3320220.0,3320226 8 929.7 553.7 917.3 556.9 0.35 54
SFIX R,3320228.0,
EFIX R,3320228.0,3320344 118 910.6 553.8 652
SSACC R,3320346.0,
ESACC R,3320346.0,3320356 12 905.9 552.2 926.6 552.6 0.56 58
SFIX R,3320358.0,
EFIX R,3320358.0,3320556 200 931.8 551.1 651
SSACC R,3320558.0,
ESACC R,3320558.0,3320564 8 928.4 550.1 913.6 545.5 0.42 55
SFIX R,3320566.0,
EFIX R,3320566.0,3320786 222 924.9 553.7 656
SSACC R,3320788.0,
ESACC R,3320788.0,3320798 12 928.5 557.5 913.1 545.8 0.52 61
SFIX R,3320800.0,
EFIX R,3320800.0,3321826 1028 915.7 546.8 630
SSACC R,3321828.0,
ESACC R,3321828.0,3321840 14 914.3 537.6 918.8 540.0 0.14 63
SFIX R,3321842.0,
EFIX R,3321842.0,3321990 150 922.0 539.5 605
SSACC R,3321992.0,
ESACC R,3321992.0,3321996 6 917.9 539.4 907.5 536.8 0.29 54
SFIX R,3321998.0,
EFIX R,3321998.0,3323726 1730 915.7 540.8 581
SSACC R,3323728.0,
ESACC R,3323728.0,3323734 8 885.2 521.0 898.0 518.8 0.35 50
SFIX R,3323736.0,
EFIX R,3323736.0,3324184 450 895.7 526.6 530
SSACC R,3324186.0,
ESACC R,3324186.0,3324194 10 892.3 543.8 908.9 540.0 0.46 57
SFIX R,3324196.0,
EFIX R,3324196.0,3324302 108 911.9 546.4 572
SSACC R,3324304.0,
ESACC R,3324304.0,3324318 16 901.1 546.2 879.3 540.0 0.61 80
SFIX R,3324320.0,
EFIX R,3324320.0,3325096 778 892.0 549.8 559
SSACC R,3325098.0,
SBLINK R,3325122.0,
EBLINK R,3325122.0,3325298 178
ESACC R,3325098.0,3325384 288 921.7 556.3 949.0 502.6 1.63 205
SFIX R,3325386.0,
EFIX R,3325386.0,3325932 548 905.9 506.8 500
SSACC R,3325934.0,
ESACC R,3325934.0,3325970 38 867.5 508.9 877.4 512.8 0.29 61
SFIX R,3325972.0,
EFIX R,3325972.0,3326460 490 877.7 525.1 480
SSACC R,3326462.0,
ESACC R,3326462.0,3326482 22 888.4 533.6 879.5 534.7 0.24 56
SFIX R,3326484.0,
EFIX R,3326484.0,3326890 408 879.5 535.3 547
SSACC R,3326892.0,
ESACC R,3326892.0,3326904 14 887.8 542.6 902.8 516.2 0.82 78
SFIX R,3326906.0,
EFIX R,3326906.0,3328524 1620 889.1 532.0 586
SSACC R,3328526.0,
SBLINK R,3328554.0,
EBLINK R,3328554.0,3328742 190
ESACC R,3328526.0,3328844 320 861.4 530.8 904.1 484.2 1.71 1099
SFIX R,3328846.0,
EFIX R,3328846.0,3330006 1162 887.3 523.2 495
SSACC R,3330008.0,
ESACC R,3330008.0,3330014 8 890.2 558.6 886.5 542.5 0.45 63
SFIX R,3330016.0,
EFIX R,3330016.0,3331656 1642 891.2 546.7 586
SSACC R,3331658.0,
ESACC R,3331658.0,3331692 36 890.4 521.6 884.7 536.3 0.43 54
SFIX R,3331694.0,
EFIX R,3331694.0,3332410 718 879.7 524.6 469
SSACC R,3332412.0,
ESACC R,3332412.0,3332420 10 869.6 517.4 870.8 536.2 0.51 59
SFIX R,3332422.0,
EFIX R,3332422.0,3333944 1524 878.5 532.1 457
SSACC R,3333946.0,
ESACC R,3333946.0,3333954 10 879.0 500.9 887.2 519.7 0.56 65
SFIX R,3333956.0,
EFIX R,3333956.0,3334154 200 873.1 505.8 395
SSACC R,3334156.0,
ESACC R,3334156.0,3334166 12 861.7 507.0 860.5 485.9 0.57 68
SFIX R,3334168.0,
EFIX R,3334168.0,3334568 402 857.6 505.4 410
SSACC R,3334570.0,
ESACC R,3334570.0,3334576 8 855.3 534.5 863.3 548.2 0.43 50
SFIX R,3334578.0,
EFIX R,3334578.0,3334616 40 861.3 541.7 452
SSACC R,3334618.0,
ESACC R,3334618.0,3334626 10 867.2 525.9 880.4 521.4 0.38 66
SFIX R,3334628.0,
EFIX R,3334628.0,3335076 450 884.5 541.8 496
SSACC R,3335078.0,
ESACC R,3335078.0,3335094 18 888.2 561.3 872.4 524.5 1.09 100
SFIX R,3335096.0,
EFIX R,3335096.0,3335350 256 878.8 546.0 563
SSACC R,3335352.0,
ESACC R,3335352.0,3335358 8 880.5 539.1 889.4 535.0 0.27 50
SFIX R,3335360.0,
EFIX R,3335360.0,3335694 336 894.9 547.1 630
SSACC R,3335696.0,
SBLINK R,3335758.0,
EBLINK R,3335758.0,3335930 174
ESACC R,3335696.0,3336002 308 891.6 572.4 894.4 519.3 1.44 1940
SFIX R,3336004.0,
EFIX R,3336004.0,3336568 566 880.2 536.3 557
SSACC R,3336570.0,
ESACC R,3336570.0,3336588 20 863.1 527.2 901.5 521.3 1.05 76
SFIX R,3336590.0,
EFIX R,3336590.0,3337430 842 881.9 530.2 492
SSACC R,3337432.0,
ESACC R,3337432.0,3337436 6 878.4 548.8 875.5 534.0 0.41 60
SFIX R,3337438.0,
EFIX R,3337438.0,3337678 242 869.7 534.0 489
SSACC R,3337680.0,
ESACC R,3337680.0,3337732 54 869.1 548.2 876.8 528.6 0.57 60
SFIX R,3337734.0,
EFIX R,3337734.0,3337862 130 874.4 526.9 489
SSACC R,3337864.0,
ESACC R,3337864.0,3337878 16 872.0 523.9 875.3 536.7 0.36 52
SFIX R,3337880.0,
EFIX R,3337880.0,3337948 70 876.6 534.4 485
SSACC R,3337950.0,
ESACC R,3337950.0,3337960 12 874.4 537.3 866.6 513.5 0.68 77
SFIX R,3337962.0,
EFIX R,3337962.0,3338490 530 871.8 516.1 471
SSACC R,3338492.0,
ESACC R,3338492.0,3338500 10 869.2 493.0 872.6 512.3 0.53 65
SFIX R,3338502.0,
EFIX R,3338502.0,3338916 416 875.8 508.9 430
SSACC R,3338918.0,
ESACC R,3338918.0,3338928 12 881.7 506.8 880.2 501.5 0.15 56
SFIX R,3338930.0,
EFIX R,3338930.0,3339028 100 872.5 512.5 410
SSACC R,3339030.0,
SBLINK R,3339062.0,
EBLINK R,3339062.0,3339264 204
ESACC R,3339030.0,3339310 282 843.4 533.8 929.8 453.9 3.19 354
SFIX R,3339312.0,
EFIX R,3339312.0,3339482 172 893.1 503.3 386
SSACC R,3339484.0,
ESACC R,3339484.0,3339488 6 884.4 494.0 876.2 484.8 0.33 53
SFIX R,3339490.0,
EFIX R,3339490.0,3339558 70 876.9 488.7 408
SSACC R,3339560.0,
ESACC R,3339560.0,3339572 14 875.6 486.4 882.2 502.1 0.46 63
SFIX R,3339574.0,
EFIX R,3339574.0,3339676 104 876.5 502.8 432
SSACC R,3339678.0,
ESACC R,3339678.0,3339684 8 868.8 511.4 869.6 495.8 0.42 60
SFIX R,3339686.0,
EFIX R,3339686.0,3339894 210 864.3 511.9 444
SSACC R,3339896.0,
ESACC R,3339896.0,3339918 24 865.9 521.1 882.0 500.8 0.70 68
SFIX R,3339920.0,
EFIX R,3339920.0,3340008 90 879.7 505.0 463
SSACC R,3340010.0,
ESACC R,3340010.0,3340014 6 873.7 507.7 871.3 501.0 0.19 58
SFIX R,3340016.0,
EFIX R,3340016.0,3340934 920 872.9 533.8 546
SSACC R,3340936.0,
ESACC R,3340936.0,3340964 30 863.8 561.8 856.1 530.7 0.87 71
SFIX R,3340966.0,
EFIX R,3340966.0,3341776 812 858.1 527.4 525
SSACC R,3341778.0,
SBLINK R,3341806.0,
EBLINK R,3341806.0,3341998 194
ESACC R,3341778.0,3342114 338 842.0 551.5 875.7 487.9 1.95 211
SFIX R,3342116.0,
EFIX R,3342116.0,3342198 84 861.9 503.2 399
SSACC R,3342200.0,
ESACC R,3342200.0,3342234 36 862.5 504.7 875.7 502.2 0.36 44
SFIX R,3342236.0,
EFIX R,3342236.0,3342978 744 877.8 508.2 431
SSACC R,3342980.0,
ESACC R,3342980.0,3342984 6 872.7 540.2 875.5 532.8 0.21 45
SFIX R,3342986.0,
EFIX R,3342986.0,3343148 164 873.4 553.7 494
SSACC R,3343150.0,
ESACC R,3343150.0,3343168 20 871.8 566.3 858.7 532.2 0.99 73
SFIX R,3343170.0,
EFIX R,3343170.0,3343340 172 862.4 548.9 533
SSACC R,3343342.0,
ESACC R,3343342.0,3343356 16 866.0 557.3 865.9 559.9 0.07 50
SFIX R,3343358.0,
EFIX R,3343358.0,3343398 42 866.2 558.4 556
SSACC R,3343400.0,
ESACC R,3343400.0,3343414 16 866.5 561.6 864.6 534.5 0.74 70
SFIX R,3343416.0,
EFIX R,3343416.0,3345328 1914 885.4 541.1 751
SSACC R,3345330.0,
ESACC R,3345330.0,3345338 10 894.9 540.6 891.5 520.7 0.55 68
SFIX R,3345340.0,
EFIX R,3345340.0,3345762 424 888.1 532.7 844
SSACC R,3345764.0,
SBLINK R,3345788.0,
EBLINK R,3345788.0,3345950 164
ESACC R,3345764.0,3345978 216 855.3 576.2 922.6 529.3 2.22 471
SFIX R,3345980.0,
EFIX R,3345980.0,3346166 188 899.4 539.5 815
SSACC R,3346168.0,
ESACC R,3346168.0,3346182 16 894.8 548.9 909.6 521.1 0.85 77
SFIX R,3346184.0,
EFIX R,3346184.0,3346818 636 915.4 535.5 797
SSACC R,3346820.0,
ESACC R,3346820.0,3346826 8 912.9 542.7 916.3 528.3 0.40 64
SFIX R,3346828.0,
EFIX R,3346828.0,3347042 216 913.9 524.6 720
SSACC R,3347044.0,
ESACC R,3347044.0,3347052 10 908.0 534.4 891.3 525.4 0.51 61
SFIX R,3347054.0,
EFIX R,3347054.0,3348204 1152 891.2 534.3 777
SSACC R,3348206.0,
ESACC R,3348206.0,3348220 16 885.3 529.1 911.7 532.3 0.72 65
SFIX R,3348222.0,
EFIX R,3348222.0,3349128 908 906.1 528.3 855
SSACC R,3349130.0,
ESACC R,3349130.0,3349136 8 908.2 531.4 907.6 515.6 0.43 68
SFIX R,3349138.0,
EFIX R,3349138.0,3350010 874 917.7 530.2 899
SSACC R,3350012.0,
ESACC R,3350012.0,3350016 6 930.1 544.6 927.0 535.5 0.26 69
SFIX R,3350018.0,
EFIX R,3350018.0,3351118 1102 914.2 525.8 873
SSACC R,3351120.0,
SBLINK R,3351174.0,
EBLINK R,3351174.0,3351314 142
ESACC R,3351120.0,3351368 250 899.2 556.1 909.2 495.9 1.65 2094
SFIX R,3351370.0,
EFIX R,3351370.0,3351522 154 894.2 515.8 820
SSACC R,3351524.0,
ESACC R,3351524.0,3351536 14 893.8 522.1 921.9 530.7 0.80 76
SFIX R,3351538.0,
EFIX R,3351538.0,3352916 1380 919.0 531.5 774
SSACC R,3352918.0,
ESACC R,3352918.0,3352928 12 909.5 535.2 927.0 534.1 0.48 57
SFIX R,3352930.0,
EFIX R,3352930.0,3353122 194 909.4 534.0 706
SSACC R,3353124.0,
ESACC R,3353124.0,3353136 14 895.3 536.3 919.8 530.7 0.68 70
SFIX R,3353138.0,
EFIX R,3353138.0,3353316 180 927.5 529.7 687
SSACC R,3353318.0,
ESACC R,3353318.0,3353330 14 925.5 526.6 901.7 529.4 0.65 59
SFIX R,3353332.0,
EFIX R,3353332.0,3353562 232 908.8 529.8 668
SSACC R,3353564.0,
ESACC R,3353564.0,3353568 6 906.4 534.1 897.9 528.2 0.28 52
SFIX R,3353570.0,
EFIX R,3353570.0,3354838 1270 896.6 524.5 599
SSACC R,3354840.0,
ESACC R,3354840.0,3354848 10 895.8 504.1 889.8 514.0 0.31 37
SFIX R,3354850.0,
EFIX R,3354850.0,3354960 112 889.0 511.7 572
SSACC R,3354962.0,
ESACC R,3354962.0,3354982 22 888.4 509.4 892.4 515.5 0.20 52
SFIX R,3354984.0,
EFIX R,3354984.0,3355406 424 889.2 543.2 606
SSACC R,3355408.0,
ESACC R,3355408.0,3355414 8 892.3 564.2 893.2 545.7 0.50 66
SFIX R,3355416.0,
EFIX R,3355416.0,3356086 672 891.7 556.8 652
SSACC R,3356088.0,
ESACC R,3356088.0,3356094 8 901.8 549.7 908.8 545.3 0.22 42
SFIX R,3356096.0,
EFIX R,3356096.0,3356406 312 908.6 548.7 671
SSACC R,3356408.0,
ESACC R,3356408.0,3356414 8 904.2 545.7 892.3 540.2 0.36 50
SFIX R,3356416.0,
EFIX R,3356416.0,3358874 2460 891.2 520.8 537
SSACC R,3358876.0,
ESACC R,3358876.0,3358882 8 898.9 538.7 893.3 527.7 0.33 54
SFIX R,3358884.0,
EFIX R,3358884.0,3358910 28 890.9 520.9 600
SSACC R,3358912.0,
ESACC R,3358912.0,3358916 6 893.3 523.7 888.4 534.6 0.32 46
SFIX R,3358918.0,
EFIX R,3358918.0,3360848 1932 897.3 524.1 554
SSACC R,3360850.0,
ESACC R,3360850.0,3360858 10 926.6 530.1 945.7 530.8 0.52 66
SFIX R,3360860.0,
EFIX R,3360860.0,3361212 354 953.4 543.0 616
SSACC R,3361214.0,
ESACC R,3361214.0,3361230 18 955.9 551.2 932.2 512.5 1.23 91
SFIX R,3361232.0,
EFIX R,3361232.0,3361390 160 932.8 530.4 644
SSACC R,3361392.0,
ESACC R,3361392.0,3361402 12 932.1 544.6 912.7 565.9 0.78 79
SFIX R,3361404.0,
EFIX R,3361404.0,3361432 30 890.5 582.4 653
SSACC R,3361434.0,
SBLINK R,3361464.0,
EBLINK R,3361464.0,3361574 112
ESACC R,3361434.0,3361610 178 856.2 599.3 901.9 562.3 1.59 1073
SFIX R,3361612.0,
EFIX R,3361612.0,3361954 344 899.8 564.5 691
SSACC R,3361956.0,
ESACC R,3361956.0,3361974 20 906.0 551.9 920.2 536.0 0.58 60
SFIX R,3361976.0,
EFIX R,3361976.0,3363890 1916 896.8 537.4 588
SSACC R,3363892.0,
SBLINK R,3363950.0,
EBLINK R,3363950.0,3364108 160
ESACC R,3363892.0,3364258 368 895.8 571.5 852.8 503.1 2.19 1766
SFIX R,3364260.0,
EFIX R,3364260.0,3364526 268 880.5 492.8 512
SSACC R,3364528.0,
ESACC R,3364528.0,3364536 10 884.5 485.3 896.6 497.5 0.47 58
SFIX R,3364538.0,
EFIX R,3364538.0,3364770 234 901.6 514.9 549
SSACC R,3364772.0,
ESACC R,3364772.0,3364780 10 903.8 538.5 902.2 526.5 0.33 57
SFIX R,3364782.0,
EFIX R,3364782.0,3365610 830 906.1 529.3 552
SSACC R,3365612.0,
SBLINK R,3365640.0,
EBLINK R,3365640.0,3365870 232
ESACC R,3365612.0,3366026 416 890.0 536.3 915.3 479.4 1.69 1976
SFIX R,3366028.0,
EFIX R,3366028.0,3366056 30 914.3 475.1 464
SSACC R,3366058.0,
ESACC R,3366058.0,3366068 12 918.3 478.9 907.0 482.9 0.32 72
SFIX R,3366070.0,
EFIX R,3366070.0,3366112 44 910.7 480.9 474
SSACC R,3366114.0,
ESACC R,3366114.0,3366120 8 908.7 495.0 910.0 478.6 0.45 64
SFIX R,3366122.0,
EFIX R,3366122.0,3366166 46 912.5 477.8 488
SSACC R,3366168.0,
ESACC R,3366168.0,3366206 40 905.1 488.9 909.5 483.9 0.18 56
SFIX R,3366208.0,
EFIX R,3366208.0,3366312 106 914.1 491.4 486
SSACC R,3366314.0,
ESACC R,3366314.0,3366320 8 922.0 484.2 933.6 497.8 0.48 74
SFIX R,3366322.0,
EFIX R,3366322.0,3366392 72 936.6 511.7 461
SSACC R,3366394.0,
ESACC R,3366394.0,3366416 24 935.9 514.3 970.0 506.5 0.95 61
SFIX R,3366418.0,
EFIX R,3366418.0,3366570 154 962.6 522.7 446
SSACC R,3366572.0,
ESACC R,3366572.0,3366590 20 969.3 523.2 998.8 520.8 0.80 63
SFIX R,3366592.0,
EFIX R,3366592.0,3367060 470 1011.0 530.6 479
SSACC R,3367062.0,
ESACC R,3367062.0,3367070 10 1012.2 532.8 1007.0 516.0 0.48 56
SFIX R,3367072.0,
EFIX R,3367072.0,3367250 180 1002.8 525.8 503
SSACC R,3367252.0,
ESACC R,3367252.0,3367270 20 1003.8 537.5 974.3 503.7 1.22 85
SFIX R,3367272.0,
EFIX R,3367272.0,3367814 544 999.1 516.4 506
SSACC R,3367816.0,
ESACC R,3367816.0,3367844 30 1074.8 503.4 1073.9 493.9 0.26 51
SFIX R,3367846.0,
EFIX R,3367846.0,3367952 108 1072.9 475.0 482
SSACC R,3367954.0,
ESACC R,3367954.0,3367990 38 1072.6 467.2 1066.4 476.9 0.31 55
SFIX R,3367992.0,
EFIX R,3367992.0,3368602 612 1078.4 495.2 487
SSACC R,3368604.0,
ESACC R,3368604.0,3368616 14 1090.9 494.8 1085.9 498.5 0.17 42
SFIX R,3368618.0,
EFIX R,3368618.0,3368946 330 1077.4 508.9 525
SSACC R,3368948.0,
ESACC R,3368948.0,3368960 14 1064.9 532.9 1044.8 510.5 0.82 92
SFIX R,3368962.0,
EFIX R,3368962.0,3369714 754 1034.0 525.8 605
SSACC R,3369716.0,
ESACC R,3369716.0,3369732 18 1024.5 554.0 988.4 535.3 1.10 114
SFIX R,3369734.0,
EFIX R,3369734.0,3369994 262 970.1 554.7 707
SSACC R,3369996.0,
ESACC R,3369996.0,3370000 6 939.7 551.8 938.7 547.5 0.12 57
SFIX R,3370002.0,
EFIX R,3370002.0,3374224 4224 897.6 529.4 646
SSACC R,3374226.0,
SBLINK R,3374256.0,
EBLINK R,3374256.0,3374566 312
ESACC R,3374226.0,3374660 436 1122.6 477.1 997.4 475.7 3.38 160
SFIX R,3374662.0,
EFIX R,3374662.0,3374694 34 985.2 482.1 473
SSACC R,3374696.0,
ESACC R,3374696.0,3374712 18 982.7 485.7 1005.4 475.6 0.67 62
SFIX R,3374714.0,
EFIX R,3374714.0,3375038 326 946.3 499.7 527
SSACC R,3375040.0,
ESACC R,3375040.0,3375060 22 895.2 539.2 912.0 488.7 1.44 93
SFIX R,3375062.0,
EFIX R,3375062.0,3375296 236 897.5 524.0 542
SSACC R,3375298.0,
ESACC R,3375298.0,3375314 18 887.4 535.5 906.9 505.7 0.97 95
SFIX R,3375316.0,
EFIX R,3375316.0,3376020 706 894.8 532.1 591
SSACC R,3376022.0,
ESACC R,3376022.0,3376034 14 894.9 553.7 894.5 524.6 0.79 65
SFIX R,3376036.0,
EFIX R,3376036.0,3376230 196 893.1 537.1 721
SSACC R,3376232.0,
ESACC R,3376232.0,3376246 16 896.6 542.7 900.9 508.1 0.94 90
SFIX R,3376248.0,
EFIX R,3376248.0,3377230 984 894.8 523.4 757
SSACC R,3377232.0,
ESACC R,3377232.0,3377240 10 879.6 536.1 862.0 531.3 0.49 61
SFIX R,3377242.0,
EFIX R,3377242.0,3381754 4514 903.5 522.5 634
SSACC R,3381756.0,
ESACC R,3381756.0,3381782 28 1001.5 551.5 966.7 518.8 1.29 100
SFIX R,3381784.0,
EFIX R,3381784.0,3382134 352 954.2 524.8 583
SSACC R,3382136.0,
ESACC R,3382136.0,3382154 20 918.8 468.1 914.1 503.5 0.97 65
SFIX R,3382156.0,
EFIX R,3382156.0,3382172 18 909.5 514.8 570
SSACC R,3382174.0,
SBLINK R,3382204.0,
EBLINK R,3382204.0,3384038 1836
ESACC R,3382174.0,3384090 1918 905.4 507.3 1168.4 524.1 7.11 438
SFIX R,3384092.0,
EFIX R,3384092.0,3384112 22 1158.9 509.3 612
SSACC R,3384114.0,
ESACC R,3384114.0,3384144 32 1143.5 500.6 1097.5 448.7 1.87 126
SFIX R,3384146.0,
EFIX R,3384146.0,3384166 22 1089.2 455.1 639
SSACC R,3384168.0,
ESACC R,3384168.0,3384206 40 1082.9 465.0 1188.8 466.6 2.85 120
SFIX R,3384208.0,
EFIX R,3384208.0,3384326 120 1143.5 487.7 631
SSACC R,3384328.0,
ESACC R,3384328.0,3384380 54 1123.0 500.8 1168.5 465.2 1.56 152
SFIX R,3384382.0,
EFIX R,3384382.0,3384686 306 1160.2 478.1 552
SSACC R,3384688.0,
ESACC R,3384688.0,3384738 52 1138.3 495.1 989.8 458.9 4.13 173
SFIX R,3384740.0,
EFIX R,3384740.0,3385734 996 894.8 512.6 606
SSACC R,3385736.0,
ESACC R,3385736.0,3385742 8 879.9 546.6 879.8 530.7 0.43 57
SFIX R,3385744.0,
EFIX R,3385744.0,3386018 276 887.6 527.3 694
SSACC R,3386020.0,
ESACC R,3386020.0,3386028 10 889.1 532.3 873.3 515.3 0.63 76
SFIX R,3386030.0,
EFIX R,3386030.0,3386322 294 872.0 529.3 766
SSACC R,3386324.0,
ESACC R,3386324.0,3386342 20 869.3 541.8 882.6 506.8 1.01 92
SFIX R,3386344.0,
EFIX R,3386344.0,3386486 144 889.5 510.7 788
SSACC R,3386488.0,
ESACC R,3386488.0,3386504 18 884.0 508.1 857.2 516.4 0.76 69
SFIX R,3386506.0,
EFIX R,3386506.0,3386672 168 851.4 517.6 788
SSACC R,3386674.0,
ESACC R,3386674.0,3386682 10 851.6 524.1 867.4 512.4 0.53 59
SFIX R,3386684.0,
EFIX R,3386684.0,3388338 1656 883.8 530.8 878
SSACC R,3388340.0,
SBLINK R,3388360.0,
EBLINK R,3388360.0,3388540 182
ESACC R,3388340.0,3388584 246 878.8 564.3 919.6 508.3 1.88 233
SFIX R,3388586.0,
EFIX R,3388586.0,3388732 148 896.5 521.3 887
SSACC R,3388734.0,
ESACC R,3388734.0,3388750 18 888.8 522.4 919.4 507.9 0.92 66
SFIX R,3388752.0,
EFIX R,3388752.0,3389162 412 914.6 518.6 867
SSACC R,3389164.0,
ESACC R,3389164.0,3389178 16 910.8 533.0 896.9 511.1 0.70 62
SFIX R,3389180.0,
EFIX R,3389180.0,3389458 280 900.4 517.5 820
SSACC R,3389460.0,
ESACC R,3389460.0,3389466 8 899.9 519.3 904.9 503.2 0.46 69
SFIX R,3389468.0,
EFIX R,3389468.0,3390524 1058 893.6 515.8 744
SSACC R,3390526.0,
ESACC R,3390526.0,3390538 14 883.8 519.9 896.9 508.2 0.48 56
SFIX R,3390540.0,
EFIX R,3390540.0,3391754 1216 896.9 521.2 706
SSACC R,3391756.0,
SBLINK R,3391794.0,
EBLINK R,3391794.0,3392020 228
ESACC R,3391756.0,3392072 318 897.7 515.5 913.1 447.1 1.90 227
SFIX R,3392074.0,
EFIX R,3392074.0,3392440 368 894.6 502.6 562
SSACC R,3392442.0,
ESACC R,3392442.0,3392454 14 895.9 527.7 901.8 501.5 0.73 84
SFIX R,3392456.0,
EFIX R,3392456.0,3392622 168 904.6 513.4 543
SSACC R,3392624.0,
ESACC R,3392624.0,3392640 18 900.0 513.9 902.4 512.5 0.08 64
SFIX R,3392642.0,
EFIX R,3392642.0,3393720 1080 920.4 503.1 528
SSACC R,3393722.0,
ESACC R,3393722.0,3393736 16 957.4 491.2 960.9 482.5 0.25 62
SFIX R,3393738.0,
EFIX R,3393738.0,3394176 440 1048.0 518.6 495
SSACC R,3394178.0,
ESACC R,3394178.0,3394212 36 1134.7 542.5 1155.1 531.3 0.63 119
SFIX R,3394214.0,
EFIX R,3394214.0,3394302 90 1177.3 521.3 564
SSACC R,3394304.0,
ESACC R,3394304.0,3394372 70 1200.5 517.1 1251.0 524.2 1.36 108
SFIX R,3394374.0,
EFIX R,3394374.0,3394402 30 1264.3 535.8 547
SSACC R,3394404.0,
SBLINK R,3394430.0,
EBLINK R,3394430.0,3395100 672
ESACC R,3394404.0,3395120 718 1270.6 573.4 1011.1 562.0 6.96 341
SFIX R,3395122.0,
EFIX R,3395122.0,3395206 86 987.0 585.6 604
SSACC R,3395208.0,
ESACC R,3395208.0,3395212 6 988.7 615.9 994.9 628.0 0.37 75
SFIX R,3395214.0,
EFIX R,3395214.0,3395236 24 999.1 646.6 621
SSACC R,3395238.0,
SBLINK R,3395248.0,
EBLINK R,3395248.0,3395290 44
ESACC R,3395238.0,3395342 106 977.7 491.4 987.2 454.6 1.03 339
SFIX R,3395344.0,
EFIX R,3395344.0,3395472 130 976.4 492.1 616
SSACC R,3395474.0,
ESACC R,3395474.0,3395500 28 956.9 520.9 937.7 440.7 2.23 113
SFIX R,3395502.0,
EFIX R,3395502.0,3396152 652 882.4 484.2 526
SSACC R,3396154.0,
ESACC R,3396154.0,3396164 12 878.9 520.0 865.5 500.0 0.65 79
SFIX R,3396166.0,
EFIX R,3396166.0,3396348 184 875.1 521.7 600
SSACC R,3396350.0,
SBLINK R,3396404.0,
EBLINK R,3396404.0,3396580 178
ESACC R,3396350.0,3396652 304 886.0 541.4 882.5 504.8 1.00 938
SFIX R,3396654.0,
EFIX R,3396654.0,3396794 142 873.6 508.9 647
SSACC R,3396796.0,
ESACC R,3396796.0,3396802 8 875.2 507.6 886.8 511.6 0.33 51
SFIX R,3396804.0,
EFIX R,3396804.0,3397190 388 877.6 521.5 693
SSACC R,3397192.0,
ESACC R,3397192.0,3397202 12 872.5 534.5 867.5 510.8 0.66 77
SFIX R,3397204.0,
EFIX R,3397204.0,3397382 180 867.7 518.8 657
SSACC R,3397384.0,
ESACC R,3397384.0,3397412 30 870.3 518.3 865.7 520.0 0.13 52
SFIX R,3397414.0,
EFIX R,3397414.0,3397440 28 868.2 527.8 627
SSACC R,3397442.0,
ESACC R,3397442.0,3397458 18 873.9 520.8 889.6 491.0 0.91 102
SFIX R,3397460.0,
EFIX R,3397460.0,3399198 1740 904.1 507.3 646
SSACC R,3399200.0,
SBLINK R,3399224.0,
EBLINK R,3399224.0,3399646 424
ESACC R,3399200.0,3399802 604 1141.6 473.9 1049.0 444.6 2.62 198
SFIX R,3399804.0,
EFIX R,3399804.0,3399858 56 1020.8 448.2 546
SSACC R,3399860.0,
ESACC R,3399860.0,3399878 20 1017.0 460.1 1059.5 460.5 1.15 93
SFIX R,3399880.0,
EFIX R,3399880.0,3400322 444 972.6 501.9 563
SSACC R,3400324.0,
ESACC R,3400324.0,3400330 8 911.4 506.4 899.7 496.5 0.42 68
SFIX R,3400332.0,
EFIX R,3400332.0,3400596 266 881.2 521.2 517
SSACC R,3400598.0,
ESACC R,3400598.0,3400614 18 874.8 530.4 884.9 511.3 0.59 74
SFIX R,3400616.0,
EFIX R,3400616.0,3400792 178 877.8 537.7 562
SSACC R,3400794.0,
ESACC R,3400794.0,3400818 26 872.1 552.3 874.0 493.4 1.60 116
SFIX R,3400820.0,
EFIX R,3400820.0,3402478 1660 869.6 522.5 728
SSACC R,3402480.0,
ESACC R,3402480.0,3402488 10 865.5 528.1 874.4 514.2 0.45 54
SFIX R,3402490.0,
EFIX R,3402490.0,3402834 346 881.3 524.4 832
SSACC R,3402836.0,
ESACC R,3402836.0,3402848 14 882.4 524.1 874.5 503.2 0.61 62
SFIX R,3402850.0,
EFIX R,3402850.0,3404812 1964 888.1 522.0 848
SSACC R,3404814.0,
ESACC R,3404814.0,3404826 14 885.9 532.0 866.2 519.1 0.64 47
SFIX R,3404828.0,
EFIX R,3404828.0,3404948 122 859.8 523.3 833
SSACC R,3404950.0,
ESACC R,3404950.0,3404960 12 858.2 523.3 882.7 522.8 0.66 76
SFIX R,3404962.0,
EFIX R,3404962.0,3405376 416 871.8 525.8 779
SSACC R,3405378.0,
ESACC R,3405378.0,3405384 8 866.0 519.4 875.0 528.3 0.34 61
SFIX R,3405386.0,
EFIX R,3405386.0,3406362 978 886.9 519.4 696
SSACC R,3406364.0,
ESACC R,3406364.0,3406368 6 885.7 537.5 879.4 531.6 0.23 48
SFIX R,3406370.0,
EFIX R,3406370.0,3407444 1076 877.1 522.8 707
SSACC R,3407446.0,
SBLINK R,3407480.0,
EBLINK R,3407480.0,3407648 170
ESACC R,3407446.0,3407764 320 860.0 559.1 976.9 407.5 5.18 1908
SFIX R,3407766.0,
EFIX R,3407766.0,3408338 574 940.5 453.6 576
SSACC R,3408340.0,
ESACC R,3408340.0,3408346 8 909.6 459.9 919.7 468.0 0.35 60
SFIX R,3408348.0,
EFIX R,3408348.0,3408578 232 910.9 486.8 477
SSACC R,3408580.0,
ESACC R,3408580.0,3408596 18 897.1 504.3 893.4 467.1 1.01 97
SFIX R,3408598.0,
EFIX R,3408598.0,3409946 1350 902.7 502.5 575
SSACC R,3409948.0,
ESACC R,3409948.0,3409976 30 944.1 512.1 955.7 489.7 0.68 66
SFIX R,3409978.0,
EFIX R,3409978.0,3410164 188 954.8 509.2 649
SSACC R,3410166.0,
ESACC R,3410166.0,3410170 6 951.8 521.0 955.5 526.9 0.19 52
SFIX R,3410172.0,
EFIX R,3410172.0,3410520 350 935.7 520.4 666
SSACC R,3410522.0,
ESACC R,3410522.0,3410544 24 928.4 538.8 906.0 487.8 1.51 82
SFIX R,3410546.0,
EFIX R,3410546.0,3411562 1018 903.9 497.4 641
SSACC R,3411564.0,
SBLINK R,3411638.0,
EBLINK R,3411638.0,3412616 980
ESACC R,3411564.0,3413032 1470 966.9 412.4 1281.2 459.9 8.52 479
SFIX R,3413034.0,
EFIX R,3413034.0,3413120 88 1274.4 450.6 574
SSACC R,3413122.0,
ESACC R,3413122.0,3413148 28 1281.9 434.8 1276.7 419.3 0.44 66
SFIX R,3413150.0,
EFIX R,3413150.0,3413186 38 1276.7 415.9 603
SSACC R,3413188.0,
ESACC R,3413188.0,3413286 100 1273.5 419.5 1224.8 462.2 1.73 127
SFIX R,3413288.0,
EFIX R,3413288.0,3413350 64 1218.4 478.7 595
SSACC R,3413352.0,
ESACC R,3413352.0,3413398 48 1215.7 504.7 1227.4 492.4 0.46 79
SFIX R,3413400.0,
EFIX R,3413400.0,3413432 34 1232.0 487.9 581
SSACC R,3413434.0,
SBLINK R,3413566.0,
EBLINK R,3413566.0,3413920 356
ESACC R,3413434.0,3414062 630 1238.7 479.2 1091.4 534.2 4.22 306
SFIX R,3414064.0,
EFIX R,3414064.0,3414092 30 1081.2 526.7 656
SSACC R,3414094.0,
ESACC R,3414094.0,3414202 110 1063.6 519.7 1012.3 468.9 1.96 111
SFIX R,3414204.0,
EFIX R,3414204.0,3414308 106 1005.2 496.7 693
SSACC R,3414310.0,
ESACC R,3414310.0,3414314 6 1001.7 509.9 993.8 504.7 0.26 60
SFIX R,3414316.0,
EFIX R,3414316.0,3414552 238 942.8 490.2 544
SSACC R,3414554.0,
ESACC R,3414554.0,3414558 6 918.7 473.1 921.1 486.1 0.36 53
SFIX R,3414560.0,
EFIX R,3414560.0,3414828 270 896.0 515.4 485
SSACC R,3414830.0,
ESACC R,3414830.0,3414838 10 875.1 540.1 890.4 527.0 0.55 72
SFIX R,3414840.0,
EFIX R,3414840.0,3415000 162 878.5 544.4 539
SSACC R,3415002.0,
ESACC R,3415002.0,3415020 20 875.3 550.8 889.7 510.2 1.17 100
SFIX R,3415022.0,
EFIX R,3415022.0,3415238 218 881.4 533.1 554
SSACC R,3415240.0,
ESACC R,3415240.0,3415278 40 880.7 547.3 889.1 516.0 0.88 80
SFIX R,3415280.0,
EFIX R,3415280.0,3415442 164 886.8 524.9 571
SSACC R,3415444.0,
ESACC R,3415444.0,3415450 8 891.6 524.5 887.4 510.2 0.40 60
SFIX R,3415452.0,
EFIX R,3415452.0,3416034 584 888.0 518.9 603
SSACC R,3416036.0,
ESACC R,3416036.0,3416040 6 897.6 514.3 891.7 506.1 0.27 49
SFIX R,3416042.0,
EFIX R,3416042.0,3416858 818 923.8 501.2 558
SSACC R,3416860.0,
ESACC R,3416860.0,3416864 6 1032.9 471.8 1041.6 464.1 0.31 60
SFIX R,3416866.0,
EFIX R,3416866.0,3416918 54 1074.5 472.6 543
SSACC R,3416920.0,
SBLINK R,3417170.0,
EBLINK R,3417170.0,3418618 1450
ESACC R,3416920.0,3418846 1928 1096.3 466.6 1559.5 398.6 12.18 531
SFIX R,3418848.0,
EFIX R,3418848.0,3418876 30 1562.0 384.6 607
SSACC R,3418878.0,
ESACC R,3418878.0,3419062 186 1567.6 389.9 1577.5 407.1 0.51 101
SFIX R,3419064.0,
EFIX R,3419064.0,3419088 26 1581.7 398.6 554
SSACC R,3419090.0,
SBLINK R,3419336.0,
EBLINK R,3419336.0,3421918 2584
ESACC R,3419090.0,3421976 2888 1583.4 397.5 1243.9 523.4 9.35 910
SFIX R,3421978.0,
EFIX R,3421978.0,3422168 192 1124.1 451.7 670
SSACC R,3422170.0,
ESACC R,3422170.0,3422206 38 1057.1 453.0 983.9 403.8 2.39 117
SFIX R,3422208.0,
EFIX R,3422208.0,3422688 482 936.5 459.0 468
SSACC R,3422690.0,
ESACC R,3422690.0,3422698 10 894.5 478.6 886.3 459.2 0.57 68
SFIX R,3422700.0,
EFIX R,3422700.0,3423090 392 872.5 482.2 479
SSACC R,3423092.0,
ESACC R,3423092.0,3423098 8 867.0 505.6 882.0 495.5 0.49 75
SFIX R,3423100.0,
EFIX R,3423100.0,3423508 410 882.6 511.0 639
SSACC R,3423510.0,
ESACC R,3423510.0,3423520 12 888.4 528.7 874.6 508.6 0.66 78
SFIX R,3423522.0,
EFIX R,3423522.0,3425448 1928 892.4 512.7 848
SSACC R,3425450.0,
ESACC R,3425450.0,3425460 12 894.7 525.5 888.5 509.8 0.46 61
SFIX R,3425462.0,
EFIX R,3425462.0,3426242 782 901.7 528.2 929
SSACC R,3426244.0,
SBLINK R,3426288.0,
EBLINK R,3426288.0,3426528 242
ESACC R,3426244.0,3426608 366 894.5 549.6 917.6 450.6 2.75 548
SFIX R,3426610.0,
EFIX R,3426610.0,3426734 126 903.0 486.2 901
SSACC R,3426736.0,
ESACC R,3426736.0,3426764 30 905.5 506.5 930.9 523.4 0.83 59
SFIX R,3426766.0,
EFIX R,3426766.0,3427242 478 913.4 546.9 817
SSACC R,3427244.0,
ESACC R,3427244.0,3427258 16 898.6 577.2 899.9 542.2 0.95 76
SFIX R,3427260.0,
EFIX R,3427260.0,3427654 396 897.3 547.6 741
SSACC R,3427656.0,
ESACC R,3427656.0,3427662 8 893.5 544.3 894.1 532.6 0.32 50
SFIX R,3427664.0,
EFIX R,3427664.0,3428150 488 895.1 529.3 805
SSACC R,3428152.0,
ESACC R,3428152.0,3428164 14 892.4 510.1 913.2 519.0 0.61 66
SFIX R,3428166.0,
EFIX R,3428166.0,3428786 622 894.3 530.5 817
SSACC R,3428788.0,
ESACC R,3428788.0,3428798 12 901.8 537.4 894.2 516.6 0.60 67
SFIX R,3428800.0,
EFIX R,3428800.0,3431728 2930 901.3 534.8 717
SSACC R,3431730.0,
ESACC R,3431730.0,3431758 30 932.9 509.5 939.9 475.3 0.95 107
SFIX R,3431760.0,
EFIX R,3431760.0,3431886 128 941.7 473.0 536
SSACC R,3431888.0,
ESACC R,3431888.0,3431976 90 941.3 474.4 951.0 453.8 0.62 96
SFIX R,3431978.0,
EFIX R,3431978.0,3432196 220 967.0 456.3 497
SSACC R,3432198.0,
ESACC R,3432198.0,3432202 6 999.1 456.5 1002.9 449.0 0.23 68
SFIX R,3432204.0,
EFIX R,3432204.0,3432374 172 1050.2 471.3 479
SSACC R,3432376.0,
SBLINK R,3432620.0,
EBLINK R,3432620.0,3433716 1098
ESACC R,3432376.0,3433844 1470 1102.4 482.1 1109.6 461.4 0.59 492
SFIX R,3433846.0,
EFIX R,3433846.0,3434166 322 1019.2 457.0 468
SSACC R,3434168.0,
ESACC R,3434168.0,3434210 44 966.4 466.3 940.2 440.5 1.00 105
SFIX R,3434212.0,
EFIX R,3434212.0,3434528 318 930.9 478.9 458
SSACC R,3434530.0,
ESACC R,3434530.0,3434570 42 921.6 515.0 898.7 504.1 0.69 96
SFIX R,3434572.0,
EFIX R,3434572.0,3434852 282 888.5 518.1 555
SSACC R,3434854.0,
ESACC R,3434854.0,3434874 22 876.4 533.3 880.0 489.5 1.19 84
SFIX R,3434876.0,
EFIX R,3434876.0,3435156 282 886.7 520.8 658
SSACC R,3435158.0,
ESACC R,3435158.0,3435164 8 891.1 525.0 879.9 513.4 0.44 61
SFIX R,3435166.0,
EFIX R,3435166.0,3435314 150 867.7 519.4 718
SSACC R,3435316.0,
ESACC R,3435316.0,3435330 16 865.3 518.4 894.6 516.5 0.80 79
SFIX R,3435332.0,
EFIX R,3435332.0,3436720 1390 879.0 527.7 815
SSACC R,3436722.0,
ESACC R,3436722.0,3436728 8 872.3 543.6 861.4 532.9 0.41 55
SFIX R,3436730.0,
EFIX R,3436730.0,3437020 292 856.4 542.5 874
SSACC R,3437022.0,
SBLINK R,3437062.0,
EBLINK R,3437062.0,3437158 98
ESACC R,3437022.0,3437208 188 846.9 544.1 864.0 525.7 0.68 1808
SFIX R,3437210.0,
EFIX R,3437210.0,3437340 132 852.8 554.8 842
SSACC R,3437342.0,
ESACC R,3437342.0,3437356 16 849.8 567.5 873.6 558.7 0.69 70
SFIX R,3437358.0,
EFIX R,3437358.0,3437566 210 874.9 562.3 819
SSACC R,3437568.0,
ESACC R,3437568.0,3437576 10 881.1 567.3 873.2 548.3 0.56 75
SFIX R,3437578.0,
EFIX R,3437578.0,3438668 1092 871.1 546.6 732
SSACC R,3438670.0,
SBLINK R,3438712.0,
EBLINK R,3438712.0,3438864 154
ESACC R,3438670.0,3439006 338 873.6 544.6 900.7 443.0 2.85 1948
SFIX R,3439008.0,
EFIX R,3439008.0,3439066 60 898.0 461.2 669
SSACC R,3439068.0,
ESACC R,3439068.0,3439074 8 893.2 474.0 894.0 486.5 0.34 56
SFIX R,3439076.0,
EFIX R,3439076.0,3440840 1766 888.9 537.7 576
SSACC R,3440842.0,
ESACC R,3440842.0,3440852 12 883.7 566.4 880.5 545.9 0.56 65
SFIX R,3440854.0,
EFIX R,3440854.0,3441180 328 887.9 552.2 583
SSACC R,3441182.0,
ESACC R,3441182.0,3441192 12 893.5 556.8 881.3 537.1 0.63 75
SFIX R,3441194.0,
EFIX R,3441194.0,3441494 302 874.9 557.0 636
SSACC R,3441496.0,
ESACC R,3441496.0,3441508 14 872.7 566.7 884.0 530.9 1.02 104
SFIX R,3441510.0,
EFIX R,3441510.0,3441672 164 889.2 547.8 675
SSACC R,3441674.0,
ESACC R,3441674.0,3441684 12 891.5 563.5 877.5 545.3 0.62 66
SFIX R,3441686.0,
EFIX R,3441686.0,3443602 1918 890.4 536.6 607
SSACC R,3443604.0,
ESACC R,3443604.0,3443630 28 890.8 518.2 892.1 504.8 0.36 49
SFIX R,3443632.0,
EFIX R,3443632.0,3443662 32 888.9 510.4 516
SSACC R,3443664.0,
ESACC R,3443664.0,3443680 18 888.6 509.0 890.1 512.8 0.11 55
SFIX R,3443682.0,
EFIX R,3443682.0,3443890 210 878.3 515.6 532
SSACC R,3443892.0,
ESACC R,3443892.0,3443898 8 882.7 522.9 887.3 540.1 0.48 70
SFIX R,3443900.0,
EFIX R,3443900.0,3444222 324 901.2 531.5 536
SSACC R,3444224.0,
ESACC R,3444224.0,3444238 16 929.3 529.1 932.2 515.4 0.38 58
SFIX R,3444240.0,
EFIX R,3444240.0,3444404 166 961.3 497.5 528
SSACC R,3444406.0,
ESACC R,3444406.0,3444410 6 990.0 480.3 990.8 471.9 0.23 45
SFIX R,3444412.0,
EFIX R,3444412.0,3445226 816 1019.5 502.8 562
SSACC R,3445228.0,
ESACC R,3445228.0,3445236 10 1015.1 482.7 1011.5 501.0 0.51 66
SFIX R,3445238.0,
EFIX R,3445238.0,3445404 168 1071.7 487.7 561
SSACC R,3445406.0,
ESACC R,3445406.0,3445438 34 1129.3 504.8 1148.3 490.1 0.65 81
SFIX R,3445440.0,
EFIX R,3445440.0,3445496 58 1178.4 496.4 545
SSACC R,3445498.0,
ESACC R,3445498.0,3446758 1262 1214.7 489.8 1404.4 545.4 5.22 354
SFIX R,3446760.0,
EFIX R,3446760.0,3446820 62 1385.6 525.3 623
SSACC R,3446822.0,
ESACC R,3446822.0,3446864 44 1367.8 519.4 1337.1 549.6 1.14 93
SFIX R,3446866.0,
EFIX R,3446866.0,3446934 70 1318.5 549.5 641
SSACC R,3446936.0,
ESACC R,3446936.0,3446998 64 1314.2 554.2 1295.5 513.2 1.20 101
SFIX R,3447000.0,
EFIX R,3447000.0,3447110 112 1266.4 500.5 685
SSACC R,3447112.0,
ESACC R,3447112.0,3447148 38 1229.2 509.1 1090.1 476.4 3.84 156
SFIX R,3447150.0,
EFIX R,3447150.0,3447324 176 1042.3 509.5 686
SSACC R,3447326.0,
ESACC R,3447326.0,3447336 12 1010.2 515.4 984.2 498.3 0.84 86
SFIX R,3447338.0,
EFIX R,3447338.0,3447928 592 912.9 501.1 687
SSACC R,3447930.0,
ESACC R,3447930.0,3447942 14 891.9 524.9 903.1 503.8 0.65 57
SFIX R,3447944.0,
EFIX R,3447944.0,3448150 208 900.7 525.4 761
SSACC R,3448152.0,
ESACC R,3448152.0,3448162 12 900.8 543.5 897.7 520.6 0.63 61
SFIX R,3448164.0,
EFIX R,3448164.0,3448406 244 894.3 537.0 721
SSACC R,3448408.0,
ESACC R,3448408.0,3448426 20 893.6 549.2 883.8 512.0 1.04 104
SFIX R,3448428.0,
EFIX R,3448428.0,3448916 490 884.0 527.8 753
SSACC R,3448918.0,
SBLINK R,3448956.0,
EBLINK R,3448956.0,3449142 188
ESACC R,3448918.0,3449244 328 870.8 554.3 896.9 461.5 2.61 1968
SFIX R,3449246.0,
EFIX R,3449246.0,3449390 146 891.7 478.1 806
SSACC R,3449392.0,
ESACC R,3449392.0,3449400 10 897.3 498.0 911.6 504.6 0.43 59
SFIX R,3449402.0,
EFIX R,3449402.0,3449708 308 917.5 514.1 819
SSACC R,3449710.0,
ESACC R,3449710.0,3449716 8 917.9 532.0 912.6 517.8 0.41 55
SFIX R,3449718.0,
EFIX R,3449718.0,3449958 242 902.8 532.2 794
SSACC R,3449960.0,
ESACC R,3449960.0,3449978 20 901.5 542.1 904.8 528.7 0.37 73
SFIX R,3449980.0,
EFIX R,3449980.0,3450428 450 895.0 534.1 730
SSACC R,3450430.0,
ESACC R,3450430.0,3450442 14 885.9 550.2 882.1 526.2 0.66 68
SFIX R,3450444.0,
EFIX R,3450444.0,3450730 288 883.5 539.1 725
SSACC R,3450732.0,
ESACC R,3450732.0,3450740 10 883.0 542.4 874.1 524.0 0.55 72
SFIX R,3450742.0,
EFIX R,3450742.0,3453424 2684 888.1 529.2 738
SSACC R,3453426.0,
ESACC R,3453426.0,3453432 8 906.5 529.4 896.7 522.7 0.32 45
SFIX R,3453434.0,
EFIX R,3453434.0,3453892 460 897.3 522.2 733
SSACC R,3453894.0,
SBLINK R,3453932.0,
EBLINK R,3453932.0,3454124 194
ESACC R,3453894.0,3454206 314 881.9 550.9 879.0 464.2 2.35 2215
SFIX R,3454208.0,
EFIX R,3454208.0,3454526 320 878.4 508.5 697
SSACC R,3454528.0,
ESACC R,3454528.0,3454534 8 883.1 529.3 894.5 513.0 0.54 74
SFIX R,3454536.0,
EFIX R,3454536.0,3454684 150 904.0 534.8 676
SSACC R,3454686.0,
ESACC R,3454686.0,3454710 26 906.6 557.9 885.7 502.3 1.61 117
SFIX R,3454712.0,
EFIX R,3454712.0,3454888 178 896.7 538.3 674
SSACC R,3454890.0,
ESACC R,3454890.0,3454912 24 900.0 555.6 882.0 501.7 1.54 88
SFIX R,3454914.0,
EFIX R,3454914.0,3457716 2804 896.1 531.1 874
SSACC R,3457718.0,
ESACC R,3457718.0,3457732 16 879.9 541.5 882.0 520.6 0.57 61
SFIX R,3457734.0,
EFIX R,3457734.0,3459438 1706 885.9 542.2 858
SSACC R,3459440.0,
ESACC R,3459440.0,3459444 6 901.6 545.7 898.6 539.1 0.20 60
SFIX R,3459446.0,
EFIX R,3459446.0,3459632 188 893.7 531.9 867
SSACC R,3459634.0,
ESACC R,3459634.0,3459640 8 894.3 526.9 907.8 532.2 0.39 54
SFIX R,3459642.0,
EFIX R,3459642.0,3459946 306 909.6 536.7 856
SSACC R,3459948.0,
ESACC R,3459948.0,3459954 8 912.7 540.0 905.7 546.7 0.26 46
SFIX R,3459956.0,
EFIX R,3459956.0,3460012 58 908.9 549.0 865
SSACC R,3460014.0,
ESACC R,3460014.0,3460026 14 904.0 548.2 889.9 527.0 0.69 64
SFIX R,3460028.0,
EFIX R,3460028.0,3460540 514 890.2 537.1 873
SSACC R,3460542.0,
ESACC R,3460542.0,3460554 14 898.2 538.8 913.2 516.5 0.73 66
SFIX R,3460556.0,
EFIX R,3460556.0,3461050 496 907.5 533.4 884
SSACC R,3461052.0,
ESACC R,3461052.0,3461062 12 900.1 527.7 898.8 512.7 0.41 51
SFIX R,3461064.0,
EFIX R,3461064.0,3461922 860 892.1 536.3 864
SSACC R,3461924.0,
ESACC R,3461924.0,3461938 16 870.3 554.2 866.3 533.7 0.57 55
SFIX R,3461940.0,
EFIX R,3461940.0,3462154 216 864.3 540.3 775
SSACC R,3462156.0,
ESACC R,3462156.0,3462166 12 870.4 541.7 884.5 533.9 0.44 49
SFIX R,3462168.0,
EFIX R,3462168.0,3462596 430 882.6 534.4 780
SSACC R,3462598.0,
ESACC R,3462598.0,3462602 6 883.2 534.7 876.7 539.8 0.22 59
SFIX R,3462604.0,
EFIX R,3462604.0,3463340 738 877.0 530.8 739
SSACC R,3463342.0,
ESACC R,3463342.0,3463352 12 876.5 518.8 890.1 528.9 0.46 67
SFIX R,3463354.0,
EFIX R,3463354.0,3463734 382 885.0 529.5 706
SSACC R,3463736.0,
ESACC R,3463736.0,3463746 12 892.8 536.9 883.4 521.0 0.50 55
SFIX R,3463748.0,
EFIX R,3463748.0,3464494 748 880.9 541.0 718
SSACC R,3464496.0,
ESACC R,3464496.0,3464502 8 876.1 543.4 890.8 535.6 0.45 60
SFIX R,3464504.0,
EFIX R,3464504.0,3464742 240 887.1 542.4 745
SSACC R,3464744.0,
ESACC R,3464744.0,3464758 16 891.9 552.1 881.6 521.8 0.87 82
SFIX R,3464760.0,
EFIX R,3464760.0,3465012 254 883.6 544.4 776
SSACC R,3465014.0,
ESACC R,3465014.0,3465030 18 884.9 553.9 906.3 529.2 0.89 66
SFIX R,3465032.0,
EFIX R,3465032.0,3465400 370 890.4 532.7 730
SSACC R,3465402.0,
ESACC R,3465402.0,3465408 8 881.1 539.3 896.0 539.4 0.40 56
SFIX R,3465410.0,
EFIX R,3465410.0,3466770 1362 881.2 538.7 613
SSACC R,3466772.0,
ESACC R,3466772.0,3466786 16 881.9 548.0 874.1 508.1 1.10 85
SFIX R,3466788.0,
EFIX R,3466788.0,3468770 1984 877.5 533.4 642
SSACC R,3468772.0,
ESACC R,3468772.0,3468780 10 894.7 518.8 875.7 510.2 0.57 68
SFIX R,3468782.0,
EFIX R,3468782.0,3469032 252 872.4 519.4 589
SSACC R,3469034.0,
ESACC R,3469034.0,3469044 12 880.7 525.6 865.5 514.1 0.52 60
SFIX R,3469046.0,
EFIX R,3469046.0,3470216 1172 877.7 528.7 591
SSACC R,3470218.0,
ESACC R,3470218.0,3470232 16 882.2 549.2 866.1 525.4 0.78 63
SFIX R,3470234.0,
EFIX R,3470234.0,3471092 860 876.5 529.5 589
SSACC R,3471094.0,
ESACC R,3471094.0,3471100 8 885.6 512.7 872.0 513.8 0.37 60
SFIX R,3471102.0,
EFIX R,3471102.0,3471420 320 863.8 518.9 507
SSACC R,3471422.0,
SBLINK R,3471452.0,
EBLINK R,3471452.0,3471572 122
ESACC R,3471422.0,3471630 210 833.4 491.8 895.7 415.0 2.67 529
SFIX R,3471632.0,
EFIX R,3471632.0,3471818 188 871.8 444.7 435
SSACC R,3471820.0,
ESACC R,3471820.0,3471846 28 861.5 445.5 871.0 478.3 0.92 79
SFIX R,3471848.0,
EFIX R,3471848.0,3472364 518 865.9 494.6 452
SSACC R,3472366.0,
ESACC R,3472366.0,3472386 22 859.3 499.2 864.7 511.0 0.35 61
SFIX R,3472388.0,
EFIX R,3472388.0,3472714 328 853.9 506.4 508
SSACC R,3472716.0,
ESACC R,3472716.0,3472726 12 852.8 518.9 873.4 513.4 0.58 56
SFIX R,3472728.0,
EFIX R,3472728.0,3474072 1346 869.2 532.2 627
SSACC R,3474074.0,
ESACC R,3474074.0,3474082 10 865.7 531.5 880.9 525.8 0.44 57
SFIX R,3474084.0,
EFIX R,3474084.0,3474308 226 873.6 528.1 571
SSACC R,3474310.0,
SBLINK R,3474354.0,
EBLINK R,3474354.0,3474518 166
ESACC R,3474310.0,3474584 276 867.4 554.2 909.8 422.0 3.76 1369
SFIX R,3474586.0,
EFIX R,3474586.0,3475736 1152 877.9 485.6 446
SSACC R,3475738.0,
ESACC R,3475738.0,3475744 8 872.3 474.2 869.4 482.4 0.24 47
SFIX R,3475746.0,
EFIX R,3475746.0,3476264 520 869.6 522.1 467
SSACC R,3476266.0,
ESACC R,3476266.0,3476278 14 870.0 538.2 870.6 518.2 0.54 63
SFIX R,3476280.0,
EFIX R,3476280.0,3476600 322 866.7 530.0 500
SSACC R,3476602.0,
ESACC R,3476602.0,3476608 8 867.9 538.9 871.8 528.0 0.31 55
SFIX R,3476610.0,
EFIX R,3476610.0,3476822 214 869.7 533.4 527
SSACC R,3476824.0,
ESACC R,3476824.0,3476832 10 875.1 538.6 869.5 523.8 0.43 55
SFIX R,3476834.0,
EFIX R,3476834.0,3477028 196 873.0 506.5 523
SSACC R,3477030.0,
ESACC R,3477030.0,3477036 8 874.0 497.5 867.6 504.7 0.26 52
SFIX R,3477038.0,
EFIX R,3477038.0,3477638 602 868.6 505.7 464
SSACC R,3477640.0,
ESACC R,3477640.0,3477648 10 876.3 507.3 875.2 488.0 0.52 63
SFIX R,3477650.0,
EFIX R,3477650.0,3479262 1614 874.9 496.9 470
SSACC R,3479264.0,
ESACC R,3479264.0,3479280 18 869.1 551.9 862.2 520.4 0.87 78
SFIX R,3479282.0,
EFIX R,3479282.0,3479454 174 856.3 543.7 581
SSACC R,3479456.0,
ESACC R,3479456.0,3479474 20 858.4 557.1 875.4 518.0 1.16 113
SFIX R,3479476.0,
EFIX R,3479476.0,3479696 222 869.5 539.5 588
SSACC R,3479698.0,
ESACC R,3479698.0,3479708 12 868.7 549.4 853.4 529.3 0.68 75
SFIX R,3479710.0,
EFIX R,3479710.0,3480162 454 857.5 530.8 595
SSACC R,3480164.0,
ESACC R,3480164.0,3480184 22 868.0 513.9 881.0 514.1 0.35 56
SFIX R,3480186.0,
EFIX R,3480186.0,3480280 96 879.3 514.3 551
SSACC R,3480282.0,
ESACC R,3480282.0,3480290 10 879.6 515.4 866.6 508.4 0.40 59
SFIX R,3480292.0,
EFIX R,3480292.0,3480496 206 863.2 510.8 522
SSACC R,3480498.0,
ESACC R,3480498.0,3480506 10 874.0 504.4 876.5 520.5 0.44 68
SFIX R,3480508.0,
EFIX R,3480508.0,3480580 74 871.3 522.9 489
SSACC R,3480582.0,
SBLINK R,3480642.0,
EBLINK R,3480642.0,3480812 172
ESACC R,3480582.0,3480900 320 863.1 519.9 867.5 455.0 1.76 1116
SFIX R,3480902.0,
EFIX R,3480902.0,3481738 838 869.5 481.6 408
SSACC R,3481740.0,
ESACC R,3481740.0,3481760 22 868.9 537.0 853.2 490.0 1.34 71
SFIX R,3481762.0,
EFIX R,3481762.0,3481920 160 857.0 529.9 467
SSACC R,3481922.0,
ESACC R,3481922.0,3481932 12 860.8 550.3 864.7 518.6 0.87 89
SFIX R,3481934.0,
EFIX R,3481934.0,3484270 2338 872.4 513.8 492
SSACC R,3484272.0,
ESACC R,3484272.0,3484278 8 872.7 515.5 867.6 502.8 0.37 61
SFIX R,3484280.0,
EFIX R,3484280.0,3484528 250 864.0 522.3 513
SSACC R,3484530.0,
ESACC R,3484530.0,3484542 14 865.9 513.8 865.0 492.2 0.59 78
SFIX R,3484544.0,
EFIX R,3484544.0,3484812 270 856.8 506.5 524
SSACC R,3484814.0,
ESACC R,3484814.0,3484834 22 852.0 499.2 860.5 468.5 0.86 94
SFIX R,3484836.0,
EFIX R,3484836.0,3485302 468 861.7 486.7 572
SSACC R,3485304.0,
ESACC R,3485304.0,3485314 12 878.4 496.3 886.3 506.4 0.35 57
SFIX R,3485316.0,
EFIX R,3485316.0,3485432 118 879.4 496.4 619
SSACC R,3485434.0,
ESACC R,3485434.0,3485440 8 880.0 501.0 878.3 491.4 0.26 45
SFIX R,3485442.0,
EFIX R,3485442.0,3485492 52 875.2 497.8 616
SSACC R,3485494.0,
ESACC R,3485494.0,3485502 10 871.6 496.8 857.8 494.5 0.38 47
SFIX R,3485504.0,
EFIX R,3485504.0,3485788 286 868.3 505.2 594
SSACC R,3485790.0,
ESACC R,3485790.0,3485796 8 872.2 512.8 852.5 511.4 0.53 77
SFIX R,3485798.0,
EFIX R,3485798.0,3486094 298 844.8 517.0 597
SSACC R,3486096.0,
ESACC R,3486096.0,3486102 8 855.5 530.0 870.0 527.7 0.40 54
SFIX R,3486104.0,
EFIX R,3486104.0,3486336 234 866.7 530.7 673
SSACC R,3486338.0,
ESACC R,3486338.0,3486348 12 867.4 532.0 863.6 508.4 0.65 70
SFIX R,3486350.0,
EFIX R,3486350.0,3486850 502 864.5 518.1 697
SSACC R,3486852.0,
ESACC R,3486852.0,3486858 8 868.9 525.8 879.2 516.8 0.37 47
SFIX R,3486860.0,
EFIX R,3486860.0,3487348 490 877.5 523.0 723
SSACC R,3487350.0,
ESACC R,3487350.0,3487358 10 876.0 532.2 864.6 517.0 0.51 66
SFIX R,3487360.0,
EFIX R,3487360.0,3487778 420 871.4 529.1 694
SSACC R,3487780.0,
ESACC R,3487780.0,3487796 18 866.1 536.9 885.6 507.7 0.95 91
SFIX R,3487798.0,
EFIX R,3487798.0,3488634 838 865.1 522.8 636
SSACC R,3488636.0,
ESACC R,3488636.0,3488644 10 858.0 539.0 859.5 518.0 0.57 68
SFIX R,3488646.0,
EFIX R,3488646.0,3489262 618 860.9 530.5 619
SSACC R,3489264.0,
ESACC R,3489264.0,3489276 14 864.1 545.9 865.4 523.6 0.61 74
SFIX R,3489278.0,
EFIX R,3489278.0,3490328 1052 867.3 517.1 543
SSACC R,3490330.0,
ESACC R,3490330.0,3490358 30 868.3 542.7 862.0 505.9 1.01 58
SFIX R,3490360.0,
EFIX R,3490360.0,3490954 596 861.2 525.9 578
SSACC R,3490956.0,
ESACC R,3490956.0,3490962 8 870.4 546.0 867.5 539.2 0.20 44
SFIX R,3490964.0,
EFIX R,3490964.0,3491598 636 878.0 541.7 637
SSACC R,3491600.0,
ESACC R,3491600.0,3491610 12 876.0 549.9 855.4 536.0 0.67 70
SFIX R,3491612.0,
EFIX R,3491612.0,3491716 106 852.8 549.1 625
SSACC R,3491718.0,
SBLINK R,3491756.0,
EBLINK R,3491756.0,3491888 134
ESACC R,3491718.0,3491946 230 830.8 540.1 910.9 495.7 2.48 1902
SFIX R,3491948.0,
EFIX R,3491948.0,3493384 1438 885.5 501.6 485
SSACC R,3493386.0,
ESACC R,3493386.0,3493402 18 920.6 450.4 911.4 465.2 0.47 68
SFIX R,3493404.0,
EFIX R,3493404.0,3493576 174 951.9 431.9 392
SSACC R,3493578.0,
SBLINK R,3493752.0,
EBLINK R,3493752.0,3494430 680
ESACC R,3493578.0,3494760 1184 1011.9 422.5 808.5 469.2 5.64 931
SFIX R,3494762.0,
EFIX R,3494762.0,3494966 206 851.5 464.2 480
SSACC R,3494968.0,
ESACC R,3494968.0,3494980 14 849.8 454.5 866.2 448.0 0.48 61
SFIX R,3494982.0,
EFIX R,3494982.0,3495140 160 841.6 455.8 397
SSACC R,3495142.0,
ESACC R,3495142.0,3495164 24 833.5 467.6 875.7 477.5 1.17 101
SFIX R,3495166.0,
EFIX R,3495166.0,3495312 148 865.2 498.4 390
SSACC R,3495314.0,
ESACC R,3495314.0,3495330 18 864.0 498.4 870.7 452.0 1.27 124
SFIX R,3495332.0,
EFIX R,3495332.0,3495668 338 861.3 480.1 435
SSACC R,3495670.0,
ESACC R,3495670.0,3495674 6 860.5 505.8 859.3 493.4 0.34 52
SFIX R,3495676.0,
EFIX R,3495676.0,3495898 224 855.2 517.5 524
SSACC R,3495900.0,
SBLINK R,3495924.0,
EBLINK R,3495924.0,3496082 160
ESACC R,3495900.0,3496118 220 838.5 573.0 896.6 473.2 3.13 1223
SFIX R,3496120.0,
EFIX R,3496120.0,3496268 150 872.9 477.4 600
SSACC R,3496270.0,
ESACC R,3496270.0,3496286 18 869.8 482.9 906.1 485.8 0.99 84
SFIX R,3496288.0,
EFIX R,3496288.0,3496850 564 891.5 517.4 653
SSACC R,3496852.0,
ESACC R,3496852.0,3496858 8 877.3 540.4 864.3 529.6 0.46 64
SFIX R,3496860.0,
EFIX R,3496860.0,3498034 1176 859.3 533.3 690
SSACC R,3498036.0,
ESACC R,3498036.0,3498044 10 875.3 520.9 857.5 525.6 0.50 71
SFIX R,3498046.0,
EFIX R,3498046.0,3498220 176 856.8 524.9 767
SSACC R,3498222.0,
ESACC R,3498222.0,3498228 8 864.9 526.7 876.8 524.0 0.33 48
SFIX R,3498230.0,
EFIX R,3498230.0,3498438 210 884.0 530.6 781
SSACC R,3498440.0,
ESACC R,3498440.0,3498450 12 889.7 538.1 877.2 512.6 0.77 80
SFIX R,3498452.0,
EFIX R,3498452.0,3499600 1150 885.3 523.9 792
SSACC R,3499602.0,
ESACC R,3499602.0,3499630 30 884.3 544.0 899.3 522.5 0.71 65
SFIX R,3499632.0,
EFIX R,3499632.0,3500172 542 884.2 528.4 654
SSACC R,3500174.0,
ESACC R,3500174.0,3500180 8 867.5 516.2 878.5 516.9 0.30 50
SFIX R,3500182.0,
EFIX R,3500182.0,3500820 640 865.3 518.3 575
SSACC R,3500822.0,
SBLINK R,3500850.0,
EBLINK R,3500850.0,3501042 194
ESACC R,3500822.0,3501162 342 824.0 537.8 883.8 502.8 1.88 1643
SFIX R,3501164.0,
EFIX R,3501164.0,3501772 610 872.2 516.5 626
SSACC R,3501774.0,
ESACC R,3501774.0,3501780 8 868.4 529.3 885.3 528.2 0.46 64
SFIX R,3501782.0,
EFIX R,3501782.0,3501946 166 886.9 531.5 667
SSACC R,3501948.0,
ESACC R,3501948.0,3501956 10 882.4 545.3 864.7 536.2 0.54 66
SFIX R,3501958.0,
EFIX R,3501958.0,3502172 216 867.3 553.6 664
SSACC R,3502174.0,
ESACC R,3502174.0,3502194 22 868.9 560.4 887.0 522.1 1.15 110
SFIX R,3502196.0,
EFIX R,3502196.0,3503866 1672 892.3 550.3 809
SSACC R,3503868.0,
ESACC R,3503868.0,3503882 16 886.1 545.7 915.8 540.2 0.82 77
SFIX R,3503884.0,
EFIX R,3503884.0,3503996 114 918.8 536.3 847
SSACC R,3503998.0,
ESACC R,3503998.0,3504012 16 920.1 528.9 882.6 530.7 1.02 79
SFIX R,3504014.0,
EFIX R,3504014.0,3504132 120 873.3 531.6 834
SSACC R,3504134.0,
ESACC R,3504134.0,3504142 10 879.8 533.0 896.5 531.5 0.45 59
SFIX R,3504144.0,
EFIX R,3504144.0,3504506 364 884.1 545.4 798
SSACC R,3504508.0,
ESACC R,3504508.0,3504516 10 886.5 555.2 874.1 539.8 0.54 66
SFIX R,3504518.0,
EFIX R,3504518.0,3505008 492 870.3 552.2 714
SSACC R,3505010.0,
ESACC R,3505010.0,3505020 12 860.0 553.4 869.6 532.9 0.61 77
SFIX R,3505022.0,
EFIX R,3505022.0,3505234 214 869.5 545.0 642
SSACC R,3505236.0,
SBLINK R,3505280.0,
EBLINK R,3505280.0,3505458 180
ESACC R,3505236.0,3505482 248 858.6 563.4 864.0 502.2 1.66 1844
SFIX R,3505484.0,
EFIX R,3505484.0,3505612 130 850.3 547.3 697
SSACC R,3505614.0,
ESACC R,3505614.0,3505634 22 850.2 569.7 904.3 567.7 1.47 112
SFIX R,3505636.0,
EFIX R,3505636.0,3505834 200 891.3 572.3 730
SSACC R,3505836.0,
ESACC R,3505836.0,3505856 22 889.5 570.4 877.9 526.9 1.22 94
SFIX R,3505858.0,
EFIX R,3505858.0,3506340 484 887.3 558.7 707
SSACC R,3506342.0,
ESACC R,3506342.0,3506354 14 891.6 580.4 893.2 553.7 0.72 73
SFIX R,3506356.0,
EFIX R,3506356.0,3507014 660 895.7 568.3 802
SSACC R,3507016.0,
SBLINK R,3507040.0,
EBLINK R,3507040.0,3507204 166
ESACC R,3507016.0,3507256 242 891.7 600.9 920.5 542.8 1.76 491
SFIX R,3507258.0,
EFIX R,3507258.0,3507644 388 900.5 563.8 932
SSACC R,3507646.0,
ESACC R,3507646.0,3507654 10 895.8 566.7 907.1 547.2 0.61 82
SFIX R,3507656.0,
EFIX R,3507656.0,3507916 262 907.9 553.7 936
SSACC R,3507918.0,
ESACC R,3507918.0,3507934 18 904.3 560.8 884.2 535.9 0.87 68
SFIX R,3507936.0,
EFIX R,3507936.0,3508210 276 885.1 545.7 903
SSACC R,3508212.0,
SBLINK R,3508238.0,
EBLINK R,3508238.0,3508434 198
ESACC R,3508212.0,3508496 286 884.5 555.2 912.8 495.6 1.79 431
SFIX R,3508498.0,
EFIX R,3508498.0,3509194 698 893.8 538.0 921
SSACC R,3509196.0,
ESACC R,3509196.0,3509206 12 890.3 559.9 914.6 551.1 0.70 74
SFIX R,3509208.0,
EFIX R,3509208.0,3510504 1298 888.8 556.5 856
SSACC R,3510506.0,
ESACC R,3510506.0,3510516 12 884.2 559.0 886.2 536.8 0.60 63
SFIX R,3510518.0,
EFIX R,3510518.0,3511842 1326 877.4 551.1 832
SSACC R,3511844.0,
ESACC R,3511844.0,3511850 8 885.2 564.0 897.3 553.5 0.43 69
SFIX R,3511852.0,
EFIX R,3511852.0,3512504 654 888.9 559.3 782
SSACC R,3512506.0,
ESACC R,3512506.0,3512512 8 883.6 564.5 882.7 551.6 0.35 53
SFIX R,3512514.0,
EFIX R,3512514.0,3513472 960 890.9 572.7 770
SSACC R,3513474.0,
ESACC R,3513474.0,3513484 12 884.5 577.0 879.9 557.8 0.54 70
SFIX R,3513486.0,
EFIX R,3513486.0,3514750 1266 892.9 569.2 804
SSACC R,3514752.0,
ESACC R,3514752.0,3514762 12 889.8 566.2 913.0 564.5 0.63 64
SFIX R,3514764.0,
EFIX R,3514764.0,3516600 1838 882.8 561.5 678
SSACC R,3516602.0,
ESACC R,3516602.0,3516612 12 871.4 551.1 858.0 542.3 0.43 64
SFIX R,3516614.0,
EFIX R,3516614.0,3516676 64 856.2 552.3 588
SSACC R,3516678.0,
ESACC R,3516678.0,3516684 8 848.8 547.4 855.8 557.4 0.33 49
SFIX R,3516686.0,
EFIX R,3516686.0,3517334 650 857.5 565.6 650
SSACC R,3517336.0,
ESACC R,3517336.0,3517362 28 872.0 577.1 886.4 570.0 0.44 60
SFIX R,3517364.0,
EFIX R,3517364.0,3517746 384 889.6 568.8 693
SSACC R,3517748.0,
ESACC R,3517748.0,3517752 6 889.1 572.8 882.9 564.4 0.28 54
SFIX R,3517754.0,
EFIX R,3517754.0,3517874 122 870.9 569.3 720
SSACC R,3517876.0,
ESACC R,3517876.0,3517882 8 878.3 572.4 891.4 567.4 0.38 58
SFIX R,3517884.0,
EFIX R,3517884.0,3518010 128 896.7 569.6 729
SSACC R,3518012.0,
ESACC R,3518012.0,3518028 18 895.7 573.7 857.0 573.2 1.05 81
SFIX R,3518030.0,
EFIX R,3518030.0,3518122 94 862.6 573.7 735
SSACC R,3518124.0,
ESACC R,3518124.0,3518140 18 866.2 579.6 913.4 573.6 1.29 96
SFIX R,3518142.0,
EFIX R,3518142.0,3518618 478 898.9 573.5 769
SSACC R,3518620.0,
ESACC R,3518620.0,3518630 12 896.8 578.9 896.1 556.0 0.62 79
SFIX R,3518632.0,
EFIX R,3518632.0,3519774 1144 896.2 567.5 761
SSACC R,3519776.0,
ESACC R,3519776.0,3519780 6 887.8 566.1 882.1 561.0 0.21 57
SFIX R,3519782.0,
EFIX R,3519782.0,3520288 508 872.5 559.0 643
SSACC R,3520290.0,
ESACC R,3520290.0,3520298 10 866.6 557.9 883.3 547.3 0.54 67
SFIX R,3520300.0,
EFIX R,3520300.0,3520946 648 883.4 546.7 600
SSACC R,3520948.0,
ESACC R,3520948.0,3520960 14 886.3 561.8 866.4 545.8 0.69 62
SFIX R,3520962.0,
EFIX R,3520962.0,3521142 182 855.1 549.9 601
SSACC R,3521144.0,
ESACC R,3521144.0,3521152 10 856.9 551.3 873.6 548.7 0.46 59
SFIX R,3521154.0,
EFIX R,3521154.0,3522432 1280 861.6 543.3 570
SSACC R,3522434.0,
SBLINK R,3522472.0,
EBLINK R,3522472.0,3522612 142
ESACC R,3522434.0,3522642 210 828.7 574.8 888.8 528.8 2.05 1523
SFIX R,3522644.0,
EFIX R,3522644.0,3524306 1664 855.7 521.7 520
SSACC R,3524308.0,
ESACC R,3524308.0,3524336 30 843.1 504.8 846.3 523.7 0.52 66
SFIX R,3524338.0,
EFIX R,3524338.0,3524760 424 852.0 531.6 539
SSACC R,3524762.0,
ESACC R,3524762.0,3524770 10 848.8 530.7 837.4 517.0 0.48 57
SFIX R,3524772.0,
EFIX R,3524772.0,3525540 770 842.1 544.6 596
SSACC R,3525542.0,
ESACC R,3525542.0,3525548 8 846.5 553.2 852.3 541.1 0.36 61
SFIX R,3525550.0,
EFIX R,3525550.0,3526144 596 867.7 549.8 591
SSACC R,3526146.0,
ESACC R,3526146.0,3526170 26 862.3 543.7 847.5 528.4 0.58 73
SFIX R,3526172.0,
EFIX R,3526172.0,3526234 64 849.0 538.7 555
SSACC R,3526236.0,
ESACC R,3526236.0,3526268 34 853.8 539.2 881.2 539.8 0.74 89
SFIX R,3526270.0,
EFIX R,3526270.0,3526372 104 881.9 534.8 537
SSACC R,3526374.0,
ESACC R,3526374.0,3526382 10 872.6 528.6 852.0 531.9 0.56 84
SFIX R,3526384.0,
EFIX R,3526384.0,3526570 188 845.5 536.6 524
SSACC R,3526572.0,
ESACC R,3526572.0,3526576 6 841.5 540.7 840.5 529.3 0.31 49
SFIX R,3526578.0,
EFIX R,3526578.0,3527118 542 846.2 528.8 486
SSACC R,3527120.0,
ESACC R,3527120.0,3527130 12 845.3 521.5 848.0 506.8 0.41 60
SFIX R,3527132.0,
EFIX R,3527132.0,3527534 404 839.2 513.9 457
SSACC R,3527536.0,
ESACC R,3527536.0,3527568 34 832.0 513.8 831.8 516.6 0.08 58
SFIX R,3527570.0,
EFIX R,3527570.0,3528528 960 853.8 520.7 505
SSACC R,3528530.0,
ESACC R,3528530.0,3528542 14 849.1 534.8 840.5 521.4 0.43 52
SFIX R,3528544.0,
EFIX R,3528544.0,3528802 260 861.0 523.2 537
SSACC R,3528804.0,
ESACC R,3528804.0,3528812 10 863.4 531.7 850.9 525.8 0.37 76
SFIX R,3528814.0,
EFIX R,3528814.0,3528940 128 841.0 524.2 535
SSACC R,3528942.0,
ESACC R,3528942.0,3528950 10 844.9 526.2 851.2 532.8 0.25 54
SFIX R,3528952.0,
EFIX R,3528952.0,3529124 174 866.7 532.8 545
SSACC R,3529126.0,
ESACC R,3529126.0,3529130 6 866.6 543.1 858.5 524.0 0.56 66
SFIX R,3529132.0,
EFIX R,3529132.0,3529276 146 857.1 528.1 545
SSACC R,3529278.0,
ESACC R,3529278.0,3529300 24 862.6 525.3 882.0 530.2 0.54 71
SFIX R,3529302.0,
EFIX R,3529302.0,3529564 264 879.6 529.2 534
SSACC R,3529566.0,
ESACC R,3529566.0,3529626 62 875.4 530.5 856.3 521.1 0.58 56
SFIX R,3529628.0,
EFIX R,3529628.0,3530238 612 863.7 525.0 532
SSACC R,3530240.0,
ESACC R,3530240.0,3530272 34 869.4 548.2 850.1 523.1 0.86 76
SFIX R,3530274.0,
EFIX R,3530274.0,3531152 880 860.3 534.6 572
SSACC R,3531154.0,
ESACC R,3531154.0,3531182 30 879.5 522.8 846.7 528.6 0.90 62
SFIX R,3531184.0,
EFIX R,3531184.0,3532124 942 857.0 523.5 545
SSACC R,3532126.0,
ESACC R,3532126.0,3532152 28 853.8 511.5 830.3 515.4 0.64 62
SFIX R,3532154.0,
EFIX R,3532154.0,3532262 110 830.2 519.6 520
SSACC R,3532264.0,
ESACC R,3532264.0,3532274 12 844.2 522.0 856.6 509.8 0.47 62
SFIX R,3532276.0,
EFIX R,3532276.0,3532490 216 852.5 519.8 506
SSACC R,3532492.0,
ESACC R,3532492.0,3532502 12 851.2 529.9 845.0 521.6 0.28 52
SFIX R,3532504.0,
EFIX R,3532504.0,3532580 78 825.8 509.9 487
SSACC R,3532582.0,
ESACC R,3532582.0,3532598 18 826.9 506.8 856.4 498.3 0.83 90
SFIX R,3532600.0,
EFIX R,3532600.0,3532818 220 860.1 508.8 489
SSACC R,3532820.0,
ESACC R,3532820.0,3532828 10 853.4 513.5 833.7 519.7 0.56 65
SFIX R,3532830.0,
EFIX R,3532830.0,3533120 292 837.6 520.5 501
SSACC R,3533122.0,
ESACC R,3533122.0,3533128 8 850.4 518.1 860.2 512.5 0.31 51
SFIX R,3533130.0,
EFIX R,3533130.0,3533428 300 856.0 511.5 487
SSACC R,3533430.0,
ESACC R,3533430.0,3533434 6 848.2 518.4 836.9 507.7 0.42 81
SFIX R,3533436.0,
EFIX R,3533436.0,3533862 428 835.4 518.5 486
SSACC R,3533864.0,
ESACC R,3533864.0,3533872 10 846.5 517.9 836.4 505.0 0.44 58
SFIX R,3533874.0,
EFIX R,3533874.0,3535062 1190 857.4 498.2 428
SSACC R,3535064.0,
ESACC R,3535064.0,3535092 30 849.6 478.3 851.6 486.5 0.23 49
SFIX R,3535094.0,
EFIX R,3535094.0,3535250 158 853.1 490.5 387
SSACC R,3535252.0,
ESACC R,3535252.0,3535290 40 851.3 491.5 851.7 497.0 0.15 75
SFIX R,3535292.0,
EFIX R,3535292.0,3535324 34 851.7 494.0 408
SSACC R,3535326.0,
ESACC R,3535326.0,3535330 6 844.2 486.0 845.8 495.9 0.27 59
SFIX R,3535332.0,
EFIX R,3535332.0,3535528 198 849.8 508.0 420
SSACC R,3535530.0,
ESACC R,3535530.0,3535546 18 847.2 516.7 826.0 485.5 1.02 64
SFIX R,3535548.0,
EFIX R,3535548.0,3535938 392 832.8 512.6 465
SSACC R,3535940.0,
SBLINK R,3535984.0,
EBLINK R,3535984.0,3536112 130
ESACC R,3535940.0,3536172 234 824.4 537.9 853.2 555.4 0.91 540
SFIX R,3536174.0,
EFIX R,3536174.0,3536362 190 852.9 575.6 520
SSACC R,3536364.0,
ESACC R,3536364.0,3536402 40 850.8 583.4 854.2 554.5 0.79 82
SFIX R,3536404.0,
EFIX R,3536404.0,3537432 1030 847.0 544.7 492
SSACC R,3537434.0,
ESACC R,3537434.0,3537450 18 855.4 544.8 865.9 530.3 0.48 70
SFIX R,3537452.0,
EFIX R,3537452.0,3538028 578 854.4 541.7 548
SSACC R,3538030.0,
ESACC R,3538030.0,3538040 12 877.7 534.1 859.4 522.4 0.59 64
SFIX R,3538042.0,
EFIX R,3538042.0,3539282 1242 853.9 534.6 479
SSACC R,3539284.0,
ESACC R,3539284.0,3539290 8 876.0 543.8 868.4 543.0 0.21 51
SFIX R,3539292.0,
EFIX R,3539292.0,3539500 210 862.5 544.2 480
SSACC R,3539502.0,
ESACC R,3539502.0,3539514 14 867.1 546.1 869.7 547.3 0.08 58
SFIX R,3539516.0,
EFIX R,3539516.0,3540554 1040 863.3 523.5 444
SSACC R,3540556.0,
ESACC R,3540556.0,3540572 18 864.4 522.7 869.6 515.5 0.24 61
SFIX R,3540574.0,
EFIX R,3540574.0,3540786 214 868.6 515.7 455
SSACC R,3540788.0,
ESACC R,3540788.0,3540812 26 863.5 534.0 848.0 523.7 0.50 67
SFIX R,3540814.0,
EFIX R,3540814.0,3541186 374 853.8 532.2 518
SSACC R,3541188.0,
ESACC R,3541188.0,3541206 20 861.9 562.7 849.1 527.2 1.02 87
SFIX R,3541208.0,
EFIX R,3541208.0,3541434 228 849.9 536.6 519
SSACC R,3541436.0,
ESACC R,3541436.0,3541448 14 850.5 534.2 867.0 518.2 0.62 76
SFIX R,3541450.0,
EFIX R,3541450.0,3541668 220 863.8 526.3 493
SSACC R,3541670.0,
ESACC R,3541670.0,3541686 18 861.5 521.6 856.9 530.6 0.27 53
SFIX R,3541688.0,
EFIX R,3541688.0,3542402 716 851.0 530.1 483
SSACC R,3542404.0,
ESACC R,3542404.0,3542408 6 844.8 522.5 850.0 530.0 0.25 46
SFIX R,3542410.0,
EFIX R,3542410.0,3542660 252 836.9 522.7 481
SSACC R,3542662.0,
ESACC R,3542662.0,3542670 10 811.8 506.0 837.1 510.1 0.69 80
SFIX R,3542672.0,
EFIX R,3542672.0,3543412 742 847.4 518.7 491
SSACC R,3543414.0,
SBLINK R,3543472.0,
EBLINK R,3543472.0,3543584 114
ESACC R,3543414.0,3543636 224 851.4 541.4 854.4 513.2 0.77 1056
SFIX R,3543638.0,
EFIX R,3543638.0,3543804 168 853.9 526.5 476
SSACC R,3543806.0,
ESACC R,3543806.0,3543820 16 856.2 526.6 849.6 502.3 0.68 101
SFIX R,3543822.0,
EFIX R,3543822.0,3544050 230 851.0 512.5 522
SSACC R,3544052.0,
ESACC R,3544052.0,3544062 12 850.4 531.5 867.9 511.6 0.72 70
SFIX R,3544064.0,
EFIX R,3544064.0,3544540 478 854.4 507.6 500
SSACC R,3544542.0,
ESACC R,3544542.0,3544556 16 855.5 515.6 841.3 489.1 0.81 86
SFIX R,3544558.0,
EFIX R,3544558.0,3546194 1638 854.4 521.4 541
SSACC R,3546196.0,
ESACC R,3546196.0,3546208 14 868.3 555.2 859.3 529.1 0.75 71
SFIX R,3546210.0,
EFIX R,3546210.0,3547790 1582 870.5 553.4 697
SSACC R,3547792.0,
SBLINK R,3547818.0,
EBLINK R,3547818.0,3547942 126
ESACC R,3547792.0,3548002 212 846.2 577.7 865.0 557.6 0.75 294
SFIX R,3548004.0,
EFIX R,3548004.0,3549856 1854 867.8 554.0 703
SSACC R,3549858.0,
ESACC R,3549858.0,3549884 28 880.3 563.7 881.4 546.4 0.47 64
SFIX R,3549886.0,
EFIX R,3549886.0,3551200 1316 884.5 561.4 738
SSACC R,3551202.0,
ESACC R,3551202.0,3551218 18 860.1 537.6 866.3 538.3 0.17 59
SFIX R,3551220.0,
EFIX R,3551220.0,3552146 928 869.5 551.4 672
SSACC R,3552148.0,
ESACC R,3552148.0,3552158 12 872.4 550.0 882.0 535.4 0.47 49
SFIX R,3552160.0,
EFIX R,3552160.0,3553192 1034 872.5 552.0 632
SSACC R,3553194.0,
ESACC R,3553194.0,3553200 8 870.8 556.8 869.6 543.5 0.36 57
SFIX R,3553202.0,
EFIX R,3553202.0,3553848 648 865.5 551.4 600
SSACC R,3553850.0,
ESACC R,3553850.0,3553864 16 872.2 558.5 898.8 549.5 0.76 76
SFIX R,3553866.0,
EFIX R,3553866.0,3554384 520 876.5 553.3 592
SSACC R,3554386.0,
ESACC R,3554386.0,3554396 12 879.1 569.6 867.0 554.3 0.53 61
SFIX R,3554398.0,
EFIX R,3554398.0,3554530 134 857.6 551.8 617
SSACC R,3554532.0,
ESACC R,3554532.0,3554536 6 863.1 547.5 872.3 554.5 0.31 53
SFIX R,3554538.0,
EFIX R,3554538.0,3555394 858 864.7 560.1 628
SSACC R,3555396.0,
SBLINK R,3555444.0,
EBLINK R,3555444.0,3555570 128
ESACC R,3555396.0,3555604 210 858.6 576.2 873.3 560.8 0.58 964
SFIX R,3555606.0,
EFIX R,3555606.0,3556166 562 880.2 576.9 659
SSACC R,3556168.0,
ESACC R,3556168.0,3556178 12 885.1 576.8 894.9 558.3 0.57 76
SFIX R,3556180.0,
EFIX R,3556180.0,3557826 1648 876.2 574.3 661
SSACC R,3557828.0,
ESACC R,3557828.0,3557842 16 874.4 577.4 900.1 565.4 0.77 60
SFIX R,3557844.0,
EFIX R,3557844.0,3559386 1544 860.9 552.8 593
SSACC R,3559388.0,
ESACC R,3559388.0,3559400 14 854.1 556.6 878.5 550.9 0.68 67
SFIX R,3559402.0,
EFIX R,3559402.0,3559578 178 875.5 556.3 662
SSACC R,3559580.0,
ESACC R,3559580.0,3559592 14 880.5 562.6 856.8 555.6 0.67 62
SFIX R,3559594.0,
EFIX R,3559594.0,3559972 380 866.9 559.8 675
SSACC R,3559974.0,
ESACC R,3559974.0,3560002 30 861.8 558.0 843.8 537.1 0.75 80
SFIX R,3560004.0,
EFIX R,3560004.0,3560118 116 845.5 542.6 676
SSACC R,3560120.0,
ESACC R,3560120.0,3560140 22 844.4 547.0 888.1 546.3 1.18 81
SFIX R,3560142.0,
EFIX R,3560142.0,3563834 3694 868.6 529.6 527
SSACC R,3563836.0,
ESACC R,3563836.0,3563842 8 861.6 502.1 859.4 507.0 0.15 54
SFIX R,3563844.0,
EFIX R,3563844.0,3564044 202 848.0 516.9 436
SSACC R,3564046.0,
ESACC R,3564046.0,3564052 8 845.8 533.0 840.1 518.6 0.42 72
SFIX R,3564054.0,
EFIX R,3564054.0,3564160 108 843.2 524.7 442
SSACC R,3564162.0,
ESACC R,3564162.0,3564166 6 849.3 532.3 849.2 514.6 0.48 69
SFIX R,3564168.0,
EFIX R,3564168.0,3564204 38 858.8 513.3 455
SSACC R,3564206.0,
ESACC R,3564206.0,3564222 18 858.4 519.9 858.7 521.8 0.05 79
SFIX R,3564224.0,
EFIX R,3564224.0,3564536 314 858.9 529.1 486
SSACC R,3564538.0,
ESACC R,3564538.0,3564542 6 861.3 541.6 856.0 531.7 0.30 58
SFIX R,3564544.0,
EFIX R,3564544.0,3565976 1434 857.2 539.4 602
SSACC R,3565978.0,
ESACC R,3565978.0,3565986 10 858.6 534.1 840.6 518.4 0.65 77
SFIX R,3565988.0,
EFIX R,3565988.0,3566110 124 831.4 524.3 603
SSACC R,3566112.0,
ESACC R,3566112.0,3566140 30 831.1 534.2 864.7 540.5 0.93 95
SFIX R,3566142.0,
EFIX R,3566142.0,3566530 390 865.6 536.0 585
SSACC R,3566532.0,
ESACC R,3566532.0,3566542 12 871.0 523.4 871.3 531.6 0.22 66
SFIX R,3566544.0,
EFIX R,3566544.0,3567506 964 861.5 533.8 525
SSACC R,3567508.0,
ESACC R,3567508.0,3567528 22 854.0 533.7 858.4 534.0 0.12 54
SFIX R,3567530.0,
EFIX R,3567530.0,3567584 56 855.3 540.1 529
SSACC R,3567586.0,
ESACC R,3567586.0,3567592 8 855.2 544.1 853.6 526.7 0.47 66
SFIX R,3567594.0,
EFIX R,3567594.0,3568356 764 857.5 547.1 578
SSACC R,3568358.0,
ESACC R,3568358.0,3568370 14 866.8 565.2 886.7 542.0 0.83 77
SFIX R,3568372.0,
EFIX R,3568372.0,3568986 616 869.5 540.8 580
SSACC R,3568988.0,
ESACC R,3568988.0,3568992 6 854.5 544.8 850.3 527.2 0.49 66
SFIX R,3568994.0,
EFIX R,3568994.0,3570292 1300 846.4 533.5 532
SSACC R,3570294.0,
ESACC R,3570294.0,3570312 20 823.8 528.7 858.5 524.2 0.95 59
SFIX R,3570314.0,
EFIX R,3570314.0,3571456 1144 845.0 527.6 473
SSACC R,3571458.0,
ESACC R,3571458.0,3571526 70 844.8 544.4 850.0 539.7 0.19 66
SFIX R,3571528.0,
EFIX R,3571528.0,3571928 402 858.0 541.7 520
SSACC R,3571930.0,
SBLINK R,3571970.0,
EBLINK R,3571970.0,3572140 172
ESACC R,3571930.0,3572194 266 827.7 568.5 870.8 531.4 1.54 1285
SFIX R,3572196.0,
EFIX R,3572196.0,3572554 360 863.0 533.2 473
SSACC R,3572556.0,
ESACC R,3572556.0,3572598 44 859.6 517.5 855.8 522.4 0.17 67
SFIX R,3572600.0,
EFIX R,3572600.0,3572716 118 851.3 513.0 442
SSACC R,3572718.0,
ESACC R,3572718.0,3572760 44 851.5 509.6 849.6 509.0 0.05 50
SFIX R,3572762.0,
EFIX R,3572762.0,3573240 480 851.9 494.8 403
SSACC R,3573242.0,
ESACC R,3573242.0,3573252 12 857.0 491.4 852.3 475.9 0.44 51
SFIX R,3573254.0,
EFIX R,3573254.0,3574144 892 858.5 518.7 462
SSACC R,3574146.0,
ESACC R,3574146.0,3574156 12 854.1 535.2 854.0 527.0 0.22 58
SFIX R,3574158.0,
EFIX R,3574158.0,3574562 406 844.7 514.9 457
SSACC R,3574564.0,
ESACC R,3574564.0,3574572 10 847.1 512.2 847.6 513.7 0.04 63
SFIX R,3574574.0,
EFIX R,3574574.0,3575378 806 848.1 527.2 507
SSACC R,3575380.0,
ESACC R,3575380.0,3575386 8 853.2 548.4 850.5 541.7 0.20 61
SFIX R,3575388.0,
EFIX R,3575388.0,3575570 184 853.0 536.1 537
SSACC R,3575572.0,
ESACC R,3575572.0,3575578 8 858.6 545.3 852.7 532.9 0.37 60
SFIX R,3575580.0,
EFIX R,3575580.0,3575706 128 858.8 546.6 558
SSACC R,3575708.0,
ESACC R,3575708.0,3575724 18 858.9 555.6 876.7 534.0 0.76 70
SFIX R,3575726.0,
EFIX R,3575726.0,3575914 190 877.4 541.2 568
SSACC R,3575916.0,
ESACC R,3575916.0,3575924 10 870.6 551.3 856.7 550.4 0.38 52
SFIX R,3575926.0,
EFIX R,3575926.0,3576000 76 855.4 554.5 545
SSACC R,3576002.0,
ESACC R,3576002.0,3576012 12 864.9 556.9 870.5 542.9 0.41 56
SFIX R,3576014.0,
EFIX R,3576014.0,3576370 358 860.6 546.0 519
SSACC R,3576372.0,
ESACC R,3576372.0,3576392 22 839.4 551.0 872.9 551.3 0.91 85
SFIX R,3576394.0,
EFIX R,3576394.0,3580792 4400 851.4 530.3 485
SSACC R,3580794.0,
ESACC R,3580794.0,3580798 6 846.4 526.8 859.3 522.5 0.37 61
SFIX R,3580800.0,
EFIX R,3580800.0,3583360 2562 854.9 529.7 503
SSACC R,3583362.0,
ESACC R,3583362.0,3583412 52 854.6 542.3 853.4 550.5 0.22 64
SFIX R,3583414.0,
EFIX R,3583414.0,3584396 984 856.4 534.8 486
SSACC R,3584398.0,
ESACC R,3584398.0,3584404 8 857.6 531.4 855.6 519.0 0.34 50
SFIX R,3584406.0,
EFIX R,3584406.0,3584436 32 852.3 516.6 451
SSACC R,3584438.0,
ESACC R,3584438.0,3584454 18 859.0 511.0 877.0 510.5 0.49 57
SFIX R,3584456.0,
EFIX R,3584456.0,3584696 242 877.2 512.5 448
SSACC R,3584698.0,
ESACC R,3584698.0,3584708 12 880.4 523.6 860.6 524.3 0.54 63
SFIX R,3584710.0,
EFIX R,3584710.0,3584856 148 843.8 509.4 443
SSACC R,3584858.0,
ESACC R,3584858.0,3584864 8 848.3 503.3 861.4 512.0 0.43 59
SFIX R,3584866.0,
EFIX R,3584866.0,3585252 388 855.1 511.9 434
SSACC R,3585254.0,
ESACC R,3585254.0,3585276 24 858.7 519.2 853.4 515.3 0.18 71
SFIX R,3585278.0,
EFIX R,3585278.0,3586088 812 851.5 517.5 423
SSACC R,3586090.0,
ESACC R,3586090.0,3586104 16 832.1 502.7 837.2 511.6 0.28 44
SFIX R,3586106.0,
EFIX R,3586106.0,3586652 548 852.9 508.4 376
SSACC R,3586654.0,
ESACC R,3586654.0,3586702 50 859.6 499.7 862.9 508.1 0.24 51
SFIX R,3586704.0,
EFIX R,3586704.0,3586778 76 862.7 497.8 337
SSACC R,3586780.0,
ESACC R,3586780.0,3586816 38 864.3 501.7 862.9 506.1 0.13 92
SFIX R,3586818.0,
EFIX R,3586818.0,3586930 114 862.0 493.5 331
SSACC R,3586932.0,
ESACC R,3586932.0,3586950 20 856.4 474.9 857.2 476.0 0.04 51
SFIX R,3586952.0,
EFIX R,3586952.0,3587048 98 855.4 474.0 325
SSACC R,3587050.0,
ESACC R,3587050.0,3587062 14 858.4 476.6 847.8 466.7 0.39 72
SFIX R,3587064.0,
EFIX R,3587064.0,3587336 274 863.9 477.1 329
SSACC R,3587338.0,
ESACC R,3587338.0,3587354 18 861.2 482.2 844.5 488.2 0.48 62
SFIX R,3587356.0,
EFIX R,3587356.0,3587592 238 846.0 501.4 372
SSACC R,3587594.0,
ESACC R,3587594.0,3587604 12 847.6 521.9 852.8 498.7 0.64 70
SFIX R,3587606.0,
EFIX R,3587606.0,3587758 154 856.6 495.3 421
SSACC R,3587760.0,
ESACC R,3587760.0,3587770 12 856.0 488.2 855.6 507.7 0.53 48
SFIX R,3587772.0,
EFIX R,3587772.0,3587892 122 856.3 506.1 450
SSACC R,3587894.0,
ESACC R,3587894.0,3587904 12 856.8 516.1 857.1 499.6 0.45 60
SFIX R,3587906.0,
EFIX R,3587906.0,3588498 594 841.9 506.5 462
SSACC R,3588500.0,
ESACC R,3588500.0,3588524 26 836.2 500.1 841.7 492.7 0.25 54
SFIX R,3588526.0,
EFIX R,3588526.0,3588692 168 843.8 512.2 489
SSACC R,3588694.0,
SBLINK R,3588718.0,
EBLINK R,3588718.0,3588850 134
ESACC R,3588694.0,3588886 194 816.9 548.6 849.9 516.4 1.25 1047
SFIX R,3588888.0,
EFIX R,3588888.0,3589094 208 844.4 549.3 499
SSACC R,3589096.0,
ESACC R,3589096.0,3589104 10 847.9 555.2 844.8 533.3 0.60 71
SFIX R,3589106.0,
EFIX R,3589106.0,3589192 88 839.0 532.1 511
SSACC R,3589194.0,
ESACC R,3589194.0,3589210 18 842.7 532.8 840.5 539.4 0.19 66
SFIX R,3589212.0,
EFIX R,3589212.0,3589624 414 830.1 518.1 461
SSACC R,3589626.0,
ESACC R,3589626.0,3589634 10 837.5 511.7 848.8 497.2 0.50 67
SFIX R,3589636.0,
EFIX R,3589636.0,3590240 606 840.7 515.1 455
SSACC R,3590242.0,
ESACC R,3590242.0,3590256 16 835.1 536.7 857.7 513.2 0.88 91
SFIX R,3590258.0,
EFIX R,3590258.0,3590902 646 850.5 537.6 553
SSACC R,3590904.0,
ESACC R,3590904.0,3590910 8 851.3 566.9 851.6 553.9 0.35 65
SFIX R,3590912.0,
EFIX R,3590912.0,3591188 278 863.1 554.6 541
SSACC R,3591190.0,
ESACC R,3591190.0,3591200 12 850.0 550.3 858.0 557.7 0.30 52
SFIX R,3591202.0,
EFIX R,3591202.0,3592084 884 844.2 539.1 496
SSACC R,3592086.0,
ESACC R,3592086.0,3592098 14 823.5 526.4 850.8 529.8 0.74 61
SFIX R,3592100.0,
EFIX R,3592100.0,3593722 1624 850.4 529.9 487
SSACC R,3593724.0,
SBLINK R,3593788.0,
EBLINK R,3593788.0,3593944 158
ESACC R,3593724.0,3593982 260 862.3 566.1 877.8 561.0 0.44 975
SFIX R,3593984.0,
EFIX R,3593984.0,3595884 1902 869.7 556.6 591
SSACC R,3595886.0,
ESACC R,3595886.0,3595896 12 870.7 561.2 880.0 545.5 0.49 55
SFIX R,3595898.0,
EFIX R,3595898.0,3596008 112 876.9 557.7 661
SSACC R,3596010.0,
SBLINK R,3596052.0,
EBLINK R,3596052.0,3596190 140
ESACC R,3596010.0,3596236 228 859.0 600.9 910.1 552.7 1.90 1922
SFIX R,3596238.0,
EFIX R,3596238.0,3596450 214 903.9 558.0 674
SSACC R,3596452.0,
ESACC R,3596452.0,3596458 8 903.1 545.3 892.1 537.9 0.36 65
SFIX R,3596460.0,
EFIX R,3596460.0,3597222 764 884.7 548.4 756
SSACC R,3597224.0,
ESACC R,3597224.0,3597240 18 884.3 554.5 892.6 529.3 0.72 65
SFIX R,3597242.0,
EFIX R,3597242.0,3598234 994 905.7 555.4 832
SSACC R,3598236.0,
ESACC R,3598236.0,3598256 22 913.8 560.7 909.2 526.7 0.93 95
SFIX R,3598258.0,
EFIX R,3598258.0,3598778 522 906.2 547.0 827
SSACC R,3598780.0,
SBLINK R,3598820.0,
EBLINK R,3598820.0,3598968 150
ESACC R,3598780.0,3599000 222 880.3 586.9 918.1 561.8 1.23 2386
SFIX R,3599002.0,
EFIX R,3599002.0,3599246 246 897.2 565.8 746
SSACC R,3599248.0,
ESACC R,3599248.0,3599266 20 887.1 556.1 886.1 523.2 0.89 88
SFIX R,3599268.0,
EFIX R,3599268.0,3599698 432 894.8 545.6 752
SSACC R,3599700.0,
ESACC R,3599700.0,3599706 8 899.1 556.7 897.2 542.0 0.40 54
SFIX R,3599708.0,
EFIX R,3599708.0,3601080 1374 901.4 554.3 785
SSACC R,3601082.0,
ESACC R,3601082.0,3601088 8 900.2 554.0 896.4 543.5 0.30 42
SFIX R,3601090.0,
EFIX R,3601090.0,3601606 518 897.3 548.9 819
SSACC R,3601608.0,
ESACC R,3601608.0,3601612 6 904.0 552.2 901.6 545.5 0.19 44
SFIX R,3601614.0,
EFIX R,3601614.0,3602926 1314 904.2 552.9 852
SSACC R,3602928.0,
ESACC R,3602928.0,3602940 14 913.1 571.1 906.2 544.8 0.74 78
SFIX R,3602942.0,
EFIX R,3602942.0,3606134 3194 899.1 568.0 720
SSACC R,3606136.0,
ESACC R,3606136.0,3606152 18 894.3 570.0 879.4 547.1 0.74 60
SFIX R,3606154.0,
EFIX R,3606154.0,3607276 1124 884.2 557.5 674
SSACC R,3607278.0,
SBLINK R,3607306.0,
EBLINK R,3607306.0,3607466 162
ESACC R,3607278.0,3607510 234 816.9 579.8 926.1 545.7 3.10 2257
SFIX R,3607512.0,
EFIX R,3607512.0,3608372 862 904.4 552.8 704
SSACC R,3608374.0,
ESACC R,3608374.0,3608388 16 896.8 563.4 868.4 550.9 0.84 69
SFIX R,3608390.0,
EFIX R,3608390.0,3608546 158 876.1 557.6 744
SSACC R,3608548.0,
ESACC R,3608548.0,3608556 10 880.9 564.1 898.5 560.6 0.49 62
SFIX R,3608558.0,
EFIX R,3608558.0,3608862 306 907.7 570.4 802
SSACC R,3608864.0,
ESACC R,3608864.0,3608874 12 909.1 575.3 918.7 557.0 0.56 74
SFIX R,3608876.0,
EFIX R,3608876.0,3609166 292 914.4 568.9 888
SSACC R,3609168.0,
ESACC R,3609168.0,3609184 18 916.4 564.4 950.5 574.5 0.96 70
SFIX R,3609186.0,
EFIX R,3609186.0,3609762 578 929.5 571.4 915
SSACC R,3609764.0,
SBLINK R,3609778.0,
EBLINK R,3609778.0,3609916 140
ESACC R,3609764.0,3609948 186 888.9 621.6 920.4 530.4 2.61 323
SFIX R,3609950.0,
EFIX R,3609950.0,3610030 82 908.3 560.2 823
SSACC R,3610032.0,
ESACC R,3610032.0,3610048 18 909.0 567.0 937.4 584.8 0.91 87
SFIX R,3610050.0,
EFIX R,3610050.0,3610240 192 931.3 578.9 809
SSACC R,3610242.0,
ESACC R,3610242.0,3610250 10 930.2 569.9 911.3 555.4 0.65 82
SFIX R,3610252.0,
EFIX R,3610252.0,3611002 752 909.0 554.6 792
SSACC R,3611004.0,
ESACC R,3611004.0,3611008 6 904.9 555.6 899.9 546.9 0.27 59
SFIX R,3611010.0,
EFIX R,3611010.0,3612742 1734 921.0 549.5 839
SSACC R,3612744.0,
SBLINK R,3612788.0,
EBLINK R,3612788.0,3612954 168
ESACC R,3612744.0,3612986 244 913.2 558.2 884.7 528.3 1.12 2221
SFIX R,3612988.0,
EFIX R,3612988.0,3613088 102 879.1 548.8 816
SSACC R,3613090.0,
ESACC R,3613090.0,3613110 22 881.1 548.2 930.2 559.0 1.36 102
SFIX R,3613112.0,
EFIX R,3613112.0,3613914 804 910.5 560.9 777
SSACC R,3613916.0,
ESACC R,3613916.0,3613928 14 895.9 572.4 885.6 547.4 0.73 68
SFIX R,3613930.0,
EFIX R,3613930.0,3614434 506 889.3 563.2 782
SSACC R,3614436.0,
ESACC R,3614436.0,3614454 20 893.5 568.1 927.7 558.0 0.97 72
SFIX R,3614456.0,
EFIX R,3614456.0,3614694 240 919.7 558.2 847
SSACC R,3614696.0,
ESACC R,3614696.0,3614708 14 919.9 563.3 899.0 565.5 0.57 57
SFIX R,3614710.0,
EFIX R,3614710.0,3615110 402 910.8 565.7 845
SSACC R,3615112.0,
SBLINK R,3615148.0,
EBLINK R,3615148.0,3615338 192
ESACC R,3615112.0,3615374 264 905.7 583.8 928.5 559.6 0.90 532
SFIX R,3615376.0,
EFIX R,3615376.0,3615550 176 907.0 607.4 814
SSACC R,3615552.0,
ESACC R,3615552.0,3615570 20 893.1 604.4 928.2 561.6 1.50 118
SFIX R,3615572.0,
EFIX R,3615572.0,3615816 246 920.7 571.2 836
SSACC R,3615818.0,
ESACC R,3615818.0,3615840 24 925.7 572.1 894.3 532.2 1.38 110
SFIX R,3615842.0,
EFIX R,3615842.0,3616348 508 898.1 557.1 875
SSACC R,3616350.0,
ESACC R,3616350.0,3616366 18 899.2 566.5 930.5 544.2 1.04 74
SFIX R,3616368.0,
EFIX R,3616368.0,3616922 556 930.7 557.5 933
SSACC R,3616924.0,
ESACC R,3616924.0,3616938 16 938.9 562.3 908.2 544.4 0.96 82
SFIX R,3616940.0,
EFIX R,3616940.0,3617140 202 910.6 551.5 983
SSACC R,3617142.0,
ESACC R,3617142.0,3617152 12 917.9 552.1 939.3 557.3 0.60 67
SFIX R,3617154.0,
EFIX R,3617154.0,3617340 188 940.6 561.8 981
SSACC R,3617342.0,
ESACC R,3617342.0,3617356 16 936.4 561.2 923.9 539.0 0.69 68
SFIX R,3617358.0,
EFIX R,3617358.0,3617956 600 936.1 558.7 998
SSACC R,3617958.0,
SBLINK R,3617996.0,
EBLINK R,3617996.0,3618114 120
ESACC R,3617958.0,3618146 190 940.2 556.9 922.3 485.2 2.00 527
SFIX R,3618148.0,
EFIX R,3618148.0,3618242 96 918.6 525.8 991
SSACC R,3618244.0,
ESACC R,3618244.0,3618260 18 921.4 541.0 960.1 557.8 1.14 100
SFIX R,3618262.0,
EFIX R,3618262.0,3618482 222 957.4 561.1 973
SSACC R,3618484.0,
ESACC R,3618484.0,3618496 14 953.1 560.3 926.1 534.0 1.02 102
SFIX R,3618498.0,
EFIX R,3618498.0,3618958 462 936.5 545.1 959
SSACC R,3618960.0,
SBLINK R,3618996.0,
EBLINK R,3618996.0,3619134 140
ESACC R,3618960.0,3619160 202 938.7 559.9 941.3 497.6 1.69 530
SFIX R,3619162.0,
EFIX R,3619162.0,3619328 168 926.6 552.0 963
SSACC R,3619330.0,
ESACC R,3619330.0,3619346 18 923.2 557.9 953.0 545.3 0.88 91
SFIX R,3619348.0,
EFIX R,3619348.0,3620770 1424 937.7 559.4 937
SSACC R,3620772.0,
SBLINK R,3620790.0,
EBLINK R,3620790.0,3620944 156
ESACC R,3620772.0,3620996 226 917.1 587.3 934.1 549.2 1.13 590
SFIX R,3620998.0,
EFIX R,3620998.0,3621400 404 924.8 572.3 932
SSACC R,3621402.0,
ESACC R,3621402.0,3621414 14 915.9 575.4 939.8 557.4 0.81 74
SFIX R,3621416.0,
EFIX R,3621416.0,3623864 2450 928.5 574.5 873
SSACC R,3623866.0,
ESACC R,3623866.0,3623876 12 926.0 564.0 918.3 554.2 0.34 53
SFIX R,3623878.0,
EFIX R,3623878.0,3624972 1096 927.1 570.3 873
SSACC R,3624974.0,
ESACC R,3624974.0,3624984 12 936.8 580.6 947.3 555.3 0.74 79
SFIX R,3624986.0,
EFIX R,3624986.0,3625630 646 942.6 567.4 896
SSACC R,3625632.0,
ESACC R,3625632.0,3625646 16 935.8 569.1 917.1 552.1 0.68 69
SFIX R,3625648.0,
EFIX R,3625648.0,3625762 116 916.7 562.3 872
SSACC R,3625764.0,
ESACC R,3625764.0,3625770 8 919.3 561.2 936.4 568.1 0.50 72
SFIX R,3625772.0,
EFIX R,3625772.0,3626570 800 932.4 575.1 826
SSACC R,3626572.0,
ESACC R,3626572.0,3626588 18 911.9 570.4 946.4 575.8 0.95 94
SFIX R,3626590.0,
EFIX R,3626590.0,3626704 116 942.9 575.2 809
SSACC R,3626706.0,
ESACC R,3626706.0,3626718 14 938.2 579.6 909.1 568.4 0.85 88
SFIX R,3626720.0,
EFIX R,3626720.0,3626848 130 903.7 573.7 795
SSACC R,3626850.0,
ESACC R,3626850.0,3626862 14 904.0 576.3 932.5 576.0 0.77 81
SFIX R,3626864.0,
EFIX R,3626864.0,3627154 292 923.9 576.0 798
SSACC R,3627156.0,
ESACC R,3627156.0,3627172 18 920.5 574.7 904.8 565.7 0.49 78
SFIX R,3627174.0,
EFIX R,3627174.0,3627850 678 914.7 574.4 826
SSACC R,3627852.0,
SBLINK R,3627866.0,
EBLINK R,3627866.0,3628022 158
ESACC R,3627852.0,3628056 206 903.0 578.8 939.6 559.0 1.13 159
SFIX R,3628058.0,
EFIX R,3628058.0,3628340 284 926.0 577.3 862
SSACC R,3628342.0,
ESACC R,3628342.0,3628352 12 926.8 577.1 947.7 567.9 0.62 67
SFIX R,3628354.0,
EFIX R,3628354.0,3629724 1372 925.5 575.6 796
SSACC R,3629726.0,
ESACC R,3629726.0,3629730 6 909.7 584.3 901.0 575.7 0.33 56
SFIX R,3629732.0,
EFIX R,3629732.0,3630356 626 899.7 578.1 705
SSACC R,3630358.0,
ESACC R,3630358.0,3630370 14 910.3 577.7 881.0 566.6 0.85 81
SFIX R,3630372.0,
EFIX R,3630372.0,3630488 118 885.6 568.2 740
SSACC R,3630490.0,
ESACC R,3630490.0,3630502 14 889.0 574.5 916.1 576.9 0.74 66
SFIX R,3630504.0,
EFIX R,3630504.0,3631238 736 909.1 585.3 763
SSACC R,3631240.0,
ESACC R,3631240.0,3631244 6 908.0 587.8 912.1 574.9 0.37 60
SFIX R,3631246.0,
EFIX R,3631246.0,3632644 1400 922.9 571.9 862
SSACC R,3632646.0,
ESACC R,3632646.0,3632662 18 913.0 565.8 954.7 570.5 1.14 103
SFIX R,3632664.0,
EFIX R,3632664.0,3632794 132 953.0 571.8 881
SSACC R,3632796.0,
ESACC R,3632796.0,3632808 14 951.0 574.9 923.9 568.5 0.75 79
SFIX R,3632810.0,
EFIX R,3632810.0,3634470 1662 917.4 565.8 818
SSACC R,3634472.0,
SBLINK R,3634520.0,
EBLINK R,3634520.0,3634654 136
ESACC R,3634472.0,3634680 210 920.0 563.5 928.3 555.8 0.31 1383
SFIX R,3634682.0,
EFIX R,3634682.0,3634840 160 910.6 583.8 794
SSACC R,3634842.0,
ESACC R,3634842.0,3634856 16 903.8 583.3 922.7 555.5 0.91 87
SFIX R,3634858.0,
EFIX R,3634858.0,3636222 1366 910.4 562.1 689
SSACC R,3636224.0,
ESACC R,3636224.0,3636232 10 893.9 563.2 878.5 547.7 0.59 76
SFIX R,3636234.0,
EFIX R,3636234.0,3636394 162 880.9 554.8 668
SSACC R,3636396.0,
ESACC R,3636396.0,3636406 12 891.2 562.3 909.5 565.1 0.50 57
SFIX R,3636408.0,
EFIX R,3636408.0,3637310 904 903.9 569.3 671
SSACC R,3637312.0,
ESACC R,3637312.0,3637316 6 888.2 566.3 881.6 563.5 0.19 49
SFIX R,3637318.0,
EFIX R,3637318.0,3637392 76 873.8 563.9 632
SSACC R,3637394.0,
ESACC R,3637394.0,3637412 20 876.9 567.3 921.1 562.4 1.21 122
SFIX R,3637414.0,
EFIX R,3637414.0,3637554 142 913.3 566.5 627
SSACC R,3637556.0,
ESACC R,3637556.0,3637566 12 904.9 569.3 877.5 560.5 0.78 80
SFIX R,3637568.0,
EFIX R,3637568.0,3637902 336 885.4 565.1 645
SSACC R,3637904.0,
ESACC R,3637904.0,3637918 16 893.6 565.6 912.4 543.3 0.79 89
SFIX R,3637920.0,
EFIX R,3637920.0,3638884 966 902.0 558.6 733
SSACC R,3638886.0,
ESACC R,3638886.0,3638892 8 880.4 562.3 896.1 560.0 0.43 67
SFIX R,3638894.0,
EFIX R,3638894.0,3639970 1078 899.8 562.6 706
SSACC R,3639972.0,
ESACC R,3639972.0,3639984 14 901.1 566.6 877.8 562.8 0.64 63
SFIX R,3639986.0,
EFIX R,3639986.0,3640070 86 875.2 566.7 755
SSACC R,3640072.0,
SBLINK R,3640124.0,
EBLINK R,3640124.0,3640286 164
ESACC R,3640072.0,3640306 236 873.7 575.0 952.8 545.2 2.29 2192
SFIX R,3640308.0,
EFIX R,3640308.0,3640970 664 931.6 555.5 750
SSACC R,3640972.0,
ESACC R,3640972.0,3640978 8 924.7 545.3 913.7 542.2 0.31 58
SFIX R,3640980.0,
EFIX R,3640980.0,3641212 234 909.0 553.0 730
SSACC R,3641214.0,
ESACC R,3641214.0,3641222 10 909.9 552.6 905.1 539.6 0.38 58
SFIX R,3641224.0,
EFIX R,3641224.0,3641434 212 897.3 541.2 727
SSACC R,3641436.0,
ESACC R,3641436.0,3641444 10 898.7 550.6 908.9 536.8 0.47 59
SFIX R,3641446.0,
EFIX R,3641446.0,3641804 360 915.9 544.4 741
SSACC R,3641806.0,
ESACC R,3641806.0,3641810 6 923.0 538.1 933.3 527.7 0.40 60
SFIX R,3641812.0,
EFIX R,3641812.0,3644338 2528 916.9 541.1 704
SSACC R,3644340.0,
ESACC R,3644340.0,3644354 16 896.1 554.6 894.1 558.8 0.13 51
SFIX R,3644356.0,
EFIX R,3644356.0,3644466 112 894.2 550.9 613
SSACC R,3644468.0,
ESACC R,3644468.0,3644472 6 888.5 543.5 884.6 538.3 0.18 55
SFIX R,3644474.0,
EFIX R,3644474.0,3644534 62 875.6 534.1 613
SSACC R,3644536.0,
ESACC R,3644536.0,3644548 14 875.2 534.9 898.4 537.9 0.63 61
SFIX R,3644550.0,
EFIX R,3644550.0,3644674 126 905.6 543.5 608
SSACC R,3644676.0,
ESACC R,3644676.0,3644682 8 895.8 544.5 883.6 537.9 0.38 62
SFIX R,3644684.0,
EFIX R,3644684.0,3645878 1196 886.6 538.1 653
SSACC R,3645880.0,
ESACC R,3645880.0,3645890 12 891.7 527.8 908.4 513.7 0.59 69
SFIX R,3645892.0,
EFIX R,3645892.0,3647150 1260 917.5 519.9 894
SSACC R,3647152.0,
SBLINK R,3647178.0,
EBLINK R,3647178.0,3647348 172
ESACC R,3647152.0,3647386 236 910.8 548.2 921.6 501.7 1.29 1510
SFIX R,3647388.0,
EFIX R,3647388.0,3647850 464 908.7 528.4 883
SSACC R,3647852.0,
ESACC R,3647852.0,3647870 20 915.6 527.9 939.2 509.4 0.81 67
SFIX R,3647872.0,
EFIX R,3647872.0,3649354 1484 917.8 530.8 842
SSACC R,3649356.0,
ESACC R,3649356.0,3649366 12 913.2 544.3 894.8 529.2 0.65 74
SFIX R,3649368.0,
EFIX R,3649368.0,3649470 104 891.1 534.1 838
SSACC R,3649472.0,
ESACC R,3649472.0,3649482 12 895.7 534.7 919.1 543.3 0.68 75
SFIX R,3649484.0,
EFIX R,3649484.0,3649694 212 922.4 550.0 845
SSACC R,3649696.0,
ESACC R,3649696.0,3649708 14 925.8 560.5 914.0 539.7 0.65 58
SFIX R,3649710.0,
EFIX R,3649710.0,3649786 78 913.4 541.6 858
SSACC R,3649788.0,
ESACC R,3649788.0,3649808 22 910.0 545.5 956.5 530.4 1.32 92
SFIX R,3649810.0,
EFIX R,3649810.0,3650000 192 951.8 534.5 862
SSACC R,3650002.0,
ESACC R,3650002.0,3650012 12 948.8 538.8 927.4 527.2 0.66 71
SFIX R,3650014.0,
EFIX R,3650014.0,3652828 2816 912.7 533.8 797
SSACC R,3652830.0,
SBLINK R,3652886.0,
EBLINK R,3652886.0,3653048 164
ESACC R,3652830.0,3653104 276 901.9 564.0 919.2 519.6 1.29 2254
SFIX R,3653106.0,
EFIX R,3653106.0,3653342 238 919.2 541.5 784
SSACC R,3653344.0,
ESACC R,3653344.0,3653348 6 923.9 534.3 933.0 533.9 0.25 49
SFIX R,3653350.0,
EFIX R,3653350.0,3653576 228 930.9 536.7 812
SSACC R,3653578.0,
ESACC R,3653578.0,3653598 22 929.2 545.3 907.3 511.1 1.10 80
SFIX R,3653600.0,
EFIX R,3653600.0,3657162 3564 902.9 544.6 785
SSACC R,3657164.0,
ESACC R,3657164.0,3657170 8 904.3 560.4 898.5 545.0 0.45 72
SFIX R,3657172.0,
EFIX R,3657172.0,3658168 998 895.7 544.0 732
SSACC R,3658170.0,
ESACC R,3658170.0,3658178 10 896.4 539.0 914.7 535.3 0.51 65
SFIX R,3658180.0,
EFIX R,3658180.0,3658500 322 910.4 547.9 711
SSACC R,3658502.0,
ESACC R,3658502.0,3658508 8 909.5 559.9 900.4 543.5 0.51 65
SFIX R,3658510.0,
EFIX R,3658510.0,3660106 1598 902.1 565.6 763
SSACC R,3660108.0,
ESACC R,3660108.0,3660114 8 904.3 586.0 901.3 571.8 0.39 52
SFIX R,3660116.0,
EFIX R,3660116.0,3661008 894 900.0 566.2 733
SSACC R,3661010.0,
ESACC R,3661010.0,3661016 8 900.5 569.3 904.6 557.2 0.35 47
SFIX R,3661018.0,
EFIX R,3661018.0,3661528 512 899.3 546.1 649
SSACC R,3661530.0,
ESACC R,3661530.0,3661544 16 881.8 538.4 911.9 531.7 0.84 74
SFIX R,3661546.0,
EFIX R,3661546.0,3661716 172 907.6 537.9 631
SSACC R,3661718.0,
ESACC R,3661718.0,3661728 12 911.4 540.1 888.9 534.8 0.63 65
SFIX R,3661730.0,
EFIX R,3661730.0,3663368 1640 878.8 543.1 602
SSACC R,3663370.0,
ESACC R,3663370.0,3663378 10 868.6 526.0 872.4 524.4 0.11 54
SFIX R,3663380.0,
EFIX R,3663380.0,3663804 426 882.1 516.3 459
SSACC R,3663806.0,
ESACC R,3663806.0,3663820 16 878.0 504.3 855.4 502.0 0.61 80
SFIX R,3663822.0,
EFIX R,3663822.0,3663994 174 854.6 514.1 445
SSACC R,3663996.0,
ESACC R,3663996.0,3664004 10 856.3 509.6 855.7 523.8 0.39 58
SFIX R,3664006.0,
EFIX R,3664006.0,3665442 1438 859.5 518.1 478
SSACC R,3665444.0,
ESACC R,3665444.0,3665448 6 860.1 525.3 854.0 521.5 0.19 51
SFIX R,3665450.0,
EFIX R,3665450.0,3665750 302 864.6 505.1 436
SSACC R,3665752.0,
ESACC R,3665752.0,3665758 8 861.7 490.6 866.8 500.2 0.29 49
SFIX R,3665760.0,
EFIX R,3665760.0,3665976 218 869.9 501.2 422
SSACC R,3665978.0,
ESACC R,3665978.0,3665986 10 861.2 494.9 845.6 498.8 0.44 59
SFIX R,3665988.0,
EFIX R,3665988.0,3666410 424 850.3 511.0 451
SSACC R,3666412.0,
ESACC R,3666412.0,3666452 42 854.8 519.2 870.1 515.9 0.42 52
SFIX R,3666454.0,
EFIX R,3666454.0,3667172 720 861.4 538.3 533
SSACC R,3667174.0,
ESACC R,3667174.0,3667188 16 859.8 567.9 848.5 541.1 0.79 66
SFIX R,3667190.0,
EFIX R,3667190.0,3668512 1324 864.1 551.4 577
SSACC R,3668514.0,
ESACC R,3668514.0,3668524 12 890.9 548.8 864.2 536.0 0.80 89
SFIX R,3668526.0,
EFIX R,3668526.0,3669050 526 866.1 549.2 563
SSACC R,3669052.0,
ESACC R,3669052.0,3669066 16 861.1 551.1 889.6 555.8 0.78 70
SFIX R,3669068.0,
EFIX R,3669068.0,3669352 286 880.8 556.7 562
SSACC R,3669354.0,
ESACC R,3669354.0,3669362 10 869.7 556.3 867.0 542.6 0.38 54
SFIX R,3669364.0,
EFIX R,3669364.0,3669668 306 868.2 536.7 533
SSACC R,3669670.0,
ESACC R,3669670.0,3669682 14 870.7 544.2 857.3 526.6 0.60 86
SFIX R,3669684.0,
EFIX R,3669684.0,3670566 884 859.9 530.1 487
SSACC R,3670568.0,
ESACC R,3670568.0,3670574 8 871.8 516.6 856.0 527.0 0.51 75
SFIX R,3670576.0,
EFIX R,3670576.0,3671526 952 861.3 524.9 451
SSACC R,3671528.0,
ESACC R,3671528.0,3671536 10 860.6 544.8 857.1 525.8 0.52 64
SFIX R,3671538.0,
EFIX R,3671538.0,3671680 144 860.8 541.2 519
SSACC R,3671682.0,
SBLINK R,3671734.0,
EBLINK R,3671734.0,3671856 124
ESACC R,3671682.0,3671930 250 855.5 558.0 860.3 555.1 0.15 1469
SFIX R,3671932.0,
EFIX R,3671932.0,3672268 338 850.0 558.6 537
SSACC R,3672270.0,
ESACC R,3672270.0,3672280 12 850.6 574.1 860.4 557.4 0.52 55
SFIX R,3672282.0,
EFIX R,3672282.0,3672528 248 858.0 565.1 585
SSACC R,3672530.0,
ESACC R,3672530.0,3672544 16 848.4 569.1 848.3 544.6 0.66 67
SFIX R,3672546.0,
EFIX R,3672546.0,3673908 1364 860.3 564.6 628
SSACC R,3673910.0,
ESACC R,3673910.0,3673922 14 866.5 582.9 870.1 558.5 0.67 61
SFIX R,3673924.0,
EFIX R,3673924.0,3674580 658 867.5 567.2 693
SSACC R,3674582.0,
ESACC R,3674582.0,3674592 12 869.2 569.5 857.6 552.3 0.56 58
SFIX R,3674594.0,
EFIX R,3674594.0,3675686 1094 859.6 561.5 673
SSACC R,3675688.0,
SBLINK R,3675738.0,
EBLINK R,3675738.0,3675880 144
ESACC R,3675688.0,3675930 244 864.0 591.0 882.9 523.4 1.90 2076
SFIX R,3675932.0,
EFIX R,3675932.0,3676908 978 897.5 552.3 684
SSACC R,3676910.0,
ESACC R,3676910.0,3676922 14 890.1 550.0 889.5 514.0 0.98 94
SFIX R,3676924.0,
EFIX R,3676924.0,3678922 2000 908.8 537.4 832
SSACC R,3678924.0,
ESACC R,3678924.0,3678930 8 890.0 539.4 891.7 525.6 0.38 55
SFIX R,3678932.0,
EFIX R,3678932.0,3680646 1716 897.6 540.6 761
SSACC R,3680648.0,
ESACC R,3680648.0,3680658 12 899.7 547.3 900.0 526.8 0.56 68
SFIX R,3680660.0,
EFIX R,3680660.0,3685462 4804 868.3 533.1 533
SSACC R,3685464.0,
ESACC R,3685464.0,3685472 10 837.5 524.1 857.6 524.6 0.54 65
SFIX R,3685474.0,
EFIX R,3685474.0,3685908 436 858.5 527.0 474
SSACC R,3685910.0,
ESACC R,3685910.0,3685946 38 859.1 535.4 848.1 516.6 0.59 71
SFIX R,3685948.0,
EFIX R,3685948.0,3685994 48 844.4 514.4 481
SSACC R,3685996.0,
ESACC R,3685996.0,3686002 8 857.3 521.7 867.4 519.5 0.28 55
SFIX R,3686004.0,
EFIX R,3686004.0,3686600 598 857.0 521.9 470
SSACC R,3686602.0,
ESACC R,3686602.0,3686612 12 847.3 517.8 856.5 527.6 0.36 57
SFIX R,3686614.0,
EFIX R,3686614.0,3686924 312 852.3 529.8 462
SSACC R,3686926.0,
ESACC R,3686926.0,3686930 6 854.2 542.0 850.7 530.7 0.32 54
SFIX R,3686932.0,
EFIX R,3686932.0,3687216 286 856.7 531.2 474
SSACC R,3687218.0,
ESACC R,3687218.0,3687228 12 850.8 539.4 844.1 521.9 0.51 74
SFIX R,3687230.0,
EFIX R,3687230.0,3687684 456 854.2 529.3 474
SSACC R,3687686.0,
ESACC R,3687686.0,3687734 50 856.8 527.4 860.0 514.5 0.36 70
SFIX R,3687736.0,
EFIX R,3687736.0,3688118 384 862.6 523.2 465
SSACC R,3688120.0,
ESACC R,3688120.0,3688126 8 856.3 517.2 844.9 510.5 0.36 61
SFIX R,3688128.0,
EFIX R,3688128.0,3688284 158 840.8 518.1 460
SSACC R,3688286.0,
ESACC R,3688286.0,3688290 6 840.1 522.1 848.5 534.1 0.40 62
SFIX R,3688292.0,
EFIX R,3688292.0,3688928 638 862.9 537.8 479
SSACC R,3688930.0,
ESACC R,3688930.0,3688944 16 873.3 551.0 857.3 527.2 0.78 66
SFIX R,3688946.0,
EFIX R,3688946.0,3689062 118 855.4 530.9 541
SSACC R,3689064.0,
ESACC R,3689064.0,3689074 12 865.5 535.8 882.7 534.5 0.47 58
SFIX R,3689076.0,
EFIX R,3689076.0,3690168 1094 865.9 546.5 520
SSACC R,3690170.0,
SBLINK R,3690210.0,
EBLINK R,3690210.0,3690356 148
ESACC R,3690170.0,3690426 258 840.5 559.3 874.8 519.0 1.43 671
SFIX R,3690428.0,
EFIX R,3690428.0,3691078 652 861.2 518.0 427
SSACC R,3691080.0,
ESACC R,3691080.0,3691090 12 853.1 541.7 855.7 522.5 0.53 72
SFIX R,3691092.0,
EFIX R,3691092.0,3692114 1024 858.8 538.0 472
SSACC R,3692116.0,
ESACC R,3692116.0,3692126 12 861.0 560.2 855.6 547.1 0.38 58
SFIX R,3692128.0,
EFIX R,3692128.0,3692452 326 858.9 560.1 516
SSACC R,3692454.0,
ESACC R,3692454.0,3692460 8 850.9 557.3 841.4 550.1 0.32 49
SFIX R,3692462.0,
EFIX R,3692462.0,3692980 520 842.8 563.5 540
SSACC R,3692982.0,
ESACC R,3692982.0,3692992 12 845.0 568.6 849.2 547.9 0.57 65
SFIX R,3692994.0,
EFIX R,3692994.0,3693784 792 856.9 560.3 576
SSACC R,3693786.0,
ESACC R,3693786.0,3693790 6 859.4 569.6 864.2 555.9 0.39 52
SFIX R,3693792.0,
EFIX R,3693792.0,3694092 302 871.2 560.3 642
SSACC R,3694094.0,
ESACC R,3694094.0,3694100 8 876.2 568.6 880.0 557.5 0.32 52
SFIX R,3694102.0,
EFIX R,3694102.0,3696726 2626 868.5 566.0 615
SSACC R,3696728.0,
ESACC R,3696728.0,3696738 12 862.7 575.4 882.8 560.0 0.69 71
SFIX R,3696740.0,
EFIX R,3696740.0,3697542 804 871.8 574.8 613
SSACC R,3697544.0,
ESACC R,3697544.0,3697550 8 864.9 588.2 862.1 574.4 0.38 56
SFIX R,3697552.0,
EFIX R,3697552.0,3699274 1724 864.0 580.8 633
SSACC R,3699276.0,
ESACC R,3699276.0,3699284 10 859.5 585.3 864.5 569.2 0.46 56
SFIX R,3699286.0,
EFIX R,3699286.0,3699562 278 864.0 570.7 587
SSACC R,3699564.0,
ESACC R,3699564.0,3699572 10 868.0 573.2 869.4 552.7 0.56 61
SFIX R,3699574.0,
EFIX R,3699574.0,3701422 1850 864.7 539.9 451
SSACC R,3701424.0,
ESACC R,3701424.0,3701436 14 859.3 506.6 858.8 523.3 0.45 65
SFIX R,3701438.0,
EFIX R,3701438.0,3701612 176 865.6 513.5 376
SSACC R,3701614.0,
ESACC R,3701614.0,3701642 30 866.0 520.7 851.4 511.7 0.46 70
SFIX R,3701644.0,
EFIX R,3701644.0,3703034 1392 861.0 514.3 393
SSACC R,3703036.0,
ESACC R,3703036.0,3703058 24 868.6 520.5 848.5 520.2 0.54 53
SFIX R,3703060.0,
EFIX R,3703060.0,3703130 72 850.1 522.1 420
SSACC R,3703132.0,
ESACC R,3703132.0,3703156 26 845.8 518.6 879.8 528.7 0.96 83
SFIX R,3703158.0,
EFIX R,3703158.0,3703330 174 872.1 526.1 428
SSACC R,3703332.0,
ESACC R,3703332.0,3703338 8 868.9 534.1 854.6 527.2 0.43 66
SFIX R,3703340.0,
EFIX R,3703340.0,3703638 300 848.1 528.1 440
SSACC R,3703640.0,
ESACC R,3703640.0,3703656 18 853.7 533.0 872.5 520.6 0.61 69
SFIX R,3703658.0,
EFIX R,3703658.0,3704416 760 866.0 523.2 417
SSACC R,3704418.0,
ESACC R,3704418.0,3704432 16 870.4 534.9 867.4 524.4 0.30 63
SFIX R,3704434.0,
EFIX R,3704434.0,3705434 1002 857.1 527.5 390
SSACC R,3705436.0,
ESACC R,3705436.0,3705440 6 842.9 526.2 843.4 527.4 0.04 30
SFIX R,3705442.0,
EFIX R,3705442.0,3706156 716 852.0 532.0 420
SSACC R,3706158.0,
SBLINK R,3706196.0,
EBLINK R,3706196.0,3706334 140
ESACC R,3706158.0,3706360 204 836.1 564.1 845.5 560.8 0.27 391
SFIX R,3706362.0,
EFIX R,3706362.0,3706570 210 832.1 582.3 469
SSACC R,3706572.0,
ESACC R,3706572.0,3706592 22 829.2 597.7 857.1 576.4 0.95 69
SFIX R,3706594.0,
EFIX R,3706594.0,3706838 246 854.7 583.1 505
SSACC R,3706840.0,
ESACC R,3706840.0,3706852 14 856.9 584.5 849.8 546.0 1.06 107
SFIX R,3706854.0,
EFIX R,3706854.0,3707584 732 851.5 561.6 454
SSACC R,3707586.0,
ESACC R,3707586.0,3707592 8 848.4 576.8 859.6 568.8 0.37 59
SFIX R,3707594.0,
EFIX R,3707594.0,3708210 618 856.4 565.6 491
SSACC R,3708212.0,
ESACC R,3708212.0,3708224 14 855.9 568.8 876.4 551.3 0.73 75
SFIX R,3708226.0,
EFIX R,3708226.0,3708606 382 868.5 558.4 510
SSACC R,3708608.0,
ESACC R,3708608.0,3708620 14 852.6 570.3 862.2 583.5 0.44 53
SFIX R,3708622.0,
EFIX R,3708622.0,3708854 234 858.1 588.1 544
SSACC R,3708856.0,
ESACC R,3708856.0,3708868 14 848.4 579.3 850.5 555.6 0.64 62
SFIX R,3708870.0,
EFIX R,3708870.0,3709106 238 845.8 571.3 535
SSACC R,3709108.0,
ESACC R,3709108.0,3709122 16 848.6 573.6 867.6 554.5 0.73 73
SFIX R,3709124.0,
EFIX R,3709124.0,3709356 234 865.1 568.0 526
SSACC R,3709358.0,
ESACC R,3709358.0,3709366 10 866.1 576.0 854.2 566.0 0.42 56
SFIX R,3709368.0,
EFIX R,3709368.0,3711586 2220 856.1 575.9 510
SSACC R,3711588.0,
ESACC R,3711588.0,3711596 10 848.4 554.8 850.9 573.4 0.51 63
SFIX R,3711598.0,
EFIX R,3711598.0,3711952 356 855.0 566.0 455
SSACC R,3711954.0,
ESACC R,3711954.0,3711962 10 849.1 571.3 837.4 551.2 0.63 81
SFIX R,3711964.0,
EFIX R,3711964.0,3712054 92 829.0 546.7 446
SSACC R,3712056.0,
ESACC R,3712056.0,3712066 12 840.1 547.5 864.0 554.6 0.67 74
SFIX R,3712068.0,
EFIX R,3712068.0,3712156 90 867.7 555.6 435
SSACC R,3712158.0,
ESACC R,3712158.0,3712176 20 853.1 559.9 852.1 557.0 0.08 56
SFIX R,3712178.0,
EFIX R,3712178.0,3715552 3376 849.7 558.7 420
SSACC R,3715554.0,
ESACC R,3715554.0,3715560 8 849.6 571.2 851.7 556.2 0.41 60
SFIX R,3715562.0,
EFIX R,3715562.0,3716506 946 851.6 550.5 383
SSACC R,3716508.0,
ESACC R,3716508.0,3716516 10 850.2 562.6 842.8 553.5 0.32 49
SFIX R,3716518.0,
EFIX R,3716518.0,3717178 662 844.7 543.5 360
SSACC R,3717180.0,
ESACC R,3717180.0,3717194 16 840.2 543.0 841.3 554.4 0.31 72
SFIX R,3717196.0,
EFIX R,3717196.0,3717678 484 852.3 555.2 401
SSACC R,3717680.0,
ESACC R,3717680.0,3717684 6 862.1 563.3 864.2 566.9 0.11 52
SFIX R,3717686.0,
EFIX R,3717686.0,3717830 146 859.4 564.6 437
SSACC R,3717832.0,
ESACC R,3717832.0,3717838 8 857.9 560.9 858.6 570.2 0.25 62
SFIX R,3717840.0,
EFIX R,3717840.0,3717946 108 861.4 575.1 463
SSACC R,3717948.0,
ESACC R,3717948.0,3717952 6 864.9 584.0 859.5 569.8 0.41 59
SFIX R,3717954.0,
EFIX R,3717954.0,3719494 1542 851.8 571.9 505
SSACC R,3719496.0,
ESACC R,3719496.0,3719512 18 857.7 581.0 882.0 567.2 0.76 69
SFIX R,3719514.0,
EFIX R,3719514.0,3719890 378 874.6 573.1 523
SSACC R,3719892.0,
ESACC R,3719892.0,3719906 16 846.9 575.0 851.9 570.8 0.18 52
SFIX R,3719908.0,
EFIX R,3719908.0,3720930 1024 847.4 555.3 434
SSACC R,3720932.0,
ESACC R,3720932.0,3720942 12 837.5 573.6 834.6 555.7 0.49 54
SFIX R,3720944.0,
EFIX R,3720944.0,3721064 122 836.8 565.0 460
SSACC R,3721066.0,
ESACC R,3721066.0,3721088 24 844.4 568.3 853.2 561.0 0.31 55
SFIX R,3721090.0,
EFIX R,3721090.0,3721630 542 855.1 573.6 537
SSACC R,3721632.0,
SBLINK R,3721672.0,
EBLINK R,3721672.0,3721830 160
ESACC R,3721632.0,3721890 260 829.7 594.1 851.8 576.7 0.76 945
SFIX R,3721892.0,
EFIX R,3721892.0,3721990 100 845.4 574.3 544
SSACC R,3721992.0,
ESACC R,3721992.0,3722012 22 841.8 573.1 856.9 535.7 1.09 89
SFIX R,3722014.0,
EFIX R,3722014.0,3722932 920 861.9 546.5 526
SSACC R,3722934.0,
ESACC R,3722934.0,3722954 22 855.4 542.8 838.3 519.2 0.79 59
SFIX R,3722956.0,
EFIX R,3722956.0,3723678 724 846.2 536.7 570
SSACC R,3723680.0,
ESACC R,3723680.0,3723690 12 852.6 561.5 843.9 544.7 0.51 60
SFIX R,3723692.0,
EFIX R,3723692.0,3724086 396 853.1 559.6 649
SSACC R,3724088.0,
SBLINK R,3724144.0,
EBLINK R,3724144.0,3724254 112
ESACC R,3724088.0,3724298 212 846.3 571.5 853.6 508.1 1.73 2142
SFIX R,3724300.0,
EFIX R,3724300.0,3724522 224 848.7 559.3 624
SSACC R,3724524.0,
ESACC R,3724524.0,3724532 10 851.7 567.8 872.6 565.9 0.57 73
SFIX R,3724534.0,
EFIX R,3724534.0,3725542 1010 861.3 568.1 586
SSACC R,3725544.0,
ESACC R,3725544.0,3725554 12 861.7 563.8 879.3 558.3 0.50 68
SFIX R,3725556.0,
EFIX R,3725556.0,3725822 268 877.1 566.8 568
SSACC R,3725824.0,
ESACC R,3725824.0,3725830 8 871.3 563.1 858.9 555.1 0.40 66
SFIX R,3725832.0,
EFIX R,3725832.0,3726386 556 849.3 567.6 581
SSACC R,3726388.0,
ESACC R,3726388.0,3726392 6 846.5 571.7 858.4 562.1 0.41 65
SFIX R,3726394.0,
EFIX R,3726394.0,3728856 2464 854.0 557.1 514
SSACC R,3728858.0,
ESACC R,3728858.0,3728864 8 850.4 560.7 844.5 549.0 0.35 63
SFIX R,3728866.0,
EFIX R,3728866.0,3729316 452 845.3 556.1 536
SSACC R,3729318.0,
ESACC R,3729318.0,3729336 20 843.7 567.6 870.3 550.3 0.86 65
SFIX R,3729338.0,
EFIX R,3729338.0,3730618 1282 857.4 552.9 516
SSACC R,3730620.0,
ESACC R,3730620.0,3730638 20 844.6 538.2 853.3 531.3 0.30 55
SFIX R,3730640.0,
EFIX R,3730640.0,3731030 392 854.7 537.6 433
SSACC R,3731032.0,
ESACC R,3731032.0,3731042 12 852.5 527.9 856.6 547.1 0.53 62
SFIX R,3731044.0,
EFIX R,3731044.0,3731772 730 853.6 536.8 440
SSACC R,3731774.0,
ESACC R,3731774.0,3731784 12 840.0 539.6 860.4 538.3 0.55 58
SFIX R,3731786.0,
EFIX R,3731786.0,3732880 1096 856.0 554.0 501
SSACC R,3732882.0,
ESACC R,3732882.0,3732890 10 862.3 553.8 861.7 545.3 0.23 53
SFIX R,3732892.0,
EFIX R,3732892.0,3733442 552 869.2 563.6 584
SSACC R,3733444.0,
ESACC R,3733444.0,3733452 10 867.4 575.1 866.9 561.4 0.37 57
SFIX R,3733454.0,
EFIX R,3733454.0,3734200 748 853.6 565.2 610
SSACC R,3734202.0,
SBLINK R,3734234.0,
EBLINK R,3734234.0,3734360 128
ESACC R,3734202.0,3734388 188 825.8 586.3 862.5 512.1 2.24 1547
SFIX R,3734390.0,
EFIX R,3734390.0,3735680 1292 849.3 547.4 534
SSACC R,3735682.0,
ESACC R,3735682.0,3735696 16 860.9 558.0 856.3 533.2 0.68 74
SFIX R,3735698.0,
EFIX R,3735698.0,3736836 1140 862.1 559.4 610
SSACC R,3736838.0,
ESACC R,3736838.0,3736852 16 868.0 583.8 860.0 551.5 0.90 80
SFIX R,3736854.0,
EFIX R,3736854.0,3737422 570 860.7 563.3 583
SSACC R,3737424.0,
ESACC R,3737424.0,3737432 10 857.8 564.2 856.2 546.5 0.48 59
SFIX R,3737434.0,
EFIX R,3737434.0,3737816 384 857.0 553.5 550
SSACC R,3737818.0,
SBLINK R,3737866.0,
EBLINK R,3737866.0,3738018 154
ESACC R,3737818.0,3738046 230 852.3 573.5 892.3 513.3 1.96 796
SFIX R,3738048.0,
EFIX R,3738048.0,3739966 1920 861.7 561.2 535
SSACC R,3739968.0,
ESACC R,3739968.0,3739976 10 862.5 587.7 873.3 582.2 0.33 48
SFIX R,3739978.0,
EFIX R,3739978.0,3740726 750 874.5 591.1 687
SSACC R,3740728.0,
ESACC R,3740728.0,3740740 14 883.3 606.9 862.9 587.6 0.76 74
SFIX R,3740742.0,
EFIX R,3740742.0,3741018 278 861.6 598.1 662
SSACC R,3741020.0,
ESACC R,3741020.0,3741038 20 858.8 602.5 860.9 596.6 0.17 56
SFIX R,3741040.0,
EFIX R,3741040.0,3742384 1346 862.7 575.6 560
SSACC R,3742386.0,
ESACC R,3742386.0,3742390 6 858.9 560.2 855.7 553.2 0.21 44
SFIX R,3742392.0,
EFIX R,3742392.0,3742440 50 857.9 554.0 476
SSACC R,3742442.0,
ESACC R,3742442.0,3742450 10 857.1 561.4 854.9 578.2 0.46 51
SFIX R,3742452.0,
EFIX R,3742452.0,3742488 38 827.3 581.4 474
SSACC R,3742490.0,
SBLINK R,3742508.0,
EBLINK R,3742508.0,3742676 170
ESACC R,3742490.0,3742710 222 801.2 567.1 885.7 490.5 3.08 487
SFIX R,3742712.0,
EFIX R,3742712.0,3742902 192 877.9 526.9 440
SSACC R,3742904.0,
ESACC R,3742904.0,3742940 38 868.4 542.4 837.2 547.3 0.85 84
SFIX R,3742942.0,
EFIX R,3742942.0,3743250 310 831.3 529.1 449
SSACC R,3743252.0,
ESACC R,3743252.0,3743268 18 823.6 531.1 839.1 511.8 0.67 70
SFIX R,3743270.0,
EFIX R,3743270.0,3743650 382 835.0 516.9 408
SSACC R,3743652.0,
ESACC R,3743652.0,3743656 6 836.4 525.0 831.4 521.5 0.17 46
SFIX R,3743658.0,
EFIX R,3743658.0,3743842 186 838.5 528.0 445
SSACC R,3743844.0,
ESACC R,3743844.0,3743848 6 843.9 534.4 845.3 518.5 0.43 61
SFIX R,3743850.0,
EFIX R,3743850.0,3744696 848 849.2 545.1 548
SSACC R,3744698.0,
ESACC R,3744698.0,3744716 20 847.4 580.6 841.7 554.2 0.73 55
SFIX R,3744718.0,
EFIX R,3744718.0,3745816 1100 846.4 569.0 608
SSACC R,3745818.0,
ESACC R,3745818.0,3745832 16 845.4 586.1 873.8 562.0 1.01 99
SFIX R,3745834.0,
EFIX R,3745834.0,3746882 1050 865.7 567.0 554
SSACC R,3746884.0,
ESACC R,3746884.0,3746902 20 863.5 560.1 854.9 526.6 0.94 70
SFIX R,3746904.0,
EFIX R,3746904.0,3747660 758 855.3 522.6 406
SSACC R,3747662.0,
ESACC R,3747662.0,3747670 10 838.6 519.1 855.7 514.1 0.48 61
SFIX R,3747672.0,
EFIX R,3747672.0,3748716 1046 847.2 516.6 379
SSACC R,3748718.0,
ESACC R,3748718.0,3748744 28 853.4 525.6 847.6 526.8 0.16 52
SFIX R,3748746.0,
EFIX R,3748746.0,3749044 300 856.1 523.5 395
SSACC R,3749046.0,
ESACC R,3749046.0,3749084 40 856.4 526.6 843.1 514.9 0.48 63
SFIX R,3749086.0,
EFIX R,3749086.0,3749132 48 843.3 518.7 385
SSACC R,3749134.0,
ESACC R,3749134.0,3749148 16 850.7 516.2 862.4 517.0 0.32 56
SFIX R,3749150.0,
EFIX R,3749150.0,3749324 176 858.2 519.9 386
SSACC R,3749326.0,
ESACC R,3749326.0,3749338 14 859.2 520.3 835.5 514.2 0.66 82
SFIX R,3749340.0,
EFIX R,3749340.0,3750590 1252 837.7 537.3 439
SSACC R,3750592.0,
ESACC R,3750592.0,3750614 24 844.7 555.7 830.1 519.3 1.06 78
SFIX R,3750616.0,
EFIX R,3750616.0,3750736 122 830.5 531.4 462
SSACC R,3750738.0,
ESACC R,3750738.0,3750748 12 828.4 533.1 847.3 534.0 0.51 69
SFIX R,3750750.0,
EFIX R,3750750.0,3751286 538 848.7 533.6 450
SSACC R,3751288.0,
ESACC R,3751288.0,3751296 10 839.4 533.9 828.3 525.1 0.38 56
SFIX R,3751298.0,
EFIX R,3751298.0,3751390 94 827.6 528.7 441
SSACC R,3751392.0,
ESACC R,3751392.0,3751414 24 834.8 533.6 854.2 523.5 0.59 69
SFIX R,3751416.0,
EFIX R,3751416.0,3751482 68 853.2 527.7 427
SSACC R,3751484.0,
ESACC R,3751484.0,3751540 58 855.0 522.9 830.0 535.3 0.75 61
SFIX R,3751542.0,
EFIX R,3751542.0,3751946 406 834.2 533.9 400
SSACC R,3751948.0,
ESACC R,3751948.0,3751954 8 834.3 544.7 833.8 531.8 0.35 45
SFIX R,3751956.0,
EFIX R,3751956.0,3752006 52 836.4 531.0 384
SSACC R,3752008.0,
ESACC R,3752008.0,3752014 8 844.7 533.5 843.2 514.1 0.53 75
SFIX R,3752016.0,
EFIX R,3752016.0,3752994 980 846.0 513.3 368
SSACC R,3752996.0,
ESACC R,3752996.0,3753006 12 845.3 539.8 859.9 517.1 0.73 75
SFIX R,3753008.0,
EFIX R,3753008.0,3753098 92 857.8 520.9 406
SSACC R,3753100.0,
ESACC R,3753100.0,3753112 14 861.3 532.2 855.4 515.7 0.47 56
SFIX R,3753114.0,
EFIX R,3753114.0,3753270 158 857.0 533.4 425
SSACC R,3753272.0,
ESACC R,3753272.0,3753290 20 861.0 545.9 834.6 520.1 1.00 91
SFIX R,3753292.0,
EFIX R,3753292.0,3753804 514 837.7 541.3 460
SSACC R,3753806.0,
ESACC R,3753806.0,3753850 46 844.4 553.6 849.3 526.8 0.74 86
SFIX R,3753852.0,
EFIX R,3753852.0,3754938 1088 845.6 551.4 511
SSACC R,3754940.0,
ESACC R,3754940.0,3754950 12 848.6 561.5 840.4 537.3 0.69 71
SFIX R,3754952.0,
EFIX R,3754952.0,3755410 460 842.9 536.8 487
SSACC R,3755412.0,
ESACC R,3755412.0,3755428 18 843.9 542.8 822.8 542.2 0.57 83
SFIX R,3755430.0,
EFIX R,3755430.0,3755556 128 824.5 544.5 477
SSACC R,3755558.0,
ESACC R,3755558.0,3755566 10 831.9 546.0 846.4 544.3 0.39 53
SFIX R,3755568.0,
EFIX R,3755568.0,3755856 290 846.1 543.9 440
SSACC R,3755858.0,
ESACC R,3755858.0,3755868 12 849.1 540.6 836.7 523.2 0.58 61
SFIX R,3755870.0,
EFIX R,3755870.0,3755984 116 838.7 521.5 413
SSACC R,3755986.0,
ESACC R,3755986.0,3755992 8 835.7 516.1 835.2 521.0 0.13 50
SFIX R,3755994.0,
EFIX R,3755994.0,3756226 234 837.4 519.9 391
SSACC R,3756228.0,
ESACC R,3756228.0,3756244 18 839.3 519.8 838.4 513.5 0.17 74
SFIX R,3756246.0,
EFIX R,3756246.0,3756382 138 838.7 516.1 376
SSACC R,3756384.0,
ESACC R,3756384.0,3756394 12 836.4 520.3 835.6 507.0 0.36 60
SFIX R,3756396.0,
EFIX R,3756396.0,3756540 146 834.2 518.2 368
SSACC R,3756542.0,
ESACC R,3756542.0,3756570 30 834.1 524.0 836.9 506.6 0.48 91
SFIX R,3756572.0,
EFIX R,3756572.0,3756702 132 833.1 502.7 370
SSACC R,3756704.0,
ESACC R,3756704.0,3756714 12 830.2 495.9 835.4 515.8 0.56 68
SFIX R,3756716.0,
EFIX R,3756716.0,3757056 342 832.4 524.0 391
SSACC R,3757058.0,
ESACC R,3757058.0,3757072 16 833.8 533.5 819.7 503.3 0.90 78
SFIX R,3757074.0,
EFIX R,3757074.0,3757658 586 828.6 524.9 414
SSACC R,3757660.0,
ESACC R,3757660.0,3757682 24 845.4 538.1 826.7 508.5 0.95 57
SFIX R,3757684.0,
EFIX R,3757684.0,3758500 818 826.8 524.9 445
SSACC R,3758502.0,
ESACC R,3758502.0,3758516 16 820.8 544.1 837.9 521.6 0.77 81
SFIX R,3758518.0,
EFIX R,3758518.0,3758914 398 834.7 536.9 459
SSACC R,3758916.0,
ESACC R,3758916.0,3758930 16 839.7 557.5 828.1 519.8 1.07 90
SFIX R,3758932.0,
EFIX R,3758932.0,3760594 1664 839.5 538.9 488
SSACC R,3760596.0,
ESACC R,3760596.0,3760630 36 842.7 533.2 842.0 508.8 0.66 70
SFIX R,3760632.0,
EFIX R,3760632.0,3760966 336 846.2 512.4 374
SSACC R,3760968.0,
ESACC R,3760968.0,3760980 14 845.0 504.3 839.8 483.4 0.58 65
SFIX R,3760982.0,
EFIX R,3760982.0,3761516 536 840.9 488.6 329
SSACC R,3761518.0,
ESACC R,3761518.0,3761532 16 833.7 485.8 842.6 495.9 0.36 54
SFIX R,3761534.0,
EFIX R,3761534.0,3762716 1184 841.0 508.6 367
SSACC R,3762718.0,
ESACC R,3762718.0,3762746 30 835.4 519.8 835.1 513.4 0.17 65
SFIX R,3762748.0,
EFIX R,3762748.0,3763366 620 834.9 524.0 424
SSACC R,3763368.0,
ESACC R,3763368.0,3763396 30 842.0 533.4 834.6 526.6 0.27 65
SFIX R,3763398.0,
EFIX R,3763398.0,3763486 90 836.7 536.6 442
SSACC R,3763488.0,
ESACC R,3763488.0,3763506 20 839.7 533.8 837.6 540.2 0.18 53
SFIX R,3763508.0,
EFIX R,3763508.0,3763730 224 843.2 545.8 457
SSACC R,3763732.0,
ESACC R,3763732.0,3763740 10 851.4 563.6 845.8 548.8 0.43 65
SFIX R,3763742.0,
EFIX R,3763742.0,3763812 72 846.0 552.8 474
SSACC R,3763814.0,
ESACC R,3763814.0,3763826 14 849.3 564.3 842.5 550.9 0.41 52
SFIX R,3763828.0,
EFIX R,3763828.0,3765076 1250 841.4 552.5 457
SSACC R,3765078.0,
ESACC R,3765078.0,3765090 14 844.1 544.7 840.5 534.5 0.29 46
SFIX R,3765092.0,
EFIX R,3765092.0,3765482 392 841.6 535.0 374
SSACC R,3765484.0,
ESACC R,3765484.0,3765548 66 841.5 548.3 843.5 506.5 1.13 75
SFIX R,3765550.0,
EFIX R,3765550.0,3766060 512 844.6 518.0 332
SSACC R,3766062.0,
ESACC R,3766062.0,3766076 16 843.5 515.2 834.5 495.8 0.58 104
SFIX R,3766078.0,
EFIX R,3766078.0,3766152 76 827.7 503.2 319
SSACC R,3766154.0,
ESACC R,3766154.0,3766164 12 835.4 503.2 863.2 504.2 0.75 83
SFIX R,3766166.0,
EFIX R,3766166.0,3766504 340 853.2 504.3 318
SSACC R,3766506.0,
ESACC R,3766506.0,3766514 10 849.7 500.3 849.9 518.6 0.50 57
SFIX R,3766516.0,
EFIX R,3766516.0,3766672 158 848.0 508.3 320
SSACC R,3766674.0,
ESACC R,3766674.0,3766692 20 845.9 503.6 848.4 514.2 0.30 64
SFIX R,3766694.0,
EFIX R,3766694.0,3766718 26 847.0 515.7 326
SSACC R,3766720.0,
ESACC R,3766720.0,3766730 12 850.1 511.0 834.2 492.3 0.66 83
SFIX R,3766732.0,
EFIX R,3766732.0,3767018 288 830.6 492.1 331
SSACC R,3767020.0,
ESACC R,3767020.0,3767052 34 827.9 483.6 832.0 492.6 0.27 80
SFIX R,3767054.0,
EFIX R,3767054.0,3767596 544 828.0 501.0 350
SSACC R,3767598.0,
ESACC R,3767598.0,3767606 10 823.4 502.6 830.5 514.1 0.37 44
SFIX R,3767608.0,
EFIX R,3767608.0,3768058 452 836.7 510.9 427
SSACC R,3768060.0,
ESACC R,3768060.0,3768082 24 859.3 497.1 802.6 487.2 1.55 100
SFIX R,3768084.0,
EFIX R,3768084.0,3768218 136 806.6 493.0 397
SSACC R,3768220.0,
ESACC R,3768220.0,3768234 16 812.8 499.0 844.3 507.1 0.88 72
SFIX R,3768236.0,
EFIX R,3768236.0,3768668 434 833.2 510.2 393
SSACC R,3768670.0,
ESACC R,3768670.0,3768680 12 831.7 518.4 830.9 499.6 0.51 72
SFIX R,3768682.0,
EFIX R,3768682.0,3768744 64 833.4 492.0 402
SSACC R,3768746.0,
ESACC R,3768746.0,3768754 10 829.5 484.6 834.7 500.4 0.45 56
SFIX R,3768756.0,
EFIX R,3768756.0,3769182 428 831.3 504.3 406
SSACC R,3769184.0,
ESACC R,3769184.0,3769188 6 830.7 506.7 824.5 497.4 0.30 58
SFIX R,3769190.0,
EFIX R,3769190.0,3769312 124 807.9 493.4 436
SSACC R,3769314.0,
ESACC R,3769314.0,3769328 16 802.6 489.5 836.1 511.2 1.08 77
SFIX R,3769330.0,
EFIX R,3769330.0,3769820 492 836.0 525.1 412
SSACC R,3769822.0,
ESACC R,3769822.0,3769832 12 837.6 521.9 844.2 499.3 0.64 63
SFIX R,3769834.0,
EFIX R,3769834.0,3770002 170 839.2 503.8 366
SSACC R,3770004.0,
ESACC R,3770004.0,3770018 16 839.1 506.7 839.0 511.0 0.12 62
SFIX R,3770020.0,
EFIX R,3770020.0,3771322 1304 833.3 494.3 331
SSACC R,3771324.0,
ESACC R,3771324.0,3771362 40 832.0 496.3 829.7 486.1 0.28 60
SFIX R,3771364.0,
EFIX R,3771364.0,3771502 140 829.6 486.2 327
SSACC R,3771504.0,
SBLINK R,3771560.0,
EBLINK R,3771560.0,3771714 156
ESACC R,3771504.0,3771738 236 821.9 513.1 875.7 430.5 2.67 333
SFIX R,3771740.0,
EFIX R,3771740.0,3771766 28 861.7 455.2 335
SSACC R,3771768.0,
ESACC R,3771768.0,3771772 6 850.1 482.9 854.7 495.8 0.37 91
SFIX R,3771774.0,
EFIX R,3771774.0,3772404 632 849.8 511.4 360
SSACC R,3772406.0,
ESACC R,3772406.0,3772412 8 848.1 517.7 832.5 502.3 0.59 71
SFIX R,3772414.0,
EFIX R,3772414.0,3772668 256 818.3 508.9 360
SSACC R,3772670.0,
SBLINK R,3772686.0,
EBLINK R,3772686.0,3772898 214
ESACC R,3772670.0,3773022 354 792.0 516.9 847.3 498.9 1.57 236
SFIX R,3773024.0,
EFIX R,3773024.0,3773266 244 855.7 491.9 371
SSACC R,3773268.0,
ESACC R,3773268.0,3773274 8 856.7 493.5 869.1 506.7 0.49 72
SFIX R,3773276.0,
EFIX R,3773276.0,3773438 164 871.3 514.4 383
SSACC R,3773440.0,
ESACC R,3773440.0,3773452 14 869.9 501.9 876.5 516.1 0.42 61
SFIX R,3773454.0,
EFIX R,3773454.0,3773692 240 898.6 501.7 353
SSACC R,3773694.0,
ESACC R,3773694.0,3773704 12 896.9 484.0 896.7 483.2 0.02 58
SFIX R,3773706.0,
EFIX R,3773706.0,3774196 492 895.9 500.4 354
SSACC R,3774198.0,
ESACC R,3774198.0,3774224 28 893.0 516.0 882.9 508.9 0.33 76
SFIX R,3774226.0,
EFIX R,3774226.0,3774400 176 871.3 501.4 384
SSACC R,3774402.0,
ESACC R,3774402.0,3774414 14 870.4 502.9 844.2 506.1 0.71 63
SFIX R,3774416.0,
EFIX R,3774416.0,3774490 76 843.6 510.1 381
SSACC R,3774492.0,
ESACC R,3774492.0,3774496 6 841.9 518.2 848.4 518.2 0.18 57
SFIX R,3774498.0,
EFIX R,3774498.0,3775090 594 882.1 525.4 387
SSACC R,3775092.0,
SBLINK R,3775128.0,
EBLINK R,3775128.0,3775444 318
ESACC R,3775092.0,3775506 416 915.0 541.1 950.5 457.5 2.46 239
SFIX R,3775508.0,
EFIX R,3775508.0,3775538 32 953.8 471.3 377
SSACC R,3775540.0,
ESACC R,3775540.0,3775566 28 955.1 492.8 914.2 477.5 1.18 76
SFIX R,3775568.0,
EFIX R,3775568.0,3775604 38 900.5 493.0 378
SSACC R,3775606.0,
ESACC R,3775606.0,3775618 14 896.2 490.6 895.2 484.9 0.16 57
SFIX R,3775620.0,
EFIX R,3775620.0,3775670 52 892.7 486.7 395
SSACC R,3775672.0,
ESACC R,3775672.0,3775684 14 887.5 476.5 891.9 489.3 0.37 68
SFIX R,3775686.0,
EFIX R,3775686.0,3775958 274 856.0 509.5 425
SSACC R,3775960.0,
ESACC R,3775960.0,3775978 20 845.1 508.9 896.0 493.1 1.44 94
SFIX R,3775980.0,
EFIX R,3775980.0,3776580 602 966.0 489.2 362
SSACC R,3776582.0,
ESACC R,3776582.0,3776586 6 874.9 476.7 869.5 466.6 0.31 75
SFIX R,3776588.0,
EFIX R,3776588.0,3777276 690 837.0 482.8 335
SSACC R,3777278.0,
ESACC R,3777278.0,3777302 26 840.0 533.3 813.5 485.1 1.49 97
SFIX R,3777304.0,
EFIX R,3777304.0,3779312 2010 828.6 536.2 553
SSACC R,3779314.0,
ESACC R,3779314.0,3779344 32 842.3 542.6 840.8 552.0 0.26 59
SFIX R,3779346.0,
EFIX R,3779346.0,3779838 494 840.6 546.4 605
SSACC R,3779840.0,
ESACC R,3779840.0,3779866 28 836.5 547.1 851.1 537.0 0.48 51
SFIX R,3779868.0,
EFIX R,3779868.0,3780434 568 852.6 539.0 606
SSACC R,3780436.0,
ESACC R,3780436.0,3780444 10 857.1 542.1 872.8 527.6 0.58 69
SFIX R,3780446.0,
EFIX R,3780446.0,3780534 90 871.7 538.2 600
SSACC R,3780536.0,
SBLINK R,3780568.0,
EBLINK R,3780568.0,3780658 92
ESACC R,3780536.0,3780694 160 865.4 542.5 835.0 543.2 0.82 1602
SFIX R,3780696.0,
EFIX R,3780696.0,3780794 100 845.3 556.4 581
SSACC R,3780796.0,
ESACC R,3780796.0,3780812 18 842.1 548.1 862.5 541.8 0.58 69
SFIX R,3780814.0,
EFIX R,3780814.0,3781310 498 851.8 544.8 548
SSACC R,3781312.0,
ESACC R,3781312.0,3781318 8 851.3 539.5 853.5 527.1 0.34 58
SFIX R,3781320.0,
EFIX R,3781320.0,3781596 278 852.2 530.4 501
SSACC R,3781598.0,
ESACC R,3781598.0,3781606 10 834.4 525.6 842.1 539.6 0.43 53
SFIX R,3781608.0,
EFIX R,3781608.0,3781842 236 844.4 533.5 495
SSACC R,3781844.0,
ESACC R,3781844.0,3781860 18 854.4 538.5 853.1 536.6 0.06 47
SFIX R,3781862.0,
EFIX R,3781862.0,3782390 530 854.1 541.9 514
SSACC R,3782392.0,
ESACC R,3782392.0,3782432 42 854.7 548.7 830.1 526.7 0.89 103
SFIX R,3782434.0,
EFIX R,3782434.0,3782550 118 833.8 528.4 548
SSACC R,3782552.0,
ESACC R,3782552.0,3782556 6 848.4 542.8 857.4 543.6 0.24 64
SFIX R,3782558.0,
EFIX R,3782558.0,3782818 262 857.5 556.4 554
SSACC R,3782820.0,
ESACC R,3782820.0,3782830 12 850.4 544.1 852.5 562.5 0.50 61
SFIX R,3782832.0,
EFIX R,3782832.0,3783884 1054 863.1 543.1 521
SSACC R,3783886.0,
ESACC R,3783886.0,3783896 12 857.2 551.7 839.0 529.7 0.77 83
SFIX R,3783898.0,
EFIX R,3783898.0,3784098 202 837.5 538.4 574
SSACC R,3784100.0,
ESACC R,3784100.0,3784114 16 837.8 539.3 869.2 532.3 0.87 82
SFIX R,3784116.0,
EFIX R,3784116.0,3784858 744 855.8 538.0 583
SSACC R,3784860.0,
ESACC R,3784860.0,3784866 8 847.2 556.0 833.7 546.1 0.45 66
SFIX R,3784868.0,
EFIX R,3784868.0,3784952 86 824.8 539.5 564
SSACC R,3784954.0,
ESACC R,3784954.0,3784978 26 824.4 535.4 884.4 544.0 1.64 105
SFIX R,3784980.0,
EFIX R,3784980.0,3785074 96 876.7 541.4 523
SSACC R,3785076.0,
ESACC R,3785076.0,3785094 20 874.4 537.7 829.6 529.2 1.23 102
SFIX R,3785096.0,
EFIX R,3785096.0,3785200 106 829.2 536.4 494
SSACC R,3785202.0,
ESACC R,3785202.0,3785220 20 829.5 535.3 873.0 536.6 1.18 85
SFIX R,3785222.0,
EFIX R,3785222.0,3785362 142 873.6 534.0 468
SSACC R,3785364.0,
ESACC R,3785364.0,3785382 20 875.7 537.1 834.3 530.6 1.13 86
SFIX R,3785384.0,
EFIX R,3785384.0,3785860 478 830.0 518.7 441
SSACC R,3785862.0,
ESACC R,3785862.0,3785868 8 816.1 502.3 829.2 508.9 0.40 54
SFIX R,3785870.0,
EFIX R,3785870.0,3786636 768 833.8 494.5 369
SSACC R,3786638.0,
ESACC R,3786638.0,3786656 20 826.2 477.0 834.6 488.0 0.37 54
SFIX R,3786658.0,
EFIX R,3786658.0,3787028 372 832.5 478.8 323
SSACC R,3787030.0,
ESACC R,3787030.0,3787042 14 827.6 473.8 837.3 484.7 0.39 58
SFIX R,3787044.0,
EFIX R,3787044.0,3788474 1432 842.3 473.8 338
SSACC R,3788476.0,
ESACC R,3788476.0,3788492 18 841.0 481.9 837.6 494.3 0.35 78
SFIX R,3788494.0,
EFIX R,3788494.0,3789028 536 841.1 489.4 349
SSACC R,3789030.0,
ESACC R,3789030.0,3789034 6 846.1 474.6 848.2 479.0 0.13 62
SFIX R,3789036.0,
EFIX R,3789036.0,3790110 1076 840.1 485.7 326
SSACC R,3790112.0,
ESACC R,3790112.0,3790124 14 824.9 496.4 830.9 514.4 0.51 61
SFIX R,3790126.0,
EFIX R,3790126.0,3790310 186 833.5 510.6 359
SSACC R,3790312.0,
ESACC R,3790312.0,3790316 6 831.2 505.2 831.3 505.7 0.01 45
SFIX R,3790318.0,
EFIX R,3790318.0,3790514 198 834.2 516.5 386
SSACC R,3790516.0,
ESACC R,3790516.0,3790522 8 836.0 530.0 837.0 522.9 0.19 46
SFIX R,3790524.0,
EFIX R,3790524.0,3790846 324 830.4 532.0 397
SSACC R,3790848.0,
ESACC R,3790848.0,3790856 10 823.6 548.3 831.7 525.2 0.66 88
SFIX R,3790858.0,
EFIX R,3790858.0,3791142 286 830.9 538.7 417
SSACC R,3791144.0,
ESACC R,3791144.0,3791170 28 828.0 555.6 854.3 504.9 1.55 77
SFIX R,3791172.0,
EFIX R,3791172.0,3791572 402 848.5 518.6 410
SSACC R,3791574.0,
ESACC R,3791574.0,3791582 10 837.4 511.3 839.4 522.7 0.31 55
SFIX R,3791584.0,
EFIX R,3791584.0,3792112 530 838.4 517.7 399
SSACC R,3792114.0,
ESACC R,3792114.0,3792124 12 832.9 535.9 832.9 524.5 0.31 66
SFIX R,3792126.0,
EFIX R,3792126.0,3792762 638 836.9 542.2 432
SSACC R,3792764.0,
ESACC R,3792764.0,3792768 6 835.1 545.9 837.8 534.5 0.32 78
SFIX R,3792770.0,
EFIX R,3792770.0,3793230 462 838.0 541.2 453
SSACC R,3793232.0,
ESACC R,3793232.0,3793242 12 842.0 543.0 854.2 527.7 0.53 62
SFIX R,3793244.0,
EFIX R,3793244.0,3793430 188 850.1 534.2 460
SSACC R,3793432.0,
ESACC R,3793432.0,3793442 12 842.0 525.8 859.2 525.9 0.47 71
SFIX R,3793444.0,
EFIX R,3793444.0,3794604 1162 854.7 556.9 508
SSACC R,3794606.0,
ESACC R,3794606.0,3794620 16 849.2 583.8 866.6 555.6 0.90 102
SFIX R,3794622.0,
EFIX R,3794622.0,3794946 326 859.7 573.1 546
SSACC R,3794948.0,
ESACC R,3794948.0,3794962 16 857.4 574.5 839.5 557.3 0.67 73
SFIX R,3794964.0,
EFIX R,3794964.0,3795242 280 843.7 574.3 564
SSACC R,3795244.0,
ESACC R,3795244.0,3795256 14 847.9 582.3 866.8 562.1 0.75 70
SFIX R,3795258.0,
EFIX R,3795258.0,3796036 780 851.7 542.7 456
SSACC R,3796038.0,
ESACC R,3796038.0,3796042 6 835.3 528.2 835.2 519.8 0.23 45
SFIX R,3796044.0,
EFIX R,3796044.0,3796358 316 830.1 530.7 396
SSACC R,3796360.0,
ESACC R,3796360.0,3796374 16 832.6 535.2 857.9 526.2 0.73 58
SFIX R,3796376.0,
EFIX R,3796376.0,3797456 1082 842.4 535.4 415
SSACC R,3797458.0,
ESACC R,3797458.0,3797476 20 846.3 549.0 827.3 530.0 0.73 96
SFIX R,3797478.0,
EFIX R,3797478.0,3797534 58 831.5 530.2 435
SSACC R,3797536.0,
ESACC R,3797536.0,3797556 22 830.0 528.1 875.0 528.4 1.22 95
SFIX R,3797558.0,
EFIX R,3797558.0,3797698 142 877.0 529.3 434
SSACC R,3797700.0,
ESACC R,3797700.0,3797718 20 872.5 522.4 845.1 536.1 0.83 66
SFIX R,3797720.0,
EFIX R,3797720.0,3797856 138 834.0 534.1 423
SSACC R,3797858.0,
ESACC R,3797858.0,3797862 6 826.5 530.9 836.0 536.9 0.30 51
SFIX R,3797864.0,
EFIX R,3797864.0,3797956 94 836.3 534.3 416
SSACC R,3797958.0,
ESACC R,3797958.0,3797980 24 830.5 533.7 857.9 525.9 0.77 71
SFIX R,3797982.0,
EFIX R,3797982.0,3798302 322 844.8 538.7 407
SSACC R,3798304.0,
ESACC R,3798304.0,3798326 24 833.2 531.5 829.8 504.2 0.75 61
SFIX R,3798328.0,
EFIX R,3798328.0,3798336 10 825.7 491.8 391
SSACC R,3798338.0,
SBLINK R,3798372.0,
EBLINK R,3798372.0,3798550 180
ESACC R,3798338.0,3798590 254 820.3 487.8 898.3 463.5 2.21 458
SFIX R,3798592.0,
EFIX R,3798592.0,3799358 768 883.6 484.5 355
SSACC R,3799360.0,
ESACC R,3799360.0,3799384 26 863.6 518.5 827.9 473.9 1.55 101
SFIX R,3799386.0,
EFIX R,3799386.0,3799550 166 828.7 504.1 372
SSACC R,3799552.0,
ESACC R,3799552.0,3799586 36 825.3 518.5 864.7 454.7 2.03 152
SFIX R,3799588.0,
EFIX R,3799588.0,3800420 834 863.2 492.1 469
SSACC R,3800422.0,
SBLINK R,3800474.0,
EBLINK R,3800474.0,3800632 160
ESACC R,3800422.0,3800700 280 851.5 556.7 851.7 548.9 0.21 2190
SFIX R,3800702.0,
EFIX R,3800702.0,3801184 484 834.6 545.0 479
SSACC R,3801186.0,
ESACC R,3801186.0,3801202 18 821.6 530.1 848.7 500.3 1.09 107
SFIX R,3801204.0,
EFIX R,3801204.0,3801412 210 841.9 510.5 426
SSACC R,3801414.0,
ESACC R,3801414.0,3801430 18 838.4 516.5 804.7 502.9 0.98 92
SFIX R,3801432.0,
EFIX R,3801432.0,3801580 150 807.0 506.6 428
SSACC R,3801582.0,
ESACC R,3801582.0,3801598 18 805.0 509.0 846.5 514.5 1.13 86
SFIX R,3801600.0,
EFIX R,3801600.0,3801902 304 839.0 515.5 437
SSACC R,3801904.0,
ESACC R,3801904.0,3801912 10 834.1 520.5 822.3 508.0 0.47 70
SFIX R,3801914.0,
EFIX R,3801914.0,3802348 436 814.0 516.0 435
SSACC R,3802350.0,
ESACC R,3802350.0,3802374 26 818.7 516.0 848.8 477.6 1.32 86
SFIX R,3802376.0,
EFIX R,3802376.0,3802864 490 840.4 500.1 420
SSACC R,3802866.0,
ESACC R,3802866.0,3802896 32 832.3 525.3 812.4 513.9 0.62 77
SFIX R,3802898.0,
EFIX R,3802898.0,3802958 62 812.6 514.2 443
SSACC R,3802960.0,
ESACC R,3802960.0,3802972 14 831.2 519.1 860.1 516.4 0.79 68
SFIX R,3802974.0,
EFIX R,3802974.0,3803354 382 847.1 523.5 430
SSACC R,3803356.0,
ESACC R,3803356.0,3803396 42 841.0 512.9 840.4 512.6 0.02 75
SFIX R,3803398.0,
EFIX R,3803398.0,3804556 1160 845.5 510.0 412
SSACC R,3804558.0,
ESACC R,3804558.0,3804574 18 838.2 539.8 827.6 515.4 0.72 79
SFIX R,3804576.0,
EFIX R,3804576.0,3804810 236 829.9 530.7 448
SSACC R,3804812.0,
ESACC R,3804812.0,3804824 14 831.4 545.8 840.7 520.7 0.73 63
SFIX R,3804826.0,
EFIX R,3804826.0,3805122 298 840.2 513.5 449
SSACC R,3805124.0,
ESACC R,3805124.0,3805154 32 831.5 510.9 817.6 505.4 0.40 90
SFIX R,3805156.0,
EFIX R,3805156.0,3805300 146 815.0 504.2 444
SSACC R,3805302.0,
ESACC R,3805302.0,3805316 16 818.4 504.0 840.0 501.7 0.59 68
SFIX R,3805318.0,
EFIX R,3805318.0,3805828 512 831.1 515.5 462
SSACC R,3805830.0,
ESACC R,3805830.0,3805840 12 836.1 529.8 819.8 507.4 0.75 73
SFIX R,3805842.0,
EFIX R,3805842.0,3805934 94 808.7 504.8 466
SSACC R,3805936.0,
ESACC R,3805936.0,3805954 20 810.7 502.3 841.2 510.2 0.85 66
SFIX R,3805956.0,
EFIX R,3805956.0,3806246 292 840.7 515.6 443
SSACC R,3806248.0,
ESACC R,3806248.0,3806256 10 838.9 517.2 831.5 509.1 0.30 69
SFIX R,3806258.0,
EFIX R,3806258.0,3806748 492 836.6 508.7 406
SSACC R,3806750.0,
ESACC R,3806750.0,3806756 8 843.4 497.3 840.0 507.1 0.28 51
SFIX R,3806758.0,
EFIX R,3806758.0,3807280 524 854.9 508.0 349
SSACC R,3807282.0,
ESACC R,3807282.0,3807396 116 871.5 500.5 859.7 504.0 0.33 86
SFIX R,3807398.0,
EFIX R,3807398.0,3807980 584 847.2 492.2 284
SSACC R,3807982.0,
ESACC R,3807982.0,3807996 16 808.7 500.8 837.9 489.9 0.84 74
SFIX R,3807998.0,
EFIX R,3807998.0,3808022 26 838.6 506.1 285
SSACC R,3808024.0,
ESACC R,3808024.0,3808068 46 834.2 509.8 824.5 509.0 0.26 70
SFIX R,3808070.0,
EFIX R,3808070.0,3808180 112 823.8 512.3 291
SSACC R,3808182.0,
ESACC R,3808182.0,3808204 24 823.8 521.9 836.3 475.3 1.31 74
SFIX R,3808206.0,
EFIX R,3808206.0,3808362 158 839.8 501.3 307
SSACC R,3808364.0,
ESACC R,3808364.0,3808374 12 843.1 509.3 846.2 524.9 0.43 66
SFIX R,3808376.0,
EFIX R,3808376.0,3808720 346 834.8 519.6 346
SSACC R,3808722.0,
ESACC R,3808722.0,3808748 28 837.9 532.5 837.2 530.6 0.05 55
SFIX R,3808750.0,
EFIX R,3808750.0,3808776 28 833.6 528.8 387
SSACC R,3808778.0,
ESACC R,3808778.0,3808798 22 833.1 523.3 839.3 507.3 0.46 66
SFIX R,3808800.0,
EFIX R,3808800.0,3809768 970 834.5 528.7 456
SSACC R,3809770.0,
ESACC R,3809770.0,3809776 8 824.9 534.6 826.9 518.9 0.43 61
SFIX R,3809778.0,
EFIX R,3809778.0,3811400 1624 831.7 521.1 462
SSACC R,3811402.0,
SBLINK R,3811444.0,
EBLINK R,3811444.0,3811604 162
ESACC R,3811402.0,3811640 240 814.3 544.0 888.3 447.7 3.29 663
SFIX R,3811642.0,
EFIX R,3811642.0,3811670 30 887.5 446.3 389
SSACC R,3811672.0,
ESACC R,3811672.0,3811710 40 885.7 453.4 872.7 483.8 0.90 66
SFIX R,3811712.0,
EFIX R,3811712.0,3812128 418 854.8 491.3 394
SSACC R,3812130.0,
ESACC R,3812130.0,3812140 12 839.4 520.6 851.1 508.4 0.46 59
SFIX R,3812142.0,
EFIX R,3812142.0,3812282 142 851.2 514.9 425
SSACC R,3812284.0,
ESACC R,3812284.0,3812302 20 845.6 521.3 840.3 517.1 0.18 65
SFIX R,3812304.0,
EFIX R,3812304.0,3812378 76 844.0 529.0 438
SSACC R,3812380.0,
ESACC R,3812380.0,3812390 12 844.3 542.9 856.9 512.3 0.90 86
SFIX R,3812392.0,
EFIX R,3812392.0,3813330 940 857.4 520.2 489
SSACC R,3813332.0,
ESACC R,3813332.0,3813340 10 852.9 522.9 864.1 513.6 0.39 58
SFIX R,3813342.0,
EFIX R,3813342.0,3813498 158 870.0 506.4 480
SSACC R,3813500.0,
ESACC R,3813500.0,3813514 16 862.3 503.3 846.5 508.7 0.45 57
SFIX R,3813516.0,
EFIX R,3813516.0,3814336 822 844.7 518.3 449
SSACC R,3814338.0,
ESACC R,3814338.0,3814342 6 852.1 516.7 852.5 504.2 0.34 55
SFIX R,3814344.0,
EFIX R,3814344.0,3815300 958 850.2 511.4 398
SSACC R,3815302.0,
ESACC R,3815302.0,3815312 12 845.0 526.1 860.3 512.8 0.55 62
SFIX R,3815314.0,
EFIX R,3815314.0,3815734 422 849.3 522.6 433
SSACC R,3815736.0,
ESACC R,3815736.0,3815752 18 844.5 539.0 843.3 514.2 0.67 75
SFIX R,3815754.0,
EFIX R,3815754.0,3816014 262 847.1 526.7 438
SSACC R,3816016.0,
ESACC R,3816016.0,3816044 30 846.4 539.5 839.5 517.0 0.64 67
SFIX R,3816046.0,
EFIX R,3816046.0,3817260 1216 839.1 518.7 420
SSACC R,3817262.0,
ESACC R,3817262.0,3817274 14 841.2 515.1 833.8 499.6 0.47 63
SFIX R,3817276.0,
EFIX R,3817276.0,3817662 388 843.1 499.6 346
SSACC R,3817664.0,
ESACC R,3817664.0,3817678 16 852.6 491.4 848.3 486.9 0.17 53
SFIX R,3817680.0,
EFIX R,3817680.0,3817780 102 847.1 483.0 323
SSACC R,3817782.0,
ESACC R,3817782.0,3817798 18 847.4 481.5 846.0 474.8 0.19 62
SFIX R,3817800.0,
EFIX R,3817800.0,3817914 116 846.3 484.5 316
SSACC R,3817916.0,
ESACC R,3817916.0,3817934 20 843.5 499.5 845.7 503.1 0.11 72
SFIX R,3817936.0,
EFIX R,3817936.0,3818110 176 848.8 496.5 324
SSACC R,3818112.0,
ESACC R,3818112.0,3818124 14 848.1 490.7 856.6 506.0 0.47 61
SFIX R,3818126.0,
EFIX R,3818126.0,3818484 360 853.3 506.7 344
SSACC R,3818486.0,
ESACC R,3818486.0,3818490 6 855.8 505.0 855.8 501.3 0.10 56
SFIX R,3818492.0,
EFIX R,3818492.0,3818590 100 852.0 505.6 355
SSACC R,3818592.0,
ESACC R,3818592.0,3818598 8 847.2 504.5 853.8 515.2 0.34 62
SFIX R,3818600.0,
EFIX R,3818600.0,3819034 436 850.1 509.9 358
SSACC R,3819036.0,
ESACC R,3819036.0,3819112 78 855.9 520.5 838.3 499.5 0.74 77
SFIX R,3819114.0,
EFIX R,3819114.0,3819226 114 834.7 495.2 351
SSACC R,3819228.0,
ESACC R,3819228.0,3819236 10 834.1 482.8 846.0 505.9 0.70 89
SFIX R,3819238.0,
EFIX R,3819238.0,3819420 184 843.5 498.9 338
SSACC R,3819422.0,
ESACC R,3819422.0,3819436 16 853.0 500.1 843.6 496.3 0.27 48
SFIX R,3819438.0,
EFIX R,3819438.0,3819500 64 847.9 482.8 324
SSACC R,3819502.0,
ESACC R,3819502.0,3819520 20 844.5 473.2 842.8 464.5 0.24 70
SFIX R,3819522.0,
EFIX R,3819522.0,3819676 156 845.5 467.3 314
SSACC R,3819678.0,
ESACC R,3819678.0,3819688 12 855.0 478.0 845.3 461.1 0.53 56
SFIX R,3819690.0,
EFIX R,3819690.0,3820270 582 851.9 485.5 312
SSACC R,3820272.0,
ESACC R,3820272.0,3820350 80 858.1 493.2 860.1 487.4 0.17 66
SFIX R,3820352.0,
EFIX R,3820352.0,3820386 36 862.7 485.5 303
SSACC R,3820388.0,
ESACC R,3820388.0,3820400 14 862.6 470.1 861.1 488.9 0.51 63
SFIX R,3820402.0,
EFIX R,3820402.0,3820682 282 859.5 467.8 319
SSACC R,3820684.0,
ESACC R,3820684.0,3820744 62 853.9 472.2 859.2 492.3 0.56 80
SFIX R,3820746.0,
EFIX R,3820746.0,3821244 500 862.2 510.9 383
SSACC R,3821246.0,
ESACC R,3821246.0,3821270 26 866.9 537.4 859.0 497.1 1.11 76
SFIX R,3821272.0,
EFIX R,3821272.0,3821606 336 857.6 518.3 418
SSACC R,3821608.0,
ESACC R,3821608.0,3821618 12 856.1 525.6 851.4 506.0 0.55 49
SFIX R,3821620.0,
EFIX R,3821620.0,3821990 372 843.8 511.1 455
SSACC R,3821992.0,
ESACC R,3821992.0,3822006 16 843.2 510.3 836.0 491.7 0.54 51
SFIX R,3822008.0,
EFIX R,3822008.0,3822280 274 838.7 500.8 425
SSACC R,3822282.0,
ESACC R,3822282.0,3822294 14 835.8 491.9 835.3 511.2 0.52 77
SFIX R,3822296.0,
EFIX R,3822296.0,3823058 764 833.2 505.0 398
SSACC R,3823060.0,
ESACC R,3823060.0,3823076 18 824.8 502.2 838.2 493.6 0.43 79
SFIX R,3823078.0,
EFIX R,3823078.0,3823890 814 834.7 502.5 431
SSACC R,3823892.0,
ESACC R,3823892.0,3823896 6 835.6 528.0 828.1 520.5 0.29 60
SFIX R,3823898.0,
EFIX R,3823898.0,3826842 2946 845.9 533.8 560
SSACC R,3826844.0,
ESACC R,3826844.0,3826848 6 845.6 538.9 844.5 528.9 0.27 55
SFIX R,3826850.0,
EFIX R,3826850.0,3828646 1798 844.2 522.2 459
SSACC R,3828648.0,
ESACC R,3828648.0,3828660 14 845.0 521.5 846.7 503.1 0.50 59
SFIX R,3828662.0,
EFIX R,3828662.0,3828896 236 841.4 512.6 407
SSACC R,3828898.0,
ESACC R,3828898.0,3828910 14 838.9 514.6 849.3 498.6 0.52 64
SFIX R,3828912.0,
EFIX R,3828912.0,3829492 582 844.7 502.1 389
SSACC R,3829494.0,
ESACC R,3829494.0,3829502 10 839.2 500.0 852.2 493.5 0.39 47
SFIX R,3829504.0,
EFIX R,3829504.0,3830238 736 847.9 501.3 377
SSACC R,3830240.0,
SBLINK R,3830286.0,
EBLINK R,3830286.0,3830412 128
ESACC R,3830240.0,3830472 234 826.1 525.9 845.7 483.7 1.26 548
SFIX R,3830474.0,
EFIX R,3830474.0,3831046 574 852.8 504.3 376
SSACC R,3831048.0,
ESACC R,3831048.0,3831058 12 857.0 506.2 868.8 492.8 0.48 63
SFIX R,3831060.0,
EFIX R,3831060.0,3831104 46 870.2 500.0 337
SSACC R,3831106.0,
ESACC R,3831106.0,3831148 44 866.4 491.9 873.7 495.7 0.22 91
SFIX R,3831150.0,
EFIX R,3831150.0,3831272 124 859.4 504.1 339
SSACC R,3831274.0,
ESACC R,3831274.0,3831282 10 849.5 490.0 856.3 506.2 0.48 59
SFIX R,3831284.0,
EFIX R,3831284.0,3831562 280 856.6 501.1 350
SSACC R,3831564.0,
ESACC R,3831564.0,3831580 18 859.7 511.5 861.8 509.5 0.08 58
SFIX R,3831582.0,
EFIX R,3831582.0,3831772 192 857.9 511.5 362
SSACC R,3831774.0,
ESACC R,3831774.0,3831782 10 861.4 526.4 855.7 508.4 0.51 64
SFIX R,3831784.0,
EFIX R,3831784.0,3831998 216 858.6 514.2 359
SSACC R,3832000.0,
ESACC R,3832000.0,3832006 8 864.7 502.8 871.4 515.3 0.38 70
SFIX R,3832008.0,
EFIX R,3832008.0,3832338 332 873.9 498.7 340
SSACC R,3832340.0,
ESACC R,3832340.0,3832354 16 865.3 481.4 869.0 501.0 0.54 51
SFIX R,3832356.0,
EFIX R,3832356.0,3833044 690 870.4 490.5 327
SSACC R,3833046.0,
ESACC R,3833046.0,3833088 44 856.9 499.3 868.9 522.9 0.72 83
SFIX R,3833090.0,
EFIX R,3833090.0,3833196 108 865.6 525.3 360
SSACC R,3833198.0,
ESACC R,3833198.0,3833206 10 866.2 531.0 864.7 539.3 0.23 57
SFIX R,3833208.0,
EFIX R,3833208.0,3833696 490 862.6 524.1 388
SSACC R,3833698.0,
ESACC R,3833698.0,3833762 66 852.6 527.8 850.7 531.4 0.11 60
SFIX R,3833764.0,
EFIX R,3833764.0,3834146 384 855.3 524.0 396
SSACC R,3834148.0,
ESACC R,3834148.0,3834160 14 860.3 526.0 855.6 510.1 0.45 67
SFIX R,3834162.0,
EFIX R,3834162.0,3834286 126 855.7 516.0 391
SSACC R,3834288.0,
ESACC R,3834288.0,3834302 16 854.8 522.1 852.0 515.2 0.20 65
SFIX R,3834304.0,
EFIX R,3834304.0,3834400 98 852.7 519.1 383
SSACC R,3834402.0,
ESACC R,3834402.0,3834408 8 856.9 518.5 857.9 535.4 0.46 62
SFIX R,3834410.0,
EFIX R,3834410.0,3834510 102 852.3 518.9 375
SSACC R,3834512.0,
ESACC R,3834512.0,3834522 12 843.2 504.1 850.6 514.8 0.35 60
SFIX R,3834524.0,
EFIX R,3834524.0,3834784 262 845.3 511.5 362
SSACC R,3834786.0,
ESACC R,3834786.0,3834790 6 848.2 505.9 841.2 496.6 0.32 53
SFIX R,3834792.0,
EFIX R,3834792.0,3834830 40 849.1 493.3 349
SSACC R,3834832.0,
ESACC R,3834832.0,3834838 8 847.7 485.2 848.3 494.2 0.24 66
SFIX R,3834840.0,
EFIX R,3834840.0,3834930 92 855.9 499.5 346
SSACC R,3834932.0,
ESACC R,3834932.0,3834938 8 857.9 502.3 856.4 499.6 0.08 62
SFIX R,3834940.0,
EFIX R,3834940.0,3836088 1150 845.5 489.2 305
SSACC R,3836090.0,
ESACC R,3836090.0,3836114 26 848.1 478.6 850.9 494.2 0.43 79
SFIX R,3836116.0,
EFIX R,3836116.0,3836298 184 849.6 483.3 300
SSACC R,3836300.0,
ESACC R,3836300.0,3836340 42 842.7 477.4 837.0 477.6 0.15 50
SFIX R,3836342.0,
EFIX R,3836342.0,3836374 34 842.2 485.2 306
SSACC R,3836376.0,
ESACC R,3836376.0,3836398 24 845.8 491.1 842.3 487.2 0.14 72
SFIX R,3836400.0,
EFIX R,3836400.0,3836528 130 838.6 494.5 312
SSACC R,3836530.0,
ESACC R,3836530.0,3836612 84 842.2 517.3 843.6 510.7 0.18 81
SFIX R,3836614.0,
EFIX R,3836614.0,3836650 38 845.1 518.0 337
SSACC R,3836652.0,
ESACC R,3836652.0,3836666 16 847.3 513.9 860.0 497.6 0.56 77
SFIX R,3836668.0,
EFIX R,3836668.0,3836850 184 859.4 520.5 363
SSACC R,3836852.0,
ESACC R,3836852.0,3836862 12 862.9 536.0 850.5 499.9 1.03 105
SFIX R,3836864.0,
EFIX R,3836864.0,3837050 188 850.7 517.4 389
SSACC R,3837052.0,
ESACC R,3837052.0,3837056 6 858.6 541.6 850.0 528.1 0.43 86
SFIX R,3837058.0,
EFIX R,3837058.0,3837132 76 849.2 525.8 403
SSACC R,3837134.0,
ESACC R,3837134.0,3837174 42 849.1 515.6 840.2 509.9 0.29 75
SFIX R,3837176.0,
EFIX R,3837176.0,3837368 194 841.8 513.1 425
SSACC R,3837370.0,
ESACC R,3837370.0,3837384 16 844.4 523.2 862.9 504.5 0.71 68
SFIX R,3837386.0,
EFIX R,3837386.0,3837946 562 853.5 514.6 421
SSACC R,3837948.0,
ESACC R,3837948.0,3837982 36 854.7 515.8 859.4 534.0 0.51 52
SFIX R,3837984.0,
EFIX R,3837984.0,3838514 532 857.6 512.4 380
SSACC R,3838516.0,
ESACC R,3838516.0,3838626 112 860.0 447.5 882.8 456.1 0.66 168
SFIX R,3838628.0,
EFIX R,3838628.0,3838988 362 857.6 485.0 348
SSACC R,3838990.0,
ESACC R,3838990.0,3839030 42 845.4 520.0 855.3 535.4 0.50 76
SFIX R,3839032.0,
EFIX R,3839032.0,3839172 142 849.6 533.2 403
SSACC R,3839174.0,
ESACC R,3839174.0,3839186 14 849.4 537.3 851.5 513.5 0.65 57
SFIX R,3839188.0,
EFIX R,3839188.0,3839476 290 859.4 519.7 426
SSACC R,3839478.0,
ESACC R,3839478.0,3839506 30 865.4 535.4 859.3 533.6 0.17 63
SFIX R,3839508.0,
EFIX R,3839508.0,3839898 392 863.4 525.4 455
SSACC R,3839900.0,
ESACC R,3839900.0,3839914 16 865.6 533.8 852.7 505.6 0.84 66
SFIX R,3839916.0,
EFIX R,3839916.0,3840056 142 854.4 518.4 471
SSACC R,3840058.0,
ESACC R,3840058.0,3840070 14 855.1 519.2 872.5 510.9 0.52 57
SFIX R,3840072.0,
EFIX R,3840072.0,3840944 874 854.8 514.3 421
SSACC R,3840946.0,
ESACC R,3840946.0,3840972 28 856.5 517.9 839.7 497.1 0.72 55
SFIX R,3840974.0,
EFIX R,3840974.0,3842218 1246 859.0 506.3 396
SSACC R,3842220.0,
ESACC R,3842220.0,3842224 6 854.4 498.4 861.7 496.8 0.20 46
SFIX R,3842226.0,
EFIX R,3842226.0,3842652 428 867.1 502.1 398
SSACC R,3842654.0,
ESACC R,3842654.0,3842684 32 875.7 517.1 873.2 499.4 0.48 66
SFIX R,3842686.0,
EFIX R,3842686.0,3842924 240 877.6 500.5 365
SSACC R,3842926.0,
ESACC R,3842926.0,3842958 34 880.6 484.7 886.6 496.4 0.36 60
SFIX R,3842960.0,
EFIX R,3842960.0,3843194 236 883.1 481.7 323
SSACC R,3843196.0,
ESACC R,3843196.0,3843200 6 869.1 459.5 868.1 455.4 0.11 66
SFIX R,3843202.0,
EFIX R,3843202.0,3843620 420 888.6 465.6 285
SSACC R,3843622.0,
ESACC R,3843622.0,3843628 8 988.1 422.7 991.5 437.7 0.42 70
SFIX R,3843630.0,
EFIX R,3843630.0,3844228 600 1079.7 485.6 287
SSACC R,3844230.0,
ESACC R,3844230.0,3844244 16 1076.0 506.1 1072.3 495.7 0.30 68
SFIX R,3844246.0,
EFIX R,3844246.0,3844326 82 1058.5 503.5 333
SSACC R,3844328.0,
ESACC R,3844328.0,3844338 12 1046.5 500.8 1032.3 486.5 0.55 54
SFIX R,3844340.0,
EFIX R,3844340.0,3844376 38 1024.2 481.6 341
SSACC R,3844378.0,
ESACC R,3844378.0,3844388 12 1020.0 489.6 1023.7 471.2 0.51 58
SFIX R,3844390.0,
EFIX R,3844390.0,3844548 160 1025.4 492.0 342
SSACC R,3844550.0,
ESACC R,3844550.0,3844560 12 1035.1 505.1 1031.4 484.4 0.57 62
SFIX R,3844562.0,
EFIX R,3844562.0,3844590 30 1025.5 477.1 344
SSACC R,3844592.0,
ESACC R,3844592.0,3844626 36 1019.3 474.7 1032.0 491.5 0.57 57
SFIX R,3844628.0,
EFIX R,3844628.0,3844744 118 1048.8 491.5 341
SSACC R,3844746.0,
ESACC R,3844746.0,3844752 8 1058.8 481.2 1054.0 483.7 0.15 50
SFIX R,3844754.0,
EFIX R,3844754.0,3844826 74 1052.3 492.3 349
SSACC R,3844828.0,
ESACC R,3844828.0,3844832 6 1043.9 488.1 1049.9 498.5 0.33 56
SFIX R,3844834.0,
EFIX R,3844834.0,3845318 486 1051.0 497.0 398
SSACC R,3845320.0,
ESACC R,3845320.0,3845338 20 1050.2 514.9 1016.2 488.6 1.16 89
SFIX R,3845340.0,
EFIX R,3845340.0,3846224 886 1052.5 491.7 413
SSACC R,3846226.0,
ESACC R,3846226.0,3846264 40 1157.1 465.7 1179.7 459.9 0.63 87
SFIX R,3846266.0,
EFIX R,3846266.0,3846534 270 1289.5 458.6 404
SSACC R,3846536.0,
ESACC R,3846536.0,3846610 76 1365.7 440.8 1393.5 419.7 0.92 68
SFIX R,3846612.0,
EFIX R,3846612.0,3846662 52 1401.8 412.8 408
SSACC R,3846664.0,
ESACC R,3846664.0,3846678 16 1403.1 399.3 1420.3 415.9 0.63 69
SFIX R,3846680.0,
EFIX R,3846680.0,3846772 94 1427.2 410.3 411
SSACC R,3846774.0,
ESACC R,3846774.0,3846830 58 1436.2 410.6 1470.1 414.1 0.88 94
SFIX R,3846832.0,
EFIX R,3846832.0,3846930 100 1501.7 393.9 402
SSACC R,3846932.0,
SBLINK R,3847080.0,
EBLINK R,3847080.0,3849456 2378
ESACC R,3846932.0,3849486 2556 1520.7 381.5 1215.1 402.5 7.95 1257
SFIX R,3849488.0,
EFIX R,3849488.0,3849980 494 1011.0 411.7 380
SSACC R,3849982.0,
ESACC R,3849982.0,3850048 68 895.8 445.1 913.9 438.8 0.52 91
SFIX R,3850050.0,
EFIX R,3850050.0,3850170 122 899.9 440.6 301
SSACC R,3850172.0,
ESACC R,3850172.0,3850176 6 884.3 454.8 882.0 442.8 0.33 69
SFIX R,3850178.0,
EFIX R,3850178.0,3850262 86 867.4 440.2 298
SSACC R,3850264.0,
ESACC R,3850264.0,3850280 18 860.5 449.3 856.6 432.1 0.48 73
SFIX R,3850282.0,
EFIX R,3850282.0,3850354 74 856.2 447.9 307
SSACC R,3850356.0,
ESACC R,3850356.0,3850478 124 851.3 446.4 854.3 481.1 0.94 84
SFIX R,3850480.0,
EFIX R,3850480.0,3850502 24 855.3 487.6 354
SSACC R,3850504.0,
ESACC R,3850504.0,3850526 24 858.1 487.6 859.5 472.5 0.41 66
SFIX R,3850528.0,
EFIX R,3850528.0,3850690 164 852.2 506.8 406
SSACC R,3850692.0,
ESACC R,3850692.0,3850706 16 849.3 529.1 852.7 503.0 0.71 62
SFIX R,3850708.0,
EFIX R,3850708.0,3850912 206 853.6 524.1 498
SSACC R,3850914.0,
ESACC R,3850914.0,3850930 18 854.0 537.9 865.8 508.9 0.85 61
SFIX R,3850932.0,
EFIX R,3850932.0,3851562 632 865.0 532.6 600
SSACC R,3851564.0,
SBLINK R,3851588.0,
EBLINK R,3851588.0,3851728 142
ESACC R,3851564.0,3851752 190 832.2 556.9 878.9 511.0 1.77 1789
SFIX R,3851754.0,
EFIX R,3851754.0,3851938 186 851.9 558.2 612
SSACC R,3851940.0,
ESACC R,3851940.0,3851952 14 860.2 560.8 867.1 540.4 0.58 74
SFIX R,3851954.0,
EFIX R,3851954.0,3853132 1180 865.5 550.0 661
SSACC R,3853134.0,
SBLINK R,3853148.0,
EBLINK R,3853148.0,3853292 146
ESACC R,3853134.0,3853328 196 834.9 592.7 878.3 487.3 3.09 517
SFIX R,3853330.0,
EFIX R,3853330.0,3853816 488 855.8 563.6 730
SSACC R,3853818.0,
ESACC R,3853818.0,3853824 8 854.8 576.0 856.1 561.5 0.39 66
SFIX R,3853826.0,
EFIX R,3853826.0,3854516 692 856.1 572.3 726
SSACC R,3854518.0,
ESACC R,3854518.0,3854524 8 857.7 579.2 863.3 567.0 0.36 60
SFIX R,3854526.0,
EFIX R,3854526.0,3855796 1272 862.7 572.7 704
SSACC R,3855798.0,
ESACC R,3855798.0,3855810 14 867.8 578.4 854.9 561.3 0.58 64
SFIX R,3855812.0,
EFIX R,3855812.0,3856578 768 850.8 563.5 696
SSACC R,3856580.0,
ESACC R,3856580.0,3856596 18 850.3 572.4 835.9 556.3 0.58 63
SFIX R,3856598.0,
EFIX R,3856598.0,3856720 124 834.3 557.4 669
SSACC R,3856722.0,
ESACC R,3856722.0,3856726 6 847.4 560.9 853.2 565.2 0.20 54
SFIX R,3856728.0,
EFIX R,3856728.0,3857792 1066 857.0 555.0 618
SSACC R,3857794.0,
ESACC R,3857794.0,3857806 14 853.5 551.2 838.4 542.6 0.47 78
SFIX R,3857808.0,
EFIX R,3857808.0,3858694 888 849.5 565.8 635
SSACC R,3858696.0,
ESACC R,3858696.0,3858710 16 848.2 589.3 857.2 565.5 0.69 55
SFIX R,3858712.0,
EFIX R,3858712.0,3859258 548 860.3 570.9 696
SSACC R,3859260.0,
ESACC R,3859260.0,3859270 12 864.9 579.4 854.4 558.7 0.63 57
SFIX R,3859272.0,
EFIX R,3859272.0,3859836 566 855.2 565.8 698
SSACC R,3859838.0,
SBLINK R,3859868.0,
EBLINK R,3859868.0,3860004 138
ESACC R,3859838.0,3860054 218 822.5 575.1 857.5 532.0 1.50 1823
SFIX R,3860056.0,
EFIX R,3860056.0,3860218 164 843.0 550.3 681
SSACC R,3860220.0,
ESACC R,3860220.0,3860234 16 839.4 559.0 865.7 545.3 0.80 74
SFIX R,3860236.0,
EFIX R,3860236.0,3860464 230 861.4 557.2 678
SSACC R,3860466.0,
ESACC R,3860466.0,3860478 14 864.2 557.1 850.2 542.2 0.55 52
SFIX R,3860480.0,
EFIX R,3860480.0,3861422 944 859.4 552.1 680
SSACC R,3861424.0,
ESACC R,3861424.0,3861436 14 862.2 564.6 864.7 561.6 0.11 50
SFIX R,3861438.0,
EFIX R,3861438.0,3862816 1380 852.9 555.4 589
SSACC R,3862818.0,
ESACC R,3862818.0,3862830 14 861.0 556.4 853.1 543.4 0.41 57
SFIX R,3862832.0,
EFIX R,3862832.0,3863798 968 848.2 528.2 493
SSACC R,3863800.0,
ESACC R,3863800.0,3863804 6 859.5 527.2 856.5 522.3 0.16 46
SFIX R,3863806.0,
EFIX R,3863806.0,3863918 114 854.5 519.8 444
SSACC R,3863920.0,
ESACC R,3863920.0,3863928 10 854.2 531.0 849.9 514.3 0.47 55
SFIX R,3863930.0,
EFIX R,3863930.0,3864144 216 854.2 525.8 441
SSACC R,3864146.0,
ESACC R,3864146.0,3864156 12 853.7 532.0 842.9 522.8 0.38 64
SFIX R,3864158.0,
EFIX R,3864158.0,3864540 384 853.5 511.6 435
SSACC R,3864542.0,
ESACC R,3864542.0,3864568 28 854.2 500.7 861.2 519.6 0.55 69
SFIX R,3864570.0,
EFIX R,3864570.0,3865216 648 860.6 498.2 374
SSACC R,3865218.0,
ESACC R,3865218.0,3865350 134 861.9 487.2 849.5 481.7 0.37 64
SFIX R,3865352.0,
EFIX R,3865352.0,3865516 166 840.9 497.9 346
SSACC R,3865518.0,
ESACC R,3865518.0,3865532 16 837.7 504.6 839.0 522.5 0.49 77
SFIX R,3865534.0,
EFIX R,3865534.0,3865740 208 835.3 518.1 368
SSACC R,3865742.0,
ESACC R,3865742.0,3865762 22 833.1 522.8 847.3 484.5 1.11 92
SFIX R,3865764.0,
EFIX R,3865764.0,3865928 166 844.3 520.3 379
SSACC R,3865930.0,
ESACC R,3865930.0,3865946 18 854.8 538.1 846.7 501.1 1.03 108
SFIX R,3865948.0,
EFIX R,3865948.0,3866026 80 843.2 511.5 411
SSACC R,3866028.0,
ESACC R,3866028.0,3866042 16 847.8 527.5 845.5 521.8 0.17 44
SFIX R,3866044.0,
EFIX R,3866044.0,3866508 466 854.3 525.6 483
SSACC R,3866510.0,
ESACC R,3866510.0,3866518 10 859.9 533.2 859.0 519.7 0.37 61
SFIX R,3866520.0,
EFIX R,3866520.0,3867600 1082 857.0 535.0 554
SSACC R,3867602.0,
ESACC R,3867602.0,3867606 6 853.8 532.1 853.9 524.0 0.22 61
SFIX R,3867608.0,
EFIX R,3867608.0,3867772 166 853.7 529.7 494
SSACC R,3867774.0,
ESACC R,3867774.0,3867778 6 858.8 524.5 859.6 518.9 0.15 54
SFIX R,3867780.0,
EFIX R,3867780.0,3868016 238 862.5 527.9 477
SSACC R,3868018.0,
SBLINK R,3868058.0,
EBLINK R,3868058.0,3868242 186
ESACC R,3868018.0,3868280 264 835.7 556.4 886.4 414.9 4.07 681
SFIX R,3868282.0,
EFIX R,3868282.0,3868306 26 884.3 409.9 443
SSACC R,3868308.0,
ESACC R,3868308.0,3868316 10 880.4 415.7 872.7 437.6 0.63 84
SFIX R,3868318.0,
EFIX R,3868318.0,3869250 934 850.8 506.7 435
SSACC R,3869252.0,
ESACC R,3869252.0,3869260 10 844.7 526.3 840.8 512.5 0.39 51
SFIX R,3869262.0,
EFIX R,3869262.0,3869464 204 843.6 542.9 494
SSACC R,3869466.0,
ESACC R,3869466.0,3869476 12 847.3 558.3 850.0 531.4 0.73 81
SFIX R,3869478.0,
EFIX R,3869478.0,3869748 272 849.4 540.0 518
SSACC R,3869750.0,
ESACC R,3869750.0,3869758 10 850.9 552.8 846.9 534.7 0.50 60
SFIX R,3869760.0,
EFIX R,3869760.0,3870646 888 841.9 557.9 595
SSACC R,3870648.0,
ESACC R,3870648.0,3870656 10 833.0 584.2 830.3 560.2 0.65 77
SFIX R,3870658.0,
EFIX R,3870658.0,3870920 264 824.7 575.7 614
SSACC R,3870922.0,
ESACC R,3870922.0,3870954 34 825.4 580.0 848.9 530.6 1.48 80
SFIX R,3870956.0,
EFIX R,3870956.0,3871502 548 833.4 543.9 570
SSACC R,3871504.0,
SBLINK R,3871558.0,
EBLINK R,3871558.0,3871752 196
ESACC R,3871504.0,3871856 354 846.9 477.9 910.1 522.7 2.10 581
SFIX R,3871858.0,
EFIX R,3871858.0,3872600 744 862.0 527.2 481
SSACC R,3872602.0,
ESACC R,3872602.0,3872622 22 847.4 546.2 866.8 521.1 0.86 59
SFIX R,3872624.0,
EFIX R,3872624.0,3873132 510 854.4 543.4 493
SSACC R,3873134.0,
ESACC R,3873134.0,3873146 14 853.4 526.5 854.5 516.1 0.28 74
SFIX R,3873148.0,
EFIX R,3873148.0,3873728 582 871.0 496.3 491
SSACC R,3873730.0,
SBLINK R,3873760.0,
EBLINK R,3873760.0,3874000 242
ESACC R,3873730.0,3874092 364 885.9 471.2 869.0 430.7 1.19 270
SFIX R,3874094.0,
EFIX R,3874094.0,3874122 30 868.2 436.6 400
SSACC R,3874124.0,
ESACC R,3874124.0,3874192 70 865.3 433.7 863.9 474.0 1.09 66
SFIX R,3874194.0,
EFIX R,3874194.0,3874962 770 873.0 495.1 411
SSACC R,3874964.0,
ESACC R,3874964.0,3874982 20 868.1 531.0 856.7 493.1 1.07 73
SFIX R,3874984.0,
EFIX R,3874984.0,3875140 158 858.3 535.0 467
SSACC R,3875142.0,
ESACC R,3875142.0,3875162 22 864.5 558.8 845.2 503.6 1.58 123
SFIX R,3875164.0,
EFIX R,3875164.0,3875358 196 847.3 535.4 520
SSACC R,3875360.0,
ESACC R,3875360.0,3875378 20 848.3 550.8 864.1 507.3 1.25 90
SFIX R,3875380.0,
EFIX R,3875380.0,3876216 838 858.1 533.3 563
SSACC R,3876218.0,
SBLINK R,3876236.0,
EBLINK R,3876236.0,3876472 238
ESACC R,3876218.0,3876534 318 819.4 522.1 848.6 456.6 1.94 518
SFIX R,3876536.0,
EFIX R,3876536.0,3876598 64 841.2 494.8 469
SSACC R,3876600.0,
ESACC R,3876600.0,3876608 10 833.1 517.1 842.1 530.1 0.43 58
SFIX R,3876610.0,
EFIX R,3876610.0,3877382 774 869.2 522.7 516
SSACC R,3877384.0,
ESACC R,3877384.0,3877394 12 877.5 537.0 871.8 517.5 0.55 65
SFIX R,3877396.0,
EFIX R,3877396.0,3877710 316 857.5 539.3 543
SSACC R,3877712.0,
ESACC R,3877712.0,3877754 44 857.4 543.4 876.6 521.8 0.78 72
SFIX R,3877756.0,
EFIX R,3877756.0,3877830 76 875.3 522.5 555
SSACC R,3877832.0,
ESACC R,3877832.0,3877842 12 872.3 522.8 854.9 534.1 0.56 62
SFIX R,3877844.0,
EFIX R,3877844.0,3878162 320 858.3 546.2 575
SSACC R,3878164.0,
ESACC R,3878164.0,3878174 12 858.8 568.7 859.0 546.5 0.60 84
SFIX R,3878176.0,
EFIX R,3878176.0,3878384 210 855.5 554.2 599
SSACC R,3878386.0,
ESACC R,3878386.0,3878398 14 854.0 570.0 844.9 545.2 0.72 82
SFIX R,3878400.0,
EFIX R,3878400.0,3878948 550 838.7 550.4 605
SSACC R,3878950.0,
ESACC R,3878950.0,3878958 10 844.6 548.7 852.4 538.9 0.34 54
SFIX R,3878960.0,
EFIX R,3878960.0,3881204 2246 847.0 540.1 565
SSACC R,3881206.0,
ESACC R,3881206.0,3881210 6 855.1 535.0 846.8 528.0 0.29 41
SFIX R,3881212.0,
EFIX R,3881212.0,3881498 288 846.8 529.8 476
SSACC R,3881500.0,
ESACC R,3881500.0,3881504 6 845.6 527.1 843.1 523.1 0.13 48
SFIX R,3881506.0,
EFIX R,3881506.0,3881956 452 891.3 500.4 445
SSACC R,3881958.0,
ESACC R,3881958.0,3881980 24 980.0 483.1 979.0 466.8 0.44 48
SFIX R,3881982.0,
EFIX R,3881982.0,3882222 242 1045.8 451.1 422
SSACC R,3882224.0,
ESACC R,3882224.0,3882254 32 1124.4 447.9 1137.5 441.0 0.40 56
SFIX R,3882256.0,
EFIX R,3882256.0,3882404 150 1173.6 442.7 420
SSACC R,3882406.0,
ESACC R,3882406.0,3882418 14 1202.8 448.2 1208.3 440.8 0.25 73
SFIX R,3882420.0,
EFIX R,3882420.0,3882464 46 1213.4 446.2 425
SSACC R,3882466.0,
ESACC R,3882466.0,3882486 22 1218.4 450.3 1218.0 445.0 0.14 61
SFIX R,3882488.0,
EFIX R,3882488.0,3882574 88 1238.9 444.4 417
SSACC R,3882576.0,
ESACC R,3882576.0,3883056 482 1261.2 442.5 1486.6 587.6 7.02 209
SFIX R,3883058.0,
EFIX R,3883058.0,3883082 26 1487.1 592.8 333
SSACC R,3883084.0,
ESACC R,3883084.0,3883640 558 1489.4 592.8 1275.1 453.9 6.68 204
SFIX R,3883642.0,
EFIX R,3883642.0,3883728 88 1242.5 479.0 489
SSACC R,3883730.0,
ESACC R,3883730.0,3883760 32 1203.6 488.5 1041.5 461.9 4.42 245
SFIX R,3883762.0,
EFIX R,3883762.0,3883946 186 982.8 503.3 491
SSACC R,3883948.0,
ESACC R,3883948.0,3883966 20 939.9 508.4 881.5 488.7 1.67 155
SFIX R,3883968.0,
EFIX R,3883968.0,3884446 480 832.1 510.9 431
SSACC R,3884448.0,
ESACC R,3884448.0,3884482 36 815.6 528.3 831.0 528.7 0.42 74
SFIX R,3884484.0,
EFIX R,3884484.0,3884556 74 833.3 531.5 516
SSACC R,3884558.0,
ESACC R,3884558.0,3884572 16 833.0 535.6 832.8 528.6 0.19 57
SFIX R,3884574.0,
EFIX R,3884574.0,3884776 204 841.6 540.7 581
SSACC R,3884778.0,
ESACC R,3884778.0,3884826 50 854.7 543.6 863.0 518.0 0.73 62
SFIX R,3884828.0,
EFIX R,3884828.0,3885286 460 864.7 532.4 565
SSACC R,3885288.0,
ESACC R,3885288.0,3885296 10 860.0 547.7 862.5 537.0 0.30 54
SFIX R,3885298.0,
EFIX R,3885298.0,3885862 566 863.2 542.3 647
SSACC R,3885864.0,
SBLINK R,3885912.0,
EBLINK R,3885912.0,3886086 176
ESACC R,3885864.0,3886170 308 849.8 562.2 849.9 535.5 0.72 2352
SFIX R,3886172.0,
EFIX R,3886172.0,3886432 262 846.9 552.0 658
SSACC R,3886434.0,
ESACC R,3886434.0,3886456 24 852.5 554.0 852.7 527.9 0.71 48
SFIX R,3886458.0,
EFIX R,3886458.0,3887996 1540 854.9 547.1 630
SSACC R,3887998.0,
ESACC R,3887998.0,3888006 10 874.4 546.8 889.3 537.5 0.48 58
SFIX R,3888008.0,
EFIX R,3888008.0,3889802 1796 874.6 537.6 603
SSACC R,3889804.0,
ESACC R,3889804.0,3889808 6 860.3 525.0 863.9 528.6 0.14 48
SFIX R,3889810.0,
EFIX R,3889810.0,3890208 400 890.5 524.6 534
SSACC R,3890210.0,
SBLINK R,3890234.0,
EBLINK R,3890234.0,3890546 314
ESACC R,3890210.0,3890608 400 890.6 494.8 972.6 515.1 2.29 209
SFIX R,3890610.0,
EFIX R,3890610.0,3890840 232 937.6 498.9 467
SSACC R,3890842.0,
ESACC R,3890842.0,3890870 30 925.4 507.5 980.3 499.5 1.50 88
SFIX R,3890872.0,
EFIX R,3890872.0,3891076 206 968.2 510.8 492
SSACC R,3891078.0,
ESACC R,3891078.0,3891110 34 973.2 497.9 1007.9 475.6 1.12 72
SFIX R,3891112.0,
EFIX R,3891112.0,3891190 80 1001.4 483.8 463
SSACC R,3891192.0,
ESACC R,3891192.0,3891204 14 1001.2 480.8 1007.3 490.6 0.31 58
SFIX R,3891206.0,
EFIX R,3891206.0,3891276 72 1008.5 488.2 467
SSACC R,3891278.0,
ESACC R,3891278.0,3891298 22 1010.3 486.9 1005.8 467.4 0.54 56
SFIX R,3891300.0,
EFIX R,3891300.0,3891868 570 1046.9 466.6 524
SSACC R,3891870.0,
SBLINK R,3891922.0,
EBLINK R,3891922.0,3893502 1582
ESACC R,3891870.0,3893706 1838 1116.4 482.2 1289.7 355.7 5.73 440
SFIX R,3893708.0,
EFIX R,3893708.0,3893728 22 1289.0 356.1 556
SSACC R,3893730.0,
ESACC R,3893730.0,3893780 52 1290.8 360.4 1278.9 358.3 0.32 84
SFIX R,3893782.0,
EFIX R,3893782.0,3894012 232 1242.5 392.0 533
SSACC R,3894014.0,
ESACC R,3894014.0,3894056 44 1172.3 423.8 980.8 435.1 5.17 186
SFIX R,3894058.0,
EFIX R,3894058.0,3894320 264 950.3 495.5 467
SSACC R,3894322.0,
ESACC R,3894322.0,3894372 52 909.2 528.5 892.7 446.3 2.27 155
SFIX R,3894374.0,
EFIX R,3894374.0,3894584 212 876.8 466.9 428
SSACC R,3894586.0,
ESACC R,3894586.0,3894604 20 868.4 483.5 852.3 459.8 0.78 98
SFIX R,3894606.0,
EFIX R,3894606.0,3894814 210 850.9 496.1 482
SSACC R,3894816.0,
ESACC R,3894816.0,3894840 26 845.6 526.1 887.6 473.4 1.83 111
SFIX R,3894842.0,
EFIX R,3894842.0,3895164 324 877.0 505.1 560
SSACC R,3895166.0,
ESACC R,3895166.0,3895180 16 880.0 523.8 853.8 509.5 0.81 84
SFIX R,3895182.0,
EFIX R,3895182.0,3895944 764 859.2 528.3 704
SSACC R,3895946.0,
SBLINK R,3896000.0,
EBLINK R,3896000.0,3896130 132
ESACC R,3895946.0,3896186 242 848.1 569.8 885.3 517.9 1.73 2184
SFIX R,3896188.0,
EFIX R,3896188.0,3896374 188 867.2 522.8 781
SSACC R,3896376.0,
ESACC R,3896376.0,3896386 12 870.2 532.0 889.0 537.2 0.53 65
SFIX R,3896388.0,
EFIX R,3896388.0,3896614 228 887.3 549.8 819
SSACC R,3896616.0,
ESACC R,3896616.0,3896632 18 885.3 562.3 875.0 529.9 0.92 79
SFIX R,3896634.0,
EFIX R,3896634.0,3897266 634 874.8 546.9 831
SSACC R,3897268.0,
ESACC R,3897268.0,3897280 14 874.5 561.1 874.6 534.3 0.73 70
SFIX R,3897282.0,
EFIX R,3897282.0,3897616 336 878.3 551.3 841
SSACC R,3897618.0,
SBLINK R,3897644.0,
EBLINK R,3897644.0,3897852 210
ESACC R,3897618.0,3897902 286 875.8 573.6 880.8 511.5 1.69 425
SFIX R,3897904.0,
EFIX R,3897904.0,3898070 168 856.2 551.8 856
SSACC R,3898072.0,
ESACC R,3898072.0,3898084 14 842.0 570.1 877.9 571.4 0.97 92
SFIX R,3898086.0,
EFIX R,3898086.0,3898280 196 878.9 577.6 866
SSACC R,3898282.0,
ESACC R,3898282.0,3898294 14 878.8 586.3 872.1 557.5 0.80 76
SFIX R,3898296.0,
EFIX R,3898296.0,3898598 304 877.1 564.4 859
SSACC R,3898600.0,
ESACC R,3898600.0,3898614 16 886.1 565.9 879.0 539.6 0.74 76
SFIX R,3898616.0,
EFIX R,3898616.0,3899438 824 873.7 567.4 799
SSACC R,3899440.0,
ESACC R,3899440.0,3899444 6 871.3 585.6 873.3 572.2 0.37 64
SFIX R,3899446.0,
EFIX R,3899446.0,3899864 420 881.9 579.2 830
SSACC R,3899866.0,
ESACC R,3899866.0,3899884 20 893.0 580.8 889.5 540.0 1.11 105
SFIX R,3899886.0,
EFIX R,3899886.0,3900720 836 898.1 567.6 846
SSACC R,3900722.0,
SBLINK R,3900746.0,
EBLINK R,3900746.0,3900972 228
ESACC R,3900722.0,3901056 336 880.5 579.0 876.6 512.9 1.79 604
SFIX R,3901058.0,
EFIX R,3901058.0,3901104 48 876.6 517.6 813
SSACC R,3901106.0,
ESACC R,3901106.0,3901114 10 873.4 533.3 870.1 549.9 0.46 56
SFIX R,3901116.0,
EFIX R,3901116.0,3901142 28 868.4 548.7 799
SSACC R,3901144.0,
ESACC R,3901144.0,3901156 14 876.8 555.7 905.4 556.4 0.78 81
SFIX R,3901158.0,
EFIX R,3901158.0,3901540 384 899.0 555.1 787
SSACC R,3901542.0,
ESACC R,3901542.0,3901550 10 886.5 551.4 867.6 550.8 0.51 63
SFIX R,3901552.0,
EFIX R,3901552.0,3901806 256 869.3 562.5 763
SSACC R,3901808.0,
ESACC R,3901808.0,3901820 14 875.3 573.7 896.4 560.0 0.68 72
SFIX R,3901822.0,
EFIX R,3901822.0,3902050 230 890.0 567.9 767
SSACC R,3902052.0,
ESACC R,3902052.0,3902058 8 886.7 570.9 878.0 562.5 0.33 47
SFIX R,3902060.0,
EFIX R,3902060.0,3902420 362 883.9 576.7 795
SSACC R,3902422.0,
ESACC R,3902422.0,3902428 8 893.4 577.2 889.3 567.5 0.29 51
SFIX R,3902430.0,
EFIX R,3902430.0,3902980 552 896.1 572.7 845
SSACC R,3902982.0,
ESACC R,3902982.0,3902996 16 900.7 572.8 898.4 548.6 0.66 51
SFIX R,3902998.0,
EFIX R,3902998.0,3903368 372 897.9 568.9 854
SSACC R,3903370.0,
ESACC R,3903370.0,3903380 12 896.3 579.2 886.1 559.1 0.61 57
SFIX R,3903382.0,
EFIX R,3903382.0,3903698 318 892.6 564.0 864
SSACC R,3903700.0,
ESACC R,3903700.0,3903708 10 901.0 565.1 917.1 556.2 0.50 59
SFIX R,3903710.0,
EFIX R,3903710.0,3904958 1250 892.5 568.5 826
SSACC R,3904960.0,
ESACC R,3904960.0,3904964 6 878.6 573.8 884.9 568.8 0.22 53
SFIX R,3904966.0,
EFIX R,3904966.0,3905178 214 893.1 570.9 793
SSACC R,3905180.0,
ESACC R,3905180.0,3905184 6 888.0 575.7 877.7 572.8 0.29 58
SFIX R,3905186.0,
EFIX R,3905186.0,3908680 3496 869.4 582.1 693
SSACC R,3908682.0,
SBLINK R,3908730.0,
EBLINK R,3908730.0,3908904 176
ESACC R,3908682.0,3908990 310 839.8 633.6 897.1 482.6 4.37 2043
SFIX R,3908992.0,
EFIX R,3908992.0,3910092 1102 878.7 526.9 528
SSACC R,3910094.0,
ESACC R,3910094.0,3910100 8 872.9 511.4 867.7 521.5 0.31 55
SFIX R,3910102.0,
EFIX R,3910102.0,3910196 96 868.9 526.1 455
SSACC R,3910198.0,
ESACC R,3910198.0,3910204 8 871.5 539.4 869.8 528.4 0.30 53
SFIX R,3910206.0,
EFIX R,3910206.0,3911066 862 867.2 548.8 512
SSACC R,3911068.0,
ESACC R,3911068.0,3911074 8 862.1 549.1 862.2 536.3 0.35 61
SFIX R,3911076.0,
EFIX R,3911076.0,3912222 1148 876.1 538.9 532
SSACC R,3912224.0,
ESACC R,3912224.0,3912260 38 874.9 515.5 885.7 519.5 0.31 53
SFIX R,3912262.0,
EFIX R,3912262.0,3912336 76 885.3 518.8 468
SSACC R,3912338.0,
ESACC R,3912338.0,3912352 16 886.5 520.6 890.3 507.0 0.38 77
SFIX R,3912354.0,
EFIX R,3912354.0,3912466 114 901.3 510.8 451
SSACC R,3912468.0,
ESACC R,3912468.0,3912492 26 916.7 506.4 928.4 494.9 0.44 72
SFIX R,3912494.0,
EFIX R,3912494.0,3912646 154 956.1 473.9 444
SSACC R,3912648.0,
ESACC R,3912648.0,3912698 52 974.3 474.1 986.2 476.6 0.33 58
SFIX R,3912700.0,
EFIX R,3912700.0,3912772 74 1003.9 468.4 440
SSACC R,3912774.0,
ESACC R,3912774.0,3912784 12 1019.9 456.1 1028.9 475.9 0.59 58
SFIX R,3912786.0,
EFIX R,3912786.0,3912858 74 1042.2 479.9 438
SSACC R,3912860.0,
SBLINK R,3912900.0,
EBLINK R,3912900.0,3913300 402
ESACC R,3912860.0,3913362 504 1053.8 476.8 1036.9 394.7 2.27 184
SFIX R,3913364.0,
EFIX R,3913364.0,3913616 254 927.4 471.1 479
SSACC R,3913618.0,
ESACC R,3913618.0,3913632 16 884.3 486.0 897.6 460.8 0.77 74
SFIX R,3913634.0,
EFIX R,3913634.0,3913900 268 861.6 489.6 401
SSACC R,3913902.0,
ESACC R,3913902.0,3913940 40 841.3 503.7 856.6 473.5 0.92 88
SFIX R,3913942.0,
EFIX R,3913942.0,3914280 340 851.2 511.3 441
SSACC R,3914282.0,
ESACC R,3914282.0,3914294 14 847.7 541.8 842.7 522.5 0.54 72
SFIX R,3914296.0,
EFIX R,3914296.0,3914556 262 850.4 537.6 528
SSACC R,3914558.0,
ESACC R,3914558.0,3914576 20 853.4 545.7 851.0 516.0 0.81 64
SFIX R,3914578.0,
EFIX R,3914578.0,3916420 1844 866.2 565.9 687
SSACC R,3916422.0,
ESACC R,3916422.0,3916426 6 864.8 574.9 862.3 574.9 0.07 42
SFIX R,3916428.0,
EFIX R,3916428.0,3916644 218 858.5 572.3 768
SSACC R,3916646.0,
ESACC R,3916646.0,3916652 8 859.7 569.5 870.8 568.9 0.30 50
SFIX R,3916654.0,
EFIX R,3916654.0,3917842 1190 869.6 567.8 782
SSACC R,3917844.0,
SBLINK R,3917864.0,
EBLINK R,3917864.0,3918016 154
ESACC R,3917844.0,3918036 194 843.9 589.3 883.0 525.7 2.02 882
SFIX R,3918038.0,
EFIX R,3918038.0,3918200 164 853.3 578.5 700
SSACC R,3918202.0,
ESACC R,3918202.0,3918222 22 848.7 591.1 873.0 545.9 1.39 81
SFIX R,3918224.0,
EFIX R,3918224.0,3918418 196 876.7 566.8 669
SSACC R,3918420.0,
ESACC R,3918420.0,3918428 10 877.8 570.4 862.9 560.2 0.49 60
SFIX R,3918430.0,
EFIX R,3918430.0,3919038 610 865.9 566.8 614
SSACC R,3919040.0,
ESACC R,3919040.0,3919046 8 855.1 572.9 859.2 563.8 0.27 54
SFIX R,3919048.0,
EFIX R,3919048.0,3920306 1260 854.3 560.3 613
SSACC R,3920308.0,
ESACC R,3920308.0,3920316 10 854.3 562.3 872.1 562.8 0.48 61
SFIX R,3920318.0,
EFIX R,3920318.0,3920462 146 870.4 570.3 657
SSACC R,3920464.0,
ESACC R,3920464.0,3920468 6 866.6 575.7 856.7 576.1 0.27 53
SFIX R,3920470.0,
EFIX R,3920470.0,3920830 362 856.6 578.4 638
SSACC R,3920832.0,
ESACC R,3920832.0,3920838 8 859.4 585.4 859.8 570.4 0.41 60
SFIX R,3920840.0,
EFIX R,3920840.0,3921434 596 858.0 579.4 645
SSACC R,3921436.0,
ESACC R,3921436.0,3921440 6 864.2 573.2 868.8 563.1 0.30 62
SFIX R,3921442.0,
EFIX R,3921442.0,3921678 238 870.4 566.5 635
SSACC R,3921680.0,
ESACC R,3921680.0,3921692 14 869.0 571.6 855.8 558.0 0.51 64
SFIX R,3921694.0,
EFIX R,3921694.0,3923062 1370 860.2 576.3 659
SSACC R,3923064.0,
SBLINK R,3923114.0,
EBLINK R,3923114.0,3923304 192
ESACC R,3923064.0,3923372 310 854.3 605.1 873.5 469.3 3.72 1161
SFIX R,3923374.0,
EFIX R,3923374.0,3924128 756 858.7 523.9 483
SSACC R,3924130.0,
ESACC R,3924130.0,3924142 14 856.6 537.8 856.3 539.8 0.05 61
SFIX R,3924144.0,
EFIX R,3924144.0,3924296 154 858.0 548.9 514
SSACC R,3924298.0,
ESACC R,3924298.0,3924312 16 856.5 559.9 863.0 530.5 0.82 79
SFIX R,3924314.0,
EFIX R,3924314.0,3924552 240 863.6 549.9 565
SSACC R,3924554.0,
ESACC R,3924554.0,3924586 34 864.0 569.8 852.2 550.9 0.60 106
SFIX R,3924588.0,
EFIX R,3924588.0,3924844 258 853.7 551.4 624
SSACC R,3924846.0,
ESACC R,3924846.0,3924850 6 871.6 568.1 866.2 561.0 0.24 46
SFIX R,3924852.0,
EFIX R,3924852.0,3924878 28 860.3 557.6 660
SSACC R,3924880.0,
ESACC R,3924880.0,3924884 6 863.0 552.6 874.3 552.1 0.31 54
SFIX R,3924886.0,
EFIX R,3924886.0,3926138 1254 878.8 562.1 756
SSACC R,3926140.0,
ESACC R,3926140.0,3926150 12 872.9 569.1 874.3 544.4 0.67 90
SFIX R,3926152.0,
EFIX R,3926152.0,3926746 596 868.6 564.9 783
SSACC R,3926748.0,
ESACC R,3926748.0,3926756 10 859.1 578.1 852.2 553.8 0.68 77
SFIX R,3926758.0,
EFIX R,3926758.0,3927646 890 854.3 558.4 664
SSACC R,3927648.0,
ESACC R,3927648.0,3927654 8 870.0 566.5 860.7 556.5 0.37 56
SFIX R,3927656.0,
EFIX R,3927656.0,3929388 1734 865.9 573.8 698
SSACC R,3929390.0,
ESACC R,3929390.0,3929402 14 862.8 585.8 871.8 562.8 0.67 71
SFIX R,3929404.0,
EFIX R,3929404.0,3930130 728 875.0 576.8 711
SSACC R,3930132.0,
SBLINK R,3930166.0,
EBLINK R,3930166.0,3930294 130
ESACC R,3930132.0,3930322 192 853.7 600.9 882.8 546.5 1.67 2171
SFIX R,3930324.0,
EFIX R,3930324.0,3930484 162 871.1 571.8 708
SSACC R,3930486.0,
ESACC R,3930486.0,3930498 14 872.9 575.5 901.2 569.5 0.78 71
SFIX R,3930500.0,
EFIX R,3930500.0,3931254 756 877.3 566.6 661
SSACC R,3931256.0,
ESACC R,3931256.0,3931260 6 873.3 567.6 878.2 558.8 0.27 51
SFIX R,3931262.0,
EFIX R,3931262.0,3932042 782 880.1 575.5 645
SSACC R,3932044.0,
ESACC R,3932044.0,3932050 8 878.2 579.5 890.5 576.5 0.34 51
SFIX R,3932052.0,
EFIX R,3932052.0,3933024 974 874.2 557.6 558
SSACC R,3933026.0,
ESACC R,3933026.0,3933036 12 854.8 558.8 869.9 545.6 0.54 61
SFIX R,3933038.0,
EFIX R,3933038.0,3933446 410 861.3 554.9 545
SSACC R,3933448.0,
ESACC R,3933448.0,3933456 10 850.4 545.8 852.8 556.0 0.28 44
SFIX R,3933458.0,
EFIX R,3933458.0,3933848 392 860.3 542.3 521
SSACC R,3933850.0,
ESACC R,3933850.0,3933870 22 856.6 537.1 862.2 545.7 0.28 47
SFIX R,3933872.0,
EFIX R,3933872.0,3934636 766 863.9 554.7 562
SSACC R,3934638.0,
ESACC R,3934638.0,3934648 12 859.3 559.6 874.4 553.1 0.45 50
SFIX R,3934650.0,
EFIX R,3934650.0,3936218 1570 872.3 561.1 595
SSACC R,3936220.0,
SBLINK R,3936270.0,
EBLINK R,3936270.0,3936426 158
ESACC R,3936220.0,3936516 298 856.1 574.8 923.6 478.7 3.18 1489
SFIX R,3936518.0,
EFIX R,3936518.0,3936954 438 899.2 517.9 484
SSACC R,3936956.0,
ESACC R,3936956.0,3936968 14 888.0 524.3 882.7 506.9 0.49 74
SFIX R,3936970.0,
EFIX R,3936970.0,3937044 76 879.0 507.7 429
SSACC R,3937046.0,
ESACC R,3937046.0,3937056 12 879.6 517.2 877.4 499.0 0.50 68
SFIX R,3937058.0,
EFIX R,3937058.0,3939372 2316 860.6 545.7 526
SSACC R,3939374.0,
ESACC R,3939374.0,3939390 18 854.5 582.5 831.8 562.6 0.82 84
SFIX R,3939392.0,
EFIX R,3939392.0,3939730 340 846.5 573.1 602
SSACC R,3939732.0,
ESACC R,3939732.0,3939740 10 853.3 566.8 846.6 557.8 0.30 43
SFIX R,3939742.0,
EFIX R,3939742.0,3941096 1356 846.3 557.4 597
SSACC R,3941098.0,
ESACC R,3941098.0,3941106 10 854.1 546.3 867.9 563.9 0.61 64
SFIX R,3941108.0,
EFIX R,3941108.0,3941338 232 864.9 560.7 584
SSACC R,3941340.0,
ESACC R,3941340.0,3941366 28 869.1 556.4 850.9 547.8 0.54 59
SFIX R,3941368.0,
EFIX R,3941368.0,3941476 110 849.3 553.8 630
SSACC R,3941478.0,
ESACC R,3941478.0,3941490 14 857.4 561.7 880.6 569.4 0.66 64
SFIX R,3941492.0,
EFIX R,3941492.0,3942880 1390 866.5 562.5 596
SSACC R,3942882.0,
ESACC R,3942882.0,3942898 18 844.5 560.2 871.5 562.1 0.73 56
SFIX R,3942900.0,
EFIX R,3942900.0,3944616 1718 862.4 556.7 553
SSACC R,3944618.0,
ESACC R,3944618.0,3944628 12 868.6 548.0 873.1 555.4 0.23 46
SFIX R,3944630.0,
EFIX R,3944630.0,3944876 248 872.2 540.2 448
SSACC R,3944878.0,
ESACC R,3944878.0,3944896 20 867.6 528.5 868.7 522.5 0.17 47
SFIX R,3944898.0,
EFIX R,3944898.0,3945066 170 861.2 523.0 443
SSACC R,3945068.0,
ESACC R,3945068.0,3945086 20 851.5 526.6 871.4 528.8 0.54 57
SFIX R,3945088.0,
EFIX R,3945088.0,3945744 658 854.1 551.4 525
SSACC R,3945746.0,
ESACC R,3945746.0,3945760 16 849.7 567.8 856.5 544.1 0.67 68
SFIX R,3945762.0,
EFIX R,3945762.0,3946604 844 856.5 565.9 668
SSACC R,3946606.0,
SBLINK R,3946636.0,
EBLINK R,3946636.0,3946734 100
ESACC R,3946606.0,3946776 172 840.3 577.2 889.3 511.7 2.22 2269
SFIX R,3946778.0,
EFIX R,3946778.0,3947058 282 882.3 552.0 805
SSACC R,3947060.0,
ESACC R,3947060.0,3947068 10 882.1 556.5 861.9 546.1 0.62 74
SFIX R,3947070.0,
EFIX R,3947070.0,3947678 610 854.3 557.7 758
SSACC R,3947680.0,
ESACC R,3947680.0,3947684 6 851.4 567.6 860.3 560.8 0.30 56
SFIX R,3947686.0,
EFIX R,3947686.0,3949478 1794 859.2 567.7 686
SSACC R,3949480.0,
SBLINK R,3949506.0,
EBLINK R,3949506.0,3949624 120
ESACC R,3949480.0,3949658 180 831.3 576.5 897.8 526.9 2.25 2148
SFIX R,3949660.0,
EFIX R,3949660.0,3950274 616 864.0 572.8 676
SSACC R,3950276.0,
ESACC R,3950276.0,3950282 8 862.8 583.4 864.4 565.7 0.48 68
SFIX R,3950284.0,
EFIX R,3950284.0,3950964 682 868.5 572.6 692
SSACC R,3950966.0,
ESACC R,3950966.0,3950972 8 869.1 574.2 874.0 565.3 0.28 49
SFIX R,3950974.0,
EFIX R,3950974.0,3951398 426 879.7 566.1 669
SSACC R,3951400.0,
ESACC R,3951400.0,3951416 18 873.7 564.0 847.1 542.7 0.92 72
SFIX R,3951418.0,
EFIX R,3951418.0,3951506 90 844.6 553.8 637
SSACC R,3951508.0,
ESACC R,3951508.0,3951524 18 844.4 553.3 882.7 563.6 1.07 104
SFIX R,3951526.0,
EFIX R,3951526.0,3952658 1134 863.7 570.7 665
SSACC R,3952660.0,
ESACC R,3952660.0,3952672 14 860.2 582.1 881.0 563.2 0.76 57
SFIX R,3952674.0,
EFIX R,3952674.0,3954402 1730 863.5 573.6 596
SSACC R,3954404.0,
ESACC R,3954404.0,3954432 30 861.6 578.8 868.4 561.2 0.51 78
SFIX R,3954434.0,
EFIX R,3954434.0,3954540 108 869.1 566.8 543
SSACC R,3954542.0,
ESACC R,3954542.0,3954554 14 865.9 558.8 872.0 572.9 0.42 54
SFIX R,3954556.0,
EFIX R,3954556.0,3954866 312 869.4 571.9 552
SSACC R,3954868.0,
ESACC R,3954868.0,3954878 12 863.1 574.7 849.6 561.7 0.51 64
SFIX R,3954880.0,
EFIX R,3954880.0,3955004 126 847.6 561.7 564
SSACC R,3955006.0,
ESACC R,3955006.0,3955056 52 847.2 562.1 876.0 568.2 0.80 65
SFIX R,3955058.0,
EFIX R,3955058.0,3955906 850 858.8 577.9 608
SSACC R,3955908.0,
ESACC R,3955908.0,3955914 8 847.2 589.7 859.2 580.5 0.41 56
SFIX R,3955916.0,
EFIX R,3955916.0,3956184 270 858.5 579.9 611
SSACC R,3956186.0,
ESACC R,3956186.0,3956192 8 857.1 582.6 847.5 578.6 0.28 56
SFIX R,3956194.0,
EFIX R,3956194.0,3956664 472 842.4 581.6 581
SSACC R,3956666.0,
ESACC R,3956666.0,3956676 12 845.4 585.0 865.5 581.8 0.55 59
SFIX R,3956678.0,
EFIX R,3956678.0,3957202 526 851.8 573.1 540
SSACC R,3957204.0,
SBLINK R,3957316.0,
EBLINK R,3957316.0,3957470 156
ESACC R,3957204.0,3957590 388 848.4 522.5 880.8 508.5 0.96 2141
SFIX R,3957592.0,
EFIX R,3957592.0,3959066 1476 858.1 534.6 460
SSACC R,3959068.0,
ESACC R,3959068.0,3959084 18 849.9 559.2 857.8 567.0 0.30 60
SFIX R,3959086.0,
EFIX R,3959086.0,3959418 334 851.6 561.6 483
SSACC R,3959420.0,
ESACC R,3959420.0,3959428 10 847.1 569.5 841.9 549.0 0.57 71
SFIX R,3959430.0,
EFIX R,3959430.0,3959676 248 837.2 563.4 501
SSACC R,3959678.0,
ESACC R,3959678.0,3959688 12 837.6 571.9 839.4 581.1 0.25 44
SFIX R,3959690.0,
EFIX R,3959690.0,3959758 70 837.2 579.6 512
SSACC R,3959760.0,
ESACC R,3959760.0,3959766 8 838.2 572.2 851.2 560.3 0.48 70
SFIX R,3959768.0,
EFIX R,3959768.0,3960746 980 845.4 549.1 487
SSACC R,3960748.0,
ESACC R,3960748.0,3960756 10 842.4 518.6 845.7 542.2 0.65 74
SFIX R,3960758.0,
EFIX R,3960758.0,3961134 378 848.3 556.6 510
SSACC R,3961136.0,
ESACC R,3961136.0,3961150 16 857.7 580.5 842.9 557.7 0.74 75
SFIX R,3961152.0,
EFIX R,3961152.0,3961466 316 837.9 567.2 546
SSACC R,3961468.0,
ESACC R,3961468.0,3961482 16 838.4 570.7 851.0 543.2 0.82 85
SFIX R,3961484.0,
EFIX R,3961484.0,3962308 826 855.2 564.5 640
SSACC R,3962310.0,
ESACC R,3962310.0,3962316 8 856.3 576.4 866.3 564.1 0.43 66
SFIX R,3962318.0,
EFIX R,3962318.0,3963446 1130 863.1 581.4 684
SSACC R,3963448.0,
ESACC R,3963448.0,3963456 10 859.8 599.4 844.9 584.0 0.58 85
SFIX R,3963458.0,
EFIX R,3963458.0,3963576 120 829.9 582.2 618
SSACC R,3963578.0,
ESACC R,3963578.0,3963588 12 831.6 582.7 854.7 579.3 0.63 76
SFIX R,3963590.0,
EFIX R,3963590.0,3964986 1398 862.0 587.9 579
SSACC R,3964988.0,
ESACC R,3964988.0,3964996 10 884.1 604.9 899.5 597.9 0.46 64
SFIX R,3964998.0,
EFIX R,3964998.0,3965082 86 908.2 583.6 596
SSACC R,3965084.0,
SBLINK R,3965106.0,
EBLINK R,3965106.0,3965284 180
ESACC R,3965084.0,3965328 246 915.5 564.6 910.8 479.1 2.32 231
SFIX R,3965330.0,
EFIX R,3965330.0,3965402 74 897.4 490.1 548
SSACC R,3965404.0,
ESACC R,3965404.0,3965450 48 891.7 511.8 888.9 517.1 0.16 65
SFIX R,3965452.0,
EFIX R,3965452.0,3965512 62 886.3 525.1 540
SSACC R,3965514.0,
ESACC R,3965514.0,3965526 14 891.8 546.7 885.5 557.2 0.33 52
SFIX R,3965528.0,
EFIX R,3965528.0,3966404 878 861.6 553.4 520
SSACC R,3966406.0,
ESACC R,3966406.0,3966410 6 851.4 539.0 851.3 555.5 0.45 63
SFIX R,3966412.0,
EFIX R,3966412.0,3966836 426 854.4 556.8 515
SSACC R,3966838.0,
ESACC R,3966838.0,3966848 12 856.0 570.3 868.8 557.7 0.49 53
SFIX R,3966850.0,
EFIX R,3966850.0,3968156 1308 882.1 575.8 600
SSACC R,3968158.0,
ESACC R,3968158.0,3968166 10 895.7 593.3 875.3 576.4 0.72 86
SFIX R,3968168.0,
EFIX R,3968168.0,3968646 480 876.3 586.7 637
SSACC R,3968648.0,
ESACC R,3968648.0,3968658 12 868.6 580.7 865.1 563.3 0.48 58
SFIX R,3968660.0,
EFIX R,3968660.0,3969208 550 867.2 576.0 674
SSACC R,3969210.0,
ESACC R,3969210.0,3969216 8 861.8 580.6 846.9 575.3 0.43 58
SFIX R,3969218.0,
EFIX R,3969218.0,3969338 122 841.3 580.2 646
SSACC R,3969340.0,
ESACC R,3969340.0,3969352 14 845.1 585.9 867.4 590.5 0.62 69
SFIX R,3969354.0,
EFIX R,3969354.0,3970682 1330 860.8 573.0 537
SSACC R,3970684.0,
ESACC R,3970684.0,3970712 30 856.6 547.6 856.7 549.8 0.06 55
SFIX R,3970714.0,
EFIX R,3970714.0,3971258 546 858.5 555.8 486
SSACC R,3971260.0,
ESACC R,3971260.0,3971272 14 870.5 562.5 864.1 543.0 0.56 65
SFIX R,3971274.0,
EFIX R,3971274.0,3971464 192 864.0 550.8 526
SSACC R,3971466.0,
ESACC R,3971466.0,3971474 10 848.9 540.1 853.8 551.8 0.34 70
SFIX R,3971476.0,
EFIX R,3971476.0,3973094 1620 861.8 549.0 531
SSACC R,3973096.0,
ESACC R,3973096.0,3973104 10 862.4 536.8 865.4 552.1 0.42 52
SFIX R,3973106.0,
EFIX R,3973106.0,3973840 736 864.1 559.3 530
SSACC R,3973842.0,
ESACC R,3973842.0,3973868 28 859.2 584.8 875.1 547.7 1.09 68
SFIX R,3973870.0,
EFIX R,3973870.0,3974180 312 863.6 568.6 578
SSACC R,3974182.0,
ESACC R,3974182.0,3974200 20 862.5 575.7 845.5 553.2 0.76 58
SFIX R,3974202.0,
EFIX R,3974202.0,3974682 482 853.7 581.2 605
SSACC R,3974684.0,
ESACC R,3974684.0,3974690 8 852.8 581.2 863.1 564.8 0.52 82
SFIX R,3974692.0,
EFIX R,3974692.0,3974908 218 864.2 567.7 601
SSACC R,3974910.0,
SBLINK R,3974936.0,
EBLINK R,3974936.0,3975056 122
ESACC R,3974910.0,3975102 194 850.1 573.1 847.2 561.6 0.32 813
SFIX R,3975104.0,
EFIX R,3975104.0,3975282 180 840.2 594.2 584
SSACC R,3975284.0,
ESACC R,3975284.0,3975296 14 840.8 599.4 866.7 603.5 0.71 68
SFIX R,3975298.0,
EFIX R,3975298.0,3976598 1302 855.6 608.8 533
SSACC R,3976600.0,
ESACC R,3976600.0,3976604 6 838.9 594.2 845.1 602.3 0.28 51
SFIX R,3976606.0,
EFIX R,3976606.0,3976894 290 855.8 598.2 498
SSACC R,3976896.0,
ESACC R,3976896.0,3976908 14 857.7 595.3 836.6 587.3 0.61 50
SFIX R,3976910.0,
EFIX R,3976910.0,3977060 152 835.2 587.2 500
SSACC R,3977062.0,
ESACC R,3977062.0,3977072 12 839.5 595.6 858.0 585.7 0.57 63
SFIX R,3977074.0,
EFIX R,3977074.0,3977434 362 864.6 591.6 515
SSACC R,3977436.0,
ESACC R,3977436.0,3977442 8 867.3 598.9 874.7 581.2 0.52 69
SFIX R,3977444.0,
EFIX R,3977444.0,3977828 386 857.8 575.0 509
SSACC R,3977830.0,
ESACC R,3977830.0,3977838 10 831.7 558.0 851.7 566.6 0.59 76
SFIX R,3977840.0,
EFIX R,3977840.0,3980496 2658 862.4 551.1 441
SSACC R,3980498.0,
ESACC R,3980498.0,3980512 16 858.1 572.6 836.0 558.0 0.72 75
SFIX R,3980514.0,
EFIX R,3980514.0,3980710 198 847.6 574.4 495
SSACC R,3980712.0,
ESACC R,3980712.0,3980754 44 853.5 576.7 861.0 577.8 0.21 70
SFIX R,3980756.0,
EFIX R,3980756.0,3982262 1508 865.9 579.9 582
SSACC R,3982264.0,
SBLINK R,3982294.0,
EBLINK R,3982294.0,3982414 122
ESACC R,3982264.0,3982466 204 838.8 587.7 877.0 564.1 1.22 1641
SFIX R,3982468.0,
EFIX R,3982468.0,3982648 182 866.0 565.1 606
SSACC R,3982650.0,
ESACC R,3982650.0,3982682 34 861.8 572.0 859.8 547.7 0.66 68
SFIX R,3982684.0,
EFIX R,3982684.0,3982900 218 866.8 560.0 622
SSACC R,3982902.0,
ESACC R,3982902.0,3982916 16 875.0 561.2 879.0 531.5 0.81 86
SFIX R,3982918.0,
EFIX R,3982918.0,3984090 1174 876.5 558.7 635
SSACC R,3984092.0,
ESACC R,3984092.0,3984104 14 891.7 574.6 882.8 551.6 0.67 64
SFIX R,3984106.0,
EFIX R,3984106.0,3984418 314 880.1 570.1 743
SSACC R,3984420.0,
ESACC R,3984420.0,3984428 10 875.0 577.0 877.8 586.1 0.26 55
SFIX R,3984430.0,
EFIX R,3984430.0,3984664 236 877.5 585.8 758
SSACC R,3984666.0,
ESACC R,3984666.0,3984682 18 879.8 591.0 896.7 571.2 0.71 90
SFIX R,3984684.0,
EFIX R,3984684.0,3985312 630 891.3 580.9 773
SSACC R,3985314.0,
ESACC R,3985314.0,3985322 10 899.4 582.5 893.7 562.5 0.56 71
SFIX R,3985324.0,
EFIX R,3985324.0,3985390 68 895.9 565.8 789
SSACC R,3985392.0,
SBLINK R,3985436.0,
EBLINK R,3985436.0,3985554 120
ESACC R,3985392.0,3985580 190 893.9 571.8 916.8 532.9 1.22 2305
SFIX R,3985582.0,
EFIX R,3985582.0,3986116 536 895.2 591.1 803
SSACC R,3986118.0,
ESACC R,3986118.0,3986128 12 888.7 597.8 891.3 575.4 0.61 61
SFIX R,3986130.0,
EFIX R,3986130.0,3988566 2438 883.6 592.8 845
SSACC R,3988568.0,
ESACC R,3988568.0,3988576 10 888.3 599.1 894.9 583.9 0.45 66
SFIX R,3988578.0,
EFIX R,3988578.0,3989226 650 886.1 591.8 813
SSACC R,3989228.0,
SBLINK R,3989252.0,
EBLINK R,3989252.0,3989422 172
ESACC R,3989228.0,3989480 254 852.8 586.0 909.5 587.5 1.54 653
SFIX R,3989482.0,
EFIX R,3989482.0,3989820 340 908.4 593.2 744
SSACC R,3989822.0,
ESACC R,3989822.0,3989838 18 904.8 590.0 891.5 570.4 0.64 58
SFIX R,3989840.0,
EFIX R,3989840.0,3990112 274 891.7 582.5 729
SSACC R,3990114.0,
ESACC R,3990114.0,3990128 16 895.4 585.3 904.4 547.7 1.05 90
SFIX R,3990130.0,
EFIX R,3990130.0,3990678 550 901.4 572.7 749
SSACC R,3990680.0,
ESACC R,3990680.0,3990684 6 900.5 579.1 893.1 574.2 0.24 41
SFIX R,3990686.0,
EFIX R,3990686.0,3990972 288 893.5 581.3 815
SSACC R,3990974.0,
ESACC R,3990974.0,3990986 14 900.0 585.5 919.9 577.3 0.58 55
SFIX R,3990988.0,
EFIX R,3990988.0,3991342 356 915.1 586.5 856
SSACC R,3991344.0,
ESACC R,3991344.0,3991354 12 905.6 596.6 899.8 587.3 0.30 40
SFIX R,3991356.0,
MSG,3991574.0,STORY_2_END
EFIX R,3991356.0,3991616 262 895.4 591.7 875
SSACC R,3991618.0,
SBLINK R,3991640.0,
EBLINK R,3991640.0,3991784 146
ESACC R,3991618.0,3991840 224 872.6 599.9 855.8 557.1 1.25 512
SFIX R,3991842.0,
EFIX R,3991842.0,3991938 98 850.2 573.0 843
SSACC R,3991940.0,
ESACC R,3991940.0,3991982 44 851.1 581.0 553.7 520.1 8.08 314
SFIX R,3991984.0,
EFIX R,3991984.0,3992188 206 543.9 518.4 818
SSACC R,3992190.0,
ESACC R,3992190.0,3992222 34 540.0 512.9 702.2 494.5 4.31 259
SFIX R,3992224.0,
EFIX R,3992224.0,3992394 172 689.1 490.7 719
SSACC R,3992396.0,
ESACC R,3992396.0,3992436 42 684.2 490.8 916.3 466.1 6.27 300
SFIX R,3992438.0,
EFIX R,3992438.0,3992702 266 898.6 480.1 677
SSACC R,3992704.0,
ESACC R,3992704.0,3992760 58 895.6 483.6 741.0 556.0 4.60 266
SFIX R,3992762.0,
EFIX R,3992762.0,3992886 126 739.5 563.0 726
SSACC R,3992888.0,
ESACC R,3992888.0,3992908 22 743.0 563.7 786.9 544.0 1.30 101
SFIX R,3992910.0,
EFIX R,3992910.0,3992966 58 783.5 553.6 774
SSACC R,3992968.0,
ESACC R,3992968.0,3993016 50 785.5 554.3 978.7 532.2 5.26 294
SFIX R,3993018.0,
EFIX R,3993018.0,3993168 152 980.0 538.5 827
SSACC R,3993170.0,
ESACC R,3993170.0,3993200 32 977.6 542.6 1116.2 523.2 3.78 232
SFIX R,3993202.0,
EFIX R,3993202.0,3993338 138 1112.4 531.6 858
SSACC R,3993340.0,
ESACC R,3993340.0,3993384 46 1110.0 537.6 747.5 638.3 10.13 429
SFIX R,3993386.0,
EFIX R,3993386.0,3993596 212 727.1 640.8 887
SSACC R,3993598.0,
ESACC R,3993598.0,3993630 34 717.4 645.1 890.8 639.0 4.67 282
SFIX R,3993632.0,
EFIX R,3993632.0,3993786 156 876.9 642.2 914
SSACC R,3993788.0,
ESACC R,3993788.0,3993824 38 878.8 639.4 1052.0 643.3 4.68 233
SFIX R,3993826.0,
EFIX R,3993826.0,3994252 428 1041.1 651.8 938
SSACC R,3994254.0,
SBLINK R,3994290.0,
EBLINK R,3994290.0,3994436 148
ESACC R,3994254.0,3994462 210 1038.4 659.2 1180.8 493.1 5.90 310
SFIX R,3994464.0,
EFIX R,3994464.0,3994486 24 1180.0 490.1 943
SSACC R,3994488.0,
ESACC R,3994488.0,3994498 12 1176.9 499.7 1174.8 513.5 0.38 54
SFIX R,3994500.0,
EFIX R,3994500.0,3994656 158 1170.4 529.6 916
SSACC R,3994658.0,
ESACC R,3994658.0,3994688 32 1173.3 527.3 1230.0 452.6 2.52 177
SFIX R,3994690.0,
EFIX R,3994690.0,3994868 180 1228.0 466.5 925
SSACC R,3994870.0,
ESACC R,3994870.0,3994914 46 1232.4 467.4 1272.3 412.8 1.81 190
SFIX R,3994916.0,
EFIX R,3994916.0,3995054 140 1274.2 410.7 954
SSACC R,3995056.0,
ESACC R,3995056.0,3995134 80 1272.1 411.7 1809.5 1145.5 22.58 575
SFIX R,3995136.0,
EFIX R,3995136.0,3995280 146 1799.4 1159.3 905
SSACC R,3995282.0,
ESACC R,3995282.0,3995296 16 1789.7 1166.4 1763.9 1197.4 0.93 80
SFIX R,3995298.0,
EFIX R,3995298.0,3995608 312 1775.6 1194.9 925
SSACC R,3995610.0,
ESACC R,3995610.0,3995696 88 1786.7 1198.1 991.9 528.8 25.84 558
SFIX R,3995698.0,
EFIX R,3995698.0,3995966 270 964.2 522.8 1031
SSACC R,3995968.0,
ESACC R,3995968.0,3995992 26 960.3 534.7 876.2 471.3 2.85 181
SFIX R,3995994.0,
EFIX R,3995994.0,3996260 268 857.0 485.3 1024
SSACC R,3996262.0,
ESACC R,3996262.0,3996288 28 852.3 488.2 918.5 464.9 1.90 128
SFIX R,3996290.0,
EFIX R,3996290.0,3996552 264 916.0 479.9 964
SSACC R,3996554.0,
ESACC R,3996554.0,3996584 32 917.4 488.3 792.3 516.9 3.47 159
SFIX R,3996586.0,
EFIX R,3996586.0,3996978 394 796.9 523.5 949
SSACC R,3996980.0,
ESACC R,3996980.0,3997012 34 810.6 525.1 658.7 500.9 4.12 237
SFIX R,3997014.0,
EFIX R,3997014.0,3997766 754 663.8 513.3 1011
SSACC R,3997768.0,
SBLINK R,3997796.0,
EBLINK R,3997796.0,3997938 144
ESACC R,3997768.0,3997938 172 658.1 554.8 697.8 581.0 1.27 671
END,3997939.0,SAMPLES EVENTS RES 37.12 37.10
