start_time,end_time
501201.0,501645.0
502577.0,502775.0
504029.0,504079.0
504509.0,504705.0
505193.0,505353.0
506075.0,506361.0
507307.0,507497.0
508541.0,508723.0
509193.0,509367.0
509413.0,509447.0
509619.0,509623.0
509865.0,510063.0
510647.0,510675.0
510805.0,510991.0
511651.0,511907.0
513775.0,513921.0
514417.0,514605.0
515453.0,515601.0
516293.0,516511.0
517881.0,518055.0
519763.0,519971.0
520849.0,521037.0
521507.0,521653.0
522091.0,522277.0
522839.0,523035.0
523537.0,523787.0
524025.0,524311.0
524699.0,525057.0
526299.0,526565.0
528835.0,528999.0
529375.0,529519.0
530107.0,530275.0
530723.0,530913.0
531547.0,531721.0
532123.0,532315.0
533043.0,533283.0
533757.0,533915.0
534453.0,534745.0
534879.0,535299.0
535697.0,536039.0
536811.0,537211.0
538171.0,538559.0
539445.0,539637.0
540541.0,540725.0
541187.0,541381.0
542133.0,542339.0
543101.0,543277.0
543997.0,544187.0
545101.0,545253.0
546163.0,546333.0
546567.0,546579.0
546937.0,547531.0
547871.0,548069.0
548537.0,549077.0
549811.0,550031.0
550937.0,551163.0
551653.0,551939.0
552623.0,552979.0
553297.0,553537.0
553865.0,554083.0
555331.0,555549.0
556063.0,556223.0
556305.0,556569.0
557273.0,557571.0
558193.0,558463.0
558979.0,559183.0
559949.0,560173.0
561067.0,561353.0
562199.0,562421.0
562921.0,563143.0
564751.0,564939.0
565293.0,565497.0
566637.0,566869.0
567271.0,567475.0
568067.0,568219.0
568763.0,568941.0
569421.0,569607.0
569821.0,569843.0
570327.0,570381.0
570459.0,570659.0
571567.0,571743.0
572461.0,572689.0
573213.0,573463.0
574103.0,574333.0
575303.0,575739.0
576811.0,577107.0
577643.0,578205.0
578445.0,578667.0
579239.0,579497.0
579995.0,580189.0
581701.0,581863.0
583129.0,583311.0
583753.0,583957.0
584741.0,584937.0
585369.0,585565.0
586945.0,587131.0
588211.0,588339.0
588823.0,589017.0
589515.0,589663.0
590723.0,590875.0
591527.0,591695.0
592391.0,592525.0
593915.0,593915.0
594623.0,594797.0
595219.0,595427.0
595863.0,596065.0
596403.0,597059.0
597951.0,597951.0
598135.0,598325.0
598923.0,599099.0
599539.0,599711.0
600165.0,600371.0
600765.0,601003.0
601601.0,601821.0
602395.0,602583.0
602995.0,603185.0
603831.0,604037.0
604567.0,604747.0
605195.0,605381.0
605745.0,605969.0
607469.0,607661.0
608565.0,608737.0
609201.0,609395.0
610095.0,610323.0
610865.0,611039.0
611743.0,611939.0
612519.0,612701.0
613133.0,613313.0
613715.0,613929.0
614339.0,614559.0
615547.0,615745.0
616177.0,616417.0
617107.0,617409.0
617701.0,617903.0
618649.0,618879.0
620469.0,620651.0
621349.0,621529.0
621599.0,622113.0
622647.0,622833.0
623805.0,624345.0
624821.0,625359.0
626465.0,626663.0
627657.0,627909.0
628337.0,628551.0
628633.0,628813.0
630053.0,630293.0
630435.0,630839.0
630941.0,631241.0
631731.0,631981.0
632215.0,632433.0
633017.0,633305.0
633943.0,634659.0
635349.0,635701.0
636049.0,636301.0
637161.0,637583.0
638399.0,638585.0
638797.0,638839.0
638957.0,639135.0
640559.0,640727.0
642399.0,642589.0
643995.0,644215.0
644767.0,644969.0
645457.0,645825.0
647359.0,647405.0
647503.0,647503.0
647571.0,647585.0
647755.0,647869.0
648011.0,648377.0
648553.0,648717.0
649711.0,649911.0
650687.0,650905.0
650979.0,651001.0
651135.0,651139.0
651507.0,651745.0
652905.0,652999.0
653125.0,653305.0
653781.0,654109.0
654249.0,654389.0
654611.0,655035.0
655173.0,656033.0
657013.0,657183.0
657837.0,658275.0
658999.0,659001.0
659097.0,659105.0
659355.0,659569.0
660413.0,660671.0
661631.0,661827.0
662305.0,662759.0
663569.0,663929.0
664463.0,664863.0
664933.0,665095.0
665385.0,665557.0
667487.0,667659.0
668221.0,668447.0
669141.0,669291.0
669585.0,669765.0
670251.0,670461.0
672003.0,672197.0
673235.0,673297.0
674381.0,674591.0
675585.0,675705.0
676297.0,677011.0
677541.0,678303.0
679031.0,679737.0
680597.0,680809.0
681627.0,681805.0
682919.0,684129.0
685379.0,685537.0
686339.0,686565.0
687109.0,687543.0
688071.0,688345.0
688639.0,688741.0
688971.0,689285.0
689625.0,689891.0
690331.0,690437.0
691035.0,691209.0
692475.0,693387.0
693999.0,694291.0
695153.0,695447.0
695727.0,695883.0
696675.0,696965.0
697249.0,697437.0
698309.0,698467.0
698761.0,698941.0
701199.0,701377.0
702763.0,702919.0
704265.0,704467.0
705215.0,705561.0
705605.0,705745.0
705815.0,706171.0
708327.0,708375.0
708819.0,708917.0
711003.0,711205.0
712101.0,712483.0
712947.0,713091.0
714379.0,714525.0
715063.0,715593.0
715721.0,715721.0
716535.0,716743.0
717507.0,717589.0
717777.0,717981.0
721279.0,721467.0
721939.0,722181.0
722633.0,722887.0
723889.0,724075.0
724647.0,724847.0
724957.0,725155.0
725755.0,726205.0
729963.0,730095.0
731873.0,732353.0
733545.0,733769.0
734599.0,734765.0
735807.0,736015.0
737315.0,737465.0
738939.0,739259.0
741897.0,742125.0
744715.0,744879.0
745653.0,745897.0
746339.0,746669.0
748477.0,748627.0
749137.0,749241.0
749575.0,749747.0
751937.0,752075.0
752449.0,752525.0
753341.0,753869.0
755041.0,755241.0
756757.0,757109.0
758419.0,758561.0
758859.0,759205.0
759317.0,759339.0
759787.0,759991.0
760333.0,760617.0
761297.0,761407.0
762289.0,762457.0
763227.0,763419.0
764983.0,765213.0
765405.0,765465.0
766649.0,766829.0
767379.0,767727.0
767857.0,767941.0
770013.0,770185.0
771097.0,771621.0
771693.0,772089.0
773241.0,773747.0
774863.0,775407.0
775621.0,775633.0
775783.0,776017.0
776751.0,776905.0
778335.0,778499.0
780123.0,780247.0
780891.0,780999.0
781885.0,782181.0
783423.0,783571.0
783945.0,784103.0
785313.0,785485.0
786451.0,786605.0
787113.0,787531.0
788147.0,788351.0
788605.0,788735.0
789553.0,789745.0
789923.0,789927.0
790843.0,791325.0
791541.0,791577.0
791919.0,792065.0
792847.0,793279.0
793943.0,794223.0
795663.0,795813.0
797499.0,797949.0
798501.0,799169.0
800703.0,800863.0
801691.0,801789.0
801995.0,802899.0
804859.0,804993.0
805725.0,805841.0
808183.0,808317.0
810149.0,810263.0
811643.0,811813.0
815205.0,815329.0
815737.0,815947.0
816311.0,816535.0
817719.0,818029.0
818207.0,818245.0
819273.0,819315.0
819605.0,819607.0
819649.0,819879.0
820391.0,820531.0
820613.0,820855.0
821575.0,821865.0
822851.0,822851.0
823117.0,823119.0
823211.0,823359.0
824643.0,824831.0
825847.0,825969.0
826483.0,826715.0
827085.0,827611.0
827903.0,828093.0
829603.0,829839.0
831599.0,831965.0
832233.0,832435.0
833423.0,833647.0
834941.0,835221.0
835333.0,835961.0
836669.0,836897.0
837155.0,837325.0
837565.0,837667.0
837825.0,837983.0
838743.0,838919.0
839505.0,839993.0
841757.0,841945.0
842799.0,843023.0
843339.0,843725.0
844773.0,845189.0
845361.0,845575.0
846847.0,846927.0
848235.0,848445.0
848871.0,848917.0
849233.0,849681.0
850031.0,850287.0
852449.0,852633.0
852893.0,853027.0
854407.0,854869.0
855541.0,855551.0
856051.0,856173.0
857291.0,857501.0
859355.0,859503.0
859763.0,860013.0
862245.0,862403.0
862531.0,862611.0
866337.0,866479.0
871593.0,871737.0
874295.0,874485.0
875509.0,875643.0
876187.0,876367.0
876769.0,876957.0
877229.0,877509.0
877819.0,879663.0
879825.0,880425.0
880709.0,881193.0
881651.0,882157.0
883033.0,883153.0
883241.0,883241.0
883285.0,883335.0
883533.0,884379.0
884911.0,885149.0
886015.0,886211.0
886693.0,887131.0
887213.0,887437.0
888613.0,889047.0
889469.0,889745.0
890315.0,890521.0
891481.0,891639.0
892397.0,892899.0
893915.0,894067.0
895657.0,895799.0
896935.0,897081.0
898675.0,898807.0
900513.0,900633.0
901539.0,901673.0
902991.0,903191.0
903761.0,903919.0
905915.0,905931.0
906877.0,906951.0
907449.0,908005.0
909285.0,909461.0
909969.0,910159.0
910457.0,910497.0
911639.0,911695.0
911961.0,912117.0
912613.0,912851.0
913237.0,913393.0
914565.0,914871.0
915191.0,915525.0
915617.0,915661.0
915925.0,916145.0
916657.0,916877.0
918765.0,918785.0
919199.0,919203.0
919333.0,919353.0
919535.0,919691.0
921201.0,921635.0
923529.0,923691.0
924087.0,924135.0
924523.0,924657.0
924993.0,925151.0
925925.0,926667.0
927533.0,927753.0
928695.0,928715.0
929087.0,929435.0
929817.0,930025.0
930583.0,930767.0
931255.0,931471.0
932007.0,932193.0
932331.0,932529.0
932881.0,933145.0
933635.0,934007.0
934865.0,935103.0
935557.0,935863.0
936037.0,936195.0
936697.0,936891.0
936999.0,937119.0
937261.0,937493.0
938131.0,938797.0
939429.0,940171.0
941061.0,941267.0
942073.0,942321.0
943195.0,943421.0
943901.0,944563.0
944799.0,945049.0
945555.0,945807.0
945901.0,945903.0
946665.0,947037.0
948135.0,948285.0
949115.0,949293.0
949855.0,950525.0
951383.0,951705.0
952787.0,952975.0
954027.0,954171.0
955401.0,955625.0
955893.0,956911.0
958141.0,958335.0
959425.0,960065.0
960723.0,961037.0
961745.0,961947.0
962295.0,962371.0
963185.0,963313.0
964039.0,964173.0
965189.0,965371.0
966379.0,966665.0
967887.0,968047.0
969223.0,969679.0
970805.0,970961.0
972131.0,972797.0
972945.0,973131.0
974681.0,974853.0
976521.0,976653.0
977529.0,977749.0
978341.0,978633.0
979439.0,979607.0
979897.0,980165.0
980715.0,980877.0
981739.0,981895.0
983069.0,983343.0
983995.0,983995.0
984757.0,984973.0
985539.0,985779.0
986755.0,986945.0
987693.0,988259.0
988795.0,989103.0
989475.0,989677.0
989991.0,990499.0
990997.0,991127.0
991345.0,991505.0
992349.0,992513.0
993373.0,993535.0
993635.0,993905.0
994527.0,994717.0
995031.0,995031.0
995261.0,995539.0
996335.0,996619.0
996871.0,997419.0
998625.0,998827.0
1000831.0,1000975.0
1001699.0,1001937.0
1002555.0,1002835.0
1003863.0,1004083.0
1004553.0,1004805.0
1006229.0,1006429.0
1006945.0,1007229.0
1007839.0,1008113.0
1008321.0,1008461.0
1009871.0,1010271.0
1011229.0,1011555.0
1013101.0,1013583.0
1014087.0,1014223.0
1015229.0,1015231.0
1016373.0,1016487.0
1017377.0,1017549.0
1017835.0,1017885.0
1018429.0,1018559.0
1019285.0,1019707.0
1020571.0,1020755.0
1021681.0,1022039.0
1022517.0,1022721.0
1023233.0,1023449.0
1023559.0,1023885.0
1024633.0,1024819.0
1025139.0,1025385.0
1025601.0,1025601.0
1025959.0,1026301.0
1027191.0,1027373.0
1030091.0,1030203.0
1031095.0,1031235.0
1032631.0,1032773.0
1033927.0,1034059.0
1035399.0,1035575.0
1036707.0,1036893.0
1038047.0,1038215.0
1039029.0,1039241.0
1039615.0,1039789.0
1040365.0,1040659.0
1040839.0,1040839.0
1042145.0,1042289.0
1043683.0,1043911.0
1044241.0,1044469.0
1045261.0,1045705.0
1045837.0,1046003.0
1048843.0,1049015.0
1049627.0,1049879.0
1050451.0,1050645.0
1051217.0,1051517.0
1052065.0,1052283.0
1053297.0,1053479.0
1054355.0,1054501.0
1055435.0,1055583.0
1056733.0,1056859.0
1057829.0,1057833.0
1058669.0,1058727.0
1059275.0,1059421.0
1060497.0,1060645.0
1061369.0,1061529.0
1062413.0,1062549.0
1063477.0,1063563.0
1063771.0,1063777.0
1064057.0,1064163.0
1065227.0,1065415.0
1066465.0,1066649.0
1067523.0,1067687.0
1069293.0,1069439.0
1070753.0,1070847.0
1071521.0,1071633.0
1073539.0,1073665.0
1074697.0,1074849.0
1074949.0,1075693.0
1077425.0,1077583.0
1078469.0,1078669.0
1080719.0,1080875.0
1081353.0,1081563.0
1082119.0,1082345.0
1083497.0,1083651.0
1085917.0,1086319.0
1086889.0,1087119.0
1088539.0,1088731.0
1090701.0,1090871.0
1092797.0,1092937.0
1094239.0,1094341.0
1095123.0,1095243.0
1095985.0,1096093.0
1096917.0,1097043.0
1097843.0,1097949.0
1098341.0,1098587.0
1098647.0,1099519.0
1099945.0,1100149.0
1101305.0,1101481.0
1102223.0,1102399.0
1103165.0,1103369.0
1103783.0,1104009.0
1105205.0,1105257.0
1105569.0,1105801.0
1106455.0,1106593.0
1107115.0,1107331.0
1107685.0,1107685.0
1108201.0,1108393.0
1108595.0,1109069.0
1109489.0,1109815.0
1111013.0,1111173.0
1111775.0,1111891.0
1112737.0,1112887.0
1113277.0,1113457.0
1113883.0,1114113.0
1114601.0,1114875.0
1115141.0,1115667.0
1116261.0,1116501.0
1116877.0,1116905.0
1117073.0,1117301.0
1118333.0,1118595.0
1118741.0,1118745.0
1118865.0,1119081.0
1119543.0,1119573.0
1119643.0,1120101.0
1121003.0,1122019.0
1123063.0,1123411.0
1124471.0,1124923.0
1125845.0,1126105.0
1126241.0,1126245.0
1126937.0,1127073.0
1127797.0,1127959.0
1128559.0,1128761.0
1129195.0,1129515.0
1130323.0,1130519.0
1130845.0,1130877.0
1131013.0,1131279.0
1132755.0,1132965.0
1133333.0,1133513.0
1133727.0,1133855.0
1134217.0,1134443.0
1134815.0,1134853.0
1137133.0,1137135.0
1137529.0,1137743.0
1137983.0,1138019.0
1138557.0,1138787.0
1138959.0,1138981.0
1139863.0,1139993.0
1140317.0,1140441.0
1141447.0,1141699.0
1143155.0,1143155.0
1143735.0,1143973.0
1146189.0,1146359.0
1147549.0,1147721.0
1149107.0,1149237.0
1149783.0,1150039.0
1150169.0,1150415.0
1152263.0,1152393.0
1153245.0,1153379.0
1153867.0,1154061.0
1154887.0,1155103.0
1155625.0,1155849.0
1157265.0,1157397.0
1158845.0,1158997.0
1160095.0,1160191.0
1161561.0,1161637.0
1162371.0,1162625.0
1162985.0,1163175.0
1163837.0,1163993.0
1165089.0,1165275.0
1166043.0,1166303.0
1167819.0,1168205.0
1168661.0,1168825.0
1170279.0,1170383.0
1170991.0,1171195.0
1172019.0,1172273.0
1173011.0,1173241.0
1173721.0,1173957.0
1175453.0,1176065.0
1176779.0,1177043.0
1177355.0,1177617.0
1178245.0,1178501.0
1178885.0,1179393.0
1179889.0,1180391.0
1181067.0,1181255.0
1182395.0,1182525.0
1182897.0,1183025.0
1184161.0,1184779.0
1185037.0,1185267.0
1186291.0,1186445.0
1187609.0,1188555.0
1189743.0,1189885.0
1190521.0,1190693.0
1191183.0,1191365.0
1191555.0,1191927.0
1193285.0,1193421.0
1196159.0,1196241.0
1197751.0,1197823.0
1198579.0,1198579.0
1198861.0,1198985.0
1200119.0,1200229.0
1200933.0,1201011.0
1202031.0,1202145.0
1203769.0,1203879.0
1204773.0,1204919.0
1205629.0,1206103.0
1206185.0,1206367.0
1206683.0,1207413.0
1207885.0,1208071.0
1208427.0,1208641.0
1208997.0,1209835.0
1209921.0,1210159.0
1210655.0,1211483.0
1212247.0,1212355.0
1212503.0,1212669.0
1213049.0,1213193.0
1213537.0,1213787.0
1214677.0,1214807.0
1216057.0,1216185.0
1217803.0,1217899.0
1218531.0,1218665.0
1219515.0,1219683.0
1220043.0,1220577.0
1220631.0,1220825.0
1222205.0,1222373.0
1223587.0,1223755.0
1224257.0,1224465.0
1225397.0,1225397.0
1226213.0,1226369.0
1227759.0,1227875.0
1228683.0,1228805.0
1229499.0,1229671.0
1230213.0,1230241.0
1230297.0,1230493.0
1231439.0,1231597.0
1232397.0,1232595.0
1234093.0,1234323.0
1235329.0,1235601.0
1235949.0,1236163.0
1236651.0,1237151.0
1237573.0,1237821.0
1238479.0,1239207.0
1239877.0,1240195.0
1240635.0,1240899.0
1241237.0,1241491.0
1242209.0,1242647.0
1243259.0,1243593.0
1244599.0,1244791.0
1245371.0,1245525.0
1246247.0,1246437.0
1246499.0,1246683.0
1246767.0,1246809.0
1246907.0,1247073.0
1247545.0,1247545.0
1247629.0,1247647.0
1247969.0,1247977.0
1248149.0,1248645.0
1248781.0,1248923.0
1249149.0,1249451.0
1249795.0,1249801.0
1250017.0,1250055.0
1250221.0,1250627.0
1251101.0,1251343.0
1252357.0,1252527.0
1253131.0,1253339.0
1254047.0,1254271.0
1254681.0,1254925.0
1255211.0,1255555.0
1255767.0,1256003.0
1256769.0,1256953.0
1257583.0,1257821.0
1258061.0,1258171.0
1258311.0,1258319.0
1258429.0,1258767.0
1259297.0,1259297.0
1259643.0,1259807.0
1260589.0,1260653.0
1260731.0,1260915.0
1261487.0,1261745.0
1263077.0,1263247.0
1263917.0,1264273.0
1264813.0,1265099.0
1265895.0,1266061.0
1267669.0,1267839.0
1268491.0,1268573.0
1268821.0,1268981.0
1269095.0,1269177.0
1269243.0,1269291.0
1270331.0,1270471.0
1270733.0,1270873.0
1272017.0,1272147.0
1274587.0,1274707.0
1276449.0,1276573.0
1278005.0,1278143.0
1278945.0,1279067.0
1279557.0,1280079.0
1280331.0,1280413.0
1281277.0,1281365.0
1282077.0,1282237.0
1283443.0,1283577.0
1284423.0,1284677.0
1285947.0,1286077.0
1286947.0,1287091.0
1287521.0,1287571.0
1287729.0,1288029.0
1289603.0,1289857.0
1290129.0,1290417.0
1290891.0,1291161.0
1291661.0,1291835.0
1292283.0,1292747.0
1293063.0,1293447.0
1293551.0,1293795.0
1295445.0,1295887.0
1295985.0,1295985.0
1297113.0,1297247.0
1298609.0,1298729.0
1300453.0,1300611.0
1304661.0,1304769.0
1305305.0,1305325.0
1306703.0,1306897.0
1308305.0,1308861.0
1309925.0,1310119.0
1310623.0,1310815.0
1312383.0,1312471.0
1313045.0,1313193.0
1313831.0,1314233.0
1314903.0,1315105.0
1315481.0,1315597.0
1315841.0,1316023.0
1316793.0,1316945.0
1317749.0,1318161.0
1319157.0,1319355.0
1321967.0,1322245.0
1323685.0,1323827.0
1324445.0,1324515.0
1325303.0,1325493.0
1326757.0,1326915.0
1327695.0,1327879.0
1329111.0,1329309.0
1330059.0,1330183.0
1331485.0,1331593.0
1332801.0,1332911.0
1333757.0,1333927.0
1335275.0,1335427.0
1335837.0,1336017.0
1336425.0,1336733.0
1337079.0,1337343.0
1337891.0,1338085.0
1338721.0,1338891.0
1340013.0,1340173.0
1340775.0,1340909.0
1341629.0,1342053.0
1342725.0,1342971.0
1344027.0,1344189.0
1344965.0,1345133.0
1345835.0,1346143.0
1346659.0,1346907.0
1348045.0,1348191.0
1349269.0,1349393.0
1350457.0,1350657.0
1351399.0,1351589.0
1353915.0,1354027.0
1356147.0,1356285.0
1357317.0,1357463.0
1358295.0,1358493.0
1359081.0,1359283.0
1360081.0,1360259.0
1360925.0,1361267.0
1362275.0,1362475.0
1363087.0,1363273.0
1364195.0,1364375.0
1365617.0,1365783.0
1366495.0,1367295.0
1367961.0,1368159.0
1368461.0,1368645.0
1369521.0,1369667.0
1370941.0,1371097.0
1371625.0,1371845.0
1372685.0,1372889.0
1374147.0,1374359.0
1375203.0,1375375.0
1376555.0,1376695.0
1377613.0,1377817.0
1378361.0,1379049.0
1379249.0,1379265.0
1379635.0,1379901.0
1380529.0,1380677.0
1382833.0,1382997.0
1384113.0,1384389.0
1385035.0,1385233.0
1385331.0,1385515.0
1385987.0,1386139.0
1387981.0,1388139.0
1388993.0,1389135.0
1390417.0,1390587.0
1391805.0,1391985.0
1392599.0,1392715.0
1393543.0,1393655.0
1394473.0,1394593.0
1395477.0,1395659.0
1397013.0,1397189.0
1398561.0,1398659.0
1399941.0,1400031.0
1401949.0,1402051.0
1403571.0,1403675.0
1404775.0,1404817.0
1405947.0,1406063.0
1407319.0,1407585.0
1408925.0,1409271.0
1410059.0,1410459.0
1412673.0,1412821.0
1413749.0,1413827.0
1414337.0,1414477.0
1415963.0,1416055.0
1416647.0,1416785.0
1417601.0,1417903.0
1418095.0,1418291.0
1419185.0,1419389.0
1419573.0,1419775.0
1420971.0,1421115.0
1422981.0,1423099.0
1424389.0,1424543.0
1426323.0,1426477.0
1429121.0,1429239.0
1429811.0,1429925.0
1431133.0,1431247.0
1431479.0,1431571.0
1433995.0,1434131.0
1435725.0,1435797.0
1436815.0,1436949.0
1438123.0,1438231.0
1438847.0,1438947.0
1440273.0,1440353.0
1441139.0,1441231.0
1441807.0,1441949.0
1442651.0,1442831.0
1443961.0,1444111.0
1445997.0,1446115.0
1447075.0,1447193.0
1448761.0,1448869.0
1450597.0,1450717.0
1452185.0,1452309.0
1454955.0,1455061.0
1456295.0,1456423.0
1457357.0,1457495.0
1458479.0,1458481.0
1459403.0,1459513.0
1460331.0,1460435.0
1461545.0,1461617.0
1464281.0,1464413.0
1466271.0,1466371.0
1467411.0,1467611.0
1468221.0,1468407.0
1469733.0,1469763.0
1470571.0,1470713.0
1470921.0,1471089.0
1471911.0,1472079.0
1474351.0,1474451.0
1475649.0,1475815.0
1477351.0,1477579.0
1478229.0,1478395.0
1479761.0,1479883.0
1480799.0,1480909.0
1481589.0,1481757.0
1482529.0,1482635.0
1483509.0,1483681.0
1484439.0,1484563.0
1485351.0,1485537.0
1486393.0,1486499.0
1487537.0,1487717.0
1489669.0,1489761.0
1490847.0,1490993.0
1491955.0,1492099.0
1493445.0,1493571.0
1495903.0,1496007.0
1497285.0,1497375.0
1498651.0,1498735.0
1499845.0,1499933.0
1500941.0,1501057.0
1502817.0,1502907.0
1504193.0,1504317.0
1506939.0,1507047.0
1508005.0,1508127.0
1508733.0,1508861.0
1509909.0,1510013.0
1511181.0,1511283.0
1511969.0,1512043.0
1513445.0,1513525.0
1514161.0,1514251.0
1515203.0,1515307.0
1516479.0,1516513.0
1516627.0,1516763.0
1517473.0,1517665.0
1518115.0,1518287.0
1518723.0,1518881.0
1519691.0,1519975.0
1520617.0,1520723.0
1520985.0,1521145.0
1521971.0,1522101.0
1522835.0,1522981.0
1523533.0,1523751.0
1524339.0,1524525.0
1525339.0,1525519.0
1526129.0,1526299.0
1526923.0,1527383.0
1527751.0,1527995.0
1528907.0,1529091.0
1529323.0,1529491.0
1529613.0,1529831.0
1530239.0,1530489.0
1530671.0,1530879.0
1532993.0,1533119.0
1535573.0,1535675.0
1537773.0,1537891.0
1540269.0,1540365.0
1542233.0,1542369.0
1543077.0,1543271.0
1543481.0,1543691.0
1544283.0,1544531.0
1544859.0,1545079.0
1545447.0,1545937.0
1547259.0,1547307.0
1547575.0,1547691.0
1548191.0,1548403.0
1548765.0,1548969.0
1549147.0,1549329.0
1552047.0,1552215.0
1553127.0,1553545.0
1555329.0,1555485.0
1558419.0,1558525.0
1560371.0,1560467.0
1561543.0,1561695.0
1563009.0,1563103.0
1563707.0,1563825.0
1565429.0,1565523.0
1566569.0,1566665.0
1567243.0,1567363.0
1567967.0,1568079.0
1569093.0,1569225.0
1569893.0,1570009.0
1570761.0,1570889.0
1571627.0,1571785.0
1572289.0,1572483.0
1573835.0,1573961.0
1574589.0,1574735.0
1576117.0,1576195.0
1577241.0,1577379.0
1577849.0,1578027.0
1579025.0,1579157.0
1580597.0,1580701.0
1581623.0,1581721.0
1582437.0,1582583.0
1583213.0,1583315.0
1584161.0,1584317.0
1585737.0,1585865.0
1587633.0,1587727.0
1588737.0,1588841.0
1590175.0,1590297.0
1591293.0,1591421.0
1592017.0,1592127.0
1592319.0,1592319.0
1592817.0,1592987.0
1593603.0,1593763.0
1594423.0,1594561.0
1595663.0,1595845.0
1598031.0,1598155.0
1599235.0,1599379.0
1600317.0,1600427.0
1601301.0,1601423.0
1603537.0,1603695.0
1604457.0,1604545.0
1605483.0,1605633.0
1607035.0,1607219.0
1607381.0,1607509.0
1608085.0,1608353.0
1609079.0,1609213.0
1610829.0,1611019.0
1611777.0,1612065.0
1612127.0,1612191.0
1612331.0,1612529.0
1613803.0,1613945.0
1614899.0,1615069.0
1616277.0,1616661.0
1617687.0,1617927.0
1618345.0,1618557.0
1619013.0,1619181.0
1619701.0,1620049.0
1620685.0,1621137.0
1621479.0,1621857.0
1622213.0,1622685.0
1623345.0,1623519.0
1624307.0,1624923.0
1625563.0,1625939.0
1626007.0,1626207.0
1626801.0,1627133.0
1627991.0,1628295.0
1628933.0,1629435.0
1629589.0,1629879.0
1630107.0,1630113.0
1630581.0,1630737.0
1630905.0,1631027.0
1632915.0,1633103.0
1634471.0,1634625.0
1635165.0,1635643.0
1637195.0,1637325.0
1638215.0,1638327.0
1639475.0,1639611.0
1640367.0,1640465.0
1641575.0,1641849.0
1642465.0,1642629.0
1644081.0,1644321.0
1644673.0,1644965.0
1645277.0,1645489.0
1645885.0,1646225.0
1646655.0,1647077.0
1647759.0,1648303.0
1648867.0,1649145.0
1649467.0,1649497.0
1649657.0,1650599.0
1651363.0,1651899.0
1652455.0,1652611.0
1653661.0,1654133.0
1654851.0,1655295.0
1656539.0,1656651.0
1657495.0,1657677.0
1659639.0,1659763.0
1661205.0,1661417.0
1663607.0,1663959.0
1664575.0,1664753.0
1665205.0,1665593.0
1666657.0,1666691.0
1669259.0,1669371.0
1670515.0,1670813.0
1671191.0,1671381.0
1672893.0,1673005.0
1674141.0,1674237.0
1674861.0,1674981.0
1675695.0,1675801.0
1676953.0,1677039.0
1677637.0,1677641.0
1678133.0,1678237.0
1679619.0,1679731.0
1680729.0,1680905.0
1680993.0,1681011.0
1681421.0,1681705.0
1682577.0,1683139.0
1686681.0,1686861.0
1687235.0,1687307.0
1687675.0,1687711.0
1688295.0,1688411.0
1688971.0,1689377.0
1689767.0,1690313.0
1690933.0,1691191.0
1692479.0,1692577.0
1693673.0,1693799.0
1695013.0,1695231.0
1696743.0,1696873.0
1698483.0,1698631.0
1699655.0,1700239.0
1701439.0,1701837.0
1702043.0,1702269.0
1703611.0,1703713.0
1705119.0,1705255.0
1706899.0,1706941.0
1708147.0,1708337.0
1709431.0,1709433.0
1710213.0,1710291.0
1711177.0,1711381.0
1711557.0,1711897.0
1712245.0,1712479.0
1712879.0,1713281.0
1714471.0,1714613.0
1715375.0,1715477.0
1716959.0,1717081.0
1718691.0,1718775.0
1719349.0,1719349.0
1720789.0,1721425.0
1722983.0,1723099.0
1723599.0,1723813.0
1724413.0,1724711.0
1725051.0,1725243.0
1726637.0,1726799.0
1727555.0,1727767.0
1728325.0,1728609.0
1728903.0,1729401.0
1730365.0,1730527.0
1731453.0,1731595.0
1733141.0,1733275.0
1734013.0,1734249.0
1734507.0,1734627.0
1734715.0,1734771.0
1734845.0,1734897.0
1735015.0,1735125.0
1735181.0,1735281.0
1735369.0,1735411.0
1735859.0,1735977.0
1736991.0,1737119.0
1737581.0,1737725.0
1738669.0,1738763.0
1739559.0,1739727.0
1740479.0,1740629.0
1741623.0,1743451.0
1743817.0,1744277.0
1745611.0,1745831.0
1746269.0,1746445.0
1748007.0,1748101.0
1749171.0,1749347.0
1749609.0,1749769.0
1750361.0,1750927.0
1751605.0,1751781.0
1752963.0,1753153.0
1753629.0,1754377.0
1754497.0,1754815.0
1755265.0,1755591.0
1755873.0,1756119.0
1759703.0,1759869.0
1760929.0,1761099.0
1761915.0,1762625.0
1763931.0,1764091.0
1764759.0,1764975.0
1765999.0,1766217.0
1766669.0,1767313.0
1767959.0,1768125.0
1768771.0,1768939.0
1769493.0,1769863.0
1770301.0,1770443.0
1772119.0,1772139.0
1772185.0,1772189.0
1772465.0,1772469.0
1772941.0,1773097.0
1773703.0,1773909.0
1776593.0,1776737.0
1778989.0,1779131.0
1780253.0,1780421.0
1781541.0,1782321.0
1783847.0,1784029.0
1786131.0,1786239.0
1786741.0,1786741.0
1788561.0,1788701.0
1790809.0,1790957.0
1791945.0,1792049.0
1792445.0,1792653.0
1793719.0,1793755.0
1794649.0,1794909.0
1796459.0,1796625.0
1797613.0,1797773.0
1800225.0,1800311.0
1801213.0,1801367.0
1802441.0,1802569.0
1803393.0,1803535.0
1805833.0,1805957.0
1806879.0,1807015.0
1807531.0,1807715.0
1808405.0,1808633.0
1809435.0,1809961.0
1810267.0,1810543.0
1811151.0,1811419.0
1812037.0,1812161.0
1813587.0,1813739.0
1814495.0,1814617.0
1815309.0,1815453.0
1815861.0,1816283.0
1816579.0,1816937.0
1817461.0,1817743.0
1817837.0,1817971.0
1818783.0,1819511.0
1820189.0,1820497.0
1821193.0,1821679.0
1822177.0,1822825.0
1823357.0,1823569.0
1825415.0,1825589.0
1827051.0,1827209.0
1828393.0,1828403.0
1828555.0,1828559.0
1828975.0,1829649.0
1830387.0,1830635.0
1831583.0,1831767.0
1833849.0,1834009.0
1835741.0,1835929.0
1836849.0,1837021.0
1838191.0,1838329.0
1839767.0,1839907.0
1840659.0,1840811.0
1843953.0,1844089.0
1845121.0,1845215.0
1845613.0,1845707.0
1846005.0,1846165.0
1846675.0,1846833.0
1848173.0,1848307.0
1849087.0,1849239.0
1850811.0,1851007.0
1851851.0,1852009.0
1853459.0,1853631.0
1855245.0,1855381.0
1856939.0,1857045.0
1858497.0,1858647.0
1859257.0,1859491.0
1860247.0,1860563.0
1860995.0,1861305.0
1861583.0,1862423.0
1864381.0,1864673.0
1865683.0,1865889.0
1866035.0,1866553.0
1866731.0,1866939.0
1867723.0,1867851.0
1868159.0,1868343.0
1868951.0,1869153.0
1870111.0,1870297.0
1871555.0,1871911.0
1872211.0,1872879.0
1873237.0,1873463.0
1874541.0,1874713.0
1875769.0,1876123.0
1876297.0,1876497.0
1877197.0,1877795.0
1878329.0,1878767.0
1878861.0,1879519.0
1879967.0,1879975.0
1881473.0,1881707.0
1882031.0,1882343.0
1882737.0,1883691.0
1884203.0,1884439.0
1884929.0,1885329.0
1885917.0,1886153.0
1886533.0,1887243.0
1887611.0,1887957.0
1888361.0,1888767.0
1888927.0,1889167.0
1889731.0,1891765.0
1891887.0,1892687.0
1893817.0,1894203.0
1894883.0,1895067.0
1895639.0,1895857.0
1896063.0,1896679.0
1897301.0,1897863.0
1898477.0,1898479.0
1898833.0,1898833.0
1898963.0,1899623.0
1899775.0,1900663.0
1900793.0,1900835.0
1901005.0,1901283.0
1902487.0,1903037.0
1903323.0,1903329.0
1903867.0,1904113.0
1905411.0,1905411.0
1905559.0,1905869.0
1906539.0,1908577.0
1908675.0,1908675.0
1909143.0,1909383.0
1909467.0,1909469.0
1910103.0,1910119.0
1910711.0,1910933.0
1911539.0,1911991.0
1912427.0,1912841.0
1913647.0,1913867.0
1914327.0,1914911.0
1915083.0,1915087.0
1915525.0,1916031.0
1916257.0,1916257.0
1916431.0,1916783.0
1917533.0,1918123.0
1919009.0,1919447.0
1919843.0,1919843.0
1919927.0,1919929.0
1920333.0,1920805.0
1921049.0,1921053.0
1921413.0,1921595.0
1921785.0,1921809.0
1921943.0,1921953.0
1922041.0,1923247.0
1923377.0,1923559.0
1923649.0,1924009.0
1924183.0,1924973.0
1925263.0,1926123.0
1926353.0,1926353.0
1926463.0,1926665.0
1926785.0,1926787.0
1926855.0,1926861.0
1927071.0,1927119.0
1927547.0,1928069.0
1928341.0,1928379.0
1928515.0,1928517.0
1929249.0,1929853.0
1930695.0,1930729.0
1931069.0,1931107.0
1931233.0,1931235.0
1931385.0,1931581.0
1933145.0,1933311.0
1933591.0,1933591.0
1934499.0,1934651.0
1935981.0,1936383.0
1936715.0,1937205.0
1937585.0,1937783.0
1939723.0,1939847.0
1940377.0,1940517.0
1941983.0,1942081.0
1943097.0,1950499.0
1950691.0,1950719.0
1950975.0,1956649.0
1957153.0,1957535.0
1958001.0,1958785.0
1959395.0,1960831.0
1961037.0,1961227.0
1962245.0,1965789.0
1965855.0,1965883.0
1966367.0,1967817.0
1968553.0,1968709.0
1968987.0,1969701.0
1969899.0,1976331.0
1977647.0,1979141.0
1979531.0,1979533.0
1979589.0,1979615.0
1979659.0,1979659.0
1979743.0,1979787.0
1980267.0,1980313.0
1981033.0,1981043.0
1981217.0,1981231.0
1981391.0,1984741.0
1988481.0,1988635.0
1988885.0,1994347.0
1994985.0,1999463.0
1999649.0,1999731.0
2000219.0,2000551.0
2000771.0,2001661.0
2002231.0,2002829.0
2003345.0,2004029.0
2004751.0,2005291.0
2005715.0,2006063.0
2006677.0,2006681.0
2006801.0,2006801.0
2007135.0,2007143.0
2007761.0,2007805.0
2007907.0,2008067.0
2009007.0,2009371.0
2009917.0,2010107.0
2011453.0,2011673.0
2011969.0,2012105.0
2012459.0,2012717.0
2013191.0,2013381.0
2013997.0,2014141.0
2014305.0,2014557.0
2015003.0,2015295.0
2015783.0,2016003.0
2016645.0,2016821.0
2017297.0,2017823.0
2018339.0,2019385.0
2019903.0,2020513.0
2021215.0,2021793.0
2021921.0,2021921.0
2022263.0,2022923.0
2023575.0,2023585.0
2023663.0,2024019.0
2024435.0,2024929.0
2025311.0,2025629.0
2026117.0,2027347.0
2027765.0,2028325.0
2028605.0,2029485.0
2029627.0,2029629.0
2029697.0,2029701.0
2030357.0,2031231.0
2031471.0,2031473.0
2031661.0,2031661.0
2031819.0,2031823.0
2031909.0,2031909.0
2032253.0,2032679.0
2034009.0,2034253.0
2034387.0,2034637.0
2034999.0,2035309.0
2035677.0,2035979.0
2036359.0,2036929.0
2037475.0,2038093.0
2038757.0,2038977.0
2039675.0,2040217.0
2040707.0,2041107.0
2041585.0,2042023.0
2042071.0,2042073.0
2042445.0,2042985.0
2043787.0,2044001.0
2044255.0,2044513.0
2045783.0,2045999.0
2046807.0,2046993.0
2047133.0,2047149.0
2048059.0,2048287.0
2048421.0,2048485.0
2048947.0,2049173.0
2049627.0,2050345.0
2050753.0,2050755.0
2050985.0,2051647.0
2052395.0,2052395.0
2053595.0,2053597.0
2053673.0,2053917.0
2054031.0,2054035.0
2054419.0,2055117.0
2055221.0,2056025.0
2056327.0,2057275.0
2057711.0,2058505.0
2058811.0,2059705.0
2060713.0,2060883.0
2061711.0,2061875.0
2062311.0,2062545.0
2063009.0,2064305.0
2064403.0,2064611.0
2066899.0,2067085.0
2067207.0,2067405.0
2067537.0,2067979.0
2068087.0,2068669.0
2069193.0,2069723.0
2071215.0,2071367.0
2072469.0,2072657.0
2072823.0,2072823.0
2073271.0,2073797.0
2074851.0,2075727.0
2075809.0,2075811.0
2076585.0,2076777.0
2077215.0,2077929.0
2078447.0,2078657.0
2079813.0,2079989.0
2080777.0,2081271.0
2081835.0,2082067.0
2082499.0,2082931.0
2084209.0,2084407.0
2085095.0,2085307.0
2086535.0,2086691.0
2087329.0,2087517.0
2087803.0,2088393.0
2089869.0,2090349.0
2090537.0,2091623.0
2091937.0,2092263.0
2092391.0,2092523.0
2092617.0,2092809.0
2093903.0,2094381.0
2095177.0,2095371.0
2097193.0,2097703.0
2097893.0,2098381.0
2099993.0,2100135.0
2101075.0,2101249.0
2102261.0,2103067.0
2103723.0,2103931.0
2104053.0,2104535.0
2104995.0,2105203.0
2106611.0,2107423.0
2108301.0,2109523.0
2110097.0,2110551.0
2111323.0,2112599.0
2112685.0,2112685.0
2112779.0,2113299.0
2113389.0,2113935.0
2114113.0,2114113.0
2114163.0,2114167.0
2114467.0,2114469.0
2114543.0,2115015.0
2115109.0,2115123.0
2115541.0,2116013.0
2116629.0,2116659.0
2116967.0,2117017.0
2117223.0,2117407.0
2117523.0,2117525.0
2117833.0,2118059.0
2118209.0,2118447.0
2118811.0,2118819.0
2119117.0,2119353.0
2119479.0,2119483.0
2119577.0,2119657.0
2119719.0,2119773.0
2119849.0,2119851.0
2119935.0,2120157.0
2121049.0,2121467.0
2121951.0,2121999.0
2122065.0,2122179.0
2122269.0,2122269.0
2122459.0,2122737.0
2122945.0,2123175.0
2123497.0,2124863.0
2125265.0,2125875.0
2126015.0,2126081.0
2126131.0,2126135.0
2126183.0,2126189.0
2126267.0,2126269.0
2126539.0,2127275.0
2127693.0,2127693.0
2127779.0,2128135.0
2128243.0,2128407.0
2128567.0,2128611.0
2128679.0,2129035.0
2129163.0,2129915.0
2130123.0,2131037.0
2131183.0,2131527.0
2131737.0,2131737.0
2131879.0,2131881.0
2131983.0,2132707.0
2133195.0,2135031.0
2135589.0,2135635.0
2135787.0,2135789.0
2136247.0,2136249.0
2136381.0,2136385.0
2137091.0,2137091.0
2137189.0,2137613.0
2137681.0,2137681.0
2137779.0,2139109.0
2139673.0,2139833.0
2140921.0,2141127.0
2141397.0,2141399.0
2141763.0,2141807.0
2142041.0,2142631.0
2142935.0,2142937.0
2142997.0,2143491.0
2143577.0,2143589.0
2143711.0,2143729.0
2144193.0,2144877.0
2145229.0,2145561.0
2146337.0,2147371.0
2148321.0,2148539.0
2148899.0,2149693.0
2149769.0,2150007.0
2150075.0,2150075.0
2150879.0,2151511.0
2152421.0,2153305.0
2153431.0,2154119.0
2154657.0,2154905.0
2155377.0,2155617.0
2155945.0,2156741.0
2156929.0,2157257.0
2157773.0,2157969.0
2158093.0,2158817.0
2158995.0,2158997.0
2159161.0,2159405.0
2160015.0,2160703.0
2161233.0,2161497.0
2162037.0,2162559.0
2163427.0,2163427.0
2163539.0,2164221.0
2164677.0,2165703.0
2165987.0,2166275.0
2167597.0,2167789.0
2168943.0,2169189.0
2169285.0,2169459.0
2170401.0,2170603.0
2170935.0,2170945.0
2171895.0,2172071.0
2172767.0,2172929.0
2174345.0,2174545.0
2175219.0,2175411.0
2176059.0,2176059.0
2176159.0,2176159.0
2176919.0,2177321.0
2178323.0,2178323.0
2178569.0,2178795.0
2179015.0,2179207.0
2179877.0,2180073.0
2180345.0,2180555.0
2180749.0,2180951.0
2181419.0,2181629.0
2182881.0,2183241.0
2183343.0,2183345.0
2183405.0,2183409.0
2183519.0,2183581.0
2184847.0,2185341.0
2185801.0,2186127.0
2186273.0,2186401.0
2186575.0,2187671.0
2187933.0,2188591.0
2188925.0,2189449.0
2189553.0,2189827.0
2190311.0,2190819.0
2191041.0,2191041.0
2191943.0,2192483.0
2192657.0,2192661.0
2193025.0,2193463.0
2193809.0,2194223.0
2194397.0,2194779.0
2194919.0,2196055.0
2196143.0,2196471.0
2197191.0,2197481.0
2197555.0,2198079.0
2198655.0,2199103.0
2199585.0,2199811.0
2200113.0,2200423.0
2200789.0,2200983.0
2201189.0,2201217.0
2201523.0,2201807.0
2201927.0,2201961.0
2202109.0,2202349.0
2202833.0,2203077.0
2203271.0,2203273.0
2203529.0,2204207.0
2204695.0,2205119.0
2205709.0,2206333.0
2207219.0,2207411.0
2207651.0,2209303.0
2209919.0,2210809.0
2210899.0,2210901.0
2211033.0,2211033.0
2211113.0,2211811.0
2211933.0,2211933.0
2212481.0,2212483.0
2212535.0,2212537.0
2212627.0,2213175.0
2213605.0,2214147.0
2214251.0,2214269.0
2214655.0,2215291.0
2215419.0,2215421.0
2215501.0,2215595.0
2215977.0,2216687.0
2217769.0,2217771.0
2217865.0,2220097.0
2220199.0,2220535.0
2220939.0,2220941.0
2221253.0,2221503.0
2221881.0,2221889.0
2222019.0,2222021.0
2222181.0,2222221.0
2222429.0,2222791.0
2222843.0,2223439.0
2223685.0,2223693.0
2223767.0,2223789.0
2223935.0,2224541.0
2225083.0,2225423.0
2225645.0,2226355.0
2226437.0,2226741.0
2226953.0,2226953.0
2228231.0,2228613.0
2228745.0,2228745.0
2229729.0,2229947.0
2230181.0,2230185.0
2230365.0,2230583.0
2230807.0,2230807.0
2230911.0,2231353.0
2231465.0,2232085.0
2232295.0,2232369.0
2233475.0,2233975.0
2234099.0,2234105.0
2234559.0,2235123.0
2235211.0,2235493.0
2235535.0,2235535.0
2236303.0,2236831.0
2237749.0,2238203.0
2238809.0,2239227.0
2239297.0,2239575.0
2239687.0,2239697.0
2239973.0,2239987.0
2240105.0,2240573.0
2240731.0,2240733.0
2241023.0,2241537.0
2241701.0,2241701.0
2241805.0,2241811.0
2241859.0,2241869.0
2242069.0,2242553.0
2242893.0,2243495.0
2243787.0,2244549.0
2244731.0,2245219.0
2245325.0,2245575.0
2245977.0,2245979.0
2246161.0,2246645.0
2246745.0,2246751.0
2246897.0,2246955.0
2247223.0,2247235.0
2247299.0,2247341.0
2247525.0,2247753.0
2247875.0,2247927.0
2248081.0,2248633.0
2248705.0,2248709.0
2248867.0,2248877.0
2249031.0,2249705.0
2250033.0,2250453.0
2250603.0,2250605.0
2250873.0,2251741.0
2251951.0,2251959.0
2252701.0,2252703.0
2253319.0,2253659.0
2253729.0,2253741.0
2253835.0,2254437.0
2254659.0,2254659.0
2254975.0,2255645.0
2255795.0,2255873.0
2256575.0,2257151.0
2257221.0,2257221.0
2257303.0,2257303.0
2257361.0,2257373.0
2257819.0,2258399.0
2259385.0,2261113.0
2261373.0,2261587.0
2262391.0,2262683.0
2263153.0,2263153.0
2263327.0,2263581.0
2264167.0,2264443.0
2264897.0,2265751.0
2265865.0,2266271.0
2266477.0,2267641.0
2267875.0,2268105.0
2268547.0,2268789.0
2270009.0,2270207.0
2271605.0,2271821.0
2272653.0,2272907.0
2273327.0,2274197.0
2274993.0,2275271.0
2275397.0,2275645.0
2275753.0,2275981.0
2276867.0,2277035.0
2277365.0,2277365.0
2278265.0,2278265.0
2278765.0,2278953.0
2279117.0,2279345.0
2279475.0,2279765.0
2280683.0,2280879.0
2281531.0,2281725.0
2282357.0,2282527.0
2283815.0,2284047.0
2284489.0,2284849.0
2285063.0,2285501.0
2285591.0,2286037.0
2286275.0,2286305.0
2286769.0,2286993.0
2287407.0,2287603.0
2288239.0,2288477.0
2288671.0,2288673.0
2289133.0,2289383.0
2289877.0,2290067.0
2290183.0,2290417.0
2290915.0,2291123.0
2291845.0,2292093.0
2292569.0,2292741.0
2292891.0,2293151.0
2293335.0,2293613.0
2293771.0,2294039.0
2294141.0,2294469.0
2294561.0,2294919.0
2295029.0,2295975.0
2296125.0,2296193.0
2296243.0,2296403.0
2296515.0,2297069.0
2297531.0,2297551.0
2297779.0,2298327.0
2298407.0,2298421.0
2298973.0,2298983.0
2299101.0,2299583.0
2300005.0,2300585.0
2301019.0,2301237.0
2301803.0,2301803.0
2302071.0,2302743.0
2302905.0,2302917.0
2303015.0,2303033.0
2303637.0,2304023.0
2304321.0,2304323.0
2304463.0,2304695.0
2304959.0,2304999.0
2305305.0,2305313.0
2305433.0,2305649.0
2305797.0,2306039.0
2306141.0,2306573.0
2307191.0,2307195.0
2307297.0,2308121.0
2308175.0,2308181.0
2308275.0,2308277.0
2308389.0,2308979.0
2309021.0,2309023.0
2309107.0,2309125.0
2309761.0,2309771.0
2309899.0,2309901.0
2309965.0,2309997.0
2310191.0,2310501.0
2310583.0,2311225.0
2311363.0,2311397.0
2311493.0,2311503.0
2312169.0,2312635.0
2312897.0,2312897.0
2313009.0,2314017.0
2314243.0,2314243.0
2314317.0,2314323.0
2314631.0,2315473.0
2315573.0,2315573.0
2315677.0,2315741.0
2316125.0,2316679.0
2316763.0,2316979.0
2317069.0,2317073.0
2317151.0,2317225.0
2317355.0,2317369.0
2318627.0,2319401.0
2319455.0,2319457.0
2319503.0,2319511.0
2319645.0,2319659.0
2319705.0,2319933.0
2320037.0,2320057.0
2320703.0,2320903.0
2320979.0,2320999.0
2321285.0,2321291.0
2321673.0,2321839.0
2323071.0,2323213.0
2323321.0,2323321.0
2323487.0,2323497.0
2323717.0,2323775.0
2323913.0,2324149.0
2324211.0,2324239.0
2324351.0,2324369.0
2324507.0,2324521.0
2324783.0,2324783.0
2324887.0,2325389.0
2325509.0,2325555.0
2325619.0,2325629.0
2325687.0,2325913.0
2326279.0,2326281.0
2326835.0,2327159.0
2327365.0,2327369.0
2327489.0,2327597.0
2327653.0,2327943.0
2328149.0,2328465.0
2328877.0,2328877.0
2328979.0,2328979.0
2329245.0,2329245.0
2329465.0,2329671.0
2329849.0,2329931.0
2330489.0,2330919.0
2331147.0,2331151.0
2331293.0,2331313.0
2331397.0,2331445.0
2331557.0,2331563.0
2331841.0,2331895.0
2332283.0,2332467.0
2332627.0,2332653.0
2333115.0,2333879.0
2334003.0,2334019.0
2334243.0,2334739.0
2335347.0,2336073.0
2336357.0,2336361.0
2336923.0,2336925.0
2337103.0,2337525.0
2337687.0,2337705.0
2338085.0,2338523.0
2339241.0,2339711.0
2340049.0,2340061.0
2340387.0,2340689.0
2340845.0,2340913.0
2341229.0,2341289.0
2341395.0,2341395.0
2341553.0,2341741.0
2341857.0,2341887.0
2342473.0,2342659.0
2342953.0,2342957.0
2343539.0,2343661.0
2343907.0,2344141.0
2344541.0,2345659.0
2345743.0,2346009.0
2346571.0,2347025.0
2347255.0,2347261.0
2347351.0,2347351.0
2347441.0,2347441.0
2347935.0,2348503.0
2348581.0,2348595.0
2349911.0,2350089.0
2350179.0,2350261.0
2351117.0,2351139.0
2351365.0,2351899.0
2352045.0,2352045.0
2352267.0,2352283.0
2352357.0,2352419.0
2352599.0,2352603.0
2352741.0,2353295.0
2353673.0,2354119.0
2354725.0,2355017.0
2355719.0,2355725.0
2356041.0,2356225.0
2356365.0,2356419.0
2357077.0,2357083.0
2357465.0,2357631.0
2357727.0,2357729.0
2358145.0,2358385.0
2358483.0,2358493.0
2358739.0,2358803.0
2358991.0,2359245.0
2360447.0,2360651.0
2360797.0,2360797.0
2361073.0,2361677.0
2361757.0,2362777.0
2363065.0,2363959.0
2364395.0,2364877.0
2365093.0,2365153.0
2365331.0,2365335.0
2365445.0,2365445.0
2365561.0,2366113.0
2366287.0,2366291.0
2366449.0,2367571.0
2367671.0,2368279.0
2368325.0,2370235.0
2370283.0,2370285.0
2370329.0,2370329.0
2370413.0,2371403.0
2371711.0,2371723.0
2371789.0,2371807.0
2371907.0,2372153.0
2372825.0,2373331.0
2373411.0,2373553.0
2373773.0,2373775.0
2374585.0,2374601.0
2374677.0,2374737.0
2374865.0,2375035.0
2375771.0,2375775.0
2375939.0,2376297.0
2376417.0,2377091.0
2378001.0,2378321.0
2379071.0,2379647.0
2379811.0,2379885.0
2380187.0,2380217.0
2380393.0,2380677.0
2380783.0,2380837.0
2381039.0,2381711.0
2381813.0,2382205.0
2384133.0,2384469.0
2384861.0,2384863.0
2385327.0,2385351.0
2385499.0,2385611.0
2385889.0,2385893.0
2386089.0,2386187.0
2386407.0,2386601.0
2387473.0,2387625.0
2388619.0,2388627.0
2389591.0,2389811.0
2390209.0,2390693.0
2390771.0,2390801.0
2391123.0,2391381.0
2391707.0,2391709.0
2391767.0,2391777.0
2391853.0,2392453.0
2392549.0,2392549.0
2392985.0,2393433.0
2393523.0,2393759.0
2394173.0,2394173.0
2394231.0,2394817.0
2394879.0,2394879.0
2395089.0,2395089.0
2395297.0,2396453.0
2397159.0,2397795.0
2397889.0,2397985.0
2398465.0,2398701.0
2398905.0,2399631.0
2400485.0,2400885.0
2401115.0,2401117.0
2401193.0,2401199.0
2401285.0,2401545.0
2401609.0,2401609.0
2401985.0,2402281.0
2402353.0,2402355.0
2402665.0,2403385.0
2403723.0,2403761.0
2404059.0,2404217.0
2405101.0,2405265.0
2406381.0,2406499.0
2407239.0,2407437.0
2408031.0,2408661.0
2408767.0,2408769.0
2408813.0,2408813.0
2409335.0,2409817.0
2409947.0,2409949.0
2410257.0,2410623.0
2411081.0,2411253.0
2411337.0,2411339.0
2411443.0,2411443.0
2411551.0,2411551.0
2411689.0,2411725.0
2412461.0,2412479.0
2412551.0,2412559.0
2412675.0,2412707.0
2412837.0,2413221.0
2413481.0,2413491.0
2414207.0,2414977.0
2415185.0,2415189.0
2415285.0,2415353.0
2415777.0,2417713.0
2417771.0,2418013.0
2418069.0,2418073.0
2418333.0,2419091.0
2419341.0,2420735.0
2421063.0,2421361.0
2421915.0,2422419.0
2423105.0,2423499.0
2423831.0,2424195.0
2424261.0,2424317.0
2424505.0,2425047.0
2425263.0,2425551.0
2425905.0,2426653.0
2427247.0,2427253.0
2427295.0,2427295.0
2427433.0,2427459.0
2427521.0,2427731.0
2427805.0,2427813.0
2428949.0,2429209.0
2429409.0,2429599.0
2430239.0,2430507.0
2430597.0,2430603.0
2430773.0,2430775.0
2430979.0,2430979.0
2431233.0,2431671.0
2432265.0,2432407.0
2432497.0,2432979.0
2433089.0,2433101.0
2433161.0,2433409.0
2433619.0,2434013.0
2434361.0,2436065.0
2436203.0,2436207.0
2436767.0,2437233.0
2437573.0,2437809.0
2438099.0,2438283.0
2438719.0,2438953.0
2439081.0,2439081.0
2439285.0,2439519.0
2439667.0,2439667.0
2439807.0,2440681.0
2441149.0,2441341.0
2441393.0,2441497.0
2441661.0,2442077.0
2442173.0,2442173.0
2442263.0,2442275.0
2442451.0,2442451.0
2443505.0,2443693.0
2444503.0,2445525.0
2445653.0,2445653.0
2446299.0,2446989.0
2447117.0,2447117.0
2447211.0,2447219.0
2447289.0,2447305.0
2447861.0,2448337.0
2448455.0,2448455.0
2448561.0,2448575.0
2448799.0,2448799.0
2448991.0,2449429.0
2449543.0,2449547.0
2449593.0,2449661.0
2450993.0,2451661.0
2451711.0,2451795.0
2451845.0,2451847.0
2451889.0,2451909.0
2452075.0,2452091.0
2452327.0,2452335.0
2452417.0,2452421.0
2452485.0,2452487.0
2452663.0,2452669.0
2452885.0,2453431.0
2453513.0,2453531.0
2454109.0,2454125.0
2454215.0,2454357.0
2454795.0,2454797.0
2455587.0,2455595.0
2455819.0,2455991.0
2456289.0,2456573.0
2456643.0,2457019.0
2457101.0,2457101.0
2457305.0,2457311.0
2457661.0,2458971.0
2459159.0,2459159.0
2459265.0,2459267.0
2459311.0,2459317.0
2459551.0,2460771.0
2460827.0,2461449.0
2461509.0,2461509.0
2461621.0,2461621.0
2461827.0,2461827.0
2462125.0,2462129.0
2462345.0,2462347.0
2463027.0,2463041.0
2463223.0,2463635.0
2463837.0,2463841.0
2464905.0,2464909.0
2464969.0,2465341.0
2465409.0,2465411.0
2465821.0,2466379.0
2466469.0,2466471.0
2466565.0,2466567.0
2466611.0,2466613.0
2466773.0,2466775.0
2467255.0,2467259.0
2467457.0,2467481.0
2467693.0,2467695.0
2467879.0,2467899.0
2468049.0,2468163.0
2468241.0,2468407.0
2469087.0,2469501.0
2469807.0,2469811.0
2469951.0,2470297.0
2470573.0,2470861.0
2471001.0,2471003.0
2471259.0,2471891.0
2471975.0,2471997.0
2472229.0,2472429.0
2473101.0,2473193.0
2473563.0,2473731.0
2474667.0,2474875.0
2475377.0,2475795.0
2475853.0,2475867.0
2475927.0,2475927.0
2476001.0,2476267.0
2476467.0,2476521.0
2476619.0,2477121.0
2477713.0,2477871.0
2478713.0,2478713.0
2478997.0,2479145.0
2480147.0,2480299.0
2481161.0,2481305.0
2482467.0,2482707.0
2483141.0,2483811.0
2483937.0,2483947.0
2484267.0,2484755.0
2484869.0,2484871.0
2485069.0,2485339.0
2485835.0,2486403.0
2486473.0,2488731.0
2488929.0,2489155.0
2489303.0,2489307.0
2489455.0,2489945.0
2490165.0,2490221.0
2490451.0,2490797.0
2490863.0,2491237.0
2491319.0,2491421.0
2491495.0,2491535.0
2491595.0,2491639.0
2492103.0,2492477.0
2492547.0,2492699.0
2492763.0,2492763.0
2493121.0,2493555.0
2493607.0,2494029.0
2494355.0,2495151.0
2495319.0,2495339.0
2495407.0,2495417.0
2495803.0,2495807.0
2495945.0,2496555.0
2496707.0,2496963.0
2497225.0,2497243.0
2497347.0,2497385.0
2497771.0,2499613.0
2499743.0,2499743.0
2499827.0,2500515.0
2500583.0,2500583.0
2500945.0,2501363.0
2501495.0,2501497.0
2501549.0,2501569.0
2501641.0,2501641.0
2501741.0,2501765.0
2501853.0,2501869.0
2501927.0,2501935.0
2502097.0,2502099.0
2502223.0,2502631.0
2502797.0,2502913.0
2502977.0,2502987.0
2503093.0,2503095.0
2503153.0,2503159.0
2503249.0,2503253.0
2503355.0,2503361.0
2503421.0,2504429.0
2504607.0,2504609.0
2504681.0,2504755.0
2504821.0,2504823.0
2505193.0,2505471.0
2505799.0,2506215.0
2506875.0,2507001.0
2507081.0,2507083.0
2507141.0,2507169.0
2507295.0,2507997.0
2508039.0,2508047.0
2508273.0,2508277.0
2508337.0,2508881.0
2509105.0,2509105.0
2509247.0,2509251.0
2509335.0,2509335.0
2509427.0,2509427.0
2509563.0,2509569.0
2509633.0,2511335.0
2511423.0,2511435.0
2511969.0,2511993.0
2512419.0,2512445.0
2512745.0,2512749.0
2512831.0,2513039.0
2513117.0,2513603.0
2513719.0,2513765.0
2513867.0,2514231.0
2514361.0,2514403.0
2514473.0,2514953.0
2515149.0,2515153.0
2515295.0,2515335.0
2515397.0,2515405.0
2515507.0,2515543.0
2516073.0,2516835.0
2517007.0,2517043.0
2517225.0,2517227.0
2517471.0,2517471.0
2517591.0,2517591.0
2517763.0,2517875.0
2517943.0,2518605.0
2518709.0,2518713.0
2518771.0,2518805.0
2518933.0,2518937.0
2519377.0,2519423.0
2519491.0,2519505.0
2519725.0,2519781.0
2519907.0,2520079.0
2520395.0,2520401.0
2520551.0,2520565.0
2520705.0,2520855.0
2521991.0,2521997.0
2522153.0,2522473.0
2524277.0,2524451.0
2524555.0,2524573.0
2525705.0,2525813.0
2526457.0,2526621.0
2527267.0,2527625.0
2527703.0,2527735.0
2527843.0,2527843.0
2528141.0,2528145.0
2528193.0,2528193.0
2528339.0,2528353.0
2528399.0,2528399.0
2528593.0,2528595.0
2528701.0,2528973.0
2529019.0,2529247.0
2529541.0,2530191.0
2530323.0,2530415.0
2530517.0,2530519.0
2530601.0,2531367.0
2531737.0,2532451.0
2532745.0,2532843.0
2532901.0,2533305.0
2533527.0,2533529.0
2533679.0,2533679.0
2534419.0,2534587.0
2535527.0,2535671.0
2536189.0,2536323.0
2536561.0,2536737.0
2537527.0,2537809.0
2537943.0,2538019.0
2538099.0,2538099.0
2538169.0,2538361.0
2538715.0,2539921.0
2540203.0,2540793.0
2540879.0,2540911.0
2541063.0,2541065.0
2541167.0,2541167.0
2541389.0,2541395.0
2541617.0,2541745.0
2541997.0,2542209.0
2542743.0,2542967.0
2543025.0,2543025.0
2543307.0,2543315.0
2543421.0,2543427.0
2543605.0,2544101.0
2544371.0,2544373.0
2544485.0,2544491.0
2544829.0,2544979.0
2545463.0,2545787.0
2545913.0,2546083.0
2546399.0,2546651.0
2546773.0,2546789.0
2546875.0,2546907.0
2547081.0,2547321.0
2548005.0,2548179.0
2548451.0,2548457.0
2548703.0,2548715.0
2549381.0,2549553.0
2550203.0,2550229.0
2550505.0,2550665.0
2550951.0,2551025.0
2552081.0,2552297.0
2552373.0,2552633.0
2554339.0,2554491.0
2554547.0,2554725.0
2555087.0,2555317.0
2555427.0,2555429.0
2555495.0,2555495.0
2555547.0,2556403.0
2556593.0,2557445.0
2557589.0,2557601.0
2558331.0,2558389.0
2558477.0,2560047.0
2560143.0,2560361.0
2560485.0,2560485.0
2560569.0,2560571.0
2560915.0,2561491.0
2561621.0,2561629.0
2562183.0,2562363.0
2562573.0,2562585.0
2563323.0,2563491.0
2563659.0,2564333.0
2564407.0,2564409.0
2564667.0,2565215.0
2565319.0,2565337.0
2565405.0,2565631.0
2565679.0,2565725.0
2565953.0,2566433.0
2566515.0,2566523.0
2566635.0,2567189.0
2568519.0,2569059.0
2569217.0,2569219.0
2569393.0,2569777.0
2570769.0,2571783.0
2572145.0,2572907.0
2573467.0,2573467.0
2573741.0,2573741.0
2573861.0,2574271.0
2574873.0,2574919.0
2575081.0,2575257.0
2575519.0,2575899.0
2576427.0,2576807.0
2577959.0,2577991.0
2578499.0,2578661.0
2579285.0,2579813.0
2580309.0,2580525.0
2580593.0,2580611.0
2581333.0,2581645.0
2583001.0,2583169.0
2583541.0,2583683.0
2584839.0,2585037.0
2585229.0,2585257.0
2585765.0,2586337.0
2587171.0,2587673.0
2587899.0,2588705.0
2588923.0,2588939.0
2589111.0,2589113.0
2589707.0,2590007.0
2590425.0,2590705.0
2590797.0,2590819.0
2590995.0,2590997.0
2591077.0,2591279.0
2591791.0,2592195.0
2592443.0,2592445.0
2592633.0,2593685.0
2593745.0,2593763.0
2594147.0,2595345.0
2595911.0,2595911.0
2596273.0,2597773.0
2597863.0,2597879.0
2597933.0,2597935.0
2598115.0,2598115.0
2598403.0,2598657.0
2599041.0,2599047.0
2599205.0,2599207.0
2599843.0,2600697.0
2600817.0,2601035.0
2601909.0,2602063.0
2603285.0,2603443.0
2604203.0,2604203.0
2604843.0,2605001.0
2606429.0,2606577.0
2607163.0,2607163.0
2607239.0,2607243.0
2607899.0,2608031.0
2608117.0,2608287.0
2608349.0,2608361.0
2608923.0,2610791.0
2610849.0,2610849.0
2611437.0,2611631.0
2611713.0,2611713.0
2612973.0,2613281.0
2613429.0,2613987.0
2614361.0,2614369.0
2615075.0,2615719.0
2615939.0,2617281.0
2617415.0,2617417.0
2617499.0,2617499.0
2617757.0,2618517.0
2618607.0,2618613.0
2618673.0,2618679.0
2618733.0,2618751.0
2618813.0,2618813.0
2619083.0,2619091.0
2619283.0,2619293.0
2619349.0,2619611.0
2619757.0,2619757.0
2619831.0,2619831.0
2619927.0,2620689.0
2620827.0,2620827.0
2620915.0,2620919.0
2621089.0,2621607.0
2621657.0,2621847.0
2621891.0,2621893.0
2621955.0,2621955.0
2622371.0,2622671.0
2623061.0,2623071.0
2623277.0,2623381.0
2623477.0,2623507.0
2623555.0,2623555.0
2623893.0,2624103.0
2624187.0,2624195.0
2624625.0,2625059.0
2625241.0,2625245.0
2625525.0,2625529.0
2625627.0,2625643.0
2625817.0,2625937.0
2626091.0,2626635.0
2626697.0,2626729.0
2627281.0,2627399.0
2627527.0,2627935.0
2628031.0,2628281.0
2629133.0,2629387.0
2629673.0,2629839.0
2630281.0,2630289.0
2630549.0,2630563.0
2630807.0,2630825.0
2630879.0,2630885.0
2631047.0,2631227.0
2632201.0,2632293.0
2633129.0,2633133.0
2633235.0,2633451.0
2633521.0,2633553.0
2633729.0,2633747.0
2634061.0,2634129.0
2634591.0,2634809.0
2635485.0,2635659.0
2636405.0,2636559.0
2636715.0,2636717.0
2637207.0,2637217.0
2637321.0,2637921.0
2638497.0,2638659.0
2639079.0,2639271.0
2639805.0,2639805.0
2640249.0,2640365.0
2640663.0,2640911.0
2641547.0,2641551.0
2641757.0,2641759.0
2641903.0,2642329.0
2642381.0,2642407.0
2642755.0,2642755.0
2643017.0,2643409.0
2643515.0,2643535.0
2644357.0,2644359.0
2644413.0,2644773.0
2644867.0,2644873.0
2644991.0,2644993.0
2645581.0,2645751.0
2645865.0,2645865.0
2645941.0,2645943.0
2646205.0,2646429.0
2646665.0,2646673.0
2646789.0,2646971.0
2647473.0,2648347.0
2648399.0,2648425.0
2649819.0,2650015.0
2650481.0,2650751.0
2650835.0,2650865.0
2651119.0,2651121.0
2651301.0,2651791.0
2651923.0,2652169.0
2652439.0,2653337.0
2653493.0,2653767.0
2653933.0,2655133.0
2655407.0,2655407.0
2656221.0,2656239.0
2656885.0,2657101.0
2657241.0,2657271.0
2657431.0,2657459.0
2657603.0,2657603.0
2657733.0,2657777.0
2657821.0,2657843.0
2658235.0,2658245.0
2658289.0,2658321.0
2658385.0,2658575.0
2658825.0,2659397.0
2659557.0,2659577.0
2660009.0,2660607.0
2660709.0,2661133.0
2661187.0,2661191.0
2661333.0,2661563.0
2662687.0,2662899.0
2663011.0,2663027.0
2663245.0,2663447.0
2664177.0,2664323.0
2665149.0,2665309.0
2665601.0,2665783.0
2666975.0,2667117.0
2667245.0,2667245.0
2667759.0,2667909.0
2668325.0,2668325.0
2669041.0,2669661.0
2669757.0,2669771.0
2670569.0,2670705.0
2670987.0,2671001.0
2671339.0,2671419.0
2671905.0,2671905.0
2672125.0,2672393.0
2672597.0,2672749.0
2673335.0,2673507.0
2673717.0,2673895.0
2673981.0,2673985.0
2674651.0,2674813.0
2674923.0,2676293.0
2677335.0,2677347.0
2677919.0,2678009.0
2678553.0,2678709.0
2679067.0,2679075.0
2679413.0,2679417.0
2679529.0,2680247.0
2680357.0,2680357.0
2680507.0,2680509.0
2681049.0,2681057.0
2681187.0,2681335.0
2681381.0,2681381.0
2681559.0,2681773.0
2681979.0,2681997.0
2682951.0,2683181.0
2683445.0,2684479.0
2684871.0,2685033.0
2685131.0,2685323.0
2685705.0,2685705.0
2685843.0,2686071.0
2686909.0,2687085.0
2687741.0,2687743.0
2688195.0,2688381.0
2688631.0,2688827.0
2689403.0,2689539.0
2689613.0,2689869.0
2690611.0,2690761.0
2690845.0,2690885.0
2691191.0,2691565.0
2691649.0,2691867.0
2691943.0,2691963.0
2692795.0,2692999.0
2693085.0,2693263.0
2693323.0,2693327.0
2693965.0,2694409.0
2694733.0,2694985.0
2695303.0,2695559.0
2695641.0,2695887.0
2696203.0,2696203.0
2696635.0,2696641.0
2696995.0,2697353.0
2697399.0,2697413.0
2697569.0,2697615.0
2697843.0,2698011.0
2699475.0,2699609.0
2699961.0,2700129.0
2700685.0,2700827.0
2701595.0,2701641.0
2701711.0,2701711.0
2701951.0,2701961.0
2702545.0,2702699.0
2703615.0,2703631.0
2703991.0,2704149.0
2704619.0,2705443.0
2705731.0,2706009.0
2706083.0,2706093.0
2706195.0,2707197.0
2707339.0,2707343.0
2707411.0,2707471.0
2707575.0,2708099.0
2708245.0,2708249.0
2708327.0,2708331.0
2708641.0,2709659.0
2709985.0,2710295.0
2710677.0,2710929.0
2711497.0,2711729.0
2712195.0,2712367.0
2712709.0,2712935.0
2713229.0,2713229.0
2713295.0,2713335.0
2713387.0,2713387.0
2713523.0,2713547.0
2713691.0,2713777.0
2713819.0,2713829.0
2714147.0,2714155.0
2714445.0,2714613.0
2715019.0,2715033.0
2715211.0,2715233.0
2715323.0,2715349.0
2715543.0,2715543.0
2715685.0,2715831.0
2716205.0,2716749.0
2716801.0,2716823.0
2717865.0,2718509.0
2719333.0,2719851.0
2721091.0,2721301.0
2721581.0,2721583.0
2722293.0,2722319.0
2722493.0,2722507.0
2722563.0,2722569.0
2722631.0,2722677.0
2722777.0,2722777.0
2722919.0,2722923.0
2723009.0,2723009.0
2723111.0,2723111.0
2723397.0,2723397.0
2723533.0,2723611.0
2723695.0,2723711.0
2724001.0,2724141.0
2724859.0,2724985.0
2725907.0,2726069.0
2727185.0,2727329.0
2728633.0,2728791.0
2729711.0,2729847.0
2730811.0,2730963.0
2732149.0,2732281.0
2732577.0,2732801.0
2733879.0,2734085.0
2734305.0,2734543.0
2735487.0,2736389.0
2736605.0,2736629.0
2736679.0,2736683.0
2736821.0,2737123.0
2737193.0,2737213.0
2737287.0,2737403.0
2737635.0,2737723.0
2737779.0,2738109.0
2738249.0,2738269.0
2738363.0,2738379.0
2738443.0,2738451.0
2738537.0,2738865.0
2739059.0,2739319.0
2739485.0,2739769.0
2739883.0,2740107.0
2740213.0,2740219.0
2740325.0,2740501.0
2740653.0,2740677.0
2740739.0,2740759.0
2741227.0,2741413.0
2741513.0,2741751.0
2742379.0,2742379.0
2742795.0,2742969.0
2743069.0,2743147.0
2743241.0,2743247.0
2743339.0,2743339.0
2743767.0,2743897.0
2745023.0,2745057.0
2745189.0,2745335.0
2746185.0,2746213.0
2746277.0,2746281.0
2746443.0,2746443.0
2746583.0,2746599.0
2746739.0,2747229.0
2747285.0,2747351.0
2747803.0,2748301.0
2748425.0,2748427.0
2748563.0,2748725.0
2748825.0,2748971.0
2749171.0,2749171.0
2749675.0,2749845.0
2749961.0,2749967.0
2750221.0,2750295.0
2750527.0,2750531.0
2750657.0,2750663.0
2750743.0,2750927.0
2751003.0,2751023.0
2751227.0,2751407.0
2752297.0,2752455.0
2752799.0,2753343.0
2754361.0,2754545.0
2754591.0,2754655.0
2755497.0,2755697.0
2755791.0,2755991.0
2757211.0,2757657.0
2757743.0,2757857.0
2758199.0,2758909.0
2759057.0,2759371.0
2759495.0,2759733.0
2759855.0,2759855.0
2759945.0,2759945.0
2759987.0,2759987.0
2760041.0,2760043.0
2760173.0,2760175.0
2760279.0,2761087.0
2761221.0,2761263.0
2762103.0,2762639.0
2762723.0,2762791.0
2762843.0,2762843.0
2762889.0,2762889.0
2762981.0,2763345.0
2763395.0,2763405.0
2763651.0,2763655.0
2763951.0,2764151.0
2764543.0,2764657.0
2765065.0,2765083.0
2765159.0,2765521.0
2765841.0,2765843.0
2765989.0,2765989.0
2766215.0,2766219.0
2766291.0,2766327.0
2766461.0,2766879.0
2767259.0,2767263.0
2767401.0,2767407.0
2767523.0,2768209.0
2768289.0,2768291.0
2768335.0,2768441.0
2768499.0,2768509.0
2768571.0,2768635.0
2768799.0,2768801.0
2768963.0,2770517.0
2770589.0,2770653.0
2770869.0,2771047.0
2771115.0,2771147.0
2771215.0,2771215.0
2771291.0,2771313.0
2771417.0,2771447.0
2771625.0,2771665.0
2771783.0,2771785.0
2771827.0,2771975.0
2772043.0,2772267.0
2772337.0,2772407.0
2772503.0,2772577.0
2772959.0,2773181.0
2773339.0,2773361.0
2773443.0,2773443.0
2773947.0,2774143.0
2774219.0,2774719.0
2774797.0,2775197.0
2775267.0,2775579.0
2775679.0,2775679.0
2775743.0,2776741.0
2776831.0,2776837.0
2777223.0,2777491.0
2777815.0,2778415.0
2778641.0,2778641.0
2778743.0,2779619.0
2780115.0,2780161.0
2780545.0,2780553.0
2781295.0,2781299.0
2781417.0,2781647.0
2781903.0,2782539.0
2782633.0,2783061.0
2783137.0,2783667.0
2783909.0,2784491.0
2784831.0,2785653.0
2785765.0,2785985.0
2786279.0,2786289.0
2786471.0,2786703.0
2786835.0,2787823.0
2787895.0,2787943.0
2788107.0,2788185.0
2788511.0,2788511.0
2788981.0,2789145.0
2790073.0,2790073.0
2790717.0,2790875.0
2791779.0,2791783.0
2792121.0,2792297.0
2792461.0,2792469.0
2793057.0,2793227.0
2793443.0,2793445.0
2793987.0,2794177.0
2794771.0,2794971.0
2795929.0,2796123.0
2796275.0,2796285.0
2796735.0,2796927.0
2797003.0,2797003.0
2797177.0,2798435.0
2798483.0,2798679.0
2798759.0,2799725.0
2799817.0,2799847.0
2799969.0,2799969.0
2800643.0,2801103.0
2801343.0,2801389.0
2801487.0,2801689.0
2801897.0,2801913.0
2801969.0,2801971.0
2802015.0,2802019.0
2802213.0,2802783.0
2802829.0,2802841.0
2803293.0,2803293.0
2803361.0,2803361.0
2803409.0,2803523.0
2803669.0,2803907.0
2803955.0,2803977.0
2804129.0,2804147.0
2804199.0,2804207.0
2804337.0,2804341.0
2804425.0,2804425.0
2804709.0,2804929.0
2805297.0,2805297.0
2805427.0,2805871.0
2805989.0,2805989.0
2806065.0,2806069.0
2806125.0,2806155.0
2806237.0,2806237.0
2806439.0,2806443.0
2806515.0,2806649.0
2806723.0,2807007.0
2807197.0,2807197.0
2807271.0,2807273.0
2807349.0,2808087.0
2808249.0,2808251.0
2808303.0,2808395.0
2808541.0,2808541.0
2808629.0,2808633.0
2808679.0,2808679.0
2808771.0,2808851.0
2808915.0,2808947.0
2808991.0,2808997.0
2809137.0,2809153.0
2809251.0,2809883.0
2810071.0,2810075.0
2810187.0,2810189.0
2810309.0,2810309.0
2810375.0,2810389.0
2810441.0,2810441.0
2810693.0,2810697.0
2810821.0,2811683.0
2811799.0,2811805.0
2812043.0,2812787.0
2812869.0,2812873.0
2812973.0,2813045.0
2813157.0,2813173.0
2813319.0,2813319.0
2813439.0,2813479.0
2813545.0,2814239.0
2814323.0,2814535.0
2814967.0,2815429.0
2815491.0,2815531.0
2815787.0,2816331.0
2816401.0,2816405.0
2816473.0,2816473.0
2816767.0,2816793.0
2816943.0,2816943.0
2816991.0,2816999.0
2817117.0,2817131.0
2817409.0,2817413.0
2817469.0,2817477.0
2817555.0,2818627.0
2818857.0,2818933.0
2819189.0,2819219.0
2819381.0,2819799.0
2819849.0,2819857.0
2820251.0,2821099.0
2821465.0,2821479.0
2821609.0,2822015.0
2822105.0,2822131.0
2822427.0,2822751.0
2823485.0,2823609.0
2823739.0,2824369.0
2824453.0,2824599.0
2824679.0,2825017.0
2825231.0,2825477.0
2825845.0,2827381.0
2827901.0,2828327.0
2828397.0,2828397.0
2828477.0,2828481.0
2828541.0,2828541.0
2828609.0,2828649.0
2828739.0,2829211.0
2829287.0,2829287.0
2829517.0,2830171.0
2830241.0,2830243.0
2830299.0,2832497.0
2832557.0,2832559.0
2832639.0,2832659.0
2832825.0,2832841.0
2832967.0,2832975.0
2833021.0,2833065.0
2833107.0,2833113.0
2833215.0,2833215.0
2833271.0,2834045.0
2834089.0,2834823.0
2834893.0,2836061.0
2836493.0,2837567.0
2837695.0,2837695.0
2837743.0,2837751.0
2837987.0,2839269.0
2839415.0,2839417.0
2839509.0,2839509.0
2839563.0,2839563.0
2839739.0,2839739.0
2839975.0,2839979.0
2840155.0,2840577.0
2840643.0,2840913.0
2841233.0,2841233.0
2842367.0,2842567.0
2842679.0,2842685.0
2842753.0,2842753.0
2843059.0,2843861.0
2843965.0,2844871.0
2845019.0,2845943.0
2846353.0,2848563.0
2848683.0,2849485.0
2849551.0,2849613.0
2849827.0,2850489.0
2850601.0,2853239.0
2853395.0,2853395.0
2853583.0,2853823.0
2853907.0,2854183.0
2854259.0,2854273.0
2854401.0,2854535.0
2854607.0,2854921.0
2855035.0,2855035.0
2855091.0,2855101.0
2855149.0,2855187.0
2855263.0,2855263.0
2855325.0,2855345.0
2855555.0,2855579.0
2855885.0,2855887.0
2855935.0,2855935.0
2856005.0,2856295.0
2856359.0,2856421.0
2856481.0,2856485.0
2856563.0,2856567.0
2856633.0,2856681.0
2856805.0,2856865.0
2856967.0,2856971.0
2857055.0,2858421.0
2858481.0,2858639.0
2858889.0,2859131.0
2859213.0,2859267.0
2859491.0,2859655.0
2859707.0,2860045.0
2860335.0,2860335.0
2860419.0,2860989.0
2861097.0,2861119.0
2861169.0,2861255.0
2861319.0,2861943.0
2862333.0,2862943.0
2863017.0,2863249.0
2863369.0,2863377.0
2863493.0,2863657.0
2863709.0,2863849.0
2864009.0,2864959.0
2865033.0,2865033.0
2865133.0,2865383.0
2865471.0,2865733.0
2866719.0,2867043.0
2867185.0,2867215.0
2867337.0,2868019.0
2868187.0,2868229.0
2868291.0,2868319.0
2868463.0,2868981.0
2869209.0,2869223.0
2869359.0,2870297.0
2870857.0,2871087.0
2871501.0,2871501.0
2871701.0,2871897.0
2872007.0,2872009.0
2872219.0,2872221.0
2872295.0,2872295.0
2872677.0,2872687.0
2872797.0,2873053.0
2873365.0,2873367.0
2873477.0,2873891.0
2874037.0,2874037.0
2874185.0,2874185.0
2874389.0,2874979.0
2875769.0,2876091.0
2876187.0,2876195.0
2876265.0,2876275.0
2876423.0,2876503.0
2876573.0,2876575.0
2876647.0,2876651.0
2876785.0,2877461.0
2877615.0,2877615.0
2878223.0,2878967.0
2879021.0,2879075.0
2879175.0,2879197.0
2879431.0,2879435.0
2879499.0,2879499.0
2879601.0,2879601.0
2879707.0,2879717.0
2879781.0,2880109.0
2880225.0,2880231.0
2880275.0,2880297.0
2880445.0,2880447.0
2880505.0,2880517.0
2880585.0,2880587.0
2881153.0,2881491.0
2881751.0,2881759.0
2881803.0,2881839.0
2881891.0,2881891.0
2881949.0,2882241.0
2882351.0,2882363.0
2882493.0,2883113.0
2883159.0,2883163.0
2883303.0,2883311.0
2883421.0,2883423.0
2883557.0,2883629.0
2883715.0,2884671.0
2884743.0,2884783.0
2884945.0,2885705.0
2885771.0,2886753.0
2886993.0,2886993.0
2887099.0,2888137.0
2888247.0,2888247.0
2888337.0,2888337.0
2888465.0,2888465.0
2888625.0,2888627.0
2888945.0,2889249.0
2889453.0,2889701.0
2889817.0,2889817.0
2889859.0,2889865.0
2890037.0,2890553.0
2890595.0,2890619.0
2890825.0,2891301.0
2891343.0,2891421.0
2891555.0,2891587.0
2891895.0,2891899.0
2892773.0,2893323.0
2893379.0,2893437.0
2893495.0,2893641.0
2893761.0,2893799.0
2893991.0,2894003.0
2894269.0,2894721.0
2895093.0,2895107.0
2895487.0,2895785.0
2895865.0,2895875.0
2895971.0,2895971.0
2896039.0,2896041.0
2896127.0,2896793.0
2896907.0,2896943.0
2897053.0,2897105.0
2897229.0,2897245.0
2897303.0,2897311.0
2897367.0,2897373.0
2897485.0,2897531.0
2897573.0,2898303.0
2898369.0,2898487.0
2898563.0,2899267.0
2899329.0,2899381.0
2899579.0,2899579.0
2899745.0,2899745.0
2899811.0,2899811.0
2899875.0,2899877.0
2900357.0,2902031.0
2902077.0,2902243.0
2902761.0,2903655.0
2903849.0,2903863.0
2903943.0,2903971.0
2904021.0,2904025.0
2904139.0,2904145.0
2904193.0,2904227.0
2904291.0,2905209.0
2905253.0,2905921.0
2905977.0,2906893.0
2906945.0,2907001.0
2907047.0,2907127.0
2907255.0,2907697.0
2907837.0,2907853.0
2907937.0,2908681.0
2908723.0,2908723.0
2908885.0,2908891.0
2908993.0,2909053.0
2909203.0,2909211.0
2909257.0,2909357.0
2909627.0,2909645.0
2909915.0,2910237.0
2910309.0,2910323.0
2910367.0,2910435.0
2910551.0,2910609.0
2910717.0,2910735.0
2910891.0,2910897.0
2911105.0,2911105.0
2911201.0,2911205.0
2911299.0,2911329.0
2911391.0,2911405.0
2911463.0,2911469.0
2911513.0,2911521.0
2911583.0,2911589.0
2911753.0,2911759.0
2911985.0,2912195.0
2912383.0,2912389.0
2912479.0,2913019.0
2913129.0,2913145.0
2913211.0,2913215.0
2913259.0,2913609.0
2913705.0,2914187.0
2914271.0,2914273.0
2914469.0,2915145.0
2915223.0,2915989.0
2916109.0,2916165.0
2916279.0,2916281.0
2916373.0,2916383.0
2916455.0,2916497.0
2916565.0,2916937.0
2916979.0,2916991.0
2917049.0,2917053.0
2917115.0,2917125.0
2917237.0,2917261.0
2917627.0,2917847.0
2917959.0,2917987.0
2918051.0,2918059.0
2918405.0,2918413.0
2918645.0,2919247.0
2919573.0,2919577.0
2919771.0,2919777.0
2919973.0,2920031.0
2920133.0,2920757.0
2920995.0,2920995.0
2921109.0,2921111.0
2921163.0,2921173.0
2921241.0,2921241.0
2921571.0,2921639.0
2921729.0,2922045.0
2922319.0,2922319.0
2922393.0,2922401.0
2922621.0,2922625.0
2923029.0,2923029.0
2923473.0,2923473.0
2923565.0,2923567.0
2923629.0,2923635.0
2923759.0,2924053.0
2924593.0,2925427.0
2925889.0,2925891.0
2926239.0,2928051.0
2928223.0,2928229.0
2928411.0,2928767.0
2929025.0,2929027.0
2929079.0,2929079.0
2929143.0,2930141.0
2930205.0,2930247.0
2930319.0,2930335.0
2930405.0,2930669.0
2931857.0,2931859.0
2931957.0,2932831.0
2932879.0,2932941.0
2933037.0,2933037.0
2933291.0,2933825.0
2935049.0,2935371.0
2935465.0,2935659.0
2935899.0,2935913.0
2936015.0,2936015.0
2936655.0,2937093.0
2937483.0,2937487.0
2937537.0,2937543.0
2937651.0,2937651.0
2937935.0,2938169.0
2938237.0,2938243.0
2938317.0,2938317.0
2938363.0,2938363.0
2938777.0,2938779.0
2938869.0,2939121.0
2939227.0,2939229.0
2939607.0,2939743.0
2940493.0,2940493.0
2940609.0,2940647.0
2940693.0,2940705.0
2940765.0,2940771.0
2940843.0,2941253.0
2941535.0,2941547.0
2942075.0,2942553.0
2943153.0,2944127.0
2944179.0,2944183.0
2944243.0,2944245.0
2944617.0,2945603.0
2946035.0,2946035.0
2946193.0,2946197.0
2946323.0,2946331.0
2946621.0,2947445.0
2947695.0,2947695.0
2947751.0,2947755.0
2947911.0,2948921.0
2949411.0,2949701.0
2949753.0,2950027.0
2950351.0,2950351.0
2950593.0,2950593.0
2950645.0,2951121.0
2951257.0,2951257.0
2951649.0,2951813.0
2951945.0,2951945.0
2952127.0,2952127.0
2952389.0,2952553.0
2952687.0,2952687.0
2952843.0,2952845.0
2952911.0,2952913.0
2953209.0,2953211.0
2953445.0,2953451.0
2953769.0,2953939.0
2954703.0,2954853.0
2955215.0,2955223.0
2955505.0,2955545.0
2955633.0,2956405.0
2956519.0,2956519.0
2956563.0,2956565.0
2956727.0,2956961.0
2957399.0,2958205.0
2958365.0,2958371.0
2958461.0,2958461.0
2958769.0,2959015.0
2959075.0,2959087.0
2959157.0,2959169.0
2959301.0,2959841.0
2959931.0,2959939.0
2960015.0,2960017.0
2960073.0,2960125.0
2960205.0,2960249.0
2960409.0,2960417.0
2960511.0,2961043.0
2961161.0,2961225.0
2961279.0,2961279.0
2961475.0,2961529.0
2961629.0,2961633.0
2961837.0,2962503.0
2962615.0,2962657.0
2962715.0,2962719.0
2962969.0,2962991.0
2963065.0,2963069.0
2963139.0,2963149.0
2963205.0,2963227.0
2963299.0,2963303.0
2963357.0,2964081.0
2964391.0,2964395.0
2964493.0,2964525.0
2964621.0,2964625.0
2964729.0,2965041.0
2965357.0,2965359.0
2965429.0,2966201.0
2966273.0,2966275.0
2966317.0,2966333.0
2966385.0,2966389.0
2966607.0,2966609.0
2966703.0,2966713.0
2966895.0,2966899.0
2966989.0,2966989.0
2967107.0,2967111.0
2967355.0,2967359.0
2967717.0,2967723.0
2967779.0,2967781.0
2968037.0,2968043.0
2968567.0,2969189.0
2969527.0,2969933.0
2970117.0,2970635.0
2970949.0,2971557.0
2971607.0,2971629.0
2971711.0,2971723.0
2971801.0,2973211.0
2973295.0,2973571.0
2973673.0,2973797.0
2973869.0,2973883.0
2974167.0,2974379.0
2974473.0,2974477.0
2974743.0,2974743.0
2974967.0,2975185.0
2975341.0,2975387.0
2975817.0,2975995.0
2976233.0,2976235.0
2976453.0,2976483.0
2976537.0,2976539.0
2976649.0,2976653.0
2976829.0,2977057.0
2977171.0,2977175.0
2977219.0,2977259.0
2977327.0,2977349.0
2977511.0,2977957.0
2978017.0,2978035.0
2978303.0,2978303.0
2978409.0,2978683.0
2978767.0,2978767.0
2978851.0,2978851.0
2978981.0,2978983.0
2979125.0,2979233.0
2979291.0,2979335.0
2979445.0,2979459.0
2979553.0,2979883.0
2979955.0,2980205.0
2980265.0,2980265.0
2980381.0,2980573.0
2980919.0,2980923.0
2981021.0,2981059.0
2981101.0,2981103.0
2981189.0,2981209.0
2981307.0,2981315.0
2981437.0,2981967.0
2982043.0,2982099.0
2982169.0,2982183.0
2982259.0,2982259.0
2982315.0,2982359.0
2982449.0,2982455.0
2982609.0,2982615.0
2982773.0,2982907.0
2982977.0,2982983.0
2983049.0,2983053.0
2983189.0,2983453.0
2983499.0,2983519.0
2983661.0,2983661.0
2983733.0,2983747.0
2983877.0,2983887.0
2984053.0,2984053.0
2984137.0,2984189.0
2984239.0,2984275.0
2984605.0,2984913.0
2984991.0,2984995.0
2985047.0,2985049.0
2985097.0,2985097.0
2985187.0,2985189.0
2985375.0,2985377.0
2985457.0,2985459.0
2985653.0,2986341.0
2986383.0,2986393.0
2986715.0,2986721.0
2986791.0,2986795.0
2986841.0,2986889.0
2986947.0,2986995.0
2987055.0,2987317.0
2987765.0,2987771.0
2987815.0,2987837.0
2987945.0,2987949.0
2988023.0,2988023.0
2988069.0,2988087.0
2988145.0,2988145.0
2988187.0,2988195.0
2988243.0,2989451.0
2989507.0,2989593.0
2989637.0,2989645.0
2989759.0,2989759.0
2989937.0,2989941.0
2990159.0,2990159.0
2990225.0,2990235.0
2990459.0,2991205.0
2991249.0,2991255.0
2991303.0,2991311.0
2991505.0,2991781.0
2991845.0,2991889.0
2992003.0,2992521.0
2992629.0,2992653.0
2992713.0,2993009.0
2993055.0,2993097.0
2993139.0,2993149.0
2993233.0,2993237.0
2993315.0,2993315.0
2993409.0,2993411.0
2993513.0,2993513.0
2993851.0,2994181.0
2994323.0,2994333.0
2994607.0,2994611.0
2994861.0,2994901.0
2994991.0,2994999.0
2995203.0,2995203.0
2995585.0,2995615.0
2995689.0,2995691.0
2995783.0,2996705.0
2996753.0,2996755.0
2996851.0,2996949.0
2997041.0,2997043.0
2997169.0,2997915.0
2997969.0,2998385.0
2998515.0,2998589.0
2998741.0,2999013.0
2999073.0,2999079.0
2999163.0,2999163.0
2999237.0,2999237.0
2999281.0,2999281.0
2999339.0,2999343.0
2999417.0,2999417.0
2999569.0,3000119.0
3000181.0,3000197.0
3000275.0,3000383.0
3000837.0,3001111.0
3001435.0,3001455.0
3001699.0,3001715.0
3002415.0,3002427.0
3002639.0,3002871.0
3002943.0,3002953.0
3003477.0,3003699.0
3003979.0,3003981.0
3004027.0,3004035.0
3004127.0,3004135.0
3004421.0,3004625.0
3004701.0,3004709.0
3004961.0,3004971.0
3005099.0,3005117.0
3005207.0,3005207.0
3005325.0,3005825.0
3005911.0,3006071.0
3006255.0,3006257.0
3006305.0,3006307.0
3006431.0,3006453.0
3006509.0,3006513.0
3006563.0,3006571.0
3006655.0,3006677.0
3006753.0,3006763.0
3006825.0,3006863.0
3006961.0,3007845.0
3007949.0,3008495.0
3008567.0,3008591.0
3008649.0,3008993.0
3009119.0,3009135.0
3009243.0,3009249.0
3009477.0,3009713.0
3009829.0,3009835.0
3009945.0,3011221.0
3011297.0,3011373.0
3011669.0,3011669.0
3011719.0,3011719.0
3011763.0,3011775.0
3012153.0,3012221.0
3012335.0,3012341.0
3012509.0,3012517.0
3012579.0,3012589.0
3012679.0,3012705.0
3012767.0,3012771.0
3012841.0,3013121.0
3013213.0,3013317.0
3013415.0,3013417.0
3013463.0,3013567.0
3013627.0,3013631.0
3013691.0,3013949.0
3014097.0,3014135.0
3014255.0,3014263.0
3014361.0,3014375.0
3014573.0,3014745.0
3014827.0,3014831.0
3014959.0,3015009.0
3015063.0,3015065.0
3015111.0,3015115.0
3015317.0,3015785.0
3016091.0,3016239.0
3016361.0,3016395.0
3016857.0,3017475.0
3017783.0,3018157.0
3018349.0,3018857.0
3019099.0,3019109.0
3019187.0,3019919.0
3020263.0,3020263.0
3020413.0,3020415.0
3020661.0,3021015.0
3021057.0,3021409.0
3021533.0,3022349.0
3022533.0,3022887.0
3023063.0,3023067.0
3023305.0,3024299.0
3024417.0,3024463.0
3024781.0,3024941.0
3024995.0,3025053.0
3025147.0,3025147.0
3025433.0,3025463.0
3025653.0,3025667.0
3025725.0,3025801.0
3025867.0,3026469.0
3026523.0,3026581.0
3026667.0,3027077.0
3027293.0,3028041.0
3028417.0,3029885.0
3029957.0,3029961.0
3030019.0,3030023.0
3030085.0,3030147.0
3030225.0,3030711.0
3031033.0,3031389.0
3031635.0,3031943.0
3032455.0,3033017.0
3033173.0,3033177.0
3033473.0,3033475.0
3033561.0,3033613.0
3033821.0,3034323.0
3034369.0,3034369.0
3034557.0,3034557.0
3034793.0,3034795.0
3034877.0,3034913.0
3035073.0,3036091.0
3036325.0,3036351.0
3036895.0,3037403.0
3037477.0,3038139.0
3039333.0,3039997.0
3040909.0,3041747.0
3041821.0,3041875.0
3041927.0,3042185.0
3042603.0,3042611.0
3042691.0,3044377.0
3044421.0,3044437.0
3044625.0,3044633.0
3044767.0,3044789.0
3044937.0,3044973.0
3045257.0,3045627.0
3045925.0,3046979.0
3047465.0,3048007.0
3048077.0,3048087.0
3049267.0,3049527.0
3050281.0,3050281.0
3050345.0,3051097.0
3051953.0,3052293.0
3052719.0,3052725.0
3052865.0,3052869.0
3053215.0,3054181.0
3054279.0,3055161.0
3055703.0,3056505.0
3056723.0,3056957.0
3057355.0,3058003.0
3058079.0,3058083.0
3058343.0,3058573.0
3058777.0,3059095.0
3059475.0,3059681.0
3060223.0,3060567.0
3060777.0,3061635.0
3061985.0,3062805.0
3063065.0,3064009.0
3064061.0,3064067.0
3064837.0,3066143.0
3066217.0,3066257.0
3066381.0,3066385.0
3066517.0,3066525.0
3066631.0,3066631.0
3067825.0,3067947.0
3068687.0,3069641.0
3069853.0,3070177.0
3070313.0,3070325.0
3070925.0,3071311.0
3071389.0,3071621.0
3071705.0,3071897.0
3072843.0,3073227.0
3073317.0,3073595.0
3074145.0,3074165.0
3074233.0,3074451.0
3074551.0,3074553.0
3075553.0,3075791.0
3076951.0,3077535.0
3077791.0,3077817.0
3078531.0,3079015.0
3079411.0,3079447.0
3080791.0,3081829.0
3082037.0,3082039.0
3082267.0,3082779.0
3083159.0,3083181.0
3083801.0,3083935.0
3084531.0,3085721.0
3085763.0,3085859.0
3086041.0,3086597.0
3086649.0,3086651.0
3087007.0,3087015.0
3087119.0,3087137.0
3087319.0,3087337.0
3087419.0,3087423.0
3087513.0,3087513.0
3087681.0,3087683.0
3087775.0,3087781.0
3087835.0,3087839.0
3088143.0,3088143.0
3088219.0,3088223.0
3088423.0,3088647.0
3089925.0,3090775.0
3090863.0,3091075.0
3091561.0,3092091.0
3092173.0,3092175.0
3092797.0,3093263.0
3093593.0,3094071.0
3094205.0,3094205.0
3094271.0,3094521.0
3094625.0,3094807.0
3094875.0,3094917.0
3095025.0,3095245.0
3095481.0,3095881.0
3095943.0,3095945.0
3096171.0,3096377.0
3096473.0,3096489.0
3096557.0,3096571.0
3096901.0,3096909.0
3096951.0,3096961.0
3097203.0,3097415.0
3097497.0,3097891.0
3097959.0,3098089.0
3098165.0,3098181.0
3098231.0,3098239.0
3098333.0,3098333.0
3098461.0,3099349.0
3099403.0,3099407.0
3099501.0,3099503.0
3099609.0,3099631.0
3099739.0,3099747.0
3099801.0,3100177.0
3100439.0,3100441.0
3100835.0,3101101.0
3101193.0,3101193.0
3101377.0,3102029.0
3102093.0,3102117.0
3102167.0,3102751.0
3102821.0,3102853.0
3103369.0,3103689.0
3103895.0,3103899.0
3104135.0,3104135.0
3104199.0,3104505.0
3104635.0,3105073.0
3105133.0,3105137.0
3105235.0,3105243.0
3105317.0,3105325.0
3106215.0,3107119.0
3107263.0,3107473.0
3108327.0,3108597.0
3108679.0,3109027.0
3109075.0,3109127.0
3109199.0,3109201.0
3109361.0,3109379.0
3109809.0,3110171.0
3110223.0,3110249.0
3111487.0,3111489.0
3111575.0,3111585.0
3111731.0,3112231.0
3112789.0,3112797.0
3113365.0,3113377.0
3113573.0,3113593.0
3113637.0,3113651.0
3113703.0,3114237.0
3114329.0,3114371.0
3114953.0,3115979.0
3116045.0,3116051.0
3116179.0,3116525.0
3116757.0,3116759.0
3116923.0,3117615.0
3117733.0,3117745.0
3117943.0,3118125.0
3118607.0,3118899.0
3119565.0,3119787.0
3119859.0,3119859.0
3120343.0,3120611.0
3121405.0,3121405.0
3121499.0,3122261.0
3122313.0,3122773.0
3122857.0,3124719.0
3125035.0,3125423.0
3125579.0,3125579.0
3125621.0,3125625.0
3125757.0,3126155.0
3126377.0,3126381.0
3126767.0,3126817.0
3127673.0,3128441.0
3128483.0,3128527.0
3128581.0,3128593.0
3128647.0,3128647.0
3130025.0,3130239.0
3130379.0,3130381.0
3130445.0,3130449.0
3130581.0,3130585.0
3130683.0,3130693.0
3131343.0,3131345.0
3131829.0,3132115.0
3132187.0,3132459.0
3132621.0,3132625.0
3132687.0,3132689.0
3133567.0,3133873.0
3133965.0,3133965.0
3134065.0,3134513.0
3134581.0,3134889.0
3134973.0,3134985.0
3135075.0,3135077.0
3135137.0,3135145.0
3135593.0,3136133.0
3136217.0,3136245.0
3136389.0,3136579.0
3136645.0,3136679.0
3136769.0,3136857.0
3136911.0,3137097.0
3137279.0,3137391.0
3137523.0,3137577.0
3137767.0,3137833.0
3138051.0,3138271.0
3138361.0,3138455.0
3138563.0,3138591.0
3138769.0,3138781.0
3138921.0,3138967.0
3139123.0,3139141.0
3139425.0,3139687.0
3139815.0,3139815.0
3139933.0,3139933.0
3140035.0,3140041.0
3140187.0,3140489.0
3140589.0,3140951.0
3141005.0,3141055.0
3141407.0,3141415.0
3141503.0,3141507.0
3141571.0,3141571.0
3141629.0,3141655.0
3141799.0,3141845.0
3142051.0,3142057.0
3142207.0,3142213.0
3142301.0,3142939.0
3143129.0,3143129.0
3143529.0,3143865.0
3143943.0,3143961.0
3144169.0,3144171.0
3144223.0,3144225.0
3144643.0,3144821.0
3144939.0,3144941.0
3145085.0,3145373.0
3145465.0,3145491.0
3145719.0,3145723.0
3145883.0,3146995.0
3147127.0,3147203.0
3147327.0,3147419.0
3147671.0,3147671.0
3148355.0,3148355.0
3148423.0,3148423.0
3148531.0,3148531.0
3148607.0,3148745.0
3148913.0,3149315.0
3149445.0,3149495.0
3149541.0,3149551.0
3149611.0,3149619.0
3149863.0,3149863.0
3150091.0,3150323.0
3150489.0,3150799.0
3150981.0,3150983.0
3151419.0,3151643.0
3151749.0,3151753.0
3151807.0,3151811.0
3151921.0,3151921.0
3151981.0,3152007.0
3152121.0,3152127.0
3152367.0,3152371.0
3152449.0,3152871.0
3152965.0,3152969.0
3153021.0,3153027.0
3153081.0,3153099.0
3153205.0,3153207.0
3153275.0,3153347.0
3153465.0,3154367.0
3154419.0,3154467.0
3154509.0,3154521.0
3154667.0,3154667.0
3154777.0,3154781.0
3154929.0,3155099.0
3155145.0,3155149.0
3156549.0,3157531.0
3157715.0,3158025.0
3158285.0,3158287.0
3158549.0,3158821.0
3158889.0,3158891.0
3159043.0,3159069.0
3159163.0,3159163.0
3159531.0,3159545.0
3159597.0,3159631.0
3159731.0,3160045.0
3160211.0,3160211.0
3160267.0,3160277.0
3160499.0,3160509.0
3160617.0,3160621.0
3160679.0,3160683.0
3160837.0,3161263.0
3161395.0,3161395.0
3161687.0,3161999.0
3162225.0,3162231.0
3162367.0,3162609.0
3162781.0,3162781.0
3162965.0,3162965.0
3163027.0,3163029.0
3163329.0,3163605.0
3163705.0,3163709.0
3163905.0,3163943.0
3164349.0,3164381.0
3164475.0,3164479.0
3164623.0,3164627.0
3164703.0,3164985.0
3165067.0,3165113.0
3165199.0,3165201.0
3165247.0,3165249.0
3165301.0,3165307.0
3165539.0,3165575.0
3165653.0,3165655.0
3165709.0,3165949.0
3166009.0,3166021.0
3166137.0,3166253.0
3166739.0,3166747.0
3167151.0,3167151.0
3167279.0,3167321.0
3167405.0,3167413.0
3167499.0,3167567.0
3167657.0,3167657.0
3167701.0,3167709.0
3167777.0,3168631.0
3169053.0,3169053.0
3169301.0,3170055.0
3170119.0,3170167.0
3170259.0,3171105.0
3171229.0,3171249.0
3171291.0,3171297.0
3171359.0,3171359.0
3171405.0,3171407.0
3171479.0,3171479.0
3171589.0,3171603.0
3171711.0,3171809.0
3172093.0,3172093.0
3172163.0,3174063.0
3174177.0,3174543.0
3174617.0,3174701.0
3174835.0,3174859.0
3174915.0,3176121.0
3176169.0,3176173.0
3176221.0,3176395.0
3176489.0,3176491.0
3176559.0,3176963.0
3177009.0,3177009.0
3177095.0,3177123.0
3177203.0,3177209.0
3177385.0,3177385.0
3177529.0,3177531.0
3177657.0,3177733.0
3177799.0,3177805.0
3177967.0,3178279.0
3178347.0,3178389.0
3178525.0,3178525.0
3178661.0,3179011.0
3179107.0,3179113.0
3179173.0,3179177.0
3179255.0,3179259.0
3179421.0,3179433.0
3179503.0,3179507.0
3179645.0,3180087.0
3180139.0,3180171.0
3180467.0,3180721.0
3180795.0,3180845.0
3180905.0,3180981.0
3181055.0,3181075.0
3181143.0,3181169.0
3181223.0,3181229.0
3181367.0,3181373.0
3181585.0,3181591.0
3181865.0,3182437.0
3182579.0,3182587.0
3182629.0,3182743.0
3182869.0,3182871.0
3182915.0,3182931.0
3183307.0,3183323.0
3183375.0,3183389.0
3183585.0,3183585.0
3183665.0,3183695.0
3183769.0,3183825.0
3183873.0,3183937.0
3184069.0,3184091.0
3184253.0,3184481.0
3184633.0,3184709.0
3185091.0,3185187.0
3185295.0,3185431.0
3185709.0,3185709.0
3185773.0,3186047.0
3186117.0,3186119.0
3186229.0,3186237.0
3186437.0,3186799.0
3186929.0,3187159.0
3187205.0,3187255.0
3187531.0,3187537.0
3187919.0,3187919.0
3187975.0,3188899.0
3188957.0,3189017.0
3189071.0,3189735.0
3189819.0,3189845.0
3189903.0,3190005.0
3190219.0,3190219.0
3190277.0,3190281.0
3190353.0,3190353.0
3190455.0,3190463.0
3190571.0,3191181.0
3191233.0,3191249.0
3191311.0,3191335.0
3191427.0,3191439.0
3191491.0,3191491.0
3191539.0,3191547.0
3191671.0,3191685.0
3191757.0,3192839.0
3192909.0,3192937.0
3193007.0,3193007.0
3193057.0,3193117.0
3193397.0,3193397.0
3193767.0,3194429.0
3194533.0,3194571.0
3194613.0,3194655.0
3194699.0,3194765.0
3194821.0,3194829.0
3194903.0,3194951.0
3195025.0,3195029.0
3195271.0,3196039.0
3196153.0,3196157.0
3196205.0,3196269.0
3196325.0,3197255.0
3197311.0,3197321.0
3197389.0,3197389.0
3197645.0,3197655.0
3197709.0,3197713.0
3197779.0,3197795.0
3197851.0,3197853.0
3197945.0,3197955.0
3198015.0,3198055.0
3198109.0,3198115.0
3198161.0,3198161.0
3198257.0,3198951.0
3199011.0,3199013.0
3199435.0,3199699.0
3199917.0,3199925.0
3200267.0,3200305.0
3200417.0,3200419.0
3200555.0,3200821.0
3201257.0,3201257.0
3201813.0,3202017.0
3202117.0,3202399.0
3203637.0,3203823.0
3204673.0,3204675.0
3204991.0,3205185.0
3205975.0,3206461.0
3207115.0,3207385.0
3207503.0,3207503.0
3207913.0,3208115.0
3208501.0,3208789.0
3208883.0,3209121.0
3209557.0,3209773.0
3209837.0,3210323.0
3210457.0,3210605.0
3211229.0,3212093.0
3212193.0,3212219.0
3213021.0,3213395.0
3213941.0,3213949.0
3214063.0,3215573.0
3216165.0,3216167.0
3216499.0,3216501.0
3216711.0,3217245.0
3218069.0,3218349.0
3218743.0,3219013.0
3219479.0,3219509.0
3219905.0,3219919.0
3220187.0,3220189.0
3220493.0,3220759.0
3221165.0,3221433.0
3221889.0,3222327.0
3222571.0,3222609.0
3222905.0,3223183.0
3223289.0,3224231.0
3224445.0,3225747.0
3226263.0,3226753.0
3226855.0,3226979.0
3227507.0,3227763.0
3228017.0,3228019.0
3228159.0,3228161.0
3228757.0,3228957.0
3229065.0,3229065.0
3229303.0,3229369.0
3229507.0,3229613.0
3230131.0,3230397.0
3230477.0,3230849.0
3231493.0,3231495.0
3231599.0,3231617.0
3231875.0,3232245.0
3232331.0,3232613.0
3232763.0,3232781.0
3232859.0,3232865.0
3233453.0,3233461.0
3233623.0,3233781.0
3233885.0,3234505.0
3234603.0,3234909.0
3234989.0,3234999.0
3235171.0,3235187.0
3235359.0,3235359.0
3235611.0,3235611.0
3235867.0,3236053.0
3236309.0,3236335.0
3236445.0,3236451.0
3236509.0,3236551.0
3236693.0,3236789.0
3236929.0,3236937.0
3236985.0,3236989.0
3237043.0,3237303.0
3237405.0,3237683.0
3238523.0,3238525.0
3238737.0,3238737.0
3238963.0,3238997.0
3239063.0,3239193.0
3239277.0,3239487.0
3239671.0,3239679.0
3239907.0,3239913.0
3240349.0,3240877.0
3241583.0,3241585.0
3241675.0,3241675.0
3241809.0,3242053.0
3242547.0,3242553.0
3242637.0,3242645.0
3243063.0,3243063.0
3243271.0,3243559.0
3243995.0,3244199.0
3244765.0,3245077.0
3245191.0,3245191.0
3245277.0,3245277.0
3245333.0,3245339.0
3245417.0,3245459.0
3245719.0,3245931.0
3245995.0,3246041.0
3246143.0,3246155.0
3246579.0,3246585.0
3246715.0,3246721.0
3247199.0,3247705.0
3247903.0,3247907.0
3248591.0,3249269.0
3250339.0,3250883.0
3251211.0,3251597.0
3251829.0,3252671.0
3253043.0,3253561.0
3253603.0,3253607.0
3253657.0,3255957.0
3256025.0,3256169.0
3256215.0,3256215.0
3256293.0,3256611.0
3256695.0,3256703.0
3256777.0,3256817.0
3256881.0,3256883.0
3257045.0,3257045.0
3257137.0,3258149.0
3258235.0,3258707.0
3258773.0,3258819.0
3258875.0,3258903.0
3259015.0,3259025.0
3259135.0,3260259.0
3260319.0,3260379.0
3260485.0,3260487.0
3260539.0,3260641.0
3260691.0,3260691.0
3260749.0,3262161.0
3262255.0,3262257.0
3262445.0,3262939.0
3263037.0,3263243.0
3263303.0,3263381.0
3263555.0,3263601.0
3263853.0,3263877.0
3263979.0,3263987.0
3264139.0,3265877.0
3265961.0,3266035.0
3266333.0,3266379.0
3266525.0,3267911.0
3267971.0,3267991.0
3268069.0,3268327.0
3269283.0,3269781.0
3269957.0,3269969.0
3270275.0,3270325.0
3270555.0,3270751.0
3271529.0,3271843.0
3272039.0,3272323.0
3272531.0,3272547.0
3273309.0,3274085.0
3274535.0,3275347.0
3275433.0,3275455.0
3275499.0,3275513.0
3275713.0,3275715.0
3276399.0,3276629.0
3277099.0,3277103.0
3277201.0,3277215.0
3277483.0,3277991.0
3278135.0,3278139.0
3278769.0,3278771.0
3279045.0,3279225.0
3279775.0,3281299.0
3281593.0,3281673.0
3282243.0,3282731.0
3282781.0,3282783.0
3283045.0,3283047.0
3283329.0,3283381.0
3283439.0,3283453.0
3283695.0,3283709.0
3283799.0,3283805.0
3284155.0,3285177.0
3285399.0,3285401.0
3285991.0,3286353.0
3286453.0,3286585.0
3287173.0,3287201.0
3287425.0,3287429.0
3287597.0,3287625.0
3287917.0,3287921.0
3288123.0,3288197.0
3288503.0,3288955.0
3290849.0,3291271.0
3292343.0,3292883.0
3293969.0,3294653.0
3294931.0,3295121.0
3296077.0,3296155.0
3296355.0,3296355.0
3296605.0,3296605.0
3296935.0,3298637.0
3298787.0,3300293.0
3300713.0,3301219.0
3301315.0,3301315.0
3301477.0,3301479.0
3302049.0,3302701.0
3303199.0,3303201.0
3303489.0,3303729.0
3304189.0,3304443.0
3304813.0,3305199.0
3305701.0,3306527.0
3306635.0,3306635.0
3307041.0,3307097.0
3307189.0,3307425.0
3307885.0,3308155.0
3308281.0,3308283.0
3308353.0,3308355.0
3308437.0,3308437.0
3308607.0,3308849.0
3308951.0,3309687.0
3310057.0,3310059.0
3310337.0,3310685.0
3310913.0,3311329.0
3311785.0,3312973.0
3313035.0,3313635.0
3313881.0,3313885.0
3313943.0,3313951.0
3314083.0,3314769.0
3314877.0,3314921.0
3315059.0,3315331.0
3315373.0,3315373.0
3315471.0,3315489.0
3315659.0,3315659.0
3315721.0,3316067.0
3316941.0,3316961.0
3317027.0,3317027.0
3317097.0,3317397.0
3317473.0,3317475.0
3317715.0,3317719.0
3317995.0,3318055.0
3318115.0,3318127.0
3318259.0,3318269.0
3318461.0,3318461.0
3318553.0,3318853.0
3319303.0,3319311.0
3319703.0,3319703.0
3319749.0,3319749.0
3320133.0,3320547.0
3320601.0,3320617.0
3320707.0,3320709.0
3321073.0,3321073.0
3321277.0,3321279.0
3321533.0,3322203.0
3322845.0,3322877.0
3322999.0,3322999.0
3323071.0,3323153.0
3323235.0,3323237.0
3323381.0,3323415.0
3323457.0,3323465.0
3323941.0,3323995.0
3324509.0,3324769.0
3324935.0,3324937.0
3325203.0,3325293.0
3325951.0,3325965.0
3326107.0,3326385.0
3326697.0,3326697.0
3326805.0,3326811.0
3327241.0,3327509.0
3328457.0,3328609.0
3329877.0,3330139.0
3330995.0,3331003.0
3331051.0,3331205.0
3331555.0,3331721.0
3332175.0,3332339.0
3333117.0,3333289.0
3334247.0,3334415.0
3335097.0,3335297.0
3336035.0,3336185.0
3336299.0,3336467.0
3337517.0,3337523.0
3337627.0,3337647.0
3338819.0,3338945.0
3339459.0,3339697.0
3341581.0,3341741.0
3342557.0,3342721.0
3342935.0,3342947.0
3342999.0,3343821.0
3344081.0,3344341.0
3344391.0,3345099.0
3345163.0,3345215.0
3345263.0,3345589.0
3345815.0,3347493.0
3347537.0,3347565.0
3347637.0,3348181.0
3350431.0,3350431.0
3351097.0,3352267.0
3352353.0,3352567.0
3352647.0,3352709.0
3352817.0,3352933.0
3353009.0,3353593.0
3353833.0,3354057.0
3354465.0,3354637.0
3354985.0,3355041.0
3355609.0,3356055.0
3356553.0,3356715.0
3357269.0,3357503.0
3357989.0,3358017.0
3358099.0,3358099.0
3358151.0,3358821.0
3359057.0,3359059.0
3359233.0,3359235.0
3359353.0,3360055.0
3360423.0,3360423.0
3360505.0,3360505.0
3360675.0,3360725.0
3360781.0,3360865.0
3360911.0,3360911.0
3360961.0,3360973.0
3361025.0,3361025.0
3361221.0,3361261.0
3361409.0,3361413.0
3361501.0,3361651.0
3361891.0,3361891.0
3361945.0,3361967.0
3362247.0,3362247.0
3362517.0,3362685.0
3363017.0,3363437.0
3364205.0,3364211.0
3364711.0,3364909.0
3365151.0,3365327.0
3366063.0,3366313.0
3366445.0,3368885.0
3369087.0,3369787.0
3370015.0,3370443.0
3371323.0,3372577.0
3373023.0,3373519.0
3373853.0,3374489.0
3374591.0,3375571.0
3375695.0,3375729.0
3375807.0,3375825.0
3375915.0,3375973.0
3376029.0,3376069.0
3376133.0,3376141.0
3376249.0,3376385.0
3376513.0,3376517.0
3376637.0,3378145.0
3378219.0,3378351.0
3378439.0,3378955.0
3379037.0,3383789.0
3383847.0,3383859.0
3384051.0,3384103.0
3384495.0,3384495.0
3385329.0,3385475.0
3386243.0,3386769.0
3386819.0,3386835.0
3386885.0,3386887.0
3387227.0,3387993.0
3388061.0,3388065.0
3388301.0,3388311.0
3388397.0,3388403.0
3388739.0,3388951.0
3389295.0,3389673.0
3389761.0,3389763.0
3389839.0,3389843.0
3390111.0,3390125.0
3390181.0,3390189.0
3390439.0,3390703.0
3390851.0,3390865.0
3390937.0,3391503.0
3392055.0,3392101.0
3392201.0,3392201.0
3392337.0,3392337.0
3392485.0,3392917.0
3393045.0,3393339.0
3393609.0,3393651.0
3393759.0,3393807.0
3393933.0,3394349.0
3394569.0,3394603.0
3394647.0,3394653.0
3394883.0,3394885.0
3395031.0,3395315.0
3395701.0,3395701.0
3395853.0,3396411.0
3396457.0,3396527.0
3396779.0,3396791.0
3396865.0,3396865.0
3396943.0,3396975.0
3397107.0,3397107.0
3397169.0,3397699.0
3397819.0,3397857.0
3397969.0,3397973.0
3398227.0,3398495.0
3398583.0,3398585.0
3399163.0,3399163.0
3399395.0,3399399.0
3399459.0,3400013.0
3400147.0,3400201.0
3400293.0,3401271.0
3401343.0,3403995.0
3404117.0,3404119.0
3404173.0,3404175.0
3404301.0,3404313.0
3404371.0,3404383.0
3404579.0,3404615.0
3405061.0,3405261.0
3406275.0,3406479.0
3406971.0,3407669.0
3407741.0,3407785.0
3407855.0,3407931.0
3408181.0,3409589.0
3409757.0,3410163.0
3410285.0,3410525.0
3410649.0,3410921.0
3411449.0,3411699.0
3411931.0,3411933.0
3411977.0,3411979.0
3412399.0,3412749.0
3412971.0,3412981.0
3413211.0,3413213.0
3413289.0,3414361.0
3414455.0,3417619.0
3417969.0,3417979.0
3418041.0,3418041.0
3418087.0,3418579.0
3418889.0,3418891.0
3419087.0,3419107.0
3420001.0,3420379.0
3420459.0,3421419.0
3421599.0,3421601.0
3421913.0,3421925.0
3422043.0,3422509.0
3422761.0,3422763.0
3423045.0,3423045.0
3423181.0,3423187.0
3423247.0,3423265.0
3423347.0,3423553.0
3423833.0,3423837.0
3424447.0,3424641.0
3424867.0,3424867.0
3425295.0,3425297.0
3425535.0,3425565.0
3425755.0,3426017.0
3426727.0,3426727.0
3426769.0,3426769.0
3427263.0,3427263.0
3427413.0,3427421.0
3427479.0,3428199.0
3428497.0,3428497.0
3428701.0,3430965.0
3431487.0,3431775.0
3431843.0,3432705.0
3432889.0,3432889.0
3432933.0,3432937.0
3432983.0,3432985.0
3433063.0,3433067.0
3433117.0,3433117.0
3433273.0,3433273.0
3433551.0,3434121.0
3434195.0,3434197.0
3434273.0,3434275.0
3434377.0,3434377.0
3434933.0,3434939.0
3435013.0,3435015.0
3435255.0,3435455.0
3435561.0,3435569.0
3435667.0,3435669.0
3435729.0,3435729.0
3435801.0,3435817.0
3435893.0,3435903.0
3436063.0,3436067.0
3436267.0,3436483.0
3436603.0,3436633.0
3436761.0,3436765.0
3437113.0,3437119.0
3437221.0,3437221.0
3437841.0,3438025.0
3438127.0,3438127.0
3438257.0,3438261.0
3438919.0,3439879.0
3439945.0,3439947.0
3440051.0,3440051.0
3440105.0,3440105.0
3440359.0,3440585.0
3440685.0,3440927.0
3441035.0,3441043.0
3441223.0,3441279.0
3441393.0,3441395.0
3442103.0,3442105.0
3442415.0,3442865.0
3443051.0,3443063.0
3443497.0,3444015.0
3444137.0,3444149.0
3444265.0,3444273.0
3444315.0,3444321.0
3444407.0,3444429.0
3444863.0,3445707.0
3445789.0,3445845.0
3445959.0,3445965.0
3446011.0,3446015.0
3446079.0,3446133.0
3446205.0,3446205.0
3446285.0,3446899.0
3447069.0,3447091.0
3447227.0,3447227.0
3447393.0,3447393.0
3447521.0,3448395.0
3448457.0,3448959.0
3449047.0,3449121.0
3449329.0,3449371.0
3449559.0,3449589.0
3449659.0,3449681.0
3450205.0,3450447.0
3450507.0,3450513.0
3450777.0,3450783.0
3450829.0,3450831.0
3450889.0,3450891.0
3451053.0,3451055.0
3451123.0,3451133.0
3451179.0,3451805.0
3451851.0,3452121.0
3452289.0,3452301.0
3452453.0,3452457.0
3452521.0,3452523.0
3452731.0,3453663.0
3453771.0,3453775.0
3453841.0,3453841.0
3453907.0,3453909.0
3453955.0,3453989.0
3454039.0,3454249.0
3454709.0,3454717.0
3454805.0,3455555.0
3455707.0,3455719.0
3455761.0,3455867.0
3455945.0,3456351.0
3456439.0,3456439.0
3456515.0,3456519.0
3456673.0,3456687.0
3456751.0,3456765.0
3456807.0,3457169.0
3457317.0,3457369.0
3457425.0,3457425.0
3457845.0,3458899.0
3458941.0,3458941.0
3459029.0,3459035.0
3459083.0,3459097.0
3459361.0,3459361.0
3459457.0,3460371.0
3460541.0,3460559.0
3460709.0,3460715.0
3460765.0,3462093.0
3462175.0,3462175.0
3462243.0,3463083.0
3463127.0,3463365.0
3463483.0,3463489.0
3463613.0,3463623.0
3463851.0,3463853.0
3464031.0,3464031.0
3464103.0,3464111.0
3464211.0,3464217.0
3464291.0,3464297.0
3464399.0,3464407.0
3464491.0,3464493.0
3464569.0,3464877.0
3464931.0,3465043.0
3465267.0,3465283.0
3465417.0,3465419.0
3465463.0,3465465.0
3465507.0,3465511.0
3465593.0,3466485.0
3466541.0,3466575.0
3466733.0,3466765.0
3466913.0,3466917.0
3466979.0,3466981.0
3467131.0,3467135.0
3467233.0,3467233.0
3467357.0,3468857.0
3468915.0,3469201.0
3469257.0,3469325.0
3469385.0,3470023.0
3470103.0,3470271.0
3470369.0,3470371.0
3470461.0,3471409.0
3471491.0,3471629.0
3471707.0,3471723.0
3471797.0,3471799.0
3471903.0,3471909.0
3471961.0,3471967.0
3472021.0,3472021.0
3472103.0,3472737.0
3472919.0,3472957.0
3473007.0,3473015.0
3473077.0,3473141.0
3473253.0,3473271.0
3473369.0,3473649.0
3473713.0,3473783.0
3473893.0,3473899.0
3473941.0,3474005.0
3474055.0,3474083.0
3474239.0,3474267.0
3474511.0,3475157.0
3475251.0,3475301.0
3475357.0,3475747.0
3475853.0,3475935.0
3476007.0,3476025.0
3476189.0,3476205.0
3476279.0,3476297.0
3476465.0,3477181.0
3477231.0,3477241.0
3477303.0,3477313.0
3477467.0,3477481.0
3477525.0,3477593.0
3477667.0,3477687.0
3477751.0,3477841.0
3477889.0,3477901.0
3477981.0,3478023.0
3478085.0,3478089.0
3478203.0,3478203.0
3478265.0,3478273.0
3478329.0,3478345.0
3478415.0,3479609.0
3479669.0,3480033.0
3480111.0,3480143.0
3480205.0,3480205.0
3480305.0,3480337.0
3480569.0,3480613.0
3480691.0,3480735.0
3480781.0,3481053.0
3481333.0,3481385.0
3481441.0,3481465.0
3481531.0,3482203.0
3482261.0,3482801.0
3483005.0,3483527.0
3483693.0,3484643.0
3484787.0,3484793.0
3485103.0,3485201.0
3485273.0,3485545.0
3485607.0,3485893.0
3485985.0,3485997.0
3486043.0,3486127.0
3486179.0,3486187.0
3486277.0,3486281.0
3486371.0,3486471.0
3486875.0,3486879.0
3487129.0,3487137.0
3487315.0,3487345.0
3487505.0,3487565.0
3487647.0,3489197.0
3489321.0,3489371.0
3489489.0,3489519.0
3489697.0,3489699.0
3490275.0,3492161.0
3492399.0,3492727.0
3493507.0,3493917.0
3494437.0,3494479.0
3494719.0,3495543.0
3495619.0,3495621.0
3495843.0,3496091.0
3496263.0,3496289.0
3496397.0,3496433.0
3496527.0,3496817.0
3497015.0,3497829.0
3497897.0,3498095.0
3498509.0,3498513.0
3498591.0,3498593.0
3498669.0,3498961.0
3499327.0,3499331.0
3499577.0,3500411.0
3500609.0,3500641.0
3500701.0,3502445.0
3502601.0,3502609.0
3502735.0,3503099.0
3503189.0,3503195.0
3503277.0,3504089.0
3504193.0,3504329.0
3504375.0,3504385.0
3504495.0,3504613.0
3504677.0,3504691.0
3504755.0,3505997.0
3506117.0,3506127.0
3506269.0,3506273.0
3506499.0,3507061.0
3507127.0,3507549.0
3507673.0,3508479.0
3508525.0,3509021.0
3509211.0,3509217.0
3509475.0,3509729.0
3510651.0,3510661.0
3510767.0,3511075.0
3511183.0,3511187.0
3511399.0,3511399.0
3511641.0,3512083.0
3512331.0,3512673.0
3512737.0,3512769.0
3512935.0,3512943.0
3513417.0,3513693.0
3514013.0,3514025.0
3514125.0,3514125.0
3514433.0,3514439.0
3514565.0,3514569.0
3515031.0,3515035.0
3515167.0,3515967.0
3516155.0,3516167.0
3516219.0,3516221.0
3516293.0,3516329.0
3516459.0,3516485.0
3516633.0,3516649.0
3516731.0,3517371.0
3517413.0,3517615.0
3517785.0,3517785.0
3517933.0,3518065.0
3518145.0,3520213.0
3520385.0,3521235.0
3521353.0,3521541.0
3521625.0,3521647.0
3521741.0,3521791.0
3521959.0,3521959.0
3522113.0,3522115.0
3522293.0,3522305.0
3522383.0,3522941.0
3523099.0,3523139.0
3523187.0,3523189.0
3523517.0,3523519.0
3523593.0,3523593.0
3523837.0,3523839.0
3523963.0,3523963.0
3524011.0,3524011.0
3524171.0,3525383.0
3525461.0,3525465.0
3525533.0,3525539.0
3525689.0,3525727.0
3525819.0,3525819.0
3525915.0,3525973.0
3526059.0,3526171.0
3526263.0,3526265.0
3526327.0,3526343.0
3526399.0,3527051.0
3527241.0,3527277.0
3527359.0,3528285.0
3528341.0,3528353.0
3528429.0,3529397.0
3529477.0,3529477.0
3529619.0,3529631.0
3529913.0,3530051.0
3530137.0,3530163.0
3530297.0,3530321.0
3530385.0,3530403.0
3530465.0,3530511.0
3530595.0,3530603.0
3530717.0,3530777.0
3530851.0,3530853.0
3530907.0,3530911.0
3530981.0,3530987.0
3531029.0,3531085.0
3531343.0,3531343.0
3531463.0,3531463.0
3531545.0,3531549.0
3531727.0,3531735.0
3531865.0,3532007.0
3532085.0,3532577.0
3532711.0,3532721.0
3532941.0,3532941.0
3533121.0,3533131.0
3533469.0,3534907.0
3534975.0,3534985.0
3535199.0,3535465.0
3535707.0,3535711.0
3535973.0,3536651.0
3537037.0,3538085.0
3538165.0,3540393.0
3540807.0,3540983.0
3541689.0,3541953.0
3542123.0,3542123.0
3542487.0,3544075.0
3545019.0,3545323.0
3545377.0,3545377.0
3545419.0,3545457.0
3545523.0,3545613.0
3545745.0,3545747.0
3545843.0,3546871.0
3546965.0,3547411.0
3547713.0,3547733.0
3547879.0,3548133.0
3548281.0,3548393.0
3549019.0,3549239.0
3549839.0,3550073.0
3550743.0,3550765.0
3550889.0,3550899.0
3550993.0,3551001.0
3551063.0,3551063.0
3551121.0,3551449.0
3551695.0,3552113.0
3552313.0,3552381.0
3552475.0,3552681.0
3553341.0,3553875.0
3554317.0,3554629.0
3554671.0,3554689.0
3554761.0,3555457.0
3555521.0,3555529.0
3555695.0,3558245.0
3558437.0,3558437.0
3558767.0,3559331.0
3559389.0,3559447.0
3559529.0,3559531.0
3559689.0,3561561.0
3561603.0,3561603.0
3561649.0,3561651.0
3561699.0,3561703.0
3561769.0,3561845.0
3561907.0,3561911.0
3561971.0,3561973.0
3562017.0,3562017.0
3562091.0,3563235.0
3563373.0,3563375.0
3563445.0,3563447.0
3563499.0,3563499.0
3563587.0,3563593.0
3563739.0,3565061.0
3565131.0,3565137.0
3565205.0,3565231.0
3565279.0,3565327.0
3565395.0,3565395.0
3565517.0,3565523.0
3565581.0,3565585.0
3565637.0,3565673.0
3565869.0,3566441.0
3566487.0,3566511.0
3566563.0,3567205.0
3567385.0,3567407.0
3567481.0,3568007.0
3568211.0,3568577.0
3568635.0,3568771.0
3568867.0,3568897.0
3569099.0,3569131.0
3569257.0,3569267.0
3569319.0,3569319.0
3569369.0,3569373.0
3569465.0,3569515.0
3569651.0,3570299.0
3570779.0,3570815.0
3570989.0,3571377.0
3571513.0,3571923.0
3572049.0,3572903.0
3573233.0,3573249.0
3573943.0,3573999.0
3574477.0,3574803.0
3574897.0,3574905.0
3574995.0,3574995.0
3575043.0,3575087.0
3575345.0,3575375.0
3575507.0,3576019.0
3576577.0,3576839.0
3576897.0,3576897.0
3577261.0,3577831.0
3577957.0,3577979.0
3578215.0,3578267.0
3578625.0,3579127.0
3579231.0,3579241.0
3579375.0,3579409.0
3579519.0,3579525.0
3579685.0,3579729.0
3580035.0,3580241.0
3580585.0,3580587.0
3580881.0,3580915.0
3581065.0,3581089.0
3581181.0,3581185.0
3581337.0,3581533.0
3581951.0,3581953.0
3582135.0,3582393.0
3583085.0,3584021.0
3584087.0,3584089.0
3584187.0,3584195.0
3584271.0,3584631.0
3584821.0,3584823.0
3585023.0,3585023.0
3585195.0,3586691.0
3586817.0,3586841.0
3586941.0,3587267.0
3587371.0,3587379.0
3587561.0,3587747.0
3588295.0,3588747.0
3588807.0,3588809.0
3588907.0,3588923.0
3589129.0,3589139.0
3589293.0,3589301.0
3590049.0,3590379.0
3590667.0,3591201.0
3591373.0,3591447.0
3591797.0,3591801.0
3591863.0,3593013.0
3593111.0,3593195.0
3593255.0,3593259.0
3593537.0,3593545.0
3593647.0,3593659.0
3593815.0,3594743.0
3594853.0,3595327.0
3595411.0,3595431.0
3595553.0,3595553.0
3595849.0,3596001.0
3596043.0,3596059.0
3596167.0,3596405.0
3596581.0,3596581.0
3596657.0,3596665.0
3596905.0,3596937.0
3597019.0,3597059.0
3597165.0,3598447.0
3598731.0,3598761.0
3598829.0,3598829.0
3598937.0,3599141.0
3599271.0,3599273.0
3599327.0,3599373.0
3599453.0,3599485.0
3599995.0,3600007.0
3600075.0,3600367.0
3600439.0,3600605.0
3601121.0,3601595.0
3602353.0,3603185.0
3603341.0,3604059.0
3604481.0,3604483.0
3604599.0,3605135.0
3605181.0,3605185.0
3605481.0,3606763.0
3606815.0,3606875.0
3606949.0,3608019.0
3608075.0,3608079.0
3608153.0,3608179.0
3608283.0,3608527.0
3609033.0,3609033.0
3609181.0,3609185.0
3609301.0,3609361.0
3609463.0,3609503.0
3609551.0,3609563.0
3609713.0,3609773.0
3609891.0,3610049.0
3610369.0,3610477.0
3610723.0,3610727.0
3611247.0,3611377.0
3611875.0,3612609.0
3612777.0,3612923.0
3613281.0,3614445.0
3614567.0,3615557.0
3615643.0,3615703.0
3615781.0,3615825.0
3615889.0,3615955.0
3616063.0,3616093.0
3616293.0,3616907.0
3617025.0,3617129.0
3617241.0,3617311.0
3617413.0,3617915.0
3618375.0,3618569.0
3618703.0,3618747.0
3618789.0,3618849.0
3619265.0,3619267.0
3619563.0,3619801.0
3620277.0,3620607.0
3620769.0,3620771.0
3620879.0,3620883.0
3621481.0,3621677.0
3621847.0,3621883.0
3621993.0,3622063.0
3622485.0,3622991.0
3623063.0,3623079.0
3623527.0,3623655.0
3624011.0,3624225.0
3624491.0,3624589.0
3624641.0,3624675.0
3624719.0,3624719.0
3624793.0,3624793.0
3625223.0,3625409.0
3625507.0,3625509.0
3625663.0,3625727.0
3626057.0,3626865.0
3627223.0,3627869.0
3627957.0,3627957.0
3628253.0,3628401.0
3628487.0,3628679.0
3629177.0,3629369.0
3629469.0,3629477.0
3629763.0,3630289.0
3630443.0,3630447.0
3630867.0,3630881.0
3630983.0,3631353.0
3631425.0,3631733.0
3632333.0,3632363.0
3632467.0,3633969.0
3634961.0,3635411.0
3636221.0,3636221.0
3636489.0,3636567.0
3637633.0,3637787.0
3637905.0,3637939.0
3638067.0,3638101.0
3638171.0,3638607.0
3638935.0,3639491.0
3639619.0,3639621.0
3639785.0,3639805.0
3639869.0,3639869.0
3640043.0,3640243.0
3640521.0,3640521.0
3640721.0,3640749.0
3640823.0,3641297.0
3641549.0,3641567.0
3641937.0,3641939.0
3642177.0,3642221.0
3642749.0,3642753.0
3643047.0,3643067.0
3643161.0,3643919.0
3644165.0,3644227.0
3644419.0,3644611.0
3644817.0,3644825.0
3644987.0,3645001.0
3645473.0,3645627.0
3646029.0,3646235.0
3646301.0,3646309.0
3646555.0,3647331.0
3647597.0,3649005.0
3649635.0,3649635.0
3649951.0,3650113.0
3650261.0,3651443.0
3651485.0,3651511.0
3652039.0,3652125.0
3652199.0,3652227.0
3652329.0,3652489.0
3652623.0,3652627.0
3652715.0,3652743.0
3652879.0,3652911.0
3652999.0,3653209.0
3653367.0,3653383.0
3653611.0,3653629.0
3653755.0,3653769.0
3653951.0,3654003.0
3654059.0,3654265.0
3654597.0,3654823.0
3654979.0,3655525.0
3655775.0,3655781.0
3655841.0,3655863.0
3656207.0,3656241.0
3656375.0,3656877.0
3657181.0,3657229.0
3657315.0,3657797.0
3657933.0,3657963.0
3658459.0,3658517.0
3658699.0,3658739.0
3658781.0,3659047.0
3659109.0,3659135.0
3659433.0,3659559.0
3659607.0,3659711.0
3659799.0,3659921.0
3660005.0,3660403.0
3660467.0,3660901.0
3660951.0,3660963.0
3661079.0,3661081.0
3661209.0,3661249.0
3661353.0,3661359.0
3661517.0,3661541.0
3661669.0,3661717.0
3661783.0,3661863.0
3661951.0,3662319.0
3662437.0,3662623.0
3663159.0,3663277.0
3663371.0,3664891.0
3664983.0,3665017.0
3665643.0,3666959.0
3667077.0,3667103.0
3667319.0,3667359.0
3667745.0,3670485.0
3670547.0,3671079.0
3671141.0,3671887.0
3672009.0,3672011.0
3672053.0,3672053.0
3672101.0,3672107.0
3672219.0,3672277.0
3672325.0,3672383.0
3672477.0,3672477.0
3672565.0,3672573.0
3672687.0,3674301.0
3674515.0,3674759.0
3674813.0,3674935.0
3675003.0,3675015.0
3675107.0,3675155.0
3675271.0,3675285.0
3675471.0,3675471.0
3675605.0,3675611.0
3675729.0,3675783.0
3676039.0,3676121.0
3676167.0,3676779.0
3677205.0,3677211.0
3677259.0,3677279.0
3677321.0,3677329.0
3677591.0,3677591.0
3677639.0,3677925.0
3677991.0,3678007.0
3678199.0,3678221.0
3678333.0,3678335.0
3678397.0,3678941.0
3679063.0,3679105.0
3679357.0,3680883.0
3680949.0,3682415.0
3682687.0,3682715.0
3682945.0,3682947.0
3683241.0,3683301.0
3683401.0,3683619.0
3683713.0,3684013.0
3684085.0,3684169.0
3684643.0,3684755.0
3684879.0,3684953.0
3685647.0,3685863.0
3685977.0,3685995.0
3686499.0,3686511.0
3686585.0,3686769.0
3686867.0,3686911.0
3687389.0,3687429.0
3687489.0,3687787.0
3688115.0,3688265.0
3688381.0,3688587.0
3689221.0,3689243.0
3689475.0,3689523.0
3689597.0,3689667.0
3689771.0,3689941.0
3690021.0,3690035.0
3690459.0,3690597.0
3690687.0,3690875.0
3690951.0,3690951.0
3691053.0,3691053.0
3691129.0,3691137.0
3691625.0,3691653.0
3692145.0,3692439.0
3693093.0,3693493.0
3693773.0,3694713.0
3695017.0,3696291.0
3696967.0,3697257.0
3697337.0,3697381.0
3697465.0,3697481.0
3697545.0,3697545.0
3697663.0,3697667.0
3697781.0,3698519.0
3698961.0,3698961.0
3699055.0,3699065.0
3699213.0,3699215.0
3699385.0,3699403.0
3699775.0,3699941.0
3700109.0,3700109.0
3700219.0,3700223.0
3701059.0,3701231.0
3701293.0,3701301.0
3701963.0,3701981.0
3702095.0,3702123.0
3702175.0,3702359.0
3702479.0,3702487.0
3702609.0,3702631.0
3703061.0,3703067.0
3703499.0,3703825.0
3704107.0,3704143.0
3704279.0,3704525.0
3704883.0,3704893.0
3705163.0,3705319.0
3705673.0,3706099.0
3706815.0,3706817.0
3706939.0,3706985.0
3707127.0,3707129.0
3707223.0,3707353.0
3708197.0,3708197.0
3708359.0,3708365.0
3708549.0,3708773.0
3708981.0,3708983.0
3709243.0,3709691.0
3709775.0,3709797.0
3710061.0,3710141.0
3710263.0,3710263.0
3710339.0,3710341.0
3710563.0,3710831.0
3711105.0,3711133.0
3711645.0,3712101.0
3712187.0,3712201.0
3712665.0,3712691.0
3712737.0,3712743.0
3712815.0,3713197.0
3713271.0,3717315.0
3717425.0,3717445.0
3717653.0,3717655.0
3717799.0,3717807.0
3717927.0,3717943.0
3718495.0,3718647.0
3718723.0,3718743.0
3719183.0,3719203.0
3719529.0,3719531.0
3720285.0,3720467.0
3720611.0,3720625.0
3721015.0,3721073.0
3721245.0,3721403.0
3721987.0,3721995.0
3722051.0,3722075.0
3723043.0,3725647.0
3725895.0,3726511.0
3726785.0,3727225.0
3727429.0,3727665.0
3728087.0,3728087.0
3728229.0,3728239.0
3728425.0,3728451.0
3728881.0,3728955.0
3729019.0,3729151.0
3729455.0,3729457.0
3729545.0,3729545.0
3729647.0,3729709.0
3730487.0,3731293.0
3731417.0,3731949.0
3732015.0,3732247.0
3732645.0,3733419.0
3733681.0,3734301.0
3734637.0,3735667.0
3735783.0,3735793.0
3735845.0,3735895.0
3736109.0,3736121.0
3736257.0,3736309.0
3736571.0,3736823.0
3737019.0,3737021.0
3737143.0,3737755.0
3737853.0,3737853.0
3737909.0,3737961.0
3738557.0,3738589.0
3739255.0,3739267.0
3739339.0,3739547.0
3739783.0,3739915.0
3740343.0,3740349.0
3740393.0,3740427.0
3740471.0,3740527.0
3740577.0,3740753.0
3741177.0,3741213.0
3741267.0,3741267.0
3741309.0,3741325.0
3741427.0,3741493.0
3741585.0,3742211.0
