event_type,timestamp,detail
MSG,1302300.0,!CAL
MSG,1302300.0,!CAL Calibration points:
MSG,1302300.0,"!CAL -34.2, -41.2 -0, -0"
MSG,1302300.0,"!CAL -35.7, -51.1 -0, -3183"
MSG,1302300.0,"!CAL -32.9, -32.4 -0, 3183"
MSG,1302300.0,"!CAL -53.3, -38.7 -6000, -0"
MSG,1302300.0,"!CAL -14.8, -43.6 6000, -0"
MSG,1302300.0,"!CAL 0.0, 0.0 0, 0"
MSG,1302300.0,"!CAL eye check box: (L,R,T,B)"
MSG,1302300.0,"!CAL href cal range: (L,R,T,B)"
MSG,1302300.0,"!CAL Cal coeff:(X=a+bx+cy+dxx+eyy,Y=f+gx+goaly+ixx+jyy)"
MSG,1302300.0,"!CAL Prenormalize: offx, offy = -34.24 -41.173"
MSG,1302300.0,!CAL Gains: cx:295.402 lx:305.331 rx:285.559
MSG,1302300.0,!CAL Gains: cy:589.068 ty:424.393 by:693.195
MSG,1302300.0,"!CAL Resolution (upd) at screen center: X=0.9, Y=0.4"
MSG,1302300.0,!CAL Gain Change Proportion: X: 0.069 Y: 0.633
MSG,1302300.0,!CAL Gain Ratio (Gy/Gx) = 1.994
MSG,1302300.0,"!CAL PCR gain ratio(x,y) = 1.991, 1.840"
MSG,1302300.0,"!CAL CR gain match(x,y) = 1.010, 1.010"
MSG,1302300.0,!CAL Slip rotation correction OFF
MSG,1302300.0,!CAL CALIBRATION HV5 R RIGHT GOOD
MSG,1321602.0,"!CAL VALIDATION HV5 R RIGHT GOOD ERROR 0.59 avg. 0.93 max OFFSET 0.14 deg. 5.0,1.4 pix."
MSG,1321602.0,"VALIDATE R 4POINT 0 RIGHT at 960,540 OFFSET 0.49 deg. 11.2,-14.8 pix."
MSG,1321602.0,"VALIDATE R 4POINT 1 RIGHT at 960,92 OFFSET 0.33 deg. 9.7,8.3 pix."
MSG,1321602.0,"VALIDATE R 4POINT 2 RIGHT at 960,988 OFFSET 0.93 deg. -15.8,31.8 pix."
MSG,1321602.0,"VALIDATE R 4POINT 3 RIGHT at 115,540 OFFSET 0.57 deg. 21.8,2.1 pix."
MSG,1321602.0,"VALIDATE R 4POINT 4 RIGHT at 1805,540 OFFSET 0.91 deg. -20.3,28.2 pix."
MSG,1332433.0,NO Reply is disabled for function eyelink_cal_result
MSG,1400417.0,ALL_STORY_START
MSG,1400422.0,RECCFG CR 500 2 0 R
MSG,1400422.0,ELCLCFG MTABLER
MSG,1400422.0,GAZE_COORDS 0.00 0.00 1920.00 1080.00
MSG,1400422.0,THRESHOLDS R 68 204
MSG,1400422.0,ELCL_WINDOW_SIZES 176 188 0 0
MSG,1400422.0,CAMERA_LENS_FOCAL_LENGTH 38.00
MSG,1400422.0,PUPIL_DATA_TYPE RAW_AUTOSLIP
MSG,1400422.0,ELCL_PROC ELLIPSE (5)
MSG,1400422.0,ELCL_EFIT_PARAMS 1.01 4.00 0.15 0.05 0.65 0.65 0.00 0.00 0.30
MSG,1400423.0,!MODE RECORD CR 500 2 0 R
START,1400424.0,RIGHT SAMPLES EVENTS
SFIX R,1400428.0,
EFIX R,1400428.0,1400618 192 846.2 409.1 1357
SSACC R,1400620.0,
ESACC R,1400620.0,1400656 38 851.0 415.6 701.5 403.7 4.03 203
SFIX R,1400658.0,
EFIX R,1400658.0,1400830 174 709.2 406.8 1359
SSACC R,1400832.0,
ESACC R,1400832.0,1400874 44 712.4 409.4 987.2 419.5 7.40 328
SFIX R,1400876.0,
EFIX R,1400876.0,1400986 112 971.6 421.6 1370
SSACC R,1400988.0,
ESACC R,1400988.0,1401028 42 970.4 419.2 1250.6 425.7 7.52 405
SFIX R,1401030.0,
EFIX R,1401030.0,1401172 144 1240.5 426.1 1384
SSACC R,1401174.0,
ESACC R,1401174.0,1401220 48 1239.0 425.0 989.1 469.2 6.81 411
SFIX R,1401222.0,
EFIX R,1401222.0,1401750 530 978.3 485.3 1398
SSACC R,1401752.0,
SBLINK R,1401780.0,
EBLINK R,1401780.0,1401894 116
ESACC R,1401752.0,1401988 238 981.4 499.2 962.9 449.4 1.44 1994
SFIX R,1401990.0,
EFIX R,1401990.0,1402010 22 964.2 446.2 1423
SSACC R,1402012.0,
ESACC R,1402012.0,1402044 34 965.2 445.7 993.1 505.0 1.78 174
SFIX R,1402046.0,
EFIX R,1402046.0,1402692 648 978.6 522.6 1344
SSACC R,1402694.0,
ESACC R,1402694.0,1402714 22 968.6 532.8 976.5 517.8 0.46 85
SFIX R,1402716.0,
EFIX R,1402716.0,1403316 602 974.2 520.9 1351
SSACC R,1403318.0,
ESACC R,1403318.0,1403334 18 978.0 521.4 986.3 522.5 0.23 69
SFIX R,1403336.0,
EFIX R,1403336.0,1404592 1258 978.9 519.6 1443
SSACC R,1404594.0,
ESACC R,1404594.0,1404606 14 983.0 497.6 966.9 484.4 0.56 56
SFIX R,1404608.0,
EFIX R,1404608.0,1405096 490 979.3 481.1 1544
SSACC R,1405098.0,
SBLINK R,1405126.0,
EBLINK R,1405126.0,1405236 112
ESACC R,1405098.0,1405342 246 983.8 487.0 1005.1 446.3 1.24 1651
SFIX R,1405344.0,
EFIX R,1405344.0,1405366 24 1007.3 444.4 1613
SSACC R,1405368.0,
ESACC R,1405368.0,1405382 16 1008.3 447.4 1004.9 488.7 1.12 139
SFIX R,1405384.0,
EFIX R,1405384.0,1405416 34 1005.4 486.9 1549
SSACC R,1405418.0,
ESACC R,1405418.0,1405432 16 1006.7 486.0 1008.1 454.4 0.86 100
SFIX R,1405434.0,
EFIX R,1405434.0,1405554 122 1010.7 438.2 1599
SSACC R,1405556.0,
ESACC R,1405556.0,1405572 18 1009.5 441.2 1005.1 479.9 1.05 140
SFIX R,1405574.0,
EFIX R,1405574.0,1406226 654 994.8 491.2 1455
SSACC R,1406228.0,
ESACC R,1406228.0,1406242 16 997.5 491.2 982.1 487.5 0.43 69
SFIX R,1406244.0,
EFIX R,1406244.0,1406322 80 995.2 488.1 1450
SSACC R,1406324.0,
ESACC R,1406324.0,1406378 56 997.4 490.1 1000.7 486.7 0.13 208
SFIX R,1406380.0,
EFIX R,1406380.0,1406634 256 1000.3 483.0 1490
SSACC R,1406636.0,
ESACC R,1406636.0,1406656 22 996.2 479.5 1021.3 473.8 0.70 86
SFIX R,1406658.0,
EFIX R,1406658.0,1406972 316 1007.5 481.0 1523
SSACC R,1406974.0,
SBLINK R,1407004.0,
EBLINK R,1407004.0,1407174 172
ESACC R,1406974.0,1407256 284 1003.0 486.4 995.6 474.4 0.38 865
SFIX R,1407258.0,
EFIX R,1407258.0,1407284 28 997.5 465.5 1478
SSACC R,1407286.0,
ESACC R,1407286.0,1407320 36 998.1 459.4 995.0 490.4 0.84 194
SFIX R,1407322.0,
EFIX R,1407322.0,1407696 376 994.1 496.0 1400
SSACC R,1407698.0,
ESACC R,1407698.0,1407716 20 993.6 504.6 1014.7 486.5 0.75 75
SFIX R,1407718.0,
EFIX R,1407718.0,1408864 1148 1008.1 490.7 1423
SSACC R,1408866.0,
SBLINK R,1408898.0,
EBLINK R,1408898.0,1409228 332
ESACC R,1408866.0,1409354 490 1017.7 493.3 1001.1 455.1 1.13 1100
SFIX R,1409356.0,
EFIX R,1409356.0,1409400 46 1002.5 456.5 1657
SSACC R,1409402.0,
ESACC R,1409402.0,1409430 30 1003.4 457.5 999.4 504.6 1.28 151
SFIX R,1409432.0,
EFIX R,1409432.0,1409624 194 997.8 512.1 1560
SSACC R,1409626.0,
ESACC R,1409626.0,1409642 18 998.3 518.1 999.3 473.3 1.21 151
SFIX R,1409644.0,
EFIX R,1409644.0,1409710 68 1000.1 473.7 1542
SSACC R,1409712.0,
ESACC R,1409712.0,1409728 18 1003.2 464.6 997.9 520.5 1.52 169
SFIX R,1409730.0,
EFIX R,1409730.0,1409796 68 998.5 522.0 1445
SSACC R,1409798.0,
SBLINK R,1409866.0,
EBLINK R,1409866.0,1409868 4
ESACC R,1409798.0,1409956 160 998.4 521.1 996.6 473.0 1.30 1084
SFIX R,1409958.0,
EFIX R,1409958.0,1410024 68 993.9 461.1 1450
SSACC R,1410026.0,
ESACC R,1410026.0,1410040 16 993.9 463.3 986.8 512.6 1.35 192
SFIX R,1410042.0,
EFIX R,1410042.0,1410110 70 984.4 510.3 1376
SSACC R,1410112.0,
ESACC R,1410112.0,1410132 22 984.1 509.1 1015.8 484.6 1.09 102
SFIX R,1410134.0,
EFIX R,1410134.0,1410480 348 1003.6 483.7 1376
SSACC R,1410482.0,
SBLINK R,1410526.0,
EBLINK R,1410526.0,1410642 118
ESACC R,1410482.0,1410784 304 1007.4 490.4 989.3 453.4 1.12 1407
SFIX R,1410786.0,
EFIX R,1410786.0,1410814 30 989.9 449.9 1425
SSACC R,1410816.0,
ESACC R,1410816.0,1410832 18 993.6 452.4 984.6 504.0 1.42 201
SFIX R,1410834.0,
EFIX R,1410834.0,1412004 1172 990.6 505.5 1353
SSACC R,1412006.0,
ESACC R,1412006.0,1412024 20 989.9 496.3 1004.8 476.4 0.67 77
SFIX R,1412026.0,
EFIX R,1412026.0,1412536 512 985.4 482.3 1329
SSACC R,1412538.0,
SBLINK R,1412558.0,
EBLINK R,1412558.0,1412858 302
ESACC R,1412538.0,1413012 476 978.3 484.7 978.3 444.9 1.08 1153
SFIX R,1413014.0,
EFIX R,1413014.0,1413222 210 980.8 440.9 1464
SSACC R,1413224.0,
ESACC R,1413224.0,1413240 18 978.6 446.2 975.8 493.8 1.29 156
SFIX R,1413242.0,
EFIX R,1413242.0,1413478 238 978.6 499.0 1401
SSACC R,1413480.0,
SBLINK R,1413544.0,
EBLINK R,1413544.0,1413544 2
ESACC R,1413480.0,1413584 106 979.7 504.6 983.5 450.7 1.46 1930
SFIX R,1413586.0,
EFIX R,1413586.0,1413678 94 983.9 451.9 1424
SSACC R,1413680.0,
ESACC R,1413680.0,1413696 18 983.2 454.8 979.8 500.7 1.25 170
SFIX R,1413698.0,
EFIX R,1413698.0,1414750 1054 986.5 498.6 1433
SSACC R,1414752.0,
ESACC R,1414752.0,1414772 22 970.4 498.0 988.8 488.6 0.56 85
SFIX R,1414774.0,
EFIX R,1414774.0,1415452 680 990.2 484.4 1530
SSACC R,1415454.0,
SBLINK R,1415482.0,
EBLINK R,1415482.0,1415672 192
ESACC R,1415454.0,1415882 430 993.2 493.5 987.5 433.5 1.63 1661
SFIX R,1415884.0,
EFIX R,1415884.0,1415948 66 991.3 434.9 1557
SSACC R,1415950.0,
ESACC R,1415950.0,1415966 18 991.9 441.0 988.4 478.1 1.01 125
SFIX R,1415968.0,
EFIX R,1415968.0,1416126 160 991.2 482.7 1521
SSACC R,1416128.0,
SBLINK R,1416172.0,
EBLINK R,1416172.0,1416536 366
ESACC R,1416128.0,1416690 564 992.7 488.6 992.2 456.7 0.86 1243
SFIX R,1416692.0,
EFIX R,1416692.0,1416830 140 992.8 460.8 1527
SSACC R,1416832.0,
ESACC R,1416832.0,1416848 18 993.6 470.8 988.7 516.2 1.24 152
SFIX R,1416850.0,
EFIX R,1416850.0,1417464 616 978.6 529.6 1364
SSACC R,1417466.0,
SBLINK R,1417488.0,
EBLINK R,1417488.0,1417708 222
ESACC R,1417466.0,1417758 294 973.6 526.6 1000.7 471.7 1.66 528
SFIX R,1417760.0,
EFIX R,1417760.0,1417784 26 1001.9 459.1 1485
SSACC R,1417786.0,
ESACC R,1417786.0,1417804 20 1005.6 449.8 998.7 513.1 1.73 177
SFIX R,1417806.0,
EFIX R,1417806.0,1418238 434 996.1 525.7 1458
SSACC R,1418240.0,
SBLINK R,1418260.0,
EBLINK R,1418260.0,1418552 294
ESACC R,1418240.0,1418596 358 989.1 532.2 994.7 815.5 7.62 256
SFIX R,1418598.0,
EFIX R,1418598.0,1418874 278 1001.4 813.3 1472
SSACC R,1418876.0,
SBLINK R,1418898.0,
EBLINK R,1418898.0,1419160 264
ESACC R,1418876.0,1419236 362 993.7 816.0 961.7 512.0 8.22 971
SFIX R,1419238.0,
EFIX R,1419238.0,1419260 24 960.6 508.6 1462
SSACC R,1419262.0,
ESACC R,1419262.0,1419278 18 964.0 509.3 956.5 568.5 1.62 204
SFIX R,1419280.0,
EFIX R,1419280.0,1433766 14488 1019.9 516.5 1586
SSACC R,1433768.0,
SBLINK R,1433778.0,
EBLINK R,1433778.0,1433914 138
ESACC R,1433768.0,1433936 170 1109.3 576.1 1104.0 611.1 0.96 718
SFIX R,1433938.0,
EFIX R,1433938.0,1441686 7750 1131.5 588.2 1569
SSACC R,1441688.0,
ESACC R,1441688.0,1441710 24 1156.6 530.6 1078.6 502.9 2.23 190
SFIX R,1441712.0,
EFIX R,1441712.0,1447490 5780 1058.5 515.5 1438
SSACC R,1447492.0,
SBLINK R,1447520.0,
EBLINK R,1447520.0,1447562 44
ESACC R,1447492.0,1447624 134 1030.7 506.8 999.2 611.3 2.96 2100
SFIX R,1447626.0,
EFIX R,1447626.0,1461208 13584 1092.9 533.7 1466
SSACC R,1461210.0,
SBLINK R,1461236.0,
EBLINK R,1461236.0,1461506 272
ESACC R,1461210.0,1461586 378 1133.6 504.1 909.6 1412.0 23.38 2222
SFIX R,1461588.0,
EFIX R,1461588.0,1471260 9674 988.3 1273.4 1777
SSACC R,1471262.0,
ESACC R,1471262.0,1471268 8 1048.5 1155.6 1054.0 1164.6 0.27 41
SFIX R,1471270.0,
EFIX R,1471270.0,1471306 38 1054.3 1189.6 1907
SSACC R,1471308.0,
SBLINK R,1471326.0,
EBLINK R,1471326.0,1471708 384
ESACC R,1471308.0,1471722 416 1060.4 1215.2 1274.5 1643.8 11.09 1746
SFIX R,1471724.0,
EFIX R,1471724.0,1472438 716 1279.8 1652.4 1921
SSACC R,1472440.0,
SBLINK R,1472456.0,
EBLINK R,1472456.0,1472802 348
ESACC R,1472440.0,1472848 410 1283.9 1667.4 1123.0 575.7 26.09 1656
SFIX R,1472850.0,
EFIX R,1472850.0,1472878 30 1123.0 580.8 2008
SSACC R,1472880.0,
ESACC R,1472880.0,1472886 8 1122.0 597.7 1122.4 611.6 0.38 66
SFIX R,1472888.0,
EFIX R,1472888.0,1473008 122 1122.6 624.7 1927
SSACC R,1473010.0,
ESACC R,1473010.0,1473064 56 1120.4 632.8 1117.6 1081.9 11.76 544
SFIX R,1473066.0,
EFIX R,1473066.0,1473656 592 1109.1 1114.4 1781
SSACC R,1473658.0,
ESACC R,1473658.0,1473716 60 1107.9 1121.2 1025.5 1451.1 8.18 313
SFIX R,1473718.0,
EFIX R,1473718.0,1477094 3378 1036.0 1430.4 1982
SSACC R,1477096.0,
SBLINK R,1477124.0,
EBLINK R,1477124.0,1477472 350
ESACC R,1477096.0,1477516 422 1053.3 1401.9 1072.6 999.1 9.87 1860
SFIX R,1477518.0,
EFIX R,1477518.0,1486894 9378 1095.7 968.5 1901
SSACC R,1486896.0,
ESACC R,1486896.0,1486964 70 1086.3 905.6 1066.7 595.9 8.29 199
SFIX R,1486966.0,
EFIX R,1486966.0,1487150 186 1045.2 578.4 1769
SSACC R,1487152.0,
ESACC R,1487152.0,1487176 26 1034.7 570.9 1037.4 477.5 2.53 159
SFIX R,1487178.0,
EFIX R,1487178.0,1488542 1366 1021.5 484.9 1630
SSACC R,1488544.0,
SBLINK R,1488642.0,
EBLINK R,1488642.0,1488648 8
ESACC R,1488544.0,1488668 126 1021.2 494.4 1045.6 1333.5 21.25 285
SFIX R,1488670.0,
EFIX R,1488670.0,1488878 210 1046.0 1354.3 1659
SSACC R,1488880.0,
SBLINK R,1488890.0,
EBLINK R,1488890.0,1488896 8
ESACC R,1488880.0,1488954 76 1076.9 1100.0 1044.7 516.7 15.29 630
SFIX R,1488956.0,
EFIX R,1488956.0,1489154 200 1027.0 503.8 1651
SSACC R,1489156.0,
ESACC R,1489156.0,1489174 20 1019.9 500.4 1010.7 456.7 1.21 84
SFIX R,1489176.0,
EFIX R,1489176.0,1490704 1530 1026.2 470.6 1625
SSACC R,1490706.0,
SBLINK R,1490728.0,
EBLINK R,1490728.0,1490802 76
ESACC R,1490706.0,1490880 176 1034.2 467.6 1034.3 450.1 0.47 682
SFIX R,1490882.0,
EFIX R,1490882.0,1493228 2348 1016.4 471.8 1446
SSACC R,1493230.0,
SBLINK R,1493252.0,
EBLINK R,1493252.0,1493312 62
ESACC R,1493230.0,1493378 150 1014.6 483.6 995.0 442.3 1.24 980
SFIX R,1493380.0,
EFIX R,1493380.0,1493476 98 993.0 441.5 1384
SSACC R,1493478.0,
ESACC R,1493478.0,1493494 18 993.3 440.8 1020.0 466.8 1.01 87
SFIX R,1493496.0,
EFIX R,1493496.0,1493738 244 1008.7 470.2 1378
SSACC R,1493740.0,
SBLINK R,1493762.0,
EBLINK R,1493762.0,1493808 48
ESACC R,1493740.0,1493868 130 1006.3 471.9 977.1 453.8 0.93 1773
SFIX R,1493870.0,
EFIX R,1493870.0,1494330 462 971.5 468.8 1292
SSACC R,1494332.0,
SBLINK R,1494356.0,
EBLINK R,1494356.0,1494486 132
ESACC R,1494332.0,1494574 244 971.6 473.2 991.8 446.7 0.90 1728
SFIX R,1494576.0,
EFIX R,1494576.0,1496864 2290 1006.0 438.9 1330
SSACC R,1496866.0,
SBLINK R,1496888.0,
EBLINK R,1496888.0,1497006 120
ESACC R,1496866.0,1497078 214 1007.4 434.5 1009.3 507.9 1.99 1872
SFIX R,1497080.0,
EFIX R,1497080.0,1498612 1534 1018.0 506.8 1526
SSACC R,1498614.0,
SBLINK R,1498634.0,
EBLINK R,1498634.0,1498866 234
ESACC R,1498614.0,1498962 350 1014.8 516.3 986.9 460.6 1.69 1095
SFIX R,1498964.0,
EFIX R,1498964.0,1499222 260 979.8 463.0 1471
SSACC R,1499224.0,
ESACC R,1499224.0,1499360 138 980.5 461.3 1035.0 1072.7 16.13 2129
SFIX R,1499362.0,
EFIX R,1499362.0,1499958 598 1031.8 1070.1 1490
SSACC R,1499960.0,
SBLINK R,1499978.0,
EBLINK R,1499978.0,1500214 238
ESACC R,1499960.0,1500274 316 1038.3 1062.5 1002.3 329.1 19.25 978
SFIX R,1500276.0,
EFIX R,1500276.0,1500358 84 1003.5 349.7 1654
SSACC R,1500360.0,
ESACC R,1500360.0,1500388 30 1004.1 355.2 1000.1 473.3 3.19 188
SFIX R,1500390.0,
EFIX R,1500390.0,1500622 234 1003.8 466.5 1657
SSACC R,1500624.0,
SBLINK R,1500644.0,
EBLINK R,1500644.0,1501082 440
ESACC R,1500624.0,1501146 524 1012.0 474.2 976.5 434.7 1.44 769
SFIX R,1501148.0,
EFIX R,1501148.0,1501168 22 978.1 435.6 1592
SSACC R,1501170.0,
SBLINK R,1501212.0,
EBLINK R,1501212.0,1501362 152
ESACC R,1501170.0,1501484 316 978.7 436.3 990.6 431.9 0.34 1423
SFIX R,1501486.0,
EFIX R,1501486.0,1501510 26 992.4 432.1 1629
SSACC R,1501512.0,
ESACC R,1501512.0,1501526 16 992.3 438.9 992.8 473.2 0.93 111
SFIX R,1501528.0,
EFIX R,1501528.0,1501594 68 993.1 479.6 1558
SSACC R,1501596.0,
SBLINK R,1501622.0,
EBLINK R,1501622.0,1502184 564
ESACC R,1501596.0,1502620 1026 992.7 479.1 976.7 442.3 1.09 1735
SFIX R,1502622.0,
EFIX R,1502622.0,1502672 52 976.7 440.3 1537
SSACC R,1502674.0,
ESACC R,1502674.0,1502818 146 976.6 442.4 976.7 436.6 0.16 1731
SFIX R,1502820.0,
EFIX R,1502820.0,1503048 230 977.5 436.1 1432
SSACC R,1503050.0,
ESACC R,1503050.0,1503076 28 988.5 429.7 987.0 420.4 0.25 1794
SFIX R,1503078.0,
EFIX R,1503078.0,1503306 230 986.2 420.6 1415
SSACC R,1503308.0,
ESACC R,1503308.0,1503342 36 985.3 419.3 986.0 419.5 0.02 111
SFIX R,1503344.0,
EFIX R,1503344.0,1503394 52 986.3 418.6 1439
SSACC R,1503396.0,
ESACC R,1503396.0,1503446 52 987.5 419.4 989.5 436.2 0.46 163
SFIX R,1503448.0,
EFIX R,1503448.0,1503478 32 988.1 420.2 1449
SSACC R,1503480.0,
SBLINK R,1503508.0,
EBLINK R,1503508.0,1503796 290
ESACC R,1503480.0,1504098 620 985.0 429.2 969.0 437.7 0.49 1543
SFIX R,1504100.0,
EFIX R,1504100.0,1504186 88 970.6 427.3 1511
SSACC R,1504188.0,
ESACC R,1504188.0,1504216 30 971.4 425.0 996.6 478.5 1.60 159
SFIX R,1504218.0,
EFIX R,1504218.0,1504606 390 1002.0 490.6 1389
SSACC R,1504608.0,
ESACC R,1504608.0,1504674 68 999.9 496.8 993.8 450.5 1.27 674
SFIX R,1504676.0,
EFIX R,1504676.0,1504772 98 996.5 448.8 1441
SSACC R,1504774.0,
ESACC R,1504774.0,1504888 116 997.4 452.0 995.6 443.2 0.24 1925
SFIX R,1504890.0,
EFIX R,1504890.0,1504996 108 994.9 442.7 1453
SSACC R,1504998.0,
ESACC R,1504998.0,1505050 54 995.1 448.6 992.4 438.6 0.28 853
SFIX R,1505052.0,
EFIX R,1505052.0,1505144 94 994.0 441.6 1471
SSACC R,1505146.0,
ESACC R,1505146.0,1505204 60 993.5 447.3 974.8 477.0 0.95 141
SFIX R,1505206.0,
EFIX R,1505206.0,1505604 400 974.5 483.7 1379
SSACC R,1505606.0,
SBLINK R,1505648.0,
EBLINK R,1505648.0,1505780 134
ESACC R,1505606.0,1505936 332 977.3 489.1 1001.8 444.0 1.39 1208
SFIX R,1505938.0,
EFIX R,1505938.0,1506042 106 1005.4 441.0 1460
SSACC R,1506044.0,
SBLINK R,1506114.0,
EBLINK R,1506114.0,1507958 1846
ESACC R,1506044.0,1508236 2194 1005.8 443.6 975.7 421.7 1.01 1685
SFIX R,1508238.0,
EFIX R,1508238.0,1508332 96 977.7 416.3 1457
SSACC R,1508334.0,
ESACC R,1508334.0,1508354 22 979.9 419.2 974.0 477.2 1.58 132
SFIX R,1508356.0,
EFIX R,1508356.0,1508428 74 974.4 479.5 1380
SSACC R,1508430.0,
ESACC R,1508430.0,1508448 20 976.7 484.0 988.4 483.7 0.32 64
SFIX R,1508450.0,
EFIX R,1508450.0,1508860 412 980.3 490.7 1385
SSACC R,1508862.0,
ESACC R,1508862.0,1509114 254 981.9 496.1 1001.9 429.7 1.88 1486
SFIX R,1509116.0,
EFIX R,1509116.0,1509168 54 1003.1 430.4 1558
SSACC R,1509170.0,
ESACC R,1509170.0,1509194 26 1003.5 439.6 998.6 486.8 1.28 140
SFIX R,1509196.0,
EFIX R,1509196.0,1509372 178 998.3 487.6 1493
SSACC R,1509374.0,
SBLINK R,1509418.0,
EBLINK R,1509418.0,1509914 498
ESACC R,1509374.0,1510294 922 1000.8 487.0 -1165.4 1208.7 42.05 1422
SFIX R,1510296.0,
EFIX R,1510296.0,1510502 208 -1172.9 1232.0 1345
SSACC R,1510504.0,
SBLINK R,1510604.0,
EBLINK R,1510604.0,1510696 94
ESACC R,1510504.0,1510820 318 -1172.5 1247.7 1047.5 478.6 43.21 2084
SFIX R,1510822.0,
EFIX R,1510822.0,1510948 128 1047.5 482.4 1372
SSACC R,1510950.0,
ESACC R,1510950.0,1510970 22 1046.2 488.3 985.2 470.6 1.72 154
SFIX R,1510972.0,
EFIX R,1510972.0,1511778 808 1000.5 471.4 1429
SSACC R,1511780.0,
SBLINK R,1511804.0,
EBLINK R,1511804.0,1513408 1606
ESACC R,1511780.0,1513704 1926 1009.0 467.9 1007.4 404.5 1.72 1824
SFIX R,1513706.0,
EFIX R,1513706.0,1513818 114 1008.9 408.5 1508
SSACC R,1513820.0,
ESACC R,1513820.0,1513842 24 1008.6 415.7 1006.6 464.3 1.32 135
SFIX R,1513844.0,
EFIX R,1513844.0,1514828 986 1012.8 472.0 1471
SSACC R,1514830.0,
SBLINK R,1514880.0,
EBLINK R,1514880.0,1516640 1762
ESACC R,1514830.0,1516702 1874 1022.6 476.0 871.3 -60.7 14.54 1210
SFIX R,1516704.0,
EFIX R,1516704.0,1516734 32 866.2 -65.9 2393
SSACC R,1516736.0,
ESACC R,1516736.0,1516826 92 857.0 -72.5 981.8 426.6 13.38 1235
SFIX R,1516828.0,
EFIX R,1516828.0,1516926 100 982.3 429.3 1520
SSACC R,1516928.0,
ESACC R,1516928.0,1516958 32 979.4 454.2 974.5 487.9 0.92 115
SFIX R,1516960.0,
EFIX R,1516960.0,1517010 52 974.0 488.7 1435
SSACC R,1517012.0,
ESACC R,1517012.0,1517066 56 974.3 488.9 969.6 488.0 0.13 177
SFIX R,1517068.0,
EFIX R,1517068.0,1517124 58 970.8 489.3 1433
SSACC R,1517126.0,
SBLINK R,1517186.0,
EBLINK R,1517186.0,1520364 3180
ESACC R,1517126.0,1520546 3422 970.2 489.7 203.1 188.6 20.96 1431
SFIX R,1520548.0,
EFIX R,1520548.0,1520574 28 196.5 172.6 1831
SSACC R,1520576.0,
SBLINK R,1520674.0,
EBLINK R,1520674.0,1520752 80
ESACC R,1520576.0,1521292 718 190.3 178.7 880.5 -57.5 18.12 1232
SFIX R,1521294.0,
EFIX R,1521294.0,1521366 74 872.7 -57.1 2408
SSACC R,1521368.0,
ESACC R,1521368.0,1521568 202 861.8 -62.9 963.8 413.8 12.69 1663
SFIX R,1521570.0,
EFIX R,1521570.0,1521658 90 965.5 413.1 1544
SSACC R,1521660.0,
ESACC R,1521660.0,1521678 20 966.5 415.4 1024.5 414.5 1.57 146
SFIX R,1521680.0,
EFIX R,1521680.0,1521872 194 1013.9 414.2 1559
SSACC R,1521874.0,
ESACC R,1521874.0,1521978 106 1010.0 414.5 1008.5 419.6 0.14 1755
SFIX R,1521980.0,
EFIX R,1521980.0,1522230 252 1013.1 422.5 1577
SSACC R,1522232.0,
ESACC R,1522232.0,1522392 162 1011.9 435.7 750.7 -133.4 16.17 1633
SFIX R,1522394.0,
EFIX R,1522394.0,1522428 36 746.6 -149.6 2449
SSACC R,1522430.0,
SBLINK R,1522496.0,
EBLINK R,1522496.0,1527322 4828
ESACC R,1522430.0,1527982 5554 752.2 -165.1 677.7 483.5 16.68 1943
SFIX R,1527984.0,
EFIX R,1527984.0,1528074 92 677.6 483.0 1452
SSACC R,1528076.0,
ESACC R,1528076.0,1528120 46 678.0 479.4 963.1 417.5 7.84 453
SFIX R,1528122.0,
EFIX R,1528122.0,1528396 276 965.8 421.2 1573
SSACC R,1528398.0,
ESACC R,1528398.0,1528420 24 971.8 428.0 969.6 428.2 0.06 759
SFIX R,1528422.0,
EFIX R,1528422.0,1528476 56 972.7 428.8 1561
SSACC R,1528478.0,
SBLINK R,1528518.0,
EBLINK R,1528518.0,1529356 840
ESACC R,1528478.0,1529630 1154 973.3 428.4 992.3 420.7 0.56 1750
SFIX R,1529632.0,
EFIX R,1529632.0,1529680 50 993.6 416.1 1603
SSACC R,1529682.0,
ESACC R,1529682.0,1529698 18 995.0 425.0 992.6 474.1 1.33 200
SFIX R,1529700.0,
EFIX R,1529700.0,1529816 118 992.5 475.6 1490
SSACC R,1529818.0,
SBLINK R,1529874.0,
EBLINK R,1529874.0,1530184 312
ESACC R,1529818.0,1530932 1116 991.9 477.1 996.0 419.7 1.56 1732
SFIX R,1530934.0,
EFIX R,1530934.0,1531164 232 996.8 422.4 1580
SSACC R,1531166.0,
ESACC R,1531166.0,1531370 206 992.3 439.3 990.0 405.3 0.92 1820
SFIX R,1531372.0,
EFIX R,1531372.0,1531656 286 989.9 400.3 1560
SSACC R,1531658.0,
ESACC R,1531658.0,1531732 76 989.8 402.8 860.2 -99.1 13.43 1263
SFIX R,1531734.0,
EFIX R,1531734.0,1531782 50 862.9 -91.5 2499
SSACC R,1531784.0,
SBLINK R,1531826.0,
EBLINK R,1531826.0,1535808 3984
ESACC R,1531784.0,1536510 4728 867.0 -102.6 963.1 443.9 14.39 1734
SFIX R,1536512.0,
EFIX R,1536512.0,1536572 62 962.4 447.3 1480
SSACC R,1536574.0,
ESACC R,1536574.0,1536596 24 962.4 445.8 960.1 449.9 0.13 772
SFIX R,1536598.0,
EFIX R,1536598.0,1536760 164 959.5 443.8 1466
SSACC R,1536762.0,
ESACC R,1536762.0,1536782 22 960.7 436.6 959.4 432.9 0.11 902
SFIX R,1536784.0,
EFIX R,1536784.0,1537008 226 966.5 435.4 1468
SSACC R,1537010.0,
ESACC R,1537010.0,1537260 252 972.7 435.4 986.3 407.1 0.85 1611
SFIX R,1537262.0,
EFIX R,1537262.0,1537622 362 987.3 403.7 1493
SSACC R,1537624.0,
SBLINK R,1537672.0,
EBLINK R,1537672.0,1538152 482
ESACC R,1537624.0,1538736 1114 982.5 410.3 940.1 408.0 1.15 1731
SFIX R,1538738.0,
EFIX R,1538738.0,1538804 68 939.8 405.2 1487
SSACC R,1538806.0,
ESACC R,1538806.0,1538858 54 940.2 404.2 974.7 475.4 2.14 173
SFIX R,1538860.0,
EFIX R,1538860.0,1539206 348 978.8 474.7 1427
SSACC R,1539208.0,
SBLINK R,1539256.0,
EBLINK R,1539256.0,1539462 208
ESACC R,1539208.0,1539592 386 982.2 471.8 858.7 -100.5 15.18 1084
SFIX R,1539594.0,
EFIX R,1539594.0,1539622 30 855.8 -93.9 2532
SSACC R,1539624.0,
ESACC R,1539624.0,1539654 32 858.1 -100.3 983.0 420.0 13.86 1259
SFIX R,1539656.0,
EFIX R,1539656.0,1539738 84 985.2 416.1 1618
SSACC R,1539740.0,
ESACC R,1539740.0,1539768 30 989.6 419.8 1007.6 419.2 0.49 98
SFIX R,1539770.0,
EFIX R,1539770.0,1539798 30 1011.9 426.7 1638
SSACC R,1539800.0,
ESACC R,1539800.0,1539816 18 1011.8 429.4 1010.1 472.8 1.18 128
SFIX R,1539818.0,
EFIX R,1539818.0,1540858 1042 998.2 486.2 1554
SSACC R,1540860.0,
ESACC R,1540860.0,1540900 42 995.8 478.5 834.6 535.9 4.63 229
SFIX R,1540902.0,
EFIX R,1540902.0,1541090 190 833.0 534.1 1585
SSACC R,1541092.0,
ESACC R,1541092.0,1541126 36 829.3 540.5 1001.9 477.7 4.97 304
SFIX R,1541128.0,
EFIX R,1541128.0,1541644 518 986.7 483.6 1557
SSACC R,1541646.0,
ESACC R,1541646.0,1542044 400 982.7 480.3 705.5 110.9 12.26 1668
SFIX R,1542046.0,
EFIX R,1542046.0,1542068 24 706.3 112.1 2252
SSACC R,1542070.0,
ESACC R,1542070.0,1542194 126 703.1 94.4 700.8 96.6 0.08 86
SFIX R,1542196.0,
EFIX R,1542196.0,1542260 66 700.8 93.4 2290
SSACC R,1542262.0,
SBLINK R,1542368.0,
EBLINK R,1542368.0,1542520 154
ESACC R,1542262.0,1542702 442 701.8 103.2 1009.7 472.8 12.76 1695
SFIX R,1542704.0,
EFIX R,1542704.0,1543392 690 1007.1 474.4 1449
SSACC R,1543394.0,
SBLINK R,1543430.0,
EBLINK R,1543430.0,1543760 332
ESACC R,1543394.0,1543976 584 994.1 475.1 988.5 402.7 1.97 1729
SFIX R,1543978.0,
EFIX R,1543978.0,1544040 64 988.9 405.4 1528
SSACC R,1544042.0,
ESACC R,1544042.0,1544070 30 990.4 408.0 985.0 465.3 1.56 191
SFIX R,1544072.0,
EFIX R,1544072.0,1545236 1166 984.1 468.2 1421
SSACC R,1545238.0,
SBLINK R,1545298.0,
EBLINK R,1545298.0,1545320 24
ESACC R,1545238.0,1545466 230 994.2 481.3 997.2 424.4 1.54 1230
SFIX R,1545468.0,
EFIX R,1545468.0,1545508 42 996.9 433.6 1533
SSACC R,1545510.0,
ESACC R,1545510.0,1545526 18 992.4 466.2 990.3 491.9 0.70 179
SFIX R,1545528.0,
EFIX R,1545528.0,1546414 888 987.5 497.7 1461
SSACC R,1546416.0,
ESACC R,1546416.0,1546456 42 993.3 496.5 887.7 701.4 6.23 276
SFIX R,1546458.0,
EFIX R,1546458.0,1546894 438 887.3 689.0 1543
SSACC R,1546896.0,
ESACC R,1546896.0,1546944 50 882.5 689.1 997.8 502.2 5.94 292
SFIX R,1546946.0,
EFIX R,1546946.0,1548224 1280 987.8 493.6 1491
SSACC R,1548226.0,
SBLINK R,1548258.0,
EBLINK R,1548258.0,1548660 404
ESACC R,1548226.0,1548764 540 983.9 496.4 987.2 426.7 1.89 1293
SFIX R,1548766.0,
EFIX R,1548766.0,1548802 38 989.3 429.2 1481
SSACC R,1548804.0,
ESACC R,1548804.0,1548820 18 990.9 427.5 986.3 481.4 1.46 111
SFIX R,1548822.0,
EFIX R,1548822.0,1549834 1014 978.0 512.2 1320
SSACC R,1549836.0,
SBLINK R,1549884.0,
EBLINK R,1549884.0,1549972 90
ESACC R,1549836.0,1550070 236 972.7 508.5 1012.1 409.6 2.88 1988
SFIX R,1550072.0,
EFIX R,1550072.0,1550150 80 1012.8 402.7 1355
SSACC R,1550152.0,
ESACC R,1550152.0,1550208 58 1009.2 408.8 1009.6 408.8 0.01 1356
SFIX R,1550210.0,
EFIX R,1550210.0,1550248 40 1009.1 405.6 1358
SSACC R,1550250.0,
SBLINK R,1550318.0,
EBLINK R,1550318.0,1550514 198
ESACC R,1550250.0,1550626 378 1011.5 400.0 992.7 437.7 1.14 1680
SFIX R,1550628.0,
EFIX R,1550628.0,1550670 44 992.8 431.9 1419
SSACC R,1550672.0,
ESACC R,1550672.0,1550686 16 993.5 430.6 984.7 479.7 1.35 159
SFIX R,1550688.0,
EFIX R,1550688.0,1550792 106 984.6 484.2 1342
SSACC R,1550794.0,
ESACC R,1550794.0,1550838 46 983.2 484.2 985.0 483.4 0.05 167
SFIX R,1550840.0,
EFIX R,1550840.0,1550874 36 985.4 485.5 1353
SSACC R,1550876.0,
SBLINK R,1550920.0,
EBLINK R,1550920.0,1551096 178
ESACC R,1550876.0,1551212 338 986.4 484.5 1000.4 489.1 0.40 1903
SFIX R,1551214.0,
EFIX R,1551214.0,1551370 158 989.9 489.5 1368
SSACC R,1551372.0,
SBLINK R,1551406.0,
EBLINK R,1551406.0,1552078 674
ESACC R,1551372.0,1552216 846 991.4 489.2 999.5 408.8 2.19 1632
SFIX R,1552218.0,
EFIX R,1552218.0,1552264 48 992.1 410.5 1540
SSACC R,1552266.0,
ESACC R,1552266.0,1552292 28 992.6 410.4 987.7 467.2 1.54 147
SFIX R,1552294.0,
EFIX R,1552294.0,1552326 34 985.8 469.2 1473
SSACC R,1552328.0,
ESACC R,1552328.0,1552344 18 985.5 466.7 988.6 419.1 1.29 166
SFIX R,1552346.0,
EFIX R,1552346.0,1552368 24 988.3 429.2 1514
SSACC R,1552370.0,
SBLINK R,1552404.0,
EBLINK R,1552404.0,1552788 386
ESACC R,1552370.0,1552926 558 988.1 436.0 965.1 409.5 0.95 1446
SFIX R,1552928.0,
EFIX R,1552928.0,1553016 90 970.8 410.3 1410
SSACC R,1553018.0,
ESACC R,1553018.0,1553132 116 975.2 409.7 981.4 410.6 0.17 194
SFIX R,1553134.0,
EFIX R,1553134.0,1553182 50 980.6 412.3 1462
SSACC R,1553184.0,
ESACC R,1553184.0,1553344 162 981.7 420.2 985.9 420.0 0.11 1347
SFIX R,1553346.0,
EFIX R,1553346.0,1553546 202 984.5 416.4 1464
SSACC R,1553548.0,
ESACC R,1553548.0,1553578 32 979.5 418.1 975.2 481.6 1.72 205
SFIX R,1553580.0,
EFIX R,1553580.0,1553820 242 972.3 478.6 1400
SSACC R,1553822.0,
ESACC R,1553822.0,1553938 118 967.8 474.7 796.6 223.4 8.15 1620
SFIX R,1553940.0,
EFIX R,1553940.0,1554528 590 785.5 233.1 1508
SSACC R,1554530.0,
ESACC R,1554530.0,1554590 62 786.0 251.7 360.0 24.4 12.35 296
SFIX R,1554592.0,
EFIX R,1554592.0,1554932 342 367.3 27.0 1511
SSACC R,1554934.0,
ESACC R,1554934.0,1554974 42 372.8 27.3 155.8 -25.5 5.32 217
SFIX R,1554976.0,
EFIX R,1554976.0,1555508 534 147.6 -17.9 1492
SSACC R,1555510.0,
SBLINK R,1555594.0,
EBLINK R,1555594.0,1555770 178
ESACC R,1555510.0,1555922 414 143.8 -6.8 972.7 368.6 22.71 1717
SFIX R,1555924.0,
EFIX R,1555924.0,1555966 44 975.3 363.7 1519
SSACC R,1555968.0,
ESACC R,1555968.0,1555994 28 978.0 367.2 1015.0 468.7 2.92 289
SFIX R,1555996.0,
EFIX R,1555996.0,1556282 288 1009.2 464.8 1483
SSACC R,1556284.0,
SBLINK R,1556348.0,
EBLINK R,1556348.0,1556518 172
ESACC R,1556284.0,1556676 394 1004.4 469.8 985.1 470.3 0.52 1787
SFIX R,1556678.0,
EFIX R,1556678.0,1557164 488 990.2 481.6 1467
SSACC R,1557166.0,
ESACC R,1557166.0,1557218 54 998.3 492.7 591.4 392.9 11.18 332
SFIX R,1557220.0,
EFIX R,1557220.0,1557468 250 585.0 393.5 1467
SSACC R,1557470.0,
ESACC R,1557470.0,1557526 58 580.2 391.2 177.2 175.1 11.45 295
SFIX R,1557528.0,
EFIX R,1557528.0,1557886 360 175.5 173.8 1425
SSACC R,1557888.0,
ESACC R,1557888.0,1557942 56 174.5 174.5 -146.1 254.0 7.41 206
SFIX R,1557944.0,
EFIX R,1557944.0,1558154 212 -155.7 255.9 1398
SSACC R,1558156.0,
SBLINK R,1558236.0,
EBLINK R,1558236.0,1559220 986
ESACC R,1558156.0,1559282 1128 -165.2 262.9 940.5 448.5 26.62 1734
SFIX R,1559284.0,
EFIX R,1559284.0,1559364 82 938.0 451.8 1327
SSACC R,1559366.0,
ESACC R,1559366.0,1559386 22 936.0 453.4 983.3 481.5 1.49 130
SFIX R,1559388.0,
EFIX R,1559388.0,1559946 560 995.0 483.8 1420
SSACC R,1559948.0,
SBLINK R,1560200.0,
EBLINK R,1560200.0,1560644 446
ESACC R,1559948.0,1560808 862 1007.0 494.4 999.0 404.7 2.44 1241
SFIX R,1560810.0,
EFIX R,1560810.0,1560858 50 1000.8 405.6 1493
SSACC R,1560860.0,
ESACC R,1560860.0,1560876 18 1004.2 399.0 1014.2 417.1 0.56 78
SFIX R,1560878.0,
EFIX R,1560878.0,1560926 50 1007.2 416.9 1495
SSACC R,1560928.0,
ESACC R,1560928.0,1560944 18 1008.8 432.2 1003.7 475.0 1.17 202
SFIX R,1560946.0,
EFIX R,1560946.0,1561286 342 1000.2 475.1 1396
SSACC R,1561288.0,
ESACC R,1561288.0,1561350 64 997.7 475.7 1001.4 413.0 1.70 1142
SFIX R,1561352.0,
EFIX R,1561352.0,1561380 30 1002.3 414.2 1485
SSACC R,1561382.0,
SBLINK R,1561428.0,
EBLINK R,1561428.0,1561704 278
ESACC R,1561382.0,1562058 678 1003.4 416.5 1015.7 424.9 0.40 1702
SFIX R,1562060.0,
EFIX R,1562060.0,1562116 58 1018.8 428.1 1567
SSACC R,1562118.0,
ESACC R,1562118.0,1562160 44 1022.1 423.1 1015.2 487.4 1.75 131
SFIX R,1562162.0,
EFIX R,1562162.0,1562198 38 1015.5 488.7 1487
SSACC R,1562200.0,
SBLINK R,1562282.0,
EBLINK R,1562282.0,1563124 844
ESACC R,1562200.0,1563250 1052 1015.4 488.3 980.1 431.5 1.81 1893
SFIX R,1563252.0,
EFIX R,1563252.0,1563324 74 984.6 432.1 1551
SSACC R,1563326.0,
ESACC R,1563326.0,1563364 40 988.7 437.9 980.8 500.6 1.71 158
SFIX R,1563366.0,
EFIX R,1563366.0,1563520 156 982.3 507.2 1434
SSACC R,1563522.0,
ESACC R,1563522.0,1563546 26 982.7 513.3 1002.3 510.7 0.54 101
SFIX R,1563548.0,
EFIX R,1563548.0,1564018 472 995.6 506.4 1372
SSACC R,1564020.0,
ESACC R,1564020.0,1564060 42 994.8 486.7 802.0 505.7 5.24 280
SFIX R,1564062.0,
EFIX R,1564062.0,1564522 462 811.6 505.9 1491
SSACC R,1564524.0,
ESACC R,1564524.0,1564558 36 816.8 505.9 1001.9 486.2 5.04 259
SFIX R,1564560.0,
EFIX R,1564560.0,1564918 360 1000.6 494.4 1523
SSACC R,1564920.0,
ESACC R,1564920.0,1564966 48 1003.7 498.0 1007.0 452.3 1.24 394
SFIX R,1564968.0,
EFIX R,1564968.0,1564990 24 1008.2 448.2 1559
SSACC R,1564992.0,
ESACC R,1564992.0,1565008 18 1013.2 443.9 1005.1 500.2 1.54 182
SFIX R,1565010.0,
EFIX R,1565010.0,1565180 172 1005.2 500.9 1495
SSACC R,1565182.0,
ESACC R,1565182.0,1565248 68 1000.3 501.6 279.4 491.6 18.58 405
SFIX R,1565250.0,
EFIX R,1565250.0,1565392 144 268.0 495.0 1480
SSACC R,1565394.0,
SBLINK R,1565452.0,
EBLINK R,1565452.0,1565616 166
ESACC R,1565394.0,1566032 640 258.8 500.5 1000.0 422.5 19.16 1671
SFIX R,1566034.0,
EFIX R,1566034.0,1566078 46 1000.1 422.1 1552
SSACC R,1566080.0,
ESACC R,1566080.0,1566096 18 999.1 431.2 994.7 479.6 1.32 196
SFIX R,1566098.0,
EFIX R,1566098.0,1566968 872 988.6 487.8 1483
SSACC R,1566970.0,
ESACC R,1566970.0,1566992 24 996.6 489.2 1038.4 472.0 1.22 108
SFIX R,1566994.0,
EFIX R,1566994.0,1567784 792 1013.0 469.7 1505
SSACC R,1567786.0,
ESACC R,1567786.0,1567826 42 989.0 474.7 988.6 474.7 0.01 196
SFIX R,1567828.0,
EFIX R,1567828.0,1568228 402 982.2 474.5 1544
SSACC R,1568230.0,
SBLINK R,1568266.0,
EBLINK R,1568266.0,1568490 226
ESACC R,1568230.0,1568658 430 980.2 475.7 989.7 407.5 1.86 1473
SFIX R,1568660.0,
EFIX R,1568660.0,1568700 42 989.3 411.6 1593
SSACC R,1568702.0,
ESACC R,1568702.0,1568742 42 988.3 408.0 986.2 463.9 1.51 148
SFIX R,1568744.0,
EFIX R,1568744.0,1568798 56 986.3 464.5 1534
SSACC R,1568800.0,
ESACC R,1568800.0,1568816 18 987.0 464.0 990.8 421.6 1.15 154
SFIX R,1568818.0,
EFIX R,1568818.0,1568844 28 991.0 423.2 1565
SSACC R,1568846.0,
ESACC R,1568846.0,1568870 26 992.1 415.9 987.5 467.9 1.41 121
SFIX R,1568872.0,
EFIX R,1568872.0,1569594 724 989.0 484.3 1471
SSACC R,1569596.0,
ESACC R,1569596.0,1569940 346 990.8 485.0 995.6 410.4 2.02 1673
SFIX R,1569942.0,
EFIX R,1569942.0,1569984 44 996.6 415.4 1545
SSACC R,1569986.0,
ESACC R,1569986.0,1570044 60 996.3 412.7 989.1 489.0 2.07 194
SFIX R,1570046.0,
EFIX R,1570046.0,1570178 134 990.6 495.0 1459
SSACC R,1570180.0,
SBLINK R,1570230.0,
EBLINK R,1570230.0,1570364 136
ESACC R,1570180.0,1570470 292 991.7 500.2 744.8 -48.9 15.72 942
SFIX R,1570472.0,
EFIX R,1570472.0,1570502 32 734.3 -60.2 2221
SSACC R,1570504.0,
SBLINK R,1570634.0,
EBLINK R,1570634.0,1570680 48
ESACC R,1570504.0,1570928 426 733.7 -62.0 -273.5 297.0 24.39 1586
SFIX R,1570930.0,
EFIX R,1570930.0,1570952 24 -270.7 280.3 1742
SSACC R,1570954.0,
SBLINK R,1571194.0,
EBLINK R,1571194.0,1572434 1242
ESACC R,1570954.0,1572700 1748 -274.2 276.1 1002.0 422.0 29.73 1976
SFIX R,1572702.0,
EFIX R,1572702.0,1572734 34 1000.4 423.6 1453
SSACC R,1572736.0,
ESACC R,1572736.0,1572758 24 1000.2 426.4 1001.9 425.8 0.05 852
SFIX R,1572760.0,
EFIX R,1572760.0,1573120 362 993.7 421.7 1426
SSACC R,1573122.0,
ESACC R,1573122.0,1573144 24 993.2 417.7 1054.8 400.8 1.73 155
SFIX R,1573146.0,
EFIX R,1573146.0,1573268 124 1050.5 391.3 1430
SSACC R,1573270.0,
ESACC R,1573270.0,1573336 68 1053.1 393.8 1048.1 461.2 1.83 221
SFIX R,1573338.0,
EFIX R,1573338.0,1573714 378 1050.6 466.0 1420
SSACC R,1573716.0,
ESACC R,1573716.0,1573732 18 1047.3 466.7 1003.8 456.1 1.21 103
SFIX R,1573734.0,
EFIX R,1573734.0,1574442 710 1009.9 470.6 1420
SSACC R,1574444.0,
SBLINK R,1574478.0,
EBLINK R,1574478.0,1575842 1366
ESACC R,1574444.0,1576662 2220 1003.2 486.7 996.8 423.3 1.72 1934
SFIX R,1576664.0,
EFIX R,1576664.0,1576880 218 1006.1 418.2 1563
SSACC R,1576882.0,
SBLINK R,1577044.0,
EBLINK R,1577044.0,1578020 978
ESACC R,1576882.0,1579172 2292 1012.4 417.8 102.1 129.6 23.82 1680
SFIX R,1579174.0,
EFIX R,1579174.0,1579224 52 103.5 132.2 1417
SSACC R,1579226.0,
SBLINK R,1579520.0,
EBLINK R,1579520.0,1587814 8296
ESACC R,1579226.0,1588020 8796 104.7 131.5 680.7 -263.4 16.73 2028
SFIX R,1588022.0,
EFIX R,1588022.0,1588048 28 686.3 -255.7 2386
SSACC R,1588050.0,
SBLINK R,1588426.0,
EBLINK R,1588426.0,1589670 1246
ESACC R,1588050.0,1589844 1796 693.3 -252.8 1005.9 436.1 19.19 1970
SFIX R,1589846.0,
EFIX R,1589846.0,1590136 292 1007.8 422.2 1467
SSACC R,1590138.0,
SBLINK R,1590170.0,
EBLINK R,1590170.0,1591402 1234
ESACC R,1590138.0,1591424 1288 1008.4 421.5 649.6 -655.9 26.64 1341
SFIX R,1591426.0,
EFIX R,1591426.0,1591614 190 625.3 -654.1 1317
SSACC R,1591616.0,
SBLINK R,1591638.0,
EBLINK R,1591638.0,1593604 1968
ESACC R,1591616.0,1593942 2328 611.5 -631.2 973.6 440.0 26.67 1011
SFIX R,1593944.0,
EFIX R,1593944.0,1593976 34 973.7 439.5 1432
SSACC R,1593978.0,
ESACC R,1593978.0,1593998 22 969.7 434.8 973.0 437.4 0.11 534
SFIX R,1594000.0,
EFIX R,1594000.0,1594050 52 975.4 434.6 1435
SSACC R,1594052.0,
ESACC R,1594052.0,1594074 24 976.1 433.7 976.3 428.9 0.13 1068
SFIX R,1594076.0,
EFIX R,1594076.0,1594396 322 981.6 428.9 1465
SSACC R,1594398.0,
ESACC R,1594398.0,1594418 22 987.0 422.1 987.4 429.1 0.19 1032
SFIX R,1594420.0,
EFIX R,1594420.0,1594450 32 987.5 425.1 1517
SSACC R,1594452.0,
ESACC R,1594452.0,1594472 22 987.6 427.5 984.1 420.1 0.22 1061
SFIX R,1594474.0,
EFIX R,1594474.0,1594582 110 987.4 427.1 1535
SSACC R,1594584.0,
SBLINK R,1594646.0,
EBLINK R,1594646.0,1609122 14478
ESACC R,1594584.0,1609134 14552 986.8 433.7 994.6 424.1 0.33 2375
SFIX R,1609136.0,
EFIX R,1609136.0,1609188 54 993.5 420.6 1312
SSACC R,1609190.0,
SBLINK R,1609200.0,
EBLINK R,1609200.0,1609202 4
ESACC R,1609190.0,1609210 22 986.8 433.7 994.6 424.1 0.33 0
SFIX R,1609212.0,
EFIX R,1609212.0,1609284 74 994.0 418.5 1321
SSACC R,1609286.0,
SBLINK R,1609300.0,
EBLINK R,1609300.0,1641500 32202
ESACC R,1609286.0,1642196 32912 991.5 422.0 956.7 429.9 0.97 2497
SFIX R,1642198.0,
EFIX R,1642198.0,1642266 70 957.8 425.4 1382
SSACC R,1642268.0,
ESACC R,1642268.0,1642402 136 954.0 430.5 979.4 428.3 0.69 1647
SFIX R,1642404.0,
EFIX R,1642404.0,1642430 28 978.8 427.7 1371
SSACC R,1642432.0,
ESACC R,1642432.0,1642464 34 977.6 425.2 977.7 427.3 0.06 1308
SFIX R,1642466.0,
EFIX R,1642466.0,1642508 44 978.0 426.6 1377
SSACC R,1642510.0,
ESACC R,1642510.0,1642598 90 976.4 429.2 979.0 434.1 0.15 1956
SFIX R,1642600.0,
EFIX R,1642600.0,1642648 50 981.2 430.1 1397
SSACC R,1642650.0,
ESACC R,1642650.0,1643084 436 983.5 426.3 966.4 445.8 0.70 1891
SFIX R,1643086.0,
EFIX R,1643086.0,1643106 22 966.5 442.1 1426
SSACC R,1643108.0,
ESACC R,1643108.0,1643154 48 965.3 442.7 961.7 449.4 0.21 1744
SFIX R,1643156.0,
EFIX R,1643156.0,1643188 34 960.0 446.8 1414
SSACC R,1643190.0,
ESACC R,1643190.0,1643414 226 959.4 446.8 981.9 446.5 0.61 1972
SFIX R,1643416.0,
EFIX R,1643416.0,1643454 40 978.7 454.8 1417
SSACC R,1643456.0,
SBLINK R,1644120.0,
EBLINK R,1644120.0,1647108 2990
ESACC R,1643456.0,1647642 4188 977.1 454.8 577.4 759.7 13.40 1970
SFIX R,1647644.0,
EFIX R,1647644.0,1648198 556 581.3 761.1 1358
SSACC R,1648200.0,
SBLINK R,1648274.0,
EBLINK R,1648274.0,1677106 28834
ESACC R,1648200.0,1677264 29066 589.6 759.6 1045.3 390.2 15.63 1618
SFIX R,1677266.0,
EFIX R,1677266.0,1677300 36 1037.6 400.1 1947
SSACC R,1677302.0,
ESACC R,1677302.0,1677328 28 1036.1 404.8 1039.5 388.2 0.46 240
SFIX R,1677330.0,
EFIX R,1677330.0,1677374 46 1038.2 400.6 1953
SSACC R,1677376.0,
ESACC R,1677376.0,1677422 48 1030.1 400.3 1032.6 405.2 0.15 394
SFIX R,1677424.0,
EFIX R,1677424.0,1677478 56 1032.2 409.4 1960
SSACC R,1677480.0,
SBLINK R,1677502.0,
EBLINK R,1677502.0,1696048 18548
ESACC R,1677480.0,1696472 18994 1032.9 417.5 936.7 679.2 7.54 1862
SFIX R,1696474.0,
EFIX R,1696474.0,1697052 580 936.4 687.3 1543
SSACC R,1697054.0,
ESACC R,1697054.0,1697306 254 924.7 698.8 922.9 702.3 0.11 302
SFIX R,1697308.0,
EFIX R,1697308.0,1697348 42 923.7 704.0 1471
SSACC R,1697350.0,
SBLINK R,1697408.0,
EBLINK R,1697408.0,1701780 4374
ESACC R,1697350.0,1701874 4526 921.0 699.5 756.1 941.5 7.78 2502
SFIX R,1701876.0,
EFIX R,1701876.0,1701900 26 755.7 942.5 1491
SSACC R,1701902.0,
ESACC R,1701902.0,1701922 22 754.6 942.6 755.5 943.1 0.03 188
SFIX R,1701924.0,
EFIX R,1701924.0,1742280 40358 1009.0 670.3 1536
SSACC R,1742282.0,
SBLINK R,1742312.0,
EBLINK R,1742312.0,1742334 24
ESACC R,1742282.0,1742406 126 1245.2 295.8 1252.6 285.7 0.33 97
SFIX R,1742408.0,
EFIX R,1742408.0,1747246 4840 1298.1 258.1 1436
SSACC R,1747248.0,
ESACC R,1747248.0,1747288 42 1316.5 279.9 1105.1 501.8 8.17 394
SFIX R,1747290.0,
EFIX R,1747290.0,1760456 13168 1140.1 418.6 1412
SSACC R,1760458.0,
SBLINK R,1760472.0,
EBLINK R,1760472.0,1760580 110
ESACC R,1760458.0,1760588 132 1197.9 316.7 1197.7 318.3 0.04 29
SFIX R,1760590.0,
EFIX R,1760590.0,1761962 1374 1188.3 130.4 1370
SSACC R,1761964.0,
SBLINK R,1762012.0,
EBLINK R,1762012.0,1762048 38
ESACC R,1761964.0,1762080 118 1185.3 112.6 1029.5 465.4 10.23 329
SFIX R,1762082.0,
EFIX R,1762082.0,1762124 44 1030.9 466.3 1490
SSACC R,1762126.0,
ESACC R,1762126.0,1762140 16 1029.7 476.3 1027.4 518.1 1.13 142
SFIX R,1762142.0,
EFIX R,1762142.0,1771416 9276 1064.6 458.4 1405
SSACC R,1771418.0,
SBLINK R,1771460.0,
EBLINK R,1771460.0,1771700 242
ESACC R,1771418.0,1771784 368 1029.8 340.9 986.6 610.5 7.37 958
SFIX R,1771786.0,
EFIX R,1771786.0,1771844 60 987.7 606.7 1397
SSACC R,1771846.0,
ESACC R,1771846.0,1771862 18 990.7 608.5 985.1 672.4 1.74 211
SFIX R,1771864.0,
EFIX R,1771864.0,1786766 14904 1033.3 568.7 1443
SSACC R,1786768.0,
SBLINK R,1786798.0,
EBLINK R,1786798.0,1786948 152
ESACC R,1786768.0,1787008 242 1089.3 483.3 1013.1 379.1 3.49 833
SFIX R,1787010.0,
EFIX R,1787010.0,1787042 34 1010.6 372.3 1526
SSACC R,1787044.0,
ESACC R,1787044.0,1787060 18 1009.7 369.6 1005.9 416.0 1.26 168
SFIX R,1787062.0,
EFIX R,1787062.0,1787310 250 995.4 416.2 1456
SSACC R,1787312.0,
SBLINK R,1787342.0,
EBLINK R,1787342.0,1787414 74
ESACC R,1787312.0,1787554 244 991.2 420.3 972.2 431.3 0.59 1891
SFIX R,1787556.0,
EFIX R,1787556.0,1787676 122 972.6 432.7 1433
SSACC R,1787678.0,
ESACC R,1787678.0,1787684 8 974.2 438.8 985.0 443.2 0.32 48
SFIX R,1787686.0,
EFIX R,1787686.0,1788170 486 987.1 452.5 1386
SSACC R,1788172.0,
ESACC R,1788172.0,1788212 42 986.1 454.5 947.2 400.4 1.80 160
SFIX R,1788214.0,
EFIX R,1788214.0,1788234 22 950.1 376.4 1384
SSACC R,1788236.0,
ESACC R,1788236.0,1788254 20 952.7 358.7 951.8 412.3 1.45 216
SFIX R,1788256.0,
EFIX R,1788256.0,1788372 118 953.7 416.3 1310
SSACC R,1788374.0,
ESACC R,1788374.0,1788384 12 954.6 422.3 974.4 431.2 0.59 62
SFIX R,1788386.0,
EFIX R,1788386.0,1788598 214 972.3 441.6 1293
SSACC R,1788600.0,
ESACC R,1788600.0,1788604 6 971.3 444.7 979.0 447.6 0.22 54
SFIX R,1788606.0,
EFIX R,1788606.0,1789528 924 968.3 456.9 1225
SSACC R,1789530.0,
SBLINK R,1789550.0,
EBLINK R,1789550.0,1789606 58
ESACC R,1789530.0,1789620 92 948.0 458.4 940.4 405.6 1.44 128
SFIX R,1789622.0,
EFIX R,1789622.0,1789650 30 948.7 402.7 1245
SSACC R,1789652.0,
ESACC R,1789652.0,1789694 44 962.7 398.5 960.8 399.8 0.06 209
SFIX R,1789696.0,
EFIX R,1789696.0,1789722 28 961.7 404.7 1258
SSACC R,1789724.0,
ESACC R,1789724.0,1789740 18 963.9 398.4 954.9 461.8 1.73 230
SFIX R,1789742.0,
EFIX R,1789742.0,1789844 104 954.4 458.9 1197
SSACC R,1789846.0,
SBLINK R,1789868.0,
EBLINK R,1789868.0,1789968 102
ESACC R,1789846.0,1790056 212 955.4 460.4 936.0 389.5 1.99 1324
SFIX R,1790058.0,
EFIX R,1790058.0,1790080 24 936.9 383.5 1293
SSACC R,1790082.0,
ESACC R,1790082.0,1790098 18 939.5 378.0 935.6 439.3 1.66 219
SFIX R,1790100.0,
EFIX R,1790100.0,1790130 32 935.0 438.2 1226
SSACC R,1790132.0,
ESACC R,1790132.0,1790140 10 936.5 439.5 953.9 445.1 0.50 60
SFIX R,1790142.0,
EFIX R,1790142.0,1790226 86 958.4 445.5 1226
SSACC R,1790228.0,
SBLINK R,1790254.0,
EBLINK R,1790254.0,1790330 78
ESACC R,1790228.0,1790400 174 961.2 449.3 945.2 409.5 1.16 1329
SFIX R,1790402.0,
EFIX R,1790402.0,1790430 30 948.3 407.7 1297
SSACC R,1790432.0,
ESACC R,1790432.0,1790462 32 950.7 402.1 986.7 466.3 1.99 210
SFIX R,1790464.0,
EFIX R,1790464.0,1790782 320 985.7 469.2 1250
SSACC R,1790784.0,
SBLINK R,1790806.0,
EBLINK R,1790806.0,1791226 422
ESACC R,1790784.0,1791290 508 987.6 472.1 973.7 431.2 1.17 1318
SFIX R,1791292.0,
EFIX R,1791292.0,1791346 56 973.7 412.7 1306
SSACC R,1791348.0,
ESACC R,1791348.0,1791364 18 975.1 405.0 970.4 469.3 1.74 210
SFIX R,1791366.0,
EFIX R,1791366.0,1792070 706 968.8 475.8 1276
SSACC R,1792072.0,
ESACC R,1792072.0,1792102 32 969.6 475.3 971.8 476.1 0.06 183
SFIX R,1792104.0,
EFIX R,1792104.0,1792176 74 970.8 474.9 1257
SSACC R,1792178.0,
SBLINK R,1792220.0,
EBLINK R,1792220.0,1793418 1200
ESACC R,1792178.0,1793438 1262 968.9 469.6 643.7 -643.3 27.25 1782
SFIX R,1793440.0,
EFIX R,1793440.0,1794058 620 625.0 -562.8 1246
SSACC R,1794060.0,
SBLINK R,1794090.0,
EBLINK R,1794090.0,1807640 13552
ESACC R,1794060.0,1808828 14770 613.1 -510.6 808.5 -124.1 10.12 1949
SFIX R,1808830.0,
EFIX R,1808830.0,1808900 72 807.9 -120.5 2314
SSACC R,1808902.0,
ESACC R,1808902.0,1809346 446 806.4 -138.3 978.4 420.1 15.07 1864
SFIX R,1809348.0,
EFIX R,1809348.0,1809376 30 978.0 420.9 1419
SSACC R,1809378.0,
SBLINK R,1809538.0,
EBLINK R,1809538.0,1814796 5260
ESACC R,1809378.0,1816568 7192 977.8 411.3 987.6 416.9 0.31 1998
SFIX R,1816570.0,
EFIX R,1816570.0,1816598 30 986.4 420.1 1377
SSACC R,1816600.0,
ESACC R,1816600.0,1816666 68 986.5 425.5 982.2 405.1 0.56 1373
SFIX R,1816668.0,
EFIX R,1816668.0,1816948 282 989.4 411.9 1365
SSACC R,1816950.0,
ESACC R,1816950.0,1816954 6 991.4 419.1 991.9 404.9 0.38 49
SFIX R,1816956.0,
EFIX R,1816956.0,1816984 30 992.5 408.1 1361
SSACC R,1816986.0,
ESACC R,1816986.0,1817020 36 994.4 409.5 990.8 407.9 0.11 818
SFIX R,1817022.0,
EFIX R,1817022.0,1817116 96 993.0 406.8 1367
SSACC R,1817118.0,
ESACC R,1817118.0,1817394 278 995.1 417.4 984.7 390.3 0.78 1893
SFIX R,1817396.0,
EFIX R,1817396.0,1817514 120 986.5 396.1 1462
SSACC R,1817516.0,
ESACC R,1817516.0,1817538 24 987.5 398.8 1010.6 400.5 0.63 95
SFIX R,1817540.0,
EFIX R,1817540.0,1817658 120 1006.9 399.0 1489
SSACC R,1817660.0,
ESACC R,1817660.0,1817734 76 1004.3 404.5 1003.4 404.7 0.02 156
SFIX R,1817736.0,
EFIX R,1817736.0,1817788 54 1002.9 405.5 1492
SSACC R,1817790.0,
ESACC R,1817790.0,1817830 42 1003.2 402.5 992.9 475.2 1.99 251
SFIX R,1817832.0,
EFIX R,1817832.0,1818040 210 989.2 477.8 1397
SSACC R,1818042.0,
ESACC R,1818042.0,1818048 8 987.4 481.3 975.0 479.0 0.34 54
SFIX R,1818050.0,
EFIX R,1818050.0,1818598 550 976.2 477.3 1483
SSACC R,1818600.0,
ESACC R,1818600.0,1818612 14 974.9 482.5 989.4 474.5 0.45 58
SFIX R,1818614.0,
EFIX R,1818614.0,1818934 322 981.9 475.1 1513
SSACC R,1818936.0,
SBLINK R,1818980.0,
EBLINK R,1818980.0,1819240 262
ESACC R,1818936.0,1819608 674 985.5 472.8 985.8 422.6 1.36 1755
SFIX R,1819610.0,
EFIX R,1819610.0,1819644 36 986.2 419.3 1566
SSACC R,1819646.0,
ESACC R,1819646.0,1819680 36 983.4 417.3 984.4 428.2 0.30 1934
SFIX R,1819682.0,
EFIX R,1819682.0,1819790 110 983.3 431.2 1548
SSACC R,1819792.0,
SBLINK R,1819826.0,
EBLINK R,1819826.0,1820416 592
ESACC R,1819792.0,1820638 848 980.5 433.5 980.9 413.8 0.53 1745
SFIX R,1820640.0,
EFIX R,1820640.0,1820664 26 980.8 416.8 1480
SSACC R,1820666.0,
SBLINK R,1820704.0,
EBLINK R,1820704.0,1822538 1836
ESACC R,1820666.0,1823148 2484 979.9 418.0 1021.3 433.0 1.19 1900
SFIX R,1823150.0,
EFIX R,1823150.0,1823274 126 1019.5 437.0 1454
SSACC R,1823276.0,
ESACC R,1823276.0,1823288 14 1013.6 438.2 985.8 419.0 0.91 89
SFIX R,1823290.0,
EFIX R,1823290.0,1823440 152 990.5 419.8 1450
SSACC R,1823442.0,
SBLINK R,1823482.0,
EBLINK R,1823482.0,1824092 612
ESACC R,1823442.0,1824472 1032 988.4 424.9 982.1 419.9 0.22 1855
SFIX R,1824474.0,
EFIX R,1824474.0,1824692 220 979.2 417.5 1437
SSACC R,1824694.0,
ESACC R,1824694.0,1825180 488 977.6 427.0 999.4 422.4 0.60 1892
SFIX R,1825182.0,
EFIX R,1825182.0,1825480 300 1003.2 426.1 1425
SSACC R,1825482.0,
SBLINK R,1825938.0,
EBLINK R,1825938.0,1830366 4430
ESACC R,1825482.0,1830374 4894 985.4 422.5 849.5 -82.4 13.58 1917
SFIX R,1830376.0,
EFIX R,1830376.0,1830412 38 968.4 436.3 1216
SSACC R,1830414.0,
SBLINK R,1830424.0,
EBLINK R,1830424.0,1830424 2
ESACC R,1830414.0,1830498 86 971.9 438.9 974.7 437.9 0.08 50
SFIX R,1830500.0,
EFIX R,1830500.0,1830660 162 975.7 431.3 1254
SSACC R,1830662.0,
SBLINK R,1830672.0,
EBLINK R,1830672.0,1830746 76
ESACC R,1830662.0,1830942 282 975.7 433.5 976.4 402.9 0.83 1268
SFIX R,1830944.0,
EFIX R,1830944.0,1831032 90 978.1 413.9 1304
SSACC R,1831034.0,
ESACC R,1831034.0,1831078 46 981.5 396.8 980.8 410.6 0.37 875
SFIX R,1831080.0,
EFIX R,1831080.0,1831930 852 984.8 420.9 1336
SSACC R,1831932.0,
ESACC R,1831932.0,1831978 48 993.0 411.4 992.8 411.1 0.01 141
SFIX R,1831980.0,
EFIX R,1831980.0,1832000 22 992.3 411.2 1311
SSACC R,1832002.0,
ESACC R,1832002.0,1832354 354 996.1 409.5 992.4 484.4 2.03 287
SFIX R,1832356.0,
EFIX R,1832356.0,1832510 156 989.1 488.1 1222
SSACC R,1832512.0,
SBLINK R,1832566.0,
EBLINK R,1832566.0,1833270 706
ESACC R,1832512.0,1833278 768 989.0 490.8 813.5 -103.7 16.07 2177
SFIX R,1833280.0,
EFIX R,1833280.0,1833404 126 976.8 419.9 1237
SSACC R,1833406.0,
ESACC R,1833406.0,1833432 28 981.5 414.0 971.5 499.8 2.34 292
SFIX R,1833434.0,
EFIX R,1833434.0,1833710 278 974.9 503.8 1141
SSACC R,1833712.0,
SBLINK R,1833764.0,
EBLINK R,1833764.0,1835542 1780
ESACC R,1833712.0,1835766 2056 973.7 504.5 977.6 419.7 2.30 2077
SFIX R,1835768.0,
EFIX R,1835768.0,1835794 28 976.0 410.0 1303
SSACC R,1835796.0,
SBLINK R,1835894.0,
EBLINK R,1835894.0,1836402 510
ESACC R,1835796.0,1836410 616 977.8 410.0 787.5 3.7 11.79 1026
SFIX R,1836412.0,
EFIX R,1836412.0,1836512 102 963.8 409.7 1253
SSACC R,1836514.0,
ESACC R,1836514.0,1836530 18 970.2 405.1 957.6 482.7 2.13 270
SFIX R,1836532.0,
EFIX R,1836532.0,1836672 142 958.0 489.7 1195
SSACC R,1836674.0,
SBLINK R,1836718.0,
EBLINK R,1836718.0,1837436 720
ESACC R,1836674.0,1837812 1140 959.5 491.2 996.0 421.8 2.12 1877
SFIX R,1837814.0,
EFIX R,1837814.0,1837926 114 999.9 418.8 1325
SSACC R,1837928.0,
ESACC R,1837928.0,1837968 42 1000.2 414.8 989.1 493.8 2.16 232
SFIX R,1837970.0,
EFIX R,1837970.0,1838186 218 986.9 490.8 1220
SSACC R,1838188.0,
ESACC R,1838188.0,1838202 16 982.1 487.4 945.4 491.1 1.00 94
SFIX R,1838204.0,
EFIX R,1838204.0,1838366 164 948.7 496.4 1227
SSACC R,1838368.0,
ESACC R,1838368.0,1838382 16 948.8 497.8 979.7 488.7 0.87 81
SFIX R,1838384.0,
EFIX R,1838384.0,1838642 260 969.0 490.0 1241
SSACC R,1838644.0,
SBLINK R,1838674.0,
EBLINK R,1838674.0,1840228 1556
ESACC R,1838644.0,1840280 1638 966.2 491.2 970.2 424.7 1.80 2159
SFIX R,1840282.0,
EFIX R,1840282.0,1840320 40 971.8 425.0 1296
SSACC R,1840322.0,
SBLINK R,1840356.0,
EBLINK R,1840356.0,1840834 480
ESACC R,1840322.0,1840860 540 969.7 437.1 963.1 446.4 0.31 1739
SFIX R,1840862.0,
EFIX R,1840862.0,1840982 122 968.0 432.5 1273
SSACC R,1840984.0,
ESACC R,1840984.0,1841076 94 972.3 428.2 963.2 518.8 2.46 305
SFIX R,1841078.0,
EFIX R,1841078.0,1841400 324 959.0 528.6 1175
SSACC R,1841402.0,
ESACC R,1841402.0,1841462 62 955.5 530.6 967.8 443.6 2.38 280
SFIX R,1841464.0,
EFIX R,1841464.0,1841484 22 971.2 442.1 1277
SSACC R,1841486.0,
ESACC R,1841486.0,1841506 22 969.8 447.4 971.2 441.4 0.17 162
SFIX R,1841508.0,
EFIX R,1841508.0,1841780 274 975.8 442.0 1294
SSACC R,1841782.0,
ESACC R,1841782.0,1841798 18 985.2 438.3 998.9 427.7 0.47 65
SFIX R,1841800.0,
EFIX R,1841800.0,1841914 116 999.3 427.6 1321
SSACC R,1841916.0,
ESACC R,1841916.0,1841998 84 996.3 437.0 998.5 432.5 0.14 1965
SFIX R,1842000.0,
EFIX R,1842000.0,1842048 50 998.5 427.0 1351
SSACC R,1842050.0,
SBLINK R,1842082.0,
EBLINK R,1842082.0,1842378 298
ESACC R,1842050.0,1842478 430 998.7 435.6 995.3 434.0 0.10 2085
SFIX R,1842480.0,
EFIX R,1842480.0,1842538 60 995.7 430.2 1392
SSACC R,1842540.0,
ESACC R,1842540.0,1842556 18 996.3 424.1 995.5 425.2 0.04 59
SFIX R,1842558.0,
EFIX R,1842558.0,1842586 30 996.4 424.2 1405
SSACC R,1842588.0,
SBLINK R,1842680.0,
EBLINK R,1842680.0,1842694 16
ESACC R,1842588.0,1842868 282 993.7 430.9 982.4 422.1 0.39 1922
SFIX R,1842870.0,
EFIX R,1842870.0,1842898 30 980.4 424.1 1348
SSACC R,1842900.0,
ESACC R,1842900.0,1842914 16 980.2 415.0 953.1 415.1 0.73 76
SFIX R,1842916.0,
EFIX R,1842916.0,1843144 230 963.2 412.4 1336
SSACC R,1843146.0,
ESACC R,1843146.0,1843262 118 965.8 415.3 973.1 492.7 2.10 297
SFIX R,1843264.0,
EFIX R,1843264.0,1843286 24 972.5 494.8 1220
SSACC R,1843288.0,
ESACC R,1843288.0,1843308 22 973.2 492.7 971.3 492.5 0.05 134
SFIX R,1843310.0,
EFIX R,1843310.0,1843364 56 972.1 491.0 1217
SSACC R,1843366.0,
ESACC R,1843366.0,1843418 54 972.5 489.7 980.4 407.3 2.24 287
SFIX R,1843420.0,
EFIX R,1843420.0,1843606 188 979.0 402.0 1298
SSACC R,1843608.0,
SBLINK R,1843630.0,
EBLINK R,1843630.0,1845952 2324
ESACC R,1843608.0,1846010 2404 972.8 412.1 978.3 1047.2 16.71 1801
SFIX R,1846012.0,
EFIX R,1846012.0,1846070 60 977.6 1050.9 1195
SSACC R,1846072.0,
ESACC R,1846072.0,1846102 32 977.2 1052.8 1083.8 1142.8 3.60 213
SFIX R,1846104.0,
EFIX R,1846104.0,1846250 148 1072.3 1137.2 1161
SSACC R,1846252.0,
SBLINK R,1846268.0,
EBLINK R,1846268.0,1846698 432
ESACC R,1846252.0,1846950 700 1070.9 1134.8 1048.8 1108.3 0.88 1716
SFIX R,1846952.0,
EFIX R,1846952.0,1847064 114 1055.0 1109.0 1370
SSACC R,1847066.0,
ESACC R,1847066.0,1847088 24 1054.5 1109.3 1079.0 1171.9 1.69 134
SFIX R,1847090.0,
EFIX R,1847090.0,1847486 398 1074.5 1176.3 1298
SSACC R,1847488.0,
ESACC R,1847488.0,1847510 24 1073.4 1177.0 1132.6 1134.3 1.87 115
SFIX R,1847512.0,
EFIX R,1847512.0,1848272 762 1143.2 1140.3 1407
SSACC R,1848274.0,
ESACC R,1848274.0,1848290 18 1148.3 1139.4 1108.3 1161.6 1.18 100
SFIX R,1848292.0,
EFIX R,1848292.0,1848544 254 1109.6 1159.5 1481
SSACC R,1848546.0,
SBLINK R,1848556.0,
EBLINK R,1848556.0,1849206 652
ESACC R,1848546.0,1849584 1040 904.2 35.7 1001.8 422.1 10.50 1802
SFIX R,1849586.0,
EFIX R,1849586.0,1849828 244 1003.3 418.7 1408
SSACC R,1849830.0,
ESACC R,1849830.0,1849904 76 1001.0 415.0 996.8 422.3 0.23 248
SFIX R,1849906.0,
EFIX R,1849906.0,1849926 22 994.9 424.0 1375
SSACC R,1849928.0,
SBLINK R,1850000.0,
EBLINK R,1850000.0,1856618 6620
ESACC R,1849928.0,1856764 6838 992.6 429.5 995.8 419.9 0.27 1743
SFIX R,1856766.0,
EFIX R,1856766.0,1856910 146 999.5 422.2 1488
SSACC R,1856912.0,
ESACC R,1856912.0,1856980 70 997.5 419.8 926.1 1125.8 18.51 798
SFIX R,1856982.0,
EFIX R,1856982.0,1857496 516 926.1 1165.1 1375
SSACC R,1857498.0,
SBLINK R,1857508.0,
EBLINK R,1857508.0,1858638 1132
ESACC R,1857498.0,1859146 1650 923.1 58.5 995.5 397.6 9.15 1959
SFIX R,1859148.0,
EFIX R,1859148.0,1859176 30 994.6 397.5 1427
SSACC R,1859178.0,
ESACC R,1859178.0,1859682 506 995.2 396.5 828.7 -122.3 14.09 1424
SFIX R,1859684.0,
EFIX R,1859684.0,1859736 54 831.3 -124.4 2353
SSACC R,1859738.0,
ESACC R,1859738.0,1860512 776 828.1 -139.0 1028.3 396.2 14.74 1903
SFIX R,1860514.0,
EFIX R,1860514.0,1860538 26 1028.6 399.9 1513
SSACC R,1860540.0,
ESACC R,1860540.0,1860568 30 1026.8 397.5 1025.8 399.1 0.05 983
SFIX R,1860570.0,
EFIX R,1860570.0,1860620 52 1026.1 403.4 1523
SSACC R,1860622.0,
ESACC R,1860622.0,1860724 104 1025.1 403.2 1025.2 407.3 0.11 840
SFIX R,1860726.0,
EFIX R,1860726.0,1860780 56 1027.6 409.1 1531
SSACC R,1860782.0,
ESACC R,1860782.0,1860804 24 1026.9 412.6 1030.1 409.5 0.12 816
SFIX R,1860806.0,
EFIX R,1860806.0,1861216 412 1028.5 414.6 1563
SSACC R,1861218.0,
ESACC R,1861218.0,1861324 108 1029.9 410.9 1016.9 491.1 2.20 265
SFIX R,1861326.0,
EFIX R,1861326.0,1862600 1276 1012.1 488.2 1484
SSACC R,1862602.0,
SBLINK R,1862638.0,
EBLINK R,1862638.0,1863182 546
ESACC R,1862602.0,1863238 638 1025.6 483.7 1023.1 424.2 1.61 1870
SFIX R,1863240.0,
EFIX R,1863240.0,1863268 30 1029.2 425.8 1574
SSACC R,1863270.0,
ESACC R,1863270.0,1863286 18 1031.4 420.4 1022.3 500.8 2.19 268
SFIX R,1863288.0,
EFIX R,1863288.0,1863830 544 1015.8 502.1 1388
SSACC R,1863832.0,
SBLINK R,1863856.0,
EBLINK R,1863856.0,1864074 220
ESACC R,1863832.0,1864158 328 1015.1 502.2 1012.3 406.8 2.58 1619
SFIX R,1864160.0,
EFIX R,1864160.0,1864208 50 1012.7 411.5 1573
SSACC R,1864210.0,
ESACC R,1864210.0,1864242 34 1020.3 421.7 1017.7 502.1 2.18 228
SFIX R,1864244.0,
EFIX R,1864244.0,1865918 1676 1014.4 503.6 1456
SSACC R,1865920.0,
ESACC R,1865920.0,1865962 44 1024.2 518.6 1029.8 797.9 7.52 308
SFIX R,1865964.0,
EFIX R,1865964.0,1866470 508 1027.7 792.4 1464
SSACC R,1866472.0,
SBLINK R,1866550.0,
EBLINK R,1866550.0,1866834 286
ESACC R,1866472.0,1866918 448 1020.4 792.5 1016.6 475.2 8.54 1052
SFIX R,1866920.0,
EFIX R,1866920.0,1867064 146 1014.2 476.8 1324
SSACC R,1867066.0,
ESACC R,1867066.0,1867084 20 1012.6 478.9 1007.6 533.2 1.48 121
SFIX R,1867086.0,
EFIX R,1867086.0,1867546 462 997.4 534.4 1336
SSACC R,1867548.0,
SBLINK R,1867566.0,
EBLINK R,1867566.0,1868046 482
ESACC R,1867548.0,1868070 524 985.3 538.5 1039.7 1173.4 16.53 561
SFIX R,1868072.0,
EFIX R,1868072.0,1868386 316 1045.5 1182.7 1328
SSACC R,1868388.0,
SBLINK R,1868402.0,
EBLINK R,1868402.0,1868824 424
ESACC R,1868388.0,1868878 492 1051.2 1183.1 1011.0 455.8 18.87 1082
SFIX R,1868880.0,
EFIX R,1868880.0,1868902 24 1011.0 456.4 1473
SSACC R,1868904.0,
ESACC R,1868904.0,1868920 18 1012.5 455.7 1011.8 517.7 1.68 214
SFIX R,1868922.0,
EFIX R,1868922.0,1869832 912 1003.6 516.8 1325
SSACC R,1869834.0,
SBLINK R,1869854.0,
EBLINK R,1869854.0,1870248 396
ESACC R,1869834.0,1870374 542 993.4 499.8 976.4 494.5 0.48 1879
SFIX R,1870376.0,
EFIX R,1870376.0,1870594 220 976.5 494.6 1331
SSACC R,1870596.0,
SBLINK R,1870632.0,
EBLINK R,1870632.0,1871108 478
ESACC R,1870596.0,1871154 560 977.0 500.4 993.3 458.2 1.23 1201
SFIX R,1871156.0,
EFIX R,1871156.0,1871238 84 998.0 444.3 1397
SSACC R,1871240.0,
ESACC R,1871240.0,1871286 48 1003.1 434.8 997.1 512.3 2.10 282
SFIX R,1871288.0,
EFIX R,1871288.0,1873234 1948 995.6 509.0 1292
SSACC R,1873236.0,
SBLINK R,1873274.0,
EBLINK R,1873274.0,1874290 1018
ESACC R,1873236.0,1874386 1152 989.0 494.9 984.7 450.3 1.21 2090
SFIX R,1874388.0,
EFIX R,1874388.0,1874534 148 988.0 438.9 1363
SSACC R,1874536.0,
ESACC R,1874536.0,1874590 56 992.2 428.4 983.4 515.0 2.36 153
SFIX R,1874592.0,
EFIX R,1874592.0,1874688 98 982.7 516.9 1227
SSACC R,1874690.0,
ESACC R,1874690.0,1874706 18 982.7 518.5 996.5 433.5 2.33 300
SFIX R,1874708.0,
EFIX R,1874708.0,1874786 80 994.0 430.2 1318
SSACC R,1874788.0,
ESACC R,1874788.0,1874804 18 995.1 430.2 986.0 517.8 2.38 301
SFIX R,1874806.0,
EFIX R,1874806.0,1875802 998 987.6 509.7 1258
SSACC R,1875804.0,
SBLINK R,1875834.0,
EBLINK R,1875834.0,1876150 318
ESACC R,1875804.0,1876206 404 998.1 510.4 998.8 441.7 1.86 1152
SFIX R,1876208.0,
EFIX R,1876208.0,1876254 48 1003.6 434.9 1400
SSACC R,1876256.0,
ESACC R,1876256.0,1876274 20 1004.2 437.9 995.3 515.8 2.12 273
SFIX R,1876276.0,
EFIX R,1876276.0,1879548 3274 990.5 519.4 1281
SSACC R,1879550.0,
SBLINK R,1879574.0,
EBLINK R,1879574.0,1879976 404
ESACC R,1879550.0,1880102 554 992.6 533.1 982.7 485.0 1.33 1516
SFIX R,1880104.0,
EFIX R,1880104.0,1880192 90 985.1 487.2 1421
SSACC R,1880194.0,
ESACC R,1880194.0,1880218 26 985.7 490.3 981.0 562.5 1.96 247
SFIX R,1880220.0,
EFIX R,1880220.0,1883280 3062 1001.8 550.2 1314
SSACC R,1883282.0,
SBLINK R,1883306.0,
EBLINK R,1883306.0,1883708 404
ESACC R,1883282.0,1883790 510 1015.0 548.3 996.6 520.8 0.90 1884
SFIX R,1883792.0,
EFIX R,1883792.0,1883866 76 996.9 518.5 1452
SSACC R,1883868.0,
ESACC R,1883868.0,1883896 30 999.7 513.8 991.1 594.7 2.20 266
SFIX R,1883898.0,
EFIX R,1883898.0,1925358 41462 1091.6 439.1 1346
SSACC R,1925360.0,
SBLINK R,1925418.0,
EBLINK R,1925418.0,1925558 142
ESACC R,1925360.0,1925658 300 1234.3 268.1 1047.7 987.7 19.48 640
SFIX R,1925660.0,
EFIX R,1925660.0,1965208 39550 1224.6 528.8 1375
SSACC R,1965210.0,
SBLINK R,1965248.0,
EBLINK R,1965248.0,1965322 76
ESACC R,1965210.0,1965358 150 1372.5 134.2 1062.1 466.5 11.99 1154
SFIX R,1965360.0,
EFIX R,1965360.0,1965412 54 1061.9 467.5 1508
SSACC R,1965414.0,
ESACC R,1965414.0,1965430 18 1064.5 460.9 1067.8 512.0 1.39 167
SFIX R,1965432.0,
EFIX R,1965432.0,1970426 4996 1065.0 470.2 1307
SSACC R,1970428.0,
SBLINK R,1970460.0,
EBLINK R,1970460.0,1970662 204
ESACC R,1970428.0,1970766 340 1054.6 426.1 871.3 568.8 6.29 1581
SFIX R,1970768.0,
EFIX R,1970768.0,1973084 2318 891.3 528.0 1225
SSACC R,1973086.0,
SBLINK R,1973104.0,
EBLINK R,1973104.0,1973814 712
ESACC R,1973086.0,1973886 802 921.5 469.1 1112.5 875.1 12.01 425
SFIX R,1973888.0,
EFIX R,1973888.0,1973980 94 1109.7 876.6 1242
SSACC R,1973982.0,
ESACC R,1973982.0,1974072 92 1108.0 876.0 1027.1 540.6 9.23 594
SFIX R,1974074.0,
EFIX R,1974074.0,1974196 124 1024.1 536.6 1211
SSACC R,1974198.0,
ESACC R,1974198.0,1974214 18 1019.0 534.3 995.5 498.2 1.17 86
SFIX R,1974216.0,
EFIX R,1974216.0,1974670 456 989.7 502.2 1182
SSACC R,1974672.0,
SBLINK R,1974692.0,
EBLINK R,1974692.0,1975138 448
ESACC R,1974672.0,1975158 488 991.5 497.7 943.8 329.4 4.72 855
SFIX R,1975160.0,
EFIX R,1975160.0,1975186 28 943.0 329.5 1277
SSACC R,1975188.0,
ESACC R,1975188.0,1975204 18 945.5 327.5 940.2 407.4 2.16 286
SFIX R,1975206.0,
EFIX R,1975206.0,1975954 750 940.5 399.2 1175
SSACC R,1975956.0,
SBLINK R,1975980.0,
EBLINK R,1975980.0,1976594 616
ESACC R,1975956.0,1976602 648 944.0 382.4 866.5 -211.7 15.23 278
SFIX R,1976604.0,
EFIX R,1976604.0,1976874 272 985.6 407.8 1184
SSACC R,1976876.0,
SBLINK R,1976886.0,
EBLINK R,1976886.0,1979386 2502
ESACC R,1976876.0,1979434 2560 866.6 -119.1 969.0 408.1 13.87 1576
SFIX R,1979436.0,
EFIX R,1979436.0,1979506 72 973.1 400.6 1238
SSACC R,1979508.0,
ESACC R,1979508.0,1979526 20 977.5 393.6 962.7 484.6 2.50 325
SFIX R,1979528.0,
EFIX R,1979528.0,1979750 224 958.5 483.8 1185
SSACC R,1979752.0,
SBLINK R,1979788.0,
EBLINK R,1979788.0,1980438 652
ESACC R,1979752.0,1980700 950 958.7 480.7 960.8 400.1 2.18 1693
SFIX R,1980702.0,
EFIX R,1980702.0,1980802 102 961.9 386.4 1362
SSACC R,1980804.0,
ESACC R,1980804.0,1980828 26 961.7 389.4 965.0 386.3 0.12 147
SFIX R,1980830.0,
EFIX R,1980830.0,1980922 94 963.4 387.3 1313
SSACC R,1980924.0,
ESACC R,1980924.0,1980978 56 965.2 382.1 967.7 367.0 0.41 259
SFIX R,1980980.0,
EFIX R,1980980.0,1981016 38 969.6 367.1 1270
SSACC R,1981018.0,
ESACC R,1981018.0,1981046 30 968.3 369.5 958.0 460.5 2.48 244
SFIX R,1981048.0,
EFIX R,1981048.0,1981478 432 962.5 463.1 1146
SSACC R,1981480.0,
SBLINK R,1981508.0,
EBLINK R,1981508.0,1986252 4746
ESACC R,1981480.0,1986426 4948 960.9 468.6 989.1 396.3 2.10 1653
SFIX R,1986428.0,
EFIX R,1986428.0,1986454 28 991.4 399.8 1438
SSACC R,1986456.0,
ESACC R,1986456.0,1986474 20 993.6 394.0 992.4 402.5 0.23 96
SFIX R,1986476.0,
EFIX R,1986476.0,1986504 30 991.0 402.7 1439
SSACC R,1986506.0,
ESACC R,1986506.0,1986538 34 992.5 400.5 989.1 397.7 0.12 897
SFIX R,1986540.0,
EFIX R,1986540.0,1986572 34 988.4 409.6 1432
SSACC R,1986574.0,
ESACC R,1986574.0,1986722 150 986.5 412.4 987.4 496.2 2.27 1380
SFIX R,1986724.0,
EFIX R,1986724.0,1986792 70 984.8 498.3 1280
SSACC R,1986794.0,
SBLINK R,1986840.0,
EBLINK R,1986840.0,1989604 2766
ESACC R,1986794.0,1989656 2864 982.6 500.0 976.2 433.5 1.81 1913
SFIX R,1989658.0,
EFIX R,1989658.0,1989724 68 981.5 421.0 1383
SSACC R,1989726.0,
ESACC R,1989726.0,1989742 18 982.7 426.4 971.3 504.6 2.14 315
SFIX R,1989744.0,
EFIX R,1989744.0,1989802 60 971.6 506.6 1283
SSACC R,1989804.0,
ESACC R,1989804.0,1989816 14 972.8 505.4 980.2 481.3 0.68 59
SFIX R,1989818.0,
EFIX R,1989818.0,1990220 404 971.3 471.3 1287
SSACC R,1990222.0,
ESACC R,1990222.0,1990264 44 968.1 455.8 952.8 275.4 4.87 182
SFIX R,1990266.0,
EFIX R,1990266.0,1990568 304 957.2 290.5 1291
SSACC R,1990570.0,
ESACC R,1990570.0,1990634 66 963.0 294.7 1140.9 -325.6 16.07 386
SFIX R,1990636.0,
EFIX R,1990636.0,1991038 404 1134.3 -295.1 1222
SSACC R,1991040.0,
SBLINK R,1991078.0,
EBLINK R,1991078.0,1997508 6432
ESACC R,1991040.0,1997516 6478 1139.7 -268.8 877.3 -91.4 7.97 1727
SFIX R,1997518.0,
EFIX R,1997518.0,1997540 24 984.2 407.6 1217
SSACC R,1997542.0,
ESACC R,1997542.0,1997558 18 989.2 400.6 977.0 501.7 2.76 333
SFIX R,1997560.0,
EFIX R,1997560.0,1997856 298 970.9 497.5 1124
SSACC R,1997858.0,
ESACC R,1997858.0,1997884 28 967.9 485.7 971.9 401.0 2.29 286
SFIX R,1997886.0,
EFIX R,1997886.0,1998018 134 969.9 403.2 1278
SSACC R,1998020.0,
SBLINK R,1998036.0,
EBLINK R,1998036.0,1998540 506
ESACC R,1998020.0,1998576 558 968.8 409.0 982.0 478.8 1.92 1090
SFIX R,1998578.0,
EFIX R,1998578.0,1998612 36 979.5 478.8 1258
SSACC R,1998614.0,
ESACC R,1998614.0,1998676 64 977.0 478.4 985.8 383.3 2.58 309
SFIX R,1998678.0,
EFIX R,1998678.0,1998758 82 985.1 390.1 1401
SSACC R,1998760.0,
ESACC R,1998760.0,1998836 78 987.8 389.2 971.4 484.6 2.62 311
SFIX R,1998838.0,
EFIX R,1998838.0,1998870 34 971.9 484.6 1286
SSACC R,1998872.0,
ESACC R,1998872.0,1998884 14 974.5 486.9 1001.3 487.0 0.73 66
SFIX R,1998886.0,
EFIX R,1998886.0,1999136 252 990.1 488.0 1258
SSACC R,1999138.0,
SBLINK R,1999186.0,
EBLINK R,1999186.0,2000762 1578
ESACC R,1999138.0,2000922 1786 988.5 492.6 994.1 412.4 2.18 1929
SFIX R,2000924.0,
EFIX R,2000924.0,2000988 66 994.6 412.7 1326
SSACC R,2000990.0,
SBLINK R,2001000.0,
EBLINK R,2001000.0,2001000 2
ESACC R,2000990.0,2001016 28 989.7 412.2 993.5 410.7 0.11 1649
SFIX R,2001018.0,
EFIX R,2001018.0,2001048 32 993.5 414.3 1316
SSACC R,2001050.0,
ESACC R,2001050.0,2001066 18 995.9 414.6 1025.7 420.0 0.82 93
SFIX R,2001068.0,
EFIX R,2001068.0,2001114 48 1024.1 419.8 1311
SSACC R,2001116.0,
SBLINK R,2001126.0,
EBLINK R,2001126.0,2001420 296
ESACC R,2001116.0,2001452 338 1026.9 422.2 997.1 409.0 0.88 1917
SFIX R,2001454.0,
EFIX R,2001454.0,2001486 34 996.3 397.7 1363
SSACC R,2001488.0,
ESACC R,2001488.0,2001622 136 998.2 388.2 1008.8 389.3 0.29 1059
SFIX R,2001624.0,
EFIX R,2001624.0,2001744 122 1007.9 399.6 1404
SSACC R,2001746.0,
ESACC R,2001746.0,2001782 38 1004.6 441.7 1002.0 479.9 1.04 285
SFIX R,2001784.0,
EFIX R,2001784.0,2001850 68 1000.3 481.0 1297
SSACC R,2001852.0,
ESACC R,2001852.0,2001902 52 1000.7 481.6 1009.6 408.8 1.98 268
SFIX R,2001904.0,
EFIX R,2001904.0,2001924 22 1007.5 404.0 1416
SSACC R,2001926.0,
SBLINK R,2001958.0,
EBLINK R,2001958.0,2004734 2778
ESACC R,2001926.0,2005002 3078 1004.0 406.9 999.1 437.6 0.84 1980
SFIX R,2005004.0,
EFIX R,2005004.0,2005030 28 999.1 437.1 1469
SSACC R,2005032.0,
ESACC R,2005032.0,2005054 24 1001.3 427.2 998.7 445.1 0.49 514
SFIX R,2005056.0,
EFIX R,2005056.0,2005110 56 1000.4 438.4 1459
SSACC R,2005112.0,
SBLINK R,2005156.0,
EBLINK R,2005156.0,2005614 460
ESACC R,2005112.0,2005788 678 1000.1 444.0 827.0 -120.3 15.28 1819
SFIX R,2005790.0,
EFIX R,2005790.0,2005826 38 828.9 -97.2 2294
SSACC R,2005828.0,
ESACC R,2005828.0,2006180 354 817.6 -100.2 994.6 420.8 14.27 1855
SFIX R,2006182.0,
EFIX R,2006182.0,2006286 106 993.3 423.9 1499
SSACC R,2006288.0,
ESACC R,2006288.0,2006304 18 1002.4 421.3 1030.2 419.9 0.75 86
SFIX R,2006306.0,
EFIX R,2006306.0,2006484 180 1020.7 414.8 1508
SSACC R,2006486.0,
SBLINK R,2006962.0,
EBLINK R,2006962.0,2010036 3076
ESACC R,2006486.0,2010990 4506 1018.4 416.9 993.8 520.6 2.88 1872
SFIX R,2010992.0,
EFIX R,2010992.0,2011104 114 992.4 515.3 1562
SSACC R,2011106.0,
ESACC R,2011106.0,2011178 74 990.0 518.0 974.8 605.6 2.41 291
SFIX R,2011180.0,
EFIX R,2011180.0,2012138 960 961.0 608.0 1375
SSACC R,2012140.0,
ESACC R,2012140.0,2012174 36 968.1 596.5 988.3 496.7 2.76 129
SFIX R,2012176.0,
EFIX R,2012176.0,2012970 796 992.1 518.6 1400
SSACC R,2012972.0,
ESACC R,2012972.0,2013020 50 1002.1 532.5 970.0 855.5 8.70 287
SFIX R,2013022.0,
EFIX R,2013022.0,2013642 622 955.6 854.3 1364
SSACC R,2013644.0,
ESACC R,2013644.0,2013686 44 930.7 860.6 1006.1 1162.7 8.02 351
SFIX R,2013688.0,
EFIX R,2013688.0,2014172 486 997.4 1146.9 1289
SSACC R,2014174.0,
SBLINK R,2014216.0,
EBLINK R,2014216.0,2014534 320
ESACC R,2014174.0,2014694 522 997.2 1140.8 972.6 438.2 18.31 1322
SFIX R,2014696.0,
EFIX R,2014696.0,2014732 38 974.2 432.8 1452
SSACC R,2014734.0,
ESACC R,2014734.0,2014762 30 975.8 433.0 967.8 512.8 2.17 211
SFIX R,2014764.0,
EFIX R,2014764.0,2015106 344 965.7 517.8 1305
SSACC R,2015108.0,
SBLINK R,2015136.0,
EBLINK R,2015136.0,2015554 420
ESACC R,2015108.0,2015834 728 966.5 520.4 904.6 509.6 1.70 1254
SFIX R,2015836.0,
EFIX R,2015836.0,2016450 616 907.6 526.1 1209
SSACC R,2016452.0,
SBLINK R,2016488.0,
EBLINK R,2016488.0,2016942 456
ESACC R,2016452.0,2017082 632 910.4 520.6 1011.1 392.9 4.40 1658
SFIX R,2017084.0,
EFIX R,2017084.0,2017160 78 1010.6 396.3 1348
SSACC R,2017162.0,
ESACC R,2017162.0,2017194 34 1010.4 392.8 997.2 483.1 2.47 213
SFIX R,2017196.0,
EFIX R,2017196.0,2017762 568 995.4 491.7 1201
SSACC R,2017764.0,
SBLINK R,2017786.0,
EBLINK R,2017786.0,2018440 656
ESACC R,2017764.0,2018488 726 997.4 490.7 998.5 407.8 2.24 1695
SFIX R,2018490.0,
EFIX R,2018490.0,2018512 24 997.4 401.9 1361
SSACC R,2018514.0,
ESACC R,2018514.0,2018538 26 998.2 397.4 998.4 403.3 0.16 766
SFIX R,2018540.0,
EFIX R,2018540.0,2018798 260 996.9 402.8 1348
SSACC R,2018800.0,
ESACC R,2018800.0,2018840 42 994.0 409.2 982.0 491.9 2.26 316
SFIX R,2018842.0,
EFIX R,2018842.0,2020108 1268 989.4 494.7 1274
SSACC R,2020110.0,
SBLINK R,2020148.0,
EBLINK R,2020148.0,2020748 602
ESACC R,2020110.0,2020808 700 1000.4 506.0 1024.2 407.3 2.75 1519
SFIX R,2020810.0,
EFIX R,2020810.0,2020898 90 1026.8 412.1 1382
SSACC R,2020900.0,
ESACC R,2020900.0,2020964 66 1026.1 410.8 1017.5 496.5 2.33 298
SFIX R,2020966.0,
EFIX R,2020966.0,2027318 6354 1012.2 473.6 1418
SSACC R,2027320.0,
ESACC R,2027320.0,2027334 16 999.8 463.6 1014.6 488.0 0.77 80
SFIX R,2027336.0,
EFIX R,2027336.0,2031128 3794 1008.5 492.8 1543
SSACC R,2031130.0,
SBLINK R,2031148.0,
EBLINK R,2031148.0,2031556 410
ESACC R,2031130.0,2031638 510 1002.8 465.5 1066.8 481.9 1.79 1306
SFIX R,2031640.0,
EFIX R,2031640.0,2031690 52 1070.2 477.9 1618
SSACC R,2031692.0,
ESACC R,2031692.0,2031710 20 1074.4 475.3 1069.1 545.2 1.90 244
SFIX R,2031712.0,
EFIX R,2031712.0,2037570 5860 1067.2 511.3 1407
SSACC R,2037572.0,
ESACC R,2037572.0,2037594 24 1082.7 464.1 985.7 484.5 2.68 210
SFIX R,2037596.0,
EFIX R,2037596.0,2037796 202 963.8 482.5 1370
SSACC R,2037798.0,
ESACC R,2037798.0,2037818 22 955.8 482.4 1013.0 498.8 1.61 134
SFIX R,2037820.0,
EFIX R,2037820.0,2053302 15484 1027.2 429.8 1336
SSACC R,2053304.0,
SBLINK R,2053324.0,
EBLINK R,2053324.0,2054128 806
ESACC R,2053304.0,2054214 912 1042.9 388.3 1001.7 443.8 1.87 1534
SFIX R,2054216.0,
EFIX R,2054216.0,2054304 90 1001.3 438.2 1654
SSACC R,2054306.0,
ESACC R,2054306.0,2054324 20 1002.7 444.2 1001.1 493.6 1.34 136
SFIX R,2054326.0,
EFIX R,2054326.0,2054780 456 999.8 500.9 1425
SSACC R,2054782.0,
SBLINK R,2054802.0,
EBLINK R,2054802.0,2055210 410
ESACC R,2054782.0,2055278 498 997.4 497.0 965.8 380.7 3.26 1477
SFIX R,2055280.0,
EFIX R,2055280.0,2055346 68 970.9 370.0 1461
SSACC R,2055348.0,
ESACC R,2055348.0,2055374 28 971.1 370.7 965.5 438.1 1.83 151
SFIX R,2055376.0,
EFIX R,2055376.0,2055398 24 963.3 437.4 1387
SSACC R,2055400.0,
ESACC R,2055400.0,2055424 26 963.5 439.3 980.8 499.7 1.70 124
SFIX R,2055426.0,
EFIX R,2055426.0,2056878 1454 982.9 499.9 1333
SSACC R,2056880.0,
SBLINK R,2056920.0,
EBLINK R,2056920.0,2057648 730
ESACC R,2056880.0,2057700 822 979.1 490.6 950.7 409.9 2.32 1959
SFIX R,2057702.0,
EFIX R,2057702.0,2057732 32 953.0 403.2 1393
SSACC R,2057734.0,
ESACC R,2057734.0,2057738 6 960.6 399.8 968.2 405.1 0.25 57
SFIX R,2057740.0,
EFIX R,2057740.0,2057760 22 970.7 410.4 1420
SSACC R,2057762.0,
ESACC R,2057762.0,2057780 20 967.9 409.2 960.0 492.0 2.25 300
SFIX R,2057782.0,
EFIX R,2057782.0,2058008 228 962.1 495.0 1335
SSACC R,2058010.0,
SBLINK R,2058062.0,
EBLINK R,2058062.0,2058464 404
ESACC R,2058010.0,2058630 622 962.5 496.7 938.1 426.0 2.02 2231
SFIX R,2058632.0,
EFIX R,2058632.0,2058810 180 943.7 432.3 1393
SSACC R,2058812.0,
SBLINK R,2058854.0,
EBLINK R,2058854.0,2059466 614
ESACC R,2058812.0,2059484 674 939.8 442.8 940.4 427.9 0.40 1652
SFIX R,2059486.0,
EFIX R,2059486.0,2059562 78 950.3 411.1 1374
SSACC R,2059564.0,
ESACC R,2059564.0,2059580 18 953.1 403.3 946.6 473.1 1.90 201
SFIX R,2059582.0,
EFIX R,2059582.0,2061416 1836 942.3 500.9 1238
SSACC R,2061418.0,
ESACC R,2061418.0,2061486 70 941.5 502.7 943.4 1102.4 15.70 365
SFIX R,2061488.0,
EFIX R,2061488.0,2061774 288 938.0 1101.5 1249
SSACC R,2061776.0,
ESACC R,2061776.0,2061844 70 930.7 1109.6 942.8 594.5 13.47 558
SFIX R,2061846.0,
EFIX R,2061846.0,2062352 508 935.2 592.3 1211
SSACC R,2062354.0,
SBLINK R,2062386.0,
EBLINK R,2062386.0,2063202 818
ESACC R,2062354.0,2063364 1012 943.3 588.7 952.5 455.4 3.62 1937
SFIX R,2063366.0,
EFIX R,2063366.0,2063662 298 953.5 450.8 1303
SSACC R,2063664.0,
SBLINK R,2063702.0,
EBLINK R,2063702.0,2064248 548
ESACC R,2063664.0,2064270 608 955.0 444.5 951.1 470.1 0.70 1669
SFIX R,2064272.0,
EFIX R,2064272.0,2064402 132 954.9 459.0 1302
SSACC R,2064404.0,
ESACC R,2064404.0,2064426 24 959.5 454.5 950.4 516.7 1.70 162
SFIX R,2064428.0,
EFIX R,2064428.0,2065344 918 955.4 528.8 1225
SSACC R,2065346.0,
ESACC R,2065346.0,2065364 20 969.8 521.7 977.1 470.2 1.41 151
SFIX R,2065366.0,
EFIX R,2065366.0,2065404 40 974.6 463.3 1288
SSACC R,2065406.0,
SBLINK R,2065522.0,
EBLINK R,2065522.0,2065812 292
ESACC R,2065406.0,2066034 630 973.5 467.0 960.7 445.1 0.69 1699
SFIX R,2066036.0,
EFIX R,2066036.0,2066118 84 960.7 440.2 1280
SSACC R,2066120.0,
ESACC R,2066120.0,2066146 28 958.9 448.3 952.6 500.4 1.42 194
SFIX R,2066148.0,
EFIX R,2066148.0,2068694 2548 961.8 499.0 1224
SSACC R,2068696.0,
SBLINK R,2068748.0,
EBLINK R,2068748.0,2068872 126
ESACC R,2068696.0,2069130 436 979.4 491.2 995.2 437.5 1.52 1451
SFIX R,2069132.0,
EFIX R,2069132.0,2069232 102 997.1 442.2 1386
SSACC R,2069234.0,
ESACC R,2069234.0,2069262 30 1000.7 445.6 995.8 495.2 1.35 129
SFIX R,2069264.0,
EFIX R,2069264.0,2069284 22 995.3 495.5 1305
SSACC R,2069286.0,
ESACC R,2069286.0,2069326 42 994.1 496.0 999.0 457.5 1.05 114
SFIX R,2069328.0,
EFIX R,2069328.0,2069364 38 997.9 451.3 1398
SSACC R,2069366.0,
SBLINK R,2069390.0,
EBLINK R,2069390.0,2069756 368
ESACC R,2069366.0,2069974 610 997.4 452.1 942.8 476.7 1.62 2146
SFIX R,2069976.0,
EFIX R,2069976.0,2070066 92 946.8 473.9 1384
SSACC R,2070068.0,
ESACC R,2070068.0,2070198 132 949.8 472.5 948.6 538.7 1.79 228
SFIX R,2070200.0,
EFIX R,2070200.0,2070540 342 938.5 542.8 1259
SSACC R,2070542.0,
SBLINK R,2070588.0,
EBLINK R,2070588.0,2070918 332
ESACC R,2070542.0,2071354 814 925.0 543.0 975.8 425.5 3.47 1660
SFIX R,2071356.0,
EFIX R,2071356.0,2071520 166 973.8 420.2 1301
SSACC R,2071522.0,
ESACC R,2071522.0,2071556 36 973.2 424.8 961.6 489.8 1.79 228
SFIX R,2071558.0,
EFIX R,2071558.0,2094132 22576 978.3 465.4 1297
SSACC R,2094134.0,
ESACC R,2094134.0,2094172 40 1035.3 405.3 1010.7 539.4 3.69 167
SFIX R,2094174.0,
EFIX R,2094174.0,2094536 364 1008.1 529.0 1459
SSACC R,2094538.0,
ESACC R,2094538.0,2094546 10 999.3 532.0 996.6 517.4 0.40 47
SFIX R,2094548.0,
EFIX R,2094548.0,2096222 1676 986.5 518.0 1337
SSACC R,2096224.0,
SBLINK R,2096240.0,
EBLINK R,2096240.0,2096342 104
ESACC R,2096224.0,2096458 236 970.3 501.0 983.0 478.6 0.70 1478
SFIX R,2096460.0,
EFIX R,2096460.0,2096832 374 978.2 471.7 1275
SSACC R,2096834.0,
SBLINK R,2096852.0,
EBLINK R,2096852.0,2097180 330
ESACC R,2096834.0,2097244 412 974.3 470.0 965.7 527.3 1.57 1737
SFIX R,2097246.0,
EFIX R,2097246.0,2100092 2848 978.9 526.6 1253
SSACC R,2100094.0,
SBLINK R,2100124.0,
EBLINK R,2100124.0,2100524 402
ESACC R,2100094.0,2100598 506 983.2 528.7 1010.5 425.5 2.89 1590
SFIX R,2100600.0,
EFIX R,2100600.0,2100628 30 1013.1 421.0 1332
SSACC R,2100630.0,
ESACC R,2100630.0,2100646 18 1012.5 415.7 1011.2 465.2 1.34 172
SFIX R,2100648.0,
EFIX R,2100648.0,2113186 12540 1084.8 394.5 1284
SSACC R,2113188.0,
SBLINK R,2113234.0,
EBLINK R,2113234.0,2113770 538
ESACC R,2113188.0,2113834 648 1184.5 341.6 1035.2 474.4 5.38 1497
SFIX R,2113836.0,
EFIX R,2113836.0,2113878 44 1033.7 469.6 1495
SSACC R,2113880.0,
ESACC R,2113880.0,2113936 58 1033.5 463.2 995.4 482.5 1.16 186
SFIX R,2113938.0,
EFIX R,2113938.0,2114448 512 996.2 498.6 1368
SSACC R,2114450.0,
ESACC R,2114450.0,2114466 18 985.2 503.4 976.3 478.0 0.73 69
SFIX R,2114468.0,
EFIX R,2114468.0,2115522 1056 971.9 472.9 1347
SSACC R,2115524.0,
ESACC R,2115524.0,2115542 20 978.2 490.6 1015.6 484.0 1.03 98
SFIX R,2115544.0,
EFIX R,2115544.0,2115940 398 1004.4 489.7 1439
SSACC R,2115942.0,
ESACC R,2115942.0,2115958 18 1000.2 501.5 959.6 496.8 1.11 96
SFIX R,2115960.0,
EFIX R,2115960.0,2116120 162 962.7 498.8 1396
SSACC R,2116122.0,
ESACC R,2116122.0,2116136 16 964.3 498.9 1000.7 500.7 0.99 90
SFIX R,2116138.0,
EFIX R,2116138.0,2116960 824 983.8 497.2 1387
SSACC R,2116962.0,
ESACC R,2116962.0,2116980 20 984.1 497.7 1001.2 486.0 0.56 68
SFIX R,2116982.0,
EFIX R,2116982.0,2117376 396 985.4 489.0 1352
SSACC R,2117378.0,
ESACC R,2117378.0,2117396 20 977.1 496.2 933.6 484.1 1.22 108
SFIX R,2117398.0,
EFIX R,2117398.0,2117890 494 955.0 495.9 1363
SSACC R,2117892.0,
SBLINK R,2117918.0,
EBLINK R,2117918.0,2117960 44
ESACC R,2117892.0,2118040 150 959.3 498.7 958.1 491.1 0.21 1466
SFIX R,2118042.0,
EFIX R,2118042.0,2118102 62 955.9 490.6 1355
SSACC R,2118104.0,
ESACC R,2118104.0,2118120 18 956.5 487.9 992.3 492.9 0.98 88
SFIX R,2118122.0,
EFIX R,2118122.0,2118346 226 980.9 492.2 1341
SSACC R,2118348.0,
SBLINK R,2118386.0,
EBLINK R,2118386.0,2118496 112
ESACC R,2118348.0,2118614 268 983.1 492.7 970.4 508.0 0.54 1827
SFIX R,2118616.0,
EFIX R,2118616.0,2119110 496 964.6 514.5 1302
SSACC R,2119112.0,
SBLINK R,2119146.0,
EBLINK R,2119146.0,2120422 1278
ESACC R,2119112.0,2120990 1880 964.6 514.0 943.9 487.9 0.90 1707
SFIX R,2120992.0,
EFIX R,2120992.0,2121066 76 944.9 489.5 1259
SSACC R,2121068.0,
ESACC R,2121068.0,2121080 14 946.4 489.5 972.6 495.7 0.73 70
SFIX R,2121082.0,
EFIX R,2121082.0,2121194 114 966.0 495.3 1266
SSACC R,2121196.0,
ESACC R,2121196.0,2121226 32 966.3 496.5 974.9 401.9 2.57 250
SFIX R,2121228.0,
EFIX R,2121228.0,2121250 24 973.1 419.6 1340
SSACC R,2121252.0,
SBLINK R,2121292.0,
EBLINK R,2121292.0,2124596 3306
ESACC R,2121252.0,2125228 3978 974.1 418.6 991.7 422.2 0.49 1698
SFIX R,2125230.0,
EFIX R,2125230.0,2125256 28 992.3 412.1 1285
SSACC R,2125258.0,
ESACC R,2125258.0,2125276 20 993.0 414.7 991.4 415.4 0.05 81
SFIX R,2125278.0,
EFIX R,2125278.0,2125406 130 996.0 412.8 1289
SSACC R,2125408.0,
ESACC R,2125408.0,2125458 52 1000.2 409.6 991.9 493.4 2.28 141
SFIX R,2125460.0,
EFIX R,2125460.0,2126072 614 1002.2 500.0 1252
SSACC R,2126074.0,
SBLINK R,2126122.0,
EBLINK R,2126122.0,2127326 1206
ESACC R,2126074.0,2127400 1328 1007.5 500.7 984.3 549.4 1.46 1804
SFIX R,2127402.0,
EFIX R,2127402.0,2127488 88 980.2 553.2 1279
SSACC R,2127490.0,
ESACC R,2127490.0,2127512 24 974.7 556.0 986.4 494.5 1.70 133
SFIX R,2127514.0,
EFIX R,2127514.0,2127924 412 972.7 505.3 1201
SSACC R,2127926.0,
ESACC R,2127926.0,2127940 16 967.7 491.2 976.4 467.5 0.68 58
SFIX R,2127942.0,
EFIX R,2127942.0,2128176 236 976.1 468.7 1303
SSACC R,2128178.0,
ESACC R,2128178.0,2128224 48 975.2 470.4 972.8 472.2 0.08 231
SFIX R,2128226.0,
EFIX R,2128226.0,2128266 42 972.7 476.0 1338
SSACC R,2128268.0,
ESACC R,2128268.0,2128284 18 973.8 477.0 978.4 415.8 1.66 204
SFIX R,2128286.0,
EFIX R,2128286.0,2128410 126 975.9 419.8 1446
SSACC R,2128412.0,
ESACC R,2128412.0,2128464 54 976.2 422.8 968.6 487.0 1.75 170
SFIX R,2128466.0,
EFIX R,2128466.0,2128510 46 966.2 489.1 1345
SSACC R,2128512.0,
SBLINK R,2128590.0,
EBLINK R,2128590.0,2129438 850
ESACC R,2128512.0,2129684 1174 967.7 491.7 996.5 418.8 2.12 1537
SFIX R,2129686.0,
EFIX R,2129686.0,2129718 34 996.2 421.9 1406
SSACC R,2129720.0,
ESACC R,2129720.0,2129750 32 1000.1 424.1 989.4 494.3 1.92 236
SFIX R,2129752.0,
EFIX R,2129752.0,2130494 744 984.8 494.6 1322
SSACC R,2130496.0,
ESACC R,2130496.0,2130512 18 982.4 498.1 1023.8 484.5 1.18 104
SFIX R,2130514.0,
EFIX R,2130514.0,2130954 442 1012.1 487.8 1346
SSACC R,2130956.0,
ESACC R,2130956.0,2130974 20 1005.3 484.4 985.7 475.7 0.58 70
SFIX R,2130976.0,
EFIX R,2130976.0,2131878 904 983.5 474.2 1338
SSACC R,2131880.0,
ESACC R,2131880.0,2131900 22 979.9 479.3 1064.2 463.4 2.32 185
SFIX R,2131902.0,
EFIX R,2131902.0,2132456 556 1076.5 460.6 1339
SSACC R,2132458.0,
ESACC R,2132458.0,2132480 24 1074.6 475.0 995.2 485.5 2.17 177
SFIX R,2132482.0,
EFIX R,2132482.0,2133212 732 1011.7 490.7 1338
SSACC R,2133214.0,
SBLINK R,2133252.0,
EBLINK R,2133252.0,2133670 420
ESACC R,2133214.0,2133788 576 1009.3 494.1 987.6 516.8 0.85 1354
SFIX R,2133790.0,
EFIX R,2133790.0,2134076 288 990.7 513.5 1286
SSACC R,2134078.0,
ESACC R,2134078.0,2134090 14 992.0 515.7 989.2 494.9 0.57 54
SFIX R,2134092.0,
EFIX R,2134092.0,2134274 184 993.7 497.7 1276
SSACC R,2134276.0,
SBLINK R,2134314.0,
EBLINK R,2134314.0,2134578 266
ESACC R,2134276.0,2134738 464 996.9 503.0 992.4 434.6 1.86 1797
SFIX R,2134740.0,
EFIX R,2134740.0,2134864 126 997.4 437.1 1334
SSACC R,2134866.0,
ESACC R,2134866.0,2134900 36 1001.1 446.1 992.1 517.4 1.95 166
SFIX R,2134902.0,
EFIX R,2134902.0,2135158 258 996.1 524.3 1263
SSACC R,2135160.0,
ESACC R,2135160.0,2135176 18 1003.9 527.5 1047.1 514.4 1.22 96
SFIX R,2135178.0,
EFIX R,2135178.0,2135756 580 1039.1 513.7 1271
SSACC R,2135758.0,
SBLINK R,2135808.0,
EBLINK R,2135808.0,2136470 664
ESACC R,2135758.0,2136576 820 1038.7 509.7 1099.3 461.0 2.10 1347
SFIX R,2136578.0,
EFIX R,2136578.0,2136646 70 1098.2 464.9 1360
SSACC R,2136648.0,
SBLINK R,2136784.0,
EBLINK R,2136784.0,2137888 1106
ESACC R,2136648.0,2137916 1270 1102.1 458.1 1024.9 430.0 2.22 1752
SFIX R,2137918.0,
EFIX R,2137918.0,2138132 216 1027.0 426.2 1303
SSACC R,2138134.0,
ESACC R,2138134.0,2138188 56 1029.0 422.3 1029.9 427.2 0.13 286
SFIX R,2138190.0,
EFIX R,2138190.0,2138404 216 1032.7 423.0 1334
SSACC R,2138406.0,
SBLINK R,2138416.0,
EBLINK R,2138416.0,2154228 15814
ESACC R,2138406.0,2154500 16096 1003.0 347.2 844.5 -37.3 10.85 1844
SFIX R,2154502.0,
EFIX R,2154502.0,2154566 66 845.0 -35.6 1948
SSACC R,2154568.0,
SBLINK R,2154672.0,
EBLINK R,2154672.0,2155016 346
ESACC R,2154568.0,2156522 1956 839.5 -23.1 841.8 -92.4 1.74 1090
SFIX R,2156524.0,
EFIX R,2156524.0,2156556 34 845.5 -88.2 2271
SSACC R,2156558.0,
ESACC R,2156558.0,2157920 1364 842.5 -87.2 985.9 421.8 13.72 1798
SFIX R,2157922.0,
EFIX R,2157922.0,2157944 24 986.2 415.9 1470
SSACC R,2157946.0,
ESACC R,2157946.0,2158244 300 984.8 417.3 984.7 410.7 0.18 1861
SFIX R,2158246.0,
EFIX R,2158246.0,2158280 36 986.7 412.3 1457
SSACC R,2158282.0,
ESACC R,2158282.0,2158306 26 987.0 411.8 988.8 415.2 0.10 803
SFIX R,2158308.0,
EFIX R,2158308.0,2158344 38 987.8 410.5 1455
SSACC R,2158346.0,
ESACC R,2158346.0,2158370 26 990.8 411.9 990.1 414.2 0.06 945
SFIX R,2158372.0,
EFIX R,2158372.0,2158434 64 988.9 409.9 1458
SSACC R,2158436.0,
ESACC R,2158436.0,2158546 112 989.1 411.0 981.5 418.9 0.30 795
SFIX R,2158548.0,
EFIX R,2158548.0,2158672 126 982.4 413.2 1464
SSACC R,2158674.0,
ESACC R,2158674.0,2158790 118 979.9 417.5 975.4 472.1 1.48 200
SFIX R,2158792.0,
EFIX R,2158792.0,2168240 9450 996.9 453.0 1427
SSACC R,2168242.0,
ESACC R,2168242.0,2168298 58 1009.1 405.2 1015.1 658.4 6.85 323
SFIX R,2168300.0,
EFIX R,2168300.0,2194868 26570 1053.4 466.1 1370
SSACC R,2194870.0,
ESACC R,2194870.0,2194906 38 1039.6 293.2 1043.0 468.7 4.72 244
SFIX R,2194908.0,
EFIX R,2194908.0,2203424 8518 1089.0 418.6 1274
SSACC R,2203426.0,
SBLINK R,2203436.0,
EBLINK R,2203436.0,2203818 384
ESACC R,2203426.0,2203826 402 1039.6 293.2 1043.0 468.7 4.73 0
SFIX R,2203828.0,
EFIX R,2203828.0,2208592 4766 1011.2 1077.9 1383
SSACC R,2208594.0,
ESACC R,2208594.0,2208648 56 1038.6 1026.5 1058.5 577.2 11.88 380
SFIX R,2208650.0,
EFIX R,2208650.0,2215602 6954 1064.8 515.7 1356
SSACC R,2215604.0,
ESACC R,2215604.0,2215628 26 1083.6 489.1 1102.6 592.2 2.84 157
SFIX R,2215630.0,
EFIX R,2215630.0,2215662 34 1117.9 625.9 1438
SSACC R,2215664.0,
SBLINK R,2215680.0,
EBLINK R,2215680.0,2215718 40
ESACC R,2215664.0,2215762 100 1125.0 663.6 1124.2 972.2 8.16 584
SFIX R,2215764.0,
EFIX R,2215764.0,2218086 2324 1109.1 977.4 1397
SSACC R,2218088.0,
ESACC R,2218088.0,2218140 54 1117.6 967.9 1079.1 659.1 8.24 263
SFIX R,2218142.0,
EFIX R,2218142.0,2221752 3612 1094.3 619.4 1406
SSACC R,2221754.0,
SBLINK R,2221804.0,
EBLINK R,2221804.0,2222068 266
ESACC R,2221754.0,2222084 332 1108.8 598.1 1036.4 1158.0 14.67 819
SFIX R,2222086.0,
EFIX R,2222086.0,2222728 644 1025.5 1164.4 1387
SSACC R,2222730.0,
SBLINK R,2222762.0,
EBLINK R,2222762.0,2223040 280
ESACC R,2222730.0,2223106 378 1027.2 1160.7 899.5 -91.4 31.36 500
SFIX R,2223108.0,
EFIX R,2223108.0,2223132 26 889.7 -87.9 2148
SSACC R,2223134.0,
ESACC R,2223134.0,2223172 40 887.3 -109.0 1012.1 431.1 14.34 1898
SFIX R,2223174.0,
EFIX R,2223174.0,2223196 24 1014.2 435.9 1411
SSACC R,2223198.0,
ESACC R,2223198.0,2223216 20 1013.0 431.6 1011.1 492.6 1.65 199
SFIX R,2223218.0,
EFIX R,2223218.0,2225236 2020 1027.1 498.2 1353
SSACC R,2225238.0,
SBLINK R,2225270.0,
EBLINK R,2225270.0,2225564 296
ESACC R,2225238.0,2225718 482 1044.9 495.3 841.1 799.2 9.84 1626
SFIX R,2225720.0,
EFIX R,2225720.0,2228540 2822 868.6 731.6 1267
SSACC R,2228542.0,
SBLINK R,2228562.0,
EBLINK R,2228562.0,2228880 320
ESACC R,2228542.0,2228894 354 897.6 705.7 1070.0 385.1 9.81 1552
SFIX R,2228896.0,
EFIX R,2228896.0,2228938 44 1067.0 369.6 1365
SSACC R,2228940.0,
ESACC R,2228940.0,2229002 64 1067.4 371.9 1005.5 468.9 3.11 175
SFIX R,2229004.0,
EFIX R,2229004.0,2229258 256 1013.5 475.7 1300
SSACC R,2229260.0,
SBLINK R,2229278.0,
EBLINK R,2229278.0,2229714 438
ESACC R,2229260.0,2229746 488 1016.7 482.4 951.2 817.4 9.18 278
SFIX R,2229748.0,
EFIX R,2229748.0,2229862 116 953.1 818.6 1291
SSACC R,2229864.0,
ESACC R,2229864.0,2229922 60 953.5 819.1 994.6 478.9 9.21 1584
SFIX R,2229924.0,
EFIX R,2229924.0,2229978 56 996.0 474.6 1395
SSACC R,2229980.0,
SBLINK R,2229990.0,
EBLINK R,2229990.0,2230344 356
ESACC R,2229980.0,2230392 414 997.2 464.2 1000.3 523.6 1.61 248
SFIX R,2230394.0,
EFIX R,2230394.0,2237930 7538 1064.0 509.2 1377
SSACC R,2237932.0,
SBLINK R,2237954.0,
EBLINK R,2237954.0,2238200 248
ESACC R,2237932.0,2238290 360 1083.3 473.9 1020.6 449.3 1.82 1268
SFIX R,2238292.0,
EFIX R,2238292.0,2239838 1548 1018.5 466.7 1308
SSACC R,2239840.0,
SBLINK R,2239860.0,
EBLINK R,2239860.0,2240164 306
ESACC R,2239840.0,2240226 388 1036.8 478.5 1101.2 621.2 4.24 1099
SFIX R,2240228.0,
EFIX R,2240228.0,2268008 27782 1143.6 396.0 1306
SSACC R,2268010.0,
ESACC R,2268010.0,2268058 50 1209.6 179.6 1096.2 474.2 8.40 328
SFIX R,2268060.0,
EFIX R,2268060.0,2286970 18912 1128.3 336.9 1313
SSACC R,2286972.0,
ESACC R,2286972.0,2287032 62 1167.2 176.2 1072.5 427.8 7.16 204
SFIX R,2287034.0,
EFIX R,2287034.0,2295372 8340 1070.4 396.2 1238
SSACC R,2295374.0,
ESACC R,2295374.0,2295404 32 1107.1 297.8 1070.1 473.3 4.83 310
SFIX R,2295406.0,
EFIX R,2295406.0,2304034 8630 1076.5 456.4 1238
SSACC R,2304036.0,
ESACC R,2304036.0,2304042 8 1079.3 477.9 1089.9 484.2 0.33 51
SFIX R,2304044.0,
EFIX R,2304044.0,2304080 38 1090.5 484.5 1252
SSACC R,2304082.0,
SBLINK R,2304098.0,
EBLINK R,2304098.0,2304282 186
ESACC R,2304082.0,2304314 234 1081.4 484.0 1044.3 523.2 1.46 2127
SFIX R,2304316.0,
EFIX R,2304316.0,2305566 1252 1043.2 519.8 1164
SSACC R,2305568.0,
SBLINK R,2305600.0,
EBLINK R,2305600.0,2305764 166
ESACC R,2305568.0,2305844 278 1052.2 506.1 1049.2 457.0 1.33 1688
SFIX R,2305846.0,
EFIX R,2305846.0,2306272 428 1038.8 454.6 1232
SSACC R,2306274.0,
ESACC R,2306274.0,2306294 22 1030.2 459.3 999.4 508.6 1.58 111
SFIX R,2306296.0,
EFIX R,2306296.0,2307682 1388 991.4 515.4 1209
SSACC R,2307684.0,
SBLINK R,2307710.0,
EBLINK R,2307710.0,2307802 94
ESACC R,2307684.0,2307846 164 995.6 504.2 1005.0 475.0 0.83 201
SFIX R,2307848.0,
EFIX R,2307848.0,2308632 786 998.6 479.8 1143
SSACC R,2308634.0,
SBLINK R,2308652.0,
EBLINK R,2308652.0,2309020 370
ESACC R,2308634.0,2309046 414 988.7 492.5 967.0 522.1 0.99 356
SFIX R,2309048.0,
EFIX R,2309048.0,2310022 976 975.3 510.4 1069
SSACC R,2310024.0,
SBLINK R,2310042.0,
EBLINK R,2310042.0,2310496 456
ESACC R,2310024.0,2310526 504 982.0 512.4 999.0 563.5 1.46 308
SFIX R,2310528.0,
EFIX R,2310528.0,2310680 154 997.7 569.1 1086
SSACC R,2310682.0,
SBLINK R,2310704.0,
EBLINK R,2310704.0,2311232 530
ESACC R,2310682.0,2311256 576 996.8 573.1 1002.9 526.2 1.28 323
SFIX R,2311258.0,
EFIX R,2311258.0,2311450 194 1002.6 530.0 1117
SSACC R,2311452.0,
ESACC R,2311452.0,2311468 18 1008.0 527.9 992.2 492.4 1.05 92
SFIX R,2311470.0,
EFIX R,2311470.0,2312282 814 993.0 491.9 1148
SSACC R,2312284.0,
SBLINK R,2312304.0,
EBLINK R,2312304.0,2313442 1140
ESACC R,2312284.0,2313472 1190 992.8 503.3 976.6 616.7 3.10 324
SFIX R,2313474.0,
EFIX R,2313474.0,2313754 282 982.4 616.6 1183
SSACC R,2313756.0,
SBLINK R,2313782.0,
EBLINK R,2313782.0,2314582 802
ESACC R,2313756.0,2314628 874 988.6 617.4 981.9 542.6 2.04 1880
SFIX R,2314630.0,
EFIX R,2314630.0,2316608 1980 988.0 537.2 1236
SSACC R,2316610.0,
SBLINK R,2316628.0,
EBLINK R,2316628.0,2317136 510
ESACC R,2316610.0,2317144 536 1002.6 536.0 1001.4 533.8 0.07 192
SFIX R,2317146.0,
EFIX R,2317146.0,2317224 80 1067.0 498.8 1444
SSACC R,2317226.0,
SBLINK R,2317268.0,
EBLINK R,2317268.0,2317842 576
ESACC R,2317226.0,2317868 644 1067.4 493.1 1046.9 557.6 1.83 1608
SFIX R,2317870.0,
EFIX R,2317870.0,2318080 212 1047.4 555.9 1226
SSACC R,2318082.0,
SBLINK R,2318108.0,
EBLINK R,2318108.0,2318674 568
ESACC R,2318082.0,2318684 604 1049.3 551.5 967.9 408.5 4.45 1966
SFIX R,2318686.0,
EFIX R,2318686.0,2318720 36 968.1 408.5 1256
SSACC R,2318722.0,
ESACC R,2318722.0,2318828 108 969.9 411.4 958.8 493.2 2.23 320
SFIX R,2318830.0,
EFIX R,2318830.0,2319188 360 966.4 500.0 1173
SSACC R,2319190.0,
SBLINK R,2319220.0,
EBLINK R,2319220.0,2319770 552
ESACC R,2319190.0,2319878 690 973.9 495.5 986.4 504.2 0.41 1683
SFIX R,2319880.0,
EFIX R,2319880.0,2320424 546 986.5 510.2 1187
SSACC R,2320426.0,
SBLINK R,2320470.0,
EBLINK R,2320470.0,2321024 556
ESACC R,2320426.0,2321160 736 981.0 513.9 1008.0 513.2 0.73 1656
SFIX R,2321162.0,
EFIX R,2321162.0,2323030 1870 1013.6 512.2 1241
SSACC R,2323032.0,
SBLINK R,2323084.0,
EBLINK R,2323084.0,2323164 82
ESACC R,2323032.0,2323368 338 1002.3 511.0 997.6 424.8 2.34 1848
SFIX R,2323370.0,
EFIX R,2323370.0,2323416 48 999.0 430.7 1297
SSACC R,2323418.0,
ESACC R,2323418.0,2323442 26 997.7 432.3 988.4 509.5 2.10 237
SFIX R,2323444.0,
EFIX R,2323444.0,2324974 1532 986.2 511.7 1174
SSACC R,2324976.0,
SBLINK R,2325004.0,
EBLINK R,2325004.0,2325334 332
ESACC R,2324976.0,2325408 434 985.7 523.4 989.8 491.1 0.88 1412
SFIX R,2325410.0,
EFIX R,2325410.0,2325844 436 983.5 498.8 1211
SSACC R,2325846.0,
ESACC R,2325846.0,2325854 10 977.4 504.3 960.0 500.5 0.48 64
SFIX R,2325856.0,
EFIX R,2325856.0,2326262 408 958.9 497.3 1157
SSACC R,2326264.0,
ESACC R,2326264.0,2326270 8 968.1 493.3 982.3 493.0 0.38 57
SFIX R,2326272.0,
EFIX R,2326272.0,2327384 1114 996.7 503.1 1268
SSACC R,2327386.0,
ESACC R,2327386.0,2327398 14 993.3 511.3 969.8 503.3 0.67 61
SFIX R,2327400.0,
EFIX R,2327400.0,2327510 112 978.9 502.8 1290
SSACC R,2327512.0,
SBLINK R,2327544.0,
EBLINK R,2327544.0,2328084 542
ESACC R,2327512.0,2328158 648 978.7 505.5 823.0 -83.4 15.84 1009
SFIX R,2328160.0,
EFIX R,2328160.0,2328186 28 814.3 -81.3 2128
SSACC R,2328188.0,
ESACC R,2328188.0,2328300 114 821.8 -78.0 961.9 524.3 16.08 1416
SFIX R,2328302.0,
EFIX R,2328302.0,2329788 1488 974.9 512.3 1194
SSACC R,2329790.0,
ESACC R,2329790.0,2329806 18 989.6 504.6 998.2 496.9 0.31 46
SFIX R,2329808.0,
EFIX R,2329808.0,2329982 176 991.4 501.0 1219
SSACC R,2329984.0,
SBLINK R,2330010.0,
EBLINK R,2330010.0,2330854 846
ESACC R,2329984.0,2330936 954 993.1 507.4 977.7 500.5 0.46 1494
SFIX R,2330938.0,
EFIX R,2330938.0,2331484 548 978.8 507.9 1205
SSACC R,2331486.0,
SBLINK R,2331506.0,
EBLINK R,2331506.0,2331844 340
ESACC R,2331486.0,2331886 402 983.5 512.6 1032.8 529.3 1.41 314
SFIX R,2331888.0,
EFIX R,2331888.0,2331992 106 1034.1 530.3 1277
SSACC R,2331994.0,
ESACC R,2331994.0,2332008 16 1033.3 527.8 1002.1 520.3 0.87 79
SFIX R,2332010.0,
EFIX R,2332010.0,2332430 422 1006.6 518.1 1304
SSACC R,2332432.0,
SBLINK R,2332462.0,
EBLINK R,2332462.0,2332880 420
ESACC R,2332432.0,2333060 630 1009.1 526.3 992.1 392.3 3.66 1588
SFIX R,2333062.0,
EFIX R,2333062.0,2333144 84 995.9 395.0 1424
SSACC R,2333146.0,
ESACC R,2333146.0,2333208 64 999.7 392.2 981.7 488.6 2.65 308
SFIX R,2333210.0,
EFIX R,2333210.0,2333274 66 981.3 489.6 1264
SSACC R,2333276.0,
SBLINK R,2333394.0,
EBLINK R,2333394.0,2334452 1060
ESACC R,2333276.0,2334520 1246 981.2 491.3 1111.8 497.2 3.53 1860
SFIX R,2334522.0,
EFIX R,2334522.0,2334568 48 1112.8 502.1 1386
SSACC R,2334570.0,
SBLINK R,2334582.0,
EBLINK R,2334582.0,2334792 212
ESACC R,2334570.0,2334886 318 1111.4 498.0 1035.0 421.0 2.93 1509
SFIX R,2334888.0,
EFIX R,2334888.0,2334972 86 1037.7 415.9 1395
SSACC R,2334974.0,
ESACC R,2334974.0,2335100 128 1041.9 411.3 1040.4 414.8 0.10 1271
SFIX R,2335102.0,
EFIX R,2335102.0,2335180 80 1042.7 420.0 1421
SSACC R,2335182.0,
SBLINK R,2335268.0,
EBLINK R,2335268.0,2335728 462
ESACC R,2335182.0,2335824 644 1044.0 425.1 1014.3 510.2 2.44 1775
SFIX R,2335826.0,
EFIX R,2335826.0,2336040 216 1014.9 512.1 1264
SSACC R,2336042.0,
SBLINK R,2336090.0,
EBLINK R,2336090.0,2336754 666
ESACC R,2336042.0,2336796 756 1015.7 513.4 1082.0 412.5 3.26 1844
SFIX R,2336798.0,
EFIX R,2336798.0,2336872 76 1080.7 411.8 1381
SSACC R,2336874.0,
ESACC R,2336874.0,2336910 38 1077.2 429.7 1080.5 413.1 0.46 74
SFIX R,2336912.0,
EFIX R,2336912.0,2336952 42 1081.9 416.1 1377
SSACC R,2336954.0,
ESACC R,2336954.0,2337024 72 1084.4 407.5 1026.8 516.1 3.32 240
SFIX R,2337026.0,
EFIX R,2337026.0,2337350 326 1022.6 522.3 1270
SSACC R,2337352.0,
SBLINK R,2337388.0,
EBLINK R,2337388.0,2338816 1430
ESACC R,2337352.0,2338824 1474 1018.1 527.0 857.6 -71.9 16.15 1120
SFIX R,2338826.0,
EFIX R,2338826.0,2338878 54 999.7 424.3 1259
SSACC R,2338880.0,
ESACC R,2338880.0,2338888 10 998.8 431.4 997.5 420.9 0.29 68
SFIX R,2338890.0,
EFIX R,2338890.0,2338922 34 999.0 419.9 1248
SSACC R,2338924.0,
ESACC R,2338924.0,2338966 44 1000.8 416.3 985.2 522.7 2.91 372
SFIX R,2338968.0,
EFIX R,2338968.0,2339068 102 981.8 522.6 1088
SSACC R,2339070.0,
SBLINK R,2339124.0,
EBLINK R,2339124.0,2340088 966
ESACC R,2339070.0,2340122 1054 980.1 519.5 1013.8 410.4 3.09 360
SFIX R,2340124.0,
EFIX R,2340124.0,2340232 110 1011.1 412.9 1261
SSACC R,2340234.0,
SBLINK R,2340318.0,
EBLINK R,2340318.0,2341298 982
ESACC R,2340234.0,2341316 1084 1014.3 403.4 1010.4 422.9 0.54 1775
SFIX R,2341318.0,
EFIX R,2341318.0,2341362 46 1010.7 418.9 1253
SSACC R,2341364.0,
SBLINK R,2341374.0,
EBLINK R,2341374.0,2341446 74
ESACC R,2341364.0,2341454 92 1010.4 420.2 1011.6 417.7 0.07 56
SFIX R,2341456.0,
EFIX R,2341456.0,2341642 188 1007.0 408.1 1212
SSACC R,2341644.0,
ESACC R,2341644.0,2341652 10 1002.5 395.2 1003.2 411.6 0.44 78
SFIX R,2341654.0,
EFIX R,2341654.0,2341784 132 1006.6 402.6 1203
SSACC R,2341786.0,
ESACC R,2341786.0,2341810 26 1010.3 390.7 1006.6 391.6 0.10 87
SFIX R,2341812.0,
EFIX R,2341812.0,2341998 188 1005.7 403.4 1223
SSACC R,2342000.0,
ESACC R,2342000.0,2342056 58 1004.7 410.4 1004.4 397.7 0.34 61
SFIX R,2342058.0,
EFIX R,2342058.0,2342192 136 1003.5 403.5 1252
SSACC R,2342194.0,
SBLINK R,2342204.0,
EBLINK R,2342204.0,2342290 88
ESACC R,2342194.0,2342338 146 1004.2 409.5 1002.3 400.2 0.26 85
SFIX R,2342340.0,
EFIX R,2342340.0,2342368 30 1002.9 399.2 1267
SSACC R,2342370.0,
ESACC R,2342370.0,2342374 6 1005.3 411.5 1005.7 405.0 0.18 63
SFIX R,2342376.0,
EFIX R,2342376.0,2342400 26 1002.7 397.6 1268
SSACC R,2342402.0,
ESACC R,2342402.0,2342446 46 999.0 392.0 1004.6 395.4 0.18 74
SFIX R,2342448.0,
EFIX R,2342448.0,2342472 26 1002.0 395.1 1279
SSACC R,2342474.0,
SBLINK R,2342484.0,
EBLINK R,2342484.0,2342500 18
ESACC R,2342474.0,2342534 62 1001.8 391.7 1001.4 401.4 0.26 66
SFIX R,2342536.0,
EFIX R,2342536.0,2342658 124 1000.2 393.0 1296
SSACC R,2342660.0,
ESACC R,2342660.0,2342690 32 994.2 372.3 1002.7 391.5 0.57 79
SFIX R,2342692.0,
EFIX R,2342692.0,2342818 128 1000.9 393.5 1318
SSACC R,2342820.0,
ESACC R,2342820.0,2342874 56 1001.4 401.7 1002.9 398.8 0.09 80
SFIX R,2342876.0,
EFIX R,2342876.0,2342910 36 1005.5 401.8 1332
SSACC R,2342912.0,
ESACC R,2342912.0,2342932 22 1008.6 395.5 1003.5 406.8 0.34 246
SFIX R,2342934.0,
EFIX R,2342934.0,2342958 26 1006.7 402.8 1343
SSACC R,2342960.0,
ESACC R,2342960.0,2343512 554 1007.7 403.1 1022.3 404.6 0.40 350
SFIX R,2343514.0,
EFIX R,2343514.0,2343642 130 1022.4 400.9 1427
SSACC R,2343644.0,
ESACC R,2343644.0,2343662 20 1022.2 402.4 1023.3 405.1 0.08 184
SFIX R,2343664.0,
EFIX R,2343664.0,2343740 78 1022.9 396.6 1421
SSACC R,2343742.0,
ESACC R,2343742.0,2343900 160 1024.8 387.5 1025.2 376.6 0.29 710
SFIX R,2343902.0,
EFIX R,2343902.0,2343978 78 1025.9 381.0 1429
SSACC R,2343980.0,
SBLINK R,2344028.0,
EBLINK R,2344028.0,2344834 808
ESACC R,2343980.0,2344894 916 1025.5 392.3 1017.7 821.8 11.52 1678
SFIX R,2344896.0,
EFIX R,2344896.0,2345752 858 1018.5 824.2 1192
SSACC R,2345754.0,
ESACC R,2345754.0,2345834 82 1021.0 822.5 1011.2 560.2 7.06 2018
SFIX R,2345836.0,
EFIX R,2345836.0,2364528 18694 1052.1 452.1 1280
SSACC R,2364530.0,
SBLINK R,2364548.0,
EBLINK R,2364548.0,2364776 230
ESACC R,2364530.0,2364900 372 1034.6 375.1 1029.5 452.4 2.09 1236
SFIX R,2364902.0,
EFIX R,2364902.0,2365128 228 1024.8 459.1 1265
SSACC R,2365130.0,
ESACC R,2365130.0,2365148 20 1019.2 463.1 1007.1 512.1 1.37 100
SFIX R,2365150.0,
EFIX R,2365150.0,2367810 2662 1003.5 513.1 1224
SSACC R,2367812.0,
ESACC R,2367812.0,2367816 6 996.2 473.0 994.9 482.0 0.25 52
SFIX R,2367818.0,
EFIX R,2367818.0,2373574 5758 994.2 478.6 1099
SSACC R,2373576.0,
ESACC R,2373576.0,2373596 22 995.9 472.9 1006.9 535.0 1.71 142
SFIX R,2373598.0,
EFIX R,2373598.0,2374144 548 991.1 569.4 1057
SSACC R,2374146.0,
ESACC R,2374146.0,2374164 20 984.5 563.8 989.3 520.7 1.18 88
SFIX R,2374166.0,
EFIX R,2374166.0,2376570 2406 992.1 507.4 1066
SSACC R,2376572.0,
SBLINK R,2376604.0,
EBLINK R,2376604.0,2376988 386
ESACC R,2376572.0,2377050 480 991.6 489.0 951.3 456.9 1.40 302
SFIX R,2377052.0,
EFIX R,2377052.0,2377072 22 952.2 457.4 1027
SSACC R,2377074.0,
ESACC R,2377074.0,2377082 10 960.9 459.9 981.0 468.2 0.59 79
SFIX R,2377084.0,
EFIX R,2377084.0,2377656 574 977.0 477.2 1000
SSACC R,2377658.0,
SBLINK R,2377688.0,
EBLINK R,2377688.0,2377888 202
ESACC R,2377658.0,2377928 272 984.2 496.0 984.8 488.4 0.21 324
SFIX R,2377930.0,
EFIX R,2377930.0,2389320 11392 1019.2 441.6 1042
SSACC R,2389322.0,
ESACC R,2389322.0,2389350 30 1053.0 381.7 1027.9 481.7 2.79 170
SFIX R,2389352.0,
EFIX R,2389352.0,2391704 2354 999.4 469.0 1046
SSACC R,2391706.0,
SBLINK R,2391728.0,
EBLINK R,2391728.0,2392200 474
ESACC R,2391706.0,2392226 522 984.3 478.1 1028.1 504.4 1.38 309
SFIX R,2392228.0,
EFIX R,2392228.0,2392484 258 1021.9 509.5 1079
SSACC R,2392486.0,
SBLINK R,2392506.0,
EBLINK R,2392506.0,2393122 618
ESACC R,2392486.0,2393234 750 1020.2 516.8 996.2 461.6 1.63 278
SFIX R,2393236.0,
EFIX R,2393236.0,2393344 110 1000.9 465.4 1069
SSACC R,2393346.0,
SBLINK R,2393412.0,
EBLINK R,2393412.0,2424444 31034
ESACC R,2393346.0,2426332 32988 1003.8 467.2 1026.0 475.7 0.64 1764
SFIX R,2426334.0,
EFIX R,2426334.0,2426528 196 1024.8 472.0 1455
SSACC R,2426530.0,
SBLINK R,2426556.0,
EBLINK R,2426556.0,2431528 4974
ESACC R,2426530.0,2431890 5362 1025.5 473.4 939.2 -144.2 16.08 1327
SFIX R,2431892.0,
EFIX R,2431892.0,2431930 40 939.0 -146.7 2249
SSACC R,2431932.0,
ESACC R,2431932.0,2432500 570 939.5 -143.5 925.4 -123.1 0.62 1427
SFIX R,2432502.0,
EFIX R,2432502.0,2432530 30 929.0 -118.4 2322
SSACC R,2432532.0,
ESACC R,2432532.0,2433412 882 936.7 -112.3 1070.3 334.1 12.02 1645
SFIX R,2433414.0,
EFIX R,2433414.0,2433438 26 1072.4 331.5 1622
SSACC R,2433440.0,
ESACC R,2433440.0,2433462 24 1073.1 329.2 1072.5 337.6 0.23 860
SFIX R,2433464.0,
EFIX R,2433464.0,2433502 40 1073.8 328.8 1622
SSACC R,2433504.0,
ESACC R,2433504.0,2433526 24 1073.8 338.0 1076.8 325.8 0.34 698
SFIX R,2433528.0,
EFIX R,2433528.0,2433642 116 1077.8 331.5 1629
SSACC R,2433644.0,
ESACC R,2433644.0,2433762 120 1077.8 338.5 1079.2 345.1 0.18 868
SFIX R,2433764.0,
EFIX R,2433764.0,2433786 24 1080.9 344.2 1614
SSACC R,2433788.0,
ESACC R,2433788.0,2433812 26 1082.2 343.3 1070.5 414.6 1.95 222
SFIX R,2433814.0,
EFIX R,2433814.0,2434818 1006 1063.0 420.8 1458
SSACC R,2434820.0,
SBLINK R,2434852.0,
EBLINK R,2434852.0,2435918 1068
ESACC R,2434820.0,2436006 1188 1060.7 439.1 1025.5 437.7 0.95 1793
SFIX R,2436008.0,
EFIX R,2436008.0,2436038 32 1024.1 427.6 1542
SSACC R,2436040.0,
ESACC R,2436040.0,2436064 26 1024.1 429.6 1024.9 514.7 2.30 263
SFIX R,2436066.0,
EFIX R,2436066.0,2440786 4722 1075.4 499.4 1389
SSACC R,2440788.0,
SBLINK R,2440866.0,
EBLINK R,2440866.0,2440896 32
ESACC R,2440788.0,2440918 132 1096.1 485.6 1034.3 979.2 13.18 947
SFIX R,2440920.0,
EFIX R,2440920.0,2441846 928 1007.4 1000.3 1330
SSACC R,2441848.0,
SBLINK R,2441860.0,
EBLINK R,2441860.0,2442208 350
ESACC R,2441848.0,2442356 510 993.8 991.7 1034.0 540.4 12.00 1553
SFIX R,2442358.0,
EFIX R,2442358.0,2443372 1016 1040.8 533.8 1286
SSACC R,2443374.0,
ESACC R,2443374.0,2443426 54 1053.8 518.2 1057.0 763.0 6.60 291
SFIX R,2443428.0,
EFIX R,2443428.0,2455234 11808 1097.0 640.6 1326
SSACC R,2455236.0,
SBLINK R,2455254.0,
EBLINK R,2455254.0,2455520 268
ESACC R,2455236.0,2455640 406 1094.5 489.7 1099.7 450.7 1.06 1544
SFIX R,2455642.0,
EFIX R,2455642.0,2457584 1944 1089.1 469.5 1316
SSACC R,2457586.0,
SBLINK R,2457606.0,
EBLINK R,2457606.0,2457828 224
ESACC R,2457586.0,2457934 350 1082.6 465.0 1078.6 444.7 0.56 1679
SFIX R,2457936.0,
EFIX R,2457936.0,2460880 2946 1081.8 428.4 1237
SSACC R,2460882.0,
SBLINK R,2460902.0,
EBLINK R,2460902.0,2461080 180
ESACC R,2460882.0,2461142 262 1082.8 414.2 1077.6 306.7 2.89 1690
SFIX R,2461144.0,
EFIX R,2461144.0,2461840 698 1064.4 306.1 1234
SSACC R,2461842.0,
SBLINK R,2461858.0,
EBLINK R,2461858.0,2462308 452
ESACC R,2461842.0,2462368 528 1056.6 313.1 1033.7 438.3 3.43 1728
SFIX R,2462370.0,
EFIX R,2462370.0,2472450 10082 1087.7 348.4 1198
SSACC R,2472452.0,
ESACC R,2472452.0,2472494 44 1184.5 240.8 1056.1 482.7 7.33 325
SFIX R,2472496.0,
EFIX R,2472496.0,2483740 11246 1127.9 414.9 1326
SSACC R,2483742.0,
ESACC R,2483742.0,2483788 48 1215.0 316.6 1216.8 315.0 0.06 254
SFIX R,2483790.0,
EFIX R,2483790.0,2484274 486 1218.5 308.5 1367
SSACC R,2484276.0,
SBLINK R,2484294.0,
EBLINK R,2484294.0,2484514 222
ESACC R,2484276.0,2484530 256 1221.6 300.4 1232.9 211.2 2.38 147
SFIX R,2484532.0,
EFIX R,2484532.0,2484576 46 1235.1 203.0 1457
SSACC R,2484578.0,
ESACC R,2484578.0,2484594 18 1237.4 193.0 1233.1 264.4 1.88 211
SFIX R,2484596.0,
EFIX R,2484596.0,2484924 330 1236.8 253.7 1342
SSACC R,2484926.0,
SBLINK R,2484952.0,
EBLINK R,2484952.0,2485406 456
ESACC R,2484926.0,2485414 490 1241.6 248.4 1240.0 184.3 1.69 188
SFIX R,2485416.0,
EFIX R,2485416.0,2485562 148 1193.0 296.5 1452
SSACC R,2485564.0,
ESACC R,2485564.0,2485608 46 1198.6 286.1 1195.7 369.4 2.23 297
SFIX R,2485610.0,
EFIX R,2485610.0,2487672 2064 1228.1 329.8 1291
SSACC R,2487674.0,
ESACC R,2487674.0,2487710 38 1245.8 302.1 1073.8 463.3 6.31 289
SFIX R,2487712.0,
EFIX R,2487712.0,2498534 10824 1126.0 328.6 1175
SSACC R,2498536.0,
ESACC R,2498536.0,2498558 24 1170.5 238.0 1134.6 249.5 1.00 66
SFIX R,2498560.0,
EFIX R,2498560.0,2498732 174 1102.3 276.9 1286
SSACC R,2498734.0,
ESACC R,2498734.0,2498766 34 1090.5 278.2 1038.7 412.3 3.86 194
SFIX R,2498768.0,
EFIX R,2498768.0,2509326 10560 1125.8 330.3 1297
SSACC R,2509328.0,
ESACC R,2509328.0,2509368 42 1217.9 228.7 1084.0 407.8 5.97 265
SFIX R,2509370.0,
EFIX R,2509370.0,2513164 3796 1130.0 359.2 1280
SSACC R,2513166.0,
SBLINK R,2513184.0,
EBLINK R,2513184.0,2516146 2964
ESACC R,2513166.0,2516350 3186 1154.5 341.5 1021.8 447.7 4.58 1812
SFIX R,2516352.0,
EFIX R,2516352.0,2516816 466 1023.3 454.4 1341
SSACC R,2516818.0,
SBLINK R,2516844.0,
EBLINK R,2516844.0,2517682 840
ESACC R,2516818.0,2517832 1016 1021.2 456.1 1053.1 568.7 3.17 1834
SFIX R,2517834.0,
EFIX R,2517834.0,2518022 190 1054.8 566.3 1273
SSACC R,2518024.0,
SBLINK R,2518074.0,
EBLINK R,2518074.0,2519812 1740
ESACC R,2518024.0,2520126 2104 1055.2 566.7 994.4 430.6 4.04 1947
SFIX R,2520128.0,
EFIX R,2520128.0,2523230 3104 1004.6 390.4 1252
SSACC R,2523232.0,
SBLINK R,2523262.0,
EBLINK R,2523262.0,2524168 908
ESACC R,2523232.0,2524468 1238 1021.8 383.1 1016.9 291.2 2.47 1425
SFIX R,2524470.0,
EFIX R,2524470.0,2524502 34 1015.1 290.4 1388
SSACC R,2524504.0,
ESACC R,2524504.0,2524540 38 1017.0 285.3 1019.4 284.4 0.07 794
SFIX R,2524542.0,
EFIX R,2524542.0,2524660 120 1020.7 279.8 1393
SSACC R,2524662.0,
SBLINK R,2524672.0,
EBLINK R,2524672.0,2525512 842
ESACC R,2524662.0,2525842 1182 1019.5 268.8 999.1 439.5 4.62 1805
SFIX R,2525844.0,
EFIX R,2525844.0,2525990 148 1003.2 437.7 1195
SSACC R,2525992.0,
SBLINK R,2526040.0,
EBLINK R,2526040.0,2526566 528
ESACC R,2525992.0,2526678 688 1006.2 434.3 843.0 -215.9 17.09 1680
SFIX R,2526680.0,
EFIX R,2526680.0,2526706 28 842.9 -216.9 2219
SSACC R,2526708.0,
ESACC R,2526708.0,2527028 322 841.2 -215.2 971.6 229.7 11.73 1289
SFIX R,2527030.0,
EFIX R,2527030.0,2527086 58 971.6 234.6 1370
SSACC R,2527088.0,
ESACC R,2527088.0,2527132 46 972.7 240.2 955.7 330.1 2.45 306
SFIX R,2527134.0,
EFIX R,2527134.0,2528032 900 946.6 330.0 1229
SSACC R,2528034.0,
SBLINK R,2528086.0,
EBLINK R,2528086.0,2528722 638
ESACC R,2528034.0,2528876 844 955.0 336.5 833.3 -234.3 14.78 1400
SFIX R,2528878.0,
EFIX R,2528878.0,2528898 22 832.3 -238.7 2170
SSACC R,2528900.0,
SBLINK R,2528912.0,
EBLINK R,2528912.0,2530602 1692
ESACC R,2528900.0,2530610 1712 824.6 -237.6 922.6 209.6 11.51 1410
SFIX R,2530612.0,
EFIX R,2530612.0,2530654 44 927.3 221.6 1302
SSACC R,2530656.0,
SBLINK R,2530718.0,
EBLINK R,2530718.0,2530798 82
ESACC R,2530656.0,2530806 152 927.3 194.7 922.1 221.9 0.73 804
SFIX R,2530808.0,
EFIX R,2530808.0,2530840 34 927.7 211.6 1290
SSACC R,2530842.0,
SBLINK R,2530862.0,
EBLINK R,2530862.0,2530964 104
ESACC R,2530842.0,2531106 266 921.4 200.1 922.1 204.3 0.11 848
SFIX R,2531108.0,
EFIX R,2531108.0,2531264 158 922.4 202.4 1310
SSACC R,2531266.0,
ESACC R,2531266.0,2531282 18 923.9 203.8 920.8 208.8 0.16 80
SFIX R,2531284.0,
EFIX R,2531284.0,2531306 24 923.4 203.5 1321
SSACC R,2531308.0,
ESACC R,2531308.0,2531356 50 921.3 211.7 921.5 204.2 0.20 77
SFIX R,2531358.0,
EFIX R,2531358.0,2531448 92 922.4 205.4 1333
SSACC R,2531450.0,
ESACC R,2531450.0,2531490 42 923.1 208.2 921.5 203.0 0.14 79
SFIX R,2531492.0,
EFIX R,2531492.0,2531540 50 922.8 208.5 1341
SSACC R,2531542.0,
ESACC R,2531542.0,2531616 76 925.6 210.5 907.0 285.1 2.05 271
SFIX R,2531618.0,
EFIX R,2531618.0,2531656 40 907.5 285.5 1204
SSACC R,2531658.0,
SBLINK R,2531744.0,
EBLINK R,2531744.0,2533482 1740
ESACC R,2531658.0,2533932 2276 904.9 283.5 863.1 -144.3 11.00 1409
SFIX R,2533934.0,
EFIX R,2533934.0,2533958 26 856.7 -147.1 2196
SSACC R,2533960.0,
SBLINK R,2534080.0,
EBLINK R,2534080.0,2535724 1646
ESACC R,2533960.0,2535732 1774 855.7 -153.8 861.8 -116.5 0.93 115
SFIX R,2535734.0,
EFIX R,2535734.0,2535772 40 905.0 -277.7 2487
SSACC R,2535774.0,
ESACC R,2535774.0,2536012 240 890.8 -278.9 1044.1 437.8 18.49 1808
SFIX R,2536014.0,
EFIX R,2536014.0,2536672 660 1035.8 451.3 1346
SSACC R,2536674.0,
ESACC R,2536674.0,2536694 22 1039.0 455.5 965.9 476.7 2.06 160
SFIX R,2536696.0,
EFIX R,2536696.0,2536912 218 951.4 476.7 1369
SSACC R,2536914.0,
ESACC R,2536914.0,2536934 22 954.8 475.6 1017.7 487.6 1.74 124
SFIX R,2536936.0,
EFIX R,2536936.0,2537356 422 1014.4 491.5 1394
SSACC R,2537358.0,
SBLINK R,2537788.0,
EBLINK R,2537788.0,2538948 1162
ESACC R,2537358.0,2541100 3744 1009.0 495.9 1039.5 421.7 2.17 1904
SFIX R,2541102.0,
EFIX R,2541102.0,2541126 26 1039.6 421.2 1415
SSACC R,2541128.0,
ESACC R,2541128.0,2541174 48 1043.1 422.3 1044.6 427.7 0.15 962
SFIX R,2541176.0,
EFIX R,2541176.0,2541202 28 1042.9 425.7 1406
SSACC R,2541204.0,
ESACC R,2541204.0,2541310 108 1045.0 431.4 1043.3 408.9 0.61 1050
SFIX R,2541312.0,
EFIX R,2541312.0,2541336 26 1046.7 424.6 1399
SSACC R,2541338.0,
ESACC R,2541338.0,2541500 164 1045.3 419.3 1052.1 428.0 0.30 1021
SFIX R,2541502.0,
EFIX R,2541502.0,2541530 30 1051.7 424.3 1392
SSACC R,2541532.0,
SBLINK R,2541676.0,
EBLINK R,2541676.0,2542582 908
ESACC R,2541532.0,2542954 1424 1049.1 418.8 965.7 358.7 2.78 1869
SFIX R,2542956.0,
EFIX R,2542956.0,2542982 28 968.8 361.0 1338
SSACC R,2542984.0,
ESACC R,2542984.0,2543500 518 961.8 381.3 961.7 437.9 1.53 819
SFIX R,2543502.0,
EFIX R,2543502.0,2544724 1224 974.3 462.4 1313
SSACC R,2544726.0,
SBLINK R,2544778.0,
EBLINK R,2544778.0,2545078 302
ESACC R,2544726.0,2545738 1014 983.8 474.8 986.2 434.8 1.08 1594
SFIX R,2545740.0,
EFIX R,2545740.0,2547182 1444 990.2 427.0 1245
SSACC R,2547184.0,
ESACC R,2547184.0,2547216 34 989.7 423.6 1035.1 467.3 1.71 115
SFIX R,2547218.0,
EFIX R,2547218.0,2549146 1930 1021.2 446.4 1213
SSACC R,2549148.0,
SBLINK R,2549176.0,
EBLINK R,2549176.0,2549664 490
ESACC R,2549148.0,2549818 672 1030.6 435.8 1037.0 355.1 2.18 1591
SFIX R,2549820.0,
EFIX R,2549820.0,2549856 38 1034.0 355.8 1367
SSACC R,2549858.0,
ESACC R,2549858.0,2549936 80 1036.4 356.8 1018.8 445.8 2.45 731
SFIX R,2549938.0,
EFIX R,2549938.0,2550854 918 1016.7 452.6 1184
SSACC R,2550856.0,
SBLINK R,2550884.0,
EBLINK R,2550884.0,2551536 654
ESACC R,2550856.0,2551830 976 1027.5 462.6 1013.9 335.3 3.46 1730
SFIX R,2551832.0,
EFIX R,2551832.0,2551938 108 1016.5 335.2 1312
SSACC R,2551940.0,
ESACC R,2551940.0,2551994 56 1018.1 327.9 1002.0 425.1 2.66 261
SFIX R,2551996.0,
EFIX R,2551996.0,2552224 230 1005.3 426.9 1152
SSACC R,2552226.0,
ESACC R,2552226.0,2552242 18 1008.9 424.8 1026.0 333.8 2.50 323
SFIX R,2552244.0,
EFIX R,2552244.0,2552278 36 1026.2 343.9 1314
SSACC R,2552280.0,
SBLINK R,2552336.0,
EBLINK R,2552336.0,2552420 86
ESACC R,2552280.0,2553154 876 1023.2 347.8 1039.4 342.8 0.46 1754
SFIX R,2553156.0,
EFIX R,2553156.0,2553176 22 1037.9 348.9 1438
SSACC R,2553178.0,
ESACC R,2553178.0,2553216 40 1038.7 351.9 1035.6 337.6 0.39 816
SFIX R,2553218.0,
EFIX R,2553218.0,2553252 36 1038.3 342.7 1438
SSACC R,2553254.0,
ESACC R,2553254.0,2553298 46 1038.0 349.4 1023.2 430.0 2.21 234
SFIX R,2553300.0,
EFIX R,2553300.0,2553960 662 1022.3 423.1 1309
SSACC R,2553962.0,
SBLINK R,2553994.0,
EBLINK R,2553994.0,2555534 1542
ESACC R,2553962.0,2555724 1764 1020.5 417.1 1014.7 408.9 0.27 1881
SFIX R,2555726.0,
EFIX R,2555726.0,2555768 44 1011.2 408.1 1460
SSACC R,2555770.0,
ESACC R,2555770.0,2555958 190 1009.4 405.1 1010.0 419.7 0.39 1795
SFIX R,2555960.0,
EFIX R,2555960.0,2556018 60 1009.7 421.2 1438
SSACC R,2556020.0,
ESACC R,2556020.0,2556056 38 1010.4 419.1 998.4 504.2 2.33 295
SFIX R,2556058.0,
EFIX R,2556058.0,2556430 374 1004.9 501.0 1376
SSACC R,2556432.0,
ESACC R,2556432.0,2556606 176 1007.8 493.9 1010.6 407.7 2.33 990
SFIX R,2556608.0,
EFIX R,2556608.0,2556650 44 1008.4 407.4 1542
SSACC R,2556652.0,
ESACC R,2556652.0,2557070 420 1009.8 407.4 1008.5 392.6 0.40 1824
SFIX R,2557072.0,
EFIX R,2557072.0,2557102 32 1009.7 389.6 1531
SSACC R,2557104.0,
SBLINK R,2557506.0,
EBLINK R,2557506.0,2557758 254
ESACC R,2557104.0,2558004 902 1011.0 391.0 1000.8 394.8 0.29 1790
SFIX R,2558006.0,
EFIX R,2558006.0,2558036 32 1001.4 398.4 1451
SSACC R,2558038.0,
ESACC R,2558038.0,2558110 74 1000.5 392.6 988.5 484.6 2.51 303
SFIX R,2558112.0,
EFIX R,2558112.0,2560288 2178 996.5 480.0 1284
SSACC R,2560290.0,
SBLINK R,2560318.0,
EBLINK R,2560318.0,2560566 250
ESACC R,2560290.0,2560720 432 1000.9 477.4 1008.1 341.7 3.67 1487
SFIX R,2560722.0,
EFIX R,2560722.0,2560760 40 1010.6 331.2 1395
SSACC R,2560762.0,
ESACC R,2560762.0,2560798 38 1009.8 325.9 999.4 408.6 2.25 250
SFIX R,2560800.0,
EFIX R,2560800.0,2561248 450 1002.7 416.9 1282
SSACC R,2561250.0,
SBLINK R,2561282.0,
EBLINK R,2561282.0,2562458 1178
ESACC R,2561250.0,2562502 1254 1002.9 414.6 1003.5 431.3 0.45 1729
SFIX R,2562504.0,
EFIX R,2562504.0,2562568 66 1005.8 422.5 1359
SSACC R,2562570.0,
ESACC R,2562570.0,2562594 26 1008.3 412.1 998.0 504.7 2.52 286
SFIX R,2562596.0,
EFIX R,2562596.0,2563194 600 991.1 507.2 1186
SSACC R,2563196.0,
SBLINK R,2563224.0,
EBLINK R,2563224.0,2564468 1246
ESACC R,2563196.0,2564512 1318 987.8 507.4 1030.0 420.1 2.62 289
SFIX R,2564514.0,
EFIX R,2564514.0,2565040 528 1024.5 415.5 1327
SSACC R,2565042.0,
ESACC R,2565042.0,2565218 178 1014.0 415.3 1028.1 397.7 0.61 305
SFIX R,2565220.0,
EFIX R,2565220.0,2565254 36 1024.9 402.6 1366
SSACC R,2565256.0,
ESACC R,2565256.0,2565502 248 1024.9 400.0 1013.0 499.2 2.70 326
SFIX R,2565504.0,
EFIX R,2565504.0,2568744 3242 1017.5 465.8 1197
SSACC R,2568746.0,
SBLINK R,2568792.0,
EBLINK R,2568792.0,2569768 978
ESACC R,2568746.0,2569832 1088 1016.3 470.0 1000.2 382.1 2.42 1770
SFIX R,2569834.0,
EFIX R,2569834.0,2570084 252 998.2 369.9 1228
SSACC R,2570086.0,
SBLINK R,2570096.0,
EBLINK R,2570096.0,2571830 1736
ESACC R,2570086.0,2571852 1768 1003.3 419.7 1006.9 419.8 0.10 57
SFIX R,2571854.0,
EFIX R,2571854.0,2571984 132 1010.5 419.0 1271
SSACC R,2571986.0,
SBLINK R,2571996.0,
EBLINK R,2571996.0,2572964 970
ESACC R,2571986.0,2573142 1158 1014.9 439.6 1019.1 410.8 0.79 1970
SFIX R,2573144.0,
EFIX R,2573144.0,2573224 82 1020.2 409.7 1414
SSACC R,2573226.0,
ESACC R,2573226.0,2573254 30 1022.2 409.2 1008.3 500.5 2.50 312
SFIX R,2573256.0,
EFIX R,2573256.0,2573536 282 1007.2 508.8 1215
SSACC R,2573538.0,
ESACC R,2573538.0,2573552 16 1007.0 507.6 1039.2 499.2 0.90 88
SFIX R,2573554.0,
EFIX R,2573554.0,2574026 474 1021.5 481.6 1234
SSACC R,2574028.0,
ESACC R,2574028.0,2574048 22 1014.2 475.3 998.8 471.5 0.43 65
SFIX R,2574050.0,
EFIX R,2574050.0,2574742 694 1003.4 491.7 1300
SSACC R,2574744.0,
ESACC R,2574744.0,2574752 10 993.1 494.8 975.6 486.6 0.52 66
SFIX R,2574754.0,
EFIX R,2574754.0,2574930 178 972.5 474.2 1306
SSACC R,2574932.0,
ESACC R,2574932.0,2574942 12 969.6 474.3 994.3 478.0 0.68 70
SFIX R,2574944.0,
EFIX R,2574944.0,2575096 154 990.5 474.9 1308
SSACC R,2575098.0,
SBLINK R,2575256.0,
EBLINK R,2575256.0,2578160 2906
ESACC R,2575098.0,2578426 3330 987.7 480.2 852.6 -125.5 16.03 1748
SFIX R,2578428.0,
EFIX R,2578428.0,2578452 26 847.5 -114.5 2216
SSACC R,2578454.0,
SBLINK R,2578582.0,
EBLINK R,2578582.0,2591454 12874
ESACC R,2578454.0,2591554 13102 850.0 -113.0 1041.1 395.7 14.07 1956
SFIX R,2591556.0,
EFIX R,2591556.0,2591582 28 1041.2 394.6 1541
SSACC R,2591584.0,
ESACC R,2591584.0,2591616 34 1041.3 393.7 1027.2 474.2 2.21 138
SFIX R,2591618.0,
EFIX R,2591618.0,2592798 1182 1010.8 478.7 1293
SSACC R,2592800.0,
ESACC R,2592800.0,2592810 12 1011.8 481.2 1017.6 500.1 0.54 60
SFIX R,2592812.0,
EFIX R,2592812.0,2595218 2408 1022.0 498.6 1326
SSACC R,2595220.0,
SBLINK R,2595242.0,
EBLINK R,2595242.0,2595920 680
ESACC R,2595220.0,2596068 850 1017.3 502.0 1025.1 420.9 2.20 1980
SFIX R,2596070.0,
EFIX R,2596070.0,2596126 58 1026.9 430.9 1348
SSACC R,2596128.0,
ESACC R,2596128.0,2596178 52 1025.7 420.3 1010.5 515.7 2.61 266
SFIX R,2596180.0,
EFIX R,2596180.0,2596874 696 1011.1 513.2 1177
SSACC R,2596876.0,
ESACC R,2596876.0,2596898 24 1012.6 505.8 1018.3 508.4 0.17 66
SFIX R,2596900.0,
EFIX R,2596900.0,2600068 3170 1031.7 512.2 1235
SSACC R,2600070.0,
SBLINK R,2600108.0,
EBLINK R,2600108.0,2601174 1068
ESACC R,2600070.0,2601302 1234 1031.9 508.1 1060.1 415.2 2.63 440
SFIX R,2601304.0,
EFIX R,2601304.0,2601340 38 1062.1 412.6 1252
SSACC R,2601342.0,
ESACC R,2601342.0,2601392 52 1065.1 411.7 1038.9 516.9 2.93 302
SFIX R,2601394.0,
EFIX R,2601394.0,2602730 1338 1039.1 517.7 1168
SSACC R,2602732.0,
SBLINK R,2602756.0,
EBLINK R,2602756.0,2603532 778
ESACC R,2602732.0,2603572 842 1048.1 528.8 1036.3 432.0 2.64 263
SFIX R,2603574.0,
EFIX R,2603574.0,2603642 70 1038.1 433.0 1384
SSACC R,2603644.0,
ESACC R,2603644.0,2603666 24 1036.5 442.0 1029.8 535.8 2.55 230
SFIX R,2603668.0,
EFIX R,2603668.0,2605760 2094 1040.4 504.4 1238
SSACC R,2605762.0,
ESACC R,2605762.0,2606472 712 1038.3 491.6 1038.4 447.8 1.19 1263
SFIX R,2606474.0,
EFIX R,2606474.0,2606594 122 1042.8 443.9 1170
SSACC R,2606596.0,
ESACC R,2606596.0,2606614 20 1046.0 442.2 1044.8 441.8 0.03 147
SFIX R,2606616.0,
EFIX R,2606616.0,2606730 116 1049.5 440.4 1176
SSACC R,2606732.0,
SBLINK R,2607012.0,
EBLINK R,2607012.0,2607644 634
ESACC R,2606732.0,2607746 1016 1052.2 437.7 1034.2 443.6 0.51 1852
SFIX R,2607748.0,
EFIX R,2607748.0,2607804 58 1034.5 446.8 1140
SSACC R,2607806.0,
SBLINK R,2607848.0,
EBLINK R,2607848.0,2608662 816
ESACC R,2607806.0,2608730 926 1033.9 448.8 1028.2 587.4 3.75 325
SFIX R,2608732.0,
EFIX R,2608732.0,2609036 306 1027.3 595.2 1148
SSACC R,2609038.0,
SBLINK R,2609070.0,
EBLINK R,2609070.0,2609806 738
ESACC R,2609038.0,2609820 784 1030.0 592.8 1052.3 436.1 4.28 341
SFIX R,2609822.0,
EFIX R,2609822.0,2609848 28 1056.4 437.1 1333
SSACC R,2609850.0,
ESACC R,2609850.0,2609910 62 1061.7 442.2 1044.8 536.1 2.58 368
SFIX R,2609912.0,
EFIX R,2609912.0,2610682 772 1040.9 532.2 1134
SSACC R,2610684.0,
SBLINK R,2610712.0,
EBLINK R,2610712.0,2611616 906
ESACC R,2610684.0,2611696 1014 1038.7 528.8 1033.4 442.7 2.33 320
SFIX R,2611698.0,
EFIX R,2611698.0,2611774 78 1042.8 431.9 1253
SSACC R,2611776.0,
ESACC R,2611776.0,2611824 50 1043.6 426.9 1028.4 536.3 2.99 286
SFIX R,2611826.0,
EFIX R,2611826.0,2611976 152 1029.0 534.3 1114
SSACC R,2611978.0,
SBLINK R,2612022.0,
EBLINK R,2612022.0,2614136 2116
ESACC R,2611978.0,2614328 2352 1029.5 530.3 1069.7 404.7 3.56 1240
SFIX R,2614330.0,
EFIX R,2614330.0,2614370 42 1069.6 413.6 1264
SSACC R,2614372.0,
ESACC R,2614372.0,2614606 236 1067.1 401.3 1062.0 518.1 3.16 382
SFIX R,2614608.0,
EFIX R,2614608.0,2614816 210 1062.7 520.8 1171
SSACC R,2614818.0,
ESACC R,2614818.0,2614848 32 1060.0 520.1 1057.8 415.1 2.84 338
SFIX R,2614850.0,
EFIX R,2614850.0,2614884 36 1055.9 421.1 1328
SSACC R,2614886.0,
ESACC R,2614886.0,2615112 228 1057.4 417.9 1044.5 429.6 0.47 266
SFIX R,2615114.0,
EFIX R,2615114.0,2615166 54 1040.5 431.4 1333
SSACC R,2615168.0,
SBLINK R,2615308.0,
EBLINK R,2615308.0,2630254 14948
ESACC R,2615168.0,2630268 15102 1031.5 427.0 1030.8 437.5 0.28 1757
SFIX R,2630270.0,
EFIX R,2630270.0,2630296 28 1030.2 427.1 1386
SSACC R,2630298.0,
ESACC R,2630298.0,2630316 20 1031.5 414.5 1014.2 507.7 2.57 310
SFIX R,2630318.0,
EFIX R,2630318.0,2630474 158 1011.7 511.0 1277
SSACC R,2630476.0,
SBLINK R,2630584.0,
EBLINK R,2630584.0,2630584 2
ESACC R,2630476.0,2630632 158 1011.1 515.9 1023.6 432.2 2.29 2009
SFIX R,2630634.0,
EFIX R,2630634.0,2630678 46 1024.3 441.6 1399
SSACC R,2630680.0,
SBLINK R,2630734.0,
EBLINK R,2630734.0,2631526 794
ESACC R,2630680.0,2631722 1044 1020.4 431.6 1024.8 459.1 0.75 1988
SFIX R,2631724.0,
EFIX R,2631724.0,2631782 60 1025.3 459.4 1464
SSACC R,2631784.0,
ESACC R,2631784.0,2631828 46 1031.4 456.3 1012.8 548.3 2.54 332
SFIX R,2631830.0,
EFIX R,2631830.0,2632106 278 1016.9 540.4 1283
SSACC R,2632108.0,
SBLINK R,2632200.0,
EBLINK R,2632200.0,2642694 10496
ESACC R,2632108.0,2642940 10834 1020.8 539.3 852.7 -140.7 18.08 1187
SFIX R,2642942.0,
EFIX R,2642942.0,2642980 40 855.4 -156.2 2182
SSACC R,2642982.0,
ESACC R,2642982.0,2643078 98 857.6 -145.7 863.9 -164.2 0.48 659
SFIX R,2643080.0,
EFIX R,2643080.0,2643100 22 862.8 -164.5 2223
SSACC R,2643102.0,
ESACC R,2643102.0,2643186 86 864.1 -173.1 882.8 -167.5 0.50 104
SFIX R,2643188.0,
EFIX R,2643188.0,2643218 32 870.6 -162.1 2235
SSACC R,2643220.0,
SBLINK R,2643380.0,
EBLINK R,2643380.0,2649810 6432
ESACC R,2643220.0,2650118 6900 864.7 -162.5 891.4 -109.3 1.48 1903
SFIX R,2650120.0,
EFIX R,2650120.0,2650202 84 885.4 -111.8 2224
SSACC R,2650204.0,
ESACC R,2650204.0,2650228 26 888.0 -113.5 884.7 -119.2 0.16 98
SFIX R,2650230.0,
EFIX R,2650230.0,2650282 54 889.0 -125.4 2244
SSACC R,2650284.0,
ESACC R,2650284.0,2653490 3208 896.1 -144.9 1044.0 393.4 14.38 1769
SFIX R,2653492.0,
EFIX R,2653492.0,2653580 90 1046.5 389.0 1419
SSACC R,2653582.0,
ESACC R,2653582.0,2653624 44 1044.2 383.1 1032.9 493.9 3.01 652
SFIX R,2653626.0,
EFIX R,2653626.0,2654352 728 1025.7 502.2 1214
SSACC R,2654354.0,
ESACC R,2654354.0,2654372 20 1020.8 506.1 1020.0 504.0 0.06 166
SFIX R,2654374.0,
EFIX R,2654374.0,2654424 52 1019.1 503.3 1231
SSACC R,2654426.0,
ESACC R,2654426.0,2654532 108 1018.2 499.7 1025.3 406.9 2.52 329
SFIX R,2654534.0,
EFIX R,2654534.0,2654570 38 1026.5 409.0 1410
SSACC R,2654572.0,
ESACC R,2654572.0,2654592 22 1025.9 396.8 1027.6 412.1 0.42 929
SFIX R,2654594.0,
EFIX R,2654594.0,2654624 32 1028.1 409.0 1421
SSACC R,2654626.0,
ESACC R,2654626.0,2654708 84 1027.9 398.8 1033.8 409.1 0.32 1272
SFIX R,2654710.0,
EFIX R,2654710.0,2654770 62 1032.2 414.6 1441
SSACC R,2654772.0,
ESACC R,2654772.0,2654900 130 1027.8 417.6 1021.3 413.0 0.22 1235
SFIX R,2654902.0,
EFIX R,2654902.0,2654970 70 1025.8 417.6 1453
SSACC R,2654972.0,
ESACC R,2654972.0,2655124 154 1027.7 414.7 1027.8 407.7 0.19 1870
SFIX R,2655126.0,
EFIX R,2655126.0,2655158 34 1028.2 422.7 1442
SSACC R,2655160.0,
ESACC R,2655160.0,2655178 20 1025.0 419.0 1025.6 414.3 0.13 47
SFIX R,2655180.0,
EFIX R,2655180.0,2655200 22 1027.1 415.2 1443
SSACC R,2655202.0,
ESACC R,2655202.0,2655412 212 1029.3 410.6 1023.1 504.5 2.55 872
SFIX R,2655414.0,
EFIX R,2655414.0,2655434 22 1021.7 503.8 1282
SSACC R,2655436.0,
ESACC R,2655436.0,2655670 236 1022.6 500.8 1017.1 504.5 0.18 1014
SFIX R,2655672.0,
EFIX R,2655672.0,2657826 2156 1013.5 497.8 1245
SSACC R,2657828.0,
ESACC R,2657828.0,2657840 14 1004.2 477.9 1034.0 480.8 0.81 83
SFIX R,2657842.0,
EFIX R,2657842.0,2658668 828 1015.6 486.6 1201
SSACC R,2658670.0,
ESACC R,2658670.0,2658676 8 1015.7 485.2 1025.1 494.4 0.36 56
SFIX R,2658678.0,
EFIX R,2658678.0,2671576 12900 1051.0 455.3 1174
SSACC R,2671578.0,
ESACC R,2671578.0,2671610 34 1079.8 394.2 1060.3 521.8 3.49 195
SFIX R,2671612.0,
EFIX R,2671612.0,2678268 6658 1057.0 421.6 1060
SSACC R,2678270.0,
ESACC R,2678270.0,2678310 42 1080.4 357.2 1043.1 528.2 4.72 159
SFIX R,2678312.0,
EFIX R,2678312.0,2680826 2516 1037.7 471.4 986
SSACC R,2680828.0,
SBLINK R,2680848.0,
EBLINK R,2680848.0,2681664 818
ESACC R,2680828.0,2681680 854 1071.5 418.0 1065.4 433.1 0.44 216
SFIX R,2681682.0,
EFIX R,2681682.0,2681702 22 1062.5 441.7 1226
SSACC R,2681704.0,
ESACC R,2681704.0,2681800 98 1063.1 449.1 1060.6 434.7 0.40 94
SFIX R,2681802.0,
EFIX R,2681802.0,2681870 70 1063.2 424.4 1220
SSACC R,2681872.0,
ESACC R,2681872.0,2681972 102 1066.0 431.5 1052.9 533.5 2.78 250
SFIX R,2681974.0,
EFIX R,2681974.0,2683476 1504 1064.9 537.1 1178
SSACC R,2683478.0,
ESACC R,2683478.0,2683500 24 1087.6 542.5 1026.6 572.7 1.84 138
SFIX R,2683502.0,
EFIX R,2683502.0,2699988 16488 1028.2 522.3 1220
SSACC R,2699990.0,
ESACC R,2699990.0,2700032 44 1035.4 380.9 1047.1 545.1 4.45 170
SFIX R,2700034.0,
EFIX R,2700034.0,2703794 3762 1050.8 536.0 1144
SSACC R,2703796.0,
SBLINK R,2703816.0,
EBLINK R,2703816.0,2704580 766
ESACC R,2703796.0,2704734 940 1044.4 513.9 1034.4 441.2 1.99 252
SFIX R,2704736.0,
EFIX R,2704736.0,2704756 22 1033.7 444.1 1194
SSACC R,2704758.0,
ESACC R,2704758.0,2704926 170 1034.8 441.7 1026.8 557.1 3.13 399
SFIX R,2704928.0,
EFIX R,2704928.0,2705302 376 1031.5 546.3 1084
SSACC R,2705304.0,
ESACC R,2705304.0,2705322 20 1037.0 532.4 1036.5 532.6 0.01 136
SFIX R,2705324.0,
EFIX R,2705324.0,2705442 120 1040.1 532.5 1144
SSACC R,2705444.0,
ESACC R,2705444.0,2705554 112 1041.2 531.8 1043.4 535.5 0.12 184
SFIX R,2705556.0,
EFIX R,2705556.0,2705606 52 1043.8 534.7 1187
SSACC R,2705608.0,
SBLINK R,2705666.0,
EBLINK R,2705666.0,2706456 792
ESACC R,2705608.0,2706538 932 1045.7 534.0 1026.3 438.1 2.65 360
SFIX R,2706540.0,
EFIX R,2706540.0,2706566 28 1028.8 438.6 1231
SSACC R,2706568.0,
ESACC R,2706568.0,2706622 56 1027.8 425.5 1016.3 537.0 3.03 372
SFIX R,2706624.0,
EFIX R,2706624.0,2718912 12290 1096.5 452.9 1243
SSACC R,2718914.0,
ESACC R,2718914.0,2718956 44 1151.3 294.5 1055.2 481.5 5.65 210
SFIX R,2718958.0,
EFIX R,2718958.0,2722992 4036 1056.1 471.9 1159
SSACC R,2722994.0,
SBLINK R,2723020.0,
EBLINK R,2723020.0,2723536 518
ESACC R,2722994.0,2723610 618 1095.0 443.5 995.1 422.0 2.76 242
SFIX R,2723612.0,
EFIX R,2723612.0,2723634 24 991.8 414.0 1228
SSACC R,2723636.0,
ESACC R,2723636.0,2723674 40 993.0 418.1 981.7 518.6 2.74 279
SFIX R,2723676.0,
EFIX R,2723676.0,2724186 512 983.6 521.5 1107
SSACC R,2724188.0,
SBLINK R,2724214.0,
EBLINK R,2724214.0,2725628 1416
ESACC R,2724188.0,2725826 1640 986.1 519.1 972.9 504.1 0.54 556
SFIX R,2725828.0,
EFIX R,2725828.0,2726146 320 974.3 504.7 1130
SSACC R,2726148.0,
ESACC R,2726148.0,2726162 16 977.1 509.5 988.3 507.0 0.31 49
SFIX R,2726164.0,
EFIX R,2726164.0,2727554 1392 985.6 515.1 1156
SSACC R,2727556.0,
SBLINK R,2727590.0,
EBLINK R,2727590.0,2753458 25870
ESACC R,2727556.0,2764926 37372 986.6 515.6 1119.9 252.8 7.92 1835
SFIX R,2764928.0,
EFIX R,2764928.0,2764978 52 1120.1 263.1 1608
SSACC R,2764980.0,
ESACC R,2764980.0,2765044 66 1118.2 260.5 1115.3 255.6 0.15 1748
SFIX R,2765046.0,
EFIX R,2765046.0,2765088 44 1115.1 258.7 1591
SSACC R,2765090.0,
ESACC R,2765090.0,2765330 242 1110.8 253.7 1112.3 270.9 0.46 1288
SFIX R,2765332.0,
EFIX R,2765332.0,2765354 24 1113.3 265.5 1589
SSACC R,2765356.0,
ESACC R,2765356.0,2765398 44 1112.6 261.7 1112.2 262.3 0.02 925
SFIX R,2765400.0,
EFIX R,2765400.0,2765442 44 1112.2 259.3 1594
SSACC R,2765444.0,
ESACC R,2765444.0,2765616 174 1110.5 257.3 1110.6 267.5 0.27 1859
SFIX R,2765618.0,
EFIX R,2765618.0,2765646 30 1110.4 264.0 1587
SSACC R,2765648.0,
ESACC R,2765648.0,2765784 138 1111.0 263.4 1107.2 265.0 0.11 1166
SFIX R,2765786.0,
EFIX R,2765786.0,2765806 22 1104.1 261.0 1579
SSACC R,2765808.0,
ESACC R,2765808.0,2765822 16 1102.4 274.6 1102.8 250.3 0.65 58
SFIX R,2765824.0,
EFIX R,2765824.0,2765860 38 1101.7 261.3 1567
SSACC R,2765862.0,
ESACC R,2765862.0,2766006 146 1099.9 273.3 1101.6 257.9 0.41 481
SFIX R,2766008.0,
EFIX R,2766008.0,2766666 660 1108.7 260.4 1547
SSACC R,2766668.0,
ESACC R,2766668.0,2766684 18 1113.9 265.6 1116.7 249.0 0.45 51
SFIX R,2766686.0,
EFIX R,2766686.0,2766972 288 1117.0 258.4 1553
SSACC R,2766974.0,
ESACC R,2766974.0,2766978 6 1121.4 251.4 1119.9 254.6 0.09 51
SFIX R,2766980.0,
EFIX R,2766980.0,2767074 96 1122.0 255.5 1560
SSACC R,2767076.0,
ESACC R,2767076.0,2767088 14 1124.9 244.6 1124.1 259.3 0.39 56
SFIX R,2767090.0,
EFIX R,2767090.0,2767164 76 1124.1 257.9 1568
SSACC R,2767166.0,
ESACC R,2767166.0,2767216 52 1125.0 255.0 1124.4 248.8 0.17 92
SFIX R,2767218.0,
EFIX R,2767218.0,2767508 292 1118.9 255.8 1569
SSACC R,2767510.0,
ESACC R,2767510.0,2767570 62 1118.8 253.3 1115.3 255.1 0.11 135
SFIX R,2767572.0,
EFIX R,2767572.0,2767808 238 1114.7 260.1 1533
SSACC R,2767810.0,
ESACC R,2767810.0,2767822 14 1113.6 261.3 1114.8 245.4 0.42 54
SFIX R,2767824.0,
EFIX R,2767824.0,2767854 32 1114.2 255.9 1519
SSACC R,2767856.0,
ESACC R,2767856.0,2767860 6 1109.1 242.7 1111.1 259.2 0.44 74
SFIX R,2767862.0,
EFIX R,2767862.0,2768078 218 1113.4 253.2 1500
SSACC R,2768080.0,
ESACC R,2768080.0,2768098 20 1113.8 247.1 1109.8 254.9 0.23 69
SFIX R,2768100.0,
EFIX R,2768100.0,2768340 242 1109.8 247.5 1464
SSACC R,2768342.0,
ESACC R,2768342.0,2768516 176 1107.4 261.2 1110.2 252.5 0.24 142
SFIX R,2768518.0,
EFIX R,2768518.0,2768538 22 1110.0 241.6 1427
SSACC R,2768540.0,
ESACC R,2768540.0,2768562 24 1104.2 233.7 1108.0 234.7 0.11 209
SFIX R,2768564.0,
EFIX R,2768564.0,2768604 42 1109.4 238.1 1426
SSACC R,2768606.0,
ESACC R,2768606.0,2768652 48 1114.7 236.1 1110.9 247.4 0.32 121
SFIX R,2768654.0,
EFIX R,2768654.0,2768942 290 1109.2 231.7 1409
SSACC R,2768944.0,
ESACC R,2768944.0,2768980 38 1098.7 220.1 1097.3 221.8 0.06 96
SFIX R,2768982.0,
EFIX R,2768982.0,2769068 88 1101.5 223.0 1394
SSACC R,2769070.0,
ESACC R,2769070.0,2769216 148 1102.0 217.0 1099.5 221.8 0.14 219
SFIX R,2769218.0,
EFIX R,2769218.0,2769336 120 1100.7 210.8 1411
SSACC R,2769338.0,
ESACC R,2769338.0,2769346 10 1100.0 199.1 1102.3 217.6 0.49 56
SFIX R,2769348.0,
EFIX R,2769348.0,2769472 126 1100.6 200.5 1414
SSACC R,2769474.0,
ESACC R,2769474.0,2769494 22 1094.8 181.7 1099.1 192.4 0.30 69
SFIX R,2769496.0,
EFIX R,2769496.0,2769646 152 1101.0 197.6 1407
SSACC R,2769648.0,
ESACC R,2769648.0,2769722 76 1104.5 205.8 1098.8 190.3 0.44 65
SFIX R,2769724.0,
EFIX R,2769724.0,2769876 154 1094.9 189.2 1400
SSACC R,2769878.0,
ESACC R,2769878.0,2769928 52 1096.4 176.8 1093.4 185.6 0.24 74
SFIX R,2769930.0,
EFIX R,2769930.0,2770060 132 1096.2 184.3 1407
SSACC R,2770062.0,
ESACC R,2770062.0,2770072 12 1099.4 180.5 1098.8 175.6 0.13 22
SFIX R,2770074.0,
EFIX R,2770074.0,2770244 172 1098.3 177.3 1391
SSACC R,2770246.0,
ESACC R,2770246.0,2770306 62 1096.7 180.1 1099.3 159.4 0.55 74
SFIX R,2770308.0,
EFIX R,2770308.0,2770558 252 1091.9 152.1 1364
SSACC R,2770560.0,
ESACC R,2770560.0,2770612 54 1083.4 148.6 1084.7 132.6 0.42 71
SFIX R,2770614.0,
EFIX R,2770614.0,2770760 148 1086.2 137.2 1343
SSACC R,2770762.0,
ESACC R,2770762.0,2770878 118 1084.3 126.5 1085.0 128.0 0.04 81
SFIX R,2770880.0,
EFIX R,2770880.0,2770964 86 1083.1 124.9 1353
SSACC R,2770966.0,
ESACC R,2770966.0,2770990 26 1081.9 104.1 1084.6 123.2 0.50 83
SFIX R,2770992.0,
EFIX R,2770992.0,2771094 104 1082.7 110.0 1349
SSACC R,2771096.0,
ESACC R,2771096.0,2771116 22 1084.1 117.1 1083.0 111.8 0.14 68
SFIX R,2771118.0,
EFIX R,2771118.0,2771146 30 1081.6 104.2 1347
SSACC R,2771148.0,
ESACC R,2771148.0,2771210 64 1081.4 106.2 994.2 760.8 17.43 734
SFIX R,2771212.0,
EFIX R,2771212.0,2779758 8548 1012.2 637.6 1160
SSACC R,2779760.0,
ESACC R,2779760.0,2779798 40 1052.5 527.5 1050.8 526.8 0.05 167
SFIX R,2779800.0,
EFIX R,2779800.0,2780246 448 1054.5 521.5 1226
SSACC R,2780248.0,
ESACC R,2780248.0,2780268 22 1066.2 518.0 1067.4 517.9 0.03 123
SFIX R,2780270.0,
EFIX R,2780270.0,2780456 188 1071.2 521.4 1264
SSACC R,2780458.0,
ESACC R,2780458.0,2780608 152 1071.9 525.9 1074.7 455.7 1.90 274
SFIX R,2780610.0,
EFIX R,2780610.0,2780634 26 1075.3 454.4 1423
SSACC R,2780636.0,
ESACC R,2780636.0,2781002 368 1072.6 449.9 1062.5 508.5 1.61 255
SFIX R,2781004.0,
EFIX R,2781004.0,2781662 660 1065.1 505.2 1219
SSACC R,2781664.0,
ESACC R,2781664.0,2782120 458 1062.1 491.9 1061.5 487.7 0.11 340
SFIX R,2782122.0,
EFIX R,2782122.0,2782160 40 1060.2 486.9 1204
SSACC R,2782162.0,
ESACC R,2782162.0,2782182 22 1061.7 490.1 1058.6 486.4 0.13 195
SFIX R,2782184.0,
EFIX R,2782184.0,2782262 80 1057.1 484.7 1192
SSACC R,2782264.0,
ESACC R,2782264.0,2782286 24 1055.8 481.6 1054.2 483.1 0.06 256
SFIX R,2782288.0,
EFIX R,2782288.0,2782356 70 1051.7 481.2 1188
SSACC R,2782358.0,
ESACC R,2782358.0,2782414 58 1051.7 481.0 1050.1 478.0 0.09 300
SFIX R,2782416.0,
EFIX R,2782416.0,2782450 36 1049.4 475.3 1196
SSACC R,2782452.0,
ESACC R,2782452.0,2782520 70 1049.1 474.3 1049.0 471.9 0.07 163
SFIX R,2782522.0,
EFIX R,2782522.0,2782556 36 1048.7 471.2 1209
SSACC R,2782558.0,
ESACC R,2782558.0,2783138 582 1050.9 470.7 1066.9 461.0 0.51 324
SFIX R,2783140.0,
EFIX R,2783140.0,2783160 22 1067.8 462.1 1263
SSACC R,2783162.0,
ESACC R,2783162.0,2783182 22 1067.9 463.6 1067.4 461.8 0.05 146
SFIX R,2783184.0,
EFIX R,2783184.0,2783386 204 1069.3 462.9 1265
SSACC R,2783388.0,
ESACC R,2783388.0,2783466 80 1071.9 462.7 1072.0 456.8 0.16 188
SFIX R,2783468.0,
EFIX R,2783468.0,2783488 22 1072.5 455.4 1284
SSACC R,2783490.0,
ESACC R,2783490.0,2783510 22 1074.0 455.6 1075.6 456.0 0.04 204
SFIX R,2783512.0,
EFIX R,2783512.0,2783556 46 1075.0 454.5 1287
SSACC R,2783558.0,
ESACC R,2783558.0,2783580 24 1076.1 450.5 1077.9 451.7 0.06 228
SFIX R,2783582.0,
EFIX R,2783582.0,2793114 9534 1121.9 404.6 1306
SSACC R,2793116.0,
ESACC R,2793116.0,2793148 34 1139.2 352.4 1095.8 463.6 3.21 158
SFIX R,2793150.0,
EFIX R,2793150.0,2796612 3464 1063.0 440.9 1295
SSACC R,2796614.0,
ESACC R,2796614.0,2796658 46 1069.8 358.6 1071.9 355.2 0.11 136
SFIX R,2796660.0,
EFIX R,2796660.0,2796718 60 1069.0 349.7 1307
SSACC R,2796720.0,
ESACC R,2796720.0,2796738 20 1068.1 346.0 1065.2 346.2 0.08 130
SFIX R,2796740.0,
EFIX R,2796740.0,2797466 728 1067.3 343.5 1299
SSACC R,2797468.0,
ESACC R,2797468.0,2797516 50 1073.9 336.3 1073.0 339.8 0.10 110
SFIX R,2797518.0,
EFIX R,2797518.0,2797546 30 1072.9 336.8 1309
SSACC R,2797548.0,
ESACC R,2797548.0,2797566 20 1072.4 333.3 1077.3 336.3 0.15 112
SFIX R,2797568.0,
EFIX R,2797568.0,2798084 518 1075.6 336.3 1293
SSACC R,2798086.0,
ESACC R,2798086.0,2798110 26 1066.4 328.3 1068.3 403.4 2.02 147
SFIX R,2798112.0,
EFIX R,2798112.0,2806026 7916 1044.4 344.2 1241
SSACC R,2806028.0,
ESACC R,2806028.0,2806084 58 1050.4 225.4 1052.3 223.9 0.06 120
SFIX R,2806086.0,
EFIX R,2806086.0,2806108 24 1052.5 223.4 1186
SSACC R,2806110.0,
ESACC R,2806110.0,2806346 238 1051.2 223.5 1071.6 136.9 2.35 213
SFIX R,2806348.0,
EFIX R,2806348.0,2806568 222 1071.4 139.9 1334
SSACC R,2806570.0,
ESACC R,2806570.0,2806578 10 1069.3 165.6 1073.2 135.7 0.79 99
SFIX R,2806580.0,
EFIX R,2806580.0,2806914 336 1072.4 132.6 1321
SSACC R,2806916.0,
ESACC R,2806916.0,2806936 22 1070.8 126.4 1073.0 127.4 0.06 95
SFIX R,2806938.0,
EFIX R,2806938.0,2807070 134 1073.6 116.9 1304
SSACC R,2807072.0,
ESACC R,2807072.0,2807076 6 1077.5 107.4 1069.1 99.4 0.30 56
SFIX R,2807078.0,
EFIX R,2807078.0,2807192 116 1074.1 106.1 1301
SSACC R,2807194.0,
ESACC R,2807194.0,2807208 16 1078.1 107.1 1073.7 96.1 0.31 68
SFIX R,2807210.0,
EFIX R,2807210.0,2807578 370 1074.9 96.4 1308
SSACC R,2807580.0,
ESACC R,2807580.0,2807590 12 1076.6 88.9 1079.6 78.8 0.27 72
SFIX R,2807592.0,
EFIX R,2807592.0,2807750 160 1075.2 84.5 1317
SSACC R,2807752.0,
ESACC R,2807752.0,2807758 8 1073.1 83.9 1079.0 76.2 0.25 100
SFIX R,2807760.0,
EFIX R,2807760.0,2808056 298 1079.5 69.7 1352
SSACC R,2808058.0,
ESACC R,2808058.0,2808106 50 1077.8 76.8 1078.6 74.1 0.07 73
SFIX R,2808108.0,
EFIX R,2808108.0,2808152 46 1079.3 71.2 1386
SSACC R,2808154.0,
ESACC R,2808154.0,2808172 20 1076.7 75.6 1078.2 70.9 0.13 70
SFIX R,2808174.0,
EFIX R,2808174.0,2808226 54 1078.7 74.6 1393
SSACC R,2808228.0,
ESACC R,2808228.0,2808256 30 1078.8 79.1 1080.4 70.4 0.23 108
SFIX R,2808258.0,
EFIX R,2808258.0,2808400 144 1079.8 73.8 1397
SSACC R,2808402.0,
ESACC R,2808402.0,2808438 38 1073.3 75.1 1075.6 78.6 0.11 70
SFIX R,2808440.0,
EFIX R,2808440.0,2808492 54 1076.8 71.1 1424
SSACC R,2808494.0,
ESACC R,2808494.0,2808584 92 1074.4 64.0 1044.3 350.7 7.59 1614
SFIX R,2808586.0,
EFIX R,2808586.0,2808672 88 1045.2 346.3 1462
SSACC R,2808674.0,
ESACC R,2808674.0,2808704 32 1042.2 346.6 1047.3 336.3 0.31 42
SFIX R,2808706.0,
EFIX R,2808706.0,2808738 34 1045.5 338.4 1466
SSACC R,2808740.0,
ESACC R,2808740.0,2808820 82 1048.3 346.8 1038.0 413.8 1.83 257
SFIX R,2808822.0,
EFIX R,2808822.0,2809672 852 1039.8 419.3 1237
SSACC R,2809674.0,
ESACC R,2809674.0,2809868 196 1047.1 405.2 1059.5 336.4 1.88 269
SFIX R,2809870.0,
EFIX R,2809870.0,2809894 26 1059.5 324.5 1373
SSACC R,2809896.0,
ESACC R,2809896.0,2809946 52 1061.6 319.8 1062.8 320.4 0.04 145
SFIX R,2809948.0,
EFIX R,2809948.0,2810030 84 1062.2 322.7 1358
SSACC R,2810032.0,
ESACC R,2810032.0,2810054 24 1058.6 331.5 1061.7 320.2 0.31 154
SFIX R,2810056.0,
EFIX R,2810056.0,2810204 150 1064.7 316.5 1361
SSACC R,2810206.0,
ESACC R,2810206.0,2810226 22 1067.7 318.8 1067.6 320.7 0.05 87
SFIX R,2810228.0,
EFIX R,2810228.0,2810452 226 1072.7 312.2 1361
SSACC R,2810454.0,
ESACC R,2810454.0,2810486 34 1074.0 294.9 1075.9 308.6 0.37 94
SFIX R,2810488.0,
EFIX R,2810488.0,2810522 36 1076.6 310.5 1370
SSACC R,2810524.0,
ESACC R,2810524.0,2810592 70 1076.8 313.3 1078.5 297.4 0.43 801
SFIX R,2810594.0,
EFIX R,2810594.0,2810600 8 1079.8 311.1 1374
SSACC R,2810602.0,
SBLINK R,2811012.0,
EBLINK R,2811012.0,2811012 2
ESACC R,2810602.0,2811160 560 1076.7 300.1 1082.5 306.6 0.23 1456
SFIX R,2811162.0,
EFIX R,2811162.0,2811198 38 1080.2 289.1 1349
SSACC R,2811200.0,
ESACC R,2811200.0,2811216 18 1080.1 311.6 1082.9 301.8 0.27 84
SFIX R,2811218.0,
EFIX R,2811218.0,2811360 144 1078.5 286.9 1329
SSACC R,2811362.0,
SBLINK R,2811490.0,
EBLINK R,2811490.0,2811490 2
ESACC R,2811362.0,2811650 290 1079.8 293.1 1073.2 261.4 0.86 99
SFIX R,2811652.0,
EFIX R,2811652.0,2811788 138 1078.4 272.9 1314
SSACC R,2811790.0,
SBLINK R,2811916.0,
EBLINK R,2811916.0,2811916 2
ESACC R,2811790.0,2811996 208 1081.4 266.4 1076.5 254.2 0.35 91
SFIX R,2811998.0,
EFIX R,2811998.0,2812052 56 1073.0 247.9 1287
SSACC R,2812054.0,
ESACC R,2812054.0,2812376 324 1072.2 252.1 1067.7 204.5 1.27 106
SFIX R,2812378.0,
EFIX R,2812378.0,2812448 72 1072.7 222.4 1272
SSACC R,2812450.0,
ESACC R,2812450.0,2812508 60 1071.5 231.8 1072.8 220.9 0.29 52
SFIX R,2812510.0,
EFIX R,2812510.0,2812666 158 1073.6 218.6 1262
SSACC R,2812668.0,
ESACC R,2812668.0,2812674 8 1071.2 193.2 1077.7 221.0 0.75 92
SFIX R,2812676.0,
EFIX R,2812676.0,2812964 290 1081.6 213.8 1263
SSACC R,2812966.0,
ESACC R,2812966.0,2812970 6 1086.9 200.0 1084.6 215.5 0.41 60
SFIX R,2812972.0,
EFIX R,2812972.0,2813250 280 1088.0 206.5 1269
SSACC R,2813252.0,
ESACC R,2813252.0,2813270 20 1094.4 204.2 1096.1 186.8 0.46 85
SFIX R,2813272.0,
EFIX R,2813272.0,2813362 92 1096.4 197.1 1284
SSACC R,2813364.0,
ESACC R,2813364.0,2813390 28 1093.4 180.1 1095.8 185.5 0.16 93
SFIX R,2813392.0,
EFIX R,2813392.0,2813454 64 1099.2 189.9 1294
SSACC R,2813456.0,
ESACC R,2813456.0,2813534 80 1102.9 205.8 1101.0 192.3 0.36 66
SFIX R,2813536.0,
EFIX R,2813536.0,2813550 16 1104.1 198.6 1299
SSACC R,2813552.0,
ESACC R,2813552.0,2813636 86 1104.0 196.8 1104.0 196.3 0.01 85
SFIX R,2813638.0,
EFIX R,2813638.0,2813694 58 1104.8 192.5 1333
SSACC R,2813696.0,
SBLINK R,2813708.0,
EBLINK R,2813708.0,2813806 100
ESACC R,2813696.0,2813814 120 1107.0 202.2 1101.2 183.5 0.52 91
SFIX R,2813816.0,
EFIX R,2813816.0,2813836 22 1102.0 175.1 1348
SSACC R,2813838.0,
SBLINK R,2813852.0,
EBLINK R,2813852.0,2813988 138
ESACC R,2813838.0,2814140 304 1096.5 172.1 1114.5 166.0 0.50 117
SFIX R,2814142.0,
EFIX R,2814142.0,2814172 32 1109.7 177.0 1361
SSACC R,2814174.0,
ESACC R,2814174.0,2814272 100 1107.3 180.4 1114.3 173.3 0.26 96
SFIX R,2814274.0,
EFIX R,2814274.0,2814348 76 1113.1 172.6 1391
SSACC R,2814350.0,
SBLINK R,2814408.0,
EBLINK R,2814408.0,2814408 2
ESACC R,2814350.0,2814454 106 1115.2 182.2 1119.9 166.8 0.42 96
SFIX R,2814456.0,
EFIX R,2814456.0,2814622 168 1123.1 170.6 1417
SSACC R,2814624.0,
ESACC R,2814624.0,2814758 136 1127.7 161.8 1128.3 167.5 0.15 953
SFIX R,2814760.0,
EFIX R,2814760.0,2814812 54 1130.1 169.6 1452
SSACC R,2814814.0,
ESACC R,2814814.0,2814860 48 1134.8 158.7 1131.8 181.9 0.61 97
SFIX R,2814862.0,
EFIX R,2814862.0,2814972 112 1132.2 179.8 1473
SSACC R,2814974.0,
ESACC R,2814974.0,2815040 68 1127.8 174.3 1134.7 190.5 0.46 69
SFIX R,2815042.0,
EFIX R,2815042.0,2815504 464 1135.8 188.9 1534
SSACC R,2815506.0,
ESACC R,2815506.0,2815524 20 1128.6 199.3 1126.1 202.5 0.11 60
SFIX R,2815526.0,
EFIX R,2815526.0,2815604 80 1127.6 193.0 1538
SSACC R,2815606.0,
ESACC R,2815606.0,2815732 128 1128.0 205.2 1132.1 203.1 0.12 202
SFIX R,2815734.0,
EFIX R,2815734.0,2815756 24 1132.8 200.8 1512
SSACC R,2815758.0,
ESACC R,2815758.0,2815780 24 1132.2 204.4 1128.0 212.5 0.24 148
SFIX R,2815782.0,
EFIX R,2815782.0,2815916 136 1132.6 207.5 1520
SSACC R,2815918.0,
ESACC R,2815918.0,2815958 42 1133.9 214.6 1133.3 197.0 0.46 84
SFIX R,2815960.0,
EFIX R,2815960.0,2816116 158 1135.5 209.7 1522
SSACC R,2816118.0,
ESACC R,2816118.0,2816148 32 1134.4 218.1 1139.9 205.3 0.37 95
SFIX R,2816150.0,
EFIX R,2816150.0,2816318 170 1143.8 214.5 1515
SSACC R,2816320.0,
ESACC R,2816320.0,2816328 10 1143.7 259.6 1151.1 215.3 1.19 114
SFIX R,2816330.0,
EFIX R,2816330.0,2816382 54 1151.0 212.3 1502
SSACC R,2816384.0,
ESACC R,2816384.0,2816468 86 1149.9 212.4 1147.0 279.2 1.77 130
SFIX R,2816470.0,
EFIX R,2816470.0,2820616 4148 1143.1 238.9 1322
SSACC R,2820618.0,
SBLINK R,2820638.0,
EBLINK R,2820638.0,2821126 490
ESACC R,2820618.0,2821208 592 1133.3 245.0 1072.8 180.3 2.35 109
SFIX R,2821210.0,
EFIX R,2821210.0,2821400 192 1073.1 172.1 1337
SSACC R,2821402.0,
ESACC R,2821402.0,2821450 50 1079.4 166.3 1078.6 251.6 2.25 238
SFIX R,2821452.0,
EFIX R,2821452.0,2825530 4080 1106.8 224.0 1260
SSACC R,2825532.0,
SBLINK R,2825560.0,
EBLINK R,2825560.0,2826098 540
ESACC R,2825532.0,2826248 718 1131.4 220.3 1034.1 361.2 4.58 1501
SFIX R,2826250.0,
EFIX R,2826250.0,2826270 22 1033.3 361.3 1416
SSACC R,2826272.0,
ESACC R,2826272.0,2826288 18 1038.7 359.7 1026.7 444.2 2.30 291
SFIX R,2826290.0,
EFIX R,2826290.0,2826640 352 1035.9 454.0 1225
SSACC R,2826642.0,
SBLINK R,2826660.0,
MSG,2838165.0,STORY_1_END
EBLINK R,2826660.0,2838586 11928
ESACC R,2826642.0,2839426 12786 1028.8 451.8 879.0 427.3 4.11 1620
SFIX R,2839428.0,
EFIX R,2839428.0,2839586 160 871.5 429.0 1351
SSACC R,2839588.0,
ESACC R,2839588.0,2839604 18 876.4 428.9 921.5 440.0 1.26 111
SFIX R,2839606.0,
EFIX R,2839606.0,2839792 188 915.5 442.5 1394
SSACC R,2839794.0,
ESACC R,2839794.0,2839832 40 913.7 444.4 1073.2 441.1 4.32 260
SFIX R,2839834.0,
EFIX R,2839834.0,2839998 166 1064.5 446.2 1431
SSACC R,2840000.0,
ESACC R,2840000.0,2840020 22 1063.3 447.2 1140.6 454.0 2.09 178
SFIX R,2840022.0,
EFIX R,2840022.0,2840160 140 1130.4 459.2 1452
SSACC R,2840162.0,
ESACC R,2840162.0,2840206 46 1126.6 463.2 785.2 551.0 9.50 359
SFIX R,2840208.0,
EFIX R,2840208.0,2840384 178 789.6 550.4 1465
SSACC R,2840386.0,
ESACC R,2840386.0,2840412 28 786.6 552.3 906.5 565.3 3.26 222
SFIX R,2840414.0,
EFIX R,2840414.0,2840626 214 900.2 567.4 1454
SSACC R,2840628.0,
SBLINK R,2840678.0,
EBLINK R,2840678.0,2858228 17552
ESACC R,2840628.0,2858588 17962 899.3 563.5 -643.9 35.9 34.63 470
SFIX R,2858590.0,
EFIX R,2858590.0,2858620 32 -645.7 43.5 2374
SSACC R,2858622.0,
ESACC R,2858622.0,2858768 148 -643.7 50.1 -633.0 149.8 2.10 211
SFIX R,2858770.0,
EFIX R,2858770.0,2858792 24 -630.4 164.9 1775
SSACC R,2858794.0,
SBLINK R,2858928.0,
MSG,2886017.0,STORY_2_START
EBLINK R,2858928.0,2936122 77196
ESACC R,2858794.0,2936242 77450 -638.2 180.8 426.0 -175.6 22.88 3200
SFIX R,2936244.0,
EFIX R,2936244.0,2936282 40 423.6 -168.8 1924
SSACC R,2936284.0,
SBLINK R,2936434.0,
EBLINK R,2936434.0,2982018 45586
ESACC R,2936284.0,2982354 46072 420.4 -158.2 1043.8 423.5 21.73 2011
SFIX R,2982356.0,
EFIX R,2982356.0,2982414 60 1041.8 424.3 1370
SSACC R,2982416.0,
ESACC R,2982416.0,2982438 24 1041.1 432.9 1043.3 420.9 0.33 910
SFIX R,2982440.0,
EFIX R,2982440.0,2983424 986 1039.9 429.1 1416
SSACC R,2983426.0,
ESACC R,2983426.0,2983488 64 1030.6 442.6 1028.5 445.2 0.09 1365
SFIX R,2983490.0,
EFIX R,2983490.0,2983512 24 1027.9 439.2 1441
SSACC R,2983514.0,
ESACC R,2983514.0,2984240 728 1029.1 440.3 980.3 426.9 1.37 1886
SFIX R,2984242.0,
EFIX R,2984242.0,2984284 44 980.6 422.3 1284
SSACC R,2984286.0,
ESACC R,2984286.0,2984304 20 980.1 420.2 1021.2 431.3 1.15 114
SFIX R,2984306.0,
EFIX R,2984306.0,2984386 82 1011.2 422.0 1272
SSACC R,2984388.0,
ESACC R,2984388.0,2984394 8 1012.3 426.4 1012.4 418.1 0.22 58
SFIX R,2984396.0,
EFIX R,2984396.0,2984672 278 1010.6 413.0 1274
SSACC R,2984674.0,
ESACC R,2984674.0,2984700 28 1008.7 414.7 1009.0 418.3 0.10 64
SFIX R,2984702.0,
EFIX R,2984702.0,2984726 26 1010.7 416.3 1290
SSACC R,2984728.0,
ESACC R,2984728.0,2984742 16 1009.0 412.1 1007.0 430.4 0.50 75
SFIX R,2984744.0,
EFIX R,2984744.0,2984826 84 1008.1 427.1 1278
SSACC R,2984828.0,
SBLINK R,2984838.0,
EBLINK R,2984838.0,2998810 13974
ESACC R,2984828.0,2999168 14342 843.7 -111.7 766.9 -29.1 2.87 737
SFIX R,2999170.0,
EFIX R,2999170.0,2999192 24 760.9 -26.5 1990
SSACC R,2999194.0,
SBLINK R,2999280.0,
EBLINK R,2999280.0,3007684 8406
ESACC R,2999194.0,3007710 8518 750.5 -42.2 1023.5 450.1 14.73 1984
SFIX R,3007712.0,
EFIX R,3007712.0,3007742 32 1022.0 451.5 1321
SSACC R,3007744.0,
SBLINK R,3007796.0,
EBLINK R,3007796.0,3008702 908
ESACC R,3007744.0,3008720 978 1025.6 446.3 1119.1 475.2 2.64 2046
SFIX R,3008722.0,
EFIX R,3008722.0,3008786 66 1117.7 479.3 1368
SSACC R,3008788.0,
SBLINK R,3008800.0,
EBLINK R,3008800.0,3210804 202006
ESACC R,3008788.0,3210882 202096 1114.8 481.6 1132.6 353.4 3.48 565
SFIX R,3210884.0,
EFIX R,3210884.0,3211028 146 1122.3 366.5 1301
SSACC R,3211030.0,
SBLINK R,3211078.0,
EBLINK R,3211078.0,3211898 822
ESACC R,3211030.0,3211938 910 1112.2 380.5 1097.7 458.7 2.14 1673
SFIX R,3211940.0,
EFIX R,3211940.0,3212080 142 1098.2 448.1 1375
SSACC R,3212082.0,
ESACC R,3212082.0,3212170 90 1100.0 443.1 1097.7 438.5 0.14 778
SFIX R,3212172.0,
EFIX R,3212172.0,3212208 38 1094.8 438.4 1375
SSACC R,3212210.0,
ESACC R,3212210.0,3212224 16 1091.5 438.6 1085.0 437.3 0.18 46
SFIX R,3212226.0,
EFIX R,3212226.0,3212408 184 1092.5 442.8 1367
SSACC R,3212410.0,
SBLINK R,3212442.0,
EBLINK R,3212442.0,3239554 27114
ESACC R,3212410.0,3239562 27154 1092.6 446.7 887.4 -140.6 16.06 1357
SFIX R,3239564.0,
EFIX R,3239564.0,3239664 102 1023.9 473.5 1262
SSACC R,3239666.0,
SBLINK R,3239694.0,
EBLINK R,3239694.0,3239898 206
ESACC R,3239666.0,3239988 324 1021.1 484.0 1044.1 496.4 0.71 434
SFIX R,3239990.0,
EFIX R,3239990.0,3240300 312 1037.0 502.5 1068
SSACC R,3240302.0,
ESACC R,3240302.0,3240422 122 1038.8 499.6 3270.0 -50.8 38.88 838
SFIX R,3240424.0,
EFIX R,3240424.0,3240514 92 3270.0 -43.6 1003
SSACC R,3240516.0,
ESACC R,3240516.0,3240616 102 3270.0 -39.0 1111.5 404.6 37.25 1579
SFIX R,3240618.0,
EFIX R,3240618.0,3240786 170 1091.1 416.6 1114
SSACC R,3240788.0,
ESACC R,3240788.0,3240818 32 1084.7 416.6 1052.5 486.1 2.07 182
SFIX R,3240820.0,
EFIX R,3240820.0,3241132 314 1041.2 489.5 1177
SSACC R,3241134.0,
ESACC R,3241134.0,3241244 112 1037.0 503.2 2435.4 98.3 31.86 436
SFIX R,3241246.0,
EFIX R,3241246.0,3241348 104 2424.4 105.3 1100
SSACC R,3241350.0,
ESACC R,3241350.0,3241440 92 2423.6 116.5 1135.9 411.1 28.82 552
SFIX R,3241442.0,
EFIX R,3241442.0,3241598 158 1114.6 415.4 1171
SSACC R,3241600.0,
ESACC R,3241600.0,3241626 28 1107.2 418.7 1047.9 501.2 2.75 229
SFIX R,3241628.0,
EFIX R,3241628.0,3242284 658 1031.5 511.4 1216
SSACC R,3242286.0,
ESACC R,3242286.0,3242300 16 1026.2 526.0 1058.7 521.9 0.89 81
SFIX R,3242302.0,
EFIX R,3242302.0,3242620 320 1050.1 515.4 1172
SSACC R,3242622.0,
SBLINK R,3242662.0,
EBLINK R,3242662.0,3286328 43668
ESACC R,3242622.0,3286388 43768 1051.4 517.1 1026.3 505.4 0.75 480
SFIX R,3286390.0,
EFIX R,3286390.0,3286486 98 1023.1 510.5 1268
SSACC R,3286488.0,
ESACC R,3286488.0,3286606 120 1021.4 510.9 802.7 191.3 10.36 1397
SFIX R,3286608.0,
EFIX R,3286608.0,3286910 304 805.2 181.9 1227
SSACC R,3286912.0,
ESACC R,3286912.0,3286968 58 811.0 171.5 984.0 434.7 8.41 299
SFIX R,3286970.0,
EFIX R,3286970.0,3287094 126 987.7 455.7 1229
SSACC R,3287096.0,
ESACC R,3287096.0,3287122 28 987.7 465.0 1042.7 537.8 2.47 184
SFIX R,3287124.0,
EFIX R,3287124.0,3287556 434 1041.1 542.3 1263
SSACC R,3287558.0,
ESACC R,3287558.0,3287876 320 1046.2 538.4 1080.1 436.2 2.91 964
SFIX R,3287878.0,
EFIX R,3287878.0,3287912 36 1080.5 433.1 1446
SSACC R,3287914.0,
SBLINK R,3288126.0,
EBLINK R,3288126.0,3288140 16
ESACC R,3287914.0,3288148 236 1075.9 452.4 1079.5 427.3 0.69 852
SFIX R,3288150.0,
EFIX R,3288150.0,3288176 28 1079.9 425.3 1487
SSACC R,3288178.0,
SBLINK R,3288222.0,
EBLINK R,3288222.0,3288294 74
ESACC R,3288178.0,3289050 874 1084.3 406.3 1090.0 428.1 0.61 1578
SFIX R,3289052.0,
EFIX R,3289052.0,3289104 54 1090.2 420.9 1391
SSACC R,3289106.0,
ESACC R,3289106.0,3289202 98 1091.0 408.3 1081.6 491.4 2.26 280
SFIX R,3289204.0,
EFIX R,3289204.0,3289238 36 1083.1 491.3 1260
SSACC R,3289240.0,
ESACC R,3289240.0,3289294 56 1084.8 493.0 1024.7 507.6 1.67 132
SFIX R,3289296.0,
EFIX R,3289296.0,3289662 368 1031.5 523.8 1219
SSACC R,3289664.0,
ESACC R,3289664.0,3289682 20 1032.3 529.8 1072.9 512.4 1.20 110
SFIX R,3289684.0,
EFIX R,3289684.0,3290088 406 1058.8 510.5 1149
SSACC R,3290090.0,
SBLINK R,3290142.0,
EBLINK R,3290142.0,3290330 190
ESACC R,3290090.0,3290392 304 1055.3 498.6 1103.9 425.1 2.38 498
SFIX R,3290394.0,
EFIX R,3290394.0,3290550 158 1104.7 425.0 1203
SSACC R,3290552.0,
ESACC R,3290552.0,3290582 32 1101.9 421.4 1055.6 523.2 3.02 188
SFIX R,3290584.0,
EFIX R,3290584.0,3290996 414 1057.2 520.0 1235
SSACC R,3290998.0,
ESACC R,3290998.0,3291012 16 1060.2 529.2 1028.2 540.1 0.92 93
SFIX R,3291014.0,
EFIX R,3291014.0,3291256 244 1037.7 543.7 1200
SSACC R,3291258.0,
ESACC R,3291258.0,3291282 26 1038.8 543.3 1126.9 533.9 2.39 175
SFIX R,3291284.0,
EFIX R,3291284.0,3291394 112 1118.3 526.0 1207
SSACC R,3291396.0,
ESACC R,3291396.0,3291622 228 1119.6 522.5 1071.2 453.6 2.27 243
SFIX R,3291624.0,
EFIX R,3291624.0,3291662 40 1083.0 445.5 1360
SSACC R,3291664.0,
ESACC R,3291664.0,3291682 20 1084.7 440.3 1084.2 443.7 0.09 138
SFIX R,3291684.0,
EFIX R,3291684.0,3291904 222 1082.9 451.7 1374
SSACC R,3291906.0,
ESACC R,3291906.0,3291922 18 1082.5 462.9 1085.8 453.6 0.27 48
SFIX R,3291924.0,
EFIX R,3291924.0,3291980 58 1083.3 452.0 1395
SSACC R,3291982.0,
SBLINK R,3292084.0,
EBLINK R,3292084.0,3295616 3534
ESACC R,3291982.0,3295650 3670 1081.5 458.0 1068.2 549.2 2.49 816
SFIX R,3295652.0,
EFIX R,3295652.0,3295672 22 1067.9 548.9 1193
SSACC R,3295674.0,
ESACC R,3295674.0,3295686 14 1062.6 547.5 1036.5 519.9 1.03 100
SFIX R,3295688.0,
EFIX R,3295688.0,3295858 172 1040.4 514.1 1191
SSACC R,3295860.0,
ESACC R,3295860.0,3295904 46 1042.9 517.2 1056.2 529.1 0.48 152
SFIX R,3295906.0,
EFIX R,3295906.0,3295980 76 1055.1 531.1 1129
SSACC R,3295982.0,
ESACC R,3295982.0,3296082 102 1054.3 527.5 1069.7 427.4 2.74 297
SFIX R,3296084.0,
EFIX R,3296084.0,3296118 36 1071.0 440.0 1204
SSACC R,3296120.0,
ESACC R,3296120.0,3296362 244 1060.3 491.9 1069.7 454.5 1.04 257
SFIX R,3296364.0,
EFIX R,3296364.0,3296402 40 1071.6 449.2 1222
SSACC R,3296404.0,
SBLINK R,3296416.0,
EBLINK R,3296416.0,3299610 3196
ESACC R,3296404.0,3299722 3320 1072.4 452.8 1106.7 531.7 2.33 270
SFIX R,3299724.0,
EFIX R,3299724.0,3299998 276 1109.1 536.9 1338
SSACC R,3300000.0,
ESACC R,3300000.0,3300182 184 1113.7 541.0 1107.4 451.2 2.43 294
SFIX R,3300184.0,
EFIX R,3300184.0,3300286 104 1111.1 458.4 1433
SSACC R,3300288.0,
ESACC R,3300288.0,3300344 58 1113.5 445.3 1095.4 535.7 2.49 238
SFIX R,3300346.0,
EFIX R,3300346.0,3300394 50 1095.2 532.5 1321
SSACC R,3300396.0,
ESACC R,3300396.0,3300458 64 1091.9 528.0 1379.3 259.8 10.43 312
SFIX R,3300460.0,
EFIX R,3300460.0,3300642 184 1373.2 248.7 1330
SSACC R,3300644.0,
ESACC R,3300644.0,3300702 60 1369.4 240.2 1101.6 495.9 9.81 406
SFIX R,3300704.0,
EFIX R,3300704.0,3301008 306 1083.3 511.7 1307
SSACC R,3301010.0,
ESACC R,3301010.0,3301070 62 1080.3 508.8 1122.2 168.8 9.14 339
SFIX R,3301072.0,
EFIX R,3301072.0,3301358 288 1115.9 173.4 1254
SSACC R,3301360.0,
ESACC R,3301360.0,3301420 62 1110.2 178.5 1041.5 453.4 7.57 297
SFIX R,3301422.0,
EFIX R,3301422.0,3301566 146 1038.4 461.7 1283
SSACC R,3301568.0,
ESACC R,3301568.0,3301596 30 1038.2 461.7 1070.3 509.9 1.57 139
SFIX R,3301598.0,
EFIX R,3301598.0,3302448 852 1065.4 488.7 1325
SSACC R,3302450.0,
ESACC R,3302450.0,3302480 32 1057.6 488.4 1048.8 406.8 2.22 113
SFIX R,3302482.0,
EFIX R,3302482.0,3302682 202 1044.7 410.8 1257
SSACC R,3302684.0,
ESACC R,3302684.0,3302712 30 1041.9 412.4 1044.7 488.5 2.06 119
SFIX R,3302714.0,
EFIX R,3302714.0,3303050 338 1048.4 486.1 1253
SSACC R,3303052.0,
ESACC R,3303052.0,3303068 18 1047.8 492.4 1070.9 491.2 0.63 77
SFIX R,3303070.0,
EFIX R,3303070.0,3303282 214 1061.8 487.1 1288
SSACC R,3303284.0,
ESACC R,3303284.0,3303298 16 1060.8 490.4 1054.3 497.7 0.26 52
SFIX R,3303300.0,
EFIX R,3303300.0,3304210 912 1062.4 506.0 1361
SSACC R,3304212.0,
ESACC R,3304212.0,3304252 42 1076.3 515.3 1164.0 396.9 3.97 206
SFIX R,3304254.0,
EFIX R,3304254.0,3304556 304 1163.7 406.3 1375
SSACC R,3304558.0,
ESACC R,3304558.0,3304592 36 1163.8 407.0 1085.0 507.2 3.44 188
SFIX R,3304594.0,
EFIX R,3304594.0,3305456 864 1081.5 518.5 1339
SSACC R,3305458.0,
ESACC R,3305458.0,3305518 62 1071.1 522.3 1409.6 310.2 10.58 276
SFIX R,3305520.0,
EFIX R,3305520.0,3305994 476 1395.4 302.8 1317
SSACC R,3305996.0,
ESACC R,3305996.0,3306024 30 1393.9 296.6 1319.1 256.5 2.21 129
SFIX R,3306026.0,
EFIX R,3306026.0,3306228 204 1315.7 257.5 1344
SSACC R,3306230.0,
ESACC R,3306230.0,3306282 54 1309.3 258.7 1083.1 509.0 8.99 467
SFIX R,3306284.0,
EFIX R,3306284.0,3307400 1118 1072.9 524.1 1314
SSACC R,3307402.0,
SBLINK R,3307430.0,
EBLINK R,3307430.0,3350026 42598
ESACC R,3307402.0,3350034 42634 1084.8 533.0 1156.4 -214.1 19.10 1160
SFIX R,3350036.0,
EFIX R,3350036.0,3350136 102 1081.6 547.1 1289
SSACC R,3350138.0,
ESACC R,3350138.0,3350190 54 1079.4 535.4 1210.9 326.5 6.63 239
SFIX R,3350192.0,
EFIX R,3350192.0,3350494 304 1199.2 328.5 1129
SSACC R,3350496.0,
ESACC R,3350496.0,3350532 38 1191.5 334.3 1092.5 454.0 4.17 186
SFIX R,3350534.0,
EFIX R,3350534.0,3350766 234 1096.1 445.7 1121
SSACC R,3350768.0,
ESACC R,3350768.0,3350794 28 1096.6 446.3 1081.8 526.6 2.21 143
SFIX R,3350796.0,
EFIX R,3350796.0,3351474 680 1081.2 526.7 1239
SSACC R,3351476.0,
ESACC R,3351476.0,3351488 14 1076.2 525.4 1101.0 514.3 0.73 68
SFIX R,3351490.0,
EFIX R,3351490.0,3351780 292 1090.7 486.8 1218
SSACC R,3351782.0,
ESACC R,3351782.0,3351896 116 1083.0 483.8 -287.9 307.9 31.86 442
SFIX R,3351898.0,
EFIX R,3351898.0,3352074 178 -280.3 301.9 1183
SSACC R,3352076.0,
ESACC R,3352076.0,3352172 98 -279.9 300.9 1129.0 502.1 32.85 595
SFIX R,3352174.0,
EFIX R,3352174.0,3352876 704 1134.5 526.7 1148
SSACC R,3352878.0,
ESACC R,3352878.0,3352896 20 1130.1 522.1 1079.5 514.8 1.38 132
SFIX R,3352898.0,
EFIX R,3352898.0,3353294 398 1085.9 512.7 1215
SSACC R,3353296.0,
ESACC R,3353296.0,3353410 116 1079.7 522.3 2522.6 668.3 30.87 400
SFIX R,3353412.0,
EFIX R,3353412.0,3353516 106 2493.6 659.5 1148
SSACC R,3353518.0,
ESACC R,3353518.0,3353612 96 2483.4 658.5 1203.6 477.4 27.72 526
SFIX R,3353614.0,
EFIX R,3353614.0,3353808 196 1178.7 484.8 1254
SSACC R,3353810.0,
ESACC R,3353810.0,3353940 132 1175.8 480.7 2731.3 691.4 31.47 401
SFIX R,3353942.0,
EFIX R,3353942.0,3354264 324 2727.4 702.0 1213
SSACC R,3354266.0,
SBLINK R,3354276.0,
EBLINK R,3354276.0,3404990 50716
ESACC R,3354266.0,3405334 51070 940.7 -170.4 1098.4 676.4 22.08 1077
SFIX R,3405336.0,
EFIX R,3405336.0,3405916 582 1091.2 684.7 1085
SSACC R,3405918.0,
SBLINK R,3405946.0,
EBLINK R,3405946.0,3455756 49812
ESACC R,3405918.0,3455764 49848 1094.9 683.7 1097.5 633.4 1.36 119
SFIX R,3455766.0,
EFIX R,3455766.0,3455802 38 1204.8 259.0 1363
SSACC R,3455804.0,
ESACC R,3455804.0,3455910 108 1208.4 262.9 1202.8 268.7 0.21 115
SFIX R,3455912.0,
EFIX R,3455912.0,3455938 28 1205.7 266.0 1353
SSACC R,3455940.0,
ESACC R,3455940.0,3456010 72 1204.8 256.6 1205.7 258.6 0.06 64
SFIX R,3456012.0,
EFIX R,3456012.0,3456266 256 1199.4 270.8 1300
SSACC R,3456268.0,
ESACC R,3456268.0,3456290 24 1197.2 271.4 1200.0 274.5 0.11 56
SFIX R,3456292.0,
EFIX R,3456292.0,3456324 34 1196.4 272.0 1288
SSACC R,3456326.0,
ESACC R,3456326.0,3456342 18 1197.2 282.8 1197.4 279.4 0.09 81
SFIX R,3456344.0,
EFIX R,3456344.0,3456426 84 1198.1 277.0 1289
SSACC R,3456428.0,
ESACC R,3456428.0,3456488 62 1200.7 271.6 1198.9 278.5 0.19 57
SFIX R,3456490.0,
EFIX R,3456490.0,3456650 162 1205.1 272.0 1298
SSACC R,3456652.0,
ESACC R,3456652.0,3456674 24 1200.4 261.4 1205.3 267.4 0.21 91
SFIX R,3456676.0,
EFIX R,3456676.0,3456942 268 1206.0 264.9 1314
SSACC R,3456944.0,
SBLINK R,3456954.0,
EBLINK R,3456954.0,3466430 9478
ESACC R,3456944.0,3466438 9496 1202.0 251.0 1233.8 143.9 2.93 502
SFIX R,3466440.0,
EFIX R,3466440.0,3466528 90 1105.1 467.6 1329
SSACC R,3466530.0,
ESACC R,3466530.0,3466600 72 1108.5 475.8 1110.1 473.5 0.08 71
SFIX R,3466602.0,
EFIX R,3466602.0,3466636 36 1108.2 469.2 1364
SSACC R,3466638.0,
ESACC R,3466638.0,3466768 132 1108.0 472.0 1102.6 529.3 1.56 197
SFIX R,3466770.0,
EFIX R,3466770.0,3466806 38 1104.0 530.8 1301
SSACC R,3466808.0,
ESACC R,3466808.0,3467278 472 1106.7 531.2 1124.4 494.1 1.11 163
SFIX R,3467280.0,
EFIX R,3467280.0,3467304 26 1122.8 491.1 1365
SSACC R,3467306.0,
ESACC R,3467306.0,3467344 40 1121.7 485.7 1122.4 499.4 0.37 83
SFIX R,3467346.0,
EFIX R,3467346.0,3467466 122 1120.2 487.9 1352
SSACC R,3467468.0,
ESACC R,3467468.0,3467608 142 1117.0 480.9 1117.7 475.1 0.16 108
SFIX R,3467610.0,
EFIX R,3467610.0,3467632 24 1121.8 471.8 1377
SSACC R,3467634.0,
ESACC R,3467634.0,3467718 86 1124.4 477.9 1121.8 469.9 0.23 102
SFIX R,3467720.0,
EFIX R,3467720.0,3467748 30 1127.5 481.5 1368
SSACC R,3467750.0,
ESACC R,3467750.0,3467824 76 1128.5 491.7 1132.7 470.1 0.59 101
SFIX R,3467826.0,
EFIX R,3467826.0,3467886 62 1133.7 470.7 1387
SSACC R,3467888.0,
ESACC R,3467888.0,3467896 10 1134.6 485.9 1135.9 466.7 0.52 62
SFIX R,3467898.0,
EFIX R,3467898.0,3467926 30 1136.5 467.8 1387
SSACC R,3467928.0,
ESACC R,3467928.0,3467978 52 1132.8 479.8 1141.0 459.3 0.60 63
SFIX R,3467980.0,
EFIX R,3467980.0,3468004 26 1139.7 468.3 1364
SSACC R,3468006.0,
ESACC R,3468006.0,3468024 20 1139.9 460.9 1139.1 467.1 0.17 82
SFIX R,3468026.0,
EFIX R,3468026.0,3468080 56 1141.3 465.1 1371
SSACC R,3468082.0,
ESACC R,3468082.0,3468118 38 1135.5 480.8 1140.4 460.5 0.56 72
SFIX R,3468120.0,
EFIX R,3468120.0,3468274 156 1137.6 458.1 1360
SSACC R,3468276.0,
ESACC R,3468276.0,3468302 28 1139.1 445.3 1129.6 465.2 0.59 66
SFIX R,3468304.0,
EFIX R,3468304.0,3468532 230 1131.8 447.9 1365
SSACC R,3468534.0,
ESACC R,3468534.0,3468612 80 1134.0 450.0 1136.5 444.4 0.17 86
SFIX R,3468614.0,
EFIX R,3468614.0,3468686 74 1131.9 446.9 1366
SSACC R,3468688.0,
ESACC R,3468688.0,3468704 18 1131.8 447.5 1132.8 445.2 0.07 52
SFIX R,3468706.0,
EFIX R,3468706.0,3468804 100 1131.0 445.1 1371
SSACC R,3468806.0,
SBLINK R,3468894.0,
EBLINK R,3468894.0,3469516 624
ESACC R,3468806.0,3469590 786 1134.9 435.4 1138.8 411.5 0.65 140
SFIX R,3469592.0,
EFIX R,3469592.0,3469630 40 1134.8 417.2 1273
SSACC R,3469632.0,
ESACC R,3469632.0,3469752 122 1136.5 421.5 1130.5 416.2 0.22 79
SFIX R,3469754.0,
EFIX R,3469754.0,3469804 52 1130.9 411.2 1239
SSACC R,3469806.0,
ESACC R,3469806.0,3469840 36 1128.8 422.3 1127.9 411.0 0.31 68
SFIX R,3469842.0,
EFIX R,3469842.0,3469874 34 1127.1 410.3 1251
SSACC R,3469876.0,
SBLINK R,3469922.0,
EBLINK R,3469922.0,3482000 12080
ESACC R,3469876.0,3482026 12152 1129.3 418.7 1147.0 453.5 1.05 1748
SFIX R,3482028.0,
EFIX R,3482028.0,3482126 100 1143.1 463.2 1495
SSACC R,3482128.0,
ESACC R,3482128.0,3482156 30 1138.4 483.8 1137.3 469.0 0.40 70
SFIX R,3482158.0,
EFIX R,3482158.0,3482224 68 1133.9 476.0 1431
SSACC R,3482226.0,
ESACC R,3482226.0,3482284 60 1132.0 467.5 1126.7 525.6 1.58 180
SFIX R,3482286.0,
EFIX R,3482286.0,3482310 26 1126.3 527.8 1313
SSACC R,3482312.0,
ESACC R,3482312.0,3482330 20 1125.4 527.7 1123.9 533.0 0.15 81
SFIX R,3482332.0,
EFIX R,3482332.0,3482860 530 1116.3 537.5 1245
SSACC R,3482862.0,
ESACC R,3482862.0,3483176 316 1121.8 531.7 1129.7 467.5 1.75 157
SFIX R,3483178.0,
EFIX R,3483178.0,3483240 64 1130.3 477.8 1341
SSACC R,3483242.0,
ESACC R,3483242.0,3483284 44 1131.7 463.7 1130.9 468.9 0.14 89
SFIX R,3483286.0,
EFIX R,3483286.0,3483310 26 1131.6 472.9 1343
SSACC R,3483312.0,
ESACC R,3483312.0,3483400 90 1132.9 474.7 1126.6 479.9 0.22 108
SFIX R,3483402.0,
EFIX R,3483402.0,3483462 62 1130.6 478.1 1335
SSACC R,3483464.0,
ESACC R,3483464.0,3483554 92 1134.3 469.6 1136.8 465.3 0.13 69
SFIX R,3483556.0,
EFIX R,3483556.0,3483682 128 1130.8 472.7 1316
SSACC R,3483684.0,
ESACC R,3483684.0,3483848 166 1131.1 478.4 1125.7 457.2 0.59 96
SFIX R,3483850.0,
EFIX R,3483850.0,3484032 184 1122.2 455.4 1319
SSACC R,3484034.0,
ESACC R,3484034.0,3484136 104 1119.7 443.0 1115.2 452.8 0.29 90
SFIX R,3484138.0,
EFIX R,3484138.0,3484210 74 1119.9 451.0 1341
SSACC R,3484212.0,
ESACC R,3484212.0,3484226 16 1125.3 430.3 1120.7 445.8 0.44 96
SFIX R,3484228.0,
EFIX R,3484228.0,3484376 150 1124.7 450.4 1340
SSACC R,3484378.0,
ESACC R,3484378.0,3484420 44 1126.6 457.2 1130.2 442.3 0.41 64
SFIX R,3484422.0,
EFIX R,3484422.0,3484740 320 1130.0 438.4 1345
SSACC R,3484742.0,
ESACC R,3484742.0,3484756 16 1134.4 424.5 1134.5 423.2 0.04 61
SFIX R,3484758.0,
EFIX R,3484758.0,3484852 96 1131.4 432.3 1358
SSACC R,3484854.0,
ESACC R,3484854.0,3484898 46 1132.5 439.4 1136.1 431.6 0.23 92
SFIX R,3484900.0,
EFIX R,3484900.0,3485076 178 1133.4 426.6 1370
SSACC R,3485078.0,
ESACC R,3485078.0,3485140 64 1133.0 429.4 1133.5 417.3 0.33 102
SFIX R,3485142.0,
EFIX R,3485142.0,3485492 352 1137.2 420.8 1377
SSACC R,3485494.0,
ESACC R,3485494.0,3485956 464 1143.5 423.3 1154.6 396.3 0.79 73
SFIX R,3485958.0,
EFIX R,3485958.0,3485990 34 1154.3 408.7 1396
SSACC R,3485992.0,
ESACC R,3485992.0,3486008 18 1152.8 415.5 1156.7 403.3 0.34 62
SFIX R,3486010.0,
EFIX R,3486010.0,3486056 48 1154.5 401.5 1399
SSACC R,3486058.0,
ESACC R,3486058.0,3486212 156 1161.6 390.5 1151.6 398.6 0.35 99
SFIX R,3486214.0,
EFIX R,3486214.0,3486298 86 1156.7 401.3 1410
SSACC R,3486300.0,
SBLINK R,3486324.0,
EBLINK R,3486324.0,3512640 26318
ESACC R,3486300.0,3512654 26356 1155.4 405.7 1082.9 101.2 8.27 1926
SFIX R,3512656.0,
EFIX R,3512656.0,3512704 50 1085.8 91.5 1275
SSACC R,3512706.0,
ESACC R,3512706.0,3512720 16 1093.9 83.5 1086.6 117.1 0.89 108
SFIX R,3512722.0,
EFIX R,3512722.0,3513004 284 1080.8 124.3 1074
SSACC R,3513006.0,
SBLINK R,3513048.0,
EBLINK R,3513048.0,3583770 70724
ESACC R,3513006.0,3583830 70826 1063.9 142.7 1213.9 375.8 7.35 128
SFIX R,3583832.0,
EFIX R,3583832.0,3583862 32 1209.3 382.2 1428
SSACC R,3583864.0,
ESACC R,3583864.0,3583898 36 1204.3 385.9 1191.9 451.2 1.79 186
SFIX R,3583900.0,
EFIX R,3583900.0,3584018 120 1186.0 452.5 1246
SSACC R,3584020.0,
ESACC R,3584020.0,3584064 46 1183.2 439.3 1336.7 346.5 4.76 175
SFIX R,3584066.0,
EFIX R,3584066.0,3584284 220 1335.0 348.3 1218
SSACC R,3584286.0,
ESACC R,3584286.0,3584340 56 1335.6 350.6 1139.5 482.5 6.29 276
SFIX R,3584342.0,
EFIX R,3584342.0,3584506 166 1132.9 493.8 1240
SSACC R,3584508.0,
ESACC R,3584508.0,3584528 22 1129.7 499.8 1072.4 523.0 1.67 132
SFIX R,3584530.0,
EFIX R,3584530.0,3584782 254 1078.2 525.5 1270
SSACC R,3584784.0,
ESACC R,3584784.0,3585156 374 1076.4 522.8 1092.9 451.2 1.99 165
SFIX R,3585158.0,
EFIX R,3585158.0,3585204 48 1092.2 449.3 1417
SSACC R,3585206.0,
SBLINK R,3585350.0,
EBLINK R,3585350.0,3585672 324
ESACC R,3585206.0,3585728 524 1100.3 425.6 1110.9 426.7 0.29 160
SFIX R,3585730.0,
EFIX R,3585730.0,3585736 8 1109.2 424.2 1348
SSACC R,3585738.0,
SBLINK R,3585786.0,
EBLINK R,3585786.0,3611510 25726
ESACC R,3585738.0,3611910 26174 1108.5 435.0 86.4 -389.7 31.55 176
SFIX R,3611912.0,
EFIX R,3611912.0,3611938 28 89.9 -391.9 1871
SSACC R,3611940.0,
SBLINK R,3612250.0,
EBLINK R,3612250.0,3643034 30786
ESACC R,3611940.0,3643042 31104 88.4 -397.9 10.6 -323.5 2.32 132
SFIX R,3643044.0,
EFIX R,3643044.0,3643172 130 1511.4 321.5 1486
SSACC R,3643174.0,
ESACC R,3643174.0,3643246 74 1509.4 324.8 1512.4 277.6 1.23 116
SFIX R,3643248.0,
EFIX R,3643248.0,3643272 26 1512.5 261.0 1517
SSACC R,3643274.0,
ESACC R,3643274.0,3643674 402 1520.0 238.2 1167.3 420.0 10.32 239
SFIX R,3643676.0,
EFIX R,3643676.0,3643790 116 1166.1 416.8 1429
SSACC R,3643792.0,
SBLINK R,3643806.0,
EBLINK R,3643806.0,3739836 96032
ESACC R,3643792.0,3739848 96058 1169.2 409.7 1025.9 254.4 5.66 109
SFIX R,3739850.0,
EFIX R,3739850.0,3739900 52 1021.7 265.1 1933
SSACC R,3739902.0,
ESACC R,3739902.0,3740084 184 1014.9 274.8 959.5 235.1 1.83 204
SFIX R,3740086.0,
EFIX R,3740086.0,3740170 86 972.0 240.1 1956
SSACC R,3740172.0,
ESACC R,3740172.0,3740308 138 975.5 260.4 969.5 233.6 0.73 85
SFIX R,3740310.0,
EFIX R,3740310.0,3740356 48 968.7 240.0 1937
SSACC R,3740358.0,
ESACC R,3740358.0,3740470 114 964.4 230.7 976.1 278.4 1.31 153
SFIX R,3740472.0,
EFIX R,3740472.0,3740496 26 977.6 297.3 1843
SSACC R,3740498.0,
SBLINK R,3740702.0,
EBLINK R,3740702.0,3742436 1736
ESACC R,3740498.0,3742530 2034 977.8 304.5 1010.0 305.0 0.87 503
SFIX R,3742532.0,
EFIX R,3742532.0,3742562 32 1005.9 300.5 1928
SSACC R,3742564.0,
ESACC R,3742564.0,3742756 194 1002.4 299.7 991.6 339.4 1.10 425
SFIX R,3742758.0,
EFIX R,3742758.0,3742778 22 992.0 335.7 1922
SSACC R,3742780.0,
ESACC R,3742780.0,3742858 80 990.2 326.5 988.7 323.4 0.09 359
SFIX R,3742860.0,
EFIX R,3742860.0,3742882 24 987.3 316.6 1936
SSACC R,3742884.0,
SBLINK R,3743040.0,
EBLINK R,3743040.0,3743510 472
ESACC R,3742884.0,3744064 1182 981.3 303.4 992.4 382.4 2.14 670
SFIX R,3744066.0,
EFIX R,3744066.0,3744092 28 993.1 387.2 1589
SSACC R,3744094.0,
SBLINK R,3744108.0,
EBLINK R,3744108.0,3749372 5266
ESACC R,3744094.0,3749388 5296 999.4 411.4 994.5 286.1 3.37 674
SFIX R,3749390.0,
EFIX R,3749390.0,3749430 42 992.3 281.0 1776
SSACC R,3749432.0,
SBLINK R,3749488.0,
EBLINK R,3749488.0,3749654 168
ESACC R,3749432.0,3749706 276 987.8 291.3 979.7 253.5 1.03 690
SFIX R,3749708.0,
EFIX R,3749708.0,3749728 22 979.5 245.8 1630
SSACC R,3749730.0,
ESACC R,3749730.0,3749742 14 984.2 247.1 1007.8 233.1 0.73 68
SFIX R,3749744.0,
EFIX R,3749744.0,3749902 160 996.9 229.0 1629
SSACC R,3749904.0,
SBLINK R,3749914.0,
EBLINK R,3749914.0,3750614 702
ESACC R,3749904.0,3750640 738 970.4 149.5 967.7 139.3 0.28 59
SFIX R,3750642.0,
EFIX R,3750642.0,3750688 48 964.3 137.6 1769
SSACC R,3750690.0,
ESACC R,3750690.0,3750698 10 962.0 145.8 960.9 124.7 0.55 66
SFIX R,3750700.0,
EFIX R,3750700.0,3750764 66 962.3 130.1 1776
SSACC R,3750766.0,
ESACC R,3750766.0,3750796 32 961.4 107.4 955.1 128.3 0.57 69
SFIX R,3750798.0,
EFIX R,3750798.0,3750912 116 965.3 129.4 1769
SSACC R,3750914.0,
SBLINK R,3750932.0,
EBLINK R,3750932.0,3751438 508
ESACC R,3750914.0,3751452 540 975.6 159.6 987.4 179.3 0.61 130
SFIX R,3751454.0,
EFIX R,3751454.0,3751482 30 988.8 179.3 1687
SSACC R,3751484.0,
SBLINK R,3751494.0,
EBLINK R,3751494.0,3751494 2
ESACC R,3751484.0,3751502 20 975.6 159.6 987.4 179.3 0.61 0
SFIX R,3751504.0,
EFIX R,3751504.0,3751846 344 985.6 161.5 1810
SSACC R,3751848.0,
ESACC R,3751848.0,3751866 20 985.1 160.8 985.2 153.2 0.20 244
SFIX R,3751868.0,
EFIX R,3751868.0,3751958 92 981.4 167.9 1806
SSACC R,3751960.0,
SBLINK R,3751970.0,
EBLINK R,3751970.0,3752554 586
ESACC R,3751960.0,3752562 604 1002.7 189.4 1011.1 177.6 0.38 56
SFIX R,3752564.0,
EFIX R,3752564.0,3752600 38 1008.7 187.2 1786
SSACC R,3752602.0,
SBLINK R,3752682.0,
EBLINK R,3752682.0,3752682 2
ESACC R,3752602.0,3752690 90 1011.7 170.8 1010.3 192.5 0.57 539
SFIX R,3752692.0,
EFIX R,3752692.0,3752730 40 1014.4 195.7 1826
SSACC R,3752732.0,
SBLINK R,3752742.0,
EBLINK R,3752742.0,3756132 3392
ESACC R,3752732.0,3756178 3448 1014.2 195.3 998.0 264.4 1.88 682
SFIX R,3756180.0,
EFIX R,3756180.0,3756204 26 998.6 256.8 1726
SSACC R,3756206.0,
ESACC R,3756206.0,3756414 210 996.6 258.8 988.6 238.1 0.59 573
SFIX R,3756416.0,
EFIX R,3756416.0,3756458 44 983.5 232.2 1764
SSACC R,3756460.0,
ESACC R,3756460.0,3756724 266 984.5 230.8 981.3 223.6 0.21 954
SFIX R,3756726.0,
EFIX R,3756726.0,3756778 54 976.6 224.6 1686
SSACC R,3756780.0,
ESACC R,3756780.0,3756878 100 980.2 226.2 981.7 230.9 0.13 989
SFIX R,3756880.0,
EFIX R,3756880.0,3756948 70 983.9 222.6 1662
SSACC R,3756950.0,
ESACC R,3756950.0,3757162 214 987.8 220.3 1002.3 220.0 0.39 876
SFIX R,3757164.0,
EFIX R,3757164.0,3757326 164 1007.7 221.1 1712
SSACC R,3757328.0,
ESACC R,3757328.0,3757478 152 1009.5 219.1 1017.1 231.2 0.38 435
SFIX R,3757480.0,
EFIX R,3757480.0,3757558 80 1017.2 226.2 1752
SSACC R,3757560.0,
SBLINK R,3758108.0,
EBLINK R,3758108.0,3758310 204
ESACC R,3757560.0,3758322 764 1020.4 222.2 1042.1 245.9 0.86 793
SFIX R,3758324.0,
EFIX R,3758324.0,3758352 30 1042.3 240.5 1753
SSACC R,3758354.0,
SBLINK R,3758364.0,
EBLINK R,3758364.0,3758486 124
ESACC R,3758354.0,3758684 332 1044.0 245.8 1042.6 201.7 1.17 1019
SFIX R,3758686.0,
EFIX R,3758686.0,3758734 50 1043.4 202.4 1746
SSACC R,3758736.0,
ESACC R,3758736.0,3758866 132 1043.4 212.2 1040.4 200.3 0.32 694
SFIX R,3758868.0,
EFIX R,3758868.0,3758926 60 1042.4 193.7 1741
SSACC R,3758928.0,
ESACC R,3758928.0,3758950 24 1041.6 190.6 1038.8 192.6 0.09 312
SFIX R,3758952.0,
EFIX R,3758952.0,3758972 22 1043.1 190.5 1744
SSACC R,3758974.0,
ESACC R,3758974.0,3759064 92 1041.7 197.5 1046.8 183.4 0.40 745
SFIX R,3759066.0,
EFIX R,3759066.0,3759088 24 1047.2 180.1 1752
SSACC R,3759090.0,
SBLINK R,3759276.0,
EBLINK R,3759276.0,3761288 2014
ESACC R,3759090.0,3761308 2220 1049.4 176.6 1097.6 61.2 3.27 986
SFIX R,3761310.0,
EFIX R,3761310.0,3761348 40 1099.3 56.8 1907
SSACC R,3761350.0,
SBLINK R,3761360.0,
EBLINK R,3761360.0,3761362 4
ESACC R,3761350.0,3761464 116 1095.7 56.9 1097.7 51.7 0.14 78
SFIX R,3761466.0,
EFIX R,3761466.0,3761512 48 1098.0 51.4 1936
SSACC R,3761514.0,
ESACC R,3761514.0,3761624 112 1097.6 51.1 1097.6 50.3 0.02 81
SFIX R,3761626.0,
EFIX R,3761626.0,3761680 56 1096.5 47.7 1955
SSACC R,3761682.0,
ESACC R,3761682.0,3761694 14 1090.5 51.0 1096.9 37.0 0.40 59
SFIX R,3761696.0,
EFIX R,3761696.0,3761812 118 1092.9 42.1 1962
SSACC R,3761814.0,
ESACC R,3761814.0,3761830 18 1092.0 29.7 1091.9 44.7 0.38 82
SFIX R,3761832.0,
EFIX R,3761832.0,3761916 86 1093.3 38.4 1992
SSACC R,3761918.0,
ESACC R,3761918.0,3761964 48 1093.3 32.9 1095.1 44.2 0.29 101
SFIX R,3761966.0,
EFIX R,3761966.0,3762010 46 1096.1 44.9 2031
SSACC R,3762012.0,
ESACC R,3762012.0,3762118 108 1099.2 51.8 1094.5 78.4 0.70 270
SFIX R,3762120.0,
EFIX R,3762120.0,3762142 24 1097.8 83.3 2011
SSACC R,3762144.0,
SBLINK R,3762164.0,
EBLINK R,3762164.0,3765912 3750
ESACC R,3762144.0,3765920 3778 1103.8 87.9 1102.0 113.6 0.67 75
SFIX R,3765922.0,
EFIX R,3765922.0,3766020 100 974.3 222.1 1761
SSACC R,3766022.0,
SBLINK R,3766322.0,
EBLINK R,3766322.0,3770042 3722
ESACC R,3766022.0,3770080 4060 947.3 183.5 975.6 192.5 0.79 1043
SFIX R,3770082.0,
EFIX R,3770082.0,3770162 82 965.3 179.9 1627
SSACC R,3770164.0,
ESACC R,3770164.0,3770182 20 961.0 171.7 962.4 168.0 0.10 118
SFIX R,3770184.0,
EFIX R,3770184.0,3770786 604 956.7 171.9 1574
SSACC R,3770788.0,
ESACC R,3770788.0,3770810 24 962.7 169.7 994.8 182.4 0.92 66
SFIX R,3770812.0,
EFIX R,3770812.0,3770948 138 994.2 164.5 1428
SSACC R,3770950.0,
ESACC R,3770950.0,3770960 12 984.3 149.8 984.4 129.8 0.52 60
SFIX R,3770962.0,
EFIX R,3770962.0,3771350 390 985.6 118.5 1459
SSACC R,3771352.0,
SBLINK R,3771374.0,
EBLINK R,3771374.0,3772894 1522
ESACC R,3771352.0,3772908 1558 996.4 146.5 975.7 201.8 1.56 100
SFIX R,3772910.0,
EFIX R,3772910.0,3773516 608 943.2 188.8 1353
SSACC R,3773518.0,
SBLINK R,3773528.0,
EBLINK R,3773528.0,3773862 336
ESACC R,3773518.0,3773870 354 1005.2 205.3 1005.1 180.4 0.66 66
SFIX R,3773872.0,
EFIX R,3773872.0,3773908 38 1006.1 166.0 1446
SSACC R,3773910.0,
ESACC R,3773910.0,3773920 12 1004.2 172.6 1007.3 149.7 0.61 68
SFIX R,3773922.0,
EFIX R,3773922.0,3774312 392 990.3 151.7 1507
SSACC R,3774314.0,
ESACC R,3774314.0,3774324 12 972.2 124.9 961.0 133.2 0.37 54
SFIX R,3774326.0,
EFIX R,3774326.0,3774838 514 958.4 144.9 1576
SSACC R,3774840.0,
ESACC R,3774840.0,3774848 10 951.1 155.8 955.9 145.8 0.29 54
SFIX R,3774850.0,
EFIX R,3774850.0,3776134 1286 955.6 161.2 1613
SSACC R,3776136.0,
ESACC R,3776136.0,3776168 34 946.8 170.4 947.9 190.3 0.53 63
SFIX R,3776170.0,
EFIX R,3776170.0,3776386 218 940.0 190.8 1615
SSACC R,3776388.0,
ESACC R,3776388.0,3776412 26 930.3 193.8 927.8 184.1 0.26 84
SFIX R,3776414.0,
EFIX R,3776414.0,3776442 30 924.3 184.1 1622
SSACC R,3776444.0,
ESACC R,3776444.0,3776496 54 921.1 177.4 920.7 192.0 0.38 103
SFIX R,3776498.0,
EFIX R,3776498.0,3776524 28 920.9 190.0 1625
SSACC R,3776526.0,
ESACC R,3776526.0,3776538 14 921.8 201.0 920.9 183.0 0.48 59
SFIX R,3776540.0,
EFIX R,3776540.0,3776684 146 923.9 197.3 1664
SSACC R,3776686.0,
SBLINK R,3776702.0,
EBLINK R,3776702.0,3776702 2
ESACC R,3776686.0,3776802 118 917.3 212.1 934.9 208.7 0.48 521
SFIX R,3776804.0,
EFIX R,3776804.0,3776854 52 930.7 199.5 1661
SSACC R,3776856.0,
SBLINK R,3776892.0,
EBLINK R,3776892.0,3777330 440
ESACC R,3776856.0,3777338 484 933.1 205.7 950.7 233.0 0.86 68
SFIX R,3777340.0,
EFIX R,3777340.0,3777458 120 973.6 114.6 1553
SSACC R,3777460.0,
ESACC R,3777460.0,3777512 54 973.7 94.8 970.3 103.4 0.24 707
SFIX R,3777514.0,
EFIX R,3777514.0,3777964 452 955.7 105.0 1560
SSACC R,3777966.0,
SBLINK R,3778002.0,
EBLINK R,3778002.0,3778856 856
ESACC R,3777966.0,3778904 940 944.7 143.6 970.7 164.5 0.88 531
SFIX R,3778906.0,
EFIX R,3778906.0,3778954 50 940.1 130.6 1298
SSACC R,3778956.0,
SBLINK R,3779022.0,
EBLINK R,3779022.0,3780152 1132
ESACC R,3778956.0,3780160 1206 926.4 101.2 977.1 199.4 2.91 1221
SFIX R,3780162.0,
EFIX R,3780162.0,3780216 56 927.5 23.7 1288
SSACC R,3780218.0,
ESACC R,3780218.0,3780240 24 917.7 8.2 928.5 18.8 0.39 54
SFIX R,3780242.0,
EFIX R,3780242.0,3780274 34 935.1 11.2 1339
SSACC R,3780276.0,
ESACC R,3780276.0,3780312 38 944.2 10.2 937.6 80.2 1.81 106
SFIX R,3780314.0,
EFIX R,3780314.0,3780538 226 929.7 69.9 1330
SSACC R,3780540.0,
SBLINK R,3780590.0,
EBLINK R,3780590.0,3782132 1544
ESACC R,3780540.0,3782366 1828 899.6 40.1 977.5 140.0 3.31 942
SFIX R,3782368.0,
EFIX R,3782368.0,3782720 354 935.9 73.1 1362
SSACC R,3782722.0,
ESACC R,3782722.0,3782786 66 919.8 40.0 916.8 41.9 0.09 85
SFIX R,3782788.0,
EFIX R,3782788.0,3782866 80 912.3 37.6 1476
SSACC R,3782868.0,
SBLINK R,3782880.0,
EBLINK R,3782880.0,3783008 130
ESACC R,3782868.0,3783136 270 906.6 37.5 908.2 63.3 0.67 957
SFIX R,3783138.0,
EFIX R,3783138.0,3783166 30 908.3 58.5 1525
SSACC R,3783168.0,
ESACC R,3783168.0,3783188 22 914.0 56.5 906.0 65.8 0.32 527
SFIX R,3783190.0,
EFIX R,3783190.0,3783220 32 910.6 63.0 1538
SSACC R,3783222.0,
ESACC R,3783222.0,3783254 34 919.6 58.1 920.2 73.7 0.40 68
SFIX R,3783256.0,
EFIX R,3783256.0,3783304 50 919.0 68.6 1562
SSACC R,3783306.0,
ESACC R,3783306.0,3783660 356 920.5 71.3 929.8 96.3 0.69 531
SFIX R,3783662.0,
EFIX R,3783662.0,3783694 34 923.9 103.3 1680
SSACC R,3783696.0,
ESACC R,3783696.0,3783854 160 922.1 96.5 938.3 124.2 0.84 308
SFIX R,3783856.0,
EFIX R,3783856.0,3784050 196 931.0 120.9 1712
SSACC R,3784052.0,
ESACC R,3784052.0,3784084 34 920.5 115.2 930.4 116.4 0.27 90
SFIX R,3784086.0,
EFIX R,3784086.0,3784194 110 931.4 133.1 1651
SSACC R,3784196.0,
SBLINK R,3784220.0,
EBLINK R,3784220.0,3784946 728
ESACC R,3784196.0,3784992 798 960.3 166.8 1005.8 -2.3 4.54 532
SFIX R,3784994.0,
EFIX R,3784994.0,3785014 22 1006.4 -5.1 1593
SSACC R,3785016.0,
SBLINK R,3785168.0,
EBLINK R,3785168.0,3787368 2202
ESACC R,3785016.0,3787466 2452 1007.7 -1.7 852.4 158.3 5.82 1027
SFIX R,3787468.0,
EFIX R,3787468.0,3787522 56 840.9 173.2 1289
SSACC R,3787524.0,
ESACC R,3787524.0,3787536 14 847.3 178.5 829.8 185.5 0.50 60
SFIX R,3787538.0,
EFIX R,3787538.0,3788444 908 824.6 222.4 1215
SSACC R,3788446.0,
SBLINK R,3788478.0,
EBLINK R,3788478.0,3790456 1980
ESACC R,3788446.0,3790494 2050 842.0 263.8 984.6 192.7 4.26 104
SFIX R,3790496.0,
EFIX R,3790496.0,3790598 104 977.0 204.1 1380
SSACC R,3790600.0,
ESACC R,3790600.0,3790622 24 967.3 205.3 956.5 228.3 0.67 108
SFIX R,3790624.0,
EFIX R,3790624.0,3790682 60 943.0 217.7 1331
SSACC R,3790684.0,
ESACC R,3790684.0,3790692 10 930.1 220.7 928.6 216.4 0.12 34
SFIX R,3790694.0,
EFIX R,3790694.0,3790974 282 897.8 219.7 1239
SSACC R,3790976.0,
ESACC R,3790976.0,3790982 8 890.9 217.1 888.3 228.3 0.31 53
SFIX R,3790984.0,
EFIX R,3790984.0,3791872 890 901.7 195.4 1314
SSACC R,3791874.0,
ESACC R,3791874.0,3791878 6 901.0 175.2 906.6 191.1 0.44 33
SFIX R,3791880.0,
EFIX R,3791880.0,3791950 72 900.1 191.5 1414
SSACC R,3791952.0,
ESACC R,3791952.0,3791966 16 909.9 197.1 897.8 197.4 0.32 60
SFIX R,3791968.0,
EFIX R,3791968.0,3792180 214 908.7 200.4 1455
SSACC R,3792182.0,
ESACC R,3792182.0,3792194 14 911.4 207.9 905.9 196.8 0.33 58
SFIX R,3792196.0,
EFIX R,3792196.0,3792362 168 903.9 211.3 1454
SSACC R,3792364.0,
ESACC R,3792364.0,3792396 34 903.0 213.7 906.4 203.7 0.28 53
SFIX R,3792398.0,
EFIX R,3792398.0,3793074 678 904.9 224.8 1472
SSACC R,3793076.0,
SBLINK R,3793130.0,
EBLINK R,3793130.0,3795618 2490
ESACC R,3793076.0,3795686 2612 913.8 231.2 934.5 202.9 0.93 93
SFIX R,3795688.0,
EFIX R,3795688.0,3795740 54 932.7 212.0 1317
SSACC R,3795742.0,
SBLINK R,3795770.0,
EBLINK R,3795770.0,3797090 1322
ESACC R,3795742.0,3797258 1518 955.6 234.5 856.2 360.3 4.30 907
SFIX R,3797260.0,
EFIX R,3797260.0,3797298 40 853.2 351.3 1424
SSACC R,3797300.0,
ESACC R,3797300.0,3797346 48 849.5 353.7 845.5 337.7 0.44 75
SFIX R,3797348.0,
EFIX R,3797348.0,3797448 102 842.8 339.7 1461
SSACC R,3797450.0,
ESACC R,3797450.0,3797832 384 839.4 332.4 846.4 286.3 1.25 383
SFIX R,3797834.0,
EFIX R,3797834.0,3797854 22 846.8 287.2 1529
SSACC R,3797856.0,
ESACC R,3797856.0,3798112 258 842.2 276.2 854.4 219.0 1.55 158
SFIX R,3798114.0,
EFIX R,3798114.0,3798140 28 854.1 219.9 1598
SSACC R,3798142.0,
ESACC R,3798142.0,3798266 126 854.5 219.5 854.1 220.9 0.04 167
SFIX R,3798268.0,
EFIX R,3798268.0,3798346 80 853.3 222.7 1608
SSACC R,3798348.0,
SBLINK R,3799344.0,
EBLINK R,3799344.0,3799636 294
ESACC R,3798348.0,3799678 1332 850.1 216.8 890.2 122.2 2.71 186
SFIX R,3799680.0,
EFIX R,3799680.0,3799734 56 882.4 93.1 1349
SSACC R,3799736.0,
SBLINK R,3799854.0,
EBLINK R,3799854.0,3812548 12696
ESACC R,3799736.0,3812558 12824 884.5 67.3 802.6 140.4 2.88 968
SFIX R,3812560.0,
EFIX R,3812560.0,3812680 122 810.5 140.1 1224
SSACC R,3812682.0,
ESACC R,3812682.0,3812692 12 818.7 165.2 835.4 138.8 0.82 74
SFIX R,3812694.0,
EFIX R,3812694.0,3813122 430 813.5 118.9 1260
SSACC R,3813124.0,
ESACC R,3813124.0,3813134 12 809.7 114.2 816.2 135.7 0.59 58
SFIX R,3813136.0,
EFIX R,3813136.0,3813168 34 813.4 138.4 1242
SSACC R,3813170.0,
SBLINK R,3813202.0,
EBLINK R,3813202.0,3820382 7182
ESACC R,3813170.0,3820438 7270 812.5 141.5 933.5 194.4 3.51 161
SFIX R,3820440.0,
EFIX R,3820440.0,3820464 26 929.5 195.8 1374
SSACC R,3820466.0,
SBLINK R,3820550.0,
EBLINK R,3820550.0,3821278 730
ESACC R,3820466.0,3821286 822 923.0 206.8 930.3 222.2 0.45 80
SFIX R,3821288.0,
EFIX R,3821288.0,3821474 188 929.8 167.7 1599
SSACC R,3821476.0,
ESACC R,3821476.0,3821486 12 921.4 170.6 924.1 154.3 0.43 59
SFIX R,3821488.0,
EFIX R,3821488.0,3821646 160 921.4 144.8 1636
SSACC R,3821648.0,
SBLINK R,3821682.0,
EBLINK R,3821682.0,3828148 6468
ESACC R,3821648.0,3828172 6526 938.1 164.4 984.5 433.9 7.29 85
SFIX R,3828174.0,
EFIX R,3828174.0,3828204 32 985.1 436.9 1571
SSACC R,3828206.0,
ESACC R,3828206.0,3828348 144 980.8 438.6 994.2 291.0 3.99 598
SFIX R,3828350.0,
EFIX R,3828350.0,3828490 142 996.0 290.6 1644
SSACC R,3828492.0,
ESACC R,3828492.0,3828546 56 990.7 281.9 989.4 279.2 0.08 61
SFIX R,3828548.0,
EFIX R,3828548.0,3828568 22 983.8 267.0 1672
SSACC R,3828570.0,
ESACC R,3828570.0,3828664 96 989.5 263.3 992.7 236.2 0.73 146
SFIX R,3828666.0,
EFIX R,3828666.0,3828738 74 989.1 230.2 1727
SSACC R,3828740.0,
ESACC R,3828740.0,3828920 182 988.7 224.2 987.2 242.2 0.48 358
SFIX R,3828922.0,
EFIX R,3828922.0,3828942 22 991.3 244.0 1719
SSACC R,3828944.0,
SBLINK R,3829156.0,
EBLINK R,3829156.0,3833780 4626
ESACC R,3828944.0,3833886 4944 990.8 251.0 960.7 281.6 1.15 658
SFIX R,3833888.0,
EFIX R,3833888.0,3833928 42 961.7 280.3 1779
SSACC R,3833930.0,
ESACC R,3833930.0,3833990 62 963.0 276.0 959.6 275.4 0.09 57
SFIX R,3833992.0,
EFIX R,3833992.0,3834082 92 964.2 287.8 1787
SSACC R,3834084.0,
SBLINK R,3834104.0,
EBLINK R,3834104.0,3834652 550
ESACC R,3834084.0,3834660 578 966.1 306.1 968.3 321.4 0.41 106
SFIX R,3834662.0,
EFIX R,3834662.0,3835004 344 1082.4 152.7 1759
SSACC R,3835006.0,
ESACC R,3835006.0,3835122 118 1080.7 125.1 1076.0 130.6 0.19 95
SFIX R,3835124.0,
EFIX R,3835124.0,3835202 80 1071.0 134.3 1694
SSACC R,3835204.0,
ESACC R,3835204.0,3835226 24 1064.6 144.8 1071.1 144.5 0.17 90
SFIX R,3835228.0,
EFIX R,3835228.0,3835276 50 1071.7 162.6 1602
SSACC R,3835278.0,
SBLINK R,3835290.0,
EBLINK R,3835290.0,3837726 2438
ESACC R,3835278.0,3837740 2464 1080.9 178.2 974.7 321.7 4.76 40
SFIX R,3837742.0,
EFIX R,3837742.0,3837778 38 973.1 297.5 1670
SSACC R,3837780.0,
ESACC R,3837780.0,3837850 72 973.8 283.6 985.8 293.6 0.42 120
SFIX R,3837852.0,
EFIX R,3837852.0,3837978 128 992.6 298.3 1766
SSACC R,3837980.0,
ESACC R,3837980.0,3838056 78 991.3 276.5 1262.2 290.4 7.22 617
SFIX R,3838058.0,
EFIX R,3838058.0,3838240 184 1271.5 325.0 1291
SSACC R,3838242.0,
ESACC R,3838242.0,3838294 54 1273.5 332.7 1073.9 471.1 6.49 253
SFIX R,3838296.0,
EFIX R,3838296.0,3838348 54 1068.2 475.2 1250
SSACC R,3838350.0,
SBLINK R,3838494.0,
EBLINK R,3838494.0,3838840 348
ESACC R,3838350.0,3838848 500 1065.3 478.1 1062.5 286.6 5.16 973
SFIX R,3838850.0,
EFIX R,3838850.0,3838942 94 931.5 555.0 1409
SSACC R,3838944.0,
ESACC R,3838944.0,3839116 174 932.0 505.2 939.8 154.5 9.35 174
SFIX R,3839118.0,
EFIX R,3839118.0,3839138 22 932.1 143.4 1936
SSACC R,3839140.0,
SBLINK R,3839224.0,
EBLINK R,3839224.0,3842022 2800
ESACC R,3839140.0,3842160 3022 932.8 142.5 880.0 85.4 2.04 262
SFIX R,3842162.0,
EFIX R,3842162.0,3842214 54 885.3 72.8 1839
SSACC R,3842216.0,
ESACC R,3842216.0,3842352 138 888.6 71.6 902.7 70.9 0.37 145
SFIX R,3842354.0,
EFIX R,3842354.0,3842416 64 901.3 83.2 1829
SSACC R,3842418.0,
SBLINK R,3842488.0,
EBLINK R,3842488.0,3843938 1452
ESACC R,3842418.0,3843960 1544 901.2 94.4 890.2 202.9 2.86 876
SFIX R,3843962.0,
EFIX R,3843962.0,3843982 22 890.4 206.3 1664
SSACC R,3843984.0,
SBLINK R,3845296.0,
EBLINK R,3845296.0,3846130 836
ESACC R,3843984.0,3846138 2156 897.1 199.5 923.5 235.5 1.19 916
SFIX R,3846140.0,
EFIX R,3846140.0,3846172 34 961.0 318.7 1423
SSACC R,3846174.0,
ESACC R,3846174.0,3846196 24 958.7 316.5 965.2 295.1 0.60 105
SFIX R,3846198.0,
EFIX R,3846198.0,3846218 22 961.5 295.4 1460
SSACC R,3846220.0,
ESACC R,3846220.0,3846230 12 956.6 288.8 960.4 276.9 0.33 51
SFIX R,3846232.0,
EFIX R,3846232.0,3846268 38 960.1 288.8 1481
SSACC R,3846270.0,
SBLINK R,3846308.0,
EBLINK R,3846308.0,3846652 346
ESACC R,3846270.0,3847760 1492 964.8 310.2 927.8 191.6 3.31 540
SFIX R,3847762.0,
EFIX R,3847762.0,3847794 34 934.1 197.2 1633
SSACC R,3847796.0,
ESACC R,3847796.0,3847898 104 925.6 199.1 941.5 264.9 1.80 639
SFIX R,3847900.0,
EFIX R,3847900.0,3847946 48 942.9 252.3 1571
SSACC R,3847948.0,
ESACC R,3847948.0,3848316 370 949.0 234.4 951.7 204.1 0.81 506
SFIX R,3848318.0,
EFIX R,3848318.0,3848342 26 950.3 198.9 1845
SSACC R,3848344.0,
ESACC R,3848344.0,3848398 56 946.6 198.5 941.7 180.9 0.48 80
SFIX R,3848400.0,
EFIX R,3848400.0,3848540 142 942.2 176.3 1841
SSACC R,3848542.0,
ESACC R,3848542.0,3848628 88 941.2 178.1 954.6 158.7 0.62 113
SFIX R,3848630.0,
EFIX R,3848630.0,3848686 58 951.0 167.3 1888
SSACC R,3848688.0,
SBLINK R,3850108.0,
EBLINK R,3850108.0,3850422 316
ESACC R,3848688.0,3850432 1746 952.6 172.7 949.6 225.9 1.41 1090
SFIX R,3850434.0,
EFIX R,3850434.0,3850516 84 944.7 199.8 1726
SSACC R,3850518.0,
ESACC R,3850518.0,3850548 32 953.9 203.9 952.2 183.7 0.54 97
SFIX R,3850550.0,
EFIX R,3850550.0,3850586 38 953.1 179.6 1770
SSACC R,3850588.0,
SBLINK R,3850636.0,
EBLINK R,3850636.0,3852432 1798
ESACC R,3850588.0,3852440 1854 945.8 170.9 948.8 189.0 0.48 62
SFIX R,3852442.0,
EFIX R,3852442.0,3852496 56 953.8 144.2 1699
SSACC R,3852498.0,
ESACC R,3852498.0,3852502 6 950.8 149.3 955.5 146.3 0.15 55
SFIX R,3852504.0,
EFIX R,3852504.0,3852586 84 953.7 157.7 1737
SSACC R,3852588.0,
ESACC R,3852588.0,3852610 24 965.5 167.1 955.9 194.3 0.76 91
SFIX R,3852612.0,
EFIX R,3852612.0,3852702 92 945.7 202.8 1726
SSACC R,3852704.0,
ESACC R,3852704.0,3852724 22 935.6 210.0 934.1 213.9 0.11 179
SFIX R,3852726.0,
EFIX R,3852726.0,3852804 80 930.3 228.7 1700
SSACC R,3852806.0,
ESACC R,3852806.0,3852844 40 929.6 231.8 919.0 229.8 0.29 261
SFIX R,3852846.0,
EFIX R,3852846.0,3852964 120 917.5 216.4 1675
SSACC R,3852966.0,
ESACC R,3852966.0,3853098 134 918.1 206.0 914.8 174.9 0.83 91
SFIX R,3853100.0,
EFIX R,3853100.0,3853162 64 913.4 180.8 1730
SSACC R,3853164.0,
ESACC R,3853164.0,3853250 88 915.0 187.3 917.8 168.6 0.50 102
SFIX R,3853252.0,
EFIX R,3853252.0,3853360 110 909.3 162.4 1771
SSACC R,3853362.0,
SBLINK R,3853764.0,
EBLINK R,3853764.0,3854006 244
ESACC R,3853362.0,3854032 672 917.4 122.7 976.9 146.1 1.70 424
SFIX R,3854034.0,
EFIX R,3854034.0,3854076 44 961.9 125.9 1677
SSACC R,3854078.0,
ESACC R,3854078.0,3854274 198 952.2 113.3 959.7 99.6 0.41 363
SFIX R,3854276.0,
EFIX R,3854276.0,3854302 28 957.1 105.7 1931
SSACC R,3854304.0,
SBLINK R,3854536.0,
EBLINK R,3854536.0,3854878 344
ESACC R,3854304.0,3854902 600 954.3 107.6 968.8 106.5 0.39 674
SFIX R,3854904.0,
EFIX R,3854904.0,3854930 28 955.1 89.9 1734
SSACC R,3854932.0,
ESACC R,3854932.0,3855458 528 938.2 86.6 987.5 449.4 9.70 1652
SFIX R,3855460.0,
EFIX R,3855460.0,3855704 246 988.0 452.0 1167
SSACC R,3855706.0,
ESACC R,3855706.0,3855802 98 986.2 447.2 981.0 444.3 0.16 1457
SFIX R,3855804.0,
EFIX R,3855804.0,3855824 22 982.1 448.0 1195
SSACC R,3855826.0,
SBLINK R,3856016.0,
EBLINK R,3856016.0,3856402 388
ESACC R,3855826.0,3856416 592 983.2 449.2 908.9 282.5 4.91 1660
SFIX R,3856418.0,
EFIX R,3856418.0,3856484 68 905.3 272.0 1607
SSACC R,3856486.0,
SBLINK R,3856694.0,
EBLINK R,3856694.0,3857192 500
ESACC R,3856486.0,3857206 722 906.0 268.2 922.6 99.3 4.47 316
SFIX R,3857208.0,
EFIX R,3857208.0,3857230 24 934.2 85.6 1624
SSACC R,3857232.0,
ESACC R,3857232.0,3857358 128 919.2 89.7 989.1 407.8 8.63 1295
SFIX R,3857360.0,
EFIX R,3857360.0,3857390 32 996.5 408.4 1190
SSACC R,3857392.0,
ESACC R,3857392.0,3857874 484 996.7 406.7 967.1 459.5 1.64 1664
SFIX R,3857876.0,
EFIX R,3857876.0,3858000 126 971.4 457.1 1114
SSACC R,3858002.0,
SBLINK R,3858090.0,
EBLINK R,3858090.0,3859350 1262
ESACC R,3858002.0,3859436 1436 980.2 453.5 934.7 66.5 10.31 1589
SFIX R,3859438.0,
EFIX R,3859438.0,3859642 206 944.5 73.9 1695
SSACC R,3859644.0,
SBLINK R,3859860.0,
EBLINK R,3859860.0,3860186 328
ESACC R,3859644.0,3860228 586 956.6 78.8 917.4 -17.2 2.67 140
SFIX R,3860230.0,
EFIX R,3860230.0,3860336 108 914.9 -15.1 1614
SSACC R,3860338.0,
ESACC R,3860338.0,3860374 38 904.4 -23.3 919.1 -12.4 0.47 77
SFIX R,3860376.0,
EFIX R,3860376.0,3860400 26 918.9 -26.2 1718
SSACC R,3860402.0,
SBLINK R,3860470.0,
EBLINK R,3860470.0,3862862 2394
ESACC R,3860402.0,3863028 2628 911.8 -35.6 928.4 39.9 1.97 1252
SFIX R,3863030.0,
EFIX R,3863030.0,3863066 38 916.5 32.9 1483
SSACC R,3863068.0,
SBLINK R,3863080.0,
EBLINK R,3863080.0,3864266 1188
ESACC R,3863068.0,3864428 1362 900.3 21.9 919.6 34.1 0.60 809
SFIX R,3864430.0,
EFIX R,3864430.0,3864444 16 925.1 33.1 1412
SSACC R,3864446.0,
SBLINK R,3864480.0,
EBLINK R,3864480.0,3864996 518
ESACC R,3864446.0,3865164 720 925.0 43.7 899.5 154.3 2.95 172
SFIX R,3865166.0,
EFIX R,3865166.0,3865186 22 897.6 164.1 1668
SSACC R,3865188.0,
ESACC R,3865188.0,3865448 262 892.3 164.0 860.5 94.6 2.00 400
SFIX R,3865450.0,
EFIX R,3865450.0,3865472 24 869.7 94.3 1555
SSACC R,3865474.0,
SBLINK R,3865640.0,
EBLINK R,3865640.0,3865654 16
ESACC R,3865474.0,3865858 386 869.7 84.6 877.6 122.8 1.02 159
SFIX R,3865860.0,
EFIX R,3865860.0,3865890 32 886.7 134.6 1464
SSACC R,3865892.0,
SBLINK R,3865934.0,
EBLINK R,3865934.0,3866378 446
ESACC R,3865892.0,3866396 506 884.4 133.3 941.7 69.6 2.25 152
SFIX R,3866398.0,
EFIX R,3866398.0,3866562 166 924.9 32.8 1361
SSACC R,3866564.0,
ESACC R,3866564.0,3866572 10 915.6 25.1 922.6 10.2 0.42 54
SFIX R,3866574.0,
EFIX R,3866574.0,3866678 106 933.4 18.2 1447
SSACC R,3866680.0,
ESACC R,3866680.0,3866784 106 939.8 41.9 901.1 269.3 6.04 236
SFIX R,3866786.0,
EFIX R,3866786.0,3866912 128 902.6 263.7 1374
SSACC R,3866914.0,
ESACC R,3866914.0,3866940 28 902.1 254.5 895.7 265.5 0.34 54
SFIX R,3866942.0,
EFIX R,3866942.0,3866996 56 903.7 263.5 1335
SSACC R,3866998.0,
ESACC R,3866998.0,3867020 24 906.0 256.5 903.3 254.5 0.09 63
SFIX R,3867022.0,
EFIX R,3867022.0,3867358 338 891.9 250.6 1354
SSACC R,3867360.0,
ESACC R,3867360.0,3867404 46 892.7 256.4 894.1 245.1 0.30 74
SFIX R,3867406.0,
EFIX R,3867406.0,3868148 744 910.9 235.2 1402
SSACC R,3868150.0,
ESACC R,3868150.0,3868204 56 928.6 252.3 933.6 246.8 0.20 56
SFIX R,3868206.0,
EFIX R,3868206.0,3868750 546 953.2 239.9 1492
SSACC R,3868752.0,
SBLINK R,3868776.0,
EBLINK R,3868776.0,3869966 1192
ESACC R,3868752.0,3869974 1224 970.9 249.9 973.9 275.8 0.70 114
SFIX R,3869976.0,
EFIX R,3869976.0,3870196 222 917.5 135.0 1513
SSACC R,3870198.0,
ESACC R,3870198.0,3870500 304 906.6 158.4 899.8 181.3 0.63 271
SFIX R,3870502.0,
EFIX R,3870502.0,3870536 36 899.5 189.9 1529
SSACC R,3870538.0,
ESACC R,3870538.0,3870686 150 906.1 190.7 914.8 198.4 0.31 213
SFIX R,3870688.0,
EFIX R,3870688.0,3870822 136 919.9 219.5 1609
SSACC R,3870824.0,
SBLINK R,3871364.0,
EBLINK R,3871364.0,3876408 5046
ESACC R,3870824.0,3876426 5604 928.5 232.1 944.2 259.3 0.84 1084
SFIX R,3876428.0,
EFIX R,3876428.0,3876502 76 932.2 198.9 1435
SSACC R,3876504.0,
SBLINK R,3876688.0,
EBLINK R,3876688.0,3878026 1340
ESACC R,3876504.0,3878164 1662 927.1 162.6 946.1 192.9 0.95 856
SFIX R,3878166.0,
EFIX R,3878166.0,3878202 38 944.8 188.4 1577
SSACC R,3878204.0,
ESACC R,3878204.0,3878282 80 951.1 194.8 955.5 202.0 0.22 294
SFIX R,3878284.0,
EFIX R,3878284.0,3878318 36 951.5 188.1 1590
SSACC R,3878320.0,
SBLINK R,3878772.0,
EBLINK R,3878772.0,3879852 1082
ESACC R,3878320.0,3879908 1590 954.2 178.5 978.1 272.6 2.58 746
SFIX R,3879910.0,
EFIX R,3879910.0,3880092 184 962.6 264.5 1538
SSACC R,3880094.0,
SBLINK R,3880122.0,
EBLINK R,3880122.0,3883154 3034
ESACC R,3880094.0,3883288 3196 957.1 304.2 912.7 436.5 3.76 1617
SFIX R,3883290.0,
EFIX R,3883290.0,3883328 40 908.8 436.7 1572
SSACC R,3883330.0,
ESACC R,3883330.0,3883390 62 904.9 432.2 892.4 411.5 0.65 102
SFIX R,3883392.0,
EFIX R,3883392.0,3883518 128 882.1 395.6 1559
SSACC R,3883520.0,
ESACC R,3883520.0,3883654 136 874.9 396.1 866.7 335.0 1.66 160
SFIX R,3883656.0,
EFIX R,3883656.0,3883740 86 869.1 344.0 1559
SSACC R,3883742.0,
SBLINK R,3884068.0,
EBLINK R,3884068.0,3884504 438
ESACC R,3883742.0,3884570 830 866.8 336.9 860.7 371.7 0.95 420
SFIX R,3884572.0,
EFIX R,3884572.0,3884634 64 852.1 367.9 1531
SSACC R,3884636.0,
SBLINK R,3884856.0,
EBLINK R,3884856.0,3885620 766
ESACC R,3884636.0,3885628 994 852.9 366.3 834.3 385.6 0.72 713
SFIX R,3885630.0,
EFIX R,3885630.0,3885898 270 927.3 291.6 1620
SSACC R,3885900.0,
SBLINK R,3885932.0,
EBLINK R,3885932.0,3886350 420
ESACC R,3885900.0,3886358 460 902.0 319.2 875.4 321.8 0.72 622
SFIX R,3886360.0,
EFIX R,3886360.0,3886466 108 892.3 270.1 1442
SSACC R,3886468.0,
ESACC R,3886468.0,3886826 360 879.1 268.9 886.1 278.7 0.32 90
SFIX R,3886828.0,
EFIX R,3886828.0,3886978 152 882.8 274.6 1613
SSACC R,3886980.0,
SBLINK R,3887338.0,
EBLINK R,3887338.0,3889290 1954
ESACC R,3886980.0,3889406 2428 871.3 265.1 897.7 361.4 2.68 1194
SFIX R,3889408.0,
EFIX R,3889408.0,3889452 46 887.3 363.8 1521
SSACC R,3889454.0,
ESACC R,3889454.0,3889570 118 888.3 350.7 875.7 364.4 0.50 340
SFIX R,3889572.0,
EFIX R,3889572.0,3889684 114 873.1 360.4 1517
SSACC R,3889686.0,
ESACC R,3889686.0,3889870 186 877.0 354.3 869.3 367.7 0.42 110
SFIX R,3889872.0,
EFIX R,3889872.0,3889892 22 866.5 360.4 1486
SSACC R,3889894.0,
ESACC R,3889894.0,3890006 114 864.1 364.3 863.8 359.2 0.14 109
SFIX R,3890008.0,
EFIX R,3890008.0,3890056 50 856.9 369.8 1460
SSACC R,3890058.0,
ESACC R,3890058.0,3890088 32 858.2 368.0 860.8 374.3 0.18 94
SFIX R,3890090.0,
EFIX R,3890090.0,3890128 40 856.4 387.5 1434
SSACC R,3890130.0,
SBLINK R,3890378.0,
EBLINK R,3890378.0,3890906 530
ESACC R,3890130.0,3890938 810 861.2 388.9 944.0 321.3 2.88 374
SFIX R,3890940.0,
EFIX R,3890940.0,3891154 216 943.3 253.5 1515
SSACC R,3891156.0,
ESACC R,3891156.0,3891186 32 934.7 211.2 923.8 220.8 0.39 174
SFIX R,3891188.0,
EFIX R,3891188.0,3891310 124 926.2 220.1 1511
SSACC R,3891312.0,
ESACC R,3891312.0,3891332 22 933.0 220.6 943.2 201.2 0.58 61
SFIX R,3891334.0,
EFIX R,3891334.0,3891498 166 931.8 188.9 1444
SSACC R,3891500.0,
ESACC R,3891500.0,3891544 46 931.2 190.4 927.1 197.5 0.22 89
SFIX R,3891546.0,
EFIX R,3891546.0,3891872 328 924.7 187.5 1427
SSACC R,3891874.0,
ESACC R,3891874.0,3891896 24 917.5 181.3 925.9 202.2 0.60 56
SFIX R,3891898.0,
EFIX R,3891898.0,3892108 212 916.6 198.0 1454
SSACC R,3892110.0,
ESACC R,3892110.0,3892262 154 909.5 206.5 906.0 225.0 0.50 75
SFIX R,3892264.0,
EFIX R,3892264.0,3892444 182 913.0 226.6 1438
SSACC R,3892446.0,
SBLINK R,3892474.0,
EBLINK R,3892474.0,3892864 392
ESACC R,3892446.0,3892946 502 929.3 259.6 958.2 230.1 1.10 94
SFIX R,3892948.0,
EFIX R,3892948.0,3892972 26 958.0 225.5 1390
SSACC R,3892974.0,
ESACC R,3892974.0,3893020 48 958.2 219.9 947.8 209.5 0.39 54
SFIX R,3893022.0,
EFIX R,3893022.0,3893040 20 963.0 206.4 1439
SSACC R,3893042.0,
SBLINK R,3893054.0,
EBLINK R,3893054.0,3893142 90
ESACC R,3893042.0,3893174 134 965.2 211.7 951.4 211.2 0.37 59
SFIX R,3893176.0,
EFIX R,3893176.0,3893308 134 946.2 205.3 1473
SSACC R,3893310.0,
SBLINK R,3893320.0,
EBLINK R,3893320.0,3893544 226
ESACC R,3893310.0,3893564 256 951.9 290.6 953.1 257.0 0.90 113
SFIX R,3893566.0,
EFIX R,3893566.0,3893596 32 944.6 236.3 1355
SSACC R,3893598.0,
ESACC R,3893598.0,3893630 34 939.5 224.9 924.6 204.6 0.67 83
SFIX R,3893632.0,
EFIX R,3893632.0,3893678 48 927.4 214.5 1521
SSACC R,3893680.0,
ESACC R,3893680.0,3893734 56 918.9 205.1 925.7 223.6 0.52 105
SFIX R,3893736.0,
EFIX R,3893736.0,3893782 48 927.4 230.0 1615
SSACC R,3893784.0,
ESACC R,3893784.0,3894578 796 924.8 222.2 955.8 208.1 0.91 174
SFIX R,3894580.0,
EFIX R,3894580.0,3894614 36 955.5 216.4 1618
SSACC R,3894616.0,
SBLINK R,3894648.0,
EBLINK R,3894648.0,3895014 368
ESACC R,3894616.0,3895032 418 966.2 236.6 999.7 363.4 3.51 286
SFIX R,3895034.0,
EFIX R,3895034.0,3895136 104 995.4 311.6 1415
SSACC R,3895138.0,
SBLINK R,3895198.0,
EBLINK R,3895198.0,3895556 360
ESACC R,3895138.0,3895644 508 990.7 288.1 970.4 177.3 2.99 262
SFIX R,3895646.0,
EFIX R,3895646.0,3895714 70 962.3 181.9 1623
SSACC R,3895716.0,
ESACC R,3895716.0,3895816 102 961.7 180.2 957.0 189.8 0.28 78
SFIX R,3895818.0,
EFIX R,3895818.0,3895842 26 956.7 186.7 1670
SSACC R,3895844.0,
SBLINK R,3896034.0,
EBLINK R,3896034.0,3896794 762
ESACC R,3895844.0,3896802 960 954.9 186.2 928.8 252.7 1.90 495
SFIX R,3896804.0,
EFIX R,3896804.0,3896862 60 946.9 244.2 1419
SSACC R,3896864.0,
ESACC R,3896864.0,3896870 8 948.1 243.6 963.5 247.9 0.43 66
SFIX R,3896872.0,
EFIX R,3896872.0,3896900 30 964.8 247.7 1450
SSACC R,3896902.0,
ESACC R,3896902.0,3896934 34 958.5 250.6 962.3 215.2 0.95 70
SFIX R,3896936.0,
EFIX R,3896936.0,3896962 28 959.8 222.9 1510
SSACC R,3896964.0,
ESACC R,3896964.0,3896998 36 960.1 219.0 942.5 214.0 0.49 69
SFIX R,3897000.0,
EFIX R,3897000.0,3897040 42 953.3 220.6 1543
SSACC R,3897042.0,
ESACC R,3897042.0,3897046 6 946.3 217.4 940.8 221.7 0.19 50
SFIX R,3897048.0,
EFIX R,3897048.0,3897106 60 937.3 227.4 1517
SSACC R,3897108.0,
ESACC R,3897108.0,3897156 50 937.6 236.9 923.2 247.5 0.48 60
SFIX R,3897158.0,
EFIX R,3897158.0,3897178 22 924.8 246.6 1407
SSACC R,3897180.0,
SBLINK R,3897224.0,
EBLINK R,3897224.0,3897616 394
ESACC R,3897180.0,3897706 528 916.6 254.6 920.8 4.7 6.52 392
SFIX R,3897708.0,
EFIX R,3897708.0,3897862 156 947.8 35.0 1551
SSACC R,3897864.0,
ESACC R,3897864.0,3897936 74 949.8 51.1 921.7 153.6 2.77 194
SFIX R,3897938.0,
EFIX R,3897938.0,3898006 70 911.7 155.3 1583
SSACC R,3898008.0,
ESACC R,3898008.0,3898070 64 902.4 140.4 906.0 153.5 0.36 111
SFIX R,3898072.0,
EFIX R,3898072.0,3898114 44 910.2 159.8 1583
SSACC R,3898116.0,
SBLINK R,3898134.0,
EBLINK R,3898134.0,3898256 124
ESACC R,3898116.0,3898342 228 913.2 145.5 894.9 164.9 0.71 91
SFIX R,3898344.0,
EFIX R,3898344.0,3898364 22 891.1 175.8 1544
SSACC R,3898366.0,
ESACC R,3898366.0,3898420 56 893.6 186.1 905.1 200.1 0.48 78
SFIX R,3898422.0,
EFIX R,3898422.0,3898508 88 910.2 213.7 1412
SSACC R,3898510.0,
SBLINK R,3898526.0,
EBLINK R,3898526.0,3900180 1656
ESACC R,3898510.0,3900188 1680 915.0 234.2 992.5 287.5 2.52 80
SFIX R,3900190.0,
EFIX R,3900190.0,3900324 136 962.1 86.7 1479
SSACC R,3900326.0,
SBLINK R,3900336.0,
EBLINK R,3900336.0,3900396 62
ESACC R,3900326.0,3900410 86 937.4 127.3 930.0 128.9 0.20 50
SFIX R,3900412.0,
EFIX R,3900412.0,3900520 110 916.8 138.1 1472
SSACC R,3900522.0,
SBLINK R,3900532.0,
EBLINK R,3900532.0,3900704 174
ESACC R,3900522.0,3900726 206 908.4 147.2 902.7 176.3 0.78 83
SFIX R,3900728.0,
EFIX R,3900728.0,3900848 122 901.8 171.2 1404
SSACC R,3900850.0,
ESACC R,3900850.0,3900942 94 902.9 177.9 906.7 189.4 0.32 79
SFIX R,3900944.0,
EFIX R,3900944.0,3901192 250 914.7 184.7 1409
SSACC R,3901194.0,
ESACC R,3901194.0,3901268 76 925.4 194.3 933.7 188.5 0.27 72
SFIX R,3901270.0,
EFIX R,3901270.0,3901362 94 934.9 183.9 1454
SSACC R,3901364.0,
ESACC R,3901364.0,3901378 16 934.2 186.8 935.9 193.6 0.19 70
SFIX R,3901380.0,
EFIX R,3901380.0,3901568 190 942.2 193.8 1446
SSACC R,3901570.0,
ESACC R,3901570.0,3901612 44 948.8 180.3 942.3 194.4 0.41 48
SFIX R,3901614.0,
EFIX R,3901614.0,3901998 386 952.3 215.8 1386
SSACC R,3902000.0,
SBLINK R,3902022.0,
EBLINK R,3902022.0,3903270 1250
ESACC R,3902000.0,3903330 1332 965.1 257.4 952.0 253.9 0.36 661
SFIX R,3903332.0,
EFIX R,3903332.0,3903614 284 947.5 235.0 1235
SSACC R,3903616.0,
ESACC R,3903616.0,3903636 22 944.2 231.9 943.9 232.2 0.01 555
SFIX R,3903638.0,
EFIX R,3903638.0,3903918 282 942.3 237.7 1288
SSACC R,3903920.0,
ESACC R,3903920.0,3903938 20 937.8 234.1 933.4 251.2 0.47 61
SFIX R,3903940.0,
EFIX R,3903940.0,3904346 408 942.7 238.7 1322
SSACC R,3904348.0,
SBLINK R,3904378.0,
EBLINK R,3904378.0,3905482 1106
ESACC R,3904348.0,3905510 1164 956.9 242.6 954.4 195.6 1.25 111
SFIX R,3905512.0,
EFIX R,3905512.0,3906108 598 903.6 176.5 1253
SSACC R,3906110.0,
SBLINK R,3906126.0,
EBLINK R,3906126.0,3909270 3146
ESACC R,3906110.0,3909304 3196 924.6 291.7 955.7 64.8 6.02 163
SFIX R,3909306.0,
EFIX R,3909306.0,3909332 28 957.9 57.0 1202
SSACC R,3909334.0,
SBLINK R,3909346.0,
EBLINK R,3909346.0,3909392 48
ESACC R,3909334.0,3909400 68 958.3 60.7 958.3 60.7 0.00 31
SFIX R,3909402.0,
EFIX R,3909402.0,3909432 32 956.7 99.5 1150
SSACC R,3909434.0,
SBLINK R,3909444.0,
EBLINK R,3909444.0,3912224 2782
ESACC R,3909434.0,3912314 2882 960.2 186.8 948.6 209.1 0.67 294
SFIX R,3912316.0,
EFIX R,3912316.0,3912372 58 949.1 210.7 1121
SSACC R,3912374.0,
ESACC R,3912374.0,3912382 10 952.2 200.3 936.6 226.2 0.80 91
SFIX R,3912384.0,
EFIX R,3912384.0,3912420 38 945.2 230.0 1119
SSACC R,3912422.0,
ESACC R,3912422.0,3912446 26 942.1 241.7 945.0 232.7 0.25 74
SFIX R,3912448.0,
EFIX R,3912448.0,3912534 88 950.8 226.1 1151
SSACC R,3912536.0,
ESACC R,3912536.0,3912552 18 952.1 236.6 951.2 218.2 0.49 91
SFIX R,3912554.0,
EFIX R,3912554.0,3912990 438 946.9 235.2 1174
SSACC R,3912992.0,
ESACC R,3912992.0,3913040 50 953.1 238.9 951.3 251.1 0.33 71
SFIX R,3913042.0,
EFIX R,3913042.0,3913066 26 955.6 253.2 1152
SSACC R,3913068.0,
SBLINK R,3913108.0,
EBLINK R,3913108.0,3919204 6098
ESACC R,3913068.0,3919606 6540 960.3 242.5 920.9 130.7 3.13 583
SFIX R,3919608.0,
EFIX R,3919608.0,3919638 32 926.1 143.2 1403
SSACC R,3919640.0,
SBLINK R,3919704.0,
EBLINK R,3919704.0,3922324 2622
ESACC R,3919640.0,3922354 2716 932.9 147.8 966.9 -14.2 4.28 1061
SFIX R,3922356.0,
EFIX R,3922356.0,3922376 22 970.1 -3.1 1397
SSACC R,3922378.0,
SBLINK R,3922450.0,
EBLINK R,3922450.0,3923522 1074
ESACC R,3922378.0,3923572 1196 970.7 -2.2 932.1 183.8 4.93 350
SFIX R,3923574.0,
EFIX R,3923574.0,3923966 394 923.2 239.7 1321
SSACC R,3923968.0,
ESACC R,3923968.0,3923976 10 920.5 252.7 918.2 286.3 0.90 108
SFIX R,3923978.0,
EFIX R,3923978.0,3924160 184 916.9 271.8 1248
SSACC R,3924162.0,
ESACC R,3924162.0,3924220 60 926.3 263.4 942.6 215.9 1.34 143
SFIX R,3924222.0,
EFIX R,3924222.0,3924454 234 940.4 227.5 1343
SSACC R,3924456.0,
ESACC R,3924456.0,3924526 72 941.5 232.4 946.7 230.0 0.15 114
SFIX R,3924528.0,
EFIX R,3924528.0,3924564 38 944.7 234.5 1409
SSACC R,3924566.0,
ESACC R,3924566.0,3924904 340 944.3 263.1 941.7 221.4 1.11 105
SFIX R,3924906.0,
EFIX R,3924906.0,3924964 60 940.1 219.3 1453
SSACC R,3924966.0,
ESACC R,3924966.0,3924972 8 936.5 218.5 936.3 234.0 0.41 67
SFIX R,3924974.0,
EFIX R,3924974.0,3925000 28 942.3 223.2 1492
SSACC R,3925002.0,
ESACC R,3925002.0,3925030 30 944.3 225.6 943.6 218.4 0.19 106
SFIX R,3925032.0,
EFIX R,3925032.0,3925056 26 939.2 219.9 1517
SSACC R,3925058.0,
ESACC R,3925058.0,3925232 176 941.4 206.2 940.3 223.3 0.45 120
SFIX R,3925234.0,
EFIX R,3925234.0,3925260 28 938.9 226.8 1571
SSACC R,3925262.0,
ESACC R,3925262.0,3925952 692 931.8 219.4 959.7 220.7 0.75 135
SFIX R,3925954.0,
EFIX R,3925954.0,3926106 154 959.9 219.8 1437
SSACC R,3926108.0,
ESACC R,3926108.0,3926132 26 962.0 223.3 962.2 202.6 0.55 76
SFIX R,3926134.0,
EFIX R,3926134.0,3926400 268 976.9 228.9 1357
SSACC R,3926402.0,
SBLINK R,3926572.0,
EBLINK R,3926572.0,3926880 310
ESACC R,3926402.0,3926906 506 997.5 260.3 1007.0 275.7 0.48 282
SFIX R,3926908.0,
EFIX R,3926908.0,3926970 64 1006.3 249.3 1093
SSACC R,3926972.0,
ESACC R,3926972.0,3927038 68 1003.6 230.2 1004.3 241.1 0.29 90
SFIX R,3927040.0,
EFIX R,3927040.0,3927122 84 1004.2 225.8 1123
SSACC R,3927124.0,
ESACC R,3927124.0,3927166 44 1004.1 222.5 998.6 204.2 0.51 80
SFIX R,3927168.0,
EFIX R,3927168.0,3927300 134 993.7 216.2 1148
SSACC R,3927302.0,
ESACC R,3927302.0,3927322 22 986.7 216.6 979.3 220.5 0.22 76
SFIX R,3927324.0,
EFIX R,3927324.0,3927360 38 981.4 217.2 1188
SSACC R,3927362.0,
ESACC R,3927362.0,3927488 128 979.2 211.8 975.0 186.9 0.67 88
SFIX R,3927490.0,
EFIX R,3927490.0,3927580 92 973.5 189.5 1217
SSACC R,3927582.0,
ESACC R,3927582.0,3927600 20 970.4 199.2 971.4 194.4 0.13 59
SFIX R,3927602.0,
EFIX R,3927602.0,3927662 62 972.5 192.4 1199
SSACC R,3927664.0,
SBLINK R,3927674.0,
EBLINK R,3927674.0,3927674 2
ESACC R,3927664.0,3927772 110 975.5 205.4 971.3 229.0 0.64 70
SFIX R,3927774.0,
EFIX R,3927774.0,3927824 52 972.5 229.1 1111
SSACC R,3927826.0,
ESACC R,3927826.0,3927878 54 975.3 223.0 975.1 249.4 0.70 59
SFIX R,3927880.0,
EFIX R,3927880.0,3927932 54 974.7 237.5 1069
SSACC R,3927934.0,
SBLINK R,3927972.0,
EBLINK R,3927972.0,3929650 1680
ESACC R,3927934.0,3929690 1758 977.3 232.7 957.1 278.3 1.33 96
SFIX R,3929692.0,
EFIX R,3929692.0,3929804 114 951.9 273.5 1133
SSACC R,3929806.0,
ESACC R,3929806.0,3929816 12 945.2 244.8 944.9 265.6 0.55 56
SFIX R,3929818.0,
EFIX R,3929818.0,3929992 176 939.3 255.1 1159
SSACC R,3929994.0,
ESACC R,3929994.0,3930216 224 929.8 242.5 912.9 174.0 1.87 119
SFIX R,3930218.0,
EFIX R,3930218.0,3930636 420 913.7 184.0 1415
SSACC R,3930638.0,
ESACC R,3930638.0,3930650 14 909.6 187.6 911.1 209.0 0.57 69
SFIX R,3930652.0,
EFIX R,3930652.0,3930716 66 911.4 201.8 1481
SSACC R,3930718.0,
SBLINK R,3932914.0,
EBLINK R,3932914.0,3933072 160
ESACC R,3930718.0,3933092 2376 916.4 214.7 970.6 234.9 1.55 198
SFIX R,3933094.0,
EFIX R,3933094.0,3933144 52 960.9 184.7 1234
SSACC R,3933146.0,
SBLINK R,3933724.0,
EBLINK R,3933724.0,3934290 568
ESACC R,3933146.0,3934304 1160 951.2 157.0 981.1 253.9 2.69 273
SFIX R,3934306.0,
EFIX R,3934306.0,3934334 30 975.5 236.6 1150
SSACC R,3934336.0,
ESACC R,3934336.0,3934382 48 959.9 226.3 950.0 180.5 1.24 102
SFIX R,3934384.0,
EFIX R,3934384.0,3934404 22 947.0 173.2 1249
SSACC R,3934406.0,
ESACC R,3934406.0,3934492 88 943.7 170.8 946.7 116.4 1.43 447
SFIX R,3934494.0,
EFIX R,3934494.0,3934512 20 953.5 125.8 1484
SSACC R,3934514.0,
ESACC R,3934514.0,3934626 114 960.1 128.4 953.4 115.3 0.39 104
SFIX R,3934628.0,
EFIX R,3934628.0,3934656 30 945.6 106.3 1496
SSACC R,3934658.0,
ESACC R,3934658.0,3934948 292 939.3 100.4 944.6 124.2 0.64 106
SFIX R,3934950.0,
EFIX R,3934950.0,3935532 584 970.6 139.7 1246
SSACC R,3935534.0,
ESACC R,3935534.0,3935556 24 986.6 134.3 1014.3 93.1 1.30 79
SFIX R,3935558.0,
EFIX R,3935558.0,3935760 204 1009.5 67.9 1351
SSACC R,3935762.0,
ESACC R,3935762.0,3935838 78 1010.4 50.3 1011.1 41.3 0.23 67
SFIX R,3935840.0,
EFIX R,3935840.0,3935892 54 1010.0 45.1 1392
SSACC R,3935894.0,
ESACC R,3935894.0,3935916 24 1011.1 37.7 1002.9 41.8 0.24 59
SFIX R,3935918.0,
EFIX R,3935918.0,3935938 22 1011.8 48.3 1384
SSACC R,3935940.0,
ESACC R,3935940.0,3935966 28 1006.0 45.1 1011.4 67.1 0.58 69
SFIX R,3935968.0,
EFIX R,3935968.0,3936812 846 1009.9 56.8 1331
SSACC R,3936814.0,
ESACC R,3936814.0,3936840 28 1004.0 62.2 981.1 85.2 0.85 97
SFIX R,3936842.0,
EFIX R,3936842.0,3937140 300 975.9 71.1 1315
SSACC R,3937142.0,
ESACC R,3937142.0,3937156 16 964.7 64.8 976.8 80.2 0.51 69
SFIX R,3937158.0,
EFIX R,3937158.0,3937468 312 973.9 79.4 1347
SSACC R,3937470.0,
ESACC R,3937470.0,3937478 10 981.0 110.4 984.8 127.8 0.46 66
SFIX R,3937480.0,
EFIX R,3937480.0,3937914 436 991.4 132.3 1337
SSACC R,3937916.0,
ESACC R,3937916.0,3937960 46 1002.2 142.7 1002.6 130.1 0.33 51
SFIX R,3937962.0,
EFIX R,3937962.0,3938198 238 1014.6 153.6 1289
SSACC R,3938200.0,
SBLINK R,3938210.0,
EBLINK R,3938210.0,3938212 4
ESACC R,3938200.0,3938220 22 1002.2 142.7 1002.6 130.1 0.33 0
SFIX R,3938222.0,
EFIX R,3938222.0,3938254 34 1033.1 203.4 1206
SSACC R,3938256.0,
ESACC R,3938256.0,3938268 14 1027.3 211.7 1030.7 204.8 0.20 62
SFIX R,3938270.0,
EFIX R,3938270.0,3938326 58 1037.7 198.8 1217
SSACC R,3938328.0,
SBLINK R,3938340.0,
EBLINK R,3938340.0,3938444 106
ESACC R,3938328.0,3938452 126 1041.3 190.6 1037.5 199.7 0.26 92
SFIX R,3938454.0,
EFIX R,3938454.0,3938720 268 1027.3 169.6 1248
SSACC R,3938722.0,
ESACC R,3938722.0,3938798 78 1020.6 156.1 1018.2 168.3 0.33 65
SFIX R,3938800.0,
EFIX R,3938800.0,3938844 46 1019.5 167.7 1243
SSACC R,3938846.0,
ESACC R,3938846.0,3938854 10 1017.8 180.5 1024.7 161.2 0.54 66
SFIX R,3938856.0,
EFIX R,3938856.0,3939058 204 1020.3 180.9 1201
SSACC R,3939060.0,
SBLINK R,3939522.0,
EBLINK R,3939522.0,3941440 1920
ESACC R,3939060.0,3941474 2416 1022.1 192.0 960.8 161.9 1.82 122
SFIX R,3941476.0,
EFIX R,3941476.0,3941752 278 954.2 182.2 1230
SSACC R,3941754.0,
ESACC R,3941754.0,3941764 12 955.3 190.0 948.2 201.8 0.37 59
SFIX R,3941766.0,
EFIX R,3941766.0,3941800 36 949.4 193.3 1269
SSACC R,3941802.0,
ESACC R,3941802.0,3941808 8 950.9 190.1 949.0 209.9 0.53 68
SFIX R,3941810.0,
EFIX R,3941810.0,3942724 916 938.1 219.4 1298
SSACC R,3942726.0,
SBLINK R,3942796.0,
EBLINK R,3942796.0,3943518 724
ESACC R,3942726.0,3943526 802 928.5 245.3 942.9 326.4 2.20 99
SFIX R,3943528.0,
EFIX R,3943528.0,3943672 146 1014.6 111.2 1293
SSACC R,3943674.0,
SBLINK R,3943692.0,
EBLINK R,3943692.0,3946358 2668
ESACC R,3943674.0,3946688 3016 1021.7 143.9 922.6 161.0 2.68 179
SFIX R,3946690.0,
EFIX R,3946690.0,3946976 288 924.5 147.3 1108
SSACC R,3946978.0,
ESACC R,3946978.0,3947032 56 937.7 145.8 937.2 197.9 1.37 96
SFIX R,3947034.0,
EFIX R,3947034.0,3947098 66 939.1 200.1 1160
SSACC R,3947100.0,
ESACC R,3947100.0,3947134 36 938.5 212.0 949.3 203.2 0.37 77
SFIX R,3947136.0,
EFIX R,3947136.0,3947194 60 946.1 218.0 1179
SSACC R,3947196.0,
ESACC R,3947196.0,3947202 8 953.5 224.0 962.7 224.2 0.25 54
SFIX R,3947204.0,
EFIX R,3947204.0,3947316 114 966.0 232.5 1174
SSACC R,3947318.0,
ESACC R,3947318.0,3947358 42 970.8 235.8 960.0 237.7 0.29 101
SFIX R,3947360.0,
EFIX R,3947360.0,3947388 30 958.8 231.6 1155
SSACC R,3947390.0,
ESACC R,3947390.0,3947404 16 967.5 218.0 955.4 235.2 0.56 71
SFIX R,3947406.0,
EFIX R,3947406.0,3948092 688 952.1 239.1 1210
SSACC R,3948094.0,
SBLINK R,3948112.0,
EBLINK R,3948112.0,3948988 878
ESACC R,3948094.0,3949094 1002 942.4 298.4 971.2 214.2 2.38 120
SFIX R,3949096.0,
EFIX R,3949096.0,3949120 26 972.3 219.1 1205
SSACC R,3949122.0,
SBLINK R,3949314.0,
EBLINK R,3949314.0,3956768 7456
ESACC R,3949122.0,3957432 8312 973.1 225.1 1014.3 204.8 1.23 209
SFIX R,3957434.0,
EFIX R,3957434.0,3957454 22 1023.5 203.8 1201
SSACC R,3957456.0,
SBLINK R,3957492.0,
EBLINK R,3957492.0,3968258 10768
ESACC R,3957456.0,3968468 11014 1018.0 213.3 1066.3 26.6 5.02 143
SFIX R,3968470.0,
EFIX R,3968470.0,3968532 64 1071.8 18.6 1377
SSACC R,3968534.0,
ESACC R,3968534.0,3968568 36 1076.7 14.3 1080.0 9.8 0.14 72
SFIX R,3968570.0,
EFIX R,3968570.0,3968608 40 1077.8 14.0 1411
SSACC R,3968610.0,
ESACC R,3968610.0,3968624 16 1082.8 7.3 1076.5 16.6 0.29 73
SFIX R,3968626.0,
EFIX R,3968626.0,3968696 72 1075.7 12.9 1431
SSACC R,3968698.0,
ESACC R,3968698.0,3968722 26 1070.7 16.8 1071.3 37.4 0.53 450
SFIX R,3968724.0,
EFIX R,3968724.0,3968886 164 1070.7 28.8 1457
SSACC R,3968888.0,
ESACC R,3968888.0,3968972 86 1070.5 45.2 1072.2 18.5 0.69 226
SFIX R,3968974.0,
EFIX R,3968974.0,3969214 242 1072.3 35.5 1556
SSACC R,3969216.0,
ESACC R,3969216.0,3969260 46 1075.3 35.4 1073.7 41.6 0.16 338
SFIX R,3969262.0,
EFIX R,3969262.0,3969382 122 1076.6 66.2 1610
SSACC R,3969384.0,
ESACC R,3969384.0,3969470 88 1081.9 90.0 1057.9 366.4 7.33 258
SFIX R,3969472.0,
EFIX R,3969472.0,3969518 48 1052.3 373.8 1593
SSACC R,3969520.0,
ESACC R,3969520.0,3969606 88 1054.1 362.7 1047.5 366.2 0.20 505
SFIX R,3969608.0,
EFIX R,3969608.0,3969628 22 1044.3 372.8 1645
SSACC R,3969630.0,
ESACC R,3969630.0,3969674 46 1043.2 373.1 1038.3 375.9 0.15 226
SFIX R,3969676.0,
EFIX R,3969676.0,3969840 166 1025.9 372.5 1641
SSACC R,3969842.0,
ESACC R,3969842.0,3969874 34 1014.5 378.6 1010.8 368.3 0.30 74
SFIX R,3969876.0,
EFIX R,3969876.0,3969902 28 1001.8 364.3 1604
SSACC R,3969904.0,
ESACC R,3969904.0,3969920 18 1003.5 362.7 998.7 353.5 0.28 66
SFIX R,3969922.0,
EFIX R,3969922.0,3969964 44 997.5 353.7 1598
SSACC R,3969966.0,
ESACC R,3969966.0,3970066 102 996.6 344.6 986.9 330.6 0.46 185
SFIX R,3970068.0,
EFIX R,3970068.0,3970174 108 985.7 342.4 1593
SSACC R,3970176.0,
SBLINK R,3970376.0,
EBLINK R,3970376.0,3978100 7726
ESACC R,3970176.0,3978110 7936 982.0 344.6 1044.6 215.1 3.84 883
SFIX R,3978112.0,
EFIX R,3978112.0,3978214 104 1031.4 214.3 1635
SSACC R,3978216.0,
ESACC R,3978216.0,3978234 20 1017.4 208.1 1019.6 208.7 0.06 64
SFIX R,3978236.0,
EFIX R,3978236.0,3978288 54 1014.0 211.6 1611
SSACC R,3978290.0,
ESACC R,3978290.0,3978346 58 1010.3 206.8 1008.1 215.8 0.25 176
SFIX R,3978348.0,
EFIX R,3978348.0,3978368 22 1005.5 219.1 1585
SSACC R,3978370.0,
SBLINK R,3978398.0,
EBLINK R,3978398.0,3979224 828
ESACC R,3978370.0,3979232 864 1009.1 220.8 991.6 294.7 2.02 91
SFIX R,3979234.0,
EFIX R,3979234.0,3979270 38 991.9 273.7 1624
SSACC R,3979272.0,
ESACC R,3979272.0,3979318 48 995.5 270.0 1012.3 237.2 0.98 152
SFIX R,3979320.0,
EFIX R,3979320.0,3979380 62 1012.2 238.7 1656
SSACC R,3979382.0,
ESACC R,3979382.0,3979396 16 1012.3 240.1 1010.5 238.2 0.07 72
SFIX R,3979398.0,
EFIX R,3979398.0,3979484 88 1006.5 243.1 1632
SSACC R,3979486.0,
SBLINK R,3979496.0,
EBLINK R,3979496.0,3983808 4314
ESACC R,3979486.0,3983830 4346 737.9 1165.5 1045.1 191.8 26.18 2037
SFIX R,3983832.0,
EFIX R,3983832.0,3984152 322 1040.8 192.4 1829
SSACC R,3984154.0,
ESACC R,3984154.0,3984240 88 1029.0 192.6 1034.0 193.5 0.14 57
SFIX R,3984242.0,
EFIX R,3984242.0,3984688 448 1028.5 190.3 1793
SSACC R,3984690.0,
ESACC R,3984690.0,3984744 56 1022.4 195.0 1139.5 430.0 7.01 865
SFIX R,3984746.0,
EFIX R,3984746.0,3984788 44 1143.6 430.3 1439
SSACC R,3984790.0,
ESACC R,3984790.0,3984992 204 1145.2 435.9 1133.9 452.9 0.55 1084
SFIX R,3984994.0,
EFIX R,3984994.0,3985020 28 1136.6 453.7 1428
SSACC R,3985022.0,
ESACC R,3985022.0,3985108 88 1136.7 457.2 1133.4 473.7 0.45 574
SFIX R,3985110.0,
EFIX R,3985110.0,3985208 100 1132.7 465.4 1419
SSACC R,3985210.0,
SBLINK R,3985236.0,
EBLINK R,3985236.0,3988608 3374
ESACC R,3985210.0,3988626 3418 1129.9 464.3 978.7 136.1 9.62 516
SFIX R,3988628.0,
EFIX R,3988628.0,3988760 134 962.4 119.5 1604
SSACC R,3988762.0,
ESACC R,3988762.0,3988786 26 953.6 99.2 950.5 101.9 0.11 71
SFIX R,3988788.0,
EFIX R,3988788.0,3988904 118 943.9 110.7 1664
SSACC R,3988906.0,
ESACC R,3988906.0,3988910 6 937.8 102.4 934.7 114.0 0.31 64
SFIX R,3988912.0,
EFIX R,3988912.0,3988972 62 938.6 123.8 1588
SSACC R,3988974.0,
SBLINK R,3988996.0,
EBLINK R,3988996.0,3990926 1932
ESACC R,3988974.0,3990934 1962 938.8 132.6 935.1 151.5 0.51 69
SFIX R,3990936.0,
EFIX R,3990936.0,3991328 394 911.5 229.4 1246
SSACC R,3991330.0,
ESACC R,3991330.0,3991336 8 903.6 233.1 907.2 221.6 0.32 52
SFIX R,3991338.0,
EFIX R,3991338.0,3991530 194 910.5 216.6 1252
SSACC R,3991532.0,
ESACC R,3991532.0,3991538 8 911.7 215.3 914.0 205.2 0.27 64
SFIX R,3991540.0,
EFIX R,3991540.0,3991854 316 910.4 193.9 1392
SSACC R,3991856.0,
ESACC R,3991856.0,3991882 28 910.6 184.2 908.1 199.9 0.42 51
SFIX R,3991884.0,
EFIX R,3991884.0,3991954 72 907.0 195.9 1460
SSACC R,3991956.0,
ESACC R,3991956.0,3991982 28 904.2 209.7 963.1 169.6 1.90 105
SFIX R,3991984.0,
EFIX R,3991984.0,3992316 334 968.1 149.4 1481
SSACC R,3992318.0,
ESACC R,3992318.0,3992330 14 976.2 144.1 970.0 159.1 0.43 54
SFIX R,3992332.0,
EFIX R,3992332.0,3992390 60 975.6 148.4 1552
SSACC R,3992392.0,
ESACC R,3992392.0,3992404 14 974.2 163.7 978.4 147.1 0.45 63
SFIX R,3992406.0,
EFIX R,3992406.0,3992484 80 978.9 154.6 1565
SSACC R,3992486.0,
ESACC R,3992486.0,3992500 16 981.2 150.7 982.1 150.8 0.02 60
SFIX R,3992502.0,
EFIX R,3992502.0,3993552 1052 973.9 147.9 1545
SSACC R,3993554.0,
ESACC R,3993554.0,3993570 18 981.3 156.0 986.5 142.7 0.38 47
SFIX R,3993572.0,
EFIX R,3993572.0,3994100 530 978.9 131.7 1538
SSACC R,3994102.0,
ESACC R,3994102.0,3994134 34 971.0 93.9 970.1 79.4 0.38 55
SFIX R,3994136.0,
EFIX R,3994136.0,3994438 304 967.2 75.4 1601
SSACC R,3994440.0,
ESACC R,3994440.0,3994470 32 953.0 77.9 947.2 75.1 0.17 58
SFIX R,3994472.0,
EFIX R,3994472.0,3994818 348 945.6 77.3 1577
SSACC R,3994820.0,
SBLINK R,3994832.0,
EBLINK R,3994832.0,3995568 738
ESACC R,3994820.0,3995576 758 969.1 137.0 969.1 137.0 0.00 18
SFIX R,3995578.0,
EFIX R,3995578.0,3995772 196 984.7 144.5 1607
SSACC R,3995774.0,
ESACC R,3995774.0,3995780 8 975.0 129.1 973.0 136.6 0.20 52
SFIX R,3995782.0,
EFIX R,3995782.0,3996588 808 943.2 141.7 1544
SSACC R,3996590.0,
SBLINK R,3996626.0,
EBLINK R,3996626.0,3997034 410
ESACC R,3996590.0,3997042 454 951.2 162.3 715.8 821.4 18.49 888
SFIX R,3997044.0,
EFIX R,3997044.0,3997410 368 1000.0 -71.1 1585
SSACC R,3997412.0,
ESACC R,3997412.0,3997434 24 986.1 -98.2 983.3 -93.8 0.13 632
SFIX R,3997436.0,
EFIX R,3997436.0,3997482 48 981.6 -100.3 1642
SSACC R,3997484.0,
ESACC R,3997484.0,3997522 40 980.3 -105.3 983.5 -95.5 0.26 878
SFIX R,3997524.0,
EFIX R,3997524.0,3997596 74 982.0 -94.7 1606
SSACC R,3997598.0,
SBLINK R,3997672.0,
EBLINK R,3997672.0,3999396 1726
ESACC R,3997598.0,3999926 2330 986.8 -74.9 911.6 225.8 7.99 1190
SFIX R,3999928.0,
EFIX R,3999928.0,4000146 220 896.1 195.7 1454
SSACC R,4000148.0,
ESACC R,4000148.0,4000426 280 886.7 191.1 947.2 150.7 1.93 132
SFIX R,4000428.0,
EFIX R,4000428.0,4000490 64 945.8 153.8 1658
SSACC R,4000492.0,
SBLINK R,4001130.0,
EBLINK R,4001130.0,4001420 292
ESACC R,4000492.0,4002128 1638 948.4 156.8 1059.8 497.8 9.57 1710
SFIX R,4002130.0,
EFIX R,4002130.0,4002152 24 1060.8 495.0 1170
SSACC R,4002154.0,
ESACC R,4002154.0,4002180 28 1059.3 496.5 1058.9 495.2 0.04 924
SFIX R,4002182.0,
EFIX R,4002182.0,4002268 88 1059.9 500.8 1177
SSACC R,4002270.0,
ESACC R,4002270.0,4002290 22 1061.9 500.9 1060.9 507.4 0.18 938
SFIX R,4002292.0,
EFIX R,4002292.0,4002592 302 1065.9 516.6 1167
SSACC R,4002594.0,
ESACC R,4002594.0,4002600 8 1069.3 520.8 1067.4 530.2 0.26 46
SFIX R,4002602.0,
EFIX R,4002602.0,4003130 530 1068.7 520.3 1144
SSACC R,4003132.0,
ESACC R,4003132.0,4003200 70 1071.6 504.4 1073.4 501.9 0.08 1520
SFIX R,4003202.0,
EFIX R,4003202.0,4003238 38 1073.9 503.2 1187
SSACC R,4003240.0,
SBLINK R,4003362.0,
EBLINK R,4003362.0,4005070 1710
ESACC R,4003240.0,4005078 1840 1075.9 503.1 1027.0 198.9 8.25 1404
SFIX R,4005080.0,
EFIX R,4005080.0,4005180 102 1001.7 118.7 1570
SSACC R,4005182.0,
ESACC R,4005182.0,4005238 58 996.0 86.4 987.6 87.1 0.22 625
SFIX R,4005240.0,
EFIX R,4005240.0,4005304 66 995.4 96.4 1608
SSACC R,4005306.0,
SBLINK R,4005316.0,
EBLINK R,4005316.0,4006240 926
ESACC R,4005306.0,4006248 944 996.0 86.4 987.6 87.1 0.22 0
SFIX R,4006250.0,
EFIX R,4006250.0,4006494 246 941.3 157.2 1554
SSACC R,4006496.0,
ESACC R,4006496.0,4006510 16 931.6 150.5 931.9 178.1 0.73 80
SFIX R,4006512.0,
EFIX R,4006512.0,4006626 116 942.1 175.6 1467
SSACC R,4006628.0,
SBLINK R,4006638.0,
EBLINK R,4006638.0,4008850 2214
ESACC R,4006628.0,4008878 2252 -371.1 1182.7 960.9 54.9 39.62 1064
SFIX R,4008880.0,
EFIX R,4008880.0,4009008 130 949.4 53.6 1347
SSACC R,4009010.0,
ESACC R,4009010.0,4009030 22 950.4 56.4 943.1 50.7 0.24 567
SFIX R,4009032.0,
EFIX R,4009032.0,4009122 92 937.1 58.8 1317
SSACC R,4009124.0,
ESACC R,4009124.0,4009176 54 933.1 66.1 902.8 117.0 1.55 128
SFIX R,4009178.0,
EFIX R,4009178.0,4009236 60 904.5 111.3 1306
SSACC R,4009238.0,
ESACC R,4009238.0,4009278 42 902.2 99.4 908.3 115.8 0.46 87
SFIX R,4009280.0,
EFIX R,4009280.0,4009470 192 905.5 115.6 1324
SSACC R,4009472.0,
ESACC R,4009472.0,4009480 10 913.0 98.8 912.2 115.2 0.43 56
SFIX R,4009482.0,
EFIX R,4009482.0,4009804 324 916.2 114.3 1392
SSACC R,4009806.0,
ESACC R,4009806.0,4009810 6 913.2 115.0 915.8 127.5 0.33 70
SFIX R,4009812.0,
EFIX R,4009812.0,4009860 50 919.5 122.6 1436
SSACC R,4009862.0,
ESACC R,4009862.0,4009886 26 924.3 123.7 943.8 78.9 1.28 100
SFIX R,4009888.0,
EFIX R,4009888.0,4010146 260 942.2 86.9 1410
SSACC R,4010148.0,
ESACC R,4010148.0,4010156 10 941.9 95.7 950.4 80.8 0.45 63
SFIX R,4010158.0,
EFIX R,4010158.0,4010428 272 936.4 95.0 1468
SSACC R,4010430.0,
SBLINK R,4011522.0,
EBLINK R,4011522.0,4012012 492
ESACC R,4010430.0,4012032 1604 927.0 91.7 992.0 18.7 2.55 1068
SFIX R,4012034.0,
EFIX R,4012034.0,4012236 204 980.5 -31.5 1521
SSACC R,4012238.0,
ESACC R,4012238.0,4013108 872 965.8 -60.6 871.8 109.0 4.99 480
SFIX R,4013110.0,
EFIX R,4013110.0,4013150 42 873.9 113.2 1526
SSACC R,4013152.0,
SBLINK R,4013338.0,
EBLINK R,4013338.0,4013666 330
ESACC R,4013152.0,4013818 668 865.0 109.4 889.0 330.4 5.88 566
SFIX R,4013820.0,
EFIX R,4013820.0,4013930 112 887.7 320.3 1416
SSACC R,4013932.0,
SBLINK R,4014210.0,
EBLINK R,4014210.0,4015390 1182
ESACC R,4013932.0,4015630 1700 879.2 318.0 913.5 93.4 6.00 847
SFIX R,4015632.0,
EFIX R,4015632.0,4015706 76 913.7 98.8 1827
SSACC R,4015708.0,
ESACC R,4015708.0,4015760 54 919.6 103.2 907.1 104.6 0.33 128
SFIX R,4015762.0,
EFIX R,4015762.0,4015786 26 912.4 105.8 1850
SSACC R,4015788.0,
ESACC R,4015788.0,4016344 558 914.1 90.8 977.4 510.6 11.26 1280
SFIX R,4016346.0,
EFIX R,4016346.0,4016530 186 976.9 510.3 1094
SSACC R,4016532.0,
ESACC R,4016532.0,4016560 30 982.2 504.4 982.8 515.1 0.29 60
SFIX R,4016562.0,
EFIX R,4016562.0,4016634 74 982.4 520.3 1081
SSACC R,4016636.0,
ESACC R,4016636.0,4016652 18 985.1 520.7 982.5 541.2 0.56 106
SFIX R,4016654.0,
EFIX R,4016654.0,4017142 490 985.5 556.3 1085
SSACC R,4017144.0,
ESACC R,4017144.0,4017156 14 989.2 554.9 988.3 544.9 0.27 61
SFIX R,4017158.0,
EFIX R,4017158.0,4018742 1586 1000.2 561.5 1171
SSACC R,4018744.0,
SBLINK R,4018802.0,
EBLINK R,4018802.0,4018950 150
ESACC R,4018744.0,4018964 222 1003.5 569.0 922.5 338.4 6.60 1710
SFIX R,4018966.0,
EFIX R,4018966.0,4018988 24 922.5 326.1 1521
SSACC R,4018990.0,
ESACC R,4018990.0,4018996 8 920.2 317.4 909.7 301.1 0.52 84
SFIX R,4018998.0,
EFIX R,4018998.0,4019048 52 899.6 273.3 1628
SSACC R,4019050.0,
SBLINK R,4019298.0,
EBLINK R,4019298.0,4019582 286
ESACC R,4019050.0,4019596 548 894.3 259.9 948.3 221.1 1.78 522
SFIX R,4019598.0,
EFIX R,4019598.0,4019662 66 924.5 172.5 1468
SSACC R,4019664.0,
ESACC R,4019664.0,4020228 566 907.2 147.1 882.2 7.0 3.68 164
SFIX R,4020230.0,
EFIX R,4020230.0,4020260 32 882.7 8.2 1784
SSACC R,4020262.0,
ESACC R,4020262.0,4020758 498 886.1 21.2 884.8 -3.2 0.62 1646
SFIX R,4020760.0,
EFIX R,4020760.0,4020944 186 879.0 2.7 1845
SSACC R,4020946.0,
ESACC R,4020946.0,4021172 228 875.4 -10.4 884.8 1.6 0.39 716
SFIX R,4021174.0,
EFIX R,4021174.0,4021250 78 883.7 4.8 1948
SSACC R,4021252.0,
ESACC R,4021252.0,4021322 72 891.0 23.5 901.8 6.9 0.51 118
SFIX R,4021324.0,
EFIX R,4021324.0,4021356 34 904.7 21.7 2000
SSACC R,4021358.0,
ESACC R,4021358.0,4021576 220 904.8 39.5 901.9 41.3 0.09 100
SFIX R,4021578.0,
EFIX R,4021578.0,4021608 32 896.6 42.8 1972
SSACC R,4021610.0,
SBLINK R,4021910.0,
EBLINK R,4021910.0,4021984 76
ESACC R,4021610.0,4021992 384 884.7 37.0 920.3 186.3 4.00 1467
SFIX R,4021994.0,
EFIX R,4021994.0,4022128 136 950.1 224.9 1605
SSACC R,4022130.0,
SBLINK R,4022326.0,
EBLINK R,4022326.0,4023590 1266
ESACC R,4022130.0,4023610 1482 947.6 222.7 985.2 248.5 1.22 129
SFIX R,4023612.0,
EFIX R,4023612.0,4023748 138 960.1 207.0 1574
SSACC R,4023750.0,
SBLINK R,4024142.0,
EBLINK R,4024142.0,4024448 308
ESACC R,4023750.0,4024742 994 952.1 200.5 865.8 380.4 5.34 738
SFIX R,4024744.0,
EFIX R,4024744.0,4024816 74 865.4 373.3 1624
SSACC R,4024818.0,
SBLINK R,4024828.0,
EBLINK R,4024828.0,4024830 4
ESACC R,4024818.0,4024852 36 863.7 365.9 858.6 370.4 0.18 37
SFIX R,4024854.0,
EFIX R,4024854.0,4024906 54 862.7 365.5 1612
SSACC R,4024908.0,
ESACC R,4024908.0,4024930 24 865.2 352.2 861.6 368.5 0.45 96
SFIX R,4024932.0,
EFIX R,4024932.0,4024980 50 863.1 364.7 1616
SSACC R,4024982.0,
ESACC R,4024982.0,4025358 378 863.6 353.9 924.4 124.8 6.28 229
SFIX R,4025360.0,
EFIX R,4025360.0,4025390 32 927.7 109.5 1690
SSACC R,4025392.0,
ESACC R,4025392.0,4026354 964 933.7 86.0 910.1 59.3 0.93 117
SFIX R,4026356.0,
EFIX R,4026356.0,4026374 20 912.8 69.4 1731
SSACC R,4026376.0,
ESACC R,4026376.0,4026948 574 921.0 69.8 947.3 56.0 0.78 147
SFIX R,4026950.0,
EFIX R,4026950.0,4027036 88 941.3 65.2 1826
SSACC R,4027038.0,
ESACC R,4027038.0,4027088 52 941.0 56.2 933.1 56.8 0.21 84
SFIX R,4027090.0,
EFIX R,4027090.0,4027130 42 936.3 57.2 1839
SSACC R,4027132.0,
ESACC R,4027132.0,4027994 864 928.7 62.0 890.9 659.3 15.81 1401
SFIX R,4027996.0,
EFIX R,4027996.0,4028168 174 890.3 666.9 1048
SSACC R,4028170.0,
ESACC R,4028170.0,4029024 856 887.2 671.4 793.0 620.1 2.90 1482
SFIX R,4029026.0,
EFIX R,4029026.0,4029062 38 787.1 628.3 1451
SSACC R,4029064.0,
SBLINK R,4029228.0,
EBLINK R,4029228.0,4029636 410
ESACC R,4029064.0,4029662 600 780.9 632.9 900.1 366.9 7.86 385
SFIX R,4029664.0,
EFIX R,4029664.0,4029756 94 900.0 335.3 1316
SSACC R,4029758.0,
ESACC R,4029758.0,4029762 6 897.0 319.3 893.7 306.5 0.35 84
SFIX R,4029764.0,
EFIX R,4029764.0,4029956 194 900.6 307.3 1421
SSACC R,4029958.0,
ESACC R,4029958.0,4030054 98 901.5 304.6 890.9 258.3 1.27 81
SFIX R,4030056.0,
EFIX R,4030056.0,4030084 30 891.4 263.5 1444
SSACC R,4030086.0,
ESACC R,4030086.0,4030176 92 896.5 276.9 885.2 242.4 0.97 108
SFIX R,4030178.0,
EFIX R,4030178.0,4030216 40 900.0 249.1 1463
SSACC R,4030218.0,
ESACC R,4030218.0,4031054 838 898.8 264.7 892.6 159.2 2.80 169
SFIX R,4031056.0,
EFIX R,4031056.0,4031088 34 890.1 157.6 1570
SSACC R,4031090.0,
ESACC R,4031090.0,4031608 520 883.5 154.1 889.3 152.5 0.16 222
SFIX R,4031610.0,
EFIX R,4031610.0,4031652 44 900.2 161.0 1664
SSACC R,4031654.0,
ESACC R,4031654.0,4031728 76 903.4 156.1 897.3 159.5 0.19 78
SFIX R,4031730.0,
EFIX R,4031730.0,4031932 204 888.5 128.9 1688
SSACC R,4031934.0,
ESACC R,4031934.0,4031952 20 884.8 112.5 879.6 108.9 0.17 61
SFIX R,4031954.0,
EFIX R,4031954.0,4032024 72 880.8 101.1 1737
SSACC R,4032026.0,
ESACC R,4032026.0,4032066 42 876.5 91.5 887.2 109.3 0.54 74
SFIX R,4032068.0,
EFIX R,4032068.0,4032124 58 881.2 99.3 1753
SSACC R,4032126.0,
ESACC R,4032126.0,4032198 74 880.9 79.0 871.2 90.8 0.40 75
SFIX R,4032200.0,
EFIX R,4032200.0,4032306 108 878.9 99.5 1744
SSACC R,4032308.0,
ESACC R,4032308.0,4032328 22 880.6 91.4 883.9 105.1 0.37 56
SFIX R,4032330.0,
EFIX R,4032330.0,4032448 120 888.8 100.4 1724
SSACC R,4032450.0,
ESACC R,4032450.0,4032504 56 888.3 76.8 885.7 95.1 0.48 784
SFIX R,4032506.0,
EFIX R,4032506.0,4032632 128 889.2 98.6 1774
SSACC R,4032634.0,
ESACC R,4032634.0,4032948 316 888.8 93.8 984.2 595.1 13.54 1454
SFIX R,4032950.0,
EFIX R,4032950.0,4032978 30 984.2 590.7 1121
SSACC R,4032980.0,
ESACC R,4032980.0,4033324 346 984.6 589.6 966.4 649.5 1.69 104
SFIX R,4033326.0,
EFIX R,4033326.0,4033448 124 964.7 648.1 1076
SSACC R,4033450.0,
ESACC R,4033450.0,4033504 56 964.8 633.8 964.2 634.7 0.03 86
SFIX R,4033506.0,
EFIX R,4033506.0,4033536 32 966.2 621.7 1101
SSACC R,4033538.0,
SBLINK R,4033648.0,
EBLINK R,4033648.0,4034454 808
ESACC R,4033538.0,4034468 932 967.8 610.9 970.2 291.3 8.60 1645
SFIX R,4034470.0,
EFIX R,4034470.0,4034568 100 954.1 236.8 1557
SSACC R,4034570.0,
ESACC R,4034570.0,4034642 74 942.0 220.6 956.6 127.2 2.49 113
SFIX R,4034644.0,
EFIX R,4034644.0,4034690 48 947.9 115.3 1667
SSACC R,4034692.0,
ESACC R,4034692.0,4034708 18 941.2 87.7 946.9 87.8 0.15 61
SFIX R,4034710.0,
EFIX R,4034710.0,4034796 88 942.5 72.4 1676
SSACC R,4034798.0,
ESACC R,4034798.0,4034910 114 937.1 40.3 927.5 62.0 0.61 77
SFIX R,4034912.0,
EFIX R,4034912.0,4034980 70 926.0 46.5 1670
SSACC R,4034982.0,
ESACC R,4034982.0,4035000 20 928.0 31.6 921.9 33.2 0.17 115
SFIX R,4035002.0,
EFIX R,4035002.0,4035024 24 916.4 33.0 1664
SSACC R,4035026.0,
ESACC R,4035026.0,4035040 16 925.9 40.3 908.7 20.5 0.68 62
SFIX R,4035042.0,
EFIX R,4035042.0,4035076 36 904.2 23.1 1669
SSACC R,4035078.0,
SBLINK R,4035252.0,
EBLINK R,4035252.0,4035378 128
ESACC R,4035078.0,4035388 312 903.6 22.1 991.4 455.4 11.64 1482
SFIX R,4035390.0,
EFIX R,4035390.0,4035436 48 990.9 464.1 995
SSACC R,4035438.0,
SBLINK R,4035474.0,
EBLINK R,4035474.0,4036288 816
ESACC R,4035438.0,4036296 860 993.6 455.8 876.0 146.1 8.83 1565
SFIX R,4036298.0,
EFIX R,4036298.0,4036482 186 922.3 169.7 1386
SSACC R,4036484.0,
ESACC R,4036484.0,4037042 560 919.1 154.4 900.6 38.5 3.05 121
SFIX R,4037044.0,
EFIX R,4037044.0,4037072 30 895.6 39.5 1466
SSACC R,4037074.0,
SBLINK R,4037238.0,
EBLINK R,4037238.0,4037690 454
ESACC R,4037074.0,4037698 626 891.3 38.1 883.0 27.3 0.35 110
SFIX R,4037700.0,
EFIX R,4037700.0,4037950 252 1012.9 418.0 965
SSACC R,4037952.0,
ESACC R,4037952.0,4038044 94 1015.2 409.6 1011.3 435.8 0.72 83
SFIX R,4038046.0,
EFIX R,4038046.0,4038082 38 1012.2 436.8 977
SSACC R,4038084.0,
ESACC R,4038084.0,4038132 50 1011.9 446.5 1014.3 433.6 0.36 70
SFIX R,4038134.0,
EFIX R,4038134.0,4038302 170 1017.9 423.7 1014
SSACC R,4038304.0,
ESACC R,4038304.0,4038308 6 1017.8 418.5 1016.4 419.3 0.04 46
SFIX R,4038310.0,
EFIX R,4038310.0,4038676 368 1023.4 414.8 1056
SSACC R,4038678.0,
ESACC R,4038678.0,4038696 20 1028.4 435.5 1028.8 430.2 0.14 72
SFIX R,4038698.0,
EFIX R,4038698.0,4042456 3760 1016.5 497.9 1133
SSACC R,4042458.0,
SBLINK R,4042506.0,
EBLINK R,4042506.0,4042714 210
ESACC R,4042458.0,4042722 266 1010.8 503.8 952.7 285.4 6.08 1614
SFIX R,4042724.0,
EFIX R,4042724.0,4042802 80 954.7 117.9 1516
SSACC R,4042804.0,
ESACC R,4042804.0,4042886 84 935.2 73.9 921.6 -27.4 2.62 92
SFIX R,4042888.0,
EFIX R,4042888.0,4042964 78 910.9 -37.2 1845
SSACC R,4042966.0,
ESACC R,4042966.0,4043010 46 898.4 -42.7 1002.2 426.0 12.53 1400
SFIX R,4043012.0,
EFIX R,4043012.0,4045436 2426 1005.2 464.9 1031
SSACC R,4045438.0,
ESACC R,4045438.0,4045448 12 1029.2 449.6 1032.5 421.8 0.76 77
SFIX R,4045450.0,
EFIX R,4045450.0,4045508 60 1035.7 415.7 1095
SSACC R,4045510.0,
SBLINK R,4045642.0,
EBLINK R,4045642.0,4045866 226
ESACC R,4045510.0,4045896 388 1037.6 409.4 947.6 475.5 3.02 1495
SFIX R,4045898.0,
EFIX R,4045898.0,4045968 72 952.0 443.2 1490
SSACC R,4045970.0,
SBLINK R,4046194.0,
EBLINK R,4046194.0,4046268 76
ESACC R,4045970.0,4046368 400 949.4 408.4 1055.8 795.2 10.79 1837
SFIX R,4046370.0,
EFIX R,4046370.0,4046396 28 1057.2 799.9 1071
SSACC R,4046398.0,
ESACC R,4046398.0,4046442 46 1058.7 792.6 1053.1 861.4 1.84 124
SFIX R,4046444.0,
EFIX R,4046444.0,4052118 5676 1098.8 850.1 1087
SSACC R,4052120.0,
SBLINK R,4052164.0,
EBLINK R,4052164.0,4052360 198
ESACC R,4052120.0,4052368 250 1132.2 825.8 944.3 291.1 15.11 1638
SFIX R,4052370.0,
EFIX R,4052370.0,4052466 98 979.5 207.9 1447
SSACC R,4052468.0,
SBLINK R,4052622.0,
EBLINK R,4052622.0,4052622 2
ESACC R,4052468.0,4052668 202 962.7 162.4 1048.9 512.7 9.64 799
SFIX R,4052670.0,
EFIX R,4052670.0,4052702 34 1046.9 515.5 1151
SSACC R,4052704.0,
ESACC R,4052704.0,4052708 6 1045.0 524.8 1045.4 534.1 0.25 49
SFIX R,4052710.0,
EFIX R,4052710.0,4053042 334 1042.3 561.8 1086
SSACC R,4053044.0,
ESACC R,4053044.0,4053092 50 1045.1 569.2 1010.6 924.5 9.52 396
SFIX R,4053094.0,
EFIX R,4053094.0,4054242 1150 1008.4 897.2 1048
SSACC R,4054244.0,
SBLINK R,4054280.0,
EBLINK R,4054280.0,4054528 250
ESACC R,4054244.0,4054552 310 1025.9 894.5 965.8 184.2 18.81 1904
SFIX R,4054554.0,
EFIX R,4054554.0,4054616 64 962.3 145.4 1546
SSACC R,4054618.0,
ESACC R,4054618.0,4054924 308 964.1 136.0 1072.5 499.8 10.12 1457
SFIX R,4054926.0,
EFIX R,4054926.0,4054948 24 1072.2 496.8 1134
SSACC R,4054950.0,
SBLINK R,4055022.0,
EBLINK R,4055022.0,4055404 384
ESACC R,4054950.0,4055412 464 1072.8 497.1 920.0 114.1 10.97 1150
SFIX R,4055414.0,
EFIX R,4055414.0,4055496 84 929.0 137.5 1429
SSACC R,4055498.0,
SBLINK R,4055908.0,
EBLINK R,4055908.0,4056014 108
ESACC R,4055498.0,4056062 566 923.7 118.9 909.2 115.3 0.40 326
SFIX R,4056064.0,
EFIX R,4056064.0,4056118 56 905.4 147.8 1273
SSACC R,4056120.0,
SBLINK R,4056144.0,
EBLINK R,4056144.0,4058224 2082
ESACC R,4056120.0,4058314 2196 910.5 165.4 939.5 -189.8 8.99 348
SFIX R,4058316.0,
EFIX R,4058316.0,4058388 74 937.9 -182.4 1435
SSACC R,4058390.0,
ESACC R,4058390.0,4058500 112 934.0 -173.8 892.6 151.4 8.28 431
SFIX R,4058502.0,
EFIX R,4058502.0,4058672 172 874.7 151.9 1295
SSACC R,4058674.0,
SBLINK R,4059106.0,
EBLINK R,4059106.0,4059270 166
ESACC R,4058674.0,4059728 1056 867.5 145.4 869.7 74.5 1.84 239
SFIX R,4059730.0,
EFIX R,4059730.0,4059758 30 872.1 77.4 1532
SSACC R,4059760.0,
ESACC R,4059760.0,4059880 122 875.3 74.7 896.2 58.8 0.69 100
SFIX R,4059882.0,
EFIX R,4059882.0,4059908 28 890.1 60.4 1608
SSACC R,4059910.0,
SBLINK R,4060582.0,
EBLINK R,4060582.0,4060582 2
ESACC R,4059910.0,4060618 710 895.0 60.9 1004.7 481.2 11.49 1565
SFIX R,4060620.0,
EFIX R,4060620.0,4061200 582 993.0 514.0 1038
SSACC R,4061202.0,
SBLINK R,4061286.0,
EBLINK R,4061286.0,4061500 216
ESACC R,4061202.0,4061530 330 989.2 508.7 926.1 202.0 8.39 1458
SFIX R,4061532.0,
EFIX R,4061532.0,4061628 98 912.3 161.6 1380
SSACC R,4061630.0,
ESACC R,4061630.0,4061944 316 907.0 154.8 905.8 397.4 6.46 1358
SFIX R,4061946.0,
EFIX R,4061946.0,4062556 612 907.2 415.2 973
SSACC R,4062558.0,
ESACC R,4062558.0,4062848 292 922.0 380.9 911.1 101.6 7.39 1302
SFIX R,4062850.0,
EFIX R,4062850.0,4062880 32 912.7 103.0 1474
SSACC R,4062882.0,
SBLINK R,4063224.0,
EBLINK R,4063224.0,4063326 104
ESACC R,4062882.0,4063334 454 899.0 91.4 881.7 -65.3 4.02 1514
SFIX R,4063336.0,
EFIX R,4063336.0,4064062 728 1000.8 366.2 996
SSACC R,4064064.0,
SBLINK R,4064128.0,
EBLINK R,4064128.0,4064198 72
ESACC R,4064064.0,4064390 328 1007.8 356.2 926.8 -71.2 11.31 1554
SFIX R,4064392.0,
EFIX R,4064392.0,4064416 26 926.7 -82.1 1859
SSACC R,4064418.0,
ESACC R,4064418.0,4064546 130 927.4 -75.1 912.9 -71.7 0.39 87
SFIX R,4064548.0,
EFIX R,4064548.0,4064594 48 911.7 -88.7 1849
SSACC R,4064596.0,
ESACC R,4064596.0,4064644 50 906.5 -110.4 915.0 -88.5 0.59 55
SFIX R,4064646.0,
EFIX R,4064646.0,4064752 108 916.0 -96.5 1885
SSACC R,4064754.0,
ESACC R,4064754.0,4064928 176 917.8 -104.2 923.0 -84.2 0.52 141
SFIX R,4064930.0,
EFIX R,4064930.0,4065022 94 919.7 -109.1 1965
SSACC R,4065024.0,
ESACC R,4065024.0,4065040 18 920.1 -134.7 927.1 -115.3 0.51 60
SFIX R,4065042.0,
EFIX R,4065042.0,4065064 24 925.6 -125.4 1973
SSACC R,4065066.0,
ESACC R,4065066.0,4065080 16 920.2 -117.6 923.4 -125.7 0.22 75
SFIX R,4065082.0,
EFIX R,4065082.0,4065174 94 929.6 -124.0 1988
SSACC R,4065176.0,
ESACC R,4065176.0,4065252 78 937.4 -132.3 947.8 -136.6 0.29 75
SFIX R,4065254.0,
EFIX R,4065254.0,4065338 86 948.0 -135.9 2012
SSACC R,4065340.0,
ESACC R,4065340.0,4065472 134 950.2 -135.0 926.2 -129.2 0.64 122
SFIX R,4065474.0,
EFIX R,4065474.0,4065534 62 938.0 -128.3 2011
SSACC R,4065536.0,
ESACC R,4065536.0,4065622 88 929.0 -125.3 940.5 -140.7 0.48 98
SFIX R,4065624.0,
EFIX R,4065624.0,4065654 32 943.3 -136.2 2008
SSACC R,4065656.0,
ESACC R,4065656.0,4065682 28 931.2 -117.5 932.3 -129.5 0.30 102
SFIX R,4065684.0,
EFIX R,4065684.0,4065716 34 937.2 -126.2 2018
SSACC R,4065718.0,
ESACC R,4065718.0,4065726 10 926.0 -117.4 944.6 -139.4 0.73 96
SFIX R,4065728.0,
EFIX R,4065728.0,4065770 44 942.7 -138.6 1992
SSACC R,4065772.0,
ESACC R,4065772.0,4065904 134 938.2 -134.6 931.3 -81.7 1.32 91
SFIX R,4065906.0,
EFIX R,4065906.0,4065992 88 936.6 -95.7 1994
SSACC R,4065994.0,
ESACC R,4065994.0,4066150 158 929.8 -91.5 940.2 -90.7 0.27 100
SFIX R,4066152.0,
EFIX R,4066152.0,4066178 28 932.0 -96.4 1992
SSACC R,4066180.0,
ESACC R,4066180.0,4066294 116 930.0 -105.6 928.2 -49.9 1.39 113
SFIX R,4066296.0,
EFIX R,4066296.0,4066372 78 934.6 -48.7 1868
SSACC R,4066374.0,
ESACC R,4066374.0,4066974 602 930.1 -35.3 934.4 128.0 4.19 147
SFIX R,4066976.0,
EFIX R,4066976.0,4067294 320 952.4 177.0 1371
SSACC R,4067296.0,
SBLINK R,4068492.0,
EBLINK R,4068492.0,4070756 2266
ESACC R,4067296.0,4070764 3470 929.0 138.1 898.3 186.8 1.52 169
SFIX R,4070766.0,
EFIX R,4070766.0,4070900 136 886.4 273.6 1140
SSACC R,4070902.0,
ESACC R,4070902.0,4070918 18 873.6 251.6 906.0 250.8 0.87 102
SFIX R,4070920.0,
EFIX R,4070920.0,4071118 200 869.0 229.7 1070
SSACC R,4071120.0,
ESACC R,4071120.0,4071138 20 845.3 226.1 859.6 219.1 0.42 67
SFIX R,4071140.0,
EFIX R,4071140.0,4071182 44 859.3 210.0 1041
SSACC R,4071184.0,
ESACC R,4071184.0,4071198 16 857.0 214.6 854.2 190.9 0.63 72
SFIX R,4071200.0,
EFIX R,4071200.0,4071290 92 855.2 195.8 1057
SSACC R,4071292.0,
ESACC R,4071292.0,4071330 40 852.5 196.3 852.6 191.1 0.14 97
SFIX R,4071332.0,
EFIX R,4071332.0,4072458 1128 870.6 146.8 1146
SSACC R,4072460.0,
ESACC R,4072460.0,4072472 14 892.9 99.5 890.9 110.7 0.30 52
SFIX R,4072474.0,
EFIX R,4072474.0,4072602 130 890.6 104.3 1307
SSACC R,4072604.0,
ESACC R,4072604.0,4072684 82 885.4 93.2 896.0 106.6 0.45 86
SFIX R,4072686.0,
EFIX R,4072686.0,4072706 22 893.4 103.3 1315
SSACC R,4072708.0,
ESACC R,4072708.0,4072716 10 901.7 113.1 900.4 107.6 0.15 55
SFIX R,4072718.0,
EFIX R,4072718.0,4072958 242 904.6 110.2 1341
SSACC R,4072960.0,
ESACC R,4072960.0,4072968 10 914.9 118.9 908.5 99.5 0.53 68
SFIX R,4072970.0,
EFIX R,4072970.0,4073050 82 917.7 115.1 1383
SSACC R,4073052.0,
ESACC R,4073052.0,4073148 98 923.5 114.4 927.5 102.8 0.32 116
SFIX R,4073150.0,
EFIX R,4073150.0,4073330 182 934.6 109.7 1432
SSACC R,4073332.0,
ESACC R,4073332.0,4073352 22 932.0 123.1 939.8 118.6 0.24 89
SFIX R,4073354.0,
EFIX R,4073354.0,4073382 30 936.1 119.7 1449
SSACC R,4073384.0,
ESACC R,4073384.0,4073526 144 937.4 116.6 940.4 165.0 1.27 108
SFIX R,4073528.0,
EFIX R,4073528.0,4073598 72 931.5 161.3 1362
SSACC R,4073600.0,
SBLINK R,4073618.0,
EBLINK R,4073618.0,4073900 284
ESACC R,4073600.0,4073916 318 919.5 186.2 975.7 256.9 2.41 181
SFIX R,4073918.0,
EFIX R,4073918.0,4073978 62 975.7 213.5 1159
SSACC R,4073980.0,
ESACC R,4073980.0,4073986 8 963.7 182.0 954.0 191.1 0.35 57
SFIX R,4073988.0,
EFIX R,4073988.0,4074144 158 928.3 162.1 1303
SSACC R,4074146.0,
ESACC R,4074146.0,4074210 66 915.3 146.8 917.3 148.0 0.06 54
SFIX R,4074212.0,
EFIX R,4074212.0,4074264 54 917.2 147.7 1474
SSACC R,4074266.0,
ESACC R,4074266.0,4074280 16 919.2 147.7 910.0 141.7 0.29 84
SFIX R,4074282.0,
EFIX R,4074282.0,4074398 118 909.1 152.8 1500
SSACC R,4074400.0,
ESACC R,4074400.0,4076410 2012 911.6 140.1 931.8 98.2 1.22 218
SFIX R,4076412.0,
EFIX R,4076412.0,4076490 80 934.9 112.9 1717
SSACC R,4076492.0,
ESACC R,4076492.0,4076836 346 931.6 121.0 922.9 78.8 1.12 677
SFIX R,4076838.0,
EFIX R,4076838.0,4076864 28 924.6 73.2 1666
SSACC R,4076866.0,
ESACC R,4076866.0,4077164 300 923.8 65.0 913.7 41.0 0.67 141
SFIX R,4077166.0,
EFIX R,4077166.0,4077190 26 915.8 35.2 1667
SSACC R,4077192.0,
ESACC R,4077192.0,4078246 1056 916.6 39.0 897.9 20.2 0.69 123
SFIX R,4078248.0,
EFIX R,4078248.0,4078276 30 903.1 30.5 1789
SSACC R,4078278.0,
ESACC R,4078278.0,4078546 270 917.8 48.1 909.0 56.2 0.31 122
SFIX R,4078548.0,
EFIX R,4078548.0,4078606 60 909.4 46.3 1761
SSACC R,4078608.0,
SBLINK R,4078756.0,
EBLINK R,4078756.0,4079570 816
ESACC R,4078608.0,4079676 1070 906.5 53.0 1028.8 496.9 12.18 1692
SFIX R,4079678.0,
EFIX R,4079678.0,4079706 30 1030.6 495.8 996
SSACC R,4079708.0,
ESACC R,4079708.0,4079796 90 1029.5 495.7 1028.8 494.1 0.05 1239
SFIX R,4079798.0,
EFIX R,4079798.0,4079836 40 1027.6 492.8 992
SSACC R,4079838.0,
ESACC R,4079838.0,4079970 134 1027.2 495.6 1021.7 500.0 0.19 1423
SFIX R,4079972.0,
EFIX R,4079972.0,4080038 68 1023.0 494.8 986
SSACC R,4080040.0,
ESACC R,4080040.0,4080066 28 1022.4 492.2 1019.7 497.7 0.17 823
SFIX R,4080068.0,
EFIX R,4080068.0,4080112 46 1021.3 494.4 982
SSACC R,4080114.0,
ESACC R,4080114.0,4080192 80 1021.2 497.5 1027.0 487.0 0.33 927
SFIX R,4080194.0,
EFIX R,4080194.0,4080332 140 1028.6 496.7 975
SSACC R,4080334.0,
ESACC R,4080334.0,4080356 24 1030.9 499.8 1035.6 497.7 0.14 744
SFIX R,4080358.0,
EFIX R,4080358.0,4080880 524 1039.2 500.5 993
SSACC R,4080882.0,
ESACC R,4080882.0,4080904 24 1038.5 496.9 1041.1 500.6 0.12 59
SFIX R,4080906.0,
EFIX R,4080906.0,4081212 308 1046.2 506.7 1072
SSACC R,4081214.0,
ESACC R,4081214.0,4081258 46 1054.8 503.1 1052.7 502.9 0.06 1194
SFIX R,4081260.0,
EFIX R,4081260.0,4081320 62 1055.2 505.3 1089
SSACC R,4081322.0,
SBLINK R,4083116.0,
EBLINK R,4083116.0,4083692 578
ESACC R,4081322.0,4083734 2414 1057.5 507.2 1080.1 470.4 1.17 1707
SFIX R,4083736.0,
EFIX R,4083736.0,4083758 24 1078.9 472.7 996
SSACC R,4083760.0,
SBLINK R,4083770.0,
EBLINK R,4083770.0,4083882 114
ESACC R,4083760.0,4083890 132 1080.4 475.1 1081.4 465.9 0.25 19
SFIX R,4083892.0,
EFIX R,4083892.0,4084446 556 1092.4 451.7 960
SSACC R,4084448.0,
SBLINK R,4084458.0,
EBLINK R,4084458.0,4084458 2
ESACC R,4084448.0,4084466 20 1080.4 475.1 1081.4 465.9 0.25 0
SFIX R,4084468.0,
EFIX R,4084468.0,4084562 96 1099.0 434.6 946
SSACC R,4084564.0,
SBLINK R,4084574.0,
EBLINK R,4084574.0,4084574 2
ESACC R,4084564.0,4084582 20 1080.4 475.1 1081.4 465.9 0.25 0
SFIX R,4084584.0,
EFIX R,4084584.0,4084654 72 1100.3 428.5 944
SSACC R,4084656.0,
SBLINK R,4084666.0,
EBLINK R,4084666.0,4084666 2
ESACC R,4084656.0,4084674 20 1080.4 475.1 1081.4 465.9 0.25 0
SFIX R,4084676.0,
EFIX R,4084676.0,4085158 484 1104.1 417.7 928
SSACC R,4085160.0,
ESACC R,4085160.0,4085168 10 1106.6 419.0 1102.9 443.6 0.67 78
SFIX R,4085170.0,
EFIX R,4085170.0,4086270 1102 1108.8 447.4 926
SSACC R,4086272.0,
ESACC R,4086272.0,4086282 12 1129.6 420.4 1127.9 434.1 0.37 72
SFIX R,4086284.0,
EFIX R,4086284.0,4086690 408 1132.6 417.6 1078
SSACC R,4086692.0,
ESACC R,4086692.0,4086700 10 1138.4 412.5 1138.0 427.8 0.41 60
SFIX R,4086702.0,
EFIX R,4086702.0,4087962 1262 1156.4 404.7 1083
SSACC R,4087964.0,
SBLINK R,4087974.0,
EBLINK R,4087974.0,4087974 2
ESACC R,4087964.0,4087982 20 1138.4 412.5 1138.0 427.8 0.41 0
SFIX R,4087984.0,
EFIX R,4087984.0,4088024 42 1177.2 384.9 1051
SSACC R,4088026.0,
SBLINK R,4088036.0,
EBLINK R,4088036.0,4088036 2
ESACC R,4088026.0,4088044 20 1138.4 412.5 1138.0 427.8 0.41 0
SFIX R,4088046.0,
EFIX R,4088046.0,4088076 32 1176.3 377.5 1044
SSACC R,4088078.0,
SBLINK R,4088088.0,
EBLINK R,4088088.0,4088116 30
ESACC R,4088078.0,4088124 48 1138.4 412.5 1138.0 427.8 0.41 0
SFIX R,4088126.0,
EFIX R,4088126.0,4088146 22 1175.1 372.4 1043
SSACC R,4088148.0,
SBLINK R,4088158.0,
EBLINK R,4088158.0,4088158 2
ESACC R,4088148.0,4088208 62 1178.3 374.7 1174.4 366.6 0.24 801
SFIX R,4088210.0,
EFIX R,4088210.0,4088244 36 1173.2 369.9 1033
SSACC R,4088246.0,
SBLINK R,4088256.0,
EBLINK R,4088256.0,4088304 50
ESACC R,4088246.0,4088312 68 1175.8 365.1 1174.8 368.5 0.09 17
SFIX R,4088314.0,
EFIX R,4088314.0,4088354 42 1174.9 364.4 1028
SSACC R,4088356.0,
SBLINK R,4088366.0,
EBLINK R,4088366.0,4088416 52
ESACC R,4088356.0,4088424 70 1176.7 363.1 1176.7 363.1 0.00 17
SFIX R,4088426.0,
EFIX R,4088426.0,4088486 62 1176.6 364.2 1019
SSACC R,4088488.0,
SBLINK R,4088498.0,
EBLINK R,4088498.0,4088500 4
ESACC R,4088488.0,4088508 22 1176.7 363.1 1176.7 363.1 0.00 0
SFIX R,4088510.0,
EFIX R,4088510.0,4088530 22 1179.2 361.4 1016
SSACC R,4088532.0,
SBLINK R,4088542.0,
EBLINK R,4088542.0,4089810 1270
ESACC R,4088532.0,4089818 1288 1181.1 359.3 1182.7 353.7 0.16 33
SFIX R,4089820.0,
EFIX R,4089820.0,4099258 9440 1340.0 403.0 1135
SSACC R,4099260.0,
ESACC R,4099260.0,4099326 68 1405.9 437.3 1077.7 546.0 9.16 216
SFIX R,4099328.0,
EFIX R,4099328.0,4108884 9558 1227.7 423.4 1013
SSACC R,4108886.0,
ESACC R,4108886.0,4108946 62 1397.9 298.7 1090.4 445.2 9.01 288
SFIX R,4108948.0,
EFIX R,4108948.0,4121284 12338 1288.5 360.5 1050
SSACC R,4121286.0,
ESACC R,4121286.0,4121366 82 1441.3 250.3 1187.8 641.7 12.29 291
SFIX R,4121368.0,
EFIX R,4121368.0,4121414 48 1191.8 642.5 1129
SSACC R,4121416.0,
ESACC R,4121416.0,4121470 56 1191.4 637.0 1195.1 628.9 0.24 355
SFIX R,4121472.0,
EFIX R,4121472.0,4151302 29832 1370.7 339.6 1091
SSACC R,4151304.0,
ESACC R,4151304.0,4151378 76 1497.1 156.7 1076.8 528.8 14.68 357
SFIX R,4151380.0,
EFIX R,4151380.0,4158726 7348 1206.4 288.3 1045
SSACC R,4158728.0,
ESACC R,4158728.0,4159106 380 1235.3 221.4 1098.5 361.9 5.22 1631
SFIX R,4159108.0,
EFIX R,4159108.0,4163264 4158 1158.9 293.2 952
SSACC R,4163266.0,
SBLINK R,4163278.0,
EBLINK R,4163278.0,4169444 6168
ESACC R,4163266.0,4169452 6188 1167.4 248.8 834.2 97.5 9.69 43
SFIX R,4169454.0,
EFIX R,4169454.0,4169482 30 924.2 -79.4 1494
SSACC R,4169484.0,
ESACC R,4169484.0,4169520 38 933.1 -80.3 936.0 -84.7 0.13 504
SFIX R,4169522.0,
EFIX R,4169522.0,4169650 130 941.6 -104.9 1581
SSACC R,4169652.0,
SBLINK R,4169834.0,
EBLINK R,4169834.0,4170284 452
ESACC R,4169652.0,4170306 656 938.2 -113.5 875.9 -61.4 2.07 1601
SFIX R,4170308.0,
EFIX R,4170308.0,4170332 26 885.6 -37.5 1452
SSACC R,4170334.0,
SBLINK R,4170358.0,
EBLINK R,4170358.0,4174434 4078
ESACC R,4170334.0,4174494 4162 887.4 -15.5 941.5 112.6 3.59 270
SFIX R,4174496.0,
EFIX R,4174496.0,4174568 74 943.0 141.0 1502
SSACC R,4174570.0,
SBLINK R,4174586.0,
EBLINK R,4174586.0,4174952 368
ESACC R,4174570.0,4175028 460 959.2 176.3 970.9 -83.8 6.67 120
SFIX R,4175030.0,
EFIX R,4175030.0,4175080 52 979.8 -101.0 1496
SSACC R,4175082.0,
ESACC R,4175082.0,4175090 10 971.3 -95.9 984.8 -116.0 0.61 75
SFIX R,4175092.0,
EFIX R,4175092.0,4175206 116 999.8 -132.3 1589
SSACC R,4175208.0,
ESACC R,4175208.0,4175312 106 995.1 -148.3 1006.0 -151.1 0.29 937
SFIX R,4175314.0,
EFIX R,4175314.0,4175344 32 1008.2 -150.2 1739
SSACC R,4175346.0,
ESACC R,4175346.0,4175366 22 1007.1 -144.8 1007.2 -148.6 0.09 563
SFIX R,4175368.0,
EFIX R,4175368.0,4175390 24 1004.2 -145.9 1733
SSACC R,4175392.0,
SBLINK R,4175580.0,
EBLINK R,4175580.0,4176548 970
ESACC R,4175392.0,4176634 1244 1008.4 -140.9 1051.3 -80.0 1.87 1121
SFIX R,4176636.0,
EFIX R,4176636.0,4176958 324 1051.5 -98.1 1631
SSACC R,4176960.0,
ESACC R,4176960.0,4177018 60 1055.6 -121.4 1052.7 -137.7 0.41 829
SFIX R,4177020.0,
EFIX R,4177020.0,4177050 32 1053.7 -130.5 1760
SSACC R,4177052.0,
ESACC R,4177052.0,4177720 670 1057.9 -131.2 1093.1 -53.7 2.13 1054
SFIX R,4177722.0,
EFIX R,4177722.0,4177772 52 1099.8 -51.3 1797
SSACC R,4177774.0,
SBLINK R,4177786.0,
EBLINK R,4177786.0,4178664 880
ESACC R,4177774.0,4178672 900 1108.0 -36.7 1108.0 -36.7 0.00 31
SFIX R,4178674.0,
EFIX R,4178674.0,4178886 214 1062.1 -17.9 1799
SSACC R,4178888.0,
ESACC R,4178888.0,4178920 34 1033.0 -0.6 1015.4 96.7 2.54 142
SFIX R,4178922.0,
EFIX R,4178922.0,4179468 548 973.9 135.3 1574
SSACC R,4179470.0,
ESACC R,4179470.0,4179488 20 978.4 156.3 977.9 164.5 0.22 59
SFIX R,4179490.0,
EFIX R,4179490.0,4180406 918 978.5 169.2 1645
SSACC R,4180408.0,
SBLINK R,4180450.0,
EBLINK R,4180450.0,4181562 1114
ESACC R,4180408.0,4181576 1170 999.4 190.4 1010.1 203.4 0.45 76
SFIX R,4181578.0,
EFIX R,4181578.0,4181860 284 999.0 205.6 1502
SSACC R,4181862.0,
SBLINK R,4181872.0,
EBLINK R,4181872.0,4183466 1596
ESACC R,4181862.0,4183502 1642 1004.2 227.6 960.9 241.1 1.22 119
SFIX R,4183504.0,
EFIX R,4183504.0,4184034 532 948.9 222.5 1436
SSACC R,4184036.0,
ESACC R,4184036.0,4184072 38 949.6 248.9 950.6 251.7 0.08 228
SFIX R,4184074.0,
EFIX R,4184074.0,4184120 48 952.4 254.2 1422
SSACC R,4184122.0,
ESACC R,4184122.0,4184134 14 951.5 259.8 955.4 249.3 0.30 63
SFIX R,4184136.0,
EFIX R,4184136.0,4184322 188 954.7 230.9 1508
SSACC R,4184324.0,
ESACC R,4184324.0,4184380 58 957.9 226.2 960.4 204.6 0.58 906
SFIX R,4184382.0,
EFIX R,4184382.0,4184472 92 958.7 207.3 1640
SSACC R,4184474.0,
ESACC R,4184474.0,4184636 164 957.8 200.6 960.6 212.3 0.32 185
SFIX R,4184638.0,
EFIX R,4184638.0,4185134 498 962.5 212.9 1657
SSACC R,4185136.0,
ESACC R,4185136.0,4185146 12 970.2 198.0 972.7 185.9 0.33 72
SFIX R,4185148.0,
EFIX R,4185148.0,4185646 500 969.6 199.4 1804
SSACC R,4185648.0,
ESACC R,4185648.0,4185692 46 971.9 223.1 974.9 211.1 0.33 56
SFIX R,4185694.0,
EFIX R,4185694.0,4186038 346 976.8 203.8 1862
SSACC R,4186040.0,
ESACC R,4186040.0,4186046 8 993.5 191.7 992.8 208.6 0.45 61
SFIX R,4186048.0,
EFIX R,4186048.0,4186136 90 997.7 204.1 1890
SSACC R,4186138.0,
ESACC R,4186138.0,4186144 8 1004.3 192.3 1002.6 190.9 0.06 58
SFIX R,4186146.0,
EFIX R,4186146.0,4186920 776 1020.2 195.3 1877
SSACC R,4186922.0,
ESACC R,4186922.0,4186930 10 1024.8 182.6 1020.6 192.8 0.29 65
SFIX R,4186932.0,
EFIX R,4186932.0,4187064 134 1025.9 188.0 1841
SSACC R,4187066.0,
ESACC R,4187066.0,4187070 6 1026.6 195.6 1024.6 197.3 0.07 52
SFIX R,4187072.0,
EFIX R,4187072.0,4187456 386 1027.7 207.5 1775
SSACC R,4187458.0,
ESACC R,4187458.0,4187500 44 1020.4 215.4 1023.2 225.4 0.28 56
SFIX R,4187502.0,
EFIX R,4187502.0,4187532 32 1023.7 224.8 1696
SSACC R,4187534.0,
ESACC R,4187534.0,4187630 98 1024.6 221.4 1022.8 231.9 0.28 593
SFIX R,4187632.0,
EFIX R,4187632.0,4187782 152 1028.9 224.4 1658
SSACC R,4187784.0,
SBLINK R,4187796.0,
EBLINK R,4187796.0,4187814 20
ESACC R,4187784.0,4187822 40 1027.3 231.1 1027.3 231.1 0.00 32
SFIX R,4187824.0,
EFIX R,4187824.0,4187844 22 1034.6 219.6 1650
SSACC R,4187846.0,
SBLINK R,4187856.0,
EBLINK R,4187856.0,4190568 2714
ESACC R,4187846.0,4190622 2778 1036.2 224.5 1195.5 -33.0 7.86 526
SFIX R,4190624.0,
EFIX R,4190624.0,4190670 48 1198.7 2.3 1334
SSACC R,4190672.0,
ESACC R,4190672.0,4190754 84 1198.0 17.9 1196.1 34.1 0.42 645
SFIX R,4190756.0,
EFIX R,4190756.0,4190776 22 1192.2 34.2 1329
SSACC R,4190778.0,
ESACC R,4190778.0,4191136 360 1188.4 32.9 885.2 59.3 8.00 754
SFIX R,4191138.0,
EFIX R,4191138.0,4191166 30 888.4 60.7 1525
SSACC R,4191168.0,
SBLINK R,4191178.0,
EBLINK R,4191178.0,4191370 194
ESACC R,4191168.0,4191422 256 872.5 50.0 899.7 215.2 4.37 207
SFIX R,4191424.0,
EFIX R,4191424.0,4191464 42 897.4 220.5 1220
SSACC R,4191466.0,
ESACC R,4191466.0,4191492 28 898.0 224.2 901.9 208.0 0.44 72
SFIX R,4191494.0,
EFIX R,4191494.0,4191880 388 920.0 210.9 1347
SSACC R,4191882.0,
ESACC R,4191882.0,4191900 20 955.2 197.5 957.6 193.4 0.13 77
SFIX R,4191902.0,
EFIX R,4191902.0,4192124 224 960.4 197.2 1565
SSACC R,4192126.0,
ESACC R,4192126.0,4192170 46 961.7 200.1 961.4 212.5 0.33 67
SFIX R,4192172.0,
EFIX R,4192172.0,4192194 24 964.1 212.7 1667
SSACC R,4192196.0,
ESACC R,4192196.0,4192224 30 964.8 223.8 965.9 219.9 0.11 68
SFIX R,4192226.0,
EFIX R,4192226.0,4192272 48 966.2 214.3 1698
SSACC R,4192274.0,
ESACC R,4192274.0,4192292 20 964.8 207.1 965.6 218.2 0.29 76
SFIX R,4192294.0,
EFIX R,4192294.0,4192394 102 965.2 221.8 1710
SSACC R,4192396.0,
ESACC R,4192396.0,4192406 12 968.9 233.2 964.4 210.5 0.61 91
SFIX R,4192408.0,
EFIX R,4192408.0,4192474 68 967.1 222.6 1737
SSACC R,4192476.0,
ESACC R,4192476.0,4192536 62 962.5 211.3 966.7 220.2 0.26 74
SFIX R,4192538.0,
EFIX R,4192538.0,4192594 58 963.0 224.8 1735
SSACC R,4192596.0,
ESACC R,4192596.0,4192658 64 966.9 219.8 961.1 224.9 0.21 82
SFIX R,4192660.0,
EFIX R,4192660.0,4192686 28 955.5 219.6 1757
SSACC R,4192688.0,
ESACC R,4192688.0,4193066 380 955.6 213.0 935.5 211.7 0.54 113
SFIX R,4193068.0,
EFIX R,4193068.0,4193104 38 940.0 205.1 1817
SSACC R,4193106.0,
ESACC R,4193106.0,4194310 1206 942.9 218.2 962.5 222.9 0.54 168
SFIX R,4194312.0,
EFIX R,4194312.0,4194410 100 969.5 237.7 1725
SSACC R,4194412.0,
ESACC R,4194412.0,4194458 48 971.2 227.1 972.7 226.4 0.04 113
SFIX R,4194460.0,
EFIX R,4194460.0,4194550 92 969.8 232.5 1703
SSACC R,4194552.0,
ESACC R,4194552.0,4194570 20 971.9 238.1 967.6 225.6 0.35 81
SFIX R,4194572.0,
EFIX R,4194572.0,4194606 36 968.5 223.6 1671
SSACC R,4194608.0,
ESACC R,4194608.0,4194684 78 972.9 236.6 973.0 230.4 0.16 74
SFIX R,4194686.0,
EFIX R,4194686.0,4194894 210 974.8 225.8 1649
SSACC R,4194896.0,
SBLINK R,4196118.0,
EBLINK R,4196118.0,4197402 1286
ESACC R,4194896.0,4197410 2516 973.5 217.2 1021.9 171.4 1.77 629
SFIX R,4197412.0,
EFIX R,4197412.0,4197656 246 1029.4 140.2 1651
SSACC R,4197658.0,
ESACC R,4197658.0,4197664 8 993.5 123.4 1001.7 122.5 0.22 62
SFIX R,4197666.0,
EFIX R,4197666.0,4197694 30 995.7 121.7 1724
SSACC R,4197696.0,
ESACC R,4197696.0,4199838 2144 992.1 115.2 950.2 26.2 2.55 1155
SFIX R,4199840.0,
EFIX R,4199840.0,4199880 42 948.1 17.8 1972
SSACC R,4199882.0,
ESACC R,4199882.0,4200112 232 943.9 4.7 939.4 6.3 0.13 117
SFIX R,4200114.0,
EFIX R,4200114.0,4200202 90 937.0 17.7 1993
SSACC R,4200204.0,
ESACC R,4200204.0,4200222 20 942.1 18.7 938.1 -1.9 0.54 91
SFIX R,4200224.0,
EFIX R,4200224.0,4200252 30 938.4 9.3 2022
SSACC R,4200254.0,
ESACC R,4200254.0,4200626 374 939.8 -9.5 1015.4 465.7 12.62 1680
SFIX R,4200628.0,
EFIX R,4200628.0,4200810 184 1013.0 471.9 1218
SSACC R,4200812.0,
ESACC R,4200812.0,4200830 20 1009.6 477.1 1031.5 459.4 0.76 90
SFIX R,4200832.0,
EFIX R,4200832.0,4201008 178 1022.8 462.2 1221
SSACC R,4201010.0,
ESACC R,4201010.0,4201028 20 1023.3 466.4 1021.5 464.3 0.07 63
SFIX R,4201030.0,
EFIX R,4201030.0,4201174 146 1020.4 480.5 1217
SSACC R,4201176.0,
ESACC R,4201176.0,4201184 10 1022.5 484.0 1019.1 505.8 0.60 70
SFIX R,4201186.0,
EFIX R,4201186.0,4201238 54 1018.0 507.3 1179
SSACC R,4201240.0,
ESACC R,4201240.0,4201248 10 1019.8 496.2 1018.2 511.0 0.40 49
SFIX R,4201250.0,
EFIX R,4201250.0,4201302 54 1018.4 511.2 1175
SSACC R,4201304.0,
ESACC R,4201304.0,4201312 10 1021.4 482.5 1019.9 508.5 0.71 85
SFIX R,4201314.0,
EFIX R,4201314.0,4201422 110 1018.3 512.0 1176
SSACC R,4201424.0,
ESACC R,4201424.0,4201438 16 1019.8 501.7 1019.3 508.6 0.19 61
SFIX R,4201440.0,
EFIX R,4201440.0,4201554 116 1020.5 510.9 1192
SSACC R,4201556.0,
ESACC R,4201556.0,4201572 18 1020.7 511.8 1021.3 510.4 0.04 71
SFIX R,4201574.0,
EFIX R,4201574.0,4201612 40 1021.8 504.2 1218
SSACC R,4201614.0,
ESACC R,4201614.0,4201656 44 1021.1 506.6 1022.2 489.4 0.47 64
SFIX R,4201658.0,
EFIX R,4201658.0,4201872 216 1024.7 482.0 1282
SSACC R,4201874.0,
SBLINK R,4201954.0,
EBLINK R,4201954.0,4202070 118
ESACC R,4201874.0,4202078 206 1025.7 484.0 925.2 136.1 9.65 1488
SFIX R,4202080.0,
EFIX R,4202080.0,4202216 138 1011.5 223.2 1622
SSACC R,4202218.0,
ESACC R,4202218.0,4202222 6 1000.3 203.2 998.4 213.1 0.27 62
SFIX R,4202224.0,
EFIX R,4202224.0,4202280 58 1010.5 232.2 1619
SSACC R,4202282.0,
SBLINK R,4202292.0,
EBLINK R,4202292.0,4202710 420
ESACC R,4202282.0,4202718 438 1000.3 203.2 998.4 213.1 0.27 0
SFIX R,4202720.0,
EFIX R,4202720.0,4202742 24 1016.0 237.4 1617
SSACC R,4202744.0,
SBLINK R,4202778.0,
EBLINK R,4202778.0,4204006 1230
ESACC R,4202744.0,4204128 1386 1018.5 245.9 992.4 158.3 2.42 720
SFIX R,4204130.0,
EFIX R,4204130.0,4204246 118 972.9 145.9 1834
SSACC R,4204248.0,
ESACC R,4204248.0,4204252 6 956.0 125.2 955.3 142.4 0.45 59
SFIX R,4204254.0,
EFIX R,4204254.0,4204298 46 961.5 161.4 1775
SSACC R,4204300.0,
SBLINK R,4204310.0,
EBLINK R,4204310.0,4204692 384
ESACC R,4204300.0,4204712 414 969.5 140.2 964.0 142.0 0.15 39
SFIX R,4204714.0,
EFIX R,4204714.0,4204864 152 959.1 129.9 1736
SSACC R,4204866.0,
SBLINK R,4204878.0,
EBLINK R,4204878.0,4208214 3338
ESACC R,4204866.0,4208328 3464 971.2 165.8 1015.2 358.8 5.27 227
SFIX R,4208330.0,
EFIX R,4208330.0,4208358 30 1012.8 360.2 1578
SSACC R,4208360.0,
SBLINK R,4208386.0,
EBLINK R,4208386.0,4210010 1626
ESACC R,4208360.0,4210080 1722 1011.6 356.7 1024.0 314.4 1.19 145
SFIX R,4210082.0,
EFIX R,4210082.0,4210102 22 1020.0 328.3 1730
SSACC R,4210104.0,
SBLINK R,4210118.0,
EBLINK R,4210118.0,4210460 344
ESACC R,4210104.0,4211290 1188 1022.1 335.1 934.1 129.9 5.92 881
SFIX R,4211292.0,
EFIX R,4211292.0,4211406 116 928.1 134.4 1859
SSACC R,4211408.0,
ESACC R,4211408.0,4211532 126 921.0 118.7 906.3 100.9 0.61 91
SFIX R,4211534.0,
EFIX R,4211534.0,4211606 74 917.5 114.1 1838
SSACC R,4211608.0,
ESACC R,4211608.0,4211644 38 928.3 124.3 916.3 126.1 0.32 92
SFIX R,4211646.0,
EFIX R,4211646.0,4211732 88 918.0 126.2 1853
SSACC R,4211734.0,
SBLINK R,4211842.0,
EBLINK R,4211842.0,4212092 252
ESACC R,4211734.0,4212314 582 919.4 132.0 938.7 200.1 1.86 805
SFIX R,4212316.0,
EFIX R,4212316.0,4212374 60 937.4 198.4 1814
SSACC R,4212376.0,
ESACC R,4212376.0,4212410 36 925.9 183.9 935.9 185.0 0.27 248
SFIX R,4212412.0,
EFIX R,4212412.0,4212480 70 933.2 177.3 1872
SSACC R,4212482.0,
SBLINK R,4212720.0,
EBLINK R,4212720.0,4212890 172
ESACC R,4212482.0,4212918 438 924.6 149.6 973.5 329.7 4.96 656
SFIX R,4212920.0,
EFIX R,4212920.0,4213020 102 965.0 316.5 1664
SSACC R,4213022.0,
ESACC R,4213022.0,4213704 684 959.6 307.5 931.6 158.9 4.01 729
SFIX R,4213706.0,
EFIX R,4213706.0,4213784 80 932.8 178.1 1836
SSACC R,4213786.0,
ESACC R,4213786.0,4213796 12 923.8 184.7 935.4 184.4 0.31 47
SFIX R,4213798.0,
EFIX R,4213798.0,4213826 30 937.6 184.8 1819
SSACC R,4213828.0,
ESACC R,4213828.0,4213930 104 934.5 186.0 948.2 191.4 0.39 72
SFIX R,4213932.0,
EFIX R,4213932.0,4214058 128 947.5 181.1 1777
SSACC R,4214060.0,
ESACC R,4214060.0,4214258 200 951.5 178.4 988.9 294.1 3.23 453
SFIX R,4214260.0,
EFIX R,4214260.0,4214312 54 992.1 308.4 1572
SSACC R,4214314.0,
SBLINK R,4214400.0,
EBLINK R,4214400.0,4214500 102
ESACC R,4214314.0,4214564 252 995.7 323.6 981.2 340.5 0.60 553
SFIX R,4214566.0,
EFIX R,4214566.0,4214642 78 979.6 318.8 1592
SSACC R,4214644.0,
ESACC R,4214644.0,4215088 446 982.6 288.7 982.9 292.6 0.10 753
SFIX R,4215090.0,
EFIX R,4215090.0,4215130 42 981.7 291.0 1632
SSACC R,4215132.0,
SBLINK R,4215158.0,
EBLINK R,4215158.0,4215540 384
ESACC R,4215132.0,4215556 426 979.4 287.4 958.7 309.8 0.82 128
SFIX R,4215558.0,
EFIX R,4215558.0,4215738 182 948.5 308.1 1489
SSACC R,4215740.0,
ESACC R,4215740.0,4215746 8 946.5 321.9 949.7 338.8 0.46 76
SFIX R,4215748.0,
EFIX R,4215748.0,4215776 30 948.9 342.3 1465
SSACC R,4215778.0,
SBLINK R,4215834.0,
EBLINK R,4215834.0,4216726 894
ESACC R,4215778.0,4216744 968 949.0 336.9 1101.0 342.8 4.10 662
SFIX R,4216746.0,
EFIX R,4216746.0,4216808 64 1083.5 315.0 1504
SSACC R,4216810.0,
ESACC R,4216810.0,4216830 22 1074.2 295.7 1067.4 286.7 0.30 230
SFIX R,4216832.0,
EFIX R,4216832.0,4216940 110 1059.5 275.4 1570
SSACC R,4216942.0,
ESACC R,4216942.0,4217110 170 1053.4 257.6 1025.5 201.5 1.67 719
SFIX R,4217112.0,
EFIX R,4217112.0,4217162 52 1029.0 199.9 1599
SSACC R,4217164.0,
ESACC R,4217164.0,4217876 714 1022.3 187.6 999.1 268.2 2.23 921
SFIX R,4217878.0,
EFIX R,4217878.0,4217900 24 999.0 288.9 1485
SSACC R,4217902.0,
SBLINK R,4217922.0,
EBLINK R,4217922.0,4218538 618
ESACC R,4217902.0,4218560 660 1009.8 310.5 1034.0 424.7 3.14 387
SFIX R,4218562.0,
EFIX R,4218562.0,4218582 22 1034.0 397.7 1442
SSACC R,4218584.0,
ESACC R,4218584.0,4218630 48 1028.7 371.0 1028.9 332.3 1.04 561
SFIX R,4218632.0,
EFIX R,4218632.0,4218832 202 1026.9 308.6 1562
SSACC R,4218834.0,
SBLINK R,4219370.0,
EBLINK R,4219370.0,4224562 5194
ESACC R,4218834.0,4224572 5740 1021.1 297.4 974.9 373.2 2.39 1945
SFIX R,4224574.0,
EFIX R,4224574.0,4224686 114 967.2 349.4 1629
SSACC R,4224688.0,
SBLINK R,4224766.0,
EBLINK R,4224766.0,4225816 1052
ESACC R,4224688.0,4225844 1158 969.1 344.2 856.8 340.5 3.03 96
SFIX R,4225846.0,
EFIX R,4225846.0,4225894 50 859.8 301.2 1400
SSACC R,4225896.0,
ESACC R,4225896.0,4225936 42 858.8 276.4 937.4 303.2 2.23 156
SFIX R,4225938.0,
EFIX R,4225938.0,4226008 72 943.7 269.9 1509
SSACC R,4226010.0,
ESACC R,4226010.0,4226176 168 944.9 256.4 956.9 257.7 0.32 171
SFIX R,4226178.0,
EFIX R,4226178.0,4226236 60 955.3 260.8 1567
SSACC R,4226238.0,
SBLINK R,4226964.0,
EBLINK R,4226964.0,4228930 1968
ESACC R,4226238.0,4228946 2710 953.1 265.3 956.7 365.0 2.67 647
SFIX R,4228948.0,
EFIX R,4228948.0,4228970 24 956.4 351.3 1644
SSACC R,4228972.0,
SBLINK R,4229392.0,
EBLINK R,4229392.0,4232480 3090
ESACC R,4228972.0,4233536 4566 951.6 348.9 940.6 65.4 7.48 862
SFIX R,4233538.0,
EFIX R,4233538.0,4233580 44 936.9 73.7 1943
SSACC R,4233582.0,
ESACC R,4233582.0,4233590 10 935.6 72.5 937.6 75.8 0.10 74
SFIX R,4233592.0,
EFIX R,4233592.0,4233664 74 935.5 73.8 1974
SSACC R,4233666.0,
ESACC R,4233666.0,4233674 10 933.4 84.9 928.7 67.0 0.48 59
SFIX R,4233676.0,
EFIX R,4233676.0,4233772 98 938.5 62.5 1988
SSACC R,4233774.0,
ESACC R,4233774.0,4233910 138 946.2 78.2 946.2 62.8 0.40 89
SFIX R,4233912.0,
EFIX R,4233912.0,4233940 30 944.6 65.5 1995
SSACC R,4233942.0,
ESACC R,4233942.0,4233974 34 949.2 70.0 952.3 60.0 0.27 87
SFIX R,4233976.0,
EFIX R,4233976.0,4234080 106 954.1 71.8 2002
SSACC R,4234082.0,
ESACC R,4234082.0,4234098 18 958.2 77.9 951.0 79.9 0.20 100
SFIX R,4234100.0,
EFIX R,4234100.0,4234124 26 957.2 80.2 1984
SSACC R,4234126.0,
ESACC R,4234126.0,4234896 772 961.7 80.2 1056.9 57.4 2.59 924
SFIX R,4234898.0,
EFIX R,4234898.0,4234928 32 1057.1 55.3 2078
SSACC R,4234930.0,
SBLINK R,4235160.0,
EBLINK R,4235160.0,4237546 2388
ESACC R,4234930.0,4237572 2644 1055.6 57.2 1062.8 257.8 5.25 1372
SFIX R,4237574.0,
EFIX R,4237574.0,4237602 30 1056.3 243.7 1709
SSACC R,4237604.0,
SBLINK R,4238282.0,
EBLINK R,4238282.0,4242956 4676
ESACC R,4237604.0,4243172 5570 1053.0 244.5 939.0 56.6 5.78 775
SFIX R,4243174.0,
EFIX R,4243174.0,4243194 22 941.8 53.1 1961
SSACC R,4243196.0,
ESACC R,4243196.0,4243324 130 931.2 45.3 922.7 99.0 1.41 297
SFIX R,4243326.0,
EFIX R,4243326.0,4243364 40 922.2 99.0 1987
SSACC R,4243366.0,
SBLINK R,4243692.0,
EBLINK R,4243692.0,4247094 3404
ESACC R,4243366.0,4247114 3750 928.1 103.7 1003.8 354.3 6.93 758
SFIX R,4247116.0,
EFIX R,4247116.0,4247162 48 1005.6 315.5 1519
SSACC R,4247164.0,
SBLINK R,4247210.0,
EBLINK R,4247210.0,4248350 1142
ESACC R,4247164.0,4248476 1314 1003.9 292.8 970.8 318.0 1.12 279
SFIX R,4248478.0,
EFIX R,4248478.0,4248502 26 964.7 301.2 1707
SSACC R,4248504.0,
SBLINK R,4249448.0,
EBLINK R,4249448.0,4250388 942
ESACC R,4248504.0,4250456 1954 969.2 302.4 996.8 220.2 2.31 743
SFIX R,4250458.0,
EFIX R,4250458.0,4250540 84 996.0 227.6 1972
SSACC R,4250542.0,
ESACC R,4250542.0,4250600 60 1000.7 223.5 1000.0 252.6 0.77 64
SFIX R,4250602.0,
EFIX R,4250602.0,4250668 68 1003.4 239.4 1954
SSACC R,4250670.0,
ESACC R,4250670.0,4250750 82 1000.5 244.9 964.5 248.6 0.97 123
SFIX R,4250752.0,
EFIX R,4250752.0,4250806 56 969.5 248.4 1891
SSACC R,4250808.0,
SBLINK R,4250860.0,
EBLINK R,4250860.0,4252894 2036
ESACC R,4250808.0,4253038 2232 963.8 254.8 953.1 200.6 1.47 956
SFIX R,4253040.0,
EFIX R,4253040.0,4253112 74 946.5 204.6 1875
SSACC R,4253114.0,
ESACC R,4253114.0,4253128 16 939.3 207.5 933.8 187.7 0.54 66
SFIX R,4253130.0,
EFIX R,4253130.0,4253178 50 929.9 198.4 1815
SSACC R,4253180.0,
ESACC R,4253180.0,4253198 20 928.8 202.6 924.1 178.2 0.66 208
SFIX R,4253200.0,
EFIX R,4253200.0,4253240 42 916.9 187.6 1772
SSACC R,4253242.0,
ESACC R,4253242.0,4253268 28 921.7 197.9 918.1 197.4 0.10 70
SFIX R,4253270.0,
EFIX R,4253270.0,4253340 72 915.0 193.0 1741
SSACC R,4253342.0,
ESACC R,4253342.0,4253368 28 917.1 194.7 914.1 188.7 0.18 65
SFIX R,4253370.0,
EFIX R,4253370.0,4253412 44 907.1 186.6 1728
SSACC R,4253414.0,
ESACC R,4253414.0,4253428 16 907.9 202.1 900.5 170.0 0.87 76
SFIX R,4253430.0,
EFIX R,4253430.0,4253450 22 901.2 172.3 1742
SSACC R,4253452.0,
ESACC R,4253452.0,4253538 88 898.4 159.7 904.1 164.0 0.19 88
SFIX R,4253540.0,
EFIX R,4253540.0,4253576 38 896.6 162.0 1799
SSACC R,4253578.0,
ESACC R,4253578.0,4253704 128 896.7 169.2 898.0 155.6 0.36 344
SFIX R,4253706.0,
EFIX R,4253706.0,4253752 48 901.2 174.8 1823
SSACC R,4253754.0,
ESACC R,4253754.0,4253790 38 906.4 191.5 911.0 185.2 0.21 140
SFIX R,4253792.0,
EFIX R,4253792.0,4253818 28 911.4 173.4 1827
SSACC R,4253820.0,
SBLINK R,4254242.0,
EBLINK R,4254242.0,4254770 530
ESACC R,4253820.0,4255458 1640 898.6 153.8 903.2 174.9 0.57 852
SFIX R,4255460.0,
EFIX R,4255460.0,4255496 38 907.2 173.8 1890
SSACC R,4255498.0,
ESACC R,4255498.0,4256152 656 912.9 187.1 934.2 193.4 0.59 550
SFIX R,4256154.0,
EFIX R,4256154.0,4256184 32 927.5 184.4 1854
SSACC R,4256186.0,
ESACC R,4256186.0,4256204 20 919.4 184.8 925.2 193.0 0.27 63
SFIX R,4256206.0,
EFIX R,4256206.0,4256298 94 927.4 187.2 1845
SSACC R,4256300.0,
SBLINK R,4256508.0,
EBLINK R,4256508.0,4256762 256
ESACC R,4256300.0,4256780 482 938.6 178.7 982.1 249.1 2.20 436
SFIX R,4256782.0,
EFIX R,4256782.0,4256858 78 978.1 247.2 1616
SSACC R,4256860.0,
ESACC R,4256860.0,4256908 50 978.9 227.4 976.3 226.6 0.07 67
SFIX R,4256910.0,
EFIX R,4256910.0,4256930 22 971.0 223.8 1695
SSACC R,4256932.0,
ESACC R,4256932.0,4257132 202 963.4 214.4 970.0 190.8 0.65 496
SFIX R,4257134.0,
EFIX R,4257134.0,4257164 32 971.2 185.5 1759
SSACC R,4257166.0,
SBLINK R,4257256.0,
EBLINK R,4257256.0,4258348 1094
ESACC R,4257166.0,4258410 1246 979.9 188.9 963.1 264.4 2.05 987
SFIX R,4258412.0,
EFIX R,4258412.0,4258432 22 959.6 265.3 1566
SSACC R,4258434.0,
ESACC R,4258434.0,4258506 74 956.2 266.3 960.1 231.0 0.95 705
SFIX R,4258508.0,
EFIX R,4258508.0,4258538 32 959.3 231.2 1649
SSACC R,4258540.0,
ESACC R,4258540.0,4258606 68 957.4 231.3 965.9 230.9 0.23 64
SFIX R,4258608.0,
EFIX R,4258608.0,4258710 104 960.3 247.9 1616
SSACC R,4258712.0,
ESACC R,4258712.0,4258864 154 953.3 257.2 958.8 205.7 1.38 584
SFIX R,4258866.0,
EFIX R,4258866.0,4258912 48 962.2 201.0 1703
SSACC R,4258914.0,
ESACC R,4258914.0,4258956 44 961.1 207.9 955.4 189.5 0.51 194
SFIX R,4258958.0,
EFIX R,4258958.0,4259022 66 960.2 195.3 1717
SSACC R,4259024.0,
ESACC R,4259024.0,4259028 6 957.7 202.6 960.5 201.4 0.08 57
SFIX R,4259030.0,
EFIX R,4259030.0,4259078 50 962.5 202.9 1661
SSACC R,4259080.0,
ESACC R,4259080.0,4259132 54 967.1 199.9 963.3 207.9 0.23 139
SFIX R,4259134.0,
EFIX R,4259134.0,4259168 36 964.4 193.9 1664
SSACC R,4259170.0,
ESACC R,4259170.0,4259178 10 963.8 205.2 964.2 180.6 0.65 66
SFIX R,4259180.0,
EFIX R,4259180.0,4259276 98 960.6 188.7 1682
SSACC R,4259278.0,
ESACC R,4259278.0,4259306 30 955.3 188.6 957.7 192.8 0.13 144
SFIX R,4259308.0,
EFIX R,4259308.0,4259346 40 959.7 184.0 1711
SSACC R,4259348.0,
ESACC R,4259348.0,4259402 56 951.6 159.3 959.2 184.9 0.70 94
SFIX R,4259404.0,
EFIX R,4259404.0,4259456 54 957.5 174.5 1712
SSACC R,4259458.0,
ESACC R,4259458.0,4259670 214 957.4 173.2 957.3 228.9 1.47 172
SFIX R,4259672.0,
EFIX R,4259672.0,4259710 40 954.5 235.8 1543
SSACC R,4259712.0,
ESACC R,4259712.0,4259732 22 955.3 238.1 957.2 207.4 0.82 92
SFIX R,4259734.0,
EFIX R,4259734.0,4259836 104 956.8 203.8 1612
SSACC R,4259838.0,
ESACC R,4259838.0,4259870 34 958.2 188.7 960.8 190.0 0.08 128
SFIX R,4259872.0,
EFIX R,4259872.0,4259916 46 957.2 183.9 1686
SSACC R,4259918.0,
SBLINK R,4260570.0,
EBLINK R,4260570.0,4263760 3192
ESACC R,4259918.0,4263768 3852 956.1 171.4 904.5 297.3 3.62 663
SFIX R,4263770.0,
EFIX R,4263770.0,4264074 306 952.9 134.2 1694
SSACC R,4264076.0,
ESACC R,4264076.0,4264092 18 951.8 149.9 982.5 156.2 0.84 81
SFIX R,4264094.0,
EFIX R,4264094.0,4264316 224 967.6 164.1 1738
SSACC R,4264318.0,
ESACC R,4264318.0,4264338 22 962.3 164.3 968.4 160.3 0.19 57
SFIX R,4264340.0,
EFIX R,4264340.0,4264402 64 964.1 157.7 1798
SSACC R,4264404.0,
ESACC R,4264404.0,4264462 60 964.4 172.5 967.1 145.8 0.71 239
SFIX R,4264464.0,
EFIX R,4264464.0,4264486 24 963.7 151.5 1848
SSACC R,4264488.0,
ESACC R,4264488.0,4264802 316 965.0 147.5 971.7 185.5 1.02 168
SFIX R,4264804.0,
EFIX R,4264804.0,4264846 44 975.3 184.2 1786
SSACC R,4264848.0,
SBLINK R,4264864.0,
EBLINK R,4264864.0,4265578 716
ESACC R,4264848.0,4265652 806 978.8 187.0 1026.9 175.9 1.32 652
SFIX R,4265654.0,
EFIX R,4265654.0,4265708 56 1020.2 168.5 1894
SSACC R,4265710.0,
ESACC R,4265710.0,4265798 90 1020.2 159.8 952.2 149.0 1.84 800
SFIX R,4265800.0,
EFIX R,4265800.0,4265822 24 954.0 146.1 1969
SSACC R,4265824.0,
SBLINK R,4266096.0,
EBLINK R,4266096.0,4266682 588
ESACC R,4265824.0,4266784 962 955.3 146.9 1006.7 244.3 2.92 886
SFIX R,4266786.0,
EFIX R,4266786.0,4266812 28 1006.4 252.9 1855
SSACC R,4266814.0,
SBLINK R,4266950.0,
EBLINK R,4266950.0,4267296 348
ESACC R,4266814.0,4267314 502 1005.3 256.6 1022.9 226.0 0.94 656
SFIX R,4267316.0,
EFIX R,4267316.0,4267370 56 1019.9 216.0 1816
SSACC R,4267372.0,
SBLINK R,4267734.0,
EBLINK R,4267734.0,4268594 862
ESACC R,4267372.0,4268744 1374 1021.7 212.6 1023.7 199.9 0.34 970
SFIX R,4268746.0,
EFIX R,4268746.0,4268802 58 1023.2 193.3 1846
SSACC R,4268804.0,
ESACC R,4268804.0,4268886 84 1030.6 199.0 1006.2 194.5 0.66 827
SFIX R,4268888.0,
EFIX R,4268888.0,4268942 56 1018.2 211.8 1793
SSACC R,4268944.0,
SBLINK R,4268954.0,
EBLINK R,4268954.0,4269366 414
ESACC R,4268944.0,4269602 660 1020.0 196.7 1009.9 171.1 0.73 517
SFIX R,4269604.0,
EFIX R,4269604.0,4269638 36 1006.5 165.7 1798
SSACC R,4269640.0,
ESACC R,4269640.0,4270020 382 1007.2 178.3 963.6 252.6 2.29 958
SFIX R,4270022.0,
EFIX R,4270022.0,4270048 28 964.4 249.6 1686
SSACC R,4270050.0,
SBLINK R,4270166.0,
EBLINK R,4270166.0,4270166 2
ESACC R,4270050.0,4270226 178 964.5 247.0 972.0 282.7 0.97 1033
SFIX R,4270228.0,
EFIX R,4270228.0,4270272 46 972.8 258.6 1694
SSACC R,4270274.0,
ESACC R,4270274.0,4270422 150 972.9 257.0 1009.3 220.9 1.37 703
SFIX R,4270424.0,
EFIX R,4270424.0,4270526 104 1013.7 228.1 1789
SSACC R,4270528.0,
ESACC R,4270528.0,4270546 20 1014.7 236.1 1018.5 227.4 0.25 60
SFIX R,4270548.0,
EFIX R,4270548.0,4270584 38 1018.2 233.4 1799
SSACC R,4270586.0,
ESACC R,4270586.0,4270712 128 1016.1 236.3 1015.1 235.7 0.03 851
SFIX R,4270714.0,
EFIX R,4270714.0,4270752 40 1017.9 239.0 1827
SSACC R,4270754.0,
ESACC R,4270754.0,4271204 452 1017.1 240.4 1001.5 274.5 1.00 934
SFIX R,4271206.0,
EFIX R,4271206.0,4271242 38 1000.9 283.9 1809
SSACC R,4271244.0,
SBLINK R,4271254.0,
EBLINK R,4271254.0,4272514 1262
ESACC R,4271244.0,4272618 1376 1025.6 218.3 998.5 214.6 0.73 544
SFIX R,4272620.0,
EFIX R,4272620.0,4272644 26 993.3 222.8 1863
SSACC R,4272646.0,
ESACC R,4272646.0,4272700 56 993.1 215.0 991.4 211.2 0.11 762
SFIX R,4272702.0,
EFIX R,4272702.0,4272848 148 985.3 237.0 1797
SSACC R,4272850.0,
ESACC R,4272850.0,4272908 60 982.9 231.8 987.0 204.7 0.73 420
SFIX R,4272910.0,
EFIX R,4272910.0,4273018 110 986.5 203.5 1839
SSACC R,4273020.0,
ESACC R,4273020.0,4273184 166 992.9 205.8 1007.3 225.4 0.65 911
SFIX R,4273186.0,
EFIX R,4273186.0,4273208 24 1005.5 235.2 1791
SSACC R,4273210.0,
SBLINK R,4273244.0,
EBLINK R,4273244.0,4273824 582
ESACC R,4273210.0,4273952 744 1009.6 232.8 973.8 210.4 1.13 817
SFIX R,4273954.0,
EFIX R,4273954.0,4274010 58 981.7 214.1 1811
SSACC R,4274012.0,
SBLINK R,4274024.0,
EBLINK R,4274024.0,4274890 868
ESACC R,4274012.0,4274910 900 983.2 229.9 937.1 245.5 1.31 734
SFIX R,4274912.0,
EFIX R,4274912.0,4274934 24 934.0 245.4 1742
SSACC R,4274936.0,
SBLINK R,4275062.0,
EBLINK R,4275062.0,4275408 348
ESACC R,4274936.0,4275818 884 935.4 243.3 316.8 185.1 15.95 820
SFIX R,4275820.0,
EFIX R,4275820.0,4275906 88 315.7 187.7 1670
SSACC R,4275908.0,
ESACC R,4275908.0,4275970 64 319.9 197.0 324.6 198.9 0.13 124
SFIX R,4275972.0,
EFIX R,4275972.0,4276010 40 326.7 197.8 1709
SSACC R,4276012.0,
ESACC R,4276012.0,4276652 642 328.1 201.6 189.0 148.5 3.61 363
SFIX R,4276654.0,
EFIX R,4276654.0,4276734 82 184.6 135.6 1615
SSACC R,4276736.0,
SBLINK R,4276880.0,
EBLINK R,4276880.0,4277352 474
ESACC R,4276736.0,4277434 700 187.5 136.2 990.4 194.8 20.18 1064
SFIX R,4277436.0,
EFIX R,4277436.0,4277558 124 975.9 191.9 1876
SSACC R,4277560.0,
ESACC R,4277560.0,4277580 22 967.7 202.5 967.2 202.5 0.01 160
SFIX R,4277582.0,
EFIX R,4277582.0,4277628 48 966.9 213.4 1841
SSACC R,4277630.0,
SBLINK R,4277640.0,
EBLINK R,4277640.0,4278048 410
ESACC R,4277630.0,4278056 428 979.4 230.1 978.1 230.2 0.03 19
SFIX R,4278058.0,
EFIX R,4278058.0,4278084 28 980.6 221.2 1652
SSACC R,4278086.0,
ESACC R,4278086.0,4278094 10 979.9 195.3 985.6 199.0 0.18 52
SFIX R,4278096.0,
EFIX R,4278096.0,4278116 22 982.0 208.6 1675
SSACC R,4278118.0,
SBLINK R,4278128.0,
EBLINK R,4278128.0,4278600 474
ESACC R,4278118.0,4278614 498 1008.6 134.9 1002.4 133.7 0.17 49
SFIX R,4278616.0,
EFIX R,4278616.0,4278752 138 995.7 115.3 1779
SSACC R,4278754.0,
SBLINK R,4279148.0,
EBLINK R,4279148.0,4279620 474
ESACC R,4278754.0,4279628 876 992.2 96.7 948.2 173.7 2.33 929
SFIX R,4279630.0,
EFIX R,4279630.0,4279670 42 1021.8 123.0 1762
SSACC R,4279672.0,
ESACC R,4279672.0,4279684 14 1013.3 128.1 1020.7 112.5 0.45 63
SFIX R,4279686.0,
EFIX R,4279686.0,4279736 52 1012.8 115.2 1824
SSACC R,4279738.0,
ESACC R,4279738.0,4279806 70 1014.6 110.4 1008.1 107.7 0.19 222
SFIX R,4279808.0,
EFIX R,4279808.0,4279908 102 1016.1 114.7 1915
SSACC R,4279910.0,
ESACC R,4279910.0,4279928 20 1022.1 110.7 1023.1 138.9 0.74 76
SFIX R,4279930.0,
EFIX R,4279930.0,4280006 78 1017.4 148.4 1887
SSACC R,4280008.0,
ESACC R,4280008.0,4280094 88 1011.6 152.0 998.5 146.0 0.38 597
SFIX R,4280096.0,
EFIX R,4280096.0,4280192 98 993.4 152.7 1849
SSACC R,4280194.0,
ESACC R,4280194.0,4280252 60 984.2 151.8 985.0 151.1 0.03 417
SFIX R,4280254.0,
EFIX R,4280254.0,4280280 28 987.3 157.1 1853
SSACC R,4280282.0,
ESACC R,4280282.0,4280312 32 988.8 151.0 988.4 152.1 0.03 260
SFIX R,4280314.0,
EFIX R,4280314.0,4280346 34 964.3 160.4 1911
SSACC R,4280348.0,
ESACC R,4280348.0,4280650 304 958.0 170.2 963.4 210.7 1.08 308
SFIX R,4280652.0,
EFIX R,4280652.0,4280694 44 971.3 207.3 1863
SSACC R,4280696.0,
SBLINK R,4281018.0,
EBLINK R,4281018.0,4282480 1464
ESACC R,4280696.0,4282500 1806 959.7 190.0 958.7 206.4 0.43 484
SFIX R,4282502.0,
EFIX R,4282502.0,4282592 92 950.0 207.9 1713
SSACC R,4282594.0,
SBLINK R,4282750.0,
EBLINK R,4282750.0,4283516 768
ESACC R,4282594.0,4283572 980 941.5 210.2 945.0 225.1 0.41 632
SFIX R,4283574.0,
EFIX R,4283574.0,4283602 30 945.5 226.7 1674
SSACC R,4283604.0,
ESACC R,4283604.0,4283638 36 947.8 220.7 940.6 225.5 0.23 317
SFIX R,4283640.0,
EFIX R,4283640.0,4283712 74 937.9 215.9 1690
SSACC R,4283714.0,
ESACC R,4283714.0,4283800 88 937.1 221.0 952.1 201.0 0.67 521
SFIX R,4283802.0,
EFIX R,4283802.0,4283850 50 952.6 185.4 1660
SSACC R,4283852.0,
ESACC R,4283852.0,4283864 14 951.9 171.0 945.3 187.5 0.47 56
SFIX R,4283866.0,
EFIX R,4283866.0,4283924 60 944.2 176.6 1641
SSACC R,4283926.0,
SBLINK R,4283974.0,
EBLINK R,4283974.0,4284520 548
ESACC R,4283926.0,4284530 606 947.1 180.7 949.4 206.7 0.69 95
SFIX R,4284532.0,
EFIX R,4284532.0,4284690 160 955.6 201.3 1658
SSACC R,4284692.0,
ESACC R,4284692.0,4284728 38 960.9 191.6 965.1 201.9 0.29 280
SFIX R,4284730.0,
EFIX R,4284730.0,4284956 228 943.7 196.1 1694
SSACC R,4284958.0,
ESACC R,4284958.0,4284970 14 925.6 202.5 931.9 186.9 0.45 54
SFIX R,4284972.0,
EFIX R,4284972.0,4285146 176 924.9 196.8 1637
SSACC R,4285148.0,
ESACC R,4285148.0,4285162 16 926.5 204.5 948.3 167.7 1.13 104
SFIX R,4285164.0,
EFIX R,4285164.0,4285478 316 927.7 166.3 1638
SSACC R,4285480.0,
ESACC R,4285480.0,4285712 234 915.0 163.2 911.5 112.7 1.33 392
SFIX R,4285714.0,
EFIX R,4285714.0,4285850 138 913.3 129.3 1876
SSACC R,4285852.0,
ESACC R,4285852.0,4285886 36 887.6 159.4 932.4 223.9 2.08 158
SFIX R,4285888.0,
EFIX R,4285888.0,4285914 28 929.0 218.3 1770
SSACC R,4285916.0,
ESACC R,4285916.0,4286122 208 932.2 230.0 914.0 176.7 1.49 538
SFIX R,4286124.0,
EFIX R,4286124.0,4286162 40 915.8 156.0 1857
SSACC R,4286164.0,
ESACC R,4286164.0,4286242 80 915.1 149.4 902.5 158.5 0.41 72
SFIX R,4286244.0,
EFIX R,4286244.0,4286268 26 907.9 149.9 1865
SSACC R,4286270.0,
SBLINK R,4286524.0,
EBLINK R,4286524.0,4287218 696
ESACC R,4286270.0,4287440 1172 913.0 155.8 958.2 298.4 3.97 720
SFIX R,4287442.0,
EFIX R,4287442.0,4287552 112 950.5 292.2 1589
SSACC R,4287554.0,
SBLINK R,4287650.0,
EBLINK R,4287650.0,4287652 4
ESACC R,4287554.0,4287736 184 948.6 293.7 925.6 198.6 2.60 136
SFIX R,4287738.0,
EFIX R,4287738.0,4287762 26 929.3 200.8 1596
SSACC R,4287764.0,
SBLINK R,4287792.0,
EBLINK R,4287792.0,4288248 458
ESACC R,4287764.0,4288256 494 927.8 206.5 935.1 224.7 0.52 79
SFIX R,4288258.0,
EFIX R,4288258.0,4288282 26 814.7 401.7 1418
SSACC R,4288284.0,
ESACC R,4288284.0,4288390 108 808.7 387.0 921.8 226.0 5.27 218
SFIX R,4288392.0,
EFIX R,4288392.0,4288442 52 922.0 238.3 1700
SSACC R,4288444.0,
ESACC R,4288444.0,4288508 66 923.1 229.1 911.9 231.9 0.31 191
SFIX R,4288510.0,
EFIX R,4288510.0,4288530 22 912.1 224.3 1693
SSACC R,4288532.0,
SBLINK R,4288718.0,
EBLINK R,4288718.0,4289136 420
ESACC R,4288532.0,4289248 718 915.3 234.8 916.2 79.2 4.08 960
SFIX R,4289250.0,
EFIX R,4289250.0,4289280 32 920.2 83.1 1479
SSACC R,4289282.0,
ESACC R,4289282.0,4289308 28 920.8 88.5 921.6 94.9 0.17 788
SFIX R,4289310.0,
EFIX R,4289310.0,4289398 90 925.3 87.8 1518
SSACC R,4289400.0,
ESACC R,4289400.0,4289444 46 924.5 92.7 901.1 127.5 1.10 123
SFIX R,4289446.0,
EFIX R,4289446.0,4289480 36 897.0 136.6 1501
SSACC R,4289482.0,
ESACC R,4289482.0,4289490 10 893.0 127.0 894.5 137.9 0.29 44
SFIX R,4289492.0,
EFIX R,4289492.0,4289534 44 897.5 144.9 1516
SSACC R,4289536.0,
ESACC R,4289536.0,4289550 16 896.2 135.9 892.9 144.4 0.24 62
SFIX R,4289552.0,
EFIX R,4289552.0,4289686 136 889.7 140.5 1553
SSACC R,4289688.0,
SBLINK R,4290234.0,
EBLINK R,4290234.0,4290634 402
ESACC R,4289688.0,4290642 956 882.3 136.7 910.1 169.5 1.14 574
SFIX R,4290644.0,
EFIX R,4290644.0,4290734 92 936.1 211.3 1455
SSACC R,4290736.0,
ESACC R,4290736.0,4290772 38 934.3 199.5 922.8 173.5 0.75 88
SFIX R,4290774.0,
EFIX R,4290774.0,4291036 264 914.9 150.0 1677
SSACC R,4291038.0,
SBLINK R,4291104.0,
EBLINK R,4291104.0,4291828 726
ESACC R,4291038.0,4291836 800 909.0 151.3 959.3 410.4 7.03 515
SFIX R,4291838.0,
EFIX R,4291838.0,4291894 58 982.1 81.7 1557
SSACC R,4291896.0,
ESACC R,4291896.0,4292008 114 974.2 65.3 934.7 119.0 1.74 591
SFIX R,4292010.0,
EFIX R,4292010.0,4292280 272 917.5 132.3 1772
SSACC R,4292282.0,
SBLINK R,4292536.0,
EBLINK R,4292536.0,4293252 718
ESACC R,4292282.0,4293304 1024 905.9 146.9 1027.7 98.4 3.48 439
SFIX R,4293306.0,
EFIX R,4293306.0,4293354 50 1022.8 101.5 1606
SSACC R,4293356.0,
ESACC R,4293356.0,4293404 50 1022.3 98.2 967.9 90.8 1.46 110
SFIX R,4293406.0,
EFIX R,4293406.0,4293430 26 968.2 96.1 1632
SSACC R,4293432.0,
ESACC R,4293432.0,4293450 20 963.2 110.5 962.6 104.2 0.16 44
SFIX R,4293452.0,
EFIX R,4293452.0,4293598 148 955.7 103.6 1627
SSACC R,4293600.0,
ESACC R,4293600.0,4293640 42 957.2 100.3 965.3 113.4 0.40 66
SFIX R,4293642.0,
EFIX R,4293642.0,4293694 54 974.4 133.7 1533
SSACC R,4293696.0,
SBLINK R,4293726.0,
EBLINK R,4293726.0,4294192 468
ESACC R,4293696.0,4294224 530 988.6 159.1 969.1 231.8 1.99 783
SFIX R,4294226.0,
EFIX R,4294226.0,4294294 70 969.5 222.4 1413
SSACC R,4294296.0,
SBLINK R,4294316.0,
EBLINK R,4294316.0,4294970 656
ESACC R,4294296.0,4294980 686 976.1 216.7 991.6 115.2 2.70 104
SFIX R,4294982.0,
EFIX R,4294982.0,4295460 480 963.3 72.2 1481
SSACC R,4295462.0,
ESACC R,4295462.0,4295514 54 955.4 57.3 949.2 52.0 0.21 51
SFIX R,4295516.0,
EFIX R,4295516.0,4295704 190 947.8 64.1 1457
SSACC R,4295706.0,
SBLINK R,4295756.0,
EBLINK R,4295756.0,4296570 816
ESACC R,4295706.0,4296600 896 953.5 75.4 996.4 133.6 1.90 147
SFIX R,4296602.0,
EFIX R,4296602.0,4296796 196 985.3 98.0 1418
SSACC R,4296798.0,
ESACC R,4296798.0,4296808 12 974.2 66.1 977.0 49.3 0.44 59
SFIX R,4296810.0,
EFIX R,4296810.0,4296932 124 964.1 36.2 1468
SSACC R,4296934.0,
ESACC R,4296934.0,4296938 6 953.0 45.0 955.1 30.2 0.38 52
SFIX R,4296940.0,
EFIX R,4296940.0,4297138 200 951.5 30.9 1479
SSACC R,4297140.0,
ESACC R,4297140.0,4297166 28 947.7 29.8 934.3 118.2 2.31 143
SFIX R,4297168.0,
EFIX R,4297168.0,4297338 172 916.9 115.5 1522
SSACC R,4297340.0,
ESACC R,4297340.0,4297350 12 913.8 111.8 907.9 124.6 0.37 52
SFIX R,4297352.0,
EFIX R,4297352.0,4297472 122 914.6 126.5 1585
SSACC R,4297474.0,
ESACC R,4297474.0,4297482 10 913.7 150.1 919.9 134.0 0.45 58
SFIX R,4297484.0,
EFIX R,4297484.0,4297706 224 925.3 155.2 1654
SSACC R,4297708.0,
ESACC R,4297708.0,4297718 12 935.1 179.7 928.6 190.6 0.34 69
SFIX R,4297720.0,
EFIX R,4297720.0,4298042 324 944.8 177.3 1661
SSACC R,4298044.0,
ESACC R,4298044.0,4298060 18 947.4 156.3 946.6 154.1 0.06 61
SFIX R,4298062.0,
EFIX R,4298062.0,4298300 240 950.7 159.4 1692
SSACC R,4298302.0,
ESACC R,4298302.0,4298342 42 952.6 155.6 951.3 160.4 0.13 71
SFIX R,4298344.0,
EFIX R,4298344.0,4298496 154 946.3 158.4 1775
SSACC R,4298498.0,
ESACC R,4298498.0,4299400 904 944.7 162.9 928.0 170.2 0.49 405
SFIX R,4299402.0,
EFIX R,4299402.0,4299496 96 919.1 165.4 1664
SSACC R,4299498.0,
SBLINK R,4299774.0,
EBLINK R,4299774.0,4300074 302
ESACC R,4299498.0,4300088 592 921.5 156.8 998.8 181.4 2.16 364
SFIX R,4300090.0,
EFIX R,4300090.0,4300134 46 998.9 167.4 1630
SSACC R,4300136.0,
ESACC R,4300136.0,4300170 36 996.7 173.4 993.3 151.2 0.59 73
SFIX R,4300172.0,
EFIX R,4300172.0,4300272 102 987.2 153.6 1704
SSACC R,4300274.0,
ESACC R,4300274.0,4300296 24 987.1 145.7 977.7 136.5 0.35 123
SFIX R,4300298.0,
EFIX R,4300298.0,4300322 26 973.3 140.3 1767
SSACC R,4300324.0,
ESACC R,4300324.0,4300380 58 975.4 136.3 967.3 168.3 0.87 192
SFIX R,4300382.0,
EFIX R,4300382.0,4300470 90 965.6 158.0 1724
SSACC R,4300472.0,
SBLINK R,4300484.0,
EBLINK R,4300484.0,4300940 458
ESACC R,4300472.0,4300970 500 964.2 170.1 972.9 248.8 2.10 653
SFIX R,4300972.0,
EFIX R,4300972.0,4301010 40 972.6 244.9 1636
SSACC R,4301012.0,
ESACC R,4301012.0,4301042 32 978.8 239.6 975.7 230.3 0.26 71
SFIX R,4301044.0,
EFIX R,4301044.0,4301084 42 967.9 234.0 1698
SSACC R,4301086.0,
ESACC R,4301086.0,4301122 38 964.4 214.2 964.9 241.7 0.73 64
SFIX R,4301124.0,
EFIX R,4301124.0,4301208 86 955.4 220.5 1685
SSACC R,4301210.0,
ESACC R,4301210.0,4302350 1142 945.6 204.3 899.6 -10.3 5.69 670
SFIX R,4302352.0,
EFIX R,4302352.0,4302378 28 901.1 -6.8 2112
SSACC R,4302380.0,
ESACC R,4302380.0,4302406 28 899.9 -11.6 899.5 -5.5 0.16 56
SFIX R,4302408.0,
EFIX R,4302408.0,4302428 22 897.0 8.1 2131
SSACC R,4302430.0,
ESACC R,4302430.0,4302950 522 898.0 3.7 865.8 17.3 0.91 130
SFIX R,4302952.0,
EFIX R,4302952.0,4303000 50 867.3 8.4 2058
SSACC R,4303002.0,
ESACC R,4303002.0,4303102 102 864.9 -2.6 854.4 10.1 0.43 528
SFIX R,4303104.0,
EFIX R,4303104.0,4303124 22 858.5 9.9 2038
SSACC R,4303126.0,
SBLINK R,4303396.0,
EBLINK R,4303396.0,4303596 202
ESACC R,4303126.0,4303630 506 861.6 6.7 964.2 209.3 5.92 1426
SFIX R,4303632.0,
EFIX R,4303632.0,4303702 72 947.9 199.7 1703
SSACC R,4303704.0,
SBLINK R,4304510.0,
EBLINK R,4304510.0,4304964 456
ESACC R,4303704.0,4305008 1306 933.5 194.3 980.4 192.2 1.26 328
SFIX R,4305010.0,
EFIX R,4305010.0,4305068 60 976.4 174.0 1663
SSACC R,4305070.0,
ESACC R,4305070.0,4305090 22 972.9 152.1 969.9 150.4 0.09 66
SFIX R,4305092.0,
EFIX R,4305092.0,4305176 86 962.6 140.9 1765
SSACC R,4305178.0,
ESACC R,4305178.0,4305262 86 938.9 127.8 940.5 133.6 0.16 161
SFIX R,4305264.0,
EFIX R,4305264.0,4305290 28 937.8 130.6 1810
SSACC R,4305292.0,
ESACC R,4305292.0,4305310 20 935.7 133.6 925.8 137.4 0.28 102
SFIX R,4305312.0,
EFIX R,4305312.0,4305334 24 932.2 138.4 1817
SSACC R,4305336.0,
SBLINK R,4305490.0,
EBLINK R,4305490.0,4305982 494
ESACC R,4305336.0,4305990 656 934.5 122.9 938.7 150.6 0.73 129
SFIX R,4305992.0,
EFIX R,4305992.0,4306198 208 974.6 114.6 1688
SSACC R,4306200.0,
SBLINK R,4306256.0,
EBLINK R,4306256.0,4306818 564
ESACC R,4306200.0,4306826 628 971.7 79.2 978.0 143.7 1.69 102
SFIX R,4306828.0,
EFIX R,4306828.0,4306890 64 941.1 156.5 1559
SSACC R,4306892.0,
ESACC R,4306892.0,4307046 156 934.9 156.6 939.0 175.6 0.51 80
SFIX R,4307048.0,
EFIX R,4307048.0,4307150 104 933.5 190.7 1714
SSACC R,4307152.0,
ESACC R,4307152.0,4307158 8 930.7 209.2 929.8 190.6 0.49 70
SFIX R,4307160.0,
EFIX R,4307160.0,4307330 172 923.5 198.3 1668
SSACC R,4307332.0,
ESACC R,4307332.0,4307410 80 912.6 197.6 910.9 197.1 0.05 71
SFIX R,4307412.0,
EFIX R,4307412.0,4307492 82 911.7 191.4 1624
SSACC R,4307494.0,
ESACC R,4307494.0,4307550 58 909.7 188.2 903.4 175.1 0.38 78
SFIX R,4307552.0,
EFIX R,4307552.0,4307678 128 907.2 172.5 1605
SSACC R,4307680.0,
ESACC R,4307680.0,4307694 16 908.5 139.9 903.4 156.7 0.46 102
SFIX R,4307696.0,
EFIX R,4307696.0,4307726 32 905.9 161.2 1623
SSACC R,4307728.0,
ESACC R,4307728.0,4307762 36 911.4 166.0 905.7 152.2 0.39 65
SFIX R,4307764.0,
EFIX R,4307764.0,4307808 46 909.5 159.5 1662
SSACC R,4307810.0,
ESACC R,4307810.0,4307854 46 918.4 167.9 911.5 148.5 0.54 102
SFIX R,4307856.0,
EFIX R,4307856.0,4307982 128 921.9 160.2 1691
SSACC R,4307984.0,
ESACC R,4307984.0,4308126 144 929.4 158.8 945.3 164.3 0.45 84
SFIX R,4308128.0,
EFIX R,4308128.0,4308166 40 945.2 159.0 1725
SSACC R,4308168.0,
ESACC R,4308168.0,4308206 40 945.2 171.2 949.2 149.2 0.59 99
SFIX R,4308208.0,
EFIX R,4308208.0,4308336 130 944.0 164.1 1713
SSACC R,4308338.0,
ESACC R,4308338.0,4308444 108 942.5 189.6 945.5 173.9 0.42 82
SFIX R,4308446.0,
EFIX R,4308446.0,4308566 122 947.4 171.2 1736
SSACC R,4308568.0,
ESACC R,4308568.0,4308582 16 950.1 169.8 950.2 173.0 0.08 76
SFIX R,4308584.0,
EFIX R,4308584.0,4308696 114 949.5 176.6 1745
SSACC R,4308698.0,
ESACC R,4308698.0,4308776 80 945.0 173.1 937.8 192.5 0.55 88
SFIX R,4308778.0,
EFIX R,4308778.0,4308830 54 941.9 192.0 1756
SSACC R,4308832.0,
ESACC R,4308832.0,4308924 94 941.7 217.6 931.2 192.1 0.73 99
SFIX R,4308926.0,
EFIX R,4308926.0,4309050 126 938.6 206.3 1725
SSACC R,4309052.0,
ESACC R,4309052.0,4309096 46 936.3 201.1 961.5 197.5 0.68 71
SFIX R,4309098.0,
EFIX R,4309098.0,4309406 310 957.8 194.2 1665
SSACC R,4309408.0,
ESACC R,4309408.0,4309426 20 960.9 187.8 955.9 188.5 0.13 60
SFIX R,4309428.0,
EFIX R,4309428.0,4309554 128 957.7 185.3 1627
SSACC R,4309556.0,
ESACC R,4309556.0,4309596 42 954.1 182.7 956.5 174.7 0.22 52
SFIX R,4309598.0,
EFIX R,4309598.0,4309712 116 951.1 169.0 1628
SSACC R,4309714.0,
ESACC R,4309714.0,4309786 74 934.2 154.7 936.3 175.4 0.55 77
SFIX R,4309788.0,
EFIX R,4309788.0,4310028 242 944.3 187.0 1567
SSACC R,4310030.0,
ESACC R,4310030.0,4310042 14 954.1 191.5 973.7 202.4 0.60 65
SFIX R,4310044.0,
EFIX R,4310044.0,4310106 64 985.8 210.3 1431
SSACC R,4310108.0,
ESACC R,4310108.0,4310118 12 980.4 230.2 988.6 214.4 0.47 68
SFIX R,4310120.0,
EFIX R,4310120.0,4310154 36 987.7 216.8 1407
SSACC R,4310156.0,
ESACC R,4310156.0,4310168 14 983.1 223.4 988.0 202.5 0.57 68
SFIX R,4310170.0,
EFIX R,4310170.0,4310246 78 987.3 205.8 1410
SSACC R,4310248.0,
ESACC R,4310248.0,4310264 18 981.4 205.6 960.4 213.7 0.60 62
SFIX R,4310266.0,
EFIX R,4310266.0,4310470 206 960.5 209.1 1409
SSACC R,4310472.0,
ESACC R,4310472.0,4310480 10 961.1 208.8 964.1 189.1 0.53 74
SFIX R,4310482.0,
EFIX R,4310482.0,4310512 32 961.3 197.3 1429
SSACC R,4310514.0,
ESACC R,4310514.0,4310518 6 959.6 189.2 963.1 187.2 0.11 70
SFIX R,4310520.0,
EFIX R,4310520.0,4310704 186 960.2 185.1 1458
SSACC R,4310706.0,
ESACC R,4310706.0,4310712 8 961.0 168.9 957.1 159.6 0.27 52
SFIX R,4310714.0,
EFIX R,4310714.0,4310878 166 962.7 166.1 1485
SSACC R,4310880.0,
ESACC R,4310880.0,4310884 6 974.4 164.5 971.4 175.8 0.31 66
SFIX R,4310886.0,
EFIX R,4310886.0,4311308 424 971.0 186.0 1390
SSACC R,4311310.0,
ESACC R,4311310.0,4311314 6 990.0 230.4 984.7 236.8 0.22 69
SFIX R,4311316.0,
EFIX R,4311316.0,4311410 96 992.8 243.8 1284
SSACC R,4311412.0,
SBLINK R,4311476.0,
EBLINK R,4311476.0,4312686 1212
ESACC R,4311412.0,4312714 1304 989.3 273.3 984.4 176.0 2.58 996
SFIX R,4312716.0,
EFIX R,4312716.0,4312794 80 964.5 134.2 1416
SSACC R,4312796.0,
ESACC R,4312796.0,4312920 126 935.6 102.1 924.0 109.3 0.36 108
SFIX R,4312922.0,
EFIX R,4312922.0,4312984 64 930.3 108.8 1549
SSACC R,4312986.0,
ESACC R,4312986.0,4313072 88 932.2 112.2 919.9 110.6 0.33 340
SFIX R,4313074.0,
EFIX R,4313074.0,4313094 22 918.8 107.9 1456
SSACC R,4313096.0,
SBLINK R,4313122.0,
EBLINK R,4313122.0,4313456 336
ESACC R,4313096.0,4313482 388 910.3 108.0 974.5 411.7 8.24 151
SFIX R,4313484.0,
EFIX R,4313484.0,4313602 120 971.7 410.6 940
SSACC R,4313604.0,
SBLINK R,4313614.0,
EBLINK R,4313614.0,4313614 2
ESACC R,4313604.0,4313622 20 910.3 108.0 974.5 411.7 8.39 0
SFIX R,4313624.0,
EFIX R,4313624.0,4313654 32 959.9 431.5 950
SSACC R,4313656.0,
SBLINK R,4313692.0,
EBLINK R,4313692.0,4313720 30
ESACC R,4313656.0,4313794 140 956.2 431.4 951.9 456.1 0.68 674
SFIX R,4313796.0,
EFIX R,4313796.0,4313906 112 951.9 460.0 965
SSACC R,4313908.0,
SBLINK R,4313918.0,
EBLINK R,4313918.0,4314296 380
ESACC R,4313908.0,4315424 1518 969.6 454.6 962.0 117.9 8.96 1382
SFIX R,4315426.0,
EFIX R,4315426.0,4315530 106 953.1 120.1 1609
SSACC R,4315532.0,
ESACC R,4315532.0,4315808 278 958.5 129.0 948.0 182.7 1.44 120
SFIX R,4315810.0,
EFIX R,4315810.0,4315870 62 945.9 190.5 1553
SSACC R,4315872.0,
ESACC R,4315872.0,4315932 62 950.6 189.7 952.4 197.4 0.21 90
SFIX R,4315934.0,
EFIX R,4315934.0,4315960 28 956.0 207.5 1513
SSACC R,4315962.0,
ESACC R,4315962.0,4316032 72 962.8 199.5 961.9 189.7 0.26 89
SFIX R,4316034.0,
EFIX R,4316034.0,4316364 332 962.3 198.9 1454
SSACC R,4316366.0,
ESACC R,4316366.0,4316448 84 973.6 189.3 965.4 185.9 0.24 97
SFIX R,4316450.0,
EFIX R,4316450.0,4316500 52 969.3 172.2 1403
SSACC R,4316502.0,
ESACC R,4316502.0,4316610 110 967.0 165.4 967.2 188.1 0.60 86
SFIX R,4316612.0,
EFIX R,4316612.0,4317014 404 967.5 165.9 1429
SSACC R,4317016.0,
ESACC R,4317016.0,4317024 10 987.3 163.5 987.6 181.2 0.47 64
SFIX R,4317026.0,
EFIX R,4317026.0,4317046 22 991.0 189.6 1364
SSACC R,4317048.0,
SBLINK R,4317090.0,
EBLINK R,4317090.0,4318842 1754
ESACC R,4317048.0,4318934 1888 994.1 201.9 952.1 162.3 1.53 129
SFIX R,4318936.0,
EFIX R,4318936.0,4319554 620 917.7 111.9 1301
SSACC R,4319556.0,
ESACC R,4319556.0,4319568 14 921.3 140.0 924.8 161.4 0.57 80
SFIX R,4319570.0,
EFIX R,4319570.0,4319594 26 932.3 166.7 1229
SSACC R,4319596.0,
SBLINK R,4319620.0,
EBLINK R,4319620.0,4321910 2292
ESACC R,4319596.0,4321958 2364 934.3 179.0 1013.6 393.1 6.09 349
SFIX R,4321960.0,
EFIX R,4321960.0,4322058 100 1001.0 386.5 1665
SSACC R,4322060.0,
ESACC R,4322060.0,4322070 12 980.1 386.1 980.8 368.7 0.47 60
SFIX R,4322072.0,
EFIX R,4322072.0,4322330 260 962.7 374.8 1594
SSACC R,4322332.0,
ESACC R,4322332.0,4322400 70 952.7 375.7 947.8 348.9 0.73 64
SFIX R,4322402.0,
EFIX R,4322402.0,4322430 30 948.0 361.1 1579
SSACC R,4322432.0,
ESACC R,4322432.0,4322464 34 947.6 359.7 952.1 370.1 0.31 53
SFIX R,4322466.0,
EFIX R,4322466.0,4322820 356 949.7 362.7 1582
SSACC R,4322822.0,
ESACC R,4322822.0,4322902 82 951.6 361.8 951.4 357.8 0.11 75
SFIX R,4322904.0,
EFIX R,4322904.0,4323238 336 946.7 345.1 1592
SSACC R,4323240.0,
ESACC R,4323240.0,4323284 46 947.7 366.0 943.6 353.3 0.36 81
SFIX R,4323286.0,
EFIX R,4323286.0,4324180 896 959.5 366.4 1564
SSACC R,4324182.0,
SBLINK R,4324192.0,
EBLINK R,4324192.0,4324646 456
ESACC R,4324182.0,4324654 474 947.7 366.0 943.6 353.3 0.36 0
SFIX R,4324656.0,
EFIX R,4324656.0,4324686 32 969.0 265.0 1312
SSACC R,4324688.0,
ESACC R,4324688.0,4324706 20 965.7 257.3 970.8 213.8 1.16 79
SFIX R,4324708.0,
EFIX R,4324708.0,4325006 300 939.6 171.6 1508
SSACC R,4325008.0,
ESACC R,4325008.0,4325276 270 913.2 155.6 903.1 99.2 1.50 170
SFIX R,4325278.0,
EFIX R,4325278.0,4325306 30 902.4 96.7 1642
SSACC R,4325308.0,
ESACC R,4325308.0,4325330 24 899.5 91.7 900.2 111.5 0.52 105
SFIX R,4325332.0,
EFIX R,4325332.0,4325384 54 899.0 80.8 1668
SSACC R,4325386.0,
SBLINK R,4325514.0,
EBLINK R,4325514.0,4325644 132
ESACC R,4325386.0,4325652 268 875.0 76.1 1019.9 173.7 4.62 1559
SFIX R,4325654.0,
EFIX R,4325654.0,4326510 858 952.0 142.9 1526
SSACC R,4326512.0,
ESACC R,4326512.0,4326530 20 949.2 114.7 937.2 137.4 0.67 89
SFIX R,4326532.0,
EFIX R,4326532.0,4326734 204 946.1 145.0 1484
SSACC R,4326736.0,
ESACC R,4326736.0,4326742 8 950.9 135.4 946.2 152.4 0.46 57
SFIX R,4326744.0,
EFIX R,4326744.0,4327134 392 942.3 140.3 1457
SSACC R,4327136.0,
ESACC R,4327136.0,4327146 12 927.1 124.9 921.7 116.4 0.26 64
SFIX R,4327148.0,
EFIX R,4327148.0,4327212 66 927.6 123.9 1509
SSACC R,4327214.0,
ESACC R,4327214.0,4327222 10 922.4 123.0 925.0 133.0 0.27 81
SFIX R,4327224.0,
EFIX R,4327224.0,4327408 186 941.3 162.3 1405
SSACC R,4327410.0,
SBLINK R,4327446.0,
EBLINK R,4327446.0,4328238 794
ESACC R,4327410.0,4328312 904 968.5 193.0 936.5 118.1 2.14 220
SFIX R,4328314.0,
EFIX R,4328314.0,4328452 140 917.1 56.1 1456
SSACC R,4328454.0,
SBLINK R,4328484.0,
EBLINK R,4328484.0,4328536 54
ESACC R,4328454.0,4328544 92 887.8 31.7 879.8 16.9 0.43 164
SFIX R,4328546.0,
EFIX R,4328546.0,4328570 26 972.0 394.7 1037
SSACC R,4328572.0,
ESACC R,4328572.0,4328598 28 970.6 394.7 967.5 444.4 1.35 135
SFIX R,4328600.0,
EFIX R,4328600.0,4328716 118 965.7 450.7 970
SSACC R,4328718.0,
SBLINK R,4328764.0,
EBLINK R,4328764.0,4329388 626
ESACC R,4328718.0,4330056 1340 965.4 456.6 897.3 45.7 10.99 181
SFIX R,4330058.0,
EFIX R,4330058.0,4330084 28 896.3 45.5 1763
SSACC R,4330086.0,
SBLINK R,4330324.0,
EBLINK R,4330324.0,4330944 622
ESACC R,4330086.0,4330958 874 897.6 48.9 1001.0 168.1 4.14 137
SFIX R,4330960.0,
EFIX R,4330960.0,4331048 90 1002.9 153.0 1511
SSACC R,4331050.0,
ESACC R,4331050.0,4331064 16 999.3 143.2 1002.0 127.7 0.41 73
SFIX R,4331066.0,
EFIX R,4331066.0,4331136 72 998.2 122.8 1593
SSACC R,4331138.0,
ESACC R,4331138.0,4331170 34 999.6 110.7 988.3 106.6 0.32 61
SFIX R,4331172.0,
EFIX R,4331172.0,4331428 258 978.5 109.3 1584
SSACC R,4331430.0,
ESACC R,4331430.0,4331448 20 958.3 88.3 955.3 106.0 0.47 66
SFIX R,4331450.0,
EFIX R,4331450.0,4331490 42 957.2 97.4 1551
SSACC R,4331492.0,
ESACC R,4331492.0,4331506 16 970.0 95.1 988.4 88.4 0.52 75
SFIX R,4331508.0,
EFIX R,4331508.0,4331584 78 979.2 75.8 1512
SSACC R,4331586.0,
ESACC R,4331586.0,4331594 10 982.2 87.0 978.8 67.6 0.51 69
SFIX R,4331596.0,
EFIX R,4331596.0,4331718 124 979.5 71.5 1519
SSACC R,4331720.0,
ESACC R,4331720.0,4331724 6 975.4 81.5 984.5 75.1 0.29 54
SFIX R,4331726.0,
EFIX R,4331726.0,4332090 366 993.6 79.0 1526
SSACC R,4332092.0,
SBLINK R,4332104.0,
EBLINK R,4332104.0,4333566 1464
ESACC R,4332092.0,4333612 1522 1031.1 131.2 921.5 -15.4 4.76 105
SFIX R,4333614.0,
EFIX R,4333614.0,4333696 84 891.6 -19.2 1421
SSACC R,4333698.0,
ESACC R,4333698.0,4333704 8 870.7 -16.3 886.7 -15.0 0.42 59
SFIX R,4333706.0,
EFIX R,4333706.0,4333870 166 871.0 -3.3 1352
SSACC R,4333872.0,
ESACC R,4333872.0,4333918 48 859.4 17.7 881.9 30.2 0.67 94
SFIX R,4333920.0,
EFIX R,4333920.0,4333988 70 867.6 26.2 1297
SSACC R,4333990.0,
ESACC R,4333990.0,4334020 32 863.0 15.6 857.1 33.6 0.49 78
SFIX R,4334022.0,
EFIX R,4334022.0,4334110 90 854.7 46.6 1264
SSACC R,4334112.0,
SBLINK R,4334240.0,
EBLINK R,4334240.0,4335996 1758
ESACC R,4334112.0,4336080 1970 864.3 57.4 896.6 8.1 1.52 686
SFIX R,4336082.0,
EFIX R,4336082.0,4336212 132 902.5 18.8 1459
SSACC R,4336214.0,
SBLINK R,4336270.0,
EBLINK R,4336270.0,4336984 716
ESACC R,4336214.0,4337030 818 917.2 26.0 953.3 -63.2 2.45 212
SFIX R,4337032.0,
EFIX R,4337032.0,4337134 104 951.7 -69.5 1517
SSACC R,4337136.0,
ESACC R,4337136.0,4337224 90 948.9 -71.1 921.8 75.3 3.80 215
SFIX R,4337226.0,
EFIX R,4337226.0,4337732 508 890.7 118.7 1404
SSACC R,4337734.0,
ESACC R,4337734.0,4337764 32 879.7 142.6 876.5 113.5 0.76 73
SFIX R,4337766.0,
EFIX R,4337766.0,4337822 58 883.5 112.7 1406
SSACC R,4337824.0,
ESACC R,4337824.0,4337846 24 882.2 120.7 889.6 119.8 0.20 64
SFIX R,4337848.0,
EFIX R,4337848.0,4338112 266 896.1 129.8 1418
SSACC R,4338114.0,
ESACC R,4338114.0,4338120 8 900.5 144.3 914.2 132.8 0.47 65
SFIX R,4338122.0,
EFIX R,4338122.0,4338360 240 924.2 124.6 1415
SSACC R,4338362.0,
ESACC R,4338362.0,4338368 8 929.9 119.9 928.2 131.2 0.30 66
SFIX R,4338370.0,
EFIX R,4338370.0,4338670 302 936.0 147.7 1393
SSACC R,4338672.0,
SBLINK R,4338692.0,
EBLINK R,4338692.0,4339796 1106
ESACC R,4338672.0,4339826 1156 951.8 173.3 929.3 27.9 3.82 117
SFIX R,4339828.0,
EFIX R,4339828.0,4339940 114 929.3 28.7 1358
SSACC R,4339942.0,
SBLINK R,4339952.0,
EBLINK R,4339952.0,4340044 94
ESACC R,4339942.0,4340118 178 945.2 36.4 948.4 26.9 0.26 63
SFIX R,4340120.0,
EFIX R,4340120.0,4340246 128 949.9 27.4 1429
SSACC R,4340248.0,
ESACC R,4340248.0,4340294 48 948.0 18.5 941.5 13.8 0.21 296
SFIX R,4340296.0,
EFIX R,4340296.0,4340400 106 945.1 53.5 1424
SSACC R,4340402.0,
SBLINK R,4340422.0,
EBLINK R,4340422.0,4342122 1702
ESACC R,4340402.0,4342178 1778 949.9 91.8 998.5 236.6 4.02 1311
SFIX R,4342180.0,
EFIX R,4342180.0,4342218 40 996.9 228.6 1841
SSACC R,4342220.0,
SBLINK R,4342260.0,
EBLINK R,4342260.0,4342316 58
ESACC R,4342220.0,4342538 320 999.4 212.5 979.9 182.1 0.96 656
SFIX R,4342540.0,
EFIX R,4342540.0,4342626 88 995.0 186.0 1825
SSACC R,4342628.0,
SBLINK R,4342638.0,
EBLINK R,4342638.0,4343618 982
ESACC R,4342628.0,4343656 1030 1034.3 121.1 1032.4 138.0 0.44 63
SFIX R,4343658.0,
EFIX R,4343658.0,4343758 102 1029.3 124.7 1938
SSACC R,4343760.0,
ESACC R,4343760.0,4343766 8 1022.0 133.7 1019.2 123.4 0.28 54
SFIX R,4343768.0,
EFIX R,4343768.0,4343820 54 1011.3 122.5 1929
SSACC R,4343822.0,
ESACC R,4343822.0,4343986 166 1005.5 139.8 990.9 111.2 0.84 101
SFIX R,4343988.0,
EFIX R,4343988.0,4344106 120 982.9 112.1 1818
SSACC R,4344108.0,
ESACC R,4344108.0,4344166 60 978.4 108.2 956.8 143.0 1.08 124
SFIX R,4344168.0,
EFIX R,4344168.0,4344230 64 953.1 148.5 1813
SSACC R,4344232.0,
ESACC R,4344232.0,4344284 54 951.4 155.4 954.0 163.8 0.23 318
SFIX R,4344286.0,
EFIX R,4344286.0,4344314 30 951.8 161.5 1786
SSACC R,4344316.0,
ESACC R,4344316.0,4344378 64 956.9 162.7 962.7 157.8 0.20 83
SFIX R,4344380.0,
EFIX R,4344380.0,4344448 70 960.7 162.8 1753
SSACC R,4344450.0,
ESACC R,4344450.0,4344470 22 962.6 160.3 966.5 171.3 0.31 110
SFIX R,4344472.0,
EFIX R,4344472.0,4344710 240 985.8 191.1 1699
SSACC R,4344712.0,
ESACC R,4344712.0,4344720 10 986.1 189.3 997.2 205.1 0.51 70
SFIX R,4344722.0,
EFIX R,4344722.0,4344750 30 992.5 205.0 1667
SSACC R,4344752.0,
ESACC R,4344752.0,4344774 24 981.4 191.1 986.4 199.6 0.26 198
SFIX R,4344776.0,
EFIX R,4344776.0,4344814 40 992.4 201.5 1685
SSACC R,4344816.0,
ESACC R,4344816.0,4344904 90 997.4 201.1 977.2 187.7 0.65 395
SFIX R,4344906.0,
EFIX R,4344906.0,4344958 54 972.1 186.9 1739
SSACC R,4344960.0,
ESACC R,4344960.0,4345008 50 967.0 191.3 969.1 172.0 0.51 65
SFIX R,4345010.0,
EFIX R,4345010.0,4345056 48 966.9 177.2 1745
SSACC R,4345058.0,
ESACC R,4345058.0,4345080 24 970.6 164.6 968.6 182.2 0.47 90
SFIX R,4345082.0,
EFIX R,4345082.0,4345196 116 976.0 180.1 1758
SSACC R,4345198.0,
ESACC R,4345198.0,4345202 6 977.2 191.0 980.5 184.4 0.20 74
SFIX R,4345204.0,
EFIX R,4345204.0,4345298 96 980.0 176.3 1764
SSACC R,4345300.0,
ESACC R,4345300.0,4345316 18 982.0 188.3 976.2 183.4 0.20 58
SFIX R,4345318.0,
EFIX R,4345318.0,4345362 46 976.6 187.7 1761
SSACC R,4345364.0,
ESACC R,4345364.0,4345426 64 977.5 186.1 969.8 187.4 0.21 215
SFIX R,4345428.0,
EFIX R,4345428.0,4345498 72 976.4 195.2 1753
SSACC R,4345500.0,
ESACC R,4345500.0,4345510 12 976.4 189.3 971.5 202.6 0.38 80
SFIX R,4345512.0,
EFIX R,4345512.0,4345656 146 962.7 203.0 1747
SSACC R,4345658.0,
ESACC R,4345658.0,4345666 10 955.4 195.5 957.3 198.7 0.10 56
SFIX R,4345668.0,
EFIX R,4345668.0,4345758 92 948.9 211.8 1736
SSACC R,4345760.0,
ESACC R,4345760.0,4345994 236 947.8 232.8 923.5 208.6 0.91 98
SFIX R,4345996.0,
EFIX R,4345996.0,4346056 62 924.3 216.7 1680
SSACC R,4346058.0,
ESACC R,4346058.0,4346244 188 920.7 229.5 946.9 250.2 0.89 95
SFIX R,4346246.0,
EFIX R,4346246.0,4346326 82 940.2 232.7 1615
SSACC R,4346328.0,
ESACC R,4346328.0,4346344 18 947.1 226.7 925.7 215.7 0.64 85
SFIX R,4346346.0,
EFIX R,4346346.0,4346404 60 917.6 216.8 1649
SSACC R,4346406.0,
ESACC R,4346406.0,4346504 100 913.7 209.4 942.6 201.1 0.81 88
SFIX R,4346506.0,
EFIX R,4346506.0,4346554 50 948.6 222.7 1728
SSACC R,4346556.0,
ESACC R,4346556.0,4346604 50 952.4 223.1 960.3 216.7 0.27 102
SFIX R,4346606.0,
EFIX R,4346606.0,4346630 26 954.6 215.8 1695
SSACC R,4346632.0,
ESACC R,4346632.0,4346662 32 956.7 220.5 949.5 233.9 0.41 88
SFIX R,4346664.0,
EFIX R,4346664.0,4346752 90 945.2 225.6 1667
SSACC R,4346754.0,
ESACC R,4346754.0,4346802 50 949.5 243.3 957.2 209.8 0.91 65
SFIX R,4346804.0,
EFIX R,4346804.0,4346854 52 964.6 222.4 1686
SSACC R,4346856.0,
ESACC R,4346856.0,4346894 40 979.0 230.5 975.7 222.2 0.24 87
SFIX R,4346896.0,
EFIX R,4346896.0,4347252 358 979.6 206.7 1722
SSACC R,4347254.0,
ESACC R,4347254.0,4347302 50 981.4 201.9 970.4 191.4 0.40 88
SFIX R,4347304.0,
EFIX R,4347304.0,4347340 38 970.3 202.5 1738
SSACC R,4347342.0,
ESACC R,4347342.0,4347358 18 967.2 210.0 974.9 203.1 0.28 67
SFIX R,4347360.0,
EFIX R,4347360.0,4347392 34 972.2 210.7 1719
SSACC R,4347394.0,
ESACC R,4347394.0,4347414 22 972.2 203.9 972.8 216.2 0.33 267
SFIX R,4347416.0,
EFIX R,4347416.0,4347438 24 976.2 214.3 1758
SSACC R,4347440.0,
ESACC R,4347440.0,4347610 172 975.3 217.3 985.5 240.4 0.67 707
SFIX R,4347612.0,
EFIX R,4347612.0,4347668 58 983.4 256.7 1653
SSACC R,4347670.0,
SBLINK R,4347686.0,
EBLINK R,4347686.0,4351314 3630
ESACC R,4347670.0,4351322 3654 987.0 265.9 984.5 240.2 0.69 980
SFIX R,4351324.0,
EFIX R,4351324.0,4351422 100 950.0 252.5 1694
SSACC R,4351424.0,
SBLINK R,4352620.0,
EBLINK R,4352620.0,4353090 472
ESACC R,4351424.0,4353494 2072 920.6 245.1 1081.0 179.8 4.63 485
SFIX R,4353496.0,
EFIX R,4353496.0,4353520 26 1082.3 176.9 1810
SSACC R,4353522.0,
SBLINK R,4354594.0,
EBLINK R,4354594.0,4355302 710
ESACC R,4353522.0,4355676 2156 1082.6 161.3 1164.8 349.7 5.46 623
SFIX R,4355678.0,
EFIX R,4355678.0,4355726 50 1163.5 353.6 1683
SSACC R,4355728.0,
SBLINK R,4355738.0,
EBLINK R,4355738.0,4365160 9424
ESACC R,4355728.0,4365304 9578 1009.7 488.4 963.5 121.2 9.84 1254
SFIX R,4365306.0,
EFIX R,4365306.0,4365350 46 956.4 115.1 1893
SSACC R,4365352.0,
ESACC R,4365352.0,4365476 126 953.1 115.6 947.6 127.6 0.35 1026
SFIX R,4365478.0,
EFIX R,4365478.0,4365546 70 948.1 130.3 1908
SSACC R,4365548.0,
SBLINK R,4365572.0,
EBLINK R,4365572.0,4367796 2226
ESACC R,4365548.0,4369814 4268 946.6 133.6 910.2 145.0 1.02 1599
SFIX R,4369816.0,
EFIX R,4369816.0,4369836 22 912.6 149.0 1959
SSACC R,4369838.0,
ESACC R,4369838.0,4370080 244 913.7 154.4 906.5 119.8 0.93 922
SFIX R,4370082.0,
EFIX R,4370082.0,4370114 34 908.8 116.4 1753
SSACC R,4370116.0,
SBLINK R,4370126.0,
EBLINK R,4370126.0,4371358 1234
ESACC R,4370116.0,4371366 1252 913.7 154.4 906.5 119.8 0.92 0
SFIX R,4371368.0,
EFIX R,4371368.0,4371420 54 893.1 78.1 1674
SSACC R,4371422.0,
ESACC R,4371422.0,4371442 22 888.9 67.0 884.3 66.5 0.12 418
SFIX R,4371444.0,
EFIX R,4371444.0,4371544 102 891.0 67.9 1710
SSACC R,4371546.0,
SBLINK R,4371568.0,
EBLINK R,4371568.0,4371968 402
ESACC R,4371546.0,4372014 470 900.5 89.2 881.8 52.3 1.07 1090
SFIX R,4372016.0,
EFIX R,4372016.0,4372044 30 878.9 43.7 1659
SSACC R,4372046.0,
ESACC R,4372046.0,4372176 132 875.2 38.1 880.4 45.5 0.23 1130
SFIX R,4372178.0,
EFIX R,4372178.0,4372202 26 880.7 55.6 1783
SSACC R,4372204.0,
ESACC R,4372204.0,4373150 948 881.9 50.4 891.4 95.4 1.19 1429
SFIX R,4373152.0,
EFIX R,4373152.0,4373202 52 884.6 93.0 1848
SSACC R,4373204.0,
ESACC R,4373204.0,4373222 20 885.7 85.1 890.3 82.9 0.13 111
SFIX R,4373224.0,
EFIX R,4373224.0,4373250 28 891.7 96.5 1882
SSACC R,4373252.0,
ESACC R,4373252.0,4373286 36 889.3 84.7 893.3 101.0 0.44 326
SFIX R,4373288.0,
EFIX R,4373288.0,4373312 26 892.4 102.8 1890
SSACC R,4373314.0,
SBLINK R,4373836.0,
EBLINK R,4373836.0,4374218 384
ESACC R,4373314.0,4374230 918 898.1 92.2 901.8 105.0 0.35 1020
SFIX R,4374232.0,
EFIX R,4374232.0,4374290 60 893.0 77.1 1714
SSACC R,4374292.0,
ESACC R,4374292.0,4374468 178 890.2 65.8 883.3 63.1 0.20 973
SFIX R,4374470.0,
EFIX R,4374470.0,4374550 82 876.1 72.6 1707
SSACC R,4374552.0,
SBLINK R,4374574.0,
EBLINK R,4374574.0,4374596 24
ESACC R,4374552.0,4374644 94 866.9 65.9 864.1 67.0 0.08 1142
SFIX R,4374646.0,
EFIX R,4374646.0,4374942 298 878.5 65.6 1666
SSACC R,4374944.0,
ESACC R,4374944.0,4374972 30 881.0 61.6 879.8 70.4 0.23 294
SFIX R,4374974.0,
EFIX R,4374974.0,4375164 192 875.9 73.4 1709
SSACC R,4375166.0,
ESACC R,4375166.0,4375186 22 876.4 94.6 877.5 77.5 0.44 630
SFIX R,4375188.0,
EFIX R,4375188.0,4375212 26 877.7 90.8 1630
SSACC R,4375214.0,
SBLINK R,4375224.0,
EBLINK R,4375224.0,4375716 494
ESACC R,4375214.0,4375724 512 876.4 94.6 877.5 77.5 0.45 0
SFIX R,4375726.0,
EFIX R,4375726.0,4375764 40 895.2 71.8 1629
SSACC R,4375766.0,
ESACC R,4375766.0,4375780 16 905.8 50.7 893.0 69.2 0.59 48
SFIX R,4375782.0,
EFIX R,4375782.0,4376086 306 888.5 61.2 1676
SSACC R,4376088.0,
SBLINK R,4376100.0,
EBLINK R,4376100.0,4377208 1110
ESACC R,4376088.0,4377222 1136 884.1 80.7 836.5 64.2 1.33 835
SFIX R,4377224.0,
EFIX R,4377224.0,4377306 84 849.9 52.8 1630
SSACC R,4377308.0,
ESACC R,4377308.0,4377552 246 849.4 53.0 837.5 52.5 0.31 826
SFIX R,4377554.0,
EFIX R,4377554.0,4377576 24 838.3 48.6 1691
SSACC R,4377578.0,
ESACC R,4377578.0,4377866 290 836.8 56.8 842.0 58.5 0.14 364
SFIX R,4377868.0,
EFIX R,4377868.0,4377894 28 845.5 55.0 1708
SSACC R,4377896.0,
SBLINK R,4378152.0,
EBLINK R,4378152.0,4386552 8402
ESACC R,4377896.0,4386958 9064 847.1 51.8 899.1 134.3 2.55 1734
SFIX R,4386960.0,
EFIX R,4386960.0,4386980 22 897.5 128.2 1952
SSACC R,4386982.0,
SBLINK R,4387606.0,
EBLINK R,4387606.0,4388006 402
ESACC R,4386982.0,4388096 1116 898.6 128.0 887.1 60.7 1.77 1146
SFIX R,4388098.0,
EFIX R,4388098.0,4388138 42 893.1 54.5 1773
SSACC R,4388140.0,
SBLINK R,4388252.0,
EBLINK R,4388252.0,4388726 476
ESACC R,4388140.0,4389092 954 893.0 48.7 852.7 69.8 1.19 1324
SFIX R,4389094.0,
EFIX R,4389094.0,4389118 26 852.1 66.7 1730
SSACC R,4389120.0,
ESACC R,4389120.0,4389148 30 851.4 67.1 852.0 72.7 0.15 528
SFIX R,4389150.0,
EFIX R,4389150.0,4389180 32 854.1 70.2 1720
SSACC R,4389182.0,
SBLINK R,4389198.0,
EBLINK R,4389198.0,4389636 440
ESACC R,4389182.0,4389708 528 844.3 73.2 889.2 45.6 1.38 79
SFIX R,4389710.0,
EFIX R,4389710.0,4389744 36 891.9 47.9 1684
SSACC R,4389746.0,
ESACC R,4389746.0,4389766 22 892.0 62.1 894.1 49.3 0.33 258
SFIX R,4389768.0,
EFIX R,4389768.0,4389840 74 895.8 53.3 1703
SSACC R,4389842.0,
ESACC R,4389842.0,4389872 32 897.4 52.1 885.2 78.3 0.75 94
SFIX R,4389874.0,
EFIX R,4389874.0,4390014 142 879.2 79.3 1748
SSACC R,4390016.0,
SBLINK R,4390396.0,
EBLINK R,4390396.0,4390780 386
ESACC R,4390016.0,4390848 834 872.3 92.9 906.5 83.8 0.94 921
SFIX R,4390850.0,
EFIX R,4390850.0,4390922 74 902.7 92.2 1823
SSACC R,4390924.0,
ESACC R,4390924.0,4391010 88 899.4 90.2 898.4 84.2 0.16 912
SFIX R,4391012.0,
EFIX R,4391012.0,4391044 34 895.8 93.6 1848
SSACC R,4391046.0,
ESACC R,4391046.0,4391396 352 894.8 96.3 899.7 65.4 0.81 1274
SFIX R,4391398.0,
EFIX R,4391398.0,4391592 196 906.3 61.9 1800
SSACC R,4391594.0,
SBLINK R,4391678.0,
EBLINK R,4391678.0,4392342 666
ESACC R,4391594.0,4392384 792 902.6 53.5 924.7 63.9 0.64 968
SFIX R,4392386.0,
EFIX R,4392386.0,4392434 50 924.5 65.6 1702
SSACC R,4392436.0,
SBLINK R,4392446.0,
EBLINK R,4392446.0,4392918 474
ESACC R,4392436.0,4392930 496 890.2 24.2 893.7 23.4 0.09 31
SFIX R,4392932.0,
EFIX R,4392932.0,4393076 146 895.0 39.5 1739
SSACC R,4393078.0,
SBLINK R,4393866.0,
EBLINK R,4393866.0,4394230 366
ESACC R,4393078.0,4394266 1190 892.4 46.0 890.3 42.0 0.12 1300
SFIX R,4394268.0,
EFIX R,4394268.0,4394314 48 894.1 34.2 1716
SSACC R,4394316.0,
ESACC R,4394316.0,4394536 222 900.2 35.2 1047.1 453.9 11.70 1472
SFIX R,4394538.0,
EFIX R,4394538.0,4394580 44 1045.3 455.0 1273
SSACC R,4394582.0,
SBLINK R,4394854.0,
EBLINK R,4394854.0,4395706 854
ESACC R,4394582.0,4395780 1200 1040.7 431.4 884.1 20.3 11.58 1503
SFIX R,4395782.0,
EFIX R,4395782.0,4395806 26 885.4 22.1 1683
SSACC R,4395808.0,
ESACC R,4395808.0,4395864 58 884.4 18.8 888.5 29.7 0.30 802
SFIX R,4395866.0,
EFIX R,4395866.0,4395974 110 873.8 23.9 1668
SSACC R,4395976.0,
ESACC R,4395976.0,4396010 36 867.2 28.8 874.0 42.3 0.39 1103
SFIX R,4396012.0,
EFIX R,4396012.0,4396034 24 866.2 40.1 1657
SSACC R,4396036.0,
ESACC R,4396036.0,4396100 66 861.4 44.1 861.3 39.8 0.11 1083
SFIX R,4396102.0,
EFIX R,4396102.0,4396158 58 853.5 51.6 1651
SSACC R,4396160.0,
ESACC R,4396160.0,4396524 366 855.1 55.4 830.4 65.7 0.70 246
SFIX R,4396526.0,
EFIX R,4396526.0,4396546 22 827.5 71.1 1507
SSACC R,4396548.0,
ESACC R,4396548.0,4396630 84 820.0 78.0 836.3 77.1 0.43 984
SFIX R,4396632.0,
EFIX R,4396632.0,4396662 32 848.9 75.5 1541
SSACC R,4396664.0,
ESACC R,4396664.0,4396686 24 856.0 78.3 853.4 82.5 0.13 310
SFIX R,4396688.0,
EFIX R,4396688.0,4396728 42 862.2 88.1 1609
SSACC R,4396730.0,
ESACC R,4396730.0,4397456 728 865.6 101.8 1001.2 471.6 10.46 1590
SFIX R,4397458.0,
EFIX R,4397458.0,4397790 334 1007.9 476.3 1241
SSACC R,4397792.0,
ESACC R,4397792.0,4397832 42 1004.8 478.7 1039.6 472.8 0.96 285
SFIX R,4397834.0,
EFIX R,4397834.0,4398154 322 1032.8 479.8 1293
SSACC R,4398156.0,
ESACC R,4398156.0,4398270 116 1027.7 489.4 1029.0 518.7 0.79 100
SFIX R,4398272.0,
EFIX R,4398272.0,4398338 68 1029.8 522.6 1274
SSACC R,4398340.0,
ESACC R,4398340.0,4398356 18 1027.8 524.7 1008.0 524.2 0.54 74
SFIX R,4398358.0,
EFIX R,4398358.0,4398426 70 1012.5 523.3 1280
SSACC R,4398428.0,
ESACC R,4398428.0,4398438 12 1011.5 526.3 1013.9 501.5 0.68 96
SFIX R,4398440.0,
EFIX R,4398440.0,4398526 88 1012.5 494.1 1319
SSACC R,4398528.0,
SBLINK R,4398572.0,
EBLINK R,4398572.0,4399720 1150
ESACC R,4398528.0,4399752 1226 1012.9 494.9 997.7 454.6 1.17 1487
SFIX R,4399754.0,
EFIX R,4399754.0,4399934 182 999.9 460.9 1195
SSACC R,4399936.0,
ESACC R,4399936.0,4399950 16 999.7 471.3 997.5 497.9 0.72 100
SFIX R,4399952.0,
EFIX R,4399952.0,4400024 74 995.3 508.0 1142
SSACC R,4400026.0,
ESACC R,4400026.0,4400044 20 993.8 510.5 996.2 475.3 0.96 98
SFIX R,4400046.0,
EFIX R,4400046.0,4400070 26 990.7 467.0 1192
SSACC R,4400072.0,
SBLINK R,4400150.0,
EBLINK R,4400150.0,4400586 438
ESACC R,4400072.0,4400758 688 992.5 471.0 951.5 444.8 1.32 1895
SFIX R,4400760.0,
EFIX R,4400760.0,4400918 160 957.5 494.8 1112
SSACC R,4400920.0,
ESACC R,4400920.0,4400938 20 964.9 510.1 975.7 472.9 1.05 118
SFIX R,4400940.0,
EFIX R,4400940.0,4401036 98 980.2 471.9 1143
SSACC R,4401038.0,
ESACC R,4401038.0,4401046 10 969.8 473.0 967.7 500.7 0.75 90
SFIX R,4401048.0,
EFIX R,4401048.0,4401346 300 973.7 517.2 1070
SSACC R,4401348.0,
ESACC R,4401348.0,4401366 20 973.7 518.2 1003.9 494.8 1.04 81
SFIX R,4401368.0,
EFIX R,4401368.0,4401736 370 996.7 495.8 1078
SSACC R,4401738.0,
ESACC R,4401738.0,4401754 18 998.0 489.8 981.3 487.8 0.46 62
SFIX R,4401756.0,
EFIX R,4401756.0,4402142 388 982.0 484.2 1133
SSACC R,4402144.0,
ESACC R,4402144.0,4402296 154 978.1 489.4 1023.3 444.2 1.73 1411
SFIX R,4402298.0,
EFIX R,4402298.0,4402356 60 1014.3 444.1 1173
SSACC R,4402358.0,
ESACC R,4402358.0,4402410 54 1013.7 447.0 1007.5 489.5 1.16 98
SFIX R,4402412.0,
EFIX R,4402412.0,4402564 154 1006.0 492.5 1115
SSACC R,4402566.0,
ESACC R,4402566.0,4402580 16 1000.9 492.0 969.5 486.5 0.86 77
SFIX R,4402582.0,
EFIX R,4402582.0,4402994 414 975.8 493.6 1107
SSACC R,4402996.0,
SBLINK R,4403022.0,
EBLINK R,4403022.0,4403368 348
ESACC R,4402996.0,4403376 382 974.3 498.7 978.2 457.8 1.11 124
SFIX R,4403378.0,
EFIX R,4403378.0,4403470 94 872.9 85.9 1592
SSACC R,4403472.0,
SBLINK R,4403492.0,
EBLINK R,4403492.0,4403804 314
ESACC R,4403472.0,4404140 670 875.3 88.9 975.6 456.8 10.11 1673
SFIX R,4404142.0,
EFIX R,4404142.0,4404486 346 958.5 451.9 1094
SSACC R,4404488.0,
ESACC R,4404488.0,4404518 32 956.6 470.0 954.5 512.1 1.14 93
SFIX R,4404520.0,
EFIX R,4404520.0,4404666 148 957.7 514.6 1035
SSACC R,4404668.0,
SBLINK R,4404750.0,
EBLINK R,4404750.0,4407100 2352
ESACC R,4404668.0,4407124 2458 961.5 511.9 996.4 466.7 1.55 1586
SFIX R,4407126.0,
EFIX R,4407126.0,4407172 48 998.8 456.4 1074
SSACC R,4407174.0,
SBLINK R,4407206.0,
EBLINK R,4407206.0,4407230 26
ESACC R,4407174.0,4407246 74 998.5 449.1 1000.7 460.0 0.30 78
SFIX R,4407248.0,
EFIX R,4407248.0,4407278 32 999.7 459.3 1085
SSACC R,4407280.0,
SBLINK R,4407290.0,
EBLINK R,4407290.0,4407876 588
ESACC R,4407280.0,4407940 662 1002.7 465.3 974.3 454.6 0.82 1822
SFIX R,4407942.0,
EFIX R,4407942.0,4408048 108 975.7 457.9 1183
SSACC R,4408050.0,
SBLINK R,4408060.0,
EBLINK R,4408060.0,4408060 2
ESACC R,4408050.0,4408208 160 980.1 457.7 989.8 461.9 0.29 1675
SFIX R,4408210.0,
EFIX R,4408210.0,4408238 30 991.2 460.8 1213
SSACC R,4408240.0,
ESACC R,4408240.0,4408284 46 989.1 468.5 991.2 466.8 0.07 503
SFIX R,4408286.0,
EFIX R,4408286.0,4409014 730 993.5 473.2 1223
SSACC R,4409016.0,
ESACC R,4409016.0,4409046 32 998.3 501.5 997.1 531.4 0.81 107
SFIX R,4409048.0,
EFIX R,4409048.0,4409188 142 998.3 519.9 1176
SSACC R,4409190.0,
SBLINK R,4409228.0,
EBLINK R,4409228.0,4412290 3064
ESACC R,4409190.0,4412390 3202 1000.6 508.1 857.4 -35.3 14.71 1975
SFIX R,4412392.0,
EFIX R,4412392.0,4412422 32 862.5 -36.9 1668
SSACC R,4412424.0,
ESACC R,4412424.0,4412492 70 870.1 -40.8 861.0 -19.7 0.58 964
SFIX R,4412494.0,
EFIX R,4412494.0,4412532 40 859.2 -9.0 1702
SSACC R,4412534.0,
SBLINK R,4412838.0,
EBLINK R,4412838.0,4416280 3444
ESACC R,4412534.0,4417658 5126 856.6 -4.7 882.7 63.5 1.87 1669
SFIX R,4417660.0,
EFIX R,4417660.0,4417680 22 881.7 55.3 1775
SSACC R,4417682.0,
ESACC R,4417682.0,4417740 60 877.8 55.3 867.7 35.5 0.57 74
SFIX R,4417742.0,
EFIX R,4417742.0,4417778 38 873.6 36.1 1781
SSACC R,4417780.0,
ESACC R,4417780.0,4418106 328 877.6 30.0 870.2 6.4 0.63 1272
SFIX R,4418108.0,
EFIX R,4418108.0,4418140 34 866.4 3.5 1842
SSACC R,4418142.0,
SBLINK R,4418896.0,
EBLINK R,4418896.0,4419672 778
ESACC R,4418142.0,4419724 1584 852.8 5.6 914.3 60.7 2.15 1480
SFIX R,4419726.0,
EFIX R,4419726.0,4419808 84 897.0 47.6 1651
SSACC R,4419810.0,
ESACC R,4419810.0,4419838 30 885.1 36.3 876.1 27.0 0.34 578
SFIX R,4419840.0,
EFIX R,4419840.0,4419938 100 867.7 15.8 1587
SSACC R,4419940.0,
SBLINK R,4419952.0,
EBLINK R,4419952.0,4420460 510
ESACC R,4419940.0,4420478 540 862.2 10.8 834.4 41.3 1.07 146
SFIX R,4420480.0,
EFIX R,4420480.0,4420506 28 841.8 39.1 1500
SSACC R,4420508.0,
ESACC R,4420508.0,4420518 12 845.1 31.5 838.8 49.1 0.48 79
SFIX R,4420520.0,
EFIX R,4420520.0,4420558 40 845.9 61.9 1436
SSACC R,4420560.0,
SBLINK R,4420584.0,
EBLINK R,4420584.0,4421642 1060
ESACC R,4420560.0,4421744 1186 840.5 72.5 902.6 44.5 1.79 489
SFIX R,4421746.0,
EFIX R,4421746.0,4421778 34 904.9 27.4 1644
SSACC R,4421780.0,
ESACC R,4421780.0,4421826 48 905.4 30.8 887.2 -1.3 0.95 70
SFIX R,4421828.0,
EFIX R,4421828.0,4421904 78 883.7 10.0 1660
SSACC R,4421906.0,
SBLINK R,4422054.0,
EBLINK R,4422054.0,4423654 1602
ESACC R,4421906.0,4423662 1758 875.4 -2.9 979.4 427.8 11.63 1951
SFIX R,4423664.0,
EFIX R,4423664.0,4423712 50 893.0 55.2 1686
SSACC R,4423714.0,
SBLINK R,4424226.0,
EBLINK R,4424226.0,4424372 148
ESACC R,4423714.0,4424380 668 903.7 62.8 1017.5 454.4 10.79 1651
SFIX R,4424382.0,
EFIX R,4424382.0,4425548 1168 1026.5 487.4 1213
SSACC R,4425550.0,
ESACC R,4425550.0,4425590 42 1036.7 527.5 1034.3 550.8 0.63 86
SFIX R,4425592.0,
EFIX R,4425592.0,4425938 348 1030.4 555.7 1209
SSACC R,4425940.0,
SBLINK R,4425998.0,
EBLINK R,4425998.0,4426222 226
ESACC R,4425940.0,4426480 542 1026.2 561.4 1002.4 488.9 2.07 1430
SFIX R,4426482.0,
EFIX R,4426482.0,4426800 320 1002.6 490.8 1235
SSACC R,4426802.0,
ESACC R,4426802.0,4426890 90 995.6 495.8 989.5 532.1 1.00 74
SFIX R,4426892.0,
EFIX R,4426892.0,4427082 192 991.5 530.7 1141
SSACC R,4427084.0,
ESACC R,4427084.0,4427102 20 990.6 525.9 977.3 464.7 1.70 158
SFIX R,4427104.0,
EFIX R,4427104.0,4427580 478 984.9 459.6 1220
SSACC R,4427582.0,
ESACC R,4427582.0,4427604 24 992.8 466.4 1034.7 468.2 1.14 114
SFIX R,4427606.0,
EFIX R,4427606.0,4427802 198 1024.6 476.6 1248
SSACC R,4427804.0,
ESACC R,4427804.0,4427964 162 1022.7 486.1 1014.5 521.9 1.00 119
SFIX R,4427966.0,
EFIX R,4427966.0,4427996 32 1016.4 523.4 1193
SSACC R,4427998.0,
ESACC R,4427998.0,4428016 20 1016.3 526.4 1018.1 525.1 0.06 127
SFIX R,4428018.0,
EFIX R,4428018.0,4428144 128 1017.0 528.9 1189
SSACC R,4428146.0,
ESACC R,4428146.0,4428164 20 1015.7 531.4 982.7 508.0 1.10 100
SFIX R,4428166.0,
EFIX R,4428166.0,4428370 206 985.0 506.1 1188
SSACC R,4428372.0,
ESACC R,4428372.0,4428388 18 984.6 510.7 1001.9 513.3 0.47 76
SFIX R,4428390.0,
EFIX R,4428390.0,4428744 356 994.6 512.9 1211
SSACC R,4428746.0,
SBLINK R,4428928.0,
EBLINK R,4428928.0,4429696 770
ESACC R,4428746.0,4430146 1402 1000.0 505.1 890.1 27.9 12.91 1571
SFIX R,4430148.0,
EFIX R,4430148.0,4430184 38 869.6 36.0 1764
SSACC R,4430186.0,
ESACC R,4430186.0,4430196 12 862.0 25.7 862.6 30.6 0.13 60
SFIX R,4430198.0,
EFIX R,4430198.0,4430250 54 861.6 35.8 1739
SSACC R,4430252.0,
SBLINK R,4430286.0,
EBLINK R,4430286.0,4431014 730
ESACC R,4430252.0,4431430 1180 861.3 37.4 974.8 470.8 11.82 1816
SFIX R,4431432.0,
EFIX R,4431432.0,4431756 326 980.6 462.9 1124
SSACC R,4431758.0,
ESACC R,4431758.0,4431766 10 991.6 456.9 995.3 441.7 0.42 51
SFIX R,4431768.0,
EFIX R,4431768.0,4431888 122 995.5 441.2 1114
SSACC R,4431890.0,
SBLINK R,4431940.0,
EBLINK R,4431940.0,4434340 2402
ESACC R,4431890.0,4434396 2508 997.3 448.3 856.6 59.1 10.95 1726
SFIX R,4434398.0,
EFIX R,4434398.0,4434512 116 855.5 40.5 1473
SSACC R,4434514.0,
SBLINK R,4434720.0,
EBLINK R,4434720.0,4435032 314
ESACC R,4434514.0,4435078 566 862.4 44.6 832.5 3.5 1.31 502
SFIX R,4435080.0,
EFIX R,4435080.0,4435104 26 834.9 -0.1 1410
SSACC R,4435106.0,
ESACC R,4435106.0,4435120 16 838.7 1.0 843.7 -24.7 0.67 96
SFIX R,4435122.0,
EFIX R,4435122.0,4435144 24 840.5 -22.9 1433
SSACC R,4435146.0,
ESACC R,4435146.0,4435264 120 834.0 -12.5 849.7 -25.5 0.53 846
SFIX R,4435266.0,
EFIX R,4435266.0,4435314 50 849.8 -28.1 1485
SSACC R,4435316.0,
SBLINK R,4435358.0,
EBLINK R,4435358.0,4440488 5132
ESACC R,4435316.0,4440496 5182 851.9 -27.0 899.6 -119.9 2.63 1286
SFIX R,4440498.0,
EFIX R,4440498.0,4440524 28 898.5 -126.8 1516
SSACC R,4440526.0,
SBLINK R,4440618.0,
EBLINK R,4440618.0,4440742 126
ESACC R,4440526.0,4440774 250 896.5 -110.5 884.6 -21.8 2.24 420
SFIX R,4440776.0,
EFIX R,4440776.0,4440834 60 882.1 -22.6 1404
SSACC R,4440836.0,
ESACC R,4440836.0,4441082 248 892.4 -10.7 869.8 43.4 1.50 158
SFIX R,4441084.0,
EFIX R,4441084.0,4441130 48 859.9 46.0 1328
SSACC R,4441132.0,
SBLINK R,4441170.0,
EBLINK R,4441170.0,4445072 3904
ESACC R,4441132.0,4445232 4102 865.6 27.7 812.2 20.1 1.42 104
SFIX R,4445234.0,
EFIX R,4445234.0,4445340 108 799.8 32.9 1408
SSACC R,4445342.0,
ESACC R,4445342.0,4445422 82 796.7 33.1 798.4 43.2 0.26 63
SFIX R,4445424.0,
EFIX R,4445424.0,4445682 260 806.7 47.7 1373
SSACC R,4445684.0,
ESACC R,4445684.0,4445754 72 813.1 38.0 818.0 41.3 0.15 75
SFIX R,4445756.0,
EFIX R,4445756.0,4445912 158 813.1 49.0 1327
SSACC R,4445914.0,
SBLINK R,4445998.0,
EBLINK R,4445998.0,4451370 5374
ESACC R,4445914.0,4451394 5482 820.0 48.6 828.6 82.2 0.90 178
SFIX R,4451396.0,
EFIX R,4451396.0,4451428 34 828.1 76.5 1362
SSACC R,4451430.0,
ESACC R,4451430.0,4451598 170 825.0 74.3 839.6 37.3 1.03 66
SFIX R,4451600.0,
EFIX R,4451600.0,4451636 38 844.5 32.8 1440
SSACC R,4451638.0,
ESACC R,4451638.0,4451652 16 843.1 21.4 858.3 0.6 0.66 69
SFIX R,4451654.0,
EFIX R,4451654.0,4452184 532 844.1 10.5 1462
SSACC R,4452186.0,
SBLINK R,4452210.0,
EBLINK R,4452210.0,4452934 726
ESACC R,4452186.0,4453122 938 860.9 73.3 907.7 51.8 1.36 500
SFIX R,4453124.0,
EFIX R,4453124.0,4453314 192 898.8 40.5 1570
SSACC R,4453316.0,
ESACC R,4453316.0,4453816 502 883.1 19.7 867.8 16.9 0.41 1036
SFIX R,4453818.0,
EFIX R,4453818.0,4453934 118 869.1 20.5 1540
SSACC R,4453936.0,
SBLINK R,4454002.0,
EBLINK R,4454002.0,4454666 666
ESACC R,4453936.0,4455028 1094 872.2 16.9 875.6 129.3 2.91 475
SFIX R,4455030.0,
EFIX R,4455030.0,4455062 34 877.0 121.2 1444
SSACC R,4455064.0,
SBLINK R,4455240.0,
EBLINK R,4455240.0,4457558 2320
ESACC R,4455064.0,4457760 2698 869.7 138.1 856.4 68.8 1.84 228
SFIX R,4457762.0,
EFIX R,4457762.0,4457828 68 861.6 70.7 1478
SSACC R,4457830.0,
ESACC R,4457830.0,4457844 16 864.3 71.3 854.9 77.0 0.29 68
SFIX R,4457846.0,
EFIX R,4457846.0,4457930 86 858.9 69.4 1486
SSACC R,4457932.0,
ESACC R,4457932.0,4457942 12 857.3 68.1 873.1 52.1 0.59 67
SFIX R,4457944.0,
EFIX R,4457944.0,4457986 44 867.1 43.3 1502
SSACC R,4457988.0,
ESACC R,4457988.0,4458026 40 873.8 30.2 863.1 29.6 0.28 62
SFIX R,4458028.0,
EFIX R,4458028.0,4458120 94 862.9 21.6 1541
SSACC R,4458122.0,
ESACC R,4458122.0,4458170 50 860.5 20.7 871.3 28.5 0.35 506
SFIX R,4458172.0,
EFIX R,4458172.0,4458250 80 870.7 26.8 1573
SSACC R,4458252.0,
ESACC R,4458252.0,4458322 72 874.5 30.9 882.7 20.6 0.34 492
SFIX R,4458324.0,
EFIX R,4458324.0,4458350 28 885.7 27.8 1628
SSACC R,4458352.0,
ESACC R,4458352.0,4458368 18 884.9 23.0 905.8 0.5 0.79 110
SFIX R,4458370.0,
EFIX R,4458370.0,4458488 120 895.5 -5.9 1655
SSACC R,4458490.0,
ESACC R,4458490.0,4458658 170 899.4 -13.3 888.6 -1.7 0.41 1456
SFIX R,4458660.0,
EFIX R,4458660.0,4458712 54 903.1 6.4 1664
SSACC R,4458714.0,
SBLINK R,4458756.0,
EBLINK R,4458756.0,4459210 456
ESACC R,4458714.0,4459270 558 913.3 14.7 927.6 72.3 1.53 88
SFIX R,4459272.0,
EFIX R,4459272.0,4459352 82 928.4 70.4 1766
SSACC R,4459354.0,
SBLINK R,4459576.0,
EBLINK R,4459576.0,4459608 34
ESACC R,4459354.0,4460574 1222 923.4 75.0 904.9 -39.0 2.96 1742
SFIX R,4460576.0,
EFIX R,4460576.0,4460608 34 911.5 -25.4 2010
SSACC R,4460610.0,
SBLINK R,4461406.0,
EBLINK R,4461406.0,4462294 890
ESACC R,4460610.0,4462308 1700 910.3 -28.0 940.9 102.5 3.45 1244
SFIX R,4462310.0,
EFIX R,4462310.0,4462528 220 923.2 85.1 1608
SSACC R,4462530.0,
ESACC R,4462530.0,4462552 24 893.6 76.0 900.2 67.6 0.28 75
SFIX R,4462554.0,
EFIX R,4462554.0,4462746 194 891.8 90.0 1426
SSACC R,4462748.0,
SBLINK R,4462770.0,
EBLINK R,4462770.0,4473894 11126
ESACC R,4462748.0,4473908 11162 884.8 163.1 786.1 58.4 3.77 266
SFIX R,4473910.0,
EFIX R,4473910.0,4473936 28 783.8 36.1 1377
SSACC R,4473938.0,
SBLINK R,4473950.0,
EBLINK R,4473950.0,4474182 234
ESACC R,4473938.0,4474540 604 789.6 25.5 881.9 158.8 4.22 394
SFIX R,4474542.0,
EFIX R,4474542.0,4474600 60 887.9 155.5 1429
SSACC R,4474602.0,
ESACC R,4474602.0,4474672 72 893.3 151.1 901.3 136.0 0.45 168
SFIX R,4474674.0,
EFIX R,4474674.0,4474748 76 907.8 129.1 1429
SSACC R,4474750.0,
ESACC R,4474750.0,4474756 8 911.4 139.1 901.7 150.2 0.39 61
SFIX R,4474758.0,
EFIX R,4474758.0,4474794 38 901.9 148.4 1500
SSACC R,4474796.0,
ESACC R,4474796.0,4474806 12 901.0 138.9 899.0 140.2 0.06 63
SFIX R,4474808.0,
EFIX R,4474808.0,4474914 108 904.3 144.2 1548
SSACC R,4474916.0,
ESACC R,4474916.0,4474932 18 914.8 134.7 945.2 130.9 0.82 82
SFIX R,4474934.0,
EFIX R,4474934.0,4474972 40 934.1 121.9 1589
SSACC R,4474974.0,
ESACC R,4474974.0,4474990 18 931.5 114.3 932.8 93.1 0.55 64
SFIX R,4474992.0,
EFIX R,4474992.0,4475126 136 931.1 79.8 1710
SSACC R,4475128.0,
ESACC R,4475128.0,4475170 44 924.2 74.5 919.9 67.7 0.21 906
SFIX R,4475172.0,
EFIX R,4475172.0,4475274 104 925.6 91.0 1756
SSACC R,4475276.0,
ESACC R,4475276.0,4475404 130 926.4 105.0 941.0 95.1 0.47 278
SFIX R,4475406.0,
EFIX R,4475406.0,4475524 120 936.7 110.5 1866
SSACC R,4475526.0,
ESACC R,4475526.0,4475606 82 936.6 133.2 950.6 142.1 0.44 108
SFIX R,4475608.0,
EFIX R,4475608.0,4475640 34 941.6 150.4 1700
SSACC R,4475642.0,
SBLINK R,4475652.0,
EBLINK R,4475652.0,4477186 1536
ESACC R,4475642.0,4477194 1554 933.9 172.8 953.3 134.6 1.13 437
SFIX R,4477196.0,
EFIX R,4477196.0,4477382 188 908.8 90.4 1699
SSACC R,4477384.0,
ESACC R,4477384.0,4477448 66 918.2 87.5 913.5 97.9 0.30 257
SFIX R,4477450.0,
EFIX R,4477450.0,4477750 302 914.4 98.6 1796
SSACC R,4477752.0,
ESACC R,4477752.0,4477776 26 907.8 113.3 938.2 115.6 0.81 100
SFIX R,4477778.0,
EFIX R,4477778.0,4477812 36 933.2 124.4 1838
SSACC R,4477814.0,
ESACC R,4477814.0,4477846 34 931.6 129.0 932.9 133.6 0.13 172
SFIX R,4477848.0,
EFIX R,4477848.0,4477868 22 932.3 139.4 1847
SSACC R,4477870.0,
ESACC R,4477870.0,4477992 124 935.9 144.3 930.1 113.6 0.82 102
SFIX R,4477994.0,
EFIX R,4477994.0,4478032 40 933.1 135.4 1858
SSACC R,4478034.0,
ESACC R,4478034.0,4478564 532 925.7 107.6 936.8 160.6 1.42 179
SFIX R,4478566.0,
EFIX R,4478566.0,4478596 32 943.9 151.6 1874
SSACC R,4478598.0,
SBLINK R,4478618.0,
EBLINK R,4478618.0,4478992 376
ESACC R,4478598.0,4479000 404 948.7 138.6 995.7 151.7 1.30 60
SFIX R,4479002.0,
EFIX R,4479002.0,4479138 138 994.6 140.7 1731
SSACC R,4479140.0,
ESACC R,4479140.0,4479238 100 986.3 110.2 938.6 144.7 1.56 68
SFIX R,4479240.0,
EFIX R,4479240.0,4479272 34 933.7 125.8 1959
SSACC R,4479274.0,
ESACC R,4479274.0,4479762 490 927.2 116.6 913.5 175.1 1.58 131
SFIX R,4479764.0,
EFIX R,4479764.0,4479956 194 930.2 164.5 1643
SSACC R,4479958.0,
ESACC R,4479958.0,4480002 46 937.6 177.5 946.5 125.4 1.39 93
SFIX R,4480004.0,
EFIX R,4480004.0,4480076 74 949.1 134.7 1731
SSACC R,4480078.0,
ESACC R,4480078.0,4480090 14 954.0 128.3 949.1 138.3 0.29 62
SFIX R,4480092.0,
EFIX R,4480092.0,4480230 140 954.0 148.7 1798
SSACC R,4480232.0,
ESACC R,4480232.0,4480246 16 957.2 142.4 960.8 156.4 0.38 86
SFIX R,4480248.0,
EFIX R,4480248.0,4480272 26 962.8 160.8 1838
SSACC R,4480274.0,
SBLINK R,4480362.0,
EBLINK R,4480362.0,4480642 282
ESACC R,4480274.0,4480674 402 960.9 145.3 996.0 223.6 2.27 1095
SFIX R,4480676.0,
EFIX R,4480676.0,4480790 116 989.4 199.2 1648
SSACC R,4480792.0,
SBLINK R,4480906.0,
EBLINK R,4480906.0,4481468 564
ESACC R,4480792.0,4481492 702 977.9 204.8 1006.4 103.6 2.76 74
SFIX R,4481494.0,
EFIX R,4481494.0,4481554 62 1006.9 83.9 1658
SSACC R,4481556.0,
ESACC R,4481556.0,4481580 26 1003.0 88.3 999.3 76.2 0.33 64
SFIX R,4481582.0,
EFIX R,4481582.0,4481828 248 1002.2 55.3 1733
SSACC R,4481830.0,
ESACC R,4481830.0,4481888 60 987.6 41.6 976.4 40.6 0.30 424
SFIX R,4481890.0,
EFIX R,4481890.0,4481922 34 971.9 38.3 1777
SSACC R,4481924.0,
ESACC R,4481924.0,4482010 88 967.3 44.2 969.7 41.9 0.09 620
SFIX R,4482012.0,
EFIX R,4482012.0,4482164 154 977.0 43.7 1660
SSACC R,4482166.0,
SBLINK R,4482204.0,
EBLINK R,4482204.0,4482320 118
ESACC R,4482166.0,4482422 258 988.1 76.6 969.0 154.0 2.08 164
SFIX R,4482424.0,
EFIX R,4482424.0,4482478 56 972.4 158.7 1567
SSACC R,4482480.0,
ESACC R,4482480.0,4482496 18 970.2 163.5 974.9 156.8 0.22 70
SFIX R,4482498.0,
EFIX R,4482498.0,4482924 428 985.1 160.5 1581
SSACC R,4482926.0,
ESACC R,4482926.0,4482952 28 990.4 159.9 989.2 163.4 0.10 78
SFIX R,4482954.0,
EFIX R,4482954.0,4482992 40 989.7 158.7 1634
SSACC R,4482994.0,
ESACC R,4482994.0,4483024 32 986.9 147.3 989.5 141.9 0.16 51
SFIX R,4483026.0,
EFIX R,4483026.0,4483108 84 988.8 145.3 1677
SSACC R,4483110.0,
ESACC R,4483110.0,4483244 136 984.8 159.1 1003.6 118.0 1.19 103
SFIX R,4483246.0,
EFIX R,4483246.0,4483432 188 994.1 126.7 1711
SSACC R,4483434.0,
ESACC R,4483434.0,4483448 16 983.7 132.6 981.3 149.1 0.44 75
SFIX R,4483450.0,
EFIX R,4483450.0,4483482 34 988.7 147.2 1687
SSACC R,4483484.0,
ESACC R,4483484.0,4483510 28 986.6 158.6 987.6 154.4 0.11 68
SFIX R,4483512.0,
EFIX R,4483512.0,4483564 54 994.7 159.8 1690
SSACC R,4483566.0,
ESACC R,4483566.0,4483580 16 996.9 142.9 1002.0 168.8 0.69 72
SFIX R,4483582.0,
EFIX R,4483582.0,4483650 70 996.9 167.1 1669
SSACC R,4483652.0,
ESACC R,4483652.0,4483668 18 994.0 165.2 999.9 174.4 0.29 63
SFIX R,4483670.0,
EFIX R,4483670.0,4483686 18 999.8 183.7 1663
SSACC R,4483688.0,
ESACC R,4483688.0,4483700 14 999.0 189.8 1000.7 176.1 0.36 64
SFIX R,4483702.0,
EFIX R,4483702.0,4483914 214 999.8 178.9 1661
SSACC R,4483916.0,
ESACC R,4483916.0,4483944 30 997.7 183.2 993.8 207.4 0.65 70
SFIX R,4483946.0,
EFIX R,4483946.0,4484214 270 991.0 217.1 1682
SSACC R,4484216.0,
SBLINK R,4484264.0,
EBLINK R,4484264.0,4486140 1878
ESACC R,4484216.0,4486234 2020 994.0 229.6 999.2 186.8 1.14 542
SFIX R,4486236.0,
EFIX R,4486236.0,4486638 404 998.2 175.0 1558
SSACC R,4486640.0,
ESACC R,4486640.0,4486662 24 998.9 160.0 998.3 169.9 0.26 76
SFIX R,4486664.0,
EFIX R,4486664.0,4486920 258 998.0 179.4 1635
SSACC R,4486922.0,
ESACC R,4486922.0,4486960 40 994.7 180.2 995.6 176.9 0.09 88
SFIX R,4486962.0,
EFIX R,4486962.0,4487132 172 977.7 190.0 1632
SSACC R,4487134.0,
ESACC R,4487134.0,4487222 90 960.7 199.7 952.3 152.8 1.26 94
SFIX R,4487224.0,
EFIX R,4487224.0,4487376 154 955.2 156.4 1664
SSACC R,4487378.0,
ESACC R,4487378.0,4487382 6 952.6 160.9 946.0 173.8 0.38 75
SFIX R,4487384.0,
EFIX R,4487384.0,4487638 256 955.8 165.5 1663
SSACC R,4487640.0,
ESACC R,4487640.0,4487656 18 960.1 164.6 956.5 157.7 0.21 88
SFIX R,4487658.0,
EFIX R,4487658.0,4487914 258 952.6 160.5 1664
SSACC R,4487916.0,
ESACC R,4487916.0,4487960 46 948.5 157.0 952.4 158.0 0.11 66
SFIX R,4487962.0,
EFIX R,4487962.0,4488166 206 954.3 163.4 1708
SSACC R,4488168.0,
ESACC R,4488168.0,4488202 36 957.4 168.2 957.2 199.5 0.83 73
SFIX R,4488204.0,
EFIX R,4488204.0,4488254 52 960.2 190.0 1688
SSACC R,4488256.0,
ESACC R,4488256.0,4488268 14 958.1 187.7 953.8 192.4 0.17 66
SFIX R,4488270.0,
EFIX R,4488270.0,4488316 48 958.8 195.2 1688
SSACC R,4488318.0,
ESACC R,4488318.0,4488348 32 972.6 202.1 965.3 219.4 0.50 63
SFIX R,4488350.0,
EFIX R,4488350.0,4488460 112 971.2 213.8 1653
SSACC R,4488462.0,
ESACC R,4488462.0,4488470 10 970.3 218.8 973.9 235.4 0.45 59
SFIX R,4488472.0,
EFIX R,4488472.0,4488538 68 976.5 229.5 1599
SSACC R,4488540.0,
SBLINK R,4488558.0,
EBLINK R,4488558.0,4489706 1150
ESACC R,4488540.0,4489770 1232 978.7 231.7 1004.4 75.8 4.15 610
SFIX R,4489772.0,
EFIX R,4489772.0,4489854 84 992.9 74.6 1528
SSACC R,4489856.0,
ESACC R,4489856.0,4489862 8 987.7 77.4 994.7 76.7 0.19 61
SFIX R,4489864.0,
EFIX R,4489864.0,4489906 44 992.4 83.4 1495
SSACC R,4489908.0,
SBLINK R,4489930.0,
EBLINK R,4489930.0,4493108 3180
ESACC R,4489908.0,4493172 3266 991.5 102.3 938.7 112.7 1.43 338
SFIX R,4493174.0,
EFIX R,4493174.0,4493382 210 917.6 135.3 1534
SSACC R,4493384.0,
ESACC R,4493384.0,4493398 16 908.7 164.1 907.1 155.1 0.24 52
SFIX R,4493400.0,
EFIX R,4493400.0,4493468 70 912.5 160.3 1529
SSACC R,4493470.0,
ESACC R,4493470.0,4493474 6 914.0 152.1 914.2 160.9 0.23 52
SFIX R,4493476.0,
EFIX R,4493476.0,4493790 316 913.5 160.7 1508
SSACC R,4493792.0,
ESACC R,4493792.0,4493802 12 927.7 162.0 931.8 138.3 0.63 58
SFIX R,4493804.0,
EFIX R,4493804.0,4493914 112 935.4 136.8 1520
SSACC R,4493916.0,
ESACC R,4493916.0,4493924 10 935.4 135.9 934.1 151.2 0.40 49
SFIX R,4493926.0,
EFIX R,4493926.0,4494162 238 937.6 158.3 1552
SSACC R,4494164.0,
ESACC R,4494164.0,4494182 20 943.8 158.5 941.4 176.5 0.48 62
SFIX R,4494184.0,
EFIX R,4494184.0,4494206 24 943.3 173.4 1582
SSACC R,4494208.0,
ESACC R,4494208.0,4494316 110 946.7 178.3 954.0 214.3 0.97 76
SFIX R,4494318.0,
EFIX R,4494318.0,4494344 28 953.9 215.4 1495
SSACC R,4494346.0,
SBLINK R,4494362.0,
EBLINK R,4494362.0,4494800 440
ESACC R,4494346.0,4494820 476 954.0 226.5 963.4 125.7 2.66 76
SFIX R,4494822.0,
EFIX R,4494822.0,4494866 46 966.3 121.3 1605
SSACC R,4494868.0,
ESACC R,4494868.0,4495012 146 964.0 125.9 957.4 123.9 0.18 79
SFIX R,4495014.0,
EFIX R,4495014.0,4495348 336 950.1 121.2 1681
SSACC R,4495350.0,
ESACC R,4495350.0,4495400 52 934.0 115.6 930.6 137.3 0.57 99
SFIX R,4495402.0,
EFIX R,4495402.0,4495506 106 934.4 138.2 1620
SSACC R,4495508.0,
ESACC R,4495508.0,4495568 62 932.8 134.0 937.4 127.2 0.22 90
SFIX R,4495570.0,
EFIX R,4495570.0,4495810 242 943.2 153.9 1629
SSACC R,4495812.0,
SBLINK R,4495824.0,
EBLINK R,4495824.0,4496230 408
ESACC R,4495812.0,4496286 476 951.6 164.9 971.2 170.5 0.54 81
SFIX R,4496288.0,
EFIX R,4496288.0,4496310 24 972.9 172.1 1617
SSACC R,4496312.0,
SBLINK R,4496322.0,
EBLINK R,4496322.0,4496368 48
ESACC R,4496312.0,4496418 108 988.7 144.4 985.1 170.5 0.69 112
SFIX R,4496420.0,
EFIX R,4496420.0,4496468 50 983.7 161.2 1673
SSACC R,4496470.0,
ESACC R,4496470.0,4496552 84 974.0 175.4 955.4 124.9 1.41 81
SFIX R,4496554.0,
EFIX R,4496554.0,4496850 298 951.7 134.3 1797
SSACC R,4496852.0,
ESACC R,4496852.0,4496938 88 944.4 159.5 976.0 121.0 1.31 472
SFIX R,4496940.0,
EFIX R,4496940.0,4496972 34 969.9 123.0 1789
SSACC R,4496974.0,
ESACC R,4496974.0,4496998 26 967.6 132.4 957.9 112.8 0.57 821
SFIX R,4497000.0,
EFIX R,4497000.0,4497030 32 961.8 127.0 1777
SSACC R,4497032.0,
ESACC R,4497032.0,4497170 140 960.5 111.8 963.7 116.5 0.15 1020
SFIX R,4497172.0,
EFIX R,4497172.0,4497196 26 958.9 130.6 1805
SSACC R,4497198.0,
SBLINK R,4499074.0,
EBLINK R,4499074.0,4499532 460
ESACC R,4497198.0,4499602 2406 960.4 144.3 1011.4 -77.7 5.83 1394
SFIX R,4499604.0,
EFIX R,4499604.0,4499626 24 1020.3 -86.5 1717
SSACC R,4499628.0,
SBLINK R,4499992.0,
EBLINK R,4499992.0,4500050 60
ESACC R,4499628.0,4500070 444 1020.4 -88.6 1064.5 282.3 9.63 1391
SFIX R,4500072.0,
EFIX R,4500072.0,4500338 268 1066.1 302.9 1093
SSACC R,4500340.0,
SBLINK R,4500350.0,
EBLINK R,4500350.0,4502638 2290
ESACC R,4500340.0,4502648 2310 852.4 -123.4 919.8 0.0 3.56 1462
SFIX R,4502650.0,
EFIX R,4502650.0,4502696 48 913.5 7.5 2016
SSACC R,4502698.0,
ESACC R,4502698.0,4502836 140 916.8 2.3 908.2 -1.2 0.24 74
SFIX R,4502838.0,
EFIX R,4502838.0,4502888 52 905.1 3.7 2056
SSACC R,4502890.0,
ESACC R,4502890.0,4503628 740 911.6 0.4 942.5 -26.2 1.05 125
SFIX R,4503630.0,
EFIX R,4503630.0,4503698 70 948.9 -30.4 2165
SSACC R,4503700.0,
ESACC R,4503700.0,4503854 156 955.6 -26.6 959.1 59.6 2.20 1017
SFIX R,4503856.0,
EFIX R,4503856.0,4503880 26 969.1 65.3 2085
SSACC R,4503882.0,
SBLINK R,4503956.0,
EBLINK R,4503956.0,4504940 986
ESACC R,4503882.0,4505256 1376 974.5 68.8 962.2 47.8 0.63 1068
SFIX R,4505258.0,
EFIX R,4505258.0,4505322 66 956.5 45.5 1910
SSACC R,4505324.0,
SBLINK R,4506210.0,
EBLINK R,4506210.0,4506388 180
ESACC R,4505324.0,4506410 1088 948.7 48.8 984.7 189.8 3.79 548
SFIX R,4506412.0,
EFIX R,4506412.0,4506482 72 989.2 186.6 1725
SSACC R,4506484.0,
SBLINK R,4506496.0,
EBLINK R,4506496.0,4506886 392
ESACC R,4506484.0,4506894 412 987.1 198.6 987.1 198.6 0.00 8
SFIX R,4506896.0,
EFIX R,4506896.0,4506946 52 995.6 123.0 1943
SSACC R,4506948.0,
ESACC R,4506948.0,4506990 44 989.7 114.8 968.1 137.7 0.83 90
SFIX R,4506992.0,
EFIX R,4506992.0,4507016 26 963.8 136.7 1984
SSACC R,4507018.0,
ESACC R,4507018.0,4507060 44 963.6 129.3 961.0 123.7 0.16 73
SFIX R,4507062.0,
EFIX R,4507062.0,4507314 254 938.6 127.6 2016
SSACC R,4507316.0,
ESACC R,4507316.0,4508212 898 920.1 122.2 900.1 52.5 1.88 335
SFIX R,4508214.0,
EFIX R,4508214.0,4508246 34 911.5 41.5 2128
SSACC R,4508248.0,
SBLINK R,4509068.0,
EBLINK R,4509068.0,4510194 1128
ESACC R,4508248.0,4510254 2008 904.9 56.5 981.1 157.6 3.32 397
SFIX R,4510256.0,
EFIX R,4510256.0,4510362 108 963.2 123.5 1938
SSACC R,4510364.0,
ESACC R,4510364.0,4510450 88 949.4 115.0 933.1 95.0 0.68 65
SFIX R,4510452.0,
EFIX R,4510452.0,4510512 62 929.4 94.4 1920
SSACC R,4510514.0,
SBLINK R,4510772.0,
EBLINK R,4510772.0,4511578 808
ESACC R,4510514.0,4511798 1286 929.4 102.0 949.6 117.1 0.67 925
SFIX R,4511800.0,
EFIX R,4511800.0,4511968 170 947.7 113.5 2083
SSACC R,4511970.0,
ESACC R,4511970.0,4512058 90 957.7 129.9 966.5 141.4 0.38 227
SFIX R,4512060.0,
EFIX R,4512060.0,4512318 260 959.9 134.6 1949
SSACC R,4512320.0,
ESACC R,4512320.0,4512330 12 960.7 152.4 966.5 143.7 0.28 64
SFIX R,4512332.0,
EFIX R,4512332.0,4512564 234 950.4 117.9 1930
SSACC R,4512566.0,
ESACC R,4512566.0,4512644 80 935.2 112.9 940.3 107.3 0.20 95
SFIX R,4512646.0,
EFIX R,4512646.0,4512702 58 929.4 102.2 1946
SSACC R,4512704.0,
SBLINK R,4512860.0,
EBLINK R,4512860.0,4514066 1208
ESACC R,4512704.0,4514080 1378 931.9 86.5 965.1 197.3 3.03 145
SFIX R,4514082.0,
EFIX R,4514082.0,4514132 52 958.2 183.2 1974
SSACC R,4514134.0,
ESACC R,4514134.0,4514168 36 946.9 156.4 972.0 131.4 0.94 358
SFIX R,4514170.0,
EFIX R,4514170.0,4514268 100 939.4 115.6 1967
SSACC R,4514270.0,
SBLINK R,4515312.0,
EBLINK R,4515312.0,4515414 104
ESACC R,4514270.0,4516022 1754 930.7 110.4 891.4 -32.0 3.80 1212
SFIX R,4516024.0,
EFIX R,4516024.0,4516050 28 888.8 -33.9 2166
SSACC R,4516052.0,
ESACC R,4516052.0,4517012 962 895.0 -36.9 924.0 48.8 2.31 237
SFIX R,4517014.0,
EFIX R,4517014.0,4517048 36 928.1 57.5 2014
SSACC R,4517050.0,
ESACC R,4517050.0,4517520 472 926.1 55.4 898.5 56.7 0.73 389
SFIX R,4517522.0,
EFIX R,4517522.0,4517556 36 897.4 55.9 2013
SSACC R,4517558.0,
SBLINK R,4519260.0,
EBLINK R,4519260.0,4519450 192
ESACC R,4517558.0,4519576 2020 898.7 55.9 963.6 155.1 3.10 457
SFIX R,4519578.0,
EFIX R,4519578.0,4519646 70 980.6 192.8 1827
SSACC R,4519648.0,
SBLINK R,4519664.0,
EBLINK R,4519664.0,4519848 186
ESACC R,4519648.0,4520944 1298 990.0 196.8 923.2 34.1 4.59 1265
SFIX R,4520946.0,
EFIX R,4520946.0,4520976 32 920.7 34.5 1940
SSACC R,4520978.0,
SBLINK R,4521618.0,
EBLINK R,4521618.0,4521856 240
ESACC R,4520978.0,4521886 910 914.8 35.0 956.7 171.3 3.71 216
SFIX R,4521888.0,
EFIX R,4521888.0,4522066 180 954.8 190.3 1818
SSACC R,4522068.0,
ESACC R,4522068.0,4522092 26 963.1 208.7 963.8 210.2 0.04 85
SFIX R,4522094.0,
EFIX R,4522094.0,4522150 58 965.7 211.5 1862
SSACC R,4522152.0,
SBLINK R,4522192.0,
EBLINK R,4522192.0,4522836 646
ESACC R,4522152.0,4523010 860 963.4 208.9 941.4 115.1 2.53 951
SFIX R,4523012.0,
EFIX R,4523012.0,4523130 120 943.0 107.0 2009
SSACC R,4523132.0,
SBLINK R,4523240.0,
EBLINK R,4523240.0,4523710 472
ESACC R,4523132.0,4523792 662 948.6 96.7 990.2 162.1 2.04 173
SFIX R,4523794.0,
EFIX R,4523794.0,4523854 62 989.5 159.3 2109
SSACC R,4523856.0,
SBLINK R,4523896.0,
EBLINK R,4523896.0,4524318 424
ESACC R,4523856.0,4524608 754 988.8 163.8 947.8 94.3 2.12 855
SFIX R,4524610.0,
EFIX R,4524610.0,4524636 28 950.7 96.3 2062
SSACC R,4524638.0,
SBLINK R,4525252.0,
EBLINK R,4525252.0,4525736 486
ESACC R,4524638.0,4525872 1236 942.9 92.8 943.0 -41.4 3.43 1130
SFIX R,4525874.0,
EFIX R,4525874.0,4525932 60 948.5 -37.0 2497
SSACC R,4525934.0,
ESACC R,4525934.0,4526038 106 952.6 -33.3 918.2 -16.5 1.00 136
SFIX R,4526040.0,
EFIX R,4526040.0,4526078 40 921.3 -24.0 2493
SSACC R,4526080.0,
SBLINK R,4526270.0,
EBLINK R,4526270.0,4526740 472
ESACC R,4526080.0,4527266 1188 921.6 -33.3 891.0 -1.3 1.14 580
SFIX R,4527268.0,
EFIX R,4527268.0,4527300 34 888.6 -2.8 2168
SSACC R,4527302.0,
ESACC R,4527302.0,4527346 46 893.0 1.4 884.5 3.1 0.23 99
SFIX R,4527348.0,
EFIX R,4527348.0,4527394 48 886.1 -5.0 2145
SSACC R,4527396.0,
ESACC R,4527396.0,4527480 86 892.0 -9.8 933.7 -49.3 1.48 150
SFIX R,4527482.0,
EFIX R,4527482.0,4527594 114 929.5 -56.5 2155
SSACC R,4527596.0,
ESACC R,4527596.0,4527624 30 926.4 -64.9 930.1 -64.3 0.10 54
SFIX R,4527626.0,
EFIX R,4527626.0,4527674 50 924.7 -55.0 2207
SSACC R,4527676.0,
ESACC R,4527676.0,4527962 288 925.6 -51.5 901.1 -29.1 0.85 1187
SFIX R,4527964.0,
EFIX R,4527964.0,4528026 64 905.9 -21.0 2262
SSACC R,4528028.0,
SBLINK R,4528142.0,
EBLINK R,4528142.0,4528916 776
ESACC R,4528028.0,4529104 1078 892.2 -10.3 918.5 -30.5 0.86 994
SFIX R,4529106.0,
EFIX R,4529106.0,4529234 130 918.1 -3.0 2378
SSACC R,4529236.0,
SBLINK R,4529290.0,
EBLINK R,4529290.0,4529618 330
ESACC R,4529236.0,4529630 396 922.0 15.4 982.2 106.7 2.84 716
SFIX R,4529632.0,
EFIX R,4529632.0,4529650 20 978.4 96.1 1978
SSACC R,4529652.0,
ESACC R,4529652.0,4529882 232 969.8 89.5 920.6 -35.6 3.46 737
SFIX R,4529884.0,
EFIX R,4529884.0,4529918 36 918.7 -40.6 2311
SSACC R,4529920.0,
ESACC R,4529920.0,4529986 68 928.5 -42.3 930.7 -40.5 0.07 73
SFIX R,4529988.0,
EFIX R,4529988.0,4530026 40 932.4 -32.8 2324
SSACC R,4530028.0,
SBLINK R,4530132.0,
EBLINK R,4530132.0,4530410 280
ESACC R,4530028.0,4530630 604 936.1 -20.1 926.9 14.4 0.91 1034
SFIX R,4530632.0,
EFIX R,4530632.0,4530744 114 925.2 -13.2 2264
SSACC R,4530746.0,
SBLINK R,4531466.0,
EBLINK R,4531466.0,4532240 776
ESACC R,4530746.0,4532600 1856 927.9 -25.0 908.4 16.5 1.17 1627
SFIX R,4532602.0,
EFIX R,4532602.0,4532632 32 898.2 14.0 2134
SSACC R,4532634.0,
ESACC R,4532634.0,4532688 56 904.5 3.6 1016.6 203.5 5.98 403
SFIX R,4532690.0,
EFIX R,4532690.0,4532742 54 1023.1 199.7 1720
SSACC R,4532744.0,
SBLINK R,4533016.0,
EBLINK R,4533016.0,4535514 2500
ESACC R,4532744.0,4535524 2782 1016.7 183.8 916.5 151.0 2.81 1489
SFIX R,4535526.0,
EFIX R,4535526.0,4535548 24 911.9 153.1 1649
SSACC R,4535550.0,
SBLINK R,4535566.0,
EBLINK R,4535566.0,4537460 1896
ESACC R,4535550.0,4537508 1960 909.2 165.1 958.3 134.9 1.53 64
SFIX R,4537510.0,
EFIX R,4537510.0,4537548 40 965.2 138.6 1825
SSACC R,4537550.0,
SBLINK R,4537576.0,
EBLINK R,4537576.0,4537590 16
ESACC R,4537550.0,4537628 80 966.3 133.4 967.4 137.5 0.11 98
SFIX R,4537630.0,
EFIX R,4537630.0,4537638 10 964.5 141.2 1806
SSACC R,4537640.0,
SBLINK R,4537652.0,
EBLINK R,4537652.0,4537730 80
ESACC R,4537640.0,4537758 120 966.0 146.8 955.3 147.0 0.29 57
SFIX R,4537760.0,
EFIX R,4537760.0,4537798 40 950.6 156.9 1768
SSACC R,4537800.0,
ESACC R,4537800.0,4537824 26 951.7 152.4 944.9 160.8 0.29 81
SFIX R,4537826.0,
EFIX R,4537826.0,4537882 58 947.6 155.1 1822
SSACC R,4537884.0,
ESACC R,4537884.0,4537896 14 948.5 163.1 945.1 166.9 0.14 62
SFIX R,4537898.0,
EFIX R,4537898.0,4537988 92 947.5 171.0 1882
SSACC R,4537990.0,
ESACC R,4537990.0,4538034 46 952.3 202.1 950.4 173.8 0.75 140
SFIX R,4538036.0,
EFIX R,4538036.0,4538058 24 949.5 171.4 1917
SSACC R,4538060.0,
ESACC R,4538060.0,4538176 118 950.4 160.8 960.9 194.0 0.92 125
SFIX R,4538178.0,
EFIX R,4538178.0,4538246 70 960.6 190.7 1902
SSACC R,4538248.0,
ESACC R,4538248.0,4538262 16 963.7 209.0 956.7 188.8 0.57 70
SFIX R,4538264.0,
EFIX R,4538264.0,4538330 68 959.2 184.2 1932
SSACC R,4538332.0,
ESACC R,4538332.0,4538426 96 960.2 169.9 957.3 170.4 0.08 128
SFIX R,4538428.0,
EFIX R,4538428.0,4538466 40 956.2 170.1 1969
SSACC R,4538468.0,
ESACC R,4538468.0,4538604 138 950.3 155.1 968.9 177.4 0.77 490
SFIX R,4538606.0,
EFIX R,4538606.0,4538634 30 969.9 183.2 1901
SSACC R,4538636.0,
SBLINK R,4538646.0,
EBLINK R,4538646.0,4539352 708
ESACC R,4538636.0,4539810 1176 1047.9 224.0 932.1 74.9 4.98 1222
SFIX R,4539812.0,
EFIX R,4539812.0,4539836 26 937.3 56.3 1998
SSACC R,4539838.0,
ESACC R,4539838.0,4540146 310 936.8 48.2 940.3 61.2 0.35 493
SFIX R,4540148.0,
EFIX R,4540148.0,4540156 10 931.9 66.7 1973
SSACC R,4540158.0,
SBLINK R,4540908.0,
EBLINK R,4540908.0,4541290 384
ESACC R,4540158.0,4541464 1308 933.5 71.8 926.9 120.1 1.27 1134
SFIX R,4541466.0,
EFIX R,4541466.0,4541666 202 920.0 117.5 2035
SSACC R,4541668.0,
ESACC R,4541668.0,4541704 38 921.8 112.4 917.2 134.7 0.59 64
SFIX R,4541706.0,
EFIX R,4541706.0,4541820 116 913.8 126.5 1998
SSACC R,4541822.0,
ESACC R,4541822.0,4542598 778 903.4 126.2 878.0 -41.5 4.35 179
SFIX R,4542600.0,
EFIX R,4542600.0,4542638 40 875.6 -23.5 2112
SSACC R,4542640.0,
ESACC R,4542640.0,4543520 882 880.2 -9.0 910.8 15.2 1.01 165
SFIX R,4543522.0,
EFIX R,4543522.0,4543542 22 910.3 9.4 2016
SSACC R,4543544.0,
SBLINK R,4543826.0,
EBLINK R,4543826.0,4544056 232
ESACC R,4543544.0,4544064 522 907.5 4.2 923.5 257.5 6.62 717
SFIX R,4544066.0,
EFIX R,4544066.0,4544172 108 936.9 157.7 1740
SSACC R,4544174.0,
SBLINK R,4544368.0,
EBLINK R,4544368.0,4544678 312
ESACC R,4544174.0,4544686 514 918.6 163.5 914.4 123.4 1.06 443
SFIX R,4544688.0,
EFIX R,4544688.0,4544776 90 936.6 128.9 1702
SSACC R,4544778.0,
ESACC R,4544778.0,4544788 12 932.5 142.8 933.2 129.8 0.34 66
SFIX R,4544790.0,
EFIX R,4544790.0,4544886 98 932.8 130.2 1754
SSACC R,4544888.0,
SBLINK R,4545700.0,
EBLINK R,4545700.0,4547000 1302
ESACC R,4544888.0,4547252 2366 930.1 144.3 886.6 -79.0 5.82 1450
SFIX R,4547254.0,
EFIX R,4547254.0,4547326 74 890.0 -94.0 2248
SSACC R,4547328.0,
ESACC R,4547328.0,4547426 100 888.8 -87.7 962.7 433.8 13.67 1791
SFIX R,4547428.0,
EFIX R,4547428.0,4547488 62 977.8 435.3 1449
SSACC R,4547490.0,
ESACC R,4547490.0,4547496 8 976.9 431.5 975.5 436.8 0.15 44
SFIX R,4547498.0,
EFIX R,4547498.0,4547578 82 976.2 442.7 1440
SSACC R,4547580.0,
ESACC R,4547580.0,4547596 18 977.5 441.7 975.1 463.0 0.58 70
SFIX R,4547598.0,
EFIX R,4547598.0,4547894 298 977.8 478.3 1399
SSACC R,4547896.0,
ESACC R,4547896.0,4547926 32 978.0 484.4 992.1 484.6 0.38 111
SFIX R,4547928.0,
EFIX R,4547928.0,4548506 580 1002.4 487.2 1417
SSACC R,4548508.0,
ESACC R,4548508.0,4548598 92 1012.5 491.2 1735.2 970.1 21.99 409
SFIX R,4548600.0,
EFIX R,4548600.0,4548896 298 1740.5 986.2 1427
SSACC R,4548898.0,
ESACC R,4548898.0,4549044 148 1731.2 990.3 1009.3 452.9 22.85 1689
SFIX R,4549046.0,
EFIX R,4549046.0,4549102 58 1007.8 462.5 1438
SSACC R,4549104.0,
ESACC R,4549104.0,4549126 24 1004.6 485.1 1003.7 486.8 0.05 75
SFIX R,4549128.0,
EFIX R,4549128.0,4549176 50 1002.3 495.3 1386
SSACC R,4549178.0,
ESACC R,4549178.0,4549204 28 1001.9 494.7 991.0 490.0 0.32 100
SFIX R,4549206.0,
EFIX R,4549206.0,4549776 572 981.2 497.6 1371
SSACC R,4549778.0,
ESACC R,4549778.0,4549812 36 985.4 498.3 886.2 -34.8 14.19 1617
SFIX R,4549814.0,
EFIX R,4549814.0,4549840 28 885.0 -36.7 2195
SSACC R,4549842.0,
ESACC R,4549842.0,4549880 40 885.8 -39.9 989.2 467.3 13.53 1727
SFIX R,4549882.0,
EFIX R,4549882.0,4549946 66 989.7 471.6 1428
SSACC R,4549948.0,
ESACC R,4549948.0,4549964 18 984.3 486.2 978.2 448.6 1.03 99
SFIX R,4549966.0,
EFIX R,4549966.0,4550282 318 979.7 484.8 1415
SSACC R,4550284.0,
SBLINK R,4550414.0,
EBLINK R,4550414.0,4550542 130
ESACC R,4550284.0,4550732 450 982.6 491.1 921.8 118.8 10.04 1662
SFIX R,4550734.0,
EFIX R,4550734.0,4550760 28 927.4 119.5 1920
SSACC R,4550762.0,
ESACC R,4550762.0,4550770 10 931.4 130.9 936.6 119.6 0.33 60
SFIX R,4550772.0,
EFIX R,4550772.0,4550886 116 934.4 116.8 1916
SSACC R,4550888.0,
ESACC R,4550888.0,4551104 218 939.0 109.2 931.5 82.7 0.72 970
SFIX R,4551106.0,
EFIX R,4551106.0,4551128 24 934.1 75.3 1948
SSACC R,4551130.0,
ESACC R,4551130.0,4551514 386 910.2 71.3 908.2 -21.0 2.36 160
SFIX R,4551516.0,
EFIX R,4551516.0,4551584 70 908.2 -26.6 2032
SSACC R,4551586.0,
ESACC R,4551586.0,4551732 148 908.0 -32.9 948.7 -10.8 1.20 651
SFIX R,4551734.0,
EFIX R,4551734.0,4551762 30 942.5 -18.6 1991
SSACC R,4551764.0,
ESACC R,4551764.0,4552010 248 937.2 -37.9 890.8 -25.9 1.25 96
SFIX R,4552012.0,
EFIX R,4552012.0,4552036 26 895.0 -12.8 2097
SSACC R,4552038.0,
ESACC R,4552038.0,4552276 240 899.5 -5.7 879.2 -19.3 0.63 116
SFIX R,4552278.0,
EFIX R,4552278.0,4552304 28 881.9 -28.3 2126
SSACC R,4552306.0,
ESACC R,4552306.0,4552424 120 879.9 -31.2 900.8 -22.5 0.59 112
SFIX R,4552426.0,
EFIX R,4552426.0,4552446 22 903.5 -39.7 2165
SSACC R,4552448.0,
ESACC R,4552448.0,4552456 10 897.5 -32.5 906.8 -35.2 0.25 52
SFIX R,4552458.0,
EFIX R,4552458.0,4552534 78 905.6 -31.9 2158
SSACC R,4552536.0,
SBLINK R,4552640.0,
EBLINK R,4552640.0,4553854 1216
ESACC R,4552536.0,4554330 1796 906.4 -48.9 888.7 48.2 2.51 1436
SFIX R,4554332.0,
EFIX R,4554332.0,4554358 28 895.4 47.1 2033
SSACC R,4554360.0,
SBLINK R,4554980.0,
EBLINK R,4554980.0,4555930 952
ESACC R,4554360.0,4555942 1584 898.2 51.5 941.1 122.8 2.17 816
SFIX R,4555944.0,
EFIX R,4555944.0,4556014 72 946.0 122.5 1829
SSACC R,4556016.0,
SBLINK R,4556158.0,
EBLINK R,4556158.0,4556594 438
ESACC R,4556016.0,4556634 620 941.4 119.7 926.1 109.1 0.49 199
SFIX R,4556636.0,
EFIX R,4556636.0,4556674 40 918.1 93.7 1734
SSACC R,4556676.0,
SBLINK R,4556934.0,
EBLINK R,4556934.0,4557082 150
ESACC R,4556676.0,4557110 436 919.4 88.9 929.7 122.1 0.91 693
SFIX R,4557112.0,
EFIX R,4557112.0,4557160 50 918.9 119.7 1831
SSACC R,4557162.0,
ESACC R,4557162.0,4558250 1090 908.5 124.7 989.2 436.9 8.57 1590
SFIX R,4558252.0,
EFIX R,4558252.0,4558326 76 991.7 443.7 1436
SSACC R,4558328.0,
ESACC R,4558328.0,4558332 6 994.5 453.3 992.6 472.9 0.53 70
SFIX R,4558334.0,
EFIX R,4558334.0,4558778 446 999.0 486.9 1438
SSACC R,4558780.0,
ESACC R,4558780.0,4558802 24 1005.3 489.5 1093.6 505.4 2.43 197
SFIX R,4558804.0,
EFIX R,4558804.0,4558978 176 1076.0 515.1 1463
SSACC R,4558980.0,
ESACC R,4558980.0,4558996 18 1073.1 520.6 1026.6 497.7 1.40 111
SFIX R,4558998.0,
EFIX R,4558998.0,4559338 342 1017.5 504.0 1455
SSACC R,4559340.0,
SBLINK R,4559418.0,
EBLINK R,4559418.0,4559872 456
ESACC R,4559340.0,4560116 778 1012.3 503.5 988.8 428.2 2.14 1552
SFIX R,4560118.0,
EFIX R,4560118.0,4560158 42 985.4 432.8 1539
SSACC R,4560160.0,
ESACC R,4560160.0,4560202 44 983.4 437.2 982.9 435.5 0.05 832
SFIX R,4560204.0,
EFIX R,4560204.0,4560596 394 970.4 465.6 1458
SSACC R,4560598.0,
ESACC R,4560598.0,4560626 30 967.7 473.4 965.1 490.7 0.47 115
SFIX R,4560628.0,
EFIX R,4560628.0,4561058 432 968.1 492.9 1442
SSACC R,4561060.0,
SBLINK R,4561134.0,
EBLINK R,4561134.0,4561350 218
ESACC R,4561060.0,4561500 442 972.9 487.1 897.3 -26.8 13.60 705
SFIX R,4561502.0,
EFIX R,4561502.0,4561536 36 900.8 -20.2 2305
SSACC R,4561538.0,
ESACC R,4561538.0,4561578 42 897.7 -27.6 984.7 466.8 13.15 1620
SFIX R,4561580.0,
EFIX R,4561580.0,4561630 52 984.2 471.0 1511
SSACC R,4561632.0,
ESACC R,4561632.0,4561640 10 984.5 475.6 980.1 498.7 0.64 73
SFIX R,4561642.0,
EFIX R,4561642.0,4561782 142 979.1 506.7 1437
SSACC R,4561784.0,
ESACC R,4561784.0,4561794 12 976.6 515.3 978.3 493.1 0.60 71
SFIX R,4561796.0,
EFIX R,4561796.0,4562114 320 973.1 503.8 1317
SSACC R,4562116.0,
SBLINK R,4562162.0,
EBLINK R,4562162.0,4562488 328
ESACC R,4562116.0,4562602 488 967.8 499.8 979.3 500.7 0.31 1503
SFIX R,4562604.0,
EFIX R,4562604.0,4562738 136 977.5 506.3 1286
SSACC R,4562740.0,
SBLINK R,4562784.0,
EBLINK R,4562784.0,4562990 208
ESACC R,4562740.0,4563200 462 978.1 502.6 884.5 -57.5 14.82 1610
SFIX R,4563202.0,
EFIX R,4563202.0,4563334 134 897.5 -52.4 2176
SSACC R,4563336.0,
ESACC R,4563336.0,4563378 44 914.2 -51.4 991.9 439.1 12.96 1647
SFIX R,4563380.0,
EFIX R,4563380.0,4563414 36 990.0 446.7 1387
SSACC R,4563416.0,
ESACC R,4563416.0,4563426 12 986.1 448.9 984.3 469.1 0.55 71
SFIX R,4563428.0,
EFIX R,4563428.0,4564032 606 976.7 505.4 1300
SSACC R,4564034.0,
ESACC R,4564034.0,4564048 16 980.6 516.4 1003.9 490.2 0.95 82
SFIX R,4564050.0,
EFIX R,4564050.0,4564426 378 999.4 495.5 1274
SSACC R,4564428.0,
SBLINK R,4564498.0,
EBLINK R,4564498.0,4564498 2
ESACC R,4564428.0,4564556 130 1004.2 498.0 1720.7 329.4 18.74 419
SFIX R,4564558.0,
EFIX R,4564558.0,4564780 224 1719.9 329.9 1273
SSACC R,4564782.0,
SBLINK R,4564854.0,
EBLINK R,4564854.0,4565080 228
ESACC R,4564782.0,4565690 910 1717.5 329.4 1008.8 413.7 18.14 1575
SFIX R,4565692.0,
EFIX R,4565692.0,4565826 136 1007.0 425.0 1357
SSACC R,4565828.0,
SBLINK R,4565912.0,
EBLINK R,4565912.0,4566110 200
ESACC R,4565828.0,4566466 640 1003.9 423.1 1004.0 444.8 0.59 1537
SFIX R,4566468.0,
EFIX R,4566468.0,4566568 102 1007.3 453.3 1316
SSACC R,4566570.0,
SBLINK R,4566654.0,
EBLINK R,4566654.0,4566882 230
ESACC R,4566570.0,4567082 514 1005.7 453.3 1015.0 433.6 0.59 1609
SFIX R,4567084.0,
EFIX R,4567084.0,4567204 122 1015.3 437.6 1264
SSACC R,4567206.0,
ESACC R,4567206.0,4567222 18 1012.0 443.0 971.4 445.9 1.10 88
SFIX R,4567224.0,
EFIX R,4567224.0,4567340 118 977.7 443.2 1235
SSACC R,4567342.0,
SBLINK R,4567386.0,
EBLINK R,4567386.0,4567626 242
ESACC R,4567342.0,4567634 294 976.6 450.0 862.7 13.8 11.86 1563
SFIX R,4567636.0,
EFIX R,4567636.0,4567698 64 925.2 145.5 1633
SSACC R,4567700.0,
ESACC R,4567700.0,4567886 188 923.6 153.1 922.7 132.2 0.55 442
SFIX R,4567888.0,
EFIX R,4567888.0,4567964 78 921.5 110.9 1674
SSACC R,4567966.0,
SBLINK R,4567976.0,
EBLINK R,4567976.0,4568222 248
ESACC R,4567966.0,4568288 324 947.8 175.4 939.4 144.6 0.84 88
SFIX R,4568290.0,
EFIX R,4568290.0,4568314 26 940.8 135.2 1766
SSACC R,4568316.0,
ESACC R,4568316.0,4568692 378 955.7 148.5 925.9 -54.7 5.28 190
SFIX R,4568694.0,
EFIX R,4568694.0,4568714 22 919.5 -47.8 1985
SSACC R,4568716.0,
SBLINK R,4568782.0,
EBLINK R,4568782.0,4569028 248
ESACC R,4568716.0,4569406 692 913.8 -47.5 994.7 440.6 12.92 1402
SFIX R,4569408.0,
EFIX R,4569408.0,4569456 50 995.1 447.2 1282
SSACC R,4569458.0,
SBLINK R,4569542.0,
EBLINK R,4569542.0,4570362 822
ESACC R,4569458.0,4570390 934 996.2 452.9 1658.9 67.5 19.58 1616
SFIX R,4570392.0,
EFIX R,4570392.0,4570698 308 1640.2 119.0 1273
SSACC R,4570700.0,
SBLINK R,4570710.0,
EBLINK R,4570710.0,4570802 94
ESACC R,4570700.0,4570960 262 1128.1 602.6 1046.2 971.2 10.02 1493
SFIX R,4570962.0,
EFIX R,4570962.0,4571046 86 1049.2 970.5 1238
SSACC R,4571048.0,
ESACC R,4571048.0,4571108 62 1048.2 969.9 1031.5 672.7 7.90 1582
SFIX R,4571110.0,
EFIX R,4571110.0,4571204 96 1032.8 677.8 1241
SSACC R,4571206.0,
ESACC R,4571206.0,4571300 96 1028.5 675.8 922.6 24.3 17.35 1144
SFIX R,4571302.0,
EFIX R,4571302.0,4571370 70 918.2 11.2 1807
SSACC R,4571372.0,
SBLINK R,4571444.0,
EBLINK R,4571444.0,4571728 286
ESACC R,4571372.0,4571780 410 920.2 27.3 1404.9 554.2 18.70 922
SFIX R,4571782.0,
EFIX R,4571782.0,4571964 184 1397.8 571.1 1300
SSACC R,4571966.0,
SBLINK R,4572220.0,
EBLINK R,4572220.0,4572962 744
ESACC R,4571966.0,4573506 1542 1394.5 573.7 1042.6 509.9 9.50 1728
SFIX R,4573508.0,
EFIX R,4573508.0,4573550 44 1043.9 509.1 1356
SSACC R,4573552.0,
SBLINK R,4573638.0,
EBLINK R,4573638.0,4576644 3008
ESACC R,4573552.0,4577072 3522 1045.2 512.5 987.4 449.6 2.32 1492
SFIX R,4577074.0,
EFIX R,4577074.0,4577282 210 983.4 456.0 1472
SSACC R,4577284.0,
SBLINK R,4577592.0,
EBLINK R,4577592.0,4577950 360
ESACC R,4577284.0,4578202 920 980.1 458.6 1008.7 461.2 0.78 1597
SFIX R,4578204.0,
EFIX R,4578204.0,4578340 138 998.6 465.8 1516
SSACC R,4578342.0,
ESACC R,4578342.0,4578394 54 986.6 469.6 1103.1 741.6 7.98 366
SFIX R,4578396.0,
EFIX R,4578396.0,4578604 210 1099.0 771.4 1442
SSACC R,4578606.0,
ESACC R,4578606.0,4578652 48 1093.7 780.2 1109.2 1024.9 6.43 486
SFIX R,4578654.0,
EFIX R,4578654.0,4578894 242 1106.1 1049.0 1408
SSACC R,4578896.0,
ESACC R,4578896.0,4578922 28 1106.0 1049.6 1141.7 1115.3 1.91 147
SFIX R,4578924.0,
EFIX R,4578924.0,4579184 262 1139.2 1100.0 1429
SSACC R,4579186.0,
ESACC R,4579186.0,4579192 8 1132.0 1102.5 1145.8 1104.9 0.36 56
SFIX R,4579194.0,
EFIX R,4579194.0,4579680 488 1143.9 1107.7 1479
SSACC R,4579682.0,
ESACC R,4579682.0,4579744 64 1149.1 1108.9 1552.0 1170.3 10.21 323
SFIX R,4579746.0,
EFIX R,4579746.0,4580044 300 1558.6 1177.8 1508
SSACC R,4580046.0,
SBLINK R,4580056.0,
EBLINK R,4580056.0,4580146 92
ESACC R,4580046.0,4580330 286 1028.1 103.9 1016.7 448.6 9.16 1621
SFIX R,4580332.0,
EFIX R,4580332.0,4580430 100 1013.8 453.5 1555
SSACC R,4580432.0,
SBLINK R,4580480.0,
EBLINK R,4580480.0,4580686 208
ESACC R,4580432.0,4580796 366 1010.9 449.9 884.2 -46.4 13.39 1628
SFIX R,4580798.0,
EFIX R,4580798.0,4580836 40 863.3 -54.2 2250
SSACC R,4580838.0,
ESACC R,4580838.0,4580920 84 859.5 -63.1 988.5 427.6 13.21 1384
SFIX R,4580922.0,
EFIX R,4580922.0,4581024 104 991.7 431.6 1492
SSACC R,4581026.0,
SBLINK R,4581090.0,
EBLINK R,4581090.0,4588040 6952
ESACC R,4581026.0,4588194 7170 991.2 435.2 1033.8 461.8 1.36 1567
SFIX R,4588196.0,
EFIX R,4588196.0,4588416 222 1034.1 465.2 1305
SSACC R,4588418.0,
ESACC R,4588418.0,4588478 62 1031.4 466.3 989.8 424.5 1.60 117
SFIX R,4588480.0,
EFIX R,4588480.0,4588542 64 990.8 424.6 1320
SSACC R,4588544.0,
ESACC R,4588544.0,4588644 102 990.5 423.1 994.7 421.7 0.12 107
SFIX R,4588646.0,
EFIX R,4588646.0,4588718 74 994.6 423.0 1373
SSACC R,4588720.0,
ESACC R,4588720.0,4588734 16 998.5 418.1 1030.9 430.3 0.94 82
SFIX R,4588736.0,
EFIX R,4588736.0,4588804 70 1019.2 429.9 1378
SSACC R,4588806.0,
ESACC R,4588806.0,4588860 56 1019.1 432.0 1014.8 463.9 0.87 126
SFIX R,4588862.0,
EFIX R,4588862.0,4588900 40 1016.2 462.9 1351
SSACC R,4588902.0,
ESACC R,4588902.0,4588920 20 1014.1 462.7 1016.1 460.7 0.08 71
SFIX R,4588922.0,
EFIX R,4588922.0,4589120 200 1013.4 467.0 1339
SSACC R,4589122.0,
ESACC R,4589122.0,4589140 20 1008.5 470.4 985.2 464.6 0.65 76
SFIX R,4589142.0,
EFIX R,4589142.0,4589340 200 988.6 468.4 1320
SSACC R,4589342.0,
ESACC R,4589342.0,4589360 20 985.7 469.2 1010.7 470.2 0.68 79
SFIX R,4589362.0,
EFIX R,4589362.0,4589566 206 1000.2 475.3 1325
SSACC R,4589568.0,
SBLINK R,4589696.0,
EBLINK R,4589696.0,4591246 1552
ESACC R,4589568.0,4591388 1822 998.9 471.0 1019.2 443.5 0.93 1704
SFIX R,4591390.0,
EFIX R,4591390.0,4591658 270 1016.3 442.8 1349
SSACC R,4591660.0,
ESACC R,4591660.0,4591700 42 1014.1 446.7 1016.6 441.5 0.16 503
SFIX R,4591702.0,
EFIX R,4591702.0,4591804 104 1014.6 442.2 1330
SSACC R,4591806.0,
ESACC R,4591806.0,4591822 18 1012.7 443.6 973.4 441.9 1.07 96
SFIX R,4591824.0,
EFIX R,4591824.0,4591866 44 980.8 448.1 1318
SSACC R,4591868.0,
ESACC R,4591868.0,4591884 18 977.3 473.3 974.7 499.2 0.71 182
SFIX R,4591886.0,
EFIX R,4591886.0,4591974 90 971.7 502.7 1266
SSACC R,4591976.0,
ESACC R,4591976.0,4591994 20 971.3 506.4 1004.7 501.8 0.91 86
SFIX R,4591996.0,
EFIX R,4591996.0,4592222 228 993.8 504.7 1272
SSACC R,4592224.0,
SBLINK R,4592292.0,
EBLINK R,4592292.0,4592922 632
ESACC R,4592224.0,4593110 888 992.6 504.2 994.9 433.0 1.93 1358
SFIX R,4593112.0,
EFIX R,4593112.0,4593428 318 1001.1 435.5 1395
SSACC R,4593430.0,
ESACC R,4593430.0,4593448 20 1009.1 442.3 1050.7 444.0 1.13 98
SFIX R,4593450.0,
EFIX R,4593450.0,4593516 68 1038.1 450.1 1355
SSACC R,4593518.0,
ESACC R,4593518.0,4593550 34 1039.7 454.4 1036.7 502.1 1.30 149
SFIX R,4593552.0,
EFIX R,4593552.0,4593916 366 1036.1 512.1 1292
SSACC R,4593918.0,
ESACC R,4593918.0,4593938 22 1034.3 513.6 1001.0 498.7 0.99 102
SFIX R,4593940.0,
EFIX R,4593940.0,4594194 256 1005.8 492.5 1343
SSACC R,4594196.0,
SBLINK R,4594240.0,
EBLINK R,4594240.0,4594506 268
ESACC R,4594196.0,4594846 652 999.8 484.0 1068.2 443.6 2.15 929
SFIX R,4594848.0,
EFIX R,4594848.0,4594992 146 1057.6 443.4 1436
SSACC R,4594994.0,
ESACC R,4594994.0,4595008 16 1059.2 452.4 1054.8 484.9 0.89 86
SFIX R,4595010.0,
EFIX R,4595010.0,4595128 120 1055.0 490.1 1356
SSACC R,4595130.0,
ESACC R,4595130.0,4595146 18 1052.7 494.1 1012.6 487.9 1.10 100
SFIX R,4595148.0,
EFIX R,4595148.0,4595424 278 1020.2 489.1 1351
SSACC R,4595426.0,
ESACC R,4595426.0,4595446 22 1018.0 489.1 987.7 483.5 0.84 97
SFIX R,4595448.0,
EFIX R,4595448.0,4595726 280 994.7 493.2 1374
SSACC R,4595728.0,
ESACC R,4595728.0,4595756 30 995.1 498.9 1001.6 501.8 0.19 99
SFIX R,4595758.0,
EFIX R,4595758.0,4595964 208 1003.2 504.0 1401
SSACC R,4595966.0,
SBLINK R,4596024.0,
EBLINK R,4596024.0,4596350 328
ESACC R,4595966.0,4596592 628 999.4 498.9 1007.1 455.9 1.18 717
SFIX R,4596594.0,
EFIX R,4596594.0,4596634 42 1006.1 458.6 1488
SSACC R,4596636.0,
ESACC R,4596636.0,4596654 20 1002.5 456.9 993.7 447.0 0.36 66
SFIX R,4596656.0,
EFIX R,4596656.0,4596800 146 994.4 450.5 1461
SSACC R,4596802.0,
SBLINK R,4596866.0,
EBLINK R,4596866.0,4598700 1836
ESACC R,4596802.0,4599382 2582 994.0 451.5 1078.2 1139.0 18.04 2161
SFIX R,4599384.0,
EFIX R,4599384.0,4599492 110 1077.5 1137.6 1189
SSACC R,4599494.0,
ESACC R,4599494.0,4599710 218 1075.6 1137.1 1000.9 456.7 17.83 1472
SFIX R,4599712.0,
EFIX R,4599712.0,4599748 38 999.4 463.7 1176
SSACC R,4599750.0,
SBLINK R,4599838.0,
EBLINK R,4599838.0,4601530 1694
ESACC R,4599750.0,4601708 1960 1000.0 452.0 986.9 419.3 0.95 1578
SFIX R,4601710.0,
EFIX R,4601710.0,4601938 230 986.6 437.8 1390
SSACC R,4601940.0,
ESACC R,4601940.0,4601966 28 982.8 446.8 1103.7 416.5 3.37 237
SFIX R,4601968.0,
EFIX R,4601968.0,4602060 94 1098.7 408.4 1353
SSACC R,4602062.0,
ESACC R,4602062.0,4602076 16 1102.7 415.6 1100.8 447.1 0.85 80
SFIX R,4602078.0,
EFIX R,4602078.0,4602236 160 1104.3 450.6 1291
SSACC R,4602238.0,
ESACC R,4602238.0,4602250 14 1106.7 451.1 1108.4 427.4 0.64 61
SFIX R,4602252.0,
EFIX R,4602252.0,4602310 60 1110.9 415.9 1330
SSACC R,4602312.0,
ESACC R,4602312.0,4602332 22 1114.0 413.4 1111.4 408.7 0.14 428
SFIX R,4602334.0,
EFIX R,4602334.0,4602458 126 1114.1 408.8 1357
SSACC R,4602460.0,
ESACC R,4602460.0,4602492 34 1114.9 413.3 1024.5 435.2 2.51 218
SFIX R,4602494.0,
EFIX R,4602494.0,4602720 228 1024.6 430.7 1412
SSACC R,4602722.0,
SBLINK R,4602854.0,
EBLINK R,4602854.0,4604776 1924
ESACC R,4602722.0,4605002 2282 1024.1 439.0 1008.1 427.6 0.53 1589
SFIX R,4605004.0,
EFIX R,4605004.0,4605046 44 1006.1 430.5 1316
SSACC R,4605048.0,
ESACC R,4605048.0,4605066 20 1004.4 427.8 969.8 415.6 0.99 93
SFIX R,4605068.0,
EFIX R,4605068.0,4605210 144 973.9 423.9 1333
SSACC R,4605212.0,
ESACC R,4605212.0,4605242 32 970.3 430.0 992.6 436.8 0.63 126
SFIX R,4605244.0,
EFIX R,4605244.0,4605286 44 999.0 433.7 1337
SSACC R,4605288.0,
ESACC R,4605288.0,4605314 28 1000.4 434.4 995.9 484.2 1.35 84
SFIX R,4605316.0,
EFIX R,4605316.0,4605558 244 1000.9 492.6 1266
SSACC R,4605560.0,
ESACC R,4605560.0,4605580 22 1003.4 498.6 971.5 493.7 0.87 97
SFIX R,4605582.0,
EFIX R,4605582.0,4605718 138 982.3 493.7 1266
SSACC R,4605720.0,
ESACC R,4605720.0,4605738 20 982.6 493.3 1012.9 494.3 0.82 95
SFIX R,4605740.0,
EFIX R,4605740.0,4605990 252 1008.1 489.3 1321
SSACC R,4605992.0,
ESACC R,4605992.0,4606094 104 1006.2 482.9 55.9 365.4 23.78 365
SFIX R,4606096.0,
EFIX R,4606096.0,4606444 350 30.3 366.0 1356
SSACC R,4606446.0,
ESACC R,4606446.0,4606542 98 31.1 370.1 1066.8 492.0 25.73 482
SFIX R,4606544.0,
EFIX R,4606544.0,4606702 160 1071.5 511.0 1320
SSACC R,4606704.0,
ESACC R,4606704.0,4606722 20 1064.5 521.0 1016.8 497.9 1.43 128
SFIX R,4606724.0,
EFIX R,4606724.0,4607460 738 1002.0 509.0 1293
SSACC R,4607462.0,
ESACC R,4607462.0,4607506 46 999.7 520.8 761.0 489.2 6.50 262
SFIX R,4607508.0,
EFIX R,4607508.0,4607776 270 758.3 494.6 1300
SSACC R,4607778.0,
ESACC R,4607778.0,4607830 54 756.9 489.4 995.8 497.6 6.45 330
SFIX R,4607832.0,
EFIX R,4607832.0,4608080 250 1005.7 497.7 1339
SSACC R,4608082.0,
SBLINK R,4608110.0,
EBLINK R,4608110.0,4608306 198
ESACC R,4608082.0,4608416 336 999.4 505.4 1005.8 446.0 1.62 1076
SFIX R,4608418.0,
EFIX R,4608418.0,4608454 38 1007.7 445.1 1369
SSACC R,4608456.0,
ESACC R,4608456.0,4608472 18 1009.6 446.6 1006.7 492.2 1.24 148
SFIX R,4608474.0,
EFIX R,4608474.0,4608580 108 1006.8 496.9 1330
SSACC R,4608582.0,
ESACC R,4608582.0,4608600 20 1005.3 501.6 990.5 493.9 0.45 84
SFIX R,4608602.0,
EFIX R,4608602.0,4608994 394 990.0 504.7 1310
SSACC R,4608996.0,
ESACC R,4608996.0,4609018 24 991.4 503.8 1037.3 501.2 1.25 125
SFIX R,4609020.0,
EFIX R,4609020.0,4609248 230 1023.3 507.9 1276
SSACC R,4609250.0,
ESACC R,4609250.0,4609272 24 1025.8 513.9 1014.0 506.9 0.37 81
SFIX R,4609274.0,
EFIX R,4609274.0,4609810 538 1011.2 516.1 1339
SSACC R,4609812.0,
ESACC R,4609812.0,4609830 20 1021.0 522.3 1079.8 508.6 1.63 144
SFIX R,4609832.0,
EFIX R,4609832.0,4610018 188 1069.0 507.2 1416
SSACC R,4610020.0,
SBLINK R,4610064.0,
EBLINK R,4610064.0,4610284 222
ESACC R,4610020.0,4610428 410 1068.5 511.6 1045.7 454.4 1.67 657
SFIX R,4610430.0,
EFIX R,4610430.0,4610486 58 1043.5 457.9 1451
SSACC R,4610488.0,
SBLINK R,4610524.0,
EBLINK R,4610524.0,4610728 206
ESACC R,4610488.0,4610814 328 1043.8 459.0 1007.4 474.8 1.08 1018
SFIX R,4610816.0,
EFIX R,4610816.0,4610868 54 1006.9 469.3 1379
SSACC R,4610870.0,
ESACC R,4610870.0,4610884 16 1007.9 468.0 1006.1 504.6 0.99 125
SFIX R,4610886.0,
EFIX R,4610886.0,4611000 116 1005.1 502.9 1343
SSACC R,4611002.0,
ESACC R,4611002.0,4611022 22 1005.5 504.0 980.6 485.8 0.84 90
SFIX R,4611024.0,
EFIX R,4611024.0,4611232 210 983.6 493.8 1309
SSACC R,4611234.0,
ESACC R,4611234.0,4611264 32 979.1 496.6 1007.0 485.0 0.82 150
SFIX R,4611266.0,
EFIX R,4611266.0,4611610 346 1008.3 482.4 1263
SSACC R,4611612.0,
ESACC R,4611612.0,4611638 28 1008.2 482.1 988.2 486.7 0.56 105
SFIX R,4611640.0,
EFIX R,4611640.0,4611860 222 987.1 488.3 1320
SSACC R,4611862.0,
ESACC R,4611862.0,4611884 24 993.8 493.6 1032.8 484.4 1.09 130
SFIX R,4611886.0,
EFIX R,4611886.0,4612696 812 1024.6 496.3 1393
SSACC R,4612698.0,
ESACC R,4612698.0,4612742 46 1027.9 506.2 1271.9 416.3 6.97 276
SFIX R,4612744.0,
EFIX R,4612744.0,4613228 486 1260.7 420.3 1401
SSACC R,4613230.0,
SBLINK R,4613262.0,
EBLINK R,4613262.0,4613646 386
ESACC R,4613230.0,4613720 492 1259.0 427.7 1027.9 490.7 6.42 735
SFIX R,4613722.0,
EFIX R,4613722.0,4613758 38 1025.9 491.2 1404
SSACC R,4613760.0,
ESACC R,4613760.0,4613776 18 1025.1 494.6 1024.3 522.7 0.76 97
SFIX R,4613778.0,
EFIX R,4613778.0,4613850 74 1027.1 521.9 1376
SSACC R,4613852.0,
ESACC R,4613852.0,4613866 16 1027.7 522.0 1000.5 503.5 0.89 78
SFIX R,4613868.0,
EFIX R,4613868.0,4614070 204 1006.0 514.4 1332
SSACC R,4614072.0,
SBLINK R,4614110.0,
EBLINK R,4614110.0,4614690 582
ESACC R,4614072.0,4614788 718 1000.9 519.1 973.5 443.6 2.18 1570
SFIX R,4614790.0,
EFIX R,4614790.0,4614832 44 974.9 445.9 1296
SSACC R,4614834.0,
ESACC R,4614834.0,4614872 40 974.7 443.0 979.9 487.4 1.21 105
SFIX R,4614874.0,
EFIX R,4614874.0,4615378 506 984.8 504.5 1255
SSACC R,4615380.0,
ESACC R,4615380.0,4615408 30 983.5 506.7 994.0 493.5 0.46 128
SFIX R,4615410.0,
EFIX R,4615410.0,4615780 372 1003.8 493.7 1265
SSACC R,4615782.0,
ESACC R,4615782.0,4615804 24 1002.3 492.3 967.7 487.6 0.95 114
SFIX R,4615806.0,
EFIX R,4615806.0,4616012 208 973.0 488.8 1325
SSACC R,4616014.0,
SBLINK R,4616102.0,
EBLINK R,4616102.0,4616272 172
ESACC R,4616014.0,4616402 390 971.9 485.6 991.5 446.2 1.19 1618
SFIX R,4616404.0,
EFIX R,4616404.0,4616496 94 992.5 445.0 1387
SSACC R,4616498.0,
ESACC R,4616498.0,4616520 24 991.1 454.6 987.8 470.8 0.45 82
SFIX R,4616522.0,
EFIX R,4616522.0,4616636 116 986.8 481.3 1352
SSACC R,4616638.0,
ESACC R,4616638.0,4616646 10 988.2 482.0 990.2 466.3 0.43 59
SFIX R,4616648.0,
EFIX R,4616648.0,4617066 420 991.3 492.2 1304
SSACC R,4617068.0,
ESACC R,4617068.0,4617092 26 992.3 499.9 1008.8 505.3 0.47 94
SFIX R,4617094.0,
EFIX R,4617094.0,4617448 356 1005.7 498.6 1314
SSACC R,4617450.0,
SBLINK R,4617496.0,
EBLINK R,4617496.0,4617542 48
ESACC R,4617450.0,4617646 198 1007.0 497.9 1011.5 467.1 0.84 914
SFIX R,4617648.0,
EFIX R,4617648.0,4617696 50 1010.8 467.7 1389
SSACC R,4617698.0,
ESACC R,4617698.0,4617726 30 1011.6 461.0 984.0 492.0 1.12 114
SFIX R,4617728.0,
EFIX R,4617728.0,4618156 430 996.1 502.2 1343
SSACC R,4618158.0,
SBLINK R,4618190.0,
EBLINK R,4618190.0,4618350 162
ESACC R,4618158.0,4618462 306 990.4 497.9 997.7 476.8 0.61 1024
SFIX R,4618464.0,
EFIX R,4618464.0,4618502 40 999.5 476.3 1348
SSACC R,4618504.0,
ESACC R,4618504.0,4618514 12 1002.8 464.9 1004.3 442.4 0.61 76
SFIX R,4618516.0,
EFIX R,4618516.0,4618560 46 1005.5 448.2 1362
SSACC R,4618562.0,
ESACC R,4618562.0,4618568 8 1005.7 459.4 1004.6 473.8 0.39 64
SFIX R,4618570.0,
EFIX R,4618570.0,4618686 118 1001.3 481.4 1348
SSACC R,4618688.0,
SBLINK R,4618744.0,
EBLINK R,4618744.0,4619030 288
ESACC R,4618688.0,4619114 428 999.5 482.4 1019.9 419.6 1.79 1299
SFIX R,4619116.0,
EFIX R,4619116.0,4619242 128 1022.4 434.5 1373
SSACC R,4619244.0,
ESACC R,4619244.0,4619262 20 1021.4 461.9 1024.0 462.1 0.07 82
SFIX R,4619264.0,
EFIX R,4619264.0,4619342 80 1027.3 441.1 1389
SSACC R,4619344.0,
SBLINK R,4619376.0,
EBLINK R,4619376.0,4621140 1766
ESACC R,4619344.0,4621162 1820 1029.8 430.8 1413.2 1113.4 20.27 932
SFIX R,4621164.0,
EFIX R,4621164.0,4621568 406 1404.4 1114.7 1402
SSACC R,4621570.0,
ESACC R,4621570.0,4621606 38 1398.3 1121.7 1259.6 1153.0 3.60 223
SFIX R,4621608.0,
EFIX R,4621608.0,4621628 22 1259.9 1138.9 1389
SSACC R,4621630.0,
SBLINK R,4621640.0,
EBLINK R,4621640.0,4621680 42
ESACC R,4621630.0,4621688 60 1251.4 1137.2 1246.5 1129.2 0.24 30
SFIX R,4621690.0,
EFIX R,4621690.0,4621730 42 1252.8 1135.7 1408
SSACC R,4621732.0,
SBLINK R,4621764.0,
EBLINK R,4621764.0,4621916 154
ESACC R,4621732.0,4622190 460 1250.1 1129.5 881.2 -62.2 31.28 1138
SFIX R,4622192.0,
EFIX R,4622192.0,4622212 22 881.6 -68.0 2425
SSACC R,4622214.0,
SBLINK R,4622326.0,
EBLINK R,4622326.0,4624182 1858
MSG,4624518.0,STORY_2_END
ESACC R,4622214.0,4624878 2666 875.8 -62.6 746.8 383.1 12.05 1443
SFIX R,4624880.0,
EFIX R,4624880.0,4624972 94 742.3 407.0 1494
SSACC R,4624974.0,
ESACC R,4624974.0,4625012 40 740.7 416.0 960.1 416.9 5.91 358
SFIX R,4625014.0,
EFIX R,4625014.0,4625218 206 947.1 431.1 1390
SSACC R,4625220.0,
ESACC R,4625220.0,4625244 26 952.0 439.0 1096.2 446.3 3.90 297
SFIX R,4625246.0,
EFIX R,4625246.0,4625402 158 1094.5 446.2 1339
SSACC R,4625404.0,
ESACC R,4625404.0,4625430 28 1093.5 446.5 1249.3 450.0 4.18 330
SFIX R,4625432.0,
EFIX R,4625432.0,4625584 154 1245.7 446.9 1338
SSACC R,4625586.0,
ESACC R,4625586.0,4625640 56 1247.1 444.9 857.1 454.1 10.46 419
SFIX R,4625642.0,
EFIX R,4625642.0,4625870 230 837.0 457.1 1400
SSACC R,4625872.0,
ESACC R,4625872.0,4625896 26 836.3 454.7 979.8 458.4 3.88 335
SFIX R,4625898.0,
EFIX R,4625898.0,4626066 170 971.6 461.7 1453
SSACC R,4626068.0,
ESACC R,4626068.0,4626094 28 972.7 462.3 1137.6 452.8 4.46 350
SFIX R,4626096.0,
EFIX R,4626096.0,4626334 240 1125.1 458.7 1486
SSACC R,4626336.0,
ESACC R,4626336.0,4626390 56 1128.8 457.5 802.0 545.5 9.12 425
SFIX R,4626392.0,
EFIX R,4626392.0,4626562 172 781.3 558.1 1501
SSACC R,4626564.0,
ESACC R,4626564.0,4626590 28 781.7 561.8 958.1 580.5 4.79 333
SFIX R,4626592.0,
EFIX R,4626592.0,4626854 264 955.3 581.1 1498
SSACC R,4626856.0,
ESACC R,4626856.0,4626896 42 951.8 582.8 782.7 577.6 4.57 174
SFIX R,4626898.0,
EFIX R,4626898.0,4627066 170 785.1 575.8 1502
SSACC R,4627068.0,
SBLINK R,4627108.0,
EBLINK R,4627108.0,4628782 1676
ESACC R,4627068.0,4628782 1716 784.6 575.4 748.1 24.0 14.50 1632
END,4628783.0,SAMPLES EVENTS RES 38.29 38.48
