event_type,timestamp,detail
MSG,1031230.0,!CAL
MSG,1031230.0,!CAL Calibration points:
MSG,1031230.0,"!CAL -31.4, -45.6 -0, -0"
MSG,1031230.0,"!CAL -32.2, -54.3 -0, -3183"
MSG,1031230.0,"!CAL -30.8, -39.8 -0, 3183"
MSG,1031230.0,"!CAL -49.5, -44.7 -6000, -0"
MSG,1031230.0,"!CAL -32.9, -48.1 6000, -0"
MSG,1031230.0,"!CAL 0.0, 0.0 0, 0"
MSG,1031230.0,"!CAL eye check box: (L,R,T,B)"
MSG,1031230.0,"!CAL href cal range: (L,R,T,B)"
MSG,1031230.0,"!CAL Cal coeff:(X=a+bx+cy+dxx+eyy,Y=f+gx+goaly+ixx+jyy)"
MSG,1031230.0,"!CAL Prenormalize: offx, offy = -31.403 -45.551"
MSG,1031230.0,!CAL Gains: cx:31484.004 lx:11616.779 rx:51351.207
MSG,1031230.0,!CAL Gains: cy:3157.982 ty:1471.494 by:3824.437
MSG,1031230.0,"!CAL Resolution (upd) at screen center: X=0.0, Y=0.1"
MSG,1031230.0,!CAL Gain Change Proportion: X: 3.420 Y: 1.599
MSG,1031230.0,!CAL X Nonlinearity Proportion too large
MSG,1031230.0,"!CAL PCR gain ratio(x,y) = 2.226, 2.004"
MSG,1031230.0,"!CAL CR gain match(x,y) = 1.010, 1.010"
MSG,1031230.0,!CAL Slip rotation correction OFF
MSG,1031230.0,!CAL CALIBRATION HV5 R RIGHT GOOD
MSG,1042222.0,!CAL
MSG,1042222.0,!CAL Calibration points:
MSG,1042222.0,"!CAL -31.4, -49.4 -0, -0"
MSG,1042222.0,"!CAL -30.1, -48.9 -0, -3183"
MSG,1042222.0,"!CAL -30.3, -42.2 -0, 3183"
MSG,1042222.0,"!CAL -49.7, -46.5 -6000, -0"
MSG,1042222.0,"!CAL -12.8, -49.6 6000, -0"
MSG,1042222.0,"!CAL 0.0, 0.0 0, 0"
MSG,1042222.0,"!CAL eye check box: (L,R,T,B)"
MSG,1042222.0,"!CAL href cal range: (L,R,T,B)"
MSG,1042222.0,"!CAL Cal coeff:(X=a+bx+cy+dxx+eyy,Y=f+gx+goaly+ixx+jyy)"
MSG,1042222.0,"!CAL Prenormalize: offx, offy = -31.436 -49.417"
MSG,1042222.0,!CAL Gains: cx:861.604 lx:319.895 rx:1662.617
MSG,1042222.0,!CAL Gains: cy:134384.891 ty:44292.371 by:156591.250
MSG,1042222.0,"!CAL Resolution (upd) at screen center: X=0.3, Y=0.0"
MSG,1042222.0,!CAL Gain Change Proportion: X: 4.197 Y: 2.535
MSG,1042222.0,!CAL X Nonlinearity Proportion too large
MSG,1042222.0,"!CAL PCR gain ratio(x,y) = 2.202, 2.111"
MSG,1042222.0,"!CAL CR gain match(x,y) = 1.010, 1.010"
MSG,1042222.0,!CAL Slip rotation correction OFF
MSG,1042223.0,!CAL CALIBRATION HV5 R RIGHT GOOD
MSG,1050980.0,!CAL
MSG,1050980.0,!CAL Calibration points:
MSG,1050980.0,"!CAL -31.6, -52.8 -0, -0"
MSG,1050980.0,"!CAL -31.8, -59.8 -0, -3183"
MSG,1050980.0,"!CAL -28.4, -49.5 -0, 3183"
MSG,1050980.0,"!CAL -35.8, -52.4 -6000, -0"
MSG,1050980.0,"!CAL -12.5, -51.6 6000, -0"
MSG,1050980.0,"!CAL 0.0, 0.0 0, 0"
MSG,1050980.0,"!CAL eye check box: (L,R,T,B)"
MSG,1050980.0,"!CAL href cal range: (L,R,T,B)"
MSG,1050980.0,"!CAL Cal coeff:(X=a+bx+cy+dxx+eyy,Y=f+gx+goaly+ixx+jyy)"
MSG,1050980.0,"!CAL Prenormalize: offx, offy = -31.608 -52.788"
MSG,1050980.0,!CAL Gains: cx:2769.020 lx:924.237 rx:4616.543
MSG,1050980.0,!CAL Gains: cy:17031.713 ty:5017.203 by:20128.064
MSG,1050980.0,"!CAL Resolution (upd) at screen center: X=0.1, Y=0.0"
MSG,1050980.0,!CAL Gain Change Proportion: X: 3.995 Y: 3.012
MSG,1050980.0,!CAL X Nonlinearity Proportion too large
MSG,1050980.0,"!CAL PCR gain ratio(x,y) = 2.178, 2.171"
MSG,1050980.0,"!CAL CR gain match(x,y) = 1.010, 1.010"
MSG,1050980.0,!CAL Slip rotation correction OFF
MSG,1050981.0,!CAL CALIBRATION HV5 R RIGHT GOOD
MSG,1066007.0,!CAL
MSG,1066007.0,!CAL Calibration points:
MSG,1066007.0,"!CAL -31.1, -49.5 -0, -0"
MSG,1066007.0,"!CAL -31.9, -54.7 -0, -3183"
MSG,1066007.0,"!CAL -30.4, -40.9 -0, 3183"
MSG,1066007.0,"!CAL -48.0, -45.1 -6000, -0"
MSG,1066007.0,"!CAL -13.0, -48.3 6000, -0"
MSG,1066007.0,"!CAL 0.0, 0.0 0, 0"
MSG,1066007.0,"!CAL eye check box: (L,R,T,B)"
MSG,1066007.0,"!CAL href cal range: (L,R,T,B)"
MSG,1066007.0,"!CAL Cal coeff:(X=a+bx+cy+dxx+eyy,Y=f+gx+goaly+ixx+jyy)"
MSG,1066007.0,"!CAL Prenormalize: offx, offy = -31.116 -49.481"
MSG,1066007.0,!CAL Gains: cx:421.878 lx:335.745 rx:601.131
MSG,1066007.0,!CAL Gains: cy:1998.542 ty:212.606 by:2502.310
MSG,1066007.0,"!CAL Resolution (upd) at screen center: X=0.6, Y=0.1"
MSG,1066007.0,!CAL Gain Change Proportion: X: 0.790 Y: 10.770
MSG,1066007.0,!CAL Y Nonlinearity Proportion too large
MSG,1066007.0,"!CAL PCR gain ratio(x,y) = 2.119, 2.021"
MSG,1066007.0,"!CAL CR gain match(x,y) = 1.010, 1.010"
MSG,1066007.0,!CAL Slip rotation correction OFF
MSG,1066007.0,!CAL CALIBRATION HV5 R RIGHT GOOD
MSG,1086771.0,"!CAL VALIDATION HV5 R RIGHT POOR ERROR 2.71 avg. 4.65 max OFFSET 2.42 deg. 8.6,91.7 pix."
MSG,1086771.0,"VALIDATE R 4POINT 0 RIGHT at 960,540 OFFSET 4.65 deg. 17.1,175.9 pix."
MSG,1086771.0,"VALIDATE R 4POINT 1 RIGHT at 960,92 OFFSET 0.17 deg. -2.0,6.1 pix."
MSG,1086771.0,"VALIDATE R 4POINT 2 RIGHT at 960,988 OFFSET 0.47 deg. 3.4,-17.8 pix."
MSG,1086771.0,"VALIDATE R 4POINT 3 RIGHT at 115,540 OFFSET 0.53 deg. 11.3,-16.8 pix."
MSG,1086771.0,"VALIDATE R 4POINT 4 RIGHT at 1805,540 OFFSET 0.36 deg. -10.4,-9.2 pix."
MSG,1090265.0,!CAL VALIDATION R ABORTED
MSG,1101318.0,!CAL
MSG,1101318.0,!CAL Calibration points:
MSG,1101318.0,"!CAL -31.9, -66.1 -0, -0"
MSG,1101318.0,"!CAL -32.0, -77.1 -0, -3183"
MSG,1101318.0,"!CAL -31.0, -60.0 -0, 3183"
MSG,1101318.0,"!CAL -50.0, -63.1 -6000, -0"
MSG,1101318.0,"!CAL -12.0, -70.6 6000, -0"
MSG,1101318.0,"!CAL 0.0, 0.0 0, 0"
MSG,1101318.0,"!CAL eye check box: (L,R,T,B)"
MSG,1101318.0,"!CAL href cal range: (L,R,T,B)"
MSG,1101318.0,"!CAL Cal coeff:(X=a+bx+cy+dxx+eyy,Y=f+gx+goaly+ixx+jyy)"
MSG,1101318.0,"!CAL Prenormalize: offx, offy = -31.929 -66.088"
MSG,1101318.0,!CAL Gains: cx:268.176 lx:309.238 rx:229.351
MSG,1101318.0,!CAL Gains: cy:2902.444 ty:791.099 by:3219.905
MSG,1101318.0,"!CAL Resolution (upd) at screen center: X=1.0, Y=0.1"
MSG,1101318.0,!CAL Gain Change Proportion: X: 0.348 Y: 3.070
MSG,1101318.0,!CAL Y gain out of range
MSG,1101318.0,"!CAL PCR gain ratio(x,y) = 2.185, 2.837"
MSG,1101318.0,"!CAL CR gain match(x,y) = 1.010, 1.010"
MSG,1101318.0,!CAL Slip rotation correction OFF
MSG,1101318.0,!CAL CALIBRATION HV5 R RIGHT GOOD
MSG,1132942.0,!CAL VALIDATION R ABORTED
MSG,1142589.0,!CAL
MSG,1142589.0,!CAL Calibration points:
MSG,1142589.0,"!CAL -31.3, -54.9 -0, -0"
MSG,1142589.0,"!CAL -32.1, -61.0 -0, -3183"
MSG,1142589.0,"!CAL -30.7, -45.0 -0, 3183"
MSG,1142589.0,"!CAL -48.7, -50.2 -6000, -0"
MSG,1142589.0,"!CAL -12.9, -54.7 6000, -0"
MSG,1142589.0,"!CAL 0.0, 0.0 0, 0"
MSG,1142589.0,"!CAL eye check box: (L,R,T,B)"
MSG,1142589.0,"!CAL href cal range: (L,R,T,B)"
MSG,1142589.0,"!CAL Cal coeff:(X=a+bx+cy+dxx+eyy,Y=f+gx+goaly+ixx+jyy)"
MSG,1142589.0,"!CAL Prenormalize: offx, offy = -31.288 -54.878"
MSG,1142589.0,!CAL Gains: cx:355.820 lx:325.795 rx:456.535
MSG,1142589.0,!CAL Gains: cy:1519.820 ty:45.238 by:1839.301
MSG,1142589.0,"!CAL Resolution (upd) at screen center: X=0.7, Y=0.2"
MSG,1142589.0,!CAL Gain Change Proportion: X: 0.401 Y: 39.658
MSG,1142589.0,!CAL Y Nonlinearity Proportion too large
MSG,1142589.0,"!CAL PCR gain ratio(x,y) = 2.153, 2.219"
MSG,1142589.0,"!CAL CR gain match(x,y) = 1.010, 1.010"
MSG,1142589.0,!CAL Slip rotation correction OFF
MSG,1142590.0,!CAL CALIBRATION HV5 R RIGHT GOOD
MSG,1162563.0,"!CAL VALIDATION HV5 R RIGHT POOR ERROR 1.18 avg. 2.46 max OFFSET 0.48 deg. 18.0,5.1 pix."
MSG,1162563.0,"VALIDATE R 4POINT 0 RIGHT at 960,540 OFFSET 1.03 deg. 9.5,38.2 pix."
MSG,1162563.0,"VALIDATE R 4POINT 1 RIGHT at 960,92 OFFSET 0.67 deg. 26.0,1.7 pix."
MSG,1162563.0,"VALIDATE R 4POINT 2 RIGHT at 960,988 OFFSET 0.79 deg. 22.0,-21.0 pix."
MSG,1162563.0,"VALIDATE R 4POINT 3 RIGHT at 115,540 OFFSET 0.34 deg. -13.0,1.3 pix."
MSG,1162563.0,"VALIDATE R 4POINT 4 RIGHT at 1805,540 OFFSET 2.46 deg. 53.2,-77.5 pix."
MSG,1167062.0,!CAL VALIDATION R ABORTED
MSG,1206619.0,!CAL
MSG,1206619.0,!CAL Calibration points:
MSG,1206619.0,"!CAL -31.5, -53.1 -0, -0"
MSG,1206619.0,"!CAL -32.9, -56.8 -0, -3183"
MSG,1206619.0,"!CAL -31.2, -43.3 -0, 3183"
MSG,1206619.0,"!CAL -50.5, -47.1 -6000, -0"
MSG,1206619.0,"!CAL -12.7, -51.5 6000, -0"
MSG,1206619.0,"!CAL 0.0, 0.0 0, 0"
MSG,1206619.0,"!CAL eye check box: (L,R,T,B)"
MSG,1206619.0,"!CAL href cal range: (L,R,T,B)"
MSG,1206619.0,"!CAL Cal coeff:(X=a+bx+cy+dxx+eyy,Y=f+gx+goaly+ixx+jyy)"
MSG,1206619.0,"!CAL Prenormalize: offx, offy = -31.522 -53.145"
MSG,1206619.0,!CAL Gains: cx:514.547 lx:325.679 rx:801.217
MSG,1206619.0,!CAL Gains: cy:5543.318 ty:1100.707 by:6537.162
MSG,1206619.0,"!CAL Resolution (upd) at screen center: X=0.5, Y=0.0"
MSG,1206619.0,!CAL Gain Change Proportion: X: 1.460 Y: 4.939
MSG,1206620.0,!CAL Y Nonlinearity Proportion too large
MSG,1206620.0,"!CAL PCR gain ratio(x,y) = 2.255, 2.129"
MSG,1206620.0,"!CAL CR gain match(x,y) = 1.010, 1.010"
MSG,1206620.0,!CAL Slip rotation correction OFF
MSG,1206620.0,!CAL CALIBRATION HV5 R RIGHT GOOD
MSG,1232823.0,!CAL VALIDATION R ABORTED
MSG,1246950.0,!CAL
MSG,1246950.0,!CAL Calibration points:
MSG,1246950.0,"!CAL -31.2, -53.7 -0, -0"
MSG,1246950.0,"!CAL -31.6, -59.8 -0, -3183"
MSG,1246950.0,"!CAL -30.6, -46.1 -0, 3183"
MSG,1246950.0,"!CAL -49.3, -49.0 -6000, -0"
MSG,1246950.0,"!CAL -12.0, -53.2 6000, -0"
MSG,1246950.0,"!CAL 0.0, 0.0 0, 0"
MSG,1246950.0,"!CAL eye check box: (L,R,T,B)"
MSG,1246950.0,"!CAL href cal range: (L,R,T,B)"
MSG,1246950.0,"!CAL Cal coeff:(X=a+bx+cy+dxx+eyy,Y=f+gx+goaly+ixx+jyy)"
MSG,1246950.0,"!CAL Prenormalize: offx, offy = -31.17 -53.699"
MSG,1246950.0,!CAL Gains: cx:363.516 lx:314.401 rx:497.817
MSG,1246950.0,!CAL Gains: cy:749.223 ty:172.280 by:957.370
MSG,1246950.0,"!CAL Resolution (upd) at screen center: X=0.7, Y=0.4"
MSG,1246950.0,!CAL Gain Change Proportion: X: 0.583 Y: 4.557
MSG,1246950.0,!CAL Y Nonlinearity Proportion too large
MSG,1246950.0,"!CAL PCR gain ratio(x,y) = 2.183, 2.160"
MSG,1246951.0,"!CAL CR gain match(x,y) = 1.010, 1.010"
MSG,1246951.0,!CAL Slip rotation correction OFF
MSG,1246951.0,!CAL CALIBRATION HV5 R RIGHT GOOD
MSG,1298095.0,!CAL VALIDATION R ABORTED
MSG,1310737.0,!CAL
MSG,1310737.0,!CAL Calibration points:
MSG,1310737.0,"!CAL -31.3, -49.6 -0, -0"
MSG,1310737.0,"!CAL -31.4, -58.0 -0, -3183"
MSG,1310737.0,"!CAL -30.3, -39.5 -0, 3183"
MSG,1310737.0,"!CAL -49.0, -46.1 -6000, -0"
MSG,1310737.0,"!CAL -12.3, -48.6 6000, -0"
MSG,1310737.0,"!CAL 0.0, 0.0 0, 0"
MSG,1310737.0,"!CAL eye check box: (L,R,T,B)"
MSG,1310737.0,"!CAL href cal range: (L,R,T,B)"
MSG,1310737.0,"!CAL Cal coeff:(X=a+bx+cy+dxx+eyy,Y=f+gx+goaly+ixx+jyy)"
MSG,1310737.0,"!CAL Prenormalize: offx, offy = -31.254 -49.558"
MSG,1310737.0,!CAL Gains: cx:324.565 lx:317.645 rx:382.887
MSG,1310737.0,!CAL Gains: cy:256.843 ty:235.601 by:366.345
MSG,1310737.0,"!CAL Resolution (upd) at screen center: X=0.8, Y=1.0"
MSG,1310738.0,!CAL Gain Change Proportion: X: 0.205 Y: 0.555
MSG,1310738.0,!CAL Gain Ratio (Gy/Gx) = 0.791
MSG,1310738.0,!CAL Bad Y/X gain ratio: 0.791
MSG,1310738.0,"!CAL PCR gain ratio(x,y) = 2.163, 2.028"
MSG,1310738.0,"!CAL CR gain match(x,y) = 1.010, 1.010"
MSG,1310738.0,!CAL Slip rotation correction OFF
MSG,1310738.0,!CAL CALIBRATION HV5 R RIGHT GOOD
MSG,1326010.0,"!CAL VALIDATION HV5 R RIGHT POOR ERROR 1.86 avg. 2.43 max OFFSET 0.83 deg. 8.1,30.3 pix."
MSG,1326010.0,"VALIDATE R 4POINT 0 RIGHT at 960,540 OFFSET 2.43 deg. 10.3,91.7 pix."
MSG,1326010.0,"VALIDATE R 4POINT 1 RIGHT at 960,92 OFFSET 0.53 deg. 11.0,-17.2 pix."
MSG,1326010.0,"VALIDATE R 4POINT 2 RIGHT at 960,988 OFFSET 0.97 deg. 15.0,-33.7 pix."
MSG,1326010.0,"VALIDATE R 4POINT 3 RIGHT at 115,540 OFFSET 0.05 deg. 1.8,-1.1 pix."
MSG,1326010.0,"VALIDATE R 4POINT 4 RIGHT at 1805,540 OFFSET 2.16 deg. -0.5,-82.2 pix."
MSG,1402146.0,!CAL VALIDATION R ABORTED
MSG,1475658.0,!CAL
MSG,1475658.0,!CAL Calibration points:
MSG,1475658.0,"!CAL -28.4, -52.0 -0, -0"
MSG,1475658.0,"!CAL -28.3, -59.5 -0, -3183"
MSG,1475658.0,"!CAL -26.7, -43.7 -0, 3183"
MSG,1475658.0,"!CAL -45.0, -50.2 -6000, -0"
MSG,1475658.0,"!CAL -10.9, -51.6 6000, -0"
MSG,1475658.0,"!CAL 0.0, 0.0 0, 0"
MSG,1475658.0,"!CAL eye check box: (L,R,T,B)"
MSG,1475658.0,"!CAL href cal range: (L,R,T,B)"
MSG,1475658.0,"!CAL Cal coeff:(X=a+bx+cy+dxx+eyy,Y=f+gx+goaly+ixx+jyy)"
MSG,1475658.0,"!CAL Prenormalize: offx, offy = -28.36 -51.968"
MSG,1475658.0,!CAL Gains: cx:339.573 lx:345.498 rx:353.715
MSG,1475658.0,!CAL Gains: cy:729.459 ty:371.816 by:841.942
MSG,1475658.0,"!CAL Resolution (upd) at screen center: X=0.8, Y=0.4"
MSG,1475658.0,!CAL Gain Change Proportion: X: 0.024 Y: 1.264
MSG,1475658.0,!CAL Gain Ratio (Gy/Gx) = 2.148
MSG,1475658.0,"!CAL PCR gain ratio(x,y) = 2.058, 1.977"
MSG,1475658.0,"!CAL CR gain match(x,y) = 1.010, 1.010"
MSG,1475658.0,!CAL Slip rotation correction OFF
MSG,1475658.0,!CAL CALIBRATION HV5 R RIGHT GOOD
MSG,1536272.0,!CAL VALIDATION R ABORTED
MSG,1687097.0,!CAL
MSG,1687097.0,!CAL Calibration points:
MSG,1687097.0,"!CAL -33.8, -45.1 -0, -0"
MSG,1687097.0,"!CAL -33.4, -52.5 -0, -3183"
MSG,1687097.0,"!CAL -33.4, -36.1 -0, 3183"
MSG,1687097.0,"!CAL -50.7, -41.7 -6000, -0"
MSG,1687097.0,"!CAL -14.9, -44.4 6000, -0"
MSG,1687097.0,"!CAL 0.0, 0.0 0, 0"
MSG,1687097.0,"!CAL eye check box: (L,R,T,B)"
MSG,1687097.0,"!CAL href cal range: (L,R,T,B)"
MSG,1687097.0,"!CAL Cal coeff:(X=a+bx+cy+dxx+eyy,Y=f+gx+goaly+ixx+jyy)"
MSG,1687097.0,"!CAL Prenormalize: offx, offy = -33.838 -45.064"
MSG,1687097.0,!CAL Gains: cx:303.340 lx:311.360 rx:374.325
MSG,1687097.0,!CAL Gains: cy:352.860 ty:212.433 by:548.604
MSG,1687097.0,"!CAL Resolution (upd) at screen center: X=0.9, Y=0.7"
MSG,1687097.0,!CAL Gain Change Proportion: X: 0.202 Y: 1.582
MSG,1687097.0,!CAL Gain Ratio (Gy/Gx) = 1.163
MSG,1687097.0,"!CAL PCR gain ratio(x,y) = 2.172, 2.163"
MSG,1687097.0,"!CAL CR gain match(x,y) = 1.010, 1.010"
MSG,1687097.0,!CAL Slip rotation correction OFF
MSG,1687097.0,!CAL CALIBRATION HV5 R RIGHT GOOD
MSG,1727147.0,"!CAL VALIDATION HV5 R RIGHT POOR ERROR 1.57 avg. 2.58 max OFFSET 0.93 deg. -32.9,14.5 pix."
MSG,1727147.0,"VALIDATE R 4POINT 0 RIGHT at 960,540 OFFSET 1.67 deg. -24.3,59.1 pix."
MSG,1727147.0,"VALIDATE R 4POINT 1 RIGHT at 960,92 OFFSET 1.18 deg. -31.5,-32.5 pix."
MSG,1727147.0,"VALIDATE R 4POINT 2 RIGHT at 960,988 OFFSET 0.36 deg. -2.8,-13.4 pix."
MSG,1727147.0,"VALIDATE R 4POINT 3 RIGHT at 115,540 OFFSET 2.58 deg. -78.0,-61.7 pix."
MSG,1727147.0,"VALIDATE R 4POINT 4 RIGHT at 1805,540 OFFSET 0.89 deg. -27.7,20.5 pix."
MSG,1792414.0,!CAL VALIDATION R ABORTED
MSG,1800077.0,!CAL
MSG,1800077.0,!CAL Calibration points:
MSG,1800077.0,"!CAL -39.1, -51.7 -0, -0"
MSG,1800077.0,"!CAL -38.5, -60.0 -0, -3183"
MSG,1800077.0,"!CAL -38.8, -41.6 -0, 3183"
MSG,1800077.0,"!CAL -60.0, -48.6 -6000, -0"
MSG,1800077.0,"!CAL -19.3, -50.7 6000, -0"
MSG,1800077.0,"!CAL 0.0, 0.0 0, 0"
MSG,1800077.0,"!CAL eye check box: (L,R,T,B)"
MSG,1800077.0,"!CAL href cal range: (L,R,T,B)"
MSG,1800077.0,"!CAL Cal coeff:(X=a+bx+cy+dxx+eyy,Y=f+gx+goaly+ixx+jyy)"
MSG,1800077.0,"!CAL Prenormalize: offx, offy = -39.081 -51.709"
MSG,1800077.0,!CAL Gains: cx:366.928 lx:307.024 rx:454.012
MSG,1800077.0,!CAL Gains: cy:302.399 ty:174.217 by:483.910
MSG,1800077.0,"!CAL Resolution (upd) at screen center: X=0.7, Y=0.9"
MSG,1800077.0,!CAL Gain Change Proportion: X: 0.479 Y: 1.778
MSG,1800077.0,!CAL Gain Ratio (Gy/Gx) = 0.824
MSG,1800077.0,!CAL Bad Y/X gain ratio: 0.824
MSG,1800077.0,"!CAL PCR gain ratio(x,y) = 2.513, 2.453"
MSG,1800077.0,"!CAL CR gain match(x,y) = 1.010, 1.010"
MSG,1800077.0,!CAL Slip rotation correction OFF
MSG,1800077.0,!CAL CALIBRATION HV5 R RIGHT GOOD
MSG,1852541.0,"!CAL VALIDATION HV5 R RIGHT FAIR ERROR 1.05 avg. 1.91 max OFFSET 0.72 deg. 15.5,22.8 pix."
MSG,1852541.0,"VALIDATE R 4POINT 0 RIGHT at 960,540 OFFSET 0.91 deg. 3.4,34.2 pix."
MSG,1852541.0,"VALIDATE R 4POINT 1 RIGHT at 960,92 OFFSET 1.42 deg. -13.9,52.4 pix."
MSG,1852541.0,"VALIDATE R 4POINT 2 RIGHT at 960,988 OFFSET 0.23 deg. -8.8,-1.9 pix."
MSG,1852541.0,"VALIDATE R 4POINT 3 RIGHT at 115,540 OFFSET 0.64 deg. 24.7,-1.4 pix."
MSG,1852541.0,"VALIDATE R 4POINT 4 RIGHT at 1805,540 OFFSET 1.91 deg. 73.9,-1.9 pix."
MSG,1865649.0,!CAL VALIDATION R ABORTED
MSG,1877576.0,!CAL
MSG,1877576.0,!CAL Calibration points:
MSG,1877576.0,"!CAL -34.4, -37.6 -0, -0"
MSG,1877576.0,"!CAL -34.5, -43.6 -0, -3183"
MSG,1877576.0,"!CAL -33.8, -30.7 -0, 3183"
MSG,1877576.0,"!CAL -52.3, -34.5 -6000, -0"
MSG,1877576.0,"!CAL -15.3, -38.4 6000, -0"
MSG,1877576.0,"!CAL 0.0, 0.0 0, 0"
MSG,1877576.0,"!CAL eye check box: (L,R,T,B)"
MSG,1877576.0,"!CAL href cal range: (L,R,T,B)"
MSG,1877576.0,"!CAL Cal coeff:(X=a+bx+cy+dxx+eyy,Y=f+gx+goaly+ixx+jyy)"
MSG,1877576.0,"!CAL Prenormalize: offx, offy = -34.35 -37.643"
MSG,1877576.0,!CAL Gains: cx:298.784 lx:312.273 rx:323.155
MSG,1877576.0,!CAL Gains: cy:213.782 ty:207.157 by:484.367
MSG,1877576.0,"!CAL Resolution (upd) at screen center: X=0.9, Y=1.2"
MSG,1877576.0,!CAL Gain Change Proportion: X: 0.035 Y: 1.338
MSG,1877576.0,!CAL Gain Ratio (Gy/Gx) = 0.716
MSG,1877576.0,!CAL Bad Y/X gain ratio: 0.716
MSG,1877576.0,"!CAL PCR gain ratio(x,y) = 2.195, 1.767"
MSG,1877576.0,"!CAL CR gain match(x,y) = 1.010, 1.010"
MSG,1877576.0,!CAL Slip rotation correction OFF
MSG,1877576.0,!CAL CALIBRATION HV5 R RIGHT GOOD
MSG,1942857.0,!CAL VALIDATION R ABORTED
MSG,1951447.0,!CAL
MSG,1951447.0,!CAL Calibration points:
MSG,1951447.0,"!CAL -42.8, -45.4 -0, -0"
MSG,1951447.0,"!CAL -43.6, -50.5 -0, -3183"
MSG,1951447.0,"!CAL -43.9, -35.3 -0, 3183"
MSG,1951447.0,"!CAL -65.0, -42.4 -6000, -0"
MSG,1951447.0,"!CAL -20.3, -44.8 6000, -0"
MSG,1951447.0,"!CAL 0.0, 0.0 0, 0"
MSG,1951447.0,"!CAL eye check box: (L,R,T,B)"
MSG,1951447.0,"!CAL href cal range: (L,R,T,B)"
MSG,1951447.0,"!CAL Cal coeff:(X=a+bx+cy+dxx+eyy,Y=f+gx+goaly+ixx+jyy)"
MSG,1951447.0,"!CAL Prenormalize: offx, offy = -42.763 -45.404"
MSG,1951447.0,!CAL Gains: cx:306.548 lx:267.910 rx:388.561
MSG,1951447.0,!CAL Gains: cy:2228.199 ty:868.986 by:3371.942
MSG,1951447.0,"!CAL Resolution (upd) at screen center: X=0.9, Y=0.1"
MSG,1951447.0,!CAL Gain Change Proportion: X: 0.450 Y: 2.880
MSG,1951447.0,!CAL Y gain out of range
MSG,1951447.0,"!CAL PCR gain ratio(x,y) = 2.762, 2.169"
MSG,1951447.0,"!CAL CR gain match(x,y) = 1.010, 1.010"
MSG,1951447.0,!CAL Slip rotation correction OFF
MSG,1951447.0,!CAL CALIBRATION HV5 R RIGHT GOOD
MSG,1994743.0,"!CAL VALIDATION HV5 R RIGHT POOR ERROR 3.72 avg. 5.09 max OFFSET 2.10 deg. 4.1,80.3 pix."
MSG,1994743.0,"VALIDATE R 4POINT 0 RIGHT at 960,540 OFFSET 5.09 deg. -9.5,194.2 pix."
MSG,1994743.0,"VALIDATE R 4POINT 1 RIGHT at 960,92 OFFSET 2.98 deg. 46.3,-104.2 pix."
MSG,1994743.0,"VALIDATE R 4POINT 2 RIGHT at 960,988 OFFSET 1.36 deg. 49.8,15.4 pix."
MSG,1994743.0,"VALIDATE R 4POINT 3 RIGHT at 115,540 OFFSET 2.56 deg. -55.9,-80.3 pix."
MSG,1994743.0,"VALIDATE R 4POINT 4 RIGHT at 1805,540 OFFSET 0.46 deg. 15.6,-8.3 pix."
MSG,1999741.0,!CAL VALIDATION R ABORTED
MSG,2018278.0,!CAL
MSG,2018278.0,!CAL Calibration points:
MSG,2018278.0,"!CAL -37.7, -39.3 -0, -0"
MSG,2018278.0,"!CAL -37.7, -47.2 -0, -3183"
MSG,2018278.0,"!CAL -37.7, -32.1 -0, 3183"
MSG,2018278.0,"!CAL -57.5, -38.5 -6000, -0"
MSG,2018278.0,"!CAL -17.7, -39.3 6000, -0"
MSG,2018278.0,"!CAL 0.0, 0.0 0, 0"
MSG,2018278.0,"!CAL eye check box: (L,R,T,B)"
MSG,2018278.0,"!CAL href cal range: (L,R,T,B)"
MSG,2018278.0,"!CAL Cal coeff:(X=a+bx+cy+dxx+eyy,Y=f+gx+goaly+ixx+jyy)"
MSG,2018278.0,"!CAL Prenormalize: offx, offy = -37.748 -39.303"
MSG,2018278.0,!CAL Gains: cx:294.274 lx:298.950 rx:293.193
MSG,2018278.0,!CAL Gains: cy:738.540 ty:569.139 by:890.370
MSG,2018278.0,"!CAL Resolution (upd) at screen center: X=0.9, Y=0.4"
MSG,2018278.0,!CAL Gain Change Proportion: X: 0.020 Y: 0.564
MSG,2018278.0,!CAL Gain Ratio (Gy/Gx) = 2.510
MSG,2018278.0,"!CAL PCR gain ratio(x,y) = 2.381, 1.957"
MSG,2018278.0,"!CAL CR gain match(x,y) = 1.010, 1.010"
MSG,2018278.0,!CAL Slip rotation correction OFF
MSG,2018279.0,!CAL CALIBRATION HV5 R RIGHT GOOD
MSG,2089615.0,!CAL VALIDATION R ABORTED
MSG,2112880.0,!CAL
MSG,2112880.0,!CAL Calibration points:
MSG,2112880.0,"!CAL -38.0, -41.5 -0, -0"
MSG,2112880.0,"!CAL -36.7, -48.9 -0, -3183"
MSG,2112880.0,"!CAL -37.9, -33.4 -0, 3183"
MSG,2112880.0,"!CAL -56.5, -40.6 -6000, -0"
MSG,2112880.0,"!CAL -18.1, -40.8 6000, -0"
MSG,2112880.0,"!CAL 0.0, 0.0 0, 0"
MSG,2112880.0,"!CAL eye check box: (L,R,T,B)"
MSG,2112880.0,"!CAL href cal range: (L,R,T,B)"
MSG,2112880.0,"!CAL Cal coeff:(X=a+bx+cy+dxx+eyy,Y=f+gx+goaly+ixx+jyy)"
MSG,2112880.0,"!CAL Prenormalize: offx, offy = -38.004 -41.531"
MSG,2112880.0,!CAL Gains: cx:267.495 lx:296.440 rx:258.555
MSG,2112880.0,!CAL Gains: cy:429.199 ty:329.189 by:604.015
MSG,2112880.0,"!CAL Resolution (upd) at screen center: X=1.0, Y=0.6"
MSG,2112880.0,!CAL Gain Change Proportion: X: 0.147 Y: 0.835
MSG,2112880.0,!CAL Gain Ratio (Gy/Gx) = 1.605
MSG,2112880.0,"!CAL PCR gain ratio(x,y) = 2.332, 1.989"
MSG,2112880.0,"!CAL CR gain match(x,y) = 1.010, 1.010"
MSG,2112880.0,!CAL Slip rotation correction OFF
MSG,2112881.0,!CAL CALIBRATION HV5 R RIGHT GOOD
MSG,2165550.0,!CAL VALIDATION R ABORTED
MSG,2244019.0,!CAL
MSG,2244019.0,!CAL Calibration points:
MSG,2244019.0,"!CAL -35.4, -39.5 -0, -0"
MSG,2244019.0,"!CAL -35.7, -47.9 -0, -3183"
MSG,2244019.0,"!CAL -35.2, -31.0 -0, 3183"
MSG,2244019.0,"!CAL -54.4, -38.3 -6000, -0"
MSG,2244019.0,"!CAL -14.5, -39.6 6000, -0"
MSG,2244019.0,"!CAL 0.0, 0.0 0, 0"
MSG,2244019.0,"!CAL eye check box: (L,R,T,B)"
MSG,2244019.0,"!CAL href cal range: (L,R,T,B)"
MSG,2244019.0,"!CAL Cal coeff:(X=a+bx+cy+dxx+eyy,Y=f+gx+goaly+ixx+jyy)"
MSG,2244019.0,"!CAL Prenormalize: offx, offy = -35.403 -39.534"
MSG,2244019.0,!CAL Gains: cx:243.129 lx:285.536 rx:209.375
MSG,2244019.0,!CAL Gains: cy:341.205 ty:362.186 by:325.869
MSG,2244019.0,"!CAL Resolution (upd) at screen center: X=1.1, Y=0.8"
MSG,2244019.0,!CAL Gain Change Proportion: X: 0.364 Y: 0.111
MSG,2244019.0,!CAL Gain Ratio (Gy/Gx) = 1.403
MSG,2244019.0,"!CAL PCR gain ratio(x,y) = 2.213, 1.934"
MSG,2244019.0,"!CAL CR gain match(x,y) = 1.010, 1.010"
MSG,2244019.0,!CAL Slip rotation correction OFF
MSG,2244019.0,!CAL CALIBRATION HV5 R RIGHT GOOD
MSG,2258871.0,"!CAL VALIDATION HV5 R RIGHT GOOD ERROR 0.45 avg. 0.98 max OFFSET 0.18 deg. 1.8,6.7 pix."
MSG,2258871.0,"VALIDATE R 4POINT 0 RIGHT at 960,540 OFFSET 0.36 deg. -1.6,13.4 pix."
MSG,2258871.0,"VALIDATE R 4POINT 1 RIGHT at 960,92 OFFSET 0.98 deg. 35.6,-11.6 pix."
MSG,2258871.0,"VALIDATE R 4POINT 2 RIGHT at 960,988 OFFSET 0.25 deg. 4.3,8.4 pix."
MSG,2258871.0,"VALIDATE R 4POINT 3 RIGHT at 115,540 OFFSET 0.56 deg. -14.6,15.5 pix."
MSG,2258871.0,"VALIDATE R 4POINT 4 RIGHT at 1805,540 OFFSET 0.73 deg. -0.2,-27.7 pix."
MSG,2271717.0,NO Reply is disabled for function eyelink_cal_result
MSG,2353320.0,ALL_STORY_START
MSG,2353325.0,RECCFG CR 500 2 0 R
MSG,2353325.0,ELCLCFG MTABLER
MSG,2353325.0,GAZE_COORDS 0.00 0.00 1920.00 1080.00
MSG,2353325.0,THRESHOLDS R 56 202
MSG,2353325.0,ELCL_WINDOW_SIZES 176 188 0 0
MSG,2353325.0,CAMERA_LENS_FOCAL_LENGTH 38.00
MSG,2353325.0,PUPIL_DATA_TYPE RAW_AUTOSLIP
MSG,2353325.0,ELCL_PROC ELLIPSE (5)
MSG,2353325.0,ELCL_EFIT_PARAMS 1.01 4.00 0.15 0.05 0.65 0.65 0.00 0.00 0.30
MSG,2353326.0,!MODE RECORD CR 500 2 0 R
START,2353327.0,RIGHT SAMPLES EVENTS
SFIX R,2353357.0,
EFIX R,2353357.0,2353695 340 551.0 341.5 1498
SSACC R,2353697.0,
ESACC R,2353697.0,2353729 34 557.8 337.6 485.0 389.6 2.33 168
SFIX R,2353731.0,
EFIX R,2353731.0,2353823 94 496.5 377.5 1532
SSACC R,2353825.0,
SBLINK R,2353863.0,
EBLINK R,2353863.0,2354093 232
ESACC R,2353825.0,2354397 574 502.2 360.6 934.9 374.3 11.44 1987
SFIX R,2354399.0,
EFIX R,2354399.0,2354425 28 936.7 385.7 1593
SSACC R,2354427.0,
ESACC R,2354427.0,2354449 24 935.0 399.3 936.2 381.9 0.47 57
SFIX R,2354451.0,
EFIX R,2354451.0,2354845 396 916.0 405.5 1539
SSACC R,2354847.0,
ESACC R,2354847.0,2354885 40 903.5 429.1 920.8 411.2 0.67 88
SFIX R,2354887.0,
EFIX R,2354887.0,2354979 94 923.1 421.2 1495
SSACC R,2354981.0,
ESACC R,2354981.0,2355007 28 926.2 431.2 924.6 421.3 0.27 64
SFIX R,2355009.0,
EFIX R,2355009.0,2355251 244 934.2 408.8 1491
SSACC R,2355253.0,
ESACC R,2355253.0,2355353 102 945.0 412.2 958.5 398.1 0.53 80
SFIX R,2355355.0,
EFIX R,2355355.0,2355483 130 960.4 403.2 1473
SSACC R,2355485.0,
ESACC R,2355485.0,2355493 10 962.0 386.7 960.1 404.9 0.49 59
SFIX R,2355495.0,
EFIX R,2355495.0,2355543 50 965.3 401.2 1492
SSACC R,2355545.0,
ESACC R,2355545.0,2355555 12 967.3 412.0 966.9 406.3 0.15 57
SFIX R,2355557.0,
EFIX R,2355557.0,2355599 44 968.4 404.9 1505
SSACC R,2355601.0,
ESACC R,2355601.0,2355615 16 968.8 397.0 971.4 418.3 0.58 61
SFIX R,2355617.0,
EFIX R,2355617.0,2355899 284 968.3 409.3 1543
SSACC R,2355901.0,
ESACC R,2355901.0,2355907 8 970.0 419.4 966.9 403.9 0.43 61
SFIX R,2355909.0,
EFIX R,2355909.0,2356049 142 968.1 405.8 1576
SSACC R,2356051.0,
ESACC R,2356051.0,2356075 26 970.1 409.6 964.6 403.8 0.22 65
SFIX R,2356077.0,
EFIX R,2356077.0,2356219 144 962.7 403.9 1598
SSACC R,2356221.0,
ESACC R,2356221.0,2356275 56 966.5 397.6 963.5 398.8 0.09 86
SFIX R,2356277.0,
EFIX R,2356277.0,2356387 112 961.2 401.7 1621
SSACC R,2356389.0,
ESACC R,2356389.0,2356397 10 961.4 396.0 964.5 403.8 0.23 74
SFIX R,2356399.0,
EFIX R,2356399.0,2356555 158 964.2 393.2 1653
SSACC R,2356557.0,
ESACC R,2356557.0,2356565 10 964.3 405.7 966.0 401.7 0.12 59
SFIX R,2356567.0,
EFIX R,2356567.0,2356937 372 966.1 383.9 1693
SSACC R,2356939.0,
ESACC R,2356939.0,2356987 50 966.5 399.4 972.2 378.4 0.59 81
SFIX R,2356989.0,
EFIX R,2356989.0,2357069 82 969.2 391.6 1686
SSACC R,2357071.0,
ESACC R,2357071.0,2357145 76 970.6 393.2 967.7 394.5 0.09 75
SFIX R,2357147.0,
EFIX R,2357147.0,2357331 186 966.1 405.7 1646
SSACC R,2357333.0,
ESACC R,2357333.0,2357415 84 964.0 420.5 962.7 394.5 0.70 58
SFIX R,2357417.0,
EFIX R,2357417.0,2357467 52 964.8 404.9 1617
SSACC R,2357469.0,
ESACC R,2357469.0,2357541 74 964.4 412.3 965.0 409.4 0.08 77
SFIX R,2357543.0,
EFIX R,2357543.0,2357571 30 965.1 405.3 1617
SSACC R,2357573.0,
ESACC R,2357573.0,2357583 12 962.8 400.9 963.7 414.1 0.36 56
SFIX R,2357585.0,
EFIX R,2357585.0,2357739 156 969.4 405.1 1618
SSACC R,2357741.0,
ESACC R,2357741.0,2357761 22 971.1 392.8 974.1 407.8 0.41 76
SFIX R,2357763.0,
EFIX R,2357763.0,2357913 152 972.2 409.2 1617
SSACC R,2357915.0,
ESACC R,2357915.0,2357941 28 970.5 413.3 973.3 415.5 0.10 57
SFIX R,2357943.0,
EFIX R,2357943.0,2358051 110 971.0 412.9 1620
SSACC R,2358053.0,
ESACC R,2358053.0,2358077 26 970.4 420.7 968.4 414.7 0.17 63
SFIX R,2358079.0,
EFIX R,2358079.0,2358333 256 971.4 412.4 1627
SSACC R,2358335.0,
ESACC R,2358335.0,2358353 20 990.2 402.0 984.5 403.5 0.16 66
SFIX R,2358355.0,
EFIX R,2358355.0,2358505 152 986.5 420.9 1598
SSACC R,2358507.0,
ESACC R,2358507.0,2358525 20 985.0 437.3 986.3 435.8 0.05 74
SFIX R,2358527.0,
EFIX R,2358527.0,2358579 54 984.8 443.4 1527
SSACC R,2358581.0,
ESACC R,2358581.0,2358655 76 986.1 452.7 969.4 462.7 0.53 81
SFIX R,2358657.0,
EFIX R,2358657.0,2358763 108 961.9 460.5 1456
SSACC R,2358765.0,
ESACC R,2358765.0,2358779 16 957.7 455.1 956.7 459.3 0.12 76
SFIX R,2358781.0,
EFIX R,2358781.0,2359009 230 954.5 451.8 1465
SSACC R,2359011.0,
ESACC R,2359011.0,2359023 14 955.7 440.0 951.9 439.8 0.10 71
SFIX R,2359025.0,
EFIX R,2359025.0,2359055 32 955.8 440.9 1497
SSACC R,2359057.0,
ESACC R,2359057.0,2359149 94 954.3 444.1 972.2 435.4 0.54 129
SFIX R,2359151.0,
EFIX R,2359151.0,2359275 126 976.6 417.7 1539
SSACC R,2359277.0,
ESACC R,2359277.0,2359343 68 984.9 421.4 969.2 403.1 0.65 93
SFIX R,2359345.0,
EFIX R,2359345.0,2359415 72 965.0 400.3 1569
SSACC R,2359417.0,
ESACC R,2359417.0,2359441 26 965.5 387.1 967.7 391.7 0.14 89
SFIX R,2359443.0,
EFIX R,2359443.0,2359517 76 968.9 391.3 1584
SSACC R,2359519.0,
ESACC R,2359519.0,2359559 42 968.2 400.3 961.0 403.3 0.21 89
SFIX R,2359561.0,
EFIX R,2359561.0,2359633 74 963.1 398.3 1584
SSACC R,2359635.0,
ESACC R,2359635.0,2359689 56 965.4 394.9 965.5 401.9 0.19 73
SFIX R,2359691.0,
EFIX R,2359691.0,2359781 92 963.7 412.9 1561
SSACC R,2359783.0,
ESACC R,2359783.0,2359865 84 961.0 431.4 966.8 435.9 0.20 74
SFIX R,2359867.0,
EFIX R,2359867.0,2360235 370 975.2 440.6 1474
SSACC R,2360237.0,
ESACC R,2360237.0,2360251 16 981.0 428.7 980.8 447.0 0.50 76
SFIX R,2360253.0,
EFIX R,2360253.0,2360315 64 981.8 432.7 1470
SSACC R,2360317.0,
SBLINK R,2360703.0,
EBLINK R,2360703.0,2361265 564
ESACC R,2360317.0,2361429 1114 987.7 445.8 980.7 412.9 0.91 888
SFIX R,2361431.0,
EFIX R,2361431.0,2361581 152 976.3 398.6 1514
SSACC R,2361583.0,
ESACC R,2361583.0,2361793 212 974.0 389.8 983.8 423.3 0.94 110
SFIX R,2361795.0,
EFIX R,2361795.0,2361869 76 983.0 437.7 1286
SSACC R,2361871.0,
ESACC R,2361871.0,2361895 26 980.7 435.8 963.0 450.2 0.62 97
SFIX R,2361897.0,
EFIX R,2361897.0,2361947 52 958.3 440.9 1236
SSACC R,2361949.0,
ESACC R,2361949.0,2361961 14 954.1 450.4 954.8 432.8 0.48 70
SFIX R,2361963.0,
EFIX R,2361963.0,2362205 244 953.2 447.2 1199
SSACC R,2362207.0,
ESACC R,2362207.0,2362229 24 951.4 457.0 957.4 459.0 0.17 77
SFIX R,2362231.0,
EFIX R,2362231.0,2362303 74 963.3 451.9 1191
SSACC R,2362305.0,
SBLINK R,2362341.0,
EBLINK R,2362341.0,2362499 160
ESACC R,2362305.0,2362635 332 974.0 442.3 994.0 411.9 0.99 2075
SFIX R,2362637.0,
EFIX R,2362637.0,2363957 1322 981.8 440.2 1258
SSACC R,2363959.0,
ESACC R,2363959.0,2363971 14 982.6 450.7 986.8 466.8 0.45 68
SFIX R,2363973.0,
EFIX R,2363973.0,2364195 224 987.7 460.7 1240
SSACC R,2364197.0,
ESACC R,2364197.0,2364217 22 994.0 461.1 1001.8 458.3 0.22 65
SFIX R,2364219.0,
EFIX R,2364219.0,2364329 112 1000.8 493.4 1244
SSACC R,2364331.0,
SBLINK R,2364379.0,
EBLINK R,2364379.0,2365063 686
ESACC R,2364331.0,2365287 958 1004.5 504.2 999.0 456.1 1.31 1837
SFIX R,2365289.0,
EFIX R,2365289.0,2365413 126 1006.2 466.8 1180
SSACC R,2365415.0,
ESACC R,2365415.0,2365421 8 1006.3 467.2 1004.7 467.5 0.04 52
SFIX R,2365423.0,
EFIX R,2365423.0,2365701 280 991.0 486.2 1057
SSACC R,2365703.0,
ESACC R,2365703.0,2365723 22 975.4 493.7 989.3 460.3 0.98 111
SFIX R,2365725.0,
EFIX R,2365725.0,2365815 92 981.1 476.8 957
SSACC R,2365817.0,
ESACC R,2365817.0,2365983 168 977.3 478.9 978.7 480.2 0.05 73
SFIX R,2365985.0,
EFIX R,2365985.0,2366237 254 983.9 479.0 1048
SSACC R,2366239.0,
SBLINK R,2366295.0,
EBLINK R,2366295.0,2366447 154
ESACC R,2366239.0,2366707 470 994.4 471.0 1005.1 465.5 0.33 2617
SFIX R,2366709.0,
EFIX R,2366709.0,2366765 58 1007.2 468.0 1226
SSACC R,2366767.0,
ESACC R,2366767.0,2367013 248 1007.7 465.1 1027.9 456.9 0.59 128
SFIX R,2367015.0,
EFIX R,2367015.0,2367067 54 1027.8 460.6 1296
SSACC R,2367069.0,
ESACC R,2367069.0,2367103 36 1027.8 470.1 1007.9 459.6 0.61 110
SFIX R,2367105.0,
EFIX R,2367105.0,2367145 42 1004.8 457.1 1304
SSACC R,2367147.0,
ESACC R,2367147.0,2367165 20 1003.2 449.2 1001.7 456.7 0.21 102
SFIX R,2367167.0,
EFIX R,2367167.0,2367545 380 1003.0 458.1 1303
SSACC R,2367547.0,
ESACC R,2367547.0,2367577 32 1005.5 452.1 1002.5 455.2 0.12 69
SFIX R,2367579.0,
EFIX R,2367579.0,2367797 220 1003.2 466.8 1313
SSACC R,2367799.0,
ESACC R,2367799.0,2367805 8 1001.5 483.6 1001.7 475.6 0.22 56
SFIX R,2367807.0,
EFIX R,2367807.0,2367841 36 1005.2 472.2 1334
SSACC R,2367843.0,
ESACC R,2367843.0,2367901 60 1002.5 464.9 1000.2 483.0 0.49 66
SFIX R,2367903.0,
EFIX R,2367903.0,2367971 70 1006.9 487.5 1347
SSACC R,2367973.0,
ESACC R,2367973.0,2367997 26 1007.1 489.9 1008.1 505.5 0.42 77
SFIX R,2367999.0,
EFIX R,2367999.0,2368119 122 1003.8 507.7 1355
SSACC R,2368121.0,
ESACC R,2368121.0,2368135 16 999.3 525.8 1000.9 515.6 0.28 89
SFIX R,2368137.0,
EFIX R,2368137.0,2368195 60 1000.4 518.8 1358
SSACC R,2368197.0,
ESACC R,2368197.0,2368227 32 998.5 517.4 1000.0 520.3 0.09 106
SFIX R,2368229.0,
EFIX R,2368229.0,2368353 126 1004.6 520.2 1363
SSACC R,2368355.0,
ESACC R,2368355.0,2368439 86 1008.9 514.5 1012.5 513.6 0.10 75
SFIX R,2368441.0,
EFIX R,2368441.0,2368497 58 1011.5 511.0 1378
SSACC R,2368499.0,
ESACC R,2368499.0,2368549 52 1014.2 499.8 1014.6 508.2 0.23 88
SFIX R,2368551.0,
EFIX R,2368551.0,2368689 140 1017.8 506.9 1379
SSACC R,2368691.0,
ESACC R,2368691.0,2368899 210 1022.8 490.9 1020.5 492.5 0.08 107
SFIX R,2368901.0,
EFIX R,2368901.0,2368929 30 1019.1 486.1 1419
SSACC R,2368931.0,
ESACC R,2368931.0,2369303 374 1016.2 473.8 1003.9 464.4 0.42 121
SFIX R,2369305.0,
EFIX R,2369305.0,2369337 34 1000.7 467.3 1434
SSACC R,2369339.0,
ESACC R,2369339.0,2369423 86 999.9 471.6 1011.8 484.6 0.48 103
SFIX R,2369425.0,
EFIX R,2369425.0,2369479 56 1011.1 477.5 1424
SSACC R,2369481.0,
ESACC R,2369481.0,2369909 430 1008.2 478.4 993.5 494.8 0.60 130
SFIX R,2369911.0,
EFIX R,2369911.0,2369969 60 998.3 498.4 1416
SSACC R,2369971.0,
ESACC R,2369971.0,2370009 40 998.8 499.0 995.4 503.3 0.15 94
SFIX R,2370011.0,
EFIX R,2370011.0,2370105 96 997.2 501.7 1414
SSACC R,2370107.0,
ESACC R,2370107.0,2370239 134 999.6 510.4 1001.5 511.8 0.06 75
SFIX R,2370241.0,
EFIX R,2370241.0,2370393 154 1004.0 509.9 1396
SSACC R,2370395.0,
ESACC R,2370395.0,2370599 206 1007.6 527.0 1007.4 499.6 0.74 111
SFIX R,2370601.0,
EFIX R,2370601.0,2370717 118 1005.2 484.2 1402
SSACC R,2370719.0,
ESACC R,2370719.0,2370775 58 1003.1 493.0 999.3 486.7 0.20 118
SFIX R,2370777.0,
EFIX R,2370777.0,2370797 22 1000.7 477.9 1412
SSACC R,2370799.0,
ESACC R,2370799.0,2370943 146 1001.2 471.0 1021.1 468.3 0.54 89
SFIX R,2370945.0,
EFIX R,2370945.0,2370985 42 1019.8 478.4 1421
SSACC R,2370987.0,
ESACC R,2370987.0,2371153 168 1020.1 496.2 1007.4 439.2 1.58 99
SFIX R,2371155.0,
EFIX R,2371155.0,2371191 38 1006.0 455.1 1460
SSACC R,2371193.0,
ESACC R,2371193.0,2371609 418 1005.0 445.9 1011.2 442.1 0.20 100
SFIX R,2371611.0,
EFIX R,2371611.0,2371615 6 1012.2 442.8 1512
SSACC R,2371617.0,
ESACC R,2371617.0,2371651 36 1016.9 445.8 1014.8 434.4 0.31 98
SFIX R,2371653.0,
EFIX R,2371653.0,2371697 46 1015.4 436.3 1526
SSACC R,2371699.0,
ESACC R,2371699.0,2371785 88 1018.6 432.4 1015.7 428.9 0.12 132
SFIX R,2371787.0,
EFIX R,2371787.0,2371881 96 1013.5 438.4 1543
SSACC R,2371883.0,
ESACC R,2371883.0,2372401 520 1013.2 433.5 1020.8 480.9 1.30 104
SFIX R,2372403.0,
EFIX R,2372403.0,2372459 58 1024.6 470.5 1520
SSACC R,2372461.0,
ESACC R,2372461.0,2372515 56 1023.3 455.7 1023.6 470.8 0.41 61
SFIX R,2372517.0,
EFIX R,2372517.0,2372553 38 1024.6 474.4 1509
SSACC R,2372555.0,
ESACC R,2372555.0,2372683 130 1023.8 480.5 1024.6 475.2 0.15 85
SFIX R,2372685.0,
EFIX R,2372685.0,2372713 30 1028.7 468.3 1501
SSACC R,2372715.0,
ESACC R,2372715.0,2372731 18 1029.9 475.4 1027.3 460.1 0.42 93
SFIX R,2372733.0,
EFIX R,2372733.0,2372841 110 1029.7 467.2 1495
SSACC R,2372843.0,
ESACC R,2372843.0,2372939 98 1030.7 469.4 1030.2 462.8 0.18 88
SFIX R,2372941.0,
EFIX R,2372941.0,2372991 52 1029.0 463.7 1486
SSACC R,2372993.0,
ESACC R,2372993.0,2373229 238 1028.0 462.7 1046.3 466.1 0.50 131
SFIX R,2373231.0,
EFIX R,2373231.0,2373363 134 1043.3 461.3 1487
SSACC R,2373365.0,
ESACC R,2373365.0,2373383 20 1041.0 481.2 1043.0 461.5 0.54 60
SFIX R,2373385.0,
EFIX R,2373385.0,2373413 30 1041.4 453.1 1504
SSACC R,2373415.0,
ESACC R,2373415.0,2373439 26 1039.8 445.1 1040.2 450.7 0.15 82
SFIX R,2373441.0,
EFIX R,2373441.0,2373473 34 1041.1 459.4 1504
SSACC R,2373475.0,
ESACC R,2373475.0,2373687 214 1038.5 469.9 1014.2 434.4 1.16 100
SFIX R,2373689.0,
EFIX R,2373689.0,2373727 40 1015.7 423.5 1544
SSACC R,2373729.0,
ESACC R,2373729.0,2373899 172 1014.1 433.9 1036.5 431.6 0.61 100
SFIX R,2373901.0,
EFIX R,2373901.0,2373959 60 1037.5 423.3 1542
SSACC R,2373961.0,
ESACC R,2373961.0,2373989 30 1037.0 424.0 1023.7 423.4 0.36 73
SFIX R,2373991.0,
EFIX R,2373991.0,2374065 76 1024.2 427.4 1539
SSACC R,2374067.0,
ESACC R,2374067.0,2374133 68 1024.2 420.5 1023.2 437.5 0.46 100
SFIX R,2374135.0,
EFIX R,2374135.0,2374161 28 1024.6 430.9 1527
SSACC R,2374163.0,
ESACC R,2374163.0,2374379 218 1024.1 428.0 988.9 413.8 1.03 126
SFIX R,2374381.0,
EFIX R,2374381.0,2374589 210 997.8 420.7 1536
SSACC R,2374591.0,
ESACC R,2374591.0,2374711 122 995.4 418.8 1026.9 415.4 0.86 114
SFIX R,2374713.0,
EFIX R,2374713.0,2374817 106 1026.0 424.9 1534
SSACC R,2374819.0,
ESACC R,2374819.0,2374831 14 1026.7 430.5 1001.8 420.0 0.73 88
SFIX R,2374833.0,
EFIX R,2374833.0,2374885 54 1013.3 418.1 1532
SSACC R,2374887.0,
ESACC R,2374887.0,2374955 70 1018.1 409.4 1012.9 424.7 0.44 135
SFIX R,2374957.0,
EFIX R,2374957.0,2374981 26 1015.1 423.5 1515
SSACC R,2374983.0,
ESACC R,2374983.0,2375023 42 1013.7 422.6 1020.0 412.7 0.32 91
SFIX R,2375025.0,
EFIX R,2375025.0,2375079 56 1017.9 416.3 1515
SSACC R,2375081.0,
ESACC R,2375081.0,2375155 76 1016.8 421.1 1012.2 425.6 0.17 71
SFIX R,2375157.0,
EFIX R,2375157.0,2375211 56 1014.3 421.8 1502
SSACC R,2375213.0,
ESACC R,2375213.0,2375319 108 1013.5 427.7 1017.0 405.8 0.60 89
SFIX R,2375321.0,
EFIX R,2375321.0,2375343 24 1017.3 415.8 1508
SSACC R,2375345.0,
ESACC R,2375345.0,2375357 14 1021.0 403.9 1017.6 419.1 0.42 59
SFIX R,2375359.0,
EFIX R,2375359.0,2375389 32 1014.8 418.6 1504
SSACC R,2375391.0,
ESACC R,2375391.0,2375407 18 1016.0 413.1 990.8 411.0 0.68 80
SFIX R,2375409.0,
EFIX R,2375409.0,2375441 34 1001.8 419.5 1506
SSACC R,2375443.0,
ESACC R,2375443.0,2375451 10 1003.0 428.2 1001.8 403.9 0.66 106
SFIX R,2375453.0,
EFIX R,2375453.0,2375559 108 1003.8 420.4 1501
SSACC R,2375561.0,
ESACC R,2375561.0,2375671 112 1003.5 439.7 1028.6 445.5 0.70 86
SFIX R,2375673.0,
EFIX R,2375673.0,2375755 84 1028.1 438.1 1450
SSACC R,2375757.0,
SBLINK R,2375883.0,
EBLINK R,2375883.0,2376095 214
ESACC R,2375757.0,2376377 622 1031.3 420.6 1000.4 416.1 0.85 952
SFIX R,2376379.0,
EFIX R,2376379.0,2376435 58 999.6 418.8 1451
SSACC R,2376437.0,
ESACC R,2376437.0,2376523 88 996.4 419.7 1019.4 408.5 0.69 99
SFIX R,2376525.0,
EFIX R,2376525.0,2376577 54 1019.7 412.0 1421
SSACC R,2376579.0,
ESACC R,2376579.0,2376597 20 1018.2 405.4 1017.1 417.7 0.33 110
SFIX R,2376599.0,
EFIX R,2376599.0,2376647 50 1015.2 409.1 1381
SSACC R,2376649.0,
ESACC R,2376649.0,2376841 194 1018.8 419.5 987.4 416.6 0.85 107
SFIX R,2376843.0,
EFIX R,2376843.0,2376975 134 981.7 414.2 1298
SSACC R,2376977.0,
ESACC R,2376977.0,2376997 22 975.7 429.3 978.8 419.1 0.29 72
SFIX R,2376999.0,
EFIX R,2376999.0,2377061 64 977.5 413.6 1301
SSACC R,2377063.0,
ESACC R,2377063.0,2377067 6 974.4 419.9 977.5 411.1 0.25 76
SFIX R,2377069.0,
EFIX R,2377069.0,2377221 154 979.6 408.8 1314
SSACC R,2377223.0,
ESACC R,2377223.0,2377237 16 985.6 405.7 986.5 414.3 0.23 63
SFIX R,2377239.0,
EFIX R,2377239.0,2377303 66 986.0 412.4 1332
SSACC R,2377305.0,
ESACC R,2377305.0,2377323 20 987.0 424.0 985.6 418.0 0.17 60
SFIX R,2377325.0,
EFIX R,2377325.0,2377429 106 988.0 417.3 1348
SSACC R,2377431.0,
ESACC R,2377431.0,2377483 54 988.9 421.5 991.1 416.4 0.15 72
SFIX R,2377485.0,
EFIX R,2377485.0,2377519 36 994.9 411.3 1382
SSACC R,2377521.0,
ESACC R,2377521.0,2377567 48 994.5 408.7 995.7 419.3 0.29 85
SFIX R,2377569.0,
EFIX R,2377569.0,2377599 32 999.9 419.2 1397
SSACC R,2377601.0,
ESACC R,2377601.0,2377625 26 1003.6 411.2 1001.9 405.7 0.16 64
SFIX R,2377627.0,
EFIX R,2377627.0,2377693 68 1005.5 413.1 1422
SSACC R,2377695.0,
ESACC R,2377695.0,2377749 56 1006.8 420.3 1015.3 426.6 0.29 72
SFIX R,2377751.0,
EFIX R,2377751.0,2377875 126 1018.2 432.1 1447
SSACC R,2377877.0,
ESACC R,2377877.0,2378055 180 1021.9 439.1 1039.7 455.0 0.65 103
SFIX R,2378057.0,
EFIX R,2378057.0,2378237 182 1039.3 453.9 1466
SSACC R,2378239.0,
ESACC R,2378239.0,2378383 146 1039.1 447.4 1034.5 470.1 0.63 82
SFIX R,2378385.0,
EFIX R,2378385.0,2378421 38 1033.0 469.1 1468
SSACC R,2378423.0,
ESACC R,2378423.0,2378567 146 1034.1 478.5 1020.0 474.9 0.39 116
SFIX R,2378569.0,
EFIX R,2378569.0,2378637 70 1022.5 473.4 1471
SSACC R,2378639.0,
ESACC R,2378639.0,2378687 50 1021.5 483.1 1021.8 460.8 0.60 83
SFIX R,2378689.0,
EFIX R,2378689.0,2378793 106 1018.9 470.7 1477
SSACC R,2378795.0,
ESACC R,2378795.0,2378869 76 1016.3 463.6 1017.9 450.2 0.37 77
SFIX R,2378871.0,
EFIX R,2378871.0,2378901 32 1016.8 457.6 1480
SSACC R,2378903.0,
ESACC R,2378903.0,2379057 156 1014.9 455.8 1012.3 460.2 0.14 94
SFIX R,2379059.0,
EFIX R,2379059.0,2379083 26 1012.2 445.5 1494
SSACC R,2379085.0,
ESACC R,2379085.0,2379121 38 1014.4 428.0 1016.6 454.5 0.72 111
SFIX R,2379123.0,
EFIX R,2379123.0,2379151 30 1018.4 458.7 1494
SSACC R,2379153.0,
ESACC R,2379153.0,2379255 104 1016.3 463.8 1013.8 449.2 0.40 109
SFIX R,2379257.0,
EFIX R,2379257.0,2379293 38 1015.2 440.8 1523
SSACC R,2379295.0,
ESACC R,2379295.0,2379893 600 1014.3 451.9 1005.1 441.4 0.38 125
SFIX R,2379895.0,
EFIX R,2379895.0,2379927 34 1003.2 440.2 1577
SSACC R,2379929.0,
ESACC R,2379929.0,2380011 84 1002.8 445.7 998.5 455.0 0.28 88
SFIX R,2380013.0,
EFIX R,2380013.0,2380209 198 997.5 446.7 1569
SSACC R,2380211.0,
ESACC R,2380211.0,2380253 44 998.3 460.3 997.9 451.4 0.24 65
SFIX R,2380255.0,
EFIX R,2380255.0,2380293 40 998.8 450.4 1557
SSACC R,2380295.0,
ESACC R,2380295.0,2380327 34 998.9 458.2 996.8 447.7 0.29 95
SFIX R,2380329.0,
EFIX R,2380329.0,2380359 32 1000.2 438.8 1567
SSACC R,2380361.0,
ESACC R,2380361.0,2380505 146 998.8 430.7 1002.8 443.5 0.36 95
SFIX R,2380507.0,
EFIX R,2380507.0,2380565 60 1002.8 445.7 1567
SSACC R,2380567.0,
ESACC R,2380567.0,2380571 6 1002.5 440.8 1000.8 442.0 0.06 50
SFIX R,2380573.0,
EFIX R,2380573.0,2380609 38 1003.3 455.3 1556
SSACC R,2380611.0,
ESACC R,2380611.0,2380661 52 1002.6 444.3 1003.6 458.0 0.37 72
SFIX R,2380663.0,
EFIX R,2380663.0,2380709 48 1005.2 464.7 1540
SSACC R,2380711.0,
ESACC R,2380711.0,2381019 310 1005.9 486.3 1008.1 459.9 0.72 107
SFIX R,2381021.0,
EFIX R,2381021.0,2381199 180 1007.5 455.3 1565
SSACC R,2381201.0,
ESACC R,2381201.0,2381477 278 1009.8 443.4 1011.4 490.3 1.27 129
SFIX R,2381479.0,
EFIX R,2381479.0,2381507 30 1016.8 507.0 1569
SSACC R,2381509.0,
SBLINK R,2381605.0,
EBLINK R,2381605.0,2382189 586
ESACC R,2381509.0,2382511 1004 1024.8 512.4 970.9 454.2 2.15 982
SFIX R,2382513.0,
EFIX R,2382513.0,2382551 40 971.4 440.1 1454
SSACC R,2382553.0,
ESACC R,2382553.0,2382593 42 974.3 436.3 965.9 471.2 0.97 62
SFIX R,2382595.0,
EFIX R,2382595.0,2382639 46 962.6 476.6 1389
SSACC R,2382641.0,
ESACC R,2382641.0,2382697 58 960.9 469.7 1006.1 464.5 1.23 155
SFIX R,2382699.0,
EFIX R,2382699.0,2382733 36 1004.0 478.6 1326
SSACC R,2382735.0,
ESACC R,2382735.0,2382783 50 1000.0 483.9 1000.0 474.8 0.25 89
SFIX R,2382785.0,
EFIX R,2382785.0,2382833 50 1000.5 473.7 1279
SSACC R,2382835.0,
SBLINK R,2382931.0,
EBLINK R,2382931.0,2383101 172
ESACC R,2382835.0,2383473 640 999.7 471.8 980.1 468.0 0.54 1532
SFIX R,2383475.0,
EFIX R,2383475.0,2383511 38 979.8 463.8 1237
SSACC R,2383513.0,
ESACC R,2383513.0,2383571 60 981.5 465.5 978.8 433.5 0.87 111
SFIX R,2383573.0,
EFIX R,2383573.0,2383603 32 977.4 435.1 1260
SSACC R,2383605.0,
ESACC R,2383605.0,2383657 54 979.0 451.3 980.1 420.9 0.82 84
SFIX R,2383659.0,
EFIX R,2383659.0,2383689 32 980.8 421.5 1269
SSACC R,2383691.0,
ESACC R,2383691.0,2384039 350 982.8 423.6 997.3 427.0 0.40 92
SFIX R,2384041.0,
EFIX R,2384041.0,2384079 40 1000.1 424.4 1296
SSACC R,2384081.0,
ESACC R,2384081.0,2384085 6 1001.7 424.6 1002.9 424.1 0.04 74
SFIX R,2384087.0,
EFIX R,2384087.0,2384143 58 1005.4 430.6 1292
SSACC R,2384145.0,
ESACC R,2384145.0,2384173 30 1009.2 431.4 995.5 427.6 0.39 107
SFIX R,2384175.0,
EFIX R,2384175.0,2384263 90 991.7 423.3 1303
SSACC R,2384265.0,
ESACC R,2384265.0,2384289 26 991.6 406.7 991.9 419.2 0.34 72
SFIX R,2384291.0,
EFIX R,2384291.0,2384313 24 994.1 409.9 1323
SSACC R,2384315.0,
ESACC R,2384315.0,2384393 80 992.8 419.3 997.5 399.8 0.54 138
SFIX R,2384395.0,
EFIX R,2384395.0,2384415 22 997.8 395.0 1353
SSACC R,2384417.0,
SBLINK R,2384685.0,
EBLINK R,2384685.0,2384931 248
ESACC R,2384417.0,2385455 1040 997.7 398.0 1009.9 427.3 0.86 920
SFIX R,2385457.0,
EFIX R,2385457.0,2385491 36 1009.1 442.9 1526
SSACC R,2385493.0,
ESACC R,2385493.0,2385507 16 1007.2 443.1 1009.7 437.5 0.17 78
SFIX R,2385509.0,
EFIX R,2385509.0,2385621 114 1005.7 455.2 1510
SSACC R,2385623.0,
ESACC R,2385623.0,2385753 132 1003.0 466.6 1003.1 458.7 0.21 85
SFIX R,2385755.0,
EFIX R,2385755.0,2385785 32 1004.2 460.7 1462
SSACC R,2385787.0,
ESACC R,2385787.0,2386023 238 1005.5 475.0 981.1 455.6 0.84 137
SFIX R,2386025.0,
EFIX R,2386025.0,2386065 42 985.9 454.8 1420
SSACC R,2386067.0,
ESACC R,2386067.0,2386213 148 985.8 445.8 1005.3 450.2 0.54 118
SFIX R,2386215.0,
EFIX R,2386215.0,2386309 96 1009.3 453.1 1394
SSACC R,2386311.0,
ESACC R,2386311.0,2386415 106 1007.5 467.4 1012.0 469.8 0.14 74
SFIX R,2386417.0,
EFIX R,2386417.0,2386463 48 1009.3 465.6 1389
SSACC R,2386465.0,
ESACC R,2386465.0,2386747 284 1005.2 443.0 1013.6 460.6 0.53 122
SFIX R,2386749.0,
EFIX R,2386749.0,2386771 24 1015.5 470.5 1420
SSACC R,2386773.0,
ESACC R,2386773.0,2387031 260 1012.4 477.2 1029.3 445.9 0.96 109
SFIX R,2387033.0,
EFIX R,2387033.0,2387069 38 1029.6 450.5 1482
SSACC R,2387071.0,
SBLINK R,2387477.0,
EBLINK R,2387477.0,2399473 11998
ESACC R,2387071.0,2400147 13078 1031.2 432.2 1008.7 461.0 0.99 766
SFIX R,2400149.0,
EFIX R,2400149.0,2400195 48 1005.9 481.1 1322
SSACC R,2400197.0,
SBLINK R,2409021.0,
EBLINK R,2409021.0,2409227 208
ESACC R,2400197.0,2410181 9986 1009.8 470.4 979.9 452.2 0.95 886
SFIX R,2410183.0,
EFIX R,2410183.0,2410207 26 976.6 452.0 1082
SSACC R,2410209.0,
ESACC R,2410209.0,2410349 142 977.2 463.2 981.3 430.9 0.88 114
SFIX R,2410351.0,
EFIX R,2410351.0,2410397 48 978.4 450.3 1084
SSACC R,2410399.0,
ESACC R,2410399.0,2411491 1094 983.2 444.7 1006.9 503.3 1.71 307
SFIX R,2411493.0,
EFIX R,2411493.0,2411513 22 1009.1 493.2 1335
SSACC R,2411515.0,
ESACC R,2411515.0,2411695 182 1006.2 497.6 997.9 501.2 0.25 127
SFIX R,2411697.0,
EFIX R,2411697.0,2411733 38 1000.8 493.0 1371
SSACC R,2411735.0,
SBLINK R,2412613.0,
EBLINK R,2412613.0,2413337 726
ESACC R,2411735.0,2413459 1726 994.8 503.8 978.6 461.5 1.23 803
SFIX R,2413461.0,
EFIX R,2413461.0,2413731 272 982.4 436.0 1246
SSACC R,2413733.0,
ESACC R,2413733.0,2413817 86 1003.2 414.0 996.3 415.4 0.19 106
SFIX R,2413819.0,
EFIX R,2413819.0,2413855 38 991.8 405.3 1162
SSACC R,2413857.0,
SBLINK R,2413931.0,
EBLINK R,2413931.0,2414123 194
ESACC R,2413857.0,2414401 546 988.3 414.6 1001.1 439.0 0.75 2337
SFIX R,2414403.0,
EFIX R,2414403.0,2414463 62 1003.3 421.4 1159
SSACC R,2414465.0,
ESACC R,2414465.0,2414531 68 1004.3 411.2 1004.8 435.5 0.66 81
SFIX R,2414533.0,
EFIX R,2414533.0,2414565 34 1005.4 426.5 1195
SSACC R,2414567.0,
ESACC R,2414567.0,2414703 138 1005.9 445.2 1004.2 435.4 0.27 116
SFIX R,2414705.0,
EFIX R,2414705.0,2414739 36 1003.8 436.5 1212
SSACC R,2414741.0,
ESACC R,2414741.0,2414913 174 1001.7 431.1 977.6 421.5 0.70 134
SFIX R,2414915.0,
EFIX R,2414915.0,2414947 34 971.8 423.5 1213
SSACC R,2414949.0,
ESACC R,2414949.0,2414967 20 976.0 418.7 998.2 452.1 1.09 109
SFIX R,2414969.0,
EFIX R,2414969.0,2415001 34 990.8 440.4 1207
SSACC R,2415003.0,
ESACC R,2415003.0,2415009 8 990.7 426.0 992.0 436.8 0.29 64
SFIX R,2415011.0,
EFIX R,2415011.0,2415035 26 991.1 448.2 1202
SSACC R,2415037.0,
ESACC R,2415037.0,2415131 96 987.9 452.6 987.5 447.8 0.13 111
SFIX R,2415133.0,
EFIX R,2415133.0,2415161 30 985.1 445.4 1222
SSACC R,2415163.0,
SBLINK R,2415265.0,
EBLINK R,2415265.0,2415495 232
ESACC R,2415163.0,2415719 558 981.8 439.4 1021.7 437.3 1.08 2209
SFIX R,2415721.0,
EFIX R,2415721.0,2415771 52 1021.3 439.6 1303
SSACC R,2415773.0,
ESACC R,2415773.0,2415983 212 1023.8 447.3 1005.2 433.1 0.63 115
SFIX R,2415985.0,
EFIX R,2415985.0,2416025 42 1004.8 424.1 1187
SSACC R,2416027.0,
ESACC R,2416027.0,2416137 112 1004.8 431.1 994.8 452.6 0.64 86
SFIX R,2416139.0,
EFIX R,2416139.0,2416381 244 982.9 463.9 990
SSACC R,2416383.0,
ESACC R,2416383.0,2416473 92 971.7 461.0 970.4 473.5 0.34 74
SFIX R,2416475.0,
EFIX R,2416475.0,2416599 126 968.7 469.2 968
SSACC R,2416601.0,
ESACC R,2416601.0,2416727 128 969.7 448.7 989.3 445.0 0.54 120
SFIX R,2416729.0,
EFIX R,2416729.0,2416757 30 994.5 444.2 1052
SSACC R,2416759.0,
ESACC R,2416759.0,2416839 82 997.5 422.6 993.8 444.7 0.61 121
SFIX R,2416841.0,
EFIX R,2416841.0,2416879 40 995.2 441.4 1098
SSACC R,2416881.0,
ESACC R,2416881.0,2416897 18 997.2 437.1 997.6 437.8 0.02 98
SFIX R,2416899.0,
EFIX R,2416899.0,2416925 28 997.9 438.6 1122
SSACC R,2416927.0,
ESACC R,2416927.0,2417173 248 997.4 445.3 1007.5 488.1 1.19 101
SFIX R,2417175.0,
EFIX R,2417175.0,2417197 24 999.7 486.2 1192
SSACC R,2417199.0,
ESACC R,2417199.0,2417231 34 998.1 483.5 997.3 494.8 0.31 98
SFIX R,2417233.0,
EFIX R,2417233.0,2417255 24 997.6 491.4 1216
SSACC R,2417257.0,
ESACC R,2417257.0,2417383 128 997.3 485.1 998.1 482.9 0.06 100
SFIX R,2417385.0,
EFIX R,2417385.0,2417421 38 1002.1 480.2 1280
SSACC R,2417423.0,
ESACC R,2417423.0,2417429 8 1001.9 456.0 1003.4 469.5 0.37 57
SFIX R,2417431.0,
EFIX R,2417431.0,2417529 100 1000.8 470.0 1315
SSACC R,2417531.0,
ESACC R,2417531.0,2417587 58 1000.5 468.8 997.7 477.6 0.25 66
SFIX R,2417589.0,
EFIX R,2417589.0,2417655 68 996.5 470.5 1360
SSACC R,2417657.0,
ESACC R,2417657.0,2417715 60 999.5 455.4 1000.2 468.6 0.36 125
SFIX R,2417717.0,
EFIX R,2417717.0,2417781 66 999.0 470.2 1389
SSACC R,2417783.0,
ESACC R,2417783.0,2418063 282 1001.2 461.1 1002.7 452.9 0.23 228
SFIX R,2418065.0,
EFIX R,2418065.0,2418101 38 998.9 455.4 1444
SSACC R,2418103.0,
ESACC R,2418103.0,2418943 842 1000.4 462.5 1017.2 540.2 2.15 252
SFIX R,2418945.0,
EFIX R,2418945.0,2418965 22 1014.1 539.8 1423
SSACC R,2418967.0,
ESACC R,2418967.0,2421103 2138 1016.1 533.9 986.6 522.9 0.85 279
SFIX R,2421105.0,
EFIX R,2421105.0,2421127 24 984.7 519.6 1349
SSACC R,2421129.0,
SBLINK R,2421187.0,
EBLINK R,2421187.0,2421901 716
ESACC R,2421129.0,2422065 938 988.2 535.1 1005.0 464.8 1.96 1866
SFIX R,2422067.0,
EFIX R,2422067.0,2422107 42 1013.5 444.4 1135
SSACC R,2422109.0,
ESACC R,2422109.0,2422281 174 1006.0 428.0 1007.9 417.3 0.29 105
SFIX R,2422283.0,
EFIX R,2422283.0,2422291 10 1007.5 415.7 1162
SSACC R,2422293.0,
ESACC R,2422293.0,2422557 266 1005.4 408.6 972.1 399.1 0.94 117
SFIX R,2422559.0,
EFIX R,2422559.0,2422587 30 970.4 408.0 1107
SSACC R,2422589.0,
ESACC R,2422589.0,2423081 494 977.9 420.0 977.9 431.6 0.31 147
SFIX R,2423083.0,
EFIX R,2423083.0,2423147 66 975.8 446.3 1214
SSACC R,2423149.0,
ESACC R,2423149.0,2423395 248 967.8 478.8 1001.9 434.2 1.52 111
SFIX R,2423397.0,
EFIX R,2423397.0,2423437 42 1000.5 437.3 1322
SSACC R,2423439.0,
ESACC R,2423439.0,2423535 98 1001.8 443.4 989.6 440.7 0.34 105
SFIX R,2423537.0,
EFIX R,2423537.0,2423559 24 988.7 443.7 1348
SSACC R,2423561.0,
ESACC R,2423561.0,2423705 146 990.3 448.3 991.8 448.6 0.04 87
SFIX R,2423707.0,
EFIX R,2423707.0,2423779 74 993.7 439.4 1374
SSACC R,2423781.0,
ESACC R,2423781.0,2423811 32 990.6 425.7 1030.5 432.7 1.10 126
SFIX R,2423813.0,
EFIX R,2423813.0,2423935 124 1027.2 428.0 1384
SSACC R,2423937.0,
ESACC R,2423937.0,2424099 164 1027.5 424.7 1028.7 442.4 0.48 82
SFIX R,2424101.0,
EFIX R,2424101.0,2424143 44 1027.5 439.2 1384
SSACC R,2424145.0,
ESACC R,2424145.0,2424205 62 1027.1 436.5 995.9 439.7 0.85 96
SFIX R,2424207.0,
EFIX R,2424207.0,2424287 82 1005.2 444.8 1381
SSACC R,2424289.0,
ESACC R,2424289.0,2424295 8 1006.0 448.7 1009.0 440.7 0.23 74
SFIX R,2424297.0,
EFIX R,2424297.0,2424375 80 1004.5 450.4 1379
SSACC R,2424377.0,
ESACC R,2424377.0,2424575 200 1007.0 436.1 1011.7 425.4 0.32 91
SFIX R,2424577.0,
EFIX R,2424577.0,2424683 108 1013.5 423.8 1397
SSACC R,2424685.0,
ESACC R,2424685.0,2424825 142 1012.8 424.3 1013.7 419.0 0.15 78
SFIX R,2424827.0,
EFIX R,2424827.0,2424895 70 1014.3 421.6 1430
SSACC R,2424897.0,
ESACC R,2424897.0,2424937 42 1014.4 429.6 1011.0 415.3 0.40 90
SFIX R,2424939.0,
EFIX R,2424939.0,2425009 72 1008.6 408.6 1471
SSACC R,2425011.0,
ESACC R,2425011.0,2425039 30 1004.9 403.4 1007.4 407.2 0.12 68
SFIX R,2425041.0,
EFIX R,2425041.0,2425061 22 1006.7 400.0 1506
SSACC R,2425063.0,
ESACC R,2425063.0,2425077 16 1008.0 401.1 1009.2 417.2 0.44 72
SFIX R,2425079.0,
EFIX R,2425079.0,2425111 34 1007.8 414.5 1510
SSACC R,2425113.0,
ESACC R,2425113.0,2427219 2108 1007.2 416.0 968.6 459.1 1.57 329
SFIX R,2427221.0,
EFIX R,2427221.0,2427243 24 967.0 462.4 1402
SSACC R,2427245.0,
SBLINK R,2427845.0,
EBLINK R,2427845.0,2428029 186
ESACC R,2427245.0,2428527 1284 971.2 453.9 949.3 487.4 1.08 2426
SFIX R,2428529.0,
EFIX R,2428529.0,2428589 62 947.6 482.8 1199
SSACC R,2428591.0,
ESACC R,2428591.0,2428747 158 945.5 486.1 947.8 441.5 1.21 102
SFIX R,2428749.0,
EFIX R,2428749.0,2428771 24 944.1 447.7 1142
SSACC R,2428773.0,
ESACC R,2428773.0,2429265 494 941.4 448.1 954.9 480.3 0.95 120
SFIX R,2429267.0,
EFIX R,2429267.0,2429299 34 956.4 480.7 1163
SSACC R,2429301.0,
ESACC R,2429301.0,2429645 346 955.1 493.8 987.1 463.4 1.20 105
SFIX R,2429647.0,
EFIX R,2429647.0,2429693 48 987.9 460.7 1281
SSACC R,2429695.0,
ESACC R,2429695.0,2430109 416 995.0 469.5 1006.3 465.4 0.33 228
SFIX R,2430111.0,
EFIX R,2430111.0,2430141 32 1008.5 477.1 1402
SSACC R,2430143.0,
ESACC R,2430143.0,2430519 378 1009.8 492.7 1008.1 467.8 0.68 134
SFIX R,2430521.0,
EFIX R,2430521.0,2430551 32 1006.3 475.7 1417
SSACC R,2430553.0,
ESACC R,2430553.0,2431481 930 1008.0 483.9 975.1 460.3 1.10 148
SFIX R,2431483.0,
EFIX R,2431483.0,2431507 26 982.1 453.3 1435
SSACC R,2431509.0,
ESACC R,2431509.0,2431783 276 980.0 445.6 992.7 466.2 0.66 130
SFIX R,2431785.0,
EFIX R,2431785.0,2431817 34 993.1 443.1 1416
SSACC R,2431819.0,
ESACC R,2431819.0,2432145 328 993.5 434.5 961.6 468.9 1.27 114
SFIX R,2432147.0,
EFIX R,2432147.0,2432197 52 961.0 464.8 1300
SSACC R,2432199.0,
ESACC R,2432199.0,2432345 148 960.2 469.5 963.8 480.8 0.32 163
SFIX R,2432347.0,
EFIX R,2432347.0,2432379 34 964.8 470.2 1286
SSACC R,2432381.0,
ESACC R,2432381.0,2432569 190 960.4 472.3 969.1 480.6 0.33 127
SFIX R,2432571.0,
EFIX R,2432571.0,2432595 26 971.0 490.0 1254
SSACC R,2432597.0,
ESACC R,2432597.0,2432693 98 975.7 493.9 1004.9 467.0 1.08 139
SFIX R,2432695.0,
EFIX R,2432695.0,2432741 48 1010.9 486.2 1211
SSACC R,2432743.0,
ESACC R,2432743.0,2433197 456 1011.9 482.9 1002.4 501.9 0.58 158
SFIX R,2433199.0,
EFIX R,2433199.0,2433229 32 1002.3 494.2 1255
SSACC R,2433231.0,
SBLINK R,2434361.0,
EBLINK R,2434361.0,2434587 228
ESACC R,2433231.0,2434873 1644 1000.7 503.1 1017.7 503.3 0.46 658
SFIX R,2434875.0,
EFIX R,2434875.0,2434897 24 1018.7 493.5 1411
SSACC R,2434899.0,
ESACC R,2434899.0,2435239 342 1015.6 478.7 991.5 474.0 0.67 157
SFIX R,2435241.0,
EFIX R,2435241.0,2435283 44 991.3 483.6 1310
SSACC R,2435285.0,
ESACC R,2435285.0,2435543 260 992.7 510.1 979.9 494.8 0.54 146
SFIX R,2435545.0,
EFIX R,2435545.0,2435563 20 983.2 504.0 1280
SSACC R,2435565.0,
ESACC R,2435565.0,2438309 2746 984.6 489.4 975.6 488.2 0.25 388
SFIX R,2438311.0,
EFIX R,2438311.0,2438331 22 976.5 491.0 1030
SSACC R,2438333.0,
ESACC R,2438333.0,2439881 1550 978.2 486.5 988.6 423.3 1.73 221
SFIX R,2439883.0,
EFIX R,2439883.0,2439985 104 984.7 410.3 1057
SSACC R,2439987.0,
ESACC R,2439987.0,2440793 808 981.0 413.4 962.4 447.1 1.04 153
SFIX R,2440795.0,
EFIX R,2440795.0,2440815 22 962.2 454.6 888
SSACC R,2440817.0,
ESACC R,2440817.0,2440877 62 958.3 452.5 963.7 433.1 0.55 100
SFIX R,2440879.0,
EFIX R,2440879.0,2440883 6 964.7 431.5 885
SSACC R,2440885.0,
SBLINK R,2443579.0,
EBLINK R,2443579.0,2443765 188
ESACC R,2440885.0,2443865 2982 966.9 440.7 1048.4 375.8 2.82 2125
SFIX R,2443867.0,
EFIX R,2443867.0,2443935 70 1037.6 404.2 1072
SSACC R,2443937.0,
ESACC R,2443937.0,2443961 26 1034.8 425.1 990.5 472.6 1.76 132
SFIX R,2443963.0,
EFIX R,2443963.0,2444077 116 997.5 472.3 1073
SSACC R,2444079.0,
ESACC R,2444079.0,2444089 12 998.4 475.9 996.4 479.8 0.12 58
SFIX R,2444091.0,
EFIX R,2444091.0,2444127 38 998.7 484.3 1007
SSACC R,2444129.0,
ESACC R,2444129.0,2444145 18 999.3 494.0 999.6 479.6 0.39 54
SFIX R,2444147.0,
EFIX R,2444147.0,2444183 38 1002.5 483.9 940
SSACC R,2444185.0,
ESACC R,2444185.0,2444197 14 1004.8 493.5 1005.0 476.3 0.47 47
SFIX R,2444199.0,
EFIX R,2444199.0,2444261 64 1005.0 488.4 871
SSACC R,2444263.0,
ESACC R,2444263.0,2444279 18 1006.8 478.3 1001.7 497.0 0.53 56
SFIX R,2444281.0,
EFIX R,2444281.0,2444405 126 1001.9 499.3 768
SSACC R,2444407.0,
ESACC R,2444407.0,2444429 24 1003.7 507.8 974.7 500.7 0.81 83
SFIX R,2444431.0,
EFIX R,2444431.0,2444539 110 982.7 502.8 680
SSACC R,2444541.0,
SBLINK R,2444565.0,
EBLINK R,2444565.0,2444789 226
ESACC R,2444541.0,2444935 396 979.8 476.0 972.1 443.7 0.90 1448
SFIX R,2444937.0,
EFIX R,2444937.0,2444997 62 983.8 456.3 747
SSACC R,2444999.0,
ESACC R,2444999.0,2445013 16 986.4 444.7 989.6 446.8 0.10 51
SFIX R,2445015.0,
EFIX R,2445015.0,2445067 54 987.9 456.5 777
SSACC R,2445069.0,
SBLINK R,2445101.0,
EBLINK R,2445101.0,2445285 186
ESACC R,2445069.0,2445365 298 991.7 448.2 972.0 438.2 0.60 1745
SFIX R,2445367.0,
EFIX R,2445367.0,2445523 158 964.2 493.4 764
SSACC R,2445525.0,
ESACC R,2445525.0,2445545 22 966.6 505.2 975.8 556.7 1.42 109
SFIX R,2445547.0,
EFIX R,2445547.0,2445805 260 981.1 526.6 787
SSACC R,2445807.0,
ESACC R,2445807.0,2445859 54 981.9 492.4 979.6 478.5 0.38 75
SFIX R,2445861.0,
EFIX R,2445861.0,2445909 50 977.5 475.7 813
SSACC R,2445911.0,
ESACC R,2445911.0,2445921 12 974.8 472.4 978.2 492.4 0.55 64
SFIX R,2445923.0,
EFIX R,2445923.0,2446041 120 977.5 474.5 814
SSACC R,2446043.0,
ESACC R,2446043.0,2446069 28 973.4 472.0 974.7 473.7 0.06 75
SFIX R,2446071.0,
EFIX R,2446071.0,2446361 292 973.5 458.1 809
SSACC R,2446363.0,
ESACC R,2446363.0,2446439 78 972.6 450.1 972.1 475.7 0.69 72
SFIX R,2446441.0,
EFIX R,2446441.0,2446571 132 966.1 466.8 802
SSACC R,2446573.0,
ESACC R,2446573.0,2446651 80 965.6 469.1 978.2 438.1 0.91 94
SFIX R,2446653.0,
EFIX R,2446653.0,2446773 122 976.4 445.1 862
SSACC R,2446775.0,
ESACC R,2446775.0,2446853 80 977.2 446.9 957.8 458.9 0.62 96
SFIX R,2446855.0,
EFIX R,2446855.0,2446891 38 956.0 449.8 901
SSACC R,2446893.0,
SBLINK R,2446933.0,
EBLINK R,2446933.0,2447435 504
ESACC R,2446893.0,2447899 1008 955.7 448.4 1032.0 487.2 2.32 1461
SFIX R,2447901.0,
EFIX R,2447901.0,2447929 30 1031.8 492.5 1024
SSACC R,2447931.0,
ESACC R,2447931.0,2448141 212 1029.3 502.7 1002.1 456.0 1.46 127
SFIX R,2448143.0,
EFIX R,2448143.0,2448177 36 1001.5 453.2 1060
SSACC R,2448179.0,
ESACC R,2448179.0,2448753 576 1000.6 445.7 1002.6 418.4 0.74 211
SFIX R,2448755.0,
EFIX R,2448755.0,2448783 30 999.4 416.0 1086
SSACC R,2448785.0,
ESACC R,2448785.0,2448819 36 1001.6 409.5 999.8 423.4 0.38 130
SFIX R,2448821.0,
EFIX R,2448821.0,2448859 40 999.5 428.9 1097
SSACC R,2448861.0,
ESACC R,2448861.0,2448865 6 994.9 453.6 1000.7 435.4 0.52 80
SFIX R,2448867.0,
EFIX R,2448867.0,2448897 32 1000.2 434.6 1106
SSACC R,2448899.0,
ESACC R,2448899.0,2449179 282 1001.5 434.8 1004.9 471.3 0.99 106
SFIX R,2449181.0,
EFIX R,2449181.0,2449229 50 995.0 476.3 1206
SSACC R,2449231.0,
SBLINK R,2449679.0,
EBLINK R,2449679.0,2449929 252
ESACC R,2449231.0,2450185 956 993.7 468.1 977.7 564.7 2.65 1862
SFIX R,2450187.0,
EFIX R,2450187.0,2450211 26 978.4 549.3 1252
SSACC R,2450213.0,
ESACC R,2450213.0,2450231 20 982.7 544.8 980.2 538.0 0.20 70
SFIX R,2450233.0,
EFIX R,2450233.0,2450273 42 978.2 546.8 1244
SSACC R,2450275.0,
ESACC R,2450275.0,2450453 180 974.7 539.3 984.7 555.3 0.51 110
SFIX R,2450455.0,
EFIX R,2450455.0,2450477 24 982.2 545.7 1203
SSACC R,2450479.0,
ESACC R,2450479.0,2450499 22 980.7 535.6 978.7 544.9 0.26 71
SFIX R,2450501.0,
EFIX R,2450501.0,2450543 44 982.9 544.8 1192
SSACC R,2450545.0,
ESACC R,2450545.0,2450663 120 983.8 557.4 964.1 538.1 0.75 106
SFIX R,2450665.0,
EFIX R,2450665.0,2450707 44 967.1 525.0 1177
SSACC R,2450709.0,
SBLINK R,2451625.0,
EBLINK R,2451625.0,2451953 330
ESACC R,2450709.0,2452637 1930 963.2 548.7 996.2 537.6 0.94 2087
SFIX R,2452639.0,
EFIX R,2452639.0,2452691 54 992.2 536.3 1206
SSACC R,2452693.0,
SBLINK R,2453661.0,
EBLINK R,2453661.0,2478121 24462
ESACC R,2452693.0,2478537 25846 991.0 547.1 933.2 432.9 3.46 1966
SFIX R,2478539.0,
EFIX R,2478539.0,2478579 42 935.8 441.2 1216
SSACC R,2478581.0,
ESACC R,2478581.0,2478603 24 939.8 438.9 937.2 426.6 0.34 61
SFIX R,2478605.0,
EFIX R,2478605.0,2478631 28 937.0 429.8 1182
SSACC R,2478633.0,
ESACC R,2478633.0,2478943 312 937.1 425.3 928.3 415.8 0.35 129
SFIX R,2478945.0,
EFIX R,2478945.0,2478979 36 930.7 414.9 1137
SSACC R,2478981.0,
SBLINK R,2479705.0,
EBLINK R,2479705.0,2480633 930
ESACC R,2478981.0,2481429 2450 926.0 419.2 954.4 462.4 1.40 2342
SFIX R,2481431.0,
EFIX R,2481431.0,2481477 48 950.8 470.9 1159
SSACC R,2481479.0,
ESACC R,2481479.0,2482931 1454 956.9 467.3 989.2 518.6 1.64 322
SFIX R,2482933.0,
EFIX R,2482933.0,2482953 22 996.1 526.0 1493
SSACC R,2482955.0,
SBLINK R,2488449.0,
EBLINK R,2488449.0,2489121 674
ESACC R,2482955.0,2489651 6698 996.1 540.4 939.2 477.0 2.31 1294
SFIX R,2489653.0,
EFIX R,2489653.0,2489691 40 935.6 478.1 1215
SSACC R,2489693.0,
ESACC R,2489693.0,2489947 256 939.3 468.5 940.2 458.6 0.27 106
SFIX R,2489949.0,
EFIX R,2489949.0,2490057 110 932.9 446.0 1120
SSACC R,2490059.0,
ESACC R,2490059.0,2490067 10 931.2 441.9 925.7 458.4 0.47 62
SFIX R,2490069.0,
EFIX R,2490069.0,2490129 62 927.8 452.1 1116
SSACC R,2490131.0,
SBLINK R,2490367.0,
EBLINK R,2490367.0,2494773 4408
ESACC R,2490131.0,2494951 4822 920.1 458.7 991.5 414.9 2.27 2444
SFIX R,2494953.0,
EFIX R,2494953.0,2495043 92 985.5 398.4 1241
SSACC R,2495045.0,
ESACC R,2495045.0,2495157 114 985.4 404.4 958.8 430.7 1.01 86
SFIX R,2495159.0,
EFIX R,2495159.0,2495523 366 950.6 460.5 1057
SSACC R,2495525.0,
ESACC R,2495525.0,2495569 46 947.1 472.5 969.0 522.5 1.48 109
SFIX R,2495571.0,
EFIX R,2495571.0,2495625 56 971.6 512.4 914
SSACC R,2495627.0,
ESACC R,2495627.0,2495657 32 970.8 512.5 965.7 567.5 1.50 131
SFIX R,2495659.0,
EFIX R,2495659.0,2495817 160 961.0 563.9 895
SSACC R,2495819.0,
ESACC R,2495819.0,2495855 38 958.8 552.8 956.6 470.4 2.23 189
SFIX R,2495857.0,
EFIX R,2495857.0,2495941 86 954.6 476.0 891
SSACC R,2495943.0,
ESACC R,2495943.0,2495951 10 955.7 488.1 954.5 478.7 0.26 65
SFIX R,2495953.0,
EFIX R,2495953.0,2496077 126 951.5 467.9 914
SSACC R,2496079.0,
ESACC R,2496079.0,2496099 22 940.9 463.6 953.9 455.6 0.41 71
SFIX R,2496101.0,
EFIX R,2496101.0,2496261 162 946.3 452.4 955
SSACC R,2496263.0,
ESACC R,2496263.0,2496271 10 947.1 447.4 950.2 458.6 0.31 60
SFIX R,2496273.0,
EFIX R,2496273.0,2496307 36 949.0 450.7 960
SSACC R,2496309.0,
ESACC R,2496309.0,2496371 64 946.9 454.5 944.8 447.9 0.19 64
SFIX R,2496373.0,
EFIX R,2496373.0,2496409 38 945.0 453.5 957
SSACC R,2496411.0,
ESACC R,2496411.0,2496427 18 943.4 440.1 942.0 464.9 0.67 86
SFIX R,2496429.0,
EFIX R,2496429.0,2496521 94 942.0 455.4 964
SSACC R,2496523.0,
ESACC R,2496523.0,2496763 242 943.2 462.1 950.7 480.1 0.53 149
SFIX R,2496765.0,
EFIX R,2496765.0,2496785 22 955.8 473.2 1043
SSACC R,2496787.0,
SBLINK R,2496837.0,
EBLINK R,2496837.0,2497047 212
ESACC R,2496787.0,2497249 464 953.8 478.2 944.0 443.1 0.99 2170
SFIX R,2497251.0,
EFIX R,2497251.0,2497279 30 940.6 445.7 1118
SSACC R,2497281.0,
ESACC R,2497281.0,2497985 706 938.3 456.2 958.0 449.0 0.57 130
SFIX R,2497987.0,
EFIX R,2497987.0,2498015 30 955.3 458.5 1241
SSACC R,2498017.0,
ESACC R,2498017.0,2498085 70 958.6 458.2 964.3 449.3 0.29 98
SFIX R,2498087.0,
EFIX R,2498087.0,2498141 56 965.4 452.7 1244
SSACC R,2498143.0,
ESACC R,2498143.0,2498223 82 964.8 449.0 967.0 443.5 0.16 105
SFIX R,2498225.0,
EFIX R,2498225.0,2498289 66 970.6 434.7 1253
SSACC R,2498291.0,
ESACC R,2498291.0,2498555 266 974.1 436.8 979.5 437.7 0.15 106
SFIX R,2498557.0,
EFIX R,2498557.0,2498613 58 981.8 439.6 1275
SSACC R,2498615.0,
ESACC R,2498615.0,2498731 118 984.1 433.8 981.6 452.8 0.52 88
SFIX R,2498733.0,
EFIX R,2498733.0,2498771 40 982.9 461.6 1288
SSACC R,2498773.0,
ESACC R,2498773.0,2499009 238 982.8 450.4 992.7 467.8 0.54 91
SFIX R,2499011.0,
EFIX R,2499011.0,2499037 28 988.8 458.5 1336
SSACC R,2499039.0,
ESACC R,2499039.0,2499087 50 993.4 440.9 996.0 460.2 0.53 82
SFIX R,2499089.0,
EFIX R,2499089.0,2499205 118 998.7 450.8 1356
SSACC R,2499207.0,
ESACC R,2499207.0,2499235 30 999.7 449.2 1000.6 441.1 0.22 74
SFIX R,2499237.0,
EFIX R,2499237.0,2499269 34 1001.6 449.6 1375
SSACC R,2499271.0,
ESACC R,2499271.0,2499649 380 1002.0 438.5 1007.6 447.1 0.28 104
SFIX R,2499651.0,
EFIX R,2499651.0,2499751 102 1003.6 448.9 1412
SSACC R,2499753.0,
SBLINK R,2499799.0,
EBLINK R,2499799.0,2500035 238
ESACC R,2499753.0,2500423 672 1011.6 458.1 999.5 409.8 1.35 1768
SFIX R,2500425.0,
EFIX R,2500425.0,2500449 26 996.4 418.1 1402
SSACC R,2500451.0,
ESACC R,2500451.0,2500463 14 995.0 410.4 993.2 432.3 0.59 112
SFIX R,2500465.0,
EFIX R,2500465.0,2500505 42 991.7 440.5 1371
SSACC R,2500507.0,
ESACC R,2500507.0,2500515 10 987.3 459.2 987.8 450.4 0.24 38
SFIX R,2500517.0,
EFIX R,2500517.0,2500553 38 987.7 449.1 1347
SSACC R,2500555.0,
ESACC R,2500555.0,2500765 212 989.3 438.8 978.0 450.7 0.44 101
SFIX R,2500767.0,
EFIX R,2500767.0,2500793 28 978.3 455.1 1305
SSACC R,2500795.0,
ESACC R,2500795.0,2501053 260 976.9 460.9 976.6 447.9 0.35 112
SFIX R,2501055.0,
EFIX R,2501055.0,2501087 34 979.5 432.7 1311
SSACC R,2501089.0,
ESACC R,2501089.0,2501395 308 982.2 425.3 988.7 430.2 0.22 91
SFIX R,2501397.0,
EFIX R,2501397.0,2501437 42 986.9 425.1 1320
SSACC R,2501439.0,
ESACC R,2501439.0,2501487 50 988.4 442.9 990.2 401.4 1.12 93
SFIX R,2501489.0,
EFIX R,2501489.0,2501531 44 991.2 409.1 1341
SSACC R,2501533.0,
SBLINK R,2501615.0,
EBLINK R,2501615.0,2501855 242
ESACC R,2501533.0,2502009 478 992.1 406.2 1056.7 324.5 2.81 1109
SFIX R,2502011.0,
EFIX R,2502011.0,2502049 40 1052.1 312.5 1422
SSACC R,2502051.0,
ESACC R,2502051.0,2502187 138 1052.3 309.9 987.9 428.1 3.63 301
SFIX R,2502189.0,
EFIX R,2502189.0,2502245 58 986.3 416.7 1394
SSACC R,2502247.0,
SBLINK R,2503111.0,
EBLINK R,2503111.0,2504437 1328
ESACC R,2502247.0,2504763 2518 984.1 409.5 959.8 402.7 0.68 1821
SFIX R,2504765.0,
EFIX R,2504765.0,2504807 44 962.2 407.1 1069
SSACC R,2504809.0,
ESACC R,2504809.0,2504871 64 960.9 396.8 968.8 397.2 0.21 88
SFIX R,2504873.0,
EFIX R,2504873.0,2504903 32 963.8 400.0 1002
SSACC R,2504905.0,
ESACC R,2504905.0,2504925 22 962.9 394.4 963.7 406.8 0.34 49
SFIX R,2504927.0,
EFIX R,2504927.0,2504965 40 961.5 399.2 969
SSACC R,2504967.0,
ESACC R,2504967.0,2504983 18 961.3 383.8 952.5 398.8 0.47 62
SFIX R,2504985.0,
EFIX R,2504985.0,2505029 46 954.2 406.2 940
SSACC R,2505031.0,
ESACC R,2505031.0,2505103 74 949.5 407.5 952.7 439.3 0.86 76
SFIX R,2505105.0,
EFIX R,2505105.0,2505135 32 952.0 429.6 913
SSACC R,2505137.0,
ESACC R,2505137.0,2505157 22 954.0 448.1 954.5 436.8 0.31 61
SFIX R,2505159.0,
EFIX R,2505159.0,2505205 48 951.1 435.1 913
SSACC R,2505207.0,
ESACC R,2505207.0,2505275 70 946.6 423.3 943.2 446.2 0.63 77
SFIX R,2505277.0,
EFIX R,2505277.0,2505335 60 942.8 429.7 948
SSACC R,2505337.0,
SBLINK R,2505515.0,
EBLINK R,2505515.0,2505703 190
ESACC R,2505337.0,2506003 668 940.2 408.6 983.6 414.8 1.19 2192
SFIX R,2506005.0,
EFIX R,2506005.0,2506049 46 979.2 417.5 1130
SSACC R,2506051.0,
ESACC R,2506051.0,2506057 8 978.0 433.0 978.3 429.0 0.11 53
SFIX R,2506059.0,
EFIX R,2506059.0,2506139 82 978.0 424.8 1130
SSACC R,2506141.0,
ESACC R,2506141.0,2506165 26 977.3 419.8 977.9 435.4 0.42 62
SFIX R,2506167.0,
EFIX R,2506167.0,2506333 168 971.8 442.1 1110
SSACC R,2506335.0,
ESACC R,2506335.0,2506409 76 964.2 445.7 959.4 454.8 0.28 69
SFIX R,2506411.0,
EFIX R,2506411.0,2506473 64 955.5 455.7 1109
SSACC R,2506475.0,
ESACC R,2506475.0,2506493 20 955.0 452.7 955.9 455.7 0.08 80
SFIX R,2506495.0,
EFIX R,2506495.0,2506521 28 956.4 458.2 1121
SSACC R,2506523.0,
ESACC R,2506523.0,2506529 8 958.3 451.8 954.3 464.4 0.36 61
SFIX R,2506531.0,
EFIX R,2506531.0,2506773 244 954.1 460.7 1136
SSACC R,2506775.0,
ESACC R,2506775.0,2506803 30 953.8 452.5 971.7 436.5 0.65 90
SFIX R,2506805.0,
EFIX R,2506805.0,2506861 58 973.4 439.4 1172
SSACC R,2506863.0,
SBLINK R,2506929.0,
EBLINK R,2506929.0,2507569 642
ESACC R,2506863.0,2507969 1108 977.3 426.7 991.5 415.9 0.48 2181
SFIX R,2507971.0,
EFIX R,2507971.0,2508017 48 987.1 424.8 1348
SSACC R,2508019.0,
ESACC R,2508019.0,2508129 112 987.2 425.0 982.6 430.2 0.19 81
SFIX R,2508131.0,
EFIX R,2508131.0,2508301 172 980.8 437.7 1306
SSACC R,2508303.0,
ESACC R,2508303.0,2508465 164 981.1 429.7 980.5 429.5 0.02 90
SFIX R,2508467.0,
EFIX R,2508467.0,2508495 30 977.9 427.2 1279
SSACC R,2508497.0,
ESACC R,2508497.0,2508571 76 981.6 429.0 982.0 432.6 0.10 68
SFIX R,2508573.0,
EFIX R,2508573.0,2508703 132 981.7 420.1 1281
SSACC R,2508705.0,
ESACC R,2508705.0,2508709 6 983.0 414.6 985.0 425.8 0.31 60
SFIX R,2508711.0,
EFIX R,2508711.0,2508731 22 985.5 427.6 1277
SSACC R,2508733.0,
ESACC R,2508733.0,2509211 480 985.9 423.5 1020.7 430.0 0.96 134
SFIX R,2509213.0,
EFIX R,2509213.0,2509241 30 1023.3 421.2 1335
SSACC R,2509243.0,
ESACC R,2509243.0,2509539 298 1025.6 426.8 1026.0 413.1 0.37 112
SFIX R,2509541.0,
EFIX R,2509541.0,2509577 38 1025.7 412.9 1368
SSACC R,2509579.0,
ESACC R,2509579.0,2509625 48 1025.4 430.1 1029.9 426.7 0.15 70
SFIX R,2509627.0,
EFIX R,2509627.0,2509663 38 1028.2 417.1 1366
SSACC R,2509665.0,
ESACC R,2509665.0,2509783 120 1029.2 413.9 1029.8 432.4 0.50 103
SFIX R,2509785.0,
EFIX R,2509785.0,2509883 100 1030.0 417.6 1367
SSACC R,2509885.0,
SBLINK R,2510267.0,
EBLINK R,2510267.0,2510613 348
ESACC R,2509885.0,2511699 1816 1037.0 409.2 965.2 409.3 1.94 816
SFIX R,2511701.0,
EFIX R,2511701.0,2511753 54 964.0 399.7 1269
SSACC R,2511755.0,
ESACC R,2511755.0,2511879 126 968.0 416.1 964.4 392.6 0.64 110
SFIX R,2511881.0,
EFIX R,2511881.0,2511919 40 965.8 395.3 1264
SSACC R,2511921.0,
SBLINK R,2512695.0,
EBLINK R,2512695.0,2513295 602
ESACC R,2511921.0,2513505 1586 968.3 408.1 983.2 409.6 0.41 922
SFIX R,2513507.0,
EFIX R,2513507.0,2513553 48 982.1 420.1 1379
SSACC R,2513555.0,
ESACC R,2513555.0,2513569 16 979.1 417.5 979.0 431.4 0.38 60
SFIX R,2513571.0,
EFIX R,2513571.0,2513679 110 981.2 428.7 1352
SSACC R,2513681.0,
SBLINK R,2513781.0,
EBLINK R,2513781.0,2513951 172
ESACC R,2513681.0,2514119 440 982.7 419.0 1003.5 385.4 1.07 2343
SFIX R,2514121.0,
EFIX R,2514121.0,2514177 58 1001.1 380.3 1205
SSACC R,2514179.0,
ESACC R,2514179.0,2514211 34 997.0 377.2 993.9 353.7 0.64 69
SFIX R,2514213.0,
EFIX R,2514213.0,2514235 24 991.2 364.3 1224
SSACC R,2514237.0,
ESACC R,2514237.0,2514303 68 992.9 364.7 965.3 404.4 1.31 174
SFIX R,2514305.0,
EFIX R,2514305.0,2514421 118 967.8 396.5 1250
SSACC R,2514423.0,
ESACC R,2514423.0,2514651 230 970.2 395.4 961.8 403.6 0.32 162
SFIX R,2514653.0,
EFIX R,2514653.0,2514711 60 963.1 401.4 1332
SSACC R,2514713.0,
ESACC R,2514713.0,2515147 436 962.9 404.7 1002.4 371.3 1.40 211
SFIX R,2515149.0,
EFIX R,2515149.0,2515175 28 1002.3 381.9 1347
SSACC R,2515177.0,
ESACC R,2515177.0,2515339 164 1001.8 377.3 994.2 382.8 0.25 122
SFIX R,2515341.0,
EFIX R,2515341.0,2515373 34 989.8 387.8 1359
SSACC R,2515375.0,
ESACC R,2515375.0,2515899 526 993.3 367.4 974.9 419.2 1.48 162
SFIX R,2515901.0,
EFIX R,2515901.0,2515935 36 973.3 409.3 1446
SSACC R,2515937.0,
ESACC R,2515937.0,2516261 326 973.7 423.9 982.9 397.5 0.76 134
SFIX R,2516263.0,
EFIX R,2516263.0,2516381 120 983.8 420.6 1508
SSACC R,2516383.0,
ESACC R,2516383.0,2517269 888 980.6 426.7 1008.4 375.9 1.56 153
SFIX R,2517271.0,
EFIX R,2517271.0,2517291 22 1006.9 375.9 1594
SSACC R,2517293.0,
ESACC R,2517293.0,2517577 286 1006.4 380.8 1024.2 404.0 0.79 161
SFIX R,2517579.0,
EFIX R,2517579.0,2517679 102 1019.5 401.3 1544
SSACC R,2517681.0,
SBLINK R,2517765.0,
EBLINK R,2517765.0,2518017 254
ESACC R,2517681.0,2518395 716 1018.6 409.4 1012.9 389.0 0.57 791
SFIX R,2518397.0,
EFIX R,2518397.0,2518459 64 1012.0 388.1 1564
SSACC R,2518461.0,
ESACC R,2518461.0,2518477 18 1009.7 383.2 1006.8 396.1 0.36 84
SFIX R,2518479.0,
EFIX R,2518479.0,2518617 140 1009.5 403.3 1534
SSACC R,2518619.0,
ESACC R,2518619.0,2518819 202 1011.9 396.2 1021.1 423.0 0.77 117
SFIX R,2518821.0,
EFIX R,2518821.0,2518873 54 1020.8 428.6 1442
SSACC R,2518875.0,
ESACC R,2518875.0,2518895 22 1022.8 436.8 1024.2 431.8 0.14 75
SFIX R,2518897.0,
EFIX R,2518897.0,2518965 70 1022.9 426.4 1422
SSACC R,2518967.0,
ESACC R,2518967.0,2519047 82 1021.3 431.7 1027.6 420.6 0.35 91
SFIX R,2519049.0,
EFIX R,2519049.0,2519109 62 1026.8 421.5 1390
SSACC R,2519111.0,
ESACC R,2519111.0,2519133 24 1025.6 400.7 1028.0 420.5 0.54 88
SFIX R,2519135.0,
EFIX R,2519135.0,2519185 52 1027.9 418.4 1383
SSACC R,2519187.0,
ESACC R,2519187.0,2519527 342 1029.1 415.4 1034.1 365.2 1.36 101
SFIX R,2519529.0,
EFIX R,2519529.0,2519571 44 1035.9 366.5 1455
SSACC R,2519573.0,
ESACC R,2519573.0,2519621 50 1039.6 357.4 1037.8 370.5 0.36 76
SFIX R,2519623.0,
EFIX R,2519623.0,2519675 54 1039.3 364.4 1476
SSACC R,2519677.0,
SBLINK R,2519781.0,
EBLINK R,2519781.0,2520009 230
ESACC R,2519677.0,2520151 476 1037.7 359.9 1055.1 283.0 2.11 894
SFIX R,2520153.0,
EFIX R,2520153.0,2520209 58 1051.6 287.8 1507
SSACC R,2520211.0,
SBLINK R,2520245.0,
EBLINK R,2520245.0,2520815 572
ESACC R,2520211.0,2521283 1074 1057.4 284.9 1040.3 379.6 2.58 1696
SFIX R,2521285.0,
EFIX R,2521285.0,2521391 108 1040.1 374.6 1234
SSACC R,2521393.0,
ESACC R,2521393.0,2521483 92 1039.3 387.0 1041.6 380.5 0.19 88
SFIX R,2521485.0,
EFIX R,2521485.0,2521603 120 1038.4 380.0 1271
SSACC R,2521605.0,
ESACC R,2521605.0,2521613 10 1033.9 377.3 1037.6 372.5 0.16 55
SFIX R,2521615.0,
EFIX R,2521615.0,2521645 32 1034.5 389.4 1275
SSACC R,2521647.0,
ESACC R,2521647.0,2521655 10 1035.7 394.0 1034.6 376.2 0.48 58
SFIX R,2521657.0,
EFIX R,2521657.0,2521757 102 1035.1 388.5 1280
SSACC R,2521759.0,
ESACC R,2521759.0,2521791 34 1033.8 366.4 1036.5 390.5 0.65 66
SFIX R,2521793.0,
EFIX R,2521793.0,2522109 318 1040.8 385.2 1261
SSACC R,2522111.0,
ESACC R,2522111.0,2522165 56 1038.3 370.9 1040.6 368.8 0.08 72
SFIX R,2522167.0,
EFIX R,2522167.0,2522221 56 1038.9 374.3 1244
SSACC R,2522223.0,
ESACC R,2522223.0,2522239 18 1036.7 383.4 1038.3 372.9 0.29 67
SFIX R,2522241.0,
EFIX R,2522241.0,2522259 20 1038.1 384.4 1236
SSACC R,2522261.0,
ESACC R,2522261.0,2522531 272 1037.2 389.8 1046.8 372.4 0.54 146
SFIX R,2522533.0,
EFIX R,2522533.0,2522595 64 1045.8 379.7 1250
SSACC R,2522597.0,
ESACC R,2522597.0,2522639 44 1045.6 366.6 1044.0 375.0 0.23 96
SFIX R,2522641.0,
EFIX R,2522641.0,2522669 30 1048.4 376.8 1260
SSACC R,2522671.0,
ESACC R,2522671.0,2522757 88 1052.9 357.9 1052.5 377.7 0.53 84
SFIX R,2522759.0,
EFIX R,2522759.0,2522829 72 1053.6 378.3 1269
SSACC R,2522831.0,
ESACC R,2522831.0,2522861 32 1056.2 367.5 1055.2 380.7 0.36 59
SFIX R,2522863.0,
EFIX R,2522863.0,2522963 102 1057.8 371.3 1282
SSACC R,2522965.0,
ESACC R,2522965.0,2522979 16 1061.8 366.9 1061.9 378.6 0.31 65
SFIX R,2522981.0,
EFIX R,2522981.0,2523161 182 1065.9 369.9 1293
SSACC R,2523163.0,
ESACC R,2523163.0,2523177 16 1070.4 365.8 1071.9 366.8 0.05 68
SFIX R,2523179.0,
EFIX R,2523179.0,2523207 30 1073.4 363.4 1310
SSACC R,2523209.0,
SBLINK R,2523309.0,
EBLINK R,2523309.0,2523493 186
ESACC R,2523209.0,2523669 462 1073.3 361.3 1078.5 473.2 3.02 1009
SFIX R,2523671.0,
EFIX R,2523671.0,2523717 48 1077.5 485.1 1374
SSACC R,2523719.0,
ESACC R,2523719.0,2524659 942 1075.6 495.3 1014.1 418.2 2.67 714
SFIX R,2524661.0,
EFIX R,2524661.0,2524687 28 1012.8 399.6 1144
SSACC R,2524689.0,
ESACC R,2524689.0,2525023 336 1017.4 395.8 1010.9 386.3 0.31 130
SFIX R,2525025.0,
EFIX R,2525025.0,2525055 32 1010.1 401.4 1240
SSACC R,2525057.0,
ESACC R,2525057.0,2525279 224 1011.3 388.2 1008.3 406.9 0.51 104
SFIX R,2525281.0,
EFIX R,2525281.0,2525317 38 1009.6 415.4 1272
SSACC R,2525319.0,
ESACC R,2525319.0,2525421 104 1010.1 408.9 1007.4 401.3 0.22 109
SFIX R,2525423.0,
EFIX R,2525423.0,2525451 30 1008.9 408.8 1281
SSACC R,2525453.0,
ESACC R,2525453.0,2525471 20 1009.8 407.7 1008.3 403.1 0.13 78
SFIX R,2525473.0,
EFIX R,2525473.0,2525503 32 1009.3 409.1 1285
SSACC R,2525505.0,
ESACC R,2525505.0,2525573 70 1008.5 424.3 1011.0 395.6 0.78 91
SFIX R,2525575.0,
EFIX R,2525575.0,2525659 86 1009.7 406.8 1298
SSACC R,2525661.0,
ESACC R,2525661.0,2525745 86 1011.9 398.6 1044.5 393.5 0.89 139
SFIX R,2525747.0,
EFIX R,2525747.0,2525893 148 1043.7 395.6 1311
SSACC R,2525895.0,
ESACC R,2525895.0,2525959 66 1045.7 397.2 1025.4 396.1 0.55 101
SFIX R,2525961.0,
EFIX R,2525961.0,2526089 130 1023.0 408.1 1325
SSACC R,2526091.0,
ESACC R,2526091.0,2526239 150 1021.2 404.7 1019.1 432.4 0.75 77
SFIX R,2526241.0,
EFIX R,2526241.0,2526377 138 1017.1 431.5 1329
SSACC R,2526379.0,
ESACC R,2526379.0,2526497 120 1013.7 438.3 1016.4 430.4 0.23 67
SFIX R,2526499.0,
EFIX R,2526499.0,2526567 70 1018.7 432.7 1313
SSACC R,2526569.0,
SBLINK R,2526603.0,
EBLINK R,2526603.0,2526843 242
ESACC R,2526569.0,2526965 398 1020.4 433.7 1037.7 407.9 0.84 1060
SFIX R,2526967.0,
EFIX R,2526967.0,2527043 78 1034.1 418.6 1297
SSACC R,2527045.0,
ESACC R,2527045.0,2527059 16 1033.4 428.3 1030.1 417.0 0.32 67
SFIX R,2527061.0,
EFIX R,2527061.0,2527083 24 1029.9 425.6 1291
SSACC R,2527085.0,
ESACC R,2527085.0,2527105 22 1030.9 439.1 1028.4 423.1 0.44 89
SFIX R,2527107.0,
EFIX R,2527107.0,2527133 28 1030.4 422.0 1296
SSACC R,2527135.0,
SBLINK R,2527197.0,
EBLINK R,2527197.0,2527367 172
ESACC R,2527135.0,2527871 738 1028.4 429.3 1010.3 393.0 1.10 1022
SFIX R,2527873.0,
EFIX R,2527873.0,2528225 354 1005.8 384.7 1183
SSACC R,2528227.0,
ESACC R,2528227.0,2528233 8 1003.6 397.9 1004.2 387.6 0.28 58
SFIX R,2528235.0,
EFIX R,2528235.0,2528263 30 1005.2 380.4 1209
SSACC R,2528265.0,
SBLINK R,2528309.0,
EBLINK R,2528309.0,2528551 244
ESACC R,2528265.0,2528907 644 1009.0 388.6 1022.8 384.2 0.39 1310
SFIX R,2528909.0,
EFIX R,2528909.0,2529051 144 1019.9 374.0 1265
SSACC R,2529053.0,
ESACC R,2529053.0,2529061 10 1018.0 370.6 1021.9 369.5 0.11 58
SFIX R,2529063.0,
EFIX R,2529063.0,2529209 148 1023.6 385.3 1242
SSACC R,2529211.0,
ESACC R,2529211.0,2529753 544 1023.9 392.5 1030.2 395.2 0.19 520
SFIX R,2529755.0,
EFIX R,2529755.0,2529789 36 1033.1 403.8 1055
SSACC R,2529791.0,
ESACC R,2529791.0,2529845 56 1029.2 407.9 1024.7 414.6 0.22 61
SFIX R,2529847.0,
EFIX R,2529847.0,2529895 50 1023.3 421.9 1022
SSACC R,2529897.0,
ESACC R,2529897.0,2529901 6 1025.8 414.8 1023.1 426.4 0.32 74
SFIX R,2529903.0,
EFIX R,2529903.0,2529967 66 1022.3 428.3 1025
SSACC R,2529969.0,
ESACC R,2529969.0,2530027 60 1023.3 425.4 1021.0 432.7 0.21 58
SFIX R,2530029.0,
EFIX R,2530029.0,2530067 40 1020.0 424.3 1059
SSACC R,2530069.0,
ESACC R,2530069.0,2530133 66 1020.9 420.8 1020.2 420.9 0.02 51
SFIX R,2530135.0,
EFIX R,2530135.0,2530445 312 1019.0 401.0 1153
SSACC R,2530447.0,
ESACC R,2530447.0,2530591 146 1021.9 395.7 1019.7 374.1 0.59 121
SFIX R,2530593.0,
EFIX R,2530593.0,2530623 32 1022.4 377.0 1259
SSACC R,2530625.0,
ESACC R,2530625.0,2530655 32 1022.8 387.1 1020.6 387.6 0.06 80
SFIX R,2530657.0,
EFIX R,2530657.0,2530761 106 1022.4 376.5 1288
SSACC R,2530763.0,
ESACC R,2530763.0,2530853 92 1025.4 366.8 1026.2 392.5 0.69 92
SFIX R,2530855.0,
EFIX R,2530855.0,2530891 38 1025.5 376.9 1329
SSACC R,2530893.0,
ESACC R,2530893.0,2530933 42 1026.0 381.9 1024.1 389.6 0.21 80
SFIX R,2530935.0,
EFIX R,2530935.0,2530983 50 1023.5 382.2 1344
SSACC R,2530985.0,
ESACC R,2530985.0,2531021 38 1023.1 383.4 1023.5 395.0 0.31 70
SFIX R,2531023.0,
EFIX R,2531023.0,2531101 80 1022.1 392.4 1355
SSACC R,2531103.0,
ESACC R,2531103.0,2531149 48 1023.0 408.4 1022.3 407.1 0.04 100
SFIX R,2531151.0,
EFIX R,2531151.0,2531215 66 1021.8 408.8 1362
SSACC R,2531217.0,
ESACC R,2531217.0,2531315 100 1019.7 397.6 1025.3 406.2 0.28 76
SFIX R,2531317.0,
EFIX R,2531317.0,2531349 34 1026.9 405.1 1370
SSACC R,2531351.0,
ESACC R,2531351.0,2531367 18 1028.3 418.2 1029.8 422.1 0.11 106
SFIX R,2531369.0,
EFIX R,2531369.0,2531423 56 1029.1 413.9 1363
SSACC R,2531425.0,
ESACC R,2531425.0,2531541 118 1029.6 400.2 1034.1 407.7 0.24 76
SFIX R,2531543.0,
EFIX R,2531543.0,2531665 124 1033.3 409.7 1381
SSACC R,2531667.0,
ESACC R,2531667.0,2531721 56 1034.8 402.1 1032.6 411.4 0.26 74
SFIX R,2531723.0,
EFIX R,2531723.0,2531791 70 1033.7 415.5 1388
SSACC R,2531793.0,
ESACC R,2531793.0,2531833 42 1033.8 421.1 1037.8 414.8 0.20 84
SFIX R,2531835.0,
EFIX R,2531835.0,2531897 64 1033.0 414.8 1397
SSACC R,2531899.0,
ESACC R,2531899.0,2532019 122 1033.2 421.0 1042.3 427.2 0.30 127
SFIX R,2532021.0,
EFIX R,2532021.0,2532059 40 1037.4 429.3 1417
SSACC R,2532061.0,
ESACC R,2532061.0,2532093 34 1034.6 417.2 1034.3 434.6 0.47 77
SFIX R,2532095.0,
EFIX R,2532095.0,2532185 92 1036.0 432.3 1421
SSACC R,2532187.0,
ESACC R,2532187.0,2532319 134 1037.9 443.7 1028.2 446.2 0.27 115
SFIX R,2532321.0,
EFIX R,2532321.0,2532379 60 1030.4 441.3 1436
SSACC R,2532381.0,
ESACC R,2532381.0,2532411 32 1028.1 446.9 1057.1 418.3 1.10 96
SFIX R,2532413.0,
EFIX R,2532413.0,2532495 84 1046.4 414.6 1442
SSACC R,2532497.0,
ESACC R,2532497.0,2532559 64 1043.2 405.5 1043.2 435.9 0.82 88
SFIX R,2532561.0,
EFIX R,2532561.0,2532619 60 1035.3 434.0 1408
SSACC R,2532621.0,
ESACC R,2532621.0,2532673 54 1033.3 432.0 1023.1 439.7 0.35 74
SFIX R,2532675.0,
EFIX R,2532675.0,2532707 34 1019.9 445.8 1371
SSACC R,2532709.0,
ESACC R,2532709.0,2532727 20 1020.2 457.6 1016.8 458.8 0.10 67
SFIX R,2532729.0,
EFIX R,2532729.0,2532757 30 1016.6 449.7 1356
SSACC R,2532759.0,
ESACC R,2532759.0,2532831 74 1015.2 463.9 1013.7 440.7 0.63 76
SFIX R,2532833.0,
EFIX R,2532833.0,2532871 40 1014.4 446.5 1332
SSACC R,2532873.0,
ESACC R,2532873.0,2532997 126 1012.8 455.1 1014.3 456.6 0.06 73
SFIX R,2532999.0,
EFIX R,2532999.0,2533051 54 1013.0 451.2 1308
SSACC R,2533053.0,
ESACC R,2533053.0,2533071 20 1010.9 442.0 1015.8 439.8 0.15 77
SFIX R,2533073.0,
EFIX R,2533073.0,2533151 80 1013.7 442.6 1318
SSACC R,2533153.0,
ESACC R,2533153.0,2533329 178 1011.8 429.2 1028.0 421.8 0.48 154
SFIX R,2533331.0,
EFIX R,2533331.0,2533577 248 1026.4 418.9 1363
SSACC R,2533579.0,
ESACC R,2533579.0,2533605 28 1025.1 407.5 1024.7 419.9 0.34 68
SFIX R,2533607.0,
EFIX R,2533607.0,2533677 72 1021.7 417.3 1391
SSACC R,2533679.0,
ESACC R,2533679.0,2533693 16 1021.7 414.3 1021.0 428.5 0.38 58
SFIX R,2533695.0,
EFIX R,2533695.0,2533995 302 1021.3 419.8 1389
SSACC R,2533997.0,
ESACC R,2533997.0,2534017 22 1026.3 411.0 1025.2 403.3 0.21 73
SFIX R,2534019.0,
EFIX R,2534019.0,2534045 28 1026.6 407.8 1382
SSACC R,2534047.0,
ESACC R,2534047.0,2534227 182 1028.3 408.1 1031.7 393.8 0.40 79
SFIX R,2534229.0,
EFIX R,2534229.0,2534321 94 1030.5 402.0 1378
SSACC R,2534323.0,
ESACC R,2534323.0,2534347 26 1031.8 411.9 1033.7 389.8 0.60 98
SFIX R,2534349.0,
EFIX R,2534349.0,2534455 108 1035.9 397.4 1379
SSACC R,2534457.0,
ESACC R,2534457.0,2534597 142 1037.4 414.8 1042.6 384.7 0.82 128
SFIX R,2534599.0,
EFIX R,2534599.0,2534625 28 1041.9 389.7 1394
SSACC R,2534627.0,
ESACC R,2534627.0,2534635 10 1045.5 365.3 1042.6 400.8 0.96 91
SFIX R,2534637.0,
EFIX R,2534637.0,2534799 164 1041.4 396.7 1396
SSACC R,2534801.0,
ESACC R,2534801.0,2534813 14 1039.3 417.6 1037.9 397.9 0.53 85
SFIX R,2534815.0,
EFIX R,2534815.0,2534855 42 1041.1 392.6 1414
SSACC R,2534857.0,
SBLINK R,2535051.0,
EBLINK R,2535051.0,2535631 582
ESACC R,2534857.0,2535923 1068 1040.9 397.4 1050.9 427.4 0.85 1610
SFIX R,2535925.0,
EFIX R,2535925.0,2535969 46 1052.7 430.4 1226
SSACC R,2535971.0,
ESACC R,2535971.0,2535987 18 1051.0 421.0 1047.0 407.0 0.39 110
SFIX R,2535989.0,
EFIX R,2535989.0,2536189 202 1041.3 420.2 1153
SSACC R,2536191.0,
ESACC R,2536191.0,2536199 10 1031.3 436.7 1031.1 429.0 0.21 50
SFIX R,2536201.0,
EFIX R,2536201.0,2536357 158 1019.2 443.5 1047
SSACC R,2536359.0,
ESACC R,2536359.0,2536499 142 1010.5 447.5 1019.8 225.1 5.97 244
SFIX R,2536501.0,
EFIX R,2536501.0,2536617 118 1017.8 240.4 987
SSACC R,2536619.0,
SBLINK R,2536653.0,
EBLINK R,2536653.0,2536855 204
ESACC R,2536619.0,2536981 364 1018.7 245.6 1008.6 434.9 5.08 2277
SFIX R,2536983.0,
EFIX R,2536983.0,2537021 40 1009.6 427.4 1060
SSACC R,2537023.0,
ESACC R,2537023.0,2537061 40 1007.1 417.6 1014.0 400.2 0.51 186
SFIX R,2537063.0,
EFIX R,2537063.0,2537167 106 1017.6 400.6 1075
SSACC R,2537169.0,
ESACC R,2537169.0,2537183 16 1015.1 392.8 1020.3 409.7 0.48 74
SFIX R,2537185.0,
EFIX R,2537185.0,2537241 58 1019.5 405.2 1095
SSACC R,2537243.0,
ESACC R,2537243.0,2537301 60 1021.7 403.9 1021.8 401.6 0.06 74
SFIX R,2537303.0,
EFIX R,2537303.0,2537331 30 1020.9 406.4 1090
SSACC R,2537333.0,
ESACC R,2537333.0,2537341 10 1022.5 414.4 1019.0 396.4 0.50 67
SFIX R,2537343.0,
EFIX R,2537343.0,2537411 70 1018.8 405.5 1080
SSACC R,2537413.0,
ESACC R,2537413.0,2537441 30 1027.3 394.8 1025.4 381.9 0.35 85
SFIX R,2537443.0,
EFIX R,2537443.0,2537699 258 1022.6 404.0 1076
SSACC R,2537701.0,
ESACC R,2537701.0,2537707 8 1021.7 413.8 1019.7 410.5 0.10 58
SFIX R,2537709.0,
EFIX R,2537709.0,2537931 224 1024.9 400.8 1111
SSACC R,2537933.0,
ESACC R,2537933.0,2537947 16 1025.8 402.5 1028.2 401.9 0.07 74
SFIX R,2537949.0,
EFIX R,2537949.0,2538283 336 1025.7 385.3 1156
SSACC R,2538285.0,
ESACC R,2538285.0,2538297 14 1023.7 360.2 1024.6 380.2 0.54 80
SFIX R,2538299.0,
EFIX R,2538299.0,2538327 30 1024.6 370.4 1213
SSACC R,2538329.0,
SBLINK R,2538373.0,
EBLINK R,2538373.0,2538683 312
ESACC R,2538329.0,2538833 506 1025.1 380.0 1100.7 451.7 2.81 2498
SFIX R,2538835.0,
EFIX R,2538835.0,2538873 40 1099.6 449.3 1250
SSACC R,2538875.0,
ESACC R,2538875.0,2538903 30 1098.7 454.3 1007.3 377.0 3.23 227
SFIX R,2538905.0,
EFIX R,2538905.0,2538935 32 1019.4 381.7 1284
SSACC R,2538937.0,
SBLINK R,2538985.0,
EBLINK R,2538985.0,2539179 196
ESACC R,2538937.0,2539593 658 1019.8 385.8 1013.8 381.8 0.19 1684
SFIX R,2539595.0,
EFIX R,2539595.0,2539823 230 1010.8 402.2 1121
SSACC R,2539825.0,
ESACC R,2539825.0,2539893 70 1010.7 416.0 1014.4 408.2 0.23 74
SFIX R,2539895.0,
EFIX R,2539895.0,2539961 68 1017.6 398.1 1137
SSACC R,2539963.0,
ESACC R,2539963.0,2539979 18 1016.0 416.4 1018.5 390.2 0.71 76
SFIX R,2539981.0,
EFIX R,2539981.0,2540011 32 1018.3 395.5 1142
SSACC R,2540013.0,
ESACC R,2540013.0,2540025 14 1015.8 387.4 1015.8 407.0 0.53 72
SFIX R,2540027.0,
EFIX R,2540027.0,2540061 36 1016.9 403.0 1139
SSACC R,2540063.0,
ESACC R,2540063.0,2540091 30 1019.0 413.1 1017.5 394.1 0.52 67
SFIX R,2540093.0,
EFIX R,2540093.0,2540183 92 1018.3 395.9 1151
SSACC R,2540185.0,
ESACC R,2540185.0,2540219 36 1019.7 390.2 1013.3 397.9 0.27 80
SFIX R,2540221.0,
EFIX R,2540221.0,2540295 76 1017.8 396.4 1153
SSACC R,2540297.0,
ESACC R,2540297.0,2540433 138 1018.1 413.0 1023.0 383.5 0.81 104
SFIX R,2540435.0,
EFIX R,2540435.0,2540475 42 1020.1 391.7 1163
SSACC R,2540477.0,
ESACC R,2540477.0,2540613 138 1017.0 374.4 1057.5 371.1 1.10 130
SFIX R,2540615.0,
EFIX R,2540615.0,2540739 126 1052.8 383.7 1225
SSACC R,2540741.0,
ESACC R,2540741.0,2540755 16 1043.1 380.8 1023.3 388.2 0.57 84
SFIX R,2540757.0,
EFIX R,2540757.0,2540807 52 1029.9 397.0 1246
SSACC R,2540809.0,
ESACC R,2540809.0,2540849 42 1031.7 400.9 1031.1 403.8 0.08 74
SFIX R,2540851.0,
EFIX R,2540851.0,2540857 8 1030.3 407.4 1250
SSACC R,2540859.0,
ESACC R,2540859.0,2540905 48 1030.4 402.6 1029.3 397.6 0.14 85
SFIX R,2540907.0,
EFIX R,2540907.0,2541063 158 1028.3 397.0 1274
SSACC R,2541065.0,
ESACC R,2541065.0,2541383 320 1026.2 402.9 1018.6 368.3 0.96 100
SFIX R,2541385.0,
EFIX R,2541385.0,2541411 28 1020.2 374.5 1296
SSACC R,2541413.0,
ESACC R,2541413.0,2541435 24 1019.1 382.8 1022.3 385.3 0.11 73
SFIX R,2541437.0,
EFIX R,2541437.0,2541505 70 1021.1 387.6 1288
SSACC R,2541507.0,
ESACC R,2541507.0,2541755 250 1019.5 391.2 1046.6 367.2 0.98 100
SFIX R,2541757.0,
EFIX R,2541757.0,2541867 112 1049.0 382.8 1303
SSACC R,2541869.0,
ESACC R,2541869.0,2542185 318 1046.0 397.3 1042.2 389.3 0.24 102
SFIX R,2542187.0,
EFIX R,2542187.0,2542245 60 1041.6 385.8 1331
SSACC R,2542247.0,
ESACC R,2542247.0,2542287 42 1043.2 402.9 1041.3 392.0 0.30 84
SFIX R,2542289.0,
EFIX R,2542289.0,2542335 48 1039.8 389.4 1334
SSACC R,2542337.0,
ESACC R,2542337.0,2543175 840 1042.4 390.8 1047.4 392.9 0.15 118
SFIX R,2543177.0,
EFIX R,2543177.0,2543299 124 1046.5 379.1 1478
SSACC R,2543301.0,
ESACC R,2543301.0,2543479 180 1044.8 386.0 1042.7 389.0 0.10 99
SFIX R,2543481.0,
EFIX R,2543481.0,2543551 72 1043.1 389.2 1480
SSACC R,2543553.0,
ESACC R,2543553.0,2544189 638 1040.1 404.4 1059.4 388.3 0.68 136
SFIX R,2544191.0,
EFIX R,2544191.0,2544273 84 1059.5 395.4 1515
SSACC R,2544275.0,
ESACC R,2544275.0,2544327 54 1056.1 399.3 1059.5 401.6 0.11 90
SFIX R,2544329.0,
EFIX R,2544329.0,2544453 126 1056.6 400.2 1541
SSACC R,2544455.0,
ESACC R,2544455.0,2544493 40 1059.6 407.1 1055.0 411.9 0.18 96
SFIX R,2544495.0,
EFIX R,2544495.0,2544527 34 1056.0 411.2 1548
SSACC R,2544529.0,
ESACC R,2544529.0,2544545 18 1054.1 408.1 1054.1 422.6 0.39 93
SFIX R,2544547.0,
EFIX R,2544547.0,2544631 86 1055.3 423.2 1538
SSACC R,2544633.0,
ESACC R,2544633.0,2544781 150 1055.0 427.3 1056.4 400.1 0.74 148
SFIX R,2544783.0,
EFIX R,2544783.0,2544915 134 1051.6 414.8 1535
SSACC R,2544917.0,
ESACC R,2544917.0,2544979 64 1049.5 425.3 1045.4 417.4 0.24 92
SFIX R,2544981.0,
EFIX R,2544981.0,2545017 38 1048.0 408.1 1532
SSACC R,2545019.0,
ESACC R,2545019.0,2545047 30 1044.7 412.7 1047.6 400.5 0.34 63
SFIX R,2545049.0,
EFIX R,2545049.0,2545101 54 1046.3 407.4 1526
SSACC R,2545103.0,
ESACC R,2545103.0,2545461 360 1048.0 417.8 1056.7 448.6 0.87 391
SFIX R,2545463.0,
EFIX R,2545463.0,2545471 10 1058.6 443.5 1507
SSACC R,2545473.0,
ESACC R,2545473.0,2545597 126 1054.8 451.0 1044.9 431.8 0.58 112
SFIX R,2545599.0,
EFIX R,2545599.0,2545677 80 1041.5 422.2 1418
SSACC R,2545679.0,
ESACC R,2545679.0,2545813 136 1038.4 431.2 1022.5 407.7 0.77 77
SFIX R,2545815.0,
EFIX R,2545815.0,2545849 36 1026.5 409.2 1352
SSACC R,2545851.0,
ESACC R,2545851.0,2545985 136 1020.7 434.9 1021.7 387.6 1.28 182
SFIX R,2545987.0,
EFIX R,2545987.0,2546017 32 1017.0 395.4 1329
SSACC R,2546019.0,
ESACC R,2546019.0,2546029 12 1012.5 423.1 1017.0 391.8 0.85 108
SFIX R,2546031.0,
EFIX R,2546031.0,2546061 32 1016.4 397.3 1325
SSACC R,2546063.0,
ESACC R,2546063.0,2546667 606 1013.4 400.2 1034.8 372.8 0.94 186
SFIX R,2546669.0,
EFIX R,2546669.0,2546757 90 1034.9 376.8 1377
SSACC R,2546759.0,
ESACC R,2546759.0,2546885 128 1039.5 376.1 1036.0 384.3 0.24 89
SFIX R,2546887.0,
EFIX R,2546887.0,2546913 28 1036.3 375.9 1367
SSACC R,2546915.0,
ESACC R,2546915.0,2547061 148 1035.2 373.2 1043.1 383.2 0.34 134
SFIX R,2547063.0,
EFIX R,2547063.0,2547145 84 1042.1 361.3 1371
SSACC R,2547147.0,
ESACC R,2547147.0,2547201 56 1041.5 357.9 1033.0 378.2 0.59 98
SFIX R,2547203.0,
EFIX R,2547203.0,2547319 118 1038.3 374.6 1372
SSACC R,2547321.0,
ESACC R,2547321.0,2547433 114 1040.5 381.8 1045.3 385.7 0.17 119
SFIX R,2547435.0,
EFIX R,2547435.0,2547483 50 1047.8 381.6 1390
SSACC R,2547485.0,
ESACC R,2547485.0,2547495 12 1048.2 391.0 1046.2 389.1 0.07 86
SFIX R,2547497.0,
EFIX R,2547497.0,2547537 42 1050.9 384.2 1395
SSACC R,2547539.0,
ESACC R,2547539.0,2547753 216 1049.6 380.7 1055.5 403.5 0.63 94
SFIX R,2547755.0,
EFIX R,2547755.0,2547789 36 1056.9 396.8 1406
SSACC R,2547791.0,
ESACC R,2547791.0,2547987 198 1061.1 382.7 1058.3 410.0 0.74 130
SFIX R,2547989.0,
EFIX R,2547989.0,2548069 82 1055.7 407.6 1408
SSACC R,2548071.0,
ESACC R,2548071.0,2548211 142 1057.7 397.5 1051.9 419.3 0.61 120
SFIX R,2548213.0,
EFIX R,2548213.0,2548233 22 1048.7 423.3 1401
SSACC R,2548235.0,
ESACC R,2548235.0,2549005 772 1047.3 432.9 1020.9 416.3 0.84 274
SFIX R,2549007.0,
EFIX R,2549007.0,2549061 56 1018.2 416.2 1515
SSACC R,2549063.0,
ESACC R,2549063.0,2549261 200 1014.4 400.3 1015.8 417.4 0.46 89
SFIX R,2549263.0,
EFIX R,2549263.0,2549335 74 1016.5 423.9 1518
SSACC R,2549337.0,
ESACC R,2549337.0,2549413 78 1016.2 419.5 1022.4 436.6 0.49 91
SFIX R,2549415.0,
EFIX R,2549415.0,2549449 36 1026.9 417.7 1513
SSACC R,2549451.0,
ESACC R,2549451.0,2549643 194 1026.0 414.0 1033.2 411.8 0.20 77
SFIX R,2549645.0,
EFIX R,2549645.0,2549743 100 1033.2 412.7 1517
SSACC R,2549745.0,
SBLINK R,2549931.0,
EBLINK R,2549931.0,2551835 1906
ESACC R,2549745.0,2551949 2206 1036.5 427.5 1036.6 388.8 1.04 917
SFIX R,2551951.0,
EFIX R,2551951.0,2552023 74 1027.3 393.2 1286
SSACC R,2552025.0,
ESACC R,2552025.0,2552039 16 1023.6 384.0 1018.9 412.6 0.78 113
SFIX R,2552041.0,
EFIX R,2552041.0,2552143 104 1015.6 417.0 1257
SSACC R,2552145.0,
ESACC R,2552145.0,2552283 140 1016.9 415.4 1013.7 420.1 0.15 108
SFIX R,2552285.0,
EFIX R,2552285.0,2552357 74 1011.1 430.6 1101
SSACC R,2552359.0,
ESACC R,2552359.0,2552405 48 1008.0 429.2 1010.7 438.5 0.26 91
SFIX R,2552407.0,
EFIX R,2552407.0,2552627 222 1006.2 450.5 985
SSACC R,2552629.0,
ESACC R,2552629.0,2552671 44 1000.4 463.0 1003.0 446.5 0.45 82
SFIX R,2552673.0,
EFIX R,2552673.0,2552817 146 1002.5 443.9 977
SSACC R,2552819.0,
ESACC R,2552819.0,2552839 22 1004.3 417.0 1004.2 427.9 0.29 94
SFIX R,2552841.0,
EFIX R,2552841.0,2552869 30 1003.6 437.2 1008
SSACC R,2552871.0,
ESACC R,2552871.0,2552927 58 1002.9 429.3 1002.0 433.0 0.10 102
SFIX R,2552929.0,
EFIX R,2552929.0,2552951 24 1004.9 426.5 1031
SSACC R,2552953.0,
ESACC R,2552953.0,2553605 654 1005.3 429.6 1027.0 439.6 0.65 152
SFIX R,2553607.0,
EFIX R,2553607.0,2553727 122 1027.8 446.3 1088
SSACC R,2553729.0,
ESACC R,2553729.0,2554153 426 1026.2 437.2 1064.1 464.5 1.26 156
SFIX R,2554155.0,
EFIX R,2554155.0,2554185 32 1063.7 461.5 1058
SSACC R,2554187.0,
ESACC R,2554187.0,2554341 156 1066.1 447.5 1018.5 441.1 1.30 117
SFIX R,2554343.0,
EFIX R,2554343.0,2554367 26 1019.3 435.9 1033
SSACC R,2554369.0,
ESACC R,2554369.0,2555481 1114 1016.7 426.3 997.2 408.8 0.71 169
SFIX R,2555483.0,
EFIX R,2555483.0,2555505 24 1001.8 408.7 1242
SSACC R,2555507.0,
SBLINK R,2555617.0,
EBLINK R,2555617.0,2556071 456
ESACC R,2555507.0,2556459 954 1002.6 403.1 1016.4 452.9 1.40 2018
SFIX R,2556461.0,
EFIX R,2556461.0,2556571 112 1016.3 460.3 1187
SSACC R,2556573.0,
ESACC R,2556573.0,2556677 106 1020.2 474.6 1020.2 464.4 0.28 66
SFIX R,2556679.0,
EFIX R,2556679.0,2556811 134 1017.7 463.2 1130
SSACC R,2556813.0,
ESACC R,2556813.0,2556865 54 1017.6 461.0 1015.7 443.8 0.47 82
SFIX R,2556867.0,
EFIX R,2556867.0,2556899 34 1015.0 449.9 1140
SSACC R,2556901.0,
ESACC R,2556901.0,2557471 572 1009.8 452.1 1013.8 391.5 1.64 140
SFIX R,2557473.0,
EFIX R,2557473.0,2557505 34 1012.7 395.8 1249
SSACC R,2557507.0,
ESACC R,2557507.0,2557993 488 1009.4 410.0 1033.1 383.7 0.96 180
SFIX R,2557995.0,
EFIX R,2557995.0,2558015 22 1034.3 375.5 1413
SSACC R,2558017.0,
ESACC R,2558017.0,2558105 90 1031.8 363.3 1008.2 387.9 0.92 134
SFIX R,2558107.0,
EFIX R,2558107.0,2558137 32 1007.6 391.4 1408
SSACC R,2558139.0,
ESACC R,2558139.0,2558247 110 1004.2 392.5 1028.0 357.5 1.14 122
SFIX R,2558249.0,
EFIX R,2558249.0,2558325 78 1023.9 376.6 1427
SSACC R,2558327.0,
ESACC R,2558327.0,2558343 18 1023.2 385.4 1025.3 371.7 0.37 73
SFIX R,2558345.0,
EFIX R,2558345.0,2558373 30 1025.1 378.5 1427
SSACC R,2558375.0,
ESACC R,2558375.0,2558433 60 1025.3 377.7 1026.3 390.9 0.36 72
SFIX R,2558435.0,
EFIX R,2558435.0,2558487 54 1027.6 387.2 1420
SSACC R,2558489.0,
ESACC R,2558489.0,2558581 94 1030.6 373.4 1024.9 410.7 1.02 97
SFIX R,2558583.0,
EFIX R,2558583.0,2558711 130 1024.1 405.7 1388
SSACC R,2558713.0,
ESACC R,2558713.0,2558731 20 1023.3 417.7 1023.8 411.4 0.17 74
SFIX R,2558733.0,
EFIX R,2558733.0,2558771 40 1022.7 420.6 1358
SSACC R,2558773.0,
ESACC R,2558773.0,2558785 14 1026.0 424.4 1022.1 432.5 0.24 53
SFIX R,2558787.0,
EFIX R,2558787.0,2558833 48 1024.0 431.0 1325
SSACC R,2558835.0,
ESACC R,2558835.0,2559085 252 1024.6 419.9 1052.3 427.3 0.77 135
SFIX R,2559087.0,
EFIX R,2559087.0,2559125 40 1053.4 429.2 1268
SSACC R,2559127.0,
ESACC R,2559127.0,2559149 24 1052.9 421.4 1052.2 408.2 0.36 80
SFIX R,2559151.0,
EFIX R,2559151.0,2559175 26 1054.2 416.4 1275
SSACC R,2559177.0,
ESACC R,2559177.0,2559499 324 1054.8 411.3 1035.1 440.4 0.95 152
SFIX R,2559501.0,
EFIX R,2559501.0,2559565 66 1034.6 437.6 1293
SSACC R,2559567.0,
ESACC R,2559567.0,2559611 46 1033.2 437.5 1031.4 444.8 0.20 87
SFIX R,2559613.0,
EFIX R,2559613.0,2559639 28 1030.8 446.7 1280
SSACC R,2559641.0,
ESACC R,2559641.0,2559915 276 1030.1 439.9 1030.3 433.0 0.19 122
SFIX R,2559917.0,
EFIX R,2559917.0,2559963 48 1028.9 437.5 1270
SSACC R,2559965.0,
ESACC R,2559965.0,2560407 444 1028.8 446.2 1028.2 409.0 1.01 148
SFIX R,2560409.0,
EFIX R,2560409.0,2560429 22 1029.0 413.8 1277
SSACC R,2560431.0,
SBLINK R,2561679.0,
EBLINK R,2561679.0,2561905 228
ESACC R,2560431.0,2562619 2190 1027.6 405.6 1011.1 419.6 0.59 972
SFIX R,2562621.0,
EFIX R,2562621.0,2562705 86 1012.1 425.0 1067
SSACC R,2562707.0,
ESACC R,2562707.0,2562787 82 1012.7 434.5 1006.0 406.7 0.77 83
SFIX R,2562789.0,
EFIX R,2562789.0,2562817 30 1006.0 408.0 1077
SSACC R,2562819.0,
ESACC R,2562819.0,2563183 366 1003.9 403.7 1013.6 401.0 0.27 143
SFIX R,2563185.0,
EFIX R,2563185.0,2563205 22 1012.9 400.0 1148
SSACC R,2563207.0,
ESACC R,2563207.0,2563455 250 1011.8 396.5 1009.7 398.5 0.08 141
SFIX R,2563457.0,
EFIX R,2563457.0,2563571 116 1009.9 413.8 1223
SSACC R,2563573.0,
ESACC R,2563573.0,2564179 608 1012.4 424.8 1006.8 462.4 1.03 217
SFIX R,2564181.0,
EFIX R,2564181.0,2564237 58 1001.8 463.7 1363
SSACC R,2564239.0,
SBLINK R,2564317.0,
EBLINK R,2564317.0,2565197 882
ESACC R,2564239.0,2565351 1114 998.4 480.8 975.2 430.4 1.50 2149
SFIX R,2565353.0,
EFIX R,2565353.0,2565387 36 972.8 434.5 1025
SSACC R,2565389.0,
ESACC R,2565389.0,2565663 276 971.4 443.3 957.3 472.4 0.88 119
SFIX R,2565665.0,
EFIX R,2565665.0,2565703 40 959.2 458.8 1027
SSACC R,2565705.0,
ESACC R,2565705.0,2565749 46 959.8 463.2 1006.8 425.8 1.63 179
SFIX R,2565751.0,
EFIX R,2565751.0,2565809 60 1015.1 443.7 1045
SSACC R,2565811.0,
ESACC R,2565811.0,2566457 648 1017.0 444.1 999.8 402.8 1.21 184
SFIX R,2566459.0,
EFIX R,2566459.0,2566479 22 1000.8 395.0 1141
SSACC R,2566481.0,
ESACC R,2566481.0,2566501 22 999.6 386.4 999.8 399.3 0.35 117
SFIX R,2566503.0,
EFIX R,2566503.0,2566523 22 999.0 391.3 1152
SSACC R,2566525.0,
ESACC R,2566525.0,2566805 282 997.9 386.9 1007.7 396.6 0.37 163
SFIX R,2566807.0,
EFIX R,2566807.0,2566831 26 1006.5 380.5 1180
SSACC R,2566833.0,
ESACC R,2566833.0,2566859 28 1005.8 381.7 1003.2 386.1 0.14 82
SFIX R,2566861.0,
EFIX R,2566861.0,2566861 2 1003.4 377.6 1187
SSACC R,2566863.0,
ESACC R,2566863.0,2566995 134 1003.4 376.5 981.6 400.5 0.88 163
SFIX R,2566997.0,
EFIX R,2566997.0,2567127 132 980.6 408.9 1208
SSACC R,2567129.0,
ESACC R,2567129.0,2567181 54 981.5 389.3 981.9 410.3 0.57 148
SFIX R,2567183.0,
EFIX R,2567183.0,2567227 46 987.5 407.4 1241
SSACC R,2567229.0,
ESACC R,2567229.0,2567341 114 987.1 395.7 995.2 410.5 0.46 102
SFIX R,2567343.0,
EFIX R,2567343.0,2567389 48 996.2 425.6 1266
SSACC R,2567391.0,
SBLINK R,2570333.0,
EBLINK R,2570333.0,2571645 1314
ESACC R,2567391.0,2572459 5070 1000.1 445.2 1052.7 517.5 2.42 1660
SFIX R,2572461.0,
EFIX R,2572461.0,2572497 38 1053.2 499.9 1065
SSACC R,2572499.0,
ESACC R,2572499.0,2575341 2844 1046.4 499.7 981.6 524.9 1.88 402
SFIX R,2575343.0,
EFIX R,2575343.0,2575363 22 983.5 514.1 1499
SSACC R,2575365.0,
SBLINK R,2575887.0,
EBLINK R,2575887.0,2579467 3582
ESACC R,2575365.0,2580061 4698 982.2 509.4 1003.9 574.3 1.85 1617
SFIX R,2580063.0,
EFIX R,2580063.0,2580083 22 1005.6 577.9 1137
SSACC R,2580085.0,
ESACC R,2580085.0,2582887 2804 993.2 566.6 961.4 513.0 1.69 261
SFIX R,2582889.0,
EFIX R,2582889.0,2582939 52 959.9 492.0 850
SSACC R,2582941.0,
SBLINK R,2583489.0,
EBLINK R,2583489.0,2584081 594
ESACC R,2582941.0,2584155 1216 952.6 487.3 1458.3 342.4 13.86 1538
SFIX R,2584157.0,
EFIX R,2584157.0,2584211 56 1458.2 345.4 820
SSACC R,2584213.0,
ESACC R,2584213.0,2584279 68 1461.7 352.4 971.2 479.4 13.34 370
SFIX R,2584281.0,
EFIX R,2584281.0,2584547 268 962.8 503.8 798
SSACC R,2584549.0,
ESACC R,2584549.0,2584565 18 960.5 504.8 974.4 536.7 0.94 93
SFIX R,2584567.0,
EFIX R,2584567.0,2584805 240 968.6 527.3 747
SSACC R,2584807.0,
SBLINK R,2584847.0,
EBLINK R,2584847.0,2585095 250
ESACC R,2584807.0,2585241 436 961.1 528.6 971.8 470.1 1.61 1231
SFIX R,2585243.0,
EFIX R,2585243.0,2585447 206 973.8 489.8 760
SSACC R,2585449.0,
ESACC R,2585449.0,2585477 30 977.2 486.8 978.6 513.1 0.71 70
SFIX R,2585479.0,
EFIX R,2585479.0,2585603 126 981.5 507.5 828
SSACC R,2585605.0,
ESACC R,2585605.0,2585625 22 984.2 509.2 987.1 508.6 0.08 61
SFIX R,2585627.0,
EFIX R,2585627.0,2585785 160 990.5 503.0 861
SSACC R,2585787.0,
ESACC R,2585787.0,2585853 68 991.1 508.1 1025.7 489.1 1.07 140
SFIX R,2585855.0,
EFIX R,2585855.0,2585881 28 1026.8 492.1 879
SSACC R,2585883.0,
ESACC R,2585883.0,2585951 70 1030.2 474.4 1029.8 491.6 0.47 68
SFIX R,2585953.0,
EFIX R,2585953.0,2586021 70 1029.7 493.1 887
SSACC R,2586023.0,
ESACC R,2586023.0,2586055 34 1027.8 486.4 998.5 492.0 0.81 106
SFIX R,2586057.0,
EFIX R,2586057.0,2586081 26 997.4 499.8 891
SSACC R,2586083.0,
ESACC R,2586083.0,2586253 172 997.1 483.4 997.9 493.5 0.27 74
SFIX R,2586255.0,
EFIX R,2586255.0,2586291 38 997.0 496.2 911
SSACC R,2586293.0,
ESACC R,2586293.0,2586327 36 996.0 499.7 999.4 479.6 0.55 95
SFIX R,2586329.0,
EFIX R,2586329.0,2586369 42 999.3 481.3 937
SSACC R,2586371.0,
ESACC R,2586371.0,2586385 16 999.7 464.3 998.3 477.9 0.37 69
SFIX R,2586387.0,
EFIX R,2586387.0,2586423 38 1001.5 476.0 953
SSACC R,2586425.0,
SBLINK R,2586567.0,
EBLINK R,2586567.0,2587127 562
ESACC R,2586425.0,2587297 874 1001.4 484.3 1009.0 367.1 3.17 2193
SFIX R,2587299.0,
EFIX R,2587299.0,2587321 24 1006.9 363.7 1164
SSACC R,2587323.0,
ESACC R,2587323.0,2587613 292 1002.1 367.9 988.0 417.7 1.40 150
SFIX R,2587615.0,
EFIX R,2587615.0,2587659 46 991.2 415.3 973
SSACC R,2587661.0,
ESACC R,2587661.0,2587719 60 991.0 427.0 983.6 416.0 0.36 112
SFIX R,2587721.0,
EFIX R,2587721.0,2587797 78 978.1 429.9 902
SSACC R,2587799.0,
ESACC R,2587799.0,2587847 50 977.5 436.8 950.1 470.1 1.17 89
SFIX R,2587849.0,
EFIX R,2587849.0,2587873 26 955.4 469.1 870
SSACC R,2587875.0,
ESACC R,2587875.0,2587913 40 956.8 481.3 956.1 458.4 0.62 129
SFIX R,2587915.0,
EFIX R,2587915.0,2588007 94 958.6 460.2 876
SSACC R,2588009.0,
ESACC R,2588009.0,2588535 528 969.8 456.6 980.6 463.8 0.35 297
SFIX R,2588537.0,
EFIX R,2588537.0,2588609 74 976.5 457.1 996
SSACC R,2588611.0,
ESACC R,2588611.0,2588857 248 975.3 456.9 970.2 521.6 1.76 88
SFIX R,2588859.0,
EFIX R,2588859.0,2588959 102 965.0 528.6 856
SSACC R,2588961.0,
ESACC R,2588961.0,2589163 204 969.6 519.2 952.5 549.7 0.95 86
SFIX R,2589165.0,
EFIX R,2589165.0,2589239 76 953.7 544.5 780
SSACC R,2589241.0,
ESACC R,2589241.0,2589247 8 952.3 554.5 954.9 544.7 0.27 63
SFIX R,2589249.0,
EFIX R,2589249.0,2589299 52 953.8 550.1 768
SSACC R,2589301.0,
ESACC R,2589301.0,2589605 306 955.9 564.0 979.7 525.1 1.24 134
SFIX R,2589607.0,
EFIX R,2589607.0,2589657 52 982.0 519.9 777
SSACC R,2589659.0,
ESACC R,2589659.0,2589747 90 975.3 508.5 971.4 528.6 0.55 81
SFIX R,2589749.0,
EFIX R,2589749.0,2589779 32 974.0 522.8 780
SSACC R,2589781.0,
ESACC R,2589781.0,2589991 212 974.1 528.8 982.6 527.8 0.23 116
SFIX R,2589993.0,
EFIX R,2589993.0,2590013 22 985.4 523.8 803
SSACC R,2590015.0,
ESACC R,2590015.0,2590263 250 989.4 518.1 996.7 489.3 0.81 153
SFIX R,2590265.0,
EFIX R,2590265.0,2590297 34 999.8 496.7 862
SSACC R,2590299.0,
ESACC R,2590299.0,2590621 324 1000.7 492.1 1006.5 490.5 0.16 173
SFIX R,2590623.0,
EFIX R,2590623.0,2590667 46 1018.0 496.5 819
SSACC R,2590669.0,
ESACC R,2590669.0,2591497 830 1019.9 491.3 1004.8 472.5 0.65 194
SFIX R,2591499.0,
EFIX R,2591499.0,2591553 56 1000.7 476.7 858
SSACC R,2591555.0,
ESACC R,2591555.0,2597545 5992 998.3 503.7 1001.1 522.2 0.51 254
SFIX R,2597547.0,
EFIX R,2597547.0,2597575 30 1004.5 520.4 849
SSACC R,2597577.0,
SBLINK R,2598285.0,
EBLINK R,2598285.0,2598517 234
ESACC R,2597577.0,2598781 1206 1021.8 523.5 977.1 471.2 1.86 1930
SFIX R,2598783.0,
EFIX R,2598783.0,2598845 64 977.8 482.1 914
SSACC R,2598847.0,
ESACC R,2598847.0,2598911 66 977.2 496.3 973.6 512.5 0.45 64
SFIX R,2598913.0,
EFIX R,2598913.0,2598923 12 977.3 521.4 840
SSACC R,2598925.0,
ESACC R,2598925.0,2598939 16 975.2 524.1 975.1 512.8 0.31 69
SFIX R,2598941.0,
EFIX R,2598941.0,2598999 60 974.2 525.9 801
SSACC R,2599001.0,
ESACC R,2599001.0,2599045 46 973.9 543.7 971.5 556.1 0.34 105
SFIX R,2599047.0,
EFIX R,2599047.0,2599099 54 966.9 558.6 706
SSACC R,2599101.0,
ESACC R,2599101.0,2599147 48 964.7 558.0 965.8 557.5 0.03 102
SFIX R,2599149.0,
EFIX R,2599149.0,2599191 44 963.4 554.0 653
SSACC R,2599193.0,
ESACC R,2599193.0,2599917 726 962.2 562.0 983.4 542.2 0.79 156
SFIX R,2599919.0,
EFIX R,2599919.0,2599959 42 984.8 532.5 762
SSACC R,2599961.0,
ESACC R,2599961.0,2600163 204 980.8 532.7 983.0 521.6 0.31 124
SFIX R,2600165.0,
EFIX R,2600165.0,2600191 28 985.7 511.6 862
SSACC R,2600193.0,
ESACC R,2600193.0,2600223 32 985.4 509.6 986.9 520.6 0.30 62
SFIX R,2600225.0,
EFIX R,2600225.0,2600253 30 986.6 518.0 882
SSACC R,2600255.0,
SBLINK R,2603973.0,
EBLINK R,2603973.0,2605723 1752
ESACC R,2600255.0,2609321 9068 985.0 519.7 987.6 483.1 0.99 1980
SFIX R,2609323.0,
EFIX R,2609323.0,2609385 64 985.8 473.9 1214
SSACC R,2609387.0,
SBLINK R,2610109.0,
EBLINK R,2610109.0,2614581 4474
ESACC R,2609387.0,2615939 6554 983.5 463.6 1036.6 533.0 2.37 2170
SFIX R,2615941.0,
EFIX R,2615941.0,2616001 62 1031.1 528.6 1005
SSACC R,2616003.0,
ESACC R,2616003.0,2617325 1324 1024.9 531.0 1007.8 559.8 0.91 240
SFIX R,2617327.0,
EFIX R,2617327.0,2617353 28 1011.3 568.0 1082
SSACC R,2617355.0,
SBLINK R,2617507.0,
EBLINK R,2617507.0,2618347 842
ESACC R,2617355.0,2618721 1368 1009.4 560.8 1001.4 482.2 2.14 1846
SFIX R,2618723.0,
EFIX R,2618723.0,2618821 100 1003.1 501.0 967
SSACC R,2618823.0,
ESACC R,2618823.0,2620307 1486 1004.9 511.0 989.1 455.8 1.56 231
SFIX R,2620309.0,
EFIX R,2620309.0,2620407 100 995.6 467.9 1234
SSACC R,2620409.0,
SBLINK R,2621391.0,
EBLINK R,2621391.0,2621593 204
ESACC R,2620409.0,2621901 1494 998.2 478.9 1010.0 455.0 0.72 611
SFIX R,2621903.0,
EFIX R,2621903.0,2622011 110 1007.3 470.7 1441
SSACC R,2622013.0,
ESACC R,2622013.0,2622385 374 1004.2 478.9 1042.1 574.9 2.80 168
SFIX R,2622387.0,
EFIX R,2622387.0,2622429 44 1044.5 582.8 1293
SSACC R,2622431.0,
SBLINK R,2623967.0,
EBLINK R,2623967.0,2624767 802
ESACC R,2622431.0,2624903 2474 1043.2 588.6 988.3 478.2 3.34 1097
SFIX R,2624905.0,
EFIX R,2624905.0,2624947 44 985.6 460.8 1360
SSACC R,2624949.0,
ESACC R,2624949.0,2625019 72 987.7 459.1 983.1 464.0 0.18 81
SFIX R,2625021.0,
EFIX R,2625021.0,2625041 22 983.9 471.3 1354
SSACC R,2625043.0,
SBLINK R,2625091.0,
EBLINK R,2625091.0,2625277 188
ESACC R,2625043.0,2625803 762 986.1 477.1 1014.3 397.9 2.28 1975
SFIX R,2625805.0,
EFIX R,2625805.0,2625827 24 1016.2 399.2 1124
SSACC R,2625829.0,
ESACC R,2625829.0,2626361 534 1015.0 379.9 1014.5 415.6 0.96 132
SFIX R,2626363.0,
EFIX R,2626363.0,2626437 76 1020.8 417.1 1236
SSACC R,2626439.0,
ESACC R,2626439.0,2626459 22 1028.9 404.0 1029.9 417.8 0.37 144
SFIX R,2626461.0,
EFIX R,2626461.0,2626485 26 1030.5 425.0 1248
SSACC R,2626487.0,
ESACC R,2626487.0,2627211 726 1032.3 442.1 1026.8 473.9 0.87 240
SFIX R,2627213.0,
EFIX R,2627213.0,2627237 26 1028.5 479.7 1211
SSACC R,2627239.0,
SBLINK R,2627581.0,
EBLINK R,2627581.0,2627851 272
ESACC R,2627239.0,2629371 2134 1026.3 472.2 1001.1 426.1 1.42 1869
SFIX R,2629373.0,
EFIX R,2629373.0,2629375 4 999.2 443.3 1099
SSACC R,2629377.0,
ESACC R,2629377.0,2629529 154 1000.1 440.1 1009.6 427.3 0.43 80
SFIX R,2629531.0,
EFIX R,2629531.0,2629595 66 1010.1 424.0 1140
SSACC R,2629597.0,
SBLINK R,2629789.0,
EBLINK R,2629789.0,2630027 240
ESACC R,2629597.0,2630389 794 1014.3 428.9 1041.1 460.2 1.12 1999
SFIX R,2630391.0,
EFIX R,2630391.0,2630413 24 1042.8 452.2 1124
SSACC R,2630415.0,
ESACC R,2630415.0,2630579 166 1040.6 441.6 1031.2 445.1 0.27 141
SFIX R,2630581.0,
EFIX R,2630581.0,2630637 58 1028.0 440.1 1196
SSACC R,2630639.0,
ESACC R,2630639.0,2630899 262 1023.7 450.4 1013.6 441.5 0.36 116
SFIX R,2630901.0,
EFIX R,2630901.0,2631063 164 1008.2 448.8 1203
SSACC R,2631065.0,
ESACC R,2631065.0,2631091 28 1004.5 451.1 1005.1 436.9 0.38 94
SFIX R,2631093.0,
EFIX R,2631093.0,2631185 94 1006.4 441.9 1202
SSACC R,2631187.0,
ESACC R,2631187.0,2631191 6 1008.0 448.1 1006.1 444.8 0.10 75
SFIX R,2631193.0,
EFIX R,2631193.0,2631341 150 1006.9 428.3 1197
SSACC R,2631343.0,
ESACC R,2631343.0,2631363 22 1001.3 428.4 998.2 393.4 0.95 79
SFIX R,2631365.0,
EFIX R,2631365.0,2631427 64 998.8 404.6 1197
SSACC R,2631429.0,
ESACC R,2631429.0,2631433 6 998.6 400.5 999.1 409.2 0.24 46
SFIX R,2631435.0,
EFIX R,2631435.0,2631533 100 1002.9 417.2 1196
SSACC R,2631535.0,
ESACC R,2631535.0,2631629 96 1008.1 414.0 1015.6 414.2 0.20 134
SFIX R,2631631.0,
EFIX R,2631631.0,2631677 48 1017.8 426.4 1213
SSACC R,2631679.0,
ESACC R,2631679.0,2631787 110 1017.2 421.8 1042.5 453.7 1.10 129
SFIX R,2631789.0,
EFIX R,2631789.0,2631841 54 1046.5 458.6 1223
SSACC R,2631843.0,
ESACC R,2631843.0,2631977 136 1047.8 461.3 1031.1 473.2 0.56 82
SFIX R,2631979.0,
EFIX R,2631979.0,2632067 90 1038.4 472.3 1243
SSACC R,2632069.0,
ESACC R,2632069.0,2632299 232 1039.8 471.2 1037.6 478.7 0.21 102
SFIX R,2632301.0,
EFIX R,2632301.0,2632329 30 1034.6 490.6 1253
SSACC R,2632331.0,
SBLINK R,2632451.0,
EBLINK R,2632451.0,2632619 170
ESACC R,2632331.0,2632935 606 1034.4 500.6 1049.7 492.2 0.47 1845
SFIX R,2632937.0,
EFIX R,2632937.0,2632973 38 1048.4 492.4 1262
SSACC R,2632975.0,
SBLINK R,2634361.0,
EBLINK R,2634361.0,2634645 286
ESACC R,2632975.0,2639267 6294 1048.6 495.0 1041.5 666.7 4.65 1946
SFIX R,2639269.0,
EFIX R,2639269.0,2639291 24 1037.2 665.1 1350
SSACC R,2639293.0,
SBLINK R,2643129.0,
EBLINK R,2643129.0,2643857 730
ESACC R,2639293.0,2644023 4732 1040.7 677.9 972.8 525.1 4.53 1395
SFIX R,2644025.0,
EFIX R,2644025.0,2644241 218 967.7 525.9 1034
SSACC R,2644243.0,
ESACC R,2644243.0,2644257 16 966.5 536.5 958.5 506.7 0.84 93
SFIX R,2644259.0,
EFIX R,2644259.0,2644663 406 956.8 534.7 835
SSACC R,2644665.0,
ESACC R,2644665.0,2644671 8 949.9 527.0 950.8 538.2 0.30 48
SFIX R,2644673.0,
EFIX R,2644673.0,2644919 248 953.9 531.7 750
SSACC R,2644921.0,
SBLINK R,2644985.0,
EBLINK R,2644985.0,2645183 200
ESACC R,2644921.0,2645449 530 957.6 517.6 961.2 480.5 1.01 1651
SFIX R,2645451.0,
EFIX R,2645451.0,2645481 32 961.8 478.8 1004
SSACC R,2645483.0,
ESACC R,2645483.0,2645821 340 964.4 488.0 988.4 482.3 0.67 166
SFIX R,2645823.0,
EFIX R,2645823.0,2645879 58 991.1 494.4 1067
SSACC R,2645881.0,
ESACC R,2645881.0,2645909 30 994.7 512.7 994.1 517.9 0.14 68
SFIX R,2645911.0,
EFIX R,2645911.0,2646033 124 999.5 519.7 1058
SSACC R,2646035.0,
ESACC R,2646035.0,2646063 30 1001.4 523.7 971.1 521.2 0.82 109
SFIX R,2646065.0,
EFIX R,2646065.0,2646183 120 972.6 521.0 1072
SSACC R,2646185.0,
SBLINK R,2646231.0,
EBLINK R,2646231.0,2646541 312
ESACC R,2646185.0,2646879 696 974.6 512.6 998.2 440.2 2.06 1887
SFIX R,2646881.0,
EFIX R,2646881.0,2646991 112 997.2 434.0 1043
SSACC R,2646993.0,
ESACC R,2646993.0,2647039 48 996.1 459.2 999.6 464.8 0.18 102
SFIX R,2647041.0,
EFIX R,2647041.0,2647143 104 1001.5 470.0 1077
SSACC R,2647145.0,
ESACC R,2647145.0,2647179 36 1006.3 453.7 1007.5 448.1 0.16 88
SFIX R,2647181.0,
EFIX R,2647181.0,2647251 72 1006.0 462.0 1091
SSACC R,2647253.0,
ESACC R,2647253.0,2647367 116 1008.7 471.2 1024.5 430.7 1.18 96
SFIX R,2647369.0,
EFIX R,2647369.0,2647385 18 1027.4 428.0 1106
SSACC R,2647387.0,
ESACC R,2647387.0,2647743 358 1029.3 436.1 1007.1 388.9 1.41 184
SFIX R,2647745.0,
EFIX R,2647745.0,2647785 42 1007.1 393.2 1144
SSACC R,2647787.0,
ESACC R,2647787.0,2648063 278 1008.1 389.2 1019.2 433.0 1.22 108
SFIX R,2648065.0,
EFIX R,2648065.0,2648125 62 1017.9 419.1 1193
SSACC R,2648127.0,
ESACC R,2648127.0,2648167 42 1016.1 418.6 1021.1 430.2 0.34 88
SFIX R,2648169.0,
EFIX R,2648169.0,2648191 24 1018.0 434.9 1201
SSACC R,2648193.0,
ESACC R,2648193.0,2648249 58 1023.3 424.2 1008.9 437.9 0.54 91
SFIX R,2648251.0,
EFIX R,2648251.0,2648341 92 1005.8 450.6 1199
SSACC R,2648343.0,
ESACC R,2648343.0,2648477 136 1009.9 469.8 1005.4 481.2 0.33 120
SFIX R,2648479.0,
EFIX R,2648479.0,2648495 18 1004.1 494.7 1196
SSACC R,2648497.0,
ESACC R,2648497.0,2648975 480 1003.7 502.1 1010.4 580.4 2.13 170
SFIX R,2648977.0,
EFIX R,2648977.0,2649053 78 1010.4 564.5 1181
SSACC R,2649055.0,
ESACC R,2649055.0,2650495 1442 1010.0 566.8 1026.9 569.6 0.46 263
SFIX R,2650497.0,
EFIX R,2650497.0,2650517 22 1027.6 590.1 1214
SSACC R,2650519.0,
SBLINK R,2650963.0,
EBLINK R,2650963.0,2651237 276
ESACC R,2650519.0,2651547 1030 1027.0 582.9 1020.7 530.7 1.42 800
SFIX R,2651549.0,
EFIX R,2651549.0,2651593 46 1020.1 531.0 1203
SSACC R,2651595.0,
ESACC R,2651595.0,2652289 696 1013.7 542.0 990.0 444.0 2.73 147
SFIX R,2652291.0,
EFIX R,2652291.0,2652389 100 989.9 441.8 1077
SSACC R,2652391.0,
ESACC R,2652391.0,2652655 266 991.3 439.6 1021.7 461.7 1.02 186
SFIX R,2652657.0,
EFIX R,2652657.0,2652683 28 1021.0 464.4 1070
SSACC R,2652685.0,
ESACC R,2652685.0,2653711 1028 1022.7 451.8 1022.2 514.4 1.70 268
SFIX R,2653713.0,
EFIX R,2653713.0,2653757 46 1019.7 508.7 1108
SSACC R,2653759.0,
SBLINK R,2654773.0,
EBLINK R,2654773.0,2655313 542
ESACC R,2653759.0,2656031 2274 1020.2 513.9 1034.6 490.2 0.75 2032
SFIX R,2656033.0,
EFIX R,2656033.0,2656063 32 1029.4 491.3 899
SSACC R,2656065.0,
ESACC R,2656065.0,2656207 144 1028.6 470.7 985.8 478.2 1.18 124
SFIX R,2656209.0,
EFIX R,2656209.0,2656289 82 987.8 488.4 895
SSACC R,2656291.0,
ESACC R,2656291.0,2656303 14 977.5 510.9 981.3 518.8 0.24 85
SFIX R,2656305.0,
EFIX R,2656305.0,2656335 32 978.0 512.8 885
SSACC R,2656337.0,
ESACC R,2656337.0,2656351 16 981.8 516.4 976.0 507.7 0.28 86
SFIX R,2656353.0,
EFIX R,2656353.0,2656387 36 978.7 517.7 886
SSACC R,2656389.0,
ESACC R,2656389.0,2656407 20 980.3 519.0 978.9 518.7 0.04 91
SFIX R,2656409.0,
EFIX R,2656409.0,2656607 200 981.8 518.3 902
SSACC R,2656609.0,
ESACC R,2656609.0,2656617 10 981.2 523.8 982.0 514.8 0.24 71
SFIX R,2656619.0,
EFIX R,2656619.0,2656849 232 987.8 504.3 964
SSACC R,2656851.0,
ESACC R,2656851.0,2656913 64 997.3 489.0 996.3 465.1 0.65 103
SFIX R,2656915.0,
EFIX R,2656915.0,2656957 44 995.1 473.6 1015
SSACC R,2656959.0,
ESACC R,2656959.0,2657145 188 994.7 465.9 991.1 459.9 0.19 96
SFIX R,2657147.0,
EFIX R,2657147.0,2657211 66 990.1 467.7 1081
SSACC R,2657213.0,
ESACC R,2657213.0,2657295 84 989.0 467.7 997.8 491.7 0.69 124
SFIX R,2657297.0,
EFIX R,2657297.0,2657459 164 1003.6 484.4 1156
SSACC R,2657461.0,
ESACC R,2657461.0,2657467 8 1005.2 485.4 1005.3 493.9 0.23 75
SFIX R,2657469.0,
EFIX R,2657469.0,2657507 40 1007.3 494.1 1186
SSACC R,2657509.0,
ESACC R,2657509.0,2657589 82 1008.9 496.4 1009.8 501.0 0.13 81
SFIX R,2657591.0,
EFIX R,2657591.0,2657655 66 1011.7 503.0 1217
SSACC R,2657657.0,
SBLINK R,2658135.0,
EBLINK R,2658135.0,2658461 328
ESACC R,2657657.0,2658785 1130 1012.0 491.6 995.9 480.5 0.53 872
SFIX R,2658787.0,
EFIX R,2658787.0,2658833 48 993.8 471.1 1255
SSACC R,2658835.0,
ESACC R,2658835.0,2658961 128 994.6 486.9 1013.4 459.2 0.91 105
SFIX R,2658963.0,
EFIX R,2658963.0,2659097 136 1010.3 484.8 1147
SSACC R,2659099.0,
ESACC R,2659099.0,2659165 68 1008.3 504.9 985.3 499.1 0.64 100
SFIX R,2659167.0,
EFIX R,2659167.0,2659201 36 978.8 501.2 1063
SSACC R,2659203.0,
ESACC R,2659203.0,2659375 174 973.9 513.3 990.5 493.0 0.71 105
SFIX R,2659377.0,
EFIX R,2659377.0,2659449 74 989.4 492.2 1019
SSACC R,2659451.0,
ESACC R,2659451.0,2659531 82 990.5 507.0 988.6 484.1 0.62 77
SFIX R,2659533.0,
EFIX R,2659533.0,2659553 22 988.3 491.3 1021
SSACC R,2659555.0,
ESACC R,2659555.0,2659587 34 992.5 479.6 979.0 489.1 0.45 84
SFIX R,2659589.0,
EFIX R,2659589.0,2659793 206 977.9 486.5 1045
SSACC R,2659795.0,
ESACC R,2659795.0,2659845 52 980.3 490.6 1007.6 469.0 0.94 99
SFIX R,2659847.0,
EFIX R,2659847.0,2660139 294 1009.7 468.1 1086
SSACC R,2660141.0,
SBLINK R,2660245.0,
EBLINK R,2660245.0,2660729 486
ESACC R,2660141.0,2660975 836 1009.5 477.9 1011.2 453.8 0.65 1781
SFIX R,2660977.0,
EFIX R,2660977.0,2661013 38 1008.0 451.8 1152
SSACC R,2661015.0,
ESACC R,2661015.0,2661091 78 1003.7 455.0 993.4 462.3 0.34 99
SFIX R,2661093.0,
EFIX R,2661093.0,2661127 36 991.7 454.8 1166
SSACC R,2661129.0,
ESACC R,2661129.0,2661173 46 991.3 447.6 987.6 467.6 0.55 74
SFIX R,2661175.0,
EFIX R,2661175.0,2661237 64 988.8 461.8 1155
SSACC R,2661239.0,
ESACC R,2661239.0,2661261 24 987.8 458.2 988.1 468.1 0.27 75
SFIX R,2661263.0,
EFIX R,2661263.0,2661351 90 986.3 474.0 1139
SSACC R,2661353.0,
ESACC R,2661353.0,2661383 32 981.0 468.7 983.1 478.5 0.27 75
SFIX R,2661385.0,
EFIX R,2661385.0,2661437 54 982.1 475.2 1130
SSACC R,2661439.0,
ESACC R,2661439.0,2661835 398 982.5 489.9 990.7 454.0 1.00 117
SFIX R,2661837.0,
EFIX R,2661837.0,2661859 24 993.1 447.3 1113
SSACC R,2661861.0,
ESACC R,2661861.0,2662039 180 993.6 449.8 993.9 437.2 0.34 93
SFIX R,2662041.0,
EFIX R,2662041.0,2662151 112 991.7 442.5 1174
SSACC R,2662153.0,
ESACC R,2662153.0,2662241 90 995.0 466.4 990.9 459.6 0.22 96
SFIX R,2662243.0,
EFIX R,2662243.0,2662315 74 992.9 472.3 1221
SSACC R,2662317.0,
ESACC R,2662317.0,2662433 118 992.9 486.5 997.4 519.2 0.89 142
SFIX R,2662435.0,
EFIX R,2662435.0,2662477 44 994.9 519.3 1238
SSACC R,2662479.0,
ESACC R,2662479.0,2662501 24 993.8 523.7 997.5 522.9 0.10 108
SFIX R,2662503.0,
EFIX R,2662503.0,2662533 32 995.8 527.5 1246
SSACC R,2662535.0,
ESACC R,2662535.0,2662805 272 993.2 516.6 1002.0 547.0 0.86 118
SFIX R,2662807.0,
EFIX R,2662807.0,2662845 40 1004.8 555.9 1232
SSACC R,2662847.0,
ESACC R,2662847.0,2663001 156 1008.4 561.2 1013.4 538.4 0.63 137
SFIX R,2663003.0,
EFIX R,2663003.0,2663029 28 1013.3 540.5 1234
SSACC R,2663031.0,
SBLINK R,2663969.0,
EBLINK R,2663969.0,2664241 274
ESACC R,2663031.0,2664765 1736 1017.4 530.7 998.2 491.7 1.18 2113
SFIX R,2664767.0,
EFIX R,2664767.0,2664809 44 997.3 499.5 1138
SSACC R,2664811.0,
ESACC R,2664811.0,2665031 222 998.0 494.4 979.4 481.8 0.61 178
SFIX R,2665033.0,
EFIX R,2665033.0,2665097 66 985.3 494.4 1109
SSACC R,2665099.0,
SBLINK R,2666627.0,
EBLINK R,2666627.0,2666919 294
ESACC R,2665099.0,2667161 2064 985.5 494.3 992.7 748.5 6.86 2264
SFIX R,2667163.0,
EFIX R,2667163.0,2667183 22 987.5 729.8 1048
SSACC R,2667185.0,
SBLINK R,2668261.0,
EBLINK R,2668261.0,2677927 9668
ESACC R,2667185.0,2678285 11102 990.4 713.7 964.9 575.5 3.80 2260
SFIX R,2678287.0,
EFIX R,2678287.0,2678325 40 965.4 549.4 1083
SSACC R,2678327.0,
ESACC R,2678327.0,2678431 106 970.3 536.7 965.0 515.4 0.59 134
SFIX R,2678433.0,
EFIX R,2678433.0,2678469 38 967.8 509.8 1127
SSACC R,2678471.0,
ESACC R,2678471.0,2678677 208 966.1 504.4 963.8 493.0 0.32 106
SFIX R,2678679.0,
EFIX R,2678679.0,2678879 202 959.3 495.7 1072
SSACC R,2678881.0,
ESACC R,2678881.0,2678983 104 953.1 490.4 961.2 475.0 0.47 107
SFIX R,2678985.0,
EFIX R,2678985.0,2679043 60 959.5 485.2 1036
SSACC R,2679045.0,
ESACC R,2679045.0,2679275 232 961.0 485.1 979.2 508.3 0.80 356
SFIX R,2679277.0,
EFIX R,2679277.0,2679345 70 972.7 510.9 1063
SSACC R,2679347.0,
SBLINK R,2680141.0,
EBLINK R,2680141.0,2680451 312
ESACC R,2679347.0,2691411 12066 969.6 507.8 996.5 514.0 0.75 2189
SFIX R,2691413.0,
EFIX R,2691413.0,2691447 36 996.1 523.6 842
SSACC R,2691449.0,
ESACC R,2691449.0,2691485 38 996.9 520.7 994.6 529.2 0.24 76
SFIX R,2691487.0,
EFIX R,2691487.0,2691763 278 993.3 529.2 785
SSACC R,2691765.0,
ESACC R,2691765.0,2691771 8 991.1 522.8 987.2 531.4 0.26 53
SFIX R,2691773.0,
EFIX R,2691773.0,2692041 270 982.2 530.7 626
SSACC R,2692043.0,
ESACC R,2692043.0,2692139 98 977.5 533.5 963.1 675.3 3.86 105
SFIX R,2692141.0,
EFIX R,2692141.0,2692169 30 963.4 678.4 519
SSACC R,2692171.0,
SBLINK R,2692575.0,
EBLINK R,2692575.0,2692867 294
ESACC R,2692171.0,2693063 894 965.0 696.0 983.8 491.7 5.55 777
SFIX R,2693065.0,
EFIX R,2693065.0,2693111 48 980.8 493.8 803
SSACC R,2693113.0,
SBLINK R,2693155.0,
EBLINK R,2693155.0,2693317 164
ESACC R,2693113.0,2693399 288 979.7 503.5 1082.8 316.8 5.75 1465
SFIX R,2693401.0,
EFIX R,2693401.0,2693475 76 1076.8 332.2 734
SSACC R,2693477.0,
ESACC R,2693477.0,2693527 52 1075.4 333.8 986.0 590.3 7.32 320
SFIX R,2693529.0,
EFIX R,2693529.0,2693811 284 976.3 601.5 714
SSACC R,2693813.0,
ESACC R,2693813.0,2693817 6 975.6 603.5 982.1 592.8 0.34 59
SFIX R,2693819.0,
EFIX R,2693819.0,2694061 244 976.6 586.4 662
SSACC R,2694063.0,
ESACC R,2694063.0,2694081 20 969.5 577.7 974.9 536.7 1.12 99
SFIX R,2694083.0,
EFIX R,2694083.0,2694341 260 974.8 540.2 630
SSACC R,2694343.0,
ESACC R,2694343.0,2694367 26 975.8 541.7 985.0 608.4 1.82 110
SFIX R,2694369.0,
EFIX R,2694369.0,2694567 200 984.3 593.0 608
SSACC R,2694569.0,
SBLINK R,2694597.0,
EBLINK R,2694597.0,2694839 244
ESACC R,2694569.0,2694901 334 984.4 599.3 1018.4 449.1 4.17 1286
SFIX R,2694903.0,
EFIX R,2694903.0,2694971 70 1008.1 469.5 751
SSACC R,2694973.0,
ESACC R,2694973.0,2695253 282 1008.6 487.3 1026.7 453.9 1.03 134
SFIX R,2695255.0,
EFIX R,2695255.0,2695285 32 1018.7 448.7 857
SSACC R,2695287.0,
SBLINK R,2695655.0,
EBLINK R,2695655.0,2695933 280
ESACC R,2695287.0,2696737 1452 1019.2 440.3 1016.6 482.2 1.14 2369
SFIX R,2696739.0,
EFIX R,2696739.0,2696763 26 1015.5 494.5 994
SSACC R,2696765.0,
SBLINK R,2697895.0,
EBLINK R,2697895.0,2717103 19210
ESACC R,2696765.0,2718489 21726 1014.9 505.0 951.7 463.2 2.05 2416
SFIX R,2718491.0,
EFIX R,2718491.0,2718511 22 955.3 469.4 1058
SSACC R,2718513.0,
SBLINK R,2718729.0,
EBLINK R,2718729.0,2725765 7038
ESACC R,2718513.0,2726107 7596 958.9 462.9 927.7 478.6 0.95 2260
SFIX R,2726109.0,
EFIX R,2726109.0,2726141 34 929.6 471.5 1059
SSACC R,2726143.0,
ESACC R,2726143.0,2726179 38 933.3 474.3 932.6 477.1 0.08 49
SFIX R,2726181.0,
EFIX R,2726181.0,2726225 46 932.7 478.6 1068
SSACC R,2726227.0,
ESACC R,2726227.0,2726635 410 935.3 491.3 955.3 508.7 0.72 135
SFIX R,2726637.0,
EFIX R,2726637.0,2726663 28 958.2 504.4 1058
SSACC R,2726665.0,
ESACC R,2726665.0,2726861 198 960.0 510.8 948.0 499.1 0.45 137
SFIX R,2726863.0,
EFIX R,2726863.0,2726887 26 944.0 511.6 1062
SSACC R,2726889.0,
SBLINK R,2727145.0,
EBLINK R,2727145.0,2727431 288
ESACC R,2726889.0,2727743 856 942.9 512.7 934.1 470.7 1.16 2290
SFIX R,2727745.0,
EFIX R,2727745.0,2727783 40 936.6 462.3 1289
SSACC R,2727785.0,
ESACC R,2727785.0,2727931 148 933.6 460.1 948.7 512.3 1.47 153
SFIX R,2727933.0,
EFIX R,2727933.0,2727965 34 948.2 512.4 1228
SSACC R,2727967.0,
ESACC R,2727967.0,2728027 62 947.5 517.1 944.3 514.2 0.12 113
SFIX R,2728029.0,
EFIX R,2728029.0,2728055 28 943.4 528.8 1170
SSACC R,2728057.0,
ESACC R,2728057.0,2728509 454 942.8 534.0 944.9 549.3 0.42 147
SFIX R,2728511.0,
EFIX R,2728511.0,2728545 36 942.1 555.8 1113
SSACC R,2728547.0,
SBLINK R,2729351.0,
EBLINK R,2729351.0,2731653 2304
ESACC R,2728547.0,2732817 4272 941.2 548.6 908.5 556.6 0.91 2144
SFIX R,2732819.0,
EFIX R,2732819.0,2732839 22 913.1 561.3 1037
SSACC R,2732841.0,
SBLINK R,2733145.0,
EBLINK R,2733145.0,2734735 1592
ESACC R,2732841.0,2735055 2216 913.0 545.2 953.6 565.8 1.23 2112
SFIX R,2735057.0,
EFIX R,2735057.0,2735097 42 953.2 553.5 1072
SSACC R,2735099.0,
ESACC R,2735099.0,2735239 142 953.0 538.8 934.1 528.0 0.59 174
SFIX R,2735241.0,
EFIX R,2735241.0,2735273 34 935.1 516.4 1106
SSACC R,2735275.0,
ESACC R,2735275.0,2735345 72 935.0 519.5 936.7 514.2 0.15 90
SFIX R,2735347.0,
EFIX R,2735347.0,2735405 60 938.6 516.4 1110
SSACC R,2735407.0,
ESACC R,2735407.0,2735621 216 939.9 520.4 968.8 511.5 0.82 158
SFIX R,2735623.0,
EFIX R,2735623.0,2735649 28 964.2 505.7 1124
SSACC R,2735651.0,
ESACC R,2735651.0,2735759 110 965.4 494.5 972.1 490.0 0.22 117
SFIX R,2735761.0,
EFIX R,2735761.0,2735819 60 973.1 505.6 1132
SSACC R,2735821.0,
ESACC R,2735821.0,2736075 256 973.9 498.7 976.5 538.8 1.09 160
SFIX R,2736077.0,
EFIX R,2736077.0,2736097 22 972.1 526.1 1133
SSACC R,2736099.0,
SBLINK R,2737781.0,
EBLINK R,2737781.0,2738003 224
ESACC R,2736099.0,2738869 2772 965.1 509.4 954.4 535.1 0.75 2040
SFIX R,2738871.0,
EFIX R,2738871.0,2738921 52 958.3 546.8 1188
SSACC R,2738923.0,
ESACC R,2738923.0,2739083 162 942.6 561.9 953.5 540.0 0.66 298
SFIX R,2739085.0,
EFIX R,2739085.0,2739103 20 955.6 539.1 1204
SSACC R,2739105.0,
ESACC R,2739105.0,2740007 904 962.0 546.1 961.3 554.7 0.23 249
SFIX R,2740009.0,
EFIX R,2740009.0,2740031 24 960.7 565.7 1138
SSACC R,2740033.0,
ESACC R,2740033.0,2741667 1636 958.1 555.2 986.1 609.3 1.65 237
SFIX R,2741669.0,
EFIX R,2741669.0,2741699 32 983.8 590.6 1310
SSACC R,2741701.0,
ESACC R,2741701.0,2741759 60 998.9 604.8 987.4 577.3 0.81 138
SFIX R,2741761.0,
EFIX R,2741761.0,2741785 26 987.1 579.0 1328
SSACC R,2741787.0,
ESACC R,2741787.0,2741985 200 986.4 586.5 996.1 547.8 1.08 138
SFIX R,2741987.0,
EFIX R,2741987.0,2742193 208 998.2 537.2 1371
SSACC R,2742195.0,
ESACC R,2742195.0,2742221 28 997.8 535.9 991.9 547.8 0.36 79
SFIX R,2742223.0,
EFIX R,2742223.0,2742353 132 998.4 536.9 1356
SSACC R,2742355.0,
ESACC R,2742355.0,2742501 148 997.0 543.8 1027.6 526.8 0.95 149
SFIX R,2742503.0,
EFIX R,2742503.0,2742557 56 1025.6 523.1 1292
SSACC R,2742559.0,
ESACC R,2742559.0,2742735 178 1024.3 524.3 996.7 508.5 0.86 97
SFIX R,2742737.0,
EFIX R,2742737.0,2742737 2 995.8 496.9 1320
SSACC R,2742739.0,
ESACC R,2742739.0,2742767 30 995.9 495.8 997.0 506.7 0.30 73
SFIX R,2742769.0,
EFIX R,2742769.0,2742801 34 996.5 509.8 1321
SSACC R,2742803.0,
ESACC R,2742803.0,2742815 14 998.2 495.8 997.9 516.2 0.55 68
SFIX R,2742817.0,
EFIX R,2742817.0,2742845 30 999.2 511.7 1327
SSACC R,2742847.0,
ESACC R,2742847.0,2742883 38 996.9 515.1 998.1 513.1 0.06 70
SFIX R,2742885.0,
EFIX R,2742885.0,2742961 78 1000.2 503.1 1351
SSACC R,2742963.0,
ESACC R,2742963.0,2743127 166 1004.4 489.4 1014.2 528.4 1.09 98
SFIX R,2743129.0,
EFIX R,2743129.0,2743173 46 1013.5 523.8 1354
SSACC R,2743175.0,
ESACC R,2743175.0,2743355 182 1012.6 516.3 1021.6 531.7 0.48 98
SFIX R,2743357.0,
EFIX R,2743357.0,2743389 34 1024.5 545.1 1341
SSACC R,2743391.0,
ESACC R,2743391.0,2743419 30 1022.5 564.0 1019.0 556.1 0.23 96
SFIX R,2743421.0,
EFIX R,2743421.0,2743459 40 1022.8 553.1 1337
SSACC R,2743461.0,
ESACC R,2743461.0,2743475 16 1023.9 549.5 1020.7 536.4 0.37 68
SFIX R,2743477.0,
EFIX R,2743477.0,2743527 52 1019.0 547.1 1343
SSACC R,2743529.0,
ESACC R,2743529.0,2743773 246 1017.6 525.7 1017.0 547.2 0.58 124
SFIX R,2743775.0,
EFIX R,2743775.0,2743851 78 1015.1 559.2 1342
SSACC R,2743853.0,
ESACC R,2743853.0,2745135 1284 1013.3 555.7 1032.9 613.8 1.66 296
SFIX R,2745137.0,
EFIX R,2745137.0,2745167 32 1039.6 619.7 1325
SSACC R,2745169.0,
SBLINK R,2747685.0,
EBLINK R,2747685.0,2747865 182
ESACC R,2745169.0,2748095 2928 1043.1 616.9 992.0 467.8 4.27 1759
SFIX R,2748097.0,
EFIX R,2748097.0,2748179 84 990.9 481.8 1273
SSACC R,2748181.0,
ESACC R,2748181.0,2748337 158 993.4 487.9 982.5 508.1 0.62 102
SFIX R,2748339.0,
EFIX R,2748339.0,2748467 130 971.3 536.3 1132
SSACC R,2748469.0,
ESACC R,2748469.0,2748507 40 960.9 549.9 965.6 547.2 0.15 94
SFIX R,2748509.0,
EFIX R,2748509.0,2748535 28 960.2 559.9 1076
SSACC R,2748537.0,
ESACC R,2748537.0,2748553 18 960.1 560.8 959.8 561.9 0.03 72
SFIX R,2748555.0,
EFIX R,2748555.0,2748615 62 958.7 562.1 1053
SSACC R,2748617.0,
ESACC R,2748617.0,2748703 88 957.5 565.7 941.0 553.1 0.56 109
SFIX R,2748705.0,
EFIX R,2748705.0,2748813 110 943.6 552.6 955
SSACC R,2748815.0,
ESACC R,2748815.0,2748847 34 944.4 557.2 966.5 555.0 0.60 85
SFIX R,2748849.0,
EFIX R,2748849.0,2749077 230 962.8 549.2 882
SSACC R,2749079.0,
ESACC R,2749079.0,2749137 60 962.2 539.7 953.3 520.1 0.58 97
SFIX R,2749139.0,
EFIX R,2749139.0,2749159 22 951.8 530.1 903
SSACC R,2749161.0,
ESACC R,2749161.0,2749185 26 954.1 530.3 954.2 515.8 0.39 72
SFIX R,2749187.0,
EFIX R,2749187.0,2749245 60 953.0 520.4 931
SSACC R,2749247.0,
ESACC R,2749247.0,2749293 48 952.0 514.4 958.9 516.5 0.20 77
SFIX R,2749295.0,
EFIX R,2749295.0,2749317 24 955.3 507.5 972
SSACC R,2749319.0,
ESACC R,2749319.0,2749541 224 954.8 508.7 980.0 472.0 1.21 120
SFIX R,2749543.0,
EFIX R,2749543.0,2749563 22 983.2 471.2 1084
SSACC R,2749565.0,
SBLINK R,2749659.0,
EBLINK R,2749659.0,2749873 216
ESACC R,2749565.0,2750457 894 988.9 478.8 988.5 450.0 0.78 2377
SFIX R,2750459.0,
EFIX R,2750459.0,2750497 40 991.3 449.6 1135
SSACC R,2750499.0,
ESACC R,2750499.0,2750593 96 990.3 458.1 1020.0 511.0 1.64 144
SFIX R,2750595.0,
EFIX R,2750595.0,2750639 46 1017.2 500.0 1107
SSACC R,2750641.0,
ESACC R,2750641.0,2751295 656 1014.9 497.5 995.8 482.2 0.66 170
SFIX R,2751297.0,
EFIX R,2751297.0,2751327 32 992.9 505.6 1120
SSACC R,2751329.0,
SBLINK R,2751619.0,
EBLINK R,2751619.0,2751875 258
ESACC R,2751329.0,2752389 1062 989.5 528.3 961.9 531.3 0.75 2374
SFIX R,2752391.0,
EFIX R,2752391.0,2752411 22 967.5 519.0 1160
SSACC R,2752413.0,
ESACC R,2752413.0,2753079 668 963.7 512.4 960.9 502.2 0.29 157
SFIX R,2753081.0,
EFIX R,2753081.0,2753103 24 963.2 504.6 1094
SSACC R,2753105.0,
ESACC R,2753105.0,2753227 124 952.1 517.2 948.9 521.0 0.13 92
SFIX R,2753229.0,
EFIX R,2753229.0,2753249 22 948.8 526.0 1059
SSACC R,2753251.0,
ESACC R,2753251.0,2753281 32 949.8 521.2 951.1 526.7 0.15 83
SFIX R,2753283.0,
EFIX R,2753283.0,2753315 34 952.7 512.4 1067
SSACC R,2753317.0,
ESACC R,2753317.0,2753609 294 951.4 510.7 980.1 509.3 0.78 144
SFIX R,2753611.0,
EFIX R,2753611.0,2753653 44 977.4 512.6 1098
SSACC R,2753655.0,
ESACC R,2753655.0,2753671 18 977.6 500.4 978.6 510.8 0.28 76
SFIX R,2753673.0,
EFIX R,2753673.0,2753707 36 980.0 506.1 1122
SSACC R,2753709.0,
ESACC R,2753709.0,2753895 188 982.9 503.8 968.2 532.6 0.88 81
SFIX R,2753897.0,
EFIX R,2753897.0,2753927 32 967.6 517.5 1165
SSACC R,2753929.0,
SBLINK R,2754247.0,
EBLINK R,2754247.0,2754875 630
ESACC R,2753929.0,2755061 1134 967.6 510.3 997.1 448.8 1.85 2118
SFIX R,2755063.0,
EFIX R,2755063.0,2755111 50 992.5 442.7 1163
SSACC R,2755113.0,
ESACC R,2755113.0,2755137 26 992.3 419.6 988.1 454.3 0.95 102
SFIX R,2755139.0,
EFIX R,2755139.0,2755211 74 990.9 451.7 1147
SSACC R,2755213.0,
ESACC R,2755213.0,2755427 216 991.8 475.2 984.1 487.6 0.40 144
SFIX R,2755429.0,
EFIX R,2755429.0,2755469 42 983.5 486.9 1073
SSACC R,2755471.0,
ESACC R,2755471.0,2755589 120 984.8 472.7 986.1 511.7 1.06 97
SFIX R,2755591.0,
EFIX R,2755591.0,2755639 50 986.9 517.7 1035
SSACC R,2755641.0,
ESACC R,2755641.0,2755713 74 989.3 524.7 988.3 520.2 0.12 97
SFIX R,2755715.0,
EFIX R,2755715.0,2755747 34 983.2 524.0 1044
SSACC R,2755749.0,
ESACC R,2755749.0,2755821 74 984.3 510.9 980.6 511.7 0.10 91
SFIX R,2755823.0,
EFIX R,2755823.0,2755859 38 982.0 516.9 1063
SSACC R,2755861.0,
ESACC R,2755861.0,2756405 546 981.5 532.1 968.6 494.4 1.08 213
SFIX R,2756407.0,
EFIX R,2756407.0,2756447 42 972.1 484.5 1244
SSACC R,2756449.0,
ESACC R,2756449.0,2756589 142 974.6 478.3 982.1 501.9 0.67 129
SFIX R,2756591.0,
EFIX R,2756591.0,2756617 28 980.7 507.1 1295
SSACC R,2756619.0,
ESACC R,2756619.0,2756651 34 981.2 506.9 981.8 527.0 0.54 76
SFIX R,2756653.0,
EFIX R,2756653.0,2756689 38 983.1 515.6 1305
SSACC R,2756691.0,
SBLINK R,2757013.0,
EBLINK R,2757013.0,2757529 518
ESACC R,2756691.0,2758231 1542 984.1 511.9 983.0 441.2 1.92 990
SFIX R,2758233.0,
EFIX R,2758233.0,2758263 32 984.3 445.6 1253
SSACC R,2758265.0,
ESACC R,2758265.0,2758539 276 983.9 440.9 959.2 454.8 0.77 116
SFIX R,2758541.0,
EFIX R,2758541.0,2758569 30 960.7 457.6 1257
SSACC R,2758571.0,
ESACC R,2758571.0,2759191 622 965.1 451.2 989.1 549.1 2.73 168
SFIX R,2759193.0,
EFIX R,2759193.0,2759219 28 981.0 537.5 1238
SSACC R,2759221.0,
SBLINK R,2759739.0,
EBLINK R,2759739.0,2759969 232
ESACC R,2759221.0,2760107 888 988.9 541.8 993.6 421.1 3.27 744
SFIX R,2760109.0,
EFIX R,2760109.0,2760185 78 990.6 425.7 1367
SSACC R,2760187.0,
ESACC R,2760187.0,2760219 34 986.1 425.4 991.1 446.3 0.58 91
SFIX R,2760221.0,
EFIX R,2760221.0,2760295 76 990.8 462.3 1364
SSACC R,2760297.0,
ESACC R,2760297.0,2760335 40 989.5 470.9 991.5 461.5 0.26 62
SFIX R,2760337.0,
EFIX R,2760337.0,2760381 46 992.3 460.4 1375
SSACC R,2760383.0,
ESACC R,2760383.0,2760629 248 994.0 444.7 990.9 483.7 1.06 82
SFIX R,2760631.0,
EFIX R,2760631.0,2760733 104 989.4 473.7 1334
SSACC R,2760735.0,
ESACC R,2760735.0,2760787 54 989.5 474.0 993.2 497.0 0.63 74
SFIX R,2760789.0,
EFIX R,2760789.0,2760879 92 991.7 488.4 1275
SSACC R,2760881.0,
ESACC R,2760881.0,2760943 64 991.6 467.2 967.6 487.7 0.86 93
SFIX R,2760945.0,
EFIX R,2760945.0,2760997 54 965.2 483.2 1227
SSACC R,2760999.0,
ESACC R,2760999.0,2761003 6 963.6 492.3 962.3 486.2 0.17 65
SFIX R,2761005.0,
EFIX R,2761005.0,2761053 50 962.2 481.2 1215
SSACC R,2761055.0,
ESACC R,2761055.0,2761067 14 960.4 476.0 958.4 488.2 0.34 60
SFIX R,2761069.0,
EFIX R,2761069.0,2761105 38 960.0 477.3 1213
SSACC R,2761107.0,
SBLINK R,2761171.0,
EBLINK R,2761171.0,2761919 750
ESACC R,2761107.0,2762711 1606 961.7 462.3 970.0 494.9 0.91 1945
SFIX R,2762713.0,
EFIX R,2762713.0,2762777 66 970.0 494.0 1189
SSACC R,2762779.0,
ESACC R,2762779.0,2762803 26 968.9 502.1 965.0 483.7 0.51 106
SFIX R,2762805.0,
EFIX R,2762805.0,2762865 62 969.7 474.4 1181
SSACC R,2762867.0,
ESACC R,2762867.0,2762885 20 971.3 457.8 968.3 471.9 0.39 82
SFIX R,2762887.0,
EFIX R,2762887.0,2762907 22 970.1 475.2 1180
SSACC R,2762909.0,
ESACC R,2762909.0,2763035 128 970.1 483.2 970.5 464.9 0.50 107
SFIX R,2763037.0,
EFIX R,2763037.0,2763075 40 968.7 467.5 1220
SSACC R,2763077.0,
ESACC R,2763077.0,2763411 336 966.3 462.1 959.7 464.6 0.19 118
SFIX R,2763413.0,
EFIX R,2763413.0,2763441 30 961.7 458.2 1306
SSACC R,2763443.0,
ESACC R,2763443.0,2763455 14 960.7 479.0 959.1 458.4 0.56 112
SFIX R,2763457.0,
EFIX R,2763457.0,2763539 84 960.2 467.7 1307
SSACC R,2763541.0,
ESACC R,2763541.0,2763703 164 956.3 453.3 965.3 474.2 0.62 105
SFIX R,2763705.0,
EFIX R,2763705.0,2763739 36 972.3 488.4 1314
SSACC R,2763741.0,
ESACC R,2763741.0,2764291 552 973.2 497.1 999.6 518.9 0.93 205
SFIX R,2764293.0,
EFIX R,2764293.0,2764315 24 998.5 509.3 1354
SSACC R,2764317.0,
ESACC R,2764317.0,2764585 270 998.4 496.9 995.3 478.7 0.50 163
SFIX R,2764587.0,
EFIX R,2764587.0,2764611 26 993.4 490.8 1396
SSACC R,2764613.0,
SBLINK R,2764655.0,
EBLINK R,2764655.0,2764875 222
ESACC R,2764613.0,2765121 510 999.7 504.4 998.9 423.7 2.18 1229
SFIX R,2765123.0,
EFIX R,2765123.0,2765159 38 997.1 437.3 1484
SSACC R,2765161.0,
ESACC R,2765161.0,2765721 562 995.8 434.2 950.3 538.4 3.08 116
SFIX R,2765723.0,
EFIX R,2765723.0,2765787 66 949.8 545.5 1192
SSACC R,2765789.0,
ESACC R,2765789.0,2765895 108 951.1 554.7 974.4 511.9 1.32 87
SFIX R,2765897.0,
EFIX R,2765897.0,2766023 128 977.7 517.9 1232
SSACC R,2766025.0,
ESACC R,2766025.0,2766093 70 977.6 527.5 962.1 516.0 0.52 72
SFIX R,2766095.0,
EFIX R,2766095.0,2766115 22 963.9 512.4 1259
SSACC R,2766117.0,
ESACC R,2766117.0,2766133 18 966.6 516.4 963.0 492.1 0.67 113
SFIX R,2766135.0,
EFIX R,2766135.0,2766153 20 963.3 508.8 1270
SSACC R,2766155.0,
SBLINK R,2766599.0,
EBLINK R,2766599.0,2767053 456
ESACC R,2766155.0,2768131 1978 963.9 499.1 976.9 481.7 0.59 613
SFIX R,2768133.0,
EFIX R,2768133.0,2768193 62 976.6 491.2 1302
SSACC R,2768195.0,
ESACC R,2768195.0,2768223 30 982.3 505.0 981.3 501.1 0.11 101
SFIX R,2768225.0,
EFIX R,2768225.0,2768305 82 981.0 509.9 1294
SSACC R,2768307.0,
ESACC R,2768307.0,2768421 116 984.1 531.5 984.8 525.5 0.16 106
SFIX R,2768423.0,
EFIX R,2768423.0,2768459 38 983.7 528.0 1311
SSACC R,2768461.0,
ESACC R,2768461.0,2768663 204 986.3 542.4 994.5 563.7 0.62 144
SFIX R,2768665.0,
EFIX R,2768665.0,2768705 42 994.0 559.7 1321
SSACC R,2768707.0,
ESACC R,2768707.0,2768873 168 990.8 563.5 989.9 591.0 0.75 198
SFIX R,2768875.0,
EFIX R,2768875.0,2768909 36 997.3 603.5 1319
SSACC R,2768911.0,
ESACC R,2768911.0,2769849 940 996.1 594.1 1016.9 641.8 1.41 148
SFIX R,2769851.0,
EFIX R,2769851.0,2769917 68 1013.8 656.1 1305
SSACC R,2769919.0,
ESACC R,2769919.0,2770413 496 1006.9 659.9 1005.7 639.9 0.54 198
SFIX R,2770415.0,
EFIX R,2770415.0,2770457 44 1000.5 641.1 1323
SSACC R,2770459.0,
ESACC R,2770459.0,2770583 126 1004.7 637.6 984.3 624.6 0.66 208
SFIX R,2770585.0,
EFIX R,2770585.0,2770647 64 988.3 622.5 1344
SSACC R,2770649.0,
SBLINK R,2771275.0,
EBLINK R,2771275.0,2772441 1168
ESACC R,2770649.0,2772685 2038 984.8 617.8 978.5 444.5 4.70 1018
SFIX R,2772687.0,
EFIX R,2772687.0,2772751 66 976.6 439.8 1303
SSACC R,2772753.0,
ESACC R,2772753.0,2772869 118 975.7 441.8 1004.8 415.0 1.07 127
SFIX R,2772871.0,
EFIX R,2772871.0,2772919 50 1003.8 409.5 1190
SSACC R,2772921.0,
ESACC R,2772921.0,2773619 700 999.0 403.4 989.9 478.1 2.04 186
SFIX R,2773621.0,
EFIX R,2773621.0,2773655 36 989.5 478.8 1070
SSACC R,2773657.0,
ESACC R,2773657.0,2773693 38 990.4 480.3 986.0 476.4 0.16 81
SFIX R,2773695.0,
EFIX R,2773695.0,2773733 40 990.4 473.6 1094
SSACC R,2773735.0,
ESACC R,2773735.0,2773923 190 990.9 468.7 977.2 499.1 0.90 148
SFIX R,2773925.0,
EFIX R,2773925.0,2773975 52 979.4 495.0 1118
SSACC R,2773977.0,
ESACC R,2773977.0,2774059 84 979.8 493.5 982.1 505.2 0.32 101
SFIX R,2774061.0,
EFIX R,2774061.0,2774211 152 981.6 502.0 1148
SSACC R,2774213.0,
SBLINK R,2779347.0,
EBLINK R,2779347.0,2782955 3610
ESACC R,2774213.0,2783517 9306 983.3 492.3 962.6 416.5 2.13 666
SFIX R,2783519.0,
EFIX R,2783519.0,2783539 22 964.8 408.4 1559
SSACC R,2783541.0,
ESACC R,2783541.0,2783617 78 965.6 409.5 965.3 415.2 0.15 96
SFIX R,2783619.0,
EFIX R,2783619.0,2783671 54 961.3 426.6 1455
SSACC R,2783673.0,
ESACC R,2783673.0,2783837 166 957.1 438.7 968.5 492.9 1.50 140
SFIX R,2783839.0,
EFIX R,2783839.0,2783915 78 967.4 490.9 1237
SSACC R,2783917.0,
ESACC R,2783917.0,2783949 34 961.0 492.0 921.2 507.3 1.16 172
SFIX R,2783951.0,
EFIX R,2783951.0,2783989 40 919.0 518.9 1195
SSACC R,2783991.0,
SBLINK R,2784807.0,
EBLINK R,2784807.0,2786139 1334
ESACC R,2783991.0,2786281 2292 916.9 524.9 940.0 431.3 2.61 1087
SFIX R,2786283.0,
EFIX R,2786283.0,2786319 38 950.8 428.5 1318
SSACC R,2786321.0,
ESACC R,2786321.0,2786357 38 948.5 440.0 947.7 443.1 0.09 89
SFIX R,2786359.0,
EFIX R,2786359.0,2786391 34 951.1 431.4 1313
SSACC R,2786393.0,
ESACC R,2786393.0,2786405 14 951.0 426.5 948.5 444.5 0.49 101
SFIX R,2786407.0,
EFIX R,2786407.0,2786533 128 944.0 449.9 1304
SSACC R,2786535.0,
ESACC R,2786535.0,2786557 24 939.6 455.0 942.2 472.9 0.49 69
SFIX R,2786559.0,
EFIX R,2786559.0,2786675 118 933.2 479.7 1288
SSACC R,2786677.0,
ESACC R,2786677.0,2786703 28 929.8 483.9 932.3 482.4 0.08 95
SFIX R,2786705.0,
EFIX R,2786705.0,2786751 48 931.4 488.2 1256
SSACC R,2786753.0,
ESACC R,2786753.0,2786791 40 933.6 498.7 942.7 487.9 0.38 98
SFIX R,2786793.0,
EFIX R,2786793.0,2786875 84 942.2 491.1 1223
SSACC R,2786877.0,
ESACC R,2786877.0,2787103 228 945.4 481.8 958.1 495.7 0.51 94
SFIX R,2787105.0,
EFIX R,2787105.0,2787205 102 958.1 493.9 1187
SSACC R,2787207.0,
ESACC R,2787207.0,2787287 82 952.8 492.7 960.9 489.6 0.24 101
SFIX R,2787289.0,
EFIX R,2787289.0,2787351 64 960.7 488.7 1188
SSACC R,2787353.0,
ESACC R,2787353.0,2787441 90 963.5 470.3 955.4 480.8 0.36 122
SFIX R,2787443.0,
EFIX R,2787443.0,2787487 46 957.9 484.8 1212
SSACC R,2787489.0,
SBLINK R,2787857.0,
EBLINK R,2787857.0,2791161 3306
ESACC R,2787489.0,2791453 3966 961.2 468.4 965.9 540.6 1.96 2323
SFIX R,2791455.0,
EFIX R,2791455.0,2791467 14 962.1 531.8 1130
SSACC R,2791469.0,
ESACC R,2791469.0,2791557 90 962.3 522.4 959.8 486.2 0.98 135
SFIX R,2791559.0,
EFIX R,2791559.0,2791591 34 957.4 500.6 1144
SSACC R,2791593.0,
ESACC R,2791593.0,2792165 574 956.3 488.5 959.3 489.3 0.08 246
SFIX R,2792167.0,
EFIX R,2792167.0,2792225 60 958.4 482.3 1136
SSACC R,2792227.0,
SBLINK R,2792417.0,
EBLINK R,2792417.0,2795503 3088
ESACC R,2792227.0,2797749 5524 957.8 489.3 940.8 629.5 3.83 1997
SFIX R,2797751.0,
EFIX R,2797751.0,2797775 26 938.3 638.0 946
SSACC R,2797777.0,
SBLINK R,2799379.0,
EBLINK R,2799379.0,2818755 19378
ESACC R,2797777.0,2819659 21884 936.2 633.4 910.8 484.9 4.08 2237
SFIX R,2819661.0,
EFIX R,2819661.0,2819681 22 907.0 489.2 1238
SSACC R,2819683.0,
SBLINK R,2822285.0,
EBLINK R,2822285.0,2844113 21830
ESACC R,2819683.0,2844643 24962 905.5 517.7 983.6 477.9 2.38 1992
SFIX R,2844645.0,
EFIX R,2844645.0,2844677 34 988.8 480.7 815
SSACC R,2844679.0,
ESACC R,2844679.0,2845697 1020 986.3 472.1 980.5 570.6 2.67 408
SFIX R,2845699.0,
EFIX R,2845699.0,2845731 34 979.8 571.3 777
SSACC R,2845733.0,
SBLINK R,2853183.0,
EBLINK R,2853183.0,2865653 12472
ESACC R,2845733.0,2871439 25708 984.3 553.6 933.7 677.9 3.63 2048
SFIX R,2871441.0,
EFIX R,2871441.0,2871463 24 931.3 685.9 934
SSACC R,2871465.0,
SBLINK R,2873691.0,
EBLINK R,2873691.0,2897497 23808
ESACC R,2871465.0,2897789 26326 916.8 698.6 984.3 479.9 6.19 2687
SFIX R,2897791.0,
EFIX R,2897791.0,2897935 146 984.3 483.9 1050
SSACC R,2897937.0,
SBLINK R,2897999.0,
EBLINK R,2897999.0,2902675 4678
ESACC R,2897937.0,2902971 5036 983.6 485.1 973.9 287.1 5.34 2292
SFIX R,2902973.0,
EFIX R,2902973.0,2903029 58 972.3 287.7 1533
SSACC R,2903031.0,
ESACC R,2903031.0,2903077 48 970.7 284.1 967.2 312.0 0.75 89
SFIX R,2903079.0,
EFIX R,2903079.0,2903137 60 965.2 314.1 1495
SSACC R,2903139.0,
ESACC R,2903139.0,2903145 8 959.8 315.3 961.7 326.3 0.30 54
SFIX R,2903147.0,
EFIX R,2903147.0,2903193 48 959.9 329.7 1461
SSACC R,2903195.0,
ESACC R,2903195.0,2903199 6 957.3 319.6 957.2 341.8 0.60 54
SFIX R,2903201.0,
EFIX R,2903201.0,2903281 82 955.3 350.2 1420
SSACC R,2903283.0,
SBLINK R,2910363.0,
EBLINK R,2910363.0,2911307 946
ESACC R,2903283.0,2911787 8506 957.3 367.2 996.0 481.5 3.26 1526
SFIX R,2911789.0,
EFIX R,2911789.0,2911817 30 1005.7 464.7 1258
SSACC R,2911819.0,
ESACC R,2911819.0,2912001 184 1008.3 464.3 1008.2 460.0 0.12 106
SFIX R,2912003.0,
EFIX R,2912003.0,2912043 42 1007.4 461.8 1241
SSACC R,2912045.0,
ESACC R,2912045.0,2912139 96 1004.1 467.4 1005.2 460.0 0.20 61
SFIX R,2912141.0,
EFIX R,2912141.0,2912217 78 1002.7 463.1 1255
SSACC R,2912219.0,
ESACC R,2912219.0,2912281 64 1000.2 479.2 999.0 450.6 0.78 110
SFIX R,2912283.0,
EFIX R,2912283.0,2912345 64 996.2 466.6 1282
SSACC R,2912347.0,
SBLINK R,2915835.0,
EBLINK R,2915835.0,2916047 214
ESACC R,2912347.0,2917463 5118 999.4 450.8 1013.9 455.9 0.42 668
SFIX R,2917465.0,
EFIX R,2917465.0,2917647 184 1014.3 447.2 1266
SSACC R,2917649.0,
ESACC R,2917649.0,2917717 70 1016.4 451.9 1017.6 459.7 0.21 106
SFIX R,2917719.0,
EFIX R,2917719.0,2917811 94 1018.2 458.6 1231
SSACC R,2917813.0,
ESACC R,2917813.0,2917835 24 1024.4 472.3 1021.6 454.3 0.49 59
SFIX R,2917837.0,
EFIX R,2917837.0,2917881 46 1022.4 461.1 1186
SSACC R,2917883.0,
ESACC R,2917883.0,2917965 84 1022.3 452.8 1031.8 468.6 0.50 81
SFIX R,2917967.0,
EFIX R,2917967.0,2917997 32 1030.5 458.8 1119
SSACC R,2917999.0,
ESACC R,2917999.0,2918091 94 1028.5 456.8 1018.5 486.3 0.84 79
SFIX R,2918093.0,
EFIX R,2918093.0,2918119 28 1016.2 482.8 1079
SSACC R,2918121.0,
SBLINK R,2922963.0,
EBLINK R,2922963.0,2923585 624
ESACC R,2918121.0,2925453 7334 1014.4 484.0 955.9 510.6 1.74 1688
SFIX R,2925455.0,
EFIX R,2925455.0,2925485 32 952.1 507.6 1208
SSACC R,2925487.0,
ESACC R,2925487.0,2925631 146 951.6 516.4 957.5 488.4 0.78 125
SFIX R,2925633.0,
EFIX R,2925633.0,2925677 46 952.4 497.3 1169
SSACC R,2925679.0,
SBLINK R,2927219.0,
EBLINK R,2927219.0,2927413 196
ESACC R,2925679.0,2927761 2084 957.1 498.9 1029.3 458.3 2.24 1447
SFIX R,2927763.0,
EFIX R,2927763.0,2927841 80 1032.5 464.0 1378
SSACC R,2927843.0,
ESACC R,2927843.0,2927943 102 1034.3 460.7 1028.3 483.8 0.65 90
SFIX R,2927945.0,
EFIX R,2927945.0,2927975 32 1029.4 485.3 1359
SSACC R,2927977.0,
SBLINK R,2929017.0,
EBLINK R,2929017.0,2929683 668
ESACC R,2927977.0,2929721 1746 1030.1 503.0 1017.7 1694.0 28.09 1509
SFIX R,2929723.0,
EFIX R,2929723.0,2929747 26 1019.5 1682.7 1020
SSACC R,2929749.0,
SBLINK R,2930249.0,
EBLINK R,2930249.0,2931057 810
ESACC R,2929749.0,2931995 2248 1016.6 1679.7 992.9 467.4 28.70 911
SFIX R,2931997.0,
EFIX R,2931997.0,2932023 28 993.0 464.4 1266
SSACC R,2932025.0,
ESACC R,2932025.0,2932073 50 994.0 451.7 989.6 473.6 0.61 78
SFIX R,2932075.0,
EFIX R,2932075.0,2932129 56 991.0 473.6 1252
SSACC R,2932131.0,
ESACC R,2932131.0,2932293 164 988.8 480.7 966.1 488.1 0.65 77
SFIX R,2932295.0,
EFIX R,2932295.0,2932389 96 966.1 488.3 1249
SSACC R,2932391.0,
ESACC R,2932391.0,2932789 400 963.9 474.4 986.2 476.8 0.61 118
SFIX R,2932791.0,
EFIX R,2932791.0,2932849 60 986.3 484.6 1255
SSACC R,2932851.0,
ESACC R,2932851.0,2933099 250 982.8 497.8 958.1 502.3 0.68 183
SFIX R,2933101.0,
EFIX R,2933101.0,2933121 22 961.8 498.6 1272
SSACC R,2933123.0,
ESACC R,2933123.0,2933295 174 964.3 493.2 996.9 471.8 1.06 112
SFIX R,2933297.0,
EFIX R,2933297.0,2933447 152 999.8 472.2 1285
SSACC R,2933449.0,
SBLINK R,2935223.0,
EBLINK R,2935223.0,2935491 270
ESACC R,2933449.0,2936009 2562 1000.5 457.4 960.3 492.7 1.45 570
SFIX R,2936011.0,
EFIX R,2936011.0,2936319 310 958.6 526.3 1177
SSACC R,2936321.0,
ESACC R,2936321.0,2936337 18 953.8 539.4 952.1 540.8 0.06 59
SFIX R,2936339.0,
EFIX R,2936339.0,2936665 328 950.7 535.3 1110
SSACC R,2936667.0,
ESACC R,2936667.0,2936771 106 949.4 529.7 971.2 492.5 1.17 137
SFIX R,2936773.0,
EFIX R,2936773.0,2936883 112 970.6 488.6 1190
SSACC R,2936885.0,
ESACC R,2936885.0,2937015 132 972.4 472.3 960.7 496.3 0.72 118
SFIX R,2937017.0,
EFIX R,2937017.0,2937065 50 960.2 496.8 1266
SSACC R,2937067.0,
SBLINK R,2938939.0,
EBLINK R,2938939.0,2942083 3146
ESACC R,2937067.0,2942567 5502 960.1 487.9 974.7 487.2 0.40 1676
SFIX R,2942569.0,
EFIX R,2942569.0,2942605 38 972.0 508.5 1284
SSACC R,2942607.0,
ESACC R,2942607.0,2942645 40 975.2 494.2 974.1 517.1 0.62 95
SFIX R,2942647.0,
EFIX R,2942647.0,2942671 26 972.7 519.9 1260
SSACC R,2942673.0,
SBLINK R,2943857.0,
EBLINK R,2943857.0,2948781 4926
ESACC R,2942673.0,2949155 6484 974.1 512.4 968.4 470.1 1.16 1878
SFIX R,2949157.0,
EFIX R,2949157.0,2949253 98 963.8 483.4 1047
SSACC R,2949255.0,
SBLINK R,2950997.0,
EBLINK R,2950997.0,3011555 60560
ESACC R,2949255.0,3012433 63180 953.8 513.9 939.0 107.7 10.80 3270
SFIX R,3012435.0,
EFIX R,3012435.0,3012505 72 925.9 140.7 968
SSACC R,3012507.0,
SBLINK R,3012537.0,
EBLINK R,3012537.0,3018999 6464
ESACC R,3012507.0,3019673 7168 922.2 151.3 902.6 482.5 8.85 2258
SFIX R,3019675.0,
EFIX R,3019675.0,3019717 44 901.8 485.1 1410
SSACC R,3019719.0,
ESACC R,3019719.0,3019779 62 901.0 484.0 902.0 486.0 0.06 97
SFIX R,3019781.0,
EFIX R,3019781.0,3019833 54 897.8 486.4 1340
SSACC R,3019835.0,
ESACC R,3019835.0,3019859 26 899.9 483.2 893.4 500.5 0.50 68
SFIX R,3019861.0,
EFIX R,3019861.0,3019957 98 897.3 495.8 1288
SSACC R,3019959.0,
ESACC R,3019959.0,3019981 24 900.1 500.9 875.6 483.3 0.82 104
SFIX R,3019983.0,
EFIX R,3019983.0,3020015 34 881.3 478.2 1262
SSACC R,3020017.0,
ESACC R,3020017.0,3020033 18 883.4 466.2 879.2 482.1 0.45 64
SFIX R,3020035.0,
EFIX R,3020035.0,3020073 40 881.1 471.9 1247
SSACC R,3020075.0,
ESACC R,3020075.0,3020135 62 880.8 475.5 927.4 454.9 1.38 102
SFIX R,3020137.0,
EFIX R,3020137.0,3020199 64 915.6 446.3 1219
SSACC R,3020201.0,
ESACC R,3020201.0,3020213 14 913.1 428.0 915.7 467.0 1.06 134
SFIX R,3020215.0,
EFIX R,3020215.0,3020237 24 915.5 459.8 1195
SSACC R,3020239.0,
ESACC R,3020239.0,3020539 302 918.0 447.0 915.6 451.8 0.15 98
SFIX R,3020541.0,
EFIX R,3020541.0,3020591 52 917.4 444.8 1247
SSACC R,3020593.0,
ESACC R,3020593.0,3020617 26 914.7 453.0 916.5 432.9 0.55 85
SFIX R,3020619.0,
EFIX R,3020619.0,3020669 52 918.7 428.4 1280
SSACC R,3020671.0,
ESACC R,3020671.0,3020683 14 920.9 436.0 921.0 422.4 0.37 63
SFIX R,3020685.0,
EFIX R,3020685.0,3020737 54 923.1 425.3 1301
SSACC R,3020739.0,
ESACC R,3020739.0,3020743 6 927.6 427.9 927.5 429.5 0.04 58
SFIX R,3020745.0,
EFIX R,3020745.0,3020791 48 925.6 439.4 1299
SSACC R,3020793.0,
ESACC R,3020793.0,3020849 58 925.9 441.8 923.9 444.4 0.09 70
SFIX R,3020851.0,
EFIX R,3020851.0,3020875 26 926.4 447.3 1311
SSACC R,3020877.0,
ESACC R,3020877.0,3020899 24 924.6 444.9 924.2 449.2 0.12 97
SFIX R,3020901.0,
EFIX R,3020901.0,3020945 46 927.3 449.0 1315
SSACC R,3020947.0,
ESACC R,3020947.0,3020993 48 929.0 452.0 927.8 459.7 0.21 77
SFIX R,3020995.0,
EFIX R,3020995.0,3021075 82 927.4 449.7 1306
SSACC R,3021077.0,
SBLINK R,3021147.0,
EBLINK R,3021147.0,3038709 17564
ESACC R,3021077.0,3039541 18466 928.3 459.3 968.5 514.6 1.85 2393
SFIX R,3039543.0,
EFIX R,3039543.0,3039557 16 966.1 505.3 1321
SSACC R,3039559.0,
SBLINK R,3042559.0,
EBLINK R,3042559.0,3067271 24714
ESACC R,3039559.0,3067573 28016 961.2 495.7 1086.1 424.0 3.89 2181
SFIX R,3067575.0,
EFIX R,3067575.0,3067673 100 1078.8 424.8 1556
SSACC R,3067675.0,
ESACC R,3067675.0,3067701 28 1078.0 433.7 961.3 495.9 3.58 318
SFIX R,3067703.0,
EFIX R,3067703.0,3067799 98 972.2 499.5 1529
SSACC R,3067801.0,
ESACC R,3067801.0,3067805 6 974.9 495.6 974.9 514.2 0.50 69
SFIX R,3067807.0,
EFIX R,3067807.0,3067879 74 976.9 526.9 1510
SSACC R,3067881.0,
ESACC R,3067881.0,3068001 122 976.2 542.1 987.3 609.5 1.85 152
SFIX R,3068003.0,
EFIX R,3068003.0,3068029 28 983.1 604.0 1455
SSACC R,3068031.0,
SBLINK R,3070319.0,
EBLINK R,3070319.0,3085217 14900
ESACC R,3068031.0,3086041 18012 986.0 610.9 908.9 642.4 2.26 1559
SFIX R,3086043.0,
EFIX R,3086043.0,3086097 56 904.2 636.3 1100
SSACC R,3086099.0,
ESACC R,3086099.0,3086293 196 902.0 615.0 908.4 627.4 0.38 107
SFIX R,3086295.0,
EFIX R,3086295.0,3086325 32 910.5 623.5 1088
SSACC R,3086327.0,
ESACC R,3086327.0,3086375 50 903.2 617.8 914.0 616.4 0.30 94
SFIX R,3086377.0,
EFIX R,3086377.0,3086431 56 915.3 621.8 1065
SSACC R,3086433.0,
SBLINK R,3086717.0,
EBLINK R,3086717.0,3092801 6086
ESACC R,3086433.0,3093113 6682 917.7 626.6 925.9 670.4 1.21 1818
SFIX R,3093115.0,
EFIX R,3093115.0,3093143 30 923.3 676.0 1118
SSACC R,3093145.0,
ESACC R,3093145.0,3093187 44 925.1 671.1 923.1 634.0 1.01 86
SFIX R,3093189.0,
EFIX R,3093189.0,3093287 100 923.0 620.9 1146
SSACC R,3093289.0,
SBLINK R,3096759.0,
EBLINK R,3096759.0,3108561 11804
ESACC R,3093289.0,3108927 15640 922.0 585.8 955.5 823.3 6.45 713
SFIX R,3108929.0,
EFIX R,3108929.0,3108951 24 955.0 816.4 1112
SSACC R,3108953.0,
ESACC R,3108953.0,3112791 3840 956.6 817.5 901.1 640.7 4.98 435
SFIX R,3112793.0,
EFIX R,3112793.0,3112817 26 897.4 647.2 1092
SSACC R,3112819.0,
ESACC R,3112819.0,3113285 468 897.9 657.0 920.9 758.7 2.81 248
SFIX R,3113287.0,
EFIX R,3113287.0,3113289 4 916.4 770.9 1092
SSACC R,3113291.0,
SBLINK R,3114367.0,
EBLINK R,3114367.0,3138731 24366
ESACC R,3113291.0,3140383 27094 912.2 774.1 906.2 653.2 3.26 2170
SFIX R,3140385.0,
EFIX R,3140385.0,3140427 44 901.8 645.7 1115
SSACC R,3140429.0,
SBLINK R,3141797.0,
EBLINK R,3141797.0,3145631 3836
ESACC R,3140429.0,3149301 8874 911.2 664.9 870.1 735.9 2.21 1761
SFIX R,3149303.0,
EFIX R,3149303.0,3149331 30 866.4 735.3 962
SSACC R,3149333.0,
SBLINK R,3151293.0,
EBLINK R,3151293.0,3163619 12328
ESACC R,3149333.0,3166567 17236 871.2 734.1 989.1 809.0 3.75 1878
SFIX R,3166569.0,
EFIX R,3166569.0,3166599 32 989.8 836.9 1277
SSACC R,3166601.0,
SBLINK R,3168031.0,
EBLINK R,3168031.0,3183371 15342
ESACC R,3166601.0,3183759 17160 999.7 824.9 939.6 675.3 4.33 2227
SFIX R,3183761.0,
EFIX R,3183761.0,3183791 32 938.2 678.5 999
SSACC R,3183793.0,
ESACC R,3183793.0,3184129 338 941.9 679.9 934.2 769.5 2.42 354
SFIX R,3184131.0,
EFIX R,3184131.0,3184159 30 936.6 756.9 962
SSACC R,3184161.0,
SBLINK R,3184703.0,
EBLINK R,3184703.0,3204001 19300
ESACC R,3184161.0,3204795 20636 937.4 752.3 918.3 364.0 10.46 1908
SFIX R,3204797.0,
EFIX R,3204797.0,3204921 126 917.7 364.4 1134
SSACC R,3204923.0,
ESACC R,3204923.0,3204961 40 917.0 368.1 902.2 391.2 0.74 90
SFIX R,3204963.0,
EFIX R,3204963.0,3205047 86 900.3 408.0 1119
SSACC R,3205049.0,
SBLINK R,3205101.0,
EBLINK R,3205101.0,3258037 52938
ESACC R,3205049.0,3259407 54360 900.2 405.3 998.2 773.2 10.25 2104
SFIX R,3259409.0,
EFIX R,3259409.0,3259437 30 996.0 782.0 1313
SSACC R,3259439.0,
SBLINK R,3260001.0,
EBLINK R,3260001.0,3309685 49686
ESACC R,3259439.0,3310575 51138 1002.7 801.5 856.7 951.5 5.56 2166
SFIX R,3310577.0,
EFIX R,3310577.0,3310603 28 862.6 951.0 1012
SSACC R,3310605.0,
SBLINK R,3312851.0,
EBLINK R,3312851.0,3314539 1690
ESACC R,3310605.0,3314555 3952 849.8 962.9 1336.2 1045.1 12.86 705
SFIX R,3314557.0,
EFIX R,3314557.0,3314587 32 1333.2 1027.4 447
SSACC R,3314589.0,
SBLINK R,3315643.0,
EBLINK R,3315643.0,3320241 4600
ESACC R,3314589.0,3320835 6248 1332.6 1009.0 905.1 716.1 13.63 1612
SFIX R,3320837.0,
EFIX R,3320837.0,3320867 32 910.5 705.7 1145
SSACC R,3320869.0,
SBLINK R,3322249.0,
EBLINK R,3322249.0,3328431 6184
ESACC R,3320869.0,3331375 10508 914.1 715.9 895.9 970.5 6.76 1980
SFIX R,3331377.0,
EFIX R,3331377.0,3331411 36 903.7 963.8 1098
SSACC R,3331413.0,
SBLINK R,3331913.0,
EBLINK R,3331913.0,3364077 32166
ESACC R,3331413.0,3365051 33640 905.3 940.0 1826.1 619.5 24.28 2353
SFIX R,3365053.0,
EFIX R,3365053.0,3365063 12 1825.2 609.9 1320
SSACC R,3365065.0,
SBLINK R,3366171.0,
EBLINK R,3366171.0,3388247 22078
ESACC R,3365065.0,3388905 23842 1826.3 614.6 964.0 771.1 21.88 698
SFIX R,3388907.0,
EFIX R,3388907.0,3388929 24 970.1 769.5 1129
SSACC R,3388931.0,
SBLINK R,3397151.0,
EBLINK R,3397151.0,3483683 86534
ESACC R,3388931.0,3484423 95494 970.5 762.9 981.0 450.7 8.42 1760
SFIX R,3484425.0,
EFIX R,3484425.0,3484473 50 980.7 448.0 1166
SSACC R,3484475.0,
SBLINK R,3484967.0,
EBLINK R,3484967.0,3498415 13450
ESACC R,3484475.0,3498997 14524 982.7 455.6 1002.1 503.3 1.40 2227
SFIX R,3498999.0,
EFIX R,3498999.0,3499025 28 1007.2 497.1 1266
SSACC R,3499027.0,
ESACC R,3499027.0,3499111 86 1008.1 483.0 1040.1 511.7 1.16 113
SFIX R,3499113.0,
EFIX R,3499113.0,3499145 34 1039.0 511.4 1219
SSACC R,3499147.0,
SBLINK R,3499919.0,
EBLINK R,3499919.0,3508421 8504
ESACC R,3499147.0,3511233 12088 1039.9 516.0 1050.2 521.0 0.31 1872
SFIX R,3511235.0,
EFIX R,3511235.0,3511269 36 1046.1 513.0 1113
SSACC R,3511271.0,
ESACC R,3511271.0,3511305 36 1042.9 507.5 1039.9 473.4 0.93 95
SFIX R,3511307.0,
EFIX R,3511307.0,3511427 122 1039.0 477.8 1050
SSACC R,3511429.0,
SBLINK R,3511473.0,
EBLINK R,3511473.0,3512071 600
ESACC R,3511429.0,3512557 1130 1037.4 472.7 1001.9 487.2 1.04 2580
SFIX R,3512559.0,
EFIX R,3512559.0,3512593 36 1003.5 489.4 949
SSACC R,3512595.0,
ESACC R,3512595.0,3512649 56 1004.8 495.8 1028.9 512.5 0.79 142
SFIX R,3512651.0,
EFIX R,3512651.0,3512683 34 1030.6 510.6 949
SSACC R,3512685.0,
ESACC R,3512685.0,3512889 206 1030.0 519.4 1005.0 492.9 0.99 108
SFIX R,3512891.0,
EFIX R,3512891.0,3512951 62 1002.8 485.1 1006
SSACC R,3512953.0,
SBLINK R,3516853.0,
EBLINK R,3516853.0,3529379 12528
ESACC R,3512953.0,3529789 16838 999.9 489.8 1048.3 464.6 1.48 2083
SFIX R,3529791.0,
EFIX R,3529791.0,3529845 56 1046.5 455.2 1385
SSACC R,3529847.0,
ESACC R,3529847.0,3530003 158 1048.9 463.2 1042.3 459.9 0.20 118
SFIX R,3530005.0,
EFIX R,3530005.0,3530027 24 1044.2 461.7 1346
SSACC R,3530029.0,
ESACC R,3530029.0,3530167 140 1045.2 453.4 1036.3 468.6 0.48 123
SFIX R,3530169.0,
EFIX R,3530169.0,3530191 24 1039.0 468.3 1311
SSACC R,3530193.0,
ESACC R,3530193.0,3530595 404 1044.1 456.6 1045.4 450.9 0.16 160
SFIX R,3530597.0,
EFIX R,3530597.0,3530677 82 1047.9 460.7 1300
SSACC R,3530679.0,
ESACC R,3530679.0,3531395 718 1054.7 472.2 1050.9 420.6 1.40 240
SFIX R,3531397.0,
EFIX R,3531397.0,3531431 36 1049.0 415.0 1434
SSACC R,3531433.0,
ESACC R,3531433.0,3531511 80 1048.7 421.5 1052.9 407.9 0.38 91
SFIX R,3531513.0,
EFIX R,3531513.0,3531535 24 1050.8 409.3 1436
SSACC R,3531537.0,
ESACC R,3531537.0,3531635 100 1051.0 405.8 1056.2 393.0 0.37 101
SFIX R,3531637.0,
EFIX R,3531637.0,3531671 36 1058.7 407.9 1423
SSACC R,3531673.0,
SBLINK R,3532421.0,
EBLINK R,3532421.0,3533157 738
ESACC R,3531673.0,3533357 1686 1056.9 413.1 1074.5 380.2 1.01 837
SFIX R,3533359.0,
EFIX R,3533359.0,3533431 74 1065.1 398.7 1236
SSACC R,3533433.0,
ESACC R,3533433.0,3533627 196 1062.7 383.2 1052.6 427.6 1.23 81
SFIX R,3533629.0,
EFIX R,3533629.0,3533699 72 1051.9 440.9 1204
SSACC R,3533701.0,
SBLINK R,3533857.0,
EBLINK R,3533857.0,3534069 214
ESACC R,3533701.0,3534387 688 1050.4 447.4 1071.8 406.3 1.25 2330
SFIX R,3534389.0,
EFIX R,3534389.0,3534425 38 1070.2 424.4 1233
SSACC R,3534427.0,
ESACC R,3534427.0,3534531 106 1072.8 433.5 1060.9 429.6 0.34 119
SFIX R,3534533.0,
EFIX R,3534533.0,3534633 102 1060.0 425.4 1263
SSACC R,3534635.0,
ESACC R,3534635.0,3534665 32 1059.4 428.7 1050.4 443.7 0.47 80
SFIX R,3534667.0,
EFIX R,3534667.0,3534841 176 1050.6 448.6 1255
SSACC R,3534843.0,
ESACC R,3534843.0,3534917 76 1049.3 436.6 1050.3 459.3 0.61 80
SFIX R,3534919.0,
EFIX R,3534919.0,3534941 24 1051.8 459.9 1240
SSACC R,3534943.0,
ESACC R,3534943.0,3535105 164 1051.5 471.9 1059.8 461.5 0.36 100
SFIX R,3535107.0,
EFIX R,3535107.0,3535129 24 1058.2 455.6 1241
SSACC R,3535131.0,
ESACC R,3535131.0,3535261 132 1059.6 462.3 1065.0 439.8 0.63 98
SFIX R,3535263.0,
EFIX R,3535263.0,3535297 36 1063.9 445.6 1266
SSACC R,3535299.0,
SBLINK R,3535745.0,
EBLINK R,3535745.0,3535987 244
ESACC R,3535299.0,3536309 1012 1067.0 444.3 1072.3 404.8 1.08 626
SFIX R,3536311.0,
EFIX R,3536311.0,3536331 22 1071.1 411.1 1403
SSACC R,3536333.0,
ESACC R,3536333.0,3536559 228 1072.9 407.7 1068.7 420.9 0.37 126
SFIX R,3536561.0,
EFIX R,3536561.0,3536635 76 1068.2 437.5 1368
SSACC R,3536637.0,
SBLINK R,3538999.0,
EBLINK R,3538999.0,3539259 262
ESACC R,3536637.0,3539751 3116 1066.6 439.8 1049.5 458.1 0.68 830
SFIX R,3539753.0,
EFIX R,3539753.0,3539781 30 1043.4 469.5 1180
SSACC R,3539783.0,
ESACC R,3539783.0,3539827 46 1038.3 488.1 1032.3 486.4 0.17 91
SFIX R,3539829.0,
EFIX R,3539829.0,3539923 96 1027.5 486.0 1129
SSACC R,3539925.0,
ESACC R,3539925.0,3539967 44 1024.3 486.3 1024.2 475.3 0.30 71
SFIX R,3539969.0,
EFIX R,3539969.0,3540085 118 1021.1 487.4 1107
SSACC R,3540087.0,
ESACC R,3540087.0,3540113 28 1022.4 493.3 1023.8 474.2 0.52 89
SFIX R,3540115.0,
EFIX R,3540115.0,3540331 218 1024.7 468.7 1114
SSACC R,3540333.0,
SBLINK R,3540827.0,
EBLINK R,3540827.0,3541049 224
ESACC R,3540333.0,3541661 1330 1026.3 456.9 1058.7 433.8 1.08 2161
SFIX R,3541663.0,
EFIX R,3541663.0,3541685 24 1058.5 443.7 1334
SSACC R,3541687.0,
SBLINK R,3545627.0,
EBLINK R,3545627.0,3545921 296
ESACC R,3541687.0,3546273 4588 1058.9 450.0 1009.4 483.5 1.62 714
SFIX R,3546275.0,
EFIX R,3546275.0,3546355 82 1008.7 483.5 1356
SSACC R,3546357.0,
ESACC R,3546357.0,3546437 82 1010.4 467.2 1004.7 498.9 0.87 94
SFIX R,3546439.0,
EFIX R,3546439.0,3546463 26 1004.9 513.1 1241
SSACC R,3546465.0,
ESACC R,3546465.0,3546613 150 1006.2 526.3 1000.7 517.9 0.27 115
SFIX R,3546615.0,
EFIX R,3546615.0,3546679 66 1000.9 517.3 1111
SSACC R,3546681.0,
ESACC R,3546681.0,3546819 140 997.2 517.8 990.2 511.0 0.26 88
SFIX R,3546821.0,
EFIX R,3546821.0,3546855 36 989.5 521.5 1077
SSACC R,3546857.0,
SBLINK R,3546917.0,
EBLINK R,3546917.0,3547335 420
ESACC R,3546857.0,3547621 766 988.2 535.9 997.3 444.3 2.49 1808
SFIX R,3547623.0,
EFIX R,3547623.0,3547671 50 998.5 448.7 1234
SSACC R,3547673.0,
ESACC R,3547673.0,3547683 12 999.8 434.5 1000.5 462.1 0.75 106
SFIX R,3547685.0,
EFIX R,3547685.0,3547711 28 1002.9 453.5 1240
SSACC R,3547713.0,
ESACC R,3547713.0,3547771 60 1003.7 444.7 1008.3 468.0 0.64 88
SFIX R,3547773.0,
EFIX R,3547773.0,3547819 48 1006.7 455.9 1244
SSACC R,3547821.0,
ESACC R,3547821.0,3547855 36 1003.2 466.0 1010.0 494.0 0.78 142
SFIX R,3547857.0,
EFIX R,3547857.0,3547877 22 1008.8 485.9 1218
SSACC R,3547879.0,
ESACC R,3547879.0,3547923 46 1011.7 481.5 1019.0 483.3 0.20 88
SFIX R,3547925.0,
EFIX R,3547925.0,3547973 50 1020.2 483.7 1177
SSACC R,3547975.0,
ESACC R,3547975.0,3548133 160 1020.0 484.1 1033.8 513.9 0.89 107
SFIX R,3548135.0,
EFIX R,3548135.0,3548183 50 1029.9 505.7 1073
SSACC R,3548185.0,
SBLINK R,3549111.0,
EBLINK R,3549111.0,3549343 234
ESACC R,3548185.0,3550027 1844 1030.2 490.8 1007.3 530.7 1.25 1735
SFIX R,3550029.0,
EFIX R,3550029.0,3550073 46 1012.2 538.5 1145
SSACC R,3550075.0,
SBLINK R,3554427.0,
EBLINK R,3554427.0,3554645 220
ESACC R,3550075.0,3555123 5050 1014.4 525.7 1030.9 535.4 0.52 812
SFIX R,3555125.0,
EFIX R,3555125.0,3555239 116 1023.0 536.5 1185
SSACC R,3555241.0,
ESACC R,3555241.0,3555301 62 1018.5 529.1 1001.1 532.9 0.48 95
SFIX R,3555303.0,
EFIX R,3555303.0,3555377 76 1002.4 530.9 1160
SSACC R,3555379.0,
ESACC R,3555379.0,3555459 82 1002.0 527.3 1004.7 535.0 0.22 75
SFIX R,3555461.0,
EFIX R,3555461.0,3555505 46 1006.6 533.7 1140
SSACC R,3555507.0,
ESACC R,3555507.0,3555605 100 1005.7 556.7 1000.4 527.7 0.80 90
SFIX R,3555607.0,
EFIX R,3555607.0,3555631 26 1002.1 522.6 1123
SSACC R,3555633.0,
ESACC R,3555633.0,3555743 112 1001.7 526.1 998.2 520.6 0.18 94
SFIX R,3555745.0,
EFIX R,3555745.0,3555799 56 997.0 517.3 1119
SSACC R,3555801.0,
SBLINK R,3559735.0,
EBLINK R,3559735.0,3560071 338
ESACC R,3555801.0,3560655 4856 995.1 520.3 938.4 531.0 1.56 724
SFIX R,3560657.0,
EFIX R,3560657.0,3560715 60 948.8 532.0 967
SSACC R,3560717.0,
ESACC R,3560717.0,3560751 36 948.2 539.0 950.4 518.4 0.56 67
SFIX R,3560753.0,
EFIX R,3560753.0,3560895 144 953.3 508.2 876
SSACC R,3560897.0,
ESACC R,3560897.0,3560915 20 960.6 499.4 978.2 522.7 0.79 69
SFIX R,3560917.0,
EFIX R,3560917.0,3561101 186 972.1 505.2 810
SSACC R,3561103.0,
ESACC R,3561103.0,3561113 12 966.4 510.4 946.3 501.2 0.60 63
SFIX R,3561115.0,
EFIX R,3561115.0,3561527 414 957.5 489.5 773
SSACC R,3561529.0,
ESACC R,3561529.0,3561545 18 965.0 487.2 968.5 494.8 0.23 73
SFIX R,3561547.0,
EFIX R,3561547.0,3561593 48 965.7 493.2 768
SSACC R,3561595.0,
ESACC R,3561595.0,3561609 16 965.8 481.7 964.5 484.8 0.09 53
SFIX R,3561611.0,
EFIX R,3561611.0,3561651 42 964.5 493.4 777
SSACC R,3561653.0,
ESACC R,3561653.0,3561665 14 964.9 490.1 968.1 497.6 0.22 67
SFIX R,3561667.0,
EFIX R,3561667.0,3561817 152 967.3 504.8 803
SSACC R,3561819.0,
ESACC R,3561819.0,3562283 466 965.7 532.5 1009.3 547.3 1.25 112
SFIX R,3562285.0,
EFIX R,3562285.0,3562313 30 1007.0 552.0 950
SSACC R,3562315.0,
ESACC R,3562315.0,3562493 180 1006.5 564.0 989.5 536.7 0.87 136
SFIX R,3562495.0,
EFIX R,3562495.0,3562541 48 995.0 554.7 1020
SSACC R,3562543.0,
SBLINK R,3578805.0,
EBLINK R,3578805.0,3599515 20712
ESACC R,3562543.0,3599685 37144 995.2 538.1 1035.8 552.7 1.17 2150
SFIX R,3599687.0,
EFIX R,3599687.0,3599715 30 1030.4 543.4 886
SSACC R,3599717.0,
ESACC R,3599717.0,3599795 80 1028.7 546.7 1032.0 528.0 0.51 120
SFIX R,3599797.0,
EFIX R,3599797.0,3599841 46 1026.1 522.8 928
SSACC R,3599843.0,
ESACC R,3599843.0,3600421 580 1026.2 510.6 997.2 467.1 1.42 124
SFIX R,3600423.0,
EFIX R,3600423.0,3600625 204 1002.1 455.1 1004
SSACC R,3600627.0,
ESACC R,3600627.0,3600639 14 1006.4 445.4 1009.0 462.5 0.47 70
SFIX R,3600641.0,
EFIX R,3600641.0,3600687 48 1009.7 458.6 1030
SSACC R,3600689.0,
ESACC R,3600689.0,3600777 90 1012.0 470.7 1015.4 482.7 0.34 111
SFIX R,3600779.0,
EFIX R,3600779.0,3600859 82 1018.1 480.3 1018
SSACC R,3600861.0,
ESACC R,3600861.0,3600921 62 1021.9 492.9 1019.5 499.8 0.20 72
SFIX R,3600923.0,
EFIX R,3600923.0,3600947 26 1021.5 495.2 1011
SSACC R,3600949.0,
ESACC R,3600949.0,3601049 102 1018.8 493.2 1016.1 525.0 0.86 82
SFIX R,3601051.0,
EFIX R,3601051.0,3601073 24 1018.8 519.5 1010
SSACC R,3601075.0,
ESACC R,3601075.0,3601193 120 1019.9 525.9 1021.6 534.7 0.24 102
SFIX R,3601195.0,
EFIX R,3601195.0,3601247 54 1020.0 539.7 1039
SSACC R,3601249.0,
ESACC R,3601249.0,3601269 22 1020.2 549.1 1021.0 543.1 0.16 74
SFIX R,3601271.0,
EFIX R,3601271.0,3601311 42 1023.6 542.8 1050
SSACC R,3601313.0,
SBLINK R,3612549.0,
EBLINK R,3612549.0,3615821 3274
ESACC R,3601313.0,3616697 15386 1025.1 519.5 1012.4 578.7 1.64 705
SFIX R,3616699.0,
EFIX R,3616699.0,3616723 26 1012.6 570.4 887
SSACC R,3616725.0,
ESACC R,3616725.0,3616855 132 1013.0 559.9 1010.4 541.8 0.50 90
SFIX R,3616857.0,
EFIX R,3616857.0,3616879 24 1011.0 539.4 841
SSACC R,3616881.0,
SBLINK R,3630795.0,
EBLINK R,3630795.0,3631561 768
ESACC R,3616881.0,3632159 15280 1012.6 543.6 1017.2 545.9 0.14 560
SFIX R,3632161.0,
EFIX R,3632161.0,3632199 40 1019.2 557.1 964
SSACC R,3632201.0,
ESACC R,3632201.0,3632393 194 1017.5 562.8 1006.4 547.2 0.52 183
SFIX R,3632395.0,
EFIX R,3632395.0,3632419 26 1008.5 546.6 853
SSACC R,3632421.0,
ESACC R,3632421.0,3632437 18 1006.5 547.2 1009.1 542.9 0.14 44
SFIX R,3632439.0,
EFIX R,3632439.0,3632465 28 1006.0 543.5 843
SSACC R,3632467.0,
ESACC R,3632467.0,3632501 36 1008.6 548.7 1001.7 540.5 0.29 63
SFIX R,3632503.0,
EFIX R,3632503.0,3632533 32 1005.6 531.9 841
SSACC R,3632535.0,
ESACC R,3632535.0,3632635 102 1003.4 526.4 999.9 542.4 0.44 102
SFIX R,3632637.0,
EFIX R,3632637.0,3632665 30 998.2 544.8 837
SSACC R,3632667.0,
ESACC R,3632667.0,3632743 78 996.8 550.3 986.6 555.4 0.31 140
SFIX R,3632745.0,
EFIX R,3632745.0,3632813 70 985.5 553.2 850
SSACC R,3632815.0,
ESACC R,3632815.0,3632841 28 984.6 556.9 984.3 559.8 0.08 85
SFIX R,3632843.0,
EFIX R,3632843.0,3632879 38 981.3 557.7 873
SSACC R,3632881.0,
ESACC R,3632881.0,3633465 586 983.4 541.0 966.7 570.7 0.92 179
SFIX R,3633467.0,
EFIX R,3633467.0,3633503 38 959.5 574.2 887
SSACC R,3633505.0,
SBLINK R,3634677.0,
EBLINK R,3634677.0,3634883 208
ESACC R,3633505.0,3635439 1936 957.1 595.2 1010.6 583.7 1.48 2091
SFIX R,3635441.0,
EFIX R,3635441.0,3635481 42 1005.5 589.4 905
SSACC R,3635483.0,
ESACC R,3635483.0,3635651 170 1001.9 608.1 987.0 568.7 1.14 112
SFIX R,3635653.0,
EFIX R,3635653.0,3635703 52 982.3 564.3 810
SSACC R,3635705.0,
ESACC R,3635705.0,3635813 110 979.7 571.2 980.5 572.0 0.03 108
SFIX R,3635815.0,
EFIX R,3635815.0,3635845 32 973.8 562.0 757
SSACC R,3635847.0,
ESACC R,3635847.0,3636931 1086 972.7 555.5 1005.5 546.2 0.92 144
SFIX R,3636933.0,
EFIX R,3636933.0,3636967 36 1005.4 549.2 843
SSACC R,3636969.0,
SBLINK R,3637385.0,
EBLINK R,3637385.0,3637655 272
ESACC R,3636969.0,3638151 1184 1001.9 567.8 998.7 562.7 0.16 1730
SFIX R,3638153.0,
EFIX R,3638153.0,3638195 44 999.8 555.0 819
SSACC R,3638197.0,
ESACC R,3638197.0,3638351 156 1003.2 536.0 1021.2 590.9 1.57 122
SFIX R,3638353.0,
EFIX R,3638353.0,3638417 66 1019.7 584.0 751
SSACC R,3638419.0,
ESACC R,3638419.0,3638891 474 1013.6 590.0 991.1 614.3 0.90 158
SFIX R,3638893.0,
EFIX R,3638893.0,3638937 46 991.3 613.5 814
SSACC R,3638939.0,
SBLINK R,3640545.0,
EBLINK R,3640545.0,3641533 990
ESACC R,3638939.0,3642095 3158 991.7 616.1 1027.2 573.7 1.50 1953
SFIX R,3642097.0,
EFIX R,3642097.0,3642127 32 1027.2 578.8 873
SSACC R,3642129.0,
ESACC R,3642129.0,3642161 34 1028.3 577.4 1024.1 589.2 0.34 86
SFIX R,3642163.0,
EFIX R,3642163.0,3642183 22 1020.9 598.9 836
SSACC R,3642185.0,
SBLINK R,3650049.0,
EBLINK R,3650049.0,3651567 1520
ESACC R,3642185.0,3652599 10416 1020.1 608.9 973.1 191.9 11.22 1938
SFIX R,3652601.0,
EFIX R,3652601.0,3652651 52 973.6 214.9 901
SSACC R,3652653.0,
SBLINK R,3652695.0,
EBLINK R,3652695.0,3692361 39668
ESACC R,3652653.0,3693557 40906 977.8 222.9 922.5 766.8 14.58 2097
SFIX R,3693559.0,
EFIX R,3693559.0,3693591 34 923.3 762.8 792
SSACC R,3693593.0,
SBLINK R,3696165.0,
EBLINK R,3696165.0,3720273 24110
ESACC R,3693593.0,3723575 29984 924.2 764.2 967.6 521.7 6.64 1759
SFIX R,3723577.0,
EFIX R,3723577.0,3723611 36 965.5 512.7 1435
SSACC R,3723613.0,
ESACC R,3723613.0,3723691 80 966.5 522.9 967.3 506.7 0.44 85
SFIX R,3723693.0,
EFIX R,3723693.0,3723743 52 966.5 502.0 1365
SSACC R,3723745.0,
ESACC R,3723745.0,3723765 22 964.5 501.5 958.1 509.7 0.28 76
SFIX R,3723767.0,
EFIX R,3723767.0,3723857 92 959.2 511.1 1271
SSACC R,3723859.0,
ESACC R,3723859.0,3723915 58 959.3 508.6 959.3 508.9 0.01 66
SFIX R,3723917.0,
EFIX R,3723917.0,3723939 24 959.3 508.4 1145
SSACC R,3723941.0,
ESACC R,3723941.0,3723967 28 959.1 519.7 983.2 493.9 0.96 105
SFIX R,3723969.0,
EFIX R,3723969.0,3724013 46 981.4 500.8 1081
SSACC R,3724015.0,
ESACC R,3724015.0,3724037 24 980.2 504.7 979.8 512.9 0.22 57
SFIX R,3724039.0,
EFIX R,3724039.0,3724247 210 969.7 503.7 995
SSACC R,3724249.0,
ESACC R,3724249.0,3724259 12 968.4 493.6 968.8 506.8 0.36 62
SFIX R,3724261.0,
EFIX R,3724261.0,3724539 280 962.0 503.9 974
SSACC R,3724541.0,
ESACC R,3724541.0,3724553 14 957.2 499.9 954.4 485.7 0.39 82
SFIX R,3724555.0,
EFIX R,3724555.0,3724699 146 956.2 489.1 1060
SSACC R,3724701.0,
ESACC R,3724701.0,3724759 60 961.4 497.1 961.0 468.9 0.76 73
SFIX R,3724761.0,
EFIX R,3724761.0,3724791 32 961.7 469.6 1143
SSACC R,3724793.0,
ESACC R,3724793.0,3724853 62 963.4 472.1 963.6 478.9 0.18 87
SFIX R,3724855.0,
EFIX R,3724855.0,3725487 634 975.1 456.3 1238
SSACC R,3725489.0,
ESACC R,3725489.0,3725551 64 977.0 427.5 981.3 441.0 0.38 65
SFIX R,3725553.0,
EFIX R,3725553.0,3725575 24 981.2 448.6 1274
SSACC R,3725577.0,
ESACC R,3725577.0,3725593 18 978.7 452.5 982.2 446.4 0.19 64
SFIX R,3725595.0,
EFIX R,3725595.0,3725633 40 982.4 447.9 1289
SSACC R,3725635.0,
SBLINK R,3725743.0,
EBLINK R,3725743.0,3726585 844
ESACC R,3725635.0,3726805 1172 985.5 439.2 970.3 484.4 1.29 1680
SFIX R,3726807.0,
EFIX R,3726807.0,3726879 74 970.0 481.3 1258
SSACC R,3726881.0,
ESACC R,3726881.0,3726899 20 972.5 475.8 970.6 477.7 0.07 66
SFIX R,3726901.0,
EFIX R,3726901.0,3726929 30 972.1 477.9 1251
SSACC R,3726931.0,
ESACC R,3726931.0,3727251 322 975.3 469.1 993.5 463.7 0.51 119
SFIX R,3727253.0,
EFIX R,3727253.0,3727317 66 991.3 476.8 1170
SSACC R,3727319.0,
SBLINK R,3731083.0,
EBLINK R,3731083.0,3753625 22544
ESACC R,3727319.0,3753993 26676 991.6 485.2 1038.2 393.1 2.79 2486
SFIX R,3753995.0,
EFIX R,3753995.0,3754041 48 1029.1 387.6 1113
SSACC R,3754043.0,
ESACC R,3754043.0,3754075 34 1028.0 359.1 1026.8 376.2 0.46 104
SFIX R,3754077.0,
EFIX R,3754077.0,3754147 72 1029.4 376.7 1133
SSACC R,3754149.0,
ESACC R,3754149.0,3754159 12 1030.0 380.9 1023.9 364.3 0.48 63
SFIX R,3754161.0,
EFIX R,3754161.0,3754213 54 1028.2 367.9 1148
SSACC R,3754215.0,
ESACC R,3754215.0,3754271 58 1031.4 358.0 1037.4 383.7 0.71 93
SFIX R,3754273.0,
EFIX R,3754273.0,3754301 30 1039.8 391.1 1139
SSACC R,3754303.0,
ESACC R,3754303.0,3754385 84 1044.4 391.4 1043.0 413.5 0.60 91
SFIX R,3754387.0,
EFIX R,3754387.0,3754431 46 1040.2 426.4 1101
SSACC R,3754433.0,
ESACC R,3754433.0,3754455 24 1040.3 436.2 1040.4 426.1 0.27 86
SFIX R,3754457.0,
EFIX R,3754457.0,3754547 92 1036.3 441.8 1089
SSACC R,3754549.0,
ESACC R,3754549.0,3754735 188 1029.8 459.0 1035.2 514.6 1.51 123
SFIX R,3754737.0,
EFIX R,3754737.0,3754791 56 1030.2 535.6 1062
SSACC R,3754793.0,
ESACC R,3754793.0,3755315 524 1028.7 557.5 1016.9 672.7 3.13 188
SFIX R,3755317.0,
EFIX R,3755317.0,3755349 34 1018.3 681.5 1057
SSACC R,3755351.0,
SBLINK R,3765723.0,
EBLINK R,3765723.0,3767231 1510
ESACC R,3755351.0,3768267 12918 1014.2 685.1 1020.5 363.5 8.68 559
SFIX R,3768269.0,
EFIX R,3768269.0,3768309 42 1019.3 349.7 804
SSACC R,3768311.0,
ESACC R,3768311.0,3768427 118 1020.1 329.9 1021.4 334.2 0.12 85
SFIX R,3768429.0,
EFIX R,3768429.0,3768483 56 1023.6 344.5 847
SSACC R,3768485.0,
ESACC R,3768485.0,3770033 1550 1026.4 350.1 1030.0 809.4 12.30 251
SFIX R,3770035.0,
EFIX R,3770035.0,3770057 24 1029.4 837.9 948
SSACC R,3770059.0,
SBLINK R,3771659.0,
EBLINK R,3771659.0,3772349 692
ESACC R,3770059.0,3772705 2648 1026.4 856.8 1033.0 471.7 10.33 1783
SFIX R,3772707.0,
EFIX R,3772707.0,3772727 22 1034.3 463.5 1088
SSACC R,3772729.0,
ESACC R,3772729.0,3772881 154 1034.8 469.3 1036.0 494.3 0.68 87
SFIX R,3772883.0,
EFIX R,3772883.0,3772909 28 1038.3 494.2 1048
SSACC R,3772911.0,
ESACC R,3772911.0,3773173 264 1037.8 505.7 1024.5 511.5 0.39 110
SFIX R,3773175.0,
EFIX R,3773175.0,3773227 54 1026.4 494.1 997
SSACC R,3773229.0,
ESACC R,3773229.0,3773295 68 1024.1 491.2 1030.3 506.3 0.44 145
SFIX R,3773297.0,
EFIX R,3773297.0,3773325 30 1033.2 504.1 999
SSACC R,3773327.0,
ESACC R,3773327.0,3773343 18 1032.7 495.2 1031.8 492.3 0.08 79
SFIX R,3773345.0,
EFIX R,3773345.0,3773379 36 1029.0 502.2 1005
SSACC R,3773381.0,
ESACC R,3773381.0,3773387 8 1021.4 506.9 1027.1 518.9 0.36 47
SFIX R,3773389.0,
EFIX R,3773389.0,3773425 38 1025.5 513.6 1005
SSACC R,3773427.0,
ESACC R,3773427.0,3773457 32 1025.9 517.4 1026.6 501.2 0.44 60
SFIX R,3773459.0,
EFIX R,3773459.0,3773485 28 1028.7 495.1 1019
SSACC R,3773487.0,
ESACC R,3773487.0,3773563 78 1027.7 495.1 1016.0 486.5 0.39 94
SFIX R,3773565.0,
EFIX R,3773565.0,3773571 8 1020.1 491.3 1048
SSACC R,3773573.0,
ESACC R,3773573.0,3773645 74 1019.9 489.6 1018.1 507.7 0.49 134
SFIX R,3773647.0,
EFIX R,3773647.0,3773681 36 1014.1 515.6 1066
SSACC R,3773683.0,
SBLINK R,3774233.0,
EBLINK R,3774233.0,3774729 498
ESACC R,3773683.0,3775305 1624 1009.3 538.4 1052.1 464.9 2.30 751
SFIX R,3775307.0,
EFIX R,3775307.0,3775341 36 1049.3 465.6 1313
SSACC R,3775343.0,
ESACC R,3775343.0,3775353 12 1052.9 474.1 1050.1 462.0 0.34 77
SFIX R,3775355.0,
EFIX R,3775355.0,3775419 66 1049.5 470.9 1305
SSACC R,3775421.0,
ESACC R,3775421.0,3775527 108 1049.0 492.7 1074.2 491.9 0.68 168
SFIX R,3775529.0,
EFIX R,3775529.0,3775559 32 1074.3 487.0 1278
SSACC R,3775561.0,
ESACC R,3775561.0,3775599 40 1076.3 490.8 1071.7 508.8 0.50 99
SFIX R,3775601.0,
EFIX R,3775601.0,3775621 22 1070.2 507.6 1256
SSACC R,3775623.0,
ESACC R,3775623.0,3775843 222 1067.9 506.3 1058.8 464.5 1.16 125
SFIX R,3775845.0,
EFIX R,3775845.0,3775915 72 1057.6 464.2 1232
SSACC R,3775917.0,
ESACC R,3775917.0,3776061 146 1057.6 454.2 1061.2 454.9 0.10 94
SFIX R,3776063.0,
EFIX R,3776063.0,3776101 40 1059.4 464.6 1210
SSACC R,3776103.0,
ESACC R,3776103.0,3776175 74 1060.6 475.3 1060.3 451.5 0.64 122
SFIX R,3776177.0,
EFIX R,3776177.0,3776341 166 1062.3 444.8 1222
SSACC R,3776343.0,
ESACC R,3776343.0,3776425 84 1065.7 439.9 1064.7 442.2 0.07 86
SFIX R,3776427.0,
EFIX R,3776427.0,3776477 52 1069.9 432.1 1224
SSACC R,3776479.0,
ESACC R,3776479.0,3776885 408 1071.7 432.9 1084.3 447.1 0.51 99
SFIX R,3776887.0,
EFIX R,3776887.0,3776917 32 1083.4 464.4 1211
SSACC R,3776919.0,
ESACC R,3776919.0,3776983 66 1085.2 460.0 1077.6 477.0 0.50 88
SFIX R,3776985.0,
EFIX R,3776985.0,3777011 28 1079.8 464.9 1222
SSACC R,3777013.0,
ESACC R,3777013.0,3777227 216 1081.6 460.6 1072.2 474.1 0.45 110
SFIX R,3777229.0,
EFIX R,3777229.0,3777267 40 1074.0 482.1 1237
SSACC R,3777269.0,
ESACC R,3777269.0,3777409 142 1077.7 462.7 1070.2 491.0 0.79 365
SFIX R,3777411.0,
EFIX R,3777411.0,3777433 24 1064.8 481.8 1255
SSACC R,3777435.0,
ESACC R,3777435.0,3777543 110 1064.9 481.6 1061.5 477.6 0.14 137
SFIX R,3777545.0,
EFIX R,3777545.0,3777601 58 1060.1 488.8 1254
SSACC R,3777603.0,
SBLINK R,3778069.0,
EBLINK R,3778069.0,3778321 254
ESACC R,3777603.0,3778999 1398 1059.7 488.1 1055.3 469.4 0.52 776
SFIX R,3779001.0,
EFIX R,3779001.0,3779073 74 1054.0 455.8 1168
SSACC R,3779075.0,
ESACC R,3779075.0,3779097 24 1054.7 441.8 1052.5 444.8 0.10 97
SFIX R,3779099.0,
EFIX R,3779099.0,3779127 30 1052.9 441.9 1159
SSACC R,3779129.0,
ESACC R,3779129.0,3779149 22 1053.4 434.5 1051.4 445.6 0.30 61
SFIX R,3779151.0,
EFIX R,3779151.0,3779207 58 1051.9 436.1 1153
SSACC R,3779209.0,
ESACC R,3779209.0,3779253 46 1054.1 437.9 1067.8 464.1 0.80 127
SFIX R,3779255.0,
EFIX R,3779255.0,3779289 36 1066.7 465.4 1126
SSACC R,3779291.0,
ESACC R,3779291.0,3779325 36 1066.0 465.3 1063.0 461.8 0.12 83
SFIX R,3779327.0,
EFIX R,3779327.0,3779401 76 1064.8 455.2 1132
SSACC R,3779403.0,
ESACC R,3779403.0,3779429 28 1061.8 437.3 1058.3 466.4 0.79 74
SFIX R,3779431.0,
EFIX R,3779431.0,3779457 28 1061.0 449.5 1139
SSACC R,3779459.0,
ESACC R,3779459.0,3779711 254 1062.6 442.1 1055.6 469.7 0.77 127
SFIX R,3779713.0,
EFIX R,3779713.0,3779735 24 1058.8 464.4 1153
SSACC R,3779737.0,
ESACC R,3779737.0,3779877 142 1060.5 460.2 1054.8 490.2 0.83 90
SFIX R,3779879.0,
EFIX R,3779879.0,3779935 58 1054.3 493.5 1169
SSACC R,3779937.0,
MSG,3791078.0,STORY_1_END
ESACC R,3779937.0,3791857 11922 1049.4 492.6 781.3 352.9 8.15 540
SFIX R,3791859.0,
EFIX R,3791859.0,3791911 54 772.1 365.2 1160
SSACC R,3791913.0,
ESACC R,3791913.0,3791989 78 765.3 376.8 917.7 359.5 4.13 315
SFIX R,3791991.0,
EFIX R,3791991.0,3792165 176 908.8 356.4 1106
SSACC R,3792167.0,
ESACC R,3792167.0,3792381 216 901.3 365.7 1015.7 402.6 3.25 237
SFIX R,3792383.0,
EFIX R,3792383.0,3792529 148 1008.3 406.5 804
SSACC R,3792531.0,
ESACC R,3792531.0,3792601 72 1004.8 417.8 1181.3 445.7 4.82 249
SFIX R,3792603.0,
EFIX R,3792603.0,3792865 264 1174.4 450.9 705
SSACC R,3792867.0,
ESACC R,3792867.0,3792903 38 1162.2 483.6 1280.0 482.9 3.15 206
SFIX R,3792905.0,
EFIX R,3792905.0,3793159 256 1274.9 472.8 636
SSACC R,3793161.0,
ESACC R,3793161.0,3793209 50 1280.0 456.9 815.7 497.6 12.48 450
SFIX R,3793211.0,
EFIX R,3793211.0,3793393 184 817.6 509.1 579
SSACC R,3793395.0,
ESACC R,3793395.0,3793419 26 822.7 514.2 757.8 502.3 1.78 146
SFIX R,3793421.0,
EFIX R,3793421.0,3793571 152 760.1 495.3 554
SSACC R,3793573.0,
ESACC R,3793573.0,3793607 36 758.1 498.7 965.7 511.6 5.61 324
SFIX R,3793609.0,
EFIX R,3793609.0,3793879 272 958.1 518.8 591
SSACC R,3793881.0,
ESACC R,3793881.0,3793929 50 960.6 526.4 1138.8 487.5 4.93 333
SFIX R,3793931.0,
EFIX R,3793931.0,3794251 322 1147.1 485.6 712
SSACC R,3794253.0,
ESACC R,3794253.0,3794271 20 1156.3 482.5 1096.0 487.8 1.63 155
SFIX R,3794273.0,
EFIX R,3794273.0,3794379 108 1099.4 491.1 798
SSACC R,3794381.0,
ESACC R,3794381.0,3794437 58 1104.7 491.2 910.6 564.4 5.61 386
SFIX R,3794439.0,
EFIX R,3794439.0,3794589 152 920.2 572.5 878
SSACC R,3794591.0,
ESACC R,3794591.0,3794699 110 925.7 559.3 788.8 558.4 3.70 337
SFIX R,3794701.0,
EFIX R,3794701.0,3795025 326 790.6 570.0 950
SSACC R,3795027.0,
ESACC R,3795027.0,3795199 174 783.6 580.0 1107.6 572.8 8.75 517
SFIX R,3795201.0,
EFIX R,3795201.0,3795267 68 1107.2 563.2 919
SSACC R,3795269.0,
ESACC R,3795269.0,3795291 24 1104.5 565.3 1110.5 557.2 0.27 71
SFIX R,3795293.0,
EFIX R,3795293.0,3795313 22 1108.6 561.5 933
SSACC R,3795315.0,
ESACC R,3795315.0,3795493 180 1106.1 558.6 1287.5 602.9 4.99 339
SFIX R,3795495.0,
EFIX R,3795495.0,3795551 58 1287.1 607.4 939
SSACC R,3795553.0,
ESACC R,3795553.0,3795681 130 1286.7 607.1 1410.6 599.5 3.25 280
SFIX R,3795683.0,
EFIX R,3795683.0,3795713 32 1407.8 596.1 986
SSACC R,3795715.0,
ESACC R,3795715.0,3795883 170 1410.0 578.1 1403.7 588.5 0.32 101
SFIX R,3795885.0,
EFIX R,3795885.0,3795923 40 1406.6 594.2 1037
SSACC R,3795925.0,
ESACC R,3795925.0,3795973 50 1406.7 592.6 1405.6 586.6 0.16 100
SFIX R,3795975.0,
EFIX R,3795975.0,3796039 66 1406.2 590.4 1058
SSACC R,3796041.0,
ESACC R,3796041.0,3796227 188 1406.3 614.7 1131.4 440.8 8.63 348
SFIX R,3796229.0,
EFIX R,3796229.0,3796351 124 1135.7 411.6 1137
SSACC R,3796353.0,
ESACC R,3796353.0,3796473 122 1141.1 392.6 1141.1 405.3 0.34 99
SFIX R,3796475.0,
EFIX R,3796475.0,3796521 48 1141.2 409.1 1159
SSACC R,3796523.0,
ESACC R,3796523.0,3796685 164 1140.4 427.5 1144.7 418.9 0.26 107
SFIX R,3796687.0,
EFIX R,3796687.0,3796867 182 1144.8 420.9 1177
SSACC R,3796869.0,
ESACC R,3796869.0,3796965 98 1145.2 437.6 1064.5 505.6 2.85 188
SFIX R,3796967.0,
EFIX R,3796967.0,3796999 34 1064.0 521.8 1186
SSACC R,3797001.0,
ESACC R,3797001.0,3797131 132 1064.9 530.1 825.4 592.7 6.69 411
SFIX R,3797133.0,
EFIX R,3797133.0,3797239 108 824.2 590.1 1149
SSACC R,3797241.0,
ESACC R,3797241.0,3797321 82 823.7 575.9 749.8 601.6 2.11 193
SFIX R,3797323.0,
EFIX R,3797323.0,3797433 112 758.7 602.4 1110
SSACC R,3797435.0,
ESACC R,3797435.0,3797493 60 757.7 599.8 984.5 527.1 6.43 432
SFIX R,3797495.0,
EFIX R,3797495.0,3797523 30 982.6 535.6 1096
SSACC R,3797525.0,
ESACC R,3797525.0,3797533 10 983.3 527.9 978.7 548.9 0.58 77
SFIX R,3797535.0,
EFIX R,3797535.0,3797813 280 967.7 539.5 1069
SSACC R,3797815.0,
ESACC R,3797815.0,3797891 78 961.9 530.9 967.8 529.2 0.17 90
SFIX R,3797893.0,
EFIX R,3797893.0,3797929 38 967.0 528.4 1090
SSACC R,3797931.0,
ESACC R,3797931.0,3798039 110 968.8 508.2 1197.7 525.3 6.19 284
SFIX R,3798041.0,
EFIX R,3798041.0,3798073 34 1200.2 523.2 1053
SSACC R,3798075.0,
ESACC R,3798075.0,3798527 454 1200.3 538.6 1288.7 500.0 2.57 211
SFIX R,3798529.0,
EFIX R,3798529.0,3798583 56 1287.9 501.1 1165
SSACC R,3798585.0,
ESACC R,3798585.0,3798817 234 1289.3 497.2 1196.7 593.2 3.57 237
SFIX R,3798819.0,
EFIX R,3798819.0,3798849 32 1194.8 597.1 1197
SSACC R,3798851.0,
ESACC R,3798851.0,3798999 150 1196.9 595.5 1192.9 586.7 0.26 84
SFIX R,3799001.0,
EFIX R,3799001.0,3799041 42 1195.8 584.9 1204
SSACC R,3799043.0,
ESACC R,3799043.0,3799135 94 1194.9 588.5 1268.1 630.4 2.25 207
SFIX R,3799137.0,
EFIX R,3799137.0,3799173 38 1270.5 635.1 1180
SSACC R,3799175.0,
ESACC R,3799175.0,3799233 60 1270.7 634.1 1268.9 631.6 0.08 94
SFIX R,3799235.0,
EFIX R,3799235.0,3799273 40 1271.8 628.7 1176
SSACC R,3799275.0,
ESACC R,3799275.0,3799497 224 1269.1 634.2 1159.0 489.6 4.88 350
SFIX R,3799499.0,
EFIX R,3799499.0,3799533 36 1158.2 491.7 1188
SSACC R,3799535.0,
ESACC R,3799535.0,3799539 6 1159.9 476.3 1159.5 488.8 0.34 53
SFIX R,3799541.0,
EFIX R,3799541.0,3799575 36 1158.5 498.1 1188
SSACC R,3799577.0,
ESACC R,3799577.0,3799613 38 1159.9 488.0 1156.4 503.7 0.43 74
SFIX R,3799615.0,
EFIX R,3799615.0,3799735 122 1157.5 490.8 1201
SSACC R,3799737.0,
ESACC R,3799737.0,3799787 52 1156.9 494.9 977.4 429.0 5.16 309
SFIX R,3799789.0,
EFIX R,3799789.0,3800105 318 967.5 434.0 1242
SSACC R,3800107.0,
ESACC R,3800107.0,3800167 62 957.0 444.9 864.5 433.6 2.52 187
SFIX R,3800169.0,
EFIX R,3800169.0,3800363 196 862.2 416.9 1291
SSACC R,3800365.0,
ESACC R,3800365.0,3800433 70 860.5 406.4 769.8 370.2 2.63 224
SFIX R,3800435.0,
EFIX R,3800435.0,3800505 72 773.3 369.8 1356
SSACC R,3800507.0,
ESACC R,3800507.0,3800519 14 770.4 362.4 774.4 372.8 0.30 62
SFIX R,3800521.0,
EFIX R,3800521.0,3800567 48 772.8 374.6 1373
SSACC R,3800569.0,
ESACC R,3800569.0,3800811 244 773.4 382.0 765.9 539.4 4.25 339
SFIX R,3800813.0,
EFIX R,3800813.0,3801183 372 753.9 561.9 1462
SSACC R,3801185.0,
ESACC R,3801185.0,3801253 70 751.7 573.2 753.8 561.2 0.33 122
SFIX R,3801255.0,
EFIX R,3801255.0,3801297 44 752.5 566.5 1469
SSACC R,3801299.0,
ESACC R,3801299.0,3801317 20 753.7 584.3 753.7 577.1 0.19 98
SFIX R,3801319.0,
EFIX R,3801319.0,3801373 56 753.2 562.6 1466
SSACC R,3801375.0,
ESACC R,3801375.0,3801447 74 757.4 546.3 762.3 561.8 0.44 68
SFIX R,3801449.0,
EFIX R,3801449.0,3801557 110 762.5 550.3 1429
SSACC R,3801559.0,
ESACC R,3801559.0,3801689 132 767.2 543.8 768.8 573.6 0.81 80
SFIX R,3801691.0,
EFIX R,3801691.0,3801737 48 768.9 574.7 1344
SSACC R,3801739.0,
ESACC R,3801739.0,3801825 88 771.4 576.7 771.1 582.3 0.15 67
SFIX R,3801827.0,
EFIX R,3801827.0,3801871 46 777.9 575.7 1346
SSACC R,3801873.0,
ESACC R,3801873.0,3801923 52 786.7 580.4 988.8 604.6 5.50 333
SFIX R,3801925.0,
EFIX R,3801925.0,3801955 32 992.7 606.7 1335
SSACC R,3801957.0,
ESACC R,3801957.0,3802013 58 994.5 607.8 998.0 589.9 0.49 73
SFIX R,3802015.0,
EFIX R,3802015.0,3802097 84 992.2 586.2 1357
SSACC R,3802099.0,
ESACC R,3802099.0,3802117 20 993.5 575.2 988.3 576.1 0.14 63
SFIX R,3802119.0,
EFIX R,3802119.0,3802177 60 992.6 574.4 1363
SSACC R,3802179.0,
SBLINK R,3802281.0,
EBLINK R,3802281.0,3807167 4888
ESACC R,3802179.0,3807287 5110 996.4 576.4 2498.7 619.7 32.19 805
SFIX R,3807289.0,
EFIX R,3807289.0,3807431 144 2491.5 630.8 986
SSACC R,3807433.0,
SBLINK R,3807475.0,
EBLINK R,3807475.0,3820501 13028
ESACC R,3807433.0,3820647 13216 2489.1 645.4 897.2 542.9 34.29 1980
SFIX R,3820649.0,
EFIX R,3820649.0,3820785 138 899.2 562.5 1497
SSACC R,3820787.0,
ESACC R,3820787.0,3820791 6 899.0 583.6 895.9 584.6 0.09 53
SFIX R,3820793.0,
EFIX R,3820793.0,3820899 108 885.6 588.8 1437
SSACC R,3820901.0,
ESACC R,3820901.0,3820951 52 875.4 610.8 1030.5 532.6 4.71 351
SFIX R,3820953.0,
EFIX R,3820953.0,3821257 306 1020.5 570.9 1183
SSACC R,3821259.0,
SBLINK R,3821333.0,
EBLINK R,3821333.0,3825499 4168
ESACC R,3821259.0,3825721 4464 1008.4 595.9 1158.5 530.3 4.42 1948
SFIX R,3825723.0,
EFIX R,3825723.0,3825799 78 1157.4 526.0 1718
SSACC R,3825801.0,
ESACC R,3825801.0,3825825 26 1161.7 520.2 1157.1 526.8 0.22 86
SFIX R,3825827.0,
EFIX R,3825827.0,3826005 180 1155.5 561.0 1664
SSACC R,3826007.0,
ESACC R,3826007.0,3826099 94 1146.0 560.3 1265.9 582.6 3.26 264
SFIX R,3826101.0,
EFIX R,3826101.0,3826199 100 1258.2 580.2 1583
SSACC R,3826201.0,
ESACC R,3826201.0,3826239 40 1254.6 585.3 1252.0 575.2 0.28 83
SFIX R,3826241.0,
EFIX R,3826241.0,3826359 120 1254.8 566.8 1543
SSACC R,3826361.0,
ESACC R,3826361.0,3826409 50 1249.1 573.6 975.7 617.6 7.44 368
SFIX R,3826411.0,
EFIX R,3826411.0,3826639 230 958.5 615.6 1440
SSACC R,3826641.0,
MSG,3826644.0,STORY_2_START
ESACC R,3826641.0,3826689 50 951.4 607.5 614.1 597.3 9.02 465
SFIX R,3826691.0,
EFIX R,3826691.0,3826953 264 600.6 594.2 1461
SSACC R,3826955.0,
ESACC R,3826955.0,3827009 56 597.4 596.3 877.8 478.8 8.13 507
SFIX R,3827011.0,
EFIX R,3827011.0,3827187 178 884.8 487.5 1495
SSACC R,3827189.0,
ESACC R,3827189.0,3827241 54 882.8 491.2 927.0 508.7 1.29 154
SFIX R,3827243.0,
EFIX R,3827243.0,3827315 74 926.5 516.2 1480
SSACC R,3827317.0,
SBLINK R,3827359.0,
EBLINK R,3827359.0,3832149 4792
ESACC R,3827317.0,3832313 4998 921.2 527.4 897.6 504.2 0.90 1111
SFIX R,3832315.0,
EFIX R,3832315.0,3832385 72 896.7 532.6 1406
SSACC R,3832387.0,
ESACC R,3832387.0,3832405 20 893.8 545.7 934.6 537.7 1.13 116
SFIX R,3832407.0,
EFIX R,3832407.0,3832577 172 910.1 532.9 1278
SSACC R,3832579.0,
ESACC R,3832579.0,3832587 10 897.3 527.2 894.7 509.3 0.49 59
SFIX R,3832589.0,
EFIX R,3832589.0,3832637 50 890.6 513.2 1185
SSACC R,3832639.0,
SBLINK R,3832703.0,
EBLINK R,3832703.0,3832879 178
ESACC R,3832639.0,3832993 356 891.2 518.0 1485.4 686.5 16.25 1762
SFIX R,3832995.0,
EFIX R,3832995.0,3833245 252 1478.4 722.0 1186
SSACC R,3833247.0,
ESACC R,3833247.0,3833253 8 1474.5 726.3 1476.1 717.8 0.23 50
SFIX R,3833255.0,
EFIX R,3833255.0,3833373 120 1475.2 724.2 1238
SSACC R,3833375.0,
ESACC R,3833375.0,3833453 80 1474.6 728.6 966.7 475.0 14.96 490
SFIX R,3833455.0,
EFIX R,3833455.0,3833493 40 962.7 467.0 1291
SSACC R,3833495.0,
ESACC R,3833495.0,3833531 38 961.9 465.1 964.1 488.8 0.65 96
SFIX R,3833533.0,
EFIX R,3833533.0,3833607 76 961.5 469.4 1313
SSACC R,3833609.0,
ESACC R,3833609.0,3833647 40 968.0 476.7 912.3 452.3 1.65 197
SFIX R,3833649.0,
EFIX R,3833649.0,3833915 268 911.0 451.3 1372
SSACC R,3833917.0,
SBLINK R,3833961.0,
EBLINK R,3833961.0,3836189 2230
ESACC R,3833917.0,3836333 2418 917.5 456.6 946.1 351.3 2.95 1706
SFIX R,3836335.0,
EFIX R,3836335.0,3836431 98 943.6 355.6 1540
SSACC R,3836433.0,
ESACC R,3836433.0,3836471 40 937.2 371.3 975.4 424.5 1.77 207
SFIX R,3836473.0,
EFIX R,3836473.0,3836765 294 963.7 465.3 1471
SSACC R,3836767.0,
SBLINK R,3836817.0,
EBLINK R,3836817.0,3838713 1898
ESACC R,3836767.0,3839171 2406 945.6 492.6 961.1 493.5 0.42 1268
SFIX R,3839173.0,
EFIX R,3839173.0,3839369 198 965.0 482.3 1401
SSACC R,3839371.0,
ESACC R,3839371.0,3839391 22 955.6 488.4 936.9 500.0 0.60 92
SFIX R,3839393.0,
EFIX R,3839393.0,3839551 160 933.8 486.7 1296
SSACC R,3839553.0,
SBLINK R,3839601.0,
EBLINK R,3839601.0,3839873 274
ESACC R,3839553.0,3839983 432 933.2 478.1 912.6 746.5 7.27 2236
SFIX R,3839985.0,
EFIX R,3839985.0,3840089 106 919.4 755.3 1289
SSACC R,3840091.0,
ESACC R,3840091.0,3840173 84 918.7 767.6 925.2 475.2 7.88 421
SFIX R,3840175.0,
EFIX R,3840175.0,3840213 40 929.5 487.7 1315
SSACC R,3840215.0,
ESACC R,3840215.0,3840229 16 933.7 481.4 929.9 469.0 0.35 84
SFIX R,3840231.0,
EFIX R,3840231.0,3840465 236 912.6 489.2 1299
SSACC R,3840467.0,
ESACC R,3840467.0,3840471 6 901.2 510.2 903.1 502.9 0.20 54
SFIX R,3840473.0,
EFIX R,3840473.0,3840779 308 907.0 499.7 1269
SSACC R,3840781.0,
ESACC R,3840781.0,3840791 12 911.7 497.3 912.7 485.2 0.33 64
SFIX R,3840793.0,
EFIX R,3840793.0,3840821 30 911.8 484.4 1299
SSACC R,3840823.0,
ESACC R,3840823.0,3840845 24 911.4 489.0 946.3 475.2 1.02 121
SFIX R,3840847.0,
EFIX R,3840847.0,3841303 458 944.4 458.9 1384
SSACC R,3841305.0,
SBLINK R,3841343.0,
EBLINK R,3841343.0,3842727 1386
ESACC R,3841305.0,3842879 1576 959.3 449.8 939.1 404.6 1.34 1040
SFIX R,3842881.0,
EFIX R,3842881.0,3842981 102 941.1 411.8 1459
SSACC R,3842983.0,
SBLINK R,3843021.0,
EBLINK R,3843021.0,3843711 692
ESACC R,3842983.0,3844039 1058 936.9 405.3 932.4 421.4 0.45 1402
SFIX R,3844041.0,
EFIX R,3844041.0,3844081 42 936.3 430.4 1340
SSACC R,3844083.0,
ESACC R,3844083.0,3844101 20 933.2 435.4 937.7 424.2 0.33 71
SFIX R,3844103.0,
EFIX R,3844103.0,3844173 72 936.9 431.3 1340
SSACC R,3844175.0,
ESACC R,3844175.0,3844195 22 936.7 428.6 936.8 442.7 0.38 83
SFIX R,3844197.0,
EFIX R,3844197.0,3844351 156 935.9 442.4 1328
SSACC R,3844353.0,
ESACC R,3844353.0,3844381 30 936.9 434.3 935.0 450.2 0.43 87
SFIX R,3844383.0,
EFIX R,3844383.0,3844451 70 933.4 446.4 1328
SSACC R,3844453.0,
ESACC R,3844453.0,3844609 158 934.0 457.6 927.1 469.2 0.37 77
SFIX R,3844611.0,
EFIX R,3844611.0,3844757 148 925.1 471.3 1372
SSACC R,3844759.0,
ESACC R,3844759.0,3844813 56 921.6 470.7 919.5 484.8 0.39 76
SFIX R,3844815.0,
EFIX R,3844815.0,3844839 26 919.4 477.9 1395
SSACC R,3844841.0,
ESACC R,3844841.0,3845135 296 920.1 473.8 936.0 583.5 3.00 196
SFIX R,3845137.0,
EFIX R,3845137.0,3845207 72 934.2 578.0 1441
SSACC R,3845209.0,
ESACC R,3845209.0,3845275 68 937.4 572.3 915.5 487.5 2.37 172
SFIX R,3845277.0,
EFIX R,3845277.0,3845399 124 915.0 487.1 1434
SSACC R,3845401.0,
ESACC R,3845401.0,3845453 54 913.6 482.8 917.7 446.8 0.98 91
SFIX R,3845455.0,
EFIX R,3845455.0,3845491 38 916.7 445.2 1420
SSACC R,3845493.0,
ESACC R,3845493.0,3845497 6 917.9 447.7 914.3 456.8 0.27 71
SFIX R,3845499.0,
EFIX R,3845499.0,3845529 32 914.6 444.5 1417
SSACC R,3845531.0,
ESACC R,3845531.0,3845621 92 917.3 437.3 912.3 455.6 0.51 105
SFIX R,3845623.0,
EFIX R,3845623.0,3845657 36 912.5 443.2 1437
SSACC R,3845659.0,
ESACC R,3845659.0,3845755 98 911.0 445.9 932.7 459.5 0.69 111
SFIX R,3845757.0,
EFIX R,3845757.0,3845923 168 938.7 469.8 1475
SSACC R,3845925.0,
ESACC R,3845925.0,3845937 14 941.3 489.7 940.4 474.1 0.42 51
SFIX R,3845939.0,
EFIX R,3845939.0,3845977 40 939.8 472.7 1473
SSACC R,3845979.0,
ESACC R,3845979.0,3845997 20 938.3 481.3 925.9 463.4 0.59 92
SFIX R,3845999.0,
EFIX R,3845999.0,3846121 124 925.4 468.0 1447
SSACC R,3846123.0,
ESACC R,3846123.0,3846133 12 924.0 465.3 922.5 474.6 0.26 61
SFIX R,3846135.0,
EFIX R,3846135.0,3846341 208 921.4 478.3 1426
SSACC R,3846343.0,
SBLINK R,3846403.0,
EBLINK R,3846403.0,3846617 216
ESACC R,3846343.0,3846767 426 922.2 476.3 938.2 407.3 1.92 2240
SFIX R,3846769.0,
EFIX R,3846769.0,3846797 30 936.7 416.2 1506
SSACC R,3846799.0,
ESACC R,3846799.0,3847005 208 937.8 420.4 939.7 501.8 2.20 218
SFIX R,3847007.0,
EFIX R,3847007.0,3847209 204 945.6 513.2 1512
SSACC R,3847211.0,
ESACC R,3847211.0,3847223 14 947.7 517.2 948.2 541.0 0.65 79
SFIX R,3847225.0,
EFIX R,3847225.0,3847251 28 948.4 536.0 1493
SSACC R,3847253.0,
ESACC R,3847253.0,3847369 118 949.0 545.2 987.4 646.4 2.93 191
SFIX R,3847371.0,
EFIX R,3847371.0,3847457 88 986.1 646.2 1484
SSACC R,3847459.0,
ESACC R,3847459.0,3847467 10 985.8 637.6 984.5 665.8 0.76 88
SFIX R,3847469.0,
EFIX R,3847469.0,3847491 24 986.3 659.6 1479
SSACC R,3847493.0,
ESACC R,3847493.0,3847537 46 984.7 657.5 988.4 662.9 0.18 88
SFIX R,3847539.0,
EFIX R,3847539.0,3847643 106 992.8 654.4 1479
SSACC R,3847645.0,
ESACC R,3847645.0,3847651 8 994.5 639.7 992.6 655.8 0.44 70
SFIX R,3847653.0,
EFIX R,3847653.0,3847711 60 994.9 652.7 1481
SSACC R,3847713.0,
ESACC R,3847713.0,3847819 108 995.2 642.4 1122.3 697.7 3.74 224
SFIX R,3847821.0,
EFIX R,3847821.0,3847861 42 1126.7 704.6 1508
SSACC R,3847863.0,
ESACC R,3847863.0,3848095 234 1128.0 697.7 1130.5 714.6 0.46 100
SFIX R,3848097.0,
EFIX R,3848097.0,3848141 46 1129.6 710.0 1545
SSACC R,3848143.0,
ESACC R,3848143.0,3848389 248 1130.9 719.4 1603.0 795.3 12.31 304
SFIX R,3848391.0,
EFIX R,3848391.0,3848391 2 1601.2 802.2 1469
SSACC R,3848393.0,
ESACC R,3848393.0,3848571 180 1603.2 806.7 1604.2 743.0 1.63 116
SFIX R,3848573.0,
EFIX R,3848573.0,3848609 38 1608.6 750.7 1525
SSACC R,3848611.0,
ESACC R,3848611.0,3848933 324 1610.1 741.0 1291.8 639.4 8.56 442
SFIX R,3848935.0,
EFIX R,3848935.0,3849029 96 1287.2 636.0 1580
SSACC R,3849031.0,
ESACC R,3849031.0,3849055 26 1287.0 634.0 1287.1 630.5 0.09 80
SFIX R,3849057.0,
EFIX R,3849057.0,3849095 40 1287.0 629.0 1584
SSACC R,3849097.0,
ESACC R,3849097.0,3849159 64 1286.8 641.8 1287.2 627.3 0.39 83
SFIX R,3849161.0,
EFIX R,3849161.0,3849241 82 1284.0 630.1 1581
SSACC R,3849243.0,
ESACC R,3849243.0,3849553 312 1283.8 648.1 1301.4 845.1 5.24 244
SFIX R,3849555.0,
EFIX R,3849555.0,3849577 24 1298.4 843.9 1592
SSACC R,3849579.0,
ESACC R,3849579.0,3849611 34 1298.1 838.7 1298.1 845.2 0.17 75
SFIX R,3849613.0,
EFIX R,3849613.0,3849657 46 1299.3 842.2 1598
SSACC R,3849659.0,
ESACC R,3849659.0,3849727 70 1299.3 844.7 1299.0 855.1 0.27 98
SFIX R,3849729.0,
EFIX R,3849729.0,3849867 140 1299.8 839.8 1611
SSACC R,3849869.0,
ESACC R,3849869.0,3849969 102 1301.2 849.7 1049.5 998.1 7.67 319
SFIX R,3849971.0,
EFIX R,3849971.0,3849993 24 1044.3 1002.8 1628
SSACC R,3849995.0,
ESACC R,3849995.0,3850125 132 1045.0 997.6 1042.8 994.8 0.09 105
SFIX R,3850127.0,
EFIX R,3850127.0,3850159 34 1039.4 987.9 1642
SSACC R,3850161.0,
ESACC R,3850161.0,3850229 70 1036.5 993.6 1042.4 977.7 0.44 130
SFIX R,3850231.0,
EFIX R,3850231.0,3850255 26 1043.8 995.6 1637
SSACC R,3850257.0,
SBLINK R,3850411.0,
EBLINK R,3850411.0,3851195 786
ESACC R,3850257.0,3852589 2334 1043.4 990.2 945.6 489.4 13.52 742
SFIX R,3852591.0,
EFIX R,3852591.0,3852669 80 942.7 473.2 1379
SSACC R,3852671.0,
ESACC R,3852671.0,3852691 22 934.5 461.9 935.7 485.2 0.63 100
SFIX R,3852693.0,
EFIX R,3852693.0,3852769 78 934.2 471.6 1385
SSACC R,3852771.0,
ESACC R,3852771.0,3852855 86 934.7 470.0 929.7 471.7 0.14 86
SFIX R,3852857.0,
EFIX R,3852857.0,3852899 44 933.1 469.0 1407
SSACC R,3852901.0,
ESACC R,3852901.0,3852933 34 933.8 470.4 934.9 481.5 0.30 76
SFIX R,3852935.0,
EFIX R,3852935.0,3852991 58 932.9 472.0 1414
SSACC R,3852993.0,
ESACC R,3852993.0,3853509 518 932.1 480.5 944.5 471.3 0.42 99
SFIX R,3853511.0,
EFIX R,3853511.0,3853557 48 944.1 464.6 1385
SSACC R,3853559.0,
ESACC R,3853559.0,3853801 244 943.4 472.1 945.1 484.3 0.33 102
SFIX R,3853803.0,
EFIX R,3853803.0,3853903 102 948.7 476.5 1388
SSACC R,3853905.0,
ESACC R,3853905.0,3854003 100 948.9 470.7 958.1 492.5 0.64 73
SFIX R,3854005.0,
EFIX R,3854005.0,3854037 34 955.8 493.9 1350
SSACC R,3854039.0,
ESACC R,3854039.0,3854213 176 954.9 501.2 957.4 477.3 0.65 95
SFIX R,3854215.0,
EFIX R,3854215.0,3854257 44 959.0 477.9 1341
SSACC R,3854259.0,
ESACC R,3854259.0,3854283 26 958.8 472.0 981.6 465.0 0.65 96
SFIX R,3854285.0,
EFIX R,3854285.0,3854341 58 978.6 459.9 1351
SSACC R,3854343.0,
ESACC R,3854343.0,3854439 98 980.8 463.2 979.8 455.3 0.22 119
SFIX R,3854441.0,
EFIX R,3854441.0,3854475 36 980.9 456.9 1385
SSACC R,3854477.0,
ESACC R,3854477.0,3854505 30 982.3 461.2 960.9 469.2 0.62 88
SFIX R,3854507.0,
EFIX R,3854507.0,3854633 128 960.8 464.7 1400
SSACC R,3854635.0,
ESACC R,3854635.0,3854657 24 958.2 477.2 962.2 463.0 0.40 97
SFIX R,3854659.0,
EFIX R,3854659.0,3854691 34 960.6 462.0 1417
SSACC R,3854693.0,
ESACC R,3854693.0,3854751 60 960.7 449.0 960.4 457.6 0.23 84
SFIX R,3854753.0,
EFIX R,3854753.0,3854871 120 959.8 466.9 1425
SSACC R,3854873.0,
ESACC R,3854873.0,3854893 22 957.6 457.7 959.4 471.0 0.36 104
SFIX R,3854895.0,
EFIX R,3854895.0,3855025 132 957.0 470.0 1435
SSACC R,3855027.0,
ESACC R,3855027.0,3855115 90 957.0 447.6 957.9 462.6 0.41 90
SFIX R,3855117.0,
EFIX R,3855117.0,3855169 54 956.5 470.0 1453
SSACC R,3855171.0,
ESACC R,3855171.0,3855225 56 956.0 457.6 955.1 481.6 0.65 84
SFIX R,3855227.0,
EFIX R,3855227.0,3855249 24 955.6 476.8 1453
SSACC R,3855251.0,
ESACC R,3855251.0,3855335 86 955.8 486.1 956.9 477.4 0.24 85
SFIX R,3855337.0,
EFIX R,3855337.0,3855421 86 959.3 480.0 1459
SSACC R,3855423.0,
ESACC R,3855423.0,3855535 114 961.1 485.0 968.8 467.0 0.53 118
SFIX R,3855537.0,
EFIX R,3855537.0,3855677 142 971.2 449.0 1495
SSACC R,3855679.0,
ESACC R,3855679.0,3855775 98 971.1 441.6 967.8 442.7 0.09 103
SFIX R,3855777.0,
EFIX R,3855777.0,3855847 72 968.0 451.7 1507
SSACC R,3855849.0,
ESACC R,3855849.0,3855891 44 969.5 465.1 965.1 479.1 0.40 85
SFIX R,3855893.0,
EFIX R,3855893.0,3855913 22 962.5 471.8 1499
SSACC R,3855915.0,
ESACC R,3855915.0,3855955 42 964.9 465.8 964.6 472.1 0.17 59
SFIX R,3855957.0,
EFIX R,3855957.0,3856035 80 969.8 471.4 1505
SSACC R,3856037.0,
ESACC R,3856037.0,3856235 200 971.6 479.8 984.4 458.7 0.67 106
SFIX R,3856237.0,
EFIX R,3856237.0,3856395 160 985.8 451.6 1520
SSACC R,3856397.0,
ESACC R,3856397.0,3856441 46 983.2 426.9 982.9 451.0 0.65 64
SFIX R,3856443.0,
EFIX R,3856443.0,3856507 66 982.1 449.3 1515
SSACC R,3856509.0,
ESACC R,3856509.0,3856533 26 982.4 447.3 980.4 448.8 0.07 69
SFIX R,3856535.0,
EFIX R,3856535.0,3856587 54 978.2 446.6 1508
SSACC R,3856589.0,
ESACC R,3856589.0,3857095 508 976.9 459.3 948.6 470.1 0.82 113
SFIX R,3857097.0,
EFIX R,3857097.0,3857121 26 947.0 465.8 1503
SSACC R,3857123.0,
ESACC R,3857123.0,3857173 52 947.0 466.8 949.4 458.9 0.22 93
SFIX R,3857175.0,
EFIX R,3857175.0,3857217 44 949.9 456.5 1520
SSACC R,3857219.0,
ESACC R,3857219.0,3857273 56 949.0 445.4 970.6 451.9 0.61 86
SFIX R,3857275.0,
EFIX R,3857275.0,3857301 28 968.4 448.8 1528
SSACC R,3857303.0,
ESACC R,3857303.0,3857353 52 970.8 449.8 963.8 453.4 0.21 96
SFIX R,3857355.0,
EFIX R,3857355.0,3857395 42 964.5 452.2 1532
SSACC R,3857397.0,
ESACC R,3857397.0,3857635 240 961.9 451.3 965.9 449.0 0.13 105
SFIX R,3857637.0,
EFIX R,3857637.0,3857703 68 966.5 458.6 1531
SSACC R,3857705.0,
SBLINK R,3857765.0,
EBLINK R,3857765.0,3858269 506
ESACC R,3857705.0,3858381 678 964.8 469.7 993.6 368.9 2.83 1922
SFIX R,3858383.0,
EFIX R,3858383.0,3858427 46 989.9 385.5 1443
SSACC R,3858429.0,
ESACC R,3858429.0,3858519 92 984.3 402.3 935.3 417.7 1.39 106
SFIX R,3858521.0,
EFIX R,3858521.0,3858739 220 933.6 419.3 1350
SSACC R,3858741.0,
ESACC R,3858741.0,3858763 24 927.8 431.6 937.2 442.0 0.38 66
SFIX R,3858765.0,
EFIX R,3858765.0,3858949 186 940.6 449.2 1273
SSACC R,3858951.0,
ESACC R,3858951.0,3858963 14 943.3 451.9 946.1 458.3 0.19 58
SFIX R,3858965.0,
EFIX R,3858965.0,3859111 148 937.8 457.0 1203
SSACC R,3859113.0,
ESACC R,3859113.0,3859157 46 935.0 445.4 941.4 444.4 0.18 63
SFIX R,3859159.0,
EFIX R,3859159.0,3859227 70 941.8 450.8 1177
SSACC R,3859229.0,
ESACC R,3859229.0,3859347 120 945.9 441.8 955.0 447.3 0.29 72
SFIX R,3859349.0,
EFIX R,3859349.0,3859507 160 954.5 446.7 1222
SSACC R,3859509.0,
ESACC R,3859509.0,3859577 70 953.1 444.5 947.2 452.7 0.27 93
SFIX R,3859579.0,
EFIX R,3859579.0,3859645 68 949.3 452.0 1284
SSACC R,3859647.0,
ESACC R,3859647.0,3859723 78 946.6 449.6 949.3 453.7 0.13 61
SFIX R,3859725.0,
EFIX R,3859725.0,3859781 58 949.0 455.0 1328
SSACC R,3859783.0,
ESACC R,3859783.0,3859811 30 949.6 463.6 957.7 449.4 0.44 92
SFIX R,3859813.0,
EFIX R,3859813.0,3859859 48 960.3 454.8 1354
SSACC R,3859861.0,
ESACC R,3859861.0,3859917 58 961.3 455.6 962.9 461.8 0.17 67
SFIX R,3859919.0,
EFIX R,3859919.0,3859983 66 963.3 462.3 1372
SSACC R,3859985.0,
ESACC R,3859985.0,3860079 96 963.6 460.4 943.6 472.6 0.63 88
SFIX R,3860081.0,
EFIX R,3860081.0,3860153 74 947.2 466.8 1395
SSACC R,3860155.0,
ESACC R,3860155.0,3860209 56 951.6 472.4 948.2 464.9 0.22 106
SFIX R,3860211.0,
EFIX R,3860211.0,3860339 130 950.6 465.1 1418
SSACC R,3860341.0,
SBLINK R,3860405.0,
EBLINK R,3860405.0,3860601 198
ESACC R,3860341.0,3860851 512 955.4 465.9 987.4 409.4 1.76 1078
SFIX R,3860853.0,
EFIX R,3860853.0,3860875 24 987.7 409.5 1539
SSACC R,3860877.0,
ESACC R,3860877.0,3860969 94 986.7 403.0 958.0 437.5 1.22 108
SFIX R,3860971.0,
EFIX R,3860971.0,3861031 62 953.9 441.4 1465
SSACC R,3861033.0,
ESACC R,3861033.0,3861093 62 948.7 442.7 939.5 455.5 0.43 82
SFIX R,3861095.0,
EFIX R,3861095.0,3861135 42 937.1 464.7 1335
SSACC R,3861137.0,
ESACC R,3861137.0,3861213 78 935.4 450.4 927.9 478.7 0.79 78
SFIX R,3861215.0,
EFIX R,3861215.0,3861311 98 926.4 477.6 1222
SSACC R,3861313.0,
ESACC R,3861313.0,3861329 18 927.2 477.0 921.7 475.3 0.16 81
SFIX R,3861331.0,
EFIX R,3861331.0,3861395 66 924.8 476.9 1182
SSACC R,3861397.0,
ESACC R,3861397.0,3861443 48 921.9 481.1 920.2 485.1 0.12 96
SFIX R,3861445.0,
EFIX R,3861445.0,3861491 48 922.2 479.1 1169
SSACC R,3861493.0,
ESACC R,3861493.0,3861507 16 924.2 485.0 922.6 485.7 0.05 70
SFIX R,3861509.0,
EFIX R,3861509.0,3861557 50 922.6 476.9 1176
SSACC R,3861559.0,
ESACC R,3861559.0,3861653 96 922.5 471.4 924.7 462.9 0.24 59
SFIX R,3861655.0,
EFIX R,3861655.0,3861755 102 924.0 470.0 1221
SSACC R,3861757.0,
ESACC R,3861757.0,3861853 98 925.8 468.6 925.7 455.5 0.36 72
SFIX R,3861855.0,
EFIX R,3861855.0,3861991 138 927.0 450.5 1299
SSACC R,3861993.0,
ESACC R,3861993.0,3862017 26 929.2 455.4 928.2 447.2 0.22 67
SFIX R,3862019.0,
EFIX R,3862019.0,3862051 34 930.3 439.5 1339
SSACC R,3862053.0,
ESACC R,3862053.0,3862123 72 928.5 434.5 935.2 442.2 0.28 63
SFIX R,3862125.0,
EFIX R,3862125.0,3862423 300 939.6 450.4 1382
SSACC R,3862425.0,
ESACC R,3862425.0,3862533 110 943.6 461.3 945.0 466.2 0.14 70
SFIX R,3862535.0,
EFIX R,3862535.0,3862561 28 947.5 461.3 1404
SSACC R,3862563.0,
ESACC R,3862563.0,3862573 12 949.1 469.9 949.4 464.4 0.15 67
SFIX R,3862575.0,
EFIX R,3862575.0,3862639 66 949.7 477.0 1400
SSACC R,3862641.0,
ESACC R,3862641.0,3862669 30 948.2 469.8 949.7 474.1 0.12 76
SFIX R,3862671.0,
EFIX R,3862671.0,3862697 28 951.3 481.9 1401
SSACC R,3862699.0,
ESACC R,3862699.0,3862837 140 950.6 471.6 949.9 489.9 0.50 97
SFIX R,3862839.0,
EFIX R,3862839.0,3862877 40 954.0 485.8 1415
SSACC R,3862879.0,
ESACC R,3862879.0,3862923 46 955.1 483.7 955.3 493.4 0.26 91
SFIX R,3862925.0,
EFIX R,3862925.0,3863003 80 956.0 482.0 1422
SSACC R,3863005.0,
ESACC R,3863005.0,3863105 102 956.6 479.2 957.0 471.8 0.20 89
SFIX R,3863107.0,
EFIX R,3863107.0,3863205 100 957.0 476.4 1415
SSACC R,3863207.0,
ESACC R,3863207.0,3863365 160 956.1 471.1 954.7 472.0 0.05 78
SFIX R,3863367.0,
EFIX R,3863367.0,3863429 64 958.8 465.4 1420
SSACC R,3863431.0,
SBLINK R,3863471.0,
EBLINK R,3863471.0,3864105 636
ESACC R,3863431.0,3864249 820 959.8 475.9 941.9 448.5 0.89 1759
SFIX R,3864251.0,
EFIX R,3864251.0,3864281 32 936.2 446.5 1392
SSACC R,3864283.0,
ESACC R,3864283.0,3864317 36 932.3 446.0 958.9 420.2 1.00 115
SFIX R,3864319.0,
EFIX R,3864319.0,3865113 796 937.8 459.9 1227
SSACC R,3865115.0,
ESACC R,3865115.0,3865149 36 935.9 463.9 940.3 456.1 0.24 69
SFIX R,3865151.0,
EFIX R,3865151.0,3865331 182 943.9 445.1 1231
SSACC R,3865333.0,
ESACC R,3865333.0,3865399 68 946.3 424.7 946.2 414.3 0.28 77
SFIX R,3865401.0,
EFIX R,3865401.0,3865457 58 947.9 409.0 1321
SSACC R,3865459.0,
ESACC R,3865459.0,3865473 16 947.1 394.6 946.5 396.3 0.05 89
SFIX R,3865475.0,
EFIX R,3865475.0,3865607 134 946.4 390.0 1382
SSACC R,3865609.0,
ESACC R,3865609.0,3865709 102 949.0 378.1 946.7 417.5 1.07 108
SFIX R,3865711.0,
EFIX R,3865711.0,3865839 130 948.9 419.8 1454
SSACC R,3865841.0,
ESACC R,3865841.0,3865927 88 949.2 425.7 952.0 441.8 0.44 71
SFIX R,3865929.0,
EFIX R,3865929.0,3865983 56 951.6 432.0 1464
SSACC R,3865985.0,
ESACC R,3865985.0,3866011 28 952.8 432.2 954.8 439.6 0.21 105
SFIX R,3866013.0,
EFIX R,3866013.0,3866111 100 952.1 431.5 1474
SSACC R,3866113.0,
ESACC R,3866113.0,3866123 12 953.4 428.6 952.7 444.2 0.42 58
SFIX R,3866125.0,
EFIX R,3866125.0,3866151 28 955.2 438.1 1471
SSACC R,3866153.0,
ESACC R,3866153.0,3866277 126 953.2 436.8 956.7 445.9 0.26 78
SFIX R,3866279.0,
EFIX R,3866279.0,3866325 48 957.6 452.0 1470
SSACC R,3866327.0,
SBLINK R,3866375.0,
EBLINK R,3866375.0,3866561 188
ESACC R,3866327.0,3866795 470 962.6 445.0 969.2 429.2 0.46 1038
SFIX R,3866797.0,
EFIX R,3866797.0,3866889 94 968.4 436.0 1422
SSACC R,3866891.0,
ESACC R,3866891.0,3866895 6 974.3 423.0 972.7 430.9 0.22 50
SFIX R,3866897.0,
EFIX R,3866897.0,3866961 66 970.8 431.3 1415
SSACC R,3866963.0,
ESACC R,3866963.0,3866981 20 971.8 431.9 969.7 443.4 0.32 58
SFIX R,3866983.0,
EFIX R,3866983.0,3867081 100 969.6 436.5 1381
SSACC R,3867083.0,
ESACC R,3867083.0,3867145 64 967.3 438.0 961.5 438.2 0.16 104
SFIX R,3867147.0,
EFIX R,3867147.0,3867311 166 961.8 434.0 1327
SSACC R,3867313.0,
ESACC R,3867313.0,3867327 16 960.8 445.3 958.9 445.1 0.05 57
SFIX R,3867329.0,
EFIX R,3867329.0,3867495 168 962.5 436.6 1317
SSACC R,3867497.0,
SBLINK R,3867541.0,
EBLINK R,3867541.0,3867899 360
ESACC R,3867497.0,3868165 670 963.6 428.8 945.1 380.3 1.40 2072
SFIX R,3868167.0,
EFIX R,3868167.0,3868253 88 947.1 378.8 1443
SSACC R,3868255.0,
ESACC R,3868255.0,3868325 72 947.4 378.7 944.9 398.3 0.53 83
SFIX R,3868327.0,
EFIX R,3868327.0,3868367 42 944.0 404.8 1434
SSACC R,3868369.0,
ESACC R,3868369.0,3868385 18 940.2 406.6 943.6 386.0 0.56 68
SFIX R,3868387.0,
EFIX R,3868387.0,3868427 42 942.3 405.6 1426
SSACC R,3868429.0,
ESACC R,3868429.0,3868501 74 946.0 410.9 943.4 403.4 0.21 84
SFIX R,3868503.0,
EFIX R,3868503.0,3868555 54 941.5 406.9 1413
SSACC R,3868557.0,
ESACC R,3868557.0,3868579 24 941.8 408.2 937.0 413.9 0.20 80
SFIX R,3868581.0,
EFIX R,3868581.0,3868641 62 940.4 415.1 1401
SSACC R,3868643.0,
ESACC R,3868643.0,3868663 22 941.1 420.3 938.4 409.3 0.31 64
SFIX R,3868665.0,
EFIX R,3868665.0,3868687 24 938.5 411.6 1400
SSACC R,3868689.0,
ESACC R,3868689.0,3868719 32 942.3 426.2 938.6 421.5 0.16 80
SFIX R,3868721.0,
EFIX R,3868721.0,3868751 32 938.0 415.2 1399
SSACC R,3868753.0,
ESACC R,3868753.0,3868779 28 932.2 408.3 924.7 406.3 0.21 79
SFIX R,3868781.0,
EFIX R,3868781.0,3868929 150 923.3 408.8 1400
SSACC R,3868931.0,
ESACC R,3868931.0,3868937 8 923.4 423.9 926.0 404.8 0.52 78
SFIX R,3868939.0,
EFIX R,3868939.0,3869033 96 923.1 407.0 1404
SSACC R,3869035.0,
ESACC R,3869035.0,3869081 48 920.7 395.2 935.5 392.0 0.41 90
SFIX R,3869083.0,
EFIX R,3869083.0,3869117 36 937.8 396.1 1415
SSACC R,3869119.0,
ESACC R,3869119.0,3869229 112 935.2 413.4 933.1 387.3 0.71 84
SFIX R,3869231.0,
EFIX R,3869231.0,3869253 24 935.8 392.4 1438
SSACC R,3869255.0,
ESACC R,3869255.0,3869271 18 938.4 390.9 935.1 387.2 0.13 90
SFIX R,3869273.0,
EFIX R,3869273.0,3869319 48 938.0 392.7 1449
SSACC R,3869321.0,
ESACC R,3869321.0,3869489 170 938.4 409.8 927.4 403.5 0.34 86
SFIX R,3869491.0,
EFIX R,3869491.0,3869519 30 925.0 404.2 1477
SSACC R,3869521.0,
ESACC R,3869521.0,3869527 8 925.3 392.8 925.6 396.1 0.09 44
SFIX R,3869529.0,
EFIX R,3869529.0,3869563 36 926.1 401.3 1488
SSACC R,3869565.0,
SBLINK R,3869617.0,
EBLINK R,3869617.0,3869965 350
ESACC R,3869565.0,3870327 764 927.0 398.1 933.6 364.1 0.93 906
SFIX R,3870329.0,
EFIX R,3870329.0,3870349 22 930.6 365.6 1478
SSACC R,3870351.0,
ESACC R,3870351.0,3870435 86 930.7 372.5 928.4 398.4 0.70 95
SFIX R,3870437.0,
EFIX R,3870437.0,3870537 102 930.1 418.1 1316
SSACC R,3870539.0,
ESACC R,3870539.0,3870641 104 928.2 429.9 917.5 432.4 0.30 88
SFIX R,3870643.0,
EFIX R,3870643.0,3871069 428 924.0 455.3 1159
SSACC R,3871071.0,
ESACC R,3871071.0,3871087 18 929.4 447.1 927.2 459.3 0.34 56
SFIX R,3871089.0,
EFIX R,3871089.0,3871187 100 929.7 445.7 1189
SSACC R,3871189.0,
ESACC R,3871189.0,3871223 36 928.2 452.2 927.4 433.7 0.50 107
SFIX R,3871225.0,
EFIX R,3871225.0,3871577 354 928.4 421.5 1278
SSACC R,3871579.0,
ESACC R,3871579.0,3871641 64 924.8 415.1 926.9 412.2 0.10 95
SFIX R,3871643.0,
EFIX R,3871643.0,3871667 26 921.7 407.7 1377
SSACC R,3871669.0,
SBLINK R,3871753.0,
EBLINK R,3871753.0,3872057 306
ESACC R,3871669.0,3872303 636 924.2 395.4 927.8 393.7 0.11 897
SFIX R,3872305.0,
EFIX R,3872305.0,3872385 82 927.8 403.8 1444
SSACC R,3872387.0,
ESACC R,3872387.0,3872415 30 929.2 391.2 928.3 403.9 0.34 53
SFIX R,3872417.0,
EFIX R,3872417.0,3872513 98 925.5 420.6 1380
SSACC R,3872515.0,
ESACC R,3872515.0,3872531 18 926.2 425.9 931.1 441.6 0.45 92
SFIX R,3872533.0,
EFIX R,3872533.0,3872669 138 938.7 456.0 1221
SSACC R,3872671.0,
ESACC R,3872671.0,3872699 30 943.9 476.7 942.5 482.0 0.15 82
SFIX R,3872701.0,
EFIX R,3872701.0,3872763 64 941.0 479.2 1107
SSACC R,3872765.0,
ESACC R,3872765.0,3872781 18 938.4 475.2 908.7 476.1 0.81 80
SFIX R,3872783.0,
EFIX R,3872783.0,3872803 22 916.7 479.3 1079
SSACC R,3872805.0,
ESACC R,3872805.0,3872841 38 918.6 473.1 920.9 475.3 0.09 67
SFIX R,3872843.0,
EFIX R,3872843.0,3872905 64 920.7 477.9 1059
SSACC R,3872907.0,
ESACC R,3872907.0,3872921 16 919.6 478.1 921.6 485.1 0.20 57
SFIX R,3872923.0,
EFIX R,3872923.0,3873041 120 919.2 473.0 1059
SSACC R,3873043.0,
ESACC R,3873043.0,3873051 10 923.5 476.5 946.1 469.8 0.64 80
SFIX R,3873053.0,
EFIX R,3873053.0,3873215 164 940.3 467.1 1082
SSACC R,3873217.0,
ESACC R,3873217.0,3873225 10 938.0 479.0 940.1 458.7 0.55 72
SFIX R,3873227.0,
EFIX R,3873227.0,3873299 74 940.2 466.9 1105
SSACC R,3873301.0,
ESACC R,3873301.0,3873313 14 938.1 477.1 919.3 450.9 0.87 86
SFIX R,3873315.0,
EFIX R,3873315.0,3873429 116 925.0 453.9 1133
SSACC R,3873431.0,
SBLINK R,3873505.0,
EBLINK R,3873505.0,3873693 190
ESACC R,3873431.0,3874057 628 930.5 455.1 963.7 437.4 1.02 2633
SFIX R,3874059.0,
EFIX R,3874059.0,3874087 30 963.7 436.6 1242
SSACC R,3874089.0,
ESACC R,3874089.0,3874101 14 962.8 433.3 963.5 439.4 0.17 73
SFIX R,3874103.0,
EFIX R,3874103.0,3874127 26 962.3 442.9 1239
SSACC R,3874129.0,
ESACC R,3874129.0,3874267 140 964.5 438.4 939.9 415.8 0.90 125
SFIX R,3874269.0,
EFIX R,3874269.0,3874339 72 939.5 422.5 1271
SSACC R,3874341.0,
ESACC R,3874341.0,3874591 252 938.8 429.0 933.2 429.7 0.15 89
SFIX R,3874593.0,
EFIX R,3874593.0,3874653 62 931.8 440.5 1290
SSACC R,3874655.0,
SBLINK R,3874981.0,
EBLINK R,3874981.0,3875269 290
ESACC R,3874655.0,3875677 1024 933.6 442.1 983.6 398.6 1.79 1818
SFIX R,3875679.0,
EFIX R,3875679.0,3875745 68 981.9 400.9 1485
SSACC R,3875747.0,
ESACC R,3875747.0,3875817 72 980.6 405.3 932.3 407.7 1.31 124
SFIX R,3875819.0,
EFIX R,3875819.0,3875881 64 934.3 420.5 1452
SSACC R,3875883.0,
ESACC R,3875883.0,3876095 214 932.2 418.3 923.6 443.8 0.73 102
SFIX R,3876097.0,
EFIX R,3876097.0,3876245 150 924.3 442.3 1396
SSACC R,3876247.0,
ESACC R,3876247.0,3876283 38 924.1 426.0 928.9 429.2 0.16 72
SFIX R,3876285.0,
EFIX R,3876285.0,3876345 62 927.9 437.8 1389
SSACC R,3876347.0,
ESACC R,3876347.0,3876427 82 934.1 446.8 930.4 434.9 0.34 82
SFIX R,3876429.0,
EFIX R,3876429.0,3876455 28 930.7 437.5 1389
SSACC R,3876457.0,
ESACC R,3876457.0,3876465 10 933.1 439.0 934.1 424.8 0.39 54
SFIX R,3876467.0,
EFIX R,3876467.0,3876599 134 933.7 424.6 1395
SSACC R,3876601.0,
ESACC R,3876601.0,3876689 90 935.4 406.4 935.1 414.1 0.21 99
SFIX R,3876691.0,
EFIX R,3876691.0,3876781 92 938.2 408.0 1409
SSACC R,3876783.0,
ESACC R,3876783.0,3876841 60 937.9 411.8 936.7 403.3 0.23 52
SFIX R,3876843.0,
EFIX R,3876843.0,3876933 92 936.7 408.5 1422
SSACC R,3876935.0,
ESACC R,3876935.0,3876997 64 933.4 408.5 927.9 411.0 0.16 86
SFIX R,3876999.0,
EFIX R,3876999.0,3877047 50 930.6 412.0 1435
SSACC R,3877049.0,
ESACC R,3877049.0,3877137 90 931.5 413.7 932.7 421.4 0.21 82
SFIX R,3877139.0,
EFIX R,3877139.0,3877225 88 935.3 428.5 1444
SSACC R,3877227.0,
SBLINK R,3877277.0,
EBLINK R,3877277.0,3877481 206
ESACC R,3877227.0,3877611 386 936.4 422.9 943.0 407.7 0.45 1543
SFIX R,3877613.0,
EFIX R,3877613.0,3877841 230 933.8 420.4 1478
SSACC R,3877843.0,
ESACC R,3877843.0,3877891 50 937.4 424.6 952.7 441.2 0.61 73
SFIX R,3877893.0,
EFIX R,3877893.0,3877917 26 952.4 443.7 1465
SSACC R,3877919.0,
ESACC R,3877919.0,3877929 12 954.1 441.0 954.0 456.8 0.43 64
SFIX R,3877931.0,
EFIX R,3877931.0,3878089 160 944.3 455.2 1434
SSACC R,3878091.0,
ESACC R,3878091.0,3878107 18 935.8 466.9 908.7 453.7 0.82 86
SFIX R,3878109.0,
EFIX R,3878109.0,3878157 50 915.2 456.4 1413
SSACC R,3878159.0,
ESACC R,3878159.0,3878305 148 914.7 468.6 920.9 447.0 0.61 89
SFIX R,3878307.0,
EFIX R,3878307.0,3878425 120 922.9 455.7 1416
SSACC R,3878427.0,
ESACC R,3878427.0,3878515 90 925.4 459.6 921.9 437.1 0.62 120
SFIX R,3878517.0,
EFIX R,3878517.0,3878605 90 918.7 445.5 1422
SSACC R,3878607.0,
ESACC R,3878607.0,3878657 52 914.0 457.3 916.8 445.1 0.34 67
SFIX R,3878659.0,
EFIX R,3878659.0,3878687 30 919.5 445.5 1421
SSACC R,3878689.0,
SBLINK R,3878851.0,
EBLINK R,3878851.0,3879083 234
ESACC R,3878689.0,3879315 628 921.8 445.4 914.6 443.3 0.20 2269
SFIX R,3879317.0,
EFIX R,3879317.0,3879377 62 911.4 433.6 1356
SSACC R,3879379.0,
ESACC R,3879379.0,3879413 36 908.6 436.5 909.5 433.2 0.09 87
SFIX R,3879415.0,
EFIX R,3879415.0,3879527 114 910.8 431.4 1350
SSACC R,3879529.0,
ESACC R,3879529.0,3879577 50 908.4 417.0 913.6 439.3 0.62 98
SFIX R,3879579.0,
EFIX R,3879579.0,3879629 52 916.1 432.1 1325
SSACC R,3879631.0,
ESACC R,3879631.0,3879663 34 923.3 419.4 921.8 421.5 0.07 72
SFIX R,3879665.0,
EFIX R,3879665.0,3879699 36 922.8 437.1 1300
SSACC R,3879701.0,
ESACC R,3879701.0,3879707 8 921.5 451.8 919.5 434.8 0.46 76
SFIX R,3879709.0,
EFIX R,3879709.0,3879747 40 919.5 433.6 1292
SSACC R,3879749.0,
ESACC R,3879749.0,3879757 10 915.6 431.0 919.4 443.1 0.34 69
SFIX R,3879759.0,
EFIX R,3879759.0,3879803 46 917.4 447.5 1275
SSACC R,3879805.0,
SBLINK R,3879847.0,
EBLINK R,3879847.0,3880665 820
ESACC R,3879805.0,3880921 1118 917.2 452.7 912.3 446.0 0.22 1708
SFIX R,3880923.0,
EFIX R,3880923.0,3880955 34 909.6 452.3 1307
SSACC R,3880957.0,
ESACC R,3880957.0,3881091 136 912.3 471.0 923.5 438.2 0.94 100
SFIX R,3881093.0,
EFIX R,3881093.0,3881131 40 921.2 447.6 1302
SSACC R,3881133.0,
ESACC R,3881133.0,3881169 38 918.1 449.0 922.0 442.0 0.22 76
SFIX R,3881171.0,
EFIX R,3881171.0,3881197 28 923.5 438.4 1302
SSACC R,3881199.0,
ESACC R,3881199.0,3881277 80 924.2 426.8 916.8 417.5 0.32 78
SFIX R,3881279.0,
EFIX R,3881279.0,3881455 178 908.7 419.3 1329
SSACC R,3881457.0,
ESACC R,3881457.0,3881521 66 896.0 409.6 897.9 407.2 0.08 80
SFIX R,3881523.0,
EFIX R,3881523.0,3881655 134 898.5 420.1 1334
SSACC R,3881657.0,
ESACC R,3881657.0,3881673 18 892.6 425.5 904.1 404.6 0.64 113
SFIX R,3881675.0,
EFIX R,3881675.0,3881899 226 900.5 411.7 1315
SSACC R,3881901.0,
ESACC R,3881901.0,3882045 146 906.7 420.7 898.5 447.5 0.76 106
SFIX R,3882047.0,
EFIX R,3882047.0,3882193 148 897.4 447.2 1106
SSACC R,3882195.0,
ESACC R,3882195.0,3882295 102 898.9 460.2 920.0 448.9 0.65 91
SFIX R,3882297.0,
EFIX R,3882297.0,3882513 218 923.8 458.8 1067
SSACC R,3882515.0,
ESACC R,3882515.0,3882571 58 921.8 468.8 926.8 468.2 0.14 87
SFIX R,3882573.0,
EFIX R,3882573.0,3882645 74 928.0 462.7 1111
SSACC R,3882647.0,
ESACC R,3882647.0,3882727 82 930.6 477.3 929.4 458.0 0.52 75
SFIX R,3882729.0,
EFIX R,3882729.0,3882751 24 929.5 462.2 1154
SSACC R,3882753.0,
ESACC R,3882753.0,3882807 56 932.3 467.2 904.7 447.2 0.92 93
SFIX R,3882809.0,
EFIX R,3882809.0,3882943 136 906.8 444.1 1198
SSACC R,3882945.0,
SBLINK R,3883003.0,
EBLINK R,3883003.0,3883203 202
ESACC R,3882945.0,3883381 438 908.9 440.1 963.3 437.6 1.48 2717
SFIX R,3883383.0,
EFIX R,3883383.0,3883407 26 958.5 438.6 1190
SSACC R,3883409.0,
ESACC R,3883409.0,3883435 28 961.4 432.9 917.9 430.7 1.18 106
SFIX R,3883437.0,
EFIX R,3883437.0,3883481 46 924.6 435.2 1213
SSACC R,3883483.0,
ESACC R,3883483.0,3883563 82 924.5 436.2 920.4 448.1 0.34 88
SFIX R,3883565.0,
EFIX R,3883565.0,3883695 132 917.4 474.5 1146
SSACC R,3883697.0,
ESACC R,3883697.0,3883741 46 910.0 504.6 944.1 493.5 0.97 89
SFIX R,3883743.0,
EFIX R,3883743.0,3883797 56 934.9 488.7 1001
SSACC R,3883799.0,
ESACC R,3883799.0,3883803 6 933.6 486.2 932.5 503.2 0.46 62
SFIX R,3883805.0,
EFIX R,3883805.0,3883863 60 932.0 497.8 942
SSACC R,3883865.0,
ESACC R,3883865.0,3883899 36 934.6 504.3 934.6 501.2 0.08 73
SFIX R,3883901.0,
EFIX R,3883901.0,3884021 122 934.9 495.1 865
SSACC R,3884023.0,
ESACC R,3884023.0,3884043 22 936.3 496.9 910.3 502.8 0.72 83
SFIX R,3884045.0,
EFIX R,3884045.0,3884123 80 912.6 491.9 827
SSACC R,3884125.0,
ESACC R,3884125.0,3884137 14 914.0 476.4 913.8 492.7 0.44 53
SFIX R,3884139.0,
EFIX R,3884139.0,3884377 240 915.2 491.4 816
SSACC R,3884379.0,
ESACC R,3884379.0,3884401 24 911.0 506.8 929.3 482.5 0.82 68
SFIX R,3884403.0,
EFIX R,3884403.0,3884759 358 920.8 476.5 906
SSACC R,3884761.0,
ESACC R,3884761.0,3884827 68 922.0 456.8 926.5 476.6 0.55 80
SFIX R,3884829.0,
EFIX R,3884829.0,3885089 262 929.5 481.3 936
SSACC R,3885091.0,
ESACC R,3885091.0,3885107 18 933.6 493.9 932.0 489.8 0.12 66
SFIX R,3885109.0,
EFIX R,3885109.0,3885211 104 933.6 498.9 907
SSACC R,3885213.0,
ESACC R,3885213.0,3885237 26 932.1 506.1 934.7 497.0 0.26 56
SFIX R,3885239.0,
EFIX R,3885239.0,3885321 84 938.8 501.8 927
SSACC R,3885323.0,
ESACC R,3885323.0,3885407 86 938.4 501.9 946.7 484.3 0.53 84
SFIX R,3885409.0,
EFIX R,3885409.0,3885669 262 949.0 481.9 1032
SSACC R,3885671.0,
ESACC R,3885671.0,3885731 62 951.8 504.8 953.3 484.1 0.56 62
SFIX R,3885733.0,
EFIX R,3885733.0,3885781 50 952.0 490.5 1116
SSACC R,3885783.0,
ESACC R,3885783.0,3885861 80 952.3 497.4 949.1 480.9 0.46 64
SFIX R,3885863.0,
EFIX R,3885863.0,3885947 86 949.9 490.5 1152
SSACC R,3885949.0,
ESACC R,3885949.0,3885959 12 948.7 492.4 948.8 486.7 0.15 63
SFIX R,3885961.0,
EFIX R,3885961.0,3886061 102 948.1 489.5 1176
SSACC R,3886063.0,
ESACC R,3886063.0,3886079 18 947.2 503.1 946.4 487.4 0.43 67
SFIX R,3886081.0,
EFIX R,3886081.0,3886215 136 951.6 486.5 1211
SSACC R,3886217.0,
ESACC R,3886217.0,3886291 76 956.7 488.2 959.5 496.1 0.23 72
SFIX R,3886293.0,
EFIX R,3886293.0,3886347 56 959.5 488.4 1239
SSACC R,3886349.0,
ESACC R,3886349.0,3886355 8 961.5 499.7 959.4 488.6 0.31 65
SFIX R,3886357.0,
EFIX R,3886357.0,3886385 30 958.6 478.7 1249
SSACC R,3886387.0,
ESACC R,3886387.0,3886461 76 959.7 477.6 955.4 487.8 0.30 86
SFIX R,3886463.0,
EFIX R,3886463.0,3886489 28 956.8 479.8 1267
SSACC R,3886491.0,
ESACC R,3886491.0,3886501 12 957.0 484.9 956.5 459.2 0.70 75
SFIX R,3886503.0,
EFIX R,3886503.0,3886553 52 958.5 477.1 1272
SSACC R,3886555.0,
ESACC R,3886555.0,3886769 216 960.9 466.0 957.7 484.5 0.51 93
SFIX R,3886771.0,
EFIX R,3886771.0,3886801 32 956.6 475.2 1318
SSACC R,3886803.0,
ESACC R,3886803.0,3886827 26 958.4 480.6 959.2 482.8 0.06 111
SFIX R,3886829.0,
EFIX R,3886829.0,3886871 44 957.6 472.1 1332
SSACC R,3886873.0,
ESACC R,3886873.0,3886997 126 958.9 462.5 959.7 462.4 0.02 91
SFIX R,3886999.0,
EFIX R,3886999.0,3887039 42 960.1 466.4 1360
SSACC R,3887041.0,
ESACC R,3887041.0,3887063 24 959.7 452.5 960.6 467.9 0.42 65
SFIX R,3887065.0,
EFIX R,3887065.0,3887141 78 958.1 465.2 1368
SSACC R,3887143.0,
ESACC R,3887143.0,3887215 74 958.4 471.4 957.3 468.4 0.09 105
SFIX R,3887217.0,
EFIX R,3887217.0,3887319 104 960.3 466.5 1370
SSACC R,3887321.0,
ESACC R,3887321.0,3887329 10 957.5 455.9 961.3 479.7 0.65 69
SFIX R,3887331.0,
EFIX R,3887331.0,3887363 34 959.1 470.0 1368
SSACC R,3887365.0,
ESACC R,3887365.0,3887475 112 958.0 478.3 960.4 460.5 0.49 77
SFIX R,3887477.0,
EFIX R,3887477.0,3887639 164 966.4 454.8 1388
SSACC R,3887641.0,
ESACC R,3887641.0,3887651 12 973.3 442.6 970.8 453.0 0.29 63
SFIX R,3887653.0,
EFIX R,3887653.0,3887679 28 971.7 443.5 1403
SSACC R,3887681.0,
ESACC R,3887681.0,3887695 16 971.1 450.2 970.5 446.4 0.10 76
SFIX R,3887697.0,
EFIX R,3887697.0,3887771 76 970.4 440.8 1408
SSACC R,3887773.0,
ESACC R,3887773.0,3887853 82 961.3 432.2 970.2 405.7 0.76 76
SFIX R,3887855.0,
EFIX R,3887855.0,3887983 130 966.8 411.1 1422
SSACC R,3887985.0,
ESACC R,3887985.0,3888003 20 966.0 399.1 966.6 401.8 0.07 88
SFIX R,3888005.0,
EFIX R,3888005.0,3888061 58 965.6 406.8 1418
SSACC R,3888063.0,
ESACC R,3888063.0,3888077 16 965.4 415.6 978.1 418.0 0.35 63
SFIX R,3888079.0,
EFIX R,3888079.0,3888139 62 969.2 415.5 1423
SSACC R,3888141.0,
ESACC R,3888141.0,3888151 12 966.6 403.0 969.2 412.7 0.27 68
SFIX R,3888153.0,
EFIX R,3888153.0,3888239 88 964.2 420.3 1415
SSACC R,3888241.0,
ESACC R,3888241.0,3888357 118 962.8 420.4 958.4 447.4 0.74 87
SFIX R,3888359.0,
EFIX R,3888359.0,3888393 36 955.3 446.5 1336
SSACC R,3888395.0,
SBLINK R,3888455.0,
EBLINK R,3888455.0,3888677 224
ESACC R,3888395.0,3888867 474 950.8 443.8 956.4 438.9 0.20 1518
SFIX R,3888869.0,
EFIX R,3888869.0,3888947 80 957.9 438.4 1313
SSACC R,3888949.0,
ESACC R,3888949.0,3888983 36 957.8 437.5 958.1 462.1 0.67 92
SFIX R,3888985.0,
EFIX R,3888985.0,3889999 1016 947.2 503.1 1073
SSACC R,3890001.0,
ESACC R,3890001.0,3890005 6 934.2 485.1 931.3 474.9 0.29 45
SFIX R,3890007.0,
EFIX R,3890007.0,3890717 712 939.7 479.2 863
SSACC R,3890719.0,
ESACC R,3890719.0,3890723 6 956.7 482.7 954.8 473.8 0.25 48
SFIX R,3890725.0,
EFIX R,3890725.0,3891113 390 962.1 474.5 981
SSACC R,3891115.0,
ESACC R,3891115.0,3891139 26 968.0 485.7 969.8 470.6 0.41 78
SFIX R,3891141.0,
EFIX R,3891141.0,3891323 184 968.9 481.0 992
SSACC R,3891325.0,
ESACC R,3891325.0,3891333 10 967.7 471.3 968.1 494.2 0.62 64
SFIX R,3891335.0,
EFIX R,3891335.0,3891559 226 966.9 488.8 940
SSACC R,3891561.0,
ESACC R,3891561.0,3891565 6 969.8 488.4 967.6 486.8 0.07 44
SFIX R,3891567.0,
EFIX R,3891567.0,3891617 52 968.5 488.6 905
SSACC R,3891619.0,
ESACC R,3891619.0,3891643 26 967.3 494.0 967.1 500.6 0.18 48
SFIX R,3891645.0,
EFIX R,3891645.0,3891933 290 970.5 493.9 887
SSACC R,3891935.0,
ESACC R,3891935.0,3891965 32 969.1 502.7 971.1 498.2 0.13 59
SFIX R,3891967.0,
EFIX R,3891967.0,3892163 198 971.2 498.3 924
SSACC R,3892165.0,
ESACC R,3892165.0,3892225 62 977.2 484.6 955.5 501.8 0.75 86
SFIX R,3892227.0,
EFIX R,3892227.0,3892487 262 957.2 486.6 1003
SSACC R,3892489.0,
ESACC R,3892489.0,3892531 44 955.9 481.0 983.2 497.8 0.87 94
SFIX R,3892533.0,
EFIX R,3892533.0,3892769 238 970.9 504.2 1064
SSACC R,3892771.0,
ESACC R,3892771.0,3892837 68 966.8 518.5 947.4 509.4 0.58 141
SFIX R,3892839.0,
EFIX R,3892839.0,3892889 52 944.7 517.0 1088
SSACC R,3892891.0,
ESACC R,3892891.0,3892905 16 943.4 508.0 943.4 518.2 0.28 69
SFIX R,3892907.0,
EFIX R,3892907.0,3892993 88 944.6 511.4 1095
SSACC R,3892995.0,
ESACC R,3892995.0,3893217 224 945.8 517.5 950.2 494.9 0.62 138
SFIX R,3893219.0,
EFIX R,3893219.0,3893257 40 953.6 495.0 1094
SSACC R,3893259.0,
ESACC R,3893259.0,3893281 24 955.0 496.0 956.6 480.8 0.41 66
SFIX R,3893283.0,
EFIX R,3893283.0,3893347 66 960.8 489.0 1080
SSACC R,3893349.0,
ESACC R,3893349.0,3893363 16 960.0 490.5 962.8 484.6 0.18 93
SFIX R,3893365.0,
EFIX R,3893365.0,3893401 38 966.0 491.9 1058
SSACC R,3893403.0,
ESACC R,3893403.0,3893421 20 964.4 493.8 967.7 489.1 0.16 75
SFIX R,3893423.0,
EFIX R,3893423.0,3893459 38 968.7 499.2 1039
SSACC R,3893461.0,
ESACC R,3893461.0,3893545 86 968.0 486.7 970.6 503.3 0.46 74
SFIX R,3893547.0,
EFIX R,3893547.0,3893579 34 971.4 503.1 1015
SSACC R,3893581.0,
ESACC R,3893581.0,3893643 64 971.2 500.7 968.9 504.5 0.12 110
SFIX R,3893645.0,
EFIX R,3893645.0,3893785 142 971.8 501.7 1016
SSACC R,3893787.0,
ESACC R,3893787.0,3893917 132 971.4 500.6 969.5 503.6 0.10 119
SFIX R,3893919.0,
EFIX R,3893919.0,3893951 34 964.5 500.5 985
SSACC R,3893953.0,
ESACC R,3893953.0,3893975 24 964.9 498.2 930.5 510.7 0.99 89
SFIX R,3893977.0,
EFIX R,3893977.0,3894005 30 937.7 509.7 955
SSACC R,3894007.0,
ESACC R,3894007.0,3894019 14 938.1 519.7 940.4 518.3 0.07 87
SFIX R,3894021.0,
EFIX R,3894021.0,3894133 114 935.2 518.7 911
SSACC R,3894135.0,
ESACC R,3894135.0,3894221 88 933.5 516.3 930.1 537.4 0.58 95
SFIX R,3894223.0,
EFIX R,3894223.0,3894245 24 932.6 527.3 837
SSACC R,3894247.0,
ESACC R,3894247.0,3894263 18 929.9 527.9 930.9 518.8 0.25 86
SFIX R,3894265.0,
EFIX R,3894265.0,3894581 318 939.1 530.6 771
SSACC R,3894583.0,
ESACC R,3894583.0,3894613 32 941.7 537.7 947.9 524.0 0.41 64
SFIX R,3894615.0,
EFIX R,3894615.0,3894655 42 945.8 525.9 760
SSACC R,3894657.0,
ESACC R,3894657.0,3894669 14 945.4 523.3 946.7 542.4 0.52 83
SFIX R,3894671.0,
EFIX R,3894671.0,3894745 76 946.7 530.4 775
SSACC R,3894747.0,
ESACC R,3894747.0,3894983 238 944.3 515.0 958.5 522.9 0.44 75
SFIX R,3894985.0,
EFIX R,3894985.0,3895051 68 958.6 525.1 879
SSACC R,3895053.0,
ESACC R,3895053.0,3895079 28 960.8 524.6 958.4 520.6 0.13 65
SFIX R,3895081.0,
EFIX R,3895081.0,3895433 354 965.8 506.2 947
SSACC R,3895435.0,
ESACC R,3895435.0,3895525 92 961.9 523.0 960.9 511.3 0.32 73
SFIX R,3895527.0,
EFIX R,3895527.0,3895777 252 954.2 519.5 882
SSACC R,3895779.0,
ESACC R,3895779.0,3895809 32 951.2 523.5 949.6 523.8 0.04 72
SFIX R,3895811.0,
EFIX R,3895811.0,3895881 72 949.4 526.5 864
SSACC R,3895883.0,
ESACC R,3895883.0,3895899 18 949.4 532.8 950.4 531.5 0.04 73
SFIX R,3895901.0,
EFIX R,3895901.0,3896147 248 951.1 532.3 851
SSACC R,3896149.0,
ESACC R,3896149.0,3896161 14 948.6 546.6 951.4 532.3 0.39 56
SFIX R,3896163.0,
EFIX R,3896163.0,3896349 188 952.4 539.5 881
SSACC R,3896351.0,
ESACC R,3896351.0,3896407 58 955.8 542.9 953.5 537.8 0.15 73
SFIX R,3896409.0,
EFIX R,3896409.0,3896527 120 957.0 529.3 958
SSACC R,3896529.0,
ESACC R,3896529.0,3896557 30 955.0 538.1 958.1 526.8 0.32 70
SFIX R,3896559.0,
EFIX R,3896559.0,3896697 140 960.5 517.1 1014
SSACC R,3896699.0,
ESACC R,3896699.0,3896725 28 961.8 528.7 966.4 519.9 0.27 84
SFIX R,3896727.0,
EFIX R,3896727.0,3896767 42 966.0 520.5 1043
SSACC R,3896769.0,
ESACC R,3896769.0,3896835 68 968.6 526.2 969.3 523.6 0.07 71
SFIX R,3896837.0,
EFIX R,3896837.0,3897073 238 969.7 527.1 1064
SSACC R,3897075.0,
ESACC R,3897075.0,3897099 26 977.1 543.2 980.9 527.5 0.44 48
SFIX R,3897101.0,
EFIX R,3897101.0,3897291 192 979.4 520.7 1049
SSACC R,3897293.0,
ESACC R,3897293.0,3897387 96 981.9 526.3 978.3 526.9 0.10 78
SFIX R,3897389.0,
EFIX R,3897389.0,3897533 146 975.3 515.6 1086
SSACC R,3897535.0,
ESACC R,3897535.0,3897543 10 973.9 494.1 972.1 513.8 0.54 67
SFIX R,3897545.0,
EFIX R,3897545.0,3897579 36 970.2 507.1 1118
SSACC R,3897581.0,
ESACC R,3897581.0,3898219 640 967.6 516.4 959.5 497.5 0.56 107
SFIX R,3898221.0,
EFIX R,3898221.0,3898277 58 958.1 516.4 1200
SSACC R,3898279.0,
ESACC R,3898279.0,3898299 22 959.4 519.8 963.7 520.6 0.12 104
SFIX R,3898301.0,
EFIX R,3898301.0,3898387 88 965.2 530.3 1161
SSACC R,3898389.0,
ESACC R,3898389.0,3898489 102 963.8 556.8 942.1 547.8 0.64 95
SFIX R,3898491.0,
EFIX R,3898491.0,3898531 42 942.9 542.3 1074
SSACC R,3898533.0,
ESACC R,3898533.0,3898625 94 946.1 530.4 948.6 556.1 0.70 77
SFIX R,3898627.0,
EFIX R,3898627.0,3898669 44 950.8 548.0 1012
SSACC R,3898671.0,
ESACC R,3898671.0,3898727 58 957.3 542.4 980.5 546.0 0.64 77
SFIX R,3898729.0,
EFIX R,3898729.0,3898795 68 978.6 543.0 988
SSACC R,3898797.0,
ESACC R,3898797.0,3898879 84 979.0 538.8 976.4 543.1 0.14 71
SFIX R,3898881.0,
EFIX R,3898881.0,3899171 292 968.5 535.5 1003
SSACC R,3899173.0,
ESACC R,3899173.0,3899195 24 962.9 533.8 965.2 527.6 0.18 94
SFIX R,3899197.0,
EFIX R,3899197.0,3899249 54 965.1 537.8 1009
SSACC R,3899251.0,
ESACC R,3899251.0,3899321 72 961.6 548.0 926.4 511.5 1.37 188
SFIX R,3899323.0,
EFIX R,3899323.0,3899385 64 927.0 513.8 1020
SSACC R,3899387.0,
ESACC R,3899387.0,3899629 244 926.3 511.6 916.1 505.8 0.32 144
SFIX R,3899631.0,
EFIX R,3899631.0,3899671 42 922.9 509.1 1055
SSACC R,3899673.0,
ESACC R,3899673.0,3899707 36 928.4 505.1 958.2 523.5 0.95 103
SFIX R,3899709.0,
EFIX R,3899709.0,3899759 52 958.5 510.9 1048
SSACC R,3899761.0,
ESACC R,3899761.0,3899811 52 960.6 508.0 964.2 497.1 0.31 59
SFIX R,3899813.0,
EFIX R,3899813.0,3899955 144 960.5 498.1 1057
SSACC R,3899957.0,
ESACC R,3899957.0,3899991 36 958.1 506.6 940.1 505.2 0.49 97
SFIX R,3899993.0,
EFIX R,3899993.0,3900031 40 934.0 504.9 1080
SSACC R,3900033.0,
ESACC R,3900033.0,3900105 74 933.5 512.0 941.8 505.6 0.28 78
SFIX R,3900107.0,
EFIX R,3900107.0,3900129 24 939.3 505.1 1099
SSACC R,3900131.0,
ESACC R,3900131.0,3900149 20 940.1 500.3 940.0 494.1 0.17 90
SFIX R,3900151.0,
EFIX R,3900151.0,3900225 76 939.2 502.3 1110
SSACC R,3900227.0,
ESACC R,3900227.0,3900309 84 940.1 492.9 968.5 493.8 0.77 89
SFIX R,3900311.0,
EFIX R,3900311.0,3900411 102 961.5 503.8 1131
SSACC R,3900413.0,
ESACC R,3900413.0,3900439 28 958.4 516.0 963.0 516.8 0.13 78
SFIX R,3900441.0,
EFIX R,3900441.0,3900531 92 964.2 506.0 1151
SSACC R,3900533.0,
ESACC R,3900533.0,3900581 50 964.9 513.0 942.5 481.4 1.05 103
SFIX R,3900583.0,
EFIX R,3900583.0,3900643 62 947.7 488.5 1176
SSACC R,3900645.0,
ESACC R,3900645.0,3900671 28 948.3 485.7 941.4 494.5 0.30 81
SFIX R,3900673.0,
EFIX R,3900673.0,3900841 170 942.6 486.0 1196
SSACC R,3900843.0,
ESACC R,3900843.0,3900927 86 940.3 459.4 957.5 468.5 0.53 98
SFIX R,3900929.0,
EFIX R,3900929.0,3901017 90 956.7 466.9 1243
SSACC R,3901019.0,
ESACC R,3901019.0,3901171 154 953.4 479.3 940.5 472.2 0.40 78
SFIX R,3901173.0,
EFIX R,3901173.0,3901267 96 937.7 474.1 1291
SSACC R,3901269.0,
ESACC R,3901269.0,3901275 8 938.1 478.3 938.0 468.7 0.26 52
SFIX R,3901277.0,
EFIX R,3901277.0,3901365 90 938.7 470.0 1329
SSACC R,3901367.0,
ESACC R,3901367.0,3901443 78 939.9 467.5 939.3 498.0 0.83 86
SFIX R,3901445.0,
EFIX R,3901445.0,3901487 44 937.2 506.8 1349
SSACC R,3901489.0,
SBLINK R,3901537.0,
EBLINK R,3901537.0,3901757 222
ESACC R,3901489.0,3901965 478 938.2 523.5 923.9 502.2 0.70 1910
SFIX R,3901967.0,
EFIX R,3901967.0,3902017 52 928.2 495.3 1343
SSACC R,3902019.0,
ESACC R,3902019.0,3902053 36 927.0 491.8 928.6 481.3 0.29 77
SFIX R,3902055.0,
EFIX R,3902055.0,3902141 88 932.0 478.2 1331
SSACC R,3902143.0,
SBLINK R,3902191.0,
EBLINK R,3902191.0,3902429 240
ESACC R,3902143.0,3902595 454 930.9 492.0 957.6 507.6 0.84 2003
SFIX R,3902597.0,
EFIX R,3902597.0,3902637 42 958.5 511.9 977
SSACC R,3902639.0,
ESACC R,3902639.0,3902659 22 959.1 506.8 913.9 518.1 1.26 111
SFIX R,3902661.0,
EFIX R,3902661.0,3902721 62 922.9 517.3 977
SSACC R,3902723.0,
ESACC R,3902723.0,3902735 14 921.4 506.5 918.3 522.2 0.43 72
SFIX R,3902737.0,
EFIX R,3902737.0,3902901 166 921.1 519.6 989
SSACC R,3902903.0,
ESACC R,3902903.0,3902913 12 919.2 519.1 939.3 509.1 0.61 70
SFIX R,3902915.0,
EFIX R,3902915.0,3903729 816 941.2 484.4 1042
SSACC R,3903731.0,
ESACC R,3903731.0,3903807 78 948.0 427.7 949.2 437.9 0.28 86
SFIX R,3903809.0,
EFIX R,3903809.0,3903833 26 950.4 441.4 1210
SSACC R,3903835.0,
ESACC R,3903835.0,3904037 204 948.8 450.3 922.4 441.3 0.76 160
SFIX R,3904039.0,
EFIX R,3904039.0,3904063 26 925.0 436.1 1293
SSACC R,3904065.0,
ESACC R,3904065.0,3904173 110 926.9 428.3 960.1 461.9 1.28 113
SFIX R,3904175.0,
EFIX R,3904175.0,3904205 32 960.5 466.2 1306
SSACC R,3904207.0,
ESACC R,3904207.0,3904239 34 961.6 467.1 959.8 451.7 0.42 105
SFIX R,3904241.0,
EFIX R,3904241.0,3904307 68 966.0 466.2 1318
SSACC R,3904309.0,
ESACC R,3904309.0,3904317 10 970.1 450.6 966.4 482.4 0.87 100
SFIX R,3904319.0,
EFIX R,3904319.0,3904393 76 971.1 471.3 1317
SSACC R,3904395.0,
ESACC R,3904395.0,3904481 88 970.6 454.6 979.2 465.8 0.38 78
SFIX R,3904483.0,
EFIX R,3904483.0,3904507 26 978.6 465.1 1318
SSACC R,3904509.0,
ESACC R,3904509.0,3904609 102 977.8 455.1 975.3 447.0 0.23 124
SFIX R,3904611.0,
EFIX R,3904611.0,3904643 34 975.2 455.5 1329
SSACC R,3904645.0,
ESACC R,3904645.0,3904679 36 971.8 456.9 942.2 459.3 0.80 84
SFIX R,3904681.0,
EFIX R,3904681.0,3904761 82 939.1 463.1 1331
SSACC R,3904763.0,
ESACC R,3904763.0,3905057 296 937.6 453.2 962.6 461.8 0.72 116
SFIX R,3905059.0,
EFIX R,3905059.0,3905141 84 961.6 469.7 1320
SSACC R,3905143.0,
ESACC R,3905143.0,3905281 140 960.5 477.6 958.4 450.6 0.73 109
SFIX R,3905283.0,
EFIX R,3905283.0,3905433 152 964.4 462.3 1327
SSACC R,3905435.0,
ESACC R,3905435.0,3905611 178 964.3 465.7 937.9 478.2 0.79 78
SFIX R,3905613.0,
EFIX R,3905613.0,3905701 90 947.2 479.1 1320
SSACC R,3905703.0,
ESACC R,3905703.0,3905725 24 958.6 470.3 954.8 489.9 0.54 90
SFIX R,3905727.0,
EFIX R,3905727.0,3905755 30 958.7 483.0 1322
SSACC R,3905757.0,
SBLINK R,3905979.0,
EBLINK R,3905979.0,3906183 206
ESACC R,3905757.0,3906449 694 960.3 481.3 973.7 486.1 0.39 2493
SFIX R,3906451.0,
EFIX R,3906451.0,3906485 36 966.5 480.1 1271
SSACC R,3906487.0,
ESACC R,3906487.0,3906639 154 964.5 470.4 960.5 491.8 0.59 110
SFIX R,3906641.0,
EFIX R,3906641.0,3906679 40 958.6 477.7 1234
SSACC R,3906681.0,
ESACC R,3906681.0,3906801 122 956.7 477.4 931.2 473.4 0.70 123
SFIX R,3906803.0,
EFIX R,3906803.0,3906975 174 933.7 490.3 1150
SSACC R,3906977.0,
ESACC R,3906977.0,3907061 86 933.2 488.2 930.4 485.4 0.11 70
SFIX R,3907063.0,
EFIX R,3907063.0,3907109 48 934.9 489.7 1107
SSACC R,3907111.0,
ESACC R,3907111.0,3907151 42 935.2 503.5 937.9 495.4 0.23 67
SFIX R,3907153.0,
EFIX R,3907153.0,3907291 140 934.5 484.7 1105
SSACC R,3907293.0,
ESACC R,3907293.0,3907381 90 928.1 470.5 924.5 470.7 0.10 98
SFIX R,3907383.0,
EFIX R,3907383.0,3907449 68 924.6 472.9 1131
SSACC R,3907451.0,
ESACC R,3907451.0,3908085 636 926.4 490.7 957.7 458.9 1.21 134
SFIX R,3908087.0,
EFIX R,3908087.0,3908157 72 959.7 453.5 1198
SSACC R,3908159.0,
ESACC R,3908159.0,3908237 80 959.9 435.3 950.6 453.0 0.54 140
SFIX R,3908239.0,
EFIX R,3908239.0,3908271 34 949.1 455.4 1216
SSACC R,3908273.0,
ESACC R,3908273.0,3908317 46 955.8 467.0 954.8 455.3 0.32 79
SFIX R,3908319.0,
EFIX R,3908319.0,3908401 84 959.2 469.9 1218
SSACC R,3908403.0,
ESACC R,3908403.0,3909497 1096 967.3 474.4 953.9 522.7 1.36 326
SFIX R,3909499.0,
EFIX R,3909499.0,3909523 26 958.2 514.9 1257
SSACC R,3909525.0,
SBLINK R,3909655.0,
EBLINK R,3909655.0,3910977 1324
ESACC R,3909525.0,3911129 1606 955.6 507.7 970.7 476.0 0.95 1842
SFIX R,3911131.0,
EFIX R,3911131.0,3911177 48 972.4 477.8 952
SSACC R,3911179.0,
ESACC R,3911179.0,3911259 82 976.5 486.3 977.9 468.1 0.49 71
SFIX R,3911261.0,
EFIX R,3911261.0,3911277 18 974.6 473.6 973
SSACC R,3911279.0,
ESACC R,3911279.0,3911325 48 974.0 478.1 948.8 501.6 0.93 97
SFIX R,3911327.0,
EFIX R,3911327.0,3911431 106 946.6 488.2 985
SSACC R,3911433.0,
ESACC R,3911433.0,3911437 6 946.4 473.0 946.5 475.8 0.08 53
SFIX R,3911439.0,
EFIX R,3911439.0,3911515 78 943.3 483.2 975
SSACC R,3911517.0,
ESACC R,3911517.0,3911541 26 944.1 498.1 944.0 480.8 0.47 55
SFIX R,3911543.0,
EFIX R,3911543.0,3911597 56 942.7 486.0 954
SSACC R,3911599.0,
ESACC R,3911599.0,3911617 20 948.4 492.9 969.2 490.0 0.57 85
SFIX R,3911619.0,
EFIX R,3911619.0,3911647 30 964.7 485.0 928
SSACC R,3911649.0,
ESACC R,3911649.0,3911721 74 965.2 476.2 966.9 478.4 0.08 77
SFIX R,3911723.0,
EFIX R,3911723.0,3911743 22 964.9 486.1 889
SSACC R,3911745.0,
ESACC R,3911745.0,3911755 12 965.5 488.7 964.8 484.6 0.11 78
SFIX R,3911757.0,
EFIX R,3911757.0,3911811 56 965.6 494.8 872
SSACC R,3911813.0,
ESACC R,3911813.0,3911975 164 967.4 494.3 971.4 497.0 0.13 96
SFIX R,3911977.0,
EFIX R,3911977.0,3912029 54 969.5 496.4 830
SSACC R,3912031.0,
ESACC R,3912031.0,3912099 70 971.2 473.9 963.7 484.5 0.35 120
SFIX R,3912101.0,
EFIX R,3912101.0,3912343 244 959.7 480.6 859
SSACC R,3912345.0,
SBLINK R,3912515.0,
EBLINK R,3912515.0,3912757 244
ESACC R,3912345.0,3913401 1058 957.8 478.2 991.1 452.3 1.14 2373
SFIX R,3913403.0,
EFIX R,3913403.0,3913437 36 984.7 461.5 1196
SSACC R,3913439.0,
ESACC R,3913439.0,3913455 18 983.4 463.9 984.9 466.5 0.08 74
SFIX R,3913457.0,
EFIX R,3913457.0,3913515 60 983.6 478.9 1167
SSACC R,3913517.0,
ESACC R,3913517.0,3913581 66 981.5 494.1 967.0 492.5 0.40 95
SFIX R,3913583.0,
EFIX R,3913583.0,3913701 120 957.7 490.1 1109
SSACC R,3913703.0,
ESACC R,3913703.0,3913889 188 955.6 499.2 977.5 490.1 0.64 94
SFIX R,3913891.0,
EFIX R,3913891.0,3913913 24 981.3 484.6 1094
SSACC R,3913915.0,
ESACC R,3913915.0,3914137 224 982.2 477.1 971.6 465.3 0.43 96
SFIX R,3914139.0,
EFIX R,3914139.0,3914167 30 981.1 471.0 1134
SSACC R,3914169.0,
ESACC R,3914169.0,3914355 188 977.6 472.5 975.5 465.4 0.20 102
SFIX R,3914357.0,
EFIX R,3914357.0,3914433 78 978.9 466.4 1169
SSACC R,3914435.0,
ESACC R,3914435.0,3914519 86 980.2 471.7 980.3 483.6 0.32 67
SFIX R,3914521.0,
EFIX R,3914521.0,3914621 102 976.0 479.1 1176
SSACC R,3914623.0,
ESACC R,3914623.0,3914801 180 976.2 475.2 944.0 480.6 0.88 104
SFIX R,3914803.0,
EFIX R,3914803.0,3914883 82 945.4 488.9 1166
SSACC R,3914885.0,
ESACC R,3914885.0,3914967 84 943.5 486.7 970.8 499.4 0.82 104
SFIX R,3914969.0,
EFIX R,3914969.0,3914997 30 968.2 500.0 1163
SSACC R,3914999.0,
ESACC R,3914999.0,3915231 234 966.9 509.5 965.2 492.6 0.46 112
SFIX R,3915233.0,
EFIX R,3915233.0,3915261 30 962.2 477.5 1210
SSACC R,3915263.0,
ESACC R,3915263.0,3915309 48 959.7 469.2 959.7 478.1 0.24 114
SFIX R,3915311.0,
EFIX R,3915311.0,3915359 50 960.4 478.1 1228
SSACC R,3915361.0,
ESACC R,3915361.0,3915417 58 963.8 476.4 961.2 477.0 0.07 80
SFIX R,3915419.0,
EFIX R,3915419.0,3915451 34 955.8 470.0 1259
SSACC R,3915453.0,
SBLINK R,3915635.0,
EBLINK R,3915635.0,3915913 280
ESACC R,3915453.0,3916425 974 954.6 469.6 929.7 459.9 0.72 1619
SFIX R,3916427.0,
EFIX R,3916427.0,3916477 52 931.9 447.6 1240
SSACC R,3916479.0,
ESACC R,3916479.0,3916743 266 930.6 436.4 919.1 513.5 2.11 90
SFIX R,3916745.0,
EFIX R,3916745.0,3916799 56 917.7 506.0 1087
SSACC R,3916801.0,
ESACC R,3916801.0,3916919 120 918.1 501.8 911.7 505.7 0.20 84
SFIX R,3916921.0,
EFIX R,3916921.0,3916949 30 914.4 497.5 1091
SSACC R,3916951.0,
ESACC R,3916951.0,3917689 740 918.7 499.6 924.8 501.4 0.17 182
SFIX R,3917691.0,
EFIX R,3917691.0,3917719 30 925.5 508.9 1285
SSACC R,3917721.0,
ESACC R,3917721.0,3917881 162 926.1 488.5 926.1 518.0 0.80 118
SFIX R,3917883.0,
EFIX R,3917883.0,3917903 22 927.0 522.8 1309
SSACC R,3917905.0,
SBLINK R,3918447.0,
EBLINK R,3918447.0,3918821 376
ESACC R,3917905.0,3919205 1302 926.5 524.4 897.7 480.5 1.42 1835
SFIX R,3919207.0,
EFIX R,3919207.0,3919285 80 893.0 475.3 1367
SSACC R,3919287.0,
ESACC R,3919287.0,3919373 88 889.3 457.7 891.1 483.4 0.70 116
SFIX R,3919375.0,
EFIX R,3919375.0,3919405 32 890.5 476.0 1308
SSACC R,3919407.0,
ESACC R,3919407.0,3919829 424 888.9 459.8 879.5 510.9 1.41 106
SFIX R,3919831.0,
EFIX R,3919831.0,3919913 84 886.7 507.8 1133
SSACC R,3919915.0,
ESACC R,3919915.0,3919957 44 888.4 494.8 888.9 501.0 0.17 85
SFIX R,3919959.0,
EFIX R,3919959.0,3920001 44 890.8 500.0 1124
SSACC R,3920003.0,
ESACC R,3920003.0,3920637 636 888.2 506.9 925.0 498.8 1.02 128
SFIX R,3920639.0,
EFIX R,3920639.0,3920681 44 926.3 484.3 1209
SSACC R,3920683.0,
ESACC R,3920683.0,3920705 24 925.6 490.9 924.6 485.1 0.16 94
SFIX R,3920707.0,
EFIX R,3920707.0,3920729 24 925.4 485.1 1227
SSACC R,3920731.0,
ESACC R,3920731.0,3921015 286 928.7 483.0 917.8 484.2 0.30 138
SFIX R,3921017.0,
EFIX R,3921017.0,3921113 98 920.9 485.8 1318
SSACC R,3921115.0,
ESACC R,3921115.0,3921279 166 921.3 482.2 922.6 508.7 0.72 104
SFIX R,3921281.0,
EFIX R,3921281.0,3921349 70 925.9 518.2 1350
SSACC R,3921351.0,
ESACC R,3921351.0,3921419 70 928.9 516.6 937.1 517.3 0.22 126
SFIX R,3921421.0,
EFIX R,3921421.0,3921567 148 939.7 532.9 1370
SSACC R,3921569.0,
ESACC R,3921569.0,3921719 152 941.4 534.1 917.2 522.9 0.72 98
SFIX R,3921721.0,
EFIX R,3921721.0,3921753 34 918.3 519.3 1393
SSACC R,3921755.0,
ESACC R,3921755.0,3921799 46 915.7 526.8 914.5 532.2 0.15 103
SFIX R,3921801.0,
EFIX R,3921801.0,3921847 48 916.9 521.5 1397
SSACC R,3921849.0,
ESACC R,3921849.0,3921951 104 914.8 530.6 932.9 519.9 0.57 86
SFIX R,3921953.0,
EFIX R,3921953.0,3921983 32 931.0 512.9 1399
SSACC R,3921985.0,
ESACC R,3921985.0,3922009 26 930.5 509.3 931.1 519.9 0.29 132
SFIX R,3922011.0,
EFIX R,3922011.0,3922053 44 932.1 514.6 1395
SSACC R,3922055.0,
ESACC R,3922055.0,3922351 298 934.4 507.3 896.7 520.4 1.08 95
SFIX R,3922353.0,
EFIX R,3922353.0,3922407 56 900.6 522.6 1367
SSACC R,3922409.0,
SBLINK R,3929547.0,
EBLINK R,3929547.0,3930221 676
ESACC R,3922409.0,3930529 8122 904.0 512.4 862.1 489.6 1.29 898
SFIX R,3930531.0,
EFIX R,3930531.0,3930597 68 858.5 498.8 1209
SSACC R,3930599.0,
ESACC R,3930599.0,3930617 20 857.1 504.3 860.5 509.7 0.17 46
SFIX R,3930619.0,
EFIX R,3930619.0,3930663 46 862.4 510.2 1148
SSACC R,3930665.0,
ESACC R,3930665.0,3930885 222 866.4 521.5 885.4 531.4 0.58 108
SFIX R,3930887.0,
EFIX R,3930887.0,3930987 102 889.5 542.1 988
SSACC R,3930989.0,
ESACC R,3930989.0,3931009 22 891.8 530.0 893.7 546.7 0.46 89
SFIX R,3931011.0,
EFIX R,3931011.0,3931055 46 893.5 541.4 985
SSACC R,3931057.0,
ESACC R,3931057.0,3931131 76 893.0 558.1 897.2 534.4 0.65 112
SFIX R,3931133.0,
EFIX R,3931133.0,3931181 50 895.2 549.0 995
SSACC R,3931183.0,
SBLINK R,3931261.0,
EBLINK R,3931261.0,3931589 330
ESACC R,3931183.0,3931843 662 892.7 548.5 918.9 446.2 2.86 2192
SFIX R,3931845.0,
EFIX R,3931845.0,3931919 76 920.3 451.9 1212
SSACC R,3931921.0,
ESACC R,3931921.0,3932041 122 921.6 441.1 893.4 498.0 1.72 172
SFIX R,3932043.0,
EFIX R,3932043.0,3932071 30 894.0 496.9 1239
SSACC R,3932073.0,
ESACC R,3932073.0,3933475 1404 897.6 513.1 939.1 555.0 1.60 249
SFIX R,3933477.0,
EFIX R,3933477.0,3933503 28 937.7 554.6 1347
SSACC R,3933505.0,
ESACC R,3933505.0,3934657 1154 937.5 563.3 970.1 539.3 1.10 208
SFIX R,3934659.0,
EFIX R,3934659.0,3934681 24 970.3 548.1 1416
SSACC R,3934683.0,
SBLINK R,3940853.0,
EBLINK R,3940853.0,3941135 284
ESACC R,3934683.0,3941767 7086 970.6 539.0 950.6 534.8 0.55 723
SFIX R,3941769.0,
EFIX R,3941769.0,3941797 30 946.9 533.5 1269
SSACC R,3941799.0,
ESACC R,3941799.0,3941855 58 942.8 539.4 940.7 556.6 0.47 120
SFIX R,3941857.0,
EFIX R,3941857.0,3941881 26 941.6 546.5 1247
SSACC R,3941883.0,
SBLINK R,3942657.0,
EBLINK R,3942657.0,3942945 290
ESACC R,3941883.0,3943151 1270 941.0 535.8 923.4 492.3 1.27 719
SFIX R,3943153.0,
EFIX R,3943153.0,3943199 48 920.5 506.4 1342
SSACC R,3943201.0,
ESACC R,3943201.0,3943325 126 923.7 511.0 930.6 519.1 0.29 90
SFIX R,3943327.0,
EFIX R,3943327.0,3943369 44 931.2 519.8 1327
SSACC R,3943371.0,
ESACC R,3943371.0,3943719 350 935.5 524.6 946.5 552.9 0.82 115
SFIX R,3943721.0,
EFIX R,3943721.0,3943843 124 948.6 552.0 1186
SSACC R,3943845.0,
ESACC R,3943845.0,3944081 238 952.5 573.2 941.2 544.0 0.85 159
SFIX R,3944083.0,
EFIX R,3944083.0,3944127 46 937.8 521.3 1213
SSACC R,3944129.0,
SBLINK R,3946911.0,
EBLINK R,3946911.0,3947569 660
ESACC R,3944129.0,3947663 3536 932.2 522.2 1000.2 524.5 1.84 774
SFIX R,3947665.0,
EFIX R,3947665.0,3947685 22 998.1 494.8 1306
SSACC R,3947687.0,
ESACC R,3947687.0,3947693 8 997.1 485.9 994.9 464.2 0.59 98
SFIX R,3947695.0,
EFIX R,3947695.0,3947731 38 994.9 446.0 1326
SSACC R,3947733.0,
ESACC R,3947733.0,3947827 96 993.4 453.1 940.0 477.9 1.60 153
SFIX R,3947829.0,
EFIX R,3947829.0,3947859 32 936.4 473.7 1300
SSACC R,3947861.0,
ESACC R,3947861.0,3947917 58 933.8 480.8 934.2 489.2 0.23 98
SFIX R,3947919.0,
EFIX R,3947919.0,3947975 58 934.6 495.4 1271
SSACC R,3947977.0,
ESACC R,3947977.0,3948087 112 936.0 509.2 939.9 502.5 0.21 87
SFIX R,3948089.0,
EFIX R,3948089.0,3948149 62 942.4 488.3 1236
SSACC R,3948151.0,
ESACC R,3948151.0,3948167 18 945.2 492.7 946.9 486.2 0.18 66
SFIX R,3948169.0,
EFIX R,3948169.0,3948363 196 949.8 493.7 1222
SSACC R,3948365.0,
ESACC R,3948365.0,3948551 188 958.0 485.5 954.0 488.6 0.14 126
SFIX R,3948553.0,
EFIX R,3948553.0,3948583 32 956.1 478.7 1258
SSACC R,3948585.0,
ESACC R,3948585.0,3948651 68 955.2 491.9 955.2 483.8 0.22 102
SFIX R,3948653.0,
EFIX R,3948653.0,3948671 20 955.6 477.5 1274
SSACC R,3948673.0,
ESACC R,3948673.0,3948763 92 956.7 477.4 958.9 459.1 0.50 111
SFIX R,3948765.0,
EFIX R,3948765.0,3948793 30 959.0 468.8 1309
SSACC R,3948795.0,
ESACC R,3948795.0,3948885 92 961.2 454.5 963.7 450.3 0.13 73
SFIX R,3948887.0,
EFIX R,3948887.0,3948971 86 969.2 445.9 1358
SSACC R,3948973.0,
ESACC R,3948973.0,3948995 24 974.1 451.4 974.6 443.8 0.21 77
SFIX R,3948997.0,
EFIX R,3948997.0,3949033 38 978.4 444.3 1379
SSACC R,3949035.0,
ESACC R,3949035.0,3949785 752 981.2 427.0 986.0 502.9 2.06 134
SFIX R,3949787.0,
EFIX R,3949787.0,3949817 32 982.7 500.6 1438
SSACC R,3949819.0,
ESACC R,3949819.0,3950519 702 985.1 507.0 960.5 428.7 2.22 186
SFIX R,3950521.0,
EFIX R,3950521.0,3950559 40 958.8 443.8 1516
SSACC R,3950561.0,
ESACC R,3950561.0,3951627 1068 957.9 463.4 974.8 528.3 1.82 182
SFIX R,3951629.0,
EFIX R,3951629.0,3951651 24 982.7 531.9 1411
SSACC R,3951653.0,
SBLINK R,3954769.0,
EBLINK R,3954769.0,3954991 224
ESACC R,3951653.0,3955373 3722 987.9 540.3 946.9 463.4 2.36 852
SFIX R,3955375.0,
EFIX R,3955375.0,3955403 30 944.0 454.0 1396
SSACC R,3955405.0,
ESACC R,3955405.0,3955607 204 938.5 461.7 928.4 517.1 1.53 152
SFIX R,3955609.0,
EFIX R,3955609.0,3955665 58 926.6 521.9 1246
SSACC R,3955667.0,
ESACC R,3955667.0,3955735 70 920.5 518.0 947.8 543.6 1.01 138
SFIX R,3955737.0,
EFIX R,3955737.0,3955791 56 952.3 543.9 1217
SSACC R,3955793.0,
ESACC R,3955793.0,3955801 10 953.2 537.8 954.4 541.3 0.10 69
SFIX R,3955803.0,
EFIX R,3955803.0,3955887 86 951.2 549.3 1216
SSACC R,3955889.0,
ESACC R,3955889.0,3955909 22 956.5 543.7 958.9 542.8 0.07 92
SFIX R,3955911.0,
EFIX R,3955911.0,3955979 70 958.1 536.6 1229
SSACC R,3955981.0,
ESACC R,3955981.0,3956123 144 964.8 511.3 975.8 514.2 0.31 119
SFIX R,3956125.0,
EFIX R,3956125.0,3956157 34 975.3 510.8 1272
SSACC R,3956159.0,
SBLINK R,3957795.0,
EBLINK R,3957795.0,3957999 206
ESACC R,3956159.0,3958297 2140 971.7 505.1 972.7 391.6 3.07 851
SFIX R,3958299.0,
EFIX R,3958299.0,3958351 54 970.0 385.8 1742
SSACC R,3958353.0,
ESACC R,3958353.0,3958519 168 966.1 384.7 962.5 418.6 0.92 92
SFIX R,3958521.0,
EFIX R,3958521.0,3958549 30 957.3 416.6 1607
SSACC R,3958551.0,
ESACC R,3958551.0,3958615 66 957.0 411.0 970.6 437.7 0.81 106
SFIX R,3958617.0,
EFIX R,3958617.0,3958823 208 963.6 469.0 1399
SSACC R,3958825.0,
ESACC R,3958825.0,3958885 62 956.8 485.0 930.7 492.5 0.74 102
SFIX R,3958887.0,
EFIX R,3958887.0,3958923 38 931.7 498.6 1299
SSACC R,3958925.0,
ESACC R,3958925.0,3958935 12 932.7 490.4 929.5 517.7 0.74 82
SFIX R,3958937.0,
EFIX R,3958937.0,3958977 42 932.0 500.9 1284
SSACC R,3958979.0,
ESACC R,3958979.0,3958997 20 931.7 509.9 930.3 495.9 0.38 71
SFIX R,3958999.0,
EFIX R,3958999.0,3959029 32 933.6 499.2 1273
SSACC R,3959031.0,
ESACC R,3959031.0,3959037 8 934.4 507.7 935.1 503.0 0.13 46
SFIX R,3959039.0,
EFIX R,3959039.0,3959095 58 935.4 496.6 1272
SSACC R,3959097.0,
ESACC R,3959097.0,3959119 24 935.7 497.7 935.4 482.6 0.41 56
SFIX R,3959121.0,
EFIX R,3959121.0,3959159 40 935.8 486.8 1277
SSACC R,3959161.0,
ESACC R,3959161.0,3959451 292 936.9 475.0 938.3 449.7 0.69 95
SFIX R,3959453.0,
EFIX R,3959453.0,3959473 22 942.6 454.1 1328
SSACC R,3959475.0,
ESACC R,3959475.0,3959677 204 951.3 461.5 954.1 412.2 1.34 147
SFIX R,3959679.0,
EFIX R,3959679.0,3960197 520 950.0 469.8 1346
SSACC R,3960199.0,
ESACC R,3960199.0,3960241 44 952.4 503.0 951.9 518.2 0.41 67
SFIX R,3960243.0,
EFIX R,3960243.0,3960345 104 953.2 519.4 1305
SSACC R,3960347.0,
ESACC R,3960347.0,3960373 28 955.2 511.8 953.7 527.0 0.41 61
SFIX R,3960375.0,
EFIX R,3960375.0,3960453 80 956.5 524.0 1312
SSACC R,3960455.0,
ESACC R,3960455.0,3960523 70 956.8 529.2 962.7 533.2 0.19 65
SFIX R,3960525.0,
EFIX R,3960525.0,3960569 46 964.0 520.4 1323
SSACC R,3960571.0,
ESACC R,3960571.0,3960641 72 964.7 515.9 966.8 491.2 0.67 82
SFIX R,3960643.0,
EFIX R,3960643.0,3960723 82 968.1 487.4 1348
SSACC R,3960725.0,
ESACC R,3960725.0,3960805 82 966.4 473.9 971.5 480.1 0.22 84
SFIX R,3960807.0,
EFIX R,3960807.0,3960939 134 975.1 465.9 1379
SSACC R,3960941.0,
ESACC R,3960941.0,3960979 40 983.8 450.5 984.8 436.4 0.38 76
SFIX R,3960981.0,
EFIX R,3960981.0,3961125 146 987.4 439.5 1423
SSACC R,3961127.0,
ESACC R,3961127.0,3961141 16 988.9 413.8 989.5 446.9 0.90 82
SFIX R,3961143.0,
EFIX R,3961143.0,3961247 106 991.6 433.6 1451
SSACC R,3961249.0,
ESACC R,3961249.0,3961281 34 994.2 429.0 994.7 435.6 0.18 79
SFIX R,3961283.0,
EFIX R,3961283.0,3961351 70 993.9 442.5 1454
SSACC R,3961353.0,
ESACC R,3961353.0,3961487 136 990.8 434.2 988.5 452.0 0.49 143
SFIX R,3961489.0,
EFIX R,3961489.0,3961683 196 986.1 453.3 1414
SSACC R,3961685.0,
ESACC R,3961685.0,3961971 288 982.5 453.4 961.5 490.2 1.15 103
SFIX R,3961973.0,
EFIX R,3961973.0,3962011 40 961.0 491.3 1241
SSACC R,3962013.0,
ESACC R,3962013.0,3962035 24 958.3 491.3 953.4 488.1 0.16 80
SFIX R,3962037.0,
EFIX R,3962037.0,3962065 30 954.9 497.9 1226
SSACC R,3962067.0,
ESACC R,3962067.0,3962309 244 953.9 519.4 988.4 487.7 1.27 148
SFIX R,3962311.0,
EFIX R,3962311.0,3962357 48 987.5 492.4 1198
SSACC R,3962359.0,
ESACC R,3962359.0,3962369 12 987.3 493.2 991.2 484.1 0.27 56
SFIX R,3962371.0,
EFIX R,3962371.0,3962465 96 989.3 498.5 1158
SSACC R,3962467.0,
ESACC R,3962467.0,3962593 128 989.4 493.5 965.2 516.5 0.90 91
SFIX R,3962595.0,
EFIX R,3962595.0,3962629 36 966.2 517.6 1069
SSACC R,3962631.0,
ESACC R,3962631.0,3962751 122 965.7 522.0 968.5 509.2 0.36 76
SFIX R,3962753.0,
EFIX R,3962753.0,3962843 92 967.5 515.1 1069
SSACC R,3962845.0,
ESACC R,3962845.0,3963049 206 968.0 528.0 974.8 509.5 0.53 125
SFIX R,3963051.0,
EFIX R,3963051.0,3963099 50 979.2 509.5 1115
SSACC R,3963101.0,
ESACC R,3963101.0,3963219 120 976.5 514.8 980.3 516.5 0.11 99
SFIX R,3963221.0,
EFIX R,3963221.0,3963265 46 979.4 512.7 1141
SSACC R,3963267.0,
ESACC R,3963267.0,3963289 24 983.6 500.1 1005.5 483.6 0.74 82
SFIX R,3963291.0,
EFIX R,3963291.0,3963363 74 1006.5 493.7 1155
SSACC R,3963365.0,
ESACC R,3963365.0,3963385 22 1006.1 496.6 1002.1 505.6 0.27 88
SFIX R,3963387.0,
EFIX R,3963387.0,3963489 104 1006.5 499.7 1172
SSACC R,3963491.0,
ESACC R,3963491.0,3963647 158 1006.3 500.0 1010.4 491.6 0.25 80
SFIX R,3963649.0,
EFIX R,3963649.0,3963707 60 1012.2 491.3 1227
SSACC R,3963709.0,
ESACC R,3963709.0,3963839 132 1015.3 491.2 994.0 501.2 0.64 86
SFIX R,3963841.0,
EFIX R,3963841.0,3963873 34 997.2 496.0 1260
SSACC R,3963875.0,
ESACC R,3963875.0,3963927 54 998.4 496.9 996.9 499.4 0.08 94
SFIX R,3963929.0,
EFIX R,3963929.0,3963957 30 997.7 496.3 1280
SSACC R,3963959.0,
ESACC R,3963959.0,3963993 36 998.2 497.8 997.3 500.3 0.07 58
SFIX R,3963995.0,
EFIX R,3963995.0,3964049 56 995.7 489.2 1294
SSACC R,3964051.0,
ESACC R,3964051.0,3964157 108 992.0 491.1 994.8 481.7 0.27 108
SFIX R,3964159.0,
EFIX R,3964159.0,3964225 68 991.8 480.6 1324
SSACC R,3964227.0,
ESACC R,3964227.0,3964419 194 990.5 458.2 980.9 459.0 0.26 109
SFIX R,3964421.0,
EFIX R,3964421.0,3964483 64 980.4 458.7 1352
SSACC R,3964485.0,
ESACC R,3964485.0,3964493 10 977.4 476.0 980.4 456.9 0.52 51
SFIX R,3964495.0,
EFIX R,3964495.0,3964643 150 977.9 456.0 1360
SSACC R,3964645.0,
ESACC R,3964645.0,3964711 68 974.1 460.8 973.1 464.3 0.10 110
SFIX R,3964713.0,
EFIX R,3964713.0,3964875 164 973.0 450.1 1389
SSACC R,3964877.0,
ESACC R,3964877.0,3964891 16 973.5 450.8 973.5 453.8 0.08 55
SFIX R,3964893.0,
EFIX R,3964893.0,3964915 24 974.5 459.3 1398
SSACC R,3964917.0,
ESACC R,3964917.0,3964965 50 974.9 443.5 975.7 457.1 0.37 96
SFIX R,3964967.0,
EFIX R,3964967.0,3965011 46 975.4 456.4 1416
SSACC R,3965013.0,
ESACC R,3965013.0,3965219 208 976.5 454.4 974.0 444.1 0.29 79
SFIX R,3965221.0,
EFIX R,3965221.0,3965383 164 974.5 446.5 1462
SSACC R,3965385.0,
ESACC R,3965385.0,3965539 156 976.4 444.8 979.3 439.6 0.16 86
SFIX R,3965541.0,
EFIX R,3965541.0,3965577 38 980.7 443.7 1466
SSACC R,3965579.0,
ESACC R,3965579.0,3965621 44 984.4 451.6 983.9 455.5 0.11 73
SFIX R,3965623.0,
EFIX R,3965623.0,3965707 86 984.5 454.7 1454
SSACC R,3965709.0,
ESACC R,3965709.0,3965775 68 984.2 444.1 1054.3 454.6 1.92 170
SFIX R,3965777.0,
EFIX R,3965777.0,3965805 30 1042.9 446.4 1455
SSACC R,3965807.0,
ESACC R,3965807.0,3965811 6 1044.6 452.8 1043.1 455.8 0.09 71
SFIX R,3965813.0,
EFIX R,3965813.0,3965947 136 1039.6 458.4 1450
SSACC R,3965949.0,
ESACC R,3965949.0,3965995 48 1038.4 455.4 1031.1 462.3 0.27 98
SFIX R,3965997.0,
EFIX R,3965997.0,3966029 34 1032.5 449.5 1463
SSACC R,3966031.0,
ESACC R,3966031.0,3966145 116 1029.8 450.8 999.7 458.8 0.84 112
SFIX R,3966147.0,
EFIX R,3966147.0,3966167 22 997.7 455.7 1476
SSACC R,3966169.0,
ESACC R,3966169.0,3966257 90 998.1 460.9 1004.1 460.2 0.16 98
SFIX R,3966259.0,
EFIX R,3966259.0,3966305 48 1003.0 455.0 1492
SSACC R,3966307.0,
ESACC R,3966307.0,3966311 6 1001.1 446.4 999.2 458.6 0.33 63
SFIX R,3966313.0,
EFIX R,3966313.0,3966341 30 1004.5 461.9 1491
SSACC R,3966343.0,
SBLINK R,3966493.0,
EBLINK R,3966493.0,3966739 248
ESACC R,3966343.0,3966939 598 999.4 458.5 988.9 431.2 0.79 1198
SFIX R,3966941.0,
EFIX R,3966941.0,3966963 24 991.5 423.9 1494
SSACC R,3966965.0,
ESACC R,3966965.0,3967019 56 992.8 409.8 992.6 416.3 0.18 69
SFIX R,3967021.0,
EFIX R,3967021.0,3967053 34 996.9 416.0 1496
SSACC R,3967055.0,
ESACC R,3967055.0,3967083 30 995.3 410.6 1000.7 421.0 0.32 92
SFIX R,3967085.0,
EFIX R,3967085.0,3967133 50 1000.9 425.4 1468
SSACC R,3967135.0,
ESACC R,3967135.0,3967223 90 1000.3 434.4 1022.5 424.1 0.66 112
SFIX R,3967225.0,
EFIX R,3967225.0,3967323 100 1010.1 444.6 1316
SSACC R,3967325.0,
ESACC R,3967325.0,3967329 6 1002.7 467.4 1000.3 471.2 0.12 48
SFIX R,3967331.0,
EFIX R,3967331.0,3967391 62 996.4 479.7 1216
SSACC R,3967393.0,
ESACC R,3967393.0,3967409 18 993.9 494.1 987.8 497.7 0.19 61
SFIX R,3967411.0,
EFIX R,3967411.0,3967567 158 986.1 503.8 1134
SSACC R,3967569.0,
ESACC R,3967569.0,3967579 12 988.9 501.1 994.2 490.7 0.32 56
SFIX R,3967581.0,
EFIX R,3967581.0,3967611 32 991.9 499.8 1102
SSACC R,3967613.0,
ESACC R,3967613.0,3967681 70 995.0 500.3 972.3 477.6 0.87 78
SFIX R,3967683.0,
EFIX R,3967683.0,3967765 84 969.1 480.5 1092
SSACC R,3967767.0,
ESACC R,3967767.0,3967781 16 962.0 494.7 965.0 474.1 0.56 63
SFIX R,3967783.0,
EFIX R,3967783.0,3967969 188 959.9 476.0 1101
SSACC R,3967971.0,
ESACC R,3967971.0,3967993 24 958.5 471.3 990.1 473.8 0.86 117
SFIX R,3967995.0,
EFIX R,3967995.0,3968157 164 981.4 464.5 1143
SSACC R,3968159.0,
ESACC R,3968159.0,3968169 12 981.8 482.3 984.1 476.6 0.17 64
SFIX R,3968171.0,
EFIX R,3968171.0,3968551 382 993.9 461.1 1221
SSACC R,3968553.0,
ESACC R,3968553.0,3968641 90 1012.5 423.6 1014.6 438.5 0.41 68
SFIX R,3968643.0,
EFIX R,3968643.0,3968731 90 1019.6 439.3 1316
SSACC R,3968733.0,
ESACC R,3968733.0,3968797 66 1021.7 432.3 1007.6 436.4 0.40 82
SFIX R,3968799.0,
EFIX R,3968799.0,3968939 142 1007.6 459.7 1329
SSACC R,3968941.0,
ESACC R,3968941.0,3969015 76 1011.0 461.8 1013.7 464.6 0.11 63
SFIX R,3969017.0,
EFIX R,3969017.0,3969153 138 1012.3 460.6 1358
SSACC R,3969155.0,
ESACC R,3969155.0,3969253 100 1012.3 446.7 1015.0 480.8 0.93 103
SFIX R,3969255.0,
EFIX R,3969255.0,3969381 128 1012.4 457.6 1385
SSACC R,3969383.0,
ESACC R,3969383.0,3969403 22 1011.0 451.3 1009.0 463.7 0.34 68
SFIX R,3969405.0,
EFIX R,3969405.0,3969453 50 1010.2 447.9 1400
SSACC R,3969455.0,
ESACC R,3969455.0,3969519 66 1009.5 446.1 1051.7 436.4 1.17 128
SFIX R,3969521.0,
EFIX R,3969521.0,3969545 26 1050.6 444.5 1405
SSACC R,3969547.0,
SBLINK R,3969595.0,
EBLINK R,3969595.0,3969847 254
ESACC R,3969547.0,3970155 610 1052.6 451.5 1016.3 432.0 1.11 775
SFIX R,3970157.0,
EFIX R,3970157.0,3970189 34 1015.8 432.0 1349
SSACC R,3970191.0,
ESACC R,3970191.0,3970219 30 1015.4 434.8 1014.5 422.5 0.33 83
SFIX R,3970221.0,
EFIX R,3970221.0,3970263 44 1010.7 433.2 1326
SSACC R,3970265.0,
ESACC R,3970265.0,3970367 104 1010.2 423.4 1022.9 494.5 1.95 142
SFIX R,3970369.0,
EFIX R,3970369.0,3970531 164 1012.1 508.3 1164
SSACC R,3970533.0,
ESACC R,3970533.0,3970579 48 1008.0 514.6 981.2 515.7 0.73 77
SFIX R,3970581.0,
EFIX R,3970581.0,3970763 184 980.4 515.7 1101
SSACC R,3970765.0,
ESACC R,3970765.0,3970811 48 979.8 518.0 1012.3 508.5 0.92 155
SFIX R,3970813.0,
EFIX R,3970813.0,3970923 112 1005.0 504.5 1092
SSACC R,3970925.0,
ESACC R,3970925.0,3970943 20 1000.9 489.4 1004.1 492.5 0.12 70
SFIX R,3970945.0,
EFIX R,3970945.0,3970983 40 1001.7 493.4 1108
SSACC R,3970985.0,
ESACC R,3970985.0,3971027 44 999.0 501.5 980.2 489.0 0.61 84
SFIX R,3971029.0,
EFIX R,3971029.0,3971093 66 975.3 488.0 1133
SSACC R,3971095.0,
ESACC R,3971095.0,3971191 98 972.1 479.2 966.4 477.5 0.16 83
SFIX R,3971193.0,
EFIX R,3971193.0,3971379 188 965.8 478.5 1212
SSACC R,3971381.0,
ESACC R,3971381.0,3971527 148 966.4 456.4 995.6 464.4 0.82 112
SFIX R,3971529.0,
EFIX R,3971529.0,3971661 134 1001.7 464.7 1324
SSACC R,3971663.0,
ESACC R,3971663.0,3971719 58 1007.7 468.9 1013.9 447.6 0.60 83
SFIX R,3971721.0,
EFIX R,3971721.0,3971741 22 1011.3 453.8 1364
SSACC R,3971743.0,
ESACC R,3971743.0,3971805 64 1010.9 464.1 1008.6 449.2 0.41 96
SFIX R,3971807.0,
EFIX R,3971807.0,3971869 64 1012.0 449.7 1384
SSACC R,3971871.0,
ESACC R,3971871.0,3971905 36 1011.6 438.3 1012.5 446.4 0.22 76
SFIX R,3971907.0,
EFIX R,3971907.0,3972005 100 1014.6 442.7 1408
SSACC R,3972007.0,
ESACC R,3972007.0,3972019 14 1015.7 453.5 1019.8 435.8 0.49 76
SFIX R,3972021.0,
EFIX R,3972021.0,3972095 76 1016.4 437.5 1424
SSACC R,3972097.0,
ESACC R,3972097.0,3972161 66 1017.0 441.4 1016.9 438.9 0.07 82
SFIX R,3972163.0,
EFIX R,3972163.0,3972255 94 1015.1 429.7 1454
SSACC R,3972257.0,
ESACC R,3972257.0,3972265 10 1015.8 452.9 1015.5 427.5 0.69 80
SFIX R,3972267.0,
EFIX R,3972267.0,3972297 32 1015.9 433.3 1467
SSACC R,3972299.0,
ESACC R,3972299.0,3972325 28 1016.8 425.7 1015.6 433.8 0.22 78
SFIX R,3972327.0,
EFIX R,3972327.0,3972397 72 1017.7 431.0 1492
SSACC R,3972399.0,
ESACC R,3972399.0,3972417 20 1018.8 428.8 1018.5 423.3 0.15 78
SFIX R,3972419.0,
EFIX R,3972419.0,3972461 44 1015.0 421.5 1517
SSACC R,3972463.0,
ESACC R,3972463.0,3972503 42 1013.6 413.6 1014.8 423.3 0.26 65
SFIX R,3972505.0,
EFIX R,3972505.0,3972557 54 1016.2 421.5 1540
SSACC R,3972559.0,
ESACC R,3972559.0,3972823 266 1013.5 429.3 1024.4 417.5 0.43 94
SFIX R,3972825.0,
EFIX R,3972825.0,3972889 66 1027.5 409.1 1594
SSACC R,3972891.0,
ESACC R,3972891.0,3973039 150 1030.1 393.9 1000.5 425.1 1.16 112
SFIX R,3973041.0,
EFIX R,3973041.0,3973087 48 1003.7 421.9 1607
SSACC R,3973089.0,
ESACC R,3973089.0,3973109 22 1004.0 421.4 1001.9 424.4 0.10 73
SFIX R,3973111.0,
EFIX R,3973111.0,3973149 40 1002.9 430.7 1598
SSACC R,3973151.0,
ESACC R,3973151.0,3973207 58 1003.8 422.4 997.4 454.4 0.88 98
SFIX R,3973209.0,
EFIX R,3973209.0,3973261 54 1000.1 452.8 1579
SSACC R,3973263.0,
SBLINK R,3973397.0,
EBLINK R,3973397.0,3973615 220
ESACC R,3973263.0,3973835 574 1002.1 436.2 1026.8 471.3 1.16 761
SFIX R,3973837.0,
EFIX R,3973837.0,3973905 70 1027.0 474.3 1425
SSACC R,3973907.0,
ESACC R,3973907.0,3974079 174 1030.3 456.2 1001.9 475.5 0.93 102
SFIX R,3974081.0,
EFIX R,3974081.0,3974123 44 1001.0 474.0 1316
SSACC R,3974125.0,
ESACC R,3974125.0,3974153 30 998.1 467.5 995.1 478.0 0.30 77
SFIX R,3974155.0,
EFIX R,3974155.0,3974241 88 987.2 486.9 1250
SSACC R,3974243.0,
ESACC R,3974243.0,3974409 168 981.6 480.1 999.5 518.0 1.14 98
SFIX R,3974411.0,
EFIX R,3974411.0,3974459 50 996.3 508.9 1188
SSACC R,3974461.0,
ESACC R,3974461.0,3974473 14 993.9 502.9 998.7 514.2 0.33 48
SFIX R,3974475.0,
EFIX R,3974475.0,3974519 46 995.6 503.9 1194
SSACC R,3974521.0,
ESACC R,3974521.0,3974569 50 997.5 513.5 972.2 498.6 0.80 70
SFIX R,3974571.0,
EFIX R,3974571.0,3974591 22 972.9 501.2 1199
SSACC R,3974593.0,
ESACC R,3974593.0,3974751 160 975.3 498.8 1007.5 471.7 1.14 130
SFIX R,3974753.0,
EFIX R,3974753.0,3974833 82 1008.4 473.1 1225
SSACC R,3974835.0,
SBLINK R,3974985.0,
EBLINK R,3974985.0,3975217 234
ESACC R,3974835.0,3975435 602 1010.3 470.7 1016.7 485.0 0.42 2144
SFIX R,3975437.0,
EFIX R,3975437.0,3975547 112 1016.0 475.0 1255
SSACC R,3975549.0,
ESACC R,3975549.0,3975581 34 1016.2 473.7 1014.8 462.4 0.31 80
SFIX R,3975583.0,
EFIX R,3975583.0,3975613 32 1016.0 473.8 1252
SSACC R,3975615.0,
ESACC R,3975615.0,3975637 24 1015.3 471.3 1015.5 459.4 0.32 133
SFIX R,3975639.0,
EFIX R,3975639.0,3975857 220 1015.9 482.8 1220
SSACC R,3975859.0,
ESACC R,3975859.0,3975887 30 1011.2 496.6 1010.6 500.7 0.11 79
SFIX R,3975889.0,
EFIX R,3975889.0,3975953 66 1011.3 501.3 1184
SSACC R,3975955.0,
ESACC R,3975955.0,3976629 676 1009.2 507.2 1020.0 535.7 0.83 244
SFIX R,3976631.0,
EFIX R,3976631.0,3976741 112 1019.7 528.3 1235
SSACC R,3976743.0,
ESACC R,3976743.0,3982183 5442 1020.5 532.0 1014.7 567.0 0.96 290
SFIX R,3982185.0,
EFIX R,3982185.0,3982209 26 1012.6 576.2 1483
SSACC R,3982211.0,
SBLINK R,3984769.0,
EBLINK R,3984769.0,3985385 618
ESACC R,3982211.0,3985873 3664 1008.8 580.8 948.7 518.1 2.35 1913
SFIX R,3985875.0,
EFIX R,3985875.0,3985933 60 946.6 518.0 1047
SSACC R,3985935.0,
ESACC R,3985935.0,3986045 112 945.7 513.9 957.4 526.3 0.46 62
SFIX R,3986047.0,
EFIX R,3986047.0,3986105 60 955.4 523.6 1016
SSACC R,3986107.0,
ESACC R,3986107.0,3986253 148 954.4 534.5 945.1 514.6 0.60 96
SFIX R,3986255.0,
EFIX R,3986255.0,3986333 80 942.1 521.9 985
SSACC R,3986335.0,
ESACC R,3986335.0,3986349 16 941.5 510.4 954.8 517.8 0.41 73
SFIX R,3986351.0,
EFIX R,3986351.0,3986569 220 963.3 509.5 971
SSACC R,3986571.0,
ESACC R,3986571.0,3986641 72 960.5 499.1 949.5 503.8 0.32 75
SFIX R,3986643.0,
EFIX R,3986643.0,3986661 20 951.3 502.2 981
SSACC R,3986663.0,
ESACC R,3986663.0,3986671 10 950.1 496.7 950.7 510.3 0.37 57
SFIX R,3986673.0,
EFIX R,3986673.0,3986831 160 948.2 504.0 995
SSACC R,3986833.0,
ESACC R,3986833.0,3986909 78 945.2 514.5 970.3 515.7 0.68 79
SFIX R,3986911.0,
EFIX R,3986911.0,3986945 36 967.1 520.4 1041
SSACC R,3986947.0,
ESACC R,3986947.0,3986975 30 964.2 523.4 965.8 539.7 0.44 80
SFIX R,3986977.0,
EFIX R,3986977.0,3987015 40 969.0 530.5 1057
SSACC R,3987017.0,
ESACC R,3987017.0,3987025 10 970.4 541.4 973.2 523.8 0.48 53
SFIX R,3987027.0,
EFIX R,3987027.0,3987163 138 975.3 538.4 1071
SSACC R,3987165.0,
ESACC R,3987165.0,3987185 22 979.4 555.6 977.3 528.6 0.73 59
SFIX R,3987187.0,
EFIX R,3987187.0,3987267 82 982.4 540.7 1076
SSACC R,3987269.0,
ESACC R,3987269.0,3987295 28 986.5 546.3 988.0 525.5 0.57 64
SFIX R,3987297.0,
EFIX R,3987297.0,3987357 62 985.8 535.1 1082
SSACC R,3987359.0,
ESACC R,3987359.0,3987365 8 982.1 537.9 984.7 533.2 0.15 51
SFIX R,3987367.0,
EFIX R,3987367.0,3987419 54 984.1 531.6 1092
SSACC R,3987421.0,
ESACC R,3987421.0,3987513 94 984.3 531.3 976.0 508.3 0.66 100
SFIX R,3987515.0,
EFIX R,3987515.0,3987877 364 979.9 494.7 1185
SSACC R,3987879.0,
ESACC R,3987879.0,3987891 14 983.8 492.1 958.4 489.0 0.69 64
SFIX R,3987893.0,
EFIX R,3987893.0,3988207 316 972.4 483.1 1240
SSACC R,3988209.0,
ESACC R,3988209.0,3988223 16 966.3 476.7 966.4 480.7 0.11 60
SFIX R,3988225.0,
EFIX R,3988225.0,3988437 214 968.5 476.7 1315
SSACC R,3988439.0,
ESACC R,3988439.0,3988473 36 971.0 476.6 976.8 469.6 0.25 74
SFIX R,3988475.0,
EFIX R,3988475.0,3988621 148 979.5 456.5 1392
SSACC R,3988623.0,
ESACC R,3988623.0,3988643 22 981.7 460.5 984.8 452.4 0.24 85
SFIX R,3988645.0,
EFIX R,3988645.0,3988669 26 983.0 451.1 1424
SSACC R,3988671.0,
ESACC R,3988671.0,3988781 112 984.1 453.6 989.9 436.1 0.50 87
SFIX R,3988783.0,
EFIX R,3988783.0,3988821 40 988.1 447.1 1447
SSACC R,3988823.0,
ESACC R,3988823.0,3988907 86 988.8 454.2 987.7 438.9 0.42 109
SFIX R,3988909.0,
EFIX R,3988909.0,3988951 44 990.3 441.7 1458
SSACC R,3988953.0,
ESACC R,3988953.0,3988971 20 990.7 455.0 992.0 444.8 0.28 88
SFIX R,3988973.0,
EFIX R,3988973.0,3989093 122 995.3 451.7 1453
SSACC R,3989095.0,
ESACC R,3989095.0,3989125 32 1000.2 464.5 994.6 462.8 0.16 92
SFIX R,3989127.0,
EFIX R,3989127.0,3989165 40 997.5 472.1 1436
SSACC R,3989167.0,
ESACC R,3989167.0,3989193 28 1001.0 454.2 1002.3 472.2 0.49 54
SFIX R,3989195.0,
EFIX R,3989195.0,3989281 88 1002.6 471.8 1436
SSACC R,3989283.0,
ESACC R,3989283.0,3989367 86 1005.8 495.1 1008.2 480.6 0.40 76
SFIX R,3989369.0,
EFIX R,3989369.0,3989403 36 1007.9 472.4 1425
SSACC R,3989405.0,
ESACC R,3989405.0,3989409 6 1010.6 472.2 1012.1 481.4 0.25 61
SFIX R,3989411.0,
EFIX R,3989411.0,3989517 108 1013.5 477.6 1414
SSACC R,3989519.0,
SBLINK R,3989581.0,
EBLINK R,3989581.0,3989909 330
ESACC R,3989519.0,3990013 496 1017.5 466.2 1076.1 409.6 2.20 802
SFIX R,3990015.0,
EFIX R,3990015.0,3990039 26 1077.7 409.9 1410
SSACC R,3990041.0,
ESACC R,3990041.0,3990151 112 1072.6 410.6 1052.2 404.8 0.57 99
SFIX R,3990153.0,
EFIX R,3990153.0,3990185 34 1053.7 404.3 1428
SSACC R,3990187.0,
ESACC R,3990187.0,3990213 28 1053.2 409.0 998.2 408.4 1.49 132
SFIX R,3990215.0,
EFIX R,3990215.0,3990251 38 1013.3 410.0 1426
SSACC R,3990253.0,
ESACC R,3990253.0,3990267 16 1011.7 406.3 1007.2 422.1 0.44 91
SFIX R,3990269.0,
EFIX R,3990269.0,3990355 88 1002.0 428.8 1414
SSACC R,3990357.0,
ESACC R,3990357.0,3990391 36 997.6 437.8 997.8 440.1 0.06 52
SFIX R,3990393.0,
EFIX R,3990393.0,3990511 120 995.0 438.7 1384
SSACC R,3990513.0,
ESACC R,3990513.0,3990597 86 994.9 445.5 994.6 446.1 0.02 88
SFIX R,3990599.0,
EFIX R,3990599.0,3990647 50 992.2 445.6 1365
SSACC R,3990649.0,
ESACC R,3990649.0,3990679 32 990.4 440.6 985.3 450.4 0.30 78
SFIX R,3990681.0,
EFIX R,3990681.0,3990805 126 984.1 453.5 1352
SSACC R,3990807.0,
ESACC R,3990807.0,3990843 38 979.8 455.8 982.1 461.2 0.16 50
SFIX R,3990845.0,
EFIX R,3990845.0,3990877 34 984.6 462.7 1336
SSACC R,3990879.0,
ESACC R,3990879.0,3991065 188 988.7 460.2 1035.0 462.4 1.26 154
SFIX R,3991067.0,
EFIX R,3991067.0,3991095 30 1031.9 480.3 1313
SSACC R,3991097.0,
ESACC R,3991097.0,3991199 104 1033.0 482.2 1033.3 465.0 0.47 80
SFIX R,3991201.0,
EFIX R,3991201.0,3991251 52 1032.7 466.5 1325
SSACC R,3991253.0,
ESACC R,3991253.0,3991435 184 1031.3 449.8 1022.0 459.6 0.37 86
SFIX R,3991437.0,
EFIX R,3991437.0,3991459 24 1023.5 467.1 1352
SSACC R,3991461.0,
ESACC R,3991461.0,3991495 36 1024.0 480.4 1016.2 464.3 0.48 96
SFIX R,3991497.0,
EFIX R,3991497.0,3991557 62 1015.6 466.6 1359
SSACC R,3991559.0,
ESACC R,3991559.0,3991599 42 1013.8 478.3 1010.6 474.1 0.14 64
SFIX R,3991601.0,
EFIX R,3991601.0,3991645 46 1010.6 467.8 1365
SSACC R,3991647.0,
ESACC R,3991647.0,3991693 48 1009.4 469.0 1007.4 465.0 0.12 91
SFIX R,3991695.0,
EFIX R,3991695.0,3991717 24 1008.5 467.3 1369
SSACC R,3991719.0,
ESACC R,3991719.0,3991957 240 1011.6 481.8 1017.5 456.5 0.70 117
SFIX R,3991959.0,
EFIX R,3991959.0,3991991 34 1016.9 455.3 1387
SSACC R,3991993.0,
ESACC R,3991993.0,3992029 38 1018.1 452.7 1019.8 462.6 0.27 95
SFIX R,3992031.0,
EFIX R,3992031.0,3992077 48 1020.7 465.0 1374
SSACC R,3992079.0,
SBLINK R,3992241.0,
EBLINK R,3992241.0,3992451 212
ESACC R,3992079.0,3992635 558 1025.1 457.8 1028.7 399.7 1.58 848
SFIX R,3992637.0,
EFIX R,3992637.0,3992673 38 1028.7 401.4 1374
SSACC R,3992675.0,
ESACC R,3992675.0,3992749 76 1032.5 406.4 1035.9 449.0 1.16 78
SFIX R,3992751.0,
EFIX R,3992751.0,3992791 42 1034.7 451.1 1365
SSACC R,3992793.0,
ESACC R,3992793.0,3992951 160 1033.8 463.0 1021.2 497.6 1.00 115
SFIX R,3992953.0,
EFIX R,3992953.0,3993131 180 1021.2 511.5 1312
SSACC R,3993133.0,
ESACC R,3993133.0,3993139 8 1019.4 513.6 1022.9 523.2 0.28 52
SFIX R,3993141.0,
EFIX R,3993141.0,3993185 46 1019.8 525.9 1270
SSACC R,3993187.0,
ESACC R,3993187.0,3993193 8 1018.9 535.5 1019.8 524.8 0.29 47
SFIX R,3993195.0,
EFIX R,3993195.0,3993239 46 1018.9 530.4 1251
SSACC R,3993241.0,
ESACC R,3993241.0,3993277 38 1017.4 539.4 1040.1 518.4 0.84 98
SFIX R,3993279.0,
EFIX R,3993279.0,3993461 184 1036.6 539.9 1214
SSACC R,3993463.0,
ESACC R,3993463.0,3993479 18 1032.7 541.3 1003.4 531.3 0.84 78
SFIX R,3993481.0,
EFIX R,3993481.0,3993555 76 1012.2 529.7 1189
SSACC R,3993557.0,
ESACC R,3993557.0,3993613 58 1011.9 537.8 1012.2 524.1 0.37 107
SFIX R,3993615.0,
EFIX R,3993615.0,3993725 112 1011.3 516.1 1167
SSACC R,3993727.0,
ESACC R,3993727.0,3993787 62 1013.4 514.0 1037.8 494.8 0.84 118
SFIX R,3993789.0,
EFIX R,3993789.0,3993817 30 1038.4 501.6 1169
SSACC R,3993819.0,
ESACC R,3993819.0,3993847 30 1039.6 507.2 1039.5 487.3 0.54 112
SFIX R,3993849.0,
EFIX R,3993849.0,3993915 68 1038.4 493.4 1180
SSACC R,3993917.0,
ESACC R,3993917.0,3993995 80 1037.1 488.2 1012.6 499.8 0.73 86
SFIX R,3993997.0,
EFIX R,3993997.0,3994095 100 1012.4 489.1 1202
SSACC R,3994097.0,
ESACC R,3994097.0,3994105 10 1015.8 474.4 1012.6 492.9 0.51 60
SFIX R,3994107.0,
EFIX R,3994107.0,3994219 114 1012.9 485.6 1224
SSACC R,3994221.0,
ESACC R,3994221.0,3994365 146 1013.0 473.9 1042.1 478.4 0.80 103
SFIX R,3994367.0,
EFIX R,3994367.0,3994417 52 1043.7 459.0 1263
SSACC R,3994419.0,
SBLINK R,3995979.0,
EBLINK R,3995979.0,3996285 308
ESACC R,3994419.0,3996789 2372 1034.5 456.9 964.8 497.3 2.18 538
SFIX R,3996791.0,
EFIX R,3996791.0,3996839 50 964.7 508.3 1259
SSACC R,3996841.0,
ESACC R,3996841.0,3997179 340 963.9 525.5 983.3 577.0 1.49 90
SFIX R,3997181.0,
EFIX R,3997181.0,3997291 112 984.0 566.2 1118
SSACC R,3997293.0,
ESACC R,3997293.0,3997313 22 982.3 553.9 981.4 577.5 0.64 87
SFIX R,3997315.0,
EFIX R,3997315.0,3997349 36 982.8 564.1 1112
SSACC R,3997351.0,
ESACC R,3997351.0,3997551 202 981.5 572.9 947.7 519.5 1.71 112
SFIX R,3997553.0,
EFIX R,3997553.0,3997581 30 955.2 524.8 1132
SSACC R,3997583.0,
ESACC R,3997583.0,3997619 38 953.7 522.6 958.3 542.9 0.56 104
SFIX R,3997621.0,
EFIX R,3997621.0,3997669 50 959.8 525.9 1141
SSACC R,3997671.0,
ESACC R,3997671.0,3997851 182 961.4 508.8 989.4 491.7 0.89 148
SFIX R,3997853.0,
EFIX R,3997853.0,3997921 70 988.9 517.5 1158
SSACC R,3997923.0,
SBLINK R,3998075.0,
EBLINK R,3998075.0,3998349 276
ESACC R,3997923.0,3998905 984 988.4 530.8 951.2 497.9 1.35 1975
SFIX R,3998907.0,
EFIX R,3998907.0,3999065 160 947.9 523.0 1144
SSACC R,3999067.0,
ESACC R,3999067.0,3999111 46 954.2 536.0 970.6 537.0 0.45 64
SFIX R,3999113.0,
EFIX R,3999113.0,3999183 72 971.9 539.0 1011
SSACC R,3999185.0,
ESACC R,3999185.0,3999193 10 973.8 541.7 973.7 518.9 0.62 78
SFIX R,3999195.0,
EFIX R,3999195.0,3999399 206 973.2 528.3 941
SSACC R,3999401.0,
ESACC R,3999401.0,3999419 20 973.0 526.3 975.5 523.3 0.11 68
SFIX R,3999421.0,
EFIX R,3999421.0,3999447 28 973.7 520.1 896
SSACC R,3999449.0,
ESACC R,3999449.0,3999517 70 977.2 513.2 957.5 507.5 0.56 89
SFIX R,3999519.0,
EFIX R,3999519.0,3999781 264 958.5 511.4 873
SSACC R,3999783.0,
ESACC R,3999783.0,3999823 42 954.1 512.9 956.7 509.8 0.11 71
SFIX R,3999825.0,
EFIX R,3999825.0,3999855 32 958.0 506.2 898
SSACC R,3999857.0,
ESACC R,3999857.0,4000037 182 958.6 506.2 967.4 537.9 0.89 91
SFIX R,4000039.0,
EFIX R,4000039.0,4000131 94 969.0 526.7 974
SSACC R,4000133.0,
ESACC R,4000133.0,4000171 40 969.6 518.3 968.6 520.5 0.07 92
SFIX R,4000173.0,
EFIX R,4000173.0,4000269 98 970.4 535.2 1019
SSACC R,4000271.0,
ESACC R,4000271.0,4000283 14 966.9 550.2 967.9 530.5 0.53 76
SFIX R,4000285.0,
EFIX R,4000285.0,4000337 54 969.1 550.1 1042
SSACC R,4000339.0,
ESACC R,4000339.0,4000423 86 971.3 546.7 1002.1 549.5 0.84 147
SFIX R,4000425.0,
EFIX R,4000425.0,4000577 154 1001.4 549.0 1105
SSACC R,4000579.0,
ESACC R,4000579.0,4001157 580 1001.6 547.9 1034.3 499.7 1.58 181
SFIX R,4001159.0,
EFIX R,4001159.0,4001265 108 1023.6 506.8 1295
SSACC R,4001267.0,
ESACC R,4001267.0,4001283 18 1025.3 510.4 1021.9 500.4 0.29 99
SFIX R,4001285.0,
EFIX R,4001285.0,4001309 26 1021.4 509.9 1295
SSACC R,4001311.0,
ESACC R,4001311.0,4001343 34 1021.0 493.2 1023.4 522.9 0.81 95
SFIX R,4001345.0,
EFIX R,4001345.0,4001365 22 1022.1 515.9 1290
SSACC R,4001367.0,
SBLINK R,4001645.0,
EBLINK R,4001645.0,4001939 296
ESACC R,4001367.0,4002141 776 1022.2 509.7 1009.0 739.7 6.22 1353
SFIX R,4002143.0,
EFIX R,4002143.0,4002177 36 1025.2 712.1 1121
SSACC R,4002179.0,
ESACC R,4002179.0,4002433 256 1031.8 700.6 1004.5 520.2 4.93 197
SFIX R,4002435.0,
EFIX R,4002435.0,4002479 46 1002.1 514.6 1202
SSACC R,4002481.0,
ESACC R,4002481.0,4002705 226 997.2 518.5 1000.5 533.1 0.41 144
SFIX R,4002707.0,
EFIX R,4002707.0,4002755 50 999.1 543.8 1042
SSACC R,4002757.0,
SBLINK R,4004397.0,
EBLINK R,4004397.0,4005571 1176
ESACC R,4002757.0,4005717 2962 999.8 532.0 984.7 474.8 1.60 2609
SFIX R,4005719.0,
EFIX R,4005719.0,4005757 40 986.3 472.0 933
SSACC R,4005759.0,
ESACC R,4005759.0,4005777 20 980.9 469.4 956.0 494.9 0.97 92
SFIX R,4005779.0,
EFIX R,4005779.0,4005887 110 959.6 489.3 941
SSACC R,4005889.0,
ESACC R,4005889.0,4005905 18 962.2 494.7 966.6 489.2 0.19 71
SFIX R,4005907.0,
EFIX R,4005907.0,4006005 100 965.1 501.4 940
SSACC R,4006007.0,
ESACC R,4006007.0,4006049 44 955.2 503.7 961.0 518.1 0.42 66
SFIX R,4006051.0,
EFIX R,4006051.0,4006085 36 958.3 511.6 907
SSACC R,4006087.0,
ESACC R,4006087.0,4006103 18 957.9 501.0 964.6 526.9 0.73 83
SFIX R,4006105.0,
EFIX R,4006105.0,4006397 294 959.0 520.2 877
SSACC R,4006399.0,
ESACC R,4006399.0,4006513 116 951.1 535.9 955.7 554.3 0.51 95
SFIX R,4006515.0,
EFIX R,4006515.0,4006565 52 959.1 547.2 907
SSACC R,4006567.0,
ESACC R,4006567.0,4006709 144 962.2 543.9 963.3 582.1 1.04 122
SFIX R,4006711.0,
EFIX R,4006711.0,4006737 28 964.2 594.8 909
SSACC R,4006739.0,
SBLINK R,4006865.0,
EBLINK R,4006865.0,4007119 256
ESACC R,4006739.0,4007631 894 963.2 612.1 981.9 566.4 1.34 2082
SFIX R,4007633.0,
EFIX R,4007633.0,4007677 46 981.2 573.0 1031
SSACC R,4007679.0,
ESACC R,4007679.0,4007735 58 977.1 567.5 974.4 554.6 0.36 87
SFIX R,4007737.0,
EFIX R,4007737.0,4007769 34 979.8 561.9 1045
SSACC R,4007771.0,
ESACC R,4007771.0,4008247 478 979.9 573.0 959.5 564.0 0.60 197
SFIX R,4008249.0,
EFIX R,4008249.0,4008275 28 957.1 574.1 1013
SSACC R,4008277.0,
SBLINK R,4008419.0,
EBLINK R,4008419.0,4008687 270
ESACC R,4008277.0,4008883 608 955.0 578.0 983.4 560.0 0.91 1870
SFIX R,4008885.0,
EFIX R,4008885.0,4008917 34 980.5 529.8 1145
SSACC R,4008919.0,
ESACC R,4008919.0,4008977 60 983.8 525.8 979.0 515.1 0.32 108
SFIX R,4008979.0,
EFIX R,4008979.0,4009053 76 976.5 511.6 1176
SSACC R,4009055.0,
ESACC R,4009055.0,4009087 34 973.7 517.3 972.9 499.8 0.47 81
SFIX R,4009089.0,
EFIX R,4009089.0,4009115 28 968.8 500.8 1192
SSACC R,4009117.0,
ESACC R,4009117.0,4009297 182 969.4 499.7 960.8 505.1 0.28 109
SFIX R,4009299.0,
EFIX R,4009299.0,4009331 34 960.5 498.6 1219
SSACC R,4009333.0,
ESACC R,4009333.0,4009383 52 963.5 500.8 962.1 502.3 0.06 97
SFIX R,4009385.0,
EFIX R,4009385.0,4009419 36 959.0 505.3 1224
SSACC R,4009421.0,
ESACC R,4009421.0,4009625 206 960.7 493.4 948.8 502.5 0.41 93
SFIX R,4009627.0,
EFIX R,4009627.0,4009709 84 949.6 521.6 1225
SSACC R,4009711.0,
SBLINK R,4010509.0,
EBLINK R,4010509.0,4010741 234
ESACC R,4009711.0,4010991 1282 947.3 520.6 998.0 525.4 1.38 546
SFIX R,4010993.0,
EFIX R,4010993.0,4011037 46 994.0 516.7 1528
SSACC R,4011039.0,
ESACC R,4011039.0,4011047 10 990.6 527.5 986.9 500.4 0.74 99
SFIX R,4011049.0,
EFIX R,4011049.0,4011131 84 989.8 494.7 1531
SSACC R,4011133.0,
ESACC R,4011133.0,4011173 42 988.8 491.0 969.9 488.6 0.52 78
SFIX R,4011175.0,
EFIX R,4011175.0,4011231 58 964.4 493.0 1481
SSACC R,4011233.0,
ESACC R,4011233.0,4011251 20 961.5 491.3 956.7 509.4 0.51 71
SFIX R,4011253.0,
EFIX R,4011253.0,4011323 72 954.1 526.8 1407
SSACC R,4011325.0,
ESACC R,4011325.0,4011357 34 956.6 527.3 972.7 551.1 0.78 74
SFIX R,4011359.0,
EFIX R,4011359.0,4011389 32 970.7 546.9 1348
SSACC R,4011391.0,
ESACC R,4011391.0,4011423 34 970.7 546.2 939.3 558.7 0.92 68
SFIX R,4011425.0,
EFIX R,4011425.0,4011589 166 942.2 578.0 1276
SSACC R,4011591.0,
ESACC R,4011591.0,4011651 62 942.1 590.3 940.2 576.1 0.39 78
SFIX R,4011653.0,
EFIX R,4011653.0,4011703 52 942.1 577.4 1217
SSACC R,4011705.0,
ESACC R,4011705.0,4011759 56 942.9 568.5 942.8 563.3 0.14 56
SFIX R,4011761.0,
EFIX R,4011761.0,4011787 28 943.6 574.3 1200
SSACC R,4011789.0,
ESACC R,4011789.0,4011803 16 942.2 583.3 947.1 563.1 0.56 83
SFIX R,4011805.0,
EFIX R,4011805.0,4011841 38 944.0 569.0 1198
SSACC R,4011843.0,
ESACC R,4011843.0,4012027 186 946.4 567.2 948.8 541.3 0.70 100
SFIX R,4012029.0,
EFIX R,4012029.0,4012053 26 949.8 537.3 1211
SSACC R,4012055.0,
SBLINK R,4012239.0,
EBLINK R,4012239.0,4017753 5516
ESACC R,4012055.0,4018465 6412 950.3 533.1 960.3 588.8 1.53 2392
SFIX R,4018467.0,
EFIX R,4018467.0,4018497 32 954.7 604.5 1146
SSACC R,4018499.0,
SBLINK R,4018655.0,
EBLINK R,4018655.0,4018919 266
ESACC R,4018499.0,4020727 2230 942.4 612.3 977.4 667.4 1.77 1992
SFIX R,4020729.0,
EFIX R,4020729.0,4020751 24 983.9 676.3 1194
SSACC R,4020753.0,
SBLINK R,4021053.0,
EBLINK R,4021053.0,4021697 646
ESACC R,4020753.0,4022033 1282 978.4 667.0 975.3 381.7 7.70 581
SFIX R,4022035.0,
EFIX R,4022035.0,4022057 24 977.7 388.7 1348
SSACC R,4022059.0,
ESACC R,4022059.0,4022145 88 977.4 392.3 972.3 439.6 1.29 105
SFIX R,4022147.0,
EFIX R,4022147.0,4022227 82 969.5 448.1 1329
SSACC R,4022229.0,
ESACC R,4022229.0,4022325 98 970.3 433.4 972.2 485.1 1.40 114
SFIX R,4022327.0,
EFIX R,4022327.0,4022367 42 970.3 486.6 1272
SSACC R,4022369.0,
ESACC R,4022369.0,4022383 16 968.5 495.2 971.7 473.3 0.60 80
SFIX R,4022385.0,
EFIX R,4022385.0,4022475 92 972.5 482.0 1248
SSACC R,4022477.0,
SBLINK R,4022785.0,
EBLINK R,4022785.0,4055003 32220
ESACC R,4022477.0,4059087 36612 977.5 480.0 1024.4 678.2 5.51 1928
SFIX R,4059089.0,
EFIX R,4059089.0,4059115 28 1015.0 679.0 1387
SSACC R,4059117.0,
SBLINK R,4059487.0,
EBLINK R,4059487.0,4062333 2848
ESACC R,4059117.0,4063701 4586 1013.8 687.1 980.4 515.7 4.72 1241
SFIX R,4063703.0,
EFIX R,4063703.0,4063763 62 969.4 468.1 1321
SSACC R,4063765.0,
SBLINK R,4063817.0,
EBLINK R,4063817.0,4105719 41904
ESACC R,4063765.0,4105739 41976 967.0 431.7 291.2 1512.9 30.93 2333
SFIX R,4105741.0,
EFIX R,4105741.0,4105815 76 276.0 1465.2 281
SSACC R,4105817.0,
SBLINK R,4106259.0,
EBLINK R,4106259.0,4122411 16154
ESACC R,4105817.0,4127571 21756 272.1 1423.1 243.2 1480.3 1.42 1655
SFIX R,4127573.0,
EFIX R,4127573.0,4127593 22 242.4 1473.7 278
SSACC R,4127595.0,
ESACC R,4127595.0,4128167 574 236.6 1459.1 911.8 526.2 28.08 1501
SFIX R,4128169.0,
EFIX R,4128169.0,4128213 46 914.1 529.1 1121
SSACC R,4128215.0,
SBLINK R,4128787.0,
EBLINK R,4128787.0,4139671 10886
ESACC R,4128215.0,4139921 11708 913.6 535.3 276.5 1458.2 27.44 2297
SFIX R,4139923.0,
EFIX R,4139923.0,4139967 46 278.2 1459.0 298
SSACC R,4139969.0,
SBLINK R,4140347.0,
EBLINK R,4140347.0,4142987 2642
ESACC R,4139969.0,4143577 3610 259.9 1449.0 226.3 1409.8 1.16 2359
SFIX R,4143579.0,
EFIX R,4143579.0,4143613 36 218.3 1411.4 251
SSACC R,4143615.0,
ESACC R,4143615.0,4143753 140 205.9 1406.4 211.7 1349.9 1.27 77
SFIX R,4143755.0,
EFIX R,4143755.0,4143779 26 209.0 1340.9 276
SSACC R,4143781.0,
ESACC R,4143781.0,4143859 80 219.1 1339.3 230.6 1391.6 1.21 883
SFIX R,4143861.0,
EFIX R,4143861.0,4143909 50 233.1 1435.2 270
SSACC R,4143911.0,
SBLINK R,4143977.0,
EBLINK R,4143977.0,4144055 80
ESACC R,4143911.0,4144447 538 218.6 1477.4 272.5 1422.0 1.73 1521
SFIX R,4144449.0,
EFIX R,4144449.0,4144553 106 249.3 1441.7 281
SSACC R,4144555.0,
ESACC R,4144555.0,4144661 108 235.0 1453.0 245.5 1464.0 0.34 1008
SFIX R,4144663.0,
EFIX R,4144663.0,4144757 96 265.5 1472.6 266
SSACC R,4144759.0,
ESACC R,4144759.0,4144917 160 261.4 1464.3 246.0 1394.0 1.60 343
SFIX R,4144919.0,
EFIX R,4144919.0,4144955 38 238.0 1387.8 289
SSACC R,4144957.0,
ESACC R,4144957.0,4145077 122 225.2 1384.1 259.1 1411.5 0.99 1235
SFIX R,4145079.0,
EFIX R,4145079.0,4145201 124 242.7 1447.4 276
SSACC R,4145203.0,
ESACC R,4145203.0,4145221 20 232.1 1461.3 234.1 1453.2 0.18 110
SFIX R,4145223.0,
EFIX R,4145223.0,4145255 34 241.8 1443.7 279
SSACC R,4145257.0,
ESACC R,4145257.0,4146155 900 252.4 1444.0 236.3 1378.1 1.51 1626
SFIX R,4146157.0,
EFIX R,4146157.0,4146201 46 235.5 1372.6 307
SSACC R,4146203.0,
ESACC R,4146203.0,4146719 518 236.3 1370.2 252.8 1548.8 3.93 1550
SFIX R,4146721.0,
EFIX R,4146721.0,4146749 30 239.0 1533.7 307
SSACC R,4146751.0,
SBLINK R,4146979.0,
EBLINK R,4146979.0,4159479 12502
ESACC R,4146751.0,4159725 12976 234.9 1526.0 956.0 351.4 33.14 2593
SFIX R,4159727.0,
EFIX R,4159727.0,4159751 26 953.0 356.0 1135
SSACC R,4159753.0,
SBLINK R,4160479.0,
EBLINK R,4160479.0,4173465 12988
ESACC R,4159753.0,4173715 13964 956.2 344.3 896.0 392.7 2.08 2412
SFIX R,4173717.0,
EFIX R,4173717.0,4173765 50 893.3 380.8 1679
SSACC R,4173767.0,
ESACC R,4173767.0,4173901 136 891.8 351.1 922.9 445.3 2.68 134
SFIX R,4173903.0,
EFIX R,4173903.0,4173969 68 912.3 455.7 1544
SSACC R,4173971.0,
ESACC R,4173971.0,4174125 156 906.5 473.3 868.2 516.5 1.56 229
SFIX R,4174127.0,
EFIX R,4174127.0,4174185 60 871.2 488.8 1346
SSACC R,4174187.0,
SBLINK R,4175269.0,
EBLINK R,4175269.0,4193599 18332
ESACC R,4174187.0,4193685 19500 872.9 467.7 281.0 1421.4 27.61 2216
SFIX R,4193687.0,
EFIX R,4193687.0,4193745 60 296.2 1400.8 227
SSACC R,4193747.0,
SBLINK R,4194469.0,
EBLINK R,4194469.0,4197993 3526
ESACC R,4193747.0,4198593 4848 312.7 1391.0 913.4 576.2 25.09 2107
SFIX R,4198595.0,
EFIX R,4198595.0,4198619 26 913.4 572.1 838
SSACC R,4198621.0,
ESACC R,4198621.0,4198991 372 909.2 570.6 890.2 645.5 2.09 122
SFIX R,4198993.0,
EFIX R,4198993.0,4199023 32 893.0 649.5 778
SSACC R,4199025.0,
ESACC R,4199025.0,4199101 78 891.9 655.6 906.6 645.5 0.48 142
SFIX R,4199103.0,
EFIX R,4199103.0,4199123 22 902.1 654.0 795
SSACC R,4199125.0,
ESACC R,4199125.0,4199235 112 902.9 656.7 904.0 631.9 0.67 91
SFIX R,4199237.0,
EFIX R,4199237.0,4199287 52 903.9 635.6 841
SSACC R,4199289.0,
SBLINK R,4205883.0,
EBLINK R,4205883.0,4212861 6980
ESACC R,4199289.0,4214501 15214 901.7 649.1 886.7 491.7 4.28 1777
SFIX R,4214503.0,
EFIX R,4214503.0,4214523 22 883.7 494.5 1379
SSACC R,4214525.0,
SBLINK R,4222497.0,
EBLINK R,4222497.0,4223341 846
ESACC R,4214525.0,4223989 9466 887.3 490.2 908.0 517.8 0.93 822
SFIX R,4223991.0,
EFIX R,4223991.0,4224027 38 907.3 514.0 1236
SSACC R,4224029.0,
SBLINK R,4225903.0,
EBLINK R,4225903.0,4235343 9442
ESACC R,4224029.0,4235935 11908 907.3 496.4 952.1 462.1 1.53 2544
SFIX R,4235937.0,
EFIX R,4235937.0,4235985 50 950.3 465.9 1372
SSACC R,4235987.0,
ESACC R,4235987.0,4236019 34 948.6 451.2 943.3 466.1 0.43 65
SFIX R,4236021.0,
EFIX R,4236021.0,4236053 34 944.3 465.9 1332
SSACC R,4236055.0,
ESACC R,4236055.0,4236079 26 947.4 465.7 980.8 480.7 0.99 104
SFIX R,4236081.0,
EFIX R,4236081.0,4236293 214 959.1 472.5 1312
SSACC R,4236295.0,
ESACC R,4236295.0,4236303 10 959.7 491.0 958.7 468.9 0.60 65
SFIX R,4236305.0,
EFIX R,4236305.0,4236447 144 958.0 463.0 1344
SSACC R,4236449.0,
ESACC R,4236449.0,4236477 30 958.8 455.4 957.9 460.3 0.14 93
SFIX R,4236479.0,
EFIX R,4236479.0,4236725 248 959.6 443.8 1427
SSACC R,4236727.0,
SBLINK R,4237457.0,
EBLINK R,4237457.0,4273395 35940
ESACC R,4236727.0,4274305 37580 964.8 442.4 931.2 537.7 2.74 1067
SFIX R,4274307.0,
EFIX R,4274307.0,4274369 64 927.7 537.1 1039
SSACC R,4274371.0,
SBLINK R,4275621.0,
EBLINK R,4275621.0,4301079 25460
ESACC R,4274371.0,4302479 28110 936.9 540.8 964.2 442.0 2.78 3270
SFIX R,4302481.0,
EFIX R,4302481.0,4302581 102 967.6 443.6 1522
SSACC R,4302583.0,
ESACC R,4302583.0,4302657 76 966.9 450.5 966.9 436.7 0.37 78
SFIX R,4302659.0,
EFIX R,4302659.0,4302735 78 968.8 433.4 1533
SSACC R,4302737.0,
ESACC R,4302737.0,4302765 30 966.7 435.4 966.6 435.5 0.00 84
SFIX R,4302767.0,
EFIX R,4302767.0,4302851 86 964.6 440.1 1499
SSACC R,4302853.0,
ESACC R,4302853.0,4302899 48 962.6 444.4 958.5 434.2 0.30 72
SFIX R,4302901.0,
EFIX R,4302901.0,4303259 360 948.1 432.8 1448
SSACC R,4303261.0,
ESACC R,4303261.0,4303295 36 940.6 417.2 936.8 432.7 0.43 75
SFIX R,4303297.0,
EFIX R,4303297.0,4303381 86 936.2 422.5 1474
SSACC R,4303383.0,
ESACC R,4303383.0,4303401 20 935.5 423.9 934.4 424.7 0.04 67
SFIX R,4303403.0,
EFIX R,4303403.0,4303559 158 935.1 411.1 1503
SSACC R,4303561.0,
ESACC R,4303561.0,4303585 26 935.9 416.3 936.5 406.2 0.27 58
SFIX R,4303587.0,
EFIX R,4303587.0,4303685 100 936.7 402.7 1522
SSACC R,4303687.0,
ESACC R,4303687.0,4303719 34 937.8 389.4 939.1 405.0 0.42 69
SFIX R,4303721.0,
EFIX R,4303721.0,4303755 36 936.7 407.1 1528
SSACC R,4303757.0,
ESACC R,4303757.0,4304187 432 939.2 403.3 958.1 407.2 0.52 94
SFIX R,4304189.0,
EFIX R,4304189.0,4304315 128 967.2 414.7 1522
SSACC R,4304317.0,
ESACC R,4304317.0,4304321 6 969.4 429.9 974.0 419.1 0.32 54
SFIX R,4304323.0,
EFIX R,4304323.0,4304391 70 971.5 423.4 1509
SSACC R,4304393.0,
SBLINK R,4305749.0,
EBLINK R,4305749.0,4306687 940
ESACC R,4304393.0,4307023 2632 973.2 414.3 977.6 486.9 1.97 2412
SFIX R,4307025.0,
EFIX R,4307025.0,4307065 42 977.0 485.2 1116
SSACC R,4307067.0,
ESACC R,4307067.0,4307187 122 976.7 471.8 965.7 497.7 0.76 154
SFIX R,4307189.0,
EFIX R,4307189.0,4307213 26 956.7 501.6 1104
SSACC R,4307215.0,
ESACC R,4307215.0,4307283 70 952.2 502.3 959.4 519.4 0.50 107
SFIX R,4307285.0,
EFIX R,4307285.0,4307325 42 955.7 515.5 1098
SSACC R,4307327.0,
SBLINK R,4313299.0,
EBLINK R,4313299.0,4317691 4394
ESACC R,4307327.0,4317985 10660 960.5 515.6 943.9 449.8 1.84 2028
SFIX R,4317987.0,
EFIX R,4317987.0,4318185 200 946.4 458.6 1185
SSACC R,4318187.0,
ESACC R,4318187.0,4318343 158 942.8 459.8 939.3 499.7 1.09 106
SFIX R,4318345.0,
EFIX R,4318345.0,4318385 42 938.3 497.9 1077
SSACC R,4318387.0,
SBLINK R,4321389.0,
EBLINK R,4321389.0,4341709 20322
ESACC R,4318387.0,4342393 24008 936.4 503.9 973.9 606.2 2.95 1488
SFIX R,4342395.0,
EFIX R,4342395.0,4342417 24 972.2 591.8 1153
SSACC R,4342419.0,
ESACC R,4342419.0,4342717 300 970.0 574.8 929.1 531.0 1.62 167
SFIX R,4342719.0,
EFIX R,4342719.0,4342733 16 929.4 539.4 1117
SSACC R,4342735.0,
SBLINK R,4344089.0,
EBLINK R,4344089.0,4345995 1908
ESACC R,4342735.0,4347659 4926 927.2 557.8 978.4 514.5 1.82 1501
SFIX R,4347661.0,
EFIX R,4347661.0,4347741 82 975.6 530.8 1407
SSACC R,4347743.0,
SBLINK R,4349869.0,
EBLINK R,4349869.0,4350135 268
ESACC R,4347743.0,4350497 2756 986.6 521.1 1011.9 423.0 2.74 565
SFIX R,4350499.0,
EFIX R,4350499.0,4350557 60 1005.1 428.9 1571
SSACC R,4350559.0,
ESACC R,4350559.0,4350573 16 999.1 436.6 996.2 431.6 0.16 77
SFIX R,4350575.0,
EFIX R,4350575.0,4350659 86 988.7 449.4 1506
SSACC R,4350661.0,
ESACC R,4350661.0,4350775 116 984.1 492.5 957.8 470.1 0.94 96
SFIX R,4350777.0,
EFIX R,4350777.0,4350815 40 957.6 468.2 1328
SSACC R,4350817.0,
ESACC R,4350817.0,4351233 418 957.0 467.7 927.1 487.7 0.97 111
SFIX R,4351235.0,
EFIX R,4351235.0,4351293 60 925.6 489.8 1210
SSACC R,4351295.0,
ESACC R,4351295.0,4351317 24 927.3 472.9 924.5 485.2 0.34 126
SFIX R,4351319.0,
EFIX R,4351319.0,4351357 40 922.8 480.6 1237
SSACC R,4351359.0,
ESACC R,4351359.0,4351487 130 922.2 499.6 952.3 504.3 0.83 137
SFIX R,4351489.0,
EFIX R,4351489.0,4351517 30 951.8 496.9 1283
SSACC R,4351519.0,
SBLINK R,4353889.0,
EBLINK R,4353889.0,4354177 290
ESACC R,4351519.0,4354457 2940 955.7 483.2 974.0 457.0 0.87 742
SFIX R,4354459.0,
EFIX R,4354459.0,4354491 34 974.7 454.5 1463
SSACC R,4354493.0,
ESACC R,4354493.0,4354511 20 973.8 461.4 971.5 453.8 0.22 96
SFIX R,4354513.0,
EFIX R,4354513.0,4354537 26 969.9 445.4 1470
SSACC R,4354539.0,
ESACC R,4354539.0,4354781 244 968.9 428.7 951.6 522.6 2.58 137
SFIX R,4354783.0,
EFIX R,4354783.0,4354809 28 950.4 513.5 1390
SSACC R,4354811.0,
ESACC R,4354811.0,4355679 870 952.4 506.9 955.7 575.2 1.85 259
SFIX R,4355681.0,
EFIX R,4355681.0,4355705 26 958.8 580.5 1277
SSACC R,4355707.0,
SBLINK R,4355907.0,
EBLINK R,4355907.0,4356397 492
ESACC R,4355707.0,4357705 2000 952.7 588.2 962.1 528.5 1.64 677
SFIX R,4357707.0,
EFIX R,4357707.0,4357733 28 962.9 539.3 828
SSACC R,4357735.0,
ESACC R,4357735.0,4357843 110 965.2 536.8 951.9 502.1 1.01 81
SFIX R,4357845.0,
EFIX R,4357845.0,4357939 96 953.3 513.5 845
SSACC R,4357941.0,
ESACC R,4357941.0,4357985 46 958.7 530.3 958.5 502.5 0.75 87
SFIX R,4357987.0,
EFIX R,4357987.0,4358007 22 958.6 508.8 865
SSACC R,4358009.0,
ESACC R,4358009.0,4358015 8 960.7 505.2 959.9 515.2 0.27 56
SFIX R,4358017.0,
EFIX R,4358017.0,4358057 42 963.0 518.3 870
SSACC R,4358059.0,
ESACC R,4358059.0,4358137 80 962.4 535.0 967.5 529.7 0.20 90
SFIX R,4358139.0,
EFIX R,4358139.0,4358163 26 965.6 528.6 891
SSACC R,4358165.0,
ESACC R,4358165.0,4358175 12 966.4 511.1 967.9 536.6 0.69 57
SFIX R,4358177.0,
EFIX R,4358177.0,4358243 68 967.4 532.6 906
SSACC R,4358245.0,
ESACC R,4358245.0,4358259 16 966.5 536.4 966.4 529.8 0.18 69
SFIX R,4358261.0,
EFIX R,4358261.0,4358299 40 964.6 540.7 912
SSACC R,4358301.0,
ESACC R,4358301.0,4358317 18 961.9 534.1 961.6 558.6 0.66 84
SFIX R,4358319.0,
EFIX R,4358319.0,4358423 106 959.1 550.4 929
SSACC R,4358425.0,
ESACC R,4358425.0,4358563 140 959.5 556.8 961.0 569.3 0.34 77
SFIX R,4358565.0,
EFIX R,4358565.0,4358633 70 959.6 576.7 981
SSACC R,4358635.0,
SBLINK R,4362895.0,
EBLINK R,4362895.0,4363601 708
ESACC R,4358635.0,4363975 5342 959.5 587.8 966.7 463.1 3.39 531
SFIX R,4363977.0,
EFIX R,4363977.0,4364111 136 966.8 470.6 1316
SSACC R,4364113.0,
ESACC R,4364113.0,4364129 18 964.1 465.1 966.5 482.7 0.48 87
SFIX R,4364131.0,
EFIX R,4364131.0,4364173 44 964.7 476.3 1280
SSACC R,4364175.0,
ESACC R,4364175.0,4364397 224 964.4 478.3 960.9 462.0 0.45 83
SFIX R,4364399.0,
EFIX R,4364399.0,4364449 52 959.5 463.4 1240
SSACC R,4364451.0,
SBLINK R,4369937.0,
EBLINK R,4369937.0,4370219 284
ESACC R,4364451.0,4370933 6484 958.1 471.9 945.5 625.7 4.18 657
SFIX R,4370935.0,
EFIX R,4370935.0,4370973 40 932.6 606.4 1353
SSACC R,4370975.0,
ESACC R,4370975.0,4385095 14122 936.2 609.3 968.1 551.7 1.78 573
SFIX R,4385097.0,
EFIX R,4385097.0,4385129 34 968.9 531.2 1098
SSACC R,4385131.0,
ESACC R,4385131.0,4385167 38 968.0 531.3 970.1 510.1 0.58 79
SFIX R,4385169.0,
EFIX R,4385169.0,4385199 32 970.8 506.0 1094
SSACC R,4385201.0,
ESACC R,4385201.0,4385287 88 969.0 519.4 971.2 499.0 0.56 82
SFIX R,4385289.0,
EFIX R,4385289.0,4385323 36 970.4 497.4 1090
SSACC R,4385325.0,
ESACC R,4385325.0,4385425 102 972.0 503.0 964.6 499.5 0.22 107
SFIX R,4385427.0,
EFIX R,4385427.0,4385519 94 961.6 508.0 1052
SSACC R,4385521.0,
ESACC R,4385521.0,4385665 146 955.7 511.2 956.3 504.7 0.18 89
SFIX R,4385667.0,
EFIX R,4385667.0,4385717 52 957.9 512.0 1042
SSACC R,4385719.0,
ESACC R,4385719.0,4385727 10 961.7 500.6 961.0 510.7 0.27 75
SFIX R,4385729.0,
EFIX R,4385729.0,4385771 44 957.6 519.0 1051
SSACC R,4385773.0,
ESACC R,4385773.0,4385881 110 958.8 529.1 962.4 496.5 0.89 92
SFIX R,4385883.0,
EFIX R,4385883.0,4385945 64 965.4 499.5 1123
SSACC R,4385947.0,
ESACC R,4385947.0,4385981 36 967.1 495.6 970.0 501.9 0.19 68
SFIX R,4385983.0,
EFIX R,4385983.0,4386013 32 973.4 499.6 1156
SSACC R,4386015.0,
ESACC R,4386015.0,4386141 128 974.0 510.6 1008.7 485.8 1.16 126
SFIX R,4386143.0,
EFIX R,4386143.0,4386221 80 1012.3 476.4 1224
SSACC R,4386223.0,
ESACC R,4386223.0,4386283 62 1014.3 464.3 985.2 472.2 0.82 79
SFIX R,4386285.0,
EFIX R,4386285.0,4386319 36 996.1 471.6 1260
SSACC R,4386321.0,
ESACC R,4386321.0,4386371 52 996.1 477.5 997.7 448.5 0.79 72
SFIX R,4386373.0,
EFIX R,4386373.0,4386417 46 999.6 463.7 1284
SSACC R,4386419.0,
ESACC R,4386419.0,4386487 70 1002.7 468.7 1002.3 461.3 0.20 65
SFIX R,4386489.0,
EFIX R,4386489.0,4386557 70 998.5 466.1 1298
SSACC R,4386559.0,
ESACC R,4386559.0,4386571 14 998.6 458.7 996.5 473.2 0.40 74
SFIX R,4386573.0,
EFIX R,4386573.0,4386695 124 994.9 478.0 1309
SSACC R,4386697.0,
ESACC R,4386697.0,4386837 142 997.3 481.7 993.3 498.3 0.46 126
SFIX R,4386839.0,
EFIX R,4386839.0,4386885 48 998.0 518.2 1344
SSACC R,4386887.0,
SBLINK R,4391167.0,
EBLINK R,4391167.0,4391853 688
ESACC R,4386887.0,4393991 7106 1002.0 551.5 943.5 624.0 2.52 857
SFIX R,4393993.0,
EFIX R,4393993.0,4394017 26 943.7 627.4 997
SSACC R,4394019.0,
ESACC R,4394019.0,4394307 290 950.3 618.1 964.5 535.9 2.26 202
SFIX R,4394309.0,
EFIX R,4394309.0,4394341 34 964.6 524.7 1109
SSACC R,4394343.0,
ESACC R,4394343.0,4394387 46 968.0 521.0 969.6 513.1 0.22 79
SFIX R,4394389.0,
EFIX R,4394389.0,4394465 78 970.5 513.5 1125
SSACC R,4394467.0,
SBLINK R,4401241.0,
EBLINK R,4401241.0,4414517 13278
ESACC R,4394467.0,4414729 20264 974.0 515.8 981.2 474.2 1.14 2237
SFIX R,4414731.0,
EFIX R,4414731.0,4414795 66 984.4 468.7 1231
SSACC R,4414797.0,
ESACC R,4414797.0,4414811 16 994.9 442.3 990.6 472.9 0.84 60
SFIX R,4414813.0,
EFIX R,4414813.0,4415045 234 992.5 466.6 1211
SSACC R,4415047.0,
ESACC R,4415047.0,4415097 52 986.6 489.8 987.3 472.2 0.48 116
SFIX R,4415099.0,
EFIX R,4415099.0,4415243 146 986.8 481.7 1066
SSACC R,4415245.0,
ESACC R,4415245.0,4415255 12 987.3 479.9 983.9 498.3 0.51 69
SFIX R,4415257.0,
EFIX R,4415257.0,4415319 64 984.3 497.6 1006
SSACC R,4415321.0,
ESACC R,4415321.0,4415325 6 978.5 511.6 981.8 500.8 0.31 68
SFIX R,4415327.0,
EFIX R,4415327.0,4415367 42 981.3 497.2 983
SSACC R,4415369.0,
ESACC R,4415369.0,4415381 14 980.3 500.3 982.1 505.4 0.15 56
SFIX R,4415383.0,
EFIX R,4415383.0,4415605 224 980.6 498.7 968
SSACC R,4415607.0,
ESACC R,4415607.0,4415645 40 983.9 509.7 983.4 484.7 0.68 87
SFIX R,4415647.0,
EFIX R,4415647.0,4415729 84 986.6 479.7 1007
SSACC R,4415731.0,
ESACC R,4415731.0,4415779 50 988.1 488.1 992.7 460.7 0.75 89
SFIX R,4415781.0,
EFIX R,4415781.0,4415811 32 990.6 453.4 1063
SSACC R,4415813.0,
ESACC R,4415813.0,4415857 46 990.7 458.8 992.9 456.7 0.08 92
SFIX R,4415859.0,
EFIX R,4415859.0,4415881 24 990.9 458.6 1093
SSACC R,4415883.0,
SBLINK R,4416415.0,
EBLINK R,4416415.0,4420117 3704
ESACC R,4415883.0,4420541 4660 989.3 463.3 1019.4 505.3 1.40 1671
SFIX R,4420543.0,
EFIX R,4420543.0,4420635 94 1014.6 491.5 1554
SSACC R,4420637.0,
ESACC R,4420637.0,4420655 20 1012.1 473.2 1006.2 462.8 0.32 59
SFIX R,4420657.0,
EFIX R,4420657.0,4420729 74 1003.6 458.0 1558
SSACC R,4420731.0,
ESACC R,4420731.0,4420743 14 1002.0 449.8 1001.5 463.6 0.37 62
SFIX R,4420745.0,
EFIX R,4420745.0,4420799 56 1001.4 462.5 1530
SSACC R,4420801.0,
ESACC R,4420801.0,4420819 20 1000.5 471.6 971.2 474.6 0.80 83
SFIX R,4420821.0,
EFIX R,4420821.0,4420891 72 979.8 483.1 1483
SSACC R,4420893.0,
ESACC R,4420893.0,4420905 14 980.8 497.8 980.7 493.3 0.12 59
SFIX R,4420907.0,
EFIX R,4420907.0,4420951 46 978.0 493.2 1431
SSACC R,4420953.0,
SBLINK R,4420981.0,
EBLINK R,4420981.0,4421521 542
ESACC R,4420953.0,4421645 694 975.0 489.9 967.0 514.3 0.70 1318
SFIX R,4421647.0,
EFIX R,4421647.0,4421677 32 967.6 507.9 1116
SSACC R,4421679.0,
ESACC R,4421679.0,4421689 12 964.4 501.9 947.6 479.5 0.76 84
SFIX R,4421691.0,
EFIX R,4421691.0,4422341 652 965.7 495.4 1154
SSACC R,4422343.0,
SBLINK R,4422403.0,
EBLINK R,4422403.0,4422589 188
ESACC R,4422343.0,4422811 470 980.9 505.8 975.2 470.6 0.97 2377
SFIX R,4422813.0,
EFIX R,4422813.0,4422931 120 980.2 462.7 1158
SSACC R,4422933.0,
ESACC R,4422933.0,4422989 58 982.9 462.8 1002.3 460.1 0.53 100
SFIX R,4422991.0,
EFIX R,4422991.0,4423019 30 1004.0 453.7 1209
SSACC R,4423021.0,
ESACC R,4423021.0,4423099 80 1002.9 460.3 1001.5 469.6 0.25 83
SFIX R,4423101.0,
EFIX R,4423101.0,4423195 96 1000.4 479.4 1239
SSACC R,4423197.0,
ESACC R,4423197.0,4423243 48 997.3 485.7 982.8 476.6 0.46 121
SFIX R,4423245.0,
EFIX R,4423245.0,4423289 46 983.4 467.6 1258
SSACC R,4423291.0,
ESACC R,4423291.0,4423295 6 985.3 459.3 983.3 474.3 0.41 65
SFIX R,4423297.0,
EFIX R,4423297.0,4423355 60 984.8 468.4 1263
SSACC R,4423357.0,
ESACC R,4423357.0,4423439 84 987.1 481.0 986.4 463.3 0.48 80
SFIX R,4423441.0,
EFIX R,4423441.0,4423513 74 985.1 469.1 1268
SSACC R,4423515.0,
ESACC R,4423515.0,4423529 16 985.6 466.0 982.2 467.5 0.10 57
SFIX R,4423531.0,
EFIX R,4423531.0,4423653 124 987.4 461.0 1280
SSACC R,4423655.0,
ESACC R,4423655.0,4423847 194 985.8 447.2 1013.9 486.9 1.32 111
SFIX R,4423849.0,
EFIX R,4423849.0,4423951 104 1013.7 497.6 1304
SSACC R,4423953.0,
ESACC R,4423953.0,4423977 26 1011.8 509.9 1018.6 515.7 0.24 174
SFIX R,4423979.0,
EFIX R,4423979.0,4424019 42 1019.7 529.9 1304
SSACC R,4424021.0,
ESACC R,4424021.0,4424107 88 1014.6 517.7 1029.6 507.5 0.49 154
SFIX R,4424109.0,
EFIX R,4424109.0,4424169 62 1032.6 536.5 1325
SSACC R,4424171.0,
SBLINK R,4428353.0,
EBLINK R,4428353.0,4435627 7276
ESACC R,4424171.0,4436199 12030 1039.7 546.2 959.5 527.6 2.23 602
SFIX R,4436201.0,
EFIX R,4436201.0,4436227 28 956.0 521.2 1338
SSACC R,4436229.0,
ESACC R,4436229.0,4436251 24 955.5 512.4 949.2 525.7 0.40 56
SFIX R,4436253.0,
EFIX R,4436253.0,4436299 48 950.2 532.7 1303
SSACC R,4436301.0,
ESACC R,4436301.0,4436329 30 947.5 548.3 942.8 551.8 0.16 89
SFIX R,4436331.0,
EFIX R,4436331.0,4436419 90 941.9 552.6 1258
SSACC R,4436421.0,
SBLINK R,4455719.0,
EBLINK R,4455719.0,4463497 7780
ESACC R,4436421.0,4463791 27372 942.7 557.7 952.8 418.4 3.78 751
SFIX R,4463793.0,
EFIX R,4463793.0,4463887 96 955.2 416.1 1430
SSACC R,4463889.0,
ESACC R,4463889.0,4463945 58 954.5 416.2 967.0 424.8 0.41 72
SFIX R,4463947.0,
EFIX R,4463947.0,4464001 56 967.1 434.2 1416
SSACC R,4464003.0,
ESACC R,4464003.0,4464093 92 964.4 429.0 963.6 454.9 0.70 102
SFIX R,4464095.0,
EFIX R,4464095.0,4464149 56 963.4 443.3 1330
SSACC R,4464151.0,
ESACC R,4464151.0,4464181 32 963.9 438.2 963.8 452.7 0.39 76
SFIX R,4464183.0,
EFIX R,4464183.0,4464251 70 962.4 458.9 1254
SSACC R,4464253.0,
ESACC R,4464253.0,4464301 50 962.8 473.2 949.3 441.4 0.94 115
SFIX R,4464303.0,
EFIX R,4464303.0,4464381 80 952.1 440.4 1196
SSACC R,4464383.0,
ESACC R,4464383.0,4464473 92 955.1 426.4 956.3 427.8 0.05 86
SFIX R,4464475.0,
EFIX R,4464475.0,4464535 62 957.9 436.1 1152
SSACC R,4464537.0,
ESACC R,4464537.0,4464541 6 959.6 442.1 960.3 437.0 0.14 64
SFIX R,4464543.0,
EFIX R,4464543.0,4464607 66 958.6 429.6 1147
SSACC R,4464609.0,
ESACC R,4464609.0,4464675 68 958.0 437.4 958.7 428.0 0.26 99
SFIX R,4464677.0,
EFIX R,4464677.0,4464701 26 958.2 428.2 1149
SSACC R,4464703.0,
ESACC R,4464703.0,4464751 50 959.7 433.7 987.3 437.3 0.75 94
SFIX R,4464753.0,
EFIX R,4464753.0,4464935 184 989.0 454.0 1155
SSACC R,4464937.0,
ESACC R,4464937.0,4465177 242 993.0 465.4 980.0 475.0 0.44 105
SFIX R,4465179.0,
EFIX R,4465179.0,4465239 62 976.1 480.2 1245
SSACC R,4465241.0,
ESACC R,4465241.0,4467029 1790 974.8 477.9 997.9 505.4 0.97 367
SFIX R,4467031.0,
EFIX R,4467031.0,4467065 36 991.9 499.6 1400
SSACC R,4467067.0,
ESACC R,4467067.0,4467093 28 994.4 484.6 988.2 483.9 0.17 104
SFIX R,4467095.0,
EFIX R,4467095.0,4467161 68 989.9 492.9 1401
SSACC R,4467163.0,
ESACC R,4467163.0,4467505 344 989.7 482.2 1023.0 470.8 0.95 149
SFIX R,4467507.0,
EFIX R,4467507.0,4467621 116 1016.9 469.5 1234
SSACC R,4467623.0,
ESACC R,4467623.0,4467667 46 1009.6 461.5 973.4 471.3 1.02 110
SFIX R,4467669.0,
EFIX R,4467669.0,4467693 26 971.4 476.9 1215
SSACC R,4467695.0,
ESACC R,4467695.0,4467801 108 971.9 472.8 967.3 488.2 0.44 85
SFIX R,4467803.0,
EFIX R,4467803.0,4467941 140 963.7 497.3 1175
SSACC R,4467943.0,
ESACC R,4467943.0,4467971 30 958.9 500.3 957.5 495.0 0.15 48
SFIX R,4467973.0,
EFIX R,4467973.0,4468021 50 961.2 504.4 1158
SSACC R,4468023.0,
ESACC R,4468023.0,4468035 14 956.1 513.4 933.7 498.6 0.73 79
SFIX R,4468037.0,
EFIX R,4468037.0,4468089 54 940.3 498.3 1165
SSACC R,4468091.0,
ESACC R,4468091.0,4468097 8 939.8 490.1 940.6 506.1 0.43 59
SFIX R,4468099.0,
EFIX R,4468099.0,4468187 90 939.3 509.3 1158
SSACC R,4468189.0,
ESACC R,4468189.0,4468389 202 940.2 509.2 942.2 512.7 0.11 82
SFIX R,4468391.0,
EFIX R,4468391.0,4468415 26 944.5 518.3 1130
SSACC R,4468417.0,
ESACC R,4468417.0,4468745 330 945.2 505.9 958.5 529.9 0.74 122
SFIX R,4468747.0,
EFIX R,4468747.0,4468803 58 958.7 516.7 916
SSACC R,4468805.0,
ESACC R,4468805.0,4468831 28 958.5 521.4 959.0 526.5 0.14 105
SFIX R,4468833.0,
EFIX R,4468833.0,4468933 102 955.6 516.8 876
SSACC R,4468935.0,
ESACC R,4468935.0,4469043 110 954.4 519.7 953.2 507.1 0.34 76
SFIX R,4469045.0,
EFIX R,4469045.0,4469109 66 956.6 504.9 835
SSACC R,4469111.0,
ESACC R,4469111.0,4469209 100 956.3 490.8 1004.6 507.4 1.38 128
SFIX R,4469211.0,
EFIX R,4469211.0,4469325 116 1001.3 505.8 840
SSACC R,4469327.0,
ESACC R,4469327.0,4469379 54 1003.6 500.5 963.6 506.2 1.09 103
SFIX R,4469381.0,
EFIX R,4469381.0,4469499 120 972.6 509.5 910
SSACC R,4469501.0,
ESACC R,4469501.0,4469519 20 976.1 496.7 976.4 506.9 0.28 67
SFIX R,4469521.0,
EFIX R,4469521.0,4469589 70 979.4 517.6 951
SSACC R,4469591.0,
ESACC R,4469591.0,4469627 38 980.5 513.3 985.2 511.1 0.14 98
SFIX R,4469629.0,
EFIX R,4469629.0,4469665 38 982.5 519.3 983
SSACC R,4469667.0,
ESACC R,4469667.0,4469681 16 984.6 530.2 983.1 515.5 0.40 100
SFIX R,4469683.0,
EFIX R,4469683.0,4469707 26 983.7 508.2 1005
SSACC R,4469709.0,
ESACC R,4469709.0,4469763 56 981.3 501.6 968.5 513.6 0.48 79
SFIX R,4469765.0,
EFIX R,4469765.0,4469823 60 968.8 509.2 1021
SSACC R,4469825.0,
ESACC R,4469825.0,4469853 30 965.7 523.9 974.7 505.2 0.56 60
SFIX R,4469855.0,
EFIX R,4469855.0,4469991 138 974.2 511.2 1023
SSACC R,4469993.0,
ESACC R,4469993.0,4470105 114 971.8 490.5 983.1 494.3 0.32 99
SFIX R,4470107.0,
EFIX R,4470107.0,4470193 88 983.3 496.9 1063
SSACC R,4470195.0,
ESACC R,4470195.0,4470201 8 983.5 484.8 982.9 487.1 0.06 49
SFIX R,4470203.0,
EFIX R,4470203.0,4470265 64 985.4 490.4 1090
SSACC R,4470267.0,
ESACC R,4470267.0,4470301 36 987.0 489.4 999.9 491.5 0.35 77
SFIX R,4470303.0,
EFIX R,4470303.0,4470463 162 1006.0 496.7 1135
SSACC R,4470465.0,
ESACC R,4470465.0,4470479 16 1003.4 510.1 1006.9 499.9 0.29 58
SFIX R,4470481.0,
EFIX R,4470481.0,4470517 38 1005.2 503.1 1162
SSACC R,4470519.0,
ESACC R,4470519.0,4470615 98 1003.3 502.3 993.1 508.8 0.33 91
SFIX R,4470617.0,
EFIX R,4470617.0,4470703 88 991.3 508.7 1196
SSACC R,4470705.0,
ESACC R,4470705.0,4470921 218 989.9 506.5 989.4 540.7 0.93 69
SFIX R,4470923.0,
EFIX R,4470923.0,4470943 22 990.7 537.1 1208
SSACC R,4470945.0,
ESACC R,4470945.0,4471211 268 988.7 529.8 994.2 572.1 1.16 113
SFIX R,4471213.0,
EFIX R,4471213.0,4471259 48 998.9 555.4 1195
SSACC R,4471261.0,
ESACC R,4471261.0,4474853 3594 1002.2 560.7 994.1 587.4 0.76 401
SFIX R,4474855.0,
EFIX R,4474855.0,4474897 44 997.3 600.7 1260
SSACC R,4474899.0,
ESACC R,4474899.0,4481435 6538 997.7 581.3 987.8 457.0 3.38 537
SFIX R,4481437.0,
EFIX R,4481437.0,4481547 112 990.4 445.3 1527
SSACC R,4481549.0,
SBLINK R,4481601.0,
EBLINK R,4481601.0,4481851 252
ESACC R,4481549.0,4482137 590 987.1 449.1 974.5 517.6 1.89 2343
SFIX R,4482139.0,
EFIX R,4482139.0,4482177 40 976.2 517.1 985
SSACC R,4482179.0,
ESACC R,4482179.0,4482195 18 976.7 510.4 975.5 518.6 0.22 98
SFIX R,4482197.0,
EFIX R,4482197.0,4482237 42 972.7 520.9 985
SSACC R,4482239.0,
ESACC R,4482239.0,4482291 54 967.9 540.6 967.6 492.7 1.30 106
SFIX R,4482293.0,
EFIX R,4482293.0,4482339 48 966.5 495.9 1017
SSACC R,4482341.0,
ESACC R,4482341.0,4482357 18 964.5 501.7 964.3 489.7 0.33 81
SFIX R,4482359.0,
EFIX R,4482359.0,4482523 166 959.8 488.4 1014
SSACC R,4482525.0,
ESACC R,4482525.0,4482551 28 956.1 478.3 956.1 480.8 0.07 65
SFIX R,4482553.0,
EFIX R,4482553.0,4482603 52 958.3 478.5 1008
SSACC R,4482605.0,
ESACC R,4482605.0,4482627 24 958.9 485.3 959.4 468.8 0.45 53
SFIX R,4482629.0,
EFIX R,4482629.0,4482751 124 958.2 478.1 1023
SSACC R,4482753.0,
ESACC R,4482753.0,4482783 32 960.3 471.7 959.2 475.5 0.11 70
SFIX R,4482785.0,
EFIX R,4482785.0,4483091 308 963.7 474.2 1093
SSACC R,4483093.0,
ESACC R,4483093.0,4483117 26 964.2 474.8 964.4 466.0 0.24 68
SFIX R,4483119.0,
EFIX R,4483119.0,4483175 58 965.1 464.2 1163
SSACC R,4483177.0,
ESACC R,4483177.0,4483325 150 963.2 447.0 966.5 468.8 0.60 83
SFIX R,4483327.0,
EFIX R,4483327.0,4483443 118 969.4 482.4 1222
SSACC R,4483445.0,
ESACC R,4483445.0,4483569 126 971.6 492.2 973.1 538.6 1.26 87
SFIX R,4483571.0,
EFIX R,4483571.0,4483615 46 977.3 541.2 1261
SSACC R,4483617.0,
SBLINK R,4485557.0,
EBLINK R,4485557.0,4485813 258
ESACC R,4483617.0,4486283 2668 978.0 536.9 986.2 462.1 2.04 625
SFIX R,4486285.0,
EFIX R,4486285.0,4486371 88 987.3 457.5 1454
SSACC R,4486373.0,
ESACC R,4486373.0,4486387 16 990.6 450.4 1007.1 464.8 0.59 66
SFIX R,4486389.0,
EFIX R,4486389.0,4486599 212 993.8 452.2 1380
SSACC R,4486601.0,
ESACC R,4486601.0,4486617 18 986.9 455.4 987.3 443.2 0.33 100
SFIX R,4486619.0,
EFIX R,4486619.0,4486759 142 981.3 466.7 1214
SSACC R,4486761.0,
ESACC R,4486761.0,4486769 10 981.0 469.1 980.7 486.3 0.47 69
SFIX R,4486771.0,
EFIX R,4486771.0,4486837 68 978.5 481.3 1128
SSACC R,4486839.0,
ESACC R,4486839.0,4486873 36 978.6 486.9 977.4 469.0 0.49 82
SFIX R,4486875.0,
EFIX R,4486875.0,4487133 260 974.9 495.9 1060
SSACC R,4487135.0,
SBLINK R,4489137.0,
EBLINK R,4489137.0,4489351 216
ESACC R,4487135.0,4489843 2710 970.8 492.0 970.5 515.2 0.63 562
SFIX R,4489845.0,
EFIX R,4489845.0,4489899 56 968.4 511.7 1327
SSACC R,4489901.0,
ESACC R,4489901.0,4489967 68 961.6 503.0 956.9 509.1 0.21 129
SFIX R,4489969.0,
EFIX R,4489969.0,4490001 34 958.1 497.2 1275
SSACC R,4490003.0,
ESACC R,4490003.0,4490009 8 957.7 498.3 957.8 504.5 0.17 72
SFIX R,4490011.0,
EFIX R,4490011.0,4490043 34 955.9 496.5 1253
SSACC R,4490045.0,
ESACC R,4490045.0,4490061 18 954.5 498.3 958.5 483.7 0.41 74
SFIX R,4490063.0,
EFIX R,4490063.0,4490179 118 954.1 502.4 1205
SSACC R,4490181.0,
ESACC R,4490181.0,4490299 120 950.0 512.0 950.3 512.1 0.01 95
SFIX R,4490301.0,
EFIX R,4490301.0,4490351 52 953.4 518.1 1120
SSACC R,4490353.0,
ESACC R,4490353.0,4490441 90 952.0 522.0 955.9 541.9 0.55 88
SFIX R,4490443.0,
EFIX R,4490443.0,4490481 40 954.9 543.5 1070
SSACC R,4490483.0,
SBLINK R,4495069.0,
EBLINK R,4495069.0,4495377 310
ESACC R,4490483.0,4495935 5454 953.5 523.5 975.1 528.7 0.60 525
SFIX R,4495937.0,
EFIX R,4495937.0,4495963 28 973.4 538.1 1413
SSACC R,4495965.0,
ESACC R,4495965.0,4496021 58 970.9 539.6 965.8 519.2 0.57 73
SFIX R,4496023.0,
EFIX R,4496023.0,4496419 398 955.8 513.1 1233
SSACC R,4496421.0,
ESACC R,4496421.0,4496427 8 954.3 498.1 956.0 485.1 0.36 66
SFIX R,4496429.0,
EFIX R,4496429.0,4496641 214 951.4 484.4 1048
SSACC R,4496643.0,
ESACC R,4496643.0,4496665 24 950.8 485.6 950.1 482.6 0.08 76
SFIX R,4496667.0,
EFIX R,4496667.0,4496829 164 949.3 481.7 1044
SSACC R,4496831.0,
ESACC R,4496831.0,4496845 16 950.1 483.3 951.4 466.8 0.45 63
SFIX R,4496847.0,
EFIX R,4496847.0,4497507 662 959.8 474.7 1195
SSACC R,4497509.0,
ESACC R,4497509.0,4497557 50 972.7 478.0 970.4 490.4 0.34 56
SFIX R,4497559.0,
EFIX R,4497559.0,4497679 122 968.5 498.1 1310
SSACC R,4497681.0,
ESACC R,4497681.0,4497779 100 970.7 489.7 969.2 513.8 0.65 105
SFIX R,4497781.0,
EFIX R,4497781.0,4497837 58 966.5 517.3 1336
SSACC R,4497839.0,
ESACC R,4497839.0,4497881 44 965.8 528.4 965.6 517.0 0.31 70
SFIX R,4497883.0,
EFIX R,4497883.0,4497925 44 969.4 522.4 1351
SSACC R,4497927.0,
ESACC R,4497927.0,4498157 232 966.5 517.7 981.1 619.7 2.79 149
SFIX R,4498159.0,
EFIX R,4498159.0,4498189 32 981.4 635.7 1304
SSACC R,4498191.0,
ESACC R,4498191.0,4501113 2924 972.8 619.7 954.6 560.0 1.69 502
SFIX R,4501115.0,
EFIX R,4501115.0,4501161 48 954.5 554.2 1213
SSACC R,4501163.0,
ESACC R,4501163.0,4501361 200 958.4 550.4 964.5 548.5 0.17 151
SFIX R,4501363.0,
EFIX R,4501363.0,4501489 128 961.3 529.5 1114
SSACC R,4501491.0,
ESACC R,4501491.0,4501589 100 962.9 510.8 960.3 519.2 0.24 81
SFIX R,4501591.0,
EFIX R,4501591.0,4501729 140 962.6 516.3 1102
SSACC R,4501731.0,
SBLINK R,4502651.0,
EBLINK R,4502651.0,4502883 234
ESACC R,4501731.0,4503855 2126 959.3 517.8 940.9 571.0 1.53 501
SFIX R,4503857.0,
EFIX R,4503857.0,4503885 30 942.8 584.0 918
SSACC R,4503887.0,
ESACC R,4503887.0,4504147 262 943.8 595.7 973.6 586.6 0.84 130
SFIX R,4504149.0,
EFIX R,4504149.0,4504225 78 973.4 569.7 826
SSACC R,4504227.0,
ESACC R,4504227.0,4504503 278 975.7 574.9 955.6 575.0 0.54 105
SFIX R,4504505.0,
EFIX R,4504505.0,4504559 56 959.7 571.5 755
SSACC R,4504561.0,
ESACC R,4504561.0,4504583 24 960.4 558.3 963.9 566.3 0.24 78
SFIX R,4504585.0,
EFIX R,4504585.0,4504607 24 962.0 562.0 761
SSACC R,4504609.0,
ESACC R,4504609.0,4504741 134 962.6 568.2 965.3 539.3 0.79 104
SFIX R,4504743.0,
EFIX R,4504743.0,4504789 48 965.5 541.7 790
SSACC R,4504791.0,
ESACC R,4504791.0,4504797 8 964.5 545.1 964.2 531.1 0.38 66
SFIX R,4504799.0,
EFIX R,4504799.0,4504827 30 966.2 538.9 799
SSACC R,4504829.0,
ESACC R,4504829.0,4504937 110 969.6 543.2 952.0 535.8 0.52 141
SFIX R,4504939.0,
EFIX R,4504939.0,4505011 74 958.6 549.1 846
SSACC R,4505013.0,
ESACC R,4505013.0,4505067 56 959.5 536.2 961.0 543.1 0.19 70
SFIX R,4505069.0,
EFIX R,4505069.0,4505103 36 961.9 555.6 865
SSACC R,4505105.0,
ESACC R,4505105.0,4505207 104 962.0 549.3 961.4 552.1 0.08 69
SFIX R,4505209.0,
EFIX R,4505209.0,4505283 76 963.9 557.5 875
SSACC R,4505285.0,
ESACC R,4505285.0,4505305 22 964.6 573.1 986.8 565.5 0.64 83
SFIX R,4505307.0,
EFIX R,4505307.0,4505407 102 985.9 573.8 865
SSACC R,4505409.0,
ESACC R,4505409.0,4505503 96 989.2 549.5 989.7 565.3 0.43 107
SFIX R,4505505.0,
EFIX R,4505505.0,4505771 268 976.0 550.2 934
SSACC R,4505773.0,
ESACC R,4505773.0,4505789 18 970.3 528.7 969.9 544.8 0.44 96
SFIX R,4505791.0,
EFIX R,4505791.0,4505979 190 975.3 534.2 1010
SSACC R,4505981.0,
ESACC R,4505981.0,4506071 92 977.8 530.9 980.1 534.2 0.11 99
SFIX R,4506073.0,
EFIX R,4506073.0,4506101 30 975.6 541.9 1032
SSACC R,4506103.0,
ESACC R,4506103.0,4506145 44 974.3 554.6 973.1 539.1 0.42 76
SFIX R,4506147.0,
EFIX R,4506147.0,4506241 96 973.9 545.5 1026
SSACC R,4506243.0,
ESACC R,4506243.0,4506349 108 972.1 529.7 975.6 566.2 0.99 69
SFIX R,4506351.0,
EFIX R,4506351.0,4506369 20 972.9 560.4 1009
SSACC R,4506371.0,
ESACC R,4506371.0,4506417 48 971.8 559.3 977.0 574.2 0.43 90
SFIX R,4506419.0,
EFIX R,4506419.0,4506485 68 975.0 582.8 979
SSACC R,4506487.0,
ESACC R,4506487.0,4506545 60 972.2 572.2 972.0 568.8 0.09 101
SFIX R,4506547.0,
EFIX R,4506547.0,4506659 114 971.0 574.1 973
SSACC R,4506661.0,
ESACC R,4506661.0,4518337 11678 965.2 573.3 955.6 599.4 0.75 470
SFIX R,4518339.0,
EFIX R,4518339.0,4518385 48 958.1 598.8 1218
SSACC R,4518387.0,
ESACC R,4518387.0,4519169 784 962.4 606.3 966.9 557.1 1.34 434
SFIX R,4519171.0,
EFIX R,4519171.0,4519245 76 967.5 564.5 985
SSACC R,4519247.0,
ESACC R,4519247.0,4519305 60 969.6 566.9 990.2 519.3 1.41 75
SFIX R,4519307.0,
EFIX R,4519307.0,4519337 32 991.4 516.4 969
SSACC R,4519339.0,
ESACC R,4519339.0,4519345 8 992.3 512.3 992.8 504.6 0.21 63
SFIX R,4519347.0,
EFIX R,4519347.0,4519501 156 997.8 490.5 959
SSACC R,4519503.0,
ESACC R,4519503.0,4519517 16 996.0 490.4 969.0 508.7 0.88 90
SFIX R,4519519.0,
EFIX R,4519519.0,4519767 250 976.8 520.1 862
SSACC R,4519769.0,
SBLINK R,4519815.0,
EBLINK R,4519815.0,4520001 188
ESACC R,4519769.0,4520073 306 974.6 533.1 973.0 528.5 0.13 1526
SFIX R,4520075.0,
EFIX R,4520075.0,4520191 118 965.8 537.3 626
SSACC R,4520193.0,
ESACC R,4520193.0,4520225 34 970.3 530.2 1032.1 412.9 3.59 156
SFIX R,4520227.0,
EFIX R,4520227.0,4520445 220 1029.8 430.0 624
SSACC R,4520447.0,
ESACC R,4520447.0,4520479 34 1026.3 445.4 960.8 546.6 3.26 180
SFIX R,4520481.0,
EFIX R,4520481.0,4520703 224 964.6 537.0 574
SSACC R,4520705.0,
ESACC R,4520705.0,4520717 14 962.9 545.1 965.2 566.9 0.59 76
SFIX R,4520719.0,
EFIX R,4520719.0,4520825 108 964.3 563.2 531
SSACC R,4520827.0,
SBLINK R,4520857.0,
EBLINK R,4520857.0,4521389 534
ESACC R,4520827.0,4521469 644 963.8 565.8 986.8 457.9 2.99 1463
SFIX R,4521471.0,
EFIX R,4521471.0,4521503 34 983.9 473.5 674
SSACC R,4521505.0,
ESACC R,4521505.0,4521509 6 983.9 485.5 984.8 494.6 0.25 66
SFIX R,4521511.0,
EFIX R,4521511.0,4521845 336 977.1 522.9 711
SSACC R,4521847.0,
ESACC R,4521847.0,4521867 22 976.7 526.2 1026.7 521.7 1.36 133
SFIX R,4521869.0,
EFIX R,4521869.0,4522077 210 1005.6 529.0 713
SSACC R,4522079.0,
ESACC R,4522079.0,4522097 20 1002.8 530.0 965.7 520.9 1.04 115
SFIX R,4522099.0,
EFIX R,4522099.0,4522285 188 976.3 524.3 713
SSACC R,4522287.0,
ESACC R,4522287.0,4522309 24 974.1 516.1 1043.1 506.3 1.89 157
SFIX R,4522311.0,
EFIX R,4522311.0,4522495 186 1029.2 495.6 770
SSACC R,4522497.0,
ESACC R,4522497.0,4522515 20 1027.7 497.2 988.4 499.3 1.07 91
SFIX R,4522517.0,
EFIX R,4522517.0,4523031 516 1007.1 522.9 815
SSACC R,4523033.0,
SBLINK R,4523073.0,
EBLINK R,4523073.0,4523365 294
ESACC R,4523033.0,4523609 578 1015.6 556.1 1012.9 501.3 1.49 2467
SFIX R,4523611.0,
EFIX R,4523611.0,4523641 32 1012.3 496.6 957
SSACC R,4523643.0,
ESACC R,4523643.0,4523671 30 1011.9 479.7 1016.0 487.5 0.24 75
SFIX R,4523673.0,
EFIX R,4523673.0,4524109 438 1014.7 495.0 1019
SSACC R,4524111.0,
ESACC R,4524111.0,4524121 12 1011.9 511.7 1032.1 505.0 0.58 67
SFIX R,4524123.0,
EFIX R,4524123.0,4524169 48 1026.5 510.1 1016
SSACC R,4524171.0,
ESACC R,4524171.0,4524181 12 1025.5 503.7 1026.8 525.0 0.58 81
SFIX R,4524183.0,
EFIX R,4524183.0,4524247 66 1024.6 519.9 1013
SSACC R,4524249.0,
ESACC R,4524249.0,4524281 34 1022.1 522.6 1021.5 534.9 0.33 63
SFIX R,4524283.0,
EFIX R,4524283.0,4524323 42 1022.0 528.0 1009
SSACC R,4524325.0,
ESACC R,4524325.0,4524339 16 1022.7 528.6 998.9 527.6 0.65 66
SFIX R,4524341.0,
EFIX R,4524341.0,4524531 192 1004.1 528.9 1005
SSACC R,4524533.0,
ESACC R,4524533.0,4524629 98 1006.3 517.1 1033.2 519.9 0.73 103
SFIX R,4524631.0,
EFIX R,4524631.0,4524749 120 1031.8 518.0 1004
SSACC R,4524751.0,
ESACC R,4524751.0,4524765 16 1027.1 515.7 994.3 520.6 0.90 84
SFIX R,4524767.0,
EFIX R,4524767.0,4524935 170 1005.2 519.3 1044
SSACC R,4524937.0,
ESACC R,4524937.0,4525057 122 1001.6 509.0 1043.6 530.8 1.28 156
SFIX R,4525059.0,
EFIX R,4525059.0,4525131 74 1041.2 536.6 1100
SSACC R,4525133.0,
ESACC R,4525133.0,4525149 18 1039.4 528.2 1037.4 546.1 0.49 85
SFIX R,4525151.0,
EFIX R,4525151.0,4525191 42 1037.3 545.5 1107
SSACC R,4525193.0,
ESACC R,4525193.0,4525245 54 1037.5 556.5 996.4 541.2 1.19 118
SFIX R,4525247.0,
EFIX R,4525247.0,4525579 334 998.2 544.8 1129
SSACC R,4525581.0,
ESACC R,4525581.0,4525607 28 992.4 530.4 992.8 557.5 0.73 103
SFIX R,4525609.0,
EFIX R,4525609.0,4525639 32 991.8 540.2 1140
SSACC R,4525641.0,
SBLINK R,4525851.0,
EBLINK R,4525851.0,4526003 154
ESACC R,4525641.0,4526333 694 992.4 534.3 1022.2 557.9 1.03 1672
SFIX R,4526335.0,
EFIX R,4526335.0,4526367 34 1023.0 538.9 1120
SSACC R,4526369.0,
ESACC R,4526369.0,4526445 78 1023.9 525.4 974.6 520.6 1.34 126
SFIX R,4526447.0,
EFIX R,4526447.0,4526597 152 990.7 530.6 1120
SSACC R,4526599.0,
ESACC R,4526599.0,4526631 34 989.9 545.3 1064.7 548.7 2.03 183
SFIX R,4526633.0,
EFIX R,4526633.0,4526663 32 1060.0 542.0 1088
SSACC R,4526665.0,
ESACC R,4526665.0,4526711 48 1054.6 533.8 1049.8 533.9 0.13 83
SFIX R,4526713.0,
EFIX R,4526713.0,4526829 118 1047.6 541.6 1086
SSACC R,4526831.0,
ESACC R,4526831.0,4526849 20 1050.4 547.6 1047.6 543.7 0.13 64
SFIX R,4526851.0,
EFIX R,4526851.0,4526889 40 1048.4 548.7 1085
SSACC R,4526891.0,
ESACC R,4526891.0,4526907 18 1045.1 555.5 1002.4 533.7 1.30 114
SFIX R,4526909.0,
EFIX R,4526909.0,4526981 74 1012.0 541.1 1094
SSACC R,4526983.0,
ESACC R,4526983.0,4527003 22 1014.9 542.3 1017.6 547.6 0.16 55
SFIX R,4527005.0,
EFIX R,4527005.0,4527075 72 1020.3 540.3 1096
SSACC R,4527077.0,
ESACC R,4527077.0,4527095 20 1021.2 542.2 1023.3 536.8 0.16 70
SFIX R,4527097.0,
EFIX R,4527097.0,4527167 72 1022.1 535.4 1100
SSACC R,4527169.0,
ESACC R,4527169.0,4527281 114 1019.4 520.1 1007.7 509.1 0.44 67
SFIX R,4527283.0,
EFIX R,4527283.0,4527347 66 1007.8 510.2 1120
SSACC R,4527349.0,
ESACC R,4527349.0,4527417 70 1008.7 522.4 994.1 518.2 0.41 90
SFIX R,4527419.0,
EFIX R,4527419.0,4527461 44 996.1 524.0 1114
SSACC R,4527463.0,
ESACC R,4527463.0,4527505 44 996.7 521.7 998.1 525.9 0.12 61
SFIX R,4527507.0,
EFIX R,4527507.0,4527551 46 996.1 529.6 1108
SSACC R,4527553.0,
ESACC R,4527553.0,4527645 94 995.0 522.0 995.2 536.9 0.40 87
SFIX R,4527647.0,
EFIX R,4527647.0,4527693 48 991.9 537.0 1109
SSACC R,4527695.0,
SBLINK R,4527837.0,
EBLINK R,4527837.0,4528035 200
ESACC R,4527695.0,4528303 610 987.0 537.2 985.3 532.6 0.13 1824
SFIX R,4528305.0,
EFIX R,4528305.0,4528393 90 989.2 529.1 1131
SSACC R,4528395.0,
ESACC R,4528395.0,4528601 208 990.9 522.2 1010.2 555.7 1.05 106
SFIX R,4528603.0,
EFIX R,4528603.0,4528657 56 1008.8 561.5 1135
SSACC R,4528659.0,
ESACC R,4528659.0,4528761 104 1007.5 575.7 974.1 543.2 1.26 102
SFIX R,4528763.0,
EFIX R,4528763.0,4528889 128 974.4 553.7 1143
SSACC R,4528891.0,
ESACC R,4528891.0,4528961 72 974.7 553.0 1014.9 568.2 1.16 159
SFIX R,4528963.0,
EFIX R,4528963.0,4529101 140 1009.8 569.3 1125
SSACC R,4529103.0,
ESACC R,4529103.0,4529209 108 1003.6 574.5 977.7 555.0 0.88 103
SFIX R,4529211.0,
EFIX R,4529211.0,4529289 80 977.9 568.2 1133
SSACC R,4529291.0,
ESACC R,4529291.0,4529431 142 980.6 559.6 975.7 578.2 0.52 92
SFIX R,4529433.0,
EFIX R,4529433.0,4529455 24 977.3 590.8 1131
SSACC R,4529457.0,
SBLINK R,4530625.0,
EBLINK R,4530625.0,4530931 308
ESACC R,4529457.0,4534259 4804 980.4 581.6 966.7 548.8 0.96 598
SFIX R,4534261.0,
EFIX R,4534261.0,4534369 110 961.2 529.8 1451
SSACC R,4534371.0,
ESACC R,4534371.0,4534683 314 956.2 525.9 939.5 496.3 0.92 209
SFIX R,4534685.0,
EFIX R,4534685.0,4534785 102 932.5 488.5 1292
SSACC R,4534787.0,
ESACC R,4534787.0,4534815 30 934.3 475.0 916.1 491.4 0.66 72
SFIX R,4534817.0,
EFIX R,4534817.0,4534907 92 921.5 484.1 1232
SSACC R,4534909.0,
SBLINK R,4535037.0,
EBLINK R,4535037.0,4535583 548
ESACC R,4534909.0,4535961 1054 921.7 483.7 946.8 514.1 1.07 2034
SFIX R,4535963.0,
EFIX R,4535963.0,4536069 108 948.2 506.7 1105
SSACC R,4536071.0,
ESACC R,4536071.0,4536107 38 951.4 513.3 949.9 522.6 0.26 76
SFIX R,4536109.0,
EFIX R,4536109.0,4536255 148 948.6 518.0 997
SSACC R,4536257.0,
ESACC R,4536257.0,4536281 26 944.8 506.3 1002.3 537.2 1.77 140
SFIX R,4536283.0,
EFIX R,4536283.0,4536477 196 993.4 523.4 885
SSACC R,4536479.0,
ESACC R,4536479.0,4536511 34 994.6 509.7 957.0 496.6 1.08 138
SFIX R,4536513.0,
EFIX R,4536513.0,4536849 338 954.1 502.7 866
SSACC R,4536851.0,
ESACC R,4536851.0,4536879 30 955.2 502.0 983.5 497.9 0.77 112
SFIX R,4536881.0,
EFIX R,4536881.0,4537407 528 992.9 509.9 945
SSACC R,4537409.0,
ESACC R,4537409.0,4537453 46 994.7 536.0 994.6 542.5 0.18 92
SFIX R,4537455.0,
EFIX R,4537455.0,4537485 32 995.3 535.0 1000
SSACC R,4537487.0,
ESACC R,4537487.0,4537501 16 995.1 528.7 995.6 537.8 0.25 67
SFIX R,4537503.0,
EFIX R,4537503.0,4537585 84 994.2 531.0 1019
SSACC R,4537587.0,
ESACC R,4537587.0,4537613 28 992.6 528.7 994.8 521.2 0.21 81
SFIX R,4537615.0,
EFIX R,4537615.0,4537645 32 995.4 523.4 1046
SSACC R,4537647.0,
ESACC R,4537647.0,4537737 92 995.9 527.1 992.9 532.1 0.16 76
SFIX R,4537739.0,
EFIX R,4537739.0,4537763 26 992.8 532.3 1060
SSACC R,4537765.0,
ESACC R,4537765.0,4537811 48 992.3 534.0 992.5 521.1 0.35 59
SFIX R,4537813.0,
EFIX R,4537813.0,4537841 30 993.7 514.7 1080
SSACC R,4537843.0,
ESACC R,4537843.0,4537849 8 997.3 508.9 995.8 522.7 0.38 83
SFIX R,4537851.0,
EFIX R,4537851.0,4537907 58 993.7 523.1 1080
SSACC R,4537909.0,
ESACC R,4537909.0,4537949 42 994.2 521.5 996.7 517.8 0.12 60
SFIX R,4537951.0,
EFIX R,4537951.0,4537981 32 993.7 526.2 1087
SSACC R,4537983.0,
ESACC R,4537983.0,4538551 570 993.3 521.1 964.3 560.9 1.33 170
SFIX R,4538553.0,
EFIX R,4538553.0,4538571 20 965.1 572.4 1158
SSACC R,4538573.0,
ESACC R,4538573.0,4539657 1086 966.6 556.6 988.7 688.3 3.61 289
SFIX R,4539659.0,
EFIX R,4539659.0,4539701 44 989.0 680.5 1146
SSACC R,4539703.0,
SBLINK R,4541217.0,
EBLINK R,4541217.0,4541689 474
ESACC R,4539703.0,4541747 2046 997.5 641.5 1151.0 455.7 6.50 764
SFIX R,4541749.0,
EFIX R,4541749.0,4541777 30 1149.0 439.7 894
SSACC R,4541779.0,
SBLINK R,4541813.0,
EBLINK R,4541813.0,4541997 186
ESACC R,4541779.0,4542151 374 1148.9 450.9 988.1 498.7 4.53 2038
SFIX R,4542153.0,
EFIX R,4542153.0,4542213 62 987.4 505.9 935
SSACC R,4542215.0,
ESACC R,4542215.0,4542319 106 989.0 505.6 972.6 507.5 0.45 120
SFIX R,4542321.0,
EFIX R,4542321.0,4542559 240 977.8 498.4 955
SSACC R,4542561.0,
ESACC R,4542561.0,4542615 56 984.2 504.4 983.5 500.8 0.10 72
SFIX R,4542617.0,
EFIX R,4542617.0,4542689 74 982.7 502.9 967
SSACC R,4542691.0,
SBLINK R,4546901.0,
EBLINK R,4546901.0,4547169 270
ESACC R,4542691.0,4555973 13284 980.4 509.7 974.7 565.0 1.51 588
SFIX R,4555975.0,
EFIX R,4555975.0,4555999 26 974.6 569.8 1399
SSACC R,4556001.0,
ESACC R,4556001.0,4557679 1680 975.6 577.5 979.3 570.7 0.21 416
SFIX R,4557681.0,
EFIX R,4557681.0,4557707 28 976.2 566.5 1226
SSACC R,4557709.0,
SBLINK R,4562719.0,
EBLINK R,4562719.0,4566389 3672
ESACC R,4557709.0,4567239 9532 977.6 561.9 964.1 598.7 1.06 598
SFIX R,4567241.0,
EFIX R,4567241.0,4567283 44 966.1 595.2 972
SSACC R,4567285.0,
ESACC R,4567285.0,4567593 310 966.9 598.9 973.1 556.5 1.16 102
SFIX R,4567595.0,
EFIX R,4567595.0,4567633 40 973.3 556.4 965
SSACC R,4567635.0,
ESACC R,4567635.0,4567655 22 976.4 561.3 976.8 555.5 0.16 73
SFIX R,4567657.0,
EFIX R,4567657.0,4567705 50 978.1 547.3 980
SSACC R,4567707.0,
ESACC R,4567707.0,4567843 138 982.2 537.6 1015.9 552.4 1.00 140
SFIX R,4567845.0,
EFIX R,4567845.0,4567871 28 1016.7 534.4 1014
SSACC R,4567873.0,
ESACC R,4567873.0,4567961 90 1017.2 515.9 1023.6 529.9 0.42 82
SFIX R,4567963.0,
EFIX R,4567963.0,4567985 24 1022.4 536.3 1032
SSACC R,4567987.0,
ESACC R,4567987.0,4568031 46 1022.4 537.3 1000.9 533.4 0.59 118
SFIX R,4568033.0,
EFIX R,4568033.0,4568217 186 1003.9 527.7 1063
SSACC R,4568219.0,
ESACC R,4568219.0,4568275 58 1006.6 525.2 1008.8 541.9 0.46 76
SFIX R,4568277.0,
EFIX R,4568277.0,4568297 22 1008.1 538.9 1082
SSACC R,4568299.0,
SBLINK R,4580511.0,
EBLINK R,4580511.0,4580769 260
ESACC R,4568299.0,4581551 13254 1012.3 552.0 958.0 557.5 1.48 484
SFIX R,4581553.0,
EFIX R,4581553.0,4581575 24 958.2 557.1 982
SSACC R,4581577.0,
ESACC R,4581577.0,4581603 28 959.0 546.4 956.8 535.0 0.31 75
SFIX R,4581605.0,
EFIX R,4581605.0,4581697 94 957.0 543.7 962
SSACC R,4581699.0,
ESACC R,4581699.0,4581821 124 957.1 541.0 950.8 530.3 0.34 87
SFIX R,4581823.0,
EFIX R,4581823.0,4581861 40 952.1 535.1 957
SSACC R,4581863.0,
ESACC R,4581863.0,4582037 176 952.8 536.3 953.7 539.3 0.08 114
SFIX R,4582039.0,
EFIX R,4582039.0,4582081 44 953.5 535.3 979
SSACC R,4582083.0,
ESACC R,4582083.0,4582105 24 950.0 529.4 952.8 524.3 0.16 118
SFIX R,4582107.0,
EFIX R,4582107.0,4582179 74 950.9 525.3 999
SSACC R,4582181.0,
ESACC R,4582181.0,4583131 952 949.6 527.3 970.1 507.6 0.77 204
SFIX R,4583133.0,
EFIX R,4583133.0,4583205 74 976.1 508.1 1192
SSACC R,4583207.0,
SBLINK R,4588113.0,
EBLINK R,4588113.0,4588375 264
ESACC R,4583207.0,4589277 6072 974.8 485.4 982.8 534.5 1.35 560
SFIX R,4589279.0,
EFIX R,4589279.0,4589313 36 981.0 533.6 1061
SSACC R,4589315.0,
ESACC R,4589315.0,4589351 38 978.0 521.3 987.9 516.6 0.30 85
SFIX R,4589353.0,
EFIX R,4589353.0,4589479 128 994.9 517.9 1052
SSACC R,4589481.0,
ESACC R,4589481.0,4589493 14 997.0 518.0 993.8 505.4 0.35 63
SFIX R,4589495.0,
EFIX R,4589495.0,4589527 34 994.8 512.4 1060
SSACC R,4589529.0,
ESACC R,4589529.0,4589777 250 988.9 520.2 1000.1 481.2 1.10 120
SFIX R,4589779.0,
EFIX R,4589779.0,4589885 108 999.6 472.1 1146
SSACC R,4589887.0,
ESACC R,4589887.0,4589949 64 998.1 477.3 1000.0 450.4 0.73 96
SFIX R,4589951.0,
EFIX R,4589951.0,4590003 54 997.3 446.2 1211
SSACC R,4590005.0,
ESACC R,4590005.0,4590025 22 996.3 463.9 993.8 444.7 0.52 77
SFIX R,4590027.0,
EFIX R,4590027.0,4590083 58 993.9 442.0 1241
SSACC R,4590085.0,
SBLINK R,4590927.0,
EBLINK R,4590927.0,4591817 892
ESACC R,4590085.0,4592217 2134 992.4 444.6 975.0 532.9 2.44 1810
SFIX R,4592219.0,
EFIX R,4592219.0,4592287 70 972.8 523.1 1018
SSACC R,4592289.0,
ESACC R,4592289.0,4592311 24 970.3 523.4 972.9 513.7 0.27 123
SFIX R,4592313.0,
EFIX R,4592313.0,4592503 192 971.9 515.3 1041
SSACC R,4592505.0,
ESACC R,4592505.0,4592715 212 961.4 490.9 964.9 519.9 0.79 78
SFIX R,4592717.0,
EFIX R,4592717.0,4592769 54 963.7 522.0 1045
SSACC R,4592771.0,
ESACC R,4592771.0,4595259 2490 963.5 529.7 973.5 503.0 0.77 258
SFIX R,4595261.0,
EFIX R,4595261.0,4595311 52 971.2 518.2 1347
SSACC R,4595313.0,
ESACC R,4595313.0,4595379 68 970.2 513.9 957.7 564.7 1.42 132
SFIX R,4595381.0,
EFIX R,4595381.0,4595409 30 954.5 560.5 1340
SSACC R,4595411.0,
SBLINK R,4598841.0,
EBLINK R,4598841.0,4599049 210
ESACC R,4595411.0,4600093 4684 955.2 564.9 955.3 597.0 0.87 1347
SFIX R,4600095.0,
EFIX R,4600095.0,4600117 24 954.8 599.1 915
SSACC R,4600119.0,
SBLINK R,4607105.0,
EBLINK R,4607105.0,4613331 6228
ESACC R,4600119.0,4614123 14006 955.3 599.9 950.9 656.9 1.55 2124
SFIX R,4614125.0,
EFIX R,4614125.0,4614145 22 953.6 647.1 761
SSACC R,4614147.0,
ESACC R,4614147.0,4614881 736 954.4 650.3 962.0 651.7 0.21 172
SFIX R,4614883.0,
EFIX R,4614883.0,4614943 62 958.2 660.2 750
SSACC R,4614945.0,
SBLINK R,4622177.0,
EBLINK R,4622177.0,4622535 360
ESACC R,4614945.0,4623241 8298 959.7 645.4 943.7 645.7 0.43 500
SFIX R,4623243.0,
EFIX R,4623243.0,4623269 28 941.3 634.4 880
SSACC R,4623271.0,
SBLINK R,4625825.0,
EBLINK R,4625825.0,4630163 4340
ESACC R,4623271.0,4630991 7722 939.2 621.0 965.5 615.4 0.73 2159
SFIX R,4630993.0,
EFIX R,4630993.0,4631021 30 966.6 608.0 1087
SSACC R,4631023.0,
ESACC R,4631023.0,4631081 60 961.5 617.3 960.5 590.2 0.73 164
SFIX R,4631083.0,
EFIX R,4631083.0,4631115 34 959.3 593.8 1068
SSACC R,4631117.0,
ESACC R,4631117.0,4631143 28 955.7 594.9 956.8 613.8 0.51 56
SFIX R,4631145.0,
EFIX R,4631145.0,4631169 26 954.6 606.3 1038
SSACC R,4631171.0,
SBLINK R,4631347.0,
EBLINK R,4631347.0,4631573 228
ESACC R,4631171.0,4631947 778 954.4 612.2 983.1 504.1 3.03 2350
SFIX R,4631949.0,
EFIX R,4631949.0,4631977 30 989.9 498.6 1186
SSACC R,4631979.0,
ESACC R,4631979.0,4631985 8 992.2 497.6 991.4 511.2 0.37 76
SFIX R,4631987.0,
EFIX R,4631987.0,4632083 98 986.5 506.3 1194
SSACC R,4632085.0,
ESACC R,4632085.0,4632311 228 983.5 515.1 985.3 530.2 0.41 74
SFIX R,4632313.0,
EFIX R,4632313.0,4632393 82 984.3 545.2 1138
SSACC R,4632395.0,
ESACC R,4632395.0,4632439 46 984.4 563.1 982.3 540.6 0.61 66
SFIX R,4632441.0,
EFIX R,4632441.0,4632473 34 983.5 535.0 1133
SSACC R,4632475.0,
ESACC R,4632475.0,4632481 8 981.6 520.4 980.6 530.8 0.28 54
SFIX R,4632483.0,
EFIX R,4632483.0,4632515 34 983.1 531.2 1133
SSACC R,4632517.0,
ESACC R,4632517.0,4632813 298 981.5 525.3 976.7 532.5 0.23 101
SFIX R,4632815.0,
EFIX R,4632815.0,4632867 54 975.6 537.0 1187
SSACC R,4632869.0,
ESACC R,4632869.0,4633153 286 976.3 537.3 988.0 569.5 0.93 153
SFIX R,4633155.0,
EFIX R,4633155.0,4633203 50 995.1 545.5 1272
SSACC R,4633205.0,
SBLINK R,4634235.0,
EBLINK R,4634235.0,4634501 268
ESACC R,4633205.0,4634809 1606 986.8 580.0 992.6 535.9 1.21 718
SFIX R,4634811.0,
EFIX R,4634811.0,4634837 28 986.3 532.2 1387
SSACC R,4634839.0,
ESACC R,4634839.0,4635075 238 985.6 514.6 966.4 520.5 0.54 132
SFIX R,4635077.0,
EFIX R,4635077.0,4635203 128 965.2 543.2 1288
SSACC R,4635205.0,
ESACC R,4635205.0,4635499 296 961.0 549.6 973.6 554.8 0.37 114
SFIX R,4635501.0,
EFIX R,4635501.0,4635561 62 977.6 557.4 1199
SSACC R,4635563.0,
ESACC R,4635563.0,4635623 62 981.5 561.1 978.7 559.7 0.08 60
SFIX R,4635625.0,
EFIX R,4635625.0,4635699 76 982.0 564.6 1183
SSACC R,4635701.0,
SBLINK R,4637247.0,
EBLINK R,4637247.0,4637481 236
ESACC R,4635701.0,4637897 2198 982.8 577.9 957.0 546.5 1.10 1633
SFIX R,4637899.0,
EFIX R,4637899.0,4637959 62 956.0 539.6 1173
SSACC R,4637961.0,
ESACC R,4637961.0,4638361 402 953.5 542.3 930.4 620.9 2.22 130
SFIX R,4638363.0,
EFIX R,4638363.0,4638395 34 938.6 611.3 1049
SSACC R,4638397.0,
SBLINK R,4638755.0,
EBLINK R,4638755.0,4639479 726
ESACC R,4638397.0,4639689 1294 940.0 595.4 975.3 524.1 2.16 1948
SFIX R,4639691.0,
EFIX R,4639691.0,4639699 10 975.0 520.3 1165
SSACC R,4639701.0,
ESACC R,4639701.0,4639717 18 973.1 534.8 973.7 536.1 0.04 34
SFIX R,4639719.0,
EFIX R,4639719.0,4639799 82 975.5 522.2 1163
SSACC R,4639801.0,
ESACC R,4639801.0,4639831 32 975.1 520.3 973.8 511.5 0.24 66
SFIX R,4639833.0,
EFIX R,4639833.0,4639983 152 974.8 522.0 1169
SSACC R,4639985.0,
ESACC R,4639985.0,4639989 6 977.8 518.8 979.7 533.5 0.40 58
SFIX R,4639991.0,
EFIX R,4639991.0,4640053 64 980.0 527.6 1153
SSACC R,4640055.0,
ESACC R,4640055.0,4640333 280 979.6 541.5 1002.7 532.1 0.68 102
SFIX R,4640335.0,
EFIX R,4640335.0,4640411 78 1001.0 543.3 1106
SSACC R,4640413.0,
SBLINK R,4644191.0,
EBLINK R,4644191.0,4645381 1192
ESACC R,4640413.0,4645699 5288 998.0 571.1 918.1 451.4 3.90 2082
SFIX R,4645701.0,
EFIX R,4645701.0,4645733 34 918.2 468.6 1108
SSACC R,4645735.0,
ESACC R,4645735.0,4645859 126 916.9 483.9 940.0 505.9 0.86 82
SFIX R,4645861.0,
EFIX R,4645861.0,4645919 60 945.6 511.4 1088
SSACC R,4645921.0,
ESACC R,4645921.0,4646421 502 945.9 537.5 959.9 534.0 0.39 162
SFIX R,4646423.0,
EFIX R,4646423.0,4646457 36 956.8 523.8 979
SSACC R,4646459.0,
ESACC R,4646459.0,4646693 236 955.8 523.3 955.3 511.4 0.32 127
SFIX R,4646695.0,
EFIX R,4646695.0,4646769 76 955.4 518.7 1047
SSACC R,4646771.0,
ESACC R,4646771.0,4647131 362 954.9 514.5 982.1 517.4 0.74 137
SFIX R,4647133.0,
EFIX R,4647133.0,4647189 58 980.4 515.8 1148
SSACC R,4647191.0,
ESACC R,4647191.0,4647275 86 979.6 534.4 957.5 524.3 0.66 148
SFIX R,4647277.0,
EFIX R,4647277.0,4647311 36 967.0 527.1 1171
SSACC R,4647313.0,
ESACC R,4647313.0,4647319 8 963.7 538.3 966.4 532.5 0.17 49
SFIX R,4647321.0,
EFIX R,4647321.0,4647355 36 968.0 524.8 1181
SSACC R,4647357.0,
ESACC R,4647357.0,4647623 268 967.2 513.4 983.1 524.6 0.53 130
SFIX R,4647625.0,
EFIX R,4647625.0,4647673 50 983.0 517.2 1223
SSACC R,4647675.0,
ESACC R,4647675.0,4647729 56 987.5 507.4 987.4 500.9 0.18 62
SFIX R,4647731.0,
EFIX R,4647731.0,4647781 52 988.9 510.9 1237
SSACC R,4647783.0,
SBLINK R,4647893.0,
EBLINK R,4647893.0,4648167 276
ESACC R,4647783.0,4648969 1188 989.3 503.4 976.4 510.9 0.40 1778
SFIX R,4648971.0,
EFIX R,4648971.0,4649089 120 969.8 527.8 1108
SSACC R,4649091.0,
ESACC R,4649091.0,4649097 8 969.8 523.7 967.3 531.0 0.21 46
SFIX R,4649099.0,
EFIX R,4649099.0,4649133 36 971.2 529.7 1115
SSACC R,4649135.0,
ESACC R,4649135.0,4649471 338 972.7 526.7 980.3 523.9 0.22 148
SFIX R,4649473.0,
EFIX R,4649473.0,4649501 30 985.0 530.8 1134
SSACC R,4649503.0,
ESACC R,4649503.0,4649623 122 986.1 546.4 991.3 537.4 0.28 120
SFIX R,4649625.0,
EFIX R,4649625.0,4649781 158 988.8 530.9 1143
SSACC R,4649783.0,
ESACC R,4649783.0,4649997 216 988.5 535.3 999.8 553.8 0.59 117
SFIX R,4649999.0,
EFIX R,4649999.0,4650027 30 998.3 557.6 1175
SSACC R,4650029.0,
ESACC R,4650029.0,4650383 356 998.0 547.8 1009.2 591.0 1.21 169
SFIX R,4650385.0,
EFIX R,4650385.0,4650451 68 1013.1 592.2 1193
SSACC R,4650453.0,
ESACC R,4650453.0,4650473 22 1015.8 603.4 1013.2 597.0 0.19 112
SFIX R,4650475.0,
EFIX R,4650475.0,4650497 24 1014.5 600.9 1185
SSACC R,4650499.0,
SBLINK R,4651227.0,
EBLINK R,4651227.0,4653535 2310
ESACC R,4650499.0,4654563 4066 1011.3 605.1 1030.1 596.0 0.57 1746
SFIX R,4654565.0,
EFIX R,4654565.0,4654619 56 1032.7 591.8 1275
SSACC R,4654621.0,
ESACC R,4654621.0,4654749 130 1035.9 601.4 980.4 580.2 1.61 174
SFIX R,4654751.0,
EFIX R,4654751.0,4654775 26 975.7 573.8 1242
SSACC R,4654777.0,
ESACC R,4654777.0,4654827 52 975.1 576.1 972.2 542.2 0.92 92
SFIX R,4654829.0,
EFIX R,4654829.0,4654877 50 963.3 539.2 1277
SSACC R,4654879.0,
ESACC R,4654879.0,4655023 146 960.0 526.9 941.5 533.2 0.53 90
SFIX R,4655025.0,
EFIX R,4655025.0,4655053 30 943.5 541.5 1349
SSACC R,4655055.0,
ESACC R,4655055.0,4655097 44 943.5 540.3 941.4 551.1 0.30 79
SFIX R,4655099.0,
EFIX R,4655099.0,4655121 24 943.6 545.2 1378
SSACC R,4655123.0,
SBLINK R,4655431.0,
EBLINK R,4655431.0,4655729 300
ESACC R,4655123.0,4656309 1188 955.3 543.6 1014.6 533.0 1.63 809
SFIX R,4656311.0,
EFIX R,4656311.0,4656337 28 1014.9 525.9 1514
SSACC R,4656339.0,
ESACC R,4656339.0,4656541 204 1012.9 520.8 1008.8 533.1 0.35 138
SFIX R,4656543.0,
EFIX R,4656543.0,4656577 36 1007.2 532.6 1442
SSACC R,4656579.0,
ESACC R,4656579.0,4656617 40 1007.0 547.0 1004.6 522.0 0.68 80
SFIX R,4656619.0,
EFIX R,4656619.0,4656653 36 1007.5 529.1 1432
SSACC R,4656655.0,
ESACC R,4656655.0,4656671 18 1010.9 533.5 1007.7 521.3 0.34 66
SFIX R,4656673.0,
EFIX R,4656673.0,4656709 38 1009.4 525.1 1428
SSACC R,4656711.0,
SBLINK R,4656763.0,
EBLINK R,4656763.0,4659315 2554
ESACC R,4656711.0,4659969 3260 1013.6 522.9 983.5 560.2 1.30 1082
SFIX R,4659971.0,
EFIX R,4659971.0,4659993 24 986.2 568.2 1262
SSACC R,4659995.0,
ESACC R,4659995.0,4660643 650 986.3 560.6 983.6 576.9 0.45 234
SFIX R,4660645.0,
EFIX R,4660645.0,4660677 34 980.3 592.3 1222
SSACC R,4660679.0,
SBLINK R,4661435.0,
EBLINK R,4661435.0,4668743 7310
ESACC R,4660679.0,4672203 11526 975.1 625.9 916.1 483.2 4.18 1751
SFIX R,4672205.0,
EFIX R,4672205.0,4672239 36 915.6 468.7 1713
SSACC R,4672241.0,
ESACC R,4672241.0,4672301 62 914.1 476.1 909.0 463.4 0.37 98
SFIX R,4672303.0,
EFIX R,4672303.0,4672323 22 911.2 478.4 1674
SSACC R,4672325.0,
ESACC R,4672325.0,4672383 60 914.4 474.9 941.3 473.6 0.73 104
SFIX R,4672385.0,
EFIX R,4672385.0,4672405 22 938.4 476.2 1633
SSACC R,4672407.0,
ESACC R,4672407.0,4672443 38 936.5 490.0 931.5 477.6 0.36 93
SFIX R,4672445.0,
EFIX R,4672445.0,4672607 164 926.0 493.3 1550
SSACC R,4672609.0,
ESACC R,4672609.0,4672627 20 916.1 502.7 894.2 500.4 0.60 86
SFIX R,4672629.0,
EFIX R,4672629.0,4672667 40 892.6 503.7 1468
SSACC R,4672669.0,
ESACC R,4672669.0,4672689 22 891.6 512.0 890.4 516.5 0.13 100
SFIX R,4672691.0,
EFIX R,4672691.0,4672739 50 888.7 507.9 1432
SSACC R,4672741.0,
SBLINK R,4672813.0,
EBLINK R,4672813.0,4673033 222
ESACC R,4672741.0,4673361 622 884.8 507.6 880.6 479.7 0.76 1606
SFIX R,4673363.0,
EFIX R,4673363.0,4673413 52 885.6 480.8 1383
SSACC R,4673415.0,
ESACC R,4673415.0,4673455 42 889.2 485.2 893.9 485.0 0.13 92
SFIX R,4673457.0,
EFIX R,4673457.0,4673599 144 899.3 487.5 1369
SSACC R,4673601.0,
ESACC R,4673601.0,4673625 26 904.7 491.7 928.1 514.0 0.88 115
SFIX R,4673627.0,
EFIX R,4673627.0,4673731 106 924.1 515.6 1321
SSACC R,4673733.0,
ESACC R,4673733.0,4673739 8 926.4 523.7 923.3 506.0 0.49 74
SFIX R,4673741.0,
EFIX R,4673741.0,4673943 204 923.5 527.1 1304
SSACC R,4673945.0,
ESACC R,4673945.0,4673995 52 914.1 533.3 914.9 518.2 0.41 104
SFIX R,4673997.0,
EFIX R,4673997.0,4674055 60 919.3 522.8 1298
SSACC R,4674057.0,
ESACC R,4674057.0,4674063 8 922.3 527.2 922.0 517.2 0.27 70
SFIX R,4674065.0,
EFIX R,4674065.0,4674205 142 924.6 518.9 1304
SSACC R,4674207.0,
ESACC R,4674207.0,4674247 42 925.2 511.2 931.6 523.1 0.37 101
SFIX R,4674249.0,
EFIX R,4674249.0,4674321 74 933.1 516.0 1306
SSACC R,4674323.0,
ESACC R,4674323.0,4674575 254 933.1 519.6 935.1 510.5 0.25 105
SFIX R,4674577.0,
EFIX R,4674577.0,4674647 72 931.4 509.1 1372
SSACC R,4674649.0,
SBLINK R,4675121.0,
EBLINK R,4675121.0,4675391 272
ESACC R,4674649.0,4675771 1124 927.5 528.0 918.6 522.0 0.29 1070
SFIX R,4675773.0,
EFIX R,4675773.0,4675797 26 922.5 526.0 1401
SSACC R,4675799.0,
ESACC R,4675799.0,4675893 96 918.0 529.2 904.5 535.3 0.40 119
SFIX R,4675895.0,
EFIX R,4675895.0,4675923 30 903.0 527.7 1365
SSACC R,4675925.0,
ESACC R,4675925.0,4676061 138 904.7 520.2 898.3 534.6 0.43 107
SFIX R,4676063.0,
EFIX R,4676063.0,4676101 40 902.6 543.5 1309
SSACC R,4676103.0,
ESACC R,4676103.0,4676119 18 903.5 542.2 900.9 556.5 0.39 76
SFIX R,4676121.0,
EFIX R,4676121.0,4676145 26 905.1 554.8 1293
SSACC R,4676147.0,
ESACC R,4676147.0,4676381 236 909.2 558.9 931.9 557.5 0.62 122
SFIX R,4676383.0,
EFIX R,4676383.0,4676409 28 932.8 556.3 1260
SSACC R,4676411.0,
ESACC R,4676411.0,4676451 42 933.2 560.6 934.9 545.6 0.41 54
SFIX R,4676453.0,
EFIX R,4676453.0,4676509 58 938.4 535.8 1266
SSACC R,4676511.0,
ESACC R,4676511.0,4676551 42 938.9 516.5 938.9 545.5 0.79 84
SFIX R,4676553.0,
EFIX R,4676553.0,4676633 82 937.7 531.9 1268
SSACC R,4676635.0,
ESACC R,4676635.0,4676667 34 933.7 537.1 941.6 538.2 0.22 67
SFIX R,4676669.0,
EFIX R,4676669.0,4676693 26 937.2 537.4 1259
SSACC R,4676695.0,
ESACC R,4676695.0,4676727 34 935.6 543.5 927.2 533.5 0.35 98
SFIX R,4676729.0,
EFIX R,4676729.0,4676773 46 921.5 532.2 1237
SSACC R,4676775.0,
ESACC R,4676775.0,4676963 190 925.1 525.3 944.5 563.0 1.15 168
SFIX R,4676965.0,
EFIX R,4676965.0,4677007 44 946.5 573.0 1106
SSACC R,4677009.0,
ESACC R,4677009.0,4677047 40 950.4 564.8 944.7 549.6 0.44 84
SFIX R,4677049.0,
EFIX R,4677049.0,4677115 68 942.0 557.2 1102
SSACC R,4677117.0,
SBLINK R,4677215.0,
EBLINK R,4677215.0,4677447 234
ESACC R,4677117.0,4677655 540 943.2 537.4 934.3 535.8 0.25 2178
SFIX R,4677657.0,
EFIX R,4677657.0,4677841 186 941.2 519.1 1112
SSACC R,4677843.0,
ESACC R,4677843.0,4677857 16 942.6 528.5 939.8 523.4 0.16 87
SFIX R,4677859.0,
EFIX R,4677859.0,4678249 392 939.7 507.8 938
SSACC R,4678251.0,
ESACC R,4678251.0,4678265 16 939.2 519.2 940.2 510.2 0.25 55
SFIX R,4678267.0,
EFIX R,4678267.0,4678325 60 940.6 513.2 866
SSACC R,4678327.0,
ESACC R,4678327.0,4678331 6 943.1 506.5 941.5 515.8 0.26 49
SFIX R,4678333.0,
EFIX R,4678333.0,4678465 134 944.0 510.7 885
SSACC R,4678467.0,
ESACC R,4678467.0,4678535 70 949.8 514.5 971.1 503.7 0.65 71
SFIX R,4678537.0,
EFIX R,4678537.0,4678667 132 976.8 497.3 941
SSACC R,4678669.0,
ESACC R,4678669.0,4678757 90 985.5 492.3 971.0 486.0 0.43 71
SFIX R,4678759.0,
EFIX R,4678759.0,4679189 432 969.0 488.4 1015
SSACC R,4679191.0,
ESACC R,4679191.0,4679217 28 965.7 512.0 964.2 492.9 0.52 77
SFIX R,4679219.0,
EFIX R,4679219.0,4679297 80 965.5 503.2 1077
SSACC R,4679299.0,
ESACC R,4679299.0,4679305 8 963.3 515.2 961.9 501.7 0.37 64
SFIX R,4679307.0,
EFIX R,4679307.0,4679465 160 969.5 514.0 1109
SSACC R,4679467.0,
ESACC R,4679467.0,4679559 94 974.2 503.0 979.3 527.4 0.68 135
SFIX R,4679561.0,
EFIX R,4679561.0,4679589 30 976.9 517.3 1155
SSACC R,4679591.0,
ESACC R,4679591.0,4679607 18 977.1 533.2 980.6 519.7 0.38 82
SFIX R,4679609.0,
EFIX R,4679609.0,4679681 74 982.7 520.2 1165
SSACC R,4679683.0,
ESACC R,4679683.0,4679735 54 977.5 526.4 958.3 530.2 0.53 126
SFIX R,4679737.0,
EFIX R,4679737.0,4679795 60 964.4 521.5 1183
SSACC R,4679797.0,
SBLINK R,4680001.0,
EBLINK R,4680001.0,4680509 510
ESACC R,4679797.0,4680873 1078 966.9 505.2 967.2 516.1 0.30 2111
SFIX R,4680875.0,
EFIX R,4680875.0,4680927 54 960.4 519.5 1230
SSACC R,4680929.0,
ESACC R,4680929.0,4681115 188 959.2 506.3 951.7 543.2 1.02 92
SFIX R,4681117.0,
EFIX R,4681117.0,4681141 26 949.5 537.8 1086
SSACC R,4681143.0,
ESACC R,4681143.0,4681155 14 949.3 532.4 947.1 549.4 0.46 62
SFIX R,4681157.0,
EFIX R,4681157.0,4681181 26 948.6 542.3 1072
SSACC R,4681183.0,
ESACC R,4681183.0,4681257 76 948.8 534.7 956.7 539.7 0.25 159
SFIX R,4681259.0,
EFIX R,4681259.0,4681299 42 958.2 530.0 1041
SSACC R,4681301.0,
ESACC R,4681301.0,4681377 78 954.8 547.9 956.8 517.0 0.84 86
SFIX R,4681379.0,
EFIX R,4681379.0,4681549 172 954.7 511.6 1039
SSACC R,4681551.0,
ESACC R,4681551.0,4681671 122 953.5 497.7 956.2 487.7 0.28 66
SFIX R,4681673.0,
EFIX R,4681673.0,4681755 84 958.8 498.5 1035
SSACC R,4681757.0,
SBLINK R,4681971.0,
EBLINK R,4681971.0,4682187 218
ESACC R,4681757.0,4682347 592 961.0 494.1 955.5 528.6 0.95 2252
SFIX R,4682349.0,
EFIX R,4682349.0,4682371 24 956.3 522.4 1113
SSACC R,4682373.0,
ESACC R,4682373.0,4682453 82 957.6 520.9 954.7 504.2 0.46 81
SFIX R,4682455.0,
EFIX R,4682455.0,4682551 98 955.9 483.7 1184
SSACC R,4682553.0,
ESACC R,4682553.0,4682655 104 956.2 467.6 966.9 489.3 0.66 75
SFIX R,4682657.0,
EFIX R,4682657.0,4682681 26 966.0 488.9 1217
SSACC R,4682683.0,
ESACC R,4682683.0,4682687 6 966.4 481.9 966.9 496.6 0.40 55
SFIX R,4682689.0,
EFIX R,4682689.0,4682953 266 971.7 496.4 1215
SSACC R,4682955.0,
ESACC R,4682955.0,4682965 12 975.6 492.3 976.1 506.0 0.37 71
SFIX R,4682967.0,
EFIX R,4682967.0,4683019 54 974.7 501.0 1193
SSACC R,4683021.0,
ESACC R,4683021.0,4683089 70 974.6 498.3 992.6 490.2 0.53 69
SFIX R,4683091.0,
EFIX R,4683091.0,4683135 46 991.8 504.0 1185
SSACC R,4683137.0,
ESACC R,4683137.0,4683257 122 994.2 501.1 989.9 509.7 0.26 81
SFIX R,4683259.0,
EFIX R,4683259.0,4683385 128 994.7 508.6 1180
SSACC R,4683387.0,
ESACC R,4683387.0,4683419 34 997.9 502.8 993.5 503.8 0.12 66
SFIX R,4683421.0,
EFIX R,4683421.0,4683455 36 994.4 507.1 1185
SSACC R,4683457.0,
ESACC R,4683457.0,4683565 110 995.7 506.7 972.1 503.8 0.64 112
SFIX R,4683567.0,
EFIX R,4683567.0,4683589 24 973.9 500.7 1198
SSACC R,4683591.0,
ESACC R,4683591.0,4683657 68 974.3 502.0 966.6 514.2 0.39 96
SFIX R,4683659.0,
EFIX R,4683659.0,4683687 30 967.9 511.0 1206
SSACC R,4683689.0,
ESACC R,4683689.0,4683727 40 969.5 508.9 983.3 511.9 0.38 116
SFIX R,4683729.0,
EFIX R,4683729.0,4683769 42 982.3 506.0 1228
SSACC R,4683771.0,
ESACC R,4683771.0,4683789 20 982.4 493.0 980.0 521.2 0.77 111
SFIX R,4683791.0,
EFIX R,4683791.0,4683815 26 982.6 509.3 1231
SSACC R,4683817.0,
ESACC R,4683817.0,4683867 52 979.7 503.2 977.8 502.9 0.05 88
SFIX R,4683869.0,
EFIX R,4683869.0,4683909 42 978.4 511.9 1249
SSACC R,4683911.0,
ESACC R,4683911.0,4684247 338 978.5 523.3 981.5 535.7 0.35 114
SFIX R,4684249.0,
EFIX R,4684249.0,4684345 98 973.9 551.0 1246
SSACC R,4684347.0,
ESACC R,4684347.0,4684445 100 972.7 554.8 971.7 558.7 0.11 147
SFIX R,4684447.0,
EFIX R,4684447.0,4684495 50 963.1 548.9 1246
SSACC R,4684497.0,
SBLINK R,4684805.0,
EBLINK R,4684805.0,4686429 1626
ESACC R,4684497.0,4686981 2486 957.2 570.2 970.8 546.2 0.75 1580
SFIX R,4686983.0,
EFIX R,4686983.0,4687003 22 977.1 564.5 1320
SSACC R,4687005.0,
SBLINK R,4687201.0,
EBLINK R,4687201.0,4687541 342
ESACC R,4687005.0,4688107 1104 978.7 586.8 937.5 522.4 2.07 1575
SFIX R,4688109.0,
EFIX R,4688109.0,4688131 24 936.0 523.8 1336
SSACC R,4688133.0,
ESACC R,4688133.0,4688263 132 935.2 529.7 930.7 524.0 0.20 97
SFIX R,4688265.0,
EFIX R,4688265.0,4688315 52 932.8 512.9 1327
SSACC R,4688317.0,
ESACC R,4688317.0,4688351 36 932.4 508.6 934.0 521.6 0.35 60
SFIX R,4688353.0,
EFIX R,4688353.0,4688381 30 935.7 514.7 1316
SSACC R,4688383.0,
ESACC R,4688383.0,4688427 46 937.7 507.6 936.4 519.8 0.33 81
SFIX R,4688429.0,
EFIX R,4688429.0,4688505 78 938.0 520.1 1297
SSACC R,4688507.0,
SBLINK R,4689019.0,
EBLINK R,4689019.0,4689293 276
ESACC R,4688507.0,4689621 1116 937.4 517.5 956.4 487.7 0.96 701
SFIX R,4689623.0,
EFIX R,4689623.0,4689839 218 956.1 493.6 1378
SSACC R,4689841.0,
ESACC R,4689841.0,4689947 108 960.0 498.9 961.9 488.2 0.29 72
SFIX R,4689949.0,
EFIX R,4689949.0,4690017 70 963.2 479.9 1355
SSACC R,4690019.0,
ESACC R,4690019.0,4690075 58 965.5 475.8 968.7 495.5 0.54 71
SFIX R,4690077.0,
EFIX R,4690077.0,4690233 158 960.7 495.6 1335
SSACC R,4690235.0,
ESACC R,4690235.0,4690295 62 961.5 492.5 965.4 517.1 0.67 122
SFIX R,4690297.0,
EFIX R,4690297.0,4690327 32 965.7 530.6 1298
SSACC R,4690329.0,
ESACC R,4690329.0,4690405 78 960.8 558.4 963.7 519.4 1.06 129
SFIX R,4690407.0,
EFIX R,4690407.0,4690441 36 963.4 525.5 1300
SSACC R,4690443.0,
SBLINK R,4691071.0,
EBLINK R,4691071.0,4692389 1320
ESACC R,4690443.0,4692601 2160 965.1 525.5 960.3 455.6 1.90 690
SFIX R,4692603.0,
EFIX R,4692603.0,4692671 70 972.6 461.5 1303
SSACC R,4692673.0,
ESACC R,4692673.0,4692679 8 972.2 457.2 971.8 474.8 0.48 58
SFIX R,4692681.0,
EFIX R,4692681.0,4693595 916 952.9 524.5 966
SSACC R,4693597.0,
ESACC R,4693597.0,4693667 72 941.7 518.7 989.8 898.8 10.25 427
SFIX R,4693669.0,
EFIX R,4693669.0,4693723 56 989.6 905.3 975
SSACC R,4693725.0,
SBLINK R,4693757.0,
EBLINK R,4693757.0,4694027 272
ESACC R,4693725.0,4694107 384 990.9 922.1 969.3 528.7 10.51 618
SFIX R,4694109.0,
EFIX R,4694109.0,4694217 110 969.5 524.3 1050
SSACC R,4694219.0,
SBLINK R,4694247.0,
EBLINK R,4694247.0,4694501 256
ESACC R,4694219.0,4694585 368 970.3 533.7 962.2 467.4 1.81 1979
SFIX R,4694587.0,
EFIX R,4694587.0,4694731 146 969.7 471.9 1145
SSACC R,4694733.0,
ESACC R,4694733.0,4694761 30 977.2 473.0 1016.3 485.4 1.11 143
SFIX R,4694763.0,
EFIX R,4694763.0,4695769 1008 1006.5 475.1 1209
SSACC R,4695771.0,
SBLINK R,4695815.0,
EBLINK R,4695815.0,4695979 166
ESACC R,4695771.0,4696105 336 1007.7 470.3 1184.5 476.5 4.77 2092
SFIX R,4696107.0,
EFIX R,4696107.0,4696131 26 1181.8 479.9 1367
SSACC R,4696133.0,
ESACC R,4696133.0,4696239 108 1180.6 479.1 1007.9 434.1 4.81 281
SFIX R,4696241.0,
EFIX R,4696241.0,4696847 608 1015.8 415.0 1500
SSACC R,4696849.0,
ESACC R,4696849.0,4696869 22 1012.8 400.4 1014.1 413.7 0.36 61
SFIX R,4696871.0,
EFIX R,4696871.0,4696897 28 1011.8 408.5 1574
SSACC R,4696899.0,
ESACC R,4696899.0,4696907 10 1012.1 411.6 1013.0 420.7 0.25 64
SFIX R,4696909.0,
EFIX R,4696909.0,4697027 120 1010.7 413.1 1576
SSACC R,4697029.0,
ESACC R,4697029.0,4697083 56 1012.0 422.5 1010.3 423.3 0.05 60
SFIX R,4697085.0,
EFIX R,4697085.0,4697153 70 1009.9 425.1 1556
SSACC R,4697155.0,
ESACC R,4697155.0,4697159 6 1010.1 436.9 1011.2 432.1 0.13 49
SFIX R,4697161.0,
EFIX R,4697161.0,4697635 476 1004.6 427.5 1520
SSACC R,4697637.0,
ESACC R,4697637.0,4697673 38 993.5 431.4 997.4 427.4 0.15 50
SFIX R,4697675.0,
EFIX R,4697675.0,4697801 128 993.3 420.9 1515
SSACC R,4697803.0,
ESACC R,4697803.0,4697861 60 994.1 424.1 1420.4 575.8 12.00 455
SFIX R,4697863.0,
EFIX R,4697863.0,4697967 106 1402.5 591.1 1522
SSACC R,4697969.0,
ESACC R,4697969.0,4697975 8 1399.5 606.6 1397.8 594.7 0.32 48
SFIX R,4697977.0,
EFIX R,4697977.0,4698033 58 1399.4 596.4 1521
SSACC R,4698035.0,
ESACC R,4698035.0,4698049 16 1396.4 589.4 1397.1 596.8 0.20 82
SFIX R,4698051.0,
EFIX R,4698051.0,4698107 58 1397.7 596.4 1526
SSACC R,4698109.0,
ESACC R,4698109.0,4698123 16 1396.9 582.8 1398.3 601.1 0.49 64
SFIX R,4698125.0,
EFIX R,4698125.0,4698223 100 1393.2 595.6 1519
SSACC R,4698225.0,
ESACC R,4698225.0,4698331 108 1390.2 605.3 1394.9 767.5 4.28 263
SFIX R,4698333.0,
EFIX R,4698333.0,4698475 144 1388.4 762.1 1460
SSACC R,4698477.0,
ESACC R,4698477.0,4698497 22 1384.2 763.7 1384.6 776.5 0.34 63
SFIX R,4698499.0,
EFIX R,4698499.0,4698517 20 1382.7 783.8 1444
SSACC R,4698519.0,
ESACC R,4698519.0,4699141 624 1383.4 784.5 929.1 1091.5 14.25 379
SFIX R,4699143.0,
EFIX R,4699143.0,4699179 38 936.5 1071.3 1537
SSACC R,4699181.0,
ESACC R,4699181.0,4699251 72 938.1 1075.2 944.5 1055.5 0.53 130
SFIX R,4699253.0,
EFIX R,4699253.0,4699275 24 944.0 1063.6 1554
SSACC R,4699277.0,
SBLINK R,4700019.0,
EBLINK R,4700019.0,4700253 236
ESACC R,4699277.0,4700647 1372 944.3 1056.6 1002.4 429.5 16.55 712
SFIX R,4700649.0,
EFIX R,4700649.0,4701405 758 978.3 484.6 1539
SSACC R,4701407.0,
SBLINK R,4701445.0,
EBLINK R,4701445.0,4701809 366
ESACC R,4701407.0,4701903 498 955.7 518.9 1462.6 602.9 13.54 1152
SFIX R,4701905.0,
EFIX R,4701905.0,4702021 118 1463.1 570.6 1361
SSACC R,4702023.0,
ESACC R,4702023.0,4702093 72 1460.4 567.2 1824.5 684.3 9.38 428
SFIX R,4702095.0,
EFIX R,4702095.0,4702143 50 1819.1 691.3 1370
SSACC R,4702145.0,
ESACC R,4702145.0,4702195 52 1816.0 697.2 1810.8 692.4 0.17 79
SFIX R,4702197.0,
EFIX R,4702197.0,4702343 148 1807.2 708.8 1327
SSACC R,4702345.0,
ESACC R,4702345.0,4702887 544 1801.2 738.7 1806.2 1169.0 10.39 287
SFIX R,4702889.0,
EFIX R,4702889.0,4702939 52 1805.8 1177.8 1176
SSACC R,4702941.0,
ESACC R,4702941.0,4704275 1336 1808.2 1167.5 1747.4 1443.4 6.39 199
SFIX R,4704277.0,
EFIX R,4704277.0,4704307 32 1752.4 1473.8 1258
SSACC R,4704309.0,
SBLINK R,4704791.0,
EBLINK R,4704791.0,4705097 308
ESACC R,4704309.0,4705377 1070 1748.7 1512.2 990.6 433.6 31.69 498
SFIX R,4705379.0,
EFIX R,4705379.0,4705453 76 988.6 425.8 1572
SSACC R,4705455.0,
ESACC R,4705455.0,4705473 20 984.5 438.3 984.0 443.9 0.15 85
SFIX R,4705475.0,
EFIX R,4705475.0,4705691 218 980.1 450.2 1498
SSACC R,4705693.0,
ESACC R,4705693.0,4705697 6 977.3 463.6 975.9 474.1 0.29 61
SFIX R,4705699.0,
EFIX R,4705699.0,4706011 314 983.6 478.2 1397
SSACC R,4706013.0,
SBLINK R,4706051.0,
EBLINK R,4706051.0,4706677 628
ESACC R,4706013.0,4706817 806 997.1 488.8 953.0 449.2 1.61 1076
SFIX R,4706819.0,
EFIX R,4706819.0,4706897 80 954.6 446.9 1325
SSACC R,4706899.0,
SBLINK R,4706943.0,
EBLINK R,4706943.0,4707271 330
ESACC R,4706899.0,4707423 526 957.5 451.8 1001.7 468.8 1.28 1523
SFIX R,4707425.0,
EFIX R,4707425.0,4707475 52 999.8 458.2 1301
SSACC R,4707477.0,
ESACC R,4707477.0,4707481 6 1003.4 461.7 1001.1 454.3 0.21 52
SFIX R,4707483.0,
EFIX R,4707483.0,4708255 774 1002.5 456.9 1328
SSACC R,4708257.0,
ESACC R,4708257.0,4708265 10 1006.5 478.1 1005.7 463.6 0.39 50
SFIX R,4708267.0,
EFIX R,4708267.0,4708421 156 1005.2 465.5 1323
SSACC R,4708423.0,
ESACC R,4708423.0,4708445 24 1006.9 467.1 1049.9 460.0 1.18 124
SFIX R,4708447.0,
EFIX R,4708447.0,4708873 428 1034.2 470.1 1417
SSACC R,4708875.0,
SBLINK R,4708925.0,
EBLINK R,4708925.0,4709103 180
ESACC R,4708875.0,4709233 360 1023.3 483.5 1006.1 439.4 1.28 973
SFIX R,4709235.0,
EFIX R,4709235.0,4710621 1388 998.0 508.6 1453
SSACC R,4710623.0,
SBLINK R,4710657.0,
EBLINK R,4710657.0,4710863 208
ESACC R,4710623.0,4710965 344 1016.0 493.6 987.4 438.4 1.68 1294
SFIX R,4710967.0,
EFIX R,4710967.0,4711183 218 983.9 482.2 1518
SSACC R,4711185.0,
ESACC R,4711185.0,4711201 18 982.4 489.8 1010.4 469.0 0.95 108
SFIX R,4711203.0,
EFIX R,4711203.0,4712887 1686 1014.4 477.2 1454
SSACC R,4712889.0,
ESACC R,4712889.0,4712945 58 1044.4 478.7 1128.9 806.3 9.08 444
SFIX R,4712947.0,
EFIX R,4712947.0,4713233 288 1118.1 827.3 1523
SSACC R,4713235.0,
SBLINK R,4713287.0,
EBLINK R,4713287.0,4713481 196
ESACC R,4713235.0,4713621 388 1117.6 837.2 1016.0 479.7 9.97 2236
SFIX R,4713623.0,
EFIX R,4713623.0,4714191 570 1005.9 483.5 1270
SSACC R,4714193.0,
ESACC R,4714193.0,4714211 20 1001.1 509.1 1016.7 484.5 0.79 79
SFIX R,4714213.0,
EFIX R,4714213.0,4715121 910 1031.1 498.4 1243
SSACC R,4715123.0,
ESACC R,4715123.0,4715181 60 1054.1 473.8 1269.9 750.3 9.40 475
SFIX R,4715183.0,
EFIX R,4715183.0,4715741 560 1253.1 777.9 1295
SSACC R,4715743.0,
ESACC R,4715743.0,4715783 42 1236.1 793.1 1061.4 518.4 8.72 340
SFIX R,4715785.0,
EFIX R,4715785.0,4715933 150 1062.4 509.5 1206
SSACC R,4715935.0,
ESACC R,4715935.0,4715975 42 1064.2 501.5 1013.9 499.0 1.36 122
SFIX R,4715977.0,
EFIX R,4715977.0,4716469 494 1032.3 505.9 1248
SSACC R,4716471.0,
ESACC R,4716471.0,4716477 8 1035.5 502.5 1044.0 496.6 0.28 55
SFIX R,4716479.0,
EFIX R,4716479.0,4717703 1226 1050.6 476.0 1365
SSACC R,4717705.0,
SBLINK R,4717733.0,
EBLINK R,4717733.0,4717957 226
ESACC R,4717705.0,4718023 320 1059.2 478.2 1060.3 467.1 0.30 1261
SFIX R,4718025.0,
EFIX R,4718025.0,4718079 56 1055.5 491.8 1438
SSACC R,4718081.0,
SBLINK R,4718113.0,
EBLINK R,4718113.0,4718279 168
ESACC R,4718081.0,4718429 350 1057.0 500.5 1050.9 483.6 0.49 1371
SFIX R,4718431.0,
EFIX R,4718431.0,4718991 562 1034.4 500.7 1229
SSACC R,4718993.0,
ESACC R,4718993.0,4719009 18 1019.6 528.4 1023.2 508.7 0.54 75
SFIX R,4719011.0,
EFIX R,4719011.0,4719881 872 1022.9 495.4 1166
SSACC R,4719883.0,
ESACC R,4719883.0,4719893 12 1034.5 498.8 1050.8 516.7 0.66 73
SFIX R,4719895.0,
EFIX R,4719895.0,4720597 704 1051.1 503.0 1275
SSACC R,4720599.0,
ESACC R,4720599.0,4720619 22 1063.6 490.6 1012.9 466.7 1.52 124
SFIX R,4720621.0,
EFIX R,4720621.0,4721395 776 1036.5 479.2 1395
SSACC R,4721397.0,
ESACC R,4721397.0,4721413 18 1043.9 484.0 1019.9 483.0 0.65 79
SFIX R,4721415.0,
EFIX R,4721415.0,4721683 270 1024.2 487.7 1345
SSACC R,4721685.0,
SBLINK R,4721719.0,
EBLINK R,4721719.0,4721919 202
ESACC R,4721685.0,4722033 350 1026.0 502.2 1057.7 501.5 0.86 1274
SFIX R,4722035.0,
EFIX R,4722035.0,4723167 1134 1074.2 511.5 1265
SSACC R,4723169.0,
ESACC R,4723169.0,4723189 22 1086.2 484.0 1058.4 454.5 1.10 110
SFIX R,4723191.0,
EFIX R,4723191.0,4724113 924 1060.5 459.5 1301
SSACC R,4724115.0,
SBLINK R,4724145.0,
EBLINK R,4724145.0,4724867 724
ESACC R,4724115.0,4724983 870 1061.2 454.5 1055.6 501.0 1.27 1069
SFIX R,4724985.0,
EFIX R,4724985.0,4725945 962 1037.1 505.1 1144
SSACC R,4725947.0,
ESACC R,4725947.0,4725981 36 1023.3 495.8 1032.2 449.4 1.28 116
SFIX R,4725983.0,
EFIX R,4725983.0,4726797 816 1034.7 466.2 1248
SSACC R,4726799.0,
ESACC R,4726799.0,4726817 20 1055.3 470.5 1003.2 468.7 1.41 120
SFIX R,4726819.0,
EFIX R,4726819.0,4727051 234 1020.8 473.8 1360
SSACC R,4727053.0,
ESACC R,4727053.0,4727065 14 1025.5 467.1 1025.6 483.7 0.45 55
SFIX R,4727067.0,
EFIX R,4727067.0,4727099 34 1025.5 475.6 1364
SSACC R,4727101.0,
ESACC R,4727101.0,4727151 52 1027.5 470.3 1060.8 477.2 0.92 114
SFIX R,4727153.0,
EFIX R,4727153.0,4727683 532 1068.5 480.2 1349
SSACC R,4727685.0,
ESACC R,4727685.0,4727713 30 1071.7 486.3 1178.6 489.8 2.88 193
SFIX R,4727715.0,
EFIX R,4727715.0,4727909 196 1157.4 495.4 1332
SSACC R,4727911.0,
ESACC R,4727911.0,4727923 14 1151.5 490.3 1153.8 507.5 0.47 66
SFIX R,4727925.0,
EFIX R,4727925.0,4728049 126 1149.4 501.8 1330
SSACC R,4728051.0,
SBLINK R,4728083.0,
EBLINK R,4728083.0,4728483 402
ESACC R,4728051.0,4728689 640 1154.2 499.9 1074.9 477.1 2.22 1051
SFIX R,4728691.0,
EFIX R,4728691.0,4729155 466 1041.3 486.1 1158
SSACC R,4729157.0,
ESACC R,4729157.0,4729165 10 1013.1 510.2 1011.5 495.7 0.40 52
SFIX R,4729167.0,
EFIX R,4729167.0,4729427 262 1002.7 512.0 935
SSACC R,4729429.0,
ESACC R,4729429.0,4729433 6 997.5 522.5 996.9 536.3 0.37 52
SFIX R,4729435.0,
EFIX R,4729435.0,4730617 1184 1007.0 505.8 1021
SSACC R,4730619.0,
ESACC R,4730619.0,4730623 6 1031.9 505.3 1031.9 496.6 0.24 52
SFIX R,4730625.0,
EFIX R,4730625.0,4730853 230 1039.4 496.0 1199
SSACC R,4730855.0,
ESACC R,4730855.0,4730887 34 1043.8 496.0 1072.5 500.3 0.79 141
SFIX R,4730889.0,
EFIX R,4730889.0,4731305 418 1085.4 512.6 1265
SSACC R,4731307.0,
ESACC R,4731307.0,4731329 24 1087.6 519.2 1019.1 506.2 1.89 169
SFIX R,4731331.0,
EFIX R,4731331.0,4731513 184 1028.3 503.5 1335
SSACC R,4731515.0,
SBLINK R,4731557.0,
EBLINK R,4731557.0,4731839 284
ESACC R,4731515.0,4732043 530 1030.0 498.4 1016.3 463.9 1.01 785
SFIX R,4732045.0,
EFIX R,4732045.0,4733685 1642 1000.0 504.4 1275
SSACC R,4733687.0,
SBLINK R,4733727.0,
EBLINK R,4733727.0,4733925 200
ESACC R,4733687.0,4734245 560 1013.7 485.6 970.6 528.9 1.66 968
SFIX R,4734247.0,
EFIX R,4734247.0,4734273 28 969.9 532.8 1355
SSACC R,4734275.0,
ESACC R,4734275.0,4734297 24 970.3 545.9 966.9 523.6 0.61 76
SFIX R,4734299.0,
EFIX R,4734299.0,4734409 112 967.6 523.9 1349
SSACC R,4734411.0,
ESACC R,4734411.0,4734429 20 966.2 530.6 1006.6 508.9 1.24 114
SFIX R,4734431.0,
EFIX R,4734431.0,4734969 540 1002.7 529.3 1227
SSACC R,4734971.0,
ESACC R,4734971.0,4734997 28 1005.5 522.4 1015.1 516.4 0.31 95
SFIX R,4734999.0,
EFIX R,4734999.0,4735057 60 1021.0 514.4 1181
SSACC R,4735059.0,
ESACC R,4735059.0,4735071 14 1022.4 512.4 1021.7 523.5 0.30 52
SFIX R,4735073.0,
EFIX R,4735073.0,4735755 684 1018.7 514.4 1310
SSACC R,4735757.0,
ESACC R,4735757.0,4735781 26 1022.4 506.1 1054.2 512.4 0.88 129
SFIX R,4735783.0,
EFIX R,4735783.0,4735907 126 1050.5 504.0 1447
SSACC R,4735909.0,
ESACC R,4735909.0,4735913 6 1051.1 497.1 1051.0 510.4 0.36 72
SFIX R,4735915.0,
EFIX R,4735915.0,4736441 528 1055.7 498.5 1467
SSACC R,4736443.0,
ESACC R,4736443.0,4736467 26 1063.8 502.0 1007.4 473.2 1.71 137
SFIX R,4736469.0,
EFIX R,4736469.0,4736841 374 1022.1 464.4 1510
SSACC R,4736843.0,
ESACC R,4736843.0,4736855 14 1018.9 443.3 1016.2 454.4 0.31 50
SFIX R,4736857.0,
EFIX R,4736857.0,4737087 232 1020.3 458.4 1526
SSACC R,4737089.0,
ESACC R,4737089.0,4737117 30 1019.7 448.9 1061.9 458.7 1.17 118
SFIX R,4737119.0,
EFIX R,4737119.0,4737585 468 1059.5 477.7 1482
SSACC R,4737587.0,
ESACC R,4737587.0,4737607 22 1066.3 501.3 1014.4 474.6 1.58 134
SFIX R,4737609.0,
EFIX R,4737609.0,4737855 248 1028.9 491.9 1455
SSACC R,4737857.0,
SBLINK R,4737901.0,
EBLINK R,4737901.0,4738129 230
ESACC R,4737857.0,4738269 414 1027.7 496.1 1028.3 436.7 1.61 968
SFIX R,4738271.0,
EFIX R,4738271.0,4738591 322 1017.3 467.9 1442
SSACC R,4738593.0,
ESACC R,4738593.0,4738601 10 1008.8 497.9 1002.0 511.4 0.41 67
SFIX R,4738603.0,
EFIX R,4738603.0,4739545 944 1011.2 512.1 1291
SSACC R,4739547.0,
ESACC R,4739547.0,4739567 22 1030.1 490.1 1059.3 502.4 0.86 104
SFIX R,4739569.0,
EFIX R,4739569.0,4739797 230 1061.9 502.1 1380
SSACC R,4739799.0,
SBLINK R,4739837.0,
EBLINK R,4739837.0,4740079 244
ESACC R,4739799.0,4740191 394 1070.2 505.9 1025.6 475.5 1.46 1197
SFIX R,4740193.0,
EFIX R,4740193.0,4740469 278 1027.2 503.9 1426
SSACC R,4740471.0,
ESACC R,4740471.0,4740477 8 1022.9 505.0 1027.7 494.4 0.32 55
SFIX R,4740479.0,
EFIX R,4740479.0,4741507 1030 1001.3 502.2 1221
SSACC R,4741509.0,
ESACC R,4741509.0,4741535 28 1018.0 459.3 1038.6 461.4 0.56 98
SFIX R,4741537.0,
EFIX R,4741537.0,4741831 296 1048.7 469.4 1348
SSACC R,4741833.0,
ESACC R,4741833.0,4741855 24 1051.8 474.9 1011.9 460.7 1.15 131
SFIX R,4741857.0,
EFIX R,4741857.0,4742399 544 1022.3 464.0 1464
SSACC R,4742401.0,
ESACC R,4742401.0,4742419 20 1032.0 465.9 1081.9 474.1 1.37 127
SFIX R,4742421.0,
EFIX R,4742421.0,4742787 368 1081.8 480.0 1521
SSACC R,4742789.0,
ESACC R,4742789.0,4742815 28 1087.6 484.1 1003.7 465.7 2.32 182
SFIX R,4742817.0,
EFIX R,4742817.0,4743065 250 1006.9 474.8 1518
SSACC R,4743067.0,
ESACC R,4743067.0,4743085 20 1009.3 485.0 1009.6 461.5 0.64 81
SFIX R,4743087.0,
EFIX R,4743087.0,4743119 34 1012.7 466.3 1510
SSACC R,4743121.0,
SBLINK R,4743165.0,
EBLINK R,4743165.0,4743411 248
ESACC R,4743121.0,4743521 402 1018.0 457.6 1048.7 479.5 1.02 1025
SFIX R,4743523.0,
EFIX R,4743523.0,4744319 798 1033.5 518.7 1269
SSACC R,4744321.0,
ESACC R,4744321.0,4744361 42 1014.9 510.5 960.9 514.7 1.47 162
SFIX R,4744363.0,
EFIX R,4744363.0,4744547 186 960.9 512.0 1157
SSACC R,4744549.0,
ESACC R,4744549.0,4744571 24 960.0 502.0 1005.7 495.6 1.25 150
SFIX R,4744573.0,
EFIX R,4744573.0,4745005 434 1005.0 494.4 1237
SSACC R,4745007.0,
ESACC R,4745007.0,4745015 10 1012.6 504.1 1011.0 486.1 0.49 59
SFIX R,4745017.0,
EFIX R,4745017.0,4745041 26 1011.5 492.2 1278
SSACC R,4745043.0,
ESACC R,4745043.0,4745057 16 1011.9 496.7 1032.0 469.5 0.92 98
SFIX R,4745059.0,
EFIX R,4745059.0,4745375 318 1021.7 488.3 1259
SSACC R,4745377.0,
ESACC R,4745377.0,4745393 18 1013.7 500.8 981.4 506.0 0.89 93
SFIX R,4745395.0,
EFIX R,4745395.0,4745709 316 995.1 507.8 1247
SSACC R,4745711.0,
ESACC R,4745711.0,4745731 22 992.6 512.7 1036.4 521.9 1.21 108
SFIX R,4745733.0,
EFIX R,4745733.0,4745897 166 1026.4 516.8 1289
SSACC R,4745899.0,
ESACC R,4745899.0,4745903 6 1031.8 503.8 1030.1 510.0 0.17 59
SFIX R,4745905.0,
EFIX R,4745905.0,4746211 308 1025.1 504.3 1342
SSACC R,4746213.0,
ESACC R,4746213.0,4746225 14 1021.1 495.7 1020.1 474.6 0.57 69
SFIX R,4746227.0,
EFIX R,4746227.0,4746261 36 1021.2 475.2 1405
SSACC R,4746263.0,
SBLINK R,4746305.0,
EBLINK R,4746305.0,4746495 192
ESACC R,4746263.0,4746657 396 1018.8 476.2 990.6 454.4 0.97 1396
SFIX R,4746659.0,
EFIX R,4746659.0,4746853 196 994.7 467.0 1477
SSACC R,4746855.0,
ESACC R,4746855.0,4746875 22 994.7 472.0 1046.4 481.1 1.42 122
SFIX R,4746877.0,
EFIX R,4746877.0,4746937 62 1036.8 490.6 1460
SSACC R,4746939.0,
ESACC R,4746939.0,4746951 14 1036.9 487.8 1040.2 501.2 0.37 58
SFIX R,4746953.0,
EFIX R,4746953.0,4747431 480 1052.4 506.0 1376
SSACC R,4747433.0,
ESACC R,4747433.0,4747437 6 1063.2 510.8 1065.2 506.0 0.14 44
SFIX R,4747439.0,
EFIX R,4747439.0,4747489 52 1066.0 499.9 1330
SSACC R,4747491.0,
ESACC R,4747491.0,4747499 10 1066.6 504.5 1065.7 488.3 0.44 52
SFIX R,4747501.0,
EFIX R,4747501.0,4747873 374 1066.8 478.3 1346
SSACC R,4747875.0,
ESACC R,4747875.0,4747907 34 1069.9 459.5 1070.6 451.7 0.21 52
SFIX R,4747909.0,
EFIX R,4747909.0,4748005 98 1069.9 454.8 1406
SSACC R,4748007.0,
ESACC R,4748007.0,4748015 10 1067.2 439.3 1069.0 464.7 0.69 82
SFIX R,4748017.0,
EFIX R,4748017.0,4748051 36 1067.0 459.2 1421
SSACC R,4748053.0,
ESACC R,4748053.0,4748059 8 1067.5 464.5 1067.8 456.8 0.21 57
SFIX R,4748061.0,
EFIX R,4748061.0,4748269 210 1067.2 461.1 1454
SSACC R,4748271.0,
ESACC R,4748271.0,4748301 32 1070.2 467.6 980.1 449.4 2.49 160
SFIX R,4748303.0,
EFIX R,4748303.0,4748463 162 993.2 455.6 1495
SSACC R,4748465.0,
ESACC R,4748465.0,4748475 12 993.9 458.4 995.3 471.6 0.36 52
SFIX R,4748477.0,
EFIX R,4748477.0,4748579 104 994.8 461.5 1499
SSACC R,4748581.0,
ESACC R,4748581.0,4748619 40 995.2 469.4 996.1 477.7 0.23 76
SFIX R,4748621.0,
EFIX R,4748621.0,4748659 40 996.5 468.9 1495
SSACC R,4748661.0,
SBLINK R,4748707.0,
EBLINK R,4748707.0,4749161 456
ESACC R,4748661.0,4749349 690 997.0 475.1 1028.1 489.5 0.93 681
SFIX R,4749351.0,
EFIX R,4749351.0,4749427 78 1025.2 488.2 1390
SSACC R,4749429.0,
ESACC R,4749429.0,4749433 6 1023.8 492.6 1024.6 500.7 0.22 57
SFIX R,4749435.0,
EFIX R,4749435.0,4750959 1526 999.7 480.8 1328
SSACC R,4750961.0,
ESACC R,4750961.0,4750979 20 993.0 463.3 1017.1 462.5 0.65 71
SFIX R,4750981.0,
EFIX R,4750981.0,4751693 714 1008.4 478.0 1433
SSACC R,4751695.0,
SBLINK R,4751737.0,
EBLINK R,4751737.0,4751999 264
ESACC R,4751695.0,4752421 728 1012.7 477.9 1000.1 461.7 0.56 1144
SFIX R,4752423.0,
EFIX R,4752423.0,4752671 250 997.6 477.1 1409
SSACC R,4752673.0,
ESACC R,4752673.0,4752683 12 1004.8 482.8 1006.6 501.0 0.50 90
SFIX R,4752685.0,
EFIX R,4752685.0,4753829 1146 1003.1 460.4 1420
SSACC R,4753831.0,
ESACC R,4753831.0,4753861 32 990.2 439.0 1018.4 420.8 0.91 113
SFIX R,4753863.0,
EFIX R,4753863.0,4753999 138 1019.8 430.4 1532
SSACC R,4754001.0,
ESACC R,4754001.0,4754035 36 1019.5 423.3 1020.3 435.2 0.32 69
SFIX R,4754037.0,
EFIX R,4754037.0,4754089 54 1020.8 432.2 1533
SSACC R,4754091.0,
ESACC R,4754091.0,4754141 52 1022.6 421.2 999.2 429.2 0.67 132
SFIX R,4754143.0,
EFIX R,4754143.0,4754169 28 997.0 427.2 1544
SSACC R,4754171.0,
ESACC R,4754171.0,4754273 104 995.6 422.8 994.0 428.5 0.16 82
SFIX R,4754275.0,
EFIX R,4754275.0,4754843 570 990.2 443.0 1531
SSACC R,4754845.0,
ESACC R,4754845.0,4754903 60 993.2 461.5 1023.7 459.3 0.83 118
SFIX R,4754905.0,
EFIX R,4754905.0,4755079 176 1024.9 469.5 1504
SSACC R,4755081.0,
ESACC R,4755081.0,4755089 10 1028.5 460.8 1031.5 475.8 0.41 54
SFIX R,4755091.0,
EFIX R,4755091.0,4755281 192 1028.9 472.1 1498
SSACC R,4755283.0,
ESACC R,4755283.0,4755313 32 1025.0 474.0 1027.9 462.5 0.32 51
SFIX R,4755315.0,
EFIX R,4755315.0,4755385 72 1028.2 470.4 1504
SSACC R,4755387.0,
ESACC R,4755387.0,4755437 52 1028.8 480.2 1030.0 469.1 0.30 71
SFIX R,4755439.0,
EFIX R,4755439.0,4755755 318 1030.5 464.3 1527
SSACC R,4755757.0,
ESACC R,4755757.0,4755769 14 1029.6 469.9 1034.1 449.8 0.56 65
SFIX R,4755771.0,
EFIX R,4755771.0,4755941 172 1030.3 451.0 1544
SSACC R,4755943.0,
ESACC R,4755943.0,4755947 6 1030.3 454.7 1030.3 446.7 0.22 63
SFIX R,4755949.0,
EFIX R,4755949.0,4756055 108 1029.4 440.9 1552
SSACC R,4756057.0,
ESACC R,4756057.0,4756161 106 1026.1 445.9 1026.5 429.9 0.43 74
SFIX R,4756163.0,
EFIX R,4756163.0,4756567 406 1028.3 432.1 1565
SSACC R,4756569.0,
ESACC R,4756569.0,4756577 10 1029.7 440.9 1034.1 415.7 0.69 73
SFIX R,4756579.0,
EFIX R,4756579.0,4756691 114 1033.5 430.4 1574
SSACC R,4756693.0,
SBLINK R,4757079.0,
EBLINK R,4757079.0,4757295 218
ESACC R,4756693.0,4757429 738 1038.5 436.2 960.7 379.8 2.60 797
SFIX R,4757431.0,
EFIX R,4757431.0,4757607 178 956.6 388.8 1539
SSACC R,4757609.0,
ESACC R,4757609.0,4757631 24 958.0 398.3 954.4 409.1 0.31 66
SFIX R,4757633.0,
EFIX R,4757633.0,4757659 28 953.6 407.9 1538
SSACC R,4757661.0,
ESACC R,4757661.0,4757685 26 952.0 415.7 1073.6 441.0 3.36 254
SFIX R,4757687.0,
EFIX R,4757687.0,4757839 154 1054.3 448.8 1526
SSACC R,4757841.0,
ESACC R,4757841.0,4757849 10 1050.1 467.9 1048.9 449.6 0.50 65
SFIX R,4757851.0,
EFIX R,4757851.0,4757931 82 1047.7 457.5 1514
SSACC R,4757933.0,
ESACC R,4757933.0,4757973 42 1046.3 470.5 1005.8 469.5 1.10 153
SFIX R,4757975.0,
EFIX R,4757975.0,4758319 346 997.8 474.2 1472
SSACC R,4758321.0,
ESACC R,4758321.0,4758333 14 988.8 481.8 988.0 467.3 0.39 50
SFIX R,4758335.0,
EFIX R,4758335.0,4758495 162 987.7 470.7 1432
SSACC R,4758497.0,
SBLINK R,4758545.0,
EBLINK R,4758545.0,4759113 570
ESACC R,4758497.0,4759283 788 989.9 469.3 994.4 443.4 0.71 1057
SFIX R,4759285.0,
EFIX R,4759285.0,4759329 46 999.0 448.9 1409
SSACC R,4759331.0,
ESACC R,4759331.0,4759351 22 998.9 463.3 995.2 441.8 0.59 92
SFIX R,4759353.0,
EFIX R,4759353.0,4759441 90 996.1 449.1 1410
SSACC R,4759443.0,
ESACC R,4759443.0,4759485 44 991.6 447.0 1019.8 449.7 0.77 93
SFIX R,4759487.0,
EFIX R,4759487.0,4759655 170 1014.5 478.7 1324
SSACC R,4759657.0,
ESACC R,4759657.0,4759671 16 1002.5 498.7 983.4 513.6 0.66 78
SFIX R,4759673.0,
EFIX R,4759673.0,4759949 278 986.7 522.2 1192
SSACC R,4759951.0,
ESACC R,4759951.0,4759971 22 981.0 521.9 1007.0 520.9 0.71 95
SFIX R,4759973.0,
EFIX R,4759973.0,4760057 86 1001.1 524.1 1148
SSACC R,4760059.0,
SBLINK R,4760101.0,
EBLINK R,4760101.0,4760781 682
ESACC R,4760059.0,4760939 882 1003.3 533.1 1027.9 518.5 0.78 1964
SFIX R,4760941.0,
EFIX R,4760941.0,4760963 24 1028.2 519.6 1180
SSACC R,4760965.0,
ESACC R,4760965.0,4760979 16 1028.5 518.8 1027.2 497.9 0.57 53
SFIX R,4760981.0,
EFIX R,4760981.0,4761261 282 1023.4 494.6 1180
SSACC R,4761263.0,
ESACC R,4761263.0,4761273 12 1018.8 503.2 995.0 506.3 0.65 70
SFIX R,4761275.0,
EFIX R,4761275.0,4761521 248 997.5 510.2 1109
SSACC R,4761523.0,
ESACC R,4761523.0,4761551 30 992.1 511.3 1022.1 505.7 0.83 83
SFIX R,4761553.0,
EFIX R,4761553.0,4761709 158 1020.5 515.4 1023
SSACC R,4761711.0,
ESACC R,4761711.0,4761753 44 1014.2 525.0 996.3 510.4 0.63 74
SFIX R,4761755.0,
EFIX R,4761755.0,4762245 492 995.7 510.9 905
SSACC R,4762247.0,
ESACC R,4762247.0,4762263 18 986.5 527.5 970.3 524.9 0.44 51
SFIX R,4762265.0,
EFIX R,4762265.0,4762441 178 975.5 529.8 863
SSACC R,4762443.0,
ESACC R,4762443.0,4762467 26 982.5 519.0 994.8 497.8 0.66 67
SFIX R,4762469.0,
EFIX R,4762469.0,4762649 182 991.6 501.3 909
SSACC R,4762651.0,
ESACC R,4762651.0,4762655 6 972.8 505.1 974.1 501.6 0.10 38
SFIX R,4762657.0,
EFIX R,4762657.0,4762985 330 985.0 492.2 1001
SSACC R,4762987.0,
ESACC R,4762987.0,4763001 16 991.3 495.6 1006.5 510.3 0.57 76
SFIX R,4763003.0,
EFIX R,4763003.0,4763215 214 1005.8 510.4 1073
SSACC R,4763217.0,
ESACC R,4763217.0,4763227 12 1010.3 508.0 996.1 491.9 0.58 70
SFIX R,4763229.0,
EFIX R,4763229.0,4763823 596 1018.3 506.1 1138
SSACC R,4763825.0,
ESACC R,4763825.0,4763877 54 1030.7 516.5 1029.7 494.5 0.60 70
SFIX R,4763879.0,
EFIX R,4763879.0,4764715 838 1014.9 515.6 1133
SSACC R,4764717.0,
SBLINK R,4764791.0,
EBLINK R,4764791.0,4764987 198
ESACC R,4764717.0,4765191 476 1005.5 532.4 1024.7 505.6 0.89 1909
SFIX R,4765193.0,
EFIX R,4765193.0,4765213 22 1023.8 495.1 1224
SSACC R,4765215.0,
ESACC R,4765215.0,4765229 16 1024.1 500.2 1004.5 474.0 0.89 89
SFIX R,4765231.0,
EFIX R,4765231.0,4765315 86 1015.1 481.9 1228
SSACC R,4765317.0,
ESACC R,4765317.0,4765321 6 1012.5 495.0 1011.8 479.3 0.43 50
SFIX R,4765323.0,
EFIX R,4765323.0,4765453 132 1003.8 491.7 1211
SSACC R,4765455.0,
ESACC R,4765455.0,4765479 26 995.2 495.5 1050.5 489.8 1.51 132
SFIX R,4765481.0,
EFIX R,4765481.0,4765645 166 1020.4 491.6 1148
SSACC R,4765647.0,
ESACC R,4765647.0,4765665 20 1013.1 496.2 974.6 507.0 1.08 94
SFIX R,4765667.0,
EFIX R,4765667.0,4766103 438 984.4 503.5 1113
SSACC R,4766105.0,
ESACC R,4766105.0,4766123 20 988.9 493.5 965.2 501.0 0.67 82
SFIX R,4766125.0,
EFIX R,4766125.0,4766333 210 973.7 489.7 1142
SSACC R,4766335.0,
ESACC R,4766335.0,4766373 40 975.9 490.2 999.0 484.3 0.65 88
SFIX R,4766375.0,
EFIX R,4766375.0,4766589 216 1000.3 482.2 1176
SSACC R,4766591.0,
ESACC R,4766591.0,4766617 28 1007.6 474.3 1005.9 479.9 0.16 54
SFIX R,4766619.0,
EFIX R,4766619.0,4766771 154 1006.6 478.5 1200
SSACC R,4766773.0,
ESACC R,4766773.0,4766793 22 1007.5 481.4 974.6 474.3 0.91 90
SFIX R,4766795.0,
EFIX R,4766795.0,4767391 598 993.4 492.5 1240
SSACC R,4767393.0,
ESACC R,4767393.0,4767405 14 1002.6 497.7 1003.1 499.8 0.06 61
SFIX R,4767407.0,
EFIX R,4767407.0,4767689 284 1008.0 498.0 1283
SSACC R,4767691.0,
ESACC R,4767691.0,4767735 46 1010.3 478.7 1009.4 485.3 0.18 64
SFIX R,4767737.0,
EFIX R,4767737.0,4768027 292 1002.9 492.1 1327
SSACC R,4768029.0,
ESACC R,4768029.0,4768041 14 997.8 474.8 998.2 492.4 0.48 57
SFIX R,4768043.0,
EFIX R,4768043.0,4768385 344 1004.6 482.4 1360
SSACC R,4768387.0,
ESACC R,4768387.0,4768483 98 1007.1 476.0 1005.1 473.4 0.09 53
SFIX R,4768485.0,
EFIX R,4768485.0,4768533 50 1007.6 473.8 1384
SSACC R,4768535.0,
SBLINK R,4768619.0,
EBLINK R,4768619.0,4768865 248
ESACC R,4768535.0,4769015 482 1010.3 469.9 1029.8 428.2 1.25 1064
SFIX R,4769017.0,
EFIX R,4769017.0,4769039 24 1027.1 437.5 1386
SSACC R,4769041.0,
ESACC R,4769041.0,4769061 22 1021.4 439.5 999.7 442.5 0.59 77
SFIX R,4769063.0,
EFIX R,4769063.0,4769417 356 993.6 458.9 1352
SSACC R,4769419.0,
ESACC R,4769419.0,4769457 40 989.7 492.6 1004.4 501.7 0.47 80
SFIX R,4769459.0,
EFIX R,4769459.0,4769659 202 999.5 502.4 1221
SSACC R,4769661.0,
ESACC R,4769661.0,4769673 14 993.6 499.7 968.3 498.2 0.69 74
SFIX R,4769675.0,
EFIX R,4769675.0,4769927 254 984.4 498.2 1208
SSACC R,4769929.0,
ESACC R,4769929.0,4769943 16 999.8 493.8 998.0 500.9 0.20 75
SFIX R,4769945.0,
EFIX R,4769945.0,4770087 144 1000.5 494.0 1211
SSACC R,4770089.0,
ESACC R,4770089.0,4770105 18 999.2 494.2 977.2 489.0 0.61 71
SFIX R,4770107.0,
EFIX R,4770107.0,4770267 162 986.1 482.8 1244
SSACC R,4770269.0,
ESACC R,4770269.0,4770301 34 985.4 466.9 985.9 472.5 0.15 58
SFIX R,4770303.0,
EFIX R,4770303.0,4770591 290 986.4 478.1 1289
SSACC R,4770593.0,
ESACC R,4770593.0,4770647 56 990.2 472.9 1004.3 493.1 0.67 83
SFIX R,4770649.0,
EFIX R,4770649.0,4771043 396 1009.3 479.8 1325
SSACC R,4771045.0,
ESACC R,4771045.0,4771051 8 1013.4 471.6 1014.1 481.4 0.27 49
SFIX R,4771053.0,
EFIX R,4771053.0,4771103 52 1014.5 477.0 1336
SSACC R,4771105.0,
ESACC R,4771105.0,4771119 16 1016.3 483.5 990.6 467.9 0.81 95
SFIX R,4771121.0,
EFIX R,4771121.0,4771171 52 999.8 467.6 1344
SSACC R,4771173.0,
ESACC R,4771173.0,4771177 6 999.6 469.5 999.9 458.2 0.31 59
SFIX R,4771179.0,
EFIX R,4771179.0,4771711 534 995.1 446.9 1401
SSACC R,4771713.0,
ESACC R,4771713.0,4771805 94 991.5 425.9 992.7 429.5 0.10 86
SFIX R,4771807.0,
EFIX R,4771807.0,4771867 62 991.6 430.9 1489
SSACC R,4771869.0,
ESACC R,4771869.0,4772029 162 991.8 439.7 996.5 438.7 0.13 80
SFIX R,4772031.0,
EFIX R,4772031.0,4772129 100 998.5 442.1 1519
SSACC R,4772131.0,
ESACC R,4772131.0,4772165 36 1000.1 449.4 1000.4 447.0 0.07 75
SFIX R,4772167.0,
EFIX R,4772167.0,4772303 138 1000.6 436.2 1542
SSACC R,4772305.0,
ESACC R,4772305.0,4772313 10 1000.8 420.0 1000.5 440.2 0.55 70
SFIX R,4772315.0,
EFIX R,4772315.0,4772509 196 1001.3 428.8 1570
SSACC R,4772511.0,
ESACC R,4772511.0,4772517 8 1001.6 429.7 1000.1 420.0 0.27 58
SFIX R,4772519.0,
EFIX R,4772519.0,4772539 22 1000.9 426.0 1574
SSACC R,4772541.0,
ESACC R,4772541.0,4772555 16 1000.8 423.4 1000.2 420.4 0.08 78
SFIX R,4772557.0,
EFIX R,4772557.0,4772591 36 999.9 417.3 1584
SSACC R,4772593.0,
ESACC R,4772593.0,4772603 12 1000.5 396.7 1000.6 417.1 0.55 95
SFIX R,4772605.0,
EFIX R,4772605.0,4772709 106 998.3 413.0 1587
SSACC R,4772711.0,
ESACC R,4772711.0,4772755 46 998.2 420.5 1032.9 414.4 0.95 120
SFIX R,4772757.0,
EFIX R,4772757.0,4772835 80 1034.1 425.0 1589
SSACC R,4772837.0,
ESACC R,4772837.0,4772845 10 1034.9 434.6 1035.6 420.0 0.40 64
SFIX R,4772847.0,
EFIX R,4772847.0,4772875 30 1035.1 417.0 1598
SSACC R,4772877.0,
ESACC R,4772877.0,4772891 16 1032.3 429.4 1034.7 412.7 0.46 65
SFIX R,4772893.0,
EFIX R,4772893.0,4773013 122 1033.6 414.7 1602
SSACC R,4773015.0,
ESACC R,4773015.0,4773029 16 1033.5 405.8 1032.1 402.8 0.09 75
SFIX R,4773031.0,
EFIX R,4773031.0,4773081 52 1032.0 404.9 1614
SSACC R,4773083.0,
ESACC R,4773083.0,4773153 72 1030.6 396.5 1032.3 415.7 0.52 85
SFIX R,4773155.0,
EFIX R,4773155.0,4773157 4 1026.4 406.5 1603
SSACC R,4773159.0,
ESACC R,4773159.0,4773179 22 1026.9 401.6 1025.5 431.5 0.81 78
SFIX R,4773181.0,
EFIX R,4773181.0,4773245 66 1023.0 429.0 1563
SSACC R,4773247.0,
ESACC R,4773247.0,4773283 38 1020.1 422.0 1017.2 437.8 0.43 90
SFIX R,4773285.0,
EFIX R,4773285.0,4773369 86 1013.7 447.3 1501
SSACC R,4773371.0,
ESACC R,4773371.0,4773389 20 1011.1 448.3 1008.9 457.6 0.26 91
SFIX R,4773391.0,
EFIX R,4773391.0,4773421 32 1007.1 447.5 1482
SSACC R,4773423.0,
ESACC R,4773423.0,4773469 48 1006.0 448.4 1005.3 445.4 0.08 92
SFIX R,4773471.0,
EFIX R,4773471.0,4773557 88 1004.2 454.4 1468
SSACC R,4773559.0,
ESACC R,4773559.0,4773565 8 1004.9 447.2 1003.5 448.1 0.05 65
SFIX R,4773567.0,
EFIX R,4773567.0,4773783 218 1006.1 464.3 1456
SSACC R,4773785.0,
ESACC R,4773785.0,4773791 8 1009.4 475.0 1008.5 457.6 0.47 63
SFIX R,4773793.0,
EFIX R,4773793.0,4774027 236 1014.5 463.7 1454
SSACC R,4774029.0,
ESACC R,4774029.0,4774105 78 1020.4 457.5 1021.7 464.1 0.18 73
SFIX R,4774107.0,
EFIX R,4774107.0,4774285 180 1026.5 444.7 1470
SSACC R,4774287.0,
ESACC R,4774287.0,4774295 10 1027.4 430.2 1028.1 424.3 0.16 53
SFIX R,4774297.0,
EFIX R,4774297.0,4774383 88 1029.9 427.7 1491
SSACC R,4774385.0,
ESACC R,4774385.0,4774419 36 1029.4 434.9 1030.8 422.7 0.33 74
SFIX R,4774421.0,
EFIX R,4774421.0,4774821 402 1033.1 409.0 1516
SSACC R,4774823.0,
ESACC R,4774823.0,4774831 10 1031.9 401.7 1030.1 416.0 0.39 58
SFIX R,4774833.0,
EFIX R,4774833.0,4774901 70 1032.3 413.5 1530
SSACC R,4774903.0,
ESACC R,4774903.0,4774923 22 1034.2 404.8 998.5 403.5 0.97 91
SFIX R,4774925.0,
EFIX R,4774925.0,4775047 124 1006.7 411.0 1532
SSACC R,4775049.0,
ESACC R,4775049.0,4775347 300 1008.2 398.8 1034.0 438.1 1.27 93
SFIX R,4775349.0,
EFIX R,4775349.0,4775561 214 1031.5 444.9 1395
SSACC R,4775563.0,
ESACC R,4775563.0,4775577 16 1027.5 459.5 1025.3 443.3 0.44 71
SFIX R,4775579.0,
EFIX R,4775579.0,4775605 28 1023.0 449.2 1357
SSACC R,4775607.0,
ESACC R,4775607.0,4775619 14 1016.7 453.8 990.6 445.6 0.74 83
SFIX R,4775621.0,
EFIX R,4775621.0,4775719 100 997.5 443.6 1361
SSACC R,4775721.0,
ESACC R,4775721.0,4775745 26 995.4 452.4 994.6 429.8 0.61 53
SFIX R,4775747.0,
EFIX R,4775747.0,4775833 88 993.8 438.1 1381
SSACC R,4775835.0,
ESACC R,4775835.0,4775857 24 995.9 443.4 1021.3 451.1 0.72 80
SFIX R,4775859.0,
EFIX R,4775859.0,4776063 206 1016.4 438.0 1405
SSACC R,4776065.0,
ESACC R,4776065.0,4776079 16 1016.5 438.9 986.7 429.4 0.85 88
SFIX R,4776081.0,
EFIX R,4776081.0,4776343 264 994.3 422.9 1421
SSACC R,4776345.0,
ESACC R,4776345.0,4776385 42 991.1 413.5 1014.1 445.4 1.06 102
SFIX R,4776387.0,
EFIX R,4776387.0,4776639 254 1009.1 443.4 1345
SSACC R,4776641.0,
ESACC R,4776641.0,4776653 14 1003.5 437.3 1003.6 459.4 0.60 66
SFIX R,4776655.0,
EFIX R,4776655.0,4776719 66 1004.1 452.1 1315
SSACC R,4776721.0,
ESACC R,4776721.0,4776777 58 1004.8 456.4 1003.8 468.2 0.32 65
SFIX R,4776779.0,
EFIX R,4776779.0,4776887 110 1003.3 478.2 1251
SSACC R,4776889.0,
SBLINK R,4776951.0,
EBLINK R,4776951.0,4777107 158
ESACC R,4776889.0,4777241 354 1006.5 501.3 1013.4 475.5 0.72 2236
SFIX R,4777243.0,
EFIX R,4777243.0,4777361 120 1014.1 470.4 1122
SSACC R,4777363.0,
ESACC R,4777363.0,4777383 22 1016.6 456.9 989.8 480.1 0.96 103
SFIX R,4777385.0,
EFIX R,4777385.0,4777601 218 1001.0 474.8 1163
SSACC R,4777603.0,
ESACC R,4777603.0,4777623 22 1002.6 478.5 1026.3 485.8 0.67 89
SFIX R,4777625.0,
EFIX R,4777625.0,4777669 46 1022.4 478.3 1167
SSACC R,4777671.0,
ESACC R,4777671.0,4777677 8 1021.0 472.0 1021.1 483.9 0.32 59
SFIX R,4777679.0,
EFIX R,4777679.0,4777703 26 1022.3 488.1 1158
SSACC R,4777705.0,
ESACC R,4777705.0,4777723 20 1022.4 481.1 1022.3 484.3 0.09 45
SFIX R,4777725.0,
EFIX R,4777725.0,4777847 124 1021.1 489.9 1147
SSACC R,4777849.0,
ESACC R,4777849.0,4777861 14 1016.5 486.9 996.9 501.7 0.67 77
SFIX R,4777863.0,
EFIX R,4777863.0,4777997 136 1003.5 499.8 1143
SSACC R,4777999.0,
ESACC R,4777999.0,4778029 32 1005.2 494.3 1003.6 499.4 0.14 55
SFIX R,4778031.0,
EFIX R,4778031.0,4778097 68 1003.3 498.6 1149
SSACC R,4778099.0,
ESACC R,4778099.0,4778125 28 1003.0 493.3 1027.5 486.0 0.69 98
SFIX R,4778127.0,
EFIX R,4778127.0,4778281 156 1025.0 490.4 1173
SSACC R,4778283.0,
ESACC R,4778283.0,4778299 18 1020.9 492.6 995.7 486.4 0.70 88
SFIX R,4778301.0,
EFIX R,4778301.0,4778795 496 1004.3 469.8 1241
SSACC R,4778797.0,
ESACC R,4778797.0,4778833 38 998.8 470.2 1016.7 465.1 0.50 58
SFIX R,4778835.0,
EFIX R,4778835.0,4778977 144 1014.7 464.4 1304
SSACC R,4778979.0,
ESACC R,4778979.0,4778983 6 1012.6 457.0 1010.4 471.4 0.39 62
SFIX R,4778985.0,
EFIX R,4778985.0,4779173 190 1003.3 470.6 1325
SSACC R,4779175.0,
ESACC R,4779175.0,4779195 22 997.9 465.4 996.0 462.8 0.09 49
SFIX R,4779197.0,
EFIX R,4779197.0,4779359 164 994.2 463.3 1355
SSACC R,4779361.0,
ESACC R,4779361.0,4779375 16 992.3 465.0 989.9 464.1 0.07 53
SFIX R,4779377.0,
EFIX R,4779377.0,4779519 144 990.7 464.8 1376
SSACC R,4779521.0,
ESACC R,4779521.0,4779561 42 990.9 465.7 989.7 464.3 0.05 40
SFIX R,4779563.0,
EFIX R,4779563.0,4779897 336 992.2 477.3 1410
SSACC R,4779899.0,
ESACC R,4779899.0,4779909 12 997.0 461.3 996.8 488.5 0.74 103
SFIX R,4779911.0,
EFIX R,4779911.0,4779943 34 997.8 481.4 1431
SSACC R,4779945.0,
ESACC R,4779945.0,4779959 16 1000.2 470.6 1000.0 471.1 0.01 59
SFIX R,4779961.0,
EFIX R,4779961.0,4780359 400 1009.7 465.3 1460
SSACC R,4780361.0,
ESACC R,4780361.0,4780569 210 1020.1 447.6 1027.8 476.7 0.82 106
SFIX R,4780571.0,
EFIX R,4780571.0,4780611 42 1020.9 465.3 1478
SSACC R,4780613.0,
SBLINK R,4781373.0,
EBLINK R,4781373.0,4781633 262
ESACC R,4780613.0,4782065 1454 1019.5 485.9 983.3 414.6 2.16 676
SFIX R,4782067.0,
EFIX R,4782067.0,4782217 152 976.3 409.3 1444
SSACC R,4782219.0,
ESACC R,4782219.0,4782229 12 976.9 407.0 996.7 425.4 0.73 85
SFIX R,4782231.0,
EFIX R,4782231.0,4782289 60 989.4 428.0 1398
SSACC R,4782291.0,
ESACC R,4782291.0,4782301 12 985.6 439.3 985.5 427.4 0.32 57
SFIX R,4782303.0,
EFIX R,4782303.0,4782501 200 987.6 447.2 1342
SSACC R,4782503.0,
ESACC R,4782503.0,4782565 64 991.4 462.4 974.6 458.6 0.47 80
SFIX R,4782567.0,
EFIX R,4782567.0,4782661 96 972.6 460.0 1281
SSACC R,4782663.0,
ESACC R,4782663.0,4782725 64 974.8 464.5 973.5 477.8 0.36 62
SFIX R,4782727.0,
EFIX R,4782727.0,4782809 84 973.3 489.2 1161
SSACC R,4782811.0,
ESACC R,4782811.0,4782839 30 976.3 502.4 987.3 492.8 0.40 75
SFIX R,4782841.0,
EFIX R,4782841.0,4783129 290 986.9 502.6 993
SSACC R,4783131.0,
ESACC R,4783131.0,4783141 12 984.8 502.1 963.6 505.5 0.58 62
SFIX R,4783143.0,
EFIX R,4783143.0,4784343 1202 986.1 509.9 1090
SSACC R,4784345.0,
ESACC R,4784345.0,4784373 30 1003.6 512.5 1021.5 505.8 0.52 113
SFIX R,4784375.0,
EFIX R,4784375.0,4784659 286 1030.2 504.4 1294
SSACC R,4784661.0,
ESACC R,4784661.0,4784699 40 1035.2 514.2 1036.3 491.9 0.61 50
SFIX R,4784701.0,
EFIX R,4784701.0,4785001 302 1039.2 497.0 1347
SSACC R,4785003.0,
ESACC R,4785003.0,4785071 70 1039.6 501.0 1039.9 484.0 0.46 89
SFIX R,4785073.0,
EFIX R,4785073.0,4785203 132 1040.4 474.6 1385
SSACC R,4785205.0,
ESACC R,4785205.0,4785221 18 1036.1 462.2 1038.9 467.7 0.17 55
SFIX R,4785223.0,
EFIX R,4785223.0,4785285 64 1036.4 470.1 1392
SSACC R,4785287.0,
SBLINK R,4785341.0,
EBLINK R,4785341.0,4785591 252
ESACC R,4785287.0,4786069 784 1038.8 457.1 983.6 473.6 1.56 790
SFIX R,4786071.0,
EFIX R,4786071.0,4786091 22 982.4 471.4 1474
SSACC R,4786093.0,
ESACC R,4786093.0,4786099 8 980.3 472.3 978.2 462.5 0.27 56
SFIX R,4786101.0,
EFIX R,4786101.0,4786311 212 967.6 470.9 1440
SSACC R,4786313.0,
ESACC R,4786313.0,4786329 18 957.0 480.3 992.1 494.1 1.02 93
SFIX R,4786331.0,
EFIX R,4786331.0,4786459 130 988.0 493.7 1327
SSACC R,4786461.0,
ESACC R,4786461.0,4786497 38 991.0 507.2 993.8 498.3 0.25 47
SFIX R,4786499.0,
EFIX R,4786499.0,4786659 162 993.2 495.9 1248
SSACC R,4786661.0,
ESACC R,4786661.0,4786665 6 992.2 499.7 989.5 489.6 0.28 48
SFIX R,4786667.0,
EFIX R,4786667.0,4787255 590 998.9 471.0 1261
SSACC R,4787257.0,
ESACC R,4787257.0,4787301 46 1010.7 454.4 1009.6 466.1 0.32 67
SFIX R,4787303.0,
EFIX R,4787303.0,4787333 32 1010.5 464.1 1346
SSACC R,4787335.0,
ESACC R,4787335.0,4787339 6 1013.1 474.5 1013.6 462.9 0.31 50
SFIX R,4787341.0,
EFIX R,4787341.0,4787491 152 1014.3 460.3 1366
SSACC R,4787493.0,
ESACC R,4787493.0,4787515 24 1016.6 458.6 1016.3 471.5 0.35 66
SFIX R,4787517.0,
EFIX R,4787517.0,4787899 384 1017.4 465.4 1387
SSACC R,4787901.0,
ESACC R,4787901.0,4787945 46 1016.8 449.6 1014.9 470.1 0.56 65
SFIX R,4787947.0,
EFIX R,4787947.0,4787999 54 1012.9 457.6 1404
SSACC R,4788001.0,
ESACC R,4788001.0,4788039 40 1011.6 452.0 1015.8 476.9 0.68 84
SFIX R,4788041.0,
EFIX R,4788041.0,4788063 24 1013.3 462.6 1401
SSACC R,4788065.0,
ESACC R,4788065.0,4788183 120 1013.0 451.5 1010.4 459.2 0.22 135
SFIX R,4788185.0,
EFIX R,4788185.0,4788281 98 1008.8 455.3 1401
SSACC R,4788283.0,
ESACC R,4788283.0,4788323 42 1008.9 458.9 1007.7 459.6 0.04 77
SFIX R,4788325.0,
EFIX R,4788325.0,4788397 74 1008.5 451.9 1411
SSACC R,4788399.0,
ESACC R,4788399.0,4788475 78 1006.7 445.1 1006.4 461.1 0.43 91
SFIX R,4788477.0,
EFIX R,4788477.0,4788549 74 1006.1 451.9 1426
SSACC R,4788551.0,
ESACC R,4788551.0,4788599 50 1005.0 454.7 1037.6 449.3 0.90 112
SFIX R,4788601.0,
EFIX R,4788601.0,4788721 122 1039.3 453.5 1433
SSACC R,4788723.0,
ESACC R,4788723.0,4788901 180 1039.7 444.8 1011.1 470.7 1.04 181
SFIX R,4788903.0,
EFIX R,4788903.0,4788923 22 1010.4 463.0 1434
SSACC R,4788925.0,
ESACC R,4788925.0,4788943 20 1012.1 467.8 1007.1 461.6 0.22 62
SFIX R,4788945.0,
EFIX R,4788945.0,4788971 28 1008.5 454.4 1440
SSACC R,4788973.0,
ESACC R,4788973.0,4788995 24 1008.7 465.3 1006.3 466.8 0.08 63
SFIX R,4788997.0,
EFIX R,4788997.0,4789023 28 1006.3 467.1 1433
SSACC R,4789025.0,
ESACC R,4789025.0,4790971 1948 1009.3 462.6 1031.0 504.5 1.28 289
SFIX R,4790973.0,
EFIX R,4790973.0,4791067 96 1030.8 502.9 1374
SSACC R,4791069.0,
ESACC R,4791069.0,4791279 212 1037.7 519.9 1038.4 516.1 0.10 124
SFIX R,4791281.0,
EFIX R,4791281.0,4791421 142 1040.7 521.5 1398
SSACC R,4791423.0,
SBLINK R,4792047.0,
EBLINK R,4792047.0,4792357 312
ESACC R,4791423.0,4792767 1346 1044.3 536.0 1022.0 447.0 2.49 673
SFIX R,4792769.0,
EFIX R,4792769.0,4792849 82 1019.2 436.3 1381
SSACC R,4792851.0,
ESACC R,4792851.0,4792901 52 1017.7 448.6 1035.6 455.0 0.52 90
SFIX R,4792903.0,
EFIX R,4792903.0,4793029 128 1032.6 454.0 1351
SSACC R,4793031.0,
ESACC R,4793031.0,4793129 100 1029.8 470.5 1032.6 472.9 0.10 65
SFIX R,4793131.0,
EFIX R,4793131.0,4793305 176 1037.2 473.2 1309
SSACC R,4793307.0,
ESACC R,4793307.0,4793325 20 1041.3 471.6 1043.9 492.3 0.57 62
SFIX R,4793327.0,
EFIX R,4793327.0,4793361 36 1043.5 487.0 1287
SSACC R,4793363.0,
ESACC R,4793363.0,4793575 214 1044.6 496.8 1044.6 465.6 0.85 89
SFIX R,4793577.0,
EFIX R,4793577.0,4793703 128 1038.8 456.7 1307
SSACC R,4793705.0,
ESACC R,4793705.0,4793893 190 1036.5 458.9 1036.2 448.6 0.28 74
SFIX R,4793895.0,
EFIX R,4793895.0,4793933 40 1033.4 434.7 1354
SSACC R,4793935.0,
ESACC R,4793935.0,4794003 70 1034.5 437.0 1035.1 432.4 0.13 83
SFIX R,4794005.0,
EFIX R,4794005.0,4794065 62 1035.3 435.8 1362
SSACC R,4794067.0,
ESACC R,4794067.0,4794075 10 1034.6 419.2 1034.1 439.3 0.54 51
SFIX R,4794077.0,
EFIX R,4794077.0,4794103 28 1036.2 441.4 1363
SSACC R,4794105.0,
ESACC R,4794105.0,4794127 24 1033.9 443.3 1071.6 466.7 1.20 85
SFIX R,4794129.0,
EFIX R,4794129.0,4794287 160 1059.2 456.3 1368
SSACC R,4794289.0,
ESACC R,4794289.0,4794321 34 1055.4 451.5 1039.6 434.6 0.63 89
SFIX R,4794323.0,
EFIX R,4794323.0,4794367 46 1038.0 444.4 1387
SSACC R,4794369.0,
ESACC R,4794369.0,4794419 52 1039.0 459.9 1038.0 452.6 0.20 69
SFIX R,4794421.0,
EFIX R,4794421.0,4794477 58 1036.6 441.7 1391
SSACC R,4794479.0,
ESACC R,4794479.0,4794491 14 1034.3 437.9 1034.3 445.8 0.21 75
SFIX R,4794493.0,
EFIX R,4794493.0,4794643 152 1028.6 431.0 1416
SSACC R,4794645.0,
ESACC R,4794645.0,4794663 20 1025.3 417.9 1022.3 417.1 0.08 74
SFIX R,4794665.0,
EFIX R,4794665.0,4794779 116 1022.8 413.9 1450
SSACC R,4794781.0,
ESACC R,4794781.0,4794785 6 1017.8 424.0 1017.8 420.7 0.09 43
SFIX R,4794787.0,
EFIX R,4794787.0,4794869 84 1018.8 414.2 1464
SSACC R,4794871.0,
ESACC R,4794871.0,4794925 56 1016.6 428.3 1015.6 420.8 0.20 114
SFIX R,4794927.0,
EFIX R,4794927.0,4795017 92 1012.3 421.0 1479
SSACC R,4795019.0,
ESACC R,4795019.0,4795079 62 1006.3 421.2 1007.1 421.0 0.02 83
SFIX R,4795081.0,
EFIX R,4795081.0,4795109 30 1008.3 428.3 1481
SSACC R,4795111.0,
SBLINK R,4795217.0,
EBLINK R,4795217.0,4795819 604
ESACC R,4795111.0,4795999 890 1009.4 429.3 1001.3 444.2 0.46 936
SFIX R,4796001.0,
EFIX R,4796001.0,4796037 38 999.3 436.7 1249
SSACC R,4796039.0,
ESACC R,4796039.0,4796113 76 999.5 417.8 994.9 450.8 0.90 102
SFIX R,4796115.0,
EFIX R,4796115.0,4796235 122 998.0 453.5 1182
SSACC R,4796237.0,
ESACC R,4796237.0,4796253 18 998.0 462.1 998.3 455.7 0.17 60
SFIX R,4796255.0,
EFIX R,4796255.0,4796585 332 991.4 483.9 1068
SSACC R,4796587.0,
ESACC R,4796587.0,4796603 18 987.4 494.4 949.9 470.9 1.20 102
SFIX R,4796605.0,
EFIX R,4796605.0,4796741 138 962.3 471.9 1018
SSACC R,4796743.0,
ESACC R,4796743.0,4796749 8 964.6 481.1 963.0 471.9 0.25 49
SFIX R,4796751.0,
EFIX R,4796751.0,4796821 72 964.1 469.5 1025
SSACC R,4796823.0,
ESACC R,4796823.0,4796839 18 966.4 472.5 1000.6 487.4 1.01 95
SFIX R,4796841.0,
EFIX R,4796841.0,4797121 282 985.5 478.4 1054
SSACC R,4797123.0,
ESACC R,4797123.0,4797147 26 988.5 488.1 989.4 469.2 0.51 65
SFIX R,4797149.0,
EFIX R,4797149.0,4797303 156 991.0 471.1 1112
SSACC R,4797305.0,
ESACC R,4797305.0,4797319 16 997.2 480.9 998.4 470.1 0.29 77
SFIX R,4797321.0,
EFIX R,4797321.0,4797383 64 998.6 467.4 1140
SSACC R,4797385.0,
ESACC R,4797385.0,4797397 14 1000.7 462.4 1003.2 472.6 0.28 76
SFIX R,4797399.0,
EFIX R,4797399.0,4797687 290 1011.3 466.6 1173
SSACC R,4797689.0,
ESACC R,4797689.0,4797699 12 1022.6 447.9 1023.1 465.3 0.47 56
SFIX R,4797701.0,
EFIX R,4797701.0,4797819 120 1022.2 453.3 1226
SSACC R,4797821.0,
ESACC R,4797821.0,4797867 48 1026.4 465.4 1024.7 455.6 0.27 63
SFIX R,4797869.0,
EFIX R,4797869.0,4797903 36 1024.8 460.6 1264
SSACC R,4797905.0,
ESACC R,4797905.0,4797911 8 1025.1 466.2 1025.9 457.6 0.23 45
SFIX R,4797913.0,
EFIX R,4797913.0,4798063 152 1024.8 466.7 1293
SSACC R,4798065.0,
ESACC R,4798065.0,4798091 28 1025.0 467.1 1024.6 481.2 0.38 53
SFIX R,4798093.0,
EFIX R,4798093.0,4798433 342 1030.4 485.9 1319
SSACC R,4798435.0,
SBLINK R,4798507.0,
EBLINK R,4798507.0,4798765 260
ESACC R,4798435.0,4798847 414 1031.9 503.0 1039.4 434.5 1.86 749
SFIX R,4798849.0,
EFIX R,4798849.0,4798999 152 1036.8 454.3 1350
SSACC R,4799001.0,
SBLINK R,4799031.0,
EBLINK R,4799031.0,4799291 262
ESACC R,4799001.0,4799391 392 1036.6 455.9 1059.7 506.5 1.51 1145
SFIX R,4799393.0,
EFIX R,4799393.0,4799431 40 1057.5 502.8 1206
SSACC R,4799433.0,
SBLINK R,4799461.0,
EBLINK R,4799461.0,4799689 230
ESACC R,4799433.0,4799793 362 1057.0 499.6 999.4 523.9 1.69 2162
SFIX R,4799795.0,
EFIX R,4799795.0,4799879 86 1001.5 515.9 1089
SSACC R,4799881.0,
ESACC R,4799881.0,4799927 48 995.6 518.2 1019.3 509.8 0.68 115
SFIX R,4799929.0,
EFIX R,4799929.0,4800099 172 1017.4 507.3 1049
SSACC R,4800101.0,
ESACC R,4800101.0,4800109 10 1017.3 516.5 1019.5 498.7 0.49 70
SFIX R,4800111.0,
EFIX R,4800111.0,4800219 110 1019.6 502.0 997
SSACC R,4800221.0,
ESACC R,4800221.0,4800235 16 1018.5 497.8 1017.6 462.9 0.95 74
SFIX R,4800237.0,
EFIX R,4800237.0,4800853 618 1011.5 475.4 935
SSACC R,4800855.0,
ESACC R,4800855.0,4800873 20 1015.7 446.4 1014.4 456.4 0.27 60
SFIX R,4800875.0,
EFIX R,4800875.0,4801057 184 1015.7 442.4 1052
SSACC R,4801059.0,
ESACC R,4801059.0,4801075 18 1013.3 428.0 1014.6 427.3 0.04 63
SFIX R,4801077.0,
EFIX R,4801077.0,4801419 344 1022.1 433.9 1162
SSACC R,4801421.0,
ESACC R,4801421.0,4801431 12 1031.8 429.5 1033.0 448.2 0.51 78
SFIX R,4801433.0,
EFIX R,4801433.0,4802899 1468 1063.8 455.1 1228
SSACC R,4802901.0,
SBLINK R,4802943.0,
EBLINK R,4802943.0,4803155 214
ESACC R,4802901.0,4803561 662 1079.2 456.8 1053.0 482.6 1.00 915
SFIX R,4803563.0,
EFIX R,4803563.0,4803699 138 1050.9 472.3 1317
SSACC R,4803701.0,
ESACC R,4803701.0,4803719 20 1048.2 459.5 1045.5 436.6 0.62 142
SFIX R,4803721.0,
EFIX R,4803721.0,4803825 106 1045.9 438.5 1324
SSACC R,4803827.0,
ESACC R,4803827.0,4803897 72 1046.1 429.9 1047.9 445.5 0.42 63
SFIX R,4803899.0,
EFIX R,4803899.0,4805017 1120 1042.6 466.2 1242
SSACC R,4805019.0,
ESACC R,4805019.0,4805023 6 1050.3 460.3 1051.3 450.9 0.26 48
SFIX R,4805025.0,
EFIX R,4805025.0,4805471 448 1057.3 439.5 1293
SSACC R,4805473.0,
SBLINK R,4805511.0,
EBLINK R,4805511.0,4805749 240
ESACC R,4805473.0,4805933 462 1058.1 439.9 1065.9 432.3 0.29 1024
SFIX R,4805935.0,
EFIX R,4805935.0,4805957 24 1064.0 431.0 1335
SSACC R,4805959.0,
ESACC R,4805959.0,4806105 148 1063.1 420.5 1041.8 427.3 0.60 103
SFIX R,4806107.0,
EFIX R,4806107.0,4806145 40 1041.2 445.6 1280
SSACC R,4806147.0,
ESACC R,4806147.0,4806155 10 1038.3 451.1 1038.8 464.5 0.36 55
SFIX R,4806157.0,
EFIX R,4806157.0,4807293 1138 1034.4 471.6 1120
SSACC R,4807295.0,
ESACC R,4807295.0,4807309 16 1035.6 460.2 1035.4 465.9 0.15 61
SFIX R,4807311.0,
EFIX R,4807311.0,4807789 480 1048.4 463.5 1197
SSACC R,4807791.0,
ESACC R,4807791.0,4807797 8 1054.5 464.2 1053.3 456.6 0.21 54
SFIX R,4807799.0,
EFIX R,4807799.0,4808067 270 1055.6 452.0 1228
SSACC R,4808069.0,
ESACC R,4808069.0,4808073 6 1052.9 453.3 1056.0 448.7 0.15 59
SFIX R,4808075.0,
EFIX R,4808075.0,4808191 118 1055.5 448.6 1263
SSACC R,4808193.0,
ESACC R,4808193.0,4808207 16 1053.0 429.1 1058.1 448.3 0.54 71
SFIX R,4808209.0,
EFIX R,4808209.0,4808303 96 1058.6 447.6 1294
SSACC R,4808305.0,
ESACC R,4808305.0,4808411 108 1055.8 449.5 1309.3 608.1 8.00 401
SFIX R,4808413.0,
EFIX R,4808413.0,4808457 46 1307.1 597.2 1326
SSACC R,4808459.0,
ESACC R,4808459.0,4808475 18 1304.6 586.1 1309.8 590.6 0.18 75
SFIX R,4808477.0,
EFIX R,4808477.0,4808559 84 1304.5 599.0 1329
SSACC R,4808561.0,
ESACC R,4808561.0,4808635 76 1300.6 613.9 1301.9 608.4 0.15 73
SFIX R,4808637.0,
EFIX R,4808637.0,4808815 180 1297.6 619.5 1322
SSACC R,4808817.0,
ESACC R,4808817.0,4808853 38 1300.6 616.8 1300.6 633.3 0.44 59
SFIX R,4808855.0,
EFIX R,4808855.0,4808995 142 1299.3 626.8 1305
SSACC R,4808997.0,
ESACC R,4808997.0,4809091 96 1298.9 628.1 1628.9 1019.0 13.04 440
SFIX R,4809093.0,
EFIX R,4809093.0,4809131 40 1627.3 1027.6 1281
SSACC R,4809133.0,
SBLINK R,4809777.0,
EBLINK R,4809777.0,4809827 52
ESACC R,4809133.0,4810403 1272 1622.9 1011.8 1047.0 457.5 20.54 394
SFIX R,4810405.0,
EFIX R,4810405.0,4810445 42 1045.0 456.7 1407
SSACC R,4810447.0,
ESACC R,4810447.0,4810529 84 1042.2 464.6 1047.8 433.3 0.86 79
SFIX R,4810531.0,
EFIX R,4810531.0,4810677 148 1043.8 441.6 1382
SSACC R,4810679.0,
ESACC R,4810679.0,4810687 10 1040.2 431.8 1040.6 453.7 0.59 74
SFIX R,4810689.0,
EFIX R,4810689.0,4810917 230 1039.6 468.7 1315
SSACC R,4810919.0,
ESACC R,4810919.0,4810935 18 1033.4 489.3 1017.5 489.1 0.43 76
SFIX R,4810937.0,
EFIX R,4810937.0,4811057 122 1017.3 502.7 1200
SSACC R,4811059.0,
ESACC R,4811059.0,4811077 20 1014.9 514.8 1052.8 522.9 1.05 92
SFIX R,4811079.0,
EFIX R,4811079.0,4811265 188 1034.3 511.3 1127
SSACC R,4811267.0,
ESACC R,4811267.0,4811287 22 1031.9 511.2 999.2 512.5 0.89 75
SFIX R,4811289.0,
EFIX R,4811289.0,4811453 166 1007.7 514.3 1099
SSACC R,4811455.0,
SBLINK R,4811509.0,
EBLINK R,4811509.0,4811821 314
ESACC R,4811455.0,4811901 448 1007.5 536.3 1011.3 494.5 1.14 2065
SFIX R,4811903.0,
EFIX R,4811903.0,4812085 184 1005.9 473.4 1105
SSACC R,4812087.0,
ESACC R,4812087.0,4812109 24 1003.9 467.0 1047.9 493.3 1.39 131
SFIX R,4812111.0,
EFIX R,4812111.0,4812297 188 1027.4 491.4 1119
SSACC R,4812299.0,
ESACC R,4812299.0,4812313 16 1021.7 487.4 991.5 484.1 0.82 78
SFIX R,4812315.0,
EFIX R,4812315.0,4813127 814 1002.9 504.4 968
SSACC R,4813129.0,
ESACC R,4813129.0,4813147 20 1003.2 489.7 1046.7 486.1 1.18 103
SFIX R,4813149.0,
EFIX R,4813149.0,4813291 144 1031.9 479.7 1065
SSACC R,4813293.0,
ESACC R,4813293.0,4813313 22 1030.5 478.9 1004.3 487.5 0.75 99
SFIX R,4813315.0,
EFIX R,4813315.0,4813439 126 1009.4 487.7 1126
SSACC R,4813441.0,
ESACC R,4813441.0,4813457 18 1006.5 496.3 1008.1 491.7 0.13 64
SFIX R,4813459.0,
EFIX R,4813459.0,4813625 168 1006.7 498.6 1166
SSACC R,4813627.0,
ESACC R,4813627.0,4813643 18 1012.4 497.3 1010.3 506.6 0.26 59
SFIX R,4813645.0,
EFIX R,4813645.0,4813809 166 1019.9 508.4 1186
SSACC R,4813811.0,
ESACC R,4813811.0,4813817 8 1025.4 513.0 1024.4 495.4 0.48 65
SFIX R,4813819.0,
EFIX R,4813819.0,4813879 62 1025.6 505.9 1202
SSACC R,4813881.0,
ESACC R,4813881.0,4813901 22 1025.1 506.8 1027.4 511.4 0.14 90
SFIX R,4813903.0,
EFIX R,4813903.0,4813941 40 1028.3 513.3 1203
SSACC R,4813943.0,
ESACC R,4813943.0,4813981 40 1028.4 502.4 1030.6 510.4 0.22 82
SFIX R,4813983.0,
EFIX R,4813983.0,4814017 36 1030.6 515.2 1214
SSACC R,4814019.0,
ESACC R,4814019.0,4814049 32 1033.5 507.2 1030.3 519.3 0.34 65
SFIX R,4814051.0,
EFIX R,4814051.0,4814339 290 1034.8 531.4 1220
SSACC R,4814341.0,
ESACC R,4814341.0,4814367 28 1036.7 532.5 1037.7 555.9 0.63 64
SFIX R,4814369.0,
EFIX R,4814369.0,4814455 88 1036.3 550.0 1237
SSACC R,4814457.0,
ESACC R,4814457.0,4814593 138 1034.7 546.0 1001.0 526.5 1.06 110
SFIX R,4814595.0,
EFIX R,4814595.0,4814685 92 1011.5 527.9 1289
SSACC R,4814687.0,
ESACC R,4814687.0,4814937 252 1016.5 513.8 1027.6 566.4 1.46 80
SFIX R,4814939.0,
EFIX R,4814939.0,4814969 32 1026.8 553.1 1312
SSACC R,4814971.0,
ESACC R,4814971.0,4815055 86 1026.9 533.9 1026.9 543.4 0.26 87
SFIX R,4815057.0,
EFIX R,4815057.0,4815099 44 1029.2 549.0 1327
SSACC R,4815101.0,
ESACC R,4815101.0,4817611 2512 1033.8 549.5 972.3 453.8 3.08 361
SFIX R,4817613.0,
EFIX R,4817613.0,4817655 44 971.9 469.5 1563
SSACC R,4817657.0,
ESACC R,4817657.0,4817665 10 970.8 461.3 972.8 474.6 0.36 60
SFIX R,4817667.0,
EFIX R,4817667.0,4817985 320 975.2 474.4 1557
SSACC R,4817987.0,
ESACC R,4817987.0,4818015 30 984.8 468.1 988.6 476.2 0.24 66
SFIX R,4818017.0,
EFIX R,4818017.0,4818057 42 989.6 483.3 1569
SSACC R,4818059.0,
ESACC R,4818059.0,4818077 20 989.2 485.6 993.4 487.7 0.13 64
SFIX R,4818079.0,
EFIX R,4818079.0,4818135 58 994.7 487.6 1567
SSACC R,4818137.0,
ESACC R,4818137.0,4818177 42 996.9 476.7 974.4 496.9 0.82 95
SFIX R,4818179.0,
EFIX R,4818179.0,4818447 270 972.8 494.1 1542
SSACC R,4818449.0,
ESACC R,4818449.0,4818535 88 970.5 512.1 993.8 500.0 0.71 120
SFIX R,4818537.0,
EFIX R,4818537.0,4818607 72 996.5 500.0 1510
SSACC R,4818609.0,
ESACC R,4818609.0,4818619 12 998.1 497.9 996.6 505.3 0.20 64
SFIX R,4818621.0,
EFIX R,4818621.0,4818649 30 997.1 498.7 1511
SSACC R,4818651.0,
ESACC R,4818651.0,4818657 8 995.3 494.3 997.9 505.8 0.32 62
SFIX R,4818659.0,
EFIX R,4818659.0,4818815 158 999.9 498.7 1514
SSACC R,4818817.0,
ESACC R,4818817.0,4818833 18 998.0 503.2 972.2 493.8 0.74 85
SFIX R,4818835.0,
EFIX R,4818835.0,4819537 704 976.4 477.9 1522
SSACC R,4819539.0,
ESACC R,4819539.0,4819591 54 978.6 465.5 976.5 449.2 0.45 67
SFIX R,4819593.0,
EFIX R,4819593.0,4819643 52 978.5 452.4 1511
SSACC R,4819645.0,
ESACC R,4819645.0,4819661 18 979.7 453.9 980.0 450.2 0.10 69
SFIX R,4819663.0,
EFIX R,4819663.0,4819685 24 978.7 449.2 1508
SSACC R,4819687.0,
ESACC R,4819687.0,4819763 78 978.2 460.1 981.9 437.3 0.63 56
SFIX R,4819765.0,
EFIX R,4819765.0,4819829 66 984.4 439.8 1510
SSACC R,4819831.0,
ESACC R,4819831.0,4819875 46 983.3 443.9 985.0 432.1 0.32 55
SFIX R,4819877.0,
EFIX R,4819877.0,4819965 90 987.7 436.8 1508
SSACC R,4819967.0,
SBLINK R,4820029.0,
EBLINK R,4820029.0,4820389 362
ESACC R,4819967.0,4820513 548 991.3 427.4 958.6 397.5 1.20 848
SFIX R,4820515.0,
EFIX R,4820515.0,4820537 24 956.7 395.0 1461
SSACC R,4820539.0,
ESACC R,4820539.0,4820567 30 955.0 402.7 1003.7 425.8 1.46 151
SFIX R,4820569.0,
EFIX R,4820569.0,4820687 120 992.4 415.7 1452
SSACC R,4820689.0,
ESACC R,4820689.0,4820705 18 991.3 425.9 993.1 415.7 0.28 53
SFIX R,4820707.0,
EFIX R,4820707.0,4820841 136 994.4 429.7 1390
SSACC R,4820843.0,
ESACC R,4820843.0,4820863 22 998.4 435.8 1003.5 477.1 1.13 81
SFIX R,4820865.0,
EFIX R,4820865.0,4821231 368 1007.6 489.8 1251
SSACC R,4821233.0,
ESACC R,4821233.0,4821257 26 1005.0 497.5 992.8 501.4 0.35 102
SFIX R,4821259.0,
EFIX R,4821259.0,4821541 284 993.0 490.0 1229
SSACC R,4821543.0,
ESACC R,4821543.0,4821549 8 993.5 492.8 996.6 479.1 0.38 55
SFIX R,4821551.0,
EFIX R,4821551.0,4821839 290 991.0 471.3 1260
SSACC R,4821841.0,
ESACC R,4821841.0,4821887 48 992.1 464.6 1011.6 464.7 0.53 100
SFIX R,4821889.0,
EFIX R,4821889.0,4822083 196 1014.1 467.8 1316
SSACC R,4822085.0,
ESACC R,4822085.0,4822205 122 1012.5 477.0 994.6 457.2 0.72 97
SFIX R,4822207.0,
EFIX R,4822207.0,4822273 68 995.8 450.4 1390
SSACC R,4822275.0,
SBLINK R,4822337.0,
EBLINK R,4822337.0,4822605 270
ESACC R,4822275.0,4822721 448 999.3 449.9 995.2 480.8 0.84 955
SFIX R,4822723.0,
EFIX R,4822723.0,4822887 166 994.1 425.5 1462
SSACC R,4822889.0,
ESACC R,4822889.0,4822951 64 997.8 406.7 1013.6 427.0 0.70 91
SFIX R,4822953.0,
EFIX R,4822953.0,4822993 42 1011.0 428.6 1466
SSACC R,4822995.0,
ESACC R,4822995.0,4823003 10 1010.0 427.9 1010.9 444.0 0.44 54
SFIX R,4823005.0,
EFIX R,4823005.0,4823211 208 1008.7 444.0 1432
SSACC R,4823213.0,
ESACC R,4823213.0,4823221 10 1004.0 461.2 1005.6 444.9 0.44 57
SFIX R,4823223.0,
EFIX R,4823223.0,4823581 360 1004.2 453.9 1382
SSACC R,4823583.0,
ESACC R,4823583.0,4823595 14 1004.6 445.7 1004.9 453.7 0.22 47
SFIX R,4823597.0,
EFIX R,4823597.0,4823777 182 1004.9 445.8 1349
SSACC R,4823779.0,
ESACC R,4823779.0,4823823 46 1002.6 445.5 1005.4 439.1 0.19 59
SFIX R,4823825.0,
EFIX R,4823825.0,4823917 94 1005.3 425.6 1345
SSACC R,4823919.0,
ESACC R,4823919.0,4823929 12 1002.2 426.2 1002.4 423.1 0.08 72
SFIX R,4823931.0,
EFIX R,4823931.0,4824045 116 1001.2 425.8 1342
SSACC R,4824047.0,
ESACC R,4824047.0,4824073 28 996.3 420.5 966.7 423.1 0.81 89
SFIX R,4824075.0,
EFIX R,4824075.0,4824909 836 981.7 446.9 1361
SSACC R,4824911.0,
ESACC R,4824911.0,4824945 36 999.3 451.2 999.3 440.2 0.30 103
SFIX R,4824947.0,
EFIX R,4824947.0,4825055 110 1004.1 443.9 1360
SSACC R,4825057.0,
ESACC R,4825057.0,4825069 14 1005.6 460.8 1001.1 442.8 0.50 62
SFIX R,4825071.0,
EFIX R,4825071.0,4825577 508 1011.9 453.5 1386
SSACC R,4825579.0,
ESACC R,4825579.0,4825605 28 1011.8 461.4 1006.6 463.5 0.15 84
SFIX R,4825607.0,
EFIX R,4825607.0,4825703 98 1005.4 473.0 1449
SSACC R,4825705.0,
ESACC R,4825705.0,4825763 60 1004.9 459.4 1003.8 489.4 0.81 101
SFIX R,4825765.0,
EFIX R,4825765.0,4825785 22 1003.0 471.5 1483
SSACC R,4825787.0,
ESACC R,4825787.0,4825909 124 1006.1 460.9 997.0 467.3 0.30 98
SFIX R,4825911.0,
EFIX R,4825911.0,4825965 56 1004.7 489.6 1509
SSACC R,4825967.0,
ESACC R,4825967.0,4826075 110 1002.8 486.4 999.2 481.6 0.16 130
SFIX R,4826077.0,
EFIX R,4826077.0,4826105 30 1001.7 477.8 1544
SSACC R,4826107.0,
ESACC R,4826107.0,4826115 10 1005.1 475.7 1008.4 492.8 0.47 58
SFIX R,4826117.0,
EFIX R,4826117.0,4826141 26 1008.2 495.2 1540
SSACC R,4826143.0,
ESACC R,4826143.0,4826271 130 1007.5 491.6 1004.9 483.6 0.23 113
SFIX R,4826273.0,
EFIX R,4826273.0,4826327 56 1004.9 490.0 1564
SSACC R,4826329.0,
SBLINK R,4826425.0,
EBLINK R,4826425.0,4826865 442
ESACC R,4826329.0,4827413 1086 1006.6 498.4 967.6 480.1 1.17 704
SFIX R,4827415.0,
EFIX R,4827415.0,4827541 128 964.9 481.3 1466
SSACC R,4827543.0,
ESACC R,4827543.0,4827563 22 964.1 496.4 1010.3 506.2 1.28 102
SFIX R,4827565.0,
EFIX R,4827565.0,4827821 258 997.0 516.4 1301
SSACC R,4827823.0,
ESACC R,4827823.0,4827845 24 996.0 520.7 975.4 509.1 0.64 97
SFIX R,4827847.0,
EFIX R,4827847.0,4828505 660 972.4 509.8 1114
SSACC R,4828507.0,
ESACC R,4828507.0,4828519 14 975.5 510.2 992.4 499.9 0.54 81
SFIX R,4828521.0,
EFIX R,4828521.0,4828893 374 986.8 489.1 1183
SSACC R,4828895.0,
ESACC R,4828895.0,4828969 76 987.6 483.8 987.6 463.3 0.56 50
SFIX R,4828971.0,
EFIX R,4828971.0,4829043 74 987.2 466.7 1297
SSACC R,4829045.0,
ESACC R,4829045.0,4829077 34 986.3 448.3 988.0 467.7 0.53 70
SFIX R,4829079.0,
EFIX R,4829079.0,4829163 86 988.6 461.6 1348
SSACC R,4829165.0,
ESACC R,4829165.0,4829181 18 985.4 473.5 987.8 448.0 0.69 67
SFIX R,4829183.0,
EFIX R,4829183.0,4829267 86 990.8 461.1 1386
SSACC R,4829269.0,
ESACC R,4829269.0,4829293 26 992.7 471.1 991.0 473.4 0.08 68
SFIX R,4829295.0,
EFIX R,4829295.0,4829353 60 992.6 477.9 1407
SSACC R,4829355.0,
ESACC R,4829355.0,4829365 12 989.6 480.5 1012.1 472.5 0.65 76
SFIX R,4829367.0,
EFIX R,4829367.0,4829519 154 1004.0 456.2 1441
SSACC R,4829521.0,
ESACC R,4829521.0,4829533 14 998.1 458.9 1000.3 460.8 0.08 60
SFIX R,4829535.0,
EFIX R,4829535.0,4829667 134 1000.5 452.8 1477
SSACC R,4829669.0,
ESACC R,4829669.0,4829781 114 1001.3 447.1 983.0 448.9 0.50 83
SFIX R,4829783.0,
EFIX R,4829783.0,4829803 22 984.0 450.4 1512
SSACC R,4829805.0,
ESACC R,4829805.0,4829813 10 982.7 443.5 983.5 439.8 0.10 46
SFIX R,4829815.0,
EFIX R,4829815.0,4829953 140 984.4 448.8 1523
SSACC R,4829955.0,
ESACC R,4829955.0,4829961 8 987.4 435.6 986.5 445.6 0.27 45
SFIX R,4829963.0,
EFIX R,4829963.0,4829985 24 987.3 449.5 1530
SSACC R,4829987.0,
ESACC R,4829987.0,4830027 42 987.9 445.7 1005.2 447.0 0.47 86
SFIX R,4830029.0,
EFIX R,4830029.0,4830189 162 1010.1 456.1 1537
SSACC R,4830191.0,
ESACC R,4830191.0,4830273 84 1016.7 442.6 1018.9 460.2 0.48 68
SFIX R,4830275.0,
EFIX R,4830275.0,4830317 44 1018.0 462.0 1533
SSACC R,4830319.0,
ESACC R,4830319.0,4830485 168 1019.7 472.9 1022.2 474.2 0.08 65
SFIX R,4830487.0,
EFIX R,4830487.0,4830615 130 1022.8 477.0 1512
SSACC R,4830617.0,
ESACC R,4830617.0,4830727 112 1023.7 492.3 1022.5 488.1 0.12 85
SFIX R,4830729.0,
EFIX R,4830729.0,4830833 106 1024.4 481.8 1512
SSACC R,4830835.0,
ESACC R,4830835.0,4830853 20 1025.2 467.1 1021.2 484.3 0.48 63
SFIX R,4830855.0,
EFIX R,4830855.0,4830913 60 1023.3 477.5 1519
SSACC R,4830915.0,
ESACC R,4830915.0,4830985 72 1023.7 466.7 1021.1 473.5 0.20 86
SFIX R,4830987.0,
EFIX R,4830987.0,4831065 80 1019.5 473.9 1528
SSACC R,4831067.0,
ESACC R,4831067.0,4831109 44 1018.7 465.2 1016.0 471.0 0.17 70
SFIX R,4831111.0,
EFIX R,4831111.0,4831299 190 1011.3 470.4 1527
SSACC R,4831301.0,
ESACC R,4831301.0,4831321 22 1006.6 481.2 1007.6 475.4 0.16 69
SFIX R,4831323.0,
EFIX R,4831323.0,4831761 440 1010.3 466.6 1498
SSACC R,4831763.0,
ESACC R,4831763.0,4831823 62 1014.4 432.0 1015.5 454.0 0.60 139
SFIX R,4831825.0,
EFIX R,4831825.0,4831899 76 1015.1 450.7 1490
SSACC R,4831901.0,
ESACC R,4831901.0,4831979 80 1013.0 442.0 1015.7 465.3 0.63 86
SFIX R,4831981.0,
EFIX R,4831981.0,4832011 32 1014.5 453.2 1480
SSACC R,4832013.0,
ESACC R,4832013.0,4832027 16 1014.1 447.7 1013.9 465.4 0.48 56
SFIX R,4832029.0,
EFIX R,4832029.0,4832225 198 1011.2 459.4 1476
SSACC R,4832227.0,
ESACC R,4832227.0,4832235 10 1013.6 436.3 1007.1 461.5 0.70 81
SFIX R,4832237.0,
EFIX R,4832237.0,4832301 66 1009.3 467.2 1467
SSACC R,4832303.0,
ESACC R,4832303.0,4832347 46 1008.3 451.0 1008.8 460.2 0.25 68
SFIX R,4832349.0,
EFIX R,4832349.0,4832421 74 1008.6 463.4 1471
SSACC R,4832423.0,
ESACC R,4832423.0,4832599 178 1009.4 450.6 1006.4 464.8 0.39 87
SFIX R,4832601.0,
EFIX R,4832601.0,4832833 234 1009.1 459.3 1486
SSACC R,4832835.0,
ESACC R,4832835.0,4832887 54 1009.1 450.7 1011.6 450.8 0.07 68
SFIX R,4832889.0,
EFIX R,4832889.0,4832969 82 1009.1 455.8 1500
SSACC R,4832971.0,
ESACC R,4832971.0,4833091 122 1011.7 467.6 904.5 505.4 3.08 253
SFIX R,4833093.0,
EFIX R,4833093.0,4833163 72 905.6 516.7 1485
SSACC R,4833165.0,
ESACC R,4833165.0,4833175 12 909.7 510.2 908.8 527.9 0.48 81
SFIX R,4833177.0,
EFIX R,4833177.0,4833233 58 909.8 521.7 1479
SSACC R,4833235.0,
ESACC R,4833235.0,4833375 142 909.2 510.8 1016.9 468.0 3.14 228
SFIX R,4833377.0,
EFIX R,4833377.0,4833421 46 1018.9 481.0 1469
SSACC R,4833423.0,
ESACC R,4833423.0,4833429 8 1019.7 488.0 1019.1 494.7 0.18 78
SFIX R,4833431.0,
EFIX R,4833431.0,4833451 22 1022.8 501.1 1444
SSACC R,4833453.0,
ESACC R,4833453.0,4833489 38 1022.6 502.2 1021.8 496.6 0.15 77
SFIX R,4833491.0,
EFIX R,4833491.0,4833519 30 1020.8 499.1 1428
SSACC R,4833521.0,
ESACC R,4833521.0,4833601 82 1021.1 498.9 1018.7 490.1 0.25 81
SFIX R,4833603.0,
EFIX R,4833603.0,4833625 24 1018.4 504.5 1397
SSACC R,4833627.0,
ESACC R,4833627.0,4833663 38 1017.7 511.8 1022.5 480.3 0.86 73
SFIX R,4833665.0,
EFIX R,4833665.0,4833735 72 1020.2 485.1 1392
SSACC R,4833737.0,
ESACC R,4833737.0,4833783 48 1019.0 479.8 1019.6 504.7 0.67 102
SFIX R,4833785.0,
EFIX R,4833785.0,4833871 88 1017.6 502.8 1354
SSACC R,4833873.0,
ESACC R,4833873.0,4834019 148 1017.5 514.2 1004.5 489.8 0.75 121
SFIX R,4834021.0,
EFIX R,4834021.0,4834051 32 1001.6 497.5 1348
SSACC R,4834053.0,
ESACC R,4834053.0,4834121 70 1002.0 487.2 999.4 497.3 0.28 92
SFIX R,4834123.0,
EFIX R,4834123.0,4834171 50 1000.9 495.8 1344
SSACC R,4834173.0,
ESACC R,4834173.0,4834315 144 1001.3 491.6 999.4 476.5 0.41 110
SFIX R,4834317.0,
EFIX R,4834317.0,4834345 30 998.2 473.5 1370
SSACC R,4834347.0,
ESACC R,4834347.0,4834457 112 1000.6 467.2 1023.5 492.4 0.92 148
SFIX R,4834459.0,
EFIX R,4834459.0,4834505 48 1022.8 492.4 1354
SSACC R,4834507.0,
ESACC R,4834507.0,4834809 304 1024.8 484.1 1021.3 482.5 0.10 114
SFIX R,4834811.0,
EFIX R,4834811.0,4834965 156 1021.2 469.6 1393
SSACC R,4834967.0,
ESACC R,4834967.0,4835031 66 1023.7 476.9 1024.3 463.8 0.36 57
SFIX R,4835033.0,
EFIX R,4835033.0,4835069 38 1026.4 472.6 1424
SSACC R,4835071.0,
ESACC R,4835071.0,4835207 138 1027.8 472.1 1033.1 491.1 0.53 92
SFIX R,4835209.0,
EFIX R,4835209.0,4835231 24 1032.7 490.4 1446
SSACC R,4835233.0,
ESACC R,4835233.0,4835283 52 1038.5 483.1 1043.7 529.3 1.26 161
SFIX R,4835285.0,
EFIX R,4835285.0,4835307 24 1039.4 517.2 1431
SSACC R,4835309.0,
SBLINK R,4837995.0,
EBLINK R,4837995.0,4838255 262
ESACC R,4835309.0,4838561 3254 1040.4 515.8 1031.3 500.6 0.48 825
SFIX R,4838563.0,
EFIX R,4838563.0,4838585 24 1029.0 494.5 1435
SSACC R,4838587.0,
ESACC R,4838587.0,4838867 282 1029.9 501.2 985.7 449.4 1.85 119
SFIX R,4838869.0,
EFIX R,4838869.0,4839029 162 983.6 443.7 1290
SSACC R,4839031.0,
ESACC R,4839031.0,4839083 54 978.0 438.9 981.4 443.6 0.16 77
SFIX R,4839085.0,
EFIX R,4839085.0,4839183 100 981.9 465.5 1256
SSACC R,4839185.0,
SBLINK R,4839285.0,
EBLINK R,4839285.0,4839505 222
ESACC R,4839185.0,4839737 554 984.6 501.5 980.2 454.7 1.27 1580
SFIX R,4839739.0,
EFIX R,4839739.0,4839923 186 978.9 446.1 1313
SSACC R,4839925.0,
ESACC R,4839925.0,4839959 36 982.3 434.2 995.6 443.2 0.44 96
SFIX R,4839961.0,
EFIX R,4839961.0,4840247 288 998.3 455.2 1277
SSACC R,4840249.0,
ESACC R,4840249.0,4840345 98 997.9 466.5 986.9 474.1 0.36 144
SFIX R,4840347.0,
EFIX R,4840347.0,4840495 150 993.7 475.0 1220
SSACC R,4840497.0,
ESACC R,4840497.0,4840517 22 998.5 474.9 1022.8 460.8 0.76 95
SFIX R,4840519.0,
EFIX R,4840519.0,4840563 46 1020.6 474.4 1207
SSACC R,4840565.0,
ESACC R,4840565.0,4840637 74 1020.8 482.2 1029.5 469.7 0.41 69
SFIX R,4840639.0,
EFIX R,4840639.0,4840679 42 1030.3 478.5 1195
SSACC R,4840681.0,
ESACC R,4840681.0,4840807 128 1028.1 460.2 1024.3 478.4 0.50 88
SFIX R,4840809.0,
EFIX R,4840809.0,4840843 36 1025.8 483.4 1200
SSACC R,4840845.0,
SBLINK R,4840925.0,
EBLINK R,4840925.0,4841155 232
ESACC R,4840845.0,4841311 468 1028.0 495.0 1015.4 467.9 0.81 1767
SFIX R,4841313.0,
EFIX R,4841313.0,4841357 46 1014.2 456.6 1195
SSACC R,4841359.0,
ESACC R,4841359.0,4841387 30 1012.5 450.1 989.8 456.3 0.64 86
SFIX R,4841389.0,
EFIX R,4841389.0,4841415 28 986.6 454.6 1220
SSACC R,4841417.0,
ESACC R,4841417.0,4841453 38 986.2 465.5 984.2 464.6 0.06 74
SFIX R,4841455.0,
EFIX R,4841455.0,4841555 102 983.4 452.3 1239
SSACC R,4841557.0,
ESACC R,4841557.0,4841573 18 984.1 448.3 987.1 441.8 0.19 87
SFIX R,4841575.0,
EFIX R,4841575.0,4841615 42 984.7 453.6 1247
SSACC R,4841617.0,
ESACC R,4841617.0,4841635 20 985.4 457.9 1015.5 464.6 0.84 75
SFIX R,4841637.0,
EFIX R,4841637.0,4841887 252 1001.7 474.1 1191
SSACC R,4841889.0,
ESACC R,4841889.0,4841929 42 999.6 486.1 1000.7 492.8 0.18 51
SFIX R,4841931.0,
EFIX R,4841931.0,4841955 26 1000.5 494.2 1112
SSACC R,4841957.0,
ESACC R,4841957.0,4841965 10 999.1 492.6 999.1 486.2 0.17 49
SFIX R,4841967.0,
EFIX R,4841967.0,4842335 370 996.9 487.5 1119
SSACC R,4842337.0,
ESACC R,4842337.0,4842373 38 995.8 455.4 1001.1 464.4 0.28 76
SFIX R,4842375.0,
EFIX R,4842375.0,4842397 24 1001.3 469.6 1172
SSACC R,4842399.0,
ESACC R,4842399.0,4842447 50 999.2 460.2 1005.5 455.7 0.21 67
SFIX R,4842449.0,
EFIX R,4842449.0,4842489 42 1004.1 461.4 1187
SSACC R,4842491.0,
ESACC R,4842491.0,4842537 48 1005.9 445.7 1005.5 450.4 0.13 78
SFIX R,4842539.0,
EFIX R,4842539.0,4842587 50 1005.9 451.7 1209
SSACC R,4842589.0,
ESACC R,4842589.0,4842599 12 1004.6 461.8 1005.1 442.6 0.52 72
SFIX R,4842601.0,
EFIX R,4842601.0,4842671 72 1006.6 446.2 1227
SSACC R,4842673.0,
ESACC R,4842673.0,4842681 10 1007.7 448.3 1009.6 427.5 0.57 69
SFIX R,4842683.0,
EFIX R,4842683.0,4842709 28 1008.1 435.6 1247
SSACC R,4842711.0,
ESACC R,4842711.0,4842745 36 1010.3 435.2 1007.9 426.0 0.26 61
SFIX R,4842747.0,
EFIX R,4842747.0,4842901 156 1008.8 442.2 1271
SSACC R,4842903.0,
ESACC R,4842903.0,4842909 8 1010.4 435.0 1010.4 447.0 0.32 53
SFIX R,4842911.0,
EFIX R,4842911.0,4843119 210 1018.9 460.9 1298
SSACC R,4843121.0,
ESACC R,4843121.0,4843185 66 1025.9 476.3 1026.9 475.6 0.03 76
SFIX R,4843187.0,
EFIX R,4843187.0,4843243 58 1028.7 480.2 1316
SSACC R,4843245.0,
ESACC R,4843245.0,4843255 12 1028.7 466.6 1028.9 478.1 0.31 73
SFIX R,4843257.0,
EFIX R,4843257.0,4843367 112 1031.9 478.2 1331
SSACC R,4843369.0,
ESACC R,4843369.0,4843393 26 1031.3 481.8 1032.5 503.6 0.59 98
SFIX R,4843395.0,
EFIX R,4843395.0,4843431 38 1033.5 490.0 1341
SSACC R,4843433.0,
ESACC R,4843433.0,4843449 18 1032.5 505.1 1036.3 479.6 0.70 108
SFIX R,4843451.0,
EFIX R,4843451.0,4843559 110 1037.6 491.3 1357
SSACC R,4843561.0,
ESACC R,4843561.0,4843819 260 1039.5 485.8 1048.0 515.4 0.83 108
SFIX R,4843821.0,
EFIX R,4843821.0,4843851 32 1045.9 513.8 1377
SSACC R,4843853.0,
ESACC R,4843853.0,4843871 20 1045.2 492.5 1047.0 505.2 0.35 103
SFIX R,4843873.0,
EFIX R,4843873.0,4843927 56 1046.2 514.4 1383
SSACC R,4843929.0,
ESACC R,4843929.0,4843997 70 1047.1 504.6 1046.5 501.0 0.10 119
SFIX R,4843999.0,
EFIX R,4843999.0,4844051 54 1047.5 512.4 1391
SSACC R,4844053.0,
ESACC R,4844053.0,4844093 42 1050.0 519.4 1048.7 540.1 0.56 156
SFIX R,4844095.0,
EFIX R,4844095.0,4844119 26 1044.3 536.3 1378
SSACC R,4844121.0,
ESACC R,4844121.0,4844887 768 1049.6 531.3 1127.3 517.5 2.13 287
SFIX R,4844889.0,
EFIX R,4844889.0,4844941 54 1127.4 506.6 1459
SSACC R,4844943.0,
ESACC R,4844943.0,4845003 62 1124.5 503.0 1122.2 532.8 0.81 185
SFIX R,4845005.0,
EFIX R,4845005.0,4845061 58 1127.0 516.5 1467
SSACC R,4845063.0,
ESACC R,4845063.0,4845859 798 1126.4 530.7 1049.0 472.4 2.62 186
SFIX R,4845861.0,
EFIX R,4845861.0,4845905 46 1052.1 470.5 1429
SSACC R,4845907.0,
ESACC R,4845907.0,4845969 64 1052.0 484.1 1054.0 479.4 0.14 118
SFIX R,4845971.0,
EFIX R,4845971.0,4846079 110 1054.5 477.1 1413
SSACC R,4846081.0,
ESACC R,4846081.0,4846093 14 1062.2 469.0 1060.1 470.2 0.07 74
SFIX R,4846095.0,
EFIX R,4846095.0,4846155 62 1060.1 474.4 1411
SSACC R,4846157.0,
SBLINK R,4846627.0,
EBLINK R,4846627.0,4847045 420
ESACC R,4846157.0,4847285 1130 1061.4 467.6 1075.7 458.3 0.46 875
SFIX R,4847287.0,
EFIX R,4847287.0,4847457 172 1065.8 451.7 1409
SSACC R,4847459.0,
ESACC R,4847459.0,4847479 22 1055.0 463.7 1051.8 461.2 0.11 69
SFIX R,4847481.0,
EFIX R,4847481.0,4847729 250 1044.6 502.2 1191
SSACC R,4847731.0,
ESACC R,4847731.0,4847747 18 1030.7 526.4 996.4 513.5 0.99 102
SFIX R,4847749.0,
EFIX R,4847749.0,4847995 248 995.3 513.4 1023
SSACC R,4847997.0,
ESACC R,4847997.0,4848015 20 984.3 503.8 1010.5 511.1 0.74 74
SFIX R,4848017.0,
EFIX R,4848017.0,4848863 848 1004.3 493.2 1072
SSACC R,4848865.0,
ESACC R,4848865.0,4848883 20 1022.7 486.2 1023.8 486.0 0.03 52
SFIX R,4848885.0,
EFIX R,4848885.0,4849039 156 1023.1 485.5 1197
SSACC R,4849041.0,
ESACC R,4849041.0,4849147 108 1026.1 497.1 1028.6 484.6 0.35 74
SFIX R,4849149.0,
EFIX R,4849149.0,4849199 52 1027.3 474.8 1229
SSACC R,4849201.0,
ESACC R,4849201.0,4849249 50 1027.0 483.3 1026.3 465.8 0.47 98
SFIX R,4849251.0,
EFIX R,4849251.0,4849463 214 1031.9 470.9 1262
SSACC R,4849465.0,
SBLINK R,4849529.0,
EBLINK R,4849529.0,4849857 330
ESACC R,4849465.0,4850013 550 1041.7 486.5 1019.5 459.4 0.95 706
SFIX R,4850015.0,
EFIX R,4850015.0,4850037 24 1020.3 457.8 1290
SSACC R,4850039.0,
ESACC R,4850039.0,4850055 18 1021.7 449.3 1021.5 447.8 0.04 69
SFIX R,4850057.0,
EFIX R,4850057.0,4850089 34 1019.3 449.1 1293
SSACC R,4850091.0,
SBLINK R,4850149.0,
EBLINK R,4850149.0,4850813 666
ESACC R,4850091.0,4851149 1060 1021.0 449.5 1026.3 466.8 0.49 1908
SFIX R,4851151.0,
EFIX R,4851151.0,4851219 70 1024.9 462.2 1089
SSACC R,4851221.0,
ESACC R,4851221.0,4851237 18 1016.5 453.4 1021.2 444.3 0.28 93
SFIX R,4851239.0,
EFIX R,4851239.0,4851477 240 1023.6 472.7 1080
SSACC R,4851479.0,
ESACC R,4851479.0,4851487 10 1025.9 492.2 1026.5 481.0 0.30 68
SFIX R,4851489.0,
EFIX R,4851489.0,4851531 44 1027.2 480.1 1082
SSACC R,4851533.0,
ESACC R,4851533.0,4851581 50 1024.6 480.1 1019.3 499.3 0.54 81
SFIX R,4851583.0,
EFIX R,4851583.0,4851661 80 1017.8 483.0 1097
SSACC R,4851663.0,
SBLINK R,4851737.0,
EBLINK R,4851737.0,4852137 402
ESACC R,4851663.0,4852341 680 1013.3 487.1 1061.4 484.9 1.30 1906
SFIX R,4852343.0,
EFIX R,4852343.0,4852449 108 1053.8 494.5 1192
SSACC R,4852451.0,
ESACC R,4852451.0,4852483 34 1053.3 496.1 1027.2 472.0 0.96 96
SFIX R,4852485.0,
EFIX R,4852485.0,4852621 138 1026.6 480.8 1221
SSACC R,4852623.0,
ESACC R,4852623.0,4852761 140 1027.5 505.8 1017.1 485.1 0.63 85
SFIX R,4852763.0,
EFIX R,4852763.0,4852913 152 1017.5 492.7 1231
SSACC R,4852915.0,
ESACC R,4852915.0,4852975 62 1016.4 506.4 1019.9 492.2 0.40 68
SFIX R,4852977.0,
EFIX R,4852977.0,4853001 26 1021.2 496.2 1217
SSACC R,4853003.0,
ESACC R,4853003.0,4853035 34 1022.6 503.2 1021.1 492.8 0.28 63
SFIX R,4853037.0,
EFIX R,4853037.0,4853075 40 1021.7 488.2 1220
SSACC R,4853077.0,
ESACC R,4853077.0,4853101 26 1024.6 476.0 1024.1 480.8 0.13 56
SFIX R,4853103.0,
EFIX R,4853103.0,4853175 74 1021.6 477.0 1230
SSACC R,4853177.0,
ESACC R,4853177.0,4853223 48 1018.8 472.1 1024.0 467.7 0.18 63
SFIX R,4853225.0,
EFIX R,4853225.0,4853299 76 1020.5 467.1 1247
SSACC R,4853301.0,
ESACC R,4853301.0,4853369 70 1023.4 473.1 1017.7 455.1 0.51 69
SFIX R,4853371.0,
EFIX R,4853371.0,4853391 22 1016.8 454.7 1279
SSACC R,4853393.0,
ESACC R,4853393.0,4853471 80 1016.4 452.8 1012.6 471.1 0.51 64
SFIX R,4853473.0,
EFIX R,4853473.0,4853499 28 1012.9 483.8 1282
SSACC R,4853501.0,
ESACC R,4853501.0,4858353 4854 1013.0 494.6 1025.9 544.3 1.39 336
SFIX R,4858355.0,
EFIX R,4858355.0,4858381 28 1036.3 548.3 1337
SSACC R,4858383.0,
ESACC R,4858383.0,4859657 1276 1041.7 561.1 1041.1 487.1 2.01 301
SFIX R,4859659.0,
EFIX R,4859659.0,4859687 30 1038.4 483.3 1567
SSACC R,4859689.0,
ESACC R,4859689.0,4859839 152 1039.5 478.9 1040.4 478.0 0.03 79
SFIX R,4859841.0,
EFIX R,4859841.0,4859891 52 1040.2 470.2 1589
SSACC R,4859893.0,
ESACC R,4859893.0,4859921 30 1038.8 462.7 1038.6 466.7 0.11 92
SFIX R,4859923.0,
EFIX R,4859923.0,4860009 88 1039.3 473.1 1581
SSACC R,4860011.0,
ESACC R,4860011.0,4860073 64 1039.6 465.5 1038.5 475.8 0.28 77
SFIX R,4860075.0,
EFIX R,4860075.0,4860201 128 1037.3 474.3 1566
SSACC R,4860203.0,
ESACC R,4860203.0,4860271 70 1037.3 481.4 1034.5 481.8 0.08 121
SFIX R,4860273.0,
EFIX R,4860273.0,4860467 196 1032.7 470.8 1579
SSACC R,4860469.0,
ESACC R,4860469.0,4860549 82 1035.0 468.1 1036.5 471.2 0.09 93
SFIX R,4860551.0,
EFIX R,4860551.0,4860605 56 1037.0 486.0 1584
SSACC R,4860607.0,
ESACC R,4860607.0,4860737 132 1036.4 501.3 1033.3 486.8 0.40 86
SFIX R,4860739.0,
EFIX R,4860739.0,4860799 62 1033.0 497.2 1590
SSACC R,4860801.0,
ESACC R,4860801.0,4861077 278 1033.6 488.3 1047.6 484.3 0.39 122
SFIX R,4861079.0,
EFIX R,4861079.0,4861103 26 1048.9 495.0 1573
SSACC R,4861105.0,
ESACC R,4861105.0,4861203 100 1052.1 490.2 1043.3 484.3 0.29 162
SFIX R,4861205.0,
EFIX R,4861205.0,4861229 26 1042.9 486.8 1571
SSACC R,4861231.0,
ESACC R,4861231.0,4861369 140 1044.2 497.9 1035.2 465.7 0.91 110
SFIX R,4861371.0,
EFIX R,4861371.0,4861399 30 1035.2 472.2 1571
SSACC R,4861401.0,
ESACC R,4861401.0,4861469 70 1032.7 467.9 1033.3 463.0 0.13 79
SFIX R,4861471.0,
EFIX R,4861471.0,4861611 142 1032.1 471.6 1549
SSACC R,4861613.0,
ESACC R,4861613.0,4861619 8 1029.0 467.5 1028.3 486.4 0.51 71
SFIX R,4861621.0,
EFIX R,4861621.0,4861657 38 1031.6 479.8 1522
SSACC R,4861659.0,
ESACC R,4861659.0,4861669 12 1033.6 501.5 1031.2 478.6 0.62 69
SFIX R,4861671.0,
EFIX R,4861671.0,4861709 40 1030.0 465.1 1523
SSACC R,4861711.0,
ESACC R,4861711.0,4861723 14 1029.3 472.3 1031.6 472.7 0.06 71
SFIX R,4861725.0,
EFIX R,4861725.0,4862163 440 1030.7 452.6 1483
SSACC R,4862165.0,
ESACC R,4862165.0,4862477 314 1030.5 445.0 1040.4 457.7 0.44 103
SFIX R,4862479.0,
EFIX R,4862479.0,4862689 212 1037.6 448.7 1455
SSACC R,4862691.0,
ESACC R,4862691.0,4862867 178 1035.9 444.7 1030.4 466.8 0.62 88
SFIX R,4862869.0,
EFIX R,4862869.0,4862911 44 1028.0 449.7 1455
SSACC R,4862913.0,
ESACC R,4862913.0,4862971 60 1028.5 436.8 1026.8 467.0 0.82 98
SFIX R,4862973.0,
EFIX R,4862973.0,4863059 88 1028.0 466.1 1463
SSACC R,4863061.0,
SBLINK R,4863117.0,
EBLINK R,4863117.0,4863339 224
ESACC R,4863061.0,4863539 480 1033.5 488.9 1016.7 402.6 2.38 825
SFIX R,4863541.0,
EFIX R,4863541.0,4863619 80 1017.1 407.8 1513
SSACC R,4863621.0,
ESACC R,4863621.0,4863641 22 1019.1 418.8 1042.9 429.4 0.70 94
SFIX R,4863643.0,
EFIX R,4863643.0,4864591 950 1028.9 484.9 1216
SSACC R,4864593.0,
ESACC R,4864593.0,4864601 10 1019.9 503.5 1019.8 489.8 0.37 51
SFIX R,4864603.0,
EFIX R,4864603.0,4865171 570 1035.5 480.2 1165
SSACC R,4865173.0,
ESACC R,4865173.0,4865181 10 1052.4 496.5 1050.2 474.0 0.61 66
SFIX R,4865183.0,
EFIX R,4865183.0,4865249 68 1050.7 480.8 1224
SSACC R,4865251.0,
ESACC R,4865251.0,4865291 42 1054.5 469.9 1054.8 489.7 0.54 68
SFIX R,4865293.0,
EFIX R,4865293.0,4865453 162 1063.2 485.4 1249
SSACC R,4865455.0,
ESACC R,4865455.0,4865497 44 1073.1 495.6 1072.7 481.1 0.39 53
SFIX R,4865499.0,
EFIX R,4865499.0,4865635 138 1072.1 486.5 1270
SSACC R,4865637.0,
ESACC R,4865637.0,4865697 62 1070.6 466.7 1070.1 486.4 0.53 66
SFIX R,4865699.0,
EFIX R,4865699.0,4865985 288 1066.5 469.4 1314
SSACC R,4865987.0,
ESACC R,4865987.0,4866013 28 1059.0 474.7 1057.5 471.5 0.10 104
SFIX R,4866015.0,
EFIX R,4866015.0,4866243 230 1056.0 465.4 1372
SSACC R,4866245.0,
ESACC R,4866245.0,4866359 116 1056.2 476.3 1059.6 475.2 0.10 70
SFIX R,4866361.0,
EFIX R,4866361.0,4866443 84 1060.0 464.0 1430
SSACC R,4866445.0,
ESACC R,4866445.0,4866465 22 1059.6 461.2 1060.8 457.6 0.10 63
SFIX R,4866467.0,
EFIX R,4866467.0,4866509 44 1060.3 463.0 1441
SSACC R,4866511.0,
ESACC R,4866511.0,4866523 14 1063.3 457.5 1061.7 469.5 0.33 68
SFIX R,4866525.0,
EFIX R,4866525.0,4866557 34 1063.3 463.6 1446
SSACC R,4866559.0,
ESACC R,4866559.0,4866623 66 1068.1 463.7 1062.1 482.7 0.54 70
SFIX R,4866625.0,
EFIX R,4866625.0,4866645 22 1063.6 477.7 1448
SSACC R,4866647.0,
ESACC R,4866647.0,4866677 32 1064.4 476.9 1065.9 471.4 0.15 94
SFIX R,4866679.0,
EFIX R,4866679.0,4866751 74 1065.2 474.4 1457
SSACC R,4866753.0,
ESACC R,4866753.0,4867321 570 1064.9 470.7 1079.3 573.0 2.80 218
SFIX R,4867323.0,
EFIX R,4867323.0,4867347 26 1076.1 570.8 1447
SSACC R,4867349.0,
ESACC R,4867349.0,4867553 206 1071.4 556.4 1074.6 613.3 1.54 136
SFIX R,4867555.0,
EFIX R,4867555.0,4867573 20 1076.1 610.5 1400
SSACC R,4867575.0,
ESACC R,4867575.0,4867765 192 1073.0 597.2 1069.4 605.2 0.24 126
SFIX R,4867767.0,
EFIX R,4867767.0,4867789 24 1065.7 591.7 1390
SSACC R,4867791.0,
ESACC R,4867791.0,4867951 162 1067.9 589.3 1072.2 624.0 0.95 162
SFIX R,4867953.0,
EFIX R,4867953.0,4867997 46 1067.5 607.3 1356
SSACC R,4867999.0,
SBLINK R,4868403.0,
EBLINK R,4868403.0,4868787 386
ESACC R,4867999.0,4869371 1374 1069.5 613.4 1048.6 509.3 2.87 494
SFIX R,4869373.0,
EFIX R,4869373.0,4870307 936 1039.2 489.7 1107
SSACC R,4870309.0,
ESACC R,4870309.0,4870315 8 1035.5 475.7 1036.2 464.7 0.30 42
SFIX R,4870317.0,
EFIX R,4870317.0,4870593 278 1046.4 459.8 1232
SSACC R,4870595.0,
ESACC R,4870595.0,4870613 20 1054.5 468.1 1057.2 446.3 0.59 78
SFIX R,4870615.0,
EFIX R,4870615.0,4871653 1040 1067.7 440.5 1349
SSACC R,4871655.0,
ESACC R,4871655.0,4871669 16 1069.1 421.1 1065.9 427.9 0.20 63
SFIX R,4871671.0,
EFIX R,4871671.0,4871701 32 1067.4 425.7 1419
SSACC R,4871703.0,
ESACC R,4871703.0,4871767 66 1064.6 417.7 1065.5 428.7 0.30 64
SFIX R,4871769.0,
EFIX R,4871769.0,4871941 174 1066.5 421.4 1437
SSACC R,4871943.0,
ESACC R,4871943.0,4871947 6 1066.5 433.2 1066.4 416.7 0.45 66
SFIX R,4871949.0,
EFIX R,4871949.0,4872171 224 1065.7 417.0 1447
SSACC R,4872173.0,
ESACC R,4872173.0,4872191 20 1065.9 419.8 1065.5 413.2 0.18 49
SFIX R,4872193.0,
EFIX R,4872193.0,4872337 146 1064.9 417.0 1457
SSACC R,4872339.0,
ESACC R,4872339.0,4872393 56 1065.2 426.9 1063.9 428.9 0.06 64
SFIX R,4872395.0,
EFIX R,4872395.0,4872519 126 1064.9 431.4 1461
SSACC R,4872521.0,
ESACC R,4872521.0,4872559 40 1066.1 422.4 1064.9 433.6 0.30 66
SFIX R,4872561.0,
EFIX R,4872561.0,4872607 48 1066.6 425.8 1476
SSACC R,4872609.0,
ESACC R,4872609.0,4872613 6 1064.5 420.2 1064.9 438.8 0.50 66
SFIX R,4872615.0,
EFIX R,4872615.0,4872805 192 1064.4 428.1 1486
SSACC R,4872807.0,
ESACC R,4872807.0,4872919 114 1063.0 425.3 1060.3 430.4 0.16 63
SFIX R,4872921.0,
EFIX R,4872921.0,4873815 896 1052.6 413.5 1592
SSACC R,4873817.0,
ESACC R,4873817.0,4873871 56 1046.6 420.4 1045.3 423.9 0.10 65
SFIX R,4873873.0,
EFIX R,4873873.0,4874387 516 1039.7 417.3 1593
SSACC R,4874389.0,
ESACC R,4874389.0,4874435 48 1040.4 442.3 1035.9 434.1 0.25 71
SFIX R,4874437.0,
EFIX R,4874437.0,4874535 100 1034.3 436.0 1558
SSACC R,4874537.0,
ESACC R,4874537.0,4874569 34 1032.5 413.6 1031.8 432.0 0.50 60
SFIX R,4874571.0,
EFIX R,4874571.0,4875331 762 1030.0 436.7 1472
SSACC R,4875333.0,
ESACC R,4875333.0,4875349 18 1030.9 442.2 1027.7 436.3 0.18 52
SFIX R,4875351.0,
EFIX R,4875351.0,4875415 66 1028.2 439.3 1402
SSACC R,4875417.0,
ESACC R,4875417.0,4875425 10 1025.4 432.8 1026.0 450.8 0.49 61
SFIX R,4875427.0,
EFIX R,4875427.0,4875563 138 1025.1 437.9 1394
SSACC R,4875565.0,
ESACC R,4875565.0,4875573 10 1023.2 449.8 1022.6 427.0 0.62 73
SFIX R,4875575.0,
EFIX R,4875575.0,4875927 354 1021.8 431.7 1415
SSACC R,4875929.0,
ESACC R,4875929.0,4875969 42 1023.4 448.4 1023.3 434.6 0.37 81
SFIX R,4875971.0,
EFIX R,4875971.0,4876371 402 1020.2 441.3 1442
SSACC R,4876373.0,
ESACC R,4876373.0,4876405 34 1022.4 411.8 1023.6 435.3 0.64 59
SFIX R,4876407.0,
EFIX R,4876407.0,4876481 76 1022.6 434.4 1450
SSACC R,4876483.0,
ESACC R,4876483.0,4876565 84 1023.6 429.9 1027.1 435.6 0.18 116
SFIX R,4876567.0,
EFIX R,4876567.0,4876683 118 1032.9 434.4 1447
SSACC R,4876685.0,
ESACC R,4876685.0,4877007 324 1034.5 431.0 1028.7 434.2 0.18 196
SFIX R,4877009.0,
EFIX R,4877009.0,4877041 34 1025.1 428.9 1412
SSACC R,4877043.0,
ESACC R,4877043.0,4877061 20 1023.7 422.7 1025.0 429.8 0.20 70
SFIX R,4877063.0,
EFIX R,4877063.0,4877095 34 1021.9 433.8 1408
SSACC R,4877097.0,
ESACC R,4877097.0,4877127 32 1024.2 448.4 1018.2 435.4 0.39 100
SFIX R,4877129.0,
EFIX R,4877129.0,4877415 288 1004.7 431.3 1405
SSACC R,4877417.0,
ESACC R,4877417.0,4877427 12 998.2 433.9 999.2 449.8 0.43 43
SFIX R,4877429.0,
EFIX R,4877429.0,4877683 256 1002.5 442.2 1391
SSACC R,4877685.0,
ESACC R,4877685.0,4877699 16 1005.2 437.1 1004.6 449.7 0.34 97
SFIX R,4877701.0,
EFIX R,4877701.0,4877727 28 1005.2 448.1 1382
SSACC R,4877729.0,
ESACC R,4877729.0,4877743 16 1006.2 452.5 1005.4 447.5 0.14 70
SFIX R,4877745.0,
EFIX R,4877745.0,4878043 300 1002.3 448.7 1383
SSACC R,4878045.0,
ESACC R,4878045.0,4878075 32 1002.1 460.4 997.6 457.1 0.15 78
SFIX R,4878077.0,
EFIX R,4878077.0,4878225 150 991.6 453.1 1403
SSACC R,4878227.0,
ESACC R,4878227.0,4878283 58 988.1 445.4 986.2 455.9 0.29 63
SFIX R,4878285.0,
EFIX R,4878285.0,4878361 78 986.6 458.0 1422
SSACC R,4878363.0,
ESACC R,4878363.0,4878385 24 985.9 450.8 986.2 464.2 0.36 68
SFIX R,4878387.0,
EFIX R,4878387.0,4878447 62 987.0 459.3 1428
SSACC R,4878449.0,
ESACC R,4878449.0,4878475 28 985.7 448.6 984.6 459.4 0.29 54
SFIX R,4878477.0,
EFIX R,4878477.0,4878627 152 981.8 463.9 1424
SSACC R,4878629.0,
ESACC R,4878629.0,4878637 10 977.7 448.3 977.5 466.7 0.50 61
SFIX R,4878639.0,
EFIX R,4878639.0,4878667 30 977.9 466.5 1418
SSACC R,4878669.0,
ESACC R,4878669.0,4878685 18 976.7 464.5 976.6 464.6 0.00 57
SFIX R,4878687.0,
EFIX R,4878687.0,4878787 102 975.3 476.4 1407
SSACC R,4878789.0,
ESACC R,4878789.0,4879231 444 972.5 494.3 954.5 910.7 11.13 343
SFIX R,4879233.0,
EFIX R,4879233.0,4879255 24 955.4 913.6 1339
SSACC R,4879257.0,
ESACC R,4879257.0,4880165 910 955.1 912.0 1060.1 491.2 11.59 313
SFIX R,4880167.0,
EFIX R,4880167.0,4882547 2382 1058.7 525.2 1096
SSACC R,4882549.0,
ESACC R,4882549.0,4882559 12 1082.1 520.6 1084.2 503.8 0.46 56
SFIX R,4882561.0,
EFIX R,4882561.0,4883659 1100 1088.5 470.9 1341
SSACC R,4883661.0,
ESACC R,4883661.0,4883669 10 1100.9 462.1 1101.2 475.7 0.37 63
SFIX R,4883671.0,
EFIX R,4883671.0,4883771 102 1101.2 472.0 1357
SSACC R,4883773.0,
ESACC R,4883773.0,4883787 16 1101.4 483.2 1100.7 470.7 0.34 55
SFIX R,4883789.0,
EFIX R,4883789.0,4883995 208 1100.8 478.2 1347
SSACC R,4883997.0,
ESACC R,4883997.0,4884001 6 1102.0 496.9 1101.5 483.4 0.37 58
SFIX R,4884003.0,
EFIX R,4884003.0,4884105 104 1104.2 482.3 1339
SSACC R,4884107.0,
ESACC R,4884107.0,4884207 102 1104.6 485.5 1109.9 486.9 0.15 82
SFIX R,4884209.0,
EFIX R,4884209.0,4884853 646 1113.7 495.2 1369
SSACC R,4884855.0,
SBLINK R,4884965.0,
EBLINK R,4884965.0,4885187 224
ESACC R,4884855.0,4885427 574 1108.1 500.5 1136.2 503.9 0.76 620
SFIX R,4885429.0,
EFIX R,4885429.0,4885541 114 1128.9 488.7 1363
SSACC R,4885543.0,
ESACC R,4885543.0,4885559 18 1122.8 488.1 1123.7 471.4 0.45 79
SFIX R,4885561.0,
EFIX R,4885561.0,4885735 176 1115.2 474.2 1342
SSACC R,4885737.0,
ESACC R,4885737.0,4885755 20 1105.7 472.1 1105.4 475.8 0.10 63
SFIX R,4885757.0,
EFIX R,4885757.0,4887873 2118 1102.3 481.4 1198
SSACC R,4887875.0,
ESACC R,4887875.0,4887889 16 1119.5 458.0 1117.7 472.0 0.38 62
SFIX R,4887891.0,
EFIX R,4887891.0,4888151 262 1115.1 472.8 1289
SSACC R,4888153.0,
ESACC R,4888153.0,4888169 18 1114.6 479.4 1114.3 463.3 0.44 45
SFIX R,4888171.0,
EFIX R,4888171.0,4888421 252 1117.2 478.5 1298
SSACC R,4888423.0,
ESACC R,4888423.0,4888431 10 1116.8 494.8 1120.0 486.1 0.25 48
SFIX R,4888433.0,
EFIX R,4888433.0,4888491 60 1119.8 476.0 1294
SSACC R,4888493.0,
ESACC R,4888493.0,4888559 68 1118.0 476.1 1121.2 476.0 0.09 55
SFIX R,4888561.0,
EFIX R,4888561.0,4888725 166 1122.5 473.9 1287
SSACC R,4888727.0,
ESACC R,4888727.0,4888753 28 1120.9 478.0 1121.0 455.0 0.62 68
SFIX R,4888755.0,
EFIX R,4888755.0,4889321 568 1110.6 457.3 1320
SSACC R,4889323.0,
ESACC R,4889323.0,4889349 28 1098.0 475.8 1208.2 471.5 2.96 233
SFIX R,4889351.0,
EFIX R,4889351.0,4889499 150 1196.8 477.5 1345
SSACC R,4889501.0,
ESACC R,4889501.0,4889549 50 1195.1 481.6 1193.6 483.1 0.06 91
SFIX R,4889551.0,
EFIX R,4889551.0,4889633 84 1195.6 478.6 1362
SSACC R,4889635.0,
ESACC R,4889635.0,4889647 14 1198.4 478.5 1198.0 473.3 0.14 61
SFIX R,4889649.0,
EFIX R,4889649.0,4889911 264 1196.5 476.0 1362
SSACC R,4889913.0,
ESACC R,4889913.0,4889927 16 1197.1 479.4 1200.4 474.9 0.15 87
SFIX R,4889929.0,
EFIX R,4889929.0,4890013 86 1197.6 480.7 1353
SSACC R,4890015.0,
ESACC R,4890015.0,4890067 54 1196.7 491.9 1199.0 480.9 0.30 57
SFIX R,4890069.0,
EFIX R,4890069.0,4890183 116 1197.8 482.9 1338
SSACC R,4890185.0,
ESACC R,4890185.0,4890219 36 1194.0 485.8 1078.2 454.5 3.23 230
SFIX R,4890221.0,
EFIX R,4890221.0,4890597 378 1085.5 463.4 1338
SSACC R,4890599.0,
ESACC R,4890599.0,4890715 118 1092.0 482.3 1055.0 447.0 1.38 104
SFIX R,4890717.0,
EFIX R,4890717.0,4890747 32 1052.0 449.3 1367
SSACC R,4890749.0,
ESACC R,4890749.0,4890761 14 1050.4 437.2 1053.4 444.5 0.21 74
SFIX R,4890763.0,
EFIX R,4890763.0,4891071 310 1059.0 445.8 1379
SSACC R,4891073.0,
ESACC R,4891073.0,4891101 30 1060.8 462.6 1062.5 448.7 0.38 65
SFIX R,4891103.0,
EFIX R,4891103.0,4891185 84 1060.4 449.8 1375
SSACC R,4891187.0,
ESACC R,4891187.0,4891279 94 1062.5 465.2 1063.9 457.6 0.21 79
SFIX R,4891281.0,
EFIX R,4891281.0,4891341 62 1059.8 458.9 1354
SSACC R,4891343.0,
ESACC R,4891343.0,4891383 42 1059.1 457.3 1057.5 467.2 0.27 86
SFIX R,4891385.0,
EFIX R,4891385.0,4891439 56 1056.7 460.5 1341
SSACC R,4891441.0,
ESACC R,4891441.0,4891449 10 1056.1 450.3 1054.2 471.2 0.57 72
SFIX R,4891451.0,
EFIX R,4891451.0,4891489 40 1056.1 464.9 1333
SSACC R,4891491.0,
SBLINK R,4891551.0,
EBLINK R,4891551.0,4891897 348
ESACC R,4891491.0,4892339 850 1057.6 466.0 1152.3 471.9 2.56 773
SFIX R,4892341.0,
EFIX R,4892341.0,4892479 140 1153.0 471.3 1251
SSACC R,4892481.0,
ESACC R,4892481.0,4892549 70 1152.3 470.5 1063.0 458.9 2.43 242
SFIX R,4892551.0,
EFIX R,4892551.0,4892757 208 1066.6 477.0 1192
SSACC R,4892759.0,
ESACC R,4892759.0,4892783 26 1069.6 496.1 1066.9 486.0 0.28 61
SFIX R,4892785.0,
EFIX R,4892785.0,4893007 224 1069.3 485.4 1121
SSACC R,4893009.0,
ESACC R,4893009.0,4893053 46 1070.7 499.8 1072.0 487.4 0.34 52
SFIX R,4893055.0,
EFIX R,4893055.0,4893269 216 1071.3 481.9 1107
SSACC R,4893271.0,
ESACC R,4893271.0,4893275 6 1069.3 479.6 1070.6 488.8 0.25 54
SFIX R,4893277.0,
EFIX R,4893277.0,4893353 78 1068.1 477.8 1129
SSACC R,4893355.0,
ESACC R,4893355.0,4893407 54 1068.0 476.7 1068.4 484.1 0.20 76
SFIX R,4893409.0,
EFIX R,4893409.0,4893433 26 1069.3 478.2 1151
SSACC R,4893435.0,
ESACC R,4893435.0,4893565 132 1069.0 473.5 1244.2 487.0 4.72 320
SFIX R,4893567.0,
EFIX R,4893567.0,4893623 58 1242.4 490.9 1181
SSACC R,4893625.0,
ESACC R,4893625.0,4893673 50 1241.8 482.0 1240.2 492.0 0.27 67
SFIX R,4893675.0,
EFIX R,4893675.0,4893701 28 1241.3 492.7 1195
SSACC R,4893703.0,
ESACC R,4893703.0,4893811 110 1238.7 490.1 1215.6 510.1 0.82 112
SFIX R,4893813.0,
EFIX R,4893813.0,4893919 108 1216.8 500.9 1217
SSACC R,4893921.0,
ESACC R,4893921.0,4893935 16 1217.2 497.3 1216.6 499.0 0.05 64
SFIX R,4893937.0,
EFIX R,4893937.0,4893981 46 1217.7 497.0 1231
SSACC R,4893983.0,
ESACC R,4893983.0,4894113 132 1217.2 491.8 1234.2 478.9 0.57 113
SFIX R,4894115.0,
EFIX R,4894115.0,4894221 108 1235.7 465.4 1296
SSACC R,4894223.0,
ESACC R,4894223.0,4894271 50 1238.8 453.1 1238.4 454.3 0.03 71
SFIX R,4894273.0,
EFIX R,4894273.0,4894343 72 1238.5 460.6 1334
SSACC R,4894345.0,
ESACC R,4894345.0,4894349 6 1239.4 480.0 1237.5 465.1 0.40 64
SFIX R,4894351.0,
EFIX R,4894351.0,4894481 132 1239.9 462.4 1361
SSACC R,4894483.0,
ESACC R,4894483.0,4894519 38 1241.8 468.4 1240.5 461.0 0.20 83
SFIX R,4894521.0,
EFIX R,4894521.0,4894627 108 1235.5 469.1 1397
SSACC R,4894629.0,
ESACC R,4894629.0,4894639 12 1233.2 467.9 1233.1 472.8 0.13 63
SFIX R,4894641.0,
EFIX R,4894641.0,4894677 38 1232.0 473.1 1413
SSACC R,4894679.0,
ESACC R,4894679.0,4894693 16 1233.0 454.2 1229.4 480.3 0.71 97
SFIX R,4894695.0,
EFIX R,4894695.0,4894743 50 1228.2 470.4 1423
SSACC R,4894745.0,
ESACC R,4894745.0,4894765 22 1226.7 456.9 1229.7 468.9 0.33 52
SFIX R,4894767.0,
EFIX R,4894767.0,4894987 222 1225.0 473.6 1442
SSACC R,4894989.0,
ESACC R,4894989.0,4895645 658 1224.0 471.8 1048.3 467.6 4.72 229
SFIX R,4895647.0,
EFIX R,4895647.0,4895681 36 1045.4 466.2 1493
SSACC R,4895683.0,
ESACC R,4895683.0,4895871 190 1049.8 473.2 1067.6 497.0 0.81 128
SFIX R,4895873.0,
EFIX R,4895873.0,4895909 38 1069.6 496.7 1476
SSACC R,4895911.0,
ESACC R,4895911.0,4896105 196 1071.8 501.7 1053.7 522.6 0.75 126
SFIX R,4896107.0,
EFIX R,4896107.0,4896141 36 1055.3 521.6 1421
SSACC R,4896143.0,
SBLINK R,4896207.0,
EBLINK R,4896207.0,4896841 636
ESACC R,4896143.0,4897097 956 1054.4 522.7 1054.4 498.3 0.66 798
SFIX R,4897099.0,
EFIX R,4897099.0,4897127 30 1053.4 510.2 1273
SSACC R,4897129.0,
ESACC R,4897129.0,4897143 16 1055.9 512.8 1046.5 468.7 1.22 126
SFIX R,4897145.0,
EFIX R,4897145.0,4897227 84 1050.2 476.7 1263
SSACC R,4897229.0,
ESACC R,4897229.0,4897251 24 1051.0 484.6 1051.7 494.0 0.26 56
SFIX R,4897253.0,
EFIX R,4897253.0,4897505 254 1050.4 498.1 1174
SSACC R,4897507.0,
ESACC R,4897507.0,4897521 16 1048.7 511.5 1046.9 500.5 0.30 54
SFIX R,4897523.0,
EFIX R,4897523.0,4898067 546 1053.9 492.5 1081
SSACC R,4898069.0,
ESACC R,4898069.0,4898085 18 1069.1 474.9 1088.7 449.7 0.86 113
SFIX R,4898087.0,
EFIX R,4898087.0,4898205 120 1089.4 456.0 1149
SSACC R,4898207.0,
ESACC R,4898207.0,4898223 18 1092.0 474.4 1091.4 467.7 0.18 60
SFIX R,4898225.0,
EFIX R,4898225.0,4898495 272 1092.5 466.6 1219
SSACC R,4898497.0,
ESACC R,4898497.0,4898547 52 1096.0 467.5 1181.9 474.1 2.32 196
SFIX R,4898549.0,
EFIX R,4898549.0,4898585 38 1181.7 463.3 1264
SSACC R,4898587.0,
ESACC R,4898587.0,4898769 184 1179.9 477.1 1173.1 476.5 0.18 82
SFIX R,4898771.0,
EFIX R,4898771.0,4898815 46 1171.0 480.6 1271
SSACC R,4898817.0,
ESACC R,4898817.0,4898825 10 1169.9 460.6 1168.2 483.3 0.61 78
SFIX R,4898827.0,
EFIX R,4898827.0,4898941 116 1166.9 485.3 1275
SSACC R,4898943.0,
ESACC R,4898943.0,4899065 124 1165.0 494.3 1065.8 496.1 2.67 229
SFIX R,4899067.0,
EFIX R,4899067.0,4899369 304 1060.0 508.2 1206
SSACC R,4899371.0,
ESACC R,4899371.0,4899379 10 1056.8 497.4 1055.5 519.1 0.59 65
SFIX R,4899381.0,
EFIX R,4899381.0,4899403 24 1053.3 516.2 1184
SSACC R,4899405.0,
ESACC R,4899405.0,4899421 18 1053.6 503.9 1053.0 518.9 0.41 62
SFIX R,4899423.0,
EFIX R,4899423.0,4899697 276 1054.6 517.2 1189
SSACC R,4899699.0,
ESACC R,4899699.0,4899743 46 1056.1 516.9 1148.2 516.1 2.49 227
SFIX R,4899745.0,
EFIX R,4899745.0,4899973 230 1144.0 518.3 1182
SSACC R,4899975.0,
ESACC R,4899975.0,4900003 30 1143.5 522.7 1142.5 514.2 0.23 67
SFIX R,4900005.0,
EFIX R,4900005.0,4900195 192 1137.2 519.2 1128
SSACC R,4900197.0,
ESACC R,4900197.0,4900213 18 1129.6 524.8 1131.8 507.5 0.47 61
SFIX R,4900215.0,
EFIX R,4900215.0,4900307 94 1124.1 519.0 1076
SSACC R,4900309.0,
ESACC R,4900309.0,4900367 60 1120.1 521.4 1047.6 505.6 2.01 178
SFIX R,4900369.0,
EFIX R,4900369.0,4900661 294 1027.8 492.7 1064
SSACC R,4900663.0,
ESACC R,4900663.0,4900727 66 1028.4 480.3 1061.3 489.5 0.92 100
SFIX R,4900729.0,
EFIX R,4900729.0,4901009 282 1050.7 496.2 1024
SSACC R,4901011.0,
ESACC R,4901011.0,4901025 16 1038.4 500.6 1022.9 498.5 0.42 72
SFIX R,4901027.0,
EFIX R,4901027.0,4901157 132 1027.8 505.8 967
SSACC R,4901159.0,
ESACC R,4901159.0,4901163 6 1024.6 518.1 1024.6 508.0 0.27 46
SFIX R,4901165.0,
EFIX R,4901165.0,4901289 126 1021.3 508.4 910
SSACC R,4901291.0,
ESACC R,4901291.0,4901307 18 1016.2 508.5 1053.2 506.2 1.00 85
SFIX R,4901309.0,
EFIX R,4901309.0,4901531 224 1037.2 511.8 857
SSACC R,4901533.0,
ESACC R,4901533.0,4901549 18 1031.8 512.7 1008.8 525.3 0.71 63
SFIX R,4901551.0,
EFIX R,4901551.0,4901809 260 1016.3 530.7 823
SSACC R,4901811.0,
ESACC R,4901811.0,4901845 36 1022.0 530.2 1031.6 514.9 0.49 64
SFIX R,4901847.0,
EFIX R,4901847.0,4901931 86 1030.8 517.5 831
SSACC R,4901933.0,
ESACC R,4901933.0,4901943 12 1036.0 508.8 1060.3 498.1 0.72 79
SFIX R,4901945.0,
EFIX R,4901945.0,4902105 162 1073.4 488.5 852
SSACC R,4902107.0,
ESACC R,4902107.0,4902131 26 1071.6 487.9 1042.3 495.8 0.82 64
SFIX R,4902133.0,
EFIX R,4902133.0,4902277 146 1045.3 490.9 867
SSACC R,4902279.0,
ESACC R,4902279.0,4902295 18 1045.2 485.9 1016.0 518.9 1.19 78
SFIX R,4902297.0,
EFIX R,4902297.0,4902695 400 1023.9 521.0 838
SSACC R,4902697.0,
SBLINK R,4902749.0,
EBLINK R,4902749.0,4903211 464
ESACC R,4902697.0,4903295 600 1034.0 517.3 1028.2 488.5 0.80 1740
SFIX R,4903297.0,
EFIX R,4903297.0,4903421 126 1036.1 481.6 852
SSACC R,4903423.0,
ESACC R,4903423.0,4903431 10 1039.7 484.4 1054.1 492.6 0.45 65
SFIX R,4903433.0,
EFIX R,4903433.0,4903627 196 1051.7 496.1 899
SSACC R,4903629.0,
ESACC R,4903629.0,4903641 14 1049.2 495.0 1031.4 494.8 0.48 70
SFIX R,4903643.0,
EFIX R,4903643.0,4904023 382 1033.4 513.0 896
SSACC R,4904025.0,
ESACC R,4904025.0,4904041 18 1027.3 529.7 1064.4 525.7 1.01 94
SFIX R,4904043.0,
EFIX R,4904043.0,4904215 174 1050.8 527.9 926
SSACC R,4904217.0,
ESACC R,4904217.0,4904269 54 1050.3 540.0 1030.4 523.1 0.71 93
SFIX R,4904271.0,
EFIX R,4904271.0,4904459 190 1032.9 515.8 952
SSACC R,4904461.0,
ESACC R,4904461.0,4904481 22 1037.2 516.1 1010.4 500.3 0.84 91
SFIX R,4904483.0,
EFIX R,4904483.0,4904913 432 1027.0 514.7 1009
SSACC R,4904915.0,
SBLINK R,4904979.0,
EBLINK R,4904979.0,4905227 250
ESACC R,4904915.0,4905389 476 1042.3 538.5 1070.3 528.3 0.81 2062
SFIX R,4905391.0,
EFIX R,4905391.0,4905453 64 1065.9 509.6 1081
SSACC R,4905455.0,
ESACC R,4905455.0,4905593 140 1066.8 496.0 1021.6 507.9 1.27 120
SFIX R,4905595.0,
EFIX R,4905595.0,4905715 122 1033.4 513.8 1107
SSACC R,4905717.0,
ESACC R,4905717.0,4905727 12 1029.8 499.3 1032.8 512.9 0.38 59
SFIX R,4905729.0,
EFIX R,4905729.0,4905751 24 1033.3 512.0 1112
SSACC R,4905753.0,
ESACC R,4905753.0,4905871 120 1034.2 520.3 1045.1 521.4 0.30 76
SFIX R,4905873.0,
EFIX R,4905873.0,4905941 70 1045.2 517.6 1119
SSACC R,4905943.0,
ESACC R,4905943.0,4905989 48 1042.9 512.7 1040.9 512.4 0.05 63
SFIX R,4905991.0,
EFIX R,4905991.0,4906273 284 1039.1 522.0 1111
SSACC R,4906275.0,
ESACC R,4906275.0,4906375 102 1046.4 519.7 1045.7 524.0 0.12 88
SFIX R,4906377.0,
EFIX R,4906377.0,4906483 108 1042.1 520.5 1108
SSACC R,4906485.0,
ESACC R,4906485.0,4906505 22 1038.4 510.3 1039.5 526.6 0.44 92
SFIX R,4906507.0,
EFIX R,4906507.0,4906549 44 1039.4 518.9 1115
SSACC R,4906551.0,
ESACC R,4906551.0,4906559 10 1037.0 535.2 1038.3 511.8 0.64 69
SFIX R,4906561.0,
EFIX R,4906561.0,4906649 90 1036.6 518.7 1124
SSACC R,4906651.0,
ESACC R,4906651.0,4906665 16 1035.0 517.8 1033.7 536.9 0.52 84
SFIX R,4906667.0,
EFIX R,4906667.0,4906745 80 1033.8 531.9 1129
SSACC R,4906747.0,
ESACC R,4906747.0,4906773 28 1033.1 543.9 1026.9 530.2 0.41 71
SFIX R,4906775.0,
EFIX R,4906775.0,4906811 38 1027.0 528.4 1130
SSACC R,4906813.0,
ESACC R,4906813.0,4906853 42 1027.2 531.5 1027.7 511.1 0.55 98
SFIX R,4906855.0,
EFIX R,4906855.0,4907001 148 1024.7 512.5 1151
SSACC R,4907003.0,
ESACC R,4907003.0,4907659 658 1026.2 505.0 1034.0 555.4 1.38 160
SFIX R,4907661.0,
EFIX R,4907661.0,4907703 44 1034.6 569.8 1301
SSACC R,4907705.0,
SBLINK R,4909283.0,
EBLINK R,4909283.0,4909547 266
ESACC R,4907705.0,4910445 2742 1033.5 569.6 1005.6 626.3 1.71 786
SFIX R,4910447.0,
EFIX R,4910447.0,4910479 34 1004.7 630.6 1159
SSACC R,4910481.0,
ESACC R,4910481.0,4911149 670 1005.9 624.7 1022.0 563.0 1.73 235
SFIX R,4911151.0,
EFIX R,4911151.0,4911197 48 1022.4 557.2 1247
SSACC R,4911199.0,
SBLINK R,4911587.0,
EBLINK R,4911587.0,4911933 348
ESACC R,4911199.0,4912143 946 1020.3 569.3 1020.3 493.3 2.06 610
SFIX R,4912145.0,
EFIX R,4912145.0,4912231 88 1017.0 489.0 1304
SSACC R,4912233.0,
ESACC R,4912233.0,4912343 112 1013.4 467.5 1009.7 472.9 0.18 115
SFIX R,4912345.0,
EFIX R,4912345.0,4912423 80 1009.8 466.6 1279
SSACC R,4912425.0,
ESACC R,4912425.0,4912457 34 1008.1 463.6 997.4 490.5 0.78 89
SFIX R,4912459.0,
EFIX R,4912459.0,4912511 54 993.3 487.9 1235
SSACC R,4912513.0,
ESACC R,4912513.0,4912549 38 994.2 487.0 994.1 491.9 0.13 60
SFIX R,4912551.0,
EFIX R,4912551.0,4912633 84 991.1 499.5 1205
SSACC R,4912635.0,
ESACC R,4912635.0,4912651 18 989.4 496.0 988.0 494.3 0.06 52
SFIX R,4912653.0,
EFIX R,4912653.0,4912711 60 988.3 504.4 1191
SSACC R,4912713.0,
ESACC R,4912713.0,4912741 30 988.8 501.6 1021.2 518.7 0.99 118
SFIX R,4912743.0,
EFIX R,4912743.0,4912913 172 1023.1 506.8 1181
SSACC R,4912915.0,
ESACC R,4912915.0,4912927 14 1021.4 508.1 992.4 500.8 0.81 89
SFIX R,4912929.0,
EFIX R,4912929.0,4913197 270 1008.4 491.1 1194
SSACC R,4913199.0,
ESACC R,4913199.0,4913321 124 1011.8 482.1 1038.7 486.5 0.74 102
SFIX R,4913323.0,
EFIX R,4913323.0,4913475 154 1040.5 476.8 1223
SSACC R,4913477.0,
ESACC R,4913477.0,4913515 40 1038.3 480.2 1001.8 473.0 1.01 96
SFIX R,4913517.0,
EFIX R,4913517.0,4913611 96 1004.8 472.0 1177
SSACC R,4913613.0,
ESACC R,4913613.0,4913623 12 1000.7 460.0 998.7 475.1 0.41 81
SFIX R,4913625.0,
EFIX R,4913625.0,4913795 172 992.7 471.2 1167
SSACC R,4913797.0,
ESACC R,4913797.0,4913827 32 989.0 464.8 986.5 473.4 0.24 55
SFIX R,4913829.0,
EFIX R,4913829.0,4913913 86 984.4 463.1 1206
SSACC R,4913915.0,
ESACC R,4913915.0,4913967 54 981.7 450.0 980.2 451.5 0.06 69
SFIX R,4913969.0,
EFIX R,4913969.0,4914017 50 981.2 458.5 1247
SSACC R,4914019.0,
ESACC R,4914019.0,4914083 66 982.4 448.1 984.0 447.8 0.04 86
SFIX R,4914085.0,
EFIX R,4914085.0,4914111 28 984.2 451.0 1281
SSACC R,4914113.0,
ESACC R,4914113.0,4914271 160 984.8 455.2 1013.5 491.8 1.26 105
SFIX R,4914273.0,
EFIX R,4914273.0,4914307 36 1013.9 487.2 1293
SSACC R,4914309.0,
ESACC R,4914309.0,4914871 564 1017.6 510.1 1027.3 566.3 1.55 175
SFIX R,4914873.0,
EFIX R,4914873.0,4914897 26 1025.7 555.9 1338
SSACC R,4914899.0,
SBLINK R,4915261.0,
EBLINK R,4915261.0,4916241 982
ESACC R,4914899.0,4916469 1572 1021.8 547.7 1000.7 502.7 1.35 1992
SFIX R,4916471.0,
EFIX R,4916471.0,4916497 28 1002.4 500.4 1065
SSACC R,4916499.0,
ESACC R,4916499.0,4916635 138 1000.8 502.4 977.6 491.1 0.70 98
SFIX R,4916637.0,
EFIX R,4916637.0,4916777 142 982.7 489.1 1095
SSACC R,4916779.0,
ESACC R,4916779.0,4916867 90 994.0 500.0 993.0 511.7 0.32 83
SFIX R,4916869.0,
EFIX R,4916869.0,4916915 48 994.2 511.1 1081
SSACC R,4916917.0,
ESACC R,4916917.0,4917363 448 993.0 510.3 987.6 561.7 1.40 238
SFIX R,4917365.0,
EFIX R,4917365.0,4917425 62 990.4 556.1 1044
SSACC R,4917427.0,
ESACC R,4917427.0,4917513 88 984.9 540.3 996.8 555.6 0.53 102
SFIX R,4917515.0,
EFIX R,4917515.0,4917565 52 1000.4 543.3 1073
SSACC R,4917567.0,
ESACC R,4917567.0,4917809 244 999.7 546.6 975.6 578.9 1.09 142
SFIX R,4917811.0,
EFIX R,4917811.0,4917851 42 973.4 580.6 1112
SSACC R,4917853.0,
SBLINK R,4917967.0,
EBLINK R,4917967.0,4918293 328
ESACC R,4917853.0,4918577 726 972.0 584.5 971.0 501.8 2.24 1513
SFIX R,4918579.0,
EFIX R,4918579.0,4918669 92 972.5 500.4 1154
SSACC R,4918671.0,
ESACC R,4918671.0,4918731 62 970.7 498.2 973.0 493.3 0.15 82
SFIX R,4918733.0,
EFIX R,4918733.0,4918821 90 971.7 500.7 1181
SSACC R,4918823.0,
SBLINK R,4919915.0,
EBLINK R,4919915.0,4920241 328
ESACC R,4918823.0,4921171 2350 972.0 499.2 1012.8 583.8 2.55 1308
SFIX R,4921173.0,
EFIX R,4921173.0,4921197 26 1012.9 585.2 1302
SSACC R,4921199.0,
ESACC R,4921199.0,4921287 90 1015.2 585.1 1015.9 555.1 0.81 244
SFIX R,4921289.0,
EFIX R,4921289.0,4921311 24 1013.6 560.8 1300
SSACC R,4921313.0,
ESACC R,4921313.0,4921325 14 1009.8 554.8 1014.9 570.7 0.45 60
SFIX R,4921327.0,
EFIX R,4921327.0,4921395 70 1013.9 567.3 1289
SSACC R,4921397.0,
SBLINK R,4921541.0,
EBLINK R,4921541.0,4921823 284
ESACC R,4921397.0,4922001 606 1014.0 556.9 1027.7 532.1 0.77 649
SFIX R,4922003.0,
EFIX R,4922003.0,4922031 30 1032.3 516.7 1357
SSACC R,4922033.0,
ESACC R,4922033.0,4922227 196 1030.0 501.8 1027.7 473.7 0.76 99
SFIX R,4922229.0,
EFIX R,4922229.0,4922321 94 1035.1 465.1 1418
SSACC R,4922323.0,
SBLINK R,4923125.0,
EBLINK R,4923125.0,4923475 352
ESACC R,4922323.0,4924477 2156 1052.1 472.7 1055.9 491.2 0.51 845
SFIX R,4924479.0,
EFIX R,4924479.0,4924503 26 1053.0 482.7 1458
SSACC R,4924505.0,
ESACC R,4924505.0,4924877 374 1049.0 472.9 1037.7 492.5 0.61 140
SFIX R,4924879.0,
EFIX R,4924879.0,4924929 52 1039.9 498.9 1421
SSACC R,4924931.0,
ESACC R,4924931.0,4925091 162 1045.3 495.7 1013.0 480.3 0.97 118
SFIX R,4925093.0,
EFIX R,4925093.0,4925167 76 1011.5 491.9 1412
SSACC R,4925169.0,
ESACC R,4925169.0,4925185 18 1012.6 489.9 1013.1 492.8 0.08 93
SFIX R,4925187.0,
EFIX R,4925187.0,4925389 204 1014.2 499.0 1390
SSACC R,4925391.0,
ESACC R,4925391.0,4925449 60 1011.4 487.8 1012.7 503.4 0.42 69
SFIX R,4925451.0,
EFIX R,4925451.0,4925475 26 1012.6 507.3 1355
SSACC R,4925477.0,
ESACC R,4925477.0,4925545 70 1020.7 505.7 1031.6 503.5 0.30 73
SFIX R,4925547.0,
EFIX R,4925547.0,4925671 126 1031.6 514.8 1329
SSACC R,4925673.0,
SBLINK R,4925739.0,
EBLINK R,4925739.0,4927985 2248
ESACC R,4925673.0,4928869 3198 1031.3 533.3 996.3 528.1 0.96 1539
SFIX R,4928871.0,
EFIX R,4928871.0,4928947 78 994.5 509.5 1137
SSACC R,4928949.0,
ESACC R,4928949.0,4929079 132 995.4 521.0 1090.5 510.0 2.59 233
SFIX R,4929081.0,
EFIX R,4929081.0,4929103 24 1091.3 513.0 1120
SSACC R,4929105.0,
SBLINK R,4929175.0,
EBLINK R,4929175.0,4929753 580
ESACC R,4929105.0,4930265 1162 1088.1 513.2 1001.3 464.8 2.69 2249
SFIX R,4930267.0,
EFIX R,4930267.0,4930337 72 1001.2 459.2 1255
SSACC R,4930339.0,
ESACC R,4930339.0,4930419 82 1001.8 464.7 1001.2 479.1 0.39 78
SFIX R,4930421.0,
EFIX R,4930421.0,4930483 64 1003.7 486.5 1225
SSACC R,4930485.0,
ESACC R,4930485.0,4930537 54 1001.2 490.7 1020.4 485.4 0.54 77
SFIX R,4930539.0,
EFIX R,4930539.0,4930767 230 1019.3 490.3 1203
SSACC R,4930769.0,
ESACC R,4930769.0,4930775 8 1021.3 490.8 1017.5 490.1 0.10 52
SFIX R,4930777.0,
EFIX R,4930777.0,4931005 230 1016.1 494.4 1200
SSACC R,4931007.0,
ESACC R,4931007.0,4931069 64 1039.5 503.2 1031.3 512.6 0.34 88
SFIX R,4931071.0,
EFIX R,4931071.0,4931111 42 1030.7 500.6 1225
SSACC R,4931113.0,
ESACC R,4931113.0,4931161 50 1032.0 486.1 1030.3 509.3 0.63 86
SFIX R,4931163.0,
EFIX R,4931163.0,4931193 32 1028.5 509.1 1245
SSACC R,4931195.0,
SBLINK R,4933307.0,
EBLINK R,4933307.0,4935859 2554
ESACC R,4931195.0,4938491 7298 1025.2 503.5 1030.2 412.9 2.46 689
SFIX R,4938493.0,
EFIX R,4938493.0,4938611 120 1025.4 410.8 1739
SSACC R,4938613.0,
ESACC R,4938613.0,4938791 180 1024.0 410.2 1025.2 432.5 0.60 188
SFIX R,4938793.0,
EFIX R,4938793.0,4938881 90 1015.8 442.0 1569
SSACC R,4938883.0,
ESACC R,4938883.0,4938919 38 1010.9 455.7 971.9 441.9 1.12 112
SFIX R,4938921.0,
EFIX R,4938921.0,4939015 96 983.6 458.4 1527
SSACC R,4939017.0,
ESACC R,4939017.0,4939047 32 987.4 462.0 982.3 470.0 0.26 82
SFIX R,4939049.0,
EFIX R,4939049.0,4939187 140 997.2 470.4 1505
SSACC R,4939189.0,
ESACC R,4939189.0,4939203 16 1006.7 471.3 1005.3 489.8 0.50 138
SFIX R,4939205.0,
EFIX R,4939205.0,4939241 38 1011.0 488.5 1485
SSACC R,4939243.0,
SBLINK R,4939603.0,
EBLINK R,4939603.0,4939883 282
ESACC R,4939243.0,4940061 820 1008.9 499.0 990.8 490.5 0.54 651
SFIX R,4940063.0,
EFIX R,4940063.0,4940097 36 985.3 473.1 1427
SSACC R,4940099.0,
ESACC R,4940099.0,4940135 38 986.1 472.3 984.2 448.8 0.64 84
SFIX R,4940137.0,
EFIX R,4940137.0,4940673 538 985.5 477.5 1381
SSACC R,4940675.0,
ESACC R,4940675.0,4940689 16 986.7 513.6 987.1 495.4 0.49 85
SFIX R,4940691.0,
EFIX R,4940691.0,4941285 596 998.7 490.1 1302
SSACC R,4941287.0,
ESACC R,4941287.0,4941325 40 1000.3 479.8 1001.1 469.5 0.28 63
SFIX R,4941327.0,
EFIX R,4941327.0,4941511 186 1002.2 488.6 1351
SSACC R,4941513.0,
ESACC R,4941513.0,4942291 780 1000.8 497.8 1022.2 577.7 2.24 163
SFIX R,4942293.0,
EFIX R,4942293.0,4942317 26 1026.2 566.7 1367
SSACC R,4942319.0,
SBLINK R,4942823.0,
EBLINK R,4942823.0,4943487 666
ESACC R,4942319.0,4943959 1642 1027.7 548.0 994.7 464.2 2.44 1034
SFIX R,4943961.0,
EFIX R,4943961.0,4944155 196 998.3 475.5 1301
SSACC R,4944157.0,
ESACC R,4944157.0,4944179 24 1001.7 479.7 1035.0 488.5 0.93 110
SFIX R,4944181.0,
EFIX R,4944181.0,4944329 150 1027.1 490.5 1247
SSACC R,4944331.0,
ESACC R,4944331.0,4944343 14 1031.5 481.2 1031.4 500.3 0.52 69
SFIX R,4944345.0,
EFIX R,4944345.0,4944377 34 1030.0 486.5 1240
SSACC R,4944379.0,
ESACC R,4944379.0,4944515 138 1030.8 479.8 1037.5 511.3 0.87 105
SFIX R,4944517.0,
EFIX R,4944517.0,4944603 88 1034.5 515.2 1209
SSACC R,4944605.0,
ESACC R,4944605.0,4944609 6 1038.4 495.3 1038.9 509.3 0.38 65
SFIX R,4944611.0,
EFIX R,4944611.0,4944689 80 1036.2 519.0 1205
SSACC R,4944691.0,
ESACC R,4944691.0,4944779 90 1036.6 533.0 1043.7 512.4 0.59 116
SFIX R,4944781.0,
EFIX R,4944781.0,4944835 56 1042.3 524.5 1218
SSACC R,4944837.0,
SBLINK R,4947067.0,
EBLINK R,4947067.0,4947393 328
ESACC R,4944837.0,4948493 3658 1036.5 559.5 1022.7 534.4 0.78 716
SFIX R,4948495.0,
EFIX R,4948495.0,4948535 42 1021.0 534.5 1173
SSACC R,4948537.0,
SBLINK R,4951943.0,
EBLINK R,4951943.0,4952377 436
ESACC R,4948537.0,4953057 4522 1022.8 539.1 1054.6 483.5 1.74 542
SFIX R,4953059.0,
EFIX R,4953059.0,4953083 26 1052.6 472.6 1225
SSACC R,4953085.0,
ESACC R,4953085.0,4953171 88 1051.9 477.0 1052.3 484.3 0.20 77
SFIX R,4953173.0,
EFIX R,4953173.0,4953299 128 1054.0 476.7 1190
SSACC R,4953301.0,
ESACC R,4953301.0,4953609 310 1053.1 462.9 1065.0 468.6 0.36 159
SFIX R,4953611.0,
EFIX R,4953611.0,4953691 82 1069.7 464.1 1199
SSACC R,4953693.0,
SBLINK R,4957045.0,
EBLINK R,4957045.0,4957589 546
ESACC R,4953693.0,4958039 4348 1068.4 483.9 1076.9 451.5 0.91 558
SFIX R,4958041.0,
EFIX R,4958041.0,4958067 28 1072.6 462.9 1295
SSACC R,4958069.0,
ESACC R,4958069.0,4958117 50 1070.8 477.4 1067.1 496.2 0.52 85
SFIX R,4958119.0,
EFIX R,4958119.0,4958299 182 1059.0 488.3 1204
SSACC R,4958301.0,
ESACC R,4958301.0,4958349 50 1061.4 483.3 1053.8 472.0 0.37 68
SFIX R,4958351.0,
EFIX R,4958351.0,4958639 290 1049.0 461.4 1169
SSACC R,4958641.0,
ESACC R,4958641.0,4958645 6 1049.3 453.3 1047.9 448.8 0.13 38
SFIX R,4958647.0,
EFIX R,4958647.0,4958839 194 1043.6 433.7 1195
SSACC R,4958841.0,
ESACC R,4958841.0,4958881 42 1041.1 411.3 1060.3 454.0 1.27 88
SFIX R,4958883.0,
EFIX R,4958883.0,4959121 240 1053.7 437.8 1287
SSACC R,4959123.0,
ESACC R,4959123.0,4959217 96 1051.1 439.3 1026.7 432.0 0.69 112
SFIX R,4959219.0,
EFIX R,4959219.0,4959297 80 1030.1 422.7 1397
SSACC R,4959299.0,
ESACC R,4959299.0,4959367 70 1031.8 412.3 1032.7 435.3 0.62 94
SFIX R,4959369.0,
EFIX R,4959369.0,4959429 62 1033.3 437.3 1426
SSACC R,4959431.0,
ESACC R,4959431.0,4959711 282 1033.0 441.5 1044.1 490.1 1.35 116
SFIX R,4959713.0,
EFIX R,4959713.0,4959737 26 1042.9 472.2 1436
SSACC R,4959739.0,
ESACC R,4959739.0,4959873 136 1041.5 473.8 1045.9 492.2 0.51 143
SFIX R,4959875.0,
EFIX R,4959875.0,4959907 34 1045.8 502.7 1421
SSACC R,4959909.0,
ESACC R,4959909.0,4959955 48 1047.1 502.1 1047.8 495.4 0.18 120
SFIX R,4959957.0,
EFIX R,4959957.0,4959989 34 1050.8 505.1 1421
SSACC R,4959991.0,
ESACC R,4959991.0,4960109 120 1052.2 515.7 1053.9 515.3 0.05 112
SFIX R,4960111.0,
EFIX R,4960111.0,4960147 38 1054.3 523.6 1393
SSACC R,4960149.0,
ESACC R,4960149.0,4961707 1560 1057.7 519.6 1058.8 594.2 2.02 288
SFIX R,4961709.0,
EFIX R,4961709.0,4961741 34 1057.8 591.6 1257
SSACC R,4961743.0,
SBLINK R,4962803.0,
EBLINK R,4962803.0,4963115 314
ESACC R,4961743.0,4963313 1572 1056.2 603.4 1027.9 443.1 4.41 860
SFIX R,4963315.0,
EFIX R,4963315.0,4963463 150 1025.8 438.4 1414
SSACC R,4963465.0,
ESACC R,4963465.0,4963639 176 1024.1 437.2 1042.6 471.2 1.05 137
SFIX R,4963641.0,
EFIX R,4963641.0,4963689 50 1040.7 474.1 1272
SSACC R,4963691.0,
ESACC R,4963691.0,4963823 134 1040.6 464.8 1032.0 491.6 0.76 71
SFIX R,4963825.0,
EFIX R,4963825.0,4963857 34 1030.6 491.2 1151
SSACC R,4963859.0,
ESACC R,4963859.0,4964019 162 1029.3 500.1 1026.3 491.0 0.26 97
SFIX R,4964021.0,
EFIX R,4964021.0,4964127 108 1026.8 496.6 1101
SSACC R,4964129.0,
ESACC R,4964129.0,4964141 14 1026.3 495.2 1025.4 482.7 0.34 59
SFIX R,4964143.0,
EFIX R,4964143.0,4964159 18 1025.5 494.1 1104
SSACC R,4964161.0,
ESACC R,4964161.0,4964193 34 1025.5 486.6 1023.6 484.2 0.08 88
SFIX R,4964195.0,
EFIX R,4964195.0,4964269 76 1021.5 492.4 1115
SSACC R,4964271.0,
ESACC R,4964271.0,4964289 20 1016.8 490.1 1061.8 495.3 1.23 116
SFIX R,4964291.0,
EFIX R,4964291.0,4964363 74 1046.3 498.7 1128
SSACC R,4964365.0,
ESACC R,4964365.0,4964457 94 1047.2 509.6 1045.1 494.0 0.43 95
SFIX R,4964459.0,
EFIX R,4964459.0,4964537 80 1044.2 503.7 1178
SSACC R,4964539.0,
ESACC R,4964539.0,4964573 36 1045.8 516.8 1030.5 505.7 0.51 74
SFIX R,4964575.0,
EFIX R,4964575.0,4964623 50 1032.0 498.6 1213
SSACC R,4964625.0,
ESACC R,4964625.0,4964641 18 1032.9 488.1 1030.3 507.1 0.52 103
SFIX R,4964643.0,
EFIX R,4964643.0,4964663 22 1034.1 506.8 1223
SSACC R,4964665.0,
SBLINK R,4964777.0,
EBLINK R,4964777.0,4966603 1828
ESACC R,4964665.0,4967235 2572 1030.8 500.4 1037.0 513.4 0.39 1614
SFIX R,4967237.0,
EFIX R,4967237.0,4967283 48 1034.0 516.2 1126
SSACC R,4967285.0,
ESACC R,4967285.0,4967293 10 1032.9 524.5 1033.2 504.2 0.55 60
SFIX R,4967295.0,
EFIX R,4967295.0,4967341 48 1032.3 508.9 1123
SSACC R,4967343.0,
ESACC R,4967343.0,4967411 70 1033.5 511.6 1033.4 509.1 0.07 53
SFIX R,4967413.0,
EFIX R,4967413.0,4967441 30 1034.5 507.1 1120
SSACC R,4967443.0,
ESACC R,4967443.0,4967503 62 1034.3 507.8 1022.4 502.1 0.36 65
SFIX R,4967505.0,
EFIX R,4967505.0,4967607 104 1023.2 500.8 1124
SSACC R,4967609.0,
ESACC R,4967609.0,4967631 24 1024.5 496.4 1027.1 498.8 0.10 92
SFIX R,4967633.0,
EFIX R,4967633.0,4967669 38 1026.5 499.3 1126
SSACC R,4967671.0,
ESACC R,4967671.0,4967711 42 1027.0 491.0 1032.1 498.5 0.25 76
SFIX R,4967713.0,
EFIX R,4967713.0,4967797 86 1031.2 504.4 1125
SSACC R,4967799.0,
ESACC R,4967799.0,4967807 10 1033.4 519.0 1031.2 481.5 1.02 99
SFIX R,4967809.0,
EFIX R,4967809.0,4967829 22 1032.9 492.2 1135
SSACC R,4967831.0,
ESACC R,4967831.0,4967883 54 1033.7 497.0 1038.0 497.8 0.12 88
SFIX R,4967885.0,
EFIX R,4967885.0,4967925 42 1036.7 490.8 1134
SSACC R,4967927.0,
ESACC R,4967927.0,4968003 78 1038.8 477.0 1043.2 494.1 0.48 93
SFIX R,4968005.0,
EFIX R,4968005.0,4968077 74 1044.2 488.1 1151
SSACC R,4968079.0,
SBLINK R,4970267.0,
EBLINK R,4970267.0,4972025 1760
ESACC R,4968079.0,4972855 4778 1044.4 496.8 1037.2 484.4 0.39 1894
SFIX R,4972857.0,
EFIX R,4972857.0,4972905 50 1037.1 482.2 1246
SSACC R,4972907.0,
ESACC R,4972907.0,4972923 18 1035.8 494.8 1039.7 464.5 0.83 63
SFIX R,4972925.0,
EFIX R,4972925.0,4973073 150 1039.1 474.8 1243
SSACC R,4973075.0,
SBLINK R,4974177.0,
EBLINK R,4974177.0,4974463 288
ESACC R,4973075.0,4975109 2036 1037.1 481.0 1029.4 498.4 0.52 511
SFIX R,4975111.0,
EFIX R,4975111.0,4975141 32 1032.9 492.3 1377
SSACC R,4975143.0,
SBLINK R,4977409.0,
EBLINK R,4977409.0,4977737 330
ESACC R,4975143.0,4978589 3448 1036.7 489.5 1059.5 484.6 0.63 649
SFIX R,4978591.0,
EFIX R,4978591.0,4978669 80 1058.7 471.4 1344
SSACC R,4978671.0,
ESACC R,4978671.0,4978727 58 1059.1 463.6 1039.0 455.6 0.59 101
SFIX R,4978729.0,
EFIX R,4978729.0,4978809 82 1041.8 453.0 1350
SSACC R,4978811.0,
ESACC R,4978811.0,4978853 44 1036.9 465.3 1036.4 456.0 0.25 88
SFIX R,4978855.0,
EFIX R,4978855.0,4978875 22 1039.7 450.2 1355
SSACC R,4978877.0,
ESACC R,4978877.0,4978913 38 1039.9 447.1 1043.5 447.5 0.10 107
SFIX R,4978915.0,
EFIX R,4978915.0,4978945 32 1040.1 436.8 1366
SSACC R,4978947.0,
SBLINK R,4981359.0,
EBLINK R,4981359.0,4984561 3204
ESACC R,4978947.0,4985271 6326 1037.4 424.9 1017.0 539.5 3.15 516
SFIX R,4985273.0,
EFIX R,4985273.0,4985393 122 1016.6 538.1 1067
SSACC R,4985395.0,
ESACC R,4985395.0,4985417 24 1017.8 532.0 1016.5 549.1 0.46 105
SFIX R,4985419.0,
EFIX R,4985419.0,4985501 84 1016.1 537.6 1044
SSACC R,4985503.0,
ESACC R,4985503.0,4985733 232 1018.1 527.5 1013.1 582.4 1.49 110
SFIX R,4985735.0,
EFIX R,4985735.0,4985773 40 1019.0 583.4 1041
SSACC R,4985775.0,
SBLINK R,4986267.0,
EBLINK R,4986267.0,4996499 10234
ESACC R,4985775.0,4996987 11214 1019.6 586.9 1031.3 457.9 3.51 2027
SFIX R,4996989.0,
EFIX R,4996989.0,4997011 24 1031.4 467.2 1263
SSACC R,4997013.0,
ESACC R,4997013.0,4997087 76 1029.0 477.5 1029.2 457.0 0.56 71
SFIX R,4997089.0,
EFIX R,4997089.0,4997131 44 1028.9 456.9 1224
SSACC R,4997133.0,
ESACC R,4997133.0,4997223 92 1039.5 447.8 1031.8 474.7 0.76 85
SFIX R,4997225.0,
EFIX R,4997225.0,4997257 34 1034.5 484.5 1159
SSACC R,4997259.0,
SBLINK R,4997333.0,
EBLINK R,4997333.0,4997607 276
ESACC R,4997259.0,4997835 578 1036.9 487.2 1128.3 438.0 2.81 2540
SFIX R,4997837.0,
EFIX R,4997837.0,4997913 78 1127.0 422.7 1005
SSACC R,4997915.0,
ESACC R,4997915.0,4997989 76 1127.4 409.2 1024.0 459.1 3.10 166
SFIX R,4997991.0,
EFIX R,4997991.0,4998015 26 1026.1 457.7 1039
SSACC R,4998017.0,
ESACC R,4998017.0,4998037 22 1029.3 450.0 1030.9 449.3 0.05 71
SFIX R,4998039.0,
EFIX R,4998039.0,4998145 108 1031.7 448.4 1053
SSACC R,4998147.0,
ESACC R,4998147.0,4998187 42 1038.7 435.4 1015.7 457.0 0.85 86
SFIX R,4998189.0,
EFIX R,4998189.0,4998269 82 1019.2 458.8 1068
SSACC R,4998271.0,
ESACC R,4998271.0,4998477 208 1018.5 477.2 1054.8 483.2 1.00 136
SFIX R,4998479.0,
EFIX R,4998479.0,4998513 36 1052.1 492.4 1073
SSACC R,4998515.0,
ESACC R,4998515.0,4998555 42 1051.4 488.9 1030.4 484.0 0.58 113
SFIX R,4998557.0,
EFIX R,4998557.0,4998617 62 1033.5 497.0 1083
SSACC R,4998619.0,
ESACC R,4998619.0,4998745 128 1030.5 501.7 1032.0 543.2 1.13 146
SFIX R,4998747.0,
EFIX R,4998747.0,4998773 28 1038.2 543.2 1073
SSACC R,4998775.0,
SBLINK R,4999219.0,
EBLINK R,4999219.0,4999729 512
ESACC R,4998775.0,5000301 1528 1034.4 551.3 1080.2 529.7 1.37 1678
SFIX R,5000303.0,
EFIX R,5000303.0,5000341 40 1081.2 528.9 1212
SSACC R,5000343.0,
SBLINK R,5000657.0,
EBLINK R,5000657.0,5000967 312
ESACC R,5000343.0,5001175 834 1086.1 525.7 1064.9 382.8 3.90 1925
SFIX R,5001177.0,
EFIX R,5001177.0,5001205 30 1062.9 384.4 1199
SSACC R,5001207.0,
ESACC R,5001207.0,5001327 122 1062.6 370.1 1028.1 436.0 2.01 138
SFIX R,5001329.0,
EFIX R,5001329.0,5001363 36 1026.5 434.9 1217
SSACC R,5001365.0,
ESACC R,5001365.0,5001419 56 1026.5 445.4 1022.4 440.4 0.17 64
SFIX R,5001421.0,
EFIX R,5001421.0,5001603 184 1024.1 468.8 1197
SSACC R,5001605.0,
ESACC R,5001605.0,5001639 36 1032.0 487.5 1027.5 502.6 0.43 76
SFIX R,5001641.0,
EFIX R,5001641.0,5001705 66 1032.3 496.2 1142
SSACC R,5001707.0,
ESACC R,5001707.0,5001761 56 1035.6 498.5 1041.6 484.6 0.41 83
SFIX R,5001763.0,
EFIX R,5001763.0,5001783 22 1039.4 483.9 1117
SSACC R,5001785.0,
ESACC R,5001785.0,5001827 44 1038.1 488.0 1038.9 482.6 0.15 74
SFIX R,5001829.0,
EFIX R,5001829.0,5002157 330 1041.7 487.6 1104
SSACC R,5002159.0,
ESACC R,5002159.0,5002175 18 1040.8 474.5 1038.9 484.8 0.28 75
SFIX R,5002177.0,
EFIX R,5002177.0,5002361 186 1035.4 479.0 1145
SSACC R,5002363.0,
ESACC R,5002363.0,5002395 34 1032.2 471.4 1065.7 484.4 0.97 116
SFIX R,5002397.0,
EFIX R,5002397.0,5002425 30 1066.7 483.3 1165
SSACC R,5002427.0,
ESACC R,5002427.0,5002509 84 1066.9 474.7 1062.4 492.8 0.51 106
SFIX R,5002511.0,
EFIX R,5002511.0,5002563 54 1060.1 489.9 1152
SSACC R,5002565.0,
ESACC R,5002565.0,5002609 46 1059.0 488.8 1037.2 493.2 0.60 89
SFIX R,5002611.0,
EFIX R,5002611.0,5002647 38 1033.8 496.9 1141
SSACC R,5002649.0,
ESACC R,5002649.0,5002733 86 1029.7 502.5 1027.8 515.2 0.35 91
SFIX R,5002735.0,
EFIX R,5002735.0,5002751 18 1029.3 507.5 1135
SSACC R,5002753.0,
ESACC R,5002753.0,5002801 50 1029.9 511.8 1028.6 504.0 0.21 59
SFIX R,5002803.0,
EFIX R,5002803.0,5002829 28 1029.0 504.6 1148
SSACC R,5002831.0,
SBLINK R,5003055.0,
EBLINK R,5003055.0,5003417 364
ESACC R,5002831.0,5003907 1078 1029.8 506.1 1028.5 483.4 0.62 1414
SFIX R,5003909.0,
EFIX R,5003909.0,5003945 38 1027.5 471.5 1342
SSACC R,5003947.0,
ESACC R,5003947.0,5004123 178 1029.1 482.7 1030.2 436.5 1.25 118
SFIX R,5004125.0,
EFIX R,5004125.0,5004291 168 1025.9 451.0 1303
SSACC R,5004293.0,
ESACC R,5004293.0,5004321 30 1038.0 451.1 1032.6 472.5 0.60 77
SFIX R,5004323.0,
EFIX R,5004323.0,5004385 64 1035.0 487.1 1265
SSACC R,5004387.0,
ESACC R,5004387.0,5004499 114 1035.3 492.8 1036.0 500.7 0.21 90
SFIX R,5004501.0,
EFIX R,5004501.0,5004577 78 1041.1 494.0 1239
SSACC R,5004579.0,
SBLINK R,5004973.0,
EBLINK R,5004973.0,5005283 312
ESACC R,5004579.0,5005547 970 1039.1 486.6 1059.9 404.6 2.29 529
SFIX R,5005549.0,
EFIX R,5005549.0,5005573 26 1058.6 414.8 1483
SSACC R,5005575.0,
ESACC R,5005575.0,5005631 58 1056.7 413.5 1054.7 427.2 0.37 85
SFIX R,5005633.0,
EFIX R,5005633.0,5005671 40 1051.8 428.0 1472
SSACC R,5005673.0,
ESACC R,5005673.0,5005785 114 1049.4 425.9 1053.4 473.4 1.29 114
SFIX R,5005787.0,
EFIX R,5005787.0,5005933 148 1059.8 467.6 1422
SSACC R,5005935.0,
ESACC R,5005935.0,5005951 18 1061.6 461.3 1064.6 471.0 0.27 103
SFIX R,5005953.0,
EFIX R,5005953.0,5006049 98 1066.9 462.1 1428
SSACC R,5006051.0,
ESACC R,5006051.0,5006083 34 1072.1 463.1 1072.8 457.0 0.17 87
SFIX R,5006085.0,
EFIX R,5006085.0,5006173 90 1076.1 456.3 1439
SSACC R,5006175.0,
ESACC R,5006175.0,5006285 112 1081.2 487.9 1045.6 471.0 1.07 147
SFIX R,5006287.0,
EFIX R,5006287.0,5006359 74 1048.3 456.4 1464
SSACC R,5006361.0,
ESACC R,5006361.0,5006465 106 1048.1 448.3 1053.2 420.5 0.76 75
SFIX R,5006467.0,
EFIX R,5006467.0,5006603 138 1057.1 443.1 1533
SSACC R,5006605.0,
ESACC R,5006605.0,5006639 36 1062.7 457.7 1057.3 448.3 0.29 65
SFIX R,5006641.0,
EFIX R,5006641.0,5006829 190 1054.1 434.1 1602
SSACC R,5006831.0,
ESACC R,5006831.0,5007093 264 1043.3 415.8 1082.3 405.3 1.09 154
SFIX R,5007095.0,
EFIX R,5007095.0,5007127 34 1083.9 410.3 1722
SSACC R,5007129.0,
ESACC R,5007129.0,5007189 62 1086.8 410.3 1087.9 402.4 0.21 125
SFIX R,5007191.0,
EFIX R,5007191.0,5007233 44 1087.7 413.2 1725
SSACC R,5007235.0,
ESACC R,5007235.0,5007329 96 1089.5 408.4 1087.5 411.3 0.09 100
SFIX R,5007331.0,
EFIX R,5007331.0,5007651 322 1082.7 436.1 1682
SSACC R,5007653.0,
ESACC R,5007653.0,5007759 108 1089.3 459.6 1103.1 452.2 0.42 104
SFIX R,5007761.0,
EFIX R,5007761.0,5007903 144 1112.5 447.6 1718
SSACC R,5007905.0,
ESACC R,5007905.0,5007925 22 1122.1 438.0 1129.9 458.1 0.58 68
SFIX R,5007927.0,
EFIX R,5007927.0,5008189 264 1129.9 459.0 1753
SSACC R,5008191.0,
ESACC R,5008191.0,5008215 26 1130.9 452.0 1128.3 463.7 0.32 76
SFIX R,5008217.0,
EFIX R,5008217.0,5008337 122 1128.6 464.8 1766
SSACC R,5008339.0,
ESACC R,5008339.0,5008375 38 1126.3 451.7 1091.3 455.3 0.95 117
SFIX R,5008377.0,
EFIX R,5008377.0,5008489 114 1085.3 457.0 1754
SSACC R,5008491.0,
ESACC R,5008491.0,5008551 62 1083.2 453.2 1081.3 459.7 0.18 75
SFIX R,5008553.0,
EFIX R,5008553.0,5008719 168 1078.0 465.2 1687
SSACC R,5008721.0,
ESACC R,5008721.0,5008743 24 1078.2 474.8 1080.3 480.4 0.16 61
SFIX R,5008745.0,
EFIX R,5008745.0,5008903 160 1078.5 475.9 1638
SSACC R,5008905.0,
SBLINK R,5008953.0,
EBLINK R,5008953.0,5009119 168
ESACC R,5008905.0,5009269 366 1077.6 466.9 1080.9 424.4 1.15 1175
SFIX R,5009271.0,
EFIX R,5009271.0,5009793 524 1067.8 455.3 1548
SSACC R,5009795.0,
ESACC R,5009795.0,5009801 8 1052.9 479.4 1047.4 487.2 0.26 50
SFIX R,5009803.0,
EFIX R,5009803.0,5010145 344 1049.2 505.7 1407
SSACC R,5010147.0,
SBLINK R,5010185.0,
EBLINK R,5010185.0,5010453 270
ESACC R,5010147.0,5010577 432 1055.3 497.7 1065.5 428.0 1.91 934
SFIX R,5010579.0,
EFIX R,5010579.0,5010757 180 1064.8 445.5 1397
SSACC R,5010759.0,
ESACC R,5010759.0,5010787 30 1066.2 455.4 1087.8 480.0 0.88 120
SFIX R,5010789.0,
EFIX R,5010789.0,5010991 204 1082.7 486.4 1349
SSACC R,5010993.0,
ESACC R,5010993.0,5011009 18 1071.3 497.1 1033.3 492.2 1.04 99
SFIX R,5011011.0,
EFIX R,5011011.0,5011263 254 1043.5 503.1 1268
SSACC R,5011265.0,
SBLINK R,5011323.0,
EBLINK R,5011323.0,5011635 314
ESACC R,5011265.0,5011849 586 1043.4 499.7 1015.1 466.7 1.18 2003
SFIX R,5011851.0,
EFIX R,5011851.0,5012031 182 1020.0 462.0 1157
SSACC R,5012033.0,
ESACC R,5012033.0,5012057 26 1027.7 478.8 1035.5 489.5 0.36 58
SFIX R,5012059.0,
EFIX R,5012059.0,5012251 194 1037.8 497.0 1166
SSACC R,5012253.0,
ESACC R,5012253.0,5012269 18 1036.4 500.8 1028.4 488.4 0.40 71
SFIX R,5012271.0,
EFIX R,5012271.0,5012863 594 1032.1 500.2 1131
SSACC R,5012865.0,
ESACC R,5012865.0,5012891 28 1053.4 488.5 1040.7 470.3 0.60 58
SFIX R,5012893.0,
EFIX R,5012893.0,5012963 72 1044.6 470.9 1180
SSACC R,5012965.0,
ESACC R,5012965.0,5012971 8 1049.9 443.2 1050.5 456.3 0.35 69
SFIX R,5012973.0,
EFIX R,5012973.0,5013091 120 1061.9 451.6 1210
SSACC R,5013093.0,
ESACC R,5013093.0,5013109 18 1065.6 448.8 1026.6 431.5 1.15 87
SFIX R,5013111.0,
EFIX R,5013111.0,5013199 90 1036.8 444.9 1225
SSACC R,5013201.0,
ESACC R,5013201.0,5013205 6 1038.6 458.3 1034.6 441.7 0.46 44
SFIX R,5013207.0,
EFIX R,5013207.0,5013283 78 1031.9 442.0 1234
SSACC R,5013285.0,
ESACC R,5013285.0,5013289 6 1026.3 439.1 1028.7 449.7 0.29 61
SFIX R,5013291.0,
EFIX R,5013291.0,5013447 158 1028.2 450.5 1244
SSACC R,5013449.0,
SBLINK R,5013507.0,
EBLINK R,5013507.0,5013861 356
ESACC R,5013449.0,5014051 604 1045.0 461.6 1033.9 455.7 0.34 735
SFIX R,5014053.0,
EFIX R,5014053.0,5014187 136 1033.5 448.4 1265
SSACC R,5014189.0,
ESACC R,5014189.0,5014229 42 1035.4 454.0 1035.4 446.1 0.21 64
SFIX R,5014231.0,
EFIX R,5014231.0,5014329 100 1034.9 454.3 1288
SSACC R,5014331.0,
ESACC R,5014331.0,5014371 42 1034.7 472.0 1014.6 458.3 0.66 90
SFIX R,5014373.0,
EFIX R,5014373.0,5014435 64 1015.1 470.6 1277
SSACC R,5014437.0,
ESACC R,5014437.0,5014483 48 1011.8 475.8 1015.8 481.3 0.18 90
SFIX R,5014485.0,
EFIX R,5014485.0,5014603 120 1014.2 488.8 1251
SSACC R,5014605.0,
ESACC R,5014605.0,5014627 24 1017.0 486.5 1022.7 491.3 0.20 65
SFIX R,5014629.0,
EFIX R,5014629.0,5015071 444 1025.5 499.1 1216
SSACC R,5015073.0,
ESACC R,5015073.0,5015083 12 1018.6 489.3 999.5 469.1 0.75 91
SFIX R,5015085.0,
EFIX R,5015085.0,5015421 338 1003.5 464.9 1245
SSACC R,5015423.0,
ESACC R,5015423.0,5015467 46 1000.6 466.5 1022.6 484.2 0.77 65
SFIX R,5015469.0,
EFIX R,5015469.0,5015511 44 1019.3 487.5 1291
SSACC R,5015513.0,
ESACC R,5015513.0,5015621 110 1018.3 489.6 1002.1 498.6 0.50 107
SFIX R,5015623.0,
EFIX R,5015623.0,5015677 56 998.4 515.1 1317
SSACC R,5015679.0,
ESACC R,5015679.0,5015703 26 999.4 493.9 1005.7 545.7 1.41 86
SFIX R,5015705.0,
EFIX R,5015705.0,5015743 40 1006.8 543.9 1317
SSACC R,5015745.0,
SBLINK R,5015853.0,
EBLINK R,5015853.0,5016199 348
ESACC R,5015745.0,5016719 976 1013.2 546.5 1035.9 467.9 2.22 960
SFIX R,5016721.0,
EFIX R,5016721.0,5016767 48 1036.7 471.0 1280
SSACC R,5016769.0,
ESACC R,5016769.0,5016789 22 1037.5 463.2 1011.1 474.1 0.77 87
SFIX R,5016791.0,
EFIX R,5016791.0,5016821 32 1016.4 471.5 1269
SSACC R,5016823.0,
ESACC R,5016823.0,5016875 54 1014.1 474.4 1015.8 461.0 0.37 91
SFIX R,5016877.0,
EFIX R,5016877.0,5016917 42 1011.1 459.8 1258
SSACC R,5016919.0,
ESACC R,5016919.0,5016929 12 1010.5 452.4 1010.2 469.7 0.47 61
SFIX R,5016931.0,
EFIX R,5016931.0,5016985 56 1011.8 465.4 1242
SSACC R,5016987.0,
ESACC R,5016987.0,5017031 46 1010.4 471.5 1026.2 488.6 0.63 81
SFIX R,5017033.0,
EFIX R,5017033.0,5017217 186 1028.4 490.1 1191
SSACC R,5017219.0,
ESACC R,5017219.0,5017251 34 1024.4 487.3 1024.9 494.6 0.20 90
SFIX R,5017253.0,
EFIX R,5017253.0,5017429 178 1022.4 483.0 1146
SSACC R,5017431.0,
ESACC R,5017431.0,5017447 18 1027.7 480.1 1028.5 487.6 0.20 75
SFIX R,5017449.0,
EFIX R,5017449.0,5017547 100 1030.8 485.1 1127
SSACC R,5017549.0,
ESACC R,5017549.0,5017579 32 1035.5 498.2 1034.5 485.5 0.35 67
SFIX R,5017581.0,
EFIX R,5017581.0,5017685 106 1036.5 487.1 1120
SSACC R,5017687.0,
SBLINK R,5017767.0,
EBLINK R,5017767.0,5018471 706
ESACC R,5017687.0,5018707 1022 1025.7 496.2 1030.2 489.8 0.21 2030
SFIX R,5018709.0,
EFIX R,5018709.0,5018763 56 1027.9 488.4 1191
SSACC R,5018765.0,
ESACC R,5018765.0,5018789 26 1025.8 488.7 1023.3 478.9 0.27 79
SFIX R,5018791.0,
EFIX R,5018791.0,5018945 156 1024.9 487.3 1190
SSACC R,5018947.0,
ESACC R,5018947.0,5018967 22 1030.2 495.1 1031.2 492.3 0.08 57
SFIX R,5018969.0,
EFIX R,5018969.0,5019283 316 1031.9 498.9 1131
SSACC R,5019285.0,
ESACC R,5019285.0,5019289 6 1027.9 489.6 1026.6 504.8 0.41 55
SFIX R,5019291.0,
EFIX R,5019291.0,5019685 396 1029.8 490.2 1135
SSACC R,5019687.0,
ESACC R,5019687.0,5019701 16 1027.5 469.5 998.2 464.7 0.80 84
SFIX R,5019703.0,
EFIX R,5019703.0,5019833 132 1005.4 476.6 1183
SSACC R,5019835.0,
SBLINK R,5019909.0,
EBLINK R,5019909.0,5020261 354
ESACC R,5019835.0,5020957 1124 1002.6 496.7 999.6 474.2 0.62 1716
SFIX R,5020959.0,
EFIX R,5020959.0,5020979 22 1002.4 463.6 1286
SSACC R,5020981.0,
SBLINK R,5023093.0,
EBLINK R,5023093.0,5030157 7066
ESACC R,5020981.0,5031547 10568 1003.1 458.9 968.4 518.9 1.88 1619
SFIX R,5031549.0,
EFIX R,5031549.0,5031589 42 968.9 516.3 1081
SSACC R,5031591.0,
SBLINK R,5032165.0,
EBLINK R,5032165.0,5042619 10456
ESACC R,5031591.0,5046407 14818 970.5 505.0 943.2 527.1 0.95 1811
SFIX R,5046409.0,
EFIX R,5046409.0,5046439 32 943.0 528.7 1262
SSACC R,5046441.0,
ESACC R,5046441.0,5046453 14 944.0 532.9 941.2 506.1 0.73 62
SFIX R,5046455.0,
EFIX R,5046455.0,5046595 142 940.3 496.5 1254
SSACC R,5046597.0,
ESACC R,5046597.0,5046601 6 939.9 478.8 941.0 494.6 0.43 87
SFIX R,5046603.0,
EFIX R,5046603.0,5046731 130 942.1 501.2 1220
SSACC R,5046733.0,
SBLINK R,5047157.0,
EBLINK R,5047157.0,5051317 4162
ESACC R,5046733.0,5052003 5272 943.1 498.3 994.4 480.7 1.47 1595
SFIX R,5052005.0,
EFIX R,5052005.0,5052025 22 996.0 474.2 1371
SSACC R,5052027.0,
SBLINK R,5052133.0,
EBLINK R,5052133.0,5053015 884
ESACC R,5052027.0,5053257 1232 993.5 461.9 995.7 390.1 1.94 2292
SFIX R,5053259.0,
EFIX R,5053259.0,5053343 86 998.1 376.2 1312
SSACC R,5053345.0,
ESACC R,5053345.0,5053427 84 998.8 357.5 1013.4 435.3 2.14 132
SFIX R,5053429.0,
EFIX R,5053429.0,5053563 136 1014.1 437.2 1320
SSACC R,5053565.0,
ESACC R,5053565.0,5053571 8 1009.4 451.4 1012.9 436.0 0.43 64
SFIX R,5053573.0,
EFIX R,5053573.0,5053745 174 1012.3 462.7 1329
SSACC R,5053747.0,
ESACC R,5053747.0,5054029 284 1009.8 467.6 1014.3 541.5 2.01 202
SFIX R,5054031.0,
EFIX R,5054031.0,5054133 104 1010.5 540.4 1275
SSACC R,5054135.0,
ESACC R,5054135.0,5054617 484 1013.7 561.5 984.2 548.9 0.87 130
SFIX R,5054619.0,
EFIX R,5054619.0,5054695 78 986.3 556.4 1200
SSACC R,5054697.0,
SBLINK R,5055553.0,
EBLINK R,5055553.0,5059435 3884
ESACC R,5054697.0,5059557 4862 987.0 551.8 1015.3 465.5 2.46 1697
SFIX R,5059559.0,
EFIX R,5059559.0,5059579 22 1011.2 449.1 1343
SSACC R,5059581.0,
ESACC R,5059581.0,5059697 118 1006.9 435.4 989.9 431.5 0.47 102
SFIX R,5059699.0,
EFIX R,5059699.0,5059779 82 988.2 438.2 1419
SSACC R,5059781.0,
ESACC R,5059781.0,5059807 28 989.3 441.1 1005.9 458.0 0.64 70
SFIX R,5059809.0,
EFIX R,5059809.0,5059835 28 1002.6 455.6 1423
SSACC R,5059837.0,
ESACC R,5059837.0,5059845 10 1003.1 448.4 1002.8 468.9 0.56 73
SFIX R,5059847.0,
EFIX R,5059847.0,5060019 174 1005.4 472.8 1386
SSACC R,5060021.0,
ESACC R,5060021.0,5060029 10 999.9 494.6 986.5 478.5 0.57 76
SFIX R,5060031.0,
EFIX R,5060031.0,5060053 24 984.0 480.1 1354
SSACC R,5060055.0,
ESACC R,5060055.0,5060081 28 987.9 476.7 984.9 487.0 0.29 80
SFIX R,5060083.0,
EFIX R,5060083.0,5060207 126 983.6 487.8 1335
SSACC R,5060209.0,
ESACC R,5060209.0,5060287 80 983.5 487.6 998.5 489.9 0.41 96
SFIX R,5060289.0,
EFIX R,5060289.0,5060309 22 1001.8 496.8 1305
SSACC R,5060311.0,
SBLINK R,5065723.0,
EBLINK R,5065723.0,5072779 7058
ESACC R,5060311.0,5073445 13136 1000.9 501.5 979.6 495.8 0.60 1662
SFIX R,5073447.0,
EFIX R,5073447.0,5073483 38 981.5 486.1 1343
SSACC R,5073485.0,
ESACC R,5073485.0,5073689 206 983.2 505.8 987.2 478.3 0.75 99
SFIX R,5073691.0,
EFIX R,5073691.0,5073739 50 985.2 483.1 1331
SSACC R,5073741.0,
SBLINK R,5077365.0,
EBLINK R,5077365.0,5084591 7228
ESACC R,5073741.0,5085005 11266 988.1 487.8 970.5 533.5 1.33 728
SFIX R,5085007.0,
EFIX R,5085007.0,5085129 124 966.8 544.0 1353
SSACC R,5085131.0,
SBLINK R,5086165.0,
EBLINK R,5086165.0,5116075 29912
ESACC R,5085131.0,5116361 31232 966.7 571.2 1029.9 309.2 7.27 2591
SFIX R,5116363.0,
EFIX R,5116363.0,5116585 224 1023.1 325.3 1187
SSACC R,5116587.0,
ESACC R,5116587.0,5116627 42 1024.4 335.2 1044.0 361.9 0.89 111
SFIX R,5116629.0,
EFIX R,5116629.0,5116677 50 1042.8 367.8 1167
SSACC R,5116679.0,
ESACC R,5116679.0,5116709 32 1042.9 364.5 1036.5 368.2 0.20 112
SFIX R,5116711.0,
EFIX R,5116711.0,5116863 154 1037.8 385.2 1142
SSACC R,5116865.0,
ESACC R,5116865.0,5116919 56 1039.5 390.4 952.3 460.1 3.02 253
SFIX R,5116921.0,
EFIX R,5116921.0,5116985 66 955.4 459.3 1140
SSACC R,5116987.0,
ESACC R,5116987.0,5116999 14 957.1 453.9 955.9 482.7 0.78 89
SFIX R,5117001.0,
EFIX R,5117001.0,5117045 46 955.7 474.5 1132
SSACC R,5117047.0,
ESACC R,5117047.0,5117089 44 956.9 474.4 955.2 457.3 0.47 74
SFIX R,5117091.0,
EFIX R,5117091.0,5117137 48 955.7 453.2 1151
SSACC R,5117139.0,
ESACC R,5117139.0,5117187 50 955.2 458.3 953.6 444.6 0.37 87
SFIX R,5117189.0,
EFIX R,5117189.0,5117265 78 953.6 443.1 1169
SSACC R,5117267.0,
ESACC R,5117267.0,5117365 100 955.6 437.5 947.4 457.9 0.60 83
SFIX R,5117367.0,
EFIX R,5117367.0,5117415 50 946.8 449.4 1188
SSACC R,5117417.0,
ESACC R,5117417.0,5117543 128 952.7 459.9 956.7 445.1 0.42 120
SFIX R,5117545.0,
EFIX R,5117545.0,5117565 22 954.8 446.5 1214
SSACC R,5117567.0,
ESACC R,5117567.0,5117579 14 955.0 444.4 958.6 431.4 0.37 48
SFIX R,5117581.0,
EFIX R,5117581.0,5117637 58 951.8 452.8 1217
SSACC R,5117639.0,
ESACC R,5117639.0,5117737 100 950.1 486.0 969.1 482.7 0.52 91
SFIX R,5117739.0,
EFIX R,5117739.0,5117773 36 969.8 487.8 1175
SSACC R,5117775.0,
SBLINK R,5120147.0,
EBLINK R,5120147.0,5120459 314
ESACC R,5117775.0,5120819 3046 969.6 483.0 982.9 582.5 2.72 487
SFIX R,5120821.0,
EFIX R,5120821.0,5120847 28 981.9 578.9 1422
SSACC R,5120849.0,
SBLINK R,5125713.0,
EBLINK R,5125713.0,5144223 18512
ESACC R,5120849.0,5144569 23722 976.0 583.3 983.5 480.5 2.79 2123
SFIX R,5144571.0,
EFIX R,5144571.0,5144685 116 979.6 472.6 1170
SSACC R,5144687.0,
SBLINK R,5145327.0,
EBLINK R,5145327.0,5167517 22192
ESACC R,5144687.0,5168595 23910 980.0 464.9 1045.8 591.9 3.88 1703
SFIX R,5168597.0,
EFIX R,5168597.0,5168627 32 1046.0 599.9 1417
SSACC R,5168629.0,
SBLINK R,5170013.0,
EBLINK R,5170013.0,5176129 6118
ESACC R,5168629.0,5176775 8148 1048.1 600.6 1001.5 475.6 3.62 1898
SFIX R,5176777.0,
EFIX R,5176777.0,5176887 112 998.3 481.2 1111
SSACC R,5176889.0,
ESACC R,5176889.0,5176979 92 993.1 479.0 987.6 470.7 0.27 113
SFIX R,5176981.0,
EFIX R,5176981.0,5177033 54 987.4 483.0 1045
SSACC R,5177035.0,
ESACC R,5177035.0,5177105 72 992.8 495.4 1005.6 499.6 0.37 76
SFIX R,5177107.0,
EFIX R,5177107.0,5177197 92 1006.5 495.7 1033
SSACC R,5177199.0,
SBLINK R,5177427.0,
EBLINK R,5177427.0,5177795 370
ESACC R,5177199.0,5178407 1210 1005.4 486.1 1025.0 483.4 0.54 1334
SFIX R,5178409.0,
EFIX R,5178409.0,5178437 30 1026.8 487.8 1288
SSACC R,5178439.0,
ESACC R,5178439.0,5178671 234 1030.3 491.3 1028.5 466.8 0.67 160
SFIX R,5178673.0,
EFIX R,5178673.0,5178773 102 1028.1 458.8 1250
SSACC R,5178775.0,
ESACC R,5178775.0,5178807 34 1021.4 474.4 1025.5 467.1 0.23 70
SFIX R,5178809.0,
EFIX R,5178809.0,5178845 38 1024.4 464.6 1222
SSACC R,5178847.0,
ESACC R,5178847.0,5179005 160 1022.5 458.2 1017.0 499.0 1.12 75
SFIX R,5179007.0,
EFIX R,5179007.0,5179041 36 1015.7 492.4 1202
SSACC R,5179043.0,
ESACC R,5179043.0,5179159 118 1013.7 502.6 1014.9 537.5 0.95 75
SFIX R,5179161.0,
EFIX R,5179161.0,5179203 44 1010.0 532.9 1197
SSACC R,5179205.0,
SBLINK R,5179731.0,
EBLINK R,5179731.0,5189889 10160
ESACC R,5179205.0,5190667 11464 1012.6 570.3 1062.0 506.0 2.20 2596
SFIX R,5190669.0,
EFIX R,5190669.0,5190709 42 1057.9 490.1 1271
SSACC R,5190711.0,
ESACC R,5190711.0,5191025 316 1053.1 472.6 1022.9 491.3 0.96 117
SFIX R,5191027.0,
EFIX R,5191027.0,5191053 28 1018.5 499.1 1250
SSACC R,5191055.0,
ESACC R,5191055.0,5191893 840 1020.6 494.5 1043.0 599.2 2.90 251
SFIX R,5191895.0,
EFIX R,5191895.0,5191923 30 1043.9 614.3 1300
SSACC R,5191925.0,
SBLINK R,5192551.0,
EBLINK R,5192551.0,5198707 6158
ESACC R,5191925.0,5199229 7306 1047.6 598.7 1031.2 576.5 0.75 2096
SFIX R,5199231.0,
EFIX R,5199231.0,5199251 22 1034.0 585.0 1664
SSACC R,5199253.0,
SBLINK R,5199545.0,
EBLINK R,5199545.0,5203717 4174
ESACC R,5199253.0,5205405 6154 1035.0 573.1 1011.1 500.8 2.06 1988
SFIX R,5205407.0,
EFIX R,5205407.0,5205469 64 1000.2 506.8 1069
SSACC R,5205471.0,
ESACC R,5205471.0,5205485 16 988.4 498.8 993.5 517.0 0.51 64
SFIX R,5205487.0,
EFIX R,5205487.0,5205601 116 987.8 504.5 1063
SSACC R,5205603.0,
ESACC R,5205603.0,5205695 94 984.7 502.8 967.6 526.4 0.79 180
SFIX R,5205697.0,
EFIX R,5205697.0,5205729 34 966.9 523.3 1071
SSACC R,5205731.0,
SBLINK R,5205997.0,
EBLINK R,5205997.0,5206323 328
ESACC R,5205731.0,5206681 952 968.0 513.4 1201.2 384.9 7.17 2137
SFIX R,5206683.0,
EFIX R,5206683.0,5206721 40 1192.0 368.0 1234
SSACC R,5206723.0,
SBLINK R,5207259.0,
EBLINK R,5207259.0,5245699 38442
ESACC R,5206723.0,5245849 39128 1186.1 365.8 939.2 429.1 6.86 2153
SFIX R,5245851.0,
EFIX R,5245851.0,5245873 24 939.9 424.1 1138
SSACC R,5245875.0,
ESACC R,5245875.0,5245929 56 940.9 433.4 937.6 412.8 0.56 63
SFIX R,5245931.0,
EFIX R,5245931.0,5246015 86 939.0 406.6 1179
SSACC R,5246017.0,
SBLINK R,5246051.0,
EBLINK R,5246051.0,5246303 254
ESACC R,5246017.0,5246425 410 941.7 420.6 966.3 402.3 0.83 2124
SFIX R,5246427.0,
EFIX R,5246427.0,5246481 56 966.0 405.5 1068
SSACC R,5246483.0,
ESACC R,5246483.0,5246559 78 965.6 413.4 945.0 196.2 5.83 260
SFIX R,5246561.0,
EFIX R,5246561.0,5246751 192 938.2 218.3 1012
SSACC R,5246753.0,
ESACC R,5246753.0,5246803 52 936.0 220.3 947.5 496.9 7.42 347
SFIX R,5246805.0,
EFIX R,5246805.0,5247077 274 949.6 500.2 960
SSACC R,5247079.0,
SBLINK R,5247119.0,
EBLINK R,5247119.0,5247361 244
ESACC R,5247079.0,5247441 364 959.4 499.6 1001.8 441.8 1.94 2116
SFIX R,5247443.0,
EFIX R,5247443.0,5247473 32 1000.7 447.1 794
SSACC R,5247475.0,
ESACC R,5247475.0,5247579 106 1003.7 460.3 940.6 481.3 1.80 153
SFIX R,5247581.0,
EFIX R,5247581.0,5247999 420 951.4 483.1 874
SSACC R,5248001.0,
ESACC R,5248001.0,5248065 66 961.0 468.0 968.3 473.4 0.25 96
SFIX R,5248067.0,
EFIX R,5248067.0,5248213 148 970.0 481.8 974
SSACC R,5248215.0,
ESACC R,5248215.0,5248355 142 973.4 491.7 1008.2 490.3 0.94 106
SFIX R,5248357.0,
EFIX R,5248357.0,5248391 36 1008.9 496.2 1026
SSACC R,5248393.0,
ESACC R,5248393.0,5248577 186 1011.7 505.4 1006.3 494.3 0.33 72
SFIX R,5248579.0,
EFIX R,5248579.0,5248637 60 1007.8 500.4 1075
SSACC R,5248639.0,
ESACC R,5248639.0,5248741 104 1008.5 498.3 982.4 510.3 0.78 91
SFIX R,5248743.0,
EFIX R,5248743.0,5248901 160 977.2 499.7 1136
SSACC R,5248903.0,
ESACC R,5248903.0,5248923 22 971.4 504.0 973.9 494.3 0.27 99
SFIX R,5248925.0,
EFIX R,5248925.0,5248973 50 973.3 496.9 1163
SSACC R,5248975.0,
ESACC R,5248975.0,5248979 6 975.7 504.6 974.9 494.5 0.27 50
SFIX R,5248981.0,
EFIX R,5248981.0,5249007 28 975.9 487.9 1175
SSACC R,5249009.0,
ESACC R,5249009.0,5249063 56 976.0 491.0 999.0 490.7 0.62 82
SFIX R,5249065.0,
EFIX R,5249065.0,5249123 60 1000.8 485.9 1188
SSACC R,5249125.0,
ESACC R,5249125.0,5249139 16 1003.6 493.0 1004.9 476.9 0.44 69
SFIX R,5249141.0,
EFIX R,5249141.0,5249201 62 1007.5 488.6 1201
SSACC R,5249203.0,
ESACC R,5249203.0,5249223 22 1006.6 497.0 1013.2 487.2 0.32 83
SFIX R,5249225.0,
EFIX R,5249225.0,5249289 66 1014.9 482.8 1216
SSACC R,5249291.0,
ESACC R,5249291.0,5249315 26 1017.1 472.9 1014.4 482.3 0.27 72
SFIX R,5249317.0,
EFIX R,5249317.0,5249443 128 1008.5 484.1 1234
SSACC R,5249445.0,
ESACC R,5249445.0,5249477 34 999.9 477.6 998.0 481.6 0.12 71
SFIX R,5249479.0,
EFIX R,5249479.0,5249511 34 997.0 486.7 1257
SSACC R,5249513.0,
ESACC R,5249513.0,5249599 88 997.5 468.1 993.0 486.3 0.51 91
SFIX R,5249601.0,
EFIX R,5249601.0,5249639 40 994.7 488.3 1273
SSACC R,5249641.0,
SBLINK R,5251287.0,
EBLINK R,5251287.0,5270849 19564
ESACC R,5249641.0,5270991 21352 995.1 476.2 1002.5 252.9 6.01 794
SFIX R,5270993.0,
EFIX R,5270993.0,5271139 148 1000.6 261.6 1640
SSACC R,5271141.0,
ESACC R,5271141.0,5271197 58 1000.2 272.3 991.5 355.4 2.24 205
SFIX R,5271199.0,
EFIX R,5271199.0,5271371 174 987.9 394.2 1507
SSACC R,5271373.0,
ESACC R,5271373.0,5271391 20 988.2 417.6 939.3 443.1 1.49 127
SFIX R,5271393.0,
EFIX R,5271393.0,5272131 740 959.0 473.1 1155
SSACC R,5272133.0,
SBLINK R,5272195.0,
EBLINK R,5272195.0,5272577 384
ESACC R,5272133.0,5273049 918 960.2 486.6 968.8 451.7 0.97 1584
SFIX R,5273051.0,
EFIX R,5273051.0,5273193 144 970.2 434.4 1338
SSACC R,5273195.0,
ESACC R,5273195.0,5273485 292 968.5 439.1 969.4 441.2 0.06 98
SFIX R,5273487.0,
EFIX R,5273487.0,5273507 22 969.0 435.0 1329
SSACC R,5273509.0,
SBLINK R,5273615.0,
EBLINK R,5273615.0,5274463 850
ESACC R,5273509.0,5274827 1320 969.0 422.1 1020.6 635.4 5.93 1872
SFIX R,5274829.0,
EFIX R,5274829.0,5274853 26 1021.5 634.9 1297
SSACC R,5274855.0,
SBLINK R,5275669.0,
EBLINK R,5275669.0,5276043 376
ESACC R,5274855.0,5277147 2294 1015.4 632.2 955.7 374.7 7.14 1006
SFIX R,5277149.0,
EFIX R,5277149.0,5277235 88 956.7 377.7 1641
SSACC R,5277237.0,
ESACC R,5277237.0,5277291 56 958.5 382.2 955.5 363.8 0.50 81
SFIX R,5277293.0,
EFIX R,5277293.0,5277351 60 956.4 373.5 1638
SSACC R,5277353.0,
SBLINK R,5278133.0,
EBLINK R,5278133.0,5278401 270
ESACC R,5277353.0,5278961 1610 957.8 386.2 942.2 347.1 1.13 1012
SFIX R,5278963.0,
EFIX R,5278963.0,5279031 70 942.3 355.6 1519
SSACC R,5279033.0,
ESACC R,5279033.0,5279071 40 944.6 352.8 941.8 361.2 0.24 98
SFIX R,5279073.0,
EFIX R,5279073.0,5279121 50 941.8 364.4 1498
SSACC R,5279123.0,
ESACC R,5279123.0,5279157 36 941.5 351.8 939.4 354.3 0.09 83
SFIX R,5279159.0,
EFIX R,5279159.0,5279243 86 940.4 364.7 1478
SSACC R,5279245.0,
ESACC R,5279245.0,5279421 178 945.1 361.7 937.6 385.1 0.66 116
SFIX R,5279423.0,
EFIX R,5279423.0,5279449 28 939.9 395.5 1396
SSACC R,5279451.0,
SBLINK R,5280349.0,
EBLINK R,5280349.0,5280645 298
ESACC R,5279451.0,5281583 2134 943.0 404.0 1006.4 481.1 2.70 1737
SFIX R,5281585.0,
EFIX R,5281585.0,5281609 26 1002.8 476.6 1271
SSACC R,5281611.0,
SBLINK R,5283057.0,
EBLINK R,5283057.0,5286329 3274
ESACC R,5281611.0,5286935 5326 998.2 484.1 969.5 424.8 1.78 637
SFIX R,5286937.0,
EFIX R,5286937.0,5287065 130 963.3 426.3 1543
SSACC R,5287067.0,
ESACC R,5287067.0,5287233 168 960.1 444.1 939.2 439.5 0.58 122
SFIX R,5287235.0,
EFIX R,5287235.0,5287281 48 937.9 441.1 1438
SSACC R,5287283.0,
ESACC R,5287283.0,5287365 84 939.6 448.2 946.0 428.1 0.57 127
SFIX R,5287367.0,
EFIX R,5287367.0,5287407 42 945.3 430.8 1430
SSACC R,5287409.0,
ESACC R,5287409.0,5287481 74 946.6 418.5 947.0 403.8 0.40 106
SFIX R,5287483.0,
EFIX R,5287483.0,5287519 38 949.2 415.2 1427
SSACC R,5287521.0,
SBLINK R,5287653.0,
EBLINK R,5287653.0,5289433 1782
ESACC R,5287521.0,5289693 2174 950.1 407.0 990.4 418.9 1.14 1455
SFIX R,5289695.0,
EFIX R,5289695.0,5289725 32 985.2 413.6 1330
SSACC R,5289727.0,
ESACC R,5289727.0,5289741 16 984.2 399.4 977.7 404.9 0.23 80
SFIX R,5289743.0,
EFIX R,5289743.0,5289781 40 981.1 402.9 1349
SSACC R,5289783.0,
ESACC R,5289783.0,5289903 122 987.7 421.3 989.9 406.0 0.42 106
SFIX R,5289905.0,
EFIX R,5289905.0,5289969 66 987.8 410.2 1358
SSACC R,5289971.0,
ESACC R,5289971.0,5289985 16 987.5 406.5 981.8 430.2 0.66 99
SFIX R,5289987.0,
EFIX R,5289987.0,5290021 36 983.8 418.6 1344
SSACC R,5290023.0,
ESACC R,5290023.0,5290085 64 977.7 423.0 966.4 431.9 0.39 91
SFIX R,5290087.0,
EFIX R,5290087.0,5290133 48 967.0 434.0 1318
SSACC R,5290135.0,
ESACC R,5290135.0,5290349 216 967.9 441.2 968.7 426.4 0.40 172
SFIX R,5290351.0,
EFIX R,5290351.0,5290397 48 969.6 430.9 1318
SSACC R,5290399.0,
ESACC R,5290399.0,5290453 56 970.5 441.7 971.4 446.2 0.12 74
SFIX R,5290455.0,
EFIX R,5290455.0,5290539 86 971.2 424.2 1331
SSACC R,5290541.0,
ESACC R,5290541.0,5290547 8 972.9 401.6 970.7 422.0 0.55 76
SFIX R,5290549.0,
EFIX R,5290549.0,5290569 22 973.7 420.6 1348
SSACC R,5290571.0,
ESACC R,5290571.0,5290859 290 974.1 424.9 982.4 432.0 0.30 104
SFIX R,5290861.0,
EFIX R,5290861.0,5290891 32 981.9 439.5 1384
SSACC R,5290893.0,
ESACC R,5290893.0,5291005 114 983.9 449.6 990.3 439.2 0.33 100
SFIX R,5291007.0,
EFIX R,5291007.0,5291117 112 987.9 445.4 1398
SSACC R,5291119.0,
ESACC R,5291119.0,5291437 320 988.9 453.2 983.2 441.0 0.36 84
SFIX R,5291439.0,
EFIX R,5291439.0,5291531 94 982.1 443.7 1411
SSACC R,5291533.0,
ESACC R,5291533.0,5291667 136 983.5 442.7 984.0 463.2 0.56 126
SFIX R,5291669.0,
EFIX R,5291669.0,5291743 76 985.8 458.4 1413
SSACC R,5291745.0,
ESACC R,5291745.0,5291999 256 989.7 465.3 1002.2 569.6 2.85 162
SFIX R,5292001.0,
EFIX R,5292001.0,5292021 22 1005.2 554.0 1371
SSACC R,5292023.0,
ESACC R,5292023.0,5293229 1208 1003.0 552.9 1008.2 629.7 2.09 193
SFIX R,5293231.0,
EFIX R,5293231.0,5293279 50 1013.5 619.8 1494
SSACC R,5293281.0,
ESACC R,5293281.0,5293361 82 1017.4 616.9 1014.9 616.8 0.07 113
SFIX R,5293363.0,
EFIX R,5293363.0,5293445 84 1013.1 634.1 1514
SSACC R,5293447.0,
ESACC R,5293447.0,5294389 944 1009.3 618.2 1003.4 735.9 3.18 211
SFIX R,5294391.0,
EFIX R,5294391.0,5294425 36 1005.8 734.2 1453
SSACC R,5294427.0,
ESACC R,5294427.0,5295791 1366 1004.5 717.0 915.9 531.1 5.57 428
SFIX R,5295793.0,
EFIX R,5295793.0,5295953 162 916.5 505.3 960
SSACC R,5295955.0,
ESACC R,5295955.0,5296091 138 919.0 488.4 924.4 466.1 0.62 74
SFIX R,5296093.0,
EFIX R,5296093.0,5296201 110 925.6 465.2 958
SSACC R,5296203.0,
SBLINK R,5296263.0,
EBLINK R,5296263.0,5296535 274
ESACC R,5296203.0,5296645 444 927.8 464.8 965.6 450.6 1.09 1760
SFIX R,5296647.0,
EFIX R,5296647.0,5296687 42 962.9 466.7 1119
SSACC R,5296689.0,
ESACC R,5296689.0,5296775 88 963.4 476.5 969.0 442.9 0.92 136
SFIX R,5296777.0,
EFIX R,5296777.0,5297217 442 960.5 463.3 1070
SSACC R,5297219.0,
ESACC R,5297219.0,5297281 64 957.1 510.7 1447.6 340.8 13.70 402
SFIX R,5297283.0,
EFIX R,5297283.0,5297519 238 1413.9 321.0 915
SSACC R,5297521.0,
ESACC R,5297521.0,5297573 54 1402.8 323.1 1027.4 451.1 10.50 407
SFIX R,5297575.0,
EFIX R,5297575.0,5297715 142 1028.3 442.1 971
SSACC R,5297717.0,
ESACC R,5297717.0,5297743 28 1031.2 430.9 943.3 473.2 2.64 215
SFIX R,5297745.0,
EFIX R,5297745.0,5297917 174 957.8 459.2 1047
SSACC R,5297919.0,
SBLINK R,5297959.0,
EBLINK R,5297959.0,5298167 210
ESACC R,5297919.0,5298269 352 961.5 432.5 990.2 400.9 1.16 2422
SFIX R,5298271.0,
EFIX R,5298271.0,5298407 138 988.1 432.3 1198
SSACC R,5298409.0,
ESACC R,5298409.0,5298429 22 989.1 429.9 987.8 441.6 0.32 72
SFIX R,5298431.0,
EFIX R,5298431.0,5298727 298 984.3 448.1 1210
SSACC R,5298729.0,
ESACC R,5298729.0,5298775 48 979.6 446.4 998.9 430.1 0.68 136
SFIX R,5298777.0,
EFIX R,5298777.0,5299169 394 1004.0 424.5 1224
SSACC R,5299171.0,
ESACC R,5299171.0,5299217 48 1009.7 433.4 1010.8 406.3 0.73 93
SFIX R,5299219.0,
EFIX R,5299219.0,5299251 34 1015.9 409.2 1261
SSACC R,5299253.0,
ESACC R,5299253.0,5299319 68 1015.8 410.6 1019.4 406.9 0.14 63
SFIX R,5299321.0,
EFIX R,5299321.0,5299379 60 1022.7 395.3 1292
SSACC R,5299381.0,
SBLINK R,5299523.0,
EBLINK R,5299523.0,5299755 234
ESACC R,5299381.0,5300535 1156 1024.4 394.9 1021.6 417.0 0.60 1074
SFIX R,5300537.0,
EFIX R,5300537.0,5300579 44 1017.0 409.6 1356
SSACC R,5300581.0,
ESACC R,5300581.0,5300745 166 1018.0 418.6 1009.2 416.4 0.25 99
SFIX R,5300747.0,
EFIX R,5300747.0,5300835 90 1008.5 420.7 1356
SSACC R,5300837.0,
ESACC R,5300837.0,5300917 82 1008.5 410.5 1011.5 443.6 0.90 83
SFIX R,5300919.0,
EFIX R,5300919.0,5300965 48 1012.5 427.4 1378
SSACC R,5300967.0,
ESACC R,5300967.0,5301017 52 1011.3 417.7 1015.8 430.7 0.37 69
SFIX R,5301019.0,
EFIX R,5301019.0,5301047 30 1013.1 430.0 1386
SSACC R,5301049.0,
ESACC R,5301049.0,5301083 36 1013.7 413.3 1012.7 417.6 0.12 118
SFIX R,5301085.0,
EFIX R,5301085.0,5301111 28 1013.4 424.1 1396
SSACC R,5301113.0,
ESACC R,5301113.0,5301475 364 1013.0 423.4 1016.5 444.1 0.57 113
SFIX R,5301477.0,
EFIX R,5301477.0,5301503 28 1016.9 442.4 1428
SSACC R,5301505.0,
ESACC R,5301505.0,5301851 348 1017.7 428.9 1016.3 442.0 0.36 101
SFIX R,5301853.0,
EFIX R,5301853.0,5301877 26 1014.2 433.7 1443
SSACC R,5301879.0,
ESACC R,5301879.0,5302033 156 1013.1 430.4 1010.5 437.4 0.20 146
SFIX R,5302035.0,
EFIX R,5302035.0,5302081 48 1011.0 442.1 1426
SSACC R,5302083.0,
ESACC R,5302083.0,5302461 380 1011.6 449.3 1018.3 450.0 0.18 108
SFIX R,5302463.0,
EFIX R,5302463.0,5302511 50 1018.9 451.8 1423
SSACC R,5302513.0,
ESACC R,5302513.0,5302609 98 1018.1 442.8 1013.3 458.0 0.43 75
SFIX R,5302611.0,
EFIX R,5302611.0,5302619 10 1013.0 454.8 1438
SSACC R,5302621.0,
ESACC R,5302621.0,5302703 84 1016.0 457.0 1011.4 456.8 0.12 104
SFIX R,5302705.0,
EFIX R,5302705.0,5302779 76 1014.6 465.5 1450
SSACC R,5302781.0,
ESACC R,5302781.0,5303297 518 1013.0 480.0 1009.6 451.1 0.79 154
SFIX R,5303299.0,
EFIX R,5303299.0,5303333 36 1009.1 447.2 1507
SSACC R,5303335.0,
ESACC R,5303335.0,5303683 350 1008.7 428.7 1008.7 449.3 0.56 167
SFIX R,5303685.0,
EFIX R,5303685.0,5303747 64 1008.7 453.1 1541
SSACC R,5303749.0,
SBLINK R,5304047.0,
EBLINK R,5304047.0,5304237 192
ESACC R,5303749.0,5304385 638 1011.3 452.0 1018.9 448.0 0.23 860
SFIX R,5304387.0,
EFIX R,5304387.0,5304505 120 1018.2 432.8 1486
SSACC R,5304507.0,
ESACC R,5304507.0,5304543 38 1018.6 431.6 1013.8 428.9 0.15 76
SFIX R,5304545.0,
EFIX R,5304545.0,5304585 42 1014.0 438.9 1464
SSACC R,5304587.0,
ESACC R,5304587.0,5304725 140 1015.1 439.0 994.0 484.6 1.36 90
SFIX R,5304727.0,
EFIX R,5304727.0,5305153 428 985.3 517.6 1157
SSACC R,5305155.0,
ESACC R,5305155.0,5305219 66 978.6 536.8 1589.0 667.5 16.21 472
SFIX R,5305221.0,
EFIX R,5305221.0,5305445 226 1557.7 648.9 1050
SSACC R,5305447.0,
ESACC R,5305447.0,5306085 640 1540.2 646.2 993.4 450.4 15.20 456
SFIX R,5306087.0,
EFIX R,5306087.0,5306109 24 994.6 445.2 1259
SSACC R,5306111.0,
ESACC R,5306111.0,5306589 480 993.5 450.4 992.4 425.5 0.67 129
SFIX R,5306591.0,
EFIX R,5306591.0,5306629 40 993.3 419.8 1356
SSACC R,5306631.0,
ESACC R,5306631.0,5306933 304 991.3 417.2 977.7 460.9 1.24 157
SFIX R,5306935.0,
EFIX R,5306935.0,5306961 28 976.6 452.4 1409
SSACC R,5306963.0,
ESACC R,5306963.0,5307201 240 974.1 445.5 992.6 483.7 1.15 107
SFIX R,5307203.0,
EFIX R,5307203.0,5307237 36 991.7 476.5 1448
SSACC R,5307239.0,
SBLINK R,5307725.0,
EBLINK R,5307725.0,5307907 184
ESACC R,5307239.0,5308849 1612 991.0 467.0 990.6 454.6 0.34 795
SFIX R,5308851.0,
EFIX R,5308851.0,5308893 44 990.4 454.7 1290
SSACC R,5308895.0,
ESACC R,5308895.0,5308915 22 990.3 448.9 988.8 452.5 0.11 71
SFIX R,5308917.0,
EFIX R,5308917.0,5308951 36 985.4 461.3 1269
SSACC R,5308953.0,
ESACC R,5308953.0,5308961 10 985.6 466.7 982.5 453.8 0.36 78
SFIX R,5308963.0,
EFIX R,5308963.0,5308993 32 983.2 463.8 1259
SSACC R,5308995.0,
SBLINK R,5309143.0,
EBLINK R,5309143.0,5309989 848
ESACC R,5308995.0,5310147 1154 983.8 472.3 958.9 475.9 0.68 787
SFIX R,5310149.0,
EFIX R,5310149.0,5310181 34 953.7 453.1 1336
SSACC R,5310183.0,
ESACC R,5310183.0,5310219 38 953.0 425.1 947.4 443.3 0.52 75
SFIX R,5310221.0,
EFIX R,5310221.0,5310285 66 942.6 451.6 1335
SSACC R,5310287.0,
ESACC R,5310287.0,5310347 62 939.7 448.0 940.9 460.0 0.33 99
SFIX R,5310349.0,
EFIX R,5310349.0,5310391 44 941.6 456.6 1340
SSACC R,5310393.0,
ESACC R,5310393.0,5310445 54 939.6 462.3 940.7 460.4 0.06 74
SFIX R,5310447.0,
EFIX R,5310447.0,5310561 116 940.3 474.8 1277
SSACC R,5310563.0,
ESACC R,5310563.0,5310613 52 938.3 505.8 968.2 478.8 1.09 99
SFIX R,5310615.0,
EFIX R,5310615.0,5310743 130 960.2 482.4 1155
SSACC R,5310745.0,
ESACC R,5310745.0,5310775 32 954.9 486.1 950.4 488.8 0.14 57
SFIX R,5310777.0,
EFIX R,5310777.0,5311015 240 954.7 492.9 1101
SSACC R,5311017.0,
ESACC R,5311017.0,5311033 18 957.2 491.6 956.2 482.7 0.24 74
SFIX R,5311035.0,
EFIX R,5311035.0,5311073 40 956.7 481.5 1125
SSACC R,5311075.0,
SBLINK R,5311685.0,
EBLINK R,5311685.0,5311951 268
ESACC R,5311075.0,5312181 1108 955.2 480.9 1001.4 476.4 1.26 660
SFIX R,5312183.0,
EFIX R,5312183.0,5312231 50 995.5 470.4 1308
SSACC R,5312233.0,
ESACC R,5312233.0,5312343 112 990.7 475.8 990.5 445.1 0.83 107
SFIX R,5312345.0,
EFIX R,5312345.0,5312365 22 991.7 447.1 1324
SSACC R,5312367.0,
ESACC R,5312367.0,5312749 384 988.6 462.2 978.4 451.9 0.39 101
SFIX R,5312751.0,
EFIX R,5312751.0,5312813 64 974.0 476.7 1223
SSACC R,5312815.0,
SBLINK R,5312873.0,
EBLINK R,5312873.0,5313161 290
ESACC R,5312815.0,5313303 490 973.8 509.7 967.9 553.1 1.19 2425
SFIX R,5313305.0,
EFIX R,5313305.0,5313333 30 966.7 522.2 1193
SSACC R,5313335.0,
ESACC R,5313335.0,5313701 368 973.1 497.1 954.4 453.7 1.28 138
SFIX R,5313703.0,
EFIX R,5313703.0,5313729 28 953.4 458.4 1310
SSACC R,5313731.0,
ESACC R,5313731.0,5314661 932 956.4 450.9 930.4 431.5 0.88 202
SFIX R,5314663.0,
EFIX R,5314663.0,5314723 62 931.6 436.2 1183
SSACC R,5314725.0,
ESACC R,5314725.0,5315241 518 932.4 421.1 947.5 439.3 0.64 183
SFIX R,5315243.0,
EFIX R,5315243.0,5315309 68 948.4 448.4 1271
SSACC R,5315311.0,
SBLINK R,5315393.0,
EBLINK R,5315393.0,5316851 1460
ESACC R,5315311.0,5317201 1892 949.1 444.6 951.0 438.3 0.18 2169
SFIX R,5317203.0,
EFIX R,5317203.0,5317237 36 954.2 446.3 1301
SSACC R,5317239.0,
ESACC R,5317239.0,5317585 348 954.2 431.0 1042.8 684.0 7.24 218
SFIX R,5317587.0,
EFIX R,5317587.0,5317617 32 1042.9 703.5 1243
SSACC R,5317619.0,
ESACC R,5317619.0,5318093 476 1045.6 735.4 949.3 498.2 6.91 331
SFIX R,5318095.0,
EFIX R,5318095.0,5318169 76 950.7 507.6 1150
SSACC R,5318171.0,
ESACC R,5318171.0,5318199 30 948.9 520.4 951.9 504.3 0.44 69
SFIX R,5318201.0,
EFIX R,5318201.0,5318223 24 951.3 504.4 1163
SSACC R,5318225.0,
ESACC R,5318225.0,5318287 64 950.4 513.3 929.0 482.9 1.01 81
SFIX R,5318289.0,
EFIX R,5318289.0,5318319 32 929.0 484.3 1205
SSACC R,5318321.0,
ESACC R,5318321.0,5318337 18 930.1 490.1 928.8 491.9 0.06 76
SFIX R,5318339.0,
EFIX R,5318339.0,5318431 94 931.6 482.3 1244
SSACC R,5318433.0,
ESACC R,5318433.0,5318501 70 932.9 500.0 941.0 471.5 0.80 70
SFIX R,5318503.0,
EFIX R,5318503.0,5318591 90 939.3 480.1 1320
SSACC R,5318593.0,
ESACC R,5318593.0,5318605 14 940.1 478.3 941.6 472.3 0.17 59
SFIX R,5318607.0,
EFIX R,5318607.0,5318647 42 940.7 474.0 1348
SSACC R,5318649.0,
ESACC R,5318649.0,5319309 662 941.6 486.4 943.5 431.5 1.49 95
SFIX R,5319311.0,
EFIX R,5319311.0,5319337 28 939.2 430.1 1542
SSACC R,5319339.0,
ESACC R,5319339.0,5319379 42 939.9 433.8 941.0 446.3 0.34 70
SFIX R,5319381.0,
EFIX R,5319381.0,5319487 108 942.0 447.1 1545
SSACC R,5319489.0,
ESACC R,5319489.0,5319507 20 941.8 446.6 945.0 452.5 0.18 63
SFIX R,5319509.0,
EFIX R,5319509.0,5319531 24 943.7 452.2 1549
SSACC R,5319533.0,
ESACC R,5319533.0,5319769 238 947.3 463.9 949.1 445.7 0.50 106
SFIX R,5319771.0,
EFIX R,5319771.0,5319839 70 948.1 447.2 1535
SSACC R,5319841.0,
ESACC R,5319841.0,5319903 64 940.2 462.5 940.9 469.4 0.19 110
SFIX R,5319905.0,
EFIX R,5319905.0,5319953 50 937.5 465.5 1499
SSACC R,5319955.0,
ESACC R,5319955.0,5319971 18 936.0 469.8 937.0 471.4 0.05 96
SFIX R,5319973.0,
EFIX R,5319973.0,5320065 94 935.0 453.2 1470
SSACC R,5320067.0,
ESACC R,5320067.0,5320183 118 933.8 435.3 929.3 448.4 0.37 107
SFIX R,5320185.0,
EFIX R,5320185.0,5320227 44 928.6 438.3 1434
SSACC R,5320229.0,
ESACC R,5320229.0,5320415 188 927.1 417.3 923.2 440.1 0.63 140
SFIX R,5320417.0,
EFIX R,5320417.0,5320437 22 928.1 428.0 1464
SSACC R,5320439.0,
SBLINK R,5320561.0,
EBLINK R,5320561.0,5320747 188
ESACC R,5320439.0,5320895 458 921.5 431.8 957.0 615.0 5.05 850
SFIX R,5320897.0,
EFIX R,5320897.0,5320917 22 945.8 607.7 1397
SSACC R,5320919.0,
SBLINK R,5322007.0,
EBLINK R,5322007.0,5327203 5198
ESACC R,5320919.0,5327519 6602 943.3 605.6 924.4 440.8 4.50 751
SFIX R,5327521.0,
EFIX R,5327521.0,5327567 48 921.8 448.1 1629
SSACC R,5327569.0,
ESACC R,5327569.0,5327739 172 920.6 454.0 915.0 463.8 0.31 120
SFIX R,5327741.0,
EFIX R,5327741.0,5327787 48 915.1 450.4 1515
SSACC R,5327789.0,
SBLINK R,5327887.0,
EBLINK R,5327887.0,5328319 434
ESACC R,5327789.0,5328457 670 916.0 429.3 945.2 511.4 2.36 863
SFIX R,5328459.0,
EFIX R,5328459.0,5328495 38 944.2 494.2 1373
SSACC R,5328497.0,
SBLINK R,5328703.0,
EBLINK R,5328703.0,5330057 1356
ESACC R,5328497.0,5330419 1924 946.9 483.7 975.4 379.2 2.93 1054
SFIX R,5330421.0,
EFIX R,5330421.0,5330507 88 975.6 394.7 1374
SSACC R,5330509.0,
ESACC R,5330509.0,5330631 124 975.6 402.4 964.9 404.9 0.30 73
SFIX R,5330633.0,
EFIX R,5330633.0,5330669 38 964.4 400.5 1393
SSACC R,5330671.0,
ESACC R,5330671.0,5330719 50 962.7 402.3 964.8 414.6 0.34 78
SFIX R,5330721.0,
EFIX R,5330721.0,5330759 40 959.8 404.7 1373
SSACC R,5330761.0,
ESACC R,5330761.0,5330787 28 959.8 395.8 962.9 419.2 0.64 70
SFIX R,5330789.0,
EFIX R,5330789.0,5330825 38 960.3 406.9 1352
SSACC R,5330827.0,
ESACC R,5330827.0,5330925 100 960.0 415.7 972.3 429.1 0.49 93
SFIX R,5330927.0,
EFIX R,5330927.0,5331035 110 969.9 437.3 1298
SSACC R,5331037.0,
ESACC R,5331037.0,5331533 498 968.3 418.4 969.0 419.0 0.02 102
SFIX R,5331535.0,
EFIX R,5331535.0,5331583 50 967.8 421.5 1358
SSACC R,5331585.0,
ESACC R,5331585.0,5331599 16 966.0 443.4 966.8 418.9 0.66 68
SFIX R,5331601.0,
EFIX R,5331601.0,5331635 36 965.4 430.3 1370
SSACC R,5331637.0,
ESACC R,5331637.0,5331915 280 965.2 424.9 966.3 439.1 0.39 110
SFIX R,5331917.0,
EFIX R,5331917.0,5331969 54 971.6 440.9 1399
SSACC R,5331971.0,
SBLINK R,5332081.0,
EBLINK R,5332081.0,5332411 332
ESACC R,5331971.0,5332827 858 985.1 453.0 961.8 449.4 0.64 938
SFIX R,5332829.0,
EFIX R,5332829.0,5332901 74 957.7 451.5 1409
SSACC R,5332903.0,
ESACC R,5332903.0,5333023 122 954.1 448.0 948.3 469.1 0.59 101
SFIX R,5333025.0,
EFIX R,5333025.0,5333045 22 949.9 463.9 1349
SSACC R,5333047.0,
ESACC R,5333047.0,5333443 398 947.8 448.0 954.6 466.4 0.53 137
SFIX R,5333445.0,
EFIX R,5333445.0,5333477 34 947.4 473.5 1335
SSACC R,5333479.0,
SBLINK R,5335247.0,
EBLINK R,5335247.0,5335621 376
ESACC R,5333479.0,5336669 3192 946.9 485.6 956.2 488.2 0.26 1869
SFIX R,5336671.0,
EFIX R,5336671.0,5336693 24 954.6 492.6 1354
SSACC R,5336695.0,
ESACC R,5336695.0,5337889 1196 956.2 491.8 723.2 484.9 6.28 451
SFIX R,5337891.0,
EFIX R,5337891.0,5337915 26 726.0 473.2 1479
SSACC R,5337917.0,
ESACC R,5337917.0,5338225 310 731.1 460.0 953.9 542.4 6.41 422
SFIX R,5338227.0,
EFIX R,5338227.0,5338249 24 953.1 527.5 1437
SSACC R,5338251.0,
SBLINK R,5342169.0,
EBLINK R,5342169.0,5342465 298
ESACC R,5338251.0,5342783 4534 952.8 526.0 942.4 370.6 4.21 743
SFIX R,5342785.0,
EFIX R,5342785.0,5342805 22 941.8 373.0 1573
SSACC R,5342807.0,
ESACC R,5342807.0,5343061 256 942.2 386.1 936.4 423.9 1.03 174
SFIX R,5343063.0,
EFIX R,5343063.0,5343131 70 940.0 430.2 1481
SSACC R,5343133.0,
ESACC R,5343133.0,5343357 226 938.4 454.6 950.8 470.7 0.55 148
SFIX R,5343359.0,
EFIX R,5343359.0,5343385 28 946.4 482.2 1383
SSACC R,5343387.0,
SBLINK R,5346145.0,
EBLINK R,5346145.0,5348699 2556
ESACC R,5343387.0,5348881 5496 944.2 488.5 980.1 382.6 3.02 823
SFIX R,5348883.0,
EFIX R,5348883.0,5348943 62 979.7 383.4 1363
SSACC R,5348945.0,
ESACC R,5348945.0,5348973 30 977.7 377.0 979.6 383.8 0.19 85
SFIX R,5348975.0,
EFIX R,5348975.0,5349015 42 976.7 374.8 1407
SSACC R,5349017.0,
ESACC R,5349017.0,5349079 64 974.4 377.7 962.2 347.5 0.88 126
SFIX R,5349081.0,
EFIX R,5349081.0,5349123 44 961.2 351.2 1440
SSACC R,5349125.0,
ESACC R,5349125.0,5349137 14 959.5 359.3 958.5 346.4 0.35 64
SFIX R,5349139.0,
EFIX R,5349139.0,5349191 54 956.1 362.6 1427
SSACC R,5349193.0,
ESACC R,5349193.0,5349329 138 952.1 357.0 965.1 407.5 1.41 96
SFIX R,5349331.0,
EFIX R,5349331.0,5349455 126 956.1 413.3 1318
SSACC R,5349457.0,
ESACC R,5349457.0,5349465 10 952.8 425.7 951.1 446.5 0.56 77
SFIX R,5349467.0,
EFIX R,5349467.0,5349499 34 953.4 437.7 1292
SSACC R,5349501.0,
ESACC R,5349501.0,5349505 6 952.5 443.3 953.5 434.6 0.24 51
SFIX R,5349507.0,
EFIX R,5349507.0,5349531 26 958.4 435.4 1286
SSACC R,5349533.0,
ESACC R,5349533.0,5349537 6 956.3 447.3 957.8 432.0 0.42 58
SFIX R,5349539.0,
EFIX R,5349539.0,5349635 98 964.7 428.7 1284
SSACC R,5349637.0,
ESACC R,5349637.0,5349643 8 965.7 407.9 968.2 418.9 0.30 58
SFIX R,5349645.0,
EFIX R,5349645.0,5349811 168 976.1 408.0 1279
SSACC R,5349813.0,
ESACC R,5349813.0,5349889 78 981.9 403.7 980.9 402.2 0.05 75
SFIX R,5349891.0,
EFIX R,5349891.0,5349967 78 979.9 401.8 1290
SSACC R,5349969.0,
SBLINK R,5350027.0,
EBLINK R,5350027.0,5350373 348
ESACC R,5349969.0,5351165 1198 978.8 404.4 988.0 459.2 1.50 1008
SFIX R,5351167.0,
EFIX R,5351167.0,5351199 34 985.6 453.8 1323
SSACC R,5351201.0,
SBLINK R,5351375.0,
EBLINK R,5351375.0,5351655 282
ESACC R,5351201.0,5352103 904 982.7 449.5 962.5 411.7 1.16 1809
SFIX R,5352105.0,
EFIX R,5352105.0,5352129 26 963.1 412.2 1330
SSACC R,5352131.0,
ESACC R,5352131.0,5352741 612 961.5 410.7 976.7 436.0 0.80 136
SFIX R,5352743.0,
EFIX R,5352743.0,5352785 44 980.2 435.9 1281
SSACC R,5352787.0,
SBLINK R,5352887.0,
EBLINK R,5352887.0,5353245 360
ESACC R,5352787.0,5353579 794 981.5 453.6 1015.4 427.4 1.16 2289
SFIX R,5353581.0,
EFIX R,5353581.0,5353651 72 1014.7 428.4 1378
SSACC R,5353653.0,
ESACC R,5353653.0,5354119 468 1017.3 426.3 1005.4 475.9 1.38 192
SFIX R,5354121.0,
EFIX R,5354121.0,5354165 46 1011.4 489.9 1273
SSACC R,5354167.0,
SBLINK R,5354227.0,
EBLINK R,5354227.0,5357745 3520
ESACC R,5354167.0,5358017 3852 1016.4 508.9 972.4 391.9 3.38 1060
SFIX R,5358019.0,
EFIX R,5358019.0,5358109 92 974.5 387.8 1756
SSACC R,5358111.0,
ESACC R,5358111.0,5358241 132 972.3 401.1 974.0 398.0 0.10 62
SFIX R,5358243.0,
EFIX R,5358243.0,5358253 12 974.4 392.2 1742
SSACC R,5358255.0,
ESACC R,5358255.0,5358303 50 979.3 389.8 976.9 402.0 0.34 60
SFIX R,5358305.0,
EFIX R,5358305.0,5358397 94 977.2 407.5 1702
SSACC R,5358399.0,
ESACC R,5358399.0,5358433 36 977.7 395.7 975.9 415.1 0.53 72
SFIX R,5358435.0,
EFIX R,5358435.0,5358497 64 971.4 433.0 1665
SSACC R,5358499.0,
ESACC R,5358499.0,5358559 62 973.1 434.8 971.5 438.8 0.12 74
SFIX R,5358561.0,
EFIX R,5358561.0,5358581 22 970.5 439.3 1648
SSACC R,5358583.0,
ESACC R,5358583.0,5358589 8 972.4 447.9 973.3 434.4 0.37 53
SFIX R,5358591.0,
EFIX R,5358591.0,5358631 42 970.5 440.7 1642
SSACC R,5358633.0,
ESACC R,5358633.0,5358757 126 967.4 451.7 976.1 438.8 0.42 100
SFIX R,5358759.0,
EFIX R,5358759.0,5358831 74 978.3 440.5 1615
SSACC R,5358833.0,
ESACC R,5358833.0,5358869 38 984.0 437.2 984.6 441.0 0.10 68
SFIX R,5358871.0,
EFIX R,5358871.0,5358965 96 984.9 443.4 1590
SSACC R,5358967.0,
ESACC R,5358967.0,5358983 18 979.0 454.5 987.0 456.9 0.23 126
SFIX R,5358985.0,
EFIX R,5358985.0,5359029 46 986.6 447.5 1576
SSACC R,5359031.0,
SBLINK R,5359189.0,
EBLINK R,5359189.0,5359499 312
ESACC R,5359031.0,5359701 672 979.5 460.7 1004.4 415.1 1.41 884
SFIX R,5359703.0,
EFIX R,5359703.0,5359745 44 1007.2 409.5 1460
SSACC R,5359747.0,
ESACC R,5359747.0,5359943 198 1004.6 410.9 1007.8 385.5 0.69 90
SFIX R,5359945.0,
EFIX R,5359945.0,5359979 36 1006.7 386.8 1430
SSACC R,5359981.0,
ESACC R,5359981.0,5359985 6 1006.6 375.3 1006.7 387.9 0.34 75
SFIX R,5359987.0,
EFIX R,5359987.0,5360047 62 1007.3 391.2 1412
SSACC R,5360049.0,
ESACC R,5360049.0,5360065 18 1005.6 385.4 1009.2 396.6 0.32 134
SFIX R,5360067.0,
EFIX R,5360067.0,5360107 42 1008.2 388.6 1397
SSACC R,5360109.0,
ESACC R,5360109.0,5360125 18 1011.5 389.5 1008.6 388.1 0.09 62
SFIX R,5360127.0,
EFIX R,5360127.0,5360191 66 1008.9 397.2 1378
SSACC R,5360193.0,
ESACC R,5360193.0,5360263 72 1009.0 409.2 1010.9 397.0 0.33 82
SFIX R,5360265.0,
EFIX R,5360265.0,5360567 304 1004.5 397.6 1353
SSACC R,5360569.0,
ESACC R,5360569.0,5360609 42 1006.9 396.7 1011.3 402.3 0.19 73
SFIX R,5360611.0,
EFIX R,5360611.0,5360659 50 1011.3 411.0 1343
SSACC R,5360661.0,
ESACC R,5360661.0,5360729 70 1009.9 411.5 1012.1 398.5 0.36 93
SFIX R,5360731.0,
EFIX R,5360731.0,5360789 60 1010.5 414.8 1350
SSACC R,5360791.0,
ESACC R,5360791.0,5361095 306 1008.4 407.6 995.9 434.1 0.79 110
SFIX R,5361097.0,
EFIX R,5361097.0,5361107 12 998.5 428.7 1395
SSACC R,5361109.0,
SBLINK R,5361169.0,
EBLINK R,5361169.0,5361479 312
ESACC R,5361109.0,5362529 1422 997.2 433.1 1009.5 423.3 0.43 1010
SFIX R,5362531.0,
EFIX R,5362531.0,5362583 54 1004.6 421.0 1329
SSACC R,5362585.0,
ESACC R,5362585.0,5362775 192 1004.3 390.2 1009.4 388.4 0.15 93
SFIX R,5362777.0,
EFIX R,5362777.0,5362809 34 1009.6 391.1 1323
SSACC R,5362811.0,
ESACC R,5362811.0,5362851 42 1008.3 384.9 1011.3 376.0 0.25 52
SFIX R,5362853.0,
EFIX R,5362853.0,5362911 60 1010.7 388.1 1324
SSACC R,5362913.0,
ESACC R,5362913.0,5363045 134 1008.1 398.9 1014.1 395.7 0.18 106
SFIX R,5363047.0,
EFIX R,5363047.0,5363079 34 1015.5 394.2 1330
SSACC R,5363081.0,
ESACC R,5363081.0,5363113 34 1011.2 392.7 1017.3 400.2 0.26 81
SFIX R,5363115.0,
EFIX R,5363115.0,5363173 60 1017.5 390.4 1328
SSACC R,5363175.0,
ESACC R,5363175.0,5363367 194 1018.3 392.9 1025.3 410.6 0.51 139
SFIX R,5363369.0,
EFIX R,5363369.0,5363413 46 1029.2 406.2 1318
SSACC R,5363415.0,
SBLINK R,5365471.0,
EBLINK R,5365471.0,5365853 384
ESACC R,5363415.0,5366057 2644 1029.1 425.4 1026.6 398.1 0.74 674
SFIX R,5366059.0,
EFIX R,5366059.0,5366129 72 1029.2 388.8 1515
SSACC R,5366131.0,
ESACC R,5366131.0,5366219 90 1027.1 398.7 1025.8 400.7 0.06 72
SFIX R,5366221.0,
EFIX R,5366221.0,5366273 54 1028.4 398.8 1506
SSACC R,5366275.0,
ESACC R,5366275.0,5366285 12 1027.2 381.1 1030.1 403.0 0.60 88
SFIX R,5366287.0,
EFIX R,5366287.0,5366309 24 1030.6 398.5 1491
SSACC R,5366311.0,
ESACC R,5366311.0,5366413 104 1030.7 391.3 1032.9 394.2 0.10 78
SFIX R,5366415.0,
EFIX R,5366415.0,5366491 78 1029.4 393.1 1434
SSACC R,5366493.0,
ESACC R,5366493.0,5366581 90 1022.5 388.7 1025.8 394.5 0.18 71
SFIX R,5366583.0,
EFIX R,5366583.0,5366617 36 1022.5 403.8 1399
SSACC R,5366619.0,
ESACC R,5366619.0,5366707 90 1023.3 410.8 1034.7 438.4 0.81 145
SFIX R,5366709.0,
EFIX R,5366709.0,5366753 46 1034.2 428.6 1383
SSACC R,5366755.0,
ESACC R,5366755.0,5367375 622 1035.0 435.1 1020.4 426.9 0.45 151
SFIX R,5367377.0,
EFIX R,5367377.0,5367397 22 1024.9 414.5 1416
SSACC R,5367399.0,
ESACC R,5367399.0,5367637 240 1027.4 402.0 1029.2 437.8 0.97 129
SFIX R,5367639.0,
EFIX R,5367639.0,5367667 30 1031.3 437.1 1442
SSACC R,5367669.0,
ESACC R,5367669.0,5367737 70 1032.0 428.7 1027.0 440.6 0.35 114
SFIX R,5367739.0,
EFIX R,5367739.0,5367773 36 1031.4 454.3 1438
SSACC R,5367775.0,
SBLINK R,5367829.0,
EBLINK R,5367829.0,5368053 226
ESACC R,5367775.0,5368353 580 1031.3 465.3 729.2 1529.3 27.08 1392
SFIX R,5368355.0,
EFIX R,5368355.0,5368411 58 725.2 1515.9 1505
SSACC R,5368413.0,
ESACC R,5368413.0,5368427 16 726.5 1515.4 727.8 1499.4 0.36 79
SFIX R,5368429.0,
EFIX R,5368429.0,5368575 148 718.7 1512.6 1480
SSACC R,5368577.0,
SBLINK R,5368603.0,
EBLINK R,5368603.0,5370901 2300
ESACC R,5368577.0,5370983 2408 711.6 1543.4 1045.4 440.8 28.09 659
SFIX R,5370985.0,
EFIX R,5370985.0,5371127 144 1036.0 409.9 1575
SSACC R,5371129.0,
ESACC R,5371129.0,5371169 42 1035.6 423.0 1038.3 407.0 0.44 68
SFIX R,5371171.0,
EFIX R,5371171.0,5371279 110 1034.8 407.4 1568
SSACC R,5371281.0,
ESACC R,5371281.0,5371317 38 1035.6 411.2 1035.5 422.2 0.30 66
SFIX R,5371319.0,
EFIX R,5371319.0,5371741 424 1039.0 447.9 1427
SSACC R,5371743.0,
ESACC R,5371743.0,5371769 28 1037.1 470.6 1023.4 442.9 0.84 108
SFIX R,5371771.0,
EFIX R,5371771.0,5372133 364 1019.5 439.6 1319
SSACC R,5372135.0,
ESACC R,5372135.0,5372167 34 1021.9 410.0 1021.8 429.6 0.53 61
SFIX R,5372169.0,
EFIX R,5372169.0,5372425 258 1026.1 422.2 1357
SSACC R,5372427.0,
ESACC R,5372427.0,5372435 10 1032.0 415.9 1027.5 440.1 0.67 81
SFIX R,5372437.0,
EFIX R,5372437.0,5372499 64 1032.0 435.9 1396
SSACC R,5372501.0,
ESACC R,5372501.0,5372537 38 1034.0 436.3 1033.4 435.8 0.02 99
SFIX R,5372539.0,
EFIX R,5372539.0,5372607 70 1037.8 433.4 1430
SSACC R,5372609.0,
ESACC R,5372609.0,5372665 58 1037.3 448.9 1038.3 455.7 0.19 77
SFIX R,5372667.0,
EFIX R,5372667.0,5372713 48 1043.7 454.7 1432
SSACC R,5372715.0,
ESACC R,5372715.0,5372727 14 1043.8 440.1 1045.4 459.3 0.52 78
SFIX R,5372729.0,
EFIX R,5372729.0,5372977 250 1055.1 453.5 1449
SSACC R,5372979.0,
ESACC R,5372979.0,5373015 38 1062.3 453.5 1063.0 473.4 0.54 91
SFIX R,5373017.0,
EFIX R,5373017.0,5373055 40 1063.1 464.9 1452
SSACC R,5373057.0,
ESACC R,5373057.0,5373199 144 1062.5 464.4 1068.5 446.0 0.52 88
SFIX R,5373201.0,
EFIX R,5373201.0,5373263 64 1066.8 460.1 1461
SSACC R,5373265.0,
ESACC R,5373265.0,5373303 40 1069.7 454.1 1065.4 468.8 0.41 113
SFIX R,5373305.0,
EFIX R,5373305.0,5373401 98 1067.8 459.1 1470
SSACC R,5373403.0,
SBLINK R,5373469.0,
EBLINK R,5373469.0,5373777 310
ESACC R,5373403.0,5374175 774 1070.4 455.8 -1318.9 1185.2 43.85 1658
SFIX R,5374177.0,
EFIX R,5374177.0,5374215 40 -1335.4 1200.3 1296
SSACC R,5374217.0,
SBLINK R,5374313.0,
EBLINK R,5374313.0,5374591 280
ESACC R,5374217.0,5375085 870 -1337.8 1208.0 1004.6 406.5 43.46 756
SFIX R,5375087.0,
EFIX R,5375087.0,5375131 46 1002.9 414.8 1350
SSACC R,5375133.0,
ESACC R,5375133.0,5375491 360 1000.4 423.0 1018.4 437.8 0.63 103
SFIX R,5375493.0,
EFIX R,5375493.0,5375509 18 1017.6 443.1 1349
SSACC R,5375511.0,
ESACC R,5375511.0,5375545 36 1017.4 454.6 1019.6 447.3 0.21 110
SFIX R,5375547.0,
EFIX R,5375547.0,5375583 38 1020.5 445.2 1349
SSACC R,5375585.0,
ESACC R,5375585.0,5375617 34 1021.4 443.8 1017.2 428.7 0.42 128
SFIX R,5375619.0,
EFIX R,5375619.0,5375713 96 1017.4 445.9 1355
SSACC R,5375715.0,
ESACC R,5375715.0,5375719 6 1017.3 446.7 1019.0 436.4 0.28 65
SFIX R,5375721.0,
EFIX R,5375721.0,5375757 38 1018.6 446.8 1353
SSACC R,5375759.0,
ESACC R,5375759.0,5375939 182 1015.2 451.7 1024.9 428.3 0.69 126
SFIX R,5375941.0,
EFIX R,5375941.0,5375983 44 1027.3 428.5 1366
SSACC R,5375985.0,
ESACC R,5375985.0,5376097 114 1027.3 416.8 1028.3 416.4 0.03 134
SFIX R,5376099.0,
EFIX R,5376099.0,5376119 22 1027.7 426.7 1376
SSACC R,5376121.0,
ESACC R,5376121.0,5376149 30 1027.5 416.2 1027.4 434.9 0.51 97
SFIX R,5376151.0,
EFIX R,5376151.0,5376209 60 1030.1 439.9 1369
SSACC R,5376211.0,
ESACC R,5376211.0,5376301 92 1027.2 446.1 1028.4 466.4 0.55 108
SFIX R,5376303.0,
EFIX R,5376303.0,5376337 36 1029.9 472.1 1353
SSACC R,5376339.0,
ESACC R,5376339.0,5376355 18 1031.1 479.2 1033.5 464.2 0.41 90
SFIX R,5376357.0,
EFIX R,5376357.0,5376383 28 1031.0 466.2 1362
SSACC R,5376385.0,
ESACC R,5376385.0,5376743 360 1032.2 471.6 1043.9 482.8 0.44 158
SFIX R,5376745.0,
EFIX R,5376745.0,5376815 72 1045.2 484.3 1352
SSACC R,5376817.0,
ESACC R,5376817.0,5377429 614 1044.2 488.4 1792.9 1175.1 25.30 574
SFIX R,5377431.0,
EFIX R,5377431.0,5377495 66 1791.9 1178.5 1184
SSACC R,5377497.0,
SBLINK R,5377743.0,
EBLINK R,5377743.0,5377979 238
ESACC R,5377497.0,5378167 672 1789.2 1188.5 1003.6 436.0 27.07 759
SFIX R,5378169.0,
EFIX R,5378169.0,5378395 228 1003.5 413.4 1398
SSACC R,5378397.0,
ESACC R,5378397.0,5378481 86 998.8 429.7 995.2 422.2 0.22 80
SFIX R,5378483.0,
EFIX R,5378483.0,5378543 62 1001.1 415.2 1445
SSACC R,5378545.0,
ESACC R,5378545.0,5378577 34 999.1 426.4 999.4 424.9 0.04 72
SFIX R,5378579.0,
EFIX R,5378579.0,5378671 94 1001.9 415.6 1446
SSACC R,5378673.0,
ESACC R,5378673.0,5378765 94 1000.7 417.9 983.8 411.4 0.49 75
SFIX R,5378767.0,
EFIX R,5378767.0,5378901 136 986.0 424.9 1449
SSACC R,5378903.0,
ESACC R,5378903.0,5378945 44 987.0 435.8 986.7 435.8 0.01 90
SFIX R,5378947.0,
EFIX R,5378947.0,5379205 260 994.8 432.1 1431
SSACC R,5379207.0,
ESACC R,5379207.0,5379415 210 996.8 431.7 1030.2 439.7 0.93 104
SFIX R,5379417.0,
EFIX R,5379417.0,5379477 62 1033.5 432.6 1419
SSACC R,5379479.0,
ESACC R,5379479.0,5379495 18 1036.7 446.8 1037.2 441.7 0.14 69
SFIX R,5379497.0,
EFIX R,5379497.0,5379549 54 1041.0 430.2 1427
SSACC R,5379551.0,
ESACC R,5379551.0,5379569 20 1043.6 427.8 1046.3 439.5 0.32 83
SFIX R,5379571.0,
EFIX R,5379571.0,5379613 44 1047.1 433.0 1432
SSACC R,5379615.0,
SBLINK R,5379853.0,
EBLINK R,5379853.0,5380043 192
ESACC R,5379615.0,5380139 526 1051.3 419.1 1057.3 421.1 0.17 1018
SFIX R,5380141.0,
EFIX R,5380141.0,5380187 48 1053.1 425.2 1473
SSACC R,5380189.0,
ESACC R,5380189.0,5380233 46 1053.7 419.2 1053.0 410.0 0.25 91
SFIX R,5380235.0,
EFIX R,5380235.0,5380293 60 1054.1 415.9 1481
SSACC R,5380295.0,
ESACC R,5380295.0,5380319 26 1058.5 395.1 1054.0 428.1 0.90 90
SFIX R,5380321.0,
EFIX R,5380321.0,5380423 104 1051.4 415.8 1492
SSACC R,5380425.0,
ESACC R,5380425.0,5380435 12 1048.2 390.6 1050.8 411.5 0.57 80
SFIX R,5380437.0,
EFIX R,5380437.0,5380495 60 1047.0 410.6 1508
SSACC R,5380497.0,
ESACC R,5380497.0,5380501 6 1042.6 418.2 1044.9 417.1 0.07 48
SFIX R,5380503.0,
EFIX R,5380503.0,5380539 38 1042.9 414.7 1512
SSACC R,5380541.0,
ESACC R,5380541.0,5380593 54 1043.6 404.5 1040.7 416.6 0.34 112
SFIX R,5380595.0,
EFIX R,5380595.0,5380657 64 1038.9 410.1 1526
SSACC R,5380659.0,
ESACC R,5380659.0,5380707 50 1040.3 416.6 1037.1 408.1 0.25 57
SFIX R,5380709.0,
EFIX R,5380709.0,5380749 42 1036.9 407.9 1533
SSACC R,5380751.0,
ESACC R,5380751.0,5381087 338 1036.5 427.6 1023.7 422.4 0.37 94
SFIX R,5381089.0,
EFIX R,5381089.0,5381111 24 1022.2 424.0 1530
SSACC R,5381113.0,
ESACC R,5381113.0,5381137 26 1020.5 418.6 1017.6 422.0 0.12 82
SFIX R,5381139.0,
EFIX R,5381139.0,5381303 166 1016.7 420.7 1545
SSACC R,5381305.0,
ESACC R,5381305.0,5381325 22 1018.7 402.4 1015.9 400.4 0.09 65
SFIX R,5381327.0,
EFIX R,5381327.0,5381395 70 1013.1 410.9 1580
SSACC R,5381397.0,
ESACC R,5381397.0,5381447 52 1011.6 426.2 1013.6 418.1 0.23 158
SFIX R,5381449.0,
EFIX R,5381449.0,5381515 68 1014.6 406.6 1610
SSACC R,5381517.0,
ESACC R,5381517.0,5381609 94 1018.0 390.5 1019.3 404.9 0.39 117
SFIX R,5381611.0,
EFIX R,5381611.0,5381693 84 1020.7 420.0 1614
SSACC R,5381695.0,
ESACC R,5381695.0,5381907 214 1017.1 422.4 1026.2 439.3 0.52 125
SFIX R,5381909.0,
EFIX R,5381909.0,5381981 74 1024.3 444.7 1605
SSACC R,5381983.0,
ESACC R,5381983.0,5382127 146 1026.2 456.9 1025.3 454.4 0.07 117
SFIX R,5382129.0,
EFIX R,5382129.0,5382267 140 1029.4 445.2 1597
SSACC R,5382269.0,
ESACC R,5382269.0,5382391 124 1032.3 454.2 1030.4 455.4 0.06 131
SFIX R,5382393.0,
EFIX R,5382393.0,5382423 32 1033.7 451.5 1586
SSACC R,5382425.0,
ESACC R,5382425.0,5382439 16 1034.0 441.0 1031.9 458.7 0.48 58
SFIX R,5382441.0,
EFIX R,5382441.0,5382511 72 1034.1 452.3 1584
SSACC R,5382513.0,
ESACC R,5382513.0,5382551 40 1035.3 462.6 1034.2 461.2 0.05 79
SFIX R,5382553.0,
EFIX R,5382553.0,5382587 36 1034.0 447.9 1583
SSACC R,5382589.0,
ESACC R,5382589.0,5382655 68 1034.5 435.2 1034.5 458.5 0.63 90
SFIX R,5382657.0,
EFIX R,5382657.0,5382689 34 1036.6 445.4 1575
SSACC R,5382691.0,
ESACC R,5382691.0,5382877 188 1039.0 426.5 1039.3 453.0 0.72 109
SFIX R,5382879.0,
EFIX R,5382879.0,5382955 78 1038.3 454.7 1558
SSACC R,5382957.0,
ESACC R,5382957.0,5382977 22 1042.7 462.8 1039.5 454.5 0.24 122
SFIX R,5382979.0,
EFIX R,5382979.0,5383091 114 1043.1 456.7 1558
SSACC R,5383093.0,
ESACC R,5383093.0,5383173 82 1045.6 453.4 1049.3 448.4 0.17 98
SFIX R,5383175.0,
EFIX R,5383175.0,5383209 36 1046.8 456.7 1566
SSACC R,5383211.0,
ESACC R,5383211.0,5383217 8 1047.6 462.9 1049.6 441.9 0.57 91
SFIX R,5383219.0,
EFIX R,5383219.0,5383275 58 1046.2 459.0 1569
SSACC R,5383277.0,
ESACC R,5383277.0,5383387 112 1043.9 467.0 1038.7 457.0 0.31 127
SFIX R,5383389.0,
EFIX R,5383389.0,5383429 42 1039.0 459.7 1572
SSACC R,5383431.0,
ESACC R,5383431.0,5383445 16 1044.3 468.4 1037.2 451.8 0.49 83
SFIX R,5383447.0,
EFIX R,5383447.0,5383513 68 1037.0 451.7 1585
SSACC R,5383515.0,
ESACC R,5383515.0,5383683 170 1035.4 444.0 1038.6 451.2 0.21 101
SFIX R,5383685.0,
EFIX R,5383685.0,5383799 116 1039.8 444.7 1608
SSACC R,5383801.0,
ESACC R,5383801.0,5383923 124 1042.2 434.3 1023.7 437.5 0.51 105
SFIX R,5383925.0,
EFIX R,5383925.0,5383949 26 1024.2 427.5 1630
SSACC R,5383951.0,
ESACC R,5383951.0,5384123 174 1028.1 436.1 1030.6 415.4 0.56 96
SFIX R,5384125.0,
EFIX R,5384125.0,5384185 62 1031.0 427.0 1649
SSACC R,5384187.0,
ESACC R,5384187.0,5384191 6 1030.5 443.7 1029.2 436.7 0.19 59
SFIX R,5384193.0,
EFIX R,5384193.0,5384273 82 1033.9 430.7 1658
SSACC R,5384275.0,
ESACC R,5384275.0,5384325 52 1036.3 451.8 1037.5 426.5 0.69 101
SFIX R,5384327.0,
EFIX R,5384327.0,5384361 36 1038.6 434.8 1670
SSACC R,5384363.0,
ESACC R,5384363.0,5384377 16 1041.0 424.3 1037.8 433.0 0.25 65
SFIX R,5384379.0,
EFIX R,5384379.0,5384401 24 1041.4 438.6 1676
SSACC R,5384403.0,
ESACC R,5384403.0,5384421 20 1033.6 448.8 1037.6 441.6 0.22 68
SFIX R,5384423.0,
EFIX R,5384423.0,5384447 26 1038.8 436.2 1679
SSACC R,5384449.0,
ESACC R,5384449.0,5384475 28 1040.0 448.7 1037.0 441.1 0.22 69
SFIX R,5384477.0,
EFIX R,5384477.0,5384541 66 1039.6 441.6 1680
SSACC R,5384543.0,
ESACC R,5384543.0,5384557 16 1042.8 427.1 1045.1 433.0 0.17 65
SFIX R,5384559.0,
EFIX R,5384559.0,5384591 34 1043.3 439.7 1682
SSACC R,5384593.0,
SBLINK R,5384811.0,
EBLINK R,5384811.0,5385123 314
ESACC R,5384593.0,5385395 804 1046.2 430.8 1052.6 396.6 0.94 1100
SFIX R,5385397.0,
EFIX R,5385397.0,5385481 86 1051.0 396.6 1649
SSACC R,5385483.0,
ESACC R,5385483.0,5385535 54 1046.7 396.8 1049.6 402.8 0.18 53
SFIX R,5385537.0,
EFIX R,5385537.0,5385561 26 1047.0 407.0 1606
SSACC R,5385563.0,
ESACC R,5385563.0,5385609 48 1046.7 404.3 1042.8 423.3 0.52 82
SFIX R,5385611.0,
EFIX R,5385611.0,5385771 162 1044.8 442.3 1481
SSACC R,5385773.0,
ESACC R,5385773.0,5385791 20 1042.7 460.0 1046.2 443.0 0.47 70
SFIX R,5385793.0,
EFIX R,5385793.0,5385845 54 1047.3 444.8 1409
SSACC R,5385847.0,
ESACC R,5385847.0,5385879 34 1047.5 438.0 1048.4 438.3 0.03 70
SFIX R,5385881.0,
EFIX R,5385881.0,5385961 82 1048.3 431.1 1385
SSACC R,5385963.0,
ESACC R,5385963.0,5386057 96 1048.8 448.9 1046.5 439.1 0.27 69
SFIX R,5386059.0,
EFIX R,5386059.0,5386125 68 1040.3 442.2 1355
SSACC R,5386127.0,
ESACC R,5386127.0,5386217 92 1036.4 425.9 1036.1 433.2 0.20 88
SFIX R,5386219.0,
EFIX R,5386219.0,5386407 190 1038.0 432.0 1363
SSACC R,5386409.0,
ESACC R,5386409.0,5386551 144 1041.5 429.2 1050.5 428.2 0.24 54
SFIX R,5386553.0,
EFIX R,5386553.0,5386573 22 1051.1 429.0 1401
SSACC R,5386575.0,
ESACC R,5386575.0,5386785 212 1051.4 438.8 1065.4 428.1 0.48 91
SFIX R,5386787.0,
EFIX R,5386787.0,5386855 70 1071.5 431.2 1470
SSACC R,5386857.0,
ESACC R,5386857.0,5386875 20 1075.0 418.6 1074.2 431.9 0.36 59
SFIX R,5386877.0,
EFIX R,5386877.0,5386987 112 1078.3 438.8 1489
SSACC R,5386989.0,
ESACC R,5386989.0,5387051 64 1079.6 453.8 1083.2 447.2 0.20 109
SFIX R,5387053.0,
EFIX R,5387053.0,5387303 252 1081.6 456.3 1510
SSACC R,5387305.0,
ESACC R,5387305.0,5387485 182 1078.7 466.0 1078.4 463.4 0.07 88
SFIX R,5387487.0,
EFIX R,5387487.0,5387523 38 1078.5 463.1 1517
SSACC R,5387525.0,
ESACC R,5387525.0,5387535 12 1076.2 446.1 1077.8 464.7 0.50 60
SFIX R,5387537.0,
EFIX R,5387537.0,5387573 38 1075.3 456.5 1527
SSACC R,5387575.0,
ESACC R,5387575.0,5387669 96 1073.7 468.7 1067.6 447.3 0.60 62
SFIX R,5387671.0,
EFIX R,5387671.0,5387705 36 1068.4 449.0 1549
SSACC R,5387707.0,
ESACC R,5387707.0,5387729 24 1071.3 441.1 1065.2 439.9 0.17 87
SFIX R,5387731.0,
EFIX R,5387731.0,5387779 50 1067.3 453.4 1549
SSACC R,5387781.0,
ESACC R,5387781.0,5387805 26 1067.5 453.0 1065.7 445.3 0.21 127
SFIX R,5387807.0,
EFIX R,5387807.0,5387899 94 1068.1 449.3 1552
SSACC R,5387901.0,
ESACC R,5387901.0,5388209 310 1070.3 446.1 1074.0 486.1 1.09 142
SFIX R,5388211.0,
EFIX R,5388211.0,5388313 104 1075.2 475.4 1507
SSACC R,5388315.0,
ESACC R,5388315.0,5388479 166 1077.7 477.7 1083.2 472.6 0.20 133
SFIX R,5388481.0,
EFIX R,5388481.0,5388735 256 1090.2 481.7 1479
SSACC R,5388737.0,
ESACC R,5388737.0,5388759 24 1092.8 485.2 1097.1 472.9 0.35 79
SFIX R,5388761.0,
EFIX R,5388761.0,5388795 36 1096.8 486.6 1469
SSACC R,5388797.0,
ESACC R,5388797.0,5389015 220 1098.1 476.4 1039.8 468.1 1.59 208
SFIX R,5389017.0,
EFIX R,5389017.0,5389041 26 1037.5 469.4 1475
SSACC R,5389043.0,
ESACC R,5389043.0,5389075 34 1038.2 471.2 1037.7 489.4 0.49 75
SFIX R,5389077.0,
EFIX R,5389077.0,5389107 32 1037.5 474.4 1476
SSACC R,5389109.0,
ESACC R,5389109.0,5389123 16 1036.7 464.2 1036.7 471.4 0.20 118
SFIX R,5389125.0,
EFIX R,5389125.0,5389169 46 1037.6 470.1 1477
SSACC R,5389171.0,
ESACC R,5389171.0,5389233 64 1037.0 466.2 1041.6 475.5 0.28 93
SFIX R,5389235.0,
EFIX R,5389235.0,5389311 78 1041.5 465.2 1485
SSACC R,5389313.0,
SBLINK R,5389423.0,
EBLINK R,5389423.0,5390057 636
ESACC R,5389313.0,5390137 826 1044.3 452.1 1065.0 480.3 0.95 1034
SFIX R,5390139.0,
EFIX R,5390139.0,5390171 34 1060.5 457.1 1505
SSACC R,5390173.0,
ESACC R,5390173.0,5390287 116 1056.5 448.9 1046.8 480.6 0.90 97
SFIX R,5390289.0,
EFIX R,5390289.0,5390321 34 1046.4 470.9 1494
SSACC R,5390323.0,
ESACC R,5390323.0,5390397 76 1044.6 472.1 1041.1 484.9 0.36 87
SFIX R,5390399.0,
EFIX R,5390399.0,5390507 110 1045.1 475.0 1381
SSACC R,5390509.0,
SBLINK R,5390595.0,
EBLINK R,5390595.0,5391453 860
ESACC R,5390509.0,5391773 1266 1039.2 474.9 1050.8 445.7 0.85 2052
SFIX R,5391775.0,
EFIX R,5391775.0,5391799 26 1051.6 444.1 1204
SSACC R,5391801.0,
ESACC R,5391801.0,5391923 124 1051.9 448.3 1041.1 427.6 0.63 83
SFIX R,5391925.0,
EFIX R,5391925.0,5391965 42 1038.9 440.5 1210
SSACC R,5391967.0,
ESACC R,5391967.0,5392277 312 1037.5 437.5 1037.7 445.9 0.23 152
SFIX R,5392279.0,
EFIX R,5392279.0,5392337 60 1040.2 435.2 1244
SSACC R,5392339.0,
ESACC R,5392339.0,5392385 48 1038.9 428.4 1041.0 443.3 0.41 74
SFIX R,5392387.0,
EFIX R,5392387.0,5392421 36 1038.9 439.6 1261
SSACC R,5392423.0,
ESACC R,5392423.0,5392603 182 1036.8 433.1 1017.8 429.4 0.52 105
SFIX R,5392605.0,
EFIX R,5392605.0,5392665 62 1018.3 437.2 1288
SSACC R,5392667.0,
ESACC R,5392667.0,5392745 80 1020.1 420.0 1017.5 439.4 0.53 83
SFIX R,5392747.0,
EFIX R,5392747.0,5392809 64 1020.3 444.3 1295
SSACC R,5392811.0,
SBLINK R,5393009.0,
EBLINK R,5393009.0,5393383 376
ESACC R,5392811.0,5393777 968 1022.9 436.2 1037.0 466.6 0.91 1143
SFIX R,5393779.0,
EFIX R,5393779.0,5393805 28 1036.2 461.9 1296
SSACC R,5393807.0,
ESACC R,5393807.0,5393857 52 1035.7 456.3 1032.4 449.1 0.21 87
SFIX R,5393859.0,
EFIX R,5393859.0,5393893 36 1029.8 463.3 1280
SSACC R,5393895.0,
ESACC R,5393895.0,5393923 30 1029.4 468.5 1044.6 481.3 0.54 110
SFIX R,5393925.0,
EFIX R,5393925.0,5393947 24 1047.4 488.8 1259
SSACC R,5393949.0,
ESACC R,5393949.0,5393959 12 1047.9 476.6 1041.6 498.5 0.62 80
SFIX R,5393961.0,
EFIX R,5393961.0,5394029 70 1044.1 488.8 1254
SSACC R,5394031.0,
ESACC R,5394031.0,5394201 172 1045.4 483.4 1020.0 485.8 0.69 101
SFIX R,5394203.0,
EFIX R,5394203.0,5394283 82 1019.4 487.8 1244
SSACC R,5394285.0,
SBLINK R,5394489.0,
EBLINK R,5394489.0,5394799 312
ESACC R,5394285.0,5395191 908 1017.3 493.6 1011.2 438.0 1.51 1781
SFIX R,5395193.0,
EFIX R,5395193.0,5395255 64 1011.2 428.1 1329
SSACC R,5395257.0,
SBLINK R,5395617.0,
EBLINK R,5395617.0,5397393 1778
ESACC R,5395257.0,5397709 2454 1012.1 415.7 1015.3 458.1 1.15 1764
SFIX R,5397711.0,
EFIX R,5397711.0,5397997 288 1007.0 452.4 1423
SSACC R,5397999.0,
ESACC R,5397999.0,5398213 216 1006.5 451.8 1002.5 478.8 0.74 88
SFIX R,5398215.0,
EFIX R,5398215.0,5398257 44 1005.6 479.4 1365
SSACC R,5398259.0,
ESACC R,5398259.0,5398275 18 1002.5 459.8 988.8 464.8 0.40 75
SFIX R,5398277.0,
EFIX R,5398277.0,5398315 40 990.8 456.6 1360
SSACC R,5398317.0,
ESACC R,5398317.0,5398423 108 992.6 452.1 994.3 463.2 0.30 98
SFIX R,5398425.0,
EFIX R,5398425.0,5398515 92 994.5 439.1 1346
SSACC R,5398517.0,
SBLINK R,5398951.0,
EBLINK R,5398951.0,5399505 556
ESACC R,5398517.0,5399687 1172 998.4 431.0 1040.7 416.6 1.21 649
SFIX R,5399689.0,
EFIX R,5399689.0,5399715 28 1036.6 422.0 1380
SSACC R,5399717.0,
ESACC R,5399717.0,5399759 44 1036.4 410.4 1035.2 416.6 0.17 73
SFIX R,5399761.0,
EFIX R,5399761.0,5399847 88 1034.4 421.8 1386
SSACC R,5399849.0,
ESACC R,5399849.0,5399925 78 1034.9 413.5 1049.9 437.7 0.77 92
SFIX R,5399927.0,
EFIX R,5399927.0,5400307 382 1035.2 452.3 1329
SSACC R,5400309.0,
ESACC R,5400309.0,5400327 20 1021.4 454.7 1018.1 456.0 0.10 90
SFIX R,5400329.0,
EFIX R,5400329.0,5400481 154 1017.7 459.4 1289
SSACC R,5400483.0,
ESACC R,5400483.0,5400577 96 1020.5 449.2 1019.3 441.0 0.22 115
SFIX R,5400579.0,
EFIX R,5400579.0,5400637 60 1021.0 437.4 1297
SSACC R,5400639.0,
ESACC R,5400639.0,5400761 124 1022.6 427.3 1020.5 411.6 0.43 88
SFIX R,5400763.0,
EFIX R,5400763.0,5400801 40 1017.1 414.9 1343
SSACC R,5400803.0,
ESACC R,5400803.0,5400847 46 1015.3 427.0 1021.0 406.6 0.57 112
SFIX R,5400849.0,
EFIX R,5400849.0,5400889 42 1020.4 405.2 1369
SSACC R,5400891.0,
ESACC R,5400891.0,5400915 26 1020.0 390.9 1025.9 409.8 0.53 97
SFIX R,5400917.0,
EFIX R,5400917.0,5400945 30 1025.0 409.7 1385
SSACC R,5400947.0,
ESACC R,5400947.0,5401025 80 1026.3 403.1 1024.9 420.3 0.47 80
SFIX R,5401027.0,
EFIX R,5401027.0,5401173 148 1024.9 417.6 1431
SSACC R,5401175.0,
ESACC R,5401175.0,5401333 160 1025.6 451.8 1055.9 458.9 0.84 141
SFIX R,5401335.0,
EFIX R,5401335.0,5401359 26 1056.2 444.8 1473
SSACC R,5401361.0,
ESACC R,5401361.0,5401415 56 1052.5 454.3 1032.9 435.1 0.74 106
SFIX R,5401417.0,
EFIX R,5401417.0,5401469 54 1034.5 440.9 1496
SSACC R,5401471.0,
ESACC R,5401471.0,5401515 46 1033.2 450.6 1033.8 428.3 0.60 84
SFIX R,5401517.0,
EFIX R,5401517.0,5401579 64 1031.7 436.2 1519
SSACC R,5401581.0,
ESACC R,5401581.0,5401595 16 1033.7 427.1 1032.2 442.8 0.43 71
SFIX R,5401597.0,
EFIX R,5401597.0,5401751 156 1026.6 436.8 1536
SSACC R,5401753.0,
ESACC R,5401753.0,5401911 160 1019.3 439.6 1014.4 453.2 0.39 101
SFIX R,5401913.0,
EFIX R,5401913.0,5401929 18 1017.0 446.7 1559
SSACC R,5401931.0,
ESACC R,5401931.0,5402183 254 1015.7 462.5 1011.4 459.0 0.15 137
SFIX R,5402185.0,
EFIX R,5402185.0,5402255 72 1012.9 461.7 1519
SSACC R,5402257.0,
ESACC R,5402257.0,5402293 38 1013.4 460.5 1013.2 466.8 0.17 117
SFIX R,5402295.0,
EFIX R,5402295.0,5402319 26 1013.8 465.6 1505
SSACC R,5402321.0,
ESACC R,5402321.0,5402717 398 1014.6 473.5 1023.3 479.5 0.29 126
SFIX R,5402719.0,
EFIX R,5402719.0,5402745 28 1019.6 475.8 1460
SSACC R,5402747.0,
ESACC R,5402747.0,5402829 84 1018.9 466.7 1012.6 470.9 0.21 98
SFIX R,5402831.0,
EFIX R,5402831.0,5402887 58 1012.6 470.6 1461
SSACC R,5402889.0,
ESACC R,5402889.0,5402973 86 1013.5 486.6 1005.9 478.6 0.30 103
SFIX R,5402975.0,
EFIX R,5402975.0,5403107 134 1006.1 483.0 1478
SSACC R,5403109.0,
SBLINK R,5403161.0,
EBLINK R,5403161.0,5403411 252
ESACC R,5403109.0,5403799 692 1005.4 486.3 1039.2 448.5 1.37 919
SFIX R,5403801.0,
EFIX R,5403801.0,5403831 32 1034.5 463.0 1464
SSACC R,5403833.0,
ESACC R,5403833.0,5404063 232 1028.6 462.0 994.4 477.9 1.02 108
SFIX R,5404065.0,
EFIX R,5404065.0,5404125 62 993.7 475.6 1379
SSACC R,5404127.0,
ESACC R,5404127.0,5404335 210 994.0 478.9 996.1 485.7 0.19 114
SFIX R,5404337.0,
EFIX R,5404337.0,5404379 44 993.4 484.3 1343
SSACC R,5404381.0,
SBLINK R,5404479.0,
EBLINK R,5404479.0,5404713 236
ESACC R,5404381.0,5405195 816 994.5 491.2 1021.1 463.3 1.04 1197
SFIX R,5405197.0,
EFIX R,5405197.0,5405221 26 1021.8 465.9 1431
SSACC R,5405223.0,
ESACC R,5405223.0,5405263 42 1021.2 467.4 1023.5 456.2 0.31 61
SFIX R,5405265.0,
EFIX R,5405265.0,5405297 34 1017.2 458.0 1438
SSACC R,5405299.0,
SBLINK R,5405497.0,
EBLINK R,5405497.0,5407575 2080
ESACC R,5405299.0,5408517 3220 1017.1 446.4 1004.1 512.9 1.84 974
SFIX R,5408519.0,
EFIX R,5408519.0,5408563 46 1003.1 510.5 1414
SSACC R,5408565.0,
ESACC R,5408565.0,5408641 78 1002.4 509.1 999.3 501.2 0.23 101
SFIX R,5408643.0,
EFIX R,5408643.0,5408673 32 996.2 504.8 1398
SSACC R,5408675.0,
ESACC R,5408675.0,5408947 274 993.6 523.6 994.2 514.2 0.26 109
SFIX R,5408949.0,
EFIX R,5408949.0,5408983 36 997.6 518.3 1377
SSACC R,5408985.0,
ESACC R,5408985.0,5409197 214 1000.2 524.9 1009.2 489.8 0.98 117
SFIX R,5409199.0,
EFIX R,5409199.0,5409271 74 1013.4 486.9 1389
SSACC R,5409273.0,
ESACC R,5409273.0,5409417 146 1014.9 483.1 1022.9 480.4 0.23 142
SFIX R,5409419.0,
EFIX R,5409419.0,5409455 38 1022.7 472.3 1409
SSACC R,5409457.0,
ESACC R,5409457.0,5409469 14 1021.8 446.9 1022.8 472.0 0.68 65
SFIX R,5409471.0,
EFIX R,5409471.0,5409521 52 1023.8 454.5 1429
SSACC R,5409523.0,
ESACC R,5409523.0,5409631 110 1026.5 453.1 1009.4 431.1 0.75 115
SFIX R,5409633.0,
EFIX R,5409633.0,5409719 88 1010.0 443.0 1456
SSACC R,5409721.0,
SBLINK R,5410181.0,
EBLINK R,5410181.0,5410529 350
ESACC R,5409721.0,5410927 1208 1014.4 440.2 1015.2 445.4 0.14 819
SFIX R,5410929.0,
EFIX R,5410929.0,5411033 106 1014.0 455.6 1503
SSACC R,5411035.0,
ESACC R,5411035.0,5411055 22 1014.7 468.0 1012.5 475.2 0.20 86
SFIX R,5411057.0,
EFIX R,5411057.0,5411177 122 1012.4 479.8 1466
SSACC R,5411179.0,
ESACC R,5411179.0,5411199 22 1011.4 492.3 1009.1 494.7 0.09 49
SFIX R,5411201.0,
EFIX R,5411201.0,5411345 146 1011.3 488.1 1429
SSACC R,5411347.0,
ESACC R,5411347.0,5411391 46 1010.4 484.1 1011.8 506.4 0.61 105
SFIX R,5411393.0,
EFIX R,5411393.0,5411419 28 1012.3 502.0 1392
SSACC R,5411421.0,
ESACC R,5411421.0,5411547 128 1010.6 505.5 1038.1 474.4 1.13 115
SFIX R,5411549.0,
EFIX R,5411549.0,5411609 62 1038.0 470.2 1385
SSACC R,5411611.0,
ESACC R,5411611.0,5411653 44 1035.1 466.5 1038.6 476.8 0.29 100
SFIX R,5411655.0,
EFIX R,5411655.0,5411777 124 1039.2 452.4 1383
SSACC R,5411779.0,
ESACC R,5411779.0,5412233 456 1039.7 423.6 1045.9 450.5 0.75 119
SFIX R,5412235.0,
EFIX R,5412235.0,5412311 78 1046.3 433.6 1495
SSACC R,5412313.0,
ESACC R,5412313.0,5412419 108 1046.0 418.6 1047.4 436.7 0.49 94
SFIX R,5412421.0,
EFIX R,5412421.0,5412453 34 1044.3 429.0 1507
SSACC R,5412455.0,
ESACC R,5412455.0,5412891 438 1045.9 414.8 1021.7 440.1 0.95 135
SFIX R,5412893.0,
EFIX R,5412893.0,5412925 34 1021.4 435.5 1542
SSACC R,5412927.0,
SBLINK R,5413759.0,
EBLINK R,5413759.0,5414195 438
ESACC R,5412927.0,5414619 1694 1020.6 445.3 1030.6 359.1 2.34 744
SFIX R,5414621.0,
EFIX R,5414621.0,5414659 40 1027.5 364.6 1504
SSACC R,5414661.0,
ESACC R,5414661.0,5414701 42 1027.0 361.0 1033.9 355.1 0.24 89
SFIX R,5414703.0,
EFIX R,5414703.0,5414725 24 1026.4 358.1 1511
SSACC R,5414727.0,
ESACC R,5414727.0,5414797 72 1014.8 358.8 1015.9 374.2 0.42 110
SFIX R,5414799.0,
EFIX R,5414799.0,5414877 80 1016.6 375.6 1492
SSACC R,5414879.0,
ESACC R,5414879.0,5415289 412 1016.2 401.2 1026.6 408.3 0.34 123
SFIX R,5415291.0,
EFIX R,5415291.0,5415327 38 1030.1 404.7 1394
SSACC R,5415329.0,
ESACC R,5415329.0,5415485 158 1032.6 399.5 1022.7 376.0 0.69 124
SFIX R,5415487.0,
EFIX R,5415487.0,5415547 62 1022.1 395.4 1439
SSACC R,5415549.0,
ESACC R,5415549.0,5416089 542 1029.2 395.3 1039.1 447.9 1.44 127
SFIX R,5416091.0,
EFIX R,5416091.0,5416125 36 1035.6 448.6 1540
SSACC R,5416127.0,
ESACC R,5416127.0,5416141 16 1038.6 439.5 1032.0 450.9 0.36 99
SFIX R,5416143.0,
EFIX R,5416143.0,5416191 50 1032.8 445.0 1554
SSACC R,5416193.0,
ESACC R,5416193.0,5416235 44 1026.8 442.4 1028.6 430.8 0.32 89
SFIX R,5416237.0,
EFIX R,5416237.0,5416305 70 1027.4 447.7 1561
SSACC R,5416307.0,
ESACC R,5416307.0,5416599 294 1025.8 465.1 1078.5 512.2 1.91 196
SFIX R,5416601.0,
EFIX R,5416601.0,5416639 40 1077.9 513.0 1524
SSACC R,5416641.0,
SBLINK R,5416975.0,
EBLINK R,5416975.0,5417373 400
ESACC R,5416641.0,5417813 1174 1080.6 510.4 1026.8 414.7 2.97 769
SFIX R,5417815.0,
EFIX R,5417815.0,5417855 42 1028.0 424.9 1379
SSACC R,5417857.0,
ESACC R,5417857.0,5417867 12 1027.9 428.1 1028.2 404.3 0.64 65
SFIX R,5417869.0,
EFIX R,5417869.0,5417965 98 1027.3 422.5 1336
SSACC R,5417967.0,
ESACC R,5417967.0,5418333 368 1024.1 410.3 1013.6 443.7 0.95 194
SFIX R,5418335.0,
EFIX R,5418335.0,5418375 42 1015.2 437.3 1267
SSACC R,5418377.0,
ESACC R,5418377.0,5419001 626 1016.3 416.6 1030.2 370.3 1.30 155
SFIX R,5419003.0,
EFIX R,5419003.0,5419031 30 1027.7 361.6 1416
SSACC R,5419033.0,
ESACC R,5419033.0,5419069 38 1026.8 347.1 1030.4 374.3 0.74 80
SFIX R,5419071.0,
EFIX R,5419071.0,5419147 78 1028.8 365.1 1431
SSACC R,5419149.0,
ESACC R,5419149.0,5419217 70 1030.1 371.8 1027.8 399.6 0.75 79
SFIX R,5419219.0,
EFIX R,5419219.0,5419319 102 1031.3 394.0 1451
SSACC R,5419321.0,
ESACC R,5419321.0,5419455 136 1032.4 397.1 1028.2 397.9 0.12 92
SFIX R,5419457.0,
EFIX R,5419457.0,5419533 78 1026.4 412.5 1493
SSACC R,5419535.0,
ESACC R,5419535.0,5420435 902 1019.6 413.8 1035.0 397.0 0.62 174
SFIX R,5420437.0,
EFIX R,5420437.0,5420479 44 1037.8 383.8 1501
SSACC R,5420481.0,
ESACC R,5420481.0,5420657 178 1040.4 396.0 1019.1 416.8 0.80 151
SFIX R,5420659.0,
EFIX R,5420659.0,5420715 58 1020.8 420.1 1469
SSACC R,5420717.0,
ESACC R,5420717.0,5420861 146 1016.5 419.2 1030.5 425.0 0.41 96
SFIX R,5420863.0,
EFIX R,5420863.0,5420919 58 1033.3 414.5 1448
SSACC R,5420921.0,
ESACC R,5420921.0,5421111 192 1049.3 410.4 1046.6 395.7 0.40 104
SFIX R,5421113.0,
EFIX R,5421113.0,5421139 28 1046.3 390.3 1430
SSACC R,5421141.0,
ESACC R,5421141.0,5421475 336 1045.0 391.9 1051.3 392.6 0.17 123
SFIX R,5421477.0,
EFIX R,5421477.0,5421509 34 1048.7 387.9 1443
SSACC R,5421511.0,
ESACC R,5421511.0,5421515 6 1048.2 406.0 1044.9 395.5 0.30 81
SFIX R,5421517.0,
EFIX R,5421517.0,5421545 30 1046.0 386.1 1455
SSACC R,5421547.0,
ESACC R,5421547.0,5421963 418 1049.9 398.3 1042.0 413.6 0.46 110
SFIX R,5421965.0,
EFIX R,5421965.0,5422035 72 1046.9 409.5 1437
SSACC R,5422037.0,
ESACC R,5422037.0,5422331 296 1050.9 419.5 1057.3 408.5 0.34 115
SFIX R,5422333.0,
EFIX R,5422333.0,5422361 30 1052.0 405.2 1453
SSACC R,5422363.0,
SBLINK R,5422411.0,
EBLINK R,5422411.0,5422723 314
ESACC R,5422363.0,5423167 806 1051.4 405.5 1043.3 383.4 0.64 814
SFIX R,5423169.0,
EFIX R,5423169.0,5423191 24 1043.7 381.8 1455
SSACC R,5423193.0,
ESACC R,5423193.0,5423253 62 1043.1 390.8 1036.8 429.2 1.05 96
SFIX R,5423255.0,
EFIX R,5423255.0,5423277 24 1033.7 413.9 1404
SSACC R,5423279.0,
ESACC R,5423279.0,5423531 254 1039.4 405.5 1026.1 426.4 0.67 161
SFIX R,5423533.0,
EFIX R,5423533.0,5423555 24 1022.7 430.8 1307
SSACC R,5423557.0,
ESACC R,5423557.0,5423573 18 1023.1 425.0 1021.6 448.6 0.64 121
SFIX R,5423575.0,
EFIX R,5423575.0,5423599 26 1023.5 434.0 1301
SSACC R,5423601.0,
ESACC R,5423601.0,5424043 444 1021.3 419.1 1028.9 407.2 0.38 130
SFIX R,5424045.0,
EFIX R,5424045.0,5424085 42 1029.7 405.0 1323
SSACC R,5424087.0,
ESACC R,5424087.0,5424139 54 1032.5 392.8 1030.2 418.5 0.70 134
SFIX R,5424141.0,
EFIX R,5424141.0,5424177 38 1035.2 422.0 1333
SSACC R,5424179.0,
ESACC R,5424179.0,5424533 356 1042.8 413.9 1014.8 448.6 1.21 183
SFIX R,5424535.0,
EFIX R,5424535.0,5424645 112 1014.3 458.6 1414
SSACC R,5424647.0,
ESACC R,5424647.0,5425319 674 1010.7 446.4 1047.9 439.8 1.02 126
SFIX R,5425321.0,
EFIX R,5425321.0,5425355 36 1048.1 440.6 1454
SSACC R,5425357.0,
ESACC R,5425357.0,5425485 130 1042.5 450.5 1039.6 447.4 0.11 99
SFIX R,5425487.0,
EFIX R,5425487.0,5425509 24 1039.9 434.7 1477
SSACC R,5425511.0,
ESACC R,5425511.0,5425751 242 1039.7 436.9 1015.4 415.5 0.88 149
SFIX R,5425753.0,
EFIX R,5425753.0,5425795 44 1015.9 435.1 1525
SSACC R,5425797.0,
ESACC R,5425797.0,5426487 692 1013.4 438.5 1022.7 483.3 1.24 189
SFIX R,5426489.0,
EFIX R,5426489.0,5426543 56 1024.3 485.8 1491
SSACC R,5426545.0,
ESACC R,5426545.0,5428293 1750 1025.7 514.0 991.5 491.2 1.11 361
SFIX R,5428295.0,
EFIX R,5428295.0,5428335 42 997.3 492.5 1430
SSACC R,5428337.0,
ESACC R,5428337.0,5428587 252 995.2 488.5 987.7 460.7 0.78 197
SFIX R,5428589.0,
EFIX R,5428589.0,5428615 28 986.0 453.0 1439
SSACC R,5428617.0,
ESACC R,5428617.0,5430805 2190 985.7 439.9 1073.1 430.9 2.38 410
SFIX R,5430807.0,
EFIX R,5430807.0,5430865 60 1072.2 423.8 1488
SSACC R,5430867.0,
SBLINK R,5430991.0,
EBLINK R,5430991.0,5431523 534
ESACC R,5430867.0,5432133 1268 1070.4 435.5 1014.9 443.4 1.52 668
SFIX R,5432135.0,
EFIX R,5432135.0,5432145 12 1014.6 434.4 1189
SSACC R,5432147.0,
ESACC R,5432147.0,5432163 18 1015.0 425.6 1013.1 444.7 0.52 88
SFIX R,5432165.0,
EFIX R,5432165.0,5432381 218 1006.6 448.4 1122
SSACC R,5432383.0,
ESACC R,5432383.0,5432441 60 1003.1 442.3 1003.8 454.0 0.32 82
SFIX R,5432443.0,
EFIX R,5432443.0,5432551 110 999.4 451.6 1083
SSACC R,5432553.0,
ESACC R,5432553.0,5432611 60 997.6 450.6 1002.8 444.9 0.21 72
SFIX R,5432613.0,
EFIX R,5432613.0,5432655 44 1001.6 431.2 1102
SSACC R,5432657.0,
ESACC R,5432657.0,5432683 28 1003.2 417.6 1004.1 417.8 0.02 58
SFIX R,5432685.0,
EFIX R,5432685.0,5432731 48 1004.6 421.4 1111
SSACC R,5432733.0,
ESACC R,5432733.0,5432745 14 1011.6 412.6 1031.7 389.3 0.83 96
SFIX R,5432747.0,
EFIX R,5432747.0,5432815 70 1023.6 383.4 1139
SSACC R,5432817.0,
ESACC R,5432817.0,5433009 194 1024.9 381.5 1016.9 389.1 0.30 173
SFIX R,5433011.0,
EFIX R,5433011.0,5433035 26 1020.8 391.8 1203
SSACC R,5433037.0,
ESACC R,5433037.0,5433129 94 1021.8 394.4 1016.3 426.9 0.89 133
SFIX R,5433131.0,
EFIX R,5433131.0,5433185 56 1021.0 422.6 1220
SSACC R,5433187.0,
SBLINK R,5433433.0,
EBLINK R,5433433.0,5433787 356
ESACC R,5433187.0,5434269 1084 1019.9 422.4 1036.3 398.0 0.79 1167
SFIX R,5434271.0,
EFIX R,5434271.0,5434311 42 1035.2 408.5 1417
SSACC R,5434313.0,
ESACC R,5434313.0,5435721 1410 1040.5 395.6 1053.0 444.1 1.35 222
SFIX R,5435723.0,
EFIX R,5435723.0,5435817 96 1048.8 448.9 1383
SSACC R,5435819.0,
ESACC R,5435819.0,5436657 840 1048.5 458.3 1043.1 417.2 1.12 166
SFIX R,5436659.0,
EFIX R,5436659.0,5436689 32 1042.2 425.1 1506
SSACC R,5436691.0,
ESACC R,5436691.0,5437451 762 1041.7 429.1 1052.6 450.8 0.66 362
SFIX R,5437453.0,
EFIX R,5437453.0,5437541 90 1048.2 471.5 1568
SSACC R,5437543.0,
ESACC R,5437543.0,5437835 294 1048.2 481.7 1076.5 462.6 0.92 135
SFIX R,5437837.0,
EFIX R,5437837.0,5437863 28 1077.6 458.8 1570
SSACC R,5437865.0,
ESACC R,5437865.0,5438375 512 1075.2 455.8 1068.9 445.7 0.32 190
SFIX R,5438377.0,
EFIX R,5438377.0,5438421 46 1067.4 462.6 1544
SSACC R,5438423.0,
ESACC R,5438423.0,5438519 98 1066.5 468.4 1065.2 449.4 0.52 131
SFIX R,5438521.0,
EFIX R,5438521.0,5438565 46 1059.2 446.0 1551
SSACC R,5438567.0,
ESACC R,5438567.0,5439103 538 1055.0 438.7 1055.8 421.9 0.45 141
SFIX R,5439105.0,
EFIX R,5439105.0,5439133 30 1058.1 421.1 1527
SSACC R,5439135.0,
ESACC R,5439135.0,5440535 1402 1057.5 412.8 1032.2 422.7 0.73 259
SFIX R,5440537.0,
EFIX R,5440537.0,5440561 26 1033.0 423.5 1568
SSACC R,5440563.0,
SBLINK R,5441049.0,
EBLINK R,5441049.0,5441231 184
ESACC R,5440563.0,5441593 1032 1033.9 417.2 1083.9 392.6 1.50 1673
SFIX R,5441595.0,
EFIX R,5441595.0,5441619 26 1081.9 398.0 1419
SSACC R,5441621.0,
ESACC R,5441621.0,5442077 458 1079.5 385.8 1032.0 443.4 2.02 289
SFIX R,5442079.0,
EFIX R,5442079.0,5442189 112 1031.1 433.2 1413
SSACC R,5442191.0,
ESACC R,5442191.0,5442219 30 1027.8 426.3 1032.1 426.7 0.12 120
SFIX R,5442221.0,
EFIX R,5442221.0,5442279 60 1032.9 424.1 1425
SSACC R,5442281.0,
ESACC R,5442281.0,5442333 54 1036.4 406.4 1040.3 426.4 0.55 130
SFIX R,5442335.0,
EFIX R,5442335.0,5442359 26 1041.0 426.0 1427
SSACC R,5442361.0,
ESACC R,5442361.0,5442555 196 1040.4 432.8 1039.5 408.1 0.67 142
SFIX R,5442557.0,
EFIX R,5442557.0,5442597 42 1041.2 405.7 1456
SSACC R,5442599.0,
ESACC R,5442599.0,5442897 300 1039.0 392.2 1067.3 399.8 0.79 137
SFIX R,5442899.0,
EFIX R,5442899.0,5443003 106 1065.6 401.3 1503
SSACC R,5443005.0,
ESACC R,5443005.0,5443189 186 1065.4 418.1 1051.1 424.9 0.43 127
SFIX R,5443191.0,
EFIX R,5443191.0,5443243 54 1056.9 423.5 1539
SSACC R,5443245.0,
ESACC R,5443245.0,5443297 54 1056.0 420.0 1055.4 426.9 0.19 99
SFIX R,5443299.0,
EFIX R,5443299.0,5443397 100 1057.1 438.8 1539
SSACC R,5443399.0,
ESACC R,5443399.0,5443883 486 1058.0 418.2 1049.0 449.5 0.88 163
SFIX R,5443885.0,
EFIX R,5443885.0,5443935 52 1047.7 444.7 1571
SSACC R,5443937.0,
ESACC R,5443937.0,5444003 68 1046.9 454.3 1045.7 441.8 0.34 98
SFIX R,5444005.0,
EFIX R,5444005.0,5444049 46 1046.0 439.4 1584
SSACC R,5444051.0,
ESACC R,5444051.0,5444083 34 1049.3 440.2 1049.5 425.9 0.39 71
SFIX R,5444085.0,
EFIX R,5444085.0,5444129 46 1051.6 438.5 1585
SSACC R,5444131.0,
ESACC R,5444131.0,5444269 140 1050.5 428.0 1049.2 442.2 0.39 123
SFIX R,5444271.0,
EFIX R,5444271.0,5444301 32 1049.5 447.2 1590
SSACC R,5444303.0,
ESACC R,5444303.0,5444705 404 1045.3 439.8 1058.1 407.9 0.93 136
SFIX R,5444707.0,
EFIX R,5444707.0,5444841 136 1052.2 407.9 1656
SSACC R,5444843.0,
ESACC R,5444843.0,5444907 66 1046.7 424.0 1046.6 403.3 0.56 65
SFIX R,5444909.0,
EFIX R,5444909.0,5444937 30 1046.7 407.8 1674
SSACC R,5444939.0,
ESACC R,5444939.0,5444999 62 1047.0 409.7 1045.5 408.4 0.05 71
SFIX R,5445001.0,
EFIX R,5445001.0,5445037 38 1042.9 403.2 1695
SSACC R,5445039.0,
SBLINK R,5445363.0,
EBLINK R,5445363.0,5445643 282
ESACC R,5445039.0,5446413 1376 1042.3 404.6 1059.2 468.0 1.78 1032
SFIX R,5446415.0,
EFIX R,5446415.0,5446503 90 1060.4 474.7 1436
SSACC R,5446505.0,
ESACC R,5446505.0,5446551 48 1058.6 458.5 1062.4 459.7 0.11 71
SFIX R,5446553.0,
EFIX R,5446553.0,5446681 130 1057.7 451.8 1380
SSACC R,5446683.0,
ESACC R,5446683.0,5446761 80 1056.6 450.7 1053.7 441.8 0.25 74
SFIX R,5446763.0,
EFIX R,5446763.0,5446897 136 1054.4 437.8 1341
SSACC R,5446899.0,
ESACC R,5446899.0,5446911 14 1056.1 426.2 1052.4 446.9 0.57 83
SFIX R,5446913.0,
EFIX R,5446913.0,5446945 34 1050.9 439.4 1340
SSACC R,5446947.0,
ESACC R,5446947.0,5447043 98 1050.4 459.4 1048.4 435.8 0.64 81
SFIX R,5447045.0,
EFIX R,5447045.0,5447065 22 1051.0 437.1 1349
SSACC R,5447067.0,
ESACC R,5447067.0,5447081 16 1052.7 445.1 1052.6 434.1 0.30 62
SFIX R,5447083.0,
EFIX R,5447083.0,5447345 264 1049.0 454.8 1367
SSACC R,5447347.0,
ESACC R,5447347.0,5447517 172 1042.1 473.4 1046.5 472.9 0.12 65
SFIX R,5447519.0,
EFIX R,5447519.0,5447571 54 1041.7 478.4 1401
SSACC R,5447573.0,
ESACC R,5447573.0,5447637 66 1041.1 468.4 1041.0 459.6 0.24 88
SFIX R,5447639.0,
EFIX R,5447639.0,5447689 52 1041.5 471.6 1422
SSACC R,5447691.0,
ESACC R,5447691.0,5447877 188 1042.1 467.3 1035.0 487.1 0.57 112
SFIX R,5447879.0,
EFIX R,5447879.0,5448063 186 1035.0 480.5 1447
SSACC R,5448065.0,
ESACC R,5448065.0,5448079 16 1032.3 477.1 1032.7 473.5 0.10 80
SFIX R,5448081.0,
EFIX R,5448081.0,5448101 22 1033.1 472.0 1462
SSACC R,5448103.0,
ESACC R,5448103.0,5448163 62 1029.9 487.2 1028.3 476.0 0.31 89
SFIX R,5448165.0,
EFIX R,5448165.0,5448209 46 1029.0 475.5 1471
SSACC R,5448211.0,
ESACC R,5448211.0,5448397 188 1024.1 448.6 1025.3 486.9 1.04 104
SFIX R,5448399.0,
EFIX R,5448399.0,5448433 36 1025.6 487.0 1498
SSACC R,5448435.0,
ESACC R,5448435.0,5448513 80 1024.0 482.8 1025.6 497.3 0.40 105
SFIX R,5448515.0,
EFIX R,5448515.0,5448677 164 1025.4 487.4 1516
SSACC R,5448679.0,
ESACC R,5448679.0,5448783 106 1022.9 478.0 1025.8 491.4 0.37 107
SFIX R,5448785.0,
EFIX R,5448785.0,5448869 86 1025.2 485.5 1532
SSACC R,5448871.0,
ESACC R,5448871.0,5448939 70 1024.4 479.2 1020.5 491.0 0.34 121
SFIX R,5448941.0,
EFIX R,5448941.0,5448975 36 1022.0 482.3 1529
SSACC R,5448977.0,
ESACC R,5448977.0,5448987 12 1023.3 479.0 1022.2 469.5 0.26 58
SFIX R,5448989.0,
EFIX R,5448989.0,5449013 26 1018.9 471.8 1535
SSACC R,5449015.0,
ESACC R,5449015.0,5449049 36 1020.5 476.3 1059.0 461.3 1.12 155
SFIX R,5449051.0,
EFIX R,5449051.0,5449131 82 1060.5 471.0 1525
SSACC R,5449133.0,
ESACC R,5449133.0,5449197 66 1059.5 479.1 1059.1 472.9 0.17 75
SFIX R,5449199.0,
EFIX R,5449199.0,5449251 54 1061.4 471.7 1528
SSACC R,5449253.0,
ESACC R,5449253.0,5449393 142 1060.2 451.2 1020.5 472.2 1.22 154
SFIX R,5449395.0,
EFIX R,5449395.0,5449431 38 1017.9 475.1 1544
SSACC R,5449433.0,
ESACC R,5449433.0,5449479 48 1015.8 469.7 1020.4 468.7 0.13 90
SFIX R,5449481.0,
EFIX R,5449481.0,5449505 26 1022.7 478.7 1538
SSACC R,5449507.0,
ESACC R,5449507.0,5449705 200 1020.6 474.5 1024.5 493.1 0.52 84
SFIX R,5449707.0,
EFIX R,5449707.0,5449771 66 1027.1 499.9 1514
SSACC R,5449773.0,
ESACC R,5449773.0,5449873 102 1030.3 490.9 1034.9 502.9 0.35 113
SFIX R,5449875.0,
EFIX R,5449875.0,5449895 22 1037.0 507.1 1499
SSACC R,5449897.0,
SBLINK R,5449933.0,
EBLINK R,5449933.0,5450085 154
ESACC R,5449897.0,5450325 430 1039.9 507.4 264.2 649.5 20.29 1687
SFIX R,5450327.0,
EFIX R,5450327.0,5450349 24 268.4 656.4 1488
SSACC R,5450351.0,
ESACC R,5450351.0,5450763 414 268.2 659.3 1035.2 461.1 20.40 641
SFIX R,5450765.0,
EFIX R,5450765.0,5450779 16 1033.5 458.3 1469
SSACC R,5450781.0,
ESACC R,5450781.0,5451335 556 1036.3 461.5 1053.1 488.6 0.86 136
SFIX R,5451337.0,
EFIX R,5451337.0,5451405 70 1052.5 486.2 1446
SSACC R,5451407.0,
ESACC R,5451407.0,5451663 258 1052.3 491.3 1048.1 472.0 0.54 147
SFIX R,5451665.0,
EFIX R,5451665.0,5451705 42 1051.8 482.5 1452
SSACC R,5451707.0,
ESACC R,5451707.0,5451743 38 1056.7 507.1 1048.6 469.1 1.05 147
SFIX R,5451745.0,
EFIX R,5451745.0,5451833 90 1049.8 481.6 1456
SSACC R,5451835.0,
ESACC R,5451835.0,5451971 138 1047.5 466.0 1040.6 470.4 0.22 99
SFIX R,5451973.0,
EFIX R,5451973.0,5452049 78 1041.5 465.3 1470
SSACC R,5452051.0,
ESACC R,5452051.0,5452197 148 1043.2 479.9 1045.4 460.2 0.54 107
SFIX R,5452199.0,
EFIX R,5452199.0,5452289 92 1043.4 462.1 1491
SSACC R,5452291.0,
ESACC R,5452291.0,5452443 154 1046.2 459.8 1064.5 448.9 0.58 92
SFIX R,5452445.0,
EFIX R,5452445.0,5452503 60 1066.2 456.2 1516
SSACC R,5452505.0,
ESACC R,5452505.0,5452659 156 1067.6 451.0 1059.6 481.0 0.84 98
SFIX R,5452661.0,
EFIX R,5452661.0,5452759 100 1060.2 475.5 1505
SSACC R,5452761.0,
ESACC R,5452761.0,5452841 82 1062.2 502.5 1056.9 477.2 0.70 90
SFIX R,5452843.0,
EFIX R,5452843.0,5452879 38 1060.3 482.4 1501
SSACC R,5452881.0,
ESACC R,5452881.0,5453059 180 1060.7 478.2 1059.7 486.1 0.22 97
SFIX R,5453061.0,
EFIX R,5453061.0,5453173 114 1057.5 485.8 1505
SSACC R,5453175.0,
ESACC R,5453175.0,5453625 452 1052.5 474.4 347.7 773.5 19.90 468
SFIX R,5453627.0,
EFIX R,5453627.0,5453793 168 336.9 766.0 1580
SSACC R,5453795.0,
ESACC R,5453795.0,5453877 84 344.2 758.2 116.9 919.3 6.79 400
SFIX R,5453879.0,
EFIX R,5453879.0,5453961 84 109.3 916.3 1492
SSACC R,5453963.0,
ESACC R,5453963.0,5455217 1256 106.9 938.8 1021.0 487.7 25.54 1041
SFIX R,5455219.0,
EFIX R,5455219.0,5455249 32 1019.0 496.2 1339
SSACC R,5455251.0,
ESACC R,5455251.0,5455339 90 1018.6 498.9 1016.2 499.7 0.07 106
SFIX R,5455341.0,
EFIX R,5455341.0,5455369 30 1020.4 498.6 1312
SSACC R,5455371.0,
ESACC R,5455371.0,5455741 372 1021.0 504.6 1034.7 449.1 1.55 151
SFIX R,5455743.0,
EFIX R,5455743.0,5455799 58 1035.7 438.7 1314
SSACC R,5455801.0,
ESACC R,5455801.0,5455841 42 1034.9 446.4 1034.4 442.8 0.10 93
SFIX R,5455843.0,
EFIX R,5455843.0,5455929 88 1038.2 436.3 1336
SSACC R,5455931.0,
ESACC R,5455931.0,5456025 96 1042.5 445.5 1040.0 445.1 0.07 113
SFIX R,5456027.0,
EFIX R,5456027.0,5456105 80 1040.2 448.2 1352
SSACC R,5456107.0,
ESACC R,5456107.0,5456743 638 1032.8 454.2 1030.4 405.5 1.32 123
SFIX R,5456745.0,
EFIX R,5456745.0,5456787 44 1029.8 406.3 1555
SSACC R,5456789.0,
ESACC R,5456789.0,5457071 284 1028.2 404.6 1021.4 422.3 0.51 92
SFIX R,5457073.0,
EFIX R,5457073.0,5457101 30 1023.7 417.7 1621
SSACC R,5457103.0,
ESACC R,5457103.0,5457629 528 1022.9 415.4 1037.6 403.0 0.52 167
SFIX R,5457631.0,
EFIX R,5457631.0,5457653 24 1039.1 406.7 1612
SSACC R,5457655.0,
ESACC R,5457655.0,5457835 182 1037.8 413.7 1016.9 409.4 0.58 94
SFIX R,5457837.0,
EFIX R,5457837.0,5457861 26 1014.0 414.5 1577
SSACC R,5457863.0,
ESACC R,5457863.0,5457893 32 1013.0 409.5 1017.1 438.7 0.80 80
SFIX R,5457895.0,
EFIX R,5457895.0,5457991 98 1019.4 435.7 1540
SSACC R,5457993.0,
ESACC R,5457993.0,5458459 468 1021.6 460.5 1021.6 422.9 1.02 115
SFIX R,5458461.0,
EFIX R,5458461.0,5458497 38 1025.5 430.2 1434
SSACC R,5458499.0,
SBLINK R,5458555.0,
EBLINK R,5458555.0,5458749 196
ESACC R,5458499.0,5459479 982 1026.0 440.6 1028.9 433.6 0.20 1056
SFIX R,5459481.0,
EFIX R,5459481.0,5459539 60 1029.7 430.8 1456
SSACC R,5459541.0,
ESACC R,5459541.0,5459629 90 1028.0 424.2 1047.6 410.0 0.65 130
SFIX R,5459631.0,
EFIX R,5459631.0,5459667 38 1048.3 422.0 1463
SSACC R,5459669.0,
SBLINK R,5459779.0,
EBLINK R,5459779.0,5459973 196
ESACC R,5459669.0,5460659 992 1050.0 434.3 1034.4 456.4 0.73 897
SFIX R,5460661.0,
EFIX R,5460661.0,5460709 50 1034.9 455.9 1404
SSACC R,5460711.0,
ESACC R,5460711.0,5460787 78 1040.4 462.8 1039.5 475.6 0.35 101
SFIX R,5460789.0,
EFIX R,5460789.0,5460893 106 1040.5 471.2 1347
SSACC R,5460895.0,
ESACC R,5460895.0,5461055 162 1036.2 490.0 1042.7 462.6 0.76 93
SFIX R,5461057.0,
EFIX R,5461057.0,5461101 46 1041.7 474.1 1308
SSACC R,5461103.0,
ESACC R,5461103.0,5461197 96 1039.9 488.0 1044.9 468.9 0.54 75
SFIX R,5461199.0,
EFIX R,5461199.0,5461313 116 1046.5 475.6 1304
SSACC R,5461315.0,
SBLINK R,5461409.0,
EBLINK R,5461409.0,5461779 372
ESACC R,5461315.0,5461859 546 1045.7 461.8 1050.0 404.5 1.56 985
SFIX R,5461861.0,
EFIX R,5461861.0,5461893 34 1047.3 397.2 1445
SSACC R,5461895.0,
ESACC R,5461895.0,5462041 148 1042.3 411.5 1052.8 431.1 0.60 128
SFIX R,5462043.0,
EFIX R,5462043.0,5462075 34 1050.3 418.6 1467
SSACC R,5462077.0,
ESACC R,5462077.0,5462101 26 1051.3 415.3 1044.5 421.5 0.25 86
SFIX R,5462103.0,
EFIX R,5462103.0,5462127 26 1047.1 423.5 1468
SSACC R,5462129.0,
ESACC R,5462129.0,5462489 362 1041.9 413.5 1007.7 445.3 1.26 140
SFIX R,5462491.0,
EFIX R,5462491.0,5462513 24 1005.0 459.2 1382
SSACC R,5462515.0,
ESACC R,5462515.0,5462535 22 1006.7 475.4 1007.4 457.5 0.49 80
SFIX R,5462537.0,
EFIX R,5462537.0,5462605 70 1009.7 452.1 1379
SSACC R,5462607.0,
ESACC R,5462607.0,5462659 54 1009.6 446.7 1010.2 467.7 0.57 114
SFIX R,5462661.0,
EFIX R,5462661.0,5462713 54 1011.4 455.0 1366
SSACC R,5462715.0,
ESACC R,5462715.0,5463033 320 1011.1 456.8 1022.9 431.7 0.75 102
SFIX R,5463035.0,
EFIX R,5463035.0,5463115 82 1028.6 445.4 1393
SSACC R,5463117.0,
ESACC R,5463117.0,5463265 150 1029.9 437.9 1027.2 456.1 0.50 99
SFIX R,5463267.0,
EFIX R,5463267.0,5463289 24 1026.0 450.4 1440
SSACC R,5463291.0,
ESACC R,5463291.0,5463319 30 1024.2 467.8 1029.4 455.9 0.35 63
SFIX R,5463321.0,
EFIX R,5463321.0,5463493 174 1024.9 459.7 1470
SSACC R,5463495.0,
ESACC R,5463495.0,5463523 30 1019.5 452.0 1025.2 467.8 0.46 85
SFIX R,5463525.0,
EFIX R,5463525.0,5463571 48 1025.5 463.4 1497
SSACC R,5463573.0,
ESACC R,5463573.0,5463585 14 1027.2 473.3 1030.1 451.7 0.59 70
SFIX R,5463587.0,
EFIX R,5463587.0,5463681 96 1025.9 470.1 1509
SSACC R,5463683.0,
ESACC R,5463683.0,5463781 100 1033.6 479.6 1043.6 469.8 0.38 94
SFIX R,5463783.0,
EFIX R,5463783.0,5463803 22 1040.3 471.8 1504
SSACC R,5463805.0,
ESACC R,5463805.0,5463875 72 1035.4 488.9 1033.3 472.6 0.45 86
SFIX R,5463877.0,
EFIX R,5463877.0,5463909 34 1033.8 476.1 1506
SSACC R,5463911.0,
ESACC R,5463911.0,5463941 32 1033.4 466.7 1030.9 473.8 0.20 89
SFIX R,5463943.0,
EFIX R,5463943.0,5464061 120 1032.1 476.0 1503
SSACC R,5464063.0,
ESACC R,5464063.0,5464115 54 1032.6 472.3 1036.3 458.5 0.39 102
SFIX R,5464117.0,
EFIX R,5464117.0,5464147 32 1034.1 462.2 1505
SSACC R,5464149.0,
ESACC R,5464149.0,5464889 742 1032.8 465.9 1025.1 461.2 0.24 125
SFIX R,5464891.0,
EFIX R,5464891.0,5464949 60 1022.1 461.8 1546
SSACC R,5464951.0,
ESACC R,5464951.0,5465031 82 1021.9 460.9 1020.6 451.8 0.25 114
SFIX R,5465033.0,
EFIX R,5465033.0,5465061 30 1019.1 464.7 1541
SSACC R,5465063.0,
ESACC R,5465063.0,5465675 614 1027.0 465.1 1012.5 438.9 0.81 300
SFIX R,5465677.0,
EFIX R,5465677.0,5465713 38 1014.8 445.3 1514
SSACC R,5465715.0,
ESACC R,5465715.0,5465781 68 1015.1 434.8 1008.9 457.3 0.63 90
SFIX R,5465783.0,
EFIX R,5465783.0,5465807 26 1009.5 444.6 1512
SSACC R,5465809.0,
ESACC R,5465809.0,5465843 36 1009.0 437.1 1009.5 451.7 0.40 135
SFIX R,5465845.0,
EFIX R,5465845.0,5465867 24 1011.5 445.1 1505
SSACC R,5465869.0,
ESACC R,5465869.0,5465991 124 1009.2 459.3 1005.9 444.3 0.42 112
SFIX R,5465993.0,
EFIX R,5465993.0,5466019 28 1004.9 464.1 1482
SSACC R,5466021.0,
ESACC R,5466021.0,5466309 290 1003.6 480.3 1017.8 466.9 0.53 140
SFIX R,5466311.0,
EFIX R,5466311.0,5466387 78 1022.1 461.6 1462
SSACC R,5466389.0,
ESACC R,5466389.0,5466769 382 1023.5 450.2 1026.5 471.2 0.57 147
SFIX R,5466771.0,
EFIX R,5466771.0,5466937 168 1024.8 444.1 1472
SSACC R,5466939.0,
ESACC R,5466939.0,5467233 296 1021.7 453.6 1545.1 1006.0 19.73 565
SFIX R,5467235.0,
EFIX R,5467235.0,5467273 40 1544.7 1005.0 1439
SSACC R,5467275.0,
SBLINK R,5467523.0,
EBLINK R,5467523.0,5468087 566
ESACC R,5467275.0,5468729 1456 1538.8 1017.2 993.4 424.9 20.86 586
SFIX R,5468731.0,
EFIX R,5468731.0,5468841 112 993.3 438.8 1187
SSACC R,5468843.0,
ESACC R,5468843.0,5468899 58 989.3 427.2 992.4 421.4 0.18 92
SFIX R,5468901.0,
EFIX R,5468901.0,5468955 56 992.9 435.6 1179
SSACC R,5468957.0,
ESACC R,5468957.0,5469067 112 993.7 444.5 993.7 435.7 0.24 109
SFIX R,5469069.0,
EFIX R,5469069.0,5469093 26 993.7 434.8 1188
SSACC R,5469095.0,
ESACC R,5469095.0,5469155 62 996.1 437.5 995.8 437.0 0.02 86
SFIX R,5469157.0,
EFIX R,5469157.0,5469201 46 996.5 442.6 1196
SSACC R,5469203.0,
ESACC R,5469203.0,5469285 84 994.8 431.3 1009.7 431.1 0.40 105
SFIX R,5469287.0,
EFIX R,5469287.0,5469335 50 1016.0 436.3 1215
SSACC R,5469337.0,
ESACC R,5469337.0,5469389 54 1020.1 444.0 1015.8 431.1 0.37 95
SFIX R,5469391.0,
EFIX R,5469391.0,5469419 30 1018.2 440.5 1236
SSACC R,5469421.0,
ESACC R,5469421.0,5469473 54 1019.4 451.0 1019.5 454.8 0.10 92
SFIX R,5469475.0,
EFIX R,5469475.0,5469523 50 1017.3 449.9 1263
SSACC R,5469525.0,
ESACC R,5469525.0,5469601 78 1017.7 457.0 1018.9 462.4 0.15 100
SFIX R,5469603.0,
EFIX R,5469603.0,5469637 36 1018.5 466.2 1281
SSACC R,5469639.0,
ESACC R,5469639.0,5469681 44 1020.6 454.6 1016.1 472.9 0.51 83
SFIX R,5469683.0,
EFIX R,5469683.0,5469771 90 1011.1 472.3 1312
SSACC R,5469773.0,
ESACC R,5469773.0,5469787 16 1009.9 481.4 1009.9 496.7 0.41 89
SFIX R,5469789.0,
EFIX R,5469789.0,5469817 30 1004.9 483.0 1332
SSACC R,5469819.0,
ESACC R,5469819.0,5469825 8 1007.2 468.8 1008.7 476.7 0.22 48
SFIX R,5469827.0,
EFIX R,5469827.0,5469857 32 1006.2 481.8 1348
SSACC R,5469859.0,
ESACC R,5469859.0,5469891 34 1005.9 481.3 1006.7 480.9 0.02 62
SFIX R,5469893.0,
EFIX R,5469893.0,5469955 64 1005.3 494.5 1362
SSACC R,5469957.0,
ESACC R,5469957.0,5470083 128 1002.8 491.7 996.9 487.2 0.20 107
SFIX R,5470085.0,
EFIX R,5470085.0,5470141 58 996.5 499.1 1413
SSACC R,5470143.0,
ESACC R,5470143.0,5470457 316 994.6 492.8 984.1 483.4 0.38 112
SFIX R,5470459.0,
EFIX R,5470459.0,5470505 48 981.3 478.2 1521
SSACC R,5470507.0,
ESACC R,5470507.0,5470679 174 978.1 478.1 975.1 474.1 0.14 90
SFIX R,5470681.0,
EFIX R,5470681.0,5470689 10 976.9 468.2 1558
SSACC R,5470691.0,
ESACC R,5470691.0,5470707 18 977.7 474.5 978.3 457.6 0.46 88
SFIX R,5470709.0,
EFIX R,5470709.0,5470755 48 976.1 466.9 1565
SSACC R,5470757.0,
ESACC R,5470757.0,5470853 98 975.3 474.0 998.5 465.5 0.67 130
SFIX R,5470855.0,
EFIX R,5470855.0,5470875 22 1003.3 468.9 1579
SSACC R,5470877.0,
ESACC R,5470877.0,5470901 26 1006.3 481.3 1002.6 467.3 0.39 73
SFIX R,5470903.0,
EFIX R,5470903.0,5470933 32 1001.0 468.3 1589
SSACC R,5470935.0,
ESACC R,5470935.0,5471003 70 1003.0 455.4 996.7 467.9 0.38 110
SFIX R,5471005.0,
EFIX R,5471005.0,5471101 98 995.9 479.9 1598
SSACC R,5471103.0,
ESACC R,5471103.0,5471321 220 997.2 490.5 998.1 482.8 0.21 108
SFIX R,5471323.0,
EFIX R,5471323.0,5471581 260 1002.5 483.0 1628
SSACC R,5471583.0,
ESACC R,5471583.0,5471767 186 1002.9 471.7 1000.2 487.6 0.44 111
SFIX R,5471769.0,
EFIX R,5471769.0,5471793 26 1004.5 483.1 1637
SSACC R,5471795.0,
ESACC R,5471795.0,5471819 26 1002.7 493.5 1004.8 469.5 0.65 104
SFIX R,5471821.0,
EFIX R,5471821.0,5472119 300 1010.0 487.0 1629
SSACC R,5472121.0,
SBLINK R,5472221.0,
EBLINK R,5472221.0,5473495 1276
ESACC R,5472121.0,5473705 1586 1012.3 472.2 1010.9 451.7 0.56 1072
SFIX R,5473707.0,
EFIX R,5473707.0,5473765 60 1013.0 451.5 1504
SSACC R,5473767.0,
ESACC R,5473767.0,5473831 66 1013.2 458.2 1013.6 451.2 0.19 89
SFIX R,5473833.0,
EFIX R,5473833.0,5473879 48 1012.6 448.9 1523
SSACC R,5473881.0,
ESACC R,5473881.0,5474069 190 1010.3 459.5 1011.4 512.2 1.43 112
SFIX R,5474071.0,
EFIX R,5474071.0,5474129 60 1013.9 491.9 1526
SSACC R,5474131.0,
ESACC R,5474131.0,5474205 76 1015.6 512.3 1012.8 513.3 0.08 109
SFIX R,5474207.0,
EFIX R,5474207.0,5474237 32 1007.9 506.3 1507
SSACC R,5474239.0,
ESACC R,5474239.0,5474361 124 1010.1 521.0 1006.0 493.5 0.75 83
SFIX R,5474363.0,
EFIX R,5474363.0,5474391 30 1009.0 496.7 1485
SSACC R,5474393.0,
ESACC R,5474393.0,5475083 692 1009.7 499.9 1008.9 462.8 1.01 111
SFIX R,5475085.0,
EFIX R,5475085.0,5475137 54 1006.7 459.6 1501
SSACC R,5475139.0,
ESACC R,5475139.0,5475167 30 1004.5 469.2 1005.1 450.0 0.52 64
SFIX R,5475169.0,
EFIX R,5475169.0,5475199 32 1003.0 455.8 1510
SSACC R,5475201.0,
ESACC R,5475201.0,5475707 508 1001.9 440.7 1000.6 411.7 0.79 149
SFIX R,5475709.0,
EFIX R,5475709.0,5475759 52 997.9 413.3 1606
SSACC R,5475761.0,
SBLINK R,5475861.0,
EBLINK R,5475861.0,5476031 172
ESACC R,5475761.0,5476627 868 997.2 409.3 1027.1 453.8 1.45 731
SFIX R,5476629.0,
EFIX R,5476629.0,5476677 50 1027.9 440.9 1604
SSACC R,5476679.0,
ESACC R,5476679.0,5476775 98 1032.2 436.4 1000.8 465.8 1.16 104
SFIX R,5476777.0,
EFIX R,5476777.0,5476925 150 999.0 471.5 1569
SSACC R,5476927.0,
ESACC R,5476927.0,5476959 34 997.2 460.4 1040.0 470.2 1.19 136
SFIX R,5476961.0,
EFIX R,5476961.0,5477081 122 1030.4 472.4 1563
SSACC R,5477083.0,
SBLINK R,5477149.0,
EBLINK R,5477149.0,5477389 242
ESACC R,5477083.0,5477727 646 1030.2 469.2 1019.1 448.7 0.63 955
SFIX R,5477729.0,
EFIX R,5477729.0,5477817 90 1022.2 447.1 1479
SSACC R,5477819.0,
ESACC R,5477819.0,5477855 38 1026.4 449.4 1026.0 456.7 0.20 64
SFIX R,5477857.0,
EFIX R,5477857.0,5478019 164 1024.8 462.2 1472
SSACC R,5478021.0,
ESACC R,5478021.0,5478639 620 1023.2 461.7 1002.5 442.5 0.77 556
SFIX R,5478641.0,
EFIX R,5478641.0,5478663 24 1002.9 439.4 1422
SSACC R,5478665.0,
ESACC R,5478665.0,5478851 188 999.9 449.0 1027.6 432.1 0.88 147
SFIX R,5478853.0,
EFIX R,5478853.0,5478893 42 1027.9 440.0 1453
SSACC R,5478895.0,
ESACC R,5478895.0,5478927 34 1028.3 445.2 1029.7 431.5 0.37 64
SFIX R,5478929.0,
EFIX R,5478929.0,5479101 174 1030.2 441.0 1473
SSACC R,5479103.0,
ESACC R,5479103.0,5479185 84 1029.6 446.7 1026.6 452.7 0.18 117
SFIX R,5479187.0,
EFIX R,5479187.0,5479207 22 1026.9 446.9 1487
SSACC R,5479209.0,
ESACC R,5479209.0,5479325 118 1025.5 459.4 1028.2 469.6 0.29 80
SFIX R,5479327.0,
EFIX R,5479327.0,5479411 86 1025.6 462.2 1492
SSACC R,5479413.0,
ESACC R,5479413.0,5479433 22 1023.4 469.1 1022.0 467.7 0.05 86
SFIX R,5479435.0,
EFIX R,5479435.0,5479563 130 1023.1 464.7 1499
SSACC R,5479565.0,
ESACC R,5479565.0,5479607 44 1021.5 487.1 1020.9 478.6 0.23 86
SFIX R,5479609.0,
EFIX R,5479609.0,5479649 42 1022.0 473.0 1490
SSACC R,5479651.0,
ESACC R,5479651.0,5479683 34 1025.5 467.3 1021.6 481.0 0.39 75
SFIX R,5479685.0,
EFIX R,5479685.0,5479729 46 1020.8 480.0 1487
SSACC R,5479731.0,
SBLINK R,5479861.0,
EBLINK R,5479861.0,5480057 198
ESACC R,5479731.0,5480329 600 1017.1 497.6 1960.1 527.0 23.01 975
SFIX R,5480331.0,
EFIX R,5480331.0,5480617 288 1955.0 523.5 1351
SSACC R,5480619.0,
ESACC R,5480619.0,5480639 22 1953.5 528.6 1952.0 524.6 0.10 64
SFIX R,5480641.0,
EFIX R,5480641.0,5480807 168 1951.5 516.7 1321
SSACC R,5480809.0,
ESACC R,5480809.0,5480869 62 1949.0 529.0 1833.3 626.8 3.57 242
SFIX R,5480871.0,
EFIX R,5480871.0,5481179 310 1825.7 613.0 1345
SSACC R,5481181.0,
ESACC R,5481181.0,5481241 62 1816.8 625.8 1933.7 645.0 2.71 182
SFIX R,5481243.0,
EFIX R,5481243.0,5481383 142 1925.4 647.5 1351
SSACC R,5481385.0,
ESACC R,5481385.0,5481641 258 1919.5 658.4 992.5 421.3 23.58 785
SFIX R,5481643.0,
EFIX R,5481643.0,5481721 80 989.7 431.6 1552
SSACC R,5481723.0,
ESACC R,5481723.0,5481929 208 989.3 455.6 1003.6 449.8 0.42 123
SFIX R,5481931.0,
EFIX R,5481931.0,5481963 34 1008.2 456.4 1543
SSACC R,5481965.0,
ESACC R,5481965.0,5482129 166 1006.8 470.8 995.9 447.8 0.69 96
SFIX R,5482131.0,
EFIX R,5482131.0,5482255 126 1001.6 463.3 1556
SSACC R,5482257.0,
ESACC R,5482257.0,5482269 14 1002.6 459.2 1001.3 466.1 0.19 75
SFIX R,5482271.0,
EFIX R,5482271.0,5482301 32 1004.0 460.9 1568
SSACC R,5482303.0,
ESACC R,5482303.0,5482349 48 1006.3 463.3 1005.0 476.2 0.35 73
SFIX R,5482351.0,
EFIX R,5482351.0,5482413 64 1007.3 476.7 1563
SSACC R,5482415.0,
ESACC R,5482415.0,5482439 26 1011.1 473.7 1008.1 480.8 0.21 92
SFIX R,5482441.0,
EFIX R,5482441.0,5482461 22 1011.2 480.9 1560
SSACC R,5482463.0,
ESACC R,5482463.0,5482499 38 1012.4 481.4 1011.5 484.9 0.10 69
SFIX R,5482501.0,
EFIX R,5482501.0,5482591 92 1017.9 484.3 1554
SSACC R,5482593.0,
ESACC R,5482593.0,5482607 16 1019.2 500.1 1017.2 482.1 0.49 79
SFIX R,5482609.0,
EFIX R,5482609.0,5482779 172 1022.5 500.0 1535
SSACC R,5482781.0,
ESACC R,5482781.0,5482827 48 1024.6 501.7 1030.1 509.9 0.27 63
SFIX R,5482829.0,
EFIX R,5482829.0,5483057 230 1030.8 513.6 1512
SSACC R,5483059.0,
ESACC R,5483059.0,5483065 8 1035.0 507.5 1034.1 513.0 0.15 80
SFIX R,5483067.0,
EFIX R,5483067.0,5483135 70 1029.4 517.8 1499
SSACC R,5483137.0,
ESACC R,5483137.0,5483185 50 1026.2 521.9 1028.9 521.4 0.07 96
SFIX R,5483187.0,
EFIX R,5483187.0,5483249 64 1032.1 514.2 1487
SSACC R,5483251.0,
ESACC R,5483251.0,5483335 86 1032.2 524.6 1032.8 505.1 0.53 99
SFIX R,5483337.0,
EFIX R,5483337.0,5483369 34 1033.6 501.5 1485
SSACC R,5483371.0,
ESACC R,5483371.0,5483401 32 1033.9 506.3 1033.1 507.3 0.03 64
SFIX R,5483403.0,
EFIX R,5483403.0,5483425 24 1033.5 504.2 1488
SSACC R,5483427.0,
ESACC R,5483427.0,5483577 152 1035.2 506.6 1032.3 486.5 0.55 91
SFIX R,5483579.0,
EFIX R,5483579.0,5483797 220 1030.7 487.7 1496
SSACC R,5483799.0,
ESACC R,5483799.0,5483807 10 1031.6 468.8 1031.3 488.9 0.54 86
SFIX R,5483809.0,
EFIX R,5483809.0,5483879 72 1028.1 481.7 1510
SSACC R,5483881.0,
ESACC R,5483881.0,5483945 66 1026.3 462.4 1020.2 482.5 0.57 72
SFIX R,5483947.0,
EFIX R,5483947.0,5484023 78 1021.5 480.4 1512
SSACC R,5484025.0,
ESACC R,5484025.0,5484215 192 1023.0 481.5 1022.2 472.8 0.24 73
SFIX R,5484217.0,
EFIX R,5484217.0,5484329 114 1024.1 462.2 1536
SSACC R,5484331.0,
SBLINK R,5484377.0,
EBLINK R,5484377.0,5484707 332
ESACC R,5484331.0,5484789 460 1028.8 446.3 1062.6 459.5 0.98 790
SFIX R,5484791.0,
EFIX R,5484791.0,5484815 26 1062.4 431.3 1608
SSACC R,5484817.0,
ESACC R,5484817.0,5484857 42 1059.6 432.1 1058.6 416.3 0.43 60
SFIX R,5484859.0,
EFIX R,5484859.0,5484915 58 1059.3 411.3 1633
SSACC R,5484917.0,
ESACC R,5484917.0,5484993 78 1059.1 431.7 1019.5 399.7 1.38 120
SFIX R,5484995.0,
EFIX R,5484995.0,5485077 84 1014.7 408.1 1625
SSACC R,5485079.0,
ESACC R,5485079.0,5485117 40 1014.3 398.5 1014.3 407.7 0.25 76
SFIX R,5485119.0,
EFIX R,5485119.0,5485147 30 1013.8 410.3 1590
SSACC R,5485149.0,
ESACC R,5485149.0,5485157 10 1012.5 419.3 1015.7 403.8 0.43 56
SFIX R,5485159.0,
EFIX R,5485159.0,5485197 40 1016.1 406.2 1570
SSACC R,5485199.0,
ESACC R,5485199.0,5485241 44 1016.3 403.7 1016.8 407.2 0.10 86
SFIX R,5485243.0,
EFIX R,5485243.0,5485281 40 1015.1 415.5 1526
SSACC R,5485283.0,
ESACC R,5485283.0,5485295 14 1011.3 422.2 1014.0 412.1 0.28 49
SFIX R,5485297.0,
EFIX R,5485297.0,5485441 146 1007.8 424.4 1493
SSACC R,5485443.0,
ESACC R,5485443.0,5485657 216 1008.0 422.4 1010.1 421.0 0.07 112
SFIX R,5485659.0,
EFIX R,5485659.0,5485745 88 1011.1 421.4 1437
SSACC R,5485747.0,
ESACC R,5485747.0,5485887 142 1008.9 425.4 1010.6 416.8 0.24 142
SFIX R,5485889.0,
EFIX R,5485889.0,5485911 24 1009.1 424.7 1446
SSACC R,5485913.0,
ESACC R,5485913.0,5485925 14 1009.9 425.9 1011.1 411.8 0.38 82
SFIX R,5485927.0,
EFIX R,5485927.0,5485961 36 1010.8 423.9 1454
SSACC R,5485963.0,
ESACC R,5485963.0,5486075 114 1010.2 431.7 1381.9 514.0 10.13 438
SFIX R,5486077.0,
EFIX R,5486077.0,5486113 38 1376.8 514.9 1468
SSACC R,5486115.0,
ESACC R,5486115.0,5486325 212 1377.5 500.2 1086.9 444.6 7.86 318
SFIX R,5486327.0,
EFIX R,5486327.0,5486353 28 1085.4 447.6 1508
SSACC R,5486355.0,
ESACC R,5486355.0,5486371 18 1081.6 449.2 1079.7 449.9 0.05 79
SFIX R,5486373.0,
EFIX R,5486373.0,5486403 32 1080.4 445.6 1513
SSACC R,5486405.0,
ESACC R,5486405.0,5486463 60 1079.5 427.3 1018.6 458.9 1.86 172
SFIX R,5486465.0,
EFIX R,5486465.0,5486497 34 1020.9 464.3 1496
SSACC R,5486499.0,
ESACC R,5486499.0,5486513 16 1025.9 460.7 1021.7 462.7 0.13 66
SFIX R,5486515.0,
EFIX R,5486515.0,5486547 34 1019.7 462.4 1489
SSACC R,5486549.0,
ESACC R,5486549.0,5486581 34 1020.3 454.7 1016.4 452.3 0.12 62
SFIX R,5486583.0,
EFIX R,5486583.0,5486691 110 1014.0 460.8 1485
SSACC R,5486693.0,
ESACC R,5486693.0,5486813 122 1011.7 451.8 1004.1 477.0 0.71 100
SFIX R,5486815.0,
EFIX R,5486815.0,5486847 34 1003.1 472.5 1502
SSACC R,5486849.0,
ESACC R,5486849.0,5486893 46 1000.7 464.6 998.4 475.8 0.31 69
SFIX R,5486895.0,
EFIX R,5486895.0,5486929 36 1000.4 472.7 1524
SSACC R,5486931.0,
ESACC R,5486931.0,5487013 84 1000.0 475.6 999.7 484.5 0.24 78
SFIX R,5487015.0,
EFIX R,5487015.0,5487431 418 1005.3 485.0 1549
SSACC R,5487433.0,
ESACC R,5487433.0,5487531 100 1013.3 482.5 1011.4 476.3 0.18 66
SFIX R,5487533.0,
EFIX R,5487533.0,5487621 90 1013.5 473.1 1571
SSACC R,5487623.0,
ESACC R,5487623.0,5487693 72 1013.8 451.4 1025.9 462.8 0.45 107
SFIX R,5487695.0,
EFIX R,5487695.0,5487729 36 1030.2 455.2 1589
SSACC R,5487731.0,
ESACC R,5487731.0,5487745 16 1030.7 453.7 1030.4 451.9 0.05 70
SFIX R,5487747.0,
EFIX R,5487747.0,5487927 182 1027.5 456.7 1606
SSACC R,5487929.0,
SBLINK R,5487993.0,
EBLINK R,5487993.0,5488119 128
ESACC R,5487929.0,5488297 370 1027.1 446.6 1020.5 439.9 0.25 777
SFIX R,5488299.0,
EFIX R,5488299.0,5488329 32 1021.6 442.8 1658
SSACC R,5488331.0,
ESACC R,5488331.0,5488341 12 1021.2 434.9 1024.6 453.3 0.51 62
SFIX R,5488343.0,
EFIX R,5488343.0,5488379 38 1025.5 451.0 1641
SSACC R,5488381.0,
ESACC R,5488381.0,5488415 36 1028.5 443.7 1032.6 468.4 0.68 73
SFIX R,5488417.0,
EFIX R,5488417.0,5488449 34 1031.0 460.8 1632
SSACC R,5488451.0,
ESACC R,5488451.0,5488495 46 1029.0 447.4 1029.2 474.0 0.72 72
SFIX R,5488497.0,
EFIX R,5488497.0,5488585 90 1029.0 471.0 1608
SSACC R,5488587.0,
ESACC R,5488587.0,5488627 42 1030.4 464.0 1030.0 482.9 0.51 73
SFIX R,5488629.0,
EFIX R,5488629.0,5488743 116 1029.8 482.6 1575
SSACC R,5488745.0,
ESACC R,5488745.0,5488767 24 1031.5 491.4 1033.9 463.7 0.75 86
SFIX R,5488769.0,
EFIX R,5488769.0,5488817 50 1039.6 475.9 1535
SSACC R,5488819.0,
ESACC R,5488819.0,5488833 16 1042.0 485.6 1044.2 471.2 0.39 82
SFIX R,5488835.0,
EFIX R,5488835.0,5489029 196 1045.3 484.7 1489
SSACC R,5489031.0,
ESACC R,5489031.0,5489047 18 1048.6 498.5 1045.7 485.6 0.36 82
SFIX R,5489049.0,
EFIX R,5489049.0,5489085 38 1048.7 481.9 1475
SSACC R,5489087.0,
ESACC R,5489087.0,5489139 54 1049.6 466.5 1047.7 497.3 0.84 86
SFIX R,5489141.0,
EFIX R,5489141.0,5489175 36 1047.6 487.0 1467
SSACC R,5489177.0,
ESACC R,5489177.0,5489203 28 1048.6 460.5 1048.4 474.0 0.37 123
SFIX R,5489205.0,
EFIX R,5489205.0,5489279 76 1049.2 486.5 1469
SSACC R,5489281.0,
ESACC R,5489281.0,5489409 130 1049.3 499.8 1047.5 467.5 0.88 73
SFIX R,5489411.0,
EFIX R,5489411.0,5489479 70 1049.6 471.0 1497
SSACC R,5489481.0,
ESACC R,5489481.0,5489535 56 1053.6 471.2 1052.1 458.3 0.35 127
SFIX R,5489537.0,
EFIX R,5489537.0,5489563 28 1051.6 461.5 1518
SSACC R,5489565.0,
ESACC R,5489565.0,5489615 52 1051.1 453.2 1049.7 451.4 0.06 124
SFIX R,5489617.0,
EFIX R,5489617.0,5489671 56 1050.7 463.2 1532
SSACC R,5489673.0,
ESACC R,5489673.0,5489689 18 1048.1 459.2 1049.2 457.6 0.05 66
SFIX R,5489691.0,
EFIX R,5489691.0,5489711 22 1050.9 461.6 1533
SSACC R,5489713.0,
ESACC R,5489713.0,5489737 26 1049.9 462.6 1050.3 461.2 0.04 102
SFIX R,5489739.0,
EFIX R,5489739.0,5489779 42 1049.7 454.7 1540
SSACC R,5489781.0,
ESACC R,5489781.0,5489787 8 1049.3 446.1 1045.5 440.6 0.18 65
SFIX R,5489789.0,
EFIX R,5489789.0,5489823 36 1046.5 448.4 1547
SSACC R,5489825.0,
ESACC R,5489825.0,5489873 50 1049.3 446.3 1047.2 471.6 0.69 111
SFIX R,5489875.0,
EFIX R,5489875.0,5489933 60 1046.1 456.3 1543
SSACC R,5489935.0,
ESACC R,5489935.0,5489953 20 1044.9 467.6 1043.8 468.4 0.04 68
SFIX R,5489955.0,
EFIX R,5489955.0,5489975 22 1046.1 464.1 1536
SSACC R,5489977.0,
ESACC R,5489977.0,5489989 14 1046.9 460.0 1045.8 459.3 0.04 48
SFIX R,5489991.0,
EFIX R,5489991.0,5490155 166 1042.1 455.4 1546
SSACC R,5490157.0,
ESACC R,5490157.0,5490161 6 1039.5 452.5 1039.5 449.0 0.09 43
SFIX R,5490163.0,
EFIX R,5490163.0,5490323 162 1035.8 444.1 1558
SSACC R,5490325.0,
ESACC R,5490325.0,5490423 100 1031.6 454.4 1028.8 415.5 1.06 105
SFIX R,5490425.0,
EFIX R,5490425.0,5490451 28 1025.3 425.0 1598
SSACC R,5490453.0,
ESACC R,5490453.0,5490539 88 1023.0 426.7 1063.0 412.6 1.15 157
SFIX R,5490541.0,
EFIX R,5490541.0,5490571 32 1060.6 424.2 1606
SSACC R,5490573.0,
ESACC R,5490573.0,5490715 144 1056.8 421.8 1018.7 423.6 1.03 130
SFIX R,5490717.0,
EFIX R,5490717.0,5490793 78 1022.8 410.8 1647
SSACC R,5490795.0,
ESACC R,5490795.0,5490835 42 1023.0 410.6 1014.5 417.8 0.30 83
SFIX R,5490837.0,
EFIX R,5490837.0,5490873 38 1015.6 406.5 1661
SSACC R,5490875.0,
ESACC R,5490875.0,5490949 76 1012.9 426.5 1017.6 417.6 0.27 72
SFIX R,5490951.0,
EFIX R,5490951.0,5490971 22 1019.2 422.2 1651
SSACC R,5490973.0,
ESACC R,5490973.0,5491011 40 1019.1 437.5 1021.2 436.3 0.07 98
SFIX R,5491013.0,
EFIX R,5491013.0,5491065 54 1019.2 425.1 1647
SSACC R,5491067.0,
ESACC R,5491067.0,5491083 18 1015.8 417.3 1016.9 429.0 0.32 85
SFIX R,5491085.0,
EFIX R,5491085.0,5491111 28 1018.1 427.2 1648
SSACC R,5491113.0,
SBLINK R,5491175.0,
EBLINK R,5491175.0,5491337 164
ESACC R,5491113.0,5491535 424 1018.0 431.3 1003.5 431.6 0.39 827
SFIX R,5491537.0,
EFIX R,5491537.0,5491679 144 999.7 432.1 1576
SSACC R,5491681.0,
ESACC R,5491681.0,5491775 96 999.5 443.6 1020.2 457.0 0.67 120
SFIX R,5491777.0,
EFIX R,5491777.0,5491917 142 1019.1 456.9 1526
SSACC R,5491919.0,
ESACC R,5491919.0,5491925 8 1025.3 459.1 1026.6 470.8 0.32 71
SFIX R,5491927.0,
EFIX R,5491927.0,5492021 96 1026.4 466.8 1505
SSACC R,5492023.0,
ESACC R,5492023.0,5492189 168 1029.5 463.1 1021.3 472.3 0.33 107
SFIX R,5492191.0,
EFIX R,5492191.0,5492253 64 1018.8 476.9 1479
SSACC R,5492255.0,
ESACC R,5492255.0,5492263 10 1020.7 465.6 1019.8 484.6 0.52 76
SFIX R,5492265.0,
EFIX R,5492265.0,5492343 80 1018.8 482.5 1475
SSACC R,5492345.0,
ESACC R,5492345.0,5492443 100 1019.2 483.4 1015.8 488.3 0.16 106
SFIX R,5492445.0,
EFIX R,5492445.0,5492633 190 1017.4 492.4 1457
SSACC R,5492635.0,
ESACC R,5492635.0,5492685 52 1020.4 483.5 1019.4 485.8 0.07 76
SFIX R,5492687.0,
EFIX R,5492687.0,5492717 32 1016.7 479.0 1461
SSACC R,5492719.0,
ESACC R,5492719.0,5492729 12 1016.5 463.2 1012.1 496.8 0.92 92
SFIX R,5492731.0,
EFIX R,5492731.0,5492763 34 1015.2 481.4 1466
SSACC R,5492765.0,
ESACC R,5492765.0,5492775 12 1018.5 479.0 1014.1 483.3 0.17 108
SFIX R,5492777.0,
EFIX R,5492777.0,5492877 102 1013.5 479.7 1469
SSACC R,5492879.0,
ESACC R,5492879.0,5492933 56 1012.0 465.4 1010.5 470.7 0.15 60
SFIX R,5492935.0,
EFIX R,5492935.0,5492997 64 1012.5 472.9 1484
SSACC R,5492999.0,
ESACC R,5492999.0,5493243 246 1012.0 481.9 1017.9 463.8 0.52 88
SFIX R,5493245.0,
EFIX R,5493245.0,5493299 56 1018.2 470.8 1518
SSACC R,5493301.0,
ESACC R,5493301.0,5493433 134 1022.1 473.6 1022.1 455.3 0.50 98
SFIX R,5493435.0,
EFIX R,5493435.0,5493483 50 1026.6 458.3 1541
SSACC R,5493485.0,
ESACC R,5493485.0,5493509 26 1029.9 451.8 1027.0 472.4 0.56 109
SFIX R,5493511.0,
EFIX R,5493511.0,5493547 38 1028.9 465.4 1542
SSACC R,5493549.0,
SBLINK R,5493807.0,
EBLINK R,5493807.0,5494055 250
ESACC R,5493549.0,5494305 758 1027.6 454.8 1024.1 457.7 0.12 833
SFIX R,5494307.0,
EFIX R,5494307.0,5494337 32 1019.6 440.8 1571
SSACC R,5494339.0,
ESACC R,5494339.0,5494387 50 1020.6 430.1 1016.7 434.7 0.16 109
SFIX R,5494389.0,
EFIX R,5494389.0,5494441 54 1016.9 441.2 1558
SSACC R,5494443.0,
ESACC R,5494443.0,5494465 24 1016.0 432.1 1019.1 423.9 0.24 93
SFIX R,5494467.0,
EFIX R,5494467.0,5494585 120 1018.0 445.2 1534
SSACC R,5494587.0,
ESACC R,5494587.0,5494663 78 1014.2 470.7 1015.4 463.2 0.21 90
SFIX R,5494665.0,
EFIX R,5494665.0,5494731 68 1012.6 460.2 1458
SSACC R,5494733.0,
ESACC R,5494733.0,5494785 54 1011.5 449.1 1000.7 468.7 0.61 94
SFIX R,5494787.0,
EFIX R,5494787.0,5494829 44 1000.0 464.5 1405
SSACC R,5494831.0,
ESACC R,5494831.0,5494959 130 999.4 448.8 1003.4 474.2 0.70 98
SFIX R,5494961.0,
EFIX R,5494961.0,5495097 138 1005.7 468.3 1369
SSACC R,5495099.0,
ESACC R,5495099.0,5495303 206 1005.6 467.6 1018.9 443.5 0.75 122
SFIX R,5495305.0,
EFIX R,5495305.0,5495337 34 1018.7 448.4 1402
SSACC R,5495339.0,
ESACC R,5495339.0,5495383 46 1023.0 462.5 1023.2 452.8 0.26 66
SFIX R,5495385.0,
EFIX R,5495385.0,5495419 36 1021.8 447.9 1406
SSACC R,5495421.0,
ESACC R,5495421.0,5495533 114 1025.7 459.5 1024.6 443.4 0.44 111
SFIX R,5495535.0,
EFIX R,5495535.0,5495591 58 1023.1 443.6 1432
SSACC R,5495593.0,
ESACC R,5495593.0,5495609 18 1020.9 463.3 1019.9 443.5 0.54 66
SFIX R,5495611.0,
EFIX R,5495611.0,5495659 50 1018.9 437.2 1447
SSACC R,5495661.0,
ESACC R,5495661.0,5495685 26 1022.2 428.7 1019.0 450.8 0.60 116
SFIX R,5495687.0,
EFIX R,5495687.0,5495717 32 1019.6 449.8 1445
SSACC R,5495719.0,
ESACC R,5495719.0,5495893 176 1020.4 466.7 1026.6 445.3 0.60 93
SFIX R,5495895.0,
EFIX R,5495895.0,5495925 32 1025.3 454.0 1467
SSACC R,5495927.0,
ESACC R,5495927.0,5496003 78 1024.9 451.1 1020.7 461.0 0.29 124
SFIX R,5496005.0,
EFIX R,5496005.0,5496071 68 1021.4 473.7 1466
SSACC R,5496073.0,
ESACC R,5496073.0,5496787 716 1020.8 479.2 1023.6 429.3 1.35 139
SFIX R,5496789.0,
EFIX R,5496789.0,5496817 30 1026.2 440.9 1534
SSACC R,5496819.0,
ESACC R,5496819.0,5496855 38 1025.3 433.1 1027.0 433.6 0.05 84
SFIX R,5496857.0,
EFIX R,5496857.0,5496935 80 1024.9 434.0 1521
SSACC R,5496937.0,
ESACC R,5496937.0,5496963 28 1024.4 422.2 1022.7 452.9 0.83 100
SFIX R,5496965.0,
EFIX R,5496965.0,5497021 58 1019.1 449.1 1495
SSACC R,5497023.0,
SBLINK R,5497091.0,
EBLINK R,5497091.0,5497547 458
ESACC R,5497023.0,5497779 758 1014.7 447.6 1031.3 404.1 1.26 1138
SFIX R,5497781.0,
EFIX R,5497781.0,5497817 38 1032.7 409.3 1458
SSACC R,5497819.0,
ESACC R,5497819.0,5497875 58 1032.6 407.8 1029.9 392.0 0.43 110
SFIX R,5497877.0,
EFIX R,5497877.0,5497911 36 1033.2 404.1 1449
SSACC R,5497913.0,
ESACC R,5497913.0,5498177 266 1034.9 404.6 1018.7 467.1 1.75 125
SFIX R,5498179.0,
EFIX R,5498179.0,5498363 186 1021.7 472.9 1297
SSACC R,5498365.0,
ESACC R,5498365.0,5498383 20 1022.6 450.3 1021.5 460.6 0.28 78
SFIX R,5498385.0,
EFIX R,5498385.0,5498415 32 1022.1 467.9 1288
SSACC R,5498417.0,
ESACC R,5498417.0,5498877 462 1024.6 482.7 1040.0 413.9 1.91 125
SFIX R,5498879.0,
EFIX R,5498879.0,5498909 32 1040.8 417.5 1380
SSACC R,5498911.0,
ESACC R,5498911.0,5499017 108 1038.8 424.3 1040.2 400.9 0.63 117
SFIX R,5499019.0,
EFIX R,5499019.0,5499051 34 1037.9 398.6 1439
SSACC R,5499053.0,
ESACC R,5499053.0,5499371 320 1034.9 408.2 1040.0 420.4 0.36 150
SFIX R,5499373.0,
EFIX R,5499373.0,5499397 26 1038.1 426.4 1518
SSACC R,5499399.0,
ESACC R,5499399.0,5499645 248 1038.6 429.4 1051.1 476.8 1.33 155
SFIX R,5499647.0,
EFIX R,5499647.0,5499679 34 1049.9 471.7 1537
SSACC R,5499681.0,
ESACC R,5499681.0,5500379 700 1053.7 454.5 1033.9 516.1 1.75 126
SFIX R,5500381.0,
EFIX R,5500381.0,5500429 50 1035.3 509.1 1553
SSACC R,5500431.0,
ESACC R,5500431.0,5500445 16 1044.6 504.1 1039.4 498.5 0.21 60
SFIX R,5500447.0,
EFIX R,5500447.0,5500501 56 1039.4 503.4 1556
SSACC R,5500503.0,
SBLINK R,5500633.0,
EBLINK R,5500633.0,5500877 246
ESACC R,5500503.0,5501141 640 1038.6 496.0 1044.3 441.7 1.48 612
SFIX R,5501143.0,
EFIX R,5501143.0,5501167 26 1045.7 440.6 1578
SSACC R,5501169.0,
ESACC R,5501169.0,5501381 214 1042.5 426.9 1038.5 486.0 1.60 121
SFIX R,5501383.0,
EFIX R,5501383.0,5501409 28 1035.1 482.6 1466
SSACC R,5501411.0,
ESACC R,5501411.0,5501459 50 1035.4 484.4 1021.2 490.3 0.42 81
SFIX R,5501461.0,
EFIX R,5501461.0,5501609 150 1014.6 480.1 1384
SSACC R,5501611.0,
ESACC R,5501611.0,5501663 54 1011.1 488.2 1010.5 472.4 0.43 86
SFIX R,5501665.0,
EFIX R,5501665.0,5501709 46 1009.5 456.1 1309
SSACC R,5501711.0,
ESACC R,5501711.0,5501741 32 1010.6 443.6 1017.0 450.7 0.26 86
SFIX R,5501743.0,
EFIX R,5501743.0,5501811 70 1011.4 459.4 1274
SSACC R,5501813.0,
ESACC R,5501813.0,5501835 24 1011.6 449.1 1015.1 449.6 0.10 85
SFIX R,5501837.0,
EFIX R,5501837.0,5501863 28 1016.5 451.5 1269
SSACC R,5501865.0,
ESACC R,5501865.0,5501879 16 1013.8 446.9 1017.7 453.3 0.20 53
SFIX R,5501881.0,
EFIX R,5501881.0,5501915 36 1014.7 448.2 1273
SSACC R,5501917.0,
ESACC R,5501917.0,5501973 58 1016.9 451.3 1011.2 447.6 0.18 96
SFIX R,5501975.0,
EFIX R,5501975.0,5502027 54 1008.2 445.4 1291
SSACC R,5502029.0,
SBLINK R,5502207.0,
EBLINK R,5502207.0,5502445 240
ESACC R,5502029.0,5502629 602 1009.9 432.0 1036.6 430.8 0.72 2212
SFIX R,5502631.0,
EFIX R,5502631.0,5502701 72 1030.2 434.6 1538
SSACC R,5502703.0,
ESACC R,5502703.0,5502755 54 1031.7 459.8 1029.4 459.2 0.06 59
SFIX R,5502757.0,
EFIX R,5502757.0,5502819 64 1026.4 463.1 1508
SSACC R,5502821.0,
ESACC R,5502821.0,5502919 100 1025.2 469.8 1020.9 475.2 0.19 57
SFIX R,5502921.0,
EFIX R,5502921.0,5502975 56 1019.3 472.7 1417
SSACC R,5502977.0,
SBLINK R,5503041.0,
EBLINK R,5503041.0,5503313 274
ESACC R,5502977.0,5503409 434 1019.6 470.3 1064.2 454.3 1.28 838
SFIX R,5503411.0,
EFIX R,5503411.0,5503495 86 1053.9 444.5 1331
SSACC R,5503497.0,
ESACC R,5503497.0,5503551 56 1053.5 456.9 1050.5 450.8 0.18 83
SFIX R,5503553.0,
EFIX R,5503553.0,5503575 24 1053.2 454.9 1335
SSACC R,5503577.0,
ESACC R,5503577.0,5503757 182 1053.1 458.3 1037.8 427.9 0.92 157
SFIX R,5503759.0,
EFIX R,5503759.0,5503883 126 1034.7 444.9 1332
SSACC R,5503885.0,
ESACC R,5503885.0,5503895 12 1033.4 457.7 1033.1 448.4 0.25 56
SFIX R,5503897.0,
EFIX R,5503897.0,5503929 34 1032.3 450.5 1331
SSACC R,5503931.0,
ESACC R,5503931.0,5503935 6 1033.1 463.6 1033.7 451.6 0.33 58
SFIX R,5503937.0,
EFIX R,5503937.0,5503983 48 1033.2 447.5 1332
SSACC R,5503985.0,
ESACC R,5503985.0,5504007 24 1030.2 466.4 1033.1 454.1 0.34 44
SFIX R,5504009.0,
EFIX R,5504009.0,5504095 88 1032.1 455.2 1332
SSACC R,5504097.0,
ESACC R,5504097.0,5504111 16 1031.3 443.2 1032.7 451.5 0.23 45
SFIX R,5504113.0,
EFIX R,5504113.0,5504237 126 1033.6 452.1 1336
SSACC R,5504239.0,
ESACC R,5504239.0,5504243 6 1034.7 473.4 1038.2 454.1 0.53 66
SFIX R,5504245.0,
EFIX R,5504245.0,5504379 136 1037.2 455.4 1337
SSACC R,5504381.0,
ESACC R,5504381.0,5504495 116 1040.8 440.4 1044.1 442.7 0.11 74
SFIX R,5504497.0,
EFIX R,5504497.0,5504703 208 1045.1 447.1 1380
SSACC R,5504705.0,
ESACC R,5504705.0,5504793 90 1048.1 435.5 1131.1 737.5 8.43 348
SFIX R,5504795.0,
EFIX R,5504795.0,5504927 134 1123.9 763.0 1387
SSACC R,5504929.0,
ESACC R,5504929.0,5505457 530 1117.7 774.8 1056.6 474.0 8.26 366
SFIX R,5505459.0,
EFIX R,5505459.0,5505545 88 1047.1 469.9 1316
SSACC R,5505547.0,
ESACC R,5505547.0,5505561 16 1044.5 465.1 1043.1 458.3 0.19 48
SFIX R,5505563.0,
EFIX R,5505563.0,5505751 190 1041.6 454.0 1339
SSACC R,5505753.0,
ESACC R,5505753.0,5505767 16 1040.2 465.9 1038.3 448.7 0.47 52
SFIX R,5505769.0,
EFIX R,5505769.0,5505803 36 1036.1 455.5 1359
SSACC R,5505805.0,
ESACC R,5505805.0,5505843 40 1032.3 451.7 1027.2 452.2 0.14 67
SFIX R,5505845.0,
EFIX R,5505845.0,5506223 380 1025.4 463.0 1387
SSACC R,5506225.0,
ESACC R,5506225.0,5506233 10 1023.7 490.9 1028.2 473.2 0.49 62
SFIX R,5506235.0,
EFIX R,5506235.0,5506297 64 1027.8 477.4 1391
SSACC R,5506299.0,
ESACC R,5506299.0,5506305 8 1031.9 487.4 1031.1 473.4 0.38 59
SFIX R,5506307.0,
EFIX R,5506307.0,5506529 224 1036.7 474.4 1388
SSACC R,5506531.0,
ESACC R,5506531.0,5506565 36 1039.9 472.4 1041.2 470.7 0.06 99
SFIX R,5506567.0,
EFIX R,5506567.0,5506663 98 1041.1 470.4 1381
SSACC R,5506665.0,
ESACC R,5506665.0,5506679 16 1045.4 452.3 1043.7 473.7 0.58 88
SFIX R,5506681.0,
EFIX R,5506681.0,5506775 96 1043.2 471.3 1380
SSACC R,5506777.0,
ESACC R,5506777.0,5506843 68 1040.7 487.4 1047.2 448.3 1.07 68
SFIX R,5506845.0,
EFIX R,5506845.0,5506959 116 1051.1 466.3 1386
SSACC R,5506961.0,
ESACC R,5506961.0,5507101 142 1051.5 482.0 1058.1 469.6 0.38 85
SFIX R,5507103.0,
EFIX R,5507103.0,5507131 30 1061.2 473.6 1382
SSACC R,5507133.0,
ESACC R,5507133.0,5507279 148 1060.0 457.3 795.8 909.2 13.96 440
SFIX R,5507281.0,
EFIX R,5507281.0,5507305 26 796.4 902.0 1396
SSACC R,5507307.0,
ESACC R,5507307.0,5508049 744 801.0 899.5 1022.9 462.4 13.10 1012
SFIX R,5508051.0,
EFIX R,5508051.0,5508159 110 1023.2 458.6 1188
SSACC R,5508161.0,
ESACC R,5508161.0,5508249 90 1023.2 454.1 1022.8 454.4 0.01 87
SFIX R,5508251.0,
EFIX R,5508251.0,5508467 218 1024.9 454.5 1244
SSACC R,5508469.0,
ESACC R,5508469.0,5508503 36 1032.3 460.9 1035.9 457.9 0.13 57
SFIX R,5508505.0,
EFIX R,5508505.0,5508789 286 1037.5 457.0 1312
SSACC R,5508791.0,
ESACC R,5508791.0,5508877 88 1043.0 459.1 1045.8 469.8 0.30 75
SFIX R,5508879.0,
EFIX R,5508879.0,5508909 32 1045.1 463.3 1355
SSACC R,5508911.0,
ESACC R,5508911.0,5508923 14 1047.8 448.1 1043.5 469.3 0.59 78
SFIX R,5508925.0,
EFIX R,5508925.0,5508951 28 1040.6 459.3 1365
SSACC R,5508953.0,
ESACC R,5508953.0,5509021 70 1041.6 454.2 1041.4 470.2 0.43 90
SFIX R,5509023.0,
EFIX R,5509023.0,5509063 42 1038.8 465.6 1382
SSACC R,5509065.0,
ESACC R,5509065.0,5509149 86 1039.9 448.7 1041.1 458.5 0.27 88
SFIX R,5509151.0,
EFIX R,5509151.0,5509355 206 1037.5 457.4 1419
SSACC R,5509357.0,
ESACC R,5509357.0,5509483 128 1030.3 438.7 1027.7 430.8 0.22 97
SFIX R,5509485.0,
EFIX R,5509485.0,5509577 94 1025.8 445.8 1475
SSACC R,5509579.0,
ESACC R,5509579.0,5509943 366 1024.3 436.9 1021.2 469.0 0.87 142
SFIX R,5509945.0,
EFIX R,5509945.0,5509977 34 1018.7 478.9 1508
SSACC R,5509979.0,
ESACC R,5509979.0,5509987 10 1016.2 462.2 1016.9 490.8 0.78 93
SFIX R,5509989.0,
EFIX R,5509989.0,5510031 44 1018.6 488.0 1503
SSACC R,5510033.0,
ESACC R,5510033.0,5510037 6 1024.0 477.0 1020.7 489.6 0.35 81
SFIX R,5510039.0,
EFIX R,5510039.0,5510113 76 1020.0 492.5 1504
SSACC R,5510115.0,
ESACC R,5510115.0,5510229 116 1024.3 493.3 1026.2 505.8 0.34 78
SFIX R,5510231.0,
EFIX R,5510231.0,5510279 50 1027.8 505.3 1484
SSACC R,5510281.0,
ESACC R,5510281.0,5510441 162 1031.3 521.6 1037.4 494.1 0.76 108
SFIX R,5510443.0,
EFIX R,5510443.0,5510465 24 1035.8 494.3 1482
SSACC R,5510467.0,
SBLINK R,5510675.0,
EBLINK R,5510675.0,5510899 226
ESACC R,5510467.0,5511049 584 1036.0 491.6 1078.4 445.2 1.70 739
SFIX R,5511051.0,
EFIX R,5511051.0,5511095 46 1075.0 445.5 1437
SSACC R,5511097.0,
ESACC R,5511097.0,5511113 18 1071.8 442.0 1074.8 445.7 0.13 97
SFIX R,5511115.0,
EFIX R,5511115.0,5511205 92 1071.6 445.3 1434
SSACC R,5511207.0,
ESACC R,5511207.0,5511255 50 1071.5 445.0 1046.9 463.9 0.84 125
SFIX R,5511257.0,
EFIX R,5511257.0,5511317 62 1044.1 457.7 1397
SSACC R,5511319.0,
ESACC R,5511319.0,5511327 10 1043.5 452.9 1044.7 471.9 0.52 60
SFIX R,5511329.0,
EFIX R,5511329.0,5511385 58 1041.7 457.9 1363
SSACC R,5511387.0,
ESACC R,5511387.0,5511465 80 1039.9 461.2 1029.4 447.8 0.46 88
SFIX R,5511467.0,
EFIX R,5511467.0,5511531 66 1028.6 456.8 1268
SSACC R,5511533.0,
ESACC R,5511533.0,5511537 6 1025.2 463.1 1026.1 457.7 0.15 55
SFIX R,5511539.0,
EFIX R,5511539.0,5511673 136 1019.7 457.3 1224
SSACC R,5511675.0,
ESACC R,5511675.0,5511743 70 1019.6 451.8 1010.5 464.6 0.43 91
SFIX R,5511745.0,
EFIX R,5511745.0,5511799 56 1005.3 463.2 1211
SSACC R,5511801.0,
ESACC R,5511801.0,5511999 200 1004.6 471.0 1010.2 449.5 0.60 94
SFIX R,5512001.0,
EFIX R,5512001.0,5512039 40 1012.5 450.0 1256
SSACC R,5512041.0,
SBLINK R,5512205.0,
EBLINK R,5512205.0,5512739 536
ESACC R,5512041.0,5512905 866 1015.4 460.1 1042.4 408.8 1.57 2196
SFIX R,5512907.0,
EFIX R,5512907.0,5512943 38 1046.9 411.4 1418
SSACC R,5512945.0,
ESACC R,5512945.0,5513101 158 1045.1 414.6 1035.3 419.5 0.30 143
SFIX R,5513103.0,
EFIX R,5513103.0,5513135 34 1032.8 425.9 1373
SSACC R,5513137.0,
ESACC R,5513137.0,5513379 244 1031.7 421.6 1017.2 451.3 0.89 113
SFIX R,5513381.0,
EFIX R,5513381.0,5513405 26 1018.2 455.7 1263
SSACC R,5513407.0,
ESACC R,5513407.0,5513589 184 1018.2 441.2 1021.7 443.0 0.11 144
SFIX R,5513591.0,
EFIX R,5513591.0,5513627 38 1021.4 444.1 1262
SSACC R,5513629.0,
ESACC R,5513629.0,5513849 222 1019.3 447.6 1034.2 427.0 0.69 126
SFIX R,5513851.0,
EFIX R,5513851.0,5513941 92 1035.3 422.1 1282
SSACC R,5513943.0,
ESACC R,5513943.0,5513993 52 1039.1 421.3 1036.9 415.5 0.17 99
SFIX R,5513995.0,
EFIX R,5513995.0,5514057 64 1041.7 411.1 1305
SSACC R,5514059.0,
ESACC R,5514059.0,5514071 14 1039.5 386.4 1047.6 421.1 0.96 104
SFIX R,5514073.0,
EFIX R,5514073.0,5514105 34 1046.9 405.5 1323
SSACC R,5514107.0,
ESACC R,5514107.0,5514153 48 1047.0 410.8 1045.6 403.1 0.21 121
SFIX R,5514155.0,
EFIX R,5514155.0,5514179 26 1049.0 404.4 1347
SSACC R,5514181.0,
ESACC R,5514181.0,5514201 22 1052.7 403.0 1048.5 409.2 0.20 64
SFIX R,5514203.0,
EFIX R,5514203.0,5514231 30 1048.8 406.3 1363
SSACC R,5514233.0,
ESACC R,5514233.0,5514855 624 1048.4 400.6 1035.2 464.8 1.77 145
SFIX R,5514857.0,
EFIX R,5514857.0,5514937 82 1042.9 462.9 1473
SSACC R,5514939.0,
ESACC R,5514939.0,5515413 476 1042.4 476.2 1047.5 491.9 0.45 123
SFIX R,5515415.0,
EFIX R,5515415.0,5515435 22 1051.2 484.5 1497
SSACC R,5515437.0,
ESACC R,5515437.0,5515631 196 1052.6 490.2 1043.6 482.4 0.32 115
SFIX R,5515633.0,
EFIX R,5515633.0,5515693 62 1048.0 483.3 1495
SSACC R,5515695.0,
ESACC R,5515695.0,5515767 74 1048.1 503.1 1050.7 487.7 0.42 76
SFIX R,5515769.0,
EFIX R,5515769.0,5515835 68 1052.6 480.1 1492
SSACC R,5515837.0,
ESACC R,5515837.0,5515879 44 1052.4 488.0 1053.9 480.0 0.22 100
SFIX R,5515881.0,
EFIX R,5515881.0,5515915 36 1054.3 478.5 1483
SSACC R,5515917.0,
ESACC R,5515917.0,5515941 26 1054.8 479.1 1053.6 471.5 0.21 60
SFIX R,5515943.0,
EFIX R,5515943.0,5516049 108 1056.3 484.7 1468
SSACC R,5516051.0,
ESACC R,5516051.0,5516107 58 1054.6 490.5 1060.4 494.7 0.19 109
SFIX R,5516109.0,
EFIX R,5516109.0,5516135 28 1056.0 488.4 1456
SSACC R,5516137.0,
ESACC R,5516137.0,5516153 18 1055.3 488.1 1054.6 492.0 0.11 78
SFIX R,5516155.0,
EFIX R,5516155.0,5516193 40 1057.0 481.4 1459
SSACC R,5516195.0,
ESACC R,5516195.0,5516319 126 1069.5 491.0 1063.0 486.0 0.22 80
SFIX R,5516321.0,
EFIX R,5516321.0,5516345 26 1063.3 476.7 1451
SSACC R,5516347.0,
SBLINK R,5516691.0,
EBLINK R,5516691.0,5516903 214
ESACC R,5516347.0,5517149 804 1060.6 488.6 1018.0 447.6 1.60 778
SFIX R,5517151.0,
EFIX R,5517151.0,5517323 174 1016.2 462.6 1410
SSACC R,5517325.0,
ESACC R,5517325.0,5517329 6 1012.5 451.3 1011.3 472.1 0.56 71
SFIX R,5517331.0,
EFIX R,5517331.0,5517359 30 1012.1 468.0 1371
SSACC R,5517361.0,
ESACC R,5517361.0,5517429 70 1013.9 469.5 1011.7 475.8 0.18 80
SFIX R,5517431.0,
EFIX R,5517431.0,5517451 22 1012.2 465.4 1330
SSACC R,5517453.0,
ESACC R,5517453.0,5517489 38 1011.3 463.3 1015.7 457.8 0.19 130
SFIX R,5517491.0,
EFIX R,5517491.0,5517577 88 1010.0 460.4 1292
SSACC R,5517579.0,
ESACC R,5517579.0,5517615 38 1006.9 446.6 1007.7 441.9 0.13 76
SFIX R,5517617.0,
EFIX R,5517617.0,5517641 26 1005.9 452.4 1259
SSACC R,5517643.0,
ESACC R,5517643.0,5517679 38 1004.8 455.1 1005.8 441.0 0.38 103
SFIX R,5517681.0,
EFIX R,5517681.0,5517757 78 1007.3 447.6 1247
SSACC R,5517759.0,
ESACC R,5517759.0,5517881 124 1010.7 448.8 1008.8 447.2 0.07 88
SFIX R,5517883.0,
EFIX R,5517883.0,5517963 82 1007.0 452.9 1241
SSACC R,5517965.0,
ESACC R,5517965.0,5518311 348 1011.4 465.8 567.0 852.6 15.65 464
SFIX R,5518313.0,
EFIX R,5518313.0,5518343 32 567.0 857.6 1374
SSACC R,5518345.0,
SBLINK R,5518429.0,
EBLINK R,5518429.0,5519605 1178
ESACC R,5518345.0,5519783 1440 568.3 859.1 1016.7 447.8 16.16 1922
SFIX R,5519785.0,
EFIX R,5519785.0,5520093 310 1010.9 450.4 1106
SSACC R,5520095.0,
SBLINK R,5520253.0,
EBLINK R,5520253.0,5520469 218
ESACC R,5520095.0,5521037 944 1014.7 448.9 1038.2 459.8 0.70 1221
SFIX R,5521039.0,
EFIX R,5521039.0,5521059 22 1038.5 459.1 1305
SSACC R,5521061.0,
ESACC R,5521061.0,5521075 16 1038.0 450.7 1038.0 462.4 0.32 60
SFIX R,5521077.0,
EFIX R,5521077.0,5521165 90 1039.7 463.1 1312
SSACC R,5521167.0,
SBLINK R,5521257.0,
EBLINK R,5521257.0,5521475 220
ESACC R,5521167.0,5521865 700 1039.9 473.7 1036.5 449.2 0.67 946
SFIX R,5521867.0,
EFIX R,5521867.0,5521925 60 1035.1 446.7 1353
SSACC R,5521927.0,
ESACC R,5521927.0,5522087 162 1034.0 440.3 1022.9 452.4 0.44 76
SFIX R,5522089.0,
EFIX R,5522089.0,5522121 34 1024.7 442.2 1353
SSACC R,5522123.0,
ESACC R,5522123.0,5522281 160 1023.5 431.3 1024.0 448.2 0.46 71
SFIX R,5522283.0,
EFIX R,5522283.0,5522327 46 1024.4 453.6 1336
SSACC R,5522329.0,
ESACC R,5522329.0,5522377 50 1023.8 454.4 1024.5 468.7 0.39 84
SFIX R,5522379.0,
EFIX R,5522379.0,5522425 48 1025.4 464.8 1326
SSACC R,5522427.0,
ESACC R,5522427.0,5522431 6 1024.2 465.7 1024.8 458.4 0.20 65
SFIX R,5522433.0,
EFIX R,5522433.0,5522501 70 1030.4 457.3 1336
SSACC R,5522503.0,
ESACC R,5522503.0,5522723 222 1034.7 452.9 669.6 970.8 16.79 597
SFIX R,5522725.0,
EFIX R,5522725.0,5522783 60 676.2 985.6 1395
SSACC R,5522785.0,
ESACC R,5522785.0,5523449 666 671.0 1013.6 1040.4 462.9 17.52 495
SFIX R,5523451.0,
EFIX R,5523451.0,5523471 22 1038.5 464.8 1390
SSACC R,5523473.0,
ESACC R,5523473.0,5523557 86 1038.5 471.2 1036.0 458.6 0.35 94
SFIX R,5523559.0,
EFIX R,5523559.0,5523583 26 1033.8 467.3 1421
SSACC R,5523585.0,
ESACC R,5523585.0,5523595 12 1033.0 479.6 1035.3 460.4 0.52 59
SFIX R,5523597.0,
EFIX R,5523597.0,5523619 24 1035.9 461.9 1438
SSACC R,5523621.0,
SBLINK R,5523867.0,
EBLINK R,5523867.0,5524433 568
ESACC R,5523621.0,5524585 966 1035.6 459.0 1018.4 457.9 0.47 1025
SFIX R,5524587.0,
EFIX R,5524587.0,5524619 34 1012.8 473.2 1301
SSACC R,5524621.0,
ESACC R,5524621.0,5524709 90 1010.0 469.6 1004.5 482.7 0.39 85
SFIX R,5524711.0,
EFIX R,5524711.0,5524741 32 1012.9 479.7 1296
SSACC R,5524743.0,
ESACC R,5524743.0,5524773 32 1014.0 497.9 1030.4 489.3 0.50 121
SFIX R,5524775.0,
EFIX R,5524775.0,5525089 316 1029.9 477.1 1298
SSACC R,5525091.0,
ESACC R,5525091.0,5525107 18 1029.2 461.8 1028.9 481.3 0.53 54
SFIX R,5525109.0,
EFIX R,5525109.0,5525211 104 1024.7 471.0 1272
SSACC R,5525213.0,
ESACC R,5525213.0,5525391 180 1010.8 477.8 1029.4 454.2 0.81 84
SFIX R,5525393.0,
EFIX R,5525393.0,5525485 94 1027.5 444.0 1271
SSACC R,5525487.0,
ESACC R,5525487.0,5525957 472 1027.9 430.1 1043.6 440.8 0.51 151
SFIX R,5525959.0,
EFIX R,5525959.0,5525983 26 1043.3 438.2 1324
SSACC R,5525985.0,
ESACC R,5525985.0,5526055 72 1044.7 445.3 1042.4 448.5 0.11 153
SFIX R,5526057.0,
EFIX R,5526057.0,5526105 50 1046.7 449.0 1327
SSACC R,5526107.0,
SBLINK R,5526151.0,
EBLINK R,5526151.0,5526713 564
ESACC R,5526107.0,5526997 892 1053.9 456.7 1034.4 437.6 0.74 987
SFIX R,5526999.0,
EFIX R,5526999.0,5527023 26 1038.0 437.0 1411
SSACC R,5527025.0,
ESACC R,5527025.0,5527053 30 1036.9 435.1 1034.4 436.3 0.07 80
SFIX R,5527055.0,
EFIX R,5527055.0,5527247 194 1026.1 436.8 1361
SSACC R,5527249.0,
ESACC R,5527249.0,5527255 8 1022.0 437.8 1020.2 448.9 0.30 47
SFIX R,5527257.0,
EFIX R,5527257.0,5527287 32 1021.7 442.0 1314
SSACC R,5527289.0,
ESACC R,5527289.0,5527389 102 1020.1 443.6 1017.2 431.4 0.34 107
SFIX R,5527391.0,
EFIX R,5527391.0,5527413 24 1015.7 438.8 1293
SSACC R,5527415.0,
ESACC R,5527415.0,5527469 56 1015.9 451.1 1013.5 443.0 0.23 63
SFIX R,5527471.0,
EFIX R,5527471.0,5527529 60 1015.5 446.1 1285
SSACC R,5527531.0,
ESACC R,5527531.0,5527567 38 1017.8 436.3 1017.8 435.5 0.02 64
SFIX R,5527569.0,
EFIX R,5527569.0,5527603 36 1018.9 436.9 1280
SSACC R,5527605.0,
ESACC R,5527605.0,5527787 184 1017.6 427.4 1019.6 431.2 0.12 102
SFIX R,5527789.0,
EFIX R,5527789.0,5527969 182 1022.5 430.5 1297
SSACC R,5527971.0,
ESACC R,5527971.0,5528165 196 1027.4 440.8 419.2 788.2 18.39 564
SFIX R,5528167.0,
EFIX R,5528167.0,5528195 30 417.4 791.9 1407
SSACC R,5528197.0,
ESACC R,5528197.0,5528229 34 412.6 801.6 412.7 771.2 0.79 72
SFIX R,5528231.0,
EFIX R,5528231.0,5528257 28 413.5 781.5 1413
SSACC R,5528259.0,
ESACC R,5528259.0,5528319 62 415.3 780.7 412.8 811.5 0.80 99
SFIX R,5528321.0,
EFIX R,5528321.0,5528361 42 416.4 822.8 1410
SSACC R,5528363.0,
SBLINK R,5528519.0,
EBLINK R,5528519.0,5528519 2
ESACC R,5528363.0,5529085 724 413.6 807.9 1028.0 469.3 18.39 690
SFIX R,5529087.0,
EFIX R,5529087.0,5529181 96 1030.2 462.7 1271
SSACC R,5529183.0,
ESACC R,5529183.0,5529349 168 1026.0 448.6 1028.1 463.7 0.41 85
SFIX R,5529351.0,
EFIX R,5529351.0,5529373 24 1031.2 472.4 1337
SSACC R,5529375.0,
ESACC R,5529375.0,5529537 164 1031.4 478.4 1033.8 461.7 0.46 107
SFIX R,5529539.0,
EFIX R,5529539.0,5529585 48 1034.2 471.5 1376
SSACC R,5529587.0,
ESACC R,5529587.0,5529713 128 1032.9 479.9 1039.4 483.7 0.20 90
SFIX R,5529715.0,
EFIX R,5529715.0,5529747 34 1040.6 479.7 1398
SSACC R,5529749.0,
ESACC R,5529749.0,5529759 12 1042.7 502.3 1043.1 468.1 0.93 87
SFIX R,5529761.0,
EFIX R,5529761.0,5529891 132 1045.4 476.5 1417
SSACC R,5529893.0,
ESACC R,5529893.0,5529991 100 1044.9 481.2 1048.8 480.2 0.11 132
SFIX R,5529993.0,
EFIX R,5529993.0,5530041 50 1053.5 480.8 1442
SSACC R,5530043.0,
ESACC R,5530043.0,5530061 20 1052.6 485.1 1044.2 463.0 0.64 109
SFIX R,5530063.0,
EFIX R,5530063.0,5530173 112 1045.8 468.3 1455
SSACC R,5530175.0,
ESACC R,5530175.0,5530215 42 1044.4 469.1 1046.6 474.3 0.15 85
SFIX R,5530217.0,
EFIX R,5530217.0,5530285 70 1048.5 471.3 1466
SSACC R,5530287.0,
ESACC R,5530287.0,5530365 80 1045.3 466.4 1047.0 475.0 0.24 107
SFIX R,5530367.0,
EFIX R,5530367.0,5530399 34 1045.5 476.6 1470
SSACC R,5530401.0,
ESACC R,5530401.0,5530523 124 1046.3 494.5 1041.9 475.9 0.52 105
SFIX R,5530525.0,
EFIX R,5530525.0,5530565 42 1042.0 476.8 1478
SSACC R,5530567.0,
ESACC R,5530567.0,5531099 534 1043.1 485.9 1063.7 503.0 0.72 137
SFIX R,5531101.0,
EFIX R,5531101.0,5531127 28 1062.3 493.5 1482
SSACC R,5531129.0,
ESACC R,5531129.0,5531173 46 1061.7 492.5 1060.1 500.8 0.23 69
SFIX R,5531175.0,
EFIX R,5531175.0,5531221 48 1063.2 499.8 1474
SSACC R,5531223.0,
SBLINK R,5532363.0,
EBLINK R,5532363.0,5532617 256
ESACC R,5531223.0,5533223 2002 1062.7 515.8 1019.4 476.5 1.58 839
SFIX R,5533225.0,
EFIX R,5533225.0,5533347 124 1019.7 478.6 1492
SSACC R,5533349.0,
ESACC R,5533349.0,5533407 60 1018.3 491.6 1028.3 474.2 0.54 85
SFIX R,5533409.0,
EFIX R,5533409.0,5533439 32 1025.9 483.2 1476
SSACC R,5533441.0,
ESACC R,5533441.0,5533529 90 1025.3 495.0 1025.2 499.8 0.13 84
SFIX R,5533531.0,
EFIX R,5533531.0,5533607 78 1025.4 484.3 1461
SSACC R,5533609.0,
ESACC R,5533609.0,5533643 36 1024.1 478.3 1025.1 478.6 0.03 77
SFIX R,5533645.0,
EFIX R,5533645.0,5533675 32 1026.5 484.2 1458
SSACC R,5533677.0,
ESACC R,5533677.0,5533843 168 1025.9 489.4 1039.8 473.1 0.58 88
SFIX R,5533845.0,
EFIX R,5533845.0,5533901 58 1039.0 483.4 1463
SSACC R,5533903.0,
SBLINK R,5535101.0,
EBLINK R,5535101.0,5535171 72
ESACC R,5533903.0,5535711 1810 1039.0 486.3 1010.4 511.9 1.04 607
SFIX R,5535713.0,
EFIX R,5535713.0,5535787 76 1015.1 509.6 1405
SSACC R,5535789.0,
ESACC R,5535789.0,5535805 18 1017.7 506.3 1018.6 489.9 0.45 107
SFIX R,5535807.0,
EFIX R,5535807.0,5535843 38 1018.6 501.9 1414
SSACC R,5535845.0,
ESACC R,5535845.0,5535861 18 1014.8 503.4 1019.4 512.8 0.28 87
SFIX R,5535863.0,
EFIX R,5535863.0,5535991 130 1024.0 504.1 1416
SSACC R,5535993.0,
ESACC R,5535993.0,5536007 16 1023.2 516.3 1026.3 490.5 0.70 68
SFIX R,5536009.0,
EFIX R,5536009.0,5536055 48 1026.4 498.6 1421
SSACC R,5536057.0,
ESACC R,5536057.0,5536115 60 1026.1 503.5 1022.5 505.2 0.11 99
SFIX R,5536117.0,
EFIX R,5536117.0,5536213 98 1025.0 479.3 1434
SSACC R,5536215.0,
ESACC R,5536215.0,5536493 280 1026.7 468.5 1024.6 477.1 0.24 85
SFIX R,5536495.0,
EFIX R,5536495.0,5536559 66 1027.4 472.9 1467
SSACC R,5536561.0,
ESACC R,5536561.0,5536683 124 1027.9 482.2 1027.7 446.3 0.97 138
SFIX R,5536685.0,
EFIX R,5536685.0,5536705 22 1027.8 453.5 1493
SSACC R,5536707.0,
SBLINK R,5537825.0,
EBLINK R,5537825.0,5538063 240
ESACC R,5536707.0,5538647 1942 1025.6 439.2 1036.0 515.0 2.07 662
SFIX R,5538649.0,
EFIX R,5538649.0,5538717 70 1046.1 489.0 1479
SSACC R,5538719.0,
ESACC R,5538719.0,5538901 184 1048.2 487.1 1020.9 471.8 0.85 120
SFIX R,5538903.0,
EFIX R,5538903.0,5538929 28 1025.2 490.7 1457
SSACC R,5538931.0,
SBLINK R,5539491.0,
EBLINK R,5539491.0,5539921 432
ESACC R,5538931.0,5540459 1530 1023.7 497.5 992.6 522.0 1.07 835
SFIX R,5540461.0,
EFIX R,5540461.0,5540827 368 977.7 520.8 1496
SSACC R,5540829.0,
ESACC R,5540829.0,5540839 12 973.6 529.0 975.7 527.9 0.06 64
SFIX R,5540841.0,
EFIX R,5540841.0,5540899 60 967.9 523.2 1423
SSACC R,5540901.0,
ESACC R,5540901.0,5541027 128 962.7 524.1 966.7 521.2 0.13 79
SFIX R,5541029.0,
EFIX R,5541029.0,5541061 34 967.1 526.7 1434
SSACC R,5541063.0,
ESACC R,5541063.0,5541185 124 963.2 525.5 973.8 516.2 0.38 126
SFIX R,5541187.0,
EFIX R,5541187.0,5541215 30 979.1 512.7 1490
SSACC R,5541217.0,
ESACC R,5541217.0,5542003 788 982.5 508.4 985.1 594.1 2.32 212
SFIX R,5542005.0,
EFIX R,5542005.0,5542051 48 985.4 596.3 1578
SSACC R,5542053.0,
ESACC R,5542053.0,5542361 310 981.3 593.9 982.5 613.8 0.54 124
SFIX R,5542363.0,
EFIX R,5542363.0,5542393 32 986.1 628.0 1591
SSACC R,5542395.0,
SBLINK R,5542521.0,
EBLINK R,5542521.0,5542673 154
ESACC R,5542395.0,5543047 654 985.8 634.8 1033.6 577.8 2.02 889
SFIX R,5543049.0,
EFIX R,5543049.0,5543105 58 1024.8 571.7 1684
SSACC R,5543107.0,
ESACC R,5543107.0,5543375 270 1012.4 572.5 1010.6 507.2 1.77 96
SFIX R,5543377.0,
EFIX R,5543377.0,5543409 34 1010.6 500.0 1702
SSACC R,5543411.0,
ESACC R,5543411.0,5543423 14 1007.1 507.5 1011.5 497.4 0.30 63
SFIX R,5543425.0,
EFIX R,5543425.0,5543525 102 1015.6 496.7 1684
SSACC R,5543527.0,
ESACC R,5543527.0,5543735 210 1022.2 478.1 1003.5 494.9 0.68 87
SFIX R,5543737.0,
EFIX R,5543737.0,5543797 62 1004.8 478.6 1620
SSACC R,5543799.0,
ESACC R,5543799.0,5543825 28 1007.5 477.6 1023.5 466.9 0.52 85
SFIX R,5543827.0,
EFIX R,5543827.0,5543943 118 1025.6 470.5 1611
SSACC R,5543945.0,
ESACC R,5543945.0,5543977 34 1030.7 475.6 1026.5 465.3 0.30 78
SFIX R,5543979.0,
EFIX R,5543979.0,5544031 54 1027.1 462.1 1611
SSACC R,5544033.0,
ESACC R,5544033.0,5544073 42 1027.8 477.7 1029.1 457.1 0.56 89
SFIX R,5544075.0,
EFIX R,5544075.0,5544107 34 1025.7 458.9 1613
SSACC R,5544109.0,
ESACC R,5544109.0,5544205 98 1027.4 456.0 1014.7 469.0 0.49 96
SFIX R,5544207.0,
EFIX R,5544207.0,5544311 106 1018.4 466.3 1610
SSACC R,5544313.0,
ESACC R,5544313.0,5544491 180 1023.9 463.9 1024.2 464.5 0.02 115
SFIX R,5544493.0,
EFIX R,5544493.0,5544535 44 1024.8 463.6 1610
SSACC R,5544537.0,
ESACC R,5544537.0,5544711 176 1028.0 471.3 1042.1 476.0 0.40 88
SFIX R,5544713.0,
EFIX R,5544713.0,5544825 114 1043.0 465.4 1618
SSACC R,5544827.0,
ESACC R,5544827.0,5544863 38 1041.5 471.5 1044.5 455.7 0.44 60
SFIX R,5544865.0,
EFIX R,5544865.0,5544889 26 1043.6 454.7 1623
SSACC R,5544891.0,
ESACC R,5544891.0,5544899 10 1040.6 466.4 1042.0 451.1 0.42 62
SFIX R,5544901.0,
EFIX R,5544901.0,5545055 156 1037.2 457.0 1603
SSACC R,5545057.0,
ESACC R,5545057.0,5545213 158 1030.8 468.7 795.5 383.4 6.76 339
SFIX R,5545215.0,
EFIX R,5545215.0,5545243 30 796.9 373.5 1529
SSACC R,5545245.0,
ESACC R,5545245.0,5545423 180 795.5 355.2 1006.5 428.1 6.02 436
SFIX R,5545425.0,
EFIX R,5545425.0,5545641 218 1005.5 435.6 1488
SSACC R,5545643.0,
ESACC R,5545643.0,5545683 42 1006.2 445.7 1032.9 438.6 0.75 121
SFIX R,5545685.0,
EFIX R,5545685.0,5545821 138 1036.4 451.3 1538
SSACC R,5545823.0,
ESACC R,5545823.0,5545827 6 1040.4 446.3 1040.5 459.1 0.35 58
SFIX R,5545829.0,
EFIX R,5545829.0,5546005 178 1041.3 460.0 1561
SSACC R,5546007.0,
ESACC R,5546007.0,5546049 44 1037.3 464.4 1034.7 467.1 0.10 60
SFIX R,5546051.0,
EFIX R,5546051.0,5546281 232 1040.9 467.4 1582
SSACC R,5546283.0,
ESACC R,5546283.0,5546307 26 1042.0 473.8 1030.4 480.5 0.36 51
SFIX R,5546309.0,
EFIX R,5546309.0,5546373 66 1033.0 483.5 1588
SSACC R,5546375.0,
ESACC R,5546375.0,5546381 8 1029.2 471.8 1031.6 479.6 0.22 69
SFIX R,5546383.0,
EFIX R,5546383.0,5546435 54 1031.7 495.5 1583
SSACC R,5546437.0,
ESACC R,5546437.0,5546441 6 1036.4 517.0 1034.9 503.2 0.38 51
SFIX R,5546443.0,
EFIX R,5546443.0,5546597 156 1042.7 498.2 1593
SSACC R,5546599.0,
ESACC R,5546599.0,5546629 32 1043.4 505.6 1044.1 492.0 0.37 67
SFIX R,5546631.0,
EFIX R,5546631.0,5546723 94 1040.4 500.1 1594
SSACC R,5546725.0,
ESACC R,5546725.0,5546759 36 1042.6 492.7 1039.9 508.9 0.45 76
SFIX R,5546761.0,
EFIX R,5546761.0,5546839 80 1042.5 502.3 1590
SSACC R,5546841.0,
ESACC R,5546841.0,5546975 136 1041.4 506.1 1009.5 506.4 0.86 101
SFIX R,5546977.0,
EFIX R,5546977.0,5547045 70 1009.7 500.2 1567
SSACC R,5547047.0,
ESACC R,5547047.0,5547071 26 1010.7 507.5 1008.4 489.1 0.50 100
SFIX R,5547073.0,
EFIX R,5547073.0,5547093 22 1012.8 483.8 1582
SSACC R,5547095.0,
ESACC R,5547095.0,5547135 42 1012.4 483.9 1013.0 470.3 0.37 94
SFIX R,5547137.0,
EFIX R,5547137.0,5547161 26 1018.3 474.0 1586
SSACC R,5547163.0,
ESACC R,5547163.0,5547169 8 1020.6 485.8 1018.6 485.5 0.05 55
SFIX R,5547171.0,
EFIX R,5547171.0,5547195 26 1021.6 466.8 1594
SSACC R,5547197.0,
ESACC R,5547197.0,5547267 72 1019.1 462.2 1028.1 467.9 0.29 78
SFIX R,5547269.0,
EFIX R,5547269.0,5547421 154 1018.8 490.8 1579
SSACC R,5547423.0,
ESACC R,5547423.0,5547441 20 1021.4 499.3 1016.6 488.2 0.33 89
SFIX R,5547443.0,
EFIX R,5547443.0,5547565 124 1019.2 485.2 1612
SSACC R,5547567.0,
ESACC R,5547567.0,5547583 18 1011.6 485.9 1007.4 490.9 0.18 74
SFIX R,5547585.0,
EFIX R,5547585.0,5547613 30 1008.3 495.2 1621
SSACC R,5547615.0,
ESACC R,5547615.0,5547797 184 1009.9 504.8 994.3 588.9 2.32 143
SFIX R,5547799.0,
EFIX R,5547799.0,5547819 22 997.3 578.2 1589
SSACC R,5547821.0,
SBLINK R,5548123.0,
EBLINK R,5548123.0,5548321 200
ESACC R,5547821.0,5548529 710 999.7 577.5 1029.5 487.1 2.58 829
SFIX R,5548531.0,
EFIX R,5548531.0,5548625 96 1010.8 464.5 1620
SSACC R,5548627.0,
ESACC R,5548627.0,5548639 14 1005.8 470.4 1008.9 449.0 0.59 76
SFIX R,5548641.0,
EFIX R,5548641.0,5548887 248 1011.6 475.6 1616
SSACC R,5548889.0,
ESACC R,5548889.0,5548993 106 1006.1 497.1 1010.3 491.0 0.20 80
SFIX R,5548995.0,
EFIX R,5548995.0,5549031 38 1007.3 504.8 1532
SSACC R,5549033.0,
ESACC R,5549033.0,5549183 152 1008.8 491.2 1004.9 503.1 0.34 95
SFIX R,5549185.0,
EFIX R,5549185.0,5549255 72 1013.9 494.9 1511
SSACC R,5549257.0,
ESACC R,5549257.0,5549345 90 1012.6 506.0 1009.3 502.6 0.13 103
SFIX R,5549347.0,
EFIX R,5549347.0,5549399 54 1010.0 502.8 1490
SSACC R,5549401.0,
ESACC R,5549401.0,5549423 24 1014.1 511.2 1014.1 497.6 0.37 94
SFIX R,5549425.0,
EFIX R,5549425.0,5549497 74 1014.8 505.0 1482
SSACC R,5549499.0,
ESACC R,5549499.0,5549523 26 1013.0 519.9 1014.3 507.4 0.34 60
SFIX R,5549525.0,
EFIX R,5549525.0,5549639 116 1017.6 504.6 1485
SSACC R,5549641.0,
ESACC R,5549641.0,5549691 52 1020.1 481.6 1021.3 512.2 0.83 96
SFIX R,5549693.0,
EFIX R,5549693.0,5549733 42 1019.2 505.0 1490
SSACC R,5549735.0,
ESACC R,5549735.0,5549899 166 1020.8 503.4 1021.6 504.9 0.05 82
SFIX R,5549901.0,
EFIX R,5549901.0,5549933 34 1025.3 516.9 1493
SSACC R,5549935.0,
ESACC R,5549935.0,5549961 28 1023.0 526.2 1028.0 522.0 0.18 80
SFIX R,5549963.0,
EFIX R,5549963.0,5549997 36 1025.6 528.9 1479
SSACC R,5549999.0,
ESACC R,5549999.0,5550119 122 1026.0 546.9 1034.6 560.8 0.44 128
SFIX R,5550121.0,
EFIX R,5550121.0,5550173 54 1030.4 544.1 1461
SSACC R,5550175.0,
ESACC R,5550175.0,5550275 102 1033.6 541.8 1025.8 542.2 0.21 121
SFIX R,5550277.0,
EFIX R,5550277.0,5550313 38 1028.8 532.1 1466
SSACC R,5550315.0,
SBLINK R,5550741.0,
EBLINK R,5550741.0,5550971 232
ESACC R,5550315.0,5551549 1236 1029.8 528.1 1025.5 570.9 1.17 819
SFIX R,5551551.0,
EFIX R,5551551.0,5551583 34 1015.5 583.8 1471
SSACC R,5551585.0,
SBLINK R,5553843.0,
EBLINK R,5553843.0,5554003 162
ESACC R,5551585.0,5555133 3550 1011.3 594.6 990.5 567.7 0.92 918
SFIX R,5555135.0,
EFIX R,5555135.0,5555173 40 992.6 580.0 1511
SSACC R,5555175.0,
ESACC R,5555175.0,5555289 116 989.5 586.5 995.7 563.5 0.65 140
SFIX R,5555291.0,
EFIX R,5555291.0,5555369 80 991.2 569.1 1517
SSACC R,5555371.0,
ESACC R,5555371.0,5556665 1296 996.4 544.0 1012.8 565.0 0.72 186
SFIX R,5556667.0,
EFIX R,5556667.0,5556693 28 1012.6 573.7 1659
SSACC R,5556695.0,
SBLINK R,5556785.0,
EBLINK R,5556785.0,5556981 198
ESACC R,5556695.0,5557595 902 1011.9 567.6 1039.1 509.2 1.75 1011
SFIX R,5557597.0,
EFIX R,5557597.0,5557721 126 1037.2 527.2 1585
SSACC R,5557723.0,
ESACC R,5557723.0,5557947 226 1034.7 528.2 1026.2 536.3 0.32 127
SFIX R,5557949.0,
EFIX R,5557949.0,5557999 52 1026.8 548.5 1502
SSACC R,5558001.0,
ESACC R,5558001.0,5558141 142 1024.9 571.1 1025.2 530.1 1.11 137
SFIX R,5558143.0,
EFIX R,5558143.0,5558165 24 1026.3 536.2 1481
SSACC R,5558167.0,
ESACC R,5558167.0,5558287 122 1024.9 529.8 1026.8 541.7 0.33 115
SFIX R,5558289.0,
EFIX R,5558289.0,5558327 40 1022.8 541.7 1473
SSACC R,5558329.0,
ESACC R,5558329.0,5558401 74 1025.8 536.5 1015.6 545.2 0.36 85
SFIX R,5558403.0,
EFIX R,5558403.0,5558441 40 1017.4 545.9 1468
SSACC R,5558443.0,
ESACC R,5558443.0,5558457 16 1018.4 553.6 1014.1 537.7 0.45 85
SFIX R,5558459.0,
EFIX R,5558459.0,5558515 58 1017.5 548.5 1465
SSACC R,5558517.0,
ESACC R,5558517.0,5558553 38 1017.4 558.9 1021.9 547.9 0.32 80
SFIX R,5558555.0,
EFIX R,5558555.0,5558609 56 1020.2 548.0 1457
SSACC R,5558611.0,
ESACC R,5558611.0,5558791 182 1020.1 544.7 1017.2 523.1 0.59 119
SFIX R,5558793.0,
EFIX R,5558793.0,5558843 52 1017.1 525.9 1448
SSACC R,5558845.0,
ESACC R,5558845.0,5558899 56 1013.7 534.1 1014.7 520.4 0.37 71
SFIX R,5558901.0,
EFIX R,5558901.0,5558929 30 1012.9 523.8 1443
SSACC R,5558931.0,
ESACC R,5558931.0,5559175 246 1007.3 525.8 1008.6 532.3 0.18 142
SFIX R,5559177.0,
EFIX R,5559177.0,5559197 22 1010.6 540.7 1433
SSACC R,5559199.0,
SBLINK R,5559265.0,
EBLINK R,5559265.0,5559519 256
ESACC R,5559199.0,5560355 1158 1007.6 536.5 1032.4 467.1 2.00 833
SFIX R,5560357.0,
EFIX R,5560357.0,5560413 58 1030.1 471.3 1372
SSACC R,5560415.0,
SBLINK R,5561739.0,
EBLINK R,5561739.0,5562151 414
ESACC R,5560415.0,5562753 2340 1031.2 459.4 1035.5 498.1 1.06 785
SFIX R,5562755.0,
EFIX R,5562755.0,5562825 72 1027.3 485.3 1481
SSACC R,5562827.0,
SBLINK R,5563023.0,
EBLINK R,5563023.0,5565091 2070
MSG,5565147.0,STORY_2_END
ESACC R,5562827.0,5565725 2900 1018.8 480.7 658.2 276.2 11.09 829
SFIX R,5565727.0,
EFIX R,5565727.0,5565775 50 654.4 278.1 1747
SSACC R,5565777.0,
ESACC R,5565777.0,5565891 116 653.6 285.8 801.4 347.5 4.27 354
SFIX R,5565893.0,
EFIX R,5565893.0,5566097 206 806.2 381.8 1506
SSACC R,5566099.0,
ESACC R,5566099.0,5566345 248 807.6 397.6 965.3 387.4 4.27 339
SFIX R,5566347.0,
EFIX R,5566347.0,5566417 72 965.5 387.9 1169
SSACC R,5566419.0,
ESACC R,5566419.0,5566563 146 966.1 399.8 1143.6 411.4 4.80 339
SFIX R,5566565.0,
EFIX R,5566565.0,5566893 330 1148.4 408.1 1156
SSACC R,5566895.0,
ESACC R,5566895.0,5566913 20 1156.1 402.8 1110.5 391.8 1.26 110
SFIX R,5566915.0,
EFIX R,5566915.0,5567147 234 1123.8 392.3 1209
SSACC R,5567149.0,
ESACC R,5567149.0,5567215 68 1116.6 419.1 844.3 435.2 7.36 367
SFIX R,5567217.0,
EFIX R,5567217.0,5567339 124 844.6 428.6 1266
SSACC R,5567341.0,
ESACC R,5567341.0,5567419 80 848.5 436.1 731.4 535.6 4.14 331
SFIX R,5567421.0,
EFIX R,5567421.0,5567479 60 729.7 526.7 1335
SSACC R,5567481.0,
ESACC R,5567481.0,5567509 30 731.1 523.1 731.2 525.7 0.07 87
SFIX R,5567511.0,
EFIX R,5567511.0,5567661 152 737.5 520.6 1384
SSACC R,5567663.0,
ESACC R,5567663.0,5567707 46 740.2 521.1 964.2 550.1 6.09 387
SFIX R,5567709.0,
EFIX R,5567709.0,5567807 100 961.1 546.9 1399
SSACC R,5567809.0,
ESACC R,5567809.0,5567825 18 964.0 547.6 956.7 551.7 0.23 73
SFIX R,5567827.0,
EFIX R,5567827.0,5567859 34 959.7 549.2 1384
SSACC R,5567861.0,
ESACC R,5567861.0,5567889 30 960.7 538.5 963.5 545.2 0.20 61
SFIX R,5567891.0,
EFIX R,5567891.0,5567971 82 962.0 536.9 1360
SSACC R,5567973.0,
ESACC R,5567973.0,5568015 44 961.7 523.8 1160.2 549.4 5.40 313
SFIX R,5568017.0,
EFIX R,5568017.0,5568257 242 1148.6 555.7 1315
SSACC R,5568259.0,
ESACC R,5568259.0,5568335 78 1155.8 548.6 1094.6 400.5 4.32 322
SFIX R,5568337.0,
EFIX R,5568337.0,5568553 218 1085.8 410.7 1376
SSACC R,5568555.0,
ESACC R,5568555.0,5568597 44 1081.4 422.6 824.8 382.2 7.01 342
SFIX R,5568599.0,
EFIX R,5568599.0,5568907 310 831.7 372.8 1416
SSACC R,5568909.0,
ESACC R,5568909.0,5568947 40 829.4 369.4 1056.9 408.0 6.23 367
SFIX R,5568949.0,
EFIX R,5568949.0,5569149 202 1058.0 422.0 1364
SSACC R,5569151.0,
ESACC R,5569151.0,5569181 32 1068.2 434.3 1071.3 411.9 0.61 74
SFIX R,5569183.0,
EFIX R,5569183.0,5569299 118 1072.6 408.1 1339
SSACC R,5569301.0,
ESACC R,5569301.0,5569329 30 1078.6 406.8 1258.1 433.4 4.86 344
SFIX R,5569331.0,
EFIX R,5569331.0,5569761 432 1261.2 443.1 1351
END,5569764.0,SAMPLES EVENTS RES 38.26 39.30
