event_type,timestamp,detail
MSG,679437.0,!CAL
MSG,679437.0,!CAL Calibration points:
MSG,679437.0,"!CAL -39.5, -28.9 -0, -0"
MSG,679437.0,"!CAL -40.8, -40.2 -0, -3183"
MSG,679437.0,"!CAL -38.4, -17.9 -0, 3183"
MSG,679437.0,"!CAL -65.4, -27.1 -6000, -0"
MSG,679437.0,"!CAL -13.9, -30.4 6000, -0"
MSG,679437.0,"!CAL 0.0, 0.0 0, 0"
MSG,679437.0,"!CAL eye check box: (L,R,T,B)"
MSG,679437.0,"!CAL href cal range: (L,R,T,B)"
MSG,679437.0,"!CAL Cal coeff:(X=a+bx+cy+dxx+eyy,Y=f+gx+goaly+ixx+jyy)"
MSG,679437.0,"!CAL Prenormalize: offx, offy = -39.546 -28.856"
MSG,679437.0,!CAL Gains: cx:234.991 lx:232.545 rx:237.507
MSG,679437.0,!CAL Gains: cy:316.229 ty:304.747 by:346.030
MSG,679437.0,"!CAL Resolution (upd) at screen center: X=1.1, Y=0.8"
MSG,679437.0,!CAL Gain Change Proportion: X: 0.021 Y: 0.135
MSG,679437.0,!CAL Gain Ratio (Gy/Gx) = 1.346
MSG,679437.0,"!CAL PCR gain ratio(x,y) = 2.322, 2.028"
MSG,679437.0,"!CAL CR gain match(x,y) = 1.010, 1.010"
MSG,679437.0,!CAL Slip rotation correction OFF
MSG,679437.0,!CAL CALIBRATION HV5 R RIGHT GOOD
MSG,698273.0,"!CAL VALIDATION HV5 R RIGHT GOOD ERROR 0.63 avg. 1.07 max OFFSET 0.48 deg. 17.8,-4.7 pix."
MSG,698273.0,"VALIDATE R 4POINT 0 RIGHT at 960,540 OFFSET 0.54 deg. 19.4,-7.3 pix."
MSG,698273.0,"VALIDATE R 4POINT 1 RIGHT at 960,92 OFFSET 0.48 deg. 17.2,6.6 pix."
MSG,698273.0,"VALIDATE R 4POINT 2 RIGHT at 960,988 OFFSET 0.50 deg. -2.2,-18.8 pix."
MSG,698273.0,"VALIDATE R 4POINT 3 RIGHT at 115,540 OFFSET 1.07 deg. 40.4,7.8 pix."
MSG,698273.0,"VALIDATE R 4POINT 4 RIGHT at 1805,540 OFFSET 0.53 deg. -16.5,-11.9 pix."
MSG,719249.0,NO Reply is disabled for function eyelink_cal_result
MSG,793440.0,ALL_STORY_START
MSG,793448.0,RECCFG CR 500 2 0 R
MSG,793448.0,ELCLCFG MTABLER
MSG,793448.0,GAZE_COORDS 0.00 0.00 1920.00 1080.00
MSG,793448.0,THRESHOLDS R 53 200
MSG,793448.0,ELCL_WINDOW_SIZES 176 188 0 0
MSG,793448.0,CAMERA_LENS_FOCAL_LENGTH 38.00
MSG,793448.0,PUPIL_DATA_TYPE RAW_AUTOSLIP
MSG,793448.0,ELCL_PROC ELLIPSE (5)
MSG,793448.0,ELCL_EFIT_PARAMS 1.01 4.00 0.15 0.05 0.65 0.65 0.00 0.00 0.30
START,793449.0,RIGHT SAMPLES EVENTS
MSG,793449.0,!MODE RECORD CR 500 2 0 R
SFIX R,793467.0,
EFIX R,793467.0,793537 72 769.2 534.4 1977
SSACC R,793539.0,
SBLINK R,793571.0,
EBLINK R,793571.0,793639 70
ESACC R,793539.0,793723 186 767.6 546.9 835.3 565.8 1.90 1419
SFIX R,793725.0,
EFIX R,793725.0,793921 198 821.9 552.1 1987
SSACC R,793923.0,
ESACC R,793923.0,793953 32 810.6 545.8 884.7 522.6 2.10 135
SFIX R,793955.0,
EFIX R,793955.0,794153 200 879.9 528.6 2039
SSACC R,794155.0,
ESACC R,794155.0,794189 36 879.9 522.7 1056.3 568.1 4.94 309
SFIX R,794191.0,
EFIX R,794191.0,794247 58 1065.1 564.0 2035
SSACC R,794249.0,
SBLINK R,794259.0,
EBLINK R,794259.0,794263 6
ESACC R,794249.0,794271 24 879.9 522.7 1056.3 568.1 4.92 0
SFIX R,794273.0,
EFIX R,794273.0,794323 52 1064.5 566.4 2022
SSACC R,794325.0,
ESACC R,794325.0,794389 66 1065.6 556.2 1079.4 594.3 1.10 103
SFIX R,794391.0,
EFIX R,794391.0,794775 386 1084.9 591.6 1952
SSACC R,794777.0,
ESACC R,794777.0,794903 128 1093.9 585.6 1090.2 601.9 0.45 96
SFIX R,794905.0,
EFIX R,794905.0,795139 236 1089.7 595.5 1817
SSACC R,795141.0,
ESACC R,795141.0,795147 8 1079.7 595.2 1090.5 579.8 0.51 72
SFIX R,795149.0,
EFIX R,795149.0,795193 46 1085.9 584.5 1798
SSACC R,795195.0,
ESACC R,795195.0,795205 12 1086.8 583.2 1085.7 586.0 0.08 63
SFIX R,795207.0,
EFIX R,795207.0,795513 308 1079.3 576.6 1823
SSACC R,795515.0,
ESACC R,795515.0,795535 22 1075.5 570.8 1074.6 566.4 0.12 62
SFIX R,795537.0,
EFIX R,795537.0,795883 348 1074.9 572.6 1900
SSACC R,795885.0,
ESACC R,795885.0,795909 26 1075.6 568.6 1072.0 568.2 0.10 117
SFIX R,795911.0,
EFIX R,795911.0,796705 796 1068.0 570.7 1968
SSACC R,796707.0,
SBLINK R,796731.0,
EBLINK R,796731.0,796941 212
ESACC R,796707.0,796961 256 1070.1 590.5 1076.2 569.5 0.59 1484
SFIX R,796963.0,
EFIX R,796963.0,798203 1242 1074.2 574.3 1892
SSACC R,798205.0,
SBLINK R,798221.0,
EBLINK R,798221.0,798243 24
ESACC R,798205.0,798259 56 1074.8 568.3 1076.8 569.5 0.06 77
SFIX R,798261.0,
EFIX R,798261.0,798505 246 1077.0 569.9 1993
SSACC R,798507.0,
SBLINK R,798535.0,
EBLINK R,798535.0,798561 28
ESACC R,798507.0,798571 66 1077.3 576.8 1074.4 566.4 0.29 50
SFIX R,798573.0,
EFIX R,798573.0,798775 204 1074.5 562.4 2038
SSACC R,798777.0,
SBLINK R,798787.0,
EBLINK R,798787.0,798787 2
ESACC R,798777.0,798795 20 1077.3 576.8 1074.4 566.4 0.29 0
SFIX R,798797.0,
EFIX R,798797.0,798877 82 1076.6 554.7 2061
SSACC R,798879.0,
SBLINK R,798925.0,
EBLINK R,798925.0,799007 84
ESACC R,798879.0,799111 234 1084.7 552.9 1120.6 537.7 1.05 943
SFIX R,799113.0,
EFIX R,799113.0,799629 518 1094.2 546.5 2084
SSACC R,799631.0,
ESACC R,799631.0,799639 10 1089.1 567.6 1071.0 564.7 0.50 59
SFIX R,799641.0,
EFIX R,799641.0,799709 70 1070.3 565.4 1943
SSACC R,799711.0,
ESACC R,799711.0,799715 6 1071.2 562.8 1069.3 569.3 0.18 61
SFIX R,799717.0,
EFIX R,799717.0,799859 144 1068.2 573.6 1907
SSACC R,799861.0,
SBLINK R,799871.0,
EBLINK R,799871.0,799919 50
ESACC R,799861.0,799927 68 1071.2 562.8 1069.3 569.3 0.18 0
SFIX R,799929.0,
EFIX R,799929.0,800105 178 1071.2 581.1 1907
SSACC R,800107.0,
SBLINK R,800117.0,
EBLINK R,800117.0,800117 2
ESACC R,800107.0,800125 20 1071.2 562.8 1069.3 569.3 0.18 0
SFIX R,800127.0,
EFIX R,800127.0,800181 56 1072.6 578.1 1938
SSACC R,800183.0,
SBLINK R,800193.0,
EBLINK R,800193.0,800201 10
ESACC R,800183.0,800209 28 1071.2 562.8 1069.3 569.3 0.18 0
SFIX R,800211.0,
EFIX R,800211.0,800367 158 1075.2 572.4 1967
SSACC R,800369.0,
SBLINK R,800379.0,
EBLINK R,800379.0,800447 70
ESACC R,800369.0,800455 88 1074.1 558.6 1078.8 554.3 0.17 47
SFIX R,800457.0,
EFIX R,800457.0,800535 80 1075.1 566.5 2002
SSACC R,800537.0,
SBLINK R,800547.0,
EBLINK R,800547.0,801029 484
ESACC R,800537.0,801051 516 1066.9 586.3 1062.3 582.7 0.16 27
SFIX R,801053.0,
EFIX R,801053.0,801073 22 1062.9 578.1 2022
SSACC R,801075.0,
SBLINK R,801085.0,
EBLINK R,801085.0,801261 178
ESACC R,801075.0,801269 196 1066.9 586.3 1062.3 582.7 0.16 0
SFIX R,801271.0,
EFIX R,801271.0,801297 28 1060.6 587.0 2009
SSACC R,801299.0,
SBLINK R,801309.0,
EBLINK R,801309.0,801353 46
ESACC R,801299.0,801361 64 1066.9 586.3 1062.3 582.7 0.16 0
SFIX R,801363.0,
EFIX R,801363.0,801445 84 1059.0 592.8 1959
SSACC R,801447.0,
SBLINK R,801457.0,
EBLINK R,801457.0,801667 212
ESACC R,801447.0,801731 286 1065.0 732.2 1076.3 536.7 5.29 743
SFIX R,801733.0,
EFIX R,801733.0,802613 882 1050.7 553.3 1954
SSACC R,802615.0,
SBLINK R,802625.0,
EBLINK R,802625.0,802627 4
ESACC R,802615.0,802639 26 1043.4 552.5 1045.2 554.8 0.08 42
SFIX R,802641.0,
EFIX R,802641.0,803115 476 1039.5 558.6 1985
SSACC R,803117.0,
ESACC R,803117.0,803121 6 1039.1 546.2 1035.8 555.9 0.28 58
SFIX R,803123.0,
EFIX R,803123.0,803367 246 1030.0 559.9 2025
SSACC R,803369.0,
SBLINK R,803399.0,
EBLINK R,803399.0,803539 142
ESACC R,803369.0,803591 224 1030.7 565.1 1058.6 555.2 0.80 1296
SFIX R,803593.0,
EFIX R,803593.0,805233 1642 1053.9 572.4 1900
SSACC R,805235.0,
SBLINK R,805281.0,
EBLINK R,805281.0,805381 102
ESACC R,805235.0,805391 158 1057.5 549.5 1069.4 561.1 0.45 1010
SFIX R,805393.0,
EFIX R,805393.0,806331 940 1053.3 548.6 2027
SSACC R,806333.0,
SBLINK R,806343.0,
EBLINK R,806343.0,806531 190
ESACC R,806333.0,806539 208 1046.0 565.1 1045.8 567.3 0.06 32
SFIX R,806541.0,
EFIX R,806541.0,806669 130 1041.6 566.7 2045
SSACC R,806671.0,
SBLINK R,806681.0,
EBLINK R,806681.0,806691 12
ESACC R,806671.0,806699 30 1046.0 565.1 1045.8 567.3 0.06 0
SFIX R,806701.0,
EFIX R,806701.0,807463 764 1034.9 558.0 2060
SSACC R,807465.0,
SBLINK R,807475.0,
EBLINK R,807475.0,807481 8
ESACC R,807465.0,807489 26 1046.0 565.1 1045.8 567.3 0.06 0
SFIX R,807491.0,
EFIX R,807491.0,807913 424 1035.1 544.8 2067
SSACC R,807915.0,
SBLINK R,807925.0,
EBLINK R,807925.0,807953 30
ESACC R,807915.0,807961 48 1046.0 565.1 1045.8 567.3 0.06 0
SFIX R,807963.0,
EFIX R,807963.0,808075 114 1030.5 527.9 2074
SSACC R,808077.0,
SBLINK R,808087.0,
EBLINK R,808087.0,808105 20
ESACC R,808077.0,808113 38 1046.0 565.1 1045.8 567.3 0.06 0
SFIX R,808115.0,
EFIX R,808115.0,808265 152 1035.5 522.1 2082
SSACC R,808267.0,
ESACC R,808267.0,808317 52 1046.9 514.4 1061.3 532.4 0.62 211
SFIX R,808319.0,
EFIX R,808319.0,808659 342 1048.9 528.2 2098
SSACC R,808661.0,
SBLINK R,808671.0,
EBLINK R,808671.0,808793 124
ESACC R,808661.0,808801 142 1044.8 532.1 1043.3 532.8 0.04 25
SFIX R,808803.0,
EFIX R,808803.0,809289 488 1043.5 533.5 2040
SSACC R,809291.0,
SBLINK R,809301.0,
EBLINK R,809301.0,809389 90
ESACC R,809291.0,809397 108 1044.3 529.1 1045.1 525.5 0.10 20
SFIX R,809399.0,
EFIX R,809399.0,809813 416 1039.2 539.7 2083
SSACC R,809815.0,
SBLINK R,809825.0,
EBLINK R,809825.0,809881 58
ESACC R,809815.0,809889 76 1030.2 551.6 1027.0 550.1 0.10 16
SFIX R,809891.0,
EFIX R,809891.0,810309 420 1032.1 547.2 2127
SSACC R,810311.0,
SBLINK R,810321.0,
EBLINK R,810321.0,810503 184
ESACC R,810311.0,810581 272 1052.7 598.1 1073.2 559.1 1.19 771
SFIX R,810583.0,
EFIX R,810583.0,810781 200 1062.0 551.1 2126
SSACC R,810783.0,
ESACC R,810783.0,810855 74 1055.3 558.0 926.3 1140.4 15.57 416
SFIX R,810857.0,
EFIX R,810857.0,811065 210 919.4 1156.5 2093
SSACC R,811067.0,
SBLINK R,811105.0,
EBLINK R,811105.0,811265 162
ESACC R,811067.0,811329 264 927.4 1154.0 1077.0 573.2 15.62 740
SFIX R,811331.0,
EFIX R,811331.0,811559 230 1066.6 588.1 1881
SSACC R,811561.0,
ESACC R,811561.0,811567 8 1059.3 594.8 1054.5 577.8 0.48 65
SFIX R,811569.0,
EFIX R,811569.0,813645 2078 1043.6 562.7 1928
SSACC R,813647.0,
SBLINK R,813693.0,
EBLINK R,813693.0,813817 126
ESACC R,813647.0,813883 238 1029.5 531.6 1048.5 520.2 0.60 1039
SFIX R,813885.0,
EFIX R,813885.0,814953 1070 1037.1 544.3 1998
SSACC R,814955.0,
ESACC R,814955.0,814959 6 1037.0 559.2 1038.5 547.4 0.32 60
SFIX R,814961.0,
EFIX R,814961.0,816885 1926 1029.8 542.2 2021
SSACC R,816887.0,
SBLINK R,816937.0,
EBLINK R,816937.0,817177 242
ESACC R,816887.0,817241 356 1027.9 510.9 1045.9 527.5 0.66 940
SFIX R,817243.0,
EFIX R,817243.0,817713 472 1036.5 533.7 2070
SSACC R,817715.0,
ESACC R,817715.0,817721 8 1035.7 548.8 1042.0 536.8 0.37 54
SFIX R,817723.0,
EFIX R,817723.0,818329 608 1051.4 554.4 1846
SSACC R,818331.0,
ESACC R,818331.0,818337 8 1057.1 557.5 1071.6 557.4 0.39 54
SFIX R,818339.0,
EFIX R,818339.0,818859 522 1060.9 556.2 1893
SSACC R,818861.0,
ESACC R,818861.0,818875 16 1053.5 555.1 1043.8 526.0 0.83 69
SFIX R,818877.0,
EFIX R,818877.0,819277 402 1041.1 539.1 1877
SSACC R,819279.0,
ESACC R,819279.0,819287 10 1041.0 541.4 1047.5 559.6 0.52 68
SFIX R,819289.0,
EFIX R,819289.0,820463 1176 1039.8 546.8 1936
SSACC R,820465.0,
ESACC R,820465.0,820477 14 1029.5 545.3 1048.0 536.1 0.56 49
SFIX R,820479.0,
EFIX R,820479.0,820729 252 1042.3 534.8 1963
SSACC R,820731.0,
SBLINK R,820771.0,
EBLINK R,820771.0,820891 122
ESACC R,820731.0,820955 226 1046.4 531.6 1069.9 525.9 0.65 1200
SFIX R,820957.0,
EFIX R,820957.0,821381 426 1054.9 526.7 2019
SSACC R,821383.0,
ESACC R,821383.0,821391 10 1041.5 540.1 1031.7 529.0 0.40 55
SFIX R,821393.0,
EFIX R,821393.0,822079 688 1029.3 545.7 1909
SSACC R,822081.0,
ESACC R,822081.0,822091 12 1029.9 546.0 1042.9 558.4 0.49 61
SFIX R,822093.0,
EFIX R,822093.0,823413 1322 1029.0 550.0 1962
SSACC R,823415.0,
SBLINK R,823461.0,
EBLINK R,823461.0,823631 172
ESACC R,823415.0,823705 292 1028.1 532.7 1060.1 554.8 1.05 1022
SFIX R,823707.0,
EFIX R,823707.0,827083 3378 1035.1 541.9 2040
SSACC R,827085.0,
SBLINK R,827119.0,
EBLINK R,827119.0,827207 90
ESACC R,827085.0,827279 196 1035.7 541.3 1023.8 565.0 0.72 1376
SFIX R,827281.0,
EFIX R,827281.0,827305 26 1022.4 563.2 2043
SSACC R,827307.0,
ESACC R,827307.0,827311 6 1022.7 554.5 1017.3 569.3 0.43 55
SFIX R,827313.0,
EFIX R,827313.0,827375 64 1012.7 570.7 2041
SSACC R,827377.0,
ESACC R,827377.0,827391 16 1015.0 574.7 1030.6 536.8 1.11 91
SFIX R,827393.0,
EFIX R,827393.0,828645 1254 1024.1 558.3 1943
SSACC R,828647.0,
ESACC R,828647.0,828659 14 1011.0 548.1 1021.1 527.9 0.61 74
SFIX R,828661.0,
EFIX R,828661.0,829011 352 1019.4 527.7 2006
SSACC R,829013.0,
SBLINK R,829023.0,
EBLINK R,829023.0,829053 32
ESACC R,829013.0,829061 50 1011.0 548.1 1021.1 527.9 0.61 0
SFIX R,829063.0,
EFIX R,829063.0,829345 284 1021.1 528.4 2013
SSACC R,829347.0,
SBLINK R,829385.0,
EBLINK R,829385.0,829501 118
ESACC R,829347.0,829567 222 1025.7 523.6 1054.3 524.3 0.78 1178
SFIX R,829569.0,
EFIX R,829569.0,830959 1392 1027.8 544.5 1963
SSACC R,830961.0,
SBLINK R,830993.0,
EBLINK R,830993.0,831183 192
ESACC R,830961.0,831285 326 1041.9 542.1 1056.5 588.1 1.31 1265
SFIX R,831287.0,
EFIX R,831287.0,831531 246 1048.5 585.1 1971
SSACC R,831533.0,
ESACC R,831533.0,831553 22 1047.3 586.1 1053.2 535.1 1.39 93
SFIX R,831555.0,
EFIX R,831555.0,833445 1892 1031.2 549.9 1822
SSACC R,833447.0,
ESACC R,833447.0,833457 12 1027.9 533.1 1029.7 519.3 0.38 56
SFIX R,833459.0,
EFIX R,833459.0,833963 506 1019.9 529.3 1937
SSACC R,833965.0,
SBLINK R,834003.0,
EBLINK R,834003.0,834099 98
ESACC R,833965.0,834185 222 1021.2 519.1 1026.8 532.0 0.38 1215
SFIX R,834187.0,
EFIX R,834187.0,834635 450 1013.3 536.0 1915
SSACC R,834637.0,
ESACC R,834637.0,834653 18 1018.7 542.5 1012.9 510.9 0.87 69
SFIX R,834655.0,
EFIX R,834655.0,837287 2634 1022.2 546.3 1767
SSACC R,837289.0,
SBLINK R,837331.0,
EBLINK R,837331.0,837497 168
ESACC R,837289.0,837563 276 1031.8 534.0 1027.1 535.4 0.13 989
SFIX R,837565.0,
EFIX R,837565.0,838319 756 1024.1 548.3 1745
SSACC R,838321.0,
ESACC R,838321.0,838329 10 1028.6 571.0 1034.6 586.8 0.46 56
SFIX R,838331.0,
EFIX R,838331.0,841157 2828 1015.8 547.8 1871
SSACC R,841159.0,
SBLINK R,841177.0,
EBLINK R,841177.0,841177 2
ESACC R,841159.0,841185 28 996.5 561.9 990.3 548.1 0.41 72
SFIX R,841187.0,
EFIX R,841187.0,841249 64 993.5 551.5 1949
SSACC R,841251.0,
SBLINK R,841261.0,
EBLINK R,841261.0,841261 2
ESACC R,841251.0,841269 20 996.5 561.9 990.3 548.1 0.41 0
SFIX R,841271.0,
EFIX R,841271.0,841331 62 994.0 552.4 1937
SSACC R,841333.0,
SBLINK R,841343.0,
EBLINK R,841343.0,841371 30
ESACC R,841333.0,841379 48 996.5 561.9 990.3 548.1 0.41 0
SFIX R,841381.0,
EFIX R,841381.0,841505 126 993.5 549.4 1924
SSACC R,841507.0,
SBLINK R,841517.0,
EBLINK R,841517.0,841525 10
ESACC R,841507.0,841533 28 996.5 561.9 990.3 548.1 0.41 0
SFIX R,841535.0,
EFIX R,841535.0,841737 204 997.6 540.9 1901
SSACC R,841739.0,
SBLINK R,841749.0,
EBLINK R,841749.0,841819 72
ESACC R,841739.0,841827 90 996.5 561.9 990.3 548.1 0.41 0
SFIX R,841829.0,
EFIX R,841829.0,842189 362 1002.6 543.5 1815
SSACC R,842191.0,
SBLINK R,842201.0,
EBLINK R,842201.0,842463 264
ESACC R,842191.0,842521 332 1002.3 535.6 1032.2 549.2 0.89 1202
SFIX R,842523.0,
EFIX R,842523.0,842769 248 1027.8 556.2 1870
SSACC R,842771.0,
ESACC R,842771.0,842777 8 1026.4 561.1 1022.5 548.1 0.37 60
SFIX R,842779.0,
EFIX R,842779.0,845399 2622 1023.0 552.5 1830
SSACC R,845401.0,
SBLINK R,845425.0,
EBLINK R,845425.0,845551 128
ESACC R,845401.0,845617 218 1031.8 541.4 1052.8 542.4 0.57 1482
SFIX R,845619.0,
EFIX R,845619.0,846261 644 1031.0 554.2 1902
SSACC R,846263.0,
ESACC R,846263.0,846269 8 1024.5 574.8 1027.7 565.6 0.26 52
SFIX R,846271.0,
EFIX R,846271.0,847815 1546 1016.9 553.9 1823
SSACC R,847817.0,
SBLINK R,847867.0,
EBLINK R,847867.0,847973 108
ESACC R,847817.0,848047 232 1024.7 530.8 1043.1 522.3 0.55 1018
SFIX R,848049.0,
EFIX R,848049.0,849107 1060 1024.6 542.0 1926
SSACC R,849109.0,
SBLINK R,849157.0,
EBLINK R,849157.0,849351 196
ESACC R,849109.0,849445 338 1018.8 545.8 1026.5 596.3 1.38 940
SFIX R,849447.0,
EFIX R,849447.0,849573 128 1012.7 590.5 1942
SSACC R,849575.0,
ESACC R,849575.0,849593 20 1005.3 590.2 1018.7 550.9 1.13 99
SFIX R,849595.0,
EFIX R,849595.0,851435 1842 1016.4 563.3 1838
SSACC R,851437.0,
SBLINK R,851473.0,
EBLINK R,851473.0,851595 124
ESACC R,851437.0,851667 232 1012.6 552.8 1032.5 555.7 0.54 1229
SFIX R,851669.0,
EFIX R,851669.0,851953 286 1028.9 540.4 1931
SSACC R,851955.0,
ESACC R,851955.0,851967 14 1028.2 543.3 1031.2 519.9 0.64 67
SFIX R,851969.0,
EFIX R,851969.0,852707 740 1014.5 552.1 1785
SSACC R,852709.0,
SBLINK R,852769.0,
EBLINK R,852769.0,852929 162
ESACC R,852709.0,853025 318 1010.3 548.5 1043.1 564.1 0.98 611
SFIX R,853027.0,
EFIX R,853027.0,853435 410 1025.7 556.5 1830
SSACC R,853437.0,
ESACC R,853437.0,853445 10 1017.1 561.5 1012.6 540.1 0.59 76
SFIX R,853447.0,
EFIX R,853447.0,854511 1066 1002.3 532.9 1796
SSACC R,854513.0,
SBLINK R,854523.0,
EBLINK R,854523.0,854539 18
ESACC R,854513.0,854547 36 1017.1 561.5 1012.6 540.1 0.59 0
SFIX R,854549.0,
EFIX R,854549.0,854619 72 998.4 508.5 2004
SSACC R,854621.0,
SBLINK R,854631.0,
EBLINK R,854631.0,854653 24
ESACC R,854621.0,854661 42 1017.1 561.5 1012.6 540.1 0.59 0
SFIX R,854663.0,
EFIX R,854663.0,854705 44 1002.4 510.8 2025
SSACC R,854707.0,
SBLINK R,854717.0,
EBLINK R,854717.0,854727 12
ESACC R,854707.0,854735 30 1017.1 561.5 1012.6 540.1 0.59 0
SFIX R,854737.0,
EFIX R,854737.0,854871 136 1010.7 505.1 2039
SSACC R,854873.0,
SBLINK R,854883.0,
EBLINK R,854883.0,854891 10
ESACC R,854873.0,854915 44 1010.3 505.2 1012.3 501.0 0.13 32
SFIX R,854917.0,
EFIX R,854917.0,854953 38 1012.1 505.2 2040
SSACC R,854955.0,
SBLINK R,854965.0,
EBLINK R,854965.0,855003 40
ESACC R,854955.0,855011 58 1010.3 505.2 1012.3 501.0 0.13 0
SFIX R,855013.0,
EFIX R,855013.0,855115 104 1011.0 508.9 2030
SSACC R,855117.0,
SBLINK R,855127.0,
EBLINK R,855127.0,855165 40
ESACC R,855117.0,855173 58 1010.3 505.2 1012.3 501.0 0.13 0
SFIX R,855175.0,
EFIX R,855175.0,855223 50 1013.4 515.6 2029
SSACC R,855225.0,
SBLINK R,855235.0,
EBLINK R,855235.0,855257 24
ESACC R,855225.0,855265 42 1010.3 505.2 1012.3 501.0 0.13 0
SFIX R,855267.0,
EFIX R,855267.0,855381 116 1011.1 521.3 2029
SSACC R,855383.0,
SBLINK R,855427.0,
EBLINK R,855427.0,855567 142
ESACC R,855383.0,855643 262 1009.0 518.1 1039.2 503.4 0.91 1154
SFIX R,855645.0,
EFIX R,855645.0,856217 574 1022.4 525.8 1991
SSACC R,856219.0,
ESACC R,856219.0,856227 10 1022.7 545.8 1037.0 550.8 0.41 55
SFIX R,856229.0,
EFIX R,856229.0,856563 336 1044.5 555.9 1803
SSACC R,856565.0,
SBLINK R,856601.0,
EBLINK R,856601.0,856849 250
ESACC R,856565.0,856857 294 1052.4 556.3 1044.5 1237.1 17.50 1258
SFIX R,856859.0,
EFIX R,856859.0,857111 254 1038.1 509.9 1801
SSACC R,857113.0,
SBLINK R,857123.0,
EBLINK R,857123.0,857165 44
ESACC R,857113.0,857173 62 1052.4 556.3 1044.5 1237.1 18.45 0
SFIX R,857175.0,
EFIX R,857175.0,857317 144 1012.1 516.0 1808
SSACC R,857319.0,
SBLINK R,857329.0,
EBLINK R,857329.0,857645 318
ESACC R,857319.0,857653 336 1052.4 556.3 1044.5 1237.1 18.45 0
SFIX R,857655.0,
EFIX R,857655.0,857683 30 1007.5 534.8 1786
SSACC R,857685.0,
ESACC R,857685.0,857691 8 1014.8 540.5 1027.0 542.5 0.34 58
SFIX R,857693.0,
EFIX R,857693.0,858097 406 1030.0 543.7 1805
SSACC R,858099.0,
ESACC R,858099.0,858109 12 1027.5 533.0 1016.5 519.3 0.48 54
SFIX R,858111.0,
EFIX R,858111.0,860021 1912 1015.8 551.0 1911
SSACC R,860023.0,
SBLINK R,860083.0,
EBLINK R,860083.0,860141 60
ESACC R,860023.0,860223 202 1016.5 551.7 1037.8 571.3 0.78 673
SFIX R,860225.0,
EFIX R,860225.0,860647 424 1016.7 555.6 1983
SSACC R,860649.0,
ESACC R,860649.0,860659 12 1009.4 562.8 1016.3 541.8 0.60 63
SFIX R,860661.0,
EFIX R,860661.0,861209 550 1012.7 550.0 1871
SSACC R,861211.0,
SBLINK R,861293.0,
EBLINK R,861293.0,861529 238
ESACC R,861211.0,861615 406 1026.6 547.7 1032.4 559.8 0.36 587
SFIX R,861617.0,
EFIX R,861617.0,861941 326 1018.0 546.7 1998
SSACC R,861943.0,
ESACC R,861943.0,861949 8 1017.7 539.7 1023.4 529.0 0.33 48
SFIX R,861951.0,
EFIX R,861951.0,863629 1680 1027.5 550.1 1872
SSACC R,863631.0,
ESACC R,863631.0,863645 16 1017.9 546.6 1042.5 539.3 0.70 68
SFIX R,863647.0,
EFIX R,863647.0,864519 874 1038.3 538.3 1983
SSACC R,864521.0,
SBLINK R,864567.0,
EBLINK R,864567.0,864737 172
ESACC R,864521.0,864817 298 1037.9 540.0 1047.5 563.9 0.70 963
SFIX R,864819.0,
EFIX R,864819.0,866447 1630 1029.9 562.5 1873
SSACC R,866449.0,
SBLINK R,866481.0,
EBLINK R,866481.0,866611 132
ESACC R,866449.0,866697 250 1025.0 555.7 1033.5 517.1 1.07 1335
SFIX R,866699.0,
EFIX R,866699.0,867367 670 1033.8 522.6 1960
SSACC R,867369.0,
ESACC R,867369.0,867373 6 1041.8 543.6 1042.5 554.1 0.29 48
SFIX R,867375.0,
EFIX R,867375.0,868481 1108 1031.1 563.2 1896
SSACC R,868483.0,
ESACC R,868483.0,868489 8 1015.1 559.5 1019.1 550.3 0.27 47
SFIX R,868491.0,
EFIX R,868491.0,869095 606 1017.9 555.0 1853
SSACC R,869097.0,
SBLINK R,869133.0,
EBLINK R,869133.0,869221 90
ESACC R,869097.0,869303 208 1017.3 546.3 1044.0 534.4 0.79 1252
SFIX R,869305.0,
EFIX R,869305.0,869697 394 1029.3 520.3 1850
SSACC R,869699.0,
SBLINK R,869709.0,
EBLINK R,869709.0,869727 20
ESACC R,869699.0,869735 38 1017.3 546.3 1044.0 534.4 0.79 0
SFIX R,869737.0,
EFIX R,869737.0,869819 84 1030.9 525.9 1870
SSACC R,869821.0,
ESACC R,869821.0,869831 12 1026.2 529.4 1005.6 527.2 0.56 62
SFIX R,869833.0,
EFIX R,869833.0,869933 102 1004.1 529.8 1846
SSACC R,869935.0,
SBLINK R,869979.0,
EBLINK R,869979.0,870137 160
ESACC R,869935.0,870229 296 1013.0 524.8 1066.4 521.9 1.45 968
SFIX R,870231.0,
EFIX R,870231.0,870731 502 1055.5 549.5 1802
SSACC R,870733.0,
ESACC R,870733.0,870739 8 1050.2 566.4 1039.9 558.9 0.35 55
SFIX R,870741.0,
EFIX R,870741.0,871511 772 1026.7 560.0 1733
SSACC R,871513.0,
SBLINK R,871547.0,
EBLINK R,871547.0,871701 156
ESACC R,871513.0,871779 268 1016.2 543.1 1041.6 542.0 0.69 1164
SFIX R,871781.0,
EFIX R,871781.0,872135 356 1023.5 535.5 1854
SSACC R,872137.0,
ESACC R,872137.0,872149 14 1016.6 543.9 997.8 528.3 0.66 64
SFIX R,872151.0,
EFIX R,872151.0,872391 242 988.6 528.9 1768
SSACC R,872393.0,
ESACC R,872393.0,872403 12 989.3 530.8 1012.3 533.1 0.63 72
SFIX R,872405.0,
EFIX R,872405.0,873685 1282 1005.5 520.5 1823
SSACC R,873687.0,
SBLINK R,873697.0,
EBLINK R,873697.0,873805 110
ESACC R,873687.0,873813 128 1009.8 502.6 1005.9 503.8 0.11 15
SFIX R,873815.0,
EFIX R,873815.0,874571 758 999.5 521.1 1938
SSACC R,874573.0,
SBLINK R,874601.0,
EBLINK R,874601.0,874753 154
ESACC R,874573.0,874851 280 1003.5 535.8 1024.1 529.0 0.59 1558
SFIX R,874853.0,
EFIX R,874853.0,876191 1340 1018.6 553.5 1920
SSACC R,876193.0,
ESACC R,876193.0,876199 8 1021.6 563.6 1009.8 554.1 0.41 57
SFIX R,876201.0,
EFIX R,876201.0,876461 262 1008.6 548.4 1962
SSACC R,876463.0,
SBLINK R,876513.0,
EBLINK R,876513.0,876699 188
ESACC R,876463.0,876767 306 1022.2 534.3 1052.6 526.0 0.85 805
SFIX R,876769.0,
EFIX R,876769.0,877599 832 1028.9 559.3 1867
SSACC R,877601.0,
ESACC R,877601.0,877613 14 1020.9 573.6 1008.1 554.4 0.63 54
SFIX R,877615.0,
EFIX R,877615.0,877879 266 1012.4 543.9 1699
SSACC R,877881.0,
SBLINK R,877891.0,
EBLINK R,877891.0,877923 34
ESACC R,877881.0,877931 52 1020.9 573.6 1008.1 554.4 0.63 0
SFIX R,877933.0,
EFIX R,877933.0,878143 212 1022.1 520.0 1794
SSACC R,878145.0,
SBLINK R,878175.0,
EBLINK R,878175.0,878183 10
ESACC R,878145.0,878191 48 1031.7 525.4 1030.7 524.8 0.03 60
SFIX R,878193.0,
EFIX R,878193.0,878233 42 1028.1 538.9 1832
SSACC R,878235.0,
SBLINK R,878245.0,
EBLINK R,878245.0,878245 2
ESACC R,878235.0,878253 20 1031.7 525.4 1030.7 524.8 0.03 0
SFIX R,878255.0,
EFIX R,878255.0,881563 3310 1014.8 575.2 1685
SSACC R,881565.0,
SBLINK R,881595.0,
EBLINK R,881595.0,881783 190
ESACC R,881565.0,881835 272 1023.3 557.5 1030.6 565.6 0.30 1084
SFIX R,881837.0,
EFIX R,881837.0,882165 330 1014.2 594.6 1602
SSACC R,882167.0,
ESACC R,882167.0,882175 10 1009.8 596.0 1011.6 576.5 0.53 63
SFIX R,882177.0,
EFIX R,882177.0,883703 1528 1005.4 570.2 1583
SSACC R,883705.0,
SBLINK R,883715.0,
EBLINK R,883715.0,883715 2
ESACC R,883705.0,883723 20 1009.8 596.0 1011.6 576.5 0.53 0
SFIX R,883725.0,
EFIX R,883725.0,884035 312 988.3 556.1 1758
SSACC R,884037.0,
ESACC R,884037.0,884047 12 992.3 557.5 1011.8 557.7 0.53 54
SFIX R,884049.0,
EFIX R,884049.0,884275 228 1020.6 553.0 1755
SSACC R,884277.0,
SBLINK R,884325.0,
EBLINK R,884325.0,884651 328
ESACC R,884277.0,884739 464 1027.6 551.3 992.2 541.9 0.99 853
SFIX R,884741.0,
EFIX R,884741.0,885365 626 968.4 552.3 1780
SSACC R,885367.0,
ESACC R,885367.0,885379 14 965.2 571.2 992.2 572.0 0.73 72
SFIX R,885381.0,
EFIX R,885381.0,886299 920 1002.1 543.7 1739
SSACC R,886301.0,
SBLINK R,886335.0,
EBLINK R,886335.0,886429 96
ESACC R,886301.0,886511 212 1007.6 525.4 1034.8 542.2 0.87 1248
SFIX R,886513.0,
EFIX R,886513.0,886749 238 1019.2 531.3 1877
SSACC R,886751.0,
ESACC R,886751.0,886763 14 1014.6 535.0 1029.1 515.2 0.67 70
SFIX R,886765.0,
EFIX R,886765.0,889879 3116 1026.9 547.9 1946
SSACC R,889881.0,
SBLINK R,889891.0,
EBLINK R,889891.0,890075 186
ESACC R,889881.0,890151 272 1017.9 1147.6 1057.5 522.3 16.32 820
SFIX R,890153.0,
EFIX R,890153.0,892289 2138 1038.1 553.7 1966
SSACC R,892291.0,
SBLINK R,892341.0,
EBLINK R,892341.0,892445 106
ESACC R,892291.0,892571 282 1037.8 557.5 1052.2 535.2 0.72 919
SFIX R,892573.0,
EFIX R,892573.0,893025 454 1033.0 543.7 1927
SSACC R,893027.0,
ESACC R,893027.0,893037 12 1022.8 559.4 1006.4 544.2 0.61 67
SFIX R,893039.0,
EFIX R,893039.0,893147 110 1003.7 554.7 1776
SSACC R,893149.0,
SBLINK R,893159.0,
EBLINK R,893159.0,893191 34
ESACC R,893149.0,893199 52 1022.8 559.4 1006.4 544.2 0.61 0
SFIX R,893201.0,
EFIX R,893201.0,893521 322 1004.0 561.8 1739
SSACC R,893523.0,
ESACC R,893523.0,893529 8 1014.2 561.1 1024.7 567.4 0.33 52
SFIX R,893531.0,
EFIX R,893531.0,894157 628 1028.5 550.7 1875
SSACC R,894159.0,
SBLINK R,894169.0,
EBLINK R,894169.0,894429 262
ESACC R,894159.0,894519 362 1028.0 560.6 1050.4 561.3 0.61 1042
SFIX R,894521.0,
EFIX R,894521.0,894929 410 1038.6 581.7 1861
SSACC R,894931.0,
ESACC R,894931.0,894939 10 1038.5 582.2 1038.2 569.2 0.35 48
SFIX R,894941.0,
EFIX R,894941.0,899333 4394 1020.2 554.0 1884
SSACC R,899335.0,
SBLINK R,899391.0,
EBLINK R,899391.0,899633 244
ESACC R,899335.0,899755 422 1040.2 560.2 1199.4 1000.6 12.38 751
SFIX R,899757.0,
EFIX R,899757.0,899783 28 1196.9 1010.3 2045
SSACC R,899785.0,
ESACC R,899785.0,899829 46 1196.4 1015.4 1072.1 556.3 12.54 445
SFIX R,899831.0,
EFIX R,899831.0,899981 152 1057.4 585.2 2047
SSACC R,899983.0,
ESACC R,899983.0,899997 16 1053.0 600.3 1046.4 560.8 1.09 113
SFIX R,899999.0,
EFIX R,899999.0,900353 356 1035.0 577.9 1837
SSACC R,900355.0,
ESACC R,900355.0,900365 12 1026.8 582.3 1029.1 564.4 0.49 56
SFIX R,900367.0,
EFIX R,900367.0,900759 394 1023.2 573.1 1614
SSACC R,900761.0,
SBLINK R,900795.0,
EBLINK R,900795.0,901457 664
ESACC R,900761.0,901501 742 1014.9 578.2 1003.2 506.4 1.97 1095
SFIX R,901503.0,
EFIX R,901503.0,901601 100 993.2 520.0 1740
SSACC R,901603.0,
ESACC R,901603.0,901617 16 992.6 529.1 1026.0 545.5 1.01 100
SFIX R,901619.0,
EFIX R,901619.0,904395 2778 1014.4 546.5 1785
SSACC R,904397.0,
SBLINK R,904445.0,
EBLINK R,904445.0,904561 118
ESACC R,904397.0,904657 262 1023.8 511.7 1048.8 477.6 1.15 1035
SFIX R,904659.0,
EFIX R,904659.0,905551 894 1024.8 514.8 1964
SSACC R,905553.0,
ESACC R,905553.0,905559 8 1017.8 527.5 1008.5 535.4 0.33 55
SFIX R,905561.0,
EFIX R,905561.0,906001 442 1011.2 531.2 1922
SSACC R,906003.0,
ESACC R,906003.0,906011 10 1018.6 528.3 1030.5 538.4 0.42 56
SFIX R,906013.0,
EFIX R,906013.0,906301 290 1029.7 549.7 1974
SSACC R,906303.0,
ESACC R,906303.0,906309 8 1026.5 555.6 1025.4 540.1 0.42 63
SFIX R,906311.0,
EFIX R,906311.0,907503 1194 1023.5 552.1 1811
SSACC R,907505.0,
SBLINK R,907549.0,
EBLINK R,907549.0,907651 104
ESACC R,907505.0,907745 242 1031.5 542.7 1043.1 513.5 0.85 1042
SFIX R,907747.0,
EFIX R,907747.0,909105 1360 1020.7 531.4 1777
SSACC R,909107.0,
SBLINK R,909117.0,
EBLINK R,909117.0,909127 12
ESACC R,909107.0,909135 30 1031.5 542.7 1043.1 513.5 0.85 0
SFIX R,909137.0,
EFIX R,909137.0,909211 76 1031.0 542.6 1785
SSACC R,909213.0,
ESACC R,909213.0,909223 12 1038.3 540.0 1058.1 535.4 0.55 61
SFIX R,909225.0,
EFIX R,909225.0,909509 286 1046.3 538.0 1841
SSACC R,909511.0,
SBLINK R,909521.0,
EBLINK R,909521.0,909599 80
ESACC R,909511.0,909607 98 1038.3 540.0 1058.1 535.4 0.55 0
SFIX R,909609.0,
EFIX R,909609.0,909639 32 1041.1 530.0 1889
SSACC R,909641.0,
SBLINK R,909675.0,
EBLINK R,909675.0,909853 180
ESACC R,909641.0,909929 290 1040.2 534.6 1058.1 533.4 0.49 1213
SFIX R,909931.0,
EFIX R,909931.0,910255 326 1044.7 529.9 1917
SSACC R,910257.0,
ESACC R,910257.0,910265 10 1036.9 540.7 1019.0 528.8 0.58 78
SFIX R,910267.0,
EFIX R,910267.0,910483 218 1009.2 539.1 1858
SSACC R,910485.0,
ESACC R,910485.0,910493 10 1005.2 552.1 1020.9 554.8 0.43 50
SFIX R,910495.0,
EFIX R,910495.0,912049 1556 1029.2 552.1 1787
SSACC R,912051.0,
ESACC R,912051.0,912071 22 1029.0 546.3 1041.7 506.7 1.13 110
SFIX R,912073.0,
EFIX R,912073.0,912297 226 1043.8 506.8 1839
SSACC R,912299.0,
ESACC R,912299.0,912309 12 1041.1 510.3 1038.1 535.8 0.70 74
SFIX R,912311.0,
EFIX R,912311.0,913025 716 1037.5 543.2 1880
SSACC R,913027.0,
SBLINK R,913069.0,
EBLINK R,913069.0,913195 128
ESACC R,913027.0,913289 264 1032.1 542.0 1042.3 524.7 0.54 1155
SFIX R,913291.0,
EFIX R,913291.0,914187 898 1022.0 545.2 1783
SSACC R,914189.0,
ESACC R,914189.0,914193 6 1019.7 542.6 1010.6 543.8 0.25 46
SFIX R,914195.0,
EFIX R,914195.0,915421 1228 1026.0 541.9 1797
SSACC R,915423.0,
SBLINK R,915463.0,
EBLINK R,915463.0,915601 140
ESACC R,915423.0,915645 224 1033.7 520.1 1043.5 521.4 0.27 1190
SFIX R,915647.0,
EFIX R,915647.0,918537 2892 1023.1 559.9 1695
SSACC R,918539.0,
SBLINK R,918579.0,
EBLINK R,918579.0,918727 150
ESACC R,918539.0,918783 246 1020.7 524.3 1050.5 537.1 0.88 1086
SFIX R,918785.0,
EFIX R,918785.0,920499 1716 997.9 556.4 1668
SSACC R,920501.0,
SBLINK R,920533.0,
EBLINK R,920533.0,920669 138
ESACC R,920501.0,920737 238 989.0 538.6 1005.4 534.7 0.46 1395
SFIX R,920739.0,
EFIX R,920739.0,920873 136 988.7 544.5 1754
SSACC R,920875.0,
ESACC R,920875.0,920885 12 984.4 546.1 998.9 520.7 0.79 79
SFIX R,920887.0,
EFIX R,920887.0,921587 702 1005.2 542.8 1699
SSACC R,921589.0,
ESACC R,921589.0,921599 12 1005.4 545.5 1008.2 530.4 0.42 61
SFIX R,921601.0,
EFIX R,921601.0,923827 2228 998.1 533.2 1770
SSACC R,923829.0,
SBLINK R,923839.0,
EBLINK R,923839.0,923843 6
ESACC R,923829.0,923851 24 1005.4 545.5 1008.2 530.4 0.42 0
SFIX R,923853.0,
EFIX R,923853.0,923879 28 1010.0 560.1 1778
SSACC R,923881.0,
SBLINK R,923891.0,
EBLINK R,923891.0,923937 48
ESACC R,923881.0,923945 66 1008.1 557.3 1008.3 556.0 0.04 18
SFIX R,923947.0,
EFIX R,923947.0,924189 244 1003.5 542.8 1726
SSACC R,924191.0,
SBLINK R,924201.0,
EBLINK R,924201.0,924233 34
ESACC R,924191.0,924241 52 1008.1 557.3 1008.3 556.0 0.04 0
SFIX R,924243.0,
EFIX R,924243.0,924483 242 996.8 533.7 1726
SSACC R,924485.0,
SBLINK R,924527.0,
EBLINK R,924527.0,924681 156
ESACC R,924485.0,924757 274 999.8 542.5 1024.7 555.9 0.77 950
SFIX R,924759.0,
EFIX R,924759.0,925053 296 1007.7 544.8 1827
SSACC R,925055.0,
ESACC R,925055.0,925067 14 1003.9 544.4 1017.6 525.5 0.63 64
SFIX R,925069.0,
EFIX R,925069.0,926681 1614 1005.6 541.5 1651
SSACC R,926683.0,
SBLINK R,926721.0,
EBLINK R,926721.0,926883 164
ESACC R,926683.0,926975 294 1015.6 537.6 1031.3 560.3 0.75 1084
SFIX R,926977.0,
EFIX R,926977.0,927073 98 1019.4 573.8 1697
SSACC R,927075.0,
ESACC R,927075.0,927089 16 1009.6 576.9 1005.2 548.8 0.77 68
SFIX R,927091.0,
EFIX R,927091.0,929765 2676 1001.8 552.5 1761
SSACC R,929767.0,
SBLINK R,929777.0,
EBLINK R,929777.0,929779 4
ESACC R,929767.0,929787 22 1009.6 576.9 1005.2 548.8 0.77 0
SFIX R,929789.0,
EFIX R,929789.0,930089 302 1009.6 541.6 1980
SSACC R,930091.0,
ESACC R,930091.0,930105 16 1011.9 533.0 1017.8 514.4 0.53 50
SFIX R,930107.0,
EFIX R,930107.0,930337 232 1007.4 512.3 1981
SSACC R,930339.0,
SBLINK R,930349.0,
EBLINK R,930349.0,930359 12
ESACC R,930339.0,930367 30 1011.9 533.0 1017.8 514.4 0.53 0
SFIX R,930369.0,
EFIX R,930369.0,930451 84 1002.6 512.7 1965
SSACC R,930453.0,
SBLINK R,930463.0,
EBLINK R,930463.0,930501 40
ESACC R,930453.0,930509 58 1011.9 533.0 1017.8 514.4 0.53 0
SFIX R,930511.0,
EFIX R,930511.0,930587 78 1004.5 518.0 1955
SSACC R,930589.0,
SBLINK R,930599.0,
EBLINK R,930599.0,930601 4
ESACC R,930589.0,930609 22 1011.9 533.0 1017.8 514.4 0.53 0
SFIX R,930611.0,
EFIX R,930611.0,930637 28 1009.9 516.0 1935
SSACC R,930639.0,
SBLINK R,930695.0,
EBLINK R,930695.0,930999 306
ESACC R,930639.0,931023 386 1012.1 513.2 1010.1 511.1 0.08 787
SFIX R,931025.0,
EFIX R,931025.0,931079 56 1003.8 521.5 1904
SSACC R,931081.0,
SBLINK R,931091.0,
EBLINK R,931091.0,931097 8
ESACC R,931081.0,931105 26 1012.1 513.2 1010.1 511.1 0.08 0
SFIX R,931107.0,
EFIX R,931107.0,931169 64 998.8 527.8 1910
SSACC R,931171.0,
ESACC R,931171.0,931177 8 1004.7 526.5 1016.9 525.9 0.33 56
SFIX R,931179.0,
EFIX R,931179.0,932665 1488 1013.0 567.0 1694
SSACC R,932667.0,
SBLINK R,932711.0,
EBLINK R,932711.0,932805 96
ESACC R,932667.0,932887 222 1019.1 566.1 1047.6 539.1 1.06 1006
SFIX R,932889.0,
EFIX R,932889.0,934037 1150 1021.0 537.5 1770
SSACC R,934039.0,
SBLINK R,934049.0,
EBLINK R,934049.0,934259 212
ESACC R,934039.0,934267 230 1019.1 566.1 1047.6 539.1 1.06 0
SFIX R,934269.0,
EFIX R,934269.0,934291 24 1001.8 561.0 1777
SSACC R,934293.0,
SBLINK R,934303.0,
EBLINK R,934303.0,934513 212
ESACC R,934293.0,934521 230 999.6 562.4 999.1 562.0 0.02 18
SFIX R,934523.0,
EFIX R,934523.0,934629 108 1001.6 556.6 1821
SSACC R,934631.0,
SBLINK R,934641.0,
EBLINK R,934641.0,936623 1984
ESACC R,934631.0,936647 2018 1034.1 699.5 1036.4 593.2 2.87 396
SFIX R,936649.0,
EFIX R,936649.0,936917 270 1019.0 608.5 1393
SSACC R,936919.0,
ESACC R,936919.0,936927 10 1014.2 611.8 1007.9 590.5 0.60 71
SFIX R,936929.0,
EFIX R,936929.0,937187 260 996.0 589.4 1389
SSACC R,937189.0,
ESACC R,937189.0,937193 6 986.8 583.1 992.5 571.1 0.36 75
SFIX R,937195.0,
EFIX R,937195.0,938325 1132 989.9 578.8 1300
SSACC R,938327.0,
SBLINK R,938337.0,
EBLINK R,938337.0,938351 16
ESACC R,938327.0,938359 34 986.8 583.1 992.5 571.1 0.36 0
SFIX R,938361.0,
EFIX R,938361.0,938567 208 992.1 571.6 1504
SSACC R,938569.0,
SBLINK R,938579.0,
EBLINK R,938579.0,938669 92
ESACC R,938569.0,938677 110 995.2 563.4 998.7 562.2 0.10 13
SFIX R,938679.0,
EFIX R,938679.0,938741 64 996.8 557.0 1553
SSACC R,938743.0,
SBLINK R,938767.0,
EBLINK R,938767.0,938895 130
ESACC R,938743.0,938941 200 990.2 553.4 1010.3 532.4 0.79 1420
SFIX R,938943.0,
EFIX R,938943.0,939383 442 990.9 549.5 1614
SSACC R,939385.0,
ESACC R,939385.0,939393 10 982.5 572.1 989.3 549.6 0.64 78
SFIX R,939395.0,
EFIX R,939395.0,941319 1926 990.3 565.8 1535
SSACC R,941321.0,
ESACC R,941321.0,941329 10 981.8 580.5 981.2 566.6 0.38 49
SFIX R,941331.0,
EFIX R,941331.0,942765 1436 988.3 547.1 1594
SSACC R,942767.0,
SBLINK R,942823.0,
EBLINK R,942823.0,942961 140
ESACC R,942767.0,943019 254 996.9 534.8 1004.0 560.1 0.71 861
SFIX R,943021.0,
EFIX R,943021.0,943139 120 993.6 566.0 1662
SSACC R,943141.0,
ESACC R,943141.0,943153 14 989.8 564.4 1001.0 538.1 0.77 74
SFIX R,943155.0,
EFIX R,943155.0,945609 2456 997.4 553.6 1604
SSACC R,945611.0,
SBLINK R,945651.0,
EBLINK R,945651.0,945779 130
ESACC R,945611.0,945827 218 1001.3 546.9 988.1 521.0 0.79 1105
SFIX R,945829.0,
EFIX R,945829.0,946057 230 973.5 533.2 1663
SSACC R,946059.0,
ESACC R,946059.0,946069 12 981.9 541.2 999.7 532.3 0.54 62
SFIX R,946071.0,
EFIX R,946071.0,946671 602 983.1 561.9 1589
SSACC R,946673.0,
SBLINK R,946699.0,
EBLINK R,946699.0,946837 140
ESACC R,946673.0,946881 210 972.7 552.6 1007.0 540.1 0.99 1345
SFIX R,946883.0,
EFIX R,946883.0,948043 1162 995.4 555.7 1689
SSACC R,948045.0,
ESACC R,948045.0,948057 14 987.2 568.0 1011.5 550.9 0.81 79
SFIX R,948059.0,
EFIX R,948059.0,948571 514 999.8 546.3 1753
SSACC R,948573.0,
SBLINK R,948613.0,
EBLINK R,948613.0,948741 130
ESACC R,948573.0,948795 224 988.4 543.9 1030.0 475.2 2.18 1224
SFIX R,948797.0,
EFIX R,948797.0,948925 130 1015.9 480.9 1761
SSACC R,948927.0,
ESACC R,948927.0,948945 20 1011.7 483.6 999.5 529.8 1.29 124
SFIX R,948947.0,
EFIX R,948947.0,949719 774 1004.3 535.6 1690
SSACC R,949721.0,
SBLINK R,949753.0,
EBLINK R,949753.0,949929 178
ESACC R,949721.0,950001 282 1004.4 525.9 1025.8 533.8 0.62 997
SFIX R,950003.0,
EFIX R,950003.0,950319 318 1015.2 536.9 1710
SSACC R,950321.0,
ESACC R,950321.0,950333 14 1009.8 534.5 1018.7 507.6 0.77 73
SFIX R,950335.0,
EFIX R,950335.0,950877 544 1001.2 518.8 1633
SSACC R,950879.0,
ESACC R,950879.0,950887 10 989.7 526.3 1004.3 528.2 0.40 52
SFIX R,950889.0,
EFIX R,950889.0,952253 1366 1009.8 541.5 1753
SSACC R,952255.0,
ESACC R,952255.0,952259 6 1023.1 543.8 1012.4 543.9 0.29 57
SFIX R,952261.0,
EFIX R,952261.0,952611 352 1001.2 541.1 1878
SSACC R,952613.0,
ESACC R,952613.0,952619 8 998.2 544.3 1006.8 535.8 0.33 51
SFIX R,952621.0,
EFIX R,952621.0,953309 690 1003.3 526.2 1767
SSACC R,953311.0,
SBLINK R,953347.0,
EBLINK R,953347.0,953485 140
ESACC R,953311.0,953531 222 1001.8 525.8 1042.5 531.5 1.11 1198
SFIX R,953533.0,
EFIX R,953533.0,953967 436 1024.3 545.5 1629
SSACC R,953969.0,
ESACC R,953969.0,953977 10 1018.5 550.1 1009.9 534.3 0.49 61
SFIX R,953979.0,
EFIX R,953979.0,956133 2156 995.6 548.6 1476
SSACC R,956135.0,
ESACC R,956135.0,956141 8 981.3 549.0 994.1 551.4 0.35 52
SFIX R,956143.0,
EFIX R,956143.0,957153 1012 987.9 556.0 1431
SSACC R,957155.0,
SBLINK R,957187.0,
EBLINK R,957187.0,957365 180
ESACC R,957155.0,957413 260 985.3 547.8 1001.4 560.8 0.56 896
SFIX R,957415.0,
EFIX R,957415.0,957655 242 986.2 575.2 1420
SSACC R,957657.0,
ESACC R,957657.0,957667 12 984.9 578.0 995.1 564.3 0.46 47
SFIX R,957669.0,
EFIX R,957669.0,960077 2410 984.9 561.5 1562
SSACC R,960079.0,
SBLINK R,960123.0,
EBLINK R,960123.0,960313 192
ESACC R,960079.0,960411 334 977.3 544.5 1006.9 547.7 0.81 956
SFIX R,960413.0,
EFIX R,960413.0,960679 268 994.0 562.7 1707
SSACC R,960681.0,
ESACC R,960681.0,960695 16 989.5 569.7 993.5 538.0 0.87 82
SFIX R,960697.0,
EFIX R,960697.0,961463 768 969.6 570.0 1373
SSACC R,961465.0,
ESACC R,961465.0,961479 16 967.0 561.6 1006.1 570.7 1.09 97
SFIX R,961481.0,
EFIX R,961481.0,961685 206 1003.2 552.3 1407
SSACC R,961687.0,
SBLINK R,961725.0,
EBLINK R,961725.0,962131 408
ESACC R,961687.0,962157 472 993.0 533.5 995.1 482.7 1.38 956
SFIX R,962159.0,
EFIX R,962159.0,962377 220 997.7 499.2 1488
SSACC R,962379.0,
ESACC R,962379.0,962397 20 1000.8 501.9 985.2 536.6 1.03 87
SFIX R,962399.0,
EFIX R,962399.0,962869 472 978.7 544.6 1466
SSACC R,962871.0,
SBLINK R,962897.0,
EBLINK R,962897.0,963011 116
ESACC R,962871.0,963051 182 971.9 540.2 1004.2 537.9 0.88 991
SFIX R,963053.0,
EFIX R,963053.0,963309 258 997.7 573.4 1571
SSACC R,963311.0,
ESACC R,963311.0,963323 14 995.4 584.0 984.2 551.7 0.93 77
SFIX R,963325.0,
EFIX R,963325.0,964247 924 966.3 562.0 1513
SSACC R,964249.0,
ESACC R,964249.0,964255 8 969.1 558.3 969.0 546.6 0.32 59
SFIX R,964257.0,
EFIX R,964257.0,964341 86 970.1 550.6 1487
SSACC R,964343.0,
SBLINK R,964353.0,
EBLINK R,964353.0,964361 10
ESACC R,964343.0,964369 28 969.1 558.3 969.0 546.6 0.32 0
SFIX R,964371.0,
EFIX R,964371.0,965101 732 972.1 553.1 1493
SSACC R,965103.0,
SBLINK R,965113.0,
EBLINK R,965113.0,965115 4
ESACC R,965103.0,965123 22 969.1 558.3 969.0 546.6 0.32 0
SFIX R,965125.0,
EFIX R,965125.0,965227 104 982.9 545.6 1437
SSACC R,965229.0,
SBLINK R,965239.0,
EBLINK R,965239.0,965239 2
ESACC R,965229.0,965247 20 969.1 558.3 969.0 546.6 0.32 0
SFIX R,965249.0,
EFIX R,965249.0,965461 214 986.3 549.5 1402
SSACC R,965463.0,
SBLINK R,965473.0,
EBLINK R,965473.0,965473 2
ESACC R,965463.0,965481 20 969.1 558.3 969.0 546.6 0.32 0
SFIX R,965483.0,
EFIX R,965483.0,966783 1302 973.6 561.2 1375
SSACC R,966785.0,
ESACC R,966785.0,966791 8 951.0 574.4 954.4 563.2 0.32 53
SFIX R,966793.0,
EFIX R,966793.0,967243 452 952.9 563.6 1179
SSACC R,967245.0,
SBLINK R,967255.0,
EBLINK R,967255.0,967259 6
ESACC R,967245.0,967267 24 951.0 574.4 954.4 563.2 0.32 0
SFIX R,967269.0,
EFIX R,967269.0,967777 510 960.5 566.0 1273
SSACC R,967779.0,
SBLINK R,967789.0,
EBLINK R,967789.0,967801 14
ESACC R,967779.0,967809 32 951.0 574.4 954.4 563.2 0.32 0
SFIX R,967811.0,
EFIX R,967811.0,968503 694 954.1 568.6 1274
SSACC R,968505.0,
SBLINK R,968515.0,
EBLINK R,968515.0,968833 320
ESACC R,968505.0,968867 364 950.6 541.2 964.9 530.7 0.48 726
SFIX R,968869.0,
EFIX R,968869.0,970921 2054 951.2 553.6 1353
SSACC R,970923.0,
SBLINK R,970955.0,
EBLINK R,970955.0,971097 144
ESACC R,970923.0,971135 214 969.4 518.1 989.6 500.6 0.72 743
SFIX R,971137.0,
EFIX R,971137.0,974235 3100 967.2 531.2 1601
SSACC R,974237.0,
SBLINK R,974287.0,
EBLINK R,974287.0,974401 116
ESACC R,974237.0,974453 218 963.5 509.1 989.9 518.1 0.76 978
SFIX R,974455.0,
EFIX R,974455.0,975101 648 971.6 535.0 1688
SSACC R,975103.0,
ESACC R,975103.0,975113 12 967.2 542.1 985.9 535.9 0.53 58
SFIX R,975115.0,
EFIX R,975115.0,975349 236 987.4 535.6 1459
SSACC R,975351.0,
ESACC R,975351.0,975361 12 987.4 538.3 962.2 533.8 0.69 75
SFIX R,975363.0,
EFIX R,975363.0,980075 4714 967.3 537.6 1533
SSACC R,980077.0,
SBLINK R,980107.0,
EBLINK R,980107.0,980269 164
ESACC R,980077.0,980313 238 979.0 520.2 997.8 502.8 0.69 802
SFIX R,980315.0,
EFIX R,980315.0,981453 1140 974.9 543.9 1418
SSACC R,981455.0,
SBLINK R,981489.0,
EBLINK R,981489.0,981619 132
ESACC R,981455.0,981673 220 976.1 537.2 995.8 504.3 1.04 1128
SFIX R,981675.0,
EFIX R,981675.0,982061 388 976.1 522.0 1673
SSACC R,982063.0,
SBLINK R,982103.0,
EBLINK R,982103.0,982223 122
ESACC R,982063.0,982275 214 964.4 525.9 1125.3 566.9 4.49 1225
SFIX R,982277.0,
EFIX R,982277.0,982353 78 1105.1 587.5 1495
SSACC R,982355.0,
ESACC R,982355.0,982383 30 1094.4 604.0 979.5 525.0 3.77 253
SFIX R,982385.0,
EFIX R,982385.0,982707 324 978.3 550.7 1485
SSACC R,982709.0,
ESACC R,982709.0,982715 8 976.1 553.5 966.7 544.9 0.35 47
SFIX R,982717.0,
EFIX R,982717.0,983405 690 973.8 545.3 1437
SSACC R,983407.0,
SBLINK R,983431.0,
EBLINK R,983431.0,983551 122
ESACC R,983407.0,983597 192 971.9 531.4 992.8 535.2 0.58 1335
SFIX R,983599.0,
EFIX R,983599.0,983759 162 978.6 546.6 1515
SSACC R,983761.0,
ESACC R,983761.0,983771 12 972.0 559.6 968.6 537.4 0.61 62
SFIX R,983773.0,
EFIX R,983773.0,984265 494 966.2 540.9 1549
SSACC R,984267.0,
ESACC R,984267.0,984277 12 966.8 541.2 974.6 523.1 0.53 54
SFIX R,984279.0,
EFIX R,984279.0,985071 794 964.6 535.3 1519
SSACC R,985073.0,
SBLINK R,985111.0,
EBLINK R,985111.0,985217 108
ESACC R,985073.0,985293 222 980.4 529.1 1011.3 522.5 0.86 982
SFIX R,985295.0,
EFIX R,985295.0,985761 468 994.4 539.2 1656
SSACC R,985763.0,
ESACC R,985763.0,985771 10 984.4 558.3 969.0 560.2 0.42 54
SFIX R,985773.0,
EFIX R,985773.0,985865 94 972.9 564.7 1608
SSACC R,985867.0,
SBLINK R,985903.0,
EBLINK R,985903.0,986019 118
ESACC R,985867.0,986093 228 979.4 561.4 1010.6 555.3 0.86 1141
SFIX R,986095.0,
EFIX R,986095.0,986521 428 999.9 562.9 1576
SSACC R,986523.0,
ESACC R,986523.0,986529 8 994.5 564.7 982.9 551.9 0.47 67
SFIX R,986531.0,
EFIX R,986531.0,987081 552 981.1 554.6 1500
SSACC R,987083.0,
SBLINK R,987115.0,
EBLINK R,987115.0,987237 124
ESACC R,987083.0,987289 208 986.0 540.1 992.5 501.0 1.07 949
SFIX R,987291.0,
EFIX R,987291.0,987405 116 983.5 509.5 1572
SSACC R,987407.0,
ESACC R,987407.0,987413 8 980.1 521.8 994.3 521.8 0.38 58
SFIX R,987415.0,
EFIX R,987415.0,988251 838 981.2 533.2 1554
SSACC R,988253.0,
ESACC R,988253.0,988261 10 974.1 535.0 991.4 544.8 0.54 64
SFIX R,988263.0,
EFIX R,988263.0,988835 574 993.5 553.5 1522
SSACC R,988837.0,
ESACC R,988837.0,988847 12 991.6 569.8 971.5 565.9 0.55 61
SFIX R,988849.0,
EFIX R,988849.0,989183 336 960.8 566.1 1425
SSACC R,989185.0,
ESACC R,989185.0,989189 6 955.2 559.5 961.7 559.3 0.18 49
SFIX R,989191.0,
EFIX R,989191.0,990735 1546 958.8 561.6 1200
SSACC R,990737.0,
SBLINK R,990759.0,
EBLINK R,990759.0,990883 126
ESACC R,990737.0,990907 172 941.8 564.6 958.9 542.5 0.76 625
SFIX R,990909.0,
EFIX R,990909.0,993553 2646 949.9 547.6 1249
SSACC R,993555.0,
SBLINK R,993579.0,
EBLINK R,993579.0,993721 144
ESACC R,993555.0,993751 198 941.1 532.7 961.5 517.0 0.70 758
SFIX R,993753.0,
EFIX R,993753.0,995313 1562 945.9 549.6 1146
SSACC R,995315.0,
ESACC R,995315.0,995321 8 949.8 549.4 955.8 537.1 0.37 52
SFIX R,995323.0,
EFIX R,995323.0,997861 2540 960.9 531.9 1466
SSACC R,997863.0,
ESACC R,997863.0,997873 12 970.6 536.5 996.8 531.5 0.72 70
SFIX R,997875.0,
EFIX R,997875.0,998043 170 995.3 521.3 1500
SSACC R,998045.0,
ESACC R,998045.0,998051 8 989.5 521.5 980.3 525.0 0.27 46
SFIX R,998053.0,
EFIX R,998053.0,999335 1284 973.2 529.2 1511
SSACC R,999337.0,
SBLINK R,999399.0,
EBLINK R,999399.0,999513 116
ESACC R,999337.0,999569 234 979.4 530.4 996.6 514.7 0.63 870
SFIX R,999571.0,
EFIX R,999571.0,1002011 2442 958.2 526.0 1573
SSACC R,1002013.0,
ESACC R,1002013.0,1002019 8 964.0 533.3 956.1 520.8 0.40 59
SFIX R,1002021.0,
EFIX R,1002021.0,1002185 166 945.4 522.6 1544
SSACC R,1002187.0,
ESACC R,1002187.0,1002197 12 944.8 532.0 963.8 539.8 0.56 62
SFIX R,1002199.0,
EFIX R,1002199.0,1002583 386 949.9 538.0 1464
SSACC R,1002585.0,
SBLINK R,1002619.0,
EBLINK R,1002619.0,1002815 198
ESACC R,1002585.0,1002861 278 952.1 521.0 974.2 538.6 0.77 846
SFIX R,1002863.0,
EFIX R,1002863.0,1003957 1096 966.9 559.7 1422
SSACC R,1003959.0,
ESACC R,1003959.0,1003967 10 980.3 564.0 983.4 551.3 0.35 48
SFIX R,1003969.0,
EFIX R,1003969.0,1004885 918 982.0 536.4 1541
SSACC R,1004887.0,
ESACC R,1004887.0,1004895 10 982.8 530.4 981.0 511.5 0.51 61
SFIX R,1004897.0,
EFIX R,1004897.0,1005183 288 988.6 502.8 1656
SSACC R,1005185.0,
ESACC R,1005185.0,1005197 14 995.0 511.7 1021.5 526.1 0.82 79
SFIX R,1005199.0,
EFIX R,1005199.0,1005399 202 1010.8 530.8 1624
SSACC R,1005401.0,
ESACC R,1005401.0,1005409 10 998.8 538.8 981.2 542.6 0.49 64
SFIX R,1005411.0,
EFIX R,1005411.0,1007663 2254 965.6 562.7 1165
SSACC R,1007665.0,
SBLINK R,1007691.0,
EBLINK R,1007691.0,1007853 164
ESACC R,1007665.0,1007891 228 950.8 529.1 962.4 561.4 0.93 678
SFIX R,1007893.0,
EFIX R,1007893.0,1008207 316 949.1 583.7 1215
SSACC R,1008209.0,
ESACC R,1008209.0,1008223 16 944.4 585.0 935.7 544.3 1.13 89
SFIX R,1008225.0,
EFIX R,1008225.0,1008323 100 929.1 539.1 1221
SSACC R,1008325.0,
SBLINK R,1008349.0,
EBLINK R,1008349.0,1008453 106
ESACC R,1008325.0,1008485 162 920.8 522.9 953.9 511.5 0.95 917
SFIX R,1008487.0,
EFIX R,1008487.0,1010759 2274 944.1 548.3 1349
SSACC R,1010761.0,
SBLINK R,1010787.0,
EBLINK R,1010787.0,1010921 136
ESACC R,1010761.0,1010971 212 943.4 521.7 957.8 524.1 0.40 996
SFIX R,1010973.0,
EFIX R,1010973.0,1013155 2184 961.4 539.9 1414
SSACC R,1013157.0,
SBLINK R,1013195.0,
EBLINK R,1013195.0,1013295 102
ESACC R,1013157.0,1013369 214 970.4 525.1 991.0 513.6 0.64 1030
SFIX R,1013371.0,
EFIX R,1013371.0,1013789 420 967.9 533.2 1572
SSACC R,1013791.0,
ESACC R,1013791.0,1013803 14 958.1 538.4 928.5 527.8 0.85 82
SFIX R,1013805.0,
EFIX R,1013805.0,1013985 182 927.6 533.8 1392
SSACC R,1013987.0,
ESACC R,1013987.0,1013997 12 929.3 545.8 949.8 548.5 0.56 60
SFIX R,1013999.0,
EFIX R,1013999.0,1014739 742 956.9 558.8 1364
SSACC R,1014741.0,
SBLINK R,1014765.0,
EBLINK R,1014765.0,1014929 166
ESACC R,1014741.0,1014975 236 957.9 532.7 1001.4 531.8 1.18 1181
SFIX R,1014977.0,
EFIX R,1014977.0,1015063 88 990.2 555.4 1442
SSACC R,1015065.0,
SBLINK R,1015091.0,
EBLINK R,1015091.0,1015091 2
ESACC R,1015065.0,1015099 36 978.9 566.7 960.4 551.8 0.64 62
SFIX R,1015101.0,
EFIX R,1015101.0,1015371 272 964.5 563.9 1452
SSACC R,1015373.0,
ESACC R,1015373.0,1015387 16 963.0 558.1 948.1 533.0 0.79 84
SFIX R,1015389.0,
EFIX R,1015389.0,1015601 214 946.0 546.8 1363
SSACC R,1015603.0,
ESACC R,1015603.0,1015611 10 941.0 551.0 959.5 557.1 0.53 66
SFIX R,1015613.0,
EFIX R,1015613.0,1016081 470 966.2 551.7 1272
SSACC R,1016083.0,
SBLINK R,1016107.0,
EBLINK R,1016107.0,1016231 126
ESACC R,1016083.0,1016275 194 968.4 518.3 1000.8 504.3 0.96 965
SFIX R,1016277.0,
EFIX R,1016277.0,1016465 190 986.4 523.3 1408
SSACC R,1016467.0,
ESACC R,1016467.0,1016477 12 987.5 532.7 970.0 516.9 0.64 70
SFIX R,1016479.0,
EFIX R,1016479.0,1018027 1550 959.6 551.2 1429
SSACC R,1018029.0,
SBLINK R,1018071.0,
EBLINK R,1018071.0,1018187 118
ESACC R,1018029.0,1018241 214 948.3 560.6 968.8 524.9 1.12 946
SFIX R,1018243.0,
EFIX R,1018243.0,1020375 2134 950.7 560.1 1522
SSACC R,1020377.0,
SBLINK R,1020415.0,
EBLINK R,1020415.0,1020601 188
ESACC R,1020377.0,1020661 286 951.5 552.1 955.6 539.6 0.36 1016
SFIX R,1020663.0,
EFIX R,1020663.0,1020803 142 943.8 558.3 1478
SSACC R,1020805.0,
SBLINK R,1020815.0,
EBLINK R,1020815.0,1020815 2
ESACC R,1020805.0,1020823 20 951.5 552.1 955.6 539.6 0.36 0
SFIX R,1020825.0,
EFIX R,1020825.0,1021059 236 940.3 566.3 1498
SSACC R,1021061.0,
ESACC R,1021061.0,1021079 20 937.1 566.1 965.4 525.3 1.35 113
SFIX R,1021081.0,
EFIX R,1021081.0,1021911 832 960.6 543.5 1386
SSACC R,1021913.0,
SBLINK R,1021955.0,
EBLINK R,1021955.0,1022055 102
ESACC R,1021913.0,1022121 210 974.0 529.4 986.7 508.5 0.66 1224
SFIX R,1022123.0,
EFIX R,1022123.0,1023125 1004 964.6 518.4 1645
SSACC R,1023127.0,
SBLINK R,1023175.0,
EBLINK R,1023175.0,1023289 116
ESACC R,1023127.0,1023351 226 958.3 513.3 792.9 943.5 12.27 1238
SFIX R,1023353.0,
EFIX R,1023353.0,1023445 94 791.9 951.1 1758
SSACC R,1023447.0,
SBLINK R,1023473.0,
EBLINK R,1023473.0,1023555 84
ESACC R,1023447.0,1023607 162 792.5 960.9 964.5 442.5 14.52 959
SFIX R,1023609.0,
EFIX R,1023609.0,1023705 98 955.7 453.3 1736
SSACC R,1023707.0,
ESACC R,1023707.0,1023727 22 951.1 472.3 989.9 519.4 1.65 141
SFIX R,1023729.0,
EFIX R,1023729.0,1025803 2076 992.1 536.3 1663
SSACC R,1025805.0,
ESACC R,1025805.0,1025813 10 1001.9 557.0 1017.7 553.2 0.44 59
SFIX R,1025815.0,
EFIX R,1025815.0,1027139 1326 996.8 559.2 1487
SSACC R,1027141.0,
ESACC R,1027141.0,1027149 10 986.3 570.9 972.4 551.2 0.65 80
SFIX R,1027151.0,
EFIX R,1027151.0,1027817 668 966.2 550.5 1627
SSACC R,1027819.0,
ESACC R,1027819.0,1027831 14 974.8 550.0 1000.9 548.6 0.71 66
SFIX R,1027833.0,
EFIX R,1027833.0,1029129 1298 995.5 530.6 1712
SSACC R,1029131.0,
SBLINK R,1029179.0,
EBLINK R,1029179.0,1029303 126
ESACC R,1029131.0,1029413 284 995.5 524.8 1023.1 529.6 0.76 1122
SFIX R,1029415.0,
EFIX R,1029415.0,1030415 1002 996.2 575.0 1486
SSACC R,1030417.0,
ESACC R,1030417.0,1030427 12 977.8 586.5 983.1 569.3 0.49 53
SFIX R,1030429.0,
EFIX R,1030429.0,1031055 628 991.0 560.7 1412
SSACC R,1031057.0,
SBLINK R,1031067.0,
EBLINK R,1031067.0,1031071 6
ESACC R,1031057.0,1031079 24 977.8 586.5 983.1 569.3 0.49 0
SFIX R,1031081.0,
EFIX R,1031081.0,1031473 394 990.0 552.2 1415
SSACC R,1031475.0,
SBLINK R,1031507.0,
EBLINK R,1031507.0,1031717 212
ESACC R,1031475.0,1031803 330 997.6 536.9 1011.6 555.8 0.64 851
SFIX R,1031805.0,
EFIX R,1031805.0,1033181 1378 983.1 556.3 1331
SSACC R,1033183.0,
ESACC R,1033183.0,1033193 12 982.4 558.7 962.6 550.8 0.58 60
SFIX R,1033195.0,
EFIX R,1033195.0,1033537 344 964.5 553.6 1521
SSACC R,1033539.0,
SBLINK R,1033569.0,
EBLINK R,1033569.0,1033723 156
ESACC R,1033539.0,1033793 256 963.7 543.3 999.3 579.2 1.37 1541
SFIX R,1033795.0,
EFIX R,1033795.0,1034041 248 997.0 552.4 1579
SSACC R,1034043.0,
ESACC R,1034043.0,1034053 12 992.2 554.9 992.7 533.1 0.59 58
SFIX R,1034055.0,
EFIX R,1034055.0,1035113 1060 989.5 547.1 1437
SSACC R,1035115.0,
SBLINK R,1035145.0,
EBLINK R,1035145.0,1035363 220
ESACC R,1035115.0,1035443 330 980.0 524.9 990.9 478.1 1.30 855
SFIX R,1035445.0,
EFIX R,1035445.0,1035565 122 979.0 494.4 1405
SSACC R,1035567.0,
ESACC R,1035567.0,1035581 16 969.5 504.5 986.0 522.3 0.66 61
SFIX R,1035583.0,
EFIX R,1035583.0,1036029 448 974.3 542.8 1398
SSACC R,1036031.0,
SBLINK R,1036055.0,
EBLINK R,1036055.0,1036193 140
ESACC R,1036031.0,1036261 232 975.8 543.4 1007.2 550.6 0.87 787
SFIX R,1036263.0,
EFIX R,1036263.0,1036409 148 993.4 552.8 1302
SSACC R,1036411.0,
ESACC R,1036411.0,1036421 12 987.3 555.0 967.0 547.7 0.58 66
SFIX R,1036423.0,
EFIX R,1036423.0,1037083 662 974.4 527.8 1439
SSACC R,1037085.0,
ESACC R,1037085.0,1037093 10 973.4 522.7 983.8 531.4 0.37 47
SFIX R,1037095.0,
EFIX R,1037095.0,1037863 770 998.2 535.5 1606
SSACC R,1037865.0,
SBLINK R,1037901.0,
EBLINK R,1037901.0,1038073 174
ESACC R,1037865.0,1038155 292 999.6 536.4 1031.8 566.5 1.19 1182
SFIX R,1038157.0,
EFIX R,1038157.0,1038327 172 1027.9 546.9 1618
SSACC R,1038329.0,
ESACC R,1038329.0,1038337 10 1023.8 548.6 1014.4 534.4 0.46 59
SFIX R,1038339.0,
EFIX R,1038339.0,1039267 930 1021.2 550.6 1581
SSACC R,1039269.0,
SBLINK R,1039311.0,
EBLINK R,1039311.0,1039485 176
ESACC R,1039269.0,1039547 280 1045.8 527.9 1039.3 525.1 0.19 956
SFIX R,1039549.0,
EFIX R,1039549.0,1039775 228 1027.1 527.7 1578
SSACC R,1039777.0,
ESACC R,1039777.0,1039787 12 1029.5 538.7 1051.1 542.0 0.59 60
SFIX R,1039789.0,
EFIX R,1039789.0,1041363 1576 1058.4 549.7 1601
SSACC R,1041365.0,
SBLINK R,1041397.0,
EBLINK R,1041397.0,1041485 90
ESACC R,1041365.0,1041573 210 1030.9 552.3 1051.4 545.3 0.59 1292
SFIX R,1041575.0,
EFIX R,1041575.0,1042403 830 1034.7 553.2 1763
SSACC R,1042405.0,
ESACC R,1042405.0,1042421 18 1025.1 557.3 1027.4 527.6 0.81 63
SFIX R,1042423.0,
EFIX R,1042423.0,1042907 486 1030.3 540.0 1809
SSACC R,1042909.0,
ESACC R,1042909.0,1042915 8 1046.1 553.6 1056.7 558.5 0.32 56
SFIX R,1042917.0,
EFIX R,1042917.0,1043439 524 1058.7 555.8 1821
SSACC R,1043441.0,
ESACC R,1043441.0,1043453 14 1055.9 558.3 1045.6 539.3 0.59 66
SFIX R,1043455.0,
EFIX R,1043455.0,1045389 1936 1033.6 563.7 1516
SSACC R,1045391.0,
SBLINK R,1045401.0,
EBLINK R,1045401.0,1045407 8
ESACC R,1045391.0,1045415 26 1055.9 558.3 1045.6 539.3 0.59 0
SFIX R,1045417.0,
EFIX R,1045417.0,1045639 224 1028.4 561.4 1549
SSACC R,1045641.0,
ESACC R,1045641.0,1045661 22 1026.8 562.2 1078.2 553.6 1.41 96
SFIX R,1045663.0,
EFIX R,1045663.0,1045719 58 1070.5 551.6 1542
SSACC R,1045721.0,
SBLINK R,1045751.0,
EBLINK R,1045751.0,1045877 128
ESACC R,1045721.0,1045943 224 1069.7 558.2 1058.7 591.0 0.94 934
SFIX R,1045945.0,
EFIX R,1045945.0,1046137 194 1044.6 582.4 1639
SSACC R,1046139.0,
ESACC R,1046139.0,1046149 12 1041.8 582.7 1029.7 566.7 0.54 74
SFIX R,1046151.0,
EFIX R,1046151.0,1046801 652 1029.1 588.2 1507
SSACC R,1046803.0,
ESACC R,1046803.0,1046813 12 1028.5 603.4 1048.7 589.8 0.66 73
SFIX R,1046815.0,
EFIX R,1046815.0,1047203 390 1056.1 566.9 1492
SSACC R,1047205.0,
SBLINK R,1047255.0,
EBLINK R,1047255.0,1047493 240
ESACC R,1047205.0,1047501 298 1059.7 539.4 1061.8 512.4 0.73 923
SFIX R,1047503.0,
EFIX R,1047503.0,1047723 222 1035.7 519.9 1604
SSACC R,1047725.0,
ESACC R,1047725.0,1047733 10 1032.0 522.4 1043.7 532.2 0.41 55
SFIX R,1047735.0,
EFIX R,1047735.0,1047783 50 1046.1 531.5 1605
SSACC R,1047785.0,
SBLINK R,1047815.0,
EBLINK R,1047815.0,1047985 172
ESACC R,1047785.0,1048037 254 1049.4 534.6 1046.0 539.0 0.15 1247
SFIX R,1048039.0,
EFIX R,1048039.0,1048915 878 1020.2 552.3 1396
SSACC R,1048917.0,
ESACC R,1048917.0,1048921 6 1012.3 567.2 1020.6 562.2 0.26 42
SFIX R,1048923.0,
EFIX R,1048923.0,1048955 34 1022.8 560.8 1341
SSACC R,1048957.0,
SBLINK R,1048967.0,
EBLINK R,1048967.0,1048983 18
ESACC R,1048957.0,1048991 36 1012.3 567.2 1020.6 562.2 0.26 0
SFIX R,1048993.0,
EFIX R,1048993.0,1049711 720 1038.4 566.2 1398
SSACC R,1049713.0,
ESACC R,1049713.0,1049725 14 1045.6 567.4 1012.9 553.3 0.97 87
SFIX R,1049727.0,
EFIX R,1049727.0,1049947 222 1006.2 544.7 1414
SSACC R,1049949.0,
ESACC R,1049949.0,1049961 14 1002.5 545.6 1027.9 547.5 0.69 65
SFIX R,1049963.0,
EFIX R,1049963.0,1050567 606 1010.2 542.0 1379
SSACC R,1050569.0,
SBLINK R,1050597.0,
EBLINK R,1050597.0,1050811 216
ESACC R,1050569.0,1050903 336 995.8 539.1 1037.0 509.6 1.37 983
SFIX R,1050905.0,
EFIX R,1050905.0,1051293 390 1031.0 528.7 1350
SSACC R,1051295.0,
ESACC R,1051295.0,1051307 14 1021.2 540.7 991.6 538.1 0.81 72
SFIX R,1051309.0,
EFIX R,1051309.0,1051587 280 984.5 551.9 1248
SSACC R,1051589.0,
ESACC R,1051589.0,1051605 18 981.1 560.0 1026.1 556.2 1.22 104
SFIX R,1051607.0,
EFIX R,1051607.0,1052325 720 1015.9 541.8 1335
SSACC R,1052327.0,
ESACC R,1052327.0,1052337 12 1008.7 532.9 990.8 522.4 0.56 64
SFIX R,1052339.0,
EFIX R,1052339.0,1052525 188 983.9 521.1 1537
SSACC R,1052527.0,
ESACC R,1052527.0,1052535 10 984.6 523.1 998.7 524.3 0.38 50
SFIX R,1052537.0,
EFIX R,1052537.0,1053331 796 991.3 532.5 1619
SSACC R,1053333.0,
SBLINK R,1053397.0,
EBLINK R,1053397.0,1053635 240
ESACC R,1053333.0,1053643 312 994.6 525.9 991.7 694.5 4.56 890
SFIX R,1053645.0,
EFIX R,1053645.0,1053791 148 1001.1 537.7 1677
SSACC R,1053793.0,
ESACC R,1053793.0,1053805 14 998.6 531.4 999.3 504.4 0.73 68
SFIX R,1053807.0,
EFIX R,1053807.0,1054307 502 997.9 525.5 1571
SSACC R,1054309.0,
SBLINK R,1054319.0,
EBLINK R,1054319.0,1054555 238
ESACC R,1054309.0,1054563 256 1004.5 552.1 1000.6 554.2 0.12 22
SFIX R,1054565.0,
EFIX R,1054565.0,1054645 82 1001.0 560.3 1279
SSACC R,1054647.0,
SBLINK R,1054657.0,
EBLINK R,1054657.0,1054657 2
ESACC R,1054647.0,1054665 20 1004.5 552.1 1000.6 554.2 0.12 0
SFIX R,1054667.0,
EFIX R,1054667.0,1054739 74 1000.1 560.3 1269
SSACC R,1054741.0,
SBLINK R,1054751.0,
EBLINK R,1054751.0,1054985 236
ESACC R,1054741.0,1054993 254 993.1 557.2 997.3 554.7 0.13 2
SFIX R,1054995.0,
EFIX R,1054995.0,1055031 38 991.4 552.6 1251
SSACC R,1055033.0,
SBLINK R,1055043.0,
EBLINK R,1055043.0,1055071 30
ESACC R,1055033.0,1055079 48 993.1 557.2 997.3 554.7 0.13 0
SFIX R,1055081.0,
EFIX R,1055081.0,1055229 150 986.0 550.8 1252
SSACC R,1055231.0,
SBLINK R,1055241.0,
EBLINK R,1055241.0,1055259 20
ESACC R,1055231.0,1055267 38 993.1 557.2 997.3 554.7 0.13 0
SFIX R,1055269.0,
EFIX R,1055269.0,1055401 134 983.3 554.1 1271
SSACC R,1055403.0,
SBLINK R,1055413.0,
EBLINK R,1055413.0,1055543 132
ESACC R,1055403.0,1055551 150 985.4 559.0 987.3 554.5 0.13 23
SFIX R,1055553.0,
EFIX R,1055553.0,1055625 74 989.0 557.3 1303
SSACC R,1055627.0,
SBLINK R,1055659.0,
EBLINK R,1055659.0,1055821 164
ESACC R,1055627.0,1055873 248 988.2 548.3 963.6 531.2 0.81 1065
SFIX R,1055875.0,
EFIX R,1055875.0,1055965 92 958.3 540.1 1306
SSACC R,1055967.0,
ESACC R,1055967.0,1055979 14 952.3 549.9 979.1 532.1 0.87 97
SFIX R,1055981.0,
EFIX R,1055981.0,1056343 364 977.7 546.3 1308
SSACC R,1056345.0,
ESACC R,1056345.0,1056357 14 972.6 557.1 987.1 554.9 0.40 44
SFIX R,1056359.0,
EFIX R,1056359.0,1056589 232 979.7 553.8 1185
SSACC R,1056591.0,
SBLINK R,1056627.0,
EBLINK R,1056627.0,1056767 142
ESACC R,1056591.0,1056801 212 979.4 552.6 1002.3 540.0 0.71 653
SFIX R,1056803.0,
EFIX R,1056803.0,1057241 440 989.3 533.9 1343
SSACC R,1057243.0,
ESACC R,1057243.0,1057249 8 999.2 533.5 1012.2 531.1 0.36 51
SFIX R,1057251.0,
EFIX R,1057251.0,1057407 158 1009.7 535.7 1394
SSACC R,1057409.0,
SBLINK R,1057419.0,
EBLINK R,1057419.0,1057531 114
ESACC R,1057409.0,1057539 132 1003.3 537.8 1001.8 536.8 0.05 11
SFIX R,1057541.0,
EFIX R,1057541.0,1057581 42 985.9 542.9 1392
SSACC R,1057583.0,
SBLINK R,1057593.0,
EBLINK R,1057593.0,1057599 8
ESACC R,1057583.0,1057607 26 1003.3 537.8 1001.8 536.8 0.05 0
SFIX R,1057609.0,
EFIX R,1057609.0,1057653 46 982.5 551.8 1390
SSACC R,1057655.0,
SBLINK R,1057665.0,
EBLINK R,1057665.0,1057891 228
ESACC R,1057655.0,1057899 246 977.6 561.4 980.3 557.2 0.14 19
SFIX R,1057901.0,
EFIX R,1057901.0,1057927 28 977.1 558.7 1436
SSACC R,1057929.0,
SBLINK R,1057939.0,
EBLINK R,1057939.0,1057979 42
ESACC R,1057929.0,1057987 60 977.6 561.4 980.3 557.2 0.14 0
SFIX R,1057989.0,
EFIX R,1057989.0,1058031 44 988.7 563.4 1453
SSACC R,1058033.0,
SBLINK R,1058043.0,
EBLINK R,1058043.0,1058279 238
ESACC R,1058033.0,1058333 302 989.7 556.4 1017.8 535.3 0.95 1131
SFIX R,1058335.0,
EFIX R,1058335.0,1058469 136 1012.8 546.5 1486
SSACC R,1058471.0,
ESACC R,1058471.0,1058475 6 1010.1 545.0 1002.4 538.5 0.27 66
SFIX R,1058477.0,
EFIX R,1058477.0,1058753 278 1000.7 543.1 1510
SSACC R,1058755.0,
ESACC R,1058755.0,1058765 12 1005.0 542.8 1011.6 529.2 0.41 42
SFIX R,1058767.0,
EFIX R,1058767.0,1059691 926 1001.0 543.5 1252
SSACC R,1059693.0,
SBLINK R,1059721.0,
EBLINK R,1059721.0,1059891 172
ESACC R,1059693.0,1059929 238 981.9 550.5 982.2 549.0 0.04 382
SFIX R,1059931.0,
EFIX R,1059931.0,1060827 898 976.4 562.5 1182
SSACC R,1060829.0,
SBLINK R,1060839.0,
EBLINK R,1060839.0,1060891 54
ESACC R,1060829.0,1060899 72 970.6 556.0 972.4 550.9 0.15 18
SFIX R,1060901.0,
EFIX R,1060901.0,1061383 484 977.6 547.6 1335
SSACC R,1061385.0,
SBLINK R,1061395.0,
EBLINK R,1061395.0,1061395 2
ESACC R,1061385.0,1061403 20 970.6 556.0 972.4 550.9 0.15 0
SFIX R,1061405.0,
EFIX R,1061405.0,1061685 282 993.0 549.7 1429
SSACC R,1061687.0,
SBLINK R,1061697.0,
EBLINK R,1061697.0,1061705 10
ESACC R,1061687.0,1061713 28 970.6 556.0 972.4 550.9 0.15 0
SFIX R,1061715.0,
EFIX R,1061715.0,1061995 282 991.7 563.6 1491
SSACC R,1061997.0,
SBLINK R,1062007.0,
EBLINK R,1062007.0,1062045 40
ESACC R,1061997.0,1062053 58 991.3 569.1 991.3 569.1 0.00 6
SFIX R,1062055.0,
EFIX R,1062055.0,1062317 264 986.3 561.7 1527
SSACC R,1062319.0,
SBLINK R,1062329.0,
EBLINK R,1062329.0,1062385 58
ESACC R,1062319.0,1062393 76 991.3 569.1 991.3 569.1 0.00 0
SFIX R,1062395.0,
EFIX R,1062395.0,1062661 268 964.8 544.1 1513
SSACC R,1062663.0,
SBLINK R,1062673.0,
EBLINK R,1062673.0,1062763 92
ESACC R,1062663.0,1062771 110 950.1 552.6 947.9 552.3 0.06 16
SFIX R,1062773.0,
EFIX R,1062773.0,1062805 34 948.7 553.1 1464
SSACC R,1062807.0,
SBLINK R,1062817.0,
EBLINK R,1062817.0,1062899 84
ESACC R,1062807.0,1062907 102 951.3 561.1 954.2 553.7 0.22 20
SFIX R,1062909.0,
EFIX R,1062909.0,1062945 38 953.3 560.2 1424
SSACC R,1062947.0,
SBLINK R,1062957.0,
EBLINK R,1062957.0,1063013 58
ESACC R,1062947.0,1063021 76 949.8 567.7 949.7 568.5 0.02 7
SFIX R,1063023.0,
EFIX R,1063023.0,1063059 38 952.0 567.1 1400
SSACC R,1063061.0,
SBLINK R,1063071.0,
EBLINK R,1063071.0,1063309 240
ESACC R,1063061.0,1063343 284 953.9 559.1 967.5 582.7 0.74 816
SFIX R,1063345.0,
EFIX R,1063345.0,1063509 166 957.2 581.9 1375
SSACC R,1063511.0,
ESACC R,1063511.0,1063515 6 965.4 586.0 972.0 581.4 0.22 50
SFIX R,1063517.0,
EFIX R,1063517.0,1063851 336 980.1 579.5 1407
SSACC R,1063853.0,
ESACC R,1063853.0,1063857 6 987.0 579.9 989.9 567.9 0.33 59
SFIX R,1063859.0,
EFIX R,1063859.0,1064437 580 986.5 570.6 1299
SSACC R,1064439.0,
ESACC R,1064439.0,1064449 12 992.6 566.4 1009.4 577.6 0.55 59
SFIX R,1064451.0,
EFIX R,1064451.0,1065987 1538 1007.6 554.5 1486
SSACC R,1065989.0,
SBLINK R,1066029.0,
EBLINK R,1066029.0,1066157 130
ESACC R,1065989.0,1066219 232 996.0 556.7 1025.0 565.4 0.82 1172
SFIX R,1066221.0,
EFIX R,1066221.0,1066419 200 1015.3 563.1 1584
SSACC R,1066421.0,
ESACC R,1066421.0,1066427 8 1009.8 565.7 1001.3 552.7 0.42 60
SFIX R,1066429.0,
EFIX R,1066429.0,1066561 134 1001.0 556.9 1599
SSACC R,1066563.0,
SBLINK R,1066573.0,
EBLINK R,1066573.0,1066573 2
ESACC R,1066563.0,1066581 20 1009.8 565.7 1001.3 552.7 0.42 0
SFIX R,1066583.0,
EFIX R,1066583.0,1067919 1338 1000.8 563.9 1378
SSACC R,1067921.0,
SBLINK R,1067947.0,
EBLINK R,1067947.0,1068091 146
ESACC R,1067921.0,1068135 216 987.1 563.1 1025.2 539.1 1.22 1024
SFIX R,1068137.0,
EFIX R,1068137.0,1068555 420 1009.2 560.0 1345
SSACC R,1068557.0,
ESACC R,1068557.0,1068563 8 1000.6 569.0 989.3 560.2 0.39 55
SFIX R,1068565.0,
EFIX R,1068565.0,1068625 62 981.9 559.0 1304
SSACC R,1068627.0,
SBLINK R,1068651.0,
EBLINK R,1068651.0,1068813 164
ESACC R,1068627.0,1068863 238 978.4 550.3 998.5 561.8 0.63 844
SFIX R,1068865.0,
EFIX R,1068865.0,1069257 394 990.1 568.5 1345
SSACC R,1069259.0,
ESACC R,1069259.0,1069265 8 997.6 569.5 1006.2 559.5 0.36 55
SFIX R,1069267.0,
EFIX R,1069267.0,1070089 824 1003.1 561.3 1410
SSACC R,1070091.0,
SBLINK R,1070125.0,
EBLINK R,1070125.0,1070251 128
ESACC R,1070091.0,1070305 216 996.2 543.5 1002.0 527.4 0.46 1059
SFIX R,1070307.0,
EFIX R,1070307.0,1072091 1786 990.5 551.0 1493
SSACC R,1072093.0,
ESACC R,1072093.0,1072099 8 1016.7 561.3 1024.8 558.1 0.24 41
SFIX R,1072101.0,
EFIX R,1072101.0,1072519 420 1016.6 552.2 1431
SSACC R,1072521.0,
SBLINK R,1072549.0,
EBLINK R,1072549.0,1072769 222
ESACC R,1072521.0,1072815 296 1005.0 547.0 1029.8 542.4 0.68 950
SFIX R,1072817.0,
EFIX R,1072817.0,1073309 494 1007.0 541.5 1367
SSACC R,1073311.0,
ESACC R,1073311.0,1073315 6 990.8 543.9 981.4 543.2 0.26 49
SFIX R,1073317.0,
EFIX R,1073317.0,1074275 960 979.4 531.2 1318
SSACC R,1074277.0,
ESACC R,1074277.0,1074289 14 986.7 521.0 1012.6 523.9 0.71 70
SFIX R,1074291.0,
EFIX R,1074291.0,1075103 814 1002.7 518.8 1641
SSACC R,1075105.0,
SBLINK R,1075115.0,
EBLINK R,1075115.0,1075115 2
ESACC R,1075105.0,1075123 20 986.7 521.0 1012.6 523.9 0.71 0
SFIX R,1075125.0,
EFIX R,1075125.0,1075603 480 998.8 526.1 1635
SSACC R,1075605.0,
SBLINK R,1075615.0,
EBLINK R,1075615.0,1075751 138
ESACC R,1075605.0,1075759 156 1012.1 526.4 1008.0 533.4 0.22 23
SFIX R,1075761.0,
EFIX R,1075761.0,1075811 52 1005.5 540.7 1507
SSACC R,1075813.0,
SBLINK R,1075823.0,
EBLINK R,1075823.0,1075867 46
ESACC R,1075813.0,1075875 64 1012.1 526.4 1008.0 533.4 0.22 0
SFIX R,1075877.0,
EFIX R,1075877.0,1075937 62 1003.4 550.8 1440
SSACC R,1075939.0,
SBLINK R,1075949.0,
EBLINK R,1075949.0,1076043 96
ESACC R,1075939.0,1076051 114 999.5 553.4 997.7 553.2 0.05 17
SFIX R,1076053.0,
EFIX R,1076053.0,1076133 82 997.6 555.8 1358
SSACC R,1076135.0,
SBLINK R,1076145.0,
EBLINK R,1076145.0,1076191 48
ESACC R,1076135.0,1076199 66 999.5 553.4 997.7 553.2 0.05 0
SFIX R,1076201.0,
EFIX R,1076201.0,1076227 28 999.2 557.8 1319
SSACC R,1076229.0,
SBLINK R,1076239.0,
EBLINK R,1076239.0,1076569 332
ESACC R,1076229.0,1076623 396 991.0 545.1 997.9 559.6 0.44 856
SFIX R,1076625.0,
EFIX R,1076625.0,1076753 130 988.6 547.0 1258
SSACC R,1076755.0,
ESACC R,1076755.0,1076771 18 982.7 552.8 1003.4 523.2 0.98 98
SFIX R,1076773.0,
EFIX R,1076773.0,1077237 466 994.4 540.6 1207
SSACC R,1077239.0,
ESACC R,1077239.0,1077247 10 987.1 552.4 976.1 546.7 0.34 41
SFIX R,1077249.0,
EFIX R,1077249.0,1077655 408 976.5 548.9 1122
SSACC R,1077657.0,
ESACC R,1077657.0,1077661 6 984.2 546.4 992.7 549.2 0.24 52
SFIX R,1077663.0,
EFIX R,1077663.0,1079927 2266 976.0 549.2 1387
SSACC R,1079929.0,
SBLINK R,1079939.0,
EBLINK R,1079939.0,1079939 2
ESACC R,1079929.0,1079947 20 984.2 546.4 992.7 549.2 0.24 0
SFIX R,1079949.0,
EFIX R,1079949.0,1080279 332 968.6 568.9 1300
SSACC R,1080281.0,
SBLINK R,1080313.0,
EBLINK R,1080313.0,1080459 148
ESACC R,1080281.0,1080503 224 972.6 573.1 1012.0 568.8 1.07 843
SFIX R,1080505.0,
EFIX R,1080505.0,1080681 178 1003.7 554.1 1269
SSACC R,1080683.0,
ESACC R,1080683.0,1080691 10 993.9 560.9 976.0 558.2 0.49 56
SFIX R,1080693.0,
EFIX R,1080693.0,1081015 324 973.3 568.8 1268
SSACC R,1081017.0,
SBLINK R,1081027.0,
EBLINK R,1081027.0,1081043 18
ESACC R,1081017.0,1081051 36 993.9 560.9 976.0 558.2 0.49 0
SFIX R,1081053.0,
EFIX R,1081053.0,1081109 58 963.8 575.0 1181
SSACC R,1081111.0,
SBLINK R,1081121.0,
EBLINK R,1081121.0,1081361 242
ESACC R,1081111.0,1081369 260 959.9 578.3 965.0 574.7 0.17 21
SFIX R,1081371.0,
EFIX R,1081371.0,1081457 88 969.6 574.1 1217
SSACC R,1081459.0,
SBLINK R,1081469.0,
EBLINK R,1081469.0,1081475 8
ESACC R,1081459.0,1081483 26 959.9 578.3 965.0 574.7 0.17 0
SFIX R,1081485.0,
EFIX R,1081485.0,1081541 58 976.5 572.6 1273
SSACC R,1081543.0,
SBLINK R,1081553.0,
EBLINK R,1081553.0,1081625 74
ESACC R,1081543.0,1081633 92 982.0 572.6 981.3 573.5 0.03 19
SFIX R,1081635.0,
EFIX R,1081635.0,1082081 448 988.6 565.5 1438
SSACC R,1082083.0,
SBLINK R,1082093.0,
EBLINK R,1082093.0,1082103 12
ESACC R,1082083.0,1082111 30 982.0 572.6 981.3 573.5 0.03 0
SFIX R,1082113.0,
EFIX R,1082113.0,1082139 28 986.8 561.3 1469
SSACC R,1082141.0,
SBLINK R,1082177.0,
EBLINK R,1082177.0,1082351 176
ESACC R,1082141.0,1082411 272 986.0 560.6 1012.9 546.7 0.82 1041
SFIX R,1082413.0,
EFIX R,1082413.0,1083555 1144 994.1 552.8 1417
SSACC R,1083557.0,
SBLINK R,1083587.0,
EBLINK R,1083587.0,1083757 172
ESACC R,1083557.0,1083833 278 999.9 535.4 1008.2 515.2 0.59 1084
SFIX R,1083835.0,
EFIX R,1083835.0,1084073 240 992.4 523.0 1483
SSACC R,1084075.0,
SBLINK R,1084105.0,
EBLINK R,1084105.0,1084229 126
ESACC R,1084075.0,1084287 214 990.1 516.1 997.4 535.7 0.57 974
SFIX R,1084289.0,
EFIX R,1084289.0,1084721 434 973.5 541.0 1317
SSACC R,1084723.0,
ESACC R,1084723.0,1084729 8 969.0 554.0 958.2 548.7 0.33 52
SFIX R,1084731.0,
EFIX R,1084731.0,1085319 590 962.2 562.1 1131
SSACC R,1085321.0,
SBLINK R,1085347.0,
EBLINK R,1085347.0,1085549 204
ESACC R,1085321.0,1085583 264 967.2 547.6 1003.4 546.1 0.98 658
SFIX R,1085585.0,
EFIX R,1085585.0,1086155 572 984.5 556.2 1275
SSACC R,1086157.0,
SBLINK R,1086167.0,
EBLINK R,1086167.0,1086167 2
ESACC R,1086157.0,1086175 20 967.2 547.6 1003.4 546.1 0.98 0
SFIX R,1086177.0,
EFIX R,1086177.0,1086459 284 976.7 554.3 1254
SSACC R,1086461.0,
ESACC R,1086461.0,1086473 14 973.3 552.4 970.0 524.5 0.76 67
SFIX R,1086475.0,
EFIX R,1086475.0,1087025 552 980.8 537.2 1355
SSACC R,1087027.0,
SBLINK R,1087037.0,
EBLINK R,1087037.0,1087051 16
ESACC R,1087027.0,1087059 34 973.3 552.4 970.0 524.5 0.76 0
SFIX R,1087061.0,
EFIX R,1087061.0,1087269 210 996.4 555.9 1397
SSACC R,1087271.0,
SBLINK R,1087281.0,
EBLINK R,1087281.0,1087299 20
ESACC R,1087271.0,1087307 38 973.3 552.4 970.0 524.5 0.76 0
SFIX R,1087309.0,
EFIX R,1087309.0,1087481 174 1000.5 557.0 1368
SSACC R,1087483.0,
SBLINK R,1087493.0,
EBLINK R,1087493.0,1087501 10
ESACC R,1087483.0,1087509 28 973.3 552.4 970.0 524.5 0.76 0
SFIX R,1087511.0,
EFIX R,1087511.0,1087595 86 994.1 555.7 1333
SSACC R,1087597.0,
SBLINK R,1087607.0,
EBLINK R,1087607.0,1087615 10
ESACC R,1087597.0,1087623 28 973.3 552.4 970.0 524.5 0.76 0
SFIX R,1087625.0,
EFIX R,1087625.0,1087861 238 985.8 549.2 1314
SSACC R,1087863.0,
SBLINK R,1087873.0,
EBLINK R,1087873.0,1087881 10
ESACC R,1087863.0,1087889 28 973.3 552.4 970.0 524.5 0.76 0
SFIX R,1087891.0,
EFIX R,1087891.0,1088099 210 975.9 545.4 1270
SSACC R,1088101.0,
SBLINK R,1088111.0,
EBLINK R,1088111.0,1088113 4
ESACC R,1088101.0,1088121 22 973.3 552.4 970.0 524.5 0.76 0
SFIX R,1088123.0,
EFIX R,1088123.0,1088345 224 973.4 547.3 1222
SSACC R,1088347.0,
SBLINK R,1088357.0,
EBLINK R,1088357.0,1088361 6
ESACC R,1088347.0,1088369 24 973.3 552.4 970.0 524.5 0.76 0
SFIX R,1088371.0,
EFIX R,1088371.0,1088447 78 966.3 554.6 1164
SSACC R,1088449.0,
SBLINK R,1088459.0,
EBLINK R,1088459.0,1088529 72
ESACC R,1088449.0,1088537 90 964.0 555.1 962.4 558.7 0.11 15
SFIX R,1088539.0,
EFIX R,1088539.0,1088627 90 963.2 557.3 1125
SSACC R,1088629.0,
SBLINK R,1088639.0,
EBLINK R,1088639.0,1088657 20
ESACC R,1088629.0,1088665 38 964.0 555.1 962.4 558.7 0.11 0
SFIX R,1088667.0,
EFIX R,1088667.0,1088881 216 960.3 546.1 1101
SSACC R,1088883.0,
SBLINK R,1088911.0,
EBLINK R,1088911.0,1089067 158
ESACC R,1088883.0,1089107 226 956.4 547.9 985.0 529.7 0.92 410
SFIX R,1089109.0,
EFIX R,1089109.0,1089487 380 962.2 570.1 1165
SSACC R,1089489.0,
ESACC R,1089489.0,1089499 12 956.7 570.7 959.6 545.6 0.68 70
SFIX R,1089501.0,
EFIX R,1089501.0,1089895 396 960.4 546.0 1163
SSACC R,1089897.0,
ESACC R,1089897.0,1089901 6 965.0 550.6 974.5 551.7 0.26 50
SFIX R,1089903.0,
EFIX R,1089903.0,1091807 1906 965.7 540.1 1283
SSACC R,1091809.0,
ESACC R,1091809.0,1091821 14 965.5 549.4 981.7 536.4 0.56 50
SFIX R,1091823.0,
EFIX R,1091823.0,1092517 696 979.9 536.1 1235
SSACC R,1092519.0,
SBLINK R,1092543.0,
EBLINK R,1092543.0,1092707 166
ESACC R,1092519.0,1092741 224 963.2 524.0 972.5 521.3 0.26 816
SFIX R,1092743.0,
EFIX R,1092743.0,1097283 4542 969.6 543.2 1276
SSACC R,1097285.0,
SBLINK R,1097313.0,
EBLINK R,1097313.0,1097487 176
ESACC R,1097285.0,1097523 240 966.4 543.8 988.0 534.9 0.63 869
SFIX R,1097525.0,
EFIX R,1097525.0,1098859 1336 967.4 552.9 1200
SSACC R,1098861.0,
SBLINK R,1098891.0,
EBLINK R,1098891.0,1099061 172
ESACC R,1098861.0,1099123 264 978.8 518.8 996.7 502.2 0.66 770
SFIX R,1099125.0,
EFIX R,1099125.0,1099475 352 981.5 502.5 1493
SSACC R,1099477.0,
SBLINK R,1099507.0,
EBLINK R,1099507.0,1099675 170
ESACC R,1099477.0,1099735 260 982.2 503.3 978.1 540.8 1.02 949
SFIX R,1099737.0,
EFIX R,1099737.0,1100599 864 968.3 524.4 1309
SSACC R,1100601.0,
ESACC R,1100601.0,1100607 8 963.3 545.0 976.5 539.9 0.38 61
SFIX R,1100609.0,
EFIX R,1100609.0,1101469 862 966.3 546.7 1102
SSACC R,1101471.0,
ESACC R,1101471.0,1101475 6 951.7 553.2 942.8 556.6 0.26 60
SFIX R,1101477.0,
EFIX R,1101477.0,1101661 186 935.9 559.8 1044
SSACC R,1101663.0,
ESACC R,1101663.0,1101673 12 934.3 559.0 948.3 539.7 0.65 68
SFIX R,1101675.0,
EFIX R,1101675.0,1102471 798 943.8 538.0 1042
SSACC R,1102473.0,
ESACC R,1102473.0,1102485 14 953.1 536.7 983.9 528.8 0.86 76
SFIX R,1102487.0,
EFIX R,1102487.0,1103097 612 974.7 531.0 1208
SSACC R,1103099.0,
ESACC R,1103099.0,1103105 8 963.5 532.9 950.8 526.0 0.39 60
SFIX R,1103107.0,
EFIX R,1103107.0,1103391 286 945.6 531.3 1320
SSACC R,1103393.0,
ESACC R,1103393.0,1103401 10 949.2 536.1 966.4 534.0 0.47 57
SFIX R,1103403.0,
EFIX R,1103403.0,1103639 238 966.9 525.9 1383
SSACC R,1103641.0,
SBLINK R,1103683.0,
EBLINK R,1103683.0,1103845 164
ESACC R,1103641.0,1103887 248 972.4 520.2 993.0 528.2 0.60 1096
SFIX R,1103889.0,
EFIX R,1103889.0,1104129 242 977.8 525.0 1444
SSACC R,1104131.0,
ESACC R,1104131.0,1104145 16 969.1 539.3 948.3 514.7 0.87 80
SFIX R,1104147.0,
EFIX R,1104147.0,1105981 1836 948.4 532.9 1320
SSACC R,1105983.0,
SBLINK R,1106011.0,
EBLINK R,1106011.0,1106151 142
ESACC R,1105983.0,1106193 212 961.0 511.2 964.8 522.6 0.33 736
SFIX R,1106195.0,
EFIX R,1106195.0,1106563 370 945.8 553.3 1134
SSACC R,1106565.0,
ESACC R,1106565.0,1106575 12 943.3 569.2 958.7 557.0 0.53 53
SFIX R,1106577.0,
EFIX R,1106577.0,1107823 1248 969.6 553.8 1195
SSACC R,1107825.0,
SBLINK R,1107863.0,
EBLINK R,1107863.0,1107987 126
ESACC R,1107825.0,1108061 238 983.8 538.2 991.3 515.2 0.66 938
SFIX R,1108063.0,
EFIX R,1108063.0,1109575 1514 968.4 539.8 1348
SSACC R,1109577.0,
SBLINK R,1109601.0,
EBLINK R,1109601.0,1109791 192
ESACC R,1109577.0,1109835 260 958.3 521.7 969.5 497.2 0.73 703
SFIX R,1109837.0,
EFIX R,1109837.0,1110095 260 956.8 526.2 1112
SSACC R,1110097.0,
SBLINK R,1110119.0,
EBLINK R,1110119.0,1110255 138
ESACC R,1110097.0,1110303 208 945.2 529.1 1010.1 536.6 1.77 609
SFIX R,1110305.0,
EFIX R,1110305.0,1110469 166 995.0 557.8 1142
SSACC R,1110471.0,
ESACC R,1110471.0,1110485 16 994.4 570.6 965.9 551.8 0.93 75
SFIX R,1110487.0,
EFIX R,1110487.0,1110549 64 968.5 552.1 1175
SSACC R,1110551.0,
SBLINK R,1110575.0,
EBLINK R,1110575.0,1110709 136
ESACC R,1110551.0,1110757 208 968.1 539.9 969.0 500.4 1.07 659
SFIX R,1110759.0,
EFIX R,1110759.0,1110847 90 956.3 513.1 1209
SSACC R,1110849.0,
ESACC R,1110849.0,1110861 14 952.9 529.3 974.7 532.8 0.60 57
SFIX R,1110863.0,
EFIX R,1110863.0,1111255 394 964.6 537.6 1256
SSACC R,1111257.0,
ESACC R,1111257.0,1111273 18 961.3 534.4 975.7 531.7 0.40 57
SFIX R,1111275.0,
EFIX R,1111275.0,1112375 1102 979.4 562.0 1352
SSACC R,1112377.0,
ESACC R,1112377.0,1112385 10 988.8 570.9 997.5 554.7 0.50 67
SFIX R,1112387.0,
EFIX R,1112387.0,1114941 2556 986.0 524.2 1407
SSACC R,1114943.0,
ESACC R,1114943.0,1114949 8 994.3 524.7 983.5 522.8 0.30 47
SFIX R,1114951.0,
EFIX R,1114951.0,1115201 252 982.9 527.2 1182
SSACC R,1115203.0,
SBLINK R,1115229.0,
EBLINK R,1115229.0,1115421 194
ESACC R,1115203.0,1115473 272 986.9 515.4 1002.1 509.8 0.44 773
SFIX R,1115475.0,
EFIX R,1115475.0,1117405 1932 972.3 542.3 1280
SSACC R,1117407.0,
ESACC R,1117407.0,1117425 20 963.6 543.3 974.8 522.0 0.65 64
SFIX R,1117427.0,
EFIX R,1117427.0,1117867 442 969.0 534.9 1470
SSACC R,1117869.0,
SBLINK R,1117899.0,
EBLINK R,1117899.0,1118093 196
ESACC R,1117869.0,1118153 286 958.9 529.7 987.9 565.8 1.25 1092
SFIX R,1118155.0,
EFIX R,1118155.0,1118491 338 981.6 560.0 1404
SSACC R,1118493.0,
ESACC R,1118493.0,1118511 20 977.4 564.1 983.1 518.0 1.26 97
SFIX R,1118513.0,
EFIX R,1118513.0,1118961 450 967.6 526.3 1213
SSACC R,1118963.0,
ESACC R,1118963.0,1118977 16 969.4 534.7 1003.2 534.7 0.92 81
SFIX R,1118979.0,
EFIX R,1118979.0,1119167 190 998.5 535.5 1119
SSACC R,1119169.0,
ESACC R,1119169.0,1119177 10 995.3 544.4 979.1 539.0 0.46 60
SFIX R,1119179.0,
EFIX R,1119179.0,1123461 4284 993.2 540.3 1316
SSACC R,1123463.0,
SBLINK R,1123499.0,
EBLINK R,1123499.0,1123639 142
ESACC R,1123463.0,1123689 228 981.4 553.0 980.3 525.0 0.76 934
SFIX R,1123691.0,
EFIX R,1123691.0,1123821 132 971.6 523.9 1144
SSACC R,1123823.0,
ESACC R,1123823.0,1123829 8 969.8 533.7 981.7 537.8 0.34 56
SFIX R,1123831.0,
EFIX R,1123831.0,1124323 494 979.4 554.2 1081
SSACC R,1124325.0,
ESACC R,1124325.0,1124329 6 969.4 562.7 977.1 553.7 0.32 52
SFIX R,1124331.0,
EFIX R,1124331.0,1125721 1392 972.8 554.1 1201
SSACC R,1125723.0,
ESACC R,1125723.0,1125743 22 964.5 549.0 1023.5 531.7 1.67 125
SFIX R,1125745.0,
EFIX R,1125745.0,1125903 160 1012.8 524.6 1381
SSACC R,1125905.0,
ESACC R,1125905.0,1125913 10 1012.6 523.5 995.0 526.0 0.48 58
SFIX R,1125915.0,
EFIX R,1125915.0,1125999 86 991.5 525.3 1404
SSACC R,1126001.0,
SBLINK R,1126035.0,
EBLINK R,1126035.0,1126201 168
ESACC R,1126001.0,1126255 256 991.2 522.9 993.4 542.2 0.53 784
SFIX R,1126257.0,
EFIX R,1126257.0,1126459 204 971.6 533.5 1402
SSACC R,1126461.0,
SBLINK R,1126489.0,
EBLINK R,1126489.0,1126671 184
ESACC R,1126461.0,1126731 272 970.7 536.8 1018.3 556.5 1.40 794
SFIX R,1126733.0,
EFIX R,1126733.0,1126865 134 1009.2 560.6 1254
SSACC R,1126867.0,
ESACC R,1126867.0,1126881 16 1008.3 573.3 979.7 554.4 0.93 91
SFIX R,1126883.0,
EFIX R,1126883.0,1133255 6374 981.2 554.7 1212
SSACC R,1133257.0,
SBLINK R,1133283.0,
EBLINK R,1133283.0,1133437 156
ESACC R,1133257.0,1133473 218 970.5 567.5 984.8 580.7 0.53 574
SFIX R,1133475.0,
EFIX R,1133475.0,1133703 230 976.7 557.3 1173
SSACC R,1133705.0,
ESACC R,1133705.0,1133715 12 975.5 559.9 995.5 546.7 0.65 81
SFIX R,1133717.0,
EFIX R,1133717.0,1136539 2824 988.1 563.2 1254
SSACC R,1136541.0,
SBLINK R,1136565.0,
EBLINK R,1136565.0,1136717 154
ESACC R,1136541.0,1136747 208 980.1 568.5 1006.9 539.2 1.08 692
SFIX R,1136749.0,
EFIX R,1136749.0,1137865 1118 965.0 563.0 944
SSACC R,1137867.0,
SBLINK R,1137891.0,
EBLINK R,1137891.0,1138051 162
ESACC R,1137867.0,1138101 236 964.8 536.9 1005.8 533.5 1.11 443
SFIX R,1138103.0,
EFIX R,1138103.0,1138241 140 1006.1 509.8 1131
SSACC R,1138243.0,
ESACC R,1138243.0,1138257 16 1000.7 511.4 987.9 528.3 0.57 55
SFIX R,1138259.0,
EFIX R,1138259.0,1139459 1202 984.1 537.8 1201
SSACC R,1139461.0,
ESACC R,1139461.0,1139469 10 981.0 528.1 1000.3 538.9 0.60 70
SFIX R,1139471.0,
EFIX R,1139471.0,1139741 272 1001.8 540.2 1433
SSACC R,1139743.0,
ESACC R,1139743.0,1139749 8 1002.5 538.0 993.4 529.4 0.34 48
SFIX R,1139751.0,
EFIX R,1139751.0,1140091 342 1000.9 524.7 1406
SSACC R,1140093.0,
SBLINK R,1140121.0,
EBLINK R,1140121.0,1140301 182
ESACC R,1140093.0,1140345 254 1010.2 522.8 1003.9 580.7 1.58 821
SFIX R,1140347.0,
EFIX R,1140347.0,1140741 396 985.7 568.0 1264
SSACC R,1140743.0,
SBLINK R,1140765.0,
EBLINK R,1140765.0,1140969 206
ESACC R,1140743.0,1141011 270 986.8 560.7 988.0 521.6 1.06 674
SFIX R,1141013.0,
EFIX R,1141013.0,1141455 444 970.1 535.9 1108
SSACC R,1141457.0,
SBLINK R,1141479.0,
EBLINK R,1141479.0,1141899 422
ESACC R,1141457.0,1141935 480 963.7 531.5 973.5 514.8 0.52 484
SFIX R,1141937.0,
EFIX R,1141937.0,1144585 2650 973.9 543.8 1164
SSACC R,1144587.0,
SBLINK R,1144613.0,
EBLINK R,1144613.0,1144799 188
ESACC R,1144587.0,1144849 264 983.1 528.5 1003.5 553.7 0.88 842
SFIX R,1144851.0,
EFIX R,1144851.0,1146007 1158 981.9 558.4 1158
SSACC R,1146009.0,
ESACC R,1146009.0,1146079 72 990.1 568.1 379.7 420.2 16.42 369
SFIX R,1146081.0,
EFIX R,1146081.0,1146213 134 369.2 413.1 1188
SSACC R,1146215.0,
SBLINK R,1146257.0,
EBLINK R,1146257.0,1146367 112
ESACC R,1146215.0,1146403 190 370.3 404.2 936.5 504.3 15.00 1459
SFIX R,1146405.0,
EFIX R,1146405.0,1146497 94 930.2 497.4 1260
SSACC R,1146499.0,
ESACC R,1146499.0,1146519 22 927.4 507.5 995.4 526.6 1.91 158
SFIX R,1146521.0,
EFIX R,1146521.0,1147337 818 978.8 547.2 1197
SSACC R,1147339.0,
SBLINK R,1147361.0,
EBLINK R,1147361.0,1147559 200
ESACC R,1147339.0,1147609 272 976.6 547.7 915.3 855.9 8.43 684
SFIX R,1147611.0,
EFIX R,1147611.0,1147715 106 903.2 865.1 1316
SSACC R,1147717.0,
ESACC R,1147717.0,1147781 66 899.4 875.5 983.8 479.3 10.85 633
SFIX R,1147783.0,
EFIX R,1147783.0,1147921 140 975.6 499.1 1405
SSACC R,1147923.0,
ESACC R,1147923.0,1147935 14 973.2 509.8 996.3 532.1 0.87 81
SFIX R,1147937.0,
EFIX R,1147937.0,1148889 954 984.7 552.4 1316
SSACC R,1148891.0,
ESACC R,1148891.0,1148907 18 983.2 568.7 961.6 548.2 0.81 82
SFIX R,1148909.0,
EFIX R,1148909.0,1149789 882 970.7 568.2 1286
SSACC R,1149791.0,
ESACC R,1149791.0,1149803 14 975.3 574.4 1003.6 573.0 0.77 78
SFIX R,1149805.0,
EFIX R,1149805.0,1150501 698 991.7 562.6 1091
SSACC R,1150503.0,
SBLINK R,1150543.0,
EBLINK R,1150543.0,1150671 130
ESACC R,1150503.0,1150713 212 988.0 558.2 1002.9 531.3 0.83 421
SFIX R,1150715.0,
EFIX R,1150715.0,1150961 248 986.6 546.6 1038
SSACC R,1150963.0,
ESACC R,1150963.0,1150969 8 984.5 562.7 976.7 574.2 0.38 53
SFIX R,1150971.0,
EFIX R,1150971.0,1151989 1020 979.7 572.1 1084
SSACC R,1151991.0,
ESACC R,1151991.0,1152003 14 978.4 565.3 988.2 538.8 0.77 67
SFIX R,1152005.0,
EFIX R,1152005.0,1152507 504 984.2 536.2 1250
SSACC R,1152509.0,
ESACC R,1152509.0,1152523 16 989.1 537.6 1021.3 549.2 0.93 78
SFIX R,1152525.0,
EFIX R,1152525.0,1152793 270 1011.3 543.8 1294
SSACC R,1152795.0,
ESACC R,1152795.0,1152805 12 1007.3 541.5 989.5 528.8 0.59 66
SFIX R,1152807.0,
EFIX R,1152807.0,1153433 628 987.6 529.2 1338
SSACC R,1153435.0,
ESACC R,1153435.0,1153451 18 992.8 541.6 1015.5 543.2 0.62 73
SFIX R,1153453.0,
EFIX R,1153453.0,1154375 924 978.8 555.2 1117
SSACC R,1154377.0,
ESACC R,1154377.0,1154383 8 967.3 564.4 953.2 561.9 0.39 53
SFIX R,1154385.0,
EFIX R,1154385.0,1154615 232 951.3 570.6 1009
SSACC R,1154617.0,
ESACC R,1154617.0,1154635 20 952.7 571.0 998.7 573.2 1.25 101
SFIX R,1154637.0,
EFIX R,1154637.0,1155089 454 981.1 574.1 957
SSACC R,1155091.0,
ESACC R,1155091.0,1155103 14 976.4 570.6 960.4 551.9 0.67 57
SFIX R,1155105.0,
EFIX R,1155105.0,1155359 256 959.7 552.0 930
SSACC R,1155361.0,
ESACC R,1155361.0,1155367 8 960.1 553.5 973.8 554.0 0.37 53
SFIX R,1155369.0,
EFIX R,1155369.0,1156581 1214 966.4 556.4 995
SSACC R,1156583.0,
ESACC R,1156583.0,1156593 12 954.2 558.7 934.5 549.0 0.60 64
SFIX R,1156595.0,
EFIX R,1156595.0,1156847 254 935.7 550.2 1111
SSACC R,1156849.0,
SBLINK R,1156877.0,
EBLINK R,1156877.0,1157047 172
ESACC R,1156849.0,1157089 242 934.1 529.5 970.5 507.0 1.16 653
SFIX R,1157091.0,
EFIX R,1157091.0,1159207 2118 944.1 532.5 1280
SSACC R,1159209.0,
ESACC R,1159209.0,1159217 10 939.4 548.0 945.7 526.9 0.60 72
SFIX R,1159219.0,
EFIX R,1159219.0,1160247 1030 937.6 529.6 1128
SSACC R,1160249.0,
ESACC R,1160249.0,1160255 8 931.6 536.7 941.4 542.4 0.31 50
SFIX R,1160257.0,
EFIX R,1160257.0,1160687 432 943.7 534.5 1138
SSACC R,1160689.0,
ESACC R,1160689.0,1160697 10 953.2 522.9 934.5 526.1 0.51 59
SFIX R,1160699.0,
EFIX R,1160699.0,1161669 972 948.5 521.6 1323
SSACC R,1161671.0,
ESACC R,1161671.0,1161679 10 953.2 517.8 968.5 510.5 0.46 60
SFIX R,1161681.0,
EFIX R,1161681.0,1163087 1408 947.8 504.5 1568
SSACC R,1163089.0,
ESACC R,1163089.0,1163093 6 940.1 500.8 949.9 496.5 0.29 49
SFIX R,1163095.0,
EFIX R,1163095.0,1163589 496 952.2 491.8 1543
SSACC R,1163591.0,
SBLINK R,1163621.0,
EBLINK R,1163621.0,1163771 152
ESACC R,1163591.0,1163809 220 950.7 480.9 957.2 450.0 0.86 743
SFIX R,1163811.0,
EFIX R,1163811.0,1164749 940 933.9 506.9 1222
SSACC R,1164751.0,
ESACC R,1164751.0,1164757 8 938.0 513.5 950.7 518.3 0.37 51
SFIX R,1164759.0,
EFIX R,1164759.0,1165433 676 958.0 517.9 1348
SSACC R,1165435.0,
SBLINK R,1165467.0,
EBLINK R,1165467.0,1165611 146
ESACC R,1165435.0,1165667 234 974.3 500.4 981.3 519.5 0.55 746
SFIX R,1165669.0,
EFIX R,1165669.0,1165777 110 972.5 525.6 1507
SSACC R,1165779.0,
ESACC R,1165779.0,1165789 12 969.1 527.8 964.1 501.3 0.73 78
SFIX R,1165791.0,
EFIX R,1165791.0,1166151 362 968.2 525.9 1482
SSACC R,1166153.0,
ESACC R,1166153.0,1166161 10 963.1 540.2 953.2 526.1 0.47 59
SFIX R,1166163.0,
EFIX R,1166163.0,1166507 346 948.9 525.7 1379
SSACC R,1166509.0,
ESACC R,1166509.0,1166517 10 952.6 527.8 970.9 525.5 0.50 62
SFIX R,1166519.0,
EFIX R,1166519.0,1167589 1072 973.9 560.2 1377
SSACC R,1167591.0,
SBLINK R,1167631.0,
EBLINK R,1167631.0,1167815 186
ESACC R,1167591.0,1167849 260 986.0 578.8 975.1 552.9 0.76 795
SFIX R,1167851.0,
EFIX R,1167851.0,1167997 148 959.0 574.9 1058
SSACC R,1167999.0,
ESACC R,1167999.0,1168021 24 956.0 587.4 970.2 552.1 1.03 68
SFIX R,1168023.0,
EFIX R,1168023.0,1169271 1250 977.0 553.8 1095
SSACC R,1169273.0,
ESACC R,1169273.0,1169285 14 1002.9 547.5 993.3 523.1 0.71 64
SFIX R,1169287.0,
EFIX R,1169287.0,1170729 1444 998.1 527.6 1356
SSACC R,1170731.0,
ESACC R,1170731.0,1170739 10 998.0 544.4 988.9 529.3 0.48 60
SFIX R,1170741.0,
EFIX R,1170741.0,1170961 222 987.9 535.7 1361
SSACC R,1170963.0,
SBLINK R,1171001.0,
EBLINK R,1171001.0,1171151 152
ESACC R,1170963.0,1171173 212 984.5 543.1 993.0 540.9 0.24 803
SFIX R,1171175.0,
EFIX R,1171175.0,1171549 376 983.0 550.9 1162
SSACC R,1171551.0,
ESACC R,1171551.0,1171655 106 988.7 553.3 1982.9 1474.0 31.97 724
SFIX R,1171657.0,
EFIX R,1171657.0,1172211 556 1977.5 1493.8 1031
SSACC R,1172213.0,
ESACC R,1172213.0,1172295 84 1970.5 1502.0 1056.5 542.0 31.23 763
SFIX R,1172297.0,
EFIX R,1172297.0,1172445 150 1027.0 539.0 1164
SSACC R,1172447.0,
ESACC R,1172447.0,1172463 18 1021.0 541.4 978.8 541.0 1.14 107
SFIX R,1172465.0,
EFIX R,1172465.0,1173991 1528 988.9 543.4 1304
SSACC R,1173993.0,
ESACC R,1173993.0,1174001 10 996.3 544.4 1012.0 542.7 0.43 54
SFIX R,1174003.0,
EFIX R,1174003.0,1174529 528 1003.5 533.8 1472
SSACC R,1174531.0,
SBLINK R,1174565.0,
EBLINK R,1174565.0,1174689 126
ESACC R,1174531.0,1174747 218 1000.5 510.5 1014.5 513.4 0.39 750
SFIX R,1174749.0,
EFIX R,1174749.0,1175171 424 999.7 518.8 1412
SSACC R,1175173.0,
ESACC R,1175173.0,1175235 64 995.9 527.7 458.9 346.4 14.93 392
SFIX R,1175237.0,
EFIX R,1175237.0,1175399 164 452.0 353.0 1225
SSACC R,1175401.0,
ESACC R,1175401.0,1175445 46 450.6 364.3 933.7 498.9 13.21 676
SFIX R,1175447.0,
EFIX R,1175447.0,1175573 128 918.5 498.6 1152
SSACC R,1175575.0,
ESACC R,1175575.0,1175597 24 913.1 503.6 992.9 560.3 2.65 232
SFIX R,1175599.0,
EFIX R,1175599.0,1176227 630 996.3 547.3 1139
SSACC R,1176229.0,
ESACC R,1176229.0,1176239 12 995.2 544.4 973.8 531.1 0.68 78
SFIX R,1176241.0,
EFIX R,1176241.0,1176393 154 972.4 537.0 1225
SSACC R,1176395.0,
ESACC R,1176395.0,1176407 14 972.9 536.9 1002.7 542.9 0.82 75
SFIX R,1176409.0,
EFIX R,1176409.0,1178675 2268 994.1 541.5 1314
SSACC R,1178677.0,
ESACC R,1178677.0,1178683 8 984.8 547.8 997.9 543.0 0.38 64
SFIX R,1178685.0,
EFIX R,1178685.0,1180523 1840 1003.6 537.1 1409
SSACC R,1180525.0,
SBLINK R,1180551.0,
EBLINK R,1180551.0,1180683 134
ESACC R,1180525.0,1180717 194 1002.1 516.2 1036.3 512.8 0.93 749
SFIX R,1180719.0,
EFIX R,1180719.0,1181403 686 1005.3 529.2 1240
SSACC R,1181405.0,
ESACC R,1181405.0,1181413 10 995.2 533.0 979.3 530.6 0.44 54
SFIX R,1181415.0,
EFIX R,1181415.0,1182401 988 997.1 535.5 1342
SSACC R,1182403.0,
SBLINK R,1182431.0,
EBLINK R,1182431.0,1182591 162
ESACC R,1182403.0,1182643 242 1003.0 522.3 1002.7 556.5 0.93 1092
SFIX R,1182645.0,
EFIX R,1182645.0,1182765 122 996.4 545.3 1508
SSACC R,1182767.0,
ESACC R,1182767.0,1182785 20 993.8 545.4 1019.3 508.3 1.22 106
SFIX R,1182787.0,
EFIX R,1182787.0,1183455 670 1008.7 519.7 1483
SSACC R,1183457.0,
ESACC R,1183457.0,1183461 6 1005.7 527.2 1012.7 522.8 0.22 48
SFIX R,1183463.0,
EFIX R,1183463.0,1185005 1544 1022.5 552.6 1399
SSACC R,1185007.0,
ESACC R,1185007.0,1185015 10 1013.2 568.1 1000.4 555.5 0.49 65
SFIX R,1185017.0,
EFIX R,1185017.0,1185289 274 1003.7 549.3 1219
SSACC R,1185291.0,
SBLINK R,1185325.0,
EBLINK R,1185325.0,1185453 130
ESACC R,1185291.0,1185479 190 1009.8 540.6 1031.1 525.2 0.71 586
SFIX R,1185481.0,
EFIX R,1185481.0,1186213 734 1000.7 551.8 1151
SSACC R,1186215.0,
ESACC R,1186215.0,1186221 8 984.4 560.7 987.1 547.0 0.38 55
SFIX R,1186223.0,
EFIX R,1186223.0,1186887 666 990.1 543.0 1247
SSACC R,1186889.0,
SBLINK R,1186931.0,
EBLINK R,1186931.0,1187065 136
ESACC R,1186889.0,1187127 240 1000.8 547.4 1011.5 561.5 0.48 803
SFIX R,1187129.0,
EFIX R,1187129.0,1187367 240 997.9 567.0 1418
SSACC R,1187369.0,
ESACC R,1187369.0,1187377 10 996.0 563.7 1006.4 548.1 0.51 62
SFIX R,1187379.0,
EFIX R,1187379.0,1188403 1026 1003.9 556.1 1436
SSACC R,1188405.0,
ESACC R,1188405.0,1188415 12 999.6 560.3 1005.1 535.4 0.69 67
SFIX R,1188417.0,
EFIX R,1188417.0,1188733 318 1001.2 538.0 1345
SSACC R,1188735.0,
SBLINK R,1188763.0,
EBLINK R,1188763.0,1188907 146
ESACC R,1188735.0,1188961 228 1014.2 535.1 1020.9 534.0 0.18 873
SFIX R,1188963.0,
EFIX R,1188963.0,1189447 486 1000.8 555.4 1250
SSACC R,1189449.0,
ESACC R,1189449.0,1189461 14 1001.4 560.7 986.0 549.3 0.52 52
SFIX R,1189463.0,
EFIX R,1189463.0,1190131 670 984.1 567.7 1101
SSACC R,1190133.0,
ESACC R,1190133.0,1190143 12 987.2 566.1 1003.2 550.8 0.60 58
SFIX R,1190145.0,
EFIX R,1190145.0,1190745 602 996.5 539.8 1205
SSACC R,1190747.0,
ESACC R,1190747.0,1190751 6 991.7 534.6 981.9 530.8 0.28 53
SFIX R,1190753.0,
EFIX R,1190753.0,1192473 1722 999.9 507.6 1521
SSACC R,1192475.0,
SBLINK R,1192511.0,
EBLINK R,1192511.0,1192613 104
ESACC R,1192475.0,1192673 200 993.2 511.0 1000.0 523.5 0.39 1256
SFIX R,1192675.0,
EFIX R,1192675.0,1192939 266 989.3 510.2 1715
SSACC R,1192941.0,
ESACC R,1192941.0,1192947 8 988.7 496.3 995.0 490.1 0.24 46
SFIX R,1192949.0,
EFIX R,1192949.0,1194661 1714 997.4 538.9 1533
SSACC R,1194663.0,
SBLINK R,1194695.0,
EBLINK R,1194695.0,1194809 116
ESACC R,1194663.0,1194875 214 1011.6 541.4 1020.5 543.5 0.25 987
SFIX R,1194877.0,
EFIX R,1194877.0,1198749 3874 1008.1 563.9 1539
SSACC R,1198751.0,
ESACC R,1198751.0,1198757 8 1014.0 593.7 1024.3 590.0 0.30 51
SFIX R,1198759.0,
EFIX R,1198759.0,1199007 250 1020.7 580.0 1278
SSACC R,1199009.0,
SBLINK R,1199039.0,
EBLINK R,1199039.0,1199233 196
ESACC R,1199009.0,1199259 252 1028.1 555.6 1019.0 567.1 0.40 673
SFIX R,1199261.0,
EFIX R,1199261.0,1199945 686 978.5 579.2 1036
SSACC R,1199947.0,
SBLINK R,1199969.0,
EBLINK R,1199969.0,1200205 238
ESACC R,1199947.0,1200221 276 964.0 557.3 999.0 675.0 3.32 366
SFIX R,1200223.0,
EFIX R,1200223.0,1200297 76 994.4 668.7 1024
SSACC R,1200299.0,
ESACC R,1200299.0,1200341 44 987.4 672.4 972.5 556.1 3.17 252
SFIX R,1200343.0,
EFIX R,1200343.0,1201187 846 967.6 558.5 1151
SSACC R,1201189.0,
ESACC R,1201189.0,1201205 18 959.4 573.1 991.0 609.7 1.31 113
SFIX R,1201207.0,
EFIX R,1201207.0,1201359 154 982.0 604.9 1243
SSACC R,1201361.0,
ESACC R,1201361.0,1201379 20 983.1 608.8 977.9 564.6 1.21 101
SFIX R,1201381.0,
EFIX R,1201381.0,1201845 466 990.9 582.6 1359
SSACC R,1201847.0,
ESACC R,1201847.0,1201855 10 995.3 585.8 981.7 578.6 0.42 56
SFIX R,1201857.0,
EFIX R,1201857.0,1203295 1440 976.0 567.1 1254
SSACC R,1203297.0,
ESACC R,1203297.0,1203301 6 965.6 582.0 974.6 584.9 0.26 48
SFIX R,1203303.0,
EFIX R,1203303.0,1205853 2552 963.3 562.5 1150
SSACC R,1205855.0,
SBLINK R,1205887.0,
EBLINK R,1205887.0,1206013 128
ESACC R,1205855.0,1206061 208 972.5 568.2 975.8 523.2 1.22 1120
SFIX R,1206063.0,
EFIX R,1206063.0,1206185 124 969.4 519.2 1484
SSACC R,1206187.0,
ESACC R,1206187.0,1206195 10 969.0 523.1 984.7 523.7 0.43 53
SFIX R,1206197.0,
EFIX R,1206197.0,1208653 2458 970.9 555.9 1406
SSACC R,1208655.0,
SBLINK R,1208679.0,
EBLINK R,1208679.0,1208839 162
ESACC R,1208655.0,1208883 230 959.9 582.8 965.5 566.9 0.46 614
SFIX R,1208885.0,
EFIX R,1208885.0,1208991 108 957.6 555.4 1288
SSACC R,1208993.0,
ESACC R,1208993.0,1209007 16 952.0 558.7 980.5 560.8 0.77 69
SFIX R,1209009.0,
EFIX R,1209009.0,1209449 442 967.0 562.6 1315
SSACC R,1209451.0,
ESACC R,1209451.0,1209455 6 957.8 563.3 962.8 555.2 0.26 51
SFIX R,1209457.0,
EFIX R,1209457.0,1211161 1706 982.7 554.6 1441
SSACC R,1211163.0,
ESACC R,1211163.0,1211177 16 1001.2 555.7 1016.5 539.5 0.60 52
SFIX R,1211179.0,
EFIX R,1211179.0,1211917 740 996.9 534.4 1558
SSACC R,1211919.0,
SBLINK R,1211945.0,
EBLINK R,1211945.0,1212079 136
ESACC R,1211919.0,1212131 214 976.1 540.7 1003.2 534.4 0.75 1080
SFIX R,1212133.0,
EFIX R,1212133.0,1216975 4844 994.1 548.0 1433
SSACC R,1216977.0,
SBLINK R,1217015.0,
EBLINK R,1217015.0,1217127 114
ESACC R,1216977.0,1217201 226 985.7 539.1 1005.3 510.4 0.94 683
SFIX R,1217203.0,
EFIX R,1217203.0,1217783 582 989.7 540.9 1381
SSACC R,1217785.0,
ESACC R,1217785.0,1217793 10 982.1 560.3 970.4 561.8 0.32 42
SFIX R,1217795.0,
EFIX R,1217795.0,1217989 196 966.1 571.8 1231
SSACC R,1217991.0,
ESACC R,1217991.0,1218001 12 971.3 576.3 991.5 570.6 0.57 59
SFIX R,1218003.0,
EFIX R,1218003.0,1219059 1058 980.5 562.6 1298
SSACC R,1219061.0,
SBLINK R,1219101.0,
EBLINK R,1219101.0,1219209 110
ESACC R,1219061.0,1219255 196 983.1 564.7 1003.6 561.2 0.56 975
SFIX R,1219257.0,
EFIX R,1219257.0,1219417 162 992.6 557.8 1496
SSACC R,1219419.0,
ESACC R,1219419.0,1219435 18 985.0 563.2 994.5 531.5 0.90 83
SFIX R,1219437.0,
EFIX R,1219437.0,1220379 944 986.7 542.4 1418
SSACC R,1220381.0,
SBLINK R,1220415.0,
EBLINK R,1220415.0,1220603 190
ESACC R,1220381.0,1220651 272 999.5 535.6 989.7 516.6 0.58 584
SFIX R,1220653.0,
EFIX R,1220653.0,1221015 364 981.2 529.5 1452
SSACC R,1221017.0,
SBLINK R,1221043.0,
EBLINK R,1221043.0,1221223 182
ESACC R,1221017.0,1221277 262 978.2 536.2 1764.8 695.7 20.30 1165
SFIX R,1221279.0,
EFIX R,1221279.0,1221351 74 1753.8 721.6 1262
SSACC R,1221353.0,
SBLINK R,1221391.0,
EBLINK R,1221391.0,1221399 10
ESACC R,1221353.0,1221473 122 1749.8 722.6 972.1 475.9 20.72 554
SFIX R,1221475.0,
EFIX R,1221475.0,1221677 204 957.1 499.8 1291
SSACC R,1221679.0,
ESACC R,1221679.0,1221697 20 961.3 508.0 981.0 546.1 1.16 102
SFIX R,1221699.0,
EFIX R,1221699.0,1222331 634 982.0 540.9 1276
SSACC R,1222333.0,
ESACC R,1222333.0,1222347 16 978.6 546.8 960.6 523.2 0.80 74
SFIX R,1222349.0,
EFIX R,1222349.0,1223147 800 970.1 534.7 1529
SSACC R,1223149.0,
ESACC R,1223149.0,1223161 14 970.0 532.1 990.9 530.2 0.57 53
SFIX R,1223163.0,
EFIX R,1223163.0,1226671 3510 978.0 548.9 1476
SSACC R,1226673.0,
ESACC R,1226673.0,1226681 10 955.1 567.0 973.3 562.5 0.51 65
SFIX R,1226683.0,
EFIX R,1226683.0,1226913 232 973.5 564.3 1580
SSACC R,1226915.0,
ESACC R,1226915.0,1226923 10 976.7 558.6 960.0 553.1 0.48 56
SFIX R,1226925.0,
EFIX R,1226925.0,1228347 1424 987.7 542.8 1615
SSACC R,1228349.0,
SBLINK R,1228403.0,
EBLINK R,1228403.0,1228487 86
ESACC R,1228349.0,1228553 206 991.6 533.6 995.1 503.8 0.81 972
SFIX R,1228555.0,
EFIX R,1228555.0,1228811 258 977.5 517.0 1617
SSACC R,1228813.0,
ESACC R,1228813.0,1228821 10 969.0 530.7 975.1 517.1 0.40 56
SFIX R,1228823.0,
EFIX R,1228823.0,1230189 1368 976.3 562.1 1393
SSACC R,1230191.0,
ESACC R,1230191.0,1230195 6 992.2 588.2 1000.0 590.8 0.22 45
SFIX R,1230197.0,
EFIX R,1230197.0,1230473 278 998.7 584.7 1532
SSACC R,1230475.0,
ESACC R,1230475.0,1230495 22 996.1 580.5 941.6 606.7 1.64 112
SFIX R,1230497.0,
EFIX R,1230497.0,1230661 166 926.6 606.1 1583
SSACC R,1230663.0,
ESACC R,1230663.0,1230701 40 923.9 605.1 1000.0 583.3 2.15 173
SFIX R,1230703.0,
EFIX R,1230703.0,1230877 176 999.1 577.8 1621
SSACC R,1230879.0,
ESACC R,1230879.0,1230883 6 987.4 572.8 979.4 570.0 0.23 58
SFIX R,1230885.0,
EFIX R,1230885.0,1232757 1874 987.7 529.5 1708
SSACC R,1232759.0,
ESACC R,1232759.0,1232767 10 993.1 514.0 987.5 497.3 0.48 57
SFIX R,1232769.0,
EFIX R,1232769.0,1233303 536 999.0 503.6 1848
SSACC R,1233305.0,
ESACC R,1233305.0,1233313 10 997.1 507.1 1014.3 507.5 0.47 53
SFIX R,1233315.0,
EFIX R,1233315.0,1235495 2182 1021.8 524.8 1604
SSACC R,1235497.0,
ESACC R,1235497.0,1235561 66 1022.7 558.0 707.8 800.9 10.66 413
SFIX R,1235563.0,
EFIX R,1235563.0,1235727 166 695.1 818.2 1820
SSACC R,1235729.0,
SBLINK R,1235847.0,
EBLINK R,1235847.0,1238119 2274
ESACC R,1235729.0,1238179 2452 707.6 817.9 1350.8 843.8 16.90 1553
SFIX R,1238181.0,
EFIX R,1238181.0,1238281 102 1331.2 840.5 1893
SSACC R,1238283.0,
SBLINK R,1238311.0,
EBLINK R,1238311.0,1238645 336
ESACC R,1238283.0,1238775 494 1314.0 865.0 2155.5 1334.3 21.93 2753
SFIX R,1238777.0,
EFIX R,1238777.0,1238877 102 2158.4 1322.2 1911
SSACC R,1238879.0,
ESACC R,1238879.0,1239279 402 2168.9 1323.1 1199.8 603.1 27.89 2293
SFIX R,1239281.0,
EFIX R,1239281.0,1239335 56 1199.6 590.7 2376
SSACC R,1239337.0,
SBLINK R,1239395.0,
EBLINK R,1239395.0,1239539 146
ESACC R,1239337.0,1239593 258 1202.1 572.6 1464.7 663.2 7.29 1155
SFIX R,1239595.0,
EFIX R,1239595.0,1239671 78 1463.9 639.0 1938
SSACC R,1239673.0,
ESACC R,1239673.0,1239723 52 1455.0 629.5 1192.9 446.7 8.43 411
SFIX R,1239725.0,
EFIX R,1239725.0,1239953 230 1178.6 467.5 2048
SSACC R,1239955.0,
SBLINK R,1239999.0,
EBLINK R,1239999.0,1240099 102
ESACC R,1239955.0,1240137 184 1173.8 466.2 2146.7 1191.4 28.46 1647
SFIX R,1240139.0,
EFIX R,1240139.0,1240355 218 2150.8 1204.9 1916
SSACC R,1240357.0,
SBLINK R,1240389.0,
EBLINK R,1240389.0,1240491 104
ESACC R,1240357.0,1240557 202 2150.7 1206.4 1166.3 513.2 28.19 1243
SFIX R,1240559.0,
EFIX R,1240559.0,1240651 94 1174.2 495.3 2020
SSACC R,1240653.0,
ESACC R,1240653.0,1240691 40 1175.3 491.3 1199.0 452.1 1.23 145
SFIX R,1240693.0,
EFIX R,1240693.0,1241091 400 1193.6 457.2 2033
SSACC R,1241093.0,
SBLINK R,1241143.0,
EBLINK R,1241143.0,1241391 250
ESACC R,1241093.0,1241435 344 1196.0 460.1 1215.7 487.4 0.90 1162
SFIX R,1241437.0,
EFIX R,1241437.0,1241555 120 1227.9 476.6 2059
SSACC R,1241557.0,
ESACC R,1241557.0,1241609 54 1223.4 475.1 1206.5 471.4 0.46 90
SFIX R,1241611.0,
EFIX R,1241611.0,1241745 136 1208.0 471.4 2088
SSACC R,1241747.0,
ESACC R,1241747.0,1241965 220 1209.6 463.8 937.8 1052.7 17.06 883
SFIX R,1241967.0,
EFIX R,1241967.0,1242009 44 937.4 1056.4 2055
SSACC R,1242011.0,
SBLINK R,1242065.0,
EBLINK R,1242065.0,1242201 138
ESACC R,1242011.0,1242257 248 935.7 1058.0 2189.8 1286.0 28.71 382
SFIX R,1242259.0,
EFIX R,1242259.0,1242317 60 2182.8 1311.4 1853
SSACC R,1242319.0,
SBLINK R,1242345.0,
EBLINK R,1242345.0,1242455 112
ESACC R,1242319.0,1242519 202 2175.1 1312.6 1155.5 489.6 30.40 1302
SFIX R,1242521.0,
EFIX R,1242521.0,1242615 96 1144.7 505.0 2000
SSACC R,1242617.0,
ESACC R,1242617.0,1242635 20 1138.2 517.8 1179.5 503.7 1.17 90
SFIX R,1242637.0,
EFIX R,1242637.0,1243109 474 1180.0 501.3 1874
SSACC R,1243111.0,
SBLINK R,1243153.0,
EBLINK R,1243153.0,1243235 84
ESACC R,1243111.0,1243523 414 1174.2 506.9 1059.3 443.6 3.54 1572
SFIX R,1243525.0,
EFIX R,1243525.0,1243631 108 1070.4 457.1 1854
SSACC R,1243633.0,
ESACC R,1243633.0,1243659 28 1070.5 465.4 1183.8 469.9 3.05 217
SFIX R,1243661.0,
EFIX R,1243661.0,1244369 710 1185.9 483.2 1829
SSACC R,1244371.0,
ESACC R,1244371.0,1244385 16 1175.4 482.3 1170.7 469.4 0.37 48
SFIX R,1244387.0,
EFIX R,1244387.0,1244645 260 1172.9 478.8 1941
SSACC R,1244647.0,
SBLINK R,1244739.0,
EBLINK R,1244739.0,1244879 142
ESACC R,1244647.0,1244933 288 1170.7 465.5 1156.0 627.6 4.39 1365
SFIX R,1244935.0,
EFIX R,1244935.0,1245033 100 1157.1 625.6 2156
SSACC R,1245035.0,
ESACC R,1245035.0,1245145 112 1159.1 623.1 1174.2 372.6 6.75 428
SFIX R,1245147.0,
EFIX R,1245147.0,1245177 32 1178.5 384.9 2190
SSACC R,1245179.0,
ESACC R,1245179.0,1245199 22 1176.5 391.7 1185.2 447.9 1.53 127
SFIX R,1245201.0,
EFIX R,1245201.0,1245429 230 1182.6 453.2 2090
SSACC R,1245431.0,
ESACC R,1245431.0,1245445 16 1184.9 463.7 1191.9 507.2 1.19 99
SFIX R,1245447.0,
EFIX R,1245447.0,1245661 216 1189.8 496.8 2018
SSACC R,1245663.0,
SBLINK R,1245697.0,
EBLINK R,1245697.0,1245837 142
ESACC R,1245663.0,1245909 248 1192.6 480.9 1199.8 462.2 0.54 1636
SFIX R,1245911.0,
EFIX R,1245911.0,1246299 390 1210.5 468.4 2091
SSACC R,1246301.0,
ESACC R,1246301.0,1246311 12 1199.7 470.7 1193.2 454.8 0.46 59
SFIX R,1246313.0,
EFIX R,1246313.0,1246935 624 1202.6 464.2 2126
SSACC R,1246937.0,
SBLINK R,1246981.0,
EBLINK R,1246981.0,1247277 298
ESACC R,1246937.0,1247351 416 1209.0 449.1 1214.3 517.5 1.85 1200
SFIX R,1247353.0,
EFIX R,1247353.0,1247423 72 1215.5 504.1 2207
SSACC R,1247425.0,
ESACC R,1247425.0,1247449 26 1216.0 489.3 1192.7 405.7 2.33 241
SFIX R,1247451.0,
EFIX R,1247451.0,1247917 468 1194.4 445.5 2151
SSACC R,1247919.0,
ESACC R,1247919.0,1247925 8 1194.4 467.9 1205.6 459.7 0.37 58
SFIX R,1247927.0,
EFIX R,1247927.0,1248323 398 1208.3 462.1 1998
SSACC R,1248325.0,
SBLINK R,1248367.0,
EBLINK R,1248367.0,1248545 180
ESACC R,1248325.0,1248633 310 1202.0 451.9 1195.9 465.3 0.40 1180
SFIX R,1248635.0,
EFIX R,1248635.0,1248695 62 1201.9 447.6 2064
SSACC R,1248697.0,
ESACC R,1248697.0,1248705 10 1205.5 452.1 1188.8 445.8 0.48 67
SFIX R,1248707.0,
EFIX R,1248707.0,1249059 354 1191.1 463.5 2086
SSACC R,1249061.0,
ESACC R,1249061.0,1249067 8 1192.7 479.9 1187.1 469.0 0.33 51
SFIX R,1249069.0,
EFIX R,1249069.0,1249313 246 1191.1 481.1 1987
SSACC R,1249315.0,
SBLINK R,1249347.0,
EBLINK R,1249347.0,1249467 122
ESACC R,1249315.0,1249517 204 1191.2 485.5 1188.1 505.9 0.56 1507
SFIX R,1249519.0,
EFIX R,1249519.0,1250087 570 1200.4 479.8 1927
SSACC R,1250089.0,
SBLINK R,1250125.0,
EBLINK R,1250125.0,1250229 106
ESACC R,1250089.0,1250295 208 1212.3 473.5 1191.5 472.2 0.56 1710
SFIX R,1250297.0,
EFIX R,1250297.0,1250447 152 1198.6 469.9 2005
SSACC R,1250449.0,
ESACC R,1250449.0,1250467 20 1204.6 487.9 1213.6 453.5 0.96 67
SFIX R,1250469.0,
EFIX R,1250469.0,1251297 830 1207.8 463.6 2061
SSACC R,1251299.0,
ESACC R,1251299.0,1251351 54 1189.9 462.6 811.3 389.9 10.36 338
SFIX R,1251353.0,
EFIX R,1251353.0,1251525 174 828.5 395.5 2113
SSACC R,1251527.0,
ESACC R,1251527.0,1251585 60 829.9 408.7 1180.3 457.6 9.51 423
SFIX R,1251587.0,
EFIX R,1251587.0,1252013 428 1189.5 478.7 2002
SSACC R,1252015.0,
ESACC R,1252015.0,1252021 8 1194.7 490.8 1205.8 496.0 0.33 44
SFIX R,1252023.0,
EFIX R,1252023.0,1253203 1182 1203.7 492.1 2069
SSACC R,1253205.0,
SBLINK R,1253241.0,
EBLINK R,1253241.0,1253553 314
ESACC R,1253205.0,1253625 422 1196.2 474.8 1195.5 518.2 1.17 1365
SFIX R,1253627.0,
EFIX R,1253627.0,1253697 72 1198.3 495.6 2180
SSACC R,1253699.0,
ESACC R,1253699.0,1253707 10 1201.3 490.1 1202.1 508.1 0.49 54
SFIX R,1253709.0,
EFIX R,1253709.0,1253731 24 1201.0 506.6 2192
SSACC R,1253733.0,
ESACC R,1253733.0,1253753 22 1200.7 506.9 1186.4 449.0 1.61 156
SFIX R,1253755.0,
EFIX R,1253755.0,1254089 336 1197.9 470.4 2131
SSACC R,1254091.0,
ESACC R,1254091.0,1254143 54 1210.0 481.9 1035.4 817.5 10.14 559
SFIX R,1254145.0,
EFIX R,1254145.0,1254347 204 1041.8 841.6 2021
SSACC R,1254349.0,
ESACC R,1254349.0,1254405 58 1043.8 839.2 1016.5 1098.9 6.78 546
SFIX R,1254407.0,
EFIX R,1254407.0,1254523 118 1018.3 1092.3 2029
SSACC R,1254525.0,
SBLINK R,1254585.0,
EBLINK R,1254585.0,1254691 108
ESACC R,1254525.0,1254773 250 1020.5 1088.0 1171.6 438.2 17.45 1654
SFIX R,1254775.0,
EFIX R,1254775.0,1254851 78 1170.7 443.8 2115
SSACC R,1254853.0,
ESACC R,1254853.0,1254869 18 1171.5 457.9 1184.5 425.6 0.94 96
SFIX R,1254871.0,
EFIX R,1254871.0,1255495 626 1191.2 443.0 2149
SSACC R,1255497.0,
SBLINK R,1255543.0,
EBLINK R,1255543.0,1255689 148
ESACC R,1255497.0,1255753 258 1193.4 441.2 1730.5 872.0 17.50 1314
SFIX R,1255755.0,
EFIX R,1255755.0,1255861 108 1723.8 830.5 2063
SSACC R,1255863.0,
ESACC R,1255863.0,1255919 58 1715.1 834.7 1228.9 464.4 15.57 490
SFIX R,1255921.0,
EFIX R,1255921.0,1256075 156 1242.6 475.2 2113
SSACC R,1256077.0,
ESACC R,1256077.0,1256099 24 1248.5 489.5 1190.8 477.7 1.57 133
SFIX R,1256101.0,
EFIX R,1256101.0,1256725 626 1199.4 498.8 2003
SSACC R,1256727.0,
ESACC R,1256727.0,1256743 18 1190.4 494.6 1176.4 468.2 0.80 68
SFIX R,1256745.0,
EFIX R,1256745.0,1256939 196 1187.7 463.6 2025
SSACC R,1256941.0,
SBLINK R,1256975.0,
EBLINK R,1256975.0,1257141 168
ESACC R,1256941.0,1257237 298 1189.7 444.8 1169.2 455.6 0.62 1485
SFIX R,1257239.0,
EFIX R,1257239.0,1258661 1424 1178.2 454.6 2113
SSACC R,1258663.0,
SBLINK R,1258699.0,
EBLINK R,1258699.0,1258813 116
ESACC R,1258663.0,1258879 218 1183.2 453.1 1169.9 478.9 0.78 1496
SFIX R,1258881.0,
EFIX R,1258881.0,1259693 814 1203.9 447.0 2187
SSACC R,1259695.0,
SBLINK R,1259731.0,
EBLINK R,1259731.0,1259813 84
ESACC R,1259695.0,1259883 190 1202.6 447.3 1195.5 448.9 0.19 1060
SFIX R,1259885.0,
EFIX R,1259885.0,1261187 1304 1198.6 447.1 2196
SSACC R,1261189.0,
SBLINK R,1261225.0,
EBLINK R,1261225.0,1261319 96
ESACC R,1261189.0,1261431 244 1194.6 433.6 1179.1 429.8 0.43 1195
SFIX R,1261433.0,
EFIX R,1261433.0,1262001 570 1190.9 438.8 2231
SSACC R,1262003.0,
SBLINK R,1262039.0,
EBLINK R,1262039.0,1262421 384
ESACC R,1262003.0,1262485 484 1190.1 451.5 1070.6 633.3 5.87 1143
SFIX R,1262487.0,
EFIX R,1262487.0,1262539 54 1067.1 615.3 2260
SSACC R,1262541.0,
ESACC R,1262541.0,1262571 32 1063.7 614.5 1125.8 486.2 3.85 196
SFIX R,1262573.0,
EFIX R,1262573.0,1262697 126 1135.1 497.9 2283
SSACC R,1262699.0,
ESACC R,1262699.0,1262733 36 1135.8 507.7 1183.6 460.3 1.81 164
SFIX R,1262735.0,
EFIX R,1262735.0,1265509 2776 1203.8 478.3 2079
SSACC R,1265511.0,
SBLINK R,1265553.0,
EBLINK R,1265553.0,1265729 178
ESACC R,1265511.0,1265819 310 1200.6 458.6 1166.8 513.7 1.74 1266
SFIX R,1265821.0,
EFIX R,1265821.0,1265891 72 1173.8 485.5 2210
SSACC R,1265893.0,
ESACC R,1265893.0,1265907 16 1180.3 480.9 1199.8 444.9 1.10 87
SFIX R,1265909.0,
EFIX R,1265909.0,1268691 2784 1204.1 475.3 2271
SSACC R,1268693.0,
SBLINK R,1268727.0,
EBLINK R,1268727.0,1268859 134
ESACC R,1268693.0,1268935 244 1213.8 465.4 1207.4 497.0 0.87 1394
SFIX R,1268937.0,
EFIX R,1268937.0,1270115 1180 1199.0 489.6 2282
SSACC R,1270117.0,
SBLINK R,1270159.0,
EBLINK R,1270159.0,1270523 366
ESACC R,1270117.0,1271067 952 1185.5 471.0 1172.0 477.0 0.40 1837
SFIX R,1271069.0,
EFIX R,1271069.0,1271207 140 1183.0 449.9 2184
SSACC R,1271209.0,
ESACC R,1271209.0,1271221 14 1181.9 451.2 1202.1 451.6 0.54 54
SFIX R,1271223.0,
EFIX R,1271223.0,1271727 506 1204.3 479.2 2051
SSACC R,1271729.0,
ESACC R,1271729.0,1271743 16 1211.0 487.3 1183.0 494.5 0.77 73
SFIX R,1271745.0,
EFIX R,1271745.0,1272049 306 1207.0 501.2 1998
SSACC R,1272051.0,
SBLINK R,1272091.0,
EBLINK R,1272091.0,1272211 122
ESACC R,1272051.0,1272309 260 1207.9 497.5 1194.6 492.3 0.38 1486
SFIX R,1272311.0,
EFIX R,1272311.0,1273077 768 1209.9 485.2 2118
SSACC R,1273079.0,
SBLINK R,1273113.0,
EBLINK R,1273113.0,1273265 154
ESACC R,1273079.0,1273337 260 1212.4 492.3 1201.9 507.9 0.51 1576
SFIX R,1273339.0,
EFIX R,1273339.0,1273943 606 1217.4 502.2 2172
SSACC R,1273945.0,
ESACC R,1273945.0,1273951 8 1221.8 500.1 1221.6 482.8 0.47 62
SFIX R,1273953.0,
EFIX R,1273953.0,1277999 4048 1218.0 482.1 2368
SSACC R,1278001.0,
ESACC R,1278001.0,1278011 12 1241.8 478.3 1252.7 459.6 0.58 65
SFIX R,1278013.0,
EFIX R,1278013.0,1278627 616 1243.2 460.0 2463
SSACC R,1278629.0,
SBLINK R,1278663.0,
EBLINK R,1278663.0,1278779 118
ESACC R,1278629.0,1278849 222 1228.0 461.3 1204.5 516.2 1.61 1408
SFIX R,1278851.0,
EFIX R,1278851.0,1279357 508 1215.1 499.1 2378
SSACC R,1279359.0,
ESACC R,1279359.0,1279375 18 1230.7 509.5 1220.7 483.8 0.74 66
SFIX R,1279377.0,
EFIX R,1279377.0,1281707 2332 1223.4 491.8 2359
SSACC R,1281709.0,
ESACC R,1281709.0,1281721 14 1223.5 496.5 1249.8 487.0 0.75 68
SFIX R,1281723.0,
EFIX R,1281723.0,1281951 230 1242.9 485.5 2409
SSACC R,1281953.0,
ESACC R,1281953.0,1281961 10 1235.7 486.1 1215.0 484.9 0.55 67
SFIX R,1281963.0,
EFIX R,1281963.0,1282117 156 1214.9 482.2 2391
SSACC R,1282119.0,
SBLINK R,1282155.0,
EBLINK R,1282155.0,1282357 204
ESACC R,1282119.0,1282419 302 1211.4 473.1 1184.9 513.9 1.31 1170
SFIX R,1282421.0,
EFIX R,1282421.0,1282761 342 1199.3 485.5 2270
SSACC R,1282763.0,
ESACC R,1282763.0,1282767 6 1217.3 497.7 1225.1 495.4 0.22 52
SFIX R,1282769.0,
EFIX R,1282769.0,1284341 1574 1231.2 536.5 2007
SSACC R,1284343.0,
SBLINK R,1284385.0,
EBLINK R,1284385.0,1284507 124
ESACC R,1284343.0,1284585 244 1221.9 502.0 1175.8 565.4 2.11 1149
SFIX R,1284587.0,
EFIX R,1284587.0,1284707 122 1191.4 512.4 2224
SSACC R,1284709.0,
ESACC R,1284709.0,1284713 6 1196.3 511.0 1193.2 500.7 0.29 48
SFIX R,1284715.0,
EFIX R,1284715.0,1284819 106 1193.6 500.1 2261
SSACC R,1284821.0,
ESACC R,1284821.0,1284831 12 1194.7 506.1 1213.4 500.0 0.53 55
SFIX R,1284833.0,
EFIX R,1284833.0,1287019 2188 1208.5 532.0 2096
SSACC R,1287021.0,
SBLINK R,1287059.0,
EBLINK R,1287059.0,1287201 144
ESACC R,1287021.0,1287265 246 1197.7 534.4 1163.0 583.5 1.62 1376
SFIX R,1287267.0,
EFIX R,1287267.0,1287397 132 1176.9 549.1 2095
SSACC R,1287399.0,
ESACC R,1287399.0,1287405 8 1189.4 524.5 1202.4 522.3 0.35 51
SFIX R,1287407.0,
EFIX R,1287407.0,1289109 1704 1206.4 522.6 2106
SSACC R,1289111.0,
ESACC R,1289111.0,1289127 18 1217.1 506.2 1206.4 474.0 0.91 80
SFIX R,1289129.0,
EFIX R,1289129.0,1289467 340 1220.7 474.4 2251
SSACC R,1289469.0,
ESACC R,1289469.0,1289475 8 1228.6 472.3 1230.1 483.3 0.30 49
SFIX R,1289477.0,
EFIX R,1289477.0,1290089 614 1231.7 481.1 2311
SSACC R,1290091.0,
ESACC R,1290091.0,1290099 10 1225.4 483.5 1242.6 486.0 0.46 59
SFIX R,1290101.0,
EFIX R,1290101.0,1290571 472 1237.5 492.8 2336
SSACC R,1290573.0,
SBLINK R,1290613.0,
EBLINK R,1290613.0,1290781 170
ESACC R,1290573.0,1290859 288 1221.3 489.8 1173.7 496.8 1.29 1141
SFIX R,1290861.0,
EFIX R,1290861.0,1291061 202 1183.8 450.6 2330
SSACC R,1291063.0,
ESACC R,1291063.0,1291069 8 1194.8 447.2 1203.7 460.3 0.43 65
SFIX R,1291071.0,
EFIX R,1291071.0,1292379 1310 1208.1 487.0 2034
SSACC R,1292381.0,
ESACC R,1292381.0,1292393 14 1221.2 488.6 1204.0 502.9 0.60 55
SFIX R,1292395.0,
EFIX R,1292395.0,1293505 1112 1210.1 512.8 2017
SSACC R,1293507.0,
ESACC R,1293507.0,1293517 12 1214.6 521.5 1232.4 512.4 0.53 53
SFIX R,1293519.0,
EFIX R,1293519.0,1294097 580 1226.0 496.4 2016
SSACC R,1294099.0,
ESACC R,1294099.0,1294105 8 1209.8 479.4 1198.7 481.1 0.30 50
SFIX R,1294107.0,
EFIX R,1294107.0,1294641 536 1196.5 484.0 2061
SSACC R,1294643.0,
SBLINK R,1294679.0,
EBLINK R,1294679.0,1294813 136
ESACC R,1294643.0,1294911 270 1191.8 485.1 1175.1 481.3 0.46 1411
SFIX R,1294913.0,
EFIX R,1294913.0,1295471 560 1188.8 498.8 2037
SSACC R,1295473.0,
SBLINK R,1295515.0,
EBLINK R,1295515.0,1295647 134
ESACC R,1295473.0,1295749 278 1194.9 510.4 1176.6 499.1 0.58 1205
SFIX R,1295751.0,
EFIX R,1295751.0,1295921 172 1187.7 504.4 1873
SSACC R,1295923.0,
ESACC R,1295923.0,1295937 16 1194.8 516.8 1217.5 523.6 0.63 56
SFIX R,1295939.0,
EFIX R,1295939.0,1296415 478 1220.6 529.5 1829
SSACC R,1296417.0,
ESACC R,1296417.0,1296425 10 1225.7 543.4 1209.2 544.3 0.44 55
SFIX R,1296427.0,
EFIX R,1296427.0,1297661 1236 1201.9 523.8 1892
SSACC R,1297663.0,
SBLINK R,1297695.0,
EBLINK R,1297695.0,1297817 124
ESACC R,1297663.0,1297883 222 1183.9 519.1 1172.6 538.6 0.61 1538
SFIX R,1297885.0,
EFIX R,1297885.0,1298125 242 1175.7 537.4 2049
SSACC R,1298127.0,
SBLINK R,1298159.0,
EBLINK R,1298159.0,1298333 176
ESACC R,1298127.0,1298397 272 1176.1 549.8 1209.2 533.0 1.00 1183
SFIX R,1298399.0,
EFIX R,1298399.0,1298725 328 1220.3 534.0 1923
SSACC R,1298727.0,
ESACC R,1298727.0,1298743 18 1221.9 535.9 1206.0 510.0 0.82 70
SFIX R,1298745.0,
EFIX R,1298745.0,1301223 2480 1208.4 498.8 2164
SSACC R,1301225.0,
ESACC R,1301225.0,1301231 8 1200.3 497.2 1201.3 485.1 0.33 48
SFIX R,1301233.0,
EFIX R,1301233.0,1302619 1388 1205.8 498.8 2227
SSACC R,1302621.0,
SBLINK R,1302647.0,
EBLINK R,1302647.0,1302775 130
ESACC R,1302621.0,1302859 240 1215.4 474.9 1198.4 485.0 0.53 1729
SFIX R,1302861.0,
EFIX R,1302861.0,1303013 154 1198.3 485.2 2407
SSACC R,1303015.0,
ESACC R,1303015.0,1303021 8 1201.8 487.6 1202.5 476.9 0.29 44
SFIX R,1303023.0,
EFIX R,1303023.0,1304799 1778 1217.0 487.4 2282
SSACC R,1304801.0,
SBLINK R,1304833.0,
EBLINK R,1304833.0,1304955 124
ESACC R,1304801.0,1305049 250 1197.1 493.6 1202.7 495.9 0.16 1481
SFIX R,1305051.0,
EFIX R,1305051.0,1307063 2014 1222.7 493.4 2211
SSACC R,1307065.0,
ESACC R,1307065.0,1307069 6 1240.4 505.7 1245.7 498.6 0.24 49
SFIX R,1307071.0,
EFIX R,1307071.0,1307669 600 1229.7 496.6 2063
SSACC R,1307671.0,
SBLINK R,1307707.0,
EBLINK R,1307707.0,1307813 108
ESACC R,1307671.0,1307873 204 1219.3 492.7 1201.2 514.0 0.75 1263
SFIX R,1307875.0,
EFIX R,1307875.0,1309085 1212 1203.5 515.5 1924
SSACC R,1309087.0,
ESACC R,1309087.0,1309095 10 1195.6 513.8 1209.5 506.3 0.42 52
SFIX R,1309097.0,
EFIX R,1309097.0,1309457 362 1207.6 508.8 2047
SSACC R,1309459.0,
ESACC R,1309459.0,1309473 16 1206.4 511.0 1180.8 514.7 0.69 61
SFIX R,1309475.0,
EFIX R,1309475.0,1310451 978 1192.6 509.6 2171
SSACC R,1310453.0,
SBLINK R,1310485.0,
EBLINK R,1310485.0,1310647 164
ESACC R,1310453.0,1310707 256 1173.0 518.4 1163.7 567.3 1.34 1686
SFIX R,1310709.0,
EFIX R,1310709.0,1310901 194 1174.0 529.3 2293
SSACC R,1310903.0,
ESACC R,1310903.0,1310911 10 1172.3 523.1 1164.5 512.0 0.37 50
SFIX R,1310913.0,
EFIX R,1310913.0,1312165 1254 1195.4 533.6 2141
SSACC R,1312167.0,
SBLINK R,1312209.0,
EBLINK R,1312209.0,1312277 70
ESACC R,1312167.0,1312341 176 1205.0 515.6 1200.3 493.1 0.62 1129
SFIX R,1312343.0,
EFIX R,1312343.0,1312477 136 1210.7 476.4 2163
SSACC R,1312479.0,
ESACC R,1312479.0,1312493 16 1208.7 489.8 1202.9 528.4 1.05 102
SFIX R,1312495.0,
EFIX R,1312495.0,1313225 732 1202.1 529.8 2067
SSACC R,1313227.0,
ESACC R,1313227.0,1313231 6 1208.6 540.4 1217.6 539.1 0.24 54
SFIX R,1313233.0,
EFIX R,1313233.0,1314051 820 1209.4 538.8 2053
SSACC R,1314053.0,
ESACC R,1314053.0,1314067 16 1191.2 542.9 1160.3 539.7 0.83 79
SFIX R,1314069.0,
EFIX R,1314069.0,1314315 248 1164.5 538.2 2118
SSACC R,1314317.0,
ESACC R,1314317.0,1314323 8 1164.8 541.0 1175.3 538.9 0.29 44
SFIX R,1314325.0,
EFIX R,1314325.0,1314883 560 1181.2 539.3 2139
SSACC R,1314885.0,
SBLINK R,1314927.0,
EBLINK R,1314927.0,1315059 134
ESACC R,1314885.0,1315137 254 1179.5 534.0 1164.0 531.3 0.42 1170
SFIX R,1315139.0,
EFIX R,1315139.0,1316883 1746 1192.9 527.7 1999
SSACC R,1316885.0,
SBLINK R,1316935.0,
EBLINK R,1316935.0,1317089 156
ESACC R,1316885.0,1317165 282 1206.1 515.9 1190.3 537.7 0.72 1236
SFIX R,1317167.0,
EFIX R,1317167.0,1318011 846 1212.4 528.9 2002
SSACC R,1318013.0,
ESACC R,1318013.0,1318023 12 1212.7 556.7 1196.8 544.3 0.54 61
SFIX R,1318025.0,
EFIX R,1318025.0,1318219 196 1198.1 535.7 1822
SSACC R,1318221.0,
ESACC R,1318221.0,1318229 10 1198.9 533.2 1216.5 534.9 0.47 63
SFIX R,1318231.0,
EFIX R,1318231.0,1318673 444 1200.3 543.2 1937
SSACC R,1318675.0,
SBLINK R,1318743.0,
EBLINK R,1318743.0,1319071 330
ESACC R,1318675.0,1319143 470 1185.7 538.5 1147.8 522.3 1.11 652
SFIX R,1319145.0,
EFIX R,1319145.0,1319347 204 1171.8 510.6 1997
SSACC R,1319349.0,
ESACC R,1319349.0,1319363 16 1185.2 520.2 1213.2 535.9 0.86 73
SFIX R,1319365.0,
EFIX R,1319365.0,1320305 942 1216.8 553.5 1841
SSACC R,1320307.0,
ESACC R,1320307.0,1320325 20 1211.1 553.5 1176.1 530.3 1.13 87
SFIX R,1320327.0,
EFIX R,1320327.0,1320717 392 1185.9 518.8 2003
SSACC R,1320719.0,
ESACC R,1320719.0,1320733 16 1191.0 514.0 1213.3 528.8 0.72 66
SFIX R,1320735.0,
EFIX R,1320735.0,1322635 1902 1196.0 541.7 1949
SSACC R,1322637.0,
SBLINK R,1322673.0,
EBLINK R,1322673.0,1322805 134
ESACC R,1322637.0,1322875 240 1204.1 565.3 1180.9 545.1 0.83 1047
SFIX R,1322877.0,
EFIX R,1322877.0,1323157 282 1191.7 529.3 1786
SSACC R,1323159.0,
SBLINK R,1323195.0,
EBLINK R,1323195.0,1323387 194
ESACC R,1323159.0,1323525 368 1192.5 530.9 1220.4 502.2 1.07 1000
SFIX R,1323527.0,
EFIX R,1323527.0,1323763 238 1223.4 514.4 1708
SSACC R,1323765.0,
ESACC R,1323765.0,1323781 18 1220.7 525.7 1208.5 547.2 0.67 77
SFIX R,1323783.0,
EFIX R,1323783.0,1326027 2246 1200.1 544.3 1995
SSACC R,1326029.0,
ESACC R,1326029.0,1326039 12 1208.8 513.2 1184.1 512.1 0.66 71
SFIX R,1326041.0,
EFIX R,1326041.0,1326307 268 1199.4 531.5 2009
SSACC R,1326309.0,
ESACC R,1326309.0,1326321 14 1211.5 553.2 1235.7 539.0 0.75 69
SFIX R,1326323.0,
EFIX R,1326323.0,1326679 358 1239.5 552.3 1808
SSACC R,1326681.0,
ESACC R,1326681.0,1326687 8 1238.7 565.9 1228.4 570.4 0.30 53
SFIX R,1326689.0,
EFIX R,1326689.0,1327437 750 1220.0 565.7 1632
SSACC R,1327439.0,
ESACC R,1327439.0,1327443 6 1210.3 582.3 1213.4 590.2 0.23 46
SFIX R,1327445.0,
EFIX R,1327445.0,1327709 266 1209.9 603.7 1467
SSACC R,1327711.0,
SBLINK R,1327745.0,
EBLINK R,1327745.0,1327893 150
ESACC R,1327711.0,1327961 252 1204.5 600.1 1173.1 565.9 1.25 1100
SFIX R,1327963.0,
EFIX R,1327963.0,1328183 222 1177.1 578.8 1567
SSACC R,1328185.0,
ESACC R,1328185.0,1328193 10 1180.2 570.5 1196.7 564.4 0.47 59
SFIX R,1328195.0,
EFIX R,1328195.0,1329111 918 1199.5 560.9 1723
SSACC R,1329113.0,
ESACC R,1329113.0,1329119 8 1201.5 559.8 1215.1 562.1 0.37 52
SFIX R,1329121.0,
EFIX R,1329121.0,1331393 2274 1191.4 547.3 2066
SSACC R,1331395.0,
SBLINK R,1331425.0,
EBLINK R,1331425.0,1331559 136
ESACC R,1331395.0,1331621 228 1203.4 571.0 1188.3 550.3 0.69 1354
SFIX R,1331623.0,
EFIX R,1331623.0,1332519 898 1210.1 547.5 1830
SSACC R,1332521.0,
ESACC R,1332521.0,1332533 14 1209.0 552.0 1228.5 573.0 0.77 64
SFIX R,1332535.0,
EFIX R,1332535.0,1332811 278 1227.8 565.0 1906
SSACC R,1332813.0,
ESACC R,1332813.0,1332823 12 1227.9 558.5 1222.6 532.8 0.71 73
SFIX R,1332825.0,
EFIX R,1332825.0,1334919 2096 1220.9 539.7 2031
SSACC R,1334921.0,
SBLINK R,1334961.0,
EBLINK R,1334961.0,1335157 198
ESACC R,1334921.0,1335243 324 1198.3 530.7 1178.1 569.5 1.18 1308
SFIX R,1335245.0,
EFIX R,1335245.0,1336431 1188 1194.0 586.9 1805
SSACC R,1336433.0,
ESACC R,1336433.0,1336439 8 1185.1 573.1 1202.2 565.1 0.51 68
SFIX R,1336441.0,
EFIX R,1336441.0,1337809 1370 1198.4 550.6 2092
SSACC R,1337811.0,
ESACC R,1337811.0,1337875 66 1203.3 538.0 934.4 432.4 7.78 224
SFIX R,1337877.0,
EFIX R,1337877.0,1338013 138 944.1 437.3 2162
SSACC R,1338015.0,
SBLINK R,1338069.0,
EBLINK R,1338069.0,1338215 148
ESACC R,1338015.0,1338283 270 948.6 430.8 835.7 228.7 6.21 1206
SFIX R,1338285.0,
EFIX R,1338285.0,1338335 52 851.9 204.8 2019
SSACC R,1338337.0,
ESACC R,1338337.0,1338383 48 857.9 191.1 1121.4 467.2 10.22 514
SFIX R,1338385.0,
EFIX R,1338385.0,1338473 90 1105.0 477.0 1978
SSACC R,1338475.0,
ESACC R,1338475.0,1338491 18 1101.4 478.0 1089.0 522.9 1.26 179
SFIX R,1338493.0,
EFIX R,1338493.0,1338521 30 1087.3 508.3 2076
SSACC R,1338523.0,
ESACC R,1338523.0,1338551 30 1086.6 499.0 1181.3 548.7 2.88 211
SFIX R,1338553.0,
EFIX R,1338553.0,1338895 344 1180.8 550.8 1894
SSACC R,1338897.0,
SBLINK R,1338931.0,
EBLINK R,1338931.0,1339045 116
ESACC R,1338897.0,1339131 236 1183.7 582.4 1186.8 522.5 1.62 1052
SFIX R,1339133.0,
EFIX R,1339133.0,1339331 200 1192.3 545.3 1679
SSACC R,1339333.0,
ESACC R,1339333.0,1339341 10 1196.6 551.0 1215.6 557.2 0.54 67
SFIX R,1339343.0,
EFIX R,1339343.0,1340073 732 1220.4 556.5 1782
SSACC R,1340075.0,
SBLINK R,1340117.0,
EBLINK R,1340117.0,1340323 208
ESACC R,1340075.0,1340393 320 1223.0 542.2 1168.7 525.7 1.52 1170
SFIX R,1340395.0,
EFIX R,1340395.0,1340575 182 1172.6 520.6 2102
SSACC R,1340577.0,
ESACC R,1340577.0,1340595 20 1172.6 523.5 1217.2 530.4 1.21 94
SFIX R,1340597.0,
EFIX R,1340597.0,1341395 800 1219.9 553.7 1985
SSACC R,1341397.0,
ESACC R,1341397.0,1341413 18 1217.3 561.6 1184.7 556.2 0.88 82
SFIX R,1341415.0,
EFIX R,1341415.0,1341693 280 1193.2 555.5 1958
SSACC R,1341695.0,
SBLINK R,1341735.0,
EBLINK R,1341735.0,1341889 156
ESACC R,1341695.0,1341997 304 1186.5 553.0 1177.5 577.8 0.71 1455
SFIX R,1341999.0,
EFIX R,1341999.0,1344099 2102 1187.7 551.5 2006
SSACC R,1344101.0,
ESACC R,1344101.0,1344107 8 1176.6 550.6 1188.7 544.9 0.36 50
SFIX R,1344109.0,
EFIX R,1344109.0,1344563 456 1179.5 549.6 1984
SSACC R,1344565.0,
SBLINK R,1344607.0,
EBLINK R,1344607.0,1344783 178
ESACC R,1344565.0,1344897 334 1172.4 557.6 1181.9 552.4 0.29 1192
SFIX R,1344899.0,
EFIX R,1344899.0,1345867 970 1202.0 560.0 1786
SSACC R,1345869.0,
ESACC R,1345869.0,1345873 6 1205.3 570.0 1195.7 566.9 0.27 54
SFIX R,1345875.0,
EFIX R,1345875.0,1347309 1436 1199.4 560.4 1906
SSACC R,1347311.0,
ESACC R,1347311.0,1347317 8 1193.6 548.5 1184.2 542.4 0.30 45
SFIX R,1347319.0,
EFIX R,1347319.0,1347677 360 1186.0 542.4 1942
SSACC R,1347679.0,
ESACC R,1347679.0,1347683 6 1187.7 545.9 1194.2 545.4 0.17 45
SFIX R,1347685.0,
EFIX R,1347685.0,1350403 2720 1217.9 583.2 1645
SSACC R,1350405.0,
SBLINK R,1350447.0,
EBLINK R,1350447.0,1350543 98
ESACC R,1350405.0,1350611 208 1201.0 572.6 1197.1 556.5 0.45 1388
SFIX R,1350613.0,
EFIX R,1350613.0,1351119 508 1194.9 567.2 1947
SSACC R,1351121.0,
ESACC R,1351121.0,1351135 16 1190.9 581.7 1208.5 570.2 0.56 69
SFIX R,1351137.0,
EFIX R,1351137.0,1351943 808 1200.8 555.7 1885
SSACC R,1351945.0,
SBLINK R,1351985.0,
EBLINK R,1351985.0,1352103 120
ESACC R,1351945.0,1352237 294 1202.2 538.8 1186.7 534.1 0.43 1246
SFIX R,1352239.0,
EFIX R,1352239.0,1352527 290 1197.0 507.0 2018
SSACC R,1352529.0,
ESACC R,1352529.0,1352545 18 1209.6 508.4 1225.0 528.2 0.67 57
SFIX R,1352547.0,
EFIX R,1352547.0,1352963 418 1227.5 540.9 1802
SSACC R,1352965.0,
ESACC R,1352965.0,1352975 12 1230.0 559.2 1211.9 548.6 0.56 56
SFIX R,1352977.0,
EFIX R,1352977.0,1353529 554 1203.9 555.2 1676
SSACC R,1353531.0,
ESACC R,1353531.0,1353541 12 1198.1 565.2 1217.7 564.0 0.53 61
SFIX R,1353543.0,
EFIX R,1353543.0,1356527 2986 1202.7 561.5 1844
SSACC R,1356529.0,
SBLINK R,1356563.0,
EBLINK R,1356563.0,1356745 184
ESACC R,1356529.0,1356813 286 1186.3 532.8 1168.3 565.9 1.02 1430
SFIX R,1356815.0,
EFIX R,1356815.0,1356951 138 1174.6 541.4 2063
SSACC R,1356953.0,
ESACC R,1356953.0,1356959 8 1178.5 542.6 1189.8 528.1 0.49 74
SFIX R,1356961.0,
EFIX R,1356961.0,1357965 1006 1199.2 541.6 1894
SSACC R,1357967.0,
ESACC R,1357967.0,1357975 10 1193.7 549.2 1191.9 533.6 0.42 58
SFIX R,1357977.0,
EFIX R,1357977.0,1358681 706 1196.1 540.2 1851
SSACC R,1358683.0,
SBLINK R,1358723.0,
EBLINK R,1358723.0,1358863 142
ESACC R,1358683.0,1358979 298 1206.8 543.4 1209.8 545.5 0.10 1027
SFIX R,1358981.0,
EFIX R,1358981.0,1360643 1664 1219.3 562.4 1496
SSACC R,1360645.0,
ESACC R,1360645.0,1360653 10 1219.3 556.5 1234.0 556.0 0.39 49
SFIX R,1360655.0,
EFIX R,1360655.0,1360935 282 1233.9 553.7 1665
SSACC R,1360937.0,
ESACC R,1360937.0,1360957 22 1229.6 547.9 1194.6 538.3 0.97 90
SFIX R,1360959.0,
EFIX R,1360959.0,1361219 262 1200.0 535.9 1778
SSACC R,1361221.0,
ESACC R,1361221.0,1361237 18 1197.7 533.3 1237.3 539.2 1.07 91
SFIX R,1361239.0,
EFIX R,1361239.0,1361437 200 1227.4 538.5 1837
SSACC R,1361439.0,
ESACC R,1361439.0,1361451 14 1217.0 537.3 1191.6 543.8 0.70 70
SFIX R,1361453.0,
EFIX R,1361453.0,1363121 1670 1207.3 583.0 1549
SSACC R,1363123.0,
SBLINK R,1363155.0,
EBLINK R,1363155.0,1363371 218
ESACC R,1363123.0,1363457 336 1181.0 588.5 1174.0 595.4 0.26 1248
SFIX R,1363459.0,
EFIX R,1363459.0,1363613 156 1182.9 607.1 1527
SSACC R,1363615.0,
ESACC R,1363615.0,1363629 16 1189.0 608.3 1190.7 578.0 0.82 63
SFIX R,1363631.0,
EFIX R,1363631.0,1365055 1426 1212.0 598.1 1502
SSACC R,1365057.0,
ESACC R,1365057.0,1365067 12 1213.8 590.4 1218.2 574.3 0.45 46
SFIX R,1365069.0,
EFIX R,1365069.0,1367213 2146 1218.9 577.9 1733
SSACC R,1367215.0,
SBLINK R,1367243.0,
EBLINK R,1367243.0,1367361 120
ESACC R,1367215.0,1367473 260 1206.9 602.6 1227.3 594.8 0.58 1205
SFIX R,1367475.0,
EFIX R,1367475.0,1367555 82 1229.6 596.2 1486
SSACC R,1367557.0,
ESACC R,1367557.0,1367567 12 1221.6 593.1 1201.7 578.6 0.66 73
SFIX R,1367569.0,
EFIX R,1367569.0,1368313 746 1209.5 591.1 1373
SSACC R,1368315.0,
ESACC R,1368315.0,1368323 10 1210.0 594.1 1227.7 591.5 0.48 57
SFIX R,1368325.0,
EFIX R,1368325.0,1370095 1772 1193.2 563.0 1722
SSACC R,1370097.0,
SBLINK R,1370139.0,
EBLINK R,1370139.0,1370301 164
ESACC R,1370097.0,1370387 292 1147.9 532.5 1140.8 550.4 0.52 1212
SFIX R,1370389.0,
EFIX R,1370389.0,1374941 4554 1191.7 568.0 1638
SSACC R,1374943.0,
SBLINK R,1374977.0,
EBLINK R,1374977.0,1375123 148
ESACC R,1374943.0,1375223 282 1191.7 550.1 1122.5 585.0 2.09 1532
SFIX R,1375225.0,
EFIX R,1375225.0,1375349 126 1134.8 560.3 1961
SSACC R,1375351.0,
ESACC R,1375351.0,1375377 28 1137.2 562.2 1176.5 510.7 1.75 117
SFIX R,1375379.0,
EFIX R,1375379.0,1375599 222 1174.0 546.1 1837
SSACC R,1375601.0,
ESACC R,1375601.0,1375613 14 1176.1 555.1 1176.9 534.7 0.55 61
SFIX R,1375615.0,
EFIX R,1375615.0,1377117 1504 1187.9 564.8 1473
SSACC R,1377119.0,
SBLINK R,1377151.0,
EBLINK R,1377151.0,1377313 164
ESACC R,1377119.0,1377373 256 1194.1 559.6 1162.3 624.2 1.94 1327
SFIX R,1377375.0,
EFIX R,1377375.0,1377473 100 1167.4 609.2 1638
SSACC R,1377475.0,
ESACC R,1377475.0,1377499 26 1178.2 612.3 1189.7 520.6 2.49 206
SFIX R,1377501.0,
EFIX R,1377501.0,1378405 906 1208.5 572.1 1484
SSACC R,1378407.0,
ESACC R,1378407.0,1378411 6 1201.8 566.4 1207.3 558.6 0.26 55
SFIX R,1378413.0,
EFIX R,1378413.0,1380187 1776 1187.2 548.0 1730
SSACC R,1380189.0,
SBLINK R,1380227.0,
EBLINK R,1380227.0,1380415 190
ESACC R,1380189.0,1380491 304 1194.6 524.7 1187.9 549.7 0.70 1103
SFIX R,1380493.0,
EFIX R,1380493.0,1380705 214 1199.7 550.8 1555
SSACC R,1380707.0,
ESACC R,1380707.0,1380713 8 1194.7 557.2 1186.1 542.9 0.45 62
SFIX R,1380715.0,
EFIX R,1380715.0,1383039 2326 1194.7 560.3 1514
SSACC R,1383041.0,
SBLINK R,1383081.0,
EBLINK R,1383081.0,1383245 166
ESACC R,1383041.0,1383321 282 1197.4 506.3 1187.6 522.9 0.52 1165
SFIX R,1383323.0,
EFIX R,1383323.0,1383545 224 1192.2 534.8 1922
SSACC R,1383547.0,
ESACC R,1383547.0,1383559 14 1190.2 554.0 1204.0 528.7 0.78 77
SFIX R,1383561.0,
EFIX R,1383561.0,1385135 1576 1194.4 548.1 1835
SSACC R,1385137.0,
SBLINK R,1385171.0,
EBLINK R,1385171.0,1385347 178
ESACC R,1385137.0,1385435 300 1190.3 546.3 1190.0 545.2 0.03 1352
SFIX R,1385437.0,
EFIX R,1385437.0,1385969 534 1195.7 571.0 1789
SSACC R,1385971.0,
ESACC R,1385971.0,1385983 14 1205.4 578.4 1210.7 552.4 0.71 72
SFIX R,1385985.0,
EFIX R,1385985.0,1387121 1138 1212.2 568.3 1599
SSACC R,1387123.0,
SBLINK R,1387155.0,
EBLINK R,1387155.0,1387263 110
ESACC R,1387123.0,1387373 252 1194.3 556.8 1194.8 556.5 0.02 1466
SFIX R,1387375.0,
EFIX R,1387375.0,1387513 140 1204.1 549.4 1806
SSACC R,1387515.0,
ESACC R,1387515.0,1387527 14 1201.3 548.2 1180.0 543.8 0.58 68
SFIX R,1387529.0,
EFIX R,1387529.0,1389995 2468 1218.7 554.7 1870
SSACC R,1389997.0,
SBLINK R,1390051.0,
EBLINK R,1390051.0,1390231 182
ESACC R,1389997.0,1390287 292 1201.3 602.5 1194.8 600.5 0.18 534
SFIX R,1390289.0,
EFIX R,1390289.0,1390571 284 1198.6 607.2 1500
SSACC R,1390573.0,
ESACC R,1390573.0,1390583 12 1202.5 617.0 1218.9 600.5 0.62 81
SFIX R,1390585.0,
EFIX R,1390585.0,1394419 3836 1218.7 583.7 1540
SSACC R,1394421.0,
SBLINK R,1394467.0,
EBLINK R,1394467.0,1394653 188
ESACC R,1394421.0,1394745 326 1248.8 570.0 1176.2 563.6 1.95 730
SFIX R,1394747.0,
EFIX R,1394747.0,1395063 318 1180.6 590.8 1564
SSACC R,1395065.0,
ESACC R,1395065.0,1395073 10 1190.4 604.3 1208.4 598.1 0.51 65
SFIX R,1395075.0,
EFIX R,1395075.0,1396271 1198 1216.4 608.8 1470
SSACC R,1396273.0,
ESACC R,1396273.0,1396283 12 1220.9 598.3 1223.6 582.6 0.43 56
SFIX R,1396285.0,
EFIX R,1396285.0,1398319 2036 1226.7 598.8 1647
SSACC R,1398321.0,
SBLINK R,1398357.0,
EBLINK R,1398357.0,1398599 244
ESACC R,1398321.0,1398691 372 1216.8 598.9 1176.8 578.5 1.20 1139
SFIX R,1398693.0,
EFIX R,1398693.0,1398985 294 1191.1 590.0 1526
SSACC R,1398987.0,
ESACC R,1398987.0,1398995 10 1202.9 601.9 1210.2 588.4 0.41 54
SFIX R,1398997.0,
EFIX R,1398997.0,1401095 2100 1219.7 597.3 1612
SSACC R,1401097.0,
ESACC R,1401097.0,1401103 8 1204.3 601.0 1214.8 599.4 0.28 49
SFIX R,1401105.0,
EFIX R,1401105.0,1404853 3750 1223.7 607.7 1706
SSACC R,1404855.0,
SBLINK R,1404907.0,
EBLINK R,1404907.0,1405097 192
ESACC R,1404855.0,1405183 330 1217.3 580.7 1171.1 560.8 1.35 940
SFIX R,1405185.0,
EFIX R,1405185.0,1405533 350 1176.5 537.9 1859
SSACC R,1405535.0,
SBLINK R,1405569.0,
EBLINK R,1405569.0,1405781 214
ESACC R,1405535.0,1405869 336 1177.5 558.1 1183.6 610.3 1.42 967
SFIX R,1405871.0,
EFIX R,1405871.0,1406259 390 1203.1 590.3 1535
SSACC R,1406261.0,
ESACC R,1406261.0,1406271 12 1210.0 609.1 1208.6 589.7 0.52 63
SFIX R,1406273.0,
EFIX R,1406273.0,1407129 858 1215.9 600.5 1404
SSACC R,1407131.0,
ESACC R,1407131.0,1407143 14 1213.1 610.5 1199.7 582.6 0.83 81
SFIX R,1407145.0,
EFIX R,1407145.0,1409171 2028 1202.4 575.9 1560
SSACC R,1409173.0,
SBLINK R,1409211.0,
EBLINK R,1409211.0,1409611 402
ESACC R,1409173.0,1409897 726 1204.7 565.8 1234.7 525.0 1.36 1586
SFIX R,1409899.0,
EFIX R,1409899.0,1410129 232 1234.5 552.8 1781
SSACC R,1410131.0,
ESACC R,1410131.0,1410145 16 1229.2 571.4 1197.0 563.6 0.89 86
SFIX R,1410147.0,
EFIX R,1410147.0,1411971 1826 1222.7 586.2 1545
SSACC R,1411973.0,
ESACC R,1411973.0,1411981 10 1221.0 592.3 1229.5 582.4 0.35 42
SFIX R,1411983.0,
EFIX R,1411983.0,1413105 1124 1218.6 593.0 1505
SSACC R,1413107.0,
ESACC R,1413107.0,1413115 10 1205.4 596.4 1220.1 590.8 0.42 58
SFIX R,1413117.0,
EFIX R,1413117.0,1413203 88 1221.2 591.7 1404
SSACC R,1413205.0,
SBLINK R,1413245.0,
EBLINK R,1413245.0,1413459 216
ESACC R,1413205.0,1413539 336 1219.8 591.7 1169.2 560.9 1.59 753
SFIX R,1413541.0,
EFIX R,1413541.0,1413823 284 1183.1 575.8 1411
SSACC R,1413825.0,
ESACC R,1413825.0,1413839 16 1193.6 581.4 1221.3 573.2 0.77 73
SFIX R,1413841.0,
EFIX R,1413841.0,1414347 508 1236.7 587.2 1257
SSACC R,1414349.0,
ESACC R,1414349.0,1414355 8 1234.7 598.8 1219.6 602.3 0.41 63
SFIX R,1414357.0,
EFIX R,1414357.0,1414611 256 1211.7 600.8 1232
SSACC R,1414613.0,
ESACC R,1414613.0,1414625 14 1215.4 602.6 1236.3 589.8 0.66 62
SFIX R,1414627.0,
EFIX R,1414627.0,1415423 798 1219.9 585.3 1373
SSACC R,1415425.0,
SBLINK R,1415465.0,
EBLINK R,1415465.0,1415671 208
ESACC R,1415425.0,1415771 348 1201.6 574.8 1169.0 594.3 1.02 992
SFIX R,1415773.0,
EFIX R,1415773.0,1417361 1590 1200.6 599.3 1587
SSACC R,1417363.0,
ESACC R,1417363.0,1417369 8 1193.7 611.3 1201.3 598.4 0.40 55
SFIX R,1417371.0,
EFIX R,1417371.0,1418945 1576 1211.3 603.4 1403
SSACC R,1418947.0,
ESACC R,1418947.0,1418951 6 1220.9 596.4 1226.1 604.2 0.25 49
SFIX R,1418953.0,
EFIX R,1418953.0,1419771 820 1221.7 597.2 1336
SSACC R,1419773.0,
SBLINK R,1419811.0,
EBLINK R,1419811.0,1419975 166
ESACC R,1419773.0,1420083 312 1214.2 581.4 1192.1 572.6 0.64 850
SFIX R,1420085.0,
EFIX R,1420085.0,1420685 602 1202.5 580.3 1427
SSACC R,1420687.0,
ESACC R,1420687.0,1420693 8 1203.9 593.7 1213.2 589.0 0.28 44
SFIX R,1420695.0,
EFIX R,1420695.0,1421645 952 1222.6 595.8 1484
SSACC R,1421647.0,
SBLINK R,1421691.0,
EBLINK R,1421691.0,1421915 226
ESACC R,1421647.0,1422033 388 1230.2 585.8 1163.5 624.6 2.07 824
SFIX R,1422035.0,
EFIX R,1422035.0,1422127 94 1172.7 616.3 1719
SSACC R,1422129.0,
ESACC R,1422129.0,1422157 30 1177.5 628.1 1228.6 584.5 1.80 122
SFIX R,1422159.0,
EFIX R,1422159.0,1422453 296 1234.2 605.8 1651
SSACC R,1422455.0,
ESACC R,1422455.0,1422467 14 1241.8 622.2 1232.2 602.6 0.59 59
SFIX R,1422469.0,
EFIX R,1422469.0,1422753 286 1240.3 606.1 1350
SSACC R,1422755.0,
ESACC R,1422755.0,1422769 16 1234.4 606.7 1211.3 617.7 0.68 52
SFIX R,1422771.0,
EFIX R,1422771.0,1423559 790 1216.2 603.1 1231
SSACC R,1423561.0,
SBLINK R,1423589.0,
EBLINK R,1423589.0,1423773 186
ESACC R,1423561.0,1423845 286 1202.0 574.7 1191.9 578.2 0.29 953
SFIX R,1423847.0,
EFIX R,1423847.0,1423879 34 1193.3 568.7 1297
SSACC R,1423881.0,
ESACC R,1423881.0,1423895 16 1193.6 570.8 1194.6 553.1 0.48 62
SFIX R,1423897.0,
EFIX R,1423897.0,1424129 234 1197.6 575.5 1356
SSACC R,1424131.0,
ESACC R,1424131.0,1424139 10 1189.8 583.8 1194.3 570.5 0.38 45
SFIX R,1424141.0,
EFIX R,1424141.0,1425525 1386 1221.5 605.2 1272
SSACC R,1425527.0,
ESACC R,1425527.0,1425533 8 1217.0 619.6 1207.2 614.4 0.30 46
SFIX R,1425535.0,
EFIX R,1425535.0,1427195 1662 1193.9 585.8 1527
SSACC R,1427197.0,
SBLINK R,1427227.0,
EBLINK R,1427227.0,1427433 208
ESACC R,1427197.0,1427551 356 1210.4 575.7 1178.4 541.7 1.25 1262
SFIX R,1427553.0,
EFIX R,1427553.0,1427763 212 1190.4 542.0 1622
SSACC R,1427765.0,
SBLINK R,1427793.0,
EBLINK R,1427793.0,1428021 230
ESACC R,1427765.0,1428115 352 1197.9 541.6 1256.1 573.2 1.77 1262
SFIX R,1428117.0,
EFIX R,1428117.0,1428139 24 1255.8 564.7 1417
SSACC R,1428141.0,
ESACC R,1428141.0,1428151 12 1245.8 570.5 1225.1 567.5 0.56 71
SFIX R,1428153.0,
EFIX R,1428153.0,1428829 678 1244.2 570.7 1352
SSACC R,1428831.0,
ESACC R,1428831.0,1429021 192 1252.5 587.5 929.5 420.9 9.76 410
SFIX R,1429023.0,
EFIX R,1429023.0,1429069 48 929.4 411.7 1357
SSACC R,1429071.0,
ESACC R,1429071.0,1429135 66 930.5 403.9 1194.3 624.8 9.28 686
SFIX R,1429137.0,
EFIX R,1429137.0,1429235 100 1189.6 619.4 1508
SSACC R,1429237.0,
ESACC R,1429237.0,1429329 94 1182.6 632.0 1235.8 567.3 2.25 311
SFIX R,1429331.0,
EFIX R,1429331.0,1430409 1080 1228.0 562.4 1295
SSACC R,1430411.0,
SBLINK R,1430443.0,
EBLINK R,1430443.0,1430579 138
ESACC R,1430411.0,1430665 256 1210.6 564.8 1186.0 589.7 0.94 960
SFIX R,1430667.0,
EFIX R,1430667.0,1430989 324 1203.3 570.8 1404
SSACC R,1430991.0,
ESACC R,1430991.0,1430999 10 1211.0 573.9 1211.3 555.9 0.49 62
SFIX R,1431001.0,
EFIX R,1431001.0,1433855 2856 1225.2 587.8 1352
SSACC R,1433857.0,
ESACC R,1433857.0,1433877 22 1227.7 582.6 1192.4 572.0 0.99 77
SFIX R,1433879.0,
EFIX R,1433879.0,1434035 158 1205.3 576.1 1353
SSACC R,1434037.0,
ESACC R,1434037.0,1434051 16 1212.0 573.2 1244.3 578.8 0.88 77
SFIX R,1434053.0,
EFIX R,1434053.0,1434863 812 1250.7 582.4 1389
SSACC R,1434865.0,
ESACC R,1434865.0,1434875 12 1251.1 592.6 1226.2 590.8 0.66 72
SFIX R,1434877.0,
EFIX R,1434877.0,1435077 202 1225.5 584.0 1320
SSACC R,1435079.0,
ESACC R,1435079.0,1435085 8 1229.5 585.8 1239.8 588.9 0.29 42
SFIX R,1435087.0,
EFIX R,1435087.0,1439167 4082 1230.8 592.7 1224
SSACC R,1439169.0,
ESACC R,1439169.0,1439175 8 1218.4 598.4 1228.3 597.2 0.27 45
SFIX R,1439177.0,
EFIX R,1439177.0,1439531 356 1233.0 596.9 1184
SSACC R,1439533.0,
SBLINK R,1439559.0,
EBLINK R,1439559.0,1439785 228
ESACC R,1439533.0,1439825 294 1240.1 595.2 1209.5 631.5 1.27 656
SFIX R,1439827.0,
EFIX R,1439827.0,1439943 118 1211.8 607.1 1106
SSACC R,1439945.0,
ESACC R,1439945.0,1439957 14 1219.3 605.9 1230.5 589.6 0.53 47
SFIX R,1439959.0,
EFIX R,1439959.0,1444719 4762 1227.5 588.1 1167
SSACC R,1444721.0,
SBLINK R,1444745.0,
EBLINK R,1444745.0,1444905 162
ESACC R,1444721.0,1444941 222 1234.1 600.5 1228.4 587.3 0.39 600
SFIX R,1444943.0,
EFIX R,1444943.0,1446759 1818 1226.7 590.2 1256
SSACC R,1446761.0,
SBLINK R,1446799.0,
EBLINK R,1446799.0,1446977 180
ESACC R,1446761.0,1447041 282 1214.5 595.0 1221.5 633.1 1.04 803
SFIX R,1447043.0,
EFIX R,1447043.0,1448541 1500 1239.6 606.0 1285
SSACC R,1448543.0,
SBLINK R,1448575.0,
EBLINK R,1448575.0,1448737 164
ESACC R,1448543.0,1448847 306 1228.8 617.1 1193.1 571.4 1.56 899
SFIX R,1448849.0,
EFIX R,1448849.0,1449053 206 1201.6 571.4 1243
SSACC R,1449055.0,
SBLINK R,1449095.0,
EBLINK R,1449095.0,1449249 156
ESACC R,1449055.0,1449285 232 1193.8 582.8 1188.8 583.4 0.14 878
SFIX R,1449287.0,
EFIX R,1449287.0,1449483 198 1199.4 583.5 1213
SSACC R,1449485.0,
ESACC R,1449485.0,1449493 10 1208.3 590.2 1220.7 576.0 0.51 62
SFIX R,1449495.0,
EFIX R,1449495.0,1449613 120 1221.8 578.9 1255
SSACC R,1449615.0,
SBLINK R,1449639.0,
EBLINK R,1449639.0,1449839 202
ESACC R,1449615.0,1449917 304 1227.7 582.9 1212.6 584.7 0.41 803
SFIX R,1449919.0,
EFIX R,1449919.0,1450133 216 1221.3 599.4 1229
SSACC R,1450135.0,
ESACC R,1450135.0,1450147 14 1220.2 602.1 1228.4 577.7 0.69 71
SFIX R,1450149.0,
EFIX R,1450149.0,1451835 1688 1227.1 583.6 1365
SSACC R,1451837.0,
ESACC R,1451837.0,1451843 8 1227.4 584.1 1232.2 572.3 0.34 48
SFIX R,1451845.0,
EFIX R,1451845.0,1452699 856 1230.7 595.0 1296
SSACC R,1452701.0,
ESACC R,1452701.0,1452721 22 1231.3 599.9 1258.0 618.6 0.87 66
SFIX R,1452723.0,
EFIX R,1452723.0,1452877 156 1250.2 618.1 1137
SSACC R,1452879.0,
ESACC R,1452879.0,1452899 22 1249.0 621.9 1214.6 572.5 1.61 120
SFIX R,1452901.0,
EFIX R,1452901.0,1454269 1370 1231.3 582.1 1057
SSACC R,1454271.0,
SBLINK R,1454295.0,
EBLINK R,1454295.0,1454523 230
ESACC R,1454271.0,1454601 332 1223.7 589.5 1181.4 587.9 1.13 662
SFIX R,1454603.0,
EFIX R,1454603.0,1454783 182 1187.3 598.2 1160
SSACC R,1454785.0,
ESACC R,1454785.0,1454801 18 1189.0 605.5 1227.0 604.1 1.02 73
SFIX R,1454803.0,
EFIX R,1454803.0,1454885 84 1224.2 602.7 1209
SSACC R,1454887.0,
SBLINK R,1454913.0,
EBLINK R,1454913.0,1455145 234
ESACC R,1454887.0,1455191 306 1221.9 605.7 1200.2 563.2 1.28 890
SFIX R,1455193.0,
EFIX R,1455193.0,1455411 220 1205.5 572.6 1146
SSACC R,1455413.0,
SBLINK R,1455439.0,
EBLINK R,1455439.0,1455651 214
ESACC R,1455413.0,1455699 288 1209.2 581.5 1217.1 583.9 0.22 1198
SFIX R,1455701.0,
EFIX R,1455701.0,1456385 686 1239.9 605.5 1187
SSACC R,1456387.0,
ESACC R,1456387.0,1456399 14 1244.8 607.9 1214.0 614.6 0.84 79
SFIX R,1456401.0,
EFIX R,1456401.0,1456645 246 1212.3 603.8 1260
SSACC R,1456647.0,
ESACC R,1456647.0,1456663 18 1209.1 603.0 1247.5 593.5 1.06 93
SFIX R,1456665.0,
EFIX R,1456665.0,1457485 822 1248.1 603.0 1390
SSACC R,1457487.0,
SBLINK R,1457517.0,
EBLINK R,1457517.0,1457679 164
ESACC R,1457487.0,1457775 290 1254.5 602.5 1234.5 573.9 0.93 1147
SFIX R,1457777.0,
EFIX R,1457777.0,1458257 482 1239.1 587.0 1338
SSACC R,1458259.0,
SBLINK R,1458293.0,
EBLINK R,1458293.0,1458639 348
ESACC R,1458259.0,1458699 442 1235.3 580.4 1213.0 548.2 1.05 839
SFIX R,1458701.0,
EFIX R,1458701.0,1459653 954 1241.1 573.6 1282
SSACC R,1459655.0,
ESACC R,1459655.0,1459697 44 1250.0 567.4 1181.0 683.0 3.61 160
SFIX R,1459699.0,
EFIX R,1459699.0,1459913 216 1186.9 669.7 1348
SSACC R,1459915.0,
ESACC R,1459915.0,1459945 32 1184.6 663.6 1227.0 569.0 2.78 150
SFIX R,1459947.0,
EFIX R,1459947.0,1460109 164 1226.0 586.7 1433
SSACC R,1460111.0,
ESACC R,1460111.0,1460129 20 1229.2 593.6 1239.7 552.8 1.13 113
SFIX R,1460131.0,
EFIX R,1460131.0,1461875 1746 1221.9 571.8 1529
SSACC R,1461877.0,
ESACC R,1461877.0,1461883 8 1222.4 583.6 1236.5 573.7 0.46 64
SFIX R,1461885.0,
EFIX R,1461885.0,1462975 1092 1251.2 599.4 1501
SSACC R,1462977.0,
SBLINK R,1463007.0,
EBLINK R,1463007.0,1463247 242
ESACC R,1462977.0,1463345 370 1255.3 606.7 1217.2 590.2 1.11 1237
SFIX R,1463347.0,
EFIX R,1463347.0,1463583 238 1221.4 597.2 1284
SSACC R,1463585.0,
SBLINK R,1463619.0,
EBLINK R,1463619.0,1463897 280
ESACC R,1463585.0,1463979 396 1222.6 593.9 1215.3 591.6 0.20 954
SFIX R,1463981.0,
EFIX R,1463981.0,1464471 492 1227.7 605.5 1114
SSACC R,1464473.0,
ESACC R,1464473.0,1464483 12 1242.3 614.0 1249.7 597.2 0.49 52
SFIX R,1464485.0,
EFIX R,1464485.0,1466437 1954 1245.5 589.6 1431
SSACC R,1466439.0,
ESACC R,1466439.0,1466443 6 1222.5 584.2 1214.0 578.5 0.27 54
SFIX R,1466445.0,
EFIX R,1466445.0,1467445 1002 1213.3 567.1 1628
SSACC R,1467447.0,
SBLINK R,1467479.0,
EBLINK R,1467479.0,1467647 170
ESACC R,1467447.0,1467731 286 1231.4 578.7 1237.7 561.8 0.48 1218
SFIX R,1467733.0,
EFIX R,1467733.0,1468221 490 1245.2 582.1 1243
SSACC R,1468223.0,
ESACC R,1468223.0,1468231 10 1249.1 603.2 1248.5 618.1 0.40 55
SFIX R,1468233.0,
EFIX R,1468233.0,1468625 394 1253.9 615.5 1079
SSACC R,1468627.0,
ESACC R,1468627.0,1468635 10 1250.1 617.4 1231.6 600.7 0.67 79
SFIX R,1468637.0,
EFIX R,1468637.0,1468901 266 1235.7 603.2 1087
SSACC R,1468903.0,
ESACC R,1468903.0,1468915 14 1237.2 603.3 1262.5 599.0 0.68 63
SFIX R,1468917.0,
EFIX R,1468917.0,1469421 506 1251.6 592.2 1210
SSACC R,1469423.0,
ESACC R,1469423.0,1469433 12 1245.8 590.2 1221.4 588.9 0.65 67
SFIX R,1469435.0,
EFIX R,1469435.0,1470017 584 1228.0 591.9 1435
SSACC R,1470019.0,
ESACC R,1470019.0,1470029 12 1231.2 595.3 1246.9 604.5 0.49 57
SFIX R,1470031.0,
EFIX R,1470031.0,1472265 2236 1242.6 561.5 1736
SSACC R,1472267.0,
SBLINK R,1472299.0,
EBLINK R,1472299.0,1472507 210
ESACC R,1472267.0,1472581 316 1234.1 604.9 1223.4 612.6 0.35 1168
SFIX R,1472583.0,
EFIX R,1472583.0,1472939 358 1229.3 600.2 1473
SSACC R,1472941.0,
ESACC R,1472941.0,1472947 8 1222.0 597.0 1216.4 583.0 0.41 56
SFIX R,1472949.0,
EFIX R,1472949.0,1473429 482 1229.2 597.0 1319
SSACC R,1473431.0,
ESACC R,1473431.0,1473443 14 1229.4 601.0 1252.3 609.0 0.65 58
SFIX R,1473445.0,
EFIX R,1473445.0,1474129 686 1237.9 605.4 1360
SSACC R,1474131.0,
SBLINK R,1474167.0,
EBLINK R,1474167.0,1474533 368
ESACC R,1474131.0,1474627 498 1237.0 599.0 1156.9 669.1 2.85 909
SFIX R,1474629.0,
EFIX R,1474629.0,1474753 126 1167.6 649.4 1529
SSACC R,1474755.0,
ESACC R,1474755.0,1474779 26 1174.0 650.1 1205.4 561.5 2.53 163
SFIX R,1474781.0,
EFIX R,1474781.0,1475041 262 1220.1 602.2 1440
SSACC R,1475043.0,
ESACC R,1475043.0,1475055 14 1237.5 616.6 1245.6 590.7 0.73 74
SFIX R,1475057.0,
EFIX R,1475057.0,1476483 1428 1228.8 590.6 1450
SSACC R,1476485.0,
SBLINK R,1476517.0,
EBLINK R,1476517.0,1476713 198
ESACC R,1476485.0,1476823 340 1209.0 574.5 1227.3 517.4 1.61 1254
SFIX R,1476825.0,
EFIX R,1476825.0,1477185 362 1249.8 570.0 1608
SSACC R,1477187.0,
ESACC R,1477187.0,1477199 14 1259.1 585.7 1237.8 592.3 0.59 50
SFIX R,1477201.0,
EFIX R,1477201.0,1477389 190 1240.3 589.7 1349
SSACC R,1477391.0,
ESACC R,1477391.0,1477399 10 1247.5 601.1 1262.3 591.2 0.47 61
SFIX R,1477401.0,
EFIX R,1477401.0,1479745 2346 1240.1 585.4 1284
SSACC R,1479747.0,
SBLINK R,1479781.0,
EBLINK R,1479781.0,1480023 244
ESACC R,1479747.0,1480119 374 1239.5 553.3 1190.8 534.4 1.40 1036
SFIX R,1480121.0,
EFIX R,1480121.0,1480317 198 1195.8 537.7 1498
SSACC R,1480319.0,
ESACC R,1480319.0,1480335 18 1199.7 557.0 1234.9 538.8 1.06 90
SFIX R,1480337.0,
EFIX R,1480337.0,1482043 1708 1223.1 582.0 1419
SSACC R,1482045.0,
ESACC R,1482045.0,1482055 12 1220.3 582.9 1242.8 572.7 0.66 69
SFIX R,1482057.0,
EFIX R,1482057.0,1484059 2004 1247.0 593.3 1069
SSACC R,1484061.0,
SBLINK R,1484095.0,
EBLINK R,1484095.0,1484265 172
ESACC R,1484061.0,1484313 254 1226.5 591.2 1216.0 623.8 0.92 1792
SFIX R,1484315.0,
EFIX R,1484315.0,1485927 1614 1237.7 597.6 1053
SSACC R,1485929.0,
ESACC R,1485929.0,1485933 6 1242.9 582.6 1245.7 575.7 0.20 51
SFIX R,1485935.0,
EFIX R,1485935.0,1488593 2660 1231.7 586.6 1385
SSACC R,1488595.0,
SBLINK R,1488629.0,
EBLINK R,1488629.0,1488769 142
ESACC R,1488595.0,1488821 228 1252.1 606.3 1229.4 573.9 1.06 838
SFIX R,1488823.0,
EFIX R,1488823.0,1489253 432 1237.6 589.1 1339
SSACC R,1489255.0,
ESACC R,1489255.0,1489281 28 1242.2 599.2 1220.0 625.2 0.92 66
SFIX R,1489283.0,
EFIX R,1489283.0,1489431 150 1224.8 616.0 1182
SSACC R,1489433.0,
ESACC R,1489433.0,1489439 8 1230.3 614.0 1241.6 602.5 0.43 61
SFIX R,1489441.0,
EFIX R,1489441.0,1490533 1094 1230.0 599.5 1123
SSACC R,1490535.0,
ESACC R,1490535.0,1490541 8 1191.7 601.4 1203.5 599.1 0.32 45
SFIX R,1490543.0,
EFIX R,1490543.0,1491553 1012 1210.6 582.6 1466
SSACC R,1491555.0,
SBLINK R,1491587.0,
EBLINK R,1491587.0,1491685 100
ESACC R,1491555.0,1491751 198 1236.0 573.2 1222.8 592.9 0.64 1072
SFIX R,1491753.0,
EFIX R,1491753.0,1492013 262 1229.0 610.4 1471
SSACC R,1492015.0,
ESACC R,1492015.0,1492037 24 1231.4 616.4 1233.0 590.1 0.71 55
SFIX R,1492039.0,
EFIX R,1492039.0,1492233 196 1239.1 603.6 1403
SSACC R,1492235.0,
ESACC R,1492235.0,1492243 10 1246.9 605.6 1246.1 586.1 0.52 61
SFIX R,1492245.0,
EFIX R,1492245.0,1492989 746 1246.7 597.7 1255
SSACC R,1492991.0,
SBLINK R,1493019.0,
EBLINK R,1493019.0,1493219 202
ESACC R,1492991.0,1493277 288 1241.2 595.2 1223.3 583.4 0.57 987
SFIX R,1493279.0,
EFIX R,1493279.0,1494571 1294 1236.8 595.8 1177
SSACC R,1494573.0,
ESACC R,1494573.0,1494583 12 1243.4 593.3 1250.6 569.6 0.67 59
SFIX R,1494585.0,
EFIX R,1494585.0,1494729 146 1247.7 571.0 1351
SSACC R,1494731.0,
SBLINK R,1494759.0,
EBLINK R,1494759.0,1494941 184
ESACC R,1494731.0,1495055 326 1245.4 570.2 1200.2 546.2 1.37 1316
SFIX R,1495057.0,
EFIX R,1495057.0,1495253 198 1201.8 564.5 1478
SSACC R,1495255.0,
SBLINK R,1495289.0,
EBLINK R,1495289.0,1495517 230
ESACC R,1495255.0,1495605 352 1202.3 571.0 1189.7 568.9 0.34 1034
SFIX R,1495607.0,
EFIX R,1495607.0,1495797 192 1198.4 561.9 1311
SSACC R,1495799.0,
SBLINK R,1495827.0,
EBLINK R,1495827.0,1496069 244
ESACC R,1495799.0,1496147 350 1197.0 564.3 1233.7 540.8 1.17 1118
SFIX R,1496149.0,
EFIX R,1496149.0,1496465 318 1234.7 568.8 1198
SSACC R,1496467.0,
ESACC R,1496467.0,1496481 16 1236.8 579.2 1231.8 618.0 1.05 81
SFIX R,1496483.0,
EFIX R,1496483.0,1496807 326 1240.2 612.8 1131
SSACC R,1496809.0,
ESACC R,1496809.0,1496815 8 1243.1 611.7 1244.0 600.7 0.30 53
SFIX R,1496817.0,
EFIX R,1496817.0,1500521 3706 1240.2 603.0 1179
SSACC R,1500523.0,
SBLINK R,1500549.0,
EBLINK R,1500549.0,1500751 204
ESACC R,1500523.0,1500797 276 1252.7 602.8 1229.6 592.8 0.67 871
SFIX R,1500799.0,
EFIX R,1500799.0,1501331 534 1238.3 593.7 1180
SSACC R,1501333.0,
ESACC R,1501333.0,1501351 20 1245.1 596.0 1207.1 601.3 1.02 84
SFIX R,1501353.0,
EFIX R,1501353.0,1501541 190 1217.6 598.2 1207
SSACC R,1501543.0,
ESACC R,1501543.0,1501551 10 1223.5 596.2 1240.4 594.1 0.45 56
SFIX R,1501553.0,
EFIX R,1501553.0,1502195 644 1237.6 593.7 1331
SSACC R,1502197.0,
SBLINK R,1502223.0,
EBLINK R,1502223.0,1502417 196
ESACC R,1502197.0,1502491 296 1229.6 598.3 1209.9 603.2 0.54 1226
SFIX R,1502493.0,
EFIX R,1502493.0,1502965 474 1223.3 606.8 1480
SSACC R,1502967.0,
ESACC R,1502967.0,1502979 14 1226.6 607.1 1216.8 581.5 0.74 65
SFIX R,1502981.0,
EFIX R,1502981.0,1503229 250 1227.1 583.2 1367
SSACC R,1503231.0,
SBLINK R,1503265.0,
EBLINK R,1503265.0,1503389 126
ESACC R,1503231.0,1503491 262 1220.8 570.5 1204.3 526.3 1.27 970
SFIX R,1503493.0,
EFIX R,1503493.0,1504979 1488 1230.4 555.4 1600
SSACC R,1504981.0,
ESACC R,1504981.0,1504989 10 1229.1 560.4 1212.6 561.8 0.44 56
SFIX R,1504991.0,
EFIX R,1504991.0,1505247 258 1218.2 555.8 1615
SSACC R,1505249.0,
ESACC R,1505249.0,1505257 10 1226.3 557.0 1243.2 557.1 0.45 54
SFIX R,1505259.0,
EFIX R,1505259.0,1506119 862 1245.8 561.5 1461
SSACC R,1506121.0,
SBLINK R,1506149.0,
EBLINK R,1506149.0,1506277 130
ESACC R,1506121.0,1506335 216 1250.9 578.2 1230.4 560.7 0.72 1394
SFIX R,1506337.0,
EFIX R,1506337.0,1506901 566 1240.7 567.4 1317
SSACC R,1506903.0,
SBLINK R,1506937.0,
EBLINK R,1506937.0,1507065 130
ESACC R,1506903.0,1507133 232 1241.7 566.7 1222.9 555.7 0.58 963
SFIX R,1507135.0,
EFIX R,1507135.0,1507269 136 1224.9 561.3 1365
SSACC R,1507271.0,
ESACC R,1507271.0,1507277 8 1226.3 566.4 1228.6 548.7 0.48 74
SFIX R,1507279.0,
EFIX R,1507279.0,1510535 3258 1216.6 563.9 1576
SSACC R,1510537.0,
ESACC R,1510537.0,1510543 8 1214.9 571.0 1204.2 567.5 0.30 46
SFIX R,1510545.0,
EFIX R,1510545.0,1512861 2318 1230.6 563.4 1589
SSACC R,1512863.0,
SBLINK R,1512903.0,
EBLINK R,1512903.0,1513033 132
ESACC R,1512863.0,1513095 234 1220.7 562.1 1176.8 582.5 1.30 1273
SFIX R,1513097.0,
EFIX R,1513097.0,1513275 180 1181.3 571.1 1565
SSACC R,1513277.0,
ESACC R,1513277.0,1513285 10 1183.2 576.0 1201.3 560.3 0.64 83
SFIX R,1513287.0,
EFIX R,1513287.0,1514779 1494 1214.8 567.4 1612
SSACC R,1514781.0,
ESACC R,1514781.0,1514791 12 1196.8 555.5 1193.1 538.0 0.48 53
SFIX R,1514793.0,
EFIX R,1514793.0,1516073 1282 1205.9 519.2 1894
SSACC R,1516075.0,
SBLINK R,1516115.0,
EBLINK R,1516115.0,1516275 162
ESACC R,1516075.0,1516371 298 1194.7 528.3 1187.7 512.8 0.46 1176
SFIX R,1516373.0,
EFIX R,1516373.0,1523971 7600 1200.0 543.7 1762
SSACC R,1523973.0,
SBLINK R,1524025.0,
EBLINK R,1524025.0,1524211 188
ESACC R,1523973.0,1524285 314 1191.8 525.9 1191.5 499.9 0.70 1151
SFIX R,1524287.0,
EFIX R,1524287.0,1529927 5642 1197.1 566.9 1740
SSACC R,1529929.0,
SBLINK R,1529975.0,
EBLINK R,1529975.0,1530155 182
ESACC R,1529929.0,1530223 296 1195.7 577.0 1167.6 546.1 1.12 698
SFIX R,1530225.0,
EFIX R,1530225.0,1530673 450 1200.8 536.3 1694
SSACC R,1530675.0,
SBLINK R,1530707.0,
EBLINK R,1530707.0,1530853 148
ESACC R,1530675.0,1530925 252 1215.7 535.5 1217.1 606.8 1.92 1386
SFIX R,1530927.0,
EFIX R,1530927.0,1531107 182 1212.4 602.1 1510
SSACC R,1531109.0,
ESACC R,1531109.0,1531131 24 1216.0 606.2 1207.8 550.2 1.52 105
SFIX R,1531133.0,
EFIX R,1531133.0,1531347 216 1218.5 569.3 1522
SSACC R,1531349.0,
ESACC R,1531349.0,1531359 12 1229.7 567.6 1229.9 544.9 0.61 65
SFIX R,1531361.0,
EFIX R,1531361.0,1535573 4214 1215.9 558.0 1730
SSACC R,1535575.0,
SBLINK R,1535609.0,
EBLINK R,1535609.0,1535837 230
ESACC R,1535575.0,1535889 316 1217.5 580.7 1171.7 499.7 2.50 1208
SFIX R,1535891.0,
EFIX R,1535891.0,1536027 138 1178.4 514.9 1555
SSACC R,1536029.0,
ESACC R,1536029.0,1536047 20 1184.5 521.7 1214.3 558.2 1.27 93
SFIX R,1536049.0,
EFIX R,1536049.0,1536611 564 1231.5 580.7 1462
SSACC R,1536613.0,
SBLINK R,1536647.0,
EBLINK R,1536647.0,1536899 254
ESACC R,1536613.0,1537013 402 1246.7 586.8 1222.3 577.6 0.70 918
SFIX R,1537015.0,
EFIX R,1537015.0,1537771 758 1233.6 596.5 1405
SSACC R,1537773.0,
SBLINK R,1537801.0,
EBLINK R,1537801.0,1537947 148
ESACC R,1537773.0,1538061 290 1232.3 602.5 1215.5 572.3 0.93 1194
SFIX R,1538063.0,
EFIX R,1538063.0,1538335 274 1216.6 579.2 1528
SSACC R,1538337.0,
ESACC R,1538337.0,1538351 16 1207.8 578.3 1190.1 563.2 0.62 55
SFIX R,1538353.0,
EFIX R,1538353.0,1540117 1766 1181.8 572.4 1885
SSACC R,1540119.0,
ESACC R,1540119.0,1540129 12 1156.7 558.2 1176.2 551.8 0.55 64
SFIX R,1540131.0,
EFIX R,1540131.0,1542069 1940 1200.1 562.1 1903
SSACC R,1542071.0,
SBLINK R,1542113.0,
EBLINK R,1542113.0,1542279 168
ESACC R,1542071.0,1542367 298 1219.0 557.2 1214.7 556.4 0.12 1047
SFIX R,1542369.0,
EFIX R,1542369.0,1542719 352 1224.1 550.3 1671
SSACC R,1542721.0,
ESACC R,1542721.0,1542729 10 1226.2 563.2 1209.8 556.3 0.48 58
SFIX R,1542731.0,
EFIX R,1542731.0,1542963 234 1217.8 565.9 1513
SSACC R,1542965.0,
ESACC R,1542965.0,1542979 16 1221.7 571.7 1229.5 549.2 0.64 59
SFIX R,1542981.0,
EFIX R,1542981.0,1543281 302 1225.7 555.5 1434
SSACC R,1543283.0,
ESACC R,1543283.0,1543299 18 1226.8 565.7 1226.9 582.5 0.45 48
SFIX R,1543301.0,
EFIX R,1543301.0,1543359 60 1221.8 574.9 1423
SSACC R,1543361.0,
SBLINK R,1543387.0,
EBLINK R,1543387.0,1543581 196
ESACC R,1543361.0,1543663 304 1222.3 572.9 1201.7 582.0 0.60 1382
SFIX R,1543665.0,
EFIX R,1543665.0,1543925 262 1201.7 584.2 1620
SSACC R,1543927.0,
ESACC R,1543927.0,1543939 14 1196.9 567.2 1173.1 547.8 0.83 73
SFIX R,1543941.0,
EFIX R,1543941.0,1545767 1828 1200.8 560.7 1736
SSACC R,1545769.0,
SBLINK R,1545803.0,
EBLINK R,1545803.0,1545969 168
ESACC R,1545769.0,1546047 280 1203.2 564.3 1204.4 584.3 0.54 1447
SFIX R,1546049.0,
EFIX R,1546049.0,1546183 136 1212.2 568.8 1911
SSACC R,1546185.0,
ESACC R,1546185.0,1546217 34 1214.8 571.2 1203.4 546.1 0.74 94
SFIX R,1546219.0,
EFIX R,1546219.0,1546873 656 1215.0 554.9 1801
SSACC R,1546875.0,
ESACC R,1546875.0,1546887 14 1219.2 576.2 1193.6 579.9 0.69 61
SFIX R,1546889.0,
EFIX R,1546889.0,1547129 242 1186.4 585.4 1683
SSACC R,1547131.0,
ESACC R,1547131.0,1547149 20 1180.8 588.8 1215.3 576.1 0.99 66
SFIX R,1547151.0,
EFIX R,1547151.0,1547285 136 1210.4 576.2 1754
SSACC R,1547287.0,
SBLINK R,1547315.0,
EBLINK R,1547315.0,1547433 120
ESACC R,1547287.0,1547521 236 1211.9 570.3 1199.2 546.4 0.73 1382
SFIX R,1547523.0,
EFIX R,1547523.0,1549271 1750 1211.5 541.9 1967
SSACC R,1549273.0,
ESACC R,1549273.0,1549281 10 1205.6 522.2 1220.3 521.0 0.39 52
SFIX R,1549283.0,
EFIX R,1549283.0,1549833 552 1229.0 514.1 2228
SSACC R,1549835.0,
ESACC R,1549835.0,1549845 12 1229.4 510.5 1211.9 502.4 0.52 56
SFIX R,1549847.0,
EFIX R,1549847.0,1550309 464 1211.5 495.7 2289
SSACC R,1550311.0,
SBLINK R,1550351.0,
EBLINK R,1550351.0,1550563 214
ESACC R,1550311.0,1550649 340 1199.4 491.4 1199.9 520.4 0.78 1299
SFIX R,1550651.0,
EFIX R,1550651.0,1550883 234 1208.1 504.8 2282
SSACC R,1550885.0,
ESACC R,1550885.0,1550911 28 1209.9 502.0 1213.1 478.3 0.64 79
SFIX R,1550913.0,
EFIX R,1550913.0,1551651 740 1226.3 490.0 2104
SSACC R,1551653.0,
SBLINK R,1551685.0,
EBLINK R,1551685.0,1551915 232
ESACC R,1551653.0,1552021 370 1227.0 484.8 1176.7 637.8 4.33 1542
SFIX R,1552023.0,
EFIX R,1552023.0,1552047 26 1176.1 625.7 2132
SSACC R,1552049.0,
ESACC R,1552049.0,1552087 40 1175.6 623.1 1204.7 507.7 3.21 292
SFIX R,1552089.0,
EFIX R,1552089.0,1554141 2054 1214.2 511.0 2016
SSACC R,1554143.0,
SBLINK R,1554181.0,
EBLINK R,1554181.0,1554289 110
ESACC R,1554143.0,1554385 244 1201.5 500.5 1199.9 514.8 0.39 1290
SFIX R,1554387.0,
EFIX R,1554387.0,1554509 124 1204.2 514.8 2178
SSACC R,1554511.0,
ESACC R,1554511.0,1554515 6 1208.1 501.3 1208.8 497.2 0.11 43
SFIX R,1554517.0,
EFIX R,1554517.0,1556087 1572 1217.4 479.9 2153
SSACC R,1556089.0,
ESACC R,1556089.0,1556105 18 1214.4 473.4 1227.9 470.7 0.37 47
SFIX R,1556107.0,
EFIX R,1556107.0,1556643 538 1221.2 469.6 2223
SSACC R,1556645.0,
SBLINK R,1556683.0,
EBLINK R,1556683.0,1556805 124
ESACC R,1556645.0,1556903 260 1212.8 470.5 1198.2 457.5 0.52 1412
SFIX R,1556905.0,
EFIX R,1556905.0,1557113 210 1203.2 446.2 2242
SSACC R,1557115.0,
ESACC R,1557115.0,1557137 24 1206.5 443.9 1201.5 466.7 0.63 86
SFIX R,1557139.0,
EFIX R,1557139.0,1557907 770 1206.4 459.3 2158
SSACC R,1557909.0,
SBLINK R,1557947.0,
EBLINK R,1557947.0,1558369 424
ESACC R,1557909.0,1558557 650 1193.0 464.4 1169.3 481.3 0.78 1252
SFIX R,1558559.0,
EFIX R,1558559.0,1558845 288 1182.5 479.2 2073
SSACC R,1558847.0,
ESACC R,1558847.0,1558855 10 1194.8 486.0 1208.6 489.2 0.38 51
SFIX R,1558857.0,
EFIX R,1558857.0,1559381 526 1212.5 515.2 1689
SSACC R,1559383.0,
SBLINK R,1559417.0,
EBLINK R,1559417.0,1559607 192
ESACC R,1559383.0,1559747 366 1212.1 535.1 1187.4 519.0 0.79 1278
SFIX R,1559749.0,
EFIX R,1559749.0,1561523 1776 1190.7 514.4 1848
SSACC R,1561525.0,
ESACC R,1561525.0,1561535 12 1201.7 512.5 1225.5 505.9 0.66 71
SFIX R,1561537.0,
EFIX R,1561537.0,1561787 252 1223.2 508.8 2031
SSACC R,1561789.0,
ESACC R,1561789.0,1561795 8 1222.5 509.2 1213.0 511.0 0.26 44
SFIX R,1561797.0,
EFIX R,1561797.0,1562239 444 1223.8 509.2 2050
SSACC R,1562241.0,
SBLINK R,1562287.0,
EBLINK R,1562287.0,1562445 160
ESACC R,1562241.0,1562555 316 1220.7 514.4 1174.6 535.5 1.36 952
SFIX R,1562557.0,
EFIX R,1562557.0,1562667 112 1186.2 508.7 2103
SSACC R,1562669.0,
ESACC R,1562669.0,1562679 12 1204.7 485.6 1211.8 470.2 0.46 66
SFIX R,1562681.0,
EFIX R,1562681.0,1566719 4040 1218.6 492.6 2023
SSACC R,1566721.0,
ESACC R,1566721.0,1566727 8 1206.1 506.3 1193.5 503.9 0.34 57
SFIX R,1566729.0,
EFIX R,1566729.0,1567977 1250 1202.2 505.5 2201
SSACC R,1567979.0,
SBLINK R,1568021.0,
EBLINK R,1568021.0,1568241 222
ESACC R,1567979.0,1568301 324 1199.7 544.9 1184.7 532.9 0.52 876
SFIX R,1568303.0,
EFIX R,1568303.0,1568981 680 1234.6 522.7 2237
SSACC R,1568983.0,
SBLINK R,1569025.0,
EBLINK R,1569025.0,1569461 438
ESACC R,1568983.0,1569527 546 1264.9 534.0 1175.2 539.7 2.40 954
SFIX R,1569529.0,
EFIX R,1569529.0,1569559 32 1177.7 536.8 2253
SSACC R,1569561.0,
ESACC R,1569561.0,1569567 8 1178.8 537.1 1181.8 528.9 0.24 52
SFIX R,1569569.0,
EFIX R,1569569.0,1569625 58 1182.0 522.2 2292
SSACC R,1569627.0,
ESACC R,1569627.0,1569649 24 1175.7 527.4 1206.7 481.3 1.49 114
SFIX R,1569651.0,
EFIX R,1569651.0,1570565 916 1226.3 502.5 2091
SSACC R,1570567.0,
ESACC R,1570567.0,1570585 20 1216.3 514.7 1188.9 526.3 0.80 80
SFIX R,1570587.0,
EFIX R,1570587.0,1570925 340 1192.6 514.7 2220
SSACC R,1570927.0,
ESACC R,1570927.0,1570933 8 1198.3 513.6 1205.6 499.6 0.42 65
SFIX R,1570935.0,
EFIX R,1570935.0,1571463 530 1212.7 506.7 2251
SSACC R,1571465.0,
ESACC R,1571465.0,1571471 8 1211.7 509.6 1224.7 503.8 0.38 62
SFIX R,1571473.0,
EFIX R,1571473.0,1572987 1516 1202.8 519.9 2247
SSACC R,1572989.0,
SBLINK R,1573025.0,
EBLINK R,1573025.0,1573145 122
ESACC R,1572989.0,1573233 246 1199.6 511.9 1207.9 563.5 1.41 1395
SFIX R,1573235.0,
EFIX R,1573235.0,1573381 148 1220.8 523.2 2308
SSACC R,1573383.0,
ESACC R,1573383.0,1573389 8 1228.0 517.3 1231.6 508.1 0.27 52
SFIX R,1573391.0,
EFIX R,1573391.0,1574581 1192 1223.8 520.7 2085
SSACC R,1574583.0,
ESACC R,1574583.0,1574591 10 1199.4 521.0 1212.7 519.4 0.36 46
SFIX R,1574593.0,
EFIX R,1574593.0,1574859 268 1206.1 517.6 2139
SSACC R,1574861.0,
ESACC R,1574861.0,1574877 18 1200.4 515.6 1166.3 501.5 0.99 88
SFIX R,1574879.0,
EFIX R,1574879.0,1575941 1064 1191.2 488.9 2125
SSACC R,1575943.0,
SBLINK R,1575989.0,
EBLINK R,1575989.0,1576255 268
ESACC R,1575943.0,1576329 388 1195.6 475.4 1149.9 481.3 1.24 994
SFIX R,1576331.0,
EFIX R,1576331.0,1576451 122 1161.3 452.0 2124
SSACC R,1576453.0,
ESACC R,1576453.0,1576483 32 1167.8 443.9 1191.9 447.6 0.65 74
SFIX R,1576485.0,
EFIX R,1576485.0,1576873 390 1198.7 465.6 1992
SSACC R,1576875.0,
SBLINK R,1576915.0,
EBLINK R,1576915.0,1577135 222
ESACC R,1576875.0,1577217 344 1198.0 485.5 1208.4 570.1 2.30 1110
SFIX R,1577219.0,
EFIX R,1577219.0,1577299 82 1209.0 537.6 1738
SSACC R,1577301.0,
ESACC R,1577301.0,1577319 20 1210.5 530.1 1196.1 483.8 1.31 112
SFIX R,1577321.0,
EFIX R,1577321.0,1577639 320 1198.4 486.1 1835
SSACC R,1577641.0,
ESACC R,1577641.0,1577649 10 1194.1 492.0 1190.4 473.6 0.51 65
SFIX R,1577651.0,
EFIX R,1577651.0,1580835 3186 1185.1 479.2 2070
SSACC R,1580837.0,
SBLINK R,1580879.0,
EBLINK R,1580879.0,1581019 142
ESACC R,1580837.0,1581099 264 1185.6 491.2 1171.8 515.9 0.76 1171
SFIX R,1581101.0,
EFIX R,1581101.0,1581645 546 1200.9 482.2 2237
SSACC R,1581647.0,
SBLINK R,1581681.0,
EBLINK R,1581681.0,1581831 152
ESACC R,1581647.0,1581975 330 1209.8 491.8 1193.1 491.8 0.45 1363
SFIX R,1581977.0,
EFIX R,1581977.0,1582139 164 1200.1 480.9 2172
SSACC R,1582141.0,
ESACC R,1582141.0,1582149 10 1202.7 474.6 1224.9 483.9 0.64 74
SFIX R,1582151.0,
EFIX R,1582151.0,1587065 4916 1199.2 478.1 2341
SSACC R,1587067.0,
SBLINK R,1587099.0,
EBLINK R,1587099.0,1587211 114
ESACC R,1587067.0,1587283 218 1187.9 475.8 1200.4 515.1 1.11 1458
SFIX R,1587285.0,
EFIX R,1587285.0,1587669 386 1209.6 463.3 2392
SSACC R,1587671.0,
ESACC R,1587671.0,1587685 16 1206.3 462.0 1178.7 456.0 0.76 73
SFIX R,1587687.0,
EFIX R,1587687.0,1588013 328 1196.2 459.8 2269
SSACC R,1588015.0,
ESACC R,1588015.0,1588021 8 1199.3 464.4 1212.2 461.5 0.35 54
SFIX R,1588023.0,
EFIX R,1588023.0,1593373 5352 1187.8 469.9 2249
SSACC R,1593375.0,
SBLINK R,1593407.0,
EBLINK R,1593407.0,1593577 172
ESACC R,1593375.0,1593673 300 1181.6 477.8 1162.8 472.7 0.52 1554
SFIX R,1593675.0,
EFIX R,1593675.0,1594859 1186 1188.9 486.4 2213
SSACC R,1594861.0,
ESACC R,1594861.0,1594869 10 1179.7 477.4 1195.9 466.7 0.52 63
SFIX R,1594871.0,
EFIX R,1594871.0,1595547 678 1184.1 462.7 2270
SSACC R,1595549.0,
SBLINK R,1595581.0,
EBLINK R,1595581.0,1595761 182
ESACC R,1595549.0,1595875 328 1178.0 457.2 1164.3 502.5 1.28 1507
SFIX R,1595877.0,
EFIX R,1595877.0,1596019 144 1178.0 481.2 2221
SSACC R,1596021.0,
ESACC R,1596021.0,1596031 12 1184.9 468.6 1188.6 451.4 0.47 49
SFIX R,1596033.0,
EFIX R,1596033.0,1599923 3892 1181.7 483.5 2126
SSACC R,1599925.0,
SBLINK R,1599963.0,
EBLINK R,1599963.0,1600117 156
ESACC R,1599925.0,1600237 314 1162.4 479.0 1165.0 492.3 0.37 1405
SFIX R,1600239.0,
EFIX R,1600239.0,1602589 2352 1188.9 491.6 2112
SSACC R,1602591.0,
SBLINK R,1602639.0,
EBLINK R,1602639.0,1602735 98
ESACC R,1602591.0,1602977 388 1170.2 505.5 1169.3 508.0 0.07 991
SFIX R,1602979.0,
EFIX R,1602979.0,1604419 1442 1186.4 495.5 2026
SSACC R,1604421.0,
ESACC R,1604421.0,1604425 6 1180.9 472.2 1188.6 475.5 0.22 51
SFIX R,1604427.0,
EFIX R,1604427.0,1604821 396 1192.1 481.2 2104
SSACC R,1604823.0,
ESACC R,1604823.0,1604833 12 1196.7 488.0 1217.5 479.8 0.60 58
SFIX R,1604835.0,
EFIX R,1604835.0,1605099 266 1224.4 481.8 1983
SSACC R,1605101.0,
ESACC R,1605101.0,1605107 8 1223.8 489.9 1211.7 489.7 0.32 50
SFIX R,1605109.0,
EFIX R,1605109.0,1607939 2832 1211.2 511.1 2056
SSACC R,1607941.0,
SBLINK R,1608015.0,
EBLINK R,1608015.0,1608065 52
ESACC R,1607941.0,1608149 210 1213.1 524.0 1207.3 559.6 0.97 645
SFIX R,1608151.0,
EFIX R,1608151.0,1608239 90 1209.8 535.9 2086
SSACC R,1608241.0,
SBLINK R,1608271.0,
EBLINK R,1608271.0,1608405 136
ESACC R,1608241.0,1608477 238 1208.4 533.5 1192.5 544.8 0.52 1118
SFIX R,1608479.0,
EFIX R,1608479.0,1608889 412 1225.0 529.2 1996
SSACC R,1608891.0,
SBLINK R,1608929.0,
EBLINK R,1608929.0,1609123 196
ESACC R,1608891.0,1609221 332 1232.4 545.2 1222.2 544.5 0.27 1371
SFIX R,1609223.0,
EFIX R,1609223.0,1614019 4798 1222.5 510.6 2064
SSACC R,1614021.0,
SBLINK R,1614057.0,
EBLINK R,1614057.0,1614189 134
ESACC R,1614021.0,1614267 248 1215.7 508.6 1196.0 513.0 0.54 1395
SFIX R,1614269.0,
EFIX R,1614269.0,1614307 40 1200.4 505.9 2293
SSACC R,1614309.0,
ESACC R,1614309.0,1614323 16 1204.3 498.8 1207.5 506.2 0.22 50
SFIX R,1614325.0,
EFIX R,1614325.0,1614587 264 1206.5 502.5 2312
SSACC R,1614589.0,
SBLINK R,1614623.0,
EBLINK R,1614623.0,1614807 186
ESACC R,1614589.0,1614909 322 1205.2 514.8 1207.7 534.0 0.52 1539
SFIX R,1614911.0,
EFIX R,1614911.0,1616487 1578 1213.7 514.3 2207
SSACC R,1616489.0,
ESACC R,1616489.0,1616495 8 1213.3 515.3 1224.4 513.0 0.30 50
SFIX R,1616497.0,
EFIX R,1616497.0,1616665 170 1228.3 510.2 2238
SSACC R,1616667.0,
ESACC R,1616667.0,1616675 10 1224.8 512.4 1210.1 513.8 0.39 55
SFIX R,1616677.0,
EFIX R,1616677.0,1619271 2596 1215.5 502.4 2330
SSACC R,1619273.0,
ESACC R,1619273.0,1619281 10 1228.2 503.6 1245.2 500.8 0.46 55
SFIX R,1619283.0,
EFIX R,1619283.0,1619771 490 1233.0 500.0 2278
SSACC R,1619773.0,
SBLINK R,1619817.0,
EBLINK R,1619817.0,1620017 202
ESACC R,1619773.0,1620095 324 1224.2 511.5 1174.2 551.7 1.72 1031
SFIX R,1620097.0,
EFIX R,1620097.0,1620391 296 1188.8 502.0 2201
SSACC R,1620393.0,
SBLINK R,1620425.0,
EBLINK R,1620425.0,1620569 146
ESACC R,1620393.0,1620629 238 1191.9 512.1 1215.5 571.6 1.72 1342
SFIX R,1620631.0,
EFIX R,1620631.0,1621059 430 1214.2 541.9 1952
SSACC R,1621061.0,
ESACC R,1621061.0,1621065 6 1214.5 550.1 1213.5 538.2 0.32 52
SFIX R,1621067.0,
EFIX R,1621067.0,1622633 1568 1208.9 532.8 2116
SSACC R,1622635.0,
SBLINK R,1622673.0,
EBLINK R,1622673.0,1622759 88
ESACC R,1622635.0,1622841 208 1193.9 528.5 1160.1 581.8 1.70 1223
SFIX R,1622843.0,
EFIX R,1622843.0,1623577 736 1180.6 524.1 2285
SSACC R,1623579.0,
ESACC R,1623579.0,1623593 16 1187.4 515.7 1214.6 503.5 0.80 68
SFIX R,1623595.0,
EFIX R,1623595.0,1625103 1510 1206.5 491.1 2361
SSACC R,1625105.0,
SBLINK R,1625137.0,
EBLINK R,1625137.0,1625321 186
ESACC R,1625105.0,1625415 312 1194.1 494.9 1128.0 579.2 2.89 1273
SFIX R,1625417.0,
EFIX R,1625417.0,1625569 154 1142.1 532.2 2431
SSACC R,1625571.0,
ESACC R,1625571.0,1625593 24 1146.0 519.8 1185.4 465.4 1.81 110
SFIX R,1625595.0,
EFIX R,1625595.0,1627895 2302 1189.1 493.9 2387
SSACC R,1627897.0,
SBLINK R,1627955.0,
EBLINK R,1627955.0,1628229 276
ESACC R,1627897.0,1628349 454 1203.6 483.1 1193.4 547.0 1.74 877
SFIX R,1628351.0,
EFIX R,1628351.0,1628531 182 1199.8 532.3 2271
SSACC R,1628533.0,
ESACC R,1628533.0,1628547 16 1197.4 514.5 1201.1 488.0 0.72 81
SFIX R,1628549.0,
EFIX R,1628549.0,1629267 720 1213.9 529.3 1996
SSACC R,1629269.0,
SBLINK R,1629311.0,
EBLINK R,1629311.0,1629837 528
ESACC R,1629269.0,1629897 630 1202.5 547.0 1187.8 556.0 0.46 952
SFIX R,1629899.0,
EFIX R,1629899.0,1632463 2566 1207.8 542.4 1925
SSACC R,1632465.0,
SBLINK R,1632503.0,
EBLINK R,1632503.0,1632661 160
ESACC R,1632465.0,1632759 296 1203.2 521.8 1200.1 582.0 1.62 1409
SFIX R,1632761.0,
EFIX R,1632761.0,1635877 3118 1218.6 531.6 2200
SSACC R,1635879.0,
SBLINK R,1635913.0,
EBLINK R,1635913.0,1636035 124
ESACC R,1635879.0,1636115 238 1198.6 504.8 1172.2 545.7 1.31 1318
SFIX R,1636117.0,
EFIX R,1636117.0,1638689 2574 1202.4 491.7 2389
SSACC R,1638691.0,
SBLINK R,1638737.0,
EBLINK R,1638737.0,1638903 168
ESACC R,1638691.0,1639049 360 1178.2 497.6 1173.3 563.2 1.77 957
SFIX R,1639051.0,
EFIX R,1639051.0,1640833 1784 1201.7 520.1 2232
SSACC R,1640835.0,
SBLINK R,1640881.0,
EBLINK R,1640881.0,1641061 182
ESACC R,1640835.0,1641151 318 1215.1 517.9 1184.7 544.6 1.09 948
SFIX R,1641153.0,
EFIX R,1641153.0,1643267 2116 1203.7 522.2 2155
SSACC R,1643269.0,
ESACC R,1643269.0,1643277 10 1208.5 497.5 1191.8 500.0 0.45 54
SFIX R,1643279.0,
EFIX R,1643279.0,1644835 1558 1217.5 497.3 2362
SSACC R,1644837.0,
SBLINK R,1644875.0,
EBLINK R,1644875.0,1645071 198
ESACC R,1644837.0,1645147 312 1214.6 505.8 1193.2 567.4 1.76 1351
SFIX R,1645149.0,
EFIX R,1645149.0,1645303 156 1201.4 523.3 2356
SSACC R,1645305.0,
ESACC R,1645305.0,1645341 38 1205.8 501.8 1204.2 488.1 0.37 69
SFIX R,1645343.0,
EFIX R,1645343.0,1648651 3310 1211.5 502.2 2303
SSACC R,1648653.0,
SBLINK R,1648689.0,
EBLINK R,1648689.0,1648899 212
ESACC R,1648653.0,1648979 328 1202.6 491.5 1177.5 550.6 1.73 1379
SFIX R,1648981.0,
EFIX R,1648981.0,1649797 818 1203.8 487.9 2320
SSACC R,1649799.0,
SBLINK R,1649847.0,
EBLINK R,1649847.0,1649995 150
ESACC R,1649799.0,1650089 292 1211.4 519.8 1231.6 527.8 0.58 890
SFIX R,1650091.0,
EFIX R,1650091.0,1653145 3056 1212.3 525.7 2161
SSACC R,1653147.0,
SBLINK R,1653187.0,
EBLINK R,1653187.0,1653377 192
ESACC R,1653147.0,1653475 330 1197.7 499.2 1191.1 539.8 1.11 1227
SFIX R,1653477.0,
EFIX R,1653477.0,1654009 534 1230.2 511.9 2133
SSACC R,1654011.0,
ESACC R,1654011.0,1654021 12 1244.1 547.8 1221.1 540.0 0.65 64
SFIX R,1654023.0,
EFIX R,1654023.0,1655093 1072 1212.7 539.6 1831
SSACC R,1655095.0,
ESACC R,1655095.0,1655101 8 1188.9 532.1 1199.1 535.6 0.29 45
SFIX R,1655103.0,
EFIX R,1655103.0,1656589 1488 1183.8 535.7 2119
SSACC R,1656591.0,
SBLINK R,1656633.0,
EBLINK R,1656633.0,1656799 168
ESACC R,1656591.0,1656929 340 1192.6 523.9 1184.0 551.1 0.77 1136
SFIX R,1656931.0,
EFIX R,1656931.0,1657595 666 1199.5 548.1 2223
SSACC R,1657597.0,
ESACC R,1657597.0,1657607 12 1201.7 563.5 1196.3 546.7 0.48 48
SFIX R,1657609.0,
EFIX R,1657609.0,1658063 456 1201.1 545.2 2136
SSACC R,1658065.0,
SBLINK R,1658099.0,
EBLINK R,1658099.0,1658243 146
ESACC R,1658065.0,1658347 284 1201.6 543.1 1163.1 558.5 1.11 1221
SFIX R,1658349.0,
EFIX R,1658349.0,1658897 550 1195.4 522.5 2290
SSACC R,1658899.0,
ESACC R,1658899.0,1658921 24 1205.7 522.7 1196.8 594.8 1.96 206
SFIX R,1658923.0,
EFIX R,1658923.0,1658951 30 1195.4 587.4 2352
SSACC R,1658953.0,
ESACC R,1658953.0,1658967 16 1191.1 592.1 1192.4 567.5 0.66 81
SFIX R,1658969.0,
EFIX R,1658969.0,1659077 110 1193.1 577.5 2335
SSACC R,1659079.0,
ESACC R,1659079.0,1659157 80 1196.1 569.8 1191.6 576.7 0.22 85
SFIX R,1659159.0,
EFIX R,1659159.0,1659219 62 1195.7 580.6 2307
SSACC R,1659221.0,
ESACC R,1659221.0,1659231 12 1194.1 576.2 1200.9 540.3 0.98 126
SFIX R,1659233.0,
EFIX R,1659233.0,1659285 54 1204.1 534.6 2186
SSACC R,1659287.0,
SBLINK R,1659327.0,
EBLINK R,1659327.0,1659409 84
ESACC R,1659287.0,1659517 232 1201.1 542.5 1195.7 513.3 0.80 1046
SFIX R,1659519.0,
EFIX R,1659519.0,1660081 564 1204.0 514.8 2292
SSACC R,1660083.0,
ESACC R,1660083.0,1660107 26 1211.2 508.7 1116.3 497.4 2.57 157
SFIX R,1660109.0,
EFIX R,1660109.0,1660277 170 1101.0 503.9 2294
SSACC R,1660279.0,
ESACC R,1660279.0,1660305 28 1098.7 507.9 1187.6 503.6 2.40 151
SFIX R,1660307.0,
EFIX R,1660307.0,1660467 162 1177.3 511.3 2296
SSACC R,1660469.0,
ESACC R,1660469.0,1660479 12 1182.3 513.3 1203.3 514.1 0.56 59
SFIX R,1660481.0,
EFIX R,1660481.0,1660973 494 1207.0 509.1 2321
SSACC R,1660975.0,
SBLINK R,1661013.0,
EBLINK R,1661013.0,1661159 148
ESACC R,1660975.0,1661259 286 1200.4 520.0 1192.8 517.9 0.21 1302
SFIX R,1661261.0,
EFIX R,1661261.0,1661545 286 1208.3 505.9 2408
SSACC R,1661547.0,
ESACC R,1661547.0,1661555 10 1213.7 497.3 1219.7 481.4 0.46 55
SFIX R,1661557.0,
EFIX R,1661557.0,1662835 1280 1220.5 493.8 2265
SSACC R,1662837.0,
ESACC R,1662837.0,1662845 10 1202.3 504.4 1223.7 515.6 0.65 79
SFIX R,1662847.0,
EFIX R,1662847.0,1663191 346 1217.2 511.0 2330
SSACC R,1663193.0,
ESACC R,1663193.0,1663203 12 1203.6 502.4 1184.5 508.5 0.54 59
SFIX R,1663205.0,
EFIX R,1663205.0,1663729 526 1190.6 497.2 2252
SSACC R,1663731.0,
SBLINK R,1663779.0,
EBLINK R,1663779.0,1663903 126
ESACC R,1663731.0,1664013 284 1189.8 505.1 1163.2 519.8 0.82 818
SFIX R,1664015.0,
EFIX R,1664015.0,1664149 136 1171.2 513.3 2142
SSACC R,1664151.0,
ESACC R,1664151.0,1664159 10 1176.3 509.3 1192.1 498.1 0.52 62
SFIX R,1664161.0,
EFIX R,1664161.0,1665415 1256 1196.4 533.6 1854
SSACC R,1665417.0,
ESACC R,1665417.0,1665425 10 1181.6 532.0 1196.0 528.3 0.40 51
SFIX R,1665427.0,
EFIX R,1665427.0,1666679 1254 1189.4 491.5 2059
SSACC R,1666681.0,
SBLINK R,1666725.0,
EBLINK R,1666725.0,1666869 146
ESACC R,1666681.0,1666967 288 1182.4 471.6 1164.2 521.3 1.43 1367
SFIX R,1666969.0,
EFIX R,1666969.0,1668479 1512 1193.4 513.8 1958
SSACC R,1668481.0,
SBLINK R,1668517.0,
EBLINK R,1668517.0,1668697 182
ESACC R,1668481.0,1668793 314 1180.8 498.5 1165.9 519.0 0.68 1415
SFIX R,1668795.0,
EFIX R,1668795.0,1668985 192 1178.6 488.6 2106
SSACC R,1668987.0,
ESACC R,1668987.0,1668993 8 1184.1 476.3 1175.7 469.9 0.28 50
SFIX R,1668995.0,
EFIX R,1668995.0,1669865 872 1202.0 477.8 2054
SSACC R,1669867.0,
ESACC R,1669867.0,1669875 10 1216.3 486.2 1230.7 486.9 0.38 50
SFIX R,1669877.0,
EFIX R,1669877.0,1670145 270 1224.7 486.2 2064
SSACC R,1670147.0,
ESACC R,1670147.0,1670163 18 1215.6 489.6 1186.5 491.5 0.78 67
SFIX R,1670165.0,
EFIX R,1670165.0,1670543 380 1198.2 498.4 2093
SSACC R,1670545.0,
ESACC R,1670545.0,1670557 14 1199.7 505.9 1222.0 500.8 0.61 54
SFIX R,1670559.0,
EFIX R,1670559.0,1671517 960 1208.3 499.7 2081
SSACC R,1671519.0,
SBLINK R,1671589.0,
EBLINK R,1671589.0,1671779 192
ESACC R,1671519.0,1671861 344 1194.9 504.4 1174.0 462.3 1.27 617
SFIX R,1671863.0,
EFIX R,1671863.0,1672059 198 1181.8 454.0 1979
SSACC R,1672061.0,
ESACC R,1672061.0,1672079 20 1182.9 455.5 1197.0 489.6 0.99 96
SFIX R,1672081.0,
EFIX R,1672081.0,1672631 552 1187.7 503.6 1919
SSACC R,1672633.0,
ESACC R,1672633.0,1672639 8 1183.3 519.5 1170.1 518.8 0.35 55
SFIX R,1672641.0,
EFIX R,1672641.0,1672937 298 1166.8 519.6 1826
SSACC R,1672939.0,
ESACC R,1672939.0,1672951 14 1167.1 514.5 1184.7 511.0 0.48 59
SFIX R,1672953.0,
EFIX R,1672953.0,1676283 3332 1175.5 506.4 2055
SSACC R,1676285.0,
SBLINK R,1676323.0,
EBLINK R,1676323.0,1676513 192
ESACC R,1676285.0,1676603 320 1188.3 492.5 1165.6 515.4 0.87 1279
SFIX R,1676605.0,
EFIX R,1676605.0,1676727 124 1174.3 483.4 2155
SSACC R,1676729.0,
ESACC R,1676729.0,1676741 14 1175.7 467.6 1161.3 455.9 0.50 54
SFIX R,1676743.0,
EFIX R,1676743.0,1678529 1788 1183.5 476.4 2039
SSACC R,1678531.0,
ESACC R,1678531.0,1678539 10 1185.8 456.0 1196.7 449.4 0.34 47
SFIX R,1678541.0,
EFIX R,1678541.0,1678821 282 1194.2 450.3 2187
SSACC R,1678823.0,
ESACC R,1678823.0,1678835 14 1185.0 455.4 1162.1 462.6 0.64 63
SFIX R,1678837.0,
EFIX R,1678837.0,1679143 308 1161.4 466.6 2200
SSACC R,1679145.0,
ESACC R,1679145.0,1679157 14 1165.8 474.7 1179.5 455.6 0.63 51
SFIX R,1679159.0,
EFIX R,1679159.0,1679463 306 1182.4 463.6 2183
SSACC R,1679465.0,
SBLINK R,1679509.0,
EBLINK R,1679509.0,1679699 192
ESACC R,1679465.0,1679793 330 1181.1 462.7 1138.9 499.8 1.51 1228
SFIX R,1679795.0,
EFIX R,1679795.0,1680013 220 1163.0 451.9 2198
SSACC R,1680015.0,
SBLINK R,1680051.0,
EBLINK R,1680051.0,1680277 228
ESACC R,1680015.0,1680371 358 1167.1 447.4 1178.4 482.8 1.00 1375
SFIX R,1680373.0,
EFIX R,1680373.0,1681677 1306 1204.3 519.1 1792
SSACC R,1681679.0,
ESACC R,1681679.0,1681693 16 1188.4 520.1 1173.1 518.8 0.41 50
SFIX R,1681695.0,
EFIX R,1681695.0,1681917 224 1176.4 512.5 1940
SSACC R,1681919.0,
ESACC R,1681919.0,1681931 14 1178.6 513.3 1200.2 502.2 0.65 57
SFIX R,1681933.0,
EFIX R,1681933.0,1684725 2794 1190.7 509.0 2086
SSACC R,1684727.0,
SBLINK R,1684793.0,
EBLINK R,1684793.0,1684973 182
ESACC R,1684727.0,1685063 338 1187.2 513.0 1182.4 491.5 0.59 702
SFIX R,1685065.0,
EFIX R,1685065.0,1685707 644 1202.1 485.4 2263
SSACC R,1685709.0,
ESACC R,1685709.0,1685725 18 1213.8 522.8 1237.7 546.3 0.90 73
SFIX R,1685727.0,
EFIX R,1685727.0,1685965 240 1230.5 544.6 1981
SSACC R,1685967.0,
ESACC R,1685967.0,1685973 8 1223.6 550.1 1212.4 544.4 0.34 50
SFIX R,1685975.0,
EFIX R,1685975.0,1686313 340 1212.6 538.6 2001
SSACC R,1686315.0,
ESACC R,1686315.0,1686319 6 1204.8 536.2 1207.3 522.4 0.38 49
SFIX R,1686321.0,
EFIX R,1686321.0,1687045 726 1209.8 524.1 2114
SSACC R,1687047.0,
ESACC R,1687047.0,1687055 10 1221.9 522.9 1239.1 522.1 0.46 54
SFIX R,1687057.0,
EFIX R,1687057.0,1687421 366 1237.3 519.3 2176
SSACC R,1687423.0,
SBLINK R,1687493.0,
EBLINK R,1687493.0,1687609 118
ESACC R,1687423.0,1687727 306 1224.7 537.5 1211.7 517.7 0.64 666
SFIX R,1687729.0,
EFIX R,1687729.0,1691133 3406 1213.0 510.2 2196
SSACC R,1691135.0,
SBLINK R,1691181.0,
EBLINK R,1691181.0,1691323 144
ESACC R,1691135.0,1691435 302 1197.7 506.2 1185.2 515.3 0.42 1074
SFIX R,1691437.0,
EFIX R,1691437.0,1691481 46 1188.5 498.6 2316
SSACC R,1691483.0,
ESACC R,1691483.0,1691489 8 1195.8 477.8 1195.6 498.5 0.56 79
SFIX R,1691491.0,
EFIX R,1691491.0,1694515 3026 1210.8 527.9 2072
SSACC R,1694517.0,
ESACC R,1694517.0,1694525 10 1191.9 532.6 1210.6 529.4 0.51 63
SFIX R,1694527.0,
EFIX R,1694527.0,1694799 274 1214.7 522.8 2189
SSACC R,1694801.0,
ESACC R,1694801.0,1694807 8 1213.3 519.4 1202.3 510.3 0.38 58
SFIX R,1694809.0,
EFIX R,1694809.0,1695715 908 1212.3 516.0 2124
SSACC R,1695717.0,
SBLINK R,1695771.0,
EBLINK R,1695771.0,1695943 174
ESACC R,1695717.0,1696029 314 1204.4 541.0 1205.1 570.6 0.80 938
SFIX R,1696031.0,
EFIX R,1696031.0,1696527 498 1244.6 534.9 2109
SSACC R,1696529.0,
ESACC R,1696529.0,1696535 8 1255.8 553.7 1239.2 560.3 0.48 73
SFIX R,1696537.0,
EFIX R,1696537.0,1696933 398 1230.0 581.2 1872
SSACC R,1696935.0,
ESACC R,1696935.0,1696943 10 1226.5 585.0 1242.8 571.1 0.57 70
SFIX R,1696945.0,
EFIX R,1696945.0,1698421 1478 1220.1 559.9 1943
SSACC R,1698423.0,
SBLINK R,1698469.0,
EBLINK R,1698469.0,1698623 156
ESACC R,1698423.0,1698761 340 1181.8 548.5 1156.3 543.5 0.70 1093
SFIX R,1698763.0,
EFIX R,1698763.0,1698977 216 1178.7 528.3 2086
SSACC R,1698979.0,
SBLINK R,1699017.0,
EBLINK R,1699017.0,1699203 188
ESACC R,1698979.0,1699291 314 1190.8 543.3 1210.0 545.8 0.52 1057
SFIX R,1699293.0,
EFIX R,1699293.0,1700141 850 1229.3 551.0 1665
SSACC R,1700143.0,
ESACC R,1700143.0,1700155 14 1236.2 558.6 1238.9 583.4 0.67 54
SFIX R,1700157.0,
EFIX R,1700157.0,1701011 856 1217.4 584.7 1812
SSACC R,1701013.0,
ESACC R,1701013.0,1701019 8 1206.9 579.4 1207.6 568.8 0.29 47
SFIX R,1701021.0,
EFIX R,1701021.0,1702351 1332 1217.9 559.5 2045
SSACC R,1702353.0,
ESACC R,1702353.0,1702357 6 1206.3 559.0 1200.4 555.0 0.19 46
SFIX R,1702359.0,
EFIX R,1702359.0,1704741 2384 1214.2 550.4 2014
SSACC R,1704743.0,
SBLINK R,1704805.0,
EBLINK R,1704805.0,1704957 154
ESACC R,1704743.0,1705093 352 1193.3 535.5 1161.2 518.7 0.97 881
SFIX R,1705095.0,
EFIX R,1705095.0,1705433 340 1187.5 515.9 2102
SSACC R,1705435.0,
SBLINK R,1705469.0,
EBLINK R,1705469.0,1705611 144
ESACC R,1705435.0,1705717 284 1203.5 550.6 1223.8 565.8 0.68 1176
SFIX R,1705719.0,
EFIX R,1705719.0,1705935 218 1229.6 554.7 1908
SSACC R,1705937.0,
ESACC R,1705937.0,1705943 8 1230.3 547.7 1236.3 533.9 0.40 52
SFIX R,1705945.0,
EFIX R,1705945.0,1706627 684 1240.9 538.0 1904
SSACC R,1706629.0,
ESACC R,1706629.0,1706633 6 1232.6 541.9 1223.5 540.2 0.25 48
SFIX R,1706635.0,
EFIX R,1706635.0,1706981 348 1226.1 541.9 1862
SSACC R,1706983.0,
ESACC R,1706983.0,1706993 12 1225.0 542.4 1240.7 541.4 0.42 54
SFIX R,1706995.0,
EFIX R,1706995.0,1709187 2194 1197.1 535.0 2057
SSACC R,1709189.0,
SBLINK R,1709241.0,
EBLINK R,1709241.0,1709475 236
ESACC R,1709189.0,1709731 544 1167.2 563.5 1185.5 536.7 0.87 1121
SFIX R,1709733.0,
EFIX R,1709733.0,1709903 172 1191.2 557.0 1914
SSACC R,1709905.0,
ESACC R,1709905.0,1709911 8 1193.4 567.4 1197.9 550.2 0.48 64
SFIX R,1709913.0,
EFIX R,1709913.0,1712813 2902 1199.9 557.2 1826
SSACC R,1712815.0,
SBLINK R,1712857.0,
EBLINK R,1712857.0,1713015 160
ESACC R,1712815.0,1713129 316 1169.8 547.6 1174.7 583.5 0.98 1013
SFIX R,1713131.0,
EFIX R,1713131.0,1713307 178 1192.8 530.8 2126
SSACC R,1713309.0,
SBLINK R,1713347.0,
EBLINK R,1713347.0,1713495 150
ESACC R,1713309.0,1713595 288 1197.2 542.5 1184.1 521.7 0.66 1121
SFIX R,1713597.0,
EFIX R,1713597.0,1713945 350 1201.6 542.6 1918
SSACC R,1713947.0,
SBLINK R,1713987.0,
EBLINK R,1713987.0,1714329 344
ESACC R,1713947.0,1714375 430 1209.0 565.1 1292.7 547.7 2.27 1148
SFIX R,1714377.0,
EFIX R,1714377.0,1714499 124 1288.2 528.1 1563
SSACC R,1714501.0,
ESACC R,1714501.0,1714523 24 1274.7 517.5 1227.9 557.2 1.64 128
SFIX R,1714525.0,
EFIX R,1714525.0,1714897 374 1233.7 554.4 1634
SSACC R,1714899.0,
ESACC R,1714899.0,1714917 20 1240.0 570.5 1207.5 558.0 0.93 78
SFIX R,1714919.0,
EFIX R,1714919.0,1717131 2214 1201.7 534.1 1972
SSACC R,1717133.0,
SBLINK R,1717185.0,
EBLINK R,1717185.0,1717285 102
ESACC R,1717133.0,1717371 240 1170.9 541.2 1149.8 526.2 0.70 1093
SFIX R,1717373.0,
EFIX R,1717373.0,1717911 540 1172.8 525.5 2252
SSACC R,1717913.0,
ESACC R,1717913.0,1717925 14 1180.6 552.2 1184.4 531.5 0.57 50
SFIX R,1717927.0,
EFIX R,1717927.0,1719453 1528 1200.9 500.5 2312
SSACC R,1719455.0,
ESACC R,1719455.0,1719469 16 1202.0 502.4 1166.0 504.0 0.97 88
SFIX R,1719471.0,
EFIX R,1719471.0,1719653 184 1175.9 497.9 2417
SSACC R,1719655.0,
ESACC R,1719655.0,1719667 14 1162.7 510.0 1190.8 513.5 0.76 67
SFIX R,1719669.0,
EFIX R,1719669.0,1719839 172 1183.6 505.3 2442
SSACC R,1719841.0,
SBLINK R,1719891.0,
EBLINK R,1719891.0,1720233 344
ESACC R,1719841.0,1720293 454 1172.8 516.9 1156.6 517.7 0.44 766
SFIX R,1720295.0,
EFIX R,1720295.0,1720981 688 1194.0 530.4 2197
SSACC R,1720983.0,
SBLINK R,1721015.0,
EBLINK R,1721015.0,1721451 438
ESACC R,1720983.0,1721515 534 1210.7 573.6 1999.6 658.6 19.07 1030
SFIX R,1721517.0,
EFIX R,1721517.0,1721545 30 1996.1 654.9 2190
SSACC R,1721547.0,
ESACC R,1721547.0,1721615 70 1994.4 653.2 1291.9 489.1 17.32 520
SFIX R,1721617.0,
EFIX R,1721617.0,1721739 124 1277.0 501.8 2357
SSACC R,1721741.0,
ESACC R,1721741.0,1721781 42 1267.9 514.0 1208.9 515.8 1.57 164
SFIX R,1721783.0,
EFIX R,1721783.0,1723933 2152 1208.3 510.2 2023
SSACC R,1723935.0,
SBLINK R,1723989.0,
EBLINK R,1723989.0,1724203 216
ESACC R,1723935.0,1724309 376 1184.1 520.1 1170.8 539.2 0.63 1057
SFIX R,1724311.0,
EFIX R,1724311.0,1724539 230 1188.9 511.8 2139
SSACC R,1724541.0,
ESACC R,1724541.0,1724553 14 1198.9 500.9 1182.6 483.9 0.63 65
SFIX R,1724555.0,
EFIX R,1724555.0,1725413 860 1209.8 518.6 2036
SSACC R,1725415.0,
ESACC R,1725415.0,1725421 8 1213.0 540.7 1207.5 529.0 0.35 52
SFIX R,1725423.0,
EFIX R,1725423.0,1727249 1828 1209.4 509.8 2243
SSACC R,1727251.0,
ESACC R,1727251.0,1727267 18 1207.2 512.0 1176.2 496.9 0.92 79
SFIX R,1727269.0,
EFIX R,1727269.0,1727521 254 1194.1 509.9 2221
SSACC R,1727523.0,
ESACC R,1727523.0,1727531 10 1204.7 511.9 1220.3 507.1 0.44 54
SFIX R,1727533.0,
EFIX R,1727533.0,1729557 2026 1211.3 481.5 2356
SSACC R,1729559.0,
ESACC R,1729559.0,1729565 8 1208.9 482.0 1198.1 473.7 0.37 58
SFIX R,1729567.0,
EFIX R,1729567.0,1731085 1520 1198.3 466.2 2327
SSACC R,1731087.0,
SBLINK R,1731145.0,
EBLINK R,1731145.0,1731323 180
ESACC R,1731087.0,1731435 350 1185.8 467.0 1160.1 496.7 1.06 1237
SFIX R,1731437.0,
EFIX R,1731437.0,1732805 1370 1186.5 497.6 2056
SSACC R,1732807.0,
ESACC R,1732807.0,1732817 12 1174.6 502.6 1155.7 506.7 0.52 54
SFIX R,1732819.0,
EFIX R,1732819.0,1735567 2750 1180.9 484.5 2161
SSACC R,1735569.0,
SBLINK R,1735625.0,
EBLINK R,1735625.0,1735803 180
ESACC R,1735569.0,1735905 338 1189.7 468.2 1166.2 504.9 1.17 882
SFIX R,1735907.0,
EFIX R,1735907.0,1738579 2674 1188.2 494.4 2156
SSACC R,1738581.0,
ESACC R,1738581.0,1738587 8 1172.1 482.9 1172.0 467.5 0.42 58
SFIX R,1738589.0,
EFIX R,1738589.0,1739105 518 1181.8 460.5 2293
SSACC R,1739107.0,
ESACC R,1739107.0,1739115 10 1197.7 477.1 1209.1 491.8 0.50 76
SFIX R,1739117.0,
EFIX R,1739117.0,1739439 324 1206.8 502.6 2325
SSACC R,1739441.0,
ESACC R,1739441.0,1739449 10 1195.9 492.1 1182.4 496.5 0.38 50
SFIX R,1739451.0,
EFIX R,1739451.0,1739785 336 1184.4 490.8 2333
SSACC R,1739787.0,
ESACC R,1739787.0,1739791 6 1184.9 486.5 1191.5 482.4 0.21 57
SFIX R,1739793.0,
EFIX R,1739793.0,1740665 874 1199.0 482.6 2330
SSACC R,1740667.0,
SBLINK R,1740729.0,
EBLINK R,1740729.0,1740869 142
ESACC R,1740667.0,1741085 420 1193.1 508.4 1187.0 489.9 0.52 780
SFIX R,1741087.0,
EFIX R,1741087.0,1741187 102 1191.2 483.9 2295
SSACC R,1741189.0,
ESACC R,1741189.0,1741213 26 1188.5 472.4 1193.5 499.4 0.74 112
SFIX R,1741215.0,
EFIX R,1741215.0,1741421 208 1190.4 490.6 2362
SSACC R,1741423.0,
ESACC R,1741423.0,1741485 64 1201.2 510.1 1199.6 561.0 1.37 66
SFIX R,1741487.0,
EFIX R,1741487.0,1741507 22 1200.1 554.6 2241
SSACC R,1741509.0,
SBLINK R,1741543.0,
EBLINK R,1741543.0,1741745 204
ESACC R,1741509.0,1741833 326 1199.4 561.6 1201.1 561.8 0.05 1528
SFIX R,1741835.0,
EFIX R,1741835.0,1742459 626 1225.6 535.5 1897
SSACC R,1742461.0,
SBLINK R,1742501.0,
EBLINK R,1742501.0,1743035 536
ESACC R,1742461.0,1743119 660 1231.9 537.4 1171.8 529.4 1.62 1283
SFIX R,1743121.0,
EFIX R,1743121.0,1743747 628 1191.3 505.9 2135
SSACC R,1743749.0,
ESACC R,1743749.0,1743763 16 1209.4 511.4 1236.2 501.8 0.76 76
SFIX R,1743765.0,
EFIX R,1743765.0,1744117 354 1216.3 498.4 2119
SSACC R,1744119.0,
SBLINK R,1744157.0,
EBLINK R,1744157.0,1744517 362
ESACC R,1744119.0,1744663 546 1184.9 526.0 1161.0 444.8 2.28 1032
SFIX R,1744665.0,
EFIX R,1744665.0,1746131 1468 1178.4 462.5 2228
SSACC R,1746133.0,
ESACC R,1746133.0,1746143 12 1171.6 466.2 1190.6 461.5 0.52 58
SFIX R,1746145.0,
EFIX R,1746145.0,1746949 806 1186.6 471.0 2048
SSACC R,1746951.0,
SBLINK R,1746995.0,
EBLINK R,1746995.0,1747175 182
ESACC R,1746951.0,1747239 290 1172.7 478.2 1143.2 496.7 0.94 958
SFIX R,1747241.0,
EFIX R,1747241.0,1747653 414 1159.1 481.4 2083
SSACC R,1747655.0,
ESACC R,1747655.0,1747661 8 1185.8 510.6 1196.6 510.0 0.29 51
SFIX R,1747663.0,
EFIX R,1747663.0,1748561 900 1206.4 513.2 1917
SSACC R,1748563.0,
ESACC R,1748563.0,1748569 8 1193.5 506.7 1181.1 510.1 0.34 52
SFIX R,1748571.0,
EFIX R,1748571.0,1748943 374 1174.3 511.6 2056
SSACC R,1748945.0,
ESACC R,1748945.0,1748951 8 1173.1 509.4 1185.4 504.3 0.36 53
SFIX R,1748953.0,
EFIX R,1748953.0,1749733 782 1199.8 505.1 2121
SSACC R,1749735.0,
ESACC R,1749735.0,1749741 8 1192.4 507.5 1184.1 501.0 0.28 46
SFIX R,1749743.0,
EFIX R,1749743.0,1750945 1204 1189.4 489.4 2192
SSACC R,1750947.0,
SBLINK R,1750995.0,
EBLINK R,1750995.0,1751193 200
ESACC R,1750947.0,1751281 336 1198.8 485.0 1181.4 494.0 0.53 1127
SFIX R,1751283.0,
EFIX R,1751283.0,1751533 252 1203.9 475.6 2146
SSACC R,1751535.0,
ESACC R,1751535.0,1751541 8 1211.6 483.9 1199.2 483.0 0.33 47
SFIX R,1751543.0,
EFIX R,1751543.0,1751985 444 1206.0 501.3 2048
SSACC R,1751987.0,
SBLINK R,1752029.0,
EBLINK R,1752029.0,1752181 154
ESACC R,1751987.0,1752303 318 1203.8 508.6 1176.5 509.4 0.73 1225
SFIX R,1752305.0,
EFIX R,1752305.0,1752497 194 1186.1 502.8 2037
SSACC R,1752499.0,
ESACC R,1752499.0,1752507 10 1183.2 498.4 1180.2 485.0 0.37 47
SFIX R,1752509.0,
EFIX R,1752509.0,1753063 556 1181.8 505.4 2065
SSACC R,1753065.0,
ESACC R,1753065.0,1753075 12 1190.5 510.0 1217.1 511.6 0.71 74
SFIX R,1753077.0,
EFIX R,1753077.0,1753323 248 1220.3 500.4 2018
SSACC R,1753325.0,
ESACC R,1753325.0,1753333 10 1217.6 493.3 1199.0 493.5 0.50 60
SFIX R,1753335.0,
EFIX R,1753335.0,1754359 1026 1189.3 498.3 2148
SSACC R,1754361.0,
SBLINK R,1754397.0,
EBLINK R,1754397.0,1754539 144
ESACC R,1754361.0,1754649 290 1187.7 488.0 1177.8 513.9 0.75 1246
SFIX R,1754651.0,
EFIX R,1754651.0,1755055 406 1198.9 487.0 2227
SSACC R,1755057.0,
ESACC R,1755057.0,1755069 14 1205.4 499.9 1180.7 500.0 0.66 61
SFIX R,1755071.0,
EFIX R,1755071.0,1755249 180 1182.2 504.7 2107
SSACC R,1755251.0,
SBLINK R,1755293.0,
EBLINK R,1755293.0,1755533 242
ESACC R,1755251.0,1755657 408 1179.1 497.3 1185.7 502.9 0.23 988
SFIX R,1755659.0,
EFIX R,1755659.0,1755891 234 1195.9 494.5 2036
SSACC R,1755893.0,
SBLINK R,1755925.0,
EBLINK R,1755925.0,1756139 216
ESACC R,1755893.0,1756289 398 1194.5 498.3 1182.9 519.9 0.66 1217
SFIX R,1756291.0,
EFIX R,1756291.0,1759419 3130 1183.5 492.5 2147
SSACC R,1759421.0,
SBLINK R,1759469.0,
EBLINK R,1759469.0,1759647 180
ESACC R,1759421.0,1759833 414 1174.4 481.6 1165.4 475.8 0.29 1134
SFIX R,1759835.0,
EFIX R,1759835.0,1760847 1014 1176.1 480.0 2095
SSACC R,1760849.0,
SBLINK R,1760885.0,
EBLINK R,1760885.0,1761013 130
ESACC R,1760849.0,1761153 306 1178.5 511.7 1166.1 533.2 0.67 1282
SFIX R,1761155.0,
EFIX R,1761155.0,1761217 64 1170.8 505.2 2141
SSACC R,1761219.0,
ESACC R,1761219.0,1761235 18 1172.5 503.2 1174.1 502.4 0.05 40
SFIX R,1761237.0,
EFIX R,1761237.0,1763579 2344 1203.0 498.3 2201
SSACC R,1763581.0,
ESACC R,1763581.0,1763587 8 1202.8 504.6 1209.9 491.1 0.41 62
SFIX R,1763589.0,
EFIX R,1763589.0,1763677 90 1206.0 488.5 2326
SSACC R,1763679.0,
SBLINK R,1763719.0,
EBLINK R,1763719.0,1763859 142
ESACC R,1763679.0,1764003 326 1202.8 484.0 1170.3 497.3 0.94 1218
SFIX R,1764005.0,
EFIX R,1764005.0,1764197 194 1182.5 454.8 2411
SSACC R,1764199.0,
ESACC R,1764199.0,1764209 12 1188.7 443.3 1198.3 467.5 0.70 62
SFIX R,1764211.0,
EFIX R,1764211.0,1765013 804 1214.4 480.9 2233
SSACC R,1765015.0,
ESACC R,1765015.0,1765021 8 1219.4 486.2 1211.4 478.3 0.30 44
SFIX R,1765023.0,
EFIX R,1765023.0,1765977 956 1199.3 470.1 2203
SSACC R,1765979.0,
ESACC R,1765979.0,1765985 8 1201.2 459.1 1210.9 457.6 0.26 44
SFIX R,1765987.0,
EFIX R,1765987.0,1766881 896 1206.0 470.8 2220
SSACC R,1766883.0,
SBLINK R,1766919.0,
EBLINK R,1766919.0,1767153 236
ESACC R,1766883.0,1767231 350 1195.0 496.1 1155.8 523.2 1.28 964
SFIX R,1767233.0,
EFIX R,1767233.0,1767639 408 1177.4 485.1 2337
SSACC R,1767641.0,
ESACC R,1767641.0,1767653 14 1199.8 506.9 1225.5 504.9 0.69 67
SFIX R,1767655.0,
EFIX R,1767655.0,1768017 364 1225.4 523.0 2148
SSACC R,1768019.0,
ESACC R,1768019.0,1768023 6 1226.4 528.5 1217.3 526.2 0.25 53
SFIX R,1768025.0,
EFIX R,1768025.0,1769247 1224 1209.2 514.3 2196
SSACC R,1769249.0,
ESACC R,1769249.0,1769255 8 1205.3 511.8 1217.7 508.3 0.34 51
SFIX R,1769257.0,
EFIX R,1769257.0,1769629 374 1212.6 507.3 2251
SSACC R,1769631.0,
ESACC R,1769631.0,1769641 12 1197.1 512.5 1173.7 505.6 0.66 68
SFIX R,1769643.0,
EFIX R,1769643.0,1771087 1446 1193.9 514.9 2281
SSACC R,1771089.0,
ESACC R,1771089.0,1771095 8 1209.0 510.1 1222.7 506.1 0.38 58
SFIX R,1771097.0,
EFIX R,1771097.0,1772827 1732 1213.0 495.8 2311
SSACC R,1772829.0,
SBLINK R,1772875.0,
EBLINK R,1772875.0,1773053 180
ESACC R,1772829.0,1773201 374 1197.9 499.5 1150.6 516.6 1.35 814
SFIX R,1773203.0,
EFIX R,1773203.0,1773975 774 1171.2 507.2 2297
SSACC R,1773977.0,
ESACC R,1773977.0,1773981 6 1192.6 528.1 1195.2 516.4 0.32 52
SFIX R,1773983.0,
EFIX R,1773983.0,1777893 3912 1190.0 500.2 2359
SSACC R,1777895.0,
SBLINK R,1777941.0,
EBLINK R,1777941.0,1778145 206
ESACC R,1777895.0,1778267 374 1191.8 545.6 1194.1 542.0 0.11 1229
SFIX R,1778269.0,
EFIX R,1778269.0,1781229 2962 1200.9 522.9 2046
SSACC R,1781231.0,
SBLINK R,1781273.0,
EBLINK R,1781273.0,1781473 202
ESACC R,1781231.0,1781559 330 1199.3 480.9 1155.5 529.4 1.76 963
SFIX R,1781561.0,
EFIX R,1781561.0,1784661 3102 1188.2 515.9 2057
SSACC R,1784663.0,
SBLINK R,1784703.0,
EBLINK R,1784703.0,1784841 140
ESACC R,1784663.0,1784939 278 1174.1 511.5 1156.1 528.7 0.67 1335
SFIX R,1784941.0,
EFIX R,1784941.0,1785967 1028 1185.1 523.7 2017
SSACC R,1785969.0,
ESACC R,1785969.0,1785975 8 1196.1 543.9 1208.9 543.6 0.34 53
SFIX R,1785977.0,
EFIX R,1785977.0,1786615 640 1214.6 517.8 2093
SSACC R,1786617.0,
ESACC R,1786617.0,1786627 12 1214.4 503.1 1198.9 511.1 0.47 50
SFIX R,1786629.0,
EFIX R,1786629.0,1789103 2476 1198.4 504.7 2198
SSACC R,1789105.0,
SBLINK R,1789137.0,
EBLINK R,1789137.0,1789311 176
ESACC R,1789105.0,1789393 290 1194.0 505.6 1143.3 558.3 1.97 1395
SFIX R,1789395.0,
EFIX R,1789395.0,1789553 160 1162.0 500.9 2184
SSACC R,1789555.0,
ESACC R,1789555.0,1789567 14 1169.6 501.3 1198.6 505.7 0.79 74
SFIX R,1789569.0,
EFIX R,1789569.0,1789661 94 1203.6 512.8 2127
SSACC R,1789663.0,
SBLINK R,1789697.0,
EBLINK R,1789697.0,1789929 234
ESACC R,1789663.0,1790007 346 1201.3 525.7 1245.8 500.5 1.37 1188
SFIX R,1790009.0,
EFIX R,1790009.0,1790095 88 1242.2 505.1 1776
SSACC R,1790097.0,
ESACC R,1790097.0,1790113 18 1234.6 509.4 1206.0 533.1 1.00 79
SFIX R,1790115.0,
EFIX R,1790115.0,1790865 752 1216.8 553.2 1680
SSACC R,1790867.0,
ESACC R,1790867.0,1790871 6 1214.5 556.8 1206.8 562.3 0.25 51
SFIX R,1790873.0,
EFIX R,1790873.0,1792377 1506 1211.7 529.9 1958
SSACC R,1792379.0,
SBLINK R,1792413.0,
EBLINK R,1792413.0,1792623 212
ESACC R,1792379.0,1792789 412 1202.5 528.2 1172.4 532.6 0.82 1461
SFIX R,1792791.0,
EFIX R,1792791.0,1798399 5610 1214.0 493.0 2310
SSACC R,1798401.0,
SBLINK R,1798443.0,
EBLINK R,1798443.0,1798665 224
ESACC R,1798401.0,1798837 438 1213.7 483.1 1194.4 462.3 0.76 1334
SFIX R,1798839.0,
EFIX R,1798839.0,1802193 3356 1209.5 495.7 2271
SSACC R,1802195.0,
SBLINK R,1802247.0,
EBLINK R,1802247.0,1802439 194
ESACC R,1802195.0,1802551 358 1192.2 515.8 1175.6 495.7 0.70 880
SFIX R,1802553.0,
EFIX R,1802553.0,1802945 394 1191.6 492.6 2333
SSACC R,1802947.0,
SBLINK R,1802991.0,
EBLINK R,1802991.0,1803177 188
ESACC R,1802947.0,1803259 314 1201.8 531.2 1212.2 579.8 1.34 1007
SFIX R,1803261.0,
EFIX R,1803261.0,1804313 1054 1235.7 551.9 1669
SSACC R,1804315.0,
ESACC R,1804315.0,1804325 12 1231.1 579.1 1212.4 593.3 0.63 76
SFIX R,1804327.0,
EFIX R,1804327.0,1804537 212 1206.8 588.1 1563
SSACC R,1804539.0,
ESACC R,1804539.0,1804547 10 1203.0 583.0 1218.6 573.8 0.49 58
SFIX R,1804549.0,
EFIX R,1804549.0,1806049 1502 1195.9 552.0 1789
SSACC R,1806051.0,
ESACC R,1806051.0,1806073 24 1174.8 548.3 1107.2 552.4 1.83 117
SFIX R,1806075.0,
EFIX R,1806075.0,1806099 26 1075.2 556.6 1862
SSACC R,1806101.0,
SBLINK R,1806181.0,
EBLINK R,1806181.0,1806287 108
ESACC R,1806101.0,1806437 338 1048.0 573.7 1175.6 522.0 3.71 448
SFIX R,1806439.0,
EFIX R,1806439.0,1806701 264 1191.3 509.8 1949
SSACC R,1806703.0,
SBLINK R,1806739.0,
EBLINK R,1806739.0,1807019 282
ESACC R,1806703.0,1807075 374 1193.3 530.4 1822.6 1307.3 24.46 941
SFIX R,1807077.0,
EFIX R,1807077.0,1807107 32 1817.4 1275.6 1655
SSACC R,1807109.0,
ESACC R,1807109.0,1807123 16 1812.4 1260.0 1810.9 1229.3 0.71 98
SFIX R,1807125.0,
EFIX R,1807125.0,1807171 48 1802.8 1228.4 1702
SSACC R,1807173.0,
ESACC R,1807173.0,1807253 82 1796.2 1211.5 1233.3 564.8 21.20 571
SFIX R,1807255.0,
EFIX R,1807255.0,1807405 152 1238.9 580.1 1776
SSACC R,1807407.0,
ESACC R,1807407.0,1807427 22 1238.5 593.3 1217.0 552.6 1.24 132
SFIX R,1807429.0,
EFIX R,1807429.0,1807827 400 1209.8 575.3 1707
SSACC R,1807829.0,
ESACC R,1807829.0,1807885 58 1204.3 583.9 1647.6 1181.2 18.76 712
SFIX R,1807887.0,
EFIX R,1807887.0,1808367 482 1635.6 1165.5 1703
SSACC R,1808369.0,
ESACC R,1808369.0,1808429 62 1628.3 1181.5 1211.4 608.9 17.88 696
SFIX R,1808431.0,
EFIX R,1808431.0,1808587 158 1224.1 616.1 1915
SSACC R,1808589.0,
ESACC R,1808589.0,1808613 26 1227.1 614.7 1193.7 549.8 1.96 197
SFIX R,1808615.0,
EFIX R,1808615.0,1809197 584 1189.9 548.9 1918
SSACC R,1809199.0,
ESACC R,1809199.0,1809203 6 1178.0 542.2 1188.1 544.1 0.28 46
SFIX R,1809205.0,
EFIX R,1809205.0,1811069 1866 1177.6 519.2 2253
SSACC R,1811071.0,
SBLINK R,1811109.0,
EBLINK R,1811109.0,1811271 164
ESACC R,1811071.0,1811411 342 1171.5 509.6 1158.8 540.8 0.91 1113
SFIX R,1811413.0,
EFIX R,1811413.0,1812053 642 1189.5 520.6 2234
SSACC R,1812055.0,
SBLINK R,1812107.0,
EBLINK R,1812107.0,1812561 456
ESACC R,1812055.0,1812635 582 1200.7 541.8 1138.0 533.9 1.70 902
SFIX R,1812637.0,
EFIX R,1812637.0,1812879 244 1163.0 533.5 2187
SSACC R,1812881.0,
ESACC R,1812881.0,1812899 20 1175.2 521.0 1217.2 549.8 1.37 100
SFIX R,1812901.0,
EFIX R,1812901.0,1813711 812 1207.6 552.7 1956
SSACC R,1813713.0,
SBLINK R,1813771.0,
EBLINK R,1813771.0,1813971 202
ESACC R,1813713.0,1814099 388 1177.2 590.9 1161.0 552.9 1.11 595
SFIX R,1814101.0,
EFIX R,1814101.0,1814133 34 1165.4 559.6 2143
SSACC R,1814135.0,
ESACC R,1814135.0,1814143 10 1171.9 562.7 1168.5 538.5 0.66 76
SFIX R,1814145.0,
EFIX R,1814145.0,1814863 720 1193.7 526.4 2173
SSACC R,1814865.0,
ESACC R,1814865.0,1814879 16 1192.0 546.3 1183.2 515.1 0.87 79
SFIX R,1814881.0,
EFIX R,1814881.0,1815069 190 1190.2 523.8 2169
SSACC R,1815071.0,
ESACC R,1815071.0,1815079 10 1196.9 520.5 1199.4 503.4 0.47 52
SFIX R,1815081.0,
EFIX R,1815081.0,1815343 264 1200.5 502.8 2251
SSACC R,1815345.0,
ESACC R,1815345.0,1815357 14 1210.7 497.2 1229.1 496.4 0.49 53
SFIX R,1815359.0,
EFIX R,1815359.0,1815575 218 1222.8 499.2 2302
SSACC R,1815577.0,
ESACC R,1815577.0,1815589 14 1221.6 495.9 1197.7 499.2 0.65 62
SFIX R,1815591.0,
EFIX R,1815591.0,1816013 424 1201.9 491.4 2246
SSACC R,1816015.0,
ESACC R,1816015.0,1816021 8 1197.8 492.9 1210.1 491.7 0.33 52
SFIX R,1816023.0,
EFIX R,1816023.0,1816293 272 1217.9 495.2 2228
SSACC R,1816295.0,
SBLINK R,1816327.0,
EBLINK R,1816327.0,1816465 140
ESACC R,1816295.0,1816561 268 1212.9 506.7 1210.1 496.5 0.28 1273
SFIX R,1816563.0,
EFIX R,1816563.0,1816609 48 1213.1 490.2 2330
SSACC R,1816611.0,
ESACC R,1816611.0,1816625 16 1215.7 500.3 1217.5 501.8 0.06 53
SFIX R,1816627.0,
EFIX R,1816627.0,1818309 1684 1211.4 505.3 2239
SSACC R,1818311.0,
ESACC R,1818311.0,1818317 8 1208.5 492.9 1222.5 488.5 0.39 61
SFIX R,1818319.0,
EFIX R,1818319.0,1818801 484 1223.1 479.4 2327
SSACC R,1818803.0,
ESACC R,1818803.0,1818811 10 1221.6 477.6 1209.8 474.0 0.33 44
SFIX R,1818813.0,
EFIX R,1818813.0,1819157 346 1218.6 482.0 2364
SSACC R,1819159.0,
ESACC R,1819159.0,1819177 20 1221.0 498.3 1248.8 476.3 0.95 76
SFIX R,1819179.0,
EFIX R,1819179.0,1819401 224 1242.5 485.1 2365
SSACC R,1819403.0,
ESACC R,1819403.0,1819415 14 1237.6 494.0 1215.8 492.7 0.58 67
SFIX R,1819417.0,
EFIX R,1819417.0,1820839 1424 1227.5 486.8 2273
SSACC R,1820841.0,
SBLINK R,1820875.0,
EBLINK R,1820875.0,1821135 262
ESACC R,1820841.0,1821259 420 1202.8 472.0 1217.6 508.3 1.06 1300
SFIX R,1821261.0,
EFIX R,1821261.0,1821283 24 1213.3 484.5 2286
SSACC R,1821285.0,
ESACC R,1821285.0,1821293 10 1194.3 467.1 1195.6 456.2 0.30 87
SFIX R,1821295.0,
EFIX R,1821295.0,1822009 716 1220.5 482.6 2111
SSACC R,1822011.0,
SBLINK R,1822129.0,
EBLINK R,1822129.0,1822269 142
ESACC R,1822011.0,1822347 338 1221.2 509.2 1199.1 429.6 2.22 714
SFIX R,1822349.0,
EFIX R,1822349.0,1822411 64 1208.2 417.2 1957
SSACC R,1822413.0,
ESACC R,1822413.0,1822435 24 1212.9 414.6 1199.8 482.0 1.85 133
SFIX R,1822437.0,
EFIX R,1822437.0,1823517 1082 1204.8 484.4 1992
SSACC R,1823519.0,
ESACC R,1823519.0,1823527 10 1192.7 490.4 1177.5 487.8 0.41 53
SFIX R,1823529.0,
EFIX R,1823529.0,1823835 308 1168.6 487.3 2106
SSACC R,1823837.0,
SBLINK R,1823913.0,
EBLINK R,1823913.0,1824089 178
ESACC R,1823837.0,1824197 362 1153.1 506.2 1171.8 493.0 0.62 657
SFIX R,1824199.0,
EFIX R,1824199.0,1824373 176 1191.1 501.0 2102
SSACC R,1824375.0,
ESACC R,1824375.0,1824383 10 1197.1 504.0 1185.6 497.5 0.35 45
SFIX R,1824385.0,
EFIX R,1824385.0,1828389 4006 1180.4 471.8 2204
SSACC R,1828391.0,
ESACC R,1828391.0,1828395 6 1163.9 455.8 1171.6 447.4 0.31 51
SFIX R,1828397.0,
EFIX R,1828397.0,1832853 4458 1172.4 455.6 2410
SSACC R,1832855.0,
SBLINK R,1832891.0,
EBLINK R,1832891.0,1833033 144
ESACC R,1832855.0,1833113 260 1172.1 459.5 1190.5 484.1 0.83 1750
SFIX R,1833115.0,
EFIX R,1833115.0,1841417 8304 1185.4 454.5 2472
SSACC R,1841419.0,
ESACC R,1841419.0,1841425 8 1171.5 457.3 1159.7 460.3 0.33 49
SFIX R,1841427.0,
EFIX R,1841427.0,1841573 148 1160.0 455.6 2335
SSACC R,1841575.0,
ESACC R,1841575.0,1841585 12 1165.5 460.0 1185.3 458.0 0.53 64
SFIX R,1841587.0,
EFIX R,1841587.0,1841667 82 1188.1 458.5 2291
SSACC R,1841669.0,
SBLINK R,1841715.0,
EBLINK R,1841715.0,1841901 188
ESACC R,1841669.0,1841995 328 1191.2 457.1 1165.3 466.0 0.74 1006
SFIX R,1841997.0,
EFIX R,1841997.0,1842209 214 1177.1 450.7 2222
SSACC R,1842211.0,
SBLINK R,1842249.0,
EBLINK R,1842249.0,1842411 164
ESACC R,1842211.0,1842503 294 1176.2 462.3 1175.9 487.6 0.68 1005
SFIX R,1842505.0,
EFIX R,1842505.0,1844605 2102 1194.1 504.1 1998
SSACC R,1844607.0,
SBLINK R,1844651.0,
EBLINK R,1844651.0,1844787 138
ESACC R,1844607.0,1844931 326 1175.4 516.2 1173.2 484.2 0.86 1262
SFIX R,1844933.0,
EFIX R,1844933.0,1845033 102 1178.8 491.9 2086
SSACC R,1845035.0,
SBLINK R,1845073.0,
EBLINK R,1845073.0,1845215 144
ESACC R,1845035.0,1845321 288 1178.8 497.3 1197.8 495.1 0.51 1117
SFIX R,1845323.0,
EFIX R,1845323.0,1846495 1174 1201.6 501.9 1930
SSACC R,1846497.0,
SBLINK R,1846531.0,
EBLINK R,1846531.0,1846645 116
ESACC R,1846497.0,1846761 266 1192.2 532.3 1182.7 555.4 0.67 1291
SFIX R,1846763.0,
EFIX R,1846763.0,1846895 134 1196.1 532.6 2015
SSACC R,1846897.0,
ESACC R,1846897.0,1846903 8 1192.3 522.8 1181.0 512.4 0.41 64
SFIX R,1846905.0,
EFIX R,1846905.0,1847503 600 1179.9 517.5 1970
SSACC R,1847505.0,
ESACC R,1847505.0,1847509 6 1184.6 524.9 1192.6 525.0 0.21 43
SFIX R,1847511.0,
EFIX R,1847511.0,1848063 554 1193.7 521.9 2009
SSACC R,1848065.0,
ESACC R,1848065.0,1848071 8 1182.3 520.3 1177.3 508.0 0.36 54
SFIX R,1848073.0,
EFIX R,1848073.0,1848605 534 1173.1 505.9 2107
SSACC R,1848607.0,
SBLINK R,1848645.0,
EBLINK R,1848645.0,1848809 166
ESACC R,1848607.0,1848913 308 1158.5 503.2 1148.6 539.0 1.00 1316
SFIX R,1848915.0,
EFIX R,1848915.0,1849131 218 1166.7 527.6 2108
SSACC R,1849133.0,
ESACC R,1849133.0,1849141 10 1171.4 530.6 1171.4 510.9 0.53 68
SFIX R,1849143.0,
EFIX R,1849143.0,1852679 3538 1179.5 514.5 2260
SSACC R,1852681.0,
SBLINK R,1852721.0,
EBLINK R,1852721.0,1852945 226
ESACC R,1852681.0,1853031 352 1170.8 498.5 1175.9 527.0 0.78 1081
SFIX R,1853033.0,
EFIX R,1853033.0,1854413 1382 1198.0 503.6 2197
SSACC R,1854415.0,
ESACC R,1854415.0,1854429 16 1210.5 505.0 1224.8 511.3 0.42 52
SFIX R,1854431.0,
EFIX R,1854431.0,1854967 538 1212.8 510.3 2125
SSACC R,1854969.0,
SBLINK R,1855011.0,
EBLINK R,1855011.0,1855153 144
ESACC R,1854969.0,1855269 302 1187.4 528.8 1184.4 516.9 0.33 1219
SFIX R,1855271.0,
EFIX R,1855271.0,1856879 1610 1212.3 534.4 1951
SSACC R,1856881.0,
ESACC R,1856881.0,1856887 8 1204.3 519.0 1192.8 516.2 0.32 48
SFIX R,1856889.0,
EFIX R,1856889.0,1862285 5398 1208.7 498.5 2270
SSACC R,1862287.0,
SBLINK R,1862343.0,
EBLINK R,1862343.0,1862487 146
ESACC R,1862287.0,1862571 286 1199.0 572.4 1174.6 587.9 0.78 1134
SFIX R,1862573.0,
EFIX R,1862573.0,1862975 404 1197.9 525.6 1917
SSACC R,1862977.0,
ESACC R,1862977.0,1862987 12 1211.2 536.2 1227.8 542.7 0.48 51
SFIX R,1862989.0,
EFIX R,1862989.0,1866331 3344 1207.3 537.9 1991
SSACC R,1866333.0,
SBLINK R,1866369.0,
EBLINK R,1866369.0,1866529 162
ESACC R,1866333.0,1866731 400 1199.4 523.8 1174.3 568.6 1.38 1167
SFIX R,1866733.0,
EFIX R,1866733.0,1866789 58 1179.1 548.0 2041
SSACC R,1866791.0,
ESACC R,1866791.0,1866807 18 1182.7 548.5 1178.7 511.2 1.01 72
SFIX R,1866809.0,
EFIX R,1866809.0,1867293 486 1192.2 529.5 1910
SSACC R,1867295.0,
SBLINK R,1867333.0,
EBLINK R,1867333.0,1867553 222
ESACC R,1867295.0,1867649 356 1189.2 553.5 1211.3 575.0 0.83 974
SFIX R,1867651.0,
EFIX R,1867651.0,1867737 88 1215.1 552.6 1728
SSACC R,1867739.0,
ESACC R,1867739.0,1867755 18 1214.0 551.1 1195.9 536.3 0.63 63
SFIX R,1867757.0,
EFIX R,1867757.0,1868607 852 1191.5 554.7 1744
SSACC R,1868609.0,
ESACC R,1868609.0,1868617 10 1195.5 551.3 1181.1 547.2 0.40 52
SFIX R,1868619.0,
EFIX R,1868619.0,1869077 460 1184.5 527.1 1890
SSACC R,1869079.0,
ESACC R,1869079.0,1869089 12 1193.5 525.3 1209.3 530.8 0.45 47
SFIX R,1869091.0,
EFIX R,1869091.0,1870563 1474 1196.5 536.6 1992
SSACC R,1870565.0,
SBLINK R,1870601.0,
EBLINK R,1870601.0,1870795 196
ESACC R,1870565.0,1870951 388 1187.2 553.2 1177.2 562.9 0.37 1415
SFIX R,1870953.0,
EFIX R,1870953.0,1871155 204 1179.0 560.7 1852
SSACC R,1871157.0,
ESACC R,1871157.0,1871169 14 1181.3 563.4 1209.4 565.2 0.75 71
SFIX R,1871171.0,
EFIX R,1871171.0,1871265 96 1207.9 572.4 1823
SSACC R,1871267.0,
SBLINK R,1871303.0,
EBLINK R,1871303.0,1871631 330
ESACC R,1871267.0,1871801 536 1198.4 592.0 1194.6 548.0 1.19 998
SFIX R,1871803.0,
EFIX R,1871803.0,1872081 280 1205.4 561.1 1717
SSACC R,1872083.0,
ESACC R,1872083.0,1872087 6 1208.5 578.8 1203.1 572.7 0.22 46
SFIX R,1872089.0,
EFIX R,1872089.0,1876409 4322 1193.0 545.0 2162
SSACC R,1876411.0,
SBLINK R,1876465.0,
EBLINK R,1876465.0,1876707 244
ESACC R,1876411.0,1876871 462 1199.0 525.3 1170.1 562.4 1.27 1146
SFIX R,1876873.0,
EFIX R,1876873.0,1878947 2076 1191.5 533.3 2122
SSACC R,1878949.0,
SBLINK R,1878993.0,
EBLINK R,1878993.0,1879137 146
ESACC R,1878949.0,1879259 312 1174.6 526.4 1191.1 544.2 0.65 1108
SFIX R,1879261.0,
EFIX R,1879261.0,1880523 1264 1226.3 525.0 2111
SSACC R,1880525.0,
ESACC R,1880525.0,1880531 8 1214.6 519.5 1225.8 526.9 0.36 52
SFIX R,1880533.0,
EFIX R,1880533.0,1880797 266 1227.5 529.1 2093
SSACC R,1880799.0,
ESACC R,1880799.0,1880807 10 1213.7 530.1 1205.8 516.2 0.43 52
SFIX R,1880809.0,
EFIX R,1880809.0,1881931 1124 1199.9 524.5 2148
SSACC R,1881933.0,
ESACC R,1881933.0,1881939 8 1193.6 545.6 1203.4 540.1 0.30 54
SFIX R,1881941.0,
EFIX R,1881941.0,1885291 3352 1185.2 535.4 2156
SSACC R,1885293.0,
ESACC R,1885293.0,1885303 12 1173.1 533.9 1194.4 526.0 0.61 66
SFIX R,1885305.0,
EFIX R,1885305.0,1888581 3278 1181.3 534.1 2157
SSACC R,1888583.0,
SBLINK R,1888637.0,
EBLINK R,1888637.0,1888845 210
ESACC R,1888583.0,1888947 366 1183.1 538.5 1156.1 540.2 0.73 1012
SFIX R,1888949.0,
EFIX R,1888949.0,1889267 320 1173.5 521.7 2035
SSACC R,1889269.0,
ESACC R,1889269.0,1889283 16 1176.9 541.2 1211.1 549.0 0.94 75
SFIX R,1889285.0,
EFIX R,1889285.0,1889621 338 1212.9 562.0 1808
SSACC R,1889623.0,
ESACC R,1889623.0,1889629 8 1207.8 569.4 1197.8 568.8 0.27 45
SFIX R,1889631.0,
EFIX R,1889631.0,1891103 1474 1180.7 558.4 1937
SSACC R,1891105.0,
ESACC R,1891105.0,1891111 8 1161.0 556.5 1169.3 544.8 0.39 66
SFIX R,1891113.0,
EFIX R,1891113.0,1891693 582 1181.7 544.1 2283
SSACC R,1891695.0,
SBLINK R,1891729.0,
EBLINK R,1891729.0,1891853 126
ESACC R,1891695.0,1891935 242 1203.1 548.1 1179.5 562.3 0.74 1235
SFIX R,1891937.0,
EFIX R,1891937.0,1897053 5118 1194.8 518.3 2366
SSACC R,1897055.0,
SBLINK R,1897099.0,
EBLINK R,1897099.0,1897281 184
ESACC R,1897055.0,1897445 392 1163.9 492.7 1203.1 497.1 1.06 1243
SFIX R,1897447.0,
EFIX R,1897447.0,1898145 700 1209.8 520.5 2112
SSACC R,1898147.0,
ESACC R,1898147.0,1898159 14 1213.6 547.5 1240.5 537.7 0.77 66
SFIX R,1898161.0,
EFIX R,1898161.0,1901123 2964 1196.8 537.6 2011
SSACC R,1901125.0,
SBLINK R,1901177.0,
EBLINK R,1901177.0,1901327 152
ESACC R,1901125.0,1901453 330 1197.8 510.4 1182.5 554.0 1.24 1136
SFIX R,1901455.0,
EFIX R,1901455.0,1903709 2256 1209.7 556.3 1752
SSACC R,1903711.0,
SBLINK R,1903749.0,
EBLINK R,1903749.0,1903901 154
ESACC R,1903711.0,1904051 342 1208.6 531.7 1191.6 539.5 0.50 991
SFIX R,1904053.0,
EFIX R,1904053.0,1907713 3662 1192.2 546.8 2152
SSACC R,1907715.0,
ESACC R,1907715.0,1907721 8 1186.3 530.3 1185.1 516.0 0.39 51
SFIX R,1907723.0,
EFIX R,1907723.0,1908131 410 1198.1 509.1 2331
SSACC R,1908133.0,
SBLINK R,1908183.0,
EBLINK R,1908183.0,1908385 204
ESACC R,1908133.0,1908483 352 1197.1 519.2 1172.8 565.9 1.42 1297
SFIX R,1908485.0,
EFIX R,1908485.0,1908957 474 1182.2 551.3 2188
SSACC R,1908959.0,
ESACC R,1908959.0,1908965 8 1191.5 565.1 1201.7 560.8 0.30 46
SFIX R,1908967.0,
EFIX R,1908967.0,1909243 278 1203.8 567.0 1903
SSACC R,1909245.0,
SBLINK R,1909277.0,
EBLINK R,1909277.0,1909443 168
ESACC R,1909245.0,1909575 332 1203.1 562.2 1189.4 570.6 0.43 1352
SFIX R,1909577.0,
EFIX R,1909577.0,1911565 1990 1188.3 558.9 2080
SSACC R,1911567.0,
ESACC R,1911567.0,1911571 6 1173.7 526.1 1172.8 518.6 0.20 47
SFIX R,1911573.0,
EFIX R,1911573.0,1913065 1494 1172.8 516.7 2213
SSACC R,1913067.0,
SBLINK R,1913111.0,
EBLINK R,1913111.0,1913313 204
ESACC R,1913067.0,1913431 366 1162.9 521.4 1170.4 548.0 0.75 1023
SFIX R,1913433.0,
EFIX R,1913433.0,1914121 690 1202.6 535.5 2100
SSACC R,1914123.0,
ESACC R,1914123.0,1914131 10 1207.0 556.3 1197.7 546.2 0.37 46
SFIX R,1914133.0,
EFIX R,1914133.0,1914347 216 1197.1 546.2 1873
SSACC R,1914349.0,
ESACC R,1914349.0,1914359 12 1194.7 547.1 1209.0 532.7 0.55 59
SFIX R,1914361.0,
EFIX R,1914361.0,1915013 654 1209.9 519.5 1896
SSACC R,1915015.0,
ESACC R,1915015.0,1915793 780 1200.2 505.7 1025.9 553.5 4.87 1058
SFIX R,1915795.0,
EFIX R,1915795.0,1915819 26 1026.1 549.4 1920
SSACC R,1915821.0,
ESACC R,1915821.0,1915885 66 1026.3 552.9 1182.4 522.4 4.29 249
SFIX R,1915887.0,
EFIX R,1915887.0,1916107 222 1188.7 519.4 1869
SSACC R,1916109.0,
ESACC R,1916109.0,1916117 10 1189.9 525.1 1204.9 514.4 0.49 63
SFIX R,1916119.0,
EFIX R,1916119.0,1916855 738 1202.4 520.9 1884
SSACC R,1916857.0,
SBLINK R,1916897.0,
EBLINK R,1916897.0,1917059 164
ESACC R,1916857.0,1917151 296 1196.1 529.7 1171.6 574.8 1.38 1069
SFIX R,1917153.0,
EFIX R,1917153.0,1917453 302 1190.3 525.3 2034
SSACC R,1917455.0,
ESACC R,1917455.0,1917459 6 1195.1 514.5 1184.7 515.5 0.28 58
SFIX R,1917461.0,
EFIX R,1917461.0,1917875 416 1190.8 517.6 1903
SSACC R,1917877.0,
ESACC R,1917877.0,1917887 12 1187.5 524.8 1209.0 532.3 0.61 65
SFIX R,1917889.0,
EFIX R,1917889.0,1918369 482 1195.1 529.4 1852
SSACC R,1918371.0,
SBLINK R,1918409.0,
EBLINK R,1918409.0,1918549 142
ESACC R,1918371.0,1918695 326 1189.6 527.2 1201.1 507.5 0.61 1056
SFIX R,1918697.0,
EFIX R,1918697.0,1918721 26 1201.4 504.1 1975
SSACC R,1918723.0,
ESACC R,1918723.0,1918739 18 1200.4 503.2 1199.9 515.1 0.32 83
SFIX R,1918741.0,
EFIX R,1918741.0,1918797 58 1200.8 512.3 1964
SSACC R,1918799.0,
ESACC R,1918799.0,1918805 8 1192.5 509.6 1179.1 511.1 0.36 60
SFIX R,1918807.0,
EFIX R,1918807.0,1919331 526 1176.5 507.6 1878
SSACC R,1919333.0,
ESACC R,1919333.0,1919343 12 1182.8 519.2 1203.0 520.2 0.54 64
SFIX R,1919345.0,
EFIX R,1919345.0,1919581 238 1208.7 518.6 1767
SSACC R,1919583.0,
ESACC R,1919583.0,1919591 10 1201.9 519.7 1186.1 517.0 0.43 50
SFIX R,1919593.0,
EFIX R,1919593.0,1919941 350 1193.3 515.5 1814
SSACC R,1919943.0,
SBLINK R,1919987.0,
EBLINK R,1919987.0,1920163 178
ESACC R,1919943.0,1920277 336 1192.7 512.8 1167.8 543.4 1.06 1027
SFIX R,1920279.0,
EFIX R,1920279.0,1920519 242 1183.3 497.9 1952
SSACC R,1920521.0,
ESACC R,1920521.0,1920533 14 1190.8 504.7 1185.4 534.9 0.83 81
SFIX R,1920535.0,
EFIX R,1920535.0,1925387 4854 1186.8 523.1 2029
SSACC R,1925389.0,
ESACC R,1925389.0,1925405 18 1185.0 520.8 1164.8 509.2 0.63 52
SFIX R,1925407.0,
EFIX R,1925407.0,1926943 1538 1182.0 542.7 2107
SSACC R,1926945.0,
SBLINK R,1927003.0,
EBLINK R,1927003.0,1927163 162
ESACC R,1926945.0,1927317 374 1198.5 547.2 1173.9 592.3 1.38 726
SFIX R,1927319.0,
EFIX R,1927319.0,1928527 1210 1202.7 538.1 1851
SSACC R,1928529.0,
SBLINK R,1928571.0,
EBLINK R,1928571.0,1928855 286
ESACC R,1928529.0,1928945 418 1193.4 562.5 1109.6 551.8 2.27 1016
SFIX R,1928947.0,
EFIX R,1928947.0,1928983 38 1114.9 539.5 1961
SSACC R,1928985.0,
ESACC R,1928985.0,1929003 20 1123.1 535.6 1180.7 535.3 1.55 107
SFIX R,1929005.0,
EFIX R,1929005.0,1930117 1114 1200.2 562.6 1893
SSACC R,1930119.0,
ESACC R,1930119.0,1930131 14 1196.8 555.0 1222.7 544.0 0.75 69
SFIX R,1930133.0,
EFIX R,1930133.0,1930335 204 1226.8 538.8 2054
SSACC R,1930337.0,
ESACC R,1930337.0,1930343 8 1220.6 539.7 1208.1 538.2 0.34 50
SFIX R,1930345.0,
EFIX R,1930345.0,1930609 266 1214.7 533.6 2083
SSACC R,1930611.0,
ESACC R,1930611.0,1930625 16 1213.0 531.0 1190.8 510.1 0.82 79
SFIX R,1930627.0,
EFIX R,1930627.0,1931485 860 1201.8 524.0 2079
SSACC R,1931487.0,
ESACC R,1931487.0,1931495 10 1194.6 521.7 1201.6 535.8 0.42 54
SFIX R,1931497.0,
EFIX R,1931497.0,1936797 5302 1189.2 514.4 2279
SSACC R,1936799.0,
SBLINK R,1936843.0,
EBLINK R,1936843.0,1936977 136
ESACC R,1936799.0,1937117 320 1186.5 524.9 1167.7 549.9 0.84 1040
SFIX R,1937119.0,
EFIX R,1937119.0,1937949 832 1209.2 526.4 2138
SSACC R,1937951.0,
ESACC R,1937951.0,1937959 10 1223.7 542.7 1241.1 546.4 0.48 56
SFIX R,1937961.0,
EFIX R,1937961.0,1939143 1184 1222.4 541.1 2148
SSACC R,1939145.0,
ESACC R,1939145.0,1939153 10 1188.8 536.3 1206.1 533.5 0.47 58
SFIX R,1939155.0,
EFIX R,1939155.0,1939391 238 1212.0 521.7 2438
SSACC R,1939393.0,
ESACC R,1939393.0,1939409 18 1210.1 520.9 1178.0 524.3 0.86 71
SFIX R,1939411.0,
EFIX R,1939411.0,1940265 856 1178.8 527.7 2433
SSACC R,1940267.0,
ESACC R,1940267.0,1940281 16 1171.7 521.9 1200.1 526.7 0.77 65
SFIX R,1940283.0,
EFIX R,1940283.0,1941371 1090 1184.4 509.6 2490
SSACC R,1941373.0,
SBLINK R,1941427.0,
EBLINK R,1941427.0,1941511 86
ESACC R,1941373.0,1941615 244 1184.0 505.4 1177.2 489.8 0.46 825
SFIX R,1941617.0,
EFIX R,1941617.0,1941683 68 1179.6 493.8 2601
SSACC R,1941685.0,
ESACC R,1941685.0,1941699 16 1188.3 500.8 1183.0 484.9 0.45 73
SFIX R,1941701.0,
EFIX R,1941701.0,1941791 92 1189.4 492.3 2583
SSACC R,1941793.0,
SBLINK R,1941839.0,
EBLINK R,1941839.0,1941951 114
ESACC R,1941793.0,1942049 258 1183.7 488.9 1192.0 498.1 0.33 989
SFIX R,1942051.0,
EFIX R,1942051.0,1942239 190 1199.6 500.2 2488
SSACC R,1942241.0,
ESACC R,1942241.0,1942265 26 1199.9 512.6 1203.8 497.3 0.43 67
SFIX R,1942267.0,
EFIX R,1942267.0,1942507 242 1198.6 503.1 2349
SSACC R,1942509.0,
ESACC R,1942509.0,1942531 24 1193.3 504.0 1245.9 494.6 1.43 113
SFIX R,1942533.0,
EFIX R,1942533.0,1942567 36 1234.9 488.7 2216
SSACC R,1942569.0,
ESACC R,1942569.0,1942593 26 1235.5 487.7 1168.2 501.8 1.84 139
SFIX R,1942595.0,
EFIX R,1942595.0,1942791 198 1179.3 496.7 2189
SSACC R,1942793.0,
ESACC R,1942793.0,1942799 8 1172.5 493.6 1185.5 492.2 0.35 52
SFIX R,1942801.0,
EFIX R,1942801.0,1943741 942 1195.4 499.3 2114
SSACC R,1943743.0,
ESACC R,1943743.0,1943751 10 1193.4 500.4 1208.5 500.3 0.40 49
SFIX R,1943753.0,
EFIX R,1943753.0,1944023 272 1206.1 499.8 2222
SSACC R,1944025.0,
ESACC R,1944025.0,1944033 10 1192.6 499.0 1177.7 491.9 0.44 60
SFIX R,1944035.0,
EFIX R,1944035.0,1945295 1262 1171.9 493.5 2263
SSACC R,1945297.0,
ESACC R,1945297.0,1945303 8 1156.7 500.2 1168.6 493.6 0.37 56
SFIX R,1945305.0,
EFIX R,1945305.0,1945595 292 1168.1 486.5 2266
SSACC R,1945597.0,
ESACC R,1945597.0,1945603 8 1167.2 487.0 1155.1 488.1 0.33 51
SFIX R,1945605.0,
EFIX R,1945605.0,1946705 1102 1170.9 478.9 2192
SSACC R,1946707.0,
SBLINK R,1946749.0,
EBLINK R,1946749.0,1946881 134
ESACC R,1946707.0,1946949 244 1164.1 505.1 1157.9 515.3 0.32 1530
SFIX R,1946951.0,
EFIX R,1946951.0,1949325 2376 1156.5 504.2 2105
SSACC R,1949327.0,
ESACC R,1949327.0,1949337 12 1139.5 508.4 1162.9 504.2 0.64 64
SFIX R,1949339.0,
EFIX R,1949339.0,1949433 96 1163.6 505.3 2206
SSACC R,1949435.0,
SBLINK R,1949473.0,
EBLINK R,1949473.0,1949671 200
ESACC R,1949435.0,1949763 330 1155.9 513.6 1156.9 559.7 1.25 1334
SFIX R,1949765.0,
EFIX R,1949765.0,1951685 1922 1165.0 540.3 2099
SSACC R,1951687.0,
ESACC R,1951687.0,1951691 6 1161.8 515.8 1160.2 505.1 0.29 60
SFIX R,1951693.0,
EFIX R,1951693.0,1953281 1590 1178.3 522.3 1968
SSACC R,1953283.0,
SBLINK R,1953317.0,
EBLINK R,1953317.0,1953539 224
ESACC R,1953283.0,1953641 360 1172.4 550.2 1182.4 590.6 1.12 1075
SFIX R,1953643.0,
EFIX R,1953643.0,1953743 102 1184.9 576.9 2091
SSACC R,1953745.0,
ESACC R,1953745.0,1953765 22 1184.6 568.7 1181.9 537.2 0.85 68
SFIX R,1953767.0,
EFIX R,1953767.0,1960001 6236 1162.3 529.1 2284
SSACC R,1960003.0,
ESACC R,1960003.0,1960009 8 1153.2 549.0 1158.4 538.6 0.31 60
SFIX R,1960011.0,
EFIX R,1960011.0,1964129 4120 1170.7 521.6 2222
SSACC R,1964131.0,
ESACC R,1964131.0,1964137 8 1187.6 542.1 1177.1 541.1 0.28 46
SFIX R,1964139.0,
EFIX R,1964139.0,1965027 890 1178.5 550.9 1829
SSACC R,1965029.0,
SBLINK R,1965083.0,
EBLINK R,1965083.0,1965291 210
ESACC R,1965029.0,1965403 376 1174.8 555.5 1153.6 554.9 0.57 664
SFIX R,1965405.0,
EFIX R,1965405.0,1965855 452 1178.2 552.7 1713
SSACC R,1965857.0,
ESACC R,1965857.0,1965861 6 1196.8 559.4 1200.3 554.3 0.17 46
SFIX R,1965863.0,
EFIX R,1965863.0,1967007 1146 1203.3 552.6 1684
SSACC R,1967009.0,
SBLINK R,1967041.0,
EBLINK R,1967041.0,1967285 246
ESACC R,1967009.0,1967403 396 1186.7 559.0 1166.9 559.8 0.53 1040
SFIX R,1967405.0,
EFIX R,1967405.0,1967497 94 1175.8 556.2 1963
SSACC R,1967499.0,
ESACC R,1967499.0,1967515 18 1183.1 554.7 1200.0 534.0 0.72 68
SFIX R,1967517.0,
EFIX R,1967517.0,1967895 380 1209.9 549.7 1908
SSACC R,1967897.0,
ESACC R,1967897.0,1967903 8 1214.1 569.0 1223.9 581.4 0.42 58
SFIX R,1967905.0,
EFIX R,1967905.0,1969027 1124 1196.9 578.5 1806
SSACC R,1969029.0,
ESACC R,1969029.0,1969037 10 1188.8 561.9 1186.4 572.1 0.28 52
SFIX R,1969039.0,
EFIX R,1969039.0,1971713 2676 1186.9 542.3 2066
SSACC R,1971715.0,
SBLINK R,1971757.0,
EBLINK R,1971757.0,1972035 280
ESACC R,1971715.0,1972147 434 1170.3 554.3 1171.0 558.3 0.11 906
SFIX R,1972149.0,
EFIX R,1972149.0,1972511 364 1179.4 561.4 2119
SSACC R,1972513.0,
ESACC R,1972513.0,1972523 12 1181.6 577.1 1187.0 563.5 0.39 60
SFIX R,1972525.0,
EFIX R,1972525.0,1973871 1348 1191.3 561.0 1933
SSACC R,1973873.0,
SBLINK R,1973933.0,
EBLINK R,1973933.0,1974139 208
ESACC R,1973873.0,1974237 366 1185.5 547.6 1147.9 584.5 1.42 758
SFIX R,1974239.0,
EFIX R,1974239.0,1979915 5678 1170.0 524.5 2213
SSACC R,1979917.0,
ESACC R,1979917.0,1979933 18 1140.9 510.4 1182.6 501.6 1.15 86
SFIX R,1979935.0,
EFIX R,1979935.0,1980231 298 1181.3 510.4 2349
SSACC R,1980233.0,
SBLINK R,1980287.0,
EBLINK R,1980287.0,1980489 204
ESACC R,1980233.0,1980609 378 1170.7 530.4 1202.9 553.8 1.07 843
SFIX R,1980611.0,
EFIX R,1980611.0,1985351 4742 1172.1 549.2 2163
SSACC R,1985353.0,
ESACC R,1985353.0,1985361 10 1148.8 522.7 1161.7 523.3 0.35 46
SFIX R,1985363.0,
EFIX R,1985363.0,1985611 250 1159.8 526.3 2466
SSACC R,1985613.0,
ESACC R,1985613.0,1985621 10 1168.2 535.3 1183.8 528.9 0.45 57
SFIX R,1985623.0,
EFIX R,1985623.0,1985893 272 1186.4 547.5 2412
SSACC R,1985895.0,
SBLINK R,1985931.0,
EBLINK R,1985931.0,1986065 136
ESACC R,1985895.0,1986173 280 1171.9 580.6 1167.0 535.1 1.24 1295
SFIX R,1986175.0,
EFIX R,1986175.0,1986611 438 1176.7 522.1 2306
SSACC R,1986613.0,
ESACC R,1986613.0,1986619 8 1181.7 528.2 1168.3 522.5 0.39 55
SFIX R,1986621.0,
EFIX R,1986621.0,1986823 204 1164.9 534.0 2134
SSACC R,1986825.0,
ESACC R,1986825.0,1986831 8 1160.7 545.5 1170.5 536.1 0.37 58
SFIX R,1986833.0,
EFIX R,1986833.0,1987565 734 1172.9 538.0 2065
SSACC R,1987567.0,
ESACC R,1987567.0,1987577 12 1170.6 539.1 1190.8 539.3 0.54 58
SFIX R,1987579.0,
EFIX R,1987579.0,1988177 600 1185.1 548.0 2119
SSACC R,1988179.0,
SBLINK R,1988219.0,
EBLINK R,1988219.0,1988361 144
ESACC R,1988179.0,1988465 288 1172.8 552.6 1139.8 557.6 0.90 1354
SFIX R,1988467.0,
EFIX R,1988467.0,1988575 110 1152.1 549.7 2155
SSACC R,1988577.0,
SBLINK R,1988641.0,
EBLINK R,1988641.0,1988827 188
ESACC R,1988577.0,1988957 382 1151.8 545.7 1172.5 552.1 0.58 802
SFIX R,1988959.0,
EFIX R,1988959.0,1990287 1330 1180.7 543.7 1908
SSACC R,1990289.0,
ESACC R,1990289.0,1990293 6 1173.6 541.3 1184.1 530.4 0.41 59
SFIX R,1990295.0,
EFIX R,1990295.0,1992225 1932 1182.2 520.1 2053
SSACC R,1992227.0,
ESACC R,1992227.0,1992239 14 1160.2 516.4 1185.6 515.3 0.68 57
SFIX R,1992241.0,
EFIX R,1992241.0,1992469 230 1185.3 515.8 2168
SSACC R,1992471.0,
ESACC R,1992471.0,1992483 14 1187.1 518.7 1168.4 526.7 0.55 62
SFIX R,1992485.0,
EFIX R,1992485.0,1992823 340 1175.8 520.1 2234
SSACC R,1992825.0,
ESACC R,1992825.0,1992831 8 1178.1 516.7 1190.1 518.3 0.32 54
SFIX R,1992833.0,
EFIX R,1992833.0,1994933 2102 1183.7 527.1 2237
SSACC R,1994935.0,
SBLINK R,1994985.0,
EBLINK R,1994985.0,1995151 168
ESACC R,1994935.0,1995247 314 1193.0 533.1 1156.8 519.6 1.04 991
SFIX R,1995249.0,
EFIX R,1995249.0,1995347 100 1177.4 520.5 2140
SSACC R,1995349.0,
ESACC R,1995349.0,1995353 6 1200.4 505.5 1204.2 499.0 0.20 50
SFIX R,1995355.0,
EFIX R,1995355.0,1996093 740 1207.9 498.4 2089
SSACC R,1996095.0,
ESACC R,1996095.0,1996099 6 1196.4 516.7 1189.8 515.5 0.18 44
SFIX R,1996101.0,
EFIX R,1996101.0,1998265 2166 1172.5 512.1 2248
SSACC R,1998267.0,
ESACC R,1998267.0,1998275 10 1175.5 521.8 1191.3 509.2 0.54 70
SFIX R,1998277.0,
EFIX R,1998277.0,1998399 124 1199.8 504.5 2283
SSACC R,1998401.0,
ESACC R,1998401.0,1998407 8 1198.6 506.3 1186.6 514.1 0.38 54
SFIX R,1998409.0,
EFIX R,1998409.0,1999255 848 1200.1 519.1 2088
SSACC R,1999257.0,
SBLINK R,1999297.0,
EBLINK R,1999297.0,1999395 100
ESACC R,1999257.0,1999495 240 1195.4 551.5 1179.5 577.4 0.82 1026
SFIX R,1999497.0,
EFIX R,1999497.0,2000161 666 1208.8 540.1 1753
SSACC R,2000163.0,
ESACC R,2000163.0,2000167 6 1212.4 551.9 1205.4 546.6 0.24 46
SFIX R,2000169.0,
EFIX R,2000169.0,2000847 680 1205.6 546.4 1686
SSACC R,2000849.0,
ESACC R,2000849.0,2000861 14 1209.1 553.9 1231.4 551.9 0.60 54
SFIX R,2000863.0,
EFIX R,2000863.0,2001473 612 1225.7 550.5 1847
SSACC R,2001475.0,
ESACC R,2001475.0,2001485 12 1219.0 543.0 1203.2 537.9 0.44 49
SFIX R,2001487.0,
EFIX R,2001487.0,2006621 5136 1204.7 548.8 1969
SSACC R,2006623.0,
SBLINK R,2006675.0,
EBLINK R,2006675.0,2006821 148
ESACC R,2006623.0,2006923 302 1201.1 539.6 1198.7 535.9 0.12 1164
SFIX R,2006925.0,
EFIX R,2006925.0,2007399 476 1209.4 531.9 2047
SSACC R,2007401.0,
ESACC R,2007401.0,2007405 6 1209.2 544.5 1201.5 544.4 0.21 45
SFIX R,2007407.0,
EFIX R,2007407.0,2007751 346 1191.9 551.5 1844
SSACC R,2007753.0,
ESACC R,2007753.0,2007767 16 1195.2 550.7 1216.7 540.7 0.64 54
SFIX R,2007769.0,
EFIX R,2007769.0,2008823 1056 1196.9 535.6 1908
SSACC R,2008825.0,
ESACC R,2008825.0,2008829 6 1180.7 537.7 1172.5 529.7 0.31 52
SFIX R,2008831.0,
EFIX R,2008831.0,2012271 3442 1196.3 527.7 2107
SSACC R,2012273.0,
SBLINK R,2012343.0,
EBLINK R,2012343.0,2012405 64
ESACC R,2012273.0,2012499 228 1194.7 557.1 1182.8 646.0 2.41 697
SFIX R,2012501.0,
EFIX R,2012501.0,2012591 92 1190.5 591.3 1987
SSACC R,2012593.0,
SBLINK R,2012635.0,
EBLINK R,2012635.0,2012731 98
ESACC R,2012593.0,2012813 222 1194.8 604.9 1180.2 611.6 0.43 897
SFIX R,2012815.0,
EFIX R,2012815.0,2014901 2088 1211.4 582.6 1834
SSACC R,2014903.0,
SBLINK R,2014941.0,
EBLINK R,2014941.0,2015201 262
ESACC R,2014903.0,2015347 446 1167.1 566.4 1171.8 578.7 0.36 1087
SFIX R,2015349.0,
EFIX R,2015349.0,2015491 144 1180.1 536.5 2196
SSACC R,2015493.0,
ESACC R,2015493.0,2015505 14 1180.6 528.3 1177.2 505.2 0.63 65
SFIX R,2015507.0,
EFIX R,2015507.0,2017507 2002 1198.7 533.1 1996
SSACC R,2017509.0,
SBLINK R,2017553.0,
EBLINK R,2017553.0,2017717 166
ESACC R,2017509.0,2017823 316 1206.3 545.8 1163.9 516.1 1.39 1154
SFIX R,2017825.0,
EFIX R,2017825.0,2021581 3758 1208.7 550.7 2020
SSACC R,2021583.0,
SBLINK R,2021639.0,
EBLINK R,2021639.0,2021775 138
ESACC R,2021583.0,2021899 318 1198.0 559.4 1180.1 550.3 0.54 1058
SFIX R,2021901.0,
EFIX R,2021901.0,2022345 446 1193.0 546.3 1955
SSACC R,2022347.0,
ESACC R,2022347.0,2022355 10 1208.9 565.6 1215.9 578.2 0.39 51
SFIX R,2022357.0,
EFIX R,2022357.0,2024983 2628 1215.7 570.5 1832
SSACC R,2024985.0,
SBLINK R,2025027.0,
EBLINK R,2025027.0,2025213 188
ESACC R,2024985.0,2025395 412 1203.3 570.5 1177.4 552.2 0.85 1132
SFIX R,2025397.0,
EFIX R,2025397.0,2025641 246 1186.5 559.6 1857
SSACC R,2025643.0,
SBLINK R,2025675.0,
EBLINK R,2025675.0,2025899 226
ESACC R,2025643.0,2026009 368 1187.8 576.7 1240.0 590.6 1.45 1303
SFIX R,2026011.0,
EFIX R,2026011.0,2026415 406 1248.3 591.0 1496
SSACC R,2026417.0,
ESACC R,2026417.0,2026425 10 1253.7 591.1 1237.2 585.3 0.47 60
SFIX R,2026427.0,
EFIX R,2026427.0,2036859 10434 1171.0 564.6 2312
SSACC R,2036861.0,
SBLINK R,2036897.0,
EBLINK R,2036897.0,2037001 106
ESACC R,2036861.0,2037103 244 1117.6 535.6 1026.0 617.1 3.32 1347
SFIX R,2037105.0,
EFIX R,2037105.0,2037629 526 1045.8 605.6 2598
SSACC R,2037631.0,
ESACC R,2037631.0,2037669 40 1060.3 644.3 1160.7 516.8 4.38 285
SFIX R,2037671.0,
EFIX R,2037671.0,2042251 4582 1171.0 534.9 2161
SSACC R,2042253.0,
SBLINK R,2042301.0,
EBLINK R,2042301.0,2042399 100
ESACC R,2042253.0,2042467 216 1150.9 540.2 1154.3 515.3 0.68 1040
SFIX R,2042469.0,
EFIX R,2042469.0,2045547 3080 1172.2 564.6 1971
SSACC R,2045549.0,
SBLINK R,2045591.0,
EBLINK R,2045591.0,2045717 128
ESACC R,2045549.0,2045795 248 1171.0 578.4 1158.4 532.8 1.28 1132
SFIX R,2045797.0,
EFIX R,2045797.0,2050151 4356 1189.8 567.1 1977
SSACC R,2050153.0,
SBLINK R,2050191.0,
EBLINK R,2050191.0,2050361 172
ESACC R,2050153.0,2050431 280 1222.9 568.2 1188.7 574.5 0.93 1075
SFIX R,2050433.0,
EFIX R,2050433.0,2052799 2368 1207.7 596.2 1592
SSACC R,2052801.0,
SBLINK R,2052835.0,
EBLINK R,2052835.0,2052995 162
ESACC R,2052801.0,2053079 280 1204.1 598.3 1175.4 559.0 1.31 1316
SFIX R,2053081.0,
EFIX R,2053081.0,2053483 404 1189.9 579.6 1795
SSACC R,2053485.0,
ESACC R,2053485.0,2053495 12 1211.0 588.8 1227.6 590.2 0.44 43
SFIX R,2053497.0,
EFIX R,2053497.0,2059111 5616 1202.3 585.9 1746
SSACC R,2059113.0,
SBLINK R,2059165.0,
EBLINK R,2059165.0,2059487 324
ESACC R,2059113.0,2059545 434 1207.7 588.7 1190.5 561.8 0.86 1284
SFIX R,2059547.0,
EFIX R,2059547.0,2064111 4566 1202.8 585.5 1919
SSACC R,2064113.0,
SBLINK R,2064147.0,
EBLINK R,2064147.0,2064255 110
ESACC R,2064113.0,2064327 216 1223.0 611.7 1178.4 597.1 1.26 1309
SFIX R,2064329.0,
EFIX R,2064329.0,2064531 204 1188.3 602.5 1413
SSACC R,2064533.0,
ESACC R,2064533.0,2064541 10 1194.1 598.5 1205.9 586.3 0.46 55
SFIX R,2064543.0,
EFIX R,2064543.0,2068033 3492 1193.3 597.6 1717
SSACC R,2068035.0,
ESACC R,2068035.0,2068041 8 1162.4 589.8 1165.1 574.7 0.41 58
SFIX R,2068043.0,
EFIX R,2068043.0,2068807 766 1181.7 582.6 1972
SSACC R,2068809.0,
ESACC R,2068809.0,2068819 12 1195.7 598.4 1216.3 598.8 0.55 60
SFIX R,2068821.0,
EFIX R,2068821.0,2073499 4680 1206.1 587.2 1525
SSACC R,2073501.0,
ESACC R,2073501.0,2073513 14 1182.3 601.3 1207.6 602.1 0.68 61
SFIX R,2073515.0,
EFIX R,2073515.0,2078139 4626 1208.7 605.1 1411
SSACC R,2078141.0,
ESACC R,2078141.0,2078147 8 1184.2 601.9 1195.1 600.4 0.30 46
SFIX R,2078149.0,
EFIX R,2078149.0,2078447 300 1195.1 597.8 1585
SSACC R,2078449.0,
ESACC R,2078449.0,2078457 10 1186.0 591.4 1180.8 580.5 0.33 47
SFIX R,2078459.0,
EFIX R,2078459.0,2078577 120 1184.0 575.6 1552
SSACC R,2078579.0,
ESACC R,2078579.0,2078587 10 1185.0 583.2 1206.1 583.8 0.57 67
SFIX R,2078589.0,
EFIX R,2078589.0,2078663 76 1205.5 583.4 1531
SSACC R,2078665.0,
ESACC R,2078665.0,2078685 22 1202.4 583.4 1162.4 567.9 1.15 97
SFIX R,2078687.0,
EFIX R,2078687.0,2078783 98 1176.6 574.1 1500
SSACC R,2078785.0,
ESACC R,2078785.0,2078795 12 1185.4 581.0 1205.0 585.2 0.54 59
SFIX R,2078797.0,
EFIX R,2078797.0,2080777 1982 1198.3 598.4 1452
SSACC R,2080779.0,
SBLINK R,2080849.0,
EBLINK R,2080849.0,2081007 160
ESACC R,2080779.0,2081093 316 1183.2 595.7 1175.2 564.2 0.88 961
SFIX R,2081095.0,
EFIX R,2081095.0,2081693 600 1203.2 580.5 1401
SSACC R,2081695.0,
ESACC R,2081695.0,2081701 8 1216.3 597.0 1206.0 603.9 0.33 52
SFIX R,2081703.0,
EFIX R,2081703.0,2082141 440 1199.3 609.0 1201
SSACC R,2082143.0,
ESACC R,2082143.0,2082149 8 1191.9 609.2 1202.9 603.2 0.34 52
SFIX R,2082151.0,
EFIX R,2082151.0,2084101 1952 1193.4 596.0 1462
SSACC R,2084103.0,
ESACC R,2084103.0,2084115 14 1190.8 578.2 1168.6 577.0 0.60 62
SFIX R,2084117.0,
EFIX R,2084117.0,2086027 1912 1171.3 571.7 1703
SSACC R,2086029.0,
ESACC R,2086029.0,2086033 6 1159.7 563.8 1152.4 562.7 0.20 44
SFIX R,2086035.0,
EFIX R,2086035.0,2086521 488 1157.9 552.4 2002
SSACC R,2086523.0,
SBLINK R,2086553.0,
EBLINK R,2086553.0,2086713 162
ESACC R,2086523.0,2086791 270 1167.0 553.9 1175.0 558.5 0.25 1349
SFIX R,2086793.0,
EFIX R,2086793.0,2087131 340 1182.2 537.5 2060
SSACC R,2087133.0,
ESACC R,2087133.0,2087143 12 1180.6 545.8 1164.7 537.5 0.48 53
SFIX R,2087145.0,
EFIX R,2087145.0,2087877 734 1179.6 561.6 1694
SSACC R,2087879.0,
ESACC R,2087879.0,2087887 10 1179.3 567.8 1184.2 551.0 0.47 65
SFIX R,2087889.0,
EFIX R,2087889.0,2088261 374 1180.3 540.8 1741
SSACC R,2088263.0,
SBLINK R,2088311.0,
EBLINK R,2088311.0,2088691 382
ESACC R,2088263.0,2088833 572 1175.5 537.0 1172.1 520.5 0.45 869
SFIX R,2088835.0,
EFIX R,2088835.0,2089407 574 1192.5 550.4 1797
SSACC R,2089409.0,
ESACC R,2089409.0,2089417 10 1193.8 582.9 1181.7 574.9 0.39 51
SFIX R,2089419.0,
EFIX R,2089419.0,2097815 8398 1182.5 554.2 1891
SSACC R,2097817.0,
SBLINK R,2097865.0,
EBLINK R,2097865.0,2098039 176
ESACC R,2097817.0,2098133 318 1217.8 585.8 1195.4 592.9 0.63 744
SFIX R,2098135.0,
EFIX R,2098135.0,2098161 28 1197.7 579.1 1392
SSACC R,2098163.0,
ESACC R,2098163.0,2098171 10 1196.9 591.4 1197.0 578.6 0.35 46
SFIX R,2098173.0,
EFIX R,2098173.0,2100605 2434 1198.0 597.2 1297
SSACC R,2100607.0,
ESACC R,2100607.0,2100621 16 1176.6 575.2 1152.2 570.0 0.67 63
SFIX R,2100623.0,
EFIX R,2100623.0,2101233 612 1161.6 572.3 1813
SSACC R,2101235.0,
ESACC R,2101235.0,2101243 10 1161.4 568.4 1178.7 573.5 0.48 58
SFIX R,2101245.0,
EFIX R,2101245.0,2101681 438 1175.4 563.2 1956
SSACC R,2101683.0,
SBLINK R,2101717.0,
EBLINK R,2101717.0,2101827 112
ESACC R,2101683.0,2101975 294 1181.7 564.0 1163.6 557.7 0.51 1094
SFIX R,2101977.0,
EFIX R,2101977.0,2102223 248 1177.0 560.3 1956
SSACC R,2102225.0,
ESACC R,2102225.0,2102231 8 1183.4 568.5 1186.9 555.9 0.35 61
SFIX R,2102233.0,
EFIX R,2102233.0,2103673 1442 1195.0 581.4 1584
SSACC R,2103675.0,
SBLINK R,2103709.0,
EBLINK R,2103709.0,2103847 140
ESACC R,2103675.0,2103975 302 1192.5 565.6 1180.8 520.1 1.27 1203
SFIX R,2103977.0,
EFIX R,2103977.0,2108473 4498 1192.4 575.7 1752
SSACC R,2108475.0,
SBLINK R,2108507.0,
EBLINK R,2108507.0,2108663 158
ESACC R,2108475.0,2108729 256 1204.4 606.5 1181.3 554.4 1.53 826
SFIX R,2108731.0,
EFIX R,2108731.0,2109535 806 1201.8 578.8 1388
SSACC R,2109537.0,
ESACC R,2109537.0,2109547 12 1203.3 584.7 1220.4 583.7 0.46 51
SFIX R,2109549.0,
EFIX R,2109549.0,2122855 13308 1191.4 600.8 1510
SSACC R,2122857.0,
SBLINK R,2122885.0,
EBLINK R,2122885.0,2123077 194
ESACC R,2122857.0,2123127 272 1211.1 612.1 1189.2 571.3 1.24 1622
SFIX R,2123129.0,
EFIX R,2123129.0,2125747 2620 1205.9 614.7 1385
SSACC R,2125749.0,
ESACC R,2125749.0,2125757 10 1217.3 609.0 1202.4 606.7 0.40 50
SFIX R,2125759.0,
EFIX R,2125759.0,2129703 3946 1212.9 617.8 1235
SSACC R,2129705.0,
SBLINK R,2129739.0,
EBLINK R,2129739.0,2129897 160
ESACC R,2129705.0,2129969 266 1196.9 613.4 1151.6 548.8 2.12 1191
SFIX R,2129971.0,
EFIX R,2129971.0,2130239 270 1149.9 571.3 1516
SSACC R,2130241.0,
ESACC R,2130241.0,2130251 12 1148.4 579.5 1169.5 580.4 0.57 67
SFIX R,2130253.0,
EFIX R,2130253.0,2141849 11598 1206.4 612.9 1195
SSACC R,2141851.0,
ESACC R,2141851.0,2141855 6 1225.1 624.8 1218.5 619.2 0.23 50
SFIX R,2141857.0,
EFIX R,2141857.0,2142293 438 1220.7 614.9 863
SSACC R,2142295.0,
SBLINK R,2142333.0,
EBLINK R,2142333.0,2142545 214
ESACC R,2142295.0,2142619 326 1232.1 602.0 1179.4 554.5 1.90 1708
SFIX R,2142621.0,
EFIX R,2142621.0,2142927 308 1191.2 585.1 880
SSACC R,2142929.0,
ESACC R,2142929.0,2142935 8 1205.0 601.2 1217.9 607.5 0.38 54
SFIX R,2142937.0,
EFIX R,2142937.0,2143717 782 1232.2 604.3 821
SSACC R,2143719.0,
ESACC R,2143719.0,2143725 8 1228.5 614.4 1216.1 611.3 0.34 49
SFIX R,2143727.0,
EFIX R,2143727.0,2143927 202 1211.7 610.2 971
SSACC R,2143929.0,
ESACC R,2143929.0,2143941 14 1211.5 614.9 1234.8 601.7 0.72 65
SFIX R,2143943.0,
EFIX R,2143943.0,2144099 158 1220.0 605.6 1053
SSACC R,2144101.0,
SBLINK R,2144123.0,
EBLINK R,2144123.0,2144333 212
ESACC R,2144101.0,2144405 306 1217.7 595.4 1180.9 575.8 1.12 513
SFIX R,2144407.0,
EFIX R,2144407.0,2144689 284 1184.5 603.0 1359
SSACC R,2144691.0,
SBLINK R,2144725.0,
EBLINK R,2144725.0,2144879 156
ESACC R,2144691.0,2144935 246 1184.2 620.0 1215.0 577.7 1.41 1211
SFIX R,2144937.0,
EFIX R,2144937.0,2145131 196 1216.3 607.4 1229
SSACC R,2145133.0,
ESACC R,2145133.0,2145149 18 1215.0 627.8 1207.1 598.5 0.82 59
SFIX R,2145151.0,
EFIX R,2145151.0,2146249 1100 1187.7 592.1 1439
SSACC R,2146251.0,
ESACC R,2146251.0,2146255 6 1165.5 564.8 1159.3 557.5 0.26 42
SFIX R,2146257.0,
EFIX R,2146257.0,2146435 180 1158.1 558.7 1705
SSACC R,2146437.0,
ESACC R,2146437.0,2146451 16 1166.5 569.4 1205.2 572.6 1.04 89
SFIX R,2146453.0,
EFIX R,2146453.0,2146595 144 1198.5 572.3 1653
SSACC R,2146597.0,
ESACC R,2146597.0,2146603 8 1174.5 575.8 1175.2 568.4 0.20 42
SFIX R,2146605.0,
EFIX R,2146605.0,2147243 640 1182.1 565.9 1549
SSACC R,2147245.0,
ESACC R,2147245.0,2147257 14 1192.9 569.6 1172.3 565.5 0.56 50
SFIX R,2147259.0,
EFIX R,2147259.0,2149107 1850 1200.0 595.9 1209
SSACC R,2149109.0,
ESACC R,2149109.0,2149121 14 1219.4 591.0 1189.8 583.8 0.82 70
SFIX R,2149123.0,
EFIX R,2149123.0,2149421 300 1198.3 579.6 1221
SSACC R,2149423.0,
ESACC R,2149423.0,2149431 10 1203.8 583.9 1221.0 583.9 0.46 59
SFIX R,2149433.0,
EFIX R,2149433.0,2150625 1194 1216.9 581.3 1382
SSACC R,2150627.0,
ESACC R,2150627.0,2150639 14 1205.8 583.5 1184.5 576.9 0.60 61
SFIX R,2150641.0,
EFIX R,2150641.0,2150891 252 1184.9 573.5 1493
SSACC R,2150893.0,
ESACC R,2150893.0,2150905 14 1189.8 571.4 1206.5 567.1 0.46 53
SFIX R,2150907.0,
EFIX R,2150907.0,2151661 756 1200.0 556.5 1569
SSACC R,2151663.0,
SBLINK R,2151703.0,
EBLINK R,2151703.0,2151913 212
ESACC R,2151663.0,2151961 300 1209.5 568.6 1188.6 629.8 1.74 1029
SFIX R,2151963.0,
EFIX R,2151963.0,2152289 328 1196.2 619.8 1189
SSACC R,2152291.0,
ESACC R,2152291.0,2152303 14 1200.0 629.0 1207.9 610.4 0.54 55
SFIX R,2152305.0,
EFIX R,2152305.0,2152837 534 1218.1 608.1 962
SSACC R,2152839.0,
ESACC R,2152839.0,2152845 8 1223.7 610.2 1232.6 593.5 0.51 66
SFIX R,2152847.0,
EFIX R,2152847.0,2158927 6082 1200.5 586.9 1189
SSACC R,2158929.0,
ESACC R,2158929.0,2158937 10 1209.2 595.9 1220.4 587.5 0.38 51
SFIX R,2158939.0,
EFIX R,2158939.0,2159067 130 1212.6 586.4 1172
SSACC R,2159069.0,
ESACC R,2159069.0,2159075 8 1206.5 589.0 1194.1 590.2 0.33 54
SFIX R,2159077.0,
EFIX R,2159077.0,2160511 1436 1179.4 594.0 1372
SSACC R,2160513.0,
ESACC R,2160513.0,2160519 8 1200.9 606.8 1211.1 597.9 0.36 52
SFIX R,2160521.0,
EFIX R,2160521.0,2163165 2646 1221.1 604.0 891
SSACC R,2163167.0,
SBLINK R,2163203.0,
EBLINK R,2163203.0,2163419 218
ESACC R,2163167.0,2163465 300 1215.8 618.2 1175.2 582.1 1.46 1697
SFIX R,2163467.0,
EFIX R,2163467.0,2163735 270 1180.0 624.1 939
SSACC R,2163737.0,
ESACC R,2163737.0,2163743 8 1192.9 628.4 1204.8 627.5 0.32 47
SFIX R,2163745.0,
EFIX R,2163745.0,2164455 712 1219.5 617.5 922
SSACC R,2164457.0,
ESACC R,2164457.0,2164463 8 1219.5 617.0 1231.4 612.8 0.34 42
SFIX R,2164465.0,
EFIX R,2164465.0,2164777 314 1225.2 623.1 1041
SSACC R,2164779.0,
ESACC R,2164779.0,2164789 12 1221.6 622.7 1203.8 621.4 0.48 60
SFIX R,2164791.0,
EFIX R,2164791.0,2165081 292 1196.2 624.8 1177
SSACC R,2165083.0,
ESACC R,2165083.0,2165095 14 1191.4 621.7 1210.0 617.3 0.51 46
SFIX R,2165097.0,
EFIX R,2165097.0,2165919 824 1206.2 612.0 1265
SSACC R,2165921.0,
ESACC R,2165921.0,2165927 8 1211.3 615.1 1221.1 610.7 0.29 47
SFIX R,2165929.0,
EFIX R,2165929.0,2168201 2274 1231.6 601.5 781
SSACC R,2168203.0,
ESACC R,2168203.0,2168213 12 1230.4 580.3 1249.2 581.9 0.50 58
SFIX R,2168215.0,
EFIX R,2168215.0,2168613 400 1233.9 587.1 749
SSACC R,2168615.0,
ESACC R,2168615.0,2168691 78 1221.0 586.4 1208.6 579.6 0.38 98
SFIX R,2168693.0,
EFIX R,2168693.0,2168719 28 1213.1 580.6 781
SSACC R,2168721.0,
ESACC R,2168721.0,2168725 6 1213.7 576.9 1216.2 563.7 0.36 62
SFIX R,2168727.0,
EFIX R,2168727.0,2170539 1814 1210.0 603.7 1066
SSACC R,2170541.0,
SBLINK R,2170577.0,
EBLINK R,2170577.0,2170711 136
ESACC R,2170541.0,2170799 260 1202.3 612.0 1177.8 597.3 0.77 975
SFIX R,2170801.0,
EFIX R,2170801.0,2170987 188 1187.4 605.9 1347
SSACC R,2170989.0,
ESACC R,2170989.0,2171015 28 1199.7 596.5 1208.7 573.9 0.65 62
SFIX R,2171017.0,
EFIX R,2171017.0,2171685 670 1234.8 618.4 1074
SSACC R,2171687.0,
ESACC R,2171687.0,2171691 6 1241.3 639.4 1245.7 628.0 0.33 62
SFIX R,2171693.0,
EFIX R,2171693.0,2174581 2890 1225.7 618.1 1048
SSACC R,2174583.0,
ESACC R,2174583.0,2174591 10 1221.3 610.1 1205.4 603.0 0.47 57
SFIX R,2174593.0,
EFIX R,2174593.0,2174695 104 1205.7 602.2 1211
SSACC R,2174697.0,
ESACC R,2174697.0,2174713 18 1206.9 605.2 1245.8 616.6 1.08 88
SFIX R,2174715.0,
EFIX R,2174715.0,2174793 80 1238.8 614.5 1221
SSACC R,2174795.0,
ESACC R,2174795.0,2174811 18 1237.8 615.1 1200.9 615.3 0.99 70
SFIX R,2174813.0,
EFIX R,2174813.0,2181889 7078 1234.9 623.2 895
SSACC R,2181891.0,
ESACC R,2181891.0,2181899 10 1246.2 600.6 1229.6 609.8 0.51 63
SFIX R,2181901.0,
EFIX R,2181901.0,2182139 240 1225.4 620.6 735
SSACC R,2182141.0,
ESACC R,2182141.0,2182145 6 1220.9 631.4 1221.9 620.1 0.30 53
SFIX R,2182147.0,
EFIX R,2182147.0,2182755 610 1229.6 614.3 761
SSACC R,2182757.0,
ESACC R,2182757.0,2182765 10 1227.9 615.3 1246.7 618.7 0.51 62
SFIX R,2182767.0,
EFIX R,2182767.0,2183365 600 1243.8 616.0 940
SSACC R,2183367.0,
ESACC R,2183367.0,2183371 6 1238.7 621.0 1231.6 613.6 0.27 52
SFIX R,2183373.0,
EFIX R,2183373.0,2184315 944 1215.5 609.9 1127
SSACC R,2184317.0,
ESACC R,2184317.0,2184327 12 1207.8 607.5 1230.2 607.2 0.60 73
SFIX R,2184329.0,
EFIX R,2184329.0,2188229 3902 1237.6 623.2 795
SSACC R,2188231.0,
ESACC R,2188231.0,2188243 14 1224.8 631.3 1224.0 641.3 0.27 57
SFIX R,2188245.0,
EFIX R,2188245.0,2190149 1906 1230.8 645.4 944
SSACC R,2190151.0,
SBLINK R,2190197.0,
EBLINK R,2190197.0,2190291 96
ESACC R,2190151.0,2190351 202 1224.3 634.0 1226.4 604.2 0.80 1884
SFIX R,2190353.0,
EFIX R,2190353.0,2194089 3738 1245.7 636.5 911
SSACC R,2194091.0,
SBLINK R,2194133.0,
EBLINK R,2194133.0,2194407 276
ESACC R,2194091.0,2194503 414 1250.7 614.8 1219.3 627.5 0.90 1876
SFIX R,2194505.0,
EFIX R,2194505.0,2194725 222 1223.9 623.0 916
SSACC R,2194727.0,
SBLINK R,2194749.0,
EBLINK R,2194749.0,2194879 132
ESACC R,2194727.0,2194909 184 1226.2 626.8 1235.2 565.2 1.67 1982
SFIX R,2194911.0,
EFIX R,2194911.0,2196867 1958 1232.5 604.3 944
SSACC R,2196869.0,
ESACC R,2196869.0,2196883 16 1212.1 618.8 1244.6 625.0 0.88 71
SFIX R,2196885.0,
EFIX R,2196885.0,2197547 664 1219.2 621.3 1382
SSACC R,2197549.0,
ESACC R,2197549.0,2197555 8 1211.0 615.4 1199.1 619.8 0.34 50
SFIX R,2197557.0,
EFIX R,2197557.0,2198029 474 1206.4 615.5 1359
SSACC R,2198031.0,
SBLINK R,2198137.0,
EBLINK R,2198137.0,2198301 166
ESACC R,2198031.0,2198345 316 1190.9 619.4 1173.5 558.4 1.71 785
SFIX R,2198347.0,
EFIX R,2198347.0,2198873 528 1190.5 601.9 1257
SSACC R,2198875.0,
ESACC R,2198875.0,2198887 14 1204.6 604.6 1225.2 587.5 0.72 62
SFIX R,2198889.0,
EFIX R,2198889.0,2199039 152 1225.7 584.4 1126
SSACC R,2199041.0,
SBLINK R,2199061.0,
EBLINK R,2199061.0,2199287 228
ESACC R,2199041.0,2199357 318 1223.9 566.8 1184.8 575.6 1.07 433
SFIX R,2199359.0,
EFIX R,2199359.0,2199805 448 1202.9 601.7 1202
SSACC R,2199807.0,
ESACC R,2199807.0,2199817 12 1219.0 604.4 1233.1 592.2 0.50 61
SFIX R,2199819.0,
EFIX R,2199819.0,2200223 406 1230.2 589.5 1167
SSACC R,2200225.0,
ESACC R,2200225.0,2200233 10 1232.8 597.7 1218.7 609.2 0.49 62
SFIX R,2200235.0,
EFIX R,2200235.0,2203485 3252 1207.1 589.1 1521
SSACC R,2203487.0,
SBLINK R,2203523.0,
EBLINK R,2203523.0,2203667 146
ESACC R,2203487.0,2203705 220 1216.2 613.6 1207.2 586.0 0.78 894
SFIX R,2203707.0,
EFIX R,2203707.0,2204545 840 1228.3 619.9 1101
SSACC R,2204547.0,
SBLINK R,2204571.0,
EBLINK R,2204571.0,2204719 150
ESACC R,2204547.0,2204767 222 1239.4 626.7 1192.4 554.5 2.31 2298
SFIX R,2204769.0,
EFIX R,2204769.0,2204939 172 1192.5 595.2 1096
SSACC R,2204941.0,
ESACC R,2204941.0,2204953 14 1191.1 610.3 1210.4 612.0 0.52 57
SFIX R,2204955.0,
EFIX R,2204955.0,2207123 2170 1217.7 609.3 1248
SSACC R,2207125.0,
ESACC R,2207125.0,2207143 20 1214.0 599.2 1181.4 599.0 0.87 68
SFIX R,2207145.0,
EFIX R,2207145.0,2207541 398 1189.0 591.7 1483
SSACC R,2207543.0,
ESACC R,2207543.0,2207549 8 1186.4 580.8 1199.4 573.6 0.40 56
SFIX R,2207551.0,
EFIX R,2207551.0,2208957 1408 1202.3 592.9 1530
SSACC R,2208959.0,
SBLINK R,2208983.0,
EBLINK R,2208983.0,2209181 200
ESACC R,2208959.0,2209221 264 1219.7 609.5 1216.5 589.7 0.54 546
SFIX R,2209223.0,
EFIX R,2209223.0,2209665 444 1230.8 606.1 1072
SSACC R,2209667.0,
ESACC R,2209667.0,2209677 12 1240.3 620.9 1221.8 615.0 0.52 59
SFIX R,2209679.0,
EFIX R,2209679.0,2212199 2522 1206.0 600.9 1140
SSACC R,2212201.0,
SBLINK R,2212243.0,
EBLINK R,2212243.0,2212375 134
ESACC R,2212201.0,2212449 250 1186.5 594.8 1162.6 586.1 0.68 1003
SFIX R,2212451.0,
EFIX R,2212451.0,2213413 964 1203.0 606.1 1345
SSACC R,2213415.0,
ESACC R,2213415.0,2213419 6 1211.2 608.9 1216.7 605.1 0.18 53
SFIX R,2213421.0,
EFIX R,2213421.0,2214231 812 1215.6 597.0 1144
SSACC R,2214233.0,
SBLINK R,2214271.0,
EBLINK R,2214271.0,2214399 130
ESACC R,2214233.0,2214463 232 1203.8 599.4 1216.2 578.9 0.64 2198
SFIX R,2214465.0,
EFIX R,2214465.0,2216057 1594 1223.7 597.3 978
SSACC R,2216059.0,
ESACC R,2216059.0,2216069 12 1205.8 606.2 1189.0 598.4 0.50 54
SFIX R,2216071.0,
EFIX R,2216071.0,2216573 504 1191.1 597.9 1258
SSACC R,2216575.0,
ESACC R,2216575.0,2216589 16 1185.5 606.1 1209.6 588.6 0.80 73
SFIX R,2216591.0,
EFIX R,2216591.0,2217201 612 1188.2 592.0 1443
SSACC R,2217203.0,
SBLINK R,2217235.0,
EBLINK R,2217235.0,2217393 160
ESACC R,2217203.0,2217503 302 1171.5 586.2 1153.2 561.0 0.84 1202
SFIX R,2217505.0,
EFIX R,2217505.0,2220415 2912 1198.3 583.9 1232
SSACC R,2220417.0,
ESACC R,2220417.0,2220421 6 1213.4 604.6 1218.3 592.8 0.34 56
SFIX R,2220423.0,
EFIX R,2220423.0,2221895 1474 1205.3 595.5 1219
SSACC R,2221897.0,
SBLINK R,2221931.0,
EBLINK R,2221931.0,2222095 166
ESACC R,2221897.0,2222147 252 1215.9 606.8 1194.0 613.2 0.61 1251
SFIX R,2222149.0,
EFIX R,2222149.0,2222259 112 1197.5 636.8 1454
SSACC R,2222261.0,
ESACC R,2222261.0,2222285 26 1201.6 642.0 1217.8 597.6 1.27 84
SFIX R,2222287.0,
EFIX R,2222287.0,2223017 732 1225.6 627.3 1311
SSACC R,2223019.0,
SBLINK R,2223051.0,
EBLINK R,2223051.0,2223255 206
ESACC R,2223019.0,2223303 286 1215.8 626.3 1210.2 593.8 0.89 1228
SFIX R,2223305.0,
EFIX R,2223305.0,2223609 306 1215.8 574.8 1311
SSACC R,2223611.0,
ESACC R,2223611.0,2223619 10 1211.7 579.7 1198.5 597.1 0.59 68
SFIX R,2223621.0,
EFIX R,2223621.0,2224451 832 1206.4 609.8 1266
SSACC R,2224453.0,
SBLINK R,2224473.0,
EBLINK R,2224473.0,2224647 176
ESACC R,2224453.0,2224697 246 1201.6 616.9 1210.0 612.0 0.26 654
SFIX R,2224699.0,
EFIX R,2224699.0,2225411 714 1217.0 585.0 1302
SSACC R,2225413.0,
SBLINK R,2225459.0,
EBLINK R,2225459.0,2225667 210
ESACC R,2225413.0,2225737 326 1214.4 593.8 1176.0 623.9 1.31 726
SFIX R,2225739.0,
EFIX R,2225739.0,2225819 82 1182.1 621.7 1260
SSACC R,2225821.0,
ESACC R,2225821.0,2225843 24 1188.7 618.8 1203.2 565.2 1.50 115
SFIX R,2225845.0,
EFIX R,2225845.0,2226083 240 1216.7 583.5 1349
SSACC R,2226085.0,
ESACC R,2226085.0,2226099 16 1233.6 588.6 1203.5 570.7 0.94 75
SFIX R,2226101.0,
EFIX R,2226101.0,2227371 1272 1211.3 570.4 1412
SSACC R,2227373.0,
ESACC R,2227373.0,2227383 12 1194.3 575.7 1215.9 568.0 0.61 68
SFIX R,2227385.0,
EFIX R,2227385.0,2228259 876 1221.4 570.0 1667
SSACC R,2228261.0,
SBLINK R,2228297.0,
EBLINK R,2228297.0,2228459 164
ESACC R,2228261.0,2228559 300 1239.7 576.5 1222.2 610.7 1.03 1220
SFIX R,2228561.0,
EFIX R,2228561.0,2228669 110 1230.7 601.2 1543
SSACC R,2228671.0,
ESACC R,2228671.0,2228677 8 1237.4 591.6 1239.6 576.3 0.42 66
SFIX R,2228679.0,
EFIX R,2228679.0,2229483 806 1234.3 585.2 1408
SSACC R,2229485.0,
ESACC R,2229485.0,2229493 10 1224.5 582.5 1232.1 563.4 0.55 68
SFIX R,2229495.0,
EFIX R,2229495.0,2230643 1150 1234.1 562.8 1358
SSACC R,2230645.0,
ESACC R,2230645.0,2230663 20 1238.6 582.5 1255.1 554.6 0.87 61
SFIX R,2230665.0,
EFIX R,2230665.0,2230923 260 1243.5 564.6 1198
SSACC R,2230925.0,
ESACC R,2230925.0,2230935 12 1238.3 559.2 1219.7 568.3 0.55 59
SFIX R,2230937.0,
EFIX R,2230937.0,2231293 358 1217.1 564.9 1212
SSACC R,2231295.0,
SBLINK R,2231347.0,
EBLINK R,2231347.0,2231625 280
ESACC R,2231295.0,2231685 392 1203.8 563.9 1197.5 601.5 1.03 532
SFIX R,2231687.0,
EFIX R,2231687.0,2231805 120 1210.9 592.6 1400
SSACC R,2231807.0,
ESACC R,2231807.0,2231825 20 1213.1 584.6 1206.5 546.4 1.04 79
SFIX R,2231827.0,
EFIX R,2231827.0,2232525 700 1217.1 591.2 1243
SSACC R,2232527.0,
ESACC R,2232527.0,2232545 20 1219.8 595.1 1182.0 593.7 1.01 82
SFIX R,2232547.0,
EFIX R,2232547.0,2233677 1132 1188.5 603.2 1396
SSACC R,2233679.0,
ESACC R,2233679.0,2233687 10 1192.5 599.6 1207.0 593.6 0.42 53
SFIX R,2233689.0,
EFIX R,2233689.0,2235479 1792 1205.5 582.5 1424
SSACC R,2235481.0,
SBLINK R,2235513.0,
EBLINK R,2235513.0,2235709 198
ESACC R,2235481.0,2235753 274 1218.6 595.9 1191.5 559.7 1.21 1064
SFIX R,2235755.0,
EFIX R,2235755.0,2236147 394 1215.3 549.4 1288
SSACC R,2236149.0,
ESACC R,2236149.0,2236167 20 1228.4 552.7 1205.9 603.9 1.50 124
SFIX R,2236169.0,
EFIX R,2236169.0,2236535 368 1217.7 607.0 1129
SSACC R,2236537.0,
ESACC R,2236537.0,2236551 16 1218.4 605.8 1224.6 570.0 0.98 93
SFIX R,2236553.0,
EFIX R,2236553.0,2237329 778 1223.9 558.1 1218
SSACC R,2237331.0,
SBLINK R,2237369.0,
EBLINK R,2237369.0,2237559 192
ESACC R,2237331.0,2237623 294 1204.3 553.1 1174.6 547.3 0.81 1065
SFIX R,2237625.0,
EFIX R,2237625.0,2241367 3744 1208.3 577.6 1373
SSACC R,2241369.0,
ESACC R,2241369.0,2241373 6 1216.7 580.3 1222.5 570.6 0.30 59
SFIX R,2241375.0,
EFIX R,2241375.0,2247899 6526 1211.7 592.3 1324
SSACC R,2247901.0,
ESACC R,2247901.0,2247911 12 1204.9 603.5 1224.2 595.8 0.56 52
SFIX R,2247913.0,
EFIX R,2247913.0,2248767 856 1229.1 608.9 1070
SSACC R,2248769.0,
SBLINK R,2248821.0,
EBLINK R,2248821.0,2248991 172
ESACC R,2248769.0,2249063 296 1235.3 602.9 1229.4 573.1 0.82 1958
SFIX R,2249065.0,
EFIX R,2249065.0,2251763 2700 1220.1 595.5 1094
SSACC R,2251765.0,
SBLINK R,2251785.0,
EBLINK R,2251785.0,2251903 120
ESACC R,2251765.0,2251961 198 1198.2 597.9 1185.3 568.5 0.86 1907
SFIX R,2251963.0,
EFIX R,2251963.0,2253499 1538 1210.1 592.7 1046
SSACC R,2253501.0,
ESACC R,2253501.0,2253509 10 1208.8 608.4 1222.5 603.4 0.39 52
SFIX R,2253511.0,
EFIX R,2253511.0,2254207 698 1220.1 613.2 1078
SSACC R,2254209.0,
SBLINK R,2254243.0,
EBLINK R,2254243.0,2254437 196
ESACC R,2254209.0,2254507 300 1212.0 615.7 1209.2 594.5 0.58 1997
SFIX R,2254509.0,
EFIX R,2254509.0,2254929 422 1213.6 600.0 1051
SSACC R,2254931.0,
SBLINK R,2254973.0,
EBLINK R,2254973.0,2255217 246
ESACC R,2254931.0,2255283 354 1215.8 594.7 1218.0 623.1 0.77 2200
SFIX R,2255285.0,
EFIX R,2255285.0,2255623 340 1215.0 601.4 1059
SSACC R,2255625.0,
ESACC R,2255625.0,2255629 6 1208.1 610.2 1200.8 608.8 0.20 56
SFIX R,2255631.0,
EFIX R,2255631.0,2256163 534 1206.5 610.7 1065
SSACC R,2256165.0,
SBLINK R,2256213.0,
EBLINK R,2256213.0,2256407 196
ESACC R,2256165.0,2256443 280 1196.0 606.4 1192.9 609.6 0.12 425
SFIX R,2256445.0,
EFIX R,2256445.0,2256757 314 1196.2 627.0 1239
SSACC R,2256759.0,
ESACC R,2256759.0,2256787 30 1193.4 630.6 1194.0 559.2 1.92 103
SFIX R,2256789.0,
EFIX R,2256789.0,2257631 844 1188.7 582.7 1313
SSACC R,2257633.0,
ESACC R,2257633.0,2257651 20 1170.9 594.5 1190.4 568.1 0.88 76
SFIX R,2257653.0,
EFIX R,2257653.0,2258725 1074 1195.6 559.5 1597
SSACC R,2258727.0,
SBLINK R,2258769.0,
EBLINK R,2258769.0,2259053 286
ESACC R,2258727.0,2259149 424 1196.6 625.7 1121.9 625.7 2.01 1206
SFIX R,2259151.0,
EFIX R,2259151.0,2259209 60 1121.6 631.7 1757
SSACC R,2259211.0,
ESACC R,2259211.0,2259231 22 1126.5 638.4 1202.9 599.1 2.31 174
SFIX R,2259233.0,
EFIX R,2259233.0,2261119 1888 1198.4 585.7 1750
SSACC R,2261121.0,
ESACC R,2261121.0,2261249 130 1184.9 599.7 1178.7 608.4 0.29 636
SFIX R,2261251.0,
EFIX R,2261251.0,2261301 52 1181.2 592.7 1728
SSACC R,2261303.0,
SBLINK R,2261341.0,
EBLINK R,2261341.0,2261511 172
ESACC R,2261303.0,2261623 322 1173.3 594.2 1156.4 609.2 0.61 1150
SFIX R,2261625.0,
EFIX R,2261625.0,2261715 92 1163.6 604.3 1732
SSACC R,2261717.0,
ESACC R,2261717.0,2261757 42 1164.3 604.2 1175.0 535.7 1.87 164
SFIX R,2261759.0,
EFIX R,2261759.0,2263131 1374 1193.4 526.8 1469
SSACC R,2263133.0,
ESACC R,2263133.0,2263145 14 1175.8 535.5 1156.6 529.8 0.54 56
SFIX R,2263147.0,
EFIX R,2263147.0,2263893 748 1186.0 529.0 1402
SSACC R,2263895.0,
SBLINK R,2263933.0,
EBLINK R,2263933.0,2264139 208
ESACC R,2263895.0,2264205 312 1197.0 531.4 1183.6 570.9 1.12 1217
SFIX R,2264207.0,
EFIX R,2264207.0,2265479 1274 1178.9 569.7 1347
SSACC R,2265481.0,
SBLINK R,2265525.0,
EBLINK R,2265525.0,2265701 178
ESACC R,2265481.0,2265775 296 1166.5 570.8 1148.1 598.3 0.89 1337
SFIX R,2265777.0,
EFIX R,2265777.0,2267433 1658 1179.3 590.2 1543
SSACC R,2267435.0,
ESACC R,2267435.0,2267459 26 1170.6 601.6 1157.1 548.4 1.48 108
SFIX R,2267461.0,
EFIX R,2267461.0,2271725 4266 1169.9 579.1 1573
SSACC R,2271727.0,
SBLINK R,2271777.0,
EBLINK R,2271777.0,2272519 744
ESACC R,2271727.0,2272571 846 1175.2 581.2 1179.1 558.7 0.62 1056
SFIX R,2272573.0,
EFIX R,2272573.0,2272679 108 1194.8 549.9 1846
SSACC R,2272681.0,
ESACC R,2272681.0,2272685 6 1197.9 551.6 1203.2 546.0 0.21 51
SFIX R,2272687.0,
EFIX R,2272687.0,2274545 1860 1202.8 600.7 1413
SSACC R,2274547.0,
ESACC R,2274547.0,2274561 16 1157.7 612.7 1140.7 598.3 0.60 56
SFIX R,2274563.0,
EFIX R,2274563.0,2275459 898 1166.2 595.2 1458
SSACC R,2275461.0,
ESACC R,2275461.0,2275467 8 1173.4 597.4 1184.0 594.2 0.30 54
SFIX R,2275469.0,
EFIX R,2275469.0,2276893 1426 1192.7 594.4 1590
SSACC R,2276895.0,
SBLINK R,2276935.0,
EBLINK R,2276935.0,2277115 182
ESACC R,2276895.0,2277277 384 1172.2 612.8 1173.7 615.7 0.09 1073
SFIX R,2277279.0,
EFIX R,2277279.0,2277485 208 1172.9 615.9 1665
SSACC R,2277487.0,
ESACC R,2277487.0,2277501 16 1170.7 626.4 1198.7 621.8 0.76 64
SFIX R,2277503.0,
EFIX R,2277503.0,2278313 812 1207.3 617.4 1479
SSACC R,2278315.0,
ESACC R,2278315.0,2278321 8 1186.9 611.0 1182.9 596.5 0.41 67
SFIX R,2278323.0,
EFIX R,2278323.0,2279223 902 1204.8 595.8 1493
SSACC R,2279225.0,
ESACC R,2279225.0,2279231 8 1223.6 589.2 1217.0 581.5 0.27 47
SFIX R,2279233.0,
EFIX R,2279233.0,2279387 156 1221.5 579.8 1347
SSACC R,2279389.0,
ESACC R,2279389.0,2279393 6 1221.8 579.3 1228.7 579.4 0.18 44
SFIX R,2279395.0,
EFIX R,2279395.0,2280553 1160 1217.4 599.4 1218
SSACC R,2280555.0,
ESACC R,2280555.0,2280563 10 1215.1 614.2 1233.9 613.9 0.50 58
SFIX R,2280565.0,
EFIX R,2280565.0,2281755 1192 1220.4 597.5 1449
SSACC R,2281757.0,
SBLINK R,2281801.0,
EBLINK R,2281801.0,2282149 350
ESACC R,2281757.0,2282217 462 1180.1 619.1 1150.7 607.6 0.85 664
SFIX R,2282219.0,
EFIX R,2282219.0,2284821 2604 1204.4 611.3 1298
SSACC R,2284823.0,
ESACC R,2284823.0,2284827 6 1217.7 608.1 1217.4 602.8 0.14 40
SFIX R,2284829.0,
EFIX R,2284829.0,2285539 712 1213.6 603.8 1372
SSACC R,2285541.0,
ESACC R,2285541.0,2285549 10 1195.1 605.7 1175.8 611.6 0.54 66
SFIX R,2285551.0,
EFIX R,2285551.0,2285761 212 1176.3 617.1 1478
SSACC R,2285763.0,
ESACC R,2285763.0,2285775 14 1171.9 629.4 1190.3 610.8 0.70 54
SFIX R,2285777.0,
EFIX R,2285777.0,2287685 1910 1194.9 600.4 1505
SSACC R,2287687.0,
ESACC R,2287687.0,2287695 10 1206.7 598.1 1220.0 594.1 0.37 44
SFIX R,2287697.0,
EFIX R,2287697.0,2288829 1134 1203.4 597.2 1470
SSACC R,2288831.0,
SBLINK R,2288857.0,
EBLINK R,2288857.0,2289033 178
ESACC R,2288831.0,2289087 258 1200.9 601.3 1192.7 601.5 0.22 1067
SFIX R,2289089.0,
EFIX R,2289089.0,2290711 1624 1206.1 613.7 1368
SSACC R,2290713.0,
SBLINK R,2290747.0,
EBLINK R,2290747.0,2291275 530
ESACC R,2290713.0,2291369 658 1181.4 602.9 1190.1 586.9 0.49 941
SFIX R,2291371.0,
EFIX R,2291371.0,2291451 82 1200.9 586.8 1666
SSACC R,2291453.0,
ESACC R,2291453.0,2291467 16 1208.8 587.4 1179.6 570.7 0.90 83
SFIX R,2291469.0,
EFIX R,2291469.0,2292351 884 1202.1 598.7 1342
SSACC R,2292353.0,
SBLINK R,2292389.0,
EBLINK R,2292389.0,2292571 184
ESACC R,2292353.0,2292621 270 1193.0 592.1 1189.5 602.4 0.29 792
SFIX R,2292623.0,
EFIX R,2292623.0,2292871 250 1200.4 598.3 1579
SSACC R,2292873.0,
ESACC R,2292873.0,2292881 10 1198.4 600.6 1186.0 584.0 0.56 67
SFIX R,2292883.0,
EFIX R,2292883.0,2293621 740 1186.7 596.2 1567
SSACC R,2293623.0,
SBLINK R,2293677.0,
EBLINK R,2293677.0,2294005 330
ESACC R,2293623.0,2294163 542 1171.7 605.4 1154.3 593.0 0.57 922
SFIX R,2294165.0,
EFIX R,2294165.0,2295787 1624 1185.0 582.7 1585
SSACC R,2295789.0,
ESACC R,2295789.0,2295805 18 1154.4 578.3 1189.6 558.9 1.08 87
SFIX R,2295807.0,
EFIX R,2295807.0,2296153 348 1183.1 545.1 1910
SSACC R,2296155.0,
SBLINK R,2296221.0,
EBLINK R,2296221.0,2296359 140
ESACC R,2296155.0,2296503 350 1161.5 572.9 1159.6 578.2 0.15 1252
SFIX R,2296505.0,
EFIX R,2296505.0,2296991 488 1177.1 588.3 1894
SSACC R,2296993.0,
SBLINK R,2297033.0,
EBLINK R,2297033.0,2297363 332
ESACC R,2296993.0,2297499 508 1170.8 622.3 1141.2 573.4 1.54 716
SFIX R,2297501.0,
EFIX R,2297501.0,2297649 150 1150.5 566.6 1917
SSACC R,2297651.0,
ESACC R,2297651.0,2297659 10 1149.9 569.5 1149.5 587.8 0.49 58
SFIX R,2297661.0,
EFIX R,2297661.0,2297825 166 1149.6 600.0 1942
SSACC R,2297827.0,
ESACC R,2297827.0,2297861 36 1147.1 627.1 1161.0 592.5 1.00 104
SFIX R,2297863.0,
EFIX R,2297863.0,2298235 374 1162.2 590.6 1708
SSACC R,2298237.0,
ESACC R,2298237.0,2298245 10 1165.9 592.0 1180.4 599.2 0.43 64
SFIX R,2298247.0,
EFIX R,2298247.0,2298695 450 1180.6 602.5 1782
SSACC R,2298697.0,
ESACC R,2298697.0,2298705 10 1165.5 599.3 1155.9 587.8 0.40 53
SFIX R,2298707.0,
EFIX R,2298707.0,2300285 1580 1159.0 601.5 1841
SSACC R,2300287.0,
ESACC R,2300287.0,2300291 6 1161.8 588.7 1165.4 584.3 0.15 38
SFIX R,2300293.0,
EFIX R,2300293.0,2301455 1164 1156.4 589.6 1985
SSACC R,2301457.0,
SBLINK R,2301487.0,
EBLINK R,2301487.0,2301585 100
ESACC R,2301457.0,2301687 232 1150.0 597.1 1131.4 571.6 0.85 1194
SFIX R,2301689.0,
EFIX R,2301689.0,2301893 206 1146.5 567.8 1991
SSACC R,2301895.0,
ESACC R,2301895.0,2301909 16 1149.4 565.9 1155.9 543.2 0.64 70
SFIX R,2301911.0,
EFIX R,2301911.0,2302365 456 1175.1 552.1 1866
SSACC R,2302367.0,
ESACC R,2302367.0,2302375 10 1182.9 552.0 1163.3 558.0 0.55 66
SFIX R,2302377.0,
EFIX R,2302377.0,2302927 552 1166.4 563.9 1801
SSACC R,2302929.0,
SBLINK R,2302961.0,
EBLINK R,2302961.0,2303187 228
ESACC R,2302929.0,2303277 350 1172.6 558.9 1147.0 549.1 0.74 1297
SFIX R,2303279.0,
EFIX R,2303279.0,2304523 1246 1175.0 560.8 1827
SSACC R,2304525.0,
ESACC R,2304525.0,2304531 8 1163.8 552.5 1159.2 536.9 0.44 66
SFIX R,2304533.0,
EFIX R,2304533.0,2305785 1254 1162.6 543.4 1927
SSACC R,2305787.0,
SBLINK R,2305821.0,
EBLINK R,2305821.0,2305977 158
ESACC R,2305787.0,2306127 342 1177.3 560.2 1184.5 538.2 0.62 1300
SFIX R,2306129.0,
EFIX R,2306129.0,2306635 508 1176.2 553.5 1611
SSACC R,2306637.0,
ESACC R,2306637.0,2306643 8 1174.6 574.6 1179.3 587.6 0.37 52
SFIX R,2306645.0,
EFIX R,2306645.0,2306987 344 1174.7 598.8 1394
SSACC R,2306989.0,
ESACC R,2306989.0,2306997 10 1166.7 602.4 1152.8 588.9 0.52 64
SFIX R,2306999.0,
EFIX R,2306999.0,2307561 564 1161.5 592.6 1489
SSACC R,2307563.0,
ESACC R,2307563.0,2307573 12 1155.2 600.9 1175.5 609.4 0.59 64
SFIX R,2307575.0,
EFIX R,2307575.0,2308043 470 1171.0 612.2 1612
SSACC R,2308045.0,
ESACC R,2308045.0,2308049 6 1180.4 613.1 1178.0 601.3 0.32 52
SFIX R,2308051.0,
EFIX R,2308051.0,2311965 3916 1167.7 602.8 1615
SSACC R,2311967.0,
ESACC R,2311967.0,2311971 6 1168.9 609.3 1175.0 612.8 0.19 43
SFIX R,2311973.0,
EFIX R,2311973.0,2312945 974 1175.5 598.9 1644
SSACC R,2312947.0,
SBLINK R,2312985.0,
EBLINK R,2312985.0,2313153 170
ESACC R,2312947.0,2313271 326 1193.0 601.0 1153.6 551.8 1.70 878
SFIX R,2313273.0,
EFIX R,2313273.0,2313727 456 1185.6 557.9 1599
SSACC R,2313729.0,
SBLINK R,2313759.0,
EBLINK R,2313759.0,2313975 218
ESACC R,2313729.0,2314083 356 1212.3 584.5 1172.3 619.3 1.42 1321
SFIX R,2314085.0,
EFIX R,2314085.0,2314239 156 1175.9 629.4 1480
SSACC R,2314241.0,
ESACC R,2314241.0,2314263 24 1171.2 645.1 1191.5 590.4 1.57 100
SFIX R,2314265.0,
EFIX R,2314265.0,2315445 1182 1201.7 623.0 1537
SSACC R,2315447.0,
SBLINK R,2315485.0,
EBLINK R,2315485.0,2315647 164
ESACC R,2315447.0,2315767 322 1195.8 622.8 1156.7 570.2 1.76 1039
SFIX R,2315769.0,
EFIX R,2315769.0,2316041 274 1171.9 574.3 1798
SSACC R,2316043.0,
ESACC R,2316043.0,2316047 6 1180.6 568.8 1180.8 579.2 0.28 47
SFIX R,2316049.0,
EFIX R,2316049.0,2317355 1308 1173.7 586.0 1791
SSACC R,2317357.0,
ESACC R,2317357.0,2317361 6 1170.6 591.0 1172.6 575.3 0.43 66
SFIX R,2317363.0,
EFIX R,2317363.0,2318847 1486 1177.3 559.4 1905
SSACC R,2318849.0,
SBLINK R,2318891.0,
EBLINK R,2318891.0,2319015 126
ESACC R,2318849.0,2319129 282 1174.0 566.1 1158.2 581.9 0.60 938
SFIX R,2319131.0,
EFIX R,2319131.0,2319347 218 1168.1 568.8 2026
SSACC R,2319349.0,
SBLINK R,2319379.0,
EBLINK R,2319379.0,2319519 142
ESACC R,2319349.0,2319635 288 1169.6 571.2 1179.6 573.2 0.27 1372
SFIX R,2319637.0,
EFIX R,2319637.0,2322177 2542 1194.5 569.9 1848
SSACC R,2322179.0,
ESACC R,2322179.0,2322193 16 1188.7 564.0 1208.3 555.0 0.58 49
SFIX R,2322195.0,
EFIX R,2322195.0,2322763 570 1201.1 555.9 2063
SSACC R,2322765.0,
SBLINK R,2322819.0,
EBLINK R,2322819.0,2323075 258
ESACC R,2322765.0,2323207 444 1189.4 580.3 1165.0 573.9 0.68 1013
SFIX R,2323209.0,
EFIX R,2323209.0,2325425 2218 1187.5 589.4 1738
SSACC R,2325427.0,
ESACC R,2325427.0,2325469 44 1186.9 594.6 1371.3 680.6 5.39 174
SFIX R,2325471.0,
EFIX R,2325471.0,2325623 154 1386.4 676.3 1878
SSACC R,2325625.0,
ESACC R,2325625.0,2325657 34 1378.6 682.7 1265.5 583.5 3.98 245
SFIX R,2325659.0,
EFIX R,2325659.0,2325777 120 1261.8 592.3 1912
SSACC R,2325779.0,
ESACC R,2325779.0,2325799 22 1253.5 592.3 1215.6 553.1 1.46 103
SFIX R,2325801.0,
EFIX R,2325801.0,2325983 184 1227.8 565.8 1870
SSACC R,2325985.0,
ESACC R,2325985.0,2325995 12 1223.2 564.8 1208.4 559.2 0.42 58
SFIX R,2325997.0,
EFIX R,2325997.0,2330261 4266 1180.1 540.5 2036
SSACC R,2330263.0,
SBLINK R,2330315.0,
EBLINK R,2330315.0,2330733 420
ESACC R,2330263.0,2330793 532 1161.0 565.0 1099.6 557.8 1.67 599
SFIX R,2330795.0,
EFIX R,2330795.0,2331011 218 1126.5 522.0 2295
SSACC R,2331013.0,
ESACC R,2331013.0,2331031 20 1141.2 521.5 1192.4 519.2 1.38 110
SFIX R,2331033.0,
EFIX R,2331033.0,2332763 1732 1195.4 559.7 1921
SSACC R,2332765.0,
ESACC R,2332765.0,2332779 16 1179.7 541.4 1153.0 527.4 0.81 65
SFIX R,2332781.0,
EFIX R,2332781.0,2335121 2342 1180.7 523.8 2232
SSACC R,2335123.0,
SBLINK R,2335173.0,
EBLINK R,2335173.0,2335587 416
ESACC R,2335123.0,2335673 552 1189.5 545.8 1197.6 552.9 0.29 1147
SFIX R,2335675.0,
EFIX R,2335675.0,2336877 1204 1219.2 567.4 1815
SSACC R,2336879.0,
SBLINK R,2336917.0,
EBLINK R,2336917.0,2337127 212
ESACC R,2336879.0,2337229 352 1175.5 563.2 1166.2 555.7 0.32 1246
SFIX R,2337231.0,
EFIX R,2337231.0,2337713 484 1188.4 558.5 2145
SSACC R,2337715.0,
ESACC R,2337715.0,2337727 14 1189.4 575.6 1178.0 559.9 0.52 61
SFIX R,2337729.0,
EFIX R,2337729.0,2338353 626 1178.6 569.3 2052
SSACC R,2338355.0,
ESACC R,2338355.0,2338369 16 1163.4 563.3 1173.7 570.5 0.34 62
SFIX R,2338371.0,
EFIX R,2338371.0,2339005 636 1187.0 576.3 2177
SSACC R,2339007.0,
SBLINK R,2339063.0,
EBLINK R,2339063.0,2339613 552
ESACC R,2339007.0,2339677 672 1165.0 616.6 1148.5 584.8 0.97 771
SFIX R,2339679.0,
EFIX R,2339679.0,2340745 1068 1183.2 602.5 1775
SSACC R,2340747.0,
ESACC R,2340747.0,2340759 14 1186.8 616.5 1173.9 598.4 0.60 54
SFIX R,2340761.0,
EFIX R,2340761.0,2341127 368 1175.7 585.1 1882
SSACC R,2341129.0,
ESACC R,2341129.0,2341151 24 1164.3 585.9 1203.6 629.1 1.57 104
SFIX R,2341153.0,
EFIX R,2341153.0,2341299 148 1197.8 617.4 2012
SSACC R,2341301.0,
ESACC R,2341301.0,2341313 14 1193.6 617.4 1175.5 599.1 0.69 71
SFIX R,2341315.0,
EFIX R,2341315.0,2343073 1760 1180.0 567.3 2092
SSACC R,2343075.0,
ESACC R,2343075.0,2343083 10 1176.9 557.2 1193.1 551.1 0.46 54
SFIX R,2343085.0,
EFIX R,2343085.0,2343345 262 1190.3 552.1 2183
SSACC R,2343347.0,
ESACC R,2343347.0,2343351 6 1183.8 560.5 1171.4 558.9 0.34 56
SFIX R,2343353.0,
EFIX R,2343353.0,2344101 750 1166.2 560.3 2220
SSACC R,2344103.0,
ESACC R,2344103.0,2344113 12 1171.1 577.2 1195.5 579.5 0.66 78
SFIX R,2344115.0,
EFIX R,2344115.0,2344373 260 1205.6 575.8 2155
SSACC R,2344375.0,
ESACC R,2344375.0,2344387 14 1205.9 569.0 1184.9 565.0 0.57 47
SFIX R,2344389.0,
EFIX R,2344389.0,2344557 170 1188.8 559.6 2129
SSACC R,2344559.0,
SBLINK R,2344587.0,
EBLINK R,2344587.0,2344783 198
ESACC R,2344559.0,2344857 300 1186.8 577.4 1176.6 598.6 0.63 1470
SFIX R,2344859.0,
EFIX R,2344859.0,2344975 118 1187.5 587.7 2081
SSACC R,2344977.0,
ESACC R,2344977.0,2345007 32 1195.9 595.1 1206.2 527.0 1.86 91
SFIX R,2345009.0,
EFIX R,2345009.0,2345811 804 1202.3 557.5 1892
SSACC R,2345813.0,
ESACC R,2345813.0,2345817 6 1193.1 564.2 1203.1 562.8 0.27 50
SFIX R,2345819.0,
EFIX R,2345819.0,2351779 5962 1191.8 572.7 2064
SSACC R,2351781.0,
ESACC R,2351781.0,2351913 134 1169.0 586.1 1163.8 574.7 0.34 325
SFIX R,2351915.0,
EFIX R,2351915.0,2352019 106 1174.5 564.9 2081
SSACC R,2352021.0,
SBLINK R,2352073.0,
EBLINK R,2352073.0,2352217 146
ESACC R,2352021.0,2352287 268 1175.9 558.5 1139.2 560.2 0.99 1375
SFIX R,2352289.0,
EFIX R,2352289.0,2352821 534 1185.8 570.0 1782
SSACC R,2352823.0,
ESACC R,2352823.0,2352877 56 1197.8 595.1 1094.1 892.4 8.39 249
SFIX R,2352879.0,
EFIX R,2352879.0,2353097 220 1085.6 868.3 1540
SSACC R,2353099.0,
ESACC R,2353099.0,2353145 48 1079.1 861.1 1183.2 626.5 6.86 463
SFIX R,2353147.0,
EFIX R,2353147.0,2353305 160 1184.1 633.0 1527
SSACC R,2353307.0,
ESACC R,2353307.0,2353323 18 1184.0 643.3 1202.1 608.8 1.05 101
SFIX R,2353325.0,
EFIX R,2353325.0,2354087 764 1182.5 615.7 1566
SSACC R,2354089.0,
ESACC R,2354089.0,2354101 14 1168.8 605.8 1189.5 594.1 0.64 66
SFIX R,2354103.0,
EFIX R,2354103.0,2355087 986 1184.9 597.4 1830
SSACC R,2355089.0,
ESACC R,2355089.0,2355095 8 1184.2 596.5 1178.5 583.4 0.38 53
SFIX R,2355097.0,
EFIX R,2355097.0,2355933 838 1195.0 599.9 1844
SSACC R,2355935.0,
SBLINK R,2355973.0,
EBLINK R,2355973.0,2356153 182
ESACC R,2355935.0,2356279 346 1188.6 651.1 1179.9 617.0 0.95 888
SFIX R,2356281.0,
EFIX R,2356281.0,2356719 440 1188.8 621.6 1654
SSACC R,2356721.0,
ESACC R,2356721.0,2356761 42 1188.0 626.3 1224.3 756.0 3.61 142
SFIX R,2356763.0,
EFIX R,2356763.0,2357015 254 1216.2 731.0 1520
SSACC R,2357017.0,
ESACC R,2357017.0,2357049 34 1211.2 723.0 1197.8 622.4 2.72 146
SFIX R,2357051.0,
EFIX R,2357051.0,2358319 1270 1194.3 646.9 1652
SSACC R,2358321.0,
ESACC R,2358321.0,2358335 16 1177.0 645.5 1180.5 618.3 0.74 72
SFIX R,2358337.0,
EFIX R,2358337.0,2359685 1350 1173.8 612.6 1960
SSACC R,2359687.0,
ESACC R,2359687.0,2359699 14 1188.3 610.9 1209.7 592.5 0.76 68
SFIX R,2359701.0,
EFIX R,2359701.0,2359929 230 1213.3 592.9 1994
SSACC R,2359931.0,
ESACC R,2359931.0,2359935 6 1197.7 575.2 1197.7 567.8 0.20 59
SFIX R,2359937.0,
EFIX R,2359937.0,2360589 654 1203.2 581.7 1985
SSACC R,2360591.0,
ESACC R,2360591.0,2360597 8 1207.6 592.5 1217.2 602.4 0.37 48
SFIX R,2360599.0,
EFIX R,2360599.0,2360661 64 1218.4 612.1 1942
SSACC R,2360663.0,
SBLINK R,2360701.0,
EBLINK R,2360701.0,2360907 208
ESACC R,2360663.0,2361035 374 1213.4 628.1 1194.7 633.5 0.52 1085
SFIX R,2361037.0,
EFIX R,2361037.0,2363729 2694 1201.1 622.4 1512
SSACC R,2363731.0,
ESACC R,2363731.0,2363747 18 1192.4 640.1 1214.0 614.0 0.91 64
SFIX R,2363749.0,
EFIX R,2363749.0,2365631 1884 1192.5 601.7 1704
SSACC R,2365633.0,
SBLINK R,2365669.0,
EBLINK R,2365669.0,2365771 104
ESACC R,2365633.0,2365887 256 1158.9 608.9 1141.7 580.4 0.90 1190
SFIX R,2365889.0,
EFIX R,2365889.0,2368813 2926 1181.6 586.0 1935
SSACC R,2368815.0,
ESACC R,2368815.0,2368831 18 1173.2 554.1 1199.8 566.9 0.79 68
SFIX R,2368833.0,
EFIX R,2368833.0,2370681 1850 1199.9 586.9 1976
SSACC R,2370683.0,
SBLINK R,2370727.0,
EBLINK R,2370727.0,2370883 158
ESACC R,2370683.0,2371055 374 1194.7 613.0 1166.1 578.4 1.21 873
SFIX R,2371057.0,
EFIX R,2371057.0,2372457 1402 1185.7 627.4 1584
SSACC R,2372459.0,
ESACC R,2372459.0,2372465 8 1182.5 646.8 1183.7 633.1 0.37 56
SFIX R,2372467.0,
EFIX R,2372467.0,2374079 1614 1179.8 616.2 1836
SSACC R,2374081.0,
ESACC R,2374081.0,2374091 12 1159.6 605.9 1175.5 603.8 0.43 67
SFIX R,2374093.0,
EFIX R,2374093.0,2374271 180 1188.5 594.8 1937
SSACC R,2374273.0,
SBLINK R,2374317.0,
EBLINK R,2374317.0,2374481 166
ESACC R,2374273.0,2374619 348 1179.7 604.2 1149.9 581.1 1.01 1083
SFIX R,2374621.0,
EFIX R,2374621.0,2375531 912 1194.5 593.9 1782
SSACC R,2375533.0,
ESACC R,2375533.0,2375543 12 1218.2 609.2 1217.4 588.4 0.56 57
SFIX R,2375545.0,
MSG,2376388.0,STORY_1_END
EFIX R,2375545.0,2376697 1154 1201.4 595.0 1842
SSACC R,2376699.0,
ESACC R,2376699.0,2376743 46 1192.3 598.4 1096.4 535.0 3.10 232
SFIX R,2376745.0,
EFIX R,2376745.0,2376911 168 1100.5 531.0 2011
SSACC R,2376913.0,
ESACC R,2376913.0,2376937 26 1102.4 525.1 1039.5 508.5 1.76 143
SFIX R,2376939.0,
EFIX R,2376939.0,2377119 182 1049.0 514.3 1843
SSACC R,2377121.0,
ESACC R,2377121.0,2377143 24 1046.4 523.8 1108.6 515.7 1.70 104
SFIX R,2377145.0,
EFIX R,2377145.0,2377257 114 1110.0 518.9 1669
SSACC R,2377259.0,
ESACC R,2377259.0,2377289 32 1108.0 521.1 1247.0 497.0 3.78 236
SFIX R,2377291.0,
EFIX R,2377291.0,2377423 134 1251.4 505.5 1564
SSACC R,2377425.0,
ESACC R,2377425.0,2377461 38 1249.4 509.5 1412.1 501.8 4.28 193
SFIX R,2377463.0,
EFIX R,2377463.0,2377617 156 1412.1 505.5 1470
SSACC R,2377619.0,
ESACC R,2377619.0,2377651 34 1407.9 509.2 1449.4 503.0 1.08 104
SFIX R,2377653.0,
EFIX R,2377653.0,2377703 52 1447.7 510.4 1443
SSACC R,2377705.0,
ESACC R,2377705.0,2377755 52 1446.4 509.9 1055.3 556.5 10.41 532
SFIX R,2377757.0,
EFIX R,2377757.0,2377967 212 1043.0 554.4 1521
SSACC R,2377969.0,
ESACC R,2377969.0,2378007 40 1038.2 552.6 1161.4 548.7 3.33 192
SFIX R,2378009.0,
EFIX R,2378009.0,2378137 130 1157.6 541.9 1621
SSACC R,2378139.0,
ESACC R,2378139.0,2378163 26 1151.2 540.0 1277.8 526.3 3.40 235
SFIX R,2378165.0,
EFIX R,2378165.0,2378365 202 1289.9 524.8 1734
SSACC R,2378367.0,
ESACC R,2378367.0,2378389 24 1291.2 520.0 1375.0 508.7 2.22 188
SFIX R,2378391.0,
EFIX R,2378391.0,2378497 108 1367.9 510.4 1796
SSACC R,2378499.0,
ESACC R,2378499.0,2378553 56 1368.2 504.2 904.7 659.4 13.01 636
SFIX R,2378555.0,
EFIX R,2378555.0,2378775 222 897.3 672.0 1930
SSACC R,2378777.0,
ESACC R,2378777.0,2378823 48 895.3 679.5 1095.8 644.4 5.49 262
SFIX R,2378825.0,
EFIX R,2378825.0,2379057 234 1107.9 650.4 1991
SSACC R,2379059.0,
ESACC R,2379059.0,2379085 28 1108.6 656.4 1226.9 642.7 3.19 209
SFIX R,2379087.0,
EFIX R,2379087.0,2379219 134 1234.8 639.9 1966
SSACC R,2379221.0,
ESACC R,2379221.0,2379257 38 1233.5 640.4 1139.9 525.3 3.99 267
SFIX R,2379259.0,
EFIX R,2379259.0,2379461 204 1152.0 525.0 1975
SSACC R,2379463.0,
ESACC R,2379463.0,2379487 26 1153.9 526.4 1020.6 510.3 3.62 304
SFIX R,2379489.0,
EFIX R,2379489.0,2379773 286 1032.0 521.8 2033
SSACC R,2379775.0,
ESACC R,2379775.0,2379813 40 1029.4 527.2 1118.1 483.6 2.67 173
SFIX R,2379815.0,
EFIX R,2379815.0,2379959 146 1116.9 481.1 2088
SSACC R,2379961.0,
ESACC R,2379961.0,2380001 42 1118.4 480.5 1322.3 461.9 5.45 322
SFIX R,2380003.0,
EFIX R,2380003.0,2380309 308 1336.5 491.4 2074
SSACC R,2380311.0,
ESACC R,2380311.0,2380343 34 1342.0 498.6 1494.6 491.4 3.95 242
SFIX R,2380345.0,
EFIX R,2380345.0,2380565 222 1482.4 494.8 2057
SSACC R,2380567.0,
SBLINK R,2380603.0,
EBLINK R,2380603.0,2383029 2428
ESACC R,2380567.0,2383133 2568 1468.0 480.5 1113.4 652.5 10.39 1304
SFIX R,2383135.0,
EFIX R,2383135.0,2383187 54 1117.4 644.0 2294
SSACC R,2383189.0,
ESACC R,2383189.0,2383301 114 1113.8 637.8 1246.9 618.8 3.60 222
SFIX R,2383303.0,
EFIX R,2383303.0,2383387 86 1246.6 612.1 2275
SSACC R,2383389.0,
SBLINK R,2383425.0,
EBLINK R,2383425.0,2385335 1912
ESACC R,2383389.0,2386053 2666 1251.8 620.2 842.5 1082.0 16.19 2600
SFIX R,2386055.0,
EFIX R,2386055.0,2386241 188 851.0 1081.0 2331
SSACC R,2386243.0,
ESACC R,2386243.0,2386327 86 859.0 1091.6 1467.5 1152.2 15.56 545
SFIX R,2386329.0,
EFIX R,2386329.0,2386633 306 1451.5 1145.7 2325
SSACC R,2386635.0,
SBLINK R,2387323.0,
EBLINK R,2387323.0,2389297 1976
ESACC R,2386635.0,2389329 2696 1438.4 1139.5 1058.6 308.8 23.46 1344
SFIX R,2389331.0,
EFIX R,2389331.0,2389435 106 1074.4 313.0 1996
SSACC R,2389437.0,
ESACC R,2389437.0,2389477 42 1081.6 309.2 939.6 140.8 5.86 367
SFIX R,2389479.0,
EFIX R,2389479.0,2389547 70 960.9 149.4 1952
SSACC R,2389549.0,
ESACC R,2389549.0,2389607 60 969.9 154.9 960.2 -230.8 9.66 524
SFIX R,2389609.0,
EFIX R,2389609.0,2389707 100 964.2 -232.2 1507
SSACC R,2389709.0,
SBLINK R,2389739.0,
EBLINK R,2389739.0,2389793 56
ESACC R,2389709.0,2389833 126 968.2 -206.6 1137.2 510.8 18.81 2308
SFIX R,2389835.0,
EFIX R,2389835.0,2390307 474 1128.2 476.5 1192
SSACC R,2390309.0,
SBLINK R,2390333.0,
EBLINK R,2390333.0,2393141 2810
ESACC R,2390309.0,2393199 2892 1119.8 484.5 941.4 717.5 7.92 2152
SFIX R,2393201.0,
EFIX R,2393201.0,2393361 162 960.9 727.2 2007
SSACC R,2393363.0,
SBLINK R,2393395.0,
EBLINK R,2393395.0,2395633 2240
ESACC R,2393363.0,2396463 3102 970.0 733.5 1273.6 672.6 8.28 2964
SFIX R,2396465.0,
EFIX R,2396465.0,2396485 22 1274.5 672.0 1847
SSACC R,2396487.0,
ESACC R,2396487.0,2396523 38 1271.5 674.1 1279.8 636.0 1.04 77
SFIX R,2396525.0,
EFIX R,2396525.0,2396567 44 1279.5 621.8 1804
SSACC R,2396569.0,
SBLINK R,2396761.0,
EBLINK R,2396761.0,2405767 9008
ESACC R,2396569.0,2405923 9356 1273.9 625.7 947.8 489.2 9.49 2838
SFIX R,2405925.0,
EFIX R,2405925.0,2405981 58 953.0 479.3 2310
SSACC R,2405983.0,
ESACC R,2405983.0,2406385 404 958.0 483.5 1220.5 437.9 7.16 496
SFIX R,2406387.0,
EFIX R,2406387.0,2406999 614 1248.4 419.6 2243
SSACC R,2407001.0,
ESACC R,2407001.0,2407569 570 1248.0 405.5 1396.5 448.5 4.07 518
SFIX R,2407571.0,
EFIX R,2407571.0,2407773 204 1388.3 452.6 2273
SSACC R,2407775.0,
ESACC R,2407775.0,2407839 66 1379.8 456.3 1157.7 455.7 5.88 291
SFIX R,2407841.0,
EFIX R,2407841.0,2407945 106 1144.8 449.5 2348
SSACC R,2407947.0,
ESACC R,2407947.0,2408133 188 1144.1 448.5 1124.8 498.7 1.45 192
SFIX R,2408135.0,
EFIX R,2408135.0,2408285 152 1132.6 461.7 2517
SSACC R,2408287.0,
ESACC R,2408287.0,2408291 6 1136.7 458.6 1137.1 461.6 0.08 57
SFIX R,2408293.0,
EFIX R,2408293.0,2408455 164 1135.3 488.8 2578
SSACC R,2408457.0,
ESACC R,2408457.0,2408485 30 1127.0 512.5 1133.3 498.0 0.43 82
SFIX R,2408487.0,
EFIX R,2408487.0,2408511 26 1134.9 489.9 2571
SSACC R,2408513.0,
ESACC R,2408513.0,2408535 24 1133.6 489.9 1132.5 480.6 0.25 1401
SFIX R,2408537.0,
EFIX R,2408537.0,2408643 108 1129.8 489.7 2562
SSACC R,2408645.0,
ESACC R,2408645.0,2408657 14 1132.3 474.6 1128.4 494.6 0.55 70
SFIX R,2408659.0,
EFIX R,2408659.0,2408717 60 1128.8 483.9 2559
SSACC R,2408719.0,
ESACC R,2408719.0,2408761 44 1127.2 482.6 1128.8 459.5 0.63 73
SFIX R,2408763.0,
EFIX R,2408763.0,2408805 44 1128.4 464.7 2571
SSACC R,2408807.0,
SBLINK R,2408871.0,
EBLINK R,2408871.0,2409245 376
ESACC R,2408807.0,2409319 514 1123.4 469.7 941.1 541.5 5.30 3270
SFIX R,2409321.0,
EFIX R,2409321.0,2409419 100 949.9 553.0 2630
SSACC R,2409421.0,
ESACC R,2409421.0,2409533 114 955.3 558.1 959.0 625.6 1.83 110
SFIX R,2409535.0,
EFIX R,2409535.0,2409661 128 972.1 632.9 2624
SSACC R,2409663.0,
ESACC R,2409663.0,2410105 444 985.8 640.9 1072.5 634.4 2.35 330
SFIX R,2410107.0,
EFIX R,2410107.0,2410161 56 1071.2 629.5 2223
SSACC R,2410163.0,
SBLINK R,2410197.0,
EBLINK R,2410197.0,2410301 106
ESACC R,2410163.0,2410459 298 1068.2 628.1 999.0 546.0 2.91 3270
SFIX R,2410461.0,
EFIX R,2410461.0,2410645 186 999.9 533.4 2383
SSACC R,2410647.0,
ESACC R,2410647.0,2410733 88 1003.9 534.1 911.4 434.6 3.68 270
SFIX R,2410735.0,
EFIX R,2410735.0,2410793 60 914.4 453.2 2513
SSACC R,2410795.0,
MSG,2410875.0,STORY_2_START
SBLINK R,2410911.0,
EBLINK R,2410911.0,2411079 170
ESACC R,2410795.0,2411387 594 909.6 448.6 1147.2 627.8 8.04 1164
SFIX R,2411389.0,
EFIX R,2411389.0,2411521 134 1148.9 633.5 2347
SSACC R,2411523.0,
ESACC R,2411523.0,2411563 42 1146.1 637.3 1175.8 501.3 3.75 388
SFIX R,2411565.0,
EFIX R,2411565.0,2411715 152 1176.1 497.0 2218
SSACC R,2411717.0,
SBLINK R,2411759.0,
EBLINK R,2411759.0,2412581 824
ESACC R,2411717.0,2412643 928 1170.7 512.9 1063.0 576.4 3.37 1305
SFIX R,2412645.0,
EFIX R,2412645.0,2412717 74 1064.3 571.2 2311
SSACC R,2412719.0,
ESACC R,2412719.0,2412745 28 1067.1 575.7 1151.7 489.4 3.26 218
SFIX R,2412747.0,
EFIX R,2412747.0,2412971 226 1154.2 496.7 2293
SSACC R,2412973.0,
SBLINK R,2413009.0,
EBLINK R,2413009.0,2414131 1124
ESACC R,2412973.0,2414167 1196 1156.5 505.8 1085.3 490.8 1.96 1346
SFIX R,2414169.0,
EFIX R,2414169.0,2414317 150 1094.3 452.6 2071
SSACC R,2414319.0,
ESACC R,2414319.0,2414353 36 1097.5 439.6 1150.3 460.7 1.53 138
SFIX R,2414355.0,
EFIX R,2414355.0,2415653 1300 1169.7 480.1 1960
SSACC R,2415655.0,
SBLINK R,2415691.0,
EBLINK R,2415691.0,2415793 104
ESACC R,2415655.0,2415853 200 1134.7 483.3 1123.9 535.9 1.45 1560
SFIX R,2415855.0,
EFIX R,2415855.0,2416367 514 1150.7 476.3 2129
SSACC R,2416369.0,
SBLINK R,2416403.0,
EBLINK R,2416403.0,2416505 104
ESACC R,2416369.0,2416565 198 1146.3 479.0 1108.2 460.2 1.14 1448
SFIX R,2416567.0,
EFIX R,2416567.0,2416691 126 1120.3 442.8 2141
SSACC R,2416693.0,
ESACC R,2416693.0,2416709 18 1125.2 431.5 1159.2 448.6 1.02 94
SFIX R,2416711.0,
EFIX R,2416711.0,2416983 274 1152.7 456.3 2170
SSACC R,2416985.0,
SBLINK R,2417035.0,
EBLINK R,2417035.0,2417435 402
ESACC R,2416985.0,2417513 530 1142.7 483.9 1094.5 603.1 3.47 1128
SFIX R,2417515.0,
EFIX R,2417515.0,2417579 66 1099.3 585.1 2179
SSACC R,2417581.0,
ESACC R,2417581.0,2417621 42 1102.9 576.2 1121.4 484.1 2.54 202
SFIX R,2417623.0,
EFIX R,2417623.0,2418473 852 1136.3 492.9 2048
SSACC R,2418475.0,
SBLINK R,2418511.0,
EBLINK R,2418511.0,2418613 104
ESACC R,2418475.0,2418725 252 1126.6 536.2 1137.9 518.7 0.56 1206
SFIX R,2418727.0,
EFIX R,2418727.0,2419909 1184 1147.8 496.0 2065
SSACC R,2419911.0,
SBLINK R,2419949.0,
EBLINK R,2419949.0,2420043 96
ESACC R,2419911.0,2420135 226 1142.4 513.7 1125.8 488.9 0.81 1409
SFIX R,2420137.0,
EFIX R,2420137.0,2420601 466 1135.5 470.2 2161
SSACC R,2420603.0,
ESACC R,2420603.0,2420611 10 1136.8 476.2 1126.2 494.0 0.56 67
SFIX R,2420613.0,
EFIX R,2420613.0,2421417 806 1143.2 501.1 2180
SSACC R,2421419.0,
ESACC R,2421419.0,2421431 14 1146.9 508.2 1150.1 485.7 0.61 54
SFIX R,2421433.0,
EFIX R,2421433.0,2421709 278 1150.0 480.0 2250
SSACC R,2421711.0,
SBLINK R,2421743.0,
EBLINK R,2421743.0,2421857 116
ESACC R,2421711.0,2421977 268 1143.2 495.9 1131.4 474.0 0.67 1282
SFIX R,2421979.0,
EFIX R,2421979.0,2422693 716 1138.3 463.5 2259
SSACC R,2422695.0,
ESACC R,2422695.0,2422711 18 1131.3 472.1 1156.1 492.0 0.86 82
SFIX R,2422713.0,
EFIX R,2422713.0,2423673 962 1138.8 490.6 2224
SSACC R,2423675.0,
SBLINK R,2423713.0,
EBLINK R,2423713.0,2423845 134
ESACC R,2423675.0,2424009 336 1114.0 493.0 1109.8 491.6 0.12 1434
SFIX R,2424011.0,
EFIX R,2424011.0,2425087 1078 1140.1 486.6 2085
SSACC R,2425089.0,
SBLINK R,2425127.0,
EBLINK R,2425127.0,2425307 182
ESACC R,2425089.0,2425415 328 1138.9 502.0 1121.5 543.9 1.23 1302
SFIX R,2425417.0,
EFIX R,2425417.0,2425861 446 1146.0 544.7 2178
SSACC R,2425863.0,
SBLINK R,2425901.0,
EBLINK R,2425901.0,2426057 158
ESACC R,2425863.0,2426137 276 1155.5 579.4 1153.2 568.6 0.30 1405
SFIX R,2426139.0,
EFIX R,2426139.0,2429585 3448 1153.9 508.4 2192
SSACC R,2429587.0,
SBLINK R,2429627.0,
EBLINK R,2429627.0,2429833 208
ESACC R,2429587.0,2429933 348 1144.8 499.0 1118.0 596.8 2.74 1247
SFIX R,2429935.0,
EFIX R,2429935.0,2431049 1116 1150.9 531.6 2079
SSACC R,2431051.0,
SBLINK R,2431119.0,
EBLINK R,2431119.0,2431609 492
ESACC R,2431051.0,2431663 614 1139.0 541.4 1073.7 550.2 1.78 912
SFIX R,2431665.0,
EFIX R,2431665.0,2431831 168 1090.1 529.0 2229
SSACC R,2431833.0,
ESACC R,2431833.0,2431853 22 1102.0 523.5 1158.3 511.7 1.55 144
SFIX R,2431855.0,
EFIX R,2431855.0,2433979 2126 1159.9 530.4 2046
SSACC R,2433981.0,
SBLINK R,2434037.0,
EBLINK R,2434037.0,2434473 438
ESACC R,2433981.0,2434543 564 1131.6 546.0 1078.6 656.3 3.31 1031
SFIX R,2434545.0,
EFIX R,2434545.0,2434719 176 1111.3 628.6 1988
SSACC R,2434721.0,
ESACC R,2434721.0,2434745 26 1128.7 620.1 1147.1 530.8 2.46 188
SFIX R,2434747.0,
EFIX R,2434747.0,2435899 1154 1162.0 547.4 1901
SSACC R,2435901.0,
ESACC R,2435901.0,2435939 40 1141.3 564.3 1172.1 628.6 1.92 108
SFIX R,2435941.0,
EFIX R,2435941.0,2436107 168 1170.7 628.4 2215
SSACC R,2436109.0,
ESACC R,2436109.0,2436129 22 1167.4 632.4 1152.9 566.6 1.82 144
SFIX R,2436131.0,
EFIX R,2436131.0,2437319 1190 1169.1 577.2 2114
SSACC R,2437321.0,
ESACC R,2437321.0,2437333 14 1159.5 584.3 1185.6 597.8 0.79 69
SFIX R,2437335.0,
EFIX R,2437335.0,2438665 1332 1178.9 583.3 2217
SSACC R,2438667.0,
SBLINK R,2438709.0,
EBLINK R,2438709.0,2438853 146
ESACC R,2438667.0,2439007 342 1188.3 598.8 1190.3 550.2 1.31 886
SFIX R,2439009.0,
EFIX R,2439009.0,2439517 510 1217.4 549.1 2222
SSACC R,2439519.0,
ESACC R,2439519.0,2439525 8 1235.3 562.2 1223.4 575.8 0.48 62
SFIX R,2439527.0,
EFIX R,2439527.0,2440901 1376 1188.3 562.7 2276
SSACC R,2440903.0,
SBLINK R,2440945.0,
EBLINK R,2440945.0,2441161 218
ESACC R,2440903.0,2441317 416 1173.1 558.9 1197.9 545.6 0.76 1108
SFIX R,2441319.0,
EFIX R,2441319.0,2441437 120 1201.2 544.9 2314
SSACC R,2441439.0,
ESACC R,2441439.0,2441445 8 1189.9 536.6 1182.8 529.8 0.26 51
SFIX R,2441447.0,
EFIX R,2441447.0,2442255 810 1197.3 565.6 1997
SSACC R,2442257.0,
ESACC R,2442257.0,2442265 10 1199.5 575.5 1212.1 566.1 0.42 52
SFIX R,2442267.0,
EFIX R,2442267.0,2442545 280 1208.0 557.4 2008
SSACC R,2442547.0,
ESACC R,2442547.0,2442565 20 1197.6 552.5 1187.0 549.9 0.29 58
SFIX R,2442567.0,
EFIX R,2442567.0,2444225 1660 1173.3 543.8 2168
SSACC R,2444227.0,
ESACC R,2444227.0,2444231 6 1154.4 540.5 1161.9 546.1 0.25 66
SFIX R,2444233.0,
EFIX R,2444233.0,2444393 162 1163.3 540.9 2339
SSACC R,2444395.0,
SBLINK R,2444439.0,
EBLINK R,2444439.0,2444583 146
ESACC R,2444395.0,2444713 320 1158.9 558.0 1163.9 601.0 1.17 993
SFIX R,2444715.0,
EFIX R,2444715.0,2445153 440 1174.8 602.1 2141
SSACC R,2445155.0,
ESACC R,2445155.0,2445165 12 1183.7 615.1 1185.5 596.9 0.49 58
SFIX R,2445167.0,
EFIX R,2445167.0,2445803 638 1194.1 575.5 2007
SSACC R,2445805.0,
SBLINK R,2445851.0,
EBLINK R,2445851.0,2445947 98
ESACC R,2445805.0,2446047 244 1167.8 577.2 1143.0 597.3 0.86 1084
SFIX R,2446049.0,
EFIX R,2446049.0,2446197 150 1154.5 577.3 2245
SSACC R,2446199.0,
ESACC R,2446199.0,2446211 14 1163.8 558.5 1162.9 579.0 0.55 66
SFIX R,2446213.0,
EFIX R,2446213.0,2446337 126 1164.4 563.9 2410
SSACC R,2446339.0,
ESACC R,2446339.0,2446345 8 1160.8 558.3 1160.5 545.9 0.34 70
SFIX R,2446347.0,
EFIX R,2446347.0,2446485 140 1157.1 540.0 2542
SSACC R,2446487.0,
ESACC R,2446487.0,2446509 24 1154.2 539.7 1136.2 518.7 0.75 102
SFIX R,2446511.0,
EFIX R,2446511.0,2446785 276 1127.3 516.4 2614
SSACC R,2446787.0,
ESACC R,2446787.0,2446791 6 1143.8 541.1 1145.5 534.0 0.20 52
SFIX R,2446793.0,
EFIX R,2446793.0,2447593 802 1151.1 521.0 2542
SSACC R,2447595.0,
SBLINK R,2447643.0,
EBLINK R,2447643.0,2447757 116
ESACC R,2447595.0,2447935 342 1158.8 533.3 1142.6 570.8 1.10 1052
SFIX R,2447937.0,
EFIX R,2447937.0,2448751 816 1172.4 542.2 2284
SSACC R,2448753.0,
SBLINK R,2448795.0,
EBLINK R,2448795.0,2448955 162
ESACC R,2448753.0,2449053 302 1170.0 543.1 1134.9 599.9 1.80 1068
SFIX R,2449055.0,
EFIX R,2449055.0,2449167 114 1137.6 583.6 2293
SSACC R,2449169.0,
ESACC R,2449169.0,2449189 22 1140.1 577.4 1143.6 534.9 1.15 86
SFIX R,2449191.0,
EFIX R,2449191.0,2449969 780 1165.9 556.3 2258
SSACC R,2449971.0,
SBLINK R,2450015.0,
EBLINK R,2450015.0,2450853 840
ESACC R,2449971.0,2450923 954 1184.3 574.6 1141.4 702.0 3.62 1016
SFIX R,2450925.0,
EFIX R,2450925.0,2451057 134 1154.1 714.9 2257
SSACC R,2451059.0,
ESACC R,2451059.0,2451101 44 1157.4 705.4 1171.3 587.7 3.19 264
SFIX R,2451103.0,
EFIX R,2451103.0,2452147 1046 1187.5 605.0 1730
SSACC R,2452149.0,
ESACC R,2452149.0,2452167 20 1173.7 593.4 1215.4 589.2 1.12 84
SFIX R,2452169.0,
EFIX R,2452169.0,2452567 400 1203.4 574.6 2040
SSACC R,2452569.0,
SBLINK R,2452607.0,
EBLINK R,2452607.0,2452905 300
ESACC R,2452569.0,2452991 424 1198.5 587.9 1109.3 638.6 2.76 1184
SFIX R,2452993.0,
EFIX R,2452993.0,2453145 154 1121.9 622.5 2226
SSACC R,2453147.0,
ESACC R,2453147.0,2453161 16 1121.6 620.4 1125.6 610.4 0.29 64
SFIX R,2453163.0,
EFIX R,2453163.0,2453395 234 1132.4 615.2 2166
SSACC R,2453397.0,
ESACC R,2453397.0,2453417 22 1142.9 623.5 1187.9 585.6 1.58 120
SFIX R,2453419.0,
EFIX R,2453419.0,2453881 464 1193.8 581.5 2023
SSACC R,2453883.0,
ESACC R,2453883.0,2453897 16 1196.2 580.6 1205.9 553.3 0.78 70
SFIX R,2453899.0,
EFIX R,2453899.0,2456755 2858 1185.8 543.2 2256
SSACC R,2456757.0,
ESACC R,2456757.0,2456763 8 1160.7 568.8 1171.9 565.0 0.32 56
SFIX R,2456765.0,
EFIX R,2456765.0,2459021 2258 1174.6 571.2 2117
SSACC R,2459023.0,
SBLINK R,2459063.0,
EBLINK R,2459063.0,2459233 172
ESACC R,2459023.0,2459323 302 1153.2 598.2 1145.4 609.7 0.37 1178
SFIX R,2459325.0,
EFIX R,2459325.0,2460401 1078 1162.1 585.6 1957
SSACC R,2460403.0,
ESACC R,2460403.0,2460417 16 1162.5 594.4 1199.5 601.4 1.01 84
SFIX R,2460419.0,
EFIX R,2460419.0,2460911 494 1191.2 618.4 2059
SSACC R,2460913.0,
SBLINK R,2460959.0,
EBLINK R,2460959.0,2461077 120
ESACC R,2460913.0,2461169 258 1170.7 641.3 1146.3 618.8 0.89 893
SFIX R,2461171.0,
EFIX R,2461171.0,2461467 298 1171.7 599.2 2057
SSACC R,2461469.0,
ESACC R,2461469.0,2461481 14 1184.9 581.2 1182.0 588.7 0.22 48
SFIX R,2461483.0,
EFIX R,2461483.0,2462035 554 1178.1 593.5 1963
SSACC R,2462037.0,
SBLINK R,2462085.0,
EBLINK R,2462085.0,2462227 144
ESACC R,2462037.0,2462339 304 1166.9 615.2 1155.5 634.4 0.60 1144
SFIX R,2462341.0,
EFIX R,2462341.0,2462935 596 1182.2 613.2 1886
SSACC R,2462937.0,
ESACC R,2462937.0,2462945 10 1194.1 614.4 1194.3 607.9 0.18 57
SFIX R,2462947.0,
EFIX R,2462947.0,2463719 774 1178.8 604.5 1783
SSACC R,2463721.0,
ESACC R,2463721.0,2463729 10 1172.1 604.0 1184.9 594.8 0.42 50
SFIX R,2463731.0,
EFIX R,2463731.0,2465673 1944 1182.7 578.5 2019
SSACC R,2465675.0,
SBLINK R,2465751.0,
EBLINK R,2465751.0,2465947 198
ESACC R,2465675.0,2466091 418 1172.2 596.6 1162.4 609.6 0.44 883
SFIX R,2466093.0,
EFIX R,2466093.0,2467257 1166 1177.8 597.3 1883
SSACC R,2467259.0,
SBLINK R,2467315.0,
EBLINK R,2467315.0,2467705 392
ESACC R,2467259.0,2467767 510 1138.7 635.3 1165.0 613.6 0.92 776
SFIX R,2467769.0,
EFIX R,2467769.0,2467967 200 1195.3 594.9 1793
SSACC R,2467969.0,
ESACC R,2467969.0,2467983 16 1198.5 592.2 1173.1 578.2 0.78 60
SFIX R,2467985.0,
EFIX R,2467985.0,2468747 764 1191.2 588.9 1666
SSACC R,2468749.0,
ESACC R,2468749.0,2468759 12 1196.2 587.5 1199.6 597.7 0.29 53
SFIX R,2468761.0,
EFIX R,2468761.0,2470119 1360 1166.0 592.3 2048
SSACC R,2470121.0,
SBLINK R,2470159.0,
EBLINK R,2470159.0,2470273 116
ESACC R,2470121.0,2470381 262 1146.9 614.0 1132.4 651.2 1.08 1176
SFIX R,2470383.0,
EFIX R,2470383.0,2472325 1944 1169.1 572.8 2274
SSACC R,2472327.0,
SBLINK R,2472375.0,
EBLINK R,2472375.0,2472519 146
ESACC R,2472327.0,2472629 304 1181.1 587.2 1149.2 659.2 2.12 880
SFIX R,2472631.0,
EFIX R,2472631.0,2472663 34 1156.3 647.0 2143
SSACC R,2472665.0,
ESACC R,2472665.0,2472679 16 1162.9 644.5 1164.5 621.5 0.62 86
SFIX R,2472681.0,
EFIX R,2472681.0,2473553 874 1188.0 608.3 2068
SSACC R,2473555.0,
ESACC R,2473555.0,2473565 12 1192.7 592.9 1208.5 597.1 0.44 48
SFIX R,2473567.0,
EFIX R,2473567.0,2473799 234 1202.6 579.8 2125
SSACC R,2473801.0,
ESACC R,2473801.0,2473807 8 1201.6 567.0 1197.4 569.7 0.13 38
SFIX R,2473809.0,
EFIX R,2473809.0,2475247 1440 1172.7 577.6 2328
SSACC R,2475249.0,
SBLINK R,2475289.0,
EBLINK R,2475289.0,2475497 210
ESACC R,2475249.0,2475655 408 1163.5 606.7 1136.1 679.7 2.10 1195
SFIX R,2475657.0,
EFIX R,2475657.0,2475749 94 1137.7 662.2 2294
SSACC R,2475751.0,
ESACC R,2475751.0,2475765 16 1141.7 642.8 1145.9 624.2 0.51 91
SFIX R,2475767.0,
EFIX R,2475767.0,2476931 1166 1191.6 613.4 1983
SSACC R,2476933.0,
ESACC R,2476933.0,2476937 6 1194.9 576.9 1198.9 569.7 0.22 64
SFIX R,2476939.0,
EFIX R,2476939.0,2477169 232 1208.8 566.1 2127
SSACC R,2477171.0,
ESACC R,2477171.0,2477181 12 1205.4 571.9 1184.8 565.2 0.58 64
SFIX R,2477183.0,
EFIX R,2477183.0,2478153 972 1183.7 559.0 2231
SSACC R,2478155.0,
ESACC R,2478155.0,2478163 10 1167.2 558.4 1176.2 577.6 0.57 71
SFIX R,2478165.0,
EFIX R,2478165.0,2478501 338 1180.5 587.6 2347
SSACC R,2478503.0,
ESACC R,2478503.0,2478511 10 1175.2 596.0 1168.0 582.7 0.41 63
SFIX R,2478513.0,
EFIX R,2478513.0,2480415 1904 1177.9 562.5 2384
SSACC R,2480417.0,
SBLINK R,2480481.0,
EBLINK R,2480481.0,2480563 84
ESACC R,2480417.0,2480699 284 1182.9 541.5 1141.2 610.5 2.17 722
SFIX R,2480701.0,
EFIX R,2480701.0,2482827 2128 1160.8 542.9 2310
SSACC R,2482829.0,
ESACC R,2482829.0,2482833 6 1133.3 522.9 1121.7 518.3 0.34 67
SFIX R,2482835.0,
EFIX R,2482835.0,2483321 488 1121.4 526.9 2427
SSACC R,2483323.0,
ESACC R,2483323.0,2483331 10 1131.7 524.0 1150.4 525.6 0.51 62
SFIX R,2483333.0,
EFIX R,2483333.0,2483953 622 1160.6 514.7 2434
SSACC R,2483955.0,
SBLINK R,2484011.0,
EBLINK R,2484011.0,2484115 106
ESACC R,2483955.0,2484223 270 1155.8 540.9 1111.8 639.1 2.91 884
SFIX R,2484225.0,
EFIX R,2484225.0,2484435 212 1139.7 569.8 2241
SSACC R,2484437.0,
ESACC R,2484437.0,2484445 10 1155.4 540.4 1161.2 522.7 0.50 68
SFIX R,2484447.0,
EFIX R,2484447.0,2488365 3920 1171.4 549.8 2208
SSACC R,2488367.0,
SBLINK R,2488415.0,
EBLINK R,2488415.0,2488635 222
ESACC R,2488367.0,2488747 382 1158.2 588.8 1124.5 647.0 1.81 833
SFIX R,2488749.0,
EFIX R,2488749.0,2488865 118 1133.2 629.3 2103
SSACC R,2488867.0,
ESACC R,2488867.0,2488885 20 1141.5 622.7 1156.7 581.0 1.20 99
SFIX R,2488887.0,
EFIX R,2488887.0,2489481 596 1171.2 575.4 1953
SSACC R,2489483.0,
SBLINK R,2489533.0,
EBLINK R,2489533.0,2489971 440
ESACC R,2489483.0,2490015 534 1168.0 594.5 1097.5 605.9 1.93 833
SFIX R,2490017.0,
EFIX R,2490017.0,2490327 312 1145.1 564.4 2134
SSACC R,2490329.0,
ESACC R,2490329.0,2490347 20 1171.1 561.6 1214.3 590.1 1.39 110
SFIX R,2490349.0,
EFIX R,2490349.0,2490625 278 1214.5 586.7 1971
SSACC R,2490627.0,
ESACC R,2490627.0,2490635 10 1217.9 582.1 1200.8 591.1 0.52 64
SFIX R,2490637.0,
EFIX R,2490637.0,2490947 312 1198.8 587.6 1849
SSACC R,2490949.0,
SBLINK R,2491003.0,
EBLINK R,2491003.0,2491315 314
ESACC R,2490949.0,2491393 446 1188.7 592.2 1112.3 563.0 2.20 900
SFIX R,2491395.0,
EFIX R,2491395.0,2491529 136 1126.4 551.1 2177
SSACC R,2491531.0,
ESACC R,2491531.0,2491541 12 1136.0 549.4 1163.4 560.6 0.80 86
SFIX R,2491543.0,
EFIX R,2491543.0,2493737 2196 1168.9 567.7 1910
SSACC R,2493739.0,
SBLINK R,2493781.0,
EBLINK R,2493781.0,2493851 72
ESACC R,2493739.0,2493987 250 1153.2 579.6 1149.0 581.4 0.12 914
SFIX R,2493989.0,
EFIX R,2493989.0,2494567 580 1171.4 551.0 1955
SSACC R,2494569.0,
ESACC R,2494569.0,2494585 18 1179.8 555.0 1207.5 577.6 0.96 76
SFIX R,2494587.0,
EFIX R,2494587.0,2494645 60 1209.7 578.2 1889
SSACC R,2494647.0,
SBLINK R,2494679.0,
EBLINK R,2494679.0,2494881 204
ESACC R,2494647.0,2494947 302 1205.3 591.7 1134.4 624.4 2.10 1210
SFIX R,2494949.0,
EFIX R,2494949.0,2495853 906 1192.2 574.3 1881
SSACC R,2495855.0,
ESACC R,2495855.0,2495879 26 1211.0 566.9 1189.0 598.4 1.03 68
SFIX R,2495881.0,
EFIX R,2495881.0,2496735 856 1154.9 604.2 2072
SSACC R,2496737.0,
ESACC R,2496737.0,2496747 12 1137.3 606.9 1151.1 585.1 0.70 67
SFIX R,2496749.0,
EFIX R,2496749.0,2497837 1090 1155.3 571.4 2160
SSACC R,2497839.0,
SBLINK R,2497885.0,
EBLINK R,2497885.0,2498043 160
ESACC R,2497839.0,2498195 358 1152.0 590.5 1128.6 637.8 1.42 926
SFIX R,2498197.0,
EFIX R,2498197.0,2499059 864 1177.7 615.3 2034
SSACC R,2499061.0,
ESACC R,2499061.0,2499073 14 1195.4 602.9 1189.7 579.1 0.66 54
SFIX R,2499075.0,
EFIX R,2499075.0,2499805 732 1184.5 569.3 1953
SSACC R,2499807.0,
SBLINK R,2499855.0,
EBLINK R,2499855.0,2500093 240
ESACC R,2499807.0,2500197 392 1177.4 590.9 1128.3 654.5 2.16 890
SFIX R,2500199.0,
EFIX R,2500199.0,2500503 306 1149.4 634.2 1768
SSACC R,2500505.0,
ESACC R,2500505.0,2500521 18 1156.5 638.3 1180.9 592.5 1.40 109
SFIX R,2500523.0,
EFIX R,2500523.0,2501873 1352 1179.4 590.0 1778
SSACC R,2501875.0,
ESACC R,2501875.0,2501879 6 1160.9 583.7 1159.1 579.1 0.13 52
SFIX R,2501881.0,
EFIX R,2501881.0,2503447 1568 1157.8 573.4 1929
SSACC R,2503449.0,
SBLINK R,2503533.0,
EBLINK R,2503533.0,2503749 218
ESACC R,2503449.0,2503821 374 1131.6 616.1 1123.5 640.0 0.68 762
SFIX R,2503823.0,
EFIX R,2503823.0,2508075 4254 1157.2 582.2 1704
SSACC R,2508077.0,
ESACC R,2508077.0,2508089 14 1134.4 562.6 1155.0 565.8 0.56 57
SFIX R,2508091.0,
EFIX R,2508091.0,2510683 2594 1157.5 571.7 2092
SSACC R,2510685.0,
ESACC R,2510685.0,2510697 14 1153.6 563.6 1146.8 581.0 0.50 64
SFIX R,2510699.0,
EFIX R,2510699.0,2513177 2480 1131.4 567.2 2244
SSACC R,2513179.0,
SBLINK R,2513245.0,
EBLINK R,2513245.0,2513527 284
ESACC R,2513179.0,2513677 500 1099.5 618.0 1128.2 601.2 0.90 928
SFIX R,2513679.0,
EFIX R,2513679.0,2513737 60 1135.4 601.5 1860
SSACC R,2513739.0,
ESACC R,2513739.0,2513747 10 1137.8 601.2 1146.2 582.2 0.56 68
SFIX R,2513749.0,
EFIX R,2513749.0,2515227 1480 1185.2 585.4 1590
SSACC R,2515229.0,
SBLINK R,2515281.0,
EBLINK R,2515281.0,2515699 420
ESACC R,2515229.0,2515739 512 1170.1 599.3 1129.6 615.8 1.18 936
SFIX R,2515741.0,
EFIX R,2515741.0,2516269 530 1167.4 588.4 1695
SSACC R,2516271.0,
ESACC R,2516271.0,2516285 16 1185.2 585.5 1205.8 597.4 0.64 58
SFIX R,2516287.0,
EFIX R,2516287.0,2516827 542 1193.8 593.9 1691
SSACC R,2516829.0,
ESACC R,2516829.0,2516849 22 1189.9 593.5 1191.6 586.7 0.19 57
SFIX R,2516851.0,
EFIX R,2516851.0,2518183 1334 1168.5 589.6 1992
SSACC R,2518185.0,
SBLINK R,2518235.0,
EBLINK R,2518235.0,2518889 656
ESACC R,2518185.0,2518939 756 1143.0 685.6 1149.5 606.8 2.13 637
SFIX R,2518941.0,
EFIX R,2518941.0,2519063 124 1158.9 606.4 1632
SSACC R,2519065.0,
ESACC R,2519065.0,2519079 16 1164.0 608.5 1161.2 615.3 0.20 52
SFIX R,2519081.0,
EFIX R,2519081.0,2520135 1056 1187.0 606.6 1359
SSACC R,2520137.0,
ESACC R,2520137.0,2520141 6 1154.6 627.5 1142.2 623.5 0.35 64
SFIX R,2520143.0,
EFIX R,2520143.0,2520425 284 1135.8 609.5 1542
SSACC R,2520427.0,
ESACC R,2520427.0,2520435 10 1137.0 609.4 1151.3 607.1 0.39 54
SFIX R,2520437.0,
EFIX R,2520437.0,2521053 618 1147.9 614.6 1766
SSACC R,2521055.0,
ESACC R,2521055.0,2521065 12 1136.6 624.8 1142.1 613.0 0.35 53
SFIX R,2521067.0,
EFIX R,2521067.0,2523661 2596 1150.9 582.4 2173
SSACC R,2523663.0,
ESACC R,2523663.0,2523667 6 1171.8 525.9 1173.5 519.2 0.19 45
SFIX R,2523669.0,
EFIX R,2523669.0,2524941 1274 1170.0 519.5 2432
SSACC R,2524943.0,
SBLINK R,2524983.0,
EBLINK R,2524983.0,2525071 90
ESACC R,2524943.0,2525171 230 1174.9 529.2 1126.8 572.3 1.74 1230
SFIX R,2525173.0,
EFIX R,2525173.0,2525331 160 1140.6 532.8 2409
SSACC R,2525333.0,
SBLINK R,2525367.0,
EBLINK R,2525367.0,2525533 168
ESACC R,2525333.0,2525625 294 1140.4 539.2 1131.4 586.9 1.31 1271
SFIX R,2525627.0,
EFIX R,2525627.0,2526029 404 1153.8 547.6 2333
SSACC R,2526031.0,
ESACC R,2526031.0,2526045 16 1158.2 559.9 1179.5 541.9 0.75 74
SFIX R,2526047.0,
EFIX R,2526047.0,2528837 2792 1165.8 530.6 2319
SSACC R,2528839.0,
SBLINK R,2528891.0,
EBLINK R,2528891.0,2529089 200
ESACC R,2528839.0,2529197 360 1133.3 542.5 1106.6 545.0 0.72 864
SFIX R,2529199.0,
EFIX R,2529199.0,2532313 3116 1165.9 542.7 2210
SSACC R,2532315.0,
SBLINK R,2532395.0,
EBLINK R,2532395.0,2532459 66
ESACC R,2532315.0,2532729 416 1154.7 563.4 1187.4 579.8 0.98 735
SFIX R,2532731.0,
EFIX R,2532731.0,2533901 1172 1214.8 582.0 1612
SSACC R,2533903.0,
SBLINK R,2533933.0,
EBLINK R,2533933.0,2534103 172
ESACC R,2533903.0,2534145 244 1195.4 596.9 1161.2 628.0 1.24 753
SFIX R,2534147.0,
EFIX R,2534147.0,2534245 100 1167.5 614.5 1625
SSACC R,2534247.0,
ESACC R,2534247.0,2534261 16 1172.6 609.7 1182.1 589.8 0.59 82
SFIX R,2534263.0,
EFIX R,2534263.0,2535139 878 1190.9 593.9 1568
SSACC R,2535141.0,
ESACC R,2535141.0,2535153 14 1187.1 600.9 1164.7 589.6 0.67 65
SFIX R,2535155.0,
EFIX R,2535155.0,2538071 2918 1183.4 583.5 1747
SSACC R,2538073.0,
ESACC R,2538073.0,2538079 8 1177.3 566.6 1174.3 557.1 0.27 49
SFIX R,2538081.0,
EFIX R,2538081.0,2538351 272 1175.6 549.8 2158
SSACC R,2538353.0,
SBLINK R,2538397.0,
EBLINK R,2538397.0,2538559 164
ESACC R,2538353.0,2538657 306 1162.3 564.4 1133.2 636.2 2.09 1218
SFIX R,2538659.0,
EFIX R,2538659.0,2538953 296 1155.6 585.3 2251
SSACC R,2538955.0,
ESACC R,2538955.0,2538969 16 1172.2 573.6 1186.2 552.3 0.69 85
SFIX R,2538971.0,
EFIX R,2538971.0,2539971 1002 1209.1 569.7 2064
SSACC R,2539973.0,
ESACC R,2539973.0,2539983 12 1193.5 569.7 1205.4 554.1 0.53 51
SFIX R,2539985.0,
EFIX R,2539985.0,2542547 2564 1181.4 544.6 2129
SSACC R,2542549.0,
ESACC R,2542549.0,2542559 12 1181.2 547.2 1182.2 542.3 0.13 50
SFIX R,2542561.0,
EFIX R,2542561.0,2543329 770 1169.1 544.7 2229
SSACC R,2543331.0,
ESACC R,2543331.0,2543337 8 1170.1 548.1 1181.5 542.1 0.35 58
SFIX R,2543339.0,
EFIX R,2543339.0,2543777 440 1189.1 542.4 2211
SSACC R,2543779.0,
SBLINK R,2543837.0,
EBLINK R,2543837.0,2544029 194
ESACC R,2543779.0,2544129 352 1185.6 541.2 1121.6 592.1 2.20 1381
SFIX R,2544131.0,
EFIX R,2544131.0,2544209 80 1134.1 566.0 2232
SSACC R,2544211.0,
ESACC R,2544211.0,2544217 8 1141.6 569.5 1141.2 556.3 0.36 54
SFIX R,2544219.0,
EFIX R,2544219.0,2547667 3450 1166.3 563.2 2063
SSACC R,2547669.0,
ESACC R,2547669.0,2547673 6 1163.3 568.3 1169.8 559.5 0.30 70
SFIX R,2547675.0,
EFIX R,2547675.0,2549801 2128 1185.1 574.2 1830
SSACC R,2549803.0,
ESACC R,2549803.0,2549809 8 1181.5 591.7 1166.9 595.4 0.40 59
SFIX R,2549811.0,
EFIX R,2549811.0,2550647 838 1171.6 588.9 1319
SSACC R,2550649.0,
SBLINK R,2550687.0,
EBLINK R,2550687.0,2551181 496
ESACC R,2550649.0,2551279 632 1148.1 638.1 1163.8 605.1 0.98 1632
SFIX R,2551281.0,
EFIX R,2551281.0,2552851 1572 1172.2 606.7 1172
SSACC R,2552853.0,
ESACC R,2552853.0,2552863 12 1159.4 610.6 1171.0 600.4 0.42 51
SFIX R,2552865.0,
EFIX R,2552865.0,2553233 370 1173.7 602.0 1566
SSACC R,2553235.0,
ESACC R,2553235.0,2553247 14 1169.3 604.8 1153.6 604.4 0.42 54
SFIX R,2553249.0,
EFIX R,2553249.0,2554777 1530 1171.3 599.8 1584
SSACC R,2554779.0,
ESACC R,2554779.0,2554789 12 1182.6 595.2 1182.2 589.6 0.15 49
SFIX R,2554791.0,
EFIX R,2554791.0,2555123 334 1192.1 595.8 1408
SSACC R,2555125.0,
ESACC R,2555125.0,2555139 16 1188.2 604.8 1192.6 588.1 0.47 57
SFIX R,2555141.0,
EFIX R,2555141.0,2555213 74 1190.9 589.5 1396
SSACC R,2555215.0,
ESACC R,2555215.0,2555227 14 1190.7 576.3 1189.1 595.7 0.52 53
SFIX R,2555229.0,
EFIX R,2555229.0,2555467 240 1183.3 589.7 1395
SSACC R,2555469.0,
SBLINK R,2555495.0,
EBLINK R,2555495.0,2555755 262
ESACC R,2555469.0,2555823 356 1162.4 616.0 1130.4 599.2 0.97 1787
SFIX R,2555825.0,
EFIX R,2555825.0,2555923 100 1147.0 599.5 1370
SSACC R,2555925.0,
ESACC R,2555925.0,2555935 12 1147.4 611.1 1128.8 609.1 0.50 56
SFIX R,2555937.0,
EFIX R,2555937.0,2556023 88 1132.4 606.1 1345
SSACC R,2556025.0,
ESACC R,2556025.0,2556047 24 1140.1 613.1 1201.1 600.0 1.67 94
SFIX R,2556049.0,
EFIX R,2556049.0,2556717 670 1198.6 603.0 1248
SSACC R,2556719.0,
ESACC R,2556719.0,2556733 16 1195.5 604.2 1172.4 612.2 0.66 61
SFIX R,2556735.0,
EFIX R,2556735.0,2557351 618 1171.6 609.3 1417
SSACC R,2557353.0,
ESACC R,2557353.0,2557359 8 1168.8 592.7 1168.7 607.6 0.40 48
SFIX R,2557361.0,
EFIX R,2557361.0,2558047 688 1168.2 600.0 1654
SSACC R,2558049.0,
ESACC R,2558049.0,2558063 16 1160.0 595.6 1163.0 596.9 0.09 59
SFIX R,2558065.0,
EFIX R,2558065.0,2558817 754 1152.8 577.7 1733
SSACC R,2558819.0,
ESACC R,2558819.0,2558829 12 1157.1 572.1 1139.0 582.7 0.57 57
SFIX R,2558831.0,
EFIX R,2558831.0,2558917 88 1134.6 586.7 1724
SSACC R,2558919.0,
ESACC R,2558919.0,2558927 10 1144.0 590.7 1160.9 589.4 0.46 54
SFIX R,2558929.0,
EFIX R,2558929.0,2559859 932 1182.4 595.7 1575
SSACC R,2559861.0,
ESACC R,2559861.0,2559881 22 1185.3 591.9 1188.3 596.8 0.15 46
SFIX R,2559883.0,
EFIX R,2559883.0,2563599 3718 1176.6 598.1 1418
SSACC R,2563601.0,
ESACC R,2563601.0,2563613 14 1157.7 603.5 1154.6 589.2 0.39 57
SFIX R,2563615.0,
EFIX R,2563615.0,2564081 468 1170.6 589.2 1656
SSACC R,2564083.0,
ESACC R,2564083.0,2564091 10 1182.6 594.7 1177.7 577.5 0.48 58
SFIX R,2564093.0,
EFIX R,2564093.0,2565353 1262 1170.6 584.0 1494
SSACC R,2565355.0,
SBLINK R,2565377.0,
EBLINK R,2565377.0,2565587 212
ESACC R,2565355.0,2565629 276 1167.5 591.1 1113.0 575.8 1.52 952
SFIX R,2565631.0,
EFIX R,2565631.0,2565879 250 1141.4 578.0 1546
SSACC R,2565881.0,
SBLINK R,2565911.0,
EBLINK R,2565911.0,2566101 192
ESACC R,2565881.0,2566163 284 1157.3 582.7 1177.5 580.7 0.54 942
SFIX R,2566165.0,
EFIX R,2566165.0,2566501 338 1181.6 570.5 1592
SSACC R,2566503.0,
ESACC R,2566503.0,2566511 10 1186.4 581.6 1203.1 592.8 0.54 67
SFIX R,2566513.0,
EFIX R,2566513.0,2567249 738 1191.5 600.0 1681
SSACC R,2567251.0,
ESACC R,2567251.0,2567259 10 1178.7 605.5 1184.3 591.7 0.40 48
SFIX R,2567261.0,
EFIX R,2567261.0,2567939 680 1180.6 585.2 1857
SSACC R,2567941.0,
SBLINK R,2567989.0,
EBLINK R,2567989.0,2568125 138
ESACC R,2567941.0,2568271 332 1180.0 603.8 1151.5 601.4 0.77 815
SFIX R,2568273.0,
EFIX R,2568273.0,2568989 718 1181.9 606.1 1924
SSACC R,2568991.0,
ESACC R,2568991.0,2569001 12 1190.4 600.0 1190.4 604.1 0.11 49
SFIX R,2569003.0,
EFIX R,2569003.0,2569505 504 1187.8 591.6 1968
SSACC R,2569507.0,
ESACC R,2569507.0,2569521 16 1176.6 583.0 1179.9 575.8 0.21 58
SFIX R,2569523.0,
EFIX R,2569523.0,2570299 778 1169.7 581.8 2210
SSACC R,2570301.0,
ESACC R,2570301.0,2570311 12 1177.3 571.2 1174.0 552.3 0.52 65
SFIX R,2570313.0,
EFIX R,2570313.0,2570729 418 1181.6 542.7 2309
SSACC R,2570731.0,
SBLINK R,2570787.0,
EBLINK R,2570787.0,2570859 74
ESACC R,2570731.0,2570989 260 1179.1 557.6 1144.3 616.7 1.85 901
SFIX R,2570991.0,
EFIX R,2570991.0,2571029 40 1142.9 621.4 2183
SSACC R,2571031.0,
SBLINK R,2571071.0,
EBLINK R,2571071.0,2571215 146
ESACC R,2571031.0,2571335 306 1137.7 624.9 1150.6 600.8 0.74 1031
SFIX R,2571337.0,
EFIX R,2571337.0,2571853 518 1176.0 565.6 2167
SSACC R,2571855.0,
ESACC R,2571855.0,2571867 14 1188.6 543.2 1189.7 523.5 0.53 59
SFIX R,2571869.0,
EFIX R,2571869.0,2573655 1788 1193.0 532.7 2257
SSACC R,2573657.0,
SBLINK R,2573697.0,
EBLINK R,2573697.0,2573837 142
ESACC R,2573657.0,2573909 254 1190.2 548.3 1163.2 638.0 2.52 1365
SFIX R,2573911.0,
EFIX R,2573911.0,2574687 778 1181.7 564.9 2196
SSACC R,2574689.0,
ESACC R,2574689.0,2574699 12 1188.7 564.6 1180.4 549.3 0.47 55
SFIX R,2574701.0,
EFIX R,2574701.0,2575125 426 1179.1 547.6 2015
SSACC R,2575127.0,
ESACC R,2575127.0,2575141 16 1182.2 556.1 1207.3 567.2 0.74 59
SFIX R,2575143.0,
EFIX R,2575143.0,2576009 868 1187.6 562.1 1950
SSACC R,2576011.0,
ESACC R,2576011.0,2576021 12 1190.7 576.0 1190.1 561.6 0.39 44
SFIX R,2576023.0,
EFIX R,2576023.0,2577577 1556 1186.6 559.3 2107
SSACC R,2577579.0,
ESACC R,2577579.0,2577589 12 1187.2 559.6 1169.3 565.1 0.50 62
SFIX R,2577591.0,
EFIX R,2577591.0,2578941 1352 1162.2 554.0 2290
SSACC R,2578943.0,
ESACC R,2578943.0,2578951 10 1180.7 539.3 1168.8 547.9 0.39 57
SFIX R,2578953.0,
EFIX R,2578953.0,2581823 2872 1164.8 549.6 2152
SSACC R,2581825.0,
ESACC R,2581825.0,2581833 10 1164.3 560.7 1181.7 566.0 0.49 63
SFIX R,2581835.0,
EFIX R,2581835.0,2583085 1252 1171.5 547.0 2213
SSACC R,2583087.0,
ESACC R,2583087.0,2583093 8 1157.3 550.7 1145.0 549.6 0.33 48
SFIX R,2583095.0,
EFIX R,2583095.0,2583689 596 1157.4 535.8 2325
SSACC R,2583691.0,
ESACC R,2583691.0,2583703 14 1162.9 537.6 1186.2 535.2 0.63 61
SFIX R,2583705.0,
EFIX R,2583705.0,2584645 942 1168.4 539.5 2359
SSACC R,2584647.0,
ESACC R,2584647.0,2584651 6 1164.4 556.0 1162.3 560.0 0.12 58
SFIX R,2584653.0,
EFIX R,2584653.0,2584967 316 1157.1 559.5 2350
SSACC R,2584969.0,
SBLINK R,2585015.0,
EBLINK R,2585015.0,2585147 134
ESACC R,2584969.0,2585227 260 1143.8 582.7 1118.9 612.6 1.05 842
SFIX R,2585229.0,
EFIX R,2585229.0,2585931 704 1165.1 553.1 2376
SSACC R,2585933.0,
ESACC R,2585933.0,2585941 10 1181.9 550.0 1165.8 551.2 0.43 53
SFIX R,2585943.0,
EFIX R,2585943.0,2586675 734 1168.2 527.2 2329
SSACC R,2586677.0,
ESACC R,2586677.0,2586683 8 1154.6 512.0 1170.4 514.9 0.43 62
SFIX R,2586685.0,
EFIX R,2586685.0,2587985 1302 1171.5 504.7 2509
SSACC R,2587987.0,
SBLINK R,2588033.0,
EBLINK R,2588033.0,2588327 296
ESACC R,2587987.0,2588411 426 1164.7 518.9 1131.6 596.3 2.27 1296
SFIX R,2588413.0,
EFIX R,2588413.0,2588567 156 1153.4 551.8 2593
SSACC R,2588569.0,
ESACC R,2588569.0,2588579 12 1163.1 535.8 1164.5 499.9 0.97 105
SFIX R,2588581.0,
EFIX R,2588581.0,2589077 498 1180.1 536.7 2389
SSACC R,2589079.0,
ESACC R,2589079.0,2589091 14 1185.3 558.6 1204.3 576.1 0.69 65
SFIX R,2589093.0,
EFIX R,2589093.0,2589533 442 1182.8 575.2 2283
SSACC R,2589535.0,
ESACC R,2589535.0,2589541 8 1172.1 572.6 1175.7 560.0 0.35 61
SFIX R,2589543.0,
EFIX R,2589543.0,2590671 1130 1168.7 545.6 2401
SSACC R,2590673.0,
SBLINK R,2590735.0,
EBLINK R,2590735.0,2590889 156
ESACC R,2590673.0,2590955 284 1162.1 540.9 1128.5 606.4 1.99 851
SFIX R,2590957.0,
EFIX R,2590957.0,2592395 1440 1171.0 531.2 2077
SSACC R,2592397.0,
SBLINK R,2592455.0,
EBLINK R,2592455.0,2593143 690
ESACC R,2592397.0,2593237 842 1159.8 523.7 1052.9 646.0 4.38 919
SFIX R,2593239.0,
EFIX R,2593239.0,2593413 176 1074.6 643.2 2173
SSACC R,2593415.0,
ESACC R,2593415.0,2593451 38 1093.2 649.4 1169.2 578.0 2.81 152
SFIX R,2593453.0,
EFIX R,2593453.0,2593599 148 1182.4 594.1 1928
SSACC R,2593601.0,
ESACC R,2593601.0,2593619 20 1192.7 595.6 1171.8 554.3 1.25 118
SFIX R,2593621.0,
EFIX R,2593621.0,2593859 240 1184.1 568.4 1643
SSACC R,2593861.0,
ESACC R,2593861.0,2593877 18 1189.2 574.1 1169.6 546.4 0.91 74
SFIX R,2593879.0,
EFIX R,2593879.0,2596505 2628 1143.8 538.2 1903
SSACC R,2596507.0,
ESACC R,2596507.0,2596513 8 1146.1 531.6 1135.0 522.5 0.39 56
SFIX R,2596515.0,
EFIX R,2596515.0,2597529 1016 1152.4 534.8 2030
SSACC R,2597531.0,
ESACC R,2597531.0,2597545 16 1172.5 534.0 1143.0 537.2 0.80 65
SFIX R,2597547.0,
EFIX R,2597547.0,2598411 866 1157.8 519.3 2165
SSACC R,2598413.0,
ESACC R,2598413.0,2598419 8 1167.0 514.8 1165.3 531.1 0.44 57
SFIX R,2598421.0,
EFIX R,2598421.0,2598979 560 1158.0 546.7 2216
SSACC R,2598981.0,
SBLINK R,2599039.0,
EBLINK R,2599039.0,2599149 112
ESACC R,2598981.0,2599249 270 1136.1 579.6 1124.6 615.5 1.02 1353
SFIX R,2599251.0,
EFIX R,2599251.0,2599317 68 1133.0 614.4 2019
SSACC R,2599319.0,
SBLINK R,2599357.0,
EBLINK R,2599357.0,2599955 600
ESACC R,2599319.0,2599993 676 1133.7 628.3 1186.8 614.6 1.47 904
SFIX R,2599995.0,
EFIX R,2599995.0,2600089 96 1204.9 593.6 1682
SSACC R,2600091.0,
ESACC R,2600091.0,2600111 22 1209.9 590.6 1180.5 555.9 1.22 82
SFIX R,2600113.0,
EFIX R,2600113.0,2600329 218 1187.2 555.4 1671
SSACC R,2600331.0,
ESACC R,2600331.0,2600337 8 1190.3 568.8 1179.0 560.4 0.38 54
SFIX R,2600339.0,
EFIX R,2600339.0,2601161 824 1193.7 579.7 1403
SSACC R,2601163.0,
SBLINK R,2601213.0,
EBLINK R,2601213.0,2601505 294
ESACC R,2601163.0,2601563 402 1179.0 585.8 1103.0 657.7 2.82 632
SFIX R,2601565.0,
EFIX R,2601565.0,2601679 116 1125.8 622.5 1686
SSACC R,2601681.0,
ESACC R,2601681.0,2601693 14 1138.3 602.7 1129.6 576.9 0.74 75
SFIX R,2601695.0,
EFIX R,2601695.0,2602289 596 1146.1 577.6 1675
SSACC R,2602291.0,
ESACC R,2602291.0,2602295 6 1160.0 575.2 1170.4 570.6 0.31 62
SFIX R,2602297.0,
EFIX R,2602297.0,2602417 122 1172.4 569.5 1693
SSACC R,2602419.0,
ESACC R,2602419.0,2602429 12 1169.3 567.8 1169.4 572.5 0.13 51
SFIX R,2602431.0,
EFIX R,2602431.0,2604925 2496 1165.6 559.2 2034
SSACC R,2604927.0,
ESACC R,2604927.0,2604939 14 1158.5 523.1 1157.0 518.3 0.14 51
SFIX R,2604941.0,
EFIX R,2604941.0,2605919 980 1156.7 521.9 2196
SSACC R,2605921.0,
SBLINK R,2605965.0,
EBLINK R,2605965.0,2606123 160
ESACC R,2605921.0,2606275 356 1155.1 524.1 1125.3 531.3 0.83 1396
SFIX R,2606277.0,
EFIX R,2606277.0,2607203 928 1162.6 513.7 2229
SSACC R,2607205.0,
ESACC R,2607205.0,2607217 14 1178.6 503.3 1179.1 498.7 0.12 50
SFIX R,2607219.0,
EFIX R,2607219.0,2608513 1296 1174.9 509.8 2354
SSACC R,2608515.0,
SBLINK R,2608579.0,
EBLINK R,2608579.0,2608711 134
ESACC R,2608515.0,2608841 328 1169.8 526.1 1137.8 591.8 1.97 1081
SFIX R,2608843.0,
EFIX R,2608843.0,2608897 56 1142.3 562.5 2343
SSACC R,2608899.0,
ESACC R,2608899.0,2608913 16 1144.7 542.9 1147.5 538.6 0.14 75
SFIX R,2608915.0,
EFIX R,2608915.0,2608943 30 1146.4 535.3 2375
SSACC R,2608945.0,
ESACC R,2608945.0,2608989 46 1146.7 528.8 1147.0 541.9 0.35 71
SFIX R,2608991.0,
EFIX R,2608991.0,2609277 288 1151.3 533.4 2360
SSACC R,2609279.0,
ESACC R,2609279.0,2609289 12 1163.8 525.6 1180.0 537.8 0.55 58
SFIX R,2609291.0,
EFIX R,2609291.0,2609673 384 1177.1 550.9 2234
SSACC R,2609675.0,
ESACC R,2609675.0,2609719 46 1169.7 555.0 1167.4 554.4 0.06 52
SFIX R,2609721.0,
EFIX R,2609721.0,2609979 260 1175.3 542.5 2192
SSACC R,2609981.0,
ESACC R,2609981.0,2609985 6 1182.3 533.6 1183.3 537.9 0.12 40
SFIX R,2609987.0,
EFIX R,2609987.0,2610235 250 1189.2 533.8 2221
SSACC R,2610237.0,
ESACC R,2610237.0,2610241 6 1196.6 532.7 1195.5 540.4 0.21 58
SFIX R,2610243.0,
EFIX R,2610243.0,2611627 1386 1184.9 547.2 2348
SSACC R,2611629.0,
ESACC R,2611629.0,2611641 14 1198.0 526.4 1172.4 532.9 0.71 61
SFIX R,2611643.0,
EFIX R,2611643.0,2611941 300 1173.1 532.1 2435
SSACC R,2611943.0,
ESACC R,2611943.0,2612023 82 1173.5 533.4 1315.6 1055.0 14.14 339
SFIX R,2612025.0,
EFIX R,2612025.0,2612173 150 1314.8 1081.0 2452
SSACC R,2612175.0,
ESACC R,2612175.0,2612257 84 1314.5 1081.8 1202.3 531.8 14.60 549
SFIX R,2612259.0,
EFIX R,2612259.0,2614669 2412 1184.1 529.9 2322
SSACC R,2614671.0,
ESACC R,2614671.0,2614679 10 1170.3 516.2 1171.7 535.0 0.51 59
SFIX R,2614681.0,
EFIX R,2614681.0,2615559 880 1171.5 529.7 2425
SSACC R,2615561.0,
SBLINK R,2615629.0,
EBLINK R,2615629.0,2616021 394
ESACC R,2615561.0,2616203 644 1164.5 552.9 1140.9 553.9 0.64 807
SFIX R,2616205.0,
EFIX R,2616205.0,2616303 100 1145.9 544.4 2408
SSACC R,2616305.0,
ESACC R,2616305.0,2616321 18 1152.5 550.2 1177.0 520.9 1.03 84
SFIX R,2616323.0,
EFIX R,2616323.0,2619821 3500 1187.4 546.5 2242
SSACC R,2619823.0,
SBLINK R,2619867.0,
EBLINK R,2619867.0,2619989 124
ESACC R,2619823.0,2620137 316 1174.1 551.8 1113.7 567.9 1.68 1014
SFIX R,2620139.0,
EFIX R,2620139.0,2620345 208 1123.3 553.6 2418
SSACC R,2620347.0,
ESACC R,2620347.0,2620359 14 1138.3 546.5 1167.7 544.9 0.79 78
SFIX R,2620361.0,
EFIX R,2620361.0,2620555 196 1180.3 550.7 2414
SSACC R,2620557.0,
ESACC R,2620557.0,2620565 10 1183.5 546.0 1181.6 564.6 0.50 61
SFIX R,2620567.0,
EFIX R,2620567.0,2621157 592 1183.9 563.1 2353
SSACC R,2621159.0,
ESACC R,2621159.0,2621169 12 1184.1 560.5 1180.6 540.2 0.56 75
SFIX R,2621171.0,
EFIX R,2621171.0,2621297 128 1179.7 539.3 2372
SSACC R,2621299.0,
ESACC R,2621299.0,2621307 10 1177.0 539.0 1176.7 556.6 0.47 59
SFIX R,2621309.0,
EFIX R,2621309.0,2621403 96 1172.6 553.9 2393
SSACC R,2621405.0,
SBLINK R,2621457.0,
EBLINK R,2621457.0,2621595 140
ESACC R,2621405.0,2621781 378 1165.6 554.0 1150.4 552.9 0.41 745
SFIX R,2621783.0,
EFIX R,2621783.0,2621807 26 1153.2 556.9 2441
SSACC R,2621809.0,
ESACC R,2621809.0,2621827 20 1156.2 554.7 1162.6 532.1 0.63 77
SFIX R,2621829.0,
EFIX R,2621829.0,2623167 1340 1178.2 549.1 2231
SSACC R,2623169.0,
ESACC R,2623169.0,2623179 12 1173.7 560.1 1189.0 569.8 0.49 56
SFIX R,2623181.0,
EFIX R,2623181.0,2623379 200 1191.2 566.0 2207
SSACC R,2623381.0,
ESACC R,2623381.0,2623387 8 1186.8 560.6 1182.6 546.6 0.39 61
SFIX R,2623389.0,
EFIX R,2623389.0,2626127 2740 1177.4 561.1 2276
SSACC R,2626129.0,
SBLINK R,2626177.0,
EBLINK R,2626177.0,2626577 402
ESACC R,2626129.0,2626657 530 1151.0 574.7 1092.0 626.2 2.11 896
SFIX R,2626659.0,
EFIX R,2626659.0,2626895 238 1143.2 577.8 2319
SSACC R,2626897.0,
ESACC R,2626897.0,2626915 20 1152.8 571.9 1159.1 531.0 1.12 93
SFIX R,2626917.0,
EFIX R,2626917.0,2627685 770 1190.6 573.4 1950
SSACC R,2627687.0,
ESACC R,2627687.0,2627697 12 1201.0 568.4 1220.6 566.0 0.53 58
SFIX R,2627699.0,
EFIX R,2627699.0,2627911 214 1218.8 562.5 2064
SSACC R,2627913.0,
ESACC R,2627913.0,2627921 10 1205.9 564.0 1188.1 555.5 0.53 64
SFIX R,2627923.0,
EFIX R,2627923.0,2629033 1112 1190.9 560.1 2138
SSACC R,2629035.0,
ESACC R,2629035.0,2629039 6 1199.1 560.3 1197.5 571.8 0.31 54
SFIX R,2629041.0,
EFIX R,2629041.0,2630603 1564 1189.8 566.6 2213
SSACC R,2630605.0,
ESACC R,2630605.0,2630619 16 1183.9 568.2 1203.8 547.4 0.77 65
SFIX R,2630621.0,
EFIX R,2630621.0,2631407 788 1199.2 548.0 2245
SSACC R,2631409.0,
ESACC R,2631409.0,2631417 10 1182.4 561.8 1165.0 567.8 0.49 64
SFIX R,2631419.0,
EFIX R,2631419.0,2631679 262 1160.7 570.2 2271
SSACC R,2631681.0,
ESACC R,2631681.0,2631691 12 1165.2 573.1 1179.5 556.9 0.58 59
SFIX R,2631693.0,
EFIX R,2631693.0,2632173 482 1199.4 557.3 2221
SSACC R,2632175.0,
SBLINK R,2632237.0,
EBLINK R,2632237.0,2632459 224
ESACC R,2632175.0,2632603 430 1200.2 571.3 1146.5 612.2 1.82 1080
SFIX R,2632605.0,
EFIX R,2632605.0,2632783 180 1161.5 598.2 2008
SSACC R,2632785.0,
SBLINK R,2632851.0,
EBLINK R,2632851.0,2633135 286
ESACC R,2632785.0,2633283 500 1170.2 587.9 1291.4 946.1 9.98 1144
SFIX R,2633285.0,
EFIX R,2633285.0,2633379 96 1270.5 927.3 1683
SSACC R,2633381.0,
ESACC R,2633381.0,2633435 56 1252.4 917.6 1187.5 588.0 8.90 403
SFIX R,2633437.0,
EFIX R,2633437.0,2633567 132 1196.5 595.3 1738
SSACC R,2633569.0,
ESACC R,2633569.0,2633587 20 1201.1 607.7 1164.1 585.3 1.16 96
SFIX R,2633589.0,
EFIX R,2633589.0,2634601 1014 1188.5 587.1 1592
SSACC R,2634603.0,
SBLINK R,2634643.0,
EBLINK R,2634643.0,2634785 144
ESACC R,2634603.0,2634891 290 1182.0 619.3 1165.6 609.7 0.51 845
SFIX R,2634893.0,
EFIX R,2634893.0,2637957 3066 1180.4 599.0 2091
SSACC R,2637959.0,
ESACC R,2637959.0,2637977 20 1166.2 614.0 1167.1 607.8 0.17 54
SFIX R,2637979.0,
EFIX R,2637979.0,2639183 1206 1164.7 584.2 2464
SSACC R,2639185.0,
ESACC R,2639185.0,2639197 14 1161.7 599.6 1163.4 613.9 0.39 66
SFIX R,2639199.0,
EFIX R,2639199.0,2639229 32 1163.8 608.0 2499
SSACC R,2639231.0,
ESACC R,2639231.0,2639241 12 1164.1 622.2 1168.3 600.4 0.60 74
SFIX R,2639243.0,
EFIX R,2639243.0,2639349 108 1170.5 610.5 2475
SSACC R,2639351.0,
ESACC R,2639351.0,2639359 10 1174.4 600.0 1177.4 578.7 0.58 71
SFIX R,2639361.0,
EFIX R,2639361.0,2640037 678 1196.3 579.8 2376
SSACC R,2640039.0,
SBLINK R,2640089.0,
EBLINK R,2640089.0,2640599 512
ESACC R,2640039.0,2640761 724 1190.9 591.4 1153.2 496.9 2.74 825
SFIX R,2640763.0,
EFIX R,2640763.0,2640915 154 1166.3 496.7 2473
SSACC R,2640917.0,
ESACC R,2640917.0,2640935 20 1177.1 502.8 1185.3 543.8 1.13 76
SFIX R,2640937.0,
EFIX R,2640937.0,2641527 592 1208.8 551.1 1934
SSACC R,2641529.0,
ESACC R,2641529.0,2641561 34 1216.3 561.7 1198.2 576.8 0.63 78
SFIX R,2641563.0,
EFIX R,2641563.0,2641901 340 1192.6 581.2 1813
SSACC R,2641903.0,
ESACC R,2641903.0,2641917 16 1189.2 581.3 1201.4 548.8 0.94 74
SFIX R,2641919.0,
EFIX R,2641919.0,2642505 588 1186.4 533.0 2108
SSACC R,2642507.0,
SBLINK R,2642553.0,
EBLINK R,2642553.0,2642701 150
ESACC R,2642507.0,2642805 300 1165.9 534.9 1177.6 556.4 0.66 1074
SFIX R,2642807.0,
EFIX R,2642807.0,2642965 160 1185.5 549.5 2292
SSACC R,2642967.0,
ESACC R,2642967.0,2642979 14 1181.2 536.8 1175.0 511.5 0.70 77
SFIX R,2642981.0,
EFIX R,2642981.0,2644463 1484 1184.0 516.0 2281
SSACC R,2644465.0,
ESACC R,2644465.0,2644479 16 1165.5 508.4 1139.6 505.9 0.70 66
SFIX R,2644481.0,
EFIX R,2644481.0,2645155 676 1159.5 518.0 2341
SSACC R,2645157.0,
ESACC R,2645157.0,2645163 8 1168.4 526.3 1180.7 522.7 0.34 49
SFIX R,2645165.0,
EFIX R,2645165.0,2645699 536 1181.4 516.5 2293
SSACC R,2645701.0,
ESACC R,2645701.0,2645707 8 1171.2 512.6 1163.0 507.5 0.26 54
SFIX R,2645709.0,
EFIX R,2645709.0,2645905 198 1156.2 503.7 2268
SSACC R,2645907.0,
ESACC R,2645907.0,2645983 78 1142.3 506.2 1124.8 544.1 1.13 117
SFIX R,2645985.0,
EFIX R,2645985.0,2647243 1260 1147.3 518.7 2306
SSACC R,2647245.0,
ESACC R,2647245.0,2647253 10 1149.1 525.0 1132.3 521.4 0.46 57
SFIX R,2647255.0,
EFIX R,2647255.0,2648657 1404 1147.1 506.7 2296
SSACC R,2648659.0,
ESACC R,2648659.0,2648671 14 1137.8 481.2 1113.8 485.0 0.66 63
SFIX R,2648673.0,
EFIX R,2648673.0,2649091 420 1113.5 492.2 2344
SSACC R,2649093.0,
ESACC R,2649093.0,2649107 16 1113.2 503.4 1143.9 495.4 0.85 70
SFIX R,2649109.0,
EFIX R,2649109.0,2649949 842 1149.9 504.2 2290
SSACC R,2649951.0,
SBLINK R,2650001.0,
EBLINK R,2650001.0,2650337 338
ESACC R,2649951.0,2650401 452 1150.4 516.7 1112.7 597.8 2.42 1502
SFIX R,2650403.0,
EFIX R,2650403.0,2650975 574 1148.0 525.5 2209
SSACC R,2650977.0,
ESACC R,2650977.0,2650981 6 1157.8 517.0 1147.9 520.1 0.28 59
SFIX R,2650983.0,
EFIX R,2650983.0,2651751 770 1144.6 513.9 2143
SSACC R,2651753.0,
SBLINK R,2651805.0,
EBLINK R,2651805.0,2651967 164
ESACC R,2651753.0,2652085 334 1140.7 514.9 1113.5 629.0 3.17 1490
SFIX R,2652087.0,
EFIX R,2652087.0,2652141 56 1119.0 574.9 2173
SSACC R,2652143.0,
ESACC R,2652143.0,2652165 24 1130.6 554.1 1132.7 538.5 0.43 46
SFIX R,2652167.0,
EFIX R,2652167.0,2652657 492 1163.7 538.2 2088
SSACC R,2652659.0,
ESACC R,2652659.0,2652663 6 1168.4 539.4 1157.4 531.3 0.37 75
SFIX R,2652665.0,
EFIX R,2652665.0,2652901 238 1148.6 532.9 1933
SSACC R,2652903.0,
ESACC R,2652903.0,2652925 24 1151.5 540.4 1207.3 534.5 1.50 106
SFIX R,2652927.0,
EFIX R,2652927.0,2655013 2088 1178.4 541.1 2047
SSACC R,2655015.0,
ESACC R,2655015.0,2655019 6 1176.1 548.8 1164.3 548.6 0.32 58
SFIX R,2655021.0,
EFIX R,2655021.0,2655247 228 1156.7 540.6 1986
SSACC R,2655249.0,
ESACC R,2655249.0,2655257 10 1164.3 540.2 1182.0 535.5 0.49 67
SFIX R,2655259.0,
EFIX R,2655259.0,2656085 828 1173.7 539.2 1784
SSACC R,2656087.0,
ESACC R,2656087.0,2656093 8 1145.5 565.1 1133.9 562.4 0.32 45
SFIX R,2656095.0,
EFIX R,2656095.0,2656355 262 1143.4 549.3 1698
SSACC R,2656357.0,
SBLINK R,2656397.0,
EBLINK R,2656397.0,2656631 236
ESACC R,2656357.0,2656697 342 1138.5 567.7 1134.8 560.5 0.22 866
SFIX R,2656699.0,
EFIX R,2656699.0,2657009 312 1138.0 560.2 1647
SSACC R,2657011.0,
ESACC R,2657011.0,2657025 16 1137.7 570.4 1157.9 560.9 0.60 55
SFIX R,2657027.0,
EFIX R,2657027.0,2660603 3578 1177.1 575.4 1556
SSACC R,2660605.0,
ESACC R,2660605.0,2660625 22 1137.5 571.2 1173.3 564.2 0.98 66
SFIX R,2660627.0,
EFIX R,2660627.0,2665883 5258 1153.8 544.9 2201
SSACC R,2665885.0,
SBLINK R,2665939.0,
EBLINK R,2665939.0,2666081 144
ESACC R,2665885.0,2666183 300 1143.3 532.5 1094.7 559.0 1.50 904
SFIX R,2666185.0,
EFIX R,2666185.0,2666281 98 1099.2 547.2 2536
SSACC R,2666283.0,
ESACC R,2666283.0,2666303 22 1100.9 549.9 1146.2 524.2 1.41 97
SFIX R,2666305.0,
EFIX R,2666305.0,2667081 778 1155.4 549.7 2177
SSACC R,2667083.0,
ESACC R,2667083.0,2667095 14 1157.1 565.9 1186.6 556.0 0.84 82
SFIX R,2667097.0,
EFIX R,2667097.0,2667395 300 1183.2 546.8 2003
SSACC R,2667397.0,
SBLINK R,2667439.0,
EBLINK R,2667439.0,2667559 122
ESACC R,2667397.0,2667703 308 1166.1 552.3 1167.8 535.3 0.46 1054
SFIX R,2667705.0,
EFIX R,2667705.0,2668321 618 1174.5 544.3 2160
SSACC R,2668323.0,
ESACC R,2668323.0,2668335 14 1168.6 555.6 1172.5 535.4 0.56 59
SFIX R,2668337.0,
EFIX R,2668337.0,2669467 1132 1171.2 536.6 2342
SSACC R,2669469.0,
ESACC R,2669469.0,2669483 16 1177.7 531.0 1167.4 521.7 0.37 57
SFIX R,2669485.0,
EFIX R,2669485.0,2670085 602 1172.1 523.9 2577
SSACC R,2670087.0,
SBLINK R,2670139.0,
EBLINK R,2670139.0,2670221 84
ESACC R,2670087.0,2670353 268 1167.4 524.3 1153.0 519.9 0.40 1066
SFIX R,2670355.0,
EFIX R,2670355.0,2670927 574 1165.0 509.1 2523
SSACC R,2670929.0,
ESACC R,2670929.0,2670951 24 1176.4 499.9 1174.6 527.9 0.76 88
SFIX R,2670953.0,
EFIX R,2670953.0,2672555 1604 1161.9 507.3 2496
SSACC R,2672557.0,
SBLINK R,2672601.0,
EBLINK R,2672601.0,2672799 200
ESACC R,2672557.0,2672907 352 1149.7 525.7 1145.2 554.6 0.79 1106
SFIX R,2672909.0,
EFIX R,2672909.0,2674031 1124 1179.7 548.9 2145
SSACC R,2674033.0,
ESACC R,2674033.0,2674051 20 1170.9 560.6 1126.7 556.4 1.20 90
SFIX R,2674053.0,
EFIX R,2674053.0,2674341 290 1129.2 542.4 2050
SSACC R,2674343.0,
ESACC R,2674343.0,2674351 10 1132.9 544.0 1153.0 547.6 0.55 65
SFIX R,2674353.0,
EFIX R,2674353.0,2676145 1794 1168.3 532.1 2288
SSACC R,2676147.0,
ESACC R,2676147.0,2676179 34 1153.6 521.3 1107.7 642.7 3.51 194
SFIX R,2676181.0,
EFIX R,2676181.0,2676357 178 1106.3 634.3 2519
SSACC R,2676359.0,
ESACC R,2676359.0,2676389 32 1102.1 634.4 1144.4 512.2 3.49 245
SFIX R,2676391.0,
EFIX R,2676391.0,2676751 362 1139.5 547.3 2360
SSACC R,2676753.0,
ESACC R,2676753.0,2676761 10 1139.5 570.4 1155.8 554.1 0.62 71
SFIX R,2676763.0,
EFIX R,2676763.0,2677993 1232 1156.9 567.2 2119
SSACC R,2677995.0,
SBLINK R,2678053.0,
EBLINK R,2678053.0,2678207 156
ESACC R,2677995.0,2678307 314 1132.5 573.3 1120.2 588.8 0.53 728
SFIX R,2678309.0,
EFIX R,2678309.0,2680795 2488 1149.6 577.2 2138
SSACC R,2680797.0,
SBLINK R,2680841.0,
EBLINK R,2680841.0,2680931 92
ESACC R,2680797.0,2681047 252 1149.7 577.6 1113.4 624.6 1.60 964
SFIX R,2681049.0,
EFIX R,2681049.0,2681201 154 1131.3 598.9 2152
SSACC R,2681203.0,
ESACC R,2681203.0,2681211 10 1143.0 580.0 1160.9 564.2 0.64 73
SFIX R,2681213.0,
EFIX R,2681213.0,2682217 1006 1175.5 565.0 2106
SSACC R,2682219.0,
SBLINK R,2682271.0,
EBLINK R,2682271.0,2682757 488
ESACC R,2682219.0,2682817 600 1164.8 581.8 1133.7 663.6 2.36 872
SFIX R,2682819.0,
EFIX R,2682819.0,2682941 124 1138.8 655.1 2021
SSACC R,2682943.0,
ESACC R,2682943.0,2682975 34 1142.0 653.6 1205.5 587.9 2.46 142
SFIX R,2682977.0,
EFIX R,2682977.0,2683537 562 1206.4 602.4 1824
SSACC R,2683539.0,
ESACC R,2683539.0,2683551 14 1209.9 594.1 1184.0 604.9 0.75 70
SFIX R,2683553.0,
EFIX R,2683553.0,2683881 330 1189.8 609.7 1767
SSACC R,2683883.0,
ESACC R,2683883.0,2683889 8 1183.3 604.9 1196.4 608.7 0.37 55
SFIX R,2683891.0,
EFIX R,2683891.0,2685157 1268 1176.6 577.7 2201
SSACC R,2685159.0,
ESACC R,2685159.0,2685167 10 1157.4 537.2 1177.4 533.5 0.55 68
SFIX R,2685169.0,
EFIX R,2685169.0,2687505 2338 1167.5 537.1 2408
SSACC R,2687507.0,
ESACC R,2687507.0,2687517 12 1180.0 514.5 1194.8 508.2 0.43 50
SFIX R,2687519.0,
EFIX R,2687519.0,2688525 1008 1195.2 522.8 2450
SSACC R,2688527.0,
SBLINK R,2688567.0,
EBLINK R,2688567.0,2688707 142
ESACC R,2688527.0,2688811 286 1177.1 550.9 1182.4 578.9 0.77 1266
SFIX R,2688813.0,
EFIX R,2688813.0,2689769 958 1199.7 558.7 2160
SSACC R,2689771.0,
ESACC R,2689771.0,2689783 14 1194.2 572.1 1178.1 585.8 0.57 60
SFIX R,2689785.0,
EFIX R,2689785.0,2690619 836 1188.3 564.8 2071
SSACC R,2690621.0,
SBLINK R,2690671.0,
EBLINK R,2690671.0,2691109 440
ESACC R,2690621.0,2691163 544 1180.3 584.6 1093.8 581.6 2.33 847
SFIX R,2691165.0,
EFIX R,2691165.0,2691221 58 1109.4 575.9 1915
SSACC R,2691223.0,
ESACC R,2691223.0,2691239 18 1120.9 576.7 1151.3 558.5 0.95 69
SFIX R,2691241.0,
EFIX R,2691241.0,2691415 176 1167.0 564.3 1888
SSACC R,2691417.0,
ESACC R,2691417.0,2691427 12 1176.2 578.0 1202.6 566.1 0.78 81
SFIX R,2691429.0,
EFIX R,2691429.0,2692321 894 1211.6 588.0 1505
SSACC R,2692323.0,
ESACC R,2692323.0,2692331 10 1200.8 584.7 1185.5 580.1 0.43 54
SFIX R,2692333.0,
EFIX R,2692333.0,2692599 268 1183.9 570.2 1662
SSACC R,2692601.0,
ESACC R,2692601.0,2692609 10 1189.6 571.8 1206.3 561.5 0.53 63
SFIX R,2692611.0,
EFIX R,2692611.0,2694043 1434 1190.2 571.4 1849
SSACC R,2694045.0,
ESACC R,2694045.0,2694053 10 1189.1 577.8 1207.0 571.4 0.51 60
SFIX R,2694055.0,
EFIX R,2694055.0,2694237 184 1221.2 569.1 1821
SSACC R,2694239.0,
ESACC R,2694239.0,2694245 8 1222.0 570.8 1212.1 572.2 0.27 48
SFIX R,2694247.0,
EFIX R,2694247.0,2695047 802 1185.7 571.0 1817
SSACC R,2695049.0,
SBLINK R,2695103.0,
EBLINK R,2695103.0,2695283 182
ESACC R,2695049.0,2695483 436 1170.5 589.9 1158.7 564.3 0.76 712
SFIX R,2695485.0,
EFIX R,2695485.0,2696537 1054 1199.0 578.8 1549
SSACC R,2696539.0,
ESACC R,2696539.0,2696547 10 1200.5 591.8 1216.9 586.6 0.46 53
SFIX R,2696549.0,
EFIX R,2696549.0,2698711 2164 1199.3 587.3 1588
SSACC R,2698713.0,
SBLINK R,2698751.0,
EBLINK R,2698751.0,2698991 242
ESACC R,2698713.0,2699029 318 1186.5 612.1 1149.6 571.7 1.47 702
SFIX R,2699031.0,
EFIX R,2699031.0,2701005 1976 1191.7 588.1 1490
SSACC R,2701007.0,
ESACC R,2701007.0,2701017 12 1182.2 626.4 1182.3 598.8 0.74 79
SFIX R,2701019.0,
EFIX R,2701019.0,2705935 4918 1184.1 589.4 1842
SSACC R,2705937.0,
ESACC R,2705937.0,2705945 10 1197.9 562.3 1185.0 569.4 0.40 50
SFIX R,2705947.0,
EFIX R,2705947.0,2706193 248 1191.0 558.4 2025
SSACC R,2706195.0,
SBLINK R,2706241.0,
EBLINK R,2706241.0,2706401 162
ESACC R,2706195.0,2706475 282 1183.8 567.1 1143.0 588.1 1.23 1015
SFIX R,2706477.0,
EFIX R,2706477.0,2708085 1610 1195.5 552.6 2035
SSACC R,2708087.0,
ESACC R,2708087.0,2708095 10 1194.3 547.4 1181.2 554.7 0.40 47
SFIX R,2708097.0,
EFIX R,2708097.0,2713251 5156 1191.5 558.5 1994
SSACC R,2713253.0,
SBLINK R,2713299.0,
EBLINK R,2713299.0,2713439 142
ESACC R,2713253.0,2713533 282 1164.7 583.9 1148.7 618.7 1.03 961
SFIX R,2713535.0,
EFIX R,2713535.0,2713857 324 1169.4 590.2 2129
SSACC R,2713859.0,
ESACC R,2713859.0,2713867 10 1188.9 595.6 1195.3 572.1 0.66 77
SFIX R,2713869.0,
EFIX R,2713869.0,2714557 690 1202.1 585.5 1883
SSACC R,2714559.0,
ESACC R,2714559.0,2714567 10 1207.8 590.8 1219.5 583.0 0.38 52
SFIX R,2714569.0,
EFIX R,2714569.0,2715521 954 1219.3 562.5 1971
SSACC R,2715523.0,
SBLINK R,2715575.0,
EBLINK R,2715575.0,2715781 208
ESACC R,2715523.0,2715877 356 1198.5 578.7 1146.4 624.0 1.86 828
SFIX R,2715879.0,
EFIX R,2715879.0,2716081 204 1167.1 602.8 2010
SSACC R,2716083.0,
ESACC R,2716083.0,2716105 24 1179.9 594.5 1184.6 552.4 1.14 77
SFIX R,2716107.0,
EFIX R,2716107.0,2718439 2334 1188.1 573.1 1934
SSACC R,2718441.0,
SBLINK R,2718483.0,
EBLINK R,2718483.0,2718609 128
ESACC R,2718441.0,2718687 248 1160.5 594.7 1156.0 616.6 0.60 911
SFIX R,2718689.0,
EFIX R,2718689.0,2723835 5148 1183.5 567.7 2073
SSACC R,2723837.0,
SBLINK R,2723889.0,
EBLINK R,2723889.0,2724041 154
ESACC R,2723837.0,2724107 272 1175.8 563.9 1138.5 594.5 1.30 952
SFIX R,2724109.0,
EFIX R,2724109.0,2724699 592 1184.4 578.1 1641
SSACC R,2724701.0,
ESACC R,2724701.0,2724707 8 1196.8 590.9 1207.6 589.5 0.29 47
SFIX R,2724709.0,
EFIX R,2724709.0,2728449 3742 1174.1 589.1 1692
SSACC R,2728451.0,
ESACC R,2728451.0,2728459 10 1153.4 605.2 1162.4 593.3 0.40 53
SFIX R,2728461.0,
EFIX R,2728461.0,2731189 2730 1162.5 570.5 2151
SSACC R,2731191.0,
SBLINK R,2731259.0,
EBLINK R,2731259.0,2731719 462
ESACC R,2731191.0,2731807 618 1139.2 590.9 1118.8 578.6 0.64 1661
SFIX R,2731809.0,
EFIX R,2731809.0,2734631 2824 1180.3 591.9 1813
SSACC R,2734633.0,
ESACC R,2734633.0,2734645 14 1157.9 579.1 1139.3 561.8 0.69 61
SFIX R,2734647.0,
EFIX R,2734647.0,2735763 1118 1154.2 562.8 2227
SSACC R,2735765.0,
SBLINK R,2735817.0,
EBLINK R,2735817.0,2735937 122
ESACC R,2735765.0,2736015 252 1161.7 594.0 1141.0 633.2 1.19 985
SFIX R,2736017.0,
EFIX R,2736017.0,2736317 302 1177.7 605.7 2221
SSACC R,2736319.0,
ESACC R,2736319.0,2736327 10 1188.3 600.5 1183.3 580.6 0.55 73
SFIX R,2736329.0,
EFIX R,2736329.0,2738691 2364 1181.0 586.1 2128
SSACC R,2738693.0,
ESACC R,2738693.0,2738699 8 1161.5 558.5 1170.8 562.9 0.28 49
SFIX R,2738701.0,
EFIX R,2738701.0,2740259 1560 1168.9 551.9 2255
SSACC R,2740261.0,
ESACC R,2740261.0,2740269 10 1155.8 539.7 1167.2 532.0 0.37 51
SFIX R,2740271.0,
EFIX R,2740271.0,2741649 1380 1178.7 542.2 2211
SSACC R,2741651.0,
SBLINK R,2741695.0,
EBLINK R,2741695.0,2741799 106
ESACC R,2741651.0,2741895 246 1174.3 576.4 1159.1 554.2 0.73 1255
SFIX R,2741897.0,
EFIX R,2741897.0,2742215 320 1176.2 546.9 2142
SSACC R,2742217.0,
ESACC R,2742217.0,2742241 26 1187.4 563.9 1197.0 567.5 0.28 44
SFIX R,2742243.0,
EFIX R,2742243.0,2742501 260 1211.4 572.7 1993
SSACC R,2742503.0,
ESACC R,2742503.0,2742511 10 1212.7 578.5 1193.6 583.2 0.53 65
SFIX R,2742513.0,
EFIX R,2742513.0,2742799 288 1189.6 586.4 1960
SSACC R,2742801.0,
ESACC R,2742801.0,2742819 20 1201.0 588.5 1210.7 567.1 0.63 72
SFIX R,2742821.0,
EFIX R,2742821.0,2743201 382 1210.2 576.5 2005
SSACC R,2743203.0,
SBLINK R,2743239.0,
EBLINK R,2743239.0,2743395 158
ESACC R,2743203.0,2743477 276 1202.6 588.8 1207.4 622.1 0.91 1642
SFIX R,2743479.0,
EFIX R,2743479.0,2744443 966 1212.8 565.5 2075
SSACC R,2744445.0,
ESACC R,2744445.0,2744451 8 1190.6 564.0 1177.2 559.8 0.38 49
SFIX R,2744453.0,
EFIX R,2744453.0,2744849 398 1182.9 550.9 2030
SSACC R,2744851.0,
SBLINK R,2744899.0,
EBLINK R,2744899.0,2745247 350
ESACC R,2744851.0,2745315 466 1167.7 581.8 1164.4 555.2 0.72 901
SFIX R,2745317.0,
EFIX R,2745317.0,2745567 252 1178.5 542.4 1969
SSACC R,2745569.0,
ESACC R,2745569.0,2745589 22 1176.2 546.3 1178.3 579.1 0.89 58
SFIX R,2745591.0,
EFIX R,2745591.0,2746529 940 1199.1 589.5 1576
SSACC R,2746531.0,
SBLINK R,2746577.0,
EBLINK R,2746577.0,2746785 210
ESACC R,2746531.0,2746849 320 1185.7 601.9 1172.3 590.3 0.48 893
SFIX R,2746851.0,
EFIX R,2746851.0,2746955 106 1188.8 584.4 1821
SSACC R,2746957.0,
ESACC R,2746957.0,2746969 14 1193.2 574.6 1184.6 549.8 0.71 73
SFIX R,2746971.0,
EFIX R,2746971.0,2747527 558 1199.1 568.1 1739
SSACC R,2747529.0,
ESACC R,2747529.0,2747549 22 1202.1 572.7 1179.4 611.3 1.20 74
SFIX R,2747551.0,
EFIX R,2747551.0,2747773 224 1177.0 621.5 1627
SSACC R,2747775.0,
ESACC R,2747775.0,2747783 10 1184.2 621.5 1194.2 614.0 0.34 41
SFIX R,2747785.0,
EFIX R,2747785.0,2748075 292 1197.5 612.0 1688
SSACC R,2748077.0,
ESACC R,2748077.0,2748085 10 1193.8 606.9 1196.4 591.0 0.43 52
SFIX R,2748087.0,
EFIX R,2748087.0,2749243 1158 1185.1 593.0 1769
SSACC R,2749245.0,
ESACC R,2749245.0,2749255 12 1163.3 585.2 1145.3 588.5 0.49 56
SFIX R,2749257.0,
EFIX R,2749257.0,2749529 274 1145.0 577.7 1785
SSACC R,2749531.0,
ESACC R,2749531.0,2749563 34 1140.2 575.9 959.3 560.3 4.91 216
SFIX R,2749565.0,
EFIX R,2749565.0,2749731 168 932.3 556.0 1815
SSACC R,2749733.0,
ESACC R,2749733.0,2749761 30 947.2 563.9 1064.0 568.3 3.16 144
SFIX R,2749763.0,
EFIX R,2749763.0,2749883 122 1095.4 564.7 1820
SSACC R,2749885.0,
ESACC R,2749885.0,2749903 20 1093.3 570.0 1144.9 569.8 1.39 113
SFIX R,2749905.0,
EFIX R,2749905.0,2750101 198 1151.7 568.7 1810
SSACC R,2750103.0,
ESACC R,2750103.0,2750113 12 1157.3 564.8 1176.4 573.4 0.56 59
SFIX R,2750115.0,
EFIX R,2750115.0,2751113 1000 1174.8 573.0 1778
SSACC R,2751115.0,
ESACC R,2751115.0,2751135 22 1179.5 573.0 1169.7 512.1 1.66 122
SFIX R,2751137.0,
EFIX R,2751137.0,2751355 220 1183.8 512.0 1781
SSACC R,2751357.0,
ESACC R,2751357.0,2751379 24 1189.1 517.8 1193.5 560.9 1.17 78
SFIX R,2751381.0,
EFIX R,2751381.0,2751747 368 1192.2 535.5 1757
SSACC R,2751749.0,
ESACC R,2751749.0,2751767 20 1185.7 535.3 1192.6 567.0 0.87 61
SFIX R,2751769.0,
EFIX R,2751769.0,2753361 1594 1194.7 579.4 1917
SSACC R,2753363.0,
ESACC R,2753363.0,2753369 8 1212.8 597.2 1214.2 585.0 0.33 49
SFIX R,2753371.0,
EFIX R,2753371.0,2754351 982 1200.4 577.6 1985
SSACC R,2754353.0,
SBLINK R,2754407.0,
EBLINK R,2754407.0,2754597 192
ESACC R,2754353.0,2754685 334 1210.7 583.9 1194.6 604.9 0.71 1070
SFIX R,2754687.0,
EFIX R,2754687.0,2755739 1054 1214.9 588.7 1519
SSACC R,2755741.0,
ESACC R,2755741.0,2755821 82 1199.3 592.2 744.0 593.7 12.21 215
SFIX R,2755823.0,
EFIX R,2755823.0,2756057 236 815.4 597.8 1683
SSACC R,2756059.0,
ESACC R,2756059.0,2756107 50 839.5 591.6 1211.6 563.3 10.03 350
SFIX R,2756109.0,
EFIX R,2756109.0,2756233 126 1172.3 556.8 1755
SSACC R,2756235.0,
ESACC R,2756235.0,2756259 26 1154.9 554.7 1220.1 562.0 1.76 148
SFIX R,2756261.0,
EFIX R,2756261.0,2756483 224 1204.4 557.5 1735
SSACC R,2756485.0,
ESACC R,2756485.0,2756499 16 1198.2 564.5 1220.8 576.9 0.69 70
SFIX R,2756501.0,
EFIX R,2756501.0,2757343 844 1203.7 565.0 1869
SSACC R,2757345.0,
ESACC R,2757345.0,2757349 6 1192.9 564.5 1185.8 561.0 0.21 53
SFIX R,2757351.0,
EFIX R,2757351.0,2758433 1084 1175.6 578.9 2082
SSACC R,2758435.0,
SBLINK R,2758489.0,
EBLINK R,2758489.0,2758683 196
ESACC R,2758435.0,2758757 324 1164.9 600.7 1147.9 629.4 0.90 937
SFIX R,2758759.0,
EFIX R,2758759.0,2758935 178 1174.1 601.9 1946
SSACC R,2758937.0,
ESACC R,2758937.0,2758947 12 1189.6 596.5 1165.7 603.9 0.67 67
SFIX R,2758949.0,
EFIX R,2758949.0,2759163 216 1164.9 603.4 1856
SSACC R,2759165.0,
ESACC R,2759165.0,2759179 16 1177.3 598.5 1210.4 593.9 0.89 74
SFIX R,2759181.0,
EFIX R,2759181.0,2759457 278 1214.0 586.4 1721
SSACC R,2759459.0,
ESACC R,2759459.0,2759463 6 1203.1 589.9 1194.6 588.6 0.23 46
SFIX R,2759465.0,
EFIX R,2759465.0,2760025 562 1196.7 583.9 1580
SSACC R,2760027.0,
ESACC R,2760027.0,2760037 12 1192.3 585.1 1179.6 600.8 0.54 55
SFIX R,2760039.0,
EFIX R,2760039.0,2760239 202 1181.2 595.4 1731
SSACC R,2760241.0,
ESACC R,2760241.0,2760245 6 1178.5 594.0 1187.5 581.5 0.41 53
SFIX R,2760247.0,
EFIX R,2760247.0,2761873 1628 1206.7 577.5 1986
SSACC R,2761875.0,
SBLINK R,2761915.0,
EBLINK R,2761915.0,2762025 112
ESACC R,2761875.0,2762105 232 1218.6 582.1 1173.5 642.5 2.03 1289
SFIX R,2762107.0,
EFIX R,2762107.0,2767345 5240 1182.9 558.4 2310
SSACC R,2767347.0,
ESACC R,2767347.0,2767351 6 1173.6 532.2 1174.5 533.0 0.03 42
SFIX R,2767353.0,
EFIX R,2767353.0,2767521 170 1174.1 537.0 2398
SSACC R,2767523.0,
ESACC R,2767523.0,2767533 12 1173.3 544.3 1174.0 533.8 0.28 59
SFIX R,2767535.0,
EFIX R,2767535.0,2774849 7316 1165.5 564.1 2181
SSACC R,2774851.0,
ESACC R,2774851.0,2774855 6 1149.8 602.0 1151.8 593.3 0.24 54
SFIX R,2774857.0,
EFIX R,2774857.0,2775585 730 1163.0 594.4 1916
SSACC R,2775587.0,
ESACC R,2775587.0,2775591 6 1157.0 607.2 1150.1 614.0 0.26 47
SFIX R,2775593.0,
EFIX R,2775593.0,2776435 844 1145.2 610.7 1732
SSACC R,2776437.0,
ESACC R,2776437.0,2776445 10 1141.8 610.4 1139.8 592.7 0.48 63
SFIX R,2776447.0,
EFIX R,2776447.0,2776853 408 1140.1 594.2 1617
SSACC R,2776855.0,
ESACC R,2776855.0,2776861 8 1135.8 602.5 1135.3 590.3 0.33 50
SFIX R,2776863.0,
EFIX R,2776863.0,2778279 1418 1150.2 581.0 1488
SSACC R,2778281.0,
ESACC R,2778281.0,2778293 14 1158.6 569.8 1154.4 584.3 0.41 55
SFIX R,2778295.0,
EFIX R,2778295.0,2780287 1994 1140.7 588.1 1686
SSACC R,2780289.0,
SBLINK R,2780339.0,
EBLINK R,2780339.0,2780475 138
ESACC R,2780289.0,2780565 278 1124.2 625.2 1106.7 626.5 0.47 913
SFIX R,2780567.0,
EFIX R,2780567.0,2782215 1650 1174.3 591.3 1609
SSACC R,2782217.0,
SBLINK R,2782253.0,
EBLINK R,2782253.0,2782453 202
ESACC R,2782217.0,2782511 296 1180.7 614.7 1137.8 590.9 1.32 1223
SFIX R,2782513.0,
EFIX R,2782513.0,2786111 3600 1186.0 586.7 1456
SSACC R,2786113.0,
ESACC R,2786113.0,2786121 10 1183.5 577.9 1189.6 566.8 0.34 50
SFIX R,2786123.0,
EFIX R,2786123.0,2786451 330 1190.2 566.9 1705
SSACC R,2786453.0,
ESACC R,2786453.0,2786461 10 1186.2 559.3 1186.5 577.0 0.48 57
SFIX R,2786463.0,
EFIX R,2786463.0,2787325 864 1172.7 580.0 1842
SSACC R,2787327.0,
ESACC R,2787327.0,2787351 26 1168.6 583.1 1173.3 565.4 0.49 54
SFIX R,2787353.0,
EFIX R,2787353.0,2789829 2478 1167.3 596.8 1927
SSACC R,2789831.0,
SBLINK R,2789891.0,
EBLINK R,2789891.0,2790111 222
ESACC R,2789831.0,2790215 386 1132.3 632.5 1163.4 633.2 0.84 784
SFIX R,2790217.0,
EFIX R,2790217.0,2792161 1946 1181.0 598.9 1968
SSACC R,2792163.0,
ESACC R,2792163.0,2792169 8 1143.7 585.3 1142.3 573.4 0.32 65
SFIX R,2792171.0,
EFIX R,2792171.0,2793089 920 1147.8 554.0 2217
SSACC R,2793091.0,
ESACC R,2793091.0,2793097 8 1143.2 560.4 1143.7 557.1 0.09 46
SFIX R,2793099.0,
EFIX R,2793099.0,2795161 2064 1137.6 583.6 2144
SSACC R,2795163.0,
ESACC R,2795163.0,2795205 44 1145.8 594.8 1142.9 590.3 0.14 74
SFIX R,2795207.0,
EFIX R,2795207.0,2795369 164 1142.8 602.4 2142
SSACC R,2795371.0,
ESACC R,2795371.0,2795411 42 1141.0 611.3 1139.2 602.2 0.25 58
SFIX R,2795413.0,
EFIX R,2795413.0,2795979 568 1139.5 617.9 2010
SSACC R,2795981.0,
ESACC R,2795981.0,2795993 14 1158.6 650.3 1162.7 624.6 0.70 85
SFIX R,2795995.0,
EFIX R,2795995.0,2796021 28 1155.5 624.3 1835
SSACC R,2796023.0,
ESACC R,2796023.0,2796041 20 1157.0 609.4 1155.0 621.0 0.32 57
SFIX R,2796043.0,
EFIX R,2796043.0,2796319 278 1161.5 637.2 1720
SSACC R,2796321.0,
ESACC R,2796321.0,2796335 16 1165.9 649.0 1167.6 638.0 0.30 54
SFIX R,2796337.0,
EFIX R,2796337.0,2796555 220 1165.6 642.4 1572
SSACC R,2796557.0,
ESACC R,2796557.0,2796619 64 1164.7 643.7 1153.2 710.5 1.82 88
SFIX R,2796621.0,
EFIX R,2796621.0,2799867 3248 1159.4 684.9 1375
SSACC R,2799869.0,
ESACC R,2799869.0,2799897 30 1140.7 677.7 1147.9 623.9 1.46 79
SFIX R,2799899.0,
EFIX R,2799899.0,2800037 140 1155.7 632.4 1592
SSACC R,2800039.0,
ESACC R,2800039.0,2800061 24 1166.1 631.8 1185.0 594.8 1.12 63
SFIX R,2800063.0,
EFIX R,2800063.0,2801831 1770 1205.5 592.8 1433
SSACC R,2801833.0,
SBLINK R,2801863.0,
EBLINK R,2801863.0,2802061 200
ESACC R,2801833.0,2802091 260 1195.5 607.0 1169.8 596.7 0.74 692
SFIX R,2802093.0,
EFIX R,2802093.0,2803607 1516 1190.0 591.5 1319
SSACC R,2803609.0,
SBLINK R,2803633.0,
EBLINK R,2803633.0,2803887 256
ESACC R,2803609.0,2803941 334 1191.6 611.1 1156.2 586.3 1.16 810
SFIX R,2803943.0,
EFIX R,2803943.0,2804293 352 1165.3 566.7 1467
SSACC R,2804295.0,
ESACC R,2804295.0,2804309 16 1181.0 570.6 1208.0 572.9 0.73 59
SFIX R,2804311.0,
EFIX R,2804311.0,2804911 602 1216.3 580.8 1305
SSACC R,2804913.0,
SBLINK R,2804951.0,
EBLINK R,2804951.0,2805167 218
ESACC R,2804913.0,2805199 288 1201.2 611.1 1166.9 602.6 0.95 894
SFIX R,2805201.0,
EFIX R,2805201.0,2805449 250 1187.3 579.7 1481
SSACC R,2805451.0,
SBLINK R,2805485.0,
EBLINK R,2805485.0,2805721 238
ESACC R,2805451.0,2805747 298 1185.8 600.8 1155.5 552.8 1.53 816
SFIX R,2805749.0,
EFIX R,2805749.0,2806115 368 1194.3 561.8 1527
SSACC R,2806117.0,
ESACC R,2806117.0,2806133 18 1204.5 561.9 1201.6 598.7 0.99 82
SFIX R,2806135.0,
EFIX R,2806135.0,2806429 296 1222.6 596.3 1493
SSACC R,2806431.0,
ESACC R,2806431.0,2806449 20 1236.0 588.0 1212.8 576.5 0.69 63
SFIX R,2806451.0,
EFIX R,2806451.0,2806821 372 1207.5 576.5 1661
SSACC R,2806823.0,
ESACC R,2806823.0,2806833 12 1200.8 576.7 1223.7 558.5 0.78 78
SFIX R,2806835.0,
EFIX R,2806835.0,2807799 966 1178.1 549.5 1977
SSACC R,2807801.0,
ESACC R,2807801.0,2807835 36 1162.5 550.6 1143.2 553.5 0.53 77
SFIX R,2807837.0,
EFIX R,2807837.0,2808083 248 1123.5 555.8 2235
SSACC R,2808085.0,
ESACC R,2808085.0,2808097 14 1120.1 558.8 1141.5 544.0 0.70 64
SFIX R,2808099.0,
EFIX R,2808099.0,2808309 212 1138.4 552.5 2349
SSACC R,2808311.0,
ESACC R,2808311.0,2808315 6 1133.6 561.3 1133.2 546.2 0.41 50
SFIX R,2808317.0,
EFIX R,2808317.0,2809037 722 1147.4 545.3 2409
SSACC R,2809039.0,
SBLINK R,2809085.0,
EBLINK R,2809085.0,2809255 172
ESACC R,2809039.0,2809345 308 1164.4 565.3 1154.3 561.2 0.29 1031
SFIX R,2809347.0,
EFIX R,2809347.0,2809645 300 1160.2 553.3 2381
SSACC R,2809647.0,
ESACC R,2809647.0,2809663 18 1166.5 563.5 1207.9 563.5 1.11 90
SFIX R,2809665.0,
EFIX R,2809665.0,2809721 58 1212.5 579.6 2230
SSACC R,2809723.0,
SBLINK R,2809763.0,
EBLINK R,2809763.0,2810137 376
ESACC R,2809723.0,2810181 460 1213.8 599.2 1137.6 610.2 2.07 1015
SFIX R,2810183.0,
EFIX R,2810183.0,2810365 184 1148.6 578.6 2147
SSACC R,2810367.0,
ESACC R,2810367.0,2810381 16 1154.4 573.8 1196.4 552.2 1.27 115
SFIX R,2810383.0,
EFIX R,2810383.0,2811097 716 1216.2 565.7 1968
SSACC R,2811099.0,
SBLINK R,2811143.0,
EBLINK R,2811143.0,2811253 112
ESACC R,2811099.0,2811325 228 1210.2 564.9 1233.7 564.0 0.63 1338
SFIX R,2811327.0,
EFIX R,2811327.0,2811557 232 1239.7 541.7 2095
SSACC R,2811559.0,
ESACC R,2811559.0,2811571 14 1228.4 532.9 1210.1 537.8 0.51 54
SFIX R,2811573.0,
EFIX R,2811573.0,2812053 482 1211.2 516.3 2165
SSACC R,2812055.0,
ESACC R,2812055.0,2812063 10 1220.5 501.9 1203.4 506.9 0.48 62
SFIX R,2812065.0,
EFIX R,2812065.0,2812663 600 1207.1 494.2 2177
SSACC R,2812665.0,
SBLINK R,2812699.0,
EBLINK R,2812699.0,2812909 212
ESACC R,2812665.0,2813077 414 1198.1 510.9 1190.5 528.9 0.53 1255
SFIX R,2813079.0,
EFIX R,2813079.0,2813455 378 1199.0 507.1 2125
SSACC R,2813457.0,
ESACC R,2813457.0,2813469 14 1212.7 498.3 1230.9 514.9 0.66 60
SFIX R,2813471.0,
EFIX R,2813471.0,2814873 1404 1211.9 508.6 2026
SSACC R,2814875.0,
SBLINK R,2814923.0,
EBLINK R,2814923.0,2815143 222
ESACC R,2814875.0,2815227 354 1170.3 527.2 1183.4 600.3 2.00 1035
SFIX R,2815229.0,
EFIX R,2815229.0,2816165 938 1179.3 554.5 1976
SSACC R,2816167.0,
ESACC R,2816167.0,2816173 8 1176.7 549.8 1181.7 537.6 0.36 56
SFIX R,2816175.0,
EFIX R,2816175.0,2816295 122 1177.2 544.2 1912
SSACC R,2816297.0,
SBLINK R,2816361.0,
EBLINK R,2816361.0,2816587 228
ESACC R,2816297.0,2816775 480 1168.4 572.6 1184.9 587.1 0.59 718
SFIX R,2816777.0,
EFIX R,2816777.0,2819049 2274 1177.9 555.4 1868
SSACC R,2819051.0,
SBLINK R,2819113.0,
EBLINK R,2819113.0,2819455 344
ESACC R,2819051.0,2819827 778 1181.6 560.8 1171.8 616.1 1.51 711
SFIX R,2819829.0,
EFIX R,2819829.0,2820023 196 1171.0 602.6 1672
SSACC R,2820025.0,
ESACC R,2820025.0,2820035 12 1177.1 606.3 1197.4 601.9 0.56 65
SFIX R,2820037.0,
EFIX R,2820037.0,2820217 182 1210.1 608.5 1576
SSACC R,2820219.0,
ESACC R,2820219.0,2820255 38 1212.0 613.8 1219.9 636.5 0.65 53
SFIX R,2820257.0,
EFIX R,2820257.0,2820777 522 1218.6 613.2 1492
SSACC R,2820779.0,
ESACC R,2820779.0,2820789 12 1226.6 589.5 1227.5 609.2 0.53 62
SFIX R,2820791.0,
EFIX R,2820791.0,2821553 764 1235.8 605.7 1566
SSACC R,2821555.0,
ESACC R,2821555.0,2821563 10 1243.4 619.5 1243.9 605.9 0.37 54
SFIX R,2821565.0,
EFIX R,2821565.0,2821661 98 1241.2 612.4 1613
SSACC R,2821663.0,
ESACC R,2821663.0,2821671 10 1236.8 620.4 1220.8 612.7 0.47 58
SFIX R,2821673.0,
EFIX R,2821673.0,2821857 186 1209.0 611.4 1630
SSACC R,2821859.0,
ESACC R,2821859.0,2821869 12 1202.9 628.1 1203.0 614.4 0.37 61
SFIX R,2821871.0,
EFIX R,2821871.0,2821943 74 1200.1 620.5 1666
SSACC R,2821945.0,
ESACC R,2821945.0,2821985 42 1202.9 617.9 1227.0 607.2 0.70 58
SFIX R,2821987.0,
EFIX R,2821987.0,2822569 584 1203.2 591.0 1831
SSACC R,2822571.0,
ESACC R,2822571.0,2822609 40 1185.6 565.0 1187.7 578.6 0.37 64
SFIX R,2822611.0,
EFIX R,2822611.0,2822787 178 1184.7 582.7 1969
SSACC R,2822789.0,
ESACC R,2822789.0,2822797 10 1179.2 599.3 1160.7 601.4 0.50 63
SFIX R,2822799.0,
EFIX R,2822799.0,2823531 734 1177.2 602.8 2037
SSACC R,2823533.0,
SBLINK R,2823607.0,
EBLINK R,2823607.0,2824269 664
ESACC R,2823533.0,2824327 796 1185.5 618.5 1209.5 591.2 0.98 603
SFIX R,2824329.0,
EFIX R,2824329.0,2824459 132 1219.6 586.0 1730
SSACC R,2824461.0,
ESACC R,2824461.0,2824467 8 1221.1 592.9 1223.7 607.3 0.39 60
SFIX R,2824469.0,
EFIX R,2824469.0,2825445 978 1223.7 613.1 1596
SSACC R,2825447.0,
ESACC R,2825447.0,2825453 8 1214.1 616.7 1204.5 612.7 0.28 44
SFIX R,2825455.0,
EFIX R,2825455.0,2829267 3814 1206.8 597.6 2043
SSACC R,2829269.0,
SBLINK R,2829329.0,
EBLINK R,2829329.0,2829477 150
ESACC R,2829269.0,2829603 336 1196.0 612.5 1202.4 648.8 0.99 779
SFIX R,2829605.0,
EFIX R,2829605.0,2830303 700 1218.7 591.8 1669
SSACC R,2830305.0,
ESACC R,2830305.0,2830311 8 1220.2 597.4 1216.0 617.2 0.54 72
SFIX R,2830313.0,
EFIX R,2830313.0,2830903 592 1213.6 600.6 1739
SSACC R,2830905.0,
ESACC R,2830905.0,2830909 6 1204.9 579.5 1204.6 588.6 0.25 54
SFIX R,2830911.0,
EFIX R,2830911.0,2830985 76 1202.6 591.1 1909
SSACC R,2830987.0,
ESACC R,2830987.0,2831025 40 1198.7 594.5 1198.5 597.6 0.08 72
SFIX R,2831027.0,
EFIX R,2831027.0,2831083 58 1197.1 593.4 1941
SSACC R,2831085.0,
ESACC R,2831085.0,2831095 12 1197.3 599.2 1194.6 598.4 0.08 52
SFIX R,2831097.0,
EFIX R,2831097.0,2831847 752 1212.1 598.7 1969
SSACC R,2831849.0,
ESACC R,2831849.0,2831865 18 1236.3 588.1 1235.6 583.4 0.13 67
SFIX R,2831867.0,
EFIX R,2831867.0,2831941 76 1238.6 583.0 2087
SSACC R,2831943.0,
ESACC R,2831943.0,2831963 22 1240.2 587.2 1242.7 580.1 0.20 82
SFIX R,2831965.0,
EFIX R,2831965.0,2832019 56 1241.0 583.5 2118
SSACC R,2832021.0,
ESACC R,2832021.0,2832043 24 1238.8 574.9 1219.0 569.1 0.55 57
SFIX R,2832045.0,
EFIX R,2832045.0,2832655 612 1217.7 569.8 2171
SSACC R,2832657.0,
ESACC R,2832657.0,2832667 12 1208.3 567.9 1196.5 577.5 0.41 61
SFIX R,2832669.0,
EFIX R,2832669.0,2832941 274 1186.6 568.3 2194
SSACC R,2832943.0,
ESACC R,2832943.0,2832955 14 1177.0 569.1 1175.9 549.4 0.53 55
SFIX R,2832957.0,
EFIX R,2832957.0,2833127 172 1174.2 551.9 2211
SSACC R,2833129.0,
ESACC R,2833129.0,2833149 22 1169.1 541.4 1170.5 553.1 0.32 53
SFIX R,2833151.0,
EFIX R,2833151.0,2834541 1392 1170.4 557.7 2270
SSACC R,2834543.0,
ESACC R,2834543.0,2834553 12 1160.3 557.9 1144.0 571.7 0.58 65
SFIX R,2834555.0,
EFIX R,2834555.0,2834741 188 1136.1 572.2 2323
SSACC R,2834743.0,
SBLINK R,2834809.0,
EBLINK R,2834809.0,2835087 280
ESACC R,2834743.0,2835167 426 1127.7 584.3 1119.4 636.9 1.44 1342
SFIX R,2835169.0,
EFIX R,2835169.0,2835711 544 1165.9 590.2 1876
SSACC R,2835713.0,
ESACC R,2835713.0,2835721 10 1190.5 588.9 1210.8 595.6 0.57 74
SFIX R,2835723.0,
EFIX R,2835723.0,2836691 970 1217.4 595.8 1735
SSACC R,2836693.0,
ESACC R,2836693.0,2836699 8 1209.9 600.1 1209.2 594.1 0.16 45
SFIX R,2836701.0,
EFIX R,2836701.0,2836867 168 1208.5 595.1 2156
SSACC R,2836869.0,
ESACC R,2836869.0,2836873 6 1198.1 604.1 1192.5 596.0 0.26 59
SFIX R,2836875.0,
EFIX R,2836875.0,2837289 416 1178.4 605.4 2304
SSACC R,2837291.0,
SBLINK R,2837337.0,
EBLINK R,2837337.0,2837457 122
ESACC R,2837291.0,2837563 274 1161.3 621.4 1139.8 617.0 0.59 1017
SFIX R,2837565.0,
EFIX R,2837565.0,2837619 56 1147.1 613.6 2264
SSACC R,2837621.0,
ESACC R,2837621.0,2837699 80 1154.6 601.8 1161.1 588.3 0.40 86
SFIX R,2837701.0,
EFIX R,2837701.0,2838663 964 1167.0 564.7 2243
SSACC R,2838665.0,
ESACC R,2838665.0,2838677 14 1162.4 546.2 1132.3 553.9 0.84 68
SFIX R,2838679.0,
EFIX R,2838679.0,2838973 296 1138.9 557.1 2343
SSACC R,2838975.0,
ESACC R,2838975.0,2838995 22 1157.3 554.7 1172.7 564.1 0.49 63
SFIX R,2838997.0,
EFIX R,2838997.0,2839589 594 1183.4 562.5 2349
SSACC R,2839591.0,
ESACC R,2839591.0,2839595 6 1184.1 580.2 1174.6 568.2 0.41 69
SFIX R,2839597.0,
EFIX R,2839597.0,2839711 116 1171.6 569.3 2307
SSACC R,2839713.0,
SBLINK R,2839751.0,
EBLINK R,2839751.0,2839907 158
ESACC R,2839713.0,2839991 280 1166.0 593.2 1162.8 613.7 0.56 1043
SFIX R,2839993.0,
EFIX R,2839993.0,2840255 264 1181.3 575.1 2226
SSACC R,2840257.0,
ESACC R,2840257.0,2840275 20 1188.8 573.0 1159.1 586.5 0.88 59
SFIX R,2840277.0,
EFIX R,2840277.0,2840651 376 1175.7 593.3 2080
SSACC R,2840653.0,
ESACC R,2840653.0,2840665 14 1182.1 606.4 1200.1 596.7 0.55 61
SFIX R,2840667.0,
EFIX R,2840667.0,2840933 268 1194.4 601.0 1983
SSACC R,2840935.0,
ESACC R,2840935.0,2840949 16 1188.3 615.1 1208.5 593.6 0.79 61
SFIX R,2840951.0,
EFIX R,2840951.0,2841557 608 1201.7 583.4 2066
SSACC R,2841559.0,
ESACC R,2841559.0,2841573 16 1191.8 559.5 1191.8 572.9 0.36 54
SFIX R,2841575.0,
EFIX R,2841575.0,2841675 102 1192.8 562.2 2197
SSACC R,2841677.0,
ESACC R,2841677.0,2841681 6 1192.0 565.7 1193.4 557.9 0.21 55
SFIX R,2841683.0,
EFIX R,2841683.0,2842489 808 1203.1 563.2 2166
SSACC R,2842491.0,
SBLINK R,2842527.0,
EBLINK R,2842527.0,2842701 176
ESACC R,2842491.0,2842839 350 1202.4 606.1 1212.9 551.8 1.49 1098
SFIX R,2842841.0,
EFIX R,2842841.0,2843019 180 1217.4 536.4 2140
SSACC R,2843021.0,
ESACC R,2843021.0,2843027 8 1218.8 529.6 1218.2 539.1 0.26 55
SFIX R,2843029.0,
EFIX R,2843029.0,2843491 464 1204.5 567.3 1968
SSACC R,2843493.0,
ESACC R,2843493.0,2843511 20 1190.6 587.3 1188.4 590.2 0.10 43
SFIX R,2843513.0,
EFIX R,2843513.0,2846957 3446 1211.3 595.8 1847
SSACC R,2846959.0,
ESACC R,2846959.0,2846971 14 1198.0 621.2 1200.2 603.3 0.49 52
SFIX R,2846973.0,
EFIX R,2846973.0,2847773 802 1180.0 601.7 1895
SSACC R,2847775.0,
ESACC R,2847775.0,2847781 8 1157.5 625.4 1146.5 637.3 0.44 58
SFIX R,2847783.0,
EFIX R,2847783.0,2847807 26 1141.8 648.4 1828
SSACC R,2847809.0,
ESACC R,2847809.0,2847973 166 1142.7 661.7 1152.7 646.9 0.48 211
SFIX R,2847975.0,
EFIX R,2847975.0,2848031 58 1159.7 643.2 1833
SSACC R,2848033.0,
ESACC R,2848033.0,2848075 44 1160.9 641.5 1154.9 626.2 0.44 91
SFIX R,2848077.0,
EFIX R,2848077.0,2848105 30 1159.3 633.8 1832
SSACC R,2848107.0,
SBLINK R,2848149.0,
EBLINK R,2848149.0,2849011 864
ESACC R,2848107.0,2849051 946 1161.8 640.5 1183.0 601.7 1.19 762
SFIX R,2849053.0,
EFIX R,2849053.0,2849417 366 1185.2 585.9 1539
SSACC R,2849419.0,
ESACC R,2849419.0,2849431 14 1188.5 589.3 1210.4 596.0 0.61 60
SFIX R,2849433.0,
EFIX R,2849433.0,2852283 2852 1190.4 607.4 1626
SSACC R,2852285.0,
SBLINK R,2852341.0,
EBLINK R,2852341.0,2852613 274
ESACC R,2852285.0,2852755 472 1196.2 616.1 1185.7 599.4 0.53 746
SFIX R,2852757.0,
EFIX R,2852757.0,2853975 1220 1184.9 611.4 1710
SSACC R,2853977.0,
ESACC R,2853977.0,2854031 56 1151.6 593.9 1140.4 589.6 0.32 76
SFIX R,2854033.0,
EFIX R,2854033.0,2854473 442 1147.7 594.4 2003
SSACC R,2854475.0,
ESACC R,2854475.0,2854485 12 1159.0 614.5 1163.9 598.2 0.46 70
SFIX R,2854487.0,
EFIX R,2854487.0,2855099 614 1169.1 606.6 1962
SSACC R,2855101.0,
ESACC R,2855101.0,2855113 14 1173.3 621.4 1172.8 620.8 0.02 58
SFIX R,2855115.0,
EFIX R,2855115.0,2856327 1214 1184.2 618.9 1917
SSACC R,2856329.0,
ESACC R,2856329.0,2856339 12 1189.1 603.7 1187.4 607.9 0.12 66
SFIX R,2856341.0,
EFIX R,2856341.0,2856959 620 1187.0 594.8 2015
SSACC R,2856961.0,
ESACC R,2856961.0,2856971 12 1191.2 594.7 1198.1 616.8 0.62 73
SFIX R,2856973.0,
EFIX R,2856973.0,2857101 130 1197.1 616.2 1901
SSACC R,2857103.0,
ESACC R,2857103.0,2857109 8 1201.4 610.8 1201.5 627.9 0.46 60
SFIX R,2857111.0,
EFIX R,2857111.0,2857235 126 1205.9 625.5 1807
SSACC R,2857237.0,
ESACC R,2857237.0,2857253 18 1205.1 633.2 1206.9 632.8 0.05 53
SFIX R,2857255.0,
EFIX R,2857255.0,2858309 1056 1194.3 627.9 1548
SSACC R,2858311.0,
ESACC R,2858311.0,2858315 6 1183.8 654.3 1181.9 651.0 0.10 50
SFIX R,2858317.0,
EFIX R,2858317.0,2859321 1006 1180.0 619.8 1317
SSACC R,2859323.0,
ESACC R,2859323.0,2859343 22 1178.6 617.9 1179.8 619.1 0.05 67
SFIX R,2859345.0,
EFIX R,2859345.0,2859631 288 1174.8 634.4 1234
SSACC R,2859633.0,
ESACC R,2859633.0,2859683 52 1175.4 639.5 1174.6 636.2 0.09 75
SFIX R,2859685.0,
EFIX R,2859685.0,2859773 90 1173.5 640.4 1234
SSACC R,2859775.0,
ESACC R,2859775.0,2859815 42 1173.4 639.1 1171.6 643.9 0.14 66
SFIX R,2859817.0,
EFIX R,2859817.0,2860457 642 1167.5 613.3 1267
SSACC R,2860459.0,
ESACC R,2860459.0,2860471 14 1172.0 589.8 1171.3 602.4 0.34 60
SFIX R,2860473.0,
EFIX R,2860473.0,2860819 348 1172.6 612.1 1261
SSACC R,2860821.0,
ESACC R,2860821.0,2860829 10 1175.6 630.3 1182.6 635.8 0.24 68
SFIX R,2860831.0,
EFIX R,2860831.0,2860901 72 1178.9 622.8 1228
SSACC R,2860903.0,
ESACC R,2860903.0,2860911 10 1177.3 621.4 1180.1 635.8 0.40 72
SFIX R,2860913.0,
EFIX R,2860913.0,2861413 502 1186.8 626.7 1192
SSACC R,2861415.0,
ESACC R,2861415.0,2861431 18 1191.8 613.0 1189.9 626.7 0.37 68
SFIX R,2861433.0,
EFIX R,2861433.0,2861457 26 1191.5 626.7 1184
SSACC R,2861459.0,
ESACC R,2861459.0,2861469 12 1194.6 616.1 1193.9 632.8 0.45 53
SFIX R,2861471.0,
EFIX R,2861471.0,2861765 296 1185.7 623.3 1186
SSACC R,2861767.0,
ESACC R,2861767.0,2861893 128 1169.6 611.1 1169.1 640.9 0.80 69
SFIX R,2861895.0,
EFIX R,2861895.0,2861977 84 1176.6 629.8 1255
SSACC R,2861979.0,
ESACC R,2861979.0,2861989 12 1175.5 629.3 1176.4 632.7 0.09 57
SFIX R,2861991.0,
EFIX R,2861991.0,2862259 270 1170.2 629.3 1275
SSACC R,2862261.0,
ESACC R,2862261.0,2862277 18 1177.3 625.8 1179.7 640.4 0.40 63
SFIX R,2862279.0,
EFIX R,2862279.0,2862719 442 1171.0 630.5 1308
SSACC R,2862721.0,
ESACC R,2862721.0,2862733 14 1165.3 638.1 1166.3 633.2 0.13 56
SFIX R,2862735.0,
EFIX R,2862735.0,2862795 62 1172.3 637.1 1359
SSACC R,2862797.0,
ESACC R,2862797.0,2862839 44 1178.4 632.5 1176.0 639.0 0.19 62
SFIX R,2862841.0,
EFIX R,2862841.0,2863275 436 1165.1 632.0 1370
SSACC R,2863277.0,
ESACC R,2863277.0,2863285 10 1171.1 618.5 1168.3 632.8 0.39 46
SFIX R,2863287.0,
EFIX R,2863287.0,2863447 162 1163.3 620.6 1404
SSACC R,2863449.0,
ESACC R,2863449.0,2863497 50 1159.8 616.5 1163.6 617.4 0.10 78
SFIX R,2863499.0,
EFIX R,2863499.0,2863739 242 1172.2 623.8 1474
SSACC R,2863741.0,
ESACC R,2863741.0,2863751 12 1185.8 633.5 1191.2 612.8 0.58 68
SFIX R,2863753.0,
EFIX R,2863753.0,2864367 616 1201.4 629.8 1557
SSACC R,2864369.0,
ESACC R,2864369.0,2864373 6 1203.0 641.5 1206.8 627.3 0.40 58
SFIX R,2864375.0,
EFIX R,2864375.0,2864583 210 1205.2 635.9 1583
SSACC R,2864585.0,
ESACC R,2864585.0,2864589 6 1192.6 637.8 1190.9 629.2 0.24 52
SFIX R,2864591.0,
EFIX R,2864591.0,2865159 570 1176.1 645.0 1533
SSACC R,2865161.0,
ESACC R,2865161.0,2865175 16 1152.4 651.7 1169.4 647.7 0.47 49
SFIX R,2865177.0,
EFIX R,2865177.0,2865243 68 1175.5 640.7 1479
SSACC R,2865245.0,
ESACC R,2865245.0,2865283 40 1178.4 635.9 1176.4 645.7 0.27 54
SFIX R,2865285.0,
EFIX R,2865285.0,2865859 576 1175.4 634.8 1482
SSACC R,2865861.0,
ESACC R,2865861.0,2865869 10 1168.0 614.4 1168.4 628.9 0.39 51
SFIX R,2865871.0,
EFIX R,2865871.0,2866391 522 1184.1 632.9 1460
SSACC R,2866393.0,
ESACC R,2866393.0,2866409 18 1191.0 626.8 1191.6 635.8 0.24 62
SFIX R,2866411.0,
EFIX R,2866411.0,2868165 1756 1188.2 633.8 1548
SSACC R,2868167.0,
SBLINK R,2868199.0,
EBLINK R,2868199.0,2868409 212
ESACC R,2868167.0,2868485 320 1177.2 685.3 1165.4 621.0 1.76 596
SFIX R,2868487.0,
EFIX R,2868487.0,2868549 64 1168.1 630.0 1761
SSACC R,2868551.0,
ESACC R,2868551.0,2868559 10 1173.9 637.9 1172.2 621.3 0.45 61
SFIX R,2868561.0,
EFIX R,2868561.0,2868951 392 1189.5 612.2 1758
SSACC R,2868953.0,
ESACC R,2868953.0,2868957 6 1198.9 631.4 1199.4 625.1 0.17 47
SFIX R,2868959.0,
EFIX R,2868959.0,2869473 516 1198.5 609.6 1601
SSACC R,2869475.0,
SBLINK R,2869519.0,
EBLINK R,2869519.0,2869721 204
ESACC R,2869475.0,2869857 384 1191.9 608.8 1141.1 589.9 1.46 536
SFIX R,2869859.0,
EFIX R,2869859.0,2869897 40 1145.0 591.5 1941
SSACC R,2869899.0,
ESACC R,2869899.0,2869915 18 1145.2 584.1 1149.1 598.3 0.40 75
SFIX R,2869917.0,
EFIX R,2869917.0,2870659 744 1160.8 602.8 1975
SSACC R,2870661.0,
ESACC R,2870661.0,2870669 10 1152.3 621.7 1147.8 638.3 0.46 51
SFIX R,2870671.0,
EFIX R,2870671.0,2871435 766 1143.3 602.6 2012
SSACC R,2871437.0,
ESACC R,2871437.0,2871517 82 1139.5 587.4 1133.1 608.4 0.59 65
SFIX R,2871519.0,
EFIX R,2871519.0,2871631 114 1139.6 612.6 2119
SSACC R,2871633.0,
ESACC R,2871633.0,2871641 10 1143.9 608.5 1143.1 627.3 0.51 51
SFIX R,2871643.0,
EFIX R,2871643.0,2871679 38 1144.6 621.5 2144
SSACC R,2871681.0,
ESACC R,2871681.0,2871789 110 1143.9 639.7 1141.4 583.6 1.52 66
SFIX R,2871791.0,
EFIX R,2871791.0,2871887 98 1141.2 582.7 2199
SSACC R,2871889.0,
ESACC R,2871889.0,2871895 8 1139.8 584.6 1142.5 578.0 0.19 53
SFIX R,2871897.0,
EFIX R,2871897.0,2872111 216 1144.0 574.6 2224
SSACC R,2872113.0,
ESACC R,2872113.0,2872121 10 1145.5 574.0 1143.4 580.7 0.19 67
SFIX R,2872123.0,
EFIX R,2872123.0,2872447 326 1142.7 578.7 2194
SSACC R,2872449.0,
ESACC R,2872449.0,2872461 14 1137.8 574.6 1162.6 564.7 0.72 70
SFIX R,2872463.0,
EFIX R,2872463.0,2872535 74 1164.9 567.0 2176
SSACC R,2872537.0,
ESACC R,2872537.0,2872565 30 1169.9 574.1 1175.3 568.8 0.20 74
SFIX R,2872567.0,
EFIX R,2872567.0,2872613 48 1179.4 563.1 2178
SSACC R,2872615.0,
ESACC R,2872615.0,2872631 18 1180.8 570.9 1181.1 547.1 0.64 92
SFIX R,2872633.0,
EFIX R,2872633.0,2872693 62 1182.7 557.7 2173
SSACC R,2872695.0,
ESACC R,2872695.0,2872701 8 1180.6 554.8 1167.2 553.9 0.36 53
SFIX R,2872703.0,
EFIX R,2872703.0,2873091 390 1187.1 552.1 2180
SSACC R,2873093.0,
ESACC R,2873093.0,2873109 18 1187.0 545.7 1185.9 539.7 0.16 74
SFIX R,2873111.0,
EFIX R,2873111.0,2873319 210 1184.2 543.8 2194
SSACC R,2873321.0,
ESACC R,2873321.0,2873325 6 1188.4 545.4 1188.9 542.9 0.07 46
SFIX R,2873327.0,
EFIX R,2873327.0,2873607 282 1183.2 554.3 2223
SSACC R,2873609.0,
ESACC R,2873609.0,2873625 18 1177.6 559.9 1177.3 556.2 0.10 51
SFIX R,2873627.0,
EFIX R,2873627.0,2874001 376 1173.2 555.1 2238
SSACC R,2874003.0,
ESACC R,2874003.0,2874013 12 1170.9 548.5 1170.0 572.8 0.66 81
SFIX R,2874015.0,
EFIX R,2874015.0,2874421 408 1167.0 572.5 2223
SSACC R,2874423.0,
ESACC R,2874423.0,2874449 28 1156.3 579.9 1155.1 584.5 0.13 62
SFIX R,2874451.0,
EFIX R,2874451.0,2875327 878 1144.2 567.3 2290
SSACC R,2875329.0,
ESACC R,2875329.0,2875365 38 1132.3 578.6 1137.1 571.3 0.24 73
SFIX R,2875367.0,
EFIX R,2875367.0,2877275 1910 1158.0 552.4 2265
SSACC R,2877277.0,
ESACC R,2877277.0,2877289 14 1157.5 551.4 1182.0 552.3 0.66 74
SFIX R,2877291.0,
EFIX R,2877291.0,2879445 2156 1179.7 553.8 2262
SSACC R,2879447.0,
ESACC R,2879447.0,2879459 14 1186.9 555.5 1188.3 553.1 0.07 59
SFIX R,2879461.0,
EFIX R,2879461.0,2879601 142 1187.3 556.4 2261
SSACC R,2879603.0,
ESACC R,2879603.0,2879617 16 1188.3 551.9 1187.4 557.0 0.14 54
SFIX R,2879619.0,
EFIX R,2879619.0,2879889 272 1185.5 562.3 2259
SSACC R,2879891.0,
ESACC R,2879891.0,2879907 18 1185.5 570.9 1185.9 572.9 0.05 65
SFIX R,2879909.0,
EFIX R,2879909.0,2880653 746 1178.7 560.4 2288
SSACC R,2880655.0,
ESACC R,2880655.0,2880659 6 1170.4 582.7 1169.7 582.4 0.02 47
SFIX R,2880661.0,
EFIX R,2880661.0,2881695 1036 1164.7 569.1 2350
SSACC R,2881697.0,
ESACC R,2881697.0,2881713 18 1179.2 553.3 1176.6 548.1 0.16 57
SFIX R,2881715.0,
EFIX R,2881715.0,2881863 150 1176.4 543.3 2341
SSACC R,2881865.0,
ESACC R,2881865.0,2881869 6 1175.8 551.8 1172.1 539.0 0.36 62
SFIX R,2881871.0,
EFIX R,2881871.0,2882319 450 1172.8 540.6 2378
SSACC R,2882321.0,
ESACC R,2882321.0,2882331 12 1165.6 535.0 1164.1 553.9 0.51 53
SFIX R,2882333.0,
EFIX R,2882333.0,2882539 208 1159.9 544.3 2425
SSACC R,2882541.0,
ESACC R,2882541.0,2882595 56 1158.3 553.9 1157.1 538.6 0.41 65
SFIX R,2882597.0,
EFIX R,2882597.0,2883505 910 1165.5 550.2 2445
SSACC R,2883507.0,
ESACC R,2883507.0,2883515 10 1183.4 558.0 1182.5 536.6 0.58 68
SFIX R,2883517.0,
EFIX R,2883517.0,2884047 532 1179.1 548.9 2480
SSACC R,2884049.0,
ESACC R,2884049.0,2884059 12 1167.0 561.4 1167.3 558.4 0.08 42
SFIX R,2884061.0,
EFIX R,2884061.0,2884309 250 1154.3 566.8 2508
SSACC R,2884311.0,
ESACC R,2884311.0,2884353 44 1150.0 558.9 1150.1 579.5 0.56 56
SFIX R,2884355.0,
EFIX R,2884355.0,2885609 1256 1136.6 571.7 2440
SSACC R,2885611.0,
ESACC R,2885611.0,2885633 24 1123.4 578.6 1123.2 563.3 0.41 62
SFIX R,2885635.0,
EFIX R,2885635.0,2887621 1988 1106.3 567.7 2368
SSACC R,2887623.0,
ESACC R,2887623.0,2887627 6 1096.4 576.4 1096.6 587.3 0.30 60
SFIX R,2887629.0,
EFIX R,2887629.0,2888455 828 1094.0 577.3 2366
SSACC R,2888457.0,
ESACC R,2888457.0,2888479 24 1105.8 569.0 1105.2 559.7 0.25 71
SFIX R,2888481.0,
EFIX R,2888481.0,2890421 1942 1115.6 582.5 2091
SSACC R,2890423.0,
ESACC R,2890423.0,2890447 26 1139.5 595.6 1138.3 593.7 0.06 50
SFIX R,2890449.0,
EFIX R,2890449.0,2891061 614 1121.1 625.3 1957
SSACC R,2891063.0,
ESACC R,2891063.0,2891111 50 1098.8 646.5 1098.2 641.2 0.14 58
SFIX R,2891113.0,
EFIX R,2891113.0,2891147 36 1099.9 644.8 1988
SSACC R,2891149.0,
ESACC R,2891149.0,2891323 176 1098.2 653.2 1105.1 628.6 0.69 93
SFIX R,2891325.0,
EFIX R,2891325.0,2891363 40 1106.2 632.6 1998
SSACC R,2891365.0,
ESACC R,2891365.0,2891375 12 1106.4 628.1 1103.4 613.5 0.40 74
SFIX R,2891377.0,
EFIX R,2891377.0,2891433 58 1105.4 627.0 1994
SSACC R,2891435.0,
ESACC R,2891435.0,2891511 78 1107.0 643.5 1107.4 630.0 0.37 85
SFIX R,2891513.0,
EFIX R,2891513.0,2891535 24 1106.5 627.2 1953
SSACC R,2891537.0,
ESACC R,2891537.0,2891559 24 1108.3 642.3 1107.0 642.5 0.04 64
SFIX R,2891561.0,
EFIX R,2891561.0,2891871 312 1098.0 633.4 1830
SSACC R,2891873.0,
ESACC R,2891873.0,2891937 66 1092.9 648.3 1094.9 631.9 0.45 73
SFIX R,2891939.0,
EFIX R,2891939.0,2892117 180 1091.3 631.7 1631
SSACC R,2892119.0,
ESACC R,2892119.0,2892193 76 1089.9 627.7 1091.0 634.4 0.18 73
SFIX R,2892195.0,
EFIX R,2892195.0,2893089 896 1098.3 598.0 1508
SSACC R,2893091.0,
ESACC R,2893091.0,2893097 8 1099.6 577.3 1094.0 588.5 0.34 52
SFIX R,2893099.0,
EFIX R,2893099.0,2893517 420 1097.2 590.0 1535
SSACC R,2893519.0,
ESACC R,2893519.0,2893525 8 1098.8 578.4 1096.9 586.1 0.21 58
SFIX R,2893527.0,
EFIX R,2893527.0,2893857 332 1099.5 598.3 1545
SSACC R,2893859.0,
ESACC R,2893859.0,2893863 6 1102.8 596.1 1103.3 599.2 0.08 43
SFIX R,2893865.0,
EFIX R,2893865.0,2894983 1120 1099.0 600.0 1573
SSACC R,2894985.0,
ESACC R,2894985.0,2894999 16 1098.5 588.0 1093.1 594.7 0.23 52
SFIX R,2895001.0,
EFIX R,2895001.0,2896325 1326 1087.2 605.7 1808
SSACC R,2896327.0,
ESACC R,2896327.0,2896343 18 1097.3 599.8 1094.3 599.9 0.08 63
SFIX R,2896345.0,
EFIX R,2896345.0,2896733 390 1089.0 604.8 1973
SSACC R,2896735.0,
ESACC R,2896735.0,2896743 10 1078.2 614.4 1079.6 592.4 0.60 68
SFIX R,2896745.0,
EFIX R,2896745.0,2897323 580 1060.8 598.1 1999
SSACC R,2897325.0,
ESACC R,2897325.0,2897333 10 1048.0 571.9 1046.2 594.5 0.61 67
SFIX R,2897335.0,
EFIX R,2897335.0,2897499 166 1041.4 594.3 2057
SSACC R,2897501.0,
ESACC R,2897501.0,2897539 40 1035.1 585.4 1036.2 589.9 0.13 65
SFIX R,2897541.0,
EFIX R,2897541.0,2897595 56 1036.3 597.1 2067
SSACC R,2897597.0,
ESACC R,2897597.0,2897609 14 1036.6 581.9 1033.7 605.9 0.66 73
SFIX R,2897611.0,
EFIX R,2897611.0,2897691 82 1037.7 599.6 2055
SSACC R,2897693.0,
ESACC R,2897693.0,2897715 24 1036.6 611.9 1036.9 601.0 0.30 45
SFIX R,2897717.0,
EFIX R,2897717.0,2897751 36 1034.9 601.7 2063
SSACC R,2897753.0,
ESACC R,2897753.0,2897789 38 1035.5 598.1 1030.5 612.5 0.41 62
SFIX R,2897791.0,
EFIX R,2897791.0,2898097 308 1029.7 611.1 2067
SSACC R,2898099.0,
ESACC R,2898099.0,2898141 44 1024.7 614.9 1028.9 588.6 0.72 77
SFIX R,2898143.0,
EFIX R,2898143.0,2898169 28 1028.3 592.0 2086
SSACC R,2898171.0,
ESACC R,2898171.0,2898179 10 1029.1 589.1 1027.5 599.0 0.27 65
SFIX R,2898181.0,
EFIX R,2898181.0,2898241 62 1026.8 594.8 2079
SSACC R,2898243.0,
ESACC R,2898243.0,2898255 14 1025.4 602.2 1024.4 583.9 0.50 66
SFIX R,2898257.0,
EFIX R,2898257.0,2898493 238 1026.3 587.2 2075
SSACC R,2898495.0,
ESACC R,2898495.0,2898521 28 1028.9 597.0 1027.0 584.9 0.33 52
SFIX R,2898523.0,
EFIX R,2898523.0,2899127 606 1052.9 615.5 1986
SSACC R,2899129.0,
ESACC R,2899129.0,2899145 18 1076.3 625.3 1077.2 623.4 0.06 54
SFIX R,2899147.0,
EFIX R,2899147.0,2899735 590 1079.7 618.4 1883
SSACC R,2899737.0,
ESACC R,2899737.0,2899747 12 1080.4 601.3 1077.7 617.8 0.45 61
SFIX R,2899749.0,
EFIX R,2899749.0,2900033 286 1086.8 615.8 1774
SSACC R,2900035.0,
ESACC R,2900035.0,2900043 10 1093.3 606.3 1091.8 628.1 0.59 72
SFIX R,2900045.0,
EFIX R,2900045.0,2900437 394 1101.7 627.0 1715
SSACC R,2900439.0,
ESACC R,2900439.0,2900445 8 1101.2 637.9 1102.8 652.8 0.40 58
SFIX R,2900447.0,
EFIX R,2900447.0,2901169 724 1080.5 632.4 1655
SSACC R,2901171.0,
ESACC R,2901171.0,2901175 6 1064.8 638.4 1064.5 630.3 0.22 49
SFIX R,2901177.0,
EFIX R,2901177.0,2901913 738 1042.2 645.6 1778
SSACC R,2901915.0,
ESACC R,2901915.0,2901965 52 1041.7 636.1 1042.4 652.5 0.44 68
SFIX R,2901967.0,
EFIX R,2901967.0,2902149 184 1041.4 642.9 1862
SSACC R,2902151.0,
ESACC R,2902151.0,2902215 66 1041.1 631.1 1036.7 631.9 0.12 84
SFIX R,2902217.0,
EFIX R,2902217.0,2902337 122 1038.4 632.8 1855
SSACC R,2902339.0,
ESACC R,2902339.0,2902355 18 1037.6 621.4 1039.0 633.3 0.32 56
SFIX R,2902357.0,
EFIX R,2902357.0,2902399 44 1038.6 630.8 1843
SSACC R,2902401.0,
ESACC R,2902401.0,2902417 18 1038.7 636.7 1039.5 629.1 0.21 59
SFIX R,2902419.0,
EFIX R,2902419.0,2902561 144 1039.5 626.8 1847
SSACC R,2902563.0,
ESACC R,2902563.0,2902575 14 1043.6 638.1 1048.2 608.3 0.82 107
SFIX R,2902577.0,
EFIX R,2902577.0,2902839 264 1054.4 620.7 1840
SSACC R,2902841.0,
ESACC R,2902841.0,2902859 20 1058.2 614.2 1055.1 619.5 0.17 58
SFIX R,2902861.0,
EFIX R,2902861.0,2902935 76 1065.5 610.9 1844
SSACC R,2902937.0,
ESACC R,2902937.0,2902953 18 1067.1 603.3 1064.0 621.2 0.49 60
SFIX R,2902955.0,
EFIX R,2902955.0,2903107 154 1069.7 619.8 1840
SSACC R,2903109.0,
ESACC R,2903109.0,2903217 110 1078.6 606.2 1077.8 606.9 0.03 79
SFIX R,2903219.0,
EFIX R,2903219.0,2903421 204 1076.9 613.9 1836
SSACC R,2903423.0,
ESACC R,2903423.0,2903487 66 1080.6 634.7 1077.0 629.2 0.18 66
SFIX R,2903489.0,
EFIX R,2903489.0,2904329 842 1083.4 632.6 1769
SSACC R,2904331.0,
ESACC R,2904331.0,2904341 12 1081.1 618.9 1082.0 639.7 0.56 70
SFIX R,2904343.0,
EFIX R,2904343.0,2904399 58 1082.6 632.0 1758
SSACC R,2904401.0,
ESACC R,2904401.0,2904477 78 1084.1 638.8 1085.4 628.8 0.27 63
SFIX R,2904479.0,
EFIX R,2904479.0,2904541 64 1087.4 630.1 1761
SSACC R,2904543.0,
ESACC R,2904543.0,2904551 10 1089.1 641.1 1087.6 628.4 0.35 50
SFIX R,2904553.0,
EFIX R,2904553.0,2904685 134 1090.1 631.5 1764
SSACC R,2904687.0,
ESACC R,2904687.0,2904699 14 1089.8 629.2 1089.1 634.8 0.15 52
SFIX R,2904701.0,
EFIX R,2904701.0,2904955 256 1091.6 636.6 1798
SSACC R,2904957.0,
ESACC R,2904957.0,2904981 26 1093.2 632.7 1090.0 639.6 0.21 70
SFIX R,2904983.0,
EFIX R,2904983.0,2905431 450 1078.6 641.9 1892
SSACC R,2905433.0,
ESACC R,2905433.0,2905467 36 1066.3 630.9 1069.4 643.6 0.35 63
SFIX R,2905469.0,
EFIX R,2905469.0,2905551 84 1063.5 640.4 1939
SSACC R,2905553.0,
ESACC R,2905553.0,2905599 48 1060.5 644.9 1055.2 643.6 0.15 85
SFIX R,2905601.0,
EFIX R,2905601.0,2905665 66 1046.9 653.5 1958
SSACC R,2905667.0,
SBLINK R,2905877.0,
EBLINK R,2905877.0,2906061 186
ESACC R,2905667.0,2906165 500 1038.3 669.5 1021.4 580.4 2.45 1600
SFIX R,2906167.0,
EFIX R,2906167.0,2906465 300 1050.6 568.8 1979
SSACC R,2906467.0,
ESACC R,2906467.0,2906505 40 1073.3 600.8 1149.6 611.1 2.08 135
SFIX R,2906507.0,
EFIX R,2906507.0,2907513 1008 1164.8 631.2 1436
SSACC R,2907515.0,
ESACC R,2907515.0,2907529 16 1156.6 634.2 1186.2 615.5 0.94 66
SFIX R,2907531.0,
EFIX R,2907531.0,2907713 184 1193.0 625.0 1470
SSACC R,2907715.0,
SBLINK R,2907751.0,
EBLINK R,2907751.0,2908031 282
ESACC R,2907715.0,2908079 366 1187.9 640.2 1156.2 603.4 1.31 627
SFIX R,2908081.0,
EFIX R,2908081.0,2909423 1344 1202.9 628.0 1562
SSACC R,2909425.0,
ESACC R,2909425.0,2909435 12 1208.3 618.1 1193.2 631.7 0.55 59
SFIX R,2909437.0,
EFIX R,2909437.0,2911705 2270 1198.9 595.0 2103
SSACC R,2911707.0,
SBLINK R,2911763.0,
EBLINK R,2911763.0,2911863 102
ESACC R,2911707.0,2912019 314 1177.8 581.7 1208.9 566.4 0.93 926
SFIX R,2912021.0,
EFIX R,2912021.0,2912431 412 1232.4 579.2 2221
SSACC R,2912433.0,
ESACC R,2912433.0,2912439 8 1235.4 596.8 1225.0 600.4 0.29 48
SFIX R,2912441.0,
EFIX R,2912441.0,2913271 832 1227.7 607.2 1894
SSACC R,2913273.0,
SBLINK R,2913317.0,
EBLINK R,2913317.0,2913523 208
ESACC R,2913273.0,2913637 366 1221.3 614.4 1216.8 592.3 0.61 876
SFIX R,2913639.0,
EFIX R,2913639.0,2913931 294 1231.8 584.7 1883
SSACC R,2913933.0,
ESACC R,2913933.0,2913939 8 1221.4 591.7 1210.1 598.4 0.35 48
SFIX R,2913941.0,
EFIX R,2913941.0,2914163 224 1202.9 614.9 1864
SSACC R,2914165.0,
ESACC R,2914165.0,2914181 18 1206.2 619.1 1237.6 605.0 0.92 70
SFIX R,2914183.0,
EFIX R,2914183.0,2914565 384 1242.7 598.4 1814
SSACC R,2914567.0,
ESACC R,2914567.0,2914577 12 1245.0 593.2 1228.3 599.1 0.47 46
SFIX R,2914579.0,
EFIX R,2914579.0,2915047 470 1217.2 614.0 1930
SSACC R,2915049.0,
ESACC R,2915049.0,2915089 42 1212.0 621.9 1198.2 612.4 0.45 60
SFIX R,2915091.0,
EFIX R,2915091.0,2916025 936 1188.9 578.4 2276
SSACC R,2916027.0,
ESACC R,2916027.0,2916041 16 1183.1 548.3 1196.6 539.1 0.44 64
SFIX R,2916043.0,
EFIX R,2916043.0,2916273 232 1195.2 555.5 2315
SSACC R,2916275.0,
ESACC R,2916275.0,2916287 14 1184.4 557.9 1166.8 562.6 0.49 55
SFIX R,2916289.0,
EFIX R,2916289.0,2916545 258 1159.5 556.5 2289
SSACC R,2916547.0,
SBLINK R,2916595.0,
EBLINK R,2916595.0,2916795 202
ESACC R,2916547.0,2916953 408 1157.8 578.7 1225.7 564.3 1.86 962
SFIX R,2916955.0,
EFIX R,2916955.0,2918197 1244 1210.8 572.4 1975
SSACC R,2918199.0,
ESACC R,2918199.0,2918203 6 1194.1 596.4 1183.9 603.5 0.33 59
SFIX R,2918205.0,
EFIX R,2918205.0,2918439 236 1173.7 614.7 2043
SSACC R,2918441.0,
ESACC R,2918441.0,2918455 16 1171.8 623.6 1198.3 616.4 0.74 58
SFIX R,2918457.0,
EFIX R,2918457.0,2919893 1438 1194.4 616.5 1896
SSACC R,2919895.0,
SBLINK R,2919943.0,
EBLINK R,2919943.0,2920057 116
ESACC R,2919895.0,2920191 298 1171.9 626.8 1169.6 627.7 0.07 885
SFIX R,2920193.0,
EFIX R,2920193.0,2920657 466 1188.7 607.6 1909
SSACC R,2920659.0,
ESACC R,2920659.0,2920679 22 1220.3 618.7 1218.3 611.7 0.20 82
SFIX R,2920681.0,
EFIX R,2920681.0,2920957 278 1210.8 627.7 1713
SSACC R,2920959.0,
SBLINK R,2921003.0,
EBLINK R,2921003.0,2921421 420
ESACC R,2920959.0,2921487 530 1193.7 675.8 1139.8 623.7 2.01 783
SFIX R,2921489.0,
EFIX R,2921489.0,2921757 270 1159.8 603.3 1746
SSACC R,2921759.0,
ESACC R,2921759.0,2921779 22 1173.3 607.1 1231.8 617.1 1.59 123
SFIX R,2921781.0,
EFIX R,2921781.0,2922195 416 1232.8 617.2 1639
SSACC R,2922197.0,
SBLINK R,2922273.0,
EBLINK R,2922273.0,2922727 456
ESACC R,2922197.0,2922753 558 1218.2 638.2 1640.4 1372.9 20.86 645
SFIX R,2922755.0,
EFIX R,2922755.0,2922773 20 1633.6 1347.2 2013
SSACC R,2922775.0,
ESACC R,2922775.0,2922821 48 1626.5 1329.0 1619.1 1287.0 0.99 122
SFIX R,2922823.0,
EFIX R,2922823.0,2922853 32 1616.1 1272.5 2160
SSACC R,2922855.0,
ESACC R,2922855.0,2922867 14 1612.5 1270.5 1608.7 1257.0 0.33 60
SFIX R,2922869.0,
EFIX R,2922869.0,2922893 26 1609.1 1264.1 2194
SSACC R,2922895.0,
ESACC R,2922895.0,2922907 14 1611.4 1271.2 1606.7 1287.4 0.39 59
SFIX R,2922909.0,
EFIX R,2922909.0,2923967 1060 1607.9 1295.2 2245
SSACC R,2923969.0,
ESACC R,2923969.0,2924037 70 1611.1 1271.6 1145.1 595.6 20.60 595
SFIX R,2924039.0,
EFIX R,2924039.0,2924199 162 1165.0 565.5 2513
SSACC R,2924201.0,
ESACC R,2924201.0,2924233 34 1169.7 576.3 1174.6 545.5 0.84 112
SFIX R,2924235.0,
EFIX R,2924235.0,2924735 502 1180.0 571.1 2134
SSACC R,2924737.0,
SBLINK R,2924781.0,
EBLINK R,2924781.0,2924901 122
ESACC R,2924737.0,2924993 258 1172.0 589.5 1112.2 594.8 1.62 1310
SFIX R,2924995.0,
EFIX R,2924995.0,2925075 82 1114.7 587.5 2072
SSACC R,2925077.0,
ESACC R,2925077.0,2925089 14 1117.7 584.8 1132.9 540.8 1.26 114
SFIX R,2925091.0,
EFIX R,2925091.0,2925669 580 1156.7 537.3 2093
SSACC R,2925671.0,
ESACC R,2925671.0,2925691 22 1167.2 551.4 1199.3 577.6 1.11 67
SFIX R,2925693.0,
EFIX R,2925693.0,2926073 382 1197.0 575.8 1955
SSACC R,2926075.0,
ESACC R,2926075.0,2926087 14 1197.7 575.6 1174.0 571.9 0.64 63
SFIX R,2926089.0,
EFIX R,2926089.0,2927477 1390 1176.0 570.6 1970
SSACC R,2927479.0,
ESACC R,2927479.0,2927491 14 1151.5 568.8 1150.3 586.4 0.48 63
SFIX R,2927493.0,
EFIX R,2927493.0,2929375 1884 1157.1 553.3 1886
SSACC R,2929377.0,
SBLINK R,2929427.0,
EBLINK R,2929427.0,2929527 102
ESACC R,2929377.0,2929667 292 1117.0 555.6 1074.8 628.1 2.27 1122
SFIX R,2929669.0,
EFIX R,2929669.0,2929757 90 1081.6 601.2 1917
SSACC R,2929759.0,
ESACC R,2929759.0,2929769 12 1084.7 590.0 1086.2 580.9 0.25 64
SFIX R,2929771.0,
EFIX R,2929771.0,2929903 134 1091.4 573.0 1914
SSACC R,2929905.0,
ESACC R,2929905.0,2929917 14 1096.0 565.9 1118.6 547.9 0.78 76
SFIX R,2929919.0,
EFIX R,2929919.0,2930591 674 1110.0 538.7 1921
SSACC R,2930593.0,
ESACC R,2930593.0,2930601 10 1121.2 545.4 1133.5 548.9 0.34 53
SFIX R,2930603.0,
EFIX R,2930603.0,2931615 1014 1127.2 533.6 2190
SSACC R,2931617.0,
SBLINK R,2931683.0,
EBLINK R,2931683.0,2931913 232
ESACC R,2931617.0,2932023 408 1096.4 548.7 1037.7 566.1 1.66 631
SFIX R,2932025.0,
EFIX R,2932025.0,2932085 62 1047.5 547.3 2273
SSACC R,2932087.0,
ESACC R,2932087.0,2932095 10 1050.5 554.3 1051.7 539.7 0.40 57
SFIX R,2932097.0,
EFIX R,2932097.0,2932117 22 1053.0 544.6 2274
SSACC R,2932119.0,
ESACC R,2932119.0,2932131 14 1058.0 541.0 1087.2 538.9 0.79 73
SFIX R,2932133.0,
EFIX R,2932133.0,2932857 726 1132.9 520.6 2134
SSACC R,2932859.0,
ESACC R,2932859.0,2932869 12 1152.0 513.2 1137.1 531.0 0.63 66
SFIX R,2932871.0,
EFIX R,2932871.0,2935557 2688 1126.7 519.9 2140
SSACC R,2935559.0,
ESACC R,2935559.0,2935563 6 1135.4 532.6 1131.5 522.8 0.28 50
SFIX R,2935565.0,
EFIX R,2935565.0,2935887 324 1115.6 515.6 1977
SSACC R,2935889.0,
SBLINK R,2935941.0,
EBLINK R,2935941.0,2936035 96
ESACC R,2935889.0,2936131 244 1102.2 518.2 1082.3 555.3 1.14 1274
SFIX R,2936133.0,
EFIX R,2936133.0,2936855 724 1122.5 529.1 1859
SSACC R,2936857.0,
ESACC R,2936857.0,2936863 8 1127.5 530.0 1129.9 539.8 0.27 45
SFIX R,2936865.0,
EFIX R,2936865.0,2937123 260 1144.7 548.7 1799
SSACC R,2937125.0,
ESACC R,2937125.0,2937139 16 1144.8 552.5 1119.5 546.2 0.70 58
SFIX R,2937141.0,
EFIX R,2937141.0,2939441 2302 1117.0 550.7 1966
SSACC R,2939443.0,
ESACC R,2939443.0,2939447 6 1107.9 567.5 1110.7 550.2 0.47 62
SFIX R,2939449.0,
EFIX R,2939449.0,2943531 4084 1099.1 558.8 1966
SSACC R,2943533.0,
ESACC R,2943533.0,2943559 28 1085.6 587.5 1089.7 570.0 0.49 44
SFIX R,2943561.0,
EFIX R,2943561.0,2944013 454 1083.0 570.4 1950
SSACC R,2944015.0,
ESACC R,2944015.0,2944023 10 1075.6 553.5 1071.5 573.3 0.55 66
SFIX R,2944025.0,
EFIX R,2944025.0,2944285 262 1071.6 575.1 1975
SSACC R,2944287.0,
ESACC R,2944287.0,2944293 8 1077.2 562.4 1077.1 577.5 0.41 57
SFIX R,2944295.0,
EFIX R,2944295.0,2946529 2236 1120.6 586.2 1682
SSACC R,2946531.0,
ESACC R,2946531.0,2946539 10 1131.4 598.2 1131.0 613.5 0.41 54
SFIX R,2946541.0,
EFIX R,2946541.0,2950507 3968 1116.6 618.8 1555
SSACC R,2950509.0,
ESACC R,2950509.0,2950527 20 1142.2 625.9 1142.2 640.3 0.39 53
SFIX R,2950529.0,
EFIX R,2950529.0,2951403 876 1117.0 623.2 2150
SSACC R,2951405.0,
ESACC R,2951405.0,2951409 6 1107.5 617.5 1105.8 619.6 0.07 39
SFIX R,2951411.0,
EFIX R,2951411.0,2951503 94 1108.3 615.6 2265
SSACC R,2951505.0,
ESACC R,2951505.0,2951511 8 1110.2 609.1 1115.5 592.0 0.48 66
SFIX R,2951513.0,
EFIX R,2951513.0,2951581 70 1119.4 587.0 2278
SSACC R,2951583.0,
SBLINK R,2951629.0,
EBLINK R,2951629.0,2951727 100
ESACC R,2951583.0,2951853 272 1123.0 586.4 1170.2 597.1 1.30 1077
SFIX R,2951855.0,
EFIX R,2951855.0,2951917 64 1173.7 584.1 2262
SSACC R,2951919.0,
ESACC R,2951919.0,2951937 20 1175.7 587.4 1160.8 560.9 0.82 57
SFIX R,2951939.0,
EFIX R,2951939.0,2952637 700 1180.2 591.7 1893
SSACC R,2952639.0,
SBLINK R,2952675.0,
EBLINK R,2952675.0,2952789 116
ESACC R,2952639.0,2952843 206 1194.7 614.8 1170.4 597.9 0.80 1025
SFIX R,2952845.0,
EFIX R,2952845.0,2953167 324 1170.7 597.4 1576
SSACC R,2953169.0,
SBLINK R,2953199.0,
EBLINK R,2953199.0,2953351 154
ESACC R,2953169.0,2953409 242 1169.6 597.8 1141.3 619.2 0.96 1356
SFIX R,2953411.0,
EFIX R,2953411.0,2953743 334 1165.7 580.8 1746
SSACC R,2953745.0,
ESACC R,2953745.0,2953759 16 1185.7 575.7 1210.8 590.2 0.78 84
SFIX R,2953761.0,
EFIX R,2953761.0,2953981 222 1218.0 571.9 1777
SSACC R,2953983.0,
ESACC R,2953983.0,2953999 18 1219.5 571.8 1234.7 525.1 1.32 111
SFIX R,2954001.0,
EFIX R,2954001.0,2954449 450 1221.5 547.7 1921
SSACC R,2954451.0,
SBLINK R,2954491.0,
EBLINK R,2954491.0,2954685 196
ESACC R,2954451.0,2954773 324 1201.9 570.1 1141.3 582.1 1.66 1088
SFIX R,2954775.0,
EFIX R,2954775.0,2955135 362 1173.8 509.4 2165
SSACC R,2955137.0,
ESACC R,2955137.0,2955149 14 1194.0 519.6 1197.6 548.7 0.79 82
SFIX R,2955151.0,
EFIX R,2955151.0,2955543 394 1197.8 568.9 1991
SSACC R,2955545.0,
ESACC R,2955545.0,2955557 14 1191.7 572.4 1183.6 545.8 0.75 72
SFIX R,2955559.0,
EFIX R,2955559.0,2955865 308 1173.4 552.9 1925
SSACC R,2955867.0,
ESACC R,2955867.0,2955875 10 1162.6 551.5 1180.5 546.3 0.50 58
SFIX R,2955877.0,
EFIX R,2955877.0,2956509 634 1169.7 543.5 2043
SSACC R,2956511.0,
ESACC R,2956511.0,2956515 6 1157.9 548.9 1168.4 546.1 0.29 49
SFIX R,2956517.0,
EFIX R,2956517.0,2956753 238 1165.7 542.3 2005
SSACC R,2956755.0,
ESACC R,2956755.0,2956763 10 1170.8 548.7 1183.9 537.7 0.46 54
SFIX R,2956765.0,
EFIX R,2956765.0,2957687 924 1179.5 534.6 2127
SSACC R,2957689.0,
ESACC R,2957689.0,2957697 10 1162.5 553.9 1161.9 566.3 0.34 42
SFIX R,2957699.0,
EFIX R,2957699.0,2957719 22 1163.7 558.4 2207
SSACC R,2957721.0,
ESACC R,2957721.0,2957729 10 1171.1 551.9 1189.6 550.4 0.50 62
SFIX R,2957731.0,
EFIX R,2957731.0,2957865 136 1185.0 542.8 2247
SSACC R,2957867.0,
ESACC R,2957867.0,2957881 16 1180.4 551.2 1179.0 540.7 0.29 59
SFIX R,2957883.0,
EFIX R,2957883.0,2958137 256 1174.7 543.0 2324
SSACC R,2958139.0,
ESACC R,2958139.0,2958199 62 1174.6 536.2 1212.7 517.8 1.14 73
SFIX R,2958201.0,
EFIX R,2958201.0,2958627 428 1201.3 526.6 2392
SSACC R,2958629.0,
SBLINK R,2958669.0,
EBLINK R,2958669.0,2958847 180
ESACC R,2958629.0,2958965 338 1185.1 534.4 1157.5 582.7 1.50 1025
SFIX R,2958967.0,
EFIX R,2958967.0,2959017 52 1158.7 573.0 2345
SSACC R,2959019.0,
ESACC R,2959019.0,2959043 26 1163.7 576.4 1152.8 488.9 2.38 161
SFIX R,2959045.0,
EFIX R,2959045.0,2959651 608 1162.1 539.3 2178
SSACC R,2959653.0,
SBLINK R,2959717.0,
EBLINK R,2959717.0,2959991 276
ESACC R,2959653.0,2960065 414 1138.6 575.5 1063.9 562.6 2.05 803
SFIX R,2960067.0,
EFIX R,2960067.0,2960187 122 1085.2 545.8 2121
SSACC R,2960189.0,
ESACC R,2960189.0,2960199 12 1094.2 544.7 1117.8 526.9 0.80 78
SFIX R,2960201.0,
EFIX R,2960201.0,2960581 382 1137.2 514.8 2101
SSACC R,2960583.0,
ESACC R,2960583.0,2960591 10 1155.0 517.4 1171.6 529.5 0.55 66
SFIX R,2960593.0,
EFIX R,2960593.0,2960949 358 1165.1 542.8 1985
SSACC R,2960951.0,
SBLINK R,2960989.0,
EBLINK R,2960989.0,2961147 160
ESACC R,2960951.0,2961255 306 1145.8 581.6 1130.1 549.7 0.96 1160
SFIX R,2961257.0,
EFIX R,2961257.0,2961829 574 1148.1 536.4 2057
SSACC R,2961831.0,
ESACC R,2961831.0,2961847 18 1161.4 541.9 1133.2 572.6 1.12 91
SFIX R,2961849.0,
EFIX R,2961849.0,2962075 228 1135.2 562.0 1999
SSACC R,2962077.0,
ESACC R,2962077.0,2962111 36 1140.4 563.5 1169.1 525.7 1.28 97
SFIX R,2962113.0,
EFIX R,2962113.0,2963233 1122 1159.9 516.6 2046
SSACC R,2963235.0,
ESACC R,2963235.0,2963251 18 1151.5 528.1 1150.0 520.8 0.20 56
SFIX R,2963253.0,
EFIX R,2963253.0,2963649 398 1143.7 519.2 2135
SSACC R,2963651.0,
ESACC R,2963651.0,2963657 8 1136.3 516.3 1147.6 512.1 0.32 51
SFIX R,2963659.0,
EFIX R,2963659.0,2966181 2524 1148.8 498.1 2272
SSACC R,2966183.0,
SBLINK R,2966235.0,
EBLINK R,2966235.0,2966449 216
ESACC R,2966183.0,2966567 386 1134.0 530.2 1103.1 583.8 1.67 1239
SFIX R,2966569.0,
EFIX R,2966569.0,2967683 1116 1141.4 531.1 2013
SSACC R,2967685.0,
SBLINK R,2967739.0,
EBLINK R,2967739.0,2967933 196
ESACC R,2967685.0,2968099 416 1119.9 548.3 1118.2 574.5 0.71 1039
SFIX R,2968101.0,
EFIX R,2968101.0,2971593 3494 1141.4 543.4 2029
SSACC R,2971595.0,
ESACC R,2971595.0,2971603 10 1129.2 527.3 1118.6 524.3 0.30 66
SFIX R,2971605.0,
EFIX R,2971605.0,2971691 88 1121.9 524.6 2121
SSACC R,2971693.0,
ESACC R,2971693.0,2971697 6 1121.2 537.2 1123.7 527.9 0.26 56
SFIX R,2971699.0,
EFIX R,2971699.0,2972249 552 1118.3 534.9 2159
SSACC R,2972251.0,
ESACC R,2972251.0,2972255 6 1111.7 560.6 1112.9 556.1 0.13 46
SFIX R,2972257.0,
EFIX R,2972257.0,2975301 3046 1089.4 541.0 2182
SSACC R,2975303.0,
ESACC R,2975303.0,2975737 436 1064.4 635.1 1117.9 614.1 1.55 292
SFIX R,2975739.0,
EFIX R,2975739.0,2976833 1096 1119.3 593.4 1714
SSACC R,2976835.0,
ESACC R,2976835.0,2976847 14 1080.4 587.3 1075.6 569.5 0.50 76
SFIX R,2976849.0,
EFIX R,2976849.0,2976881 34 1077.5 585.6 1758
SSACC R,2976883.0,
ESACC R,2976883.0,2976889 8 1079.9 584.7 1077.0 575.0 0.27 75
SFIX R,2976891.0,
EFIX R,2976891.0,2977253 364 1072.1 582.6 1844
SSACC R,2977255.0,
ESACC R,2977255.0,2977555 302 1068.7 597.3 1050.1 567.8 0.94 108
SFIX R,2977557.0,
EFIX R,2977557.0,2977655 100 1052.8 569.9 1932
SSACC R,2977657.0,
ESACC R,2977657.0,2977677 22 1051.9 566.4 1052.9 577.2 0.29 78
SFIX R,2977679.0,
EFIX R,2977679.0,2977923 246 1048.4 562.7 1892
SSACC R,2977925.0,
ESACC R,2977925.0,2977963 40 1043.2 572.2 1044.5 564.9 0.20 63
SFIX R,2977965.0,
EFIX R,2977965.0,2978561 598 1043.4 546.2 1766
SSACC R,2978563.0,
ESACC R,2978563.0,2978577 16 1045.5 533.2 1045.8 543.8 0.29 56
SFIX R,2978579.0,
EFIX R,2978579.0,2978621 44 1044.5 544.9 1765
SSACC R,2978623.0,
ESACC R,2978623.0,2978639 18 1043.9 540.4 1043.5 538.5 0.05 70
SFIX R,2978641.0,
EFIX R,2978641.0,2978675 36 1046.6 539.8 1783
SSACC R,2978677.0,
ESACC R,2978677.0,2978681 6 1045.5 533.6 1044.9 545.8 0.33 66
SFIX R,2978683.0,
EFIX R,2978683.0,2980745 2064 1052.6 564.7 1887
SSACC R,2980747.0,
ESACC R,2980747.0,2980761 16 1055.0 591.0 1052.4 598.7 0.22 69
SFIX R,2980763.0,
EFIX R,2980763.0,2981645 884 1031.1 586.0 2083
SSACC R,2981647.0,
ESACC R,2981647.0,2981651 6 1017.4 586.5 1014.3 578.3 0.24 45
SFIX R,2981653.0,
EFIX R,2981653.0,2982059 408 1014.6 586.8 2181
SSACC R,2982061.0,
ESACC R,2982061.0,2982079 20 1020.6 583.3 1018.8 589.4 0.17 87
SFIX R,2982081.0,
EFIX R,2982081.0,2982359 280 1020.7 592.5 2256
SSACC R,2982361.0,
ESACC R,2982361.0,2982365 6 1025.6 594.1 1027.6 584.0 0.28 57
SFIX R,2982367.0,
EFIX R,2982367.0,2982657 292 1027.8 589.2 2285
SSACC R,2982659.0,
ESACC R,2982659.0,2982669 12 1033.1 609.1 1033.9 586.5 0.61 73
SFIX R,2982671.0,
EFIX R,2982671.0,2983259 590 1024.0 605.6 2374
SSACC R,2983261.0,
ESACC R,2983261.0,2983331 72 1017.2 602.0 1020.8 594.2 0.23 56
SFIX R,2983333.0,
EFIX R,2983333.0,2983387 56 1024.2 600.0 2416
SSACC R,2983389.0,
ESACC R,2983389.0,2983413 26 1029.1 583.5 1030.7 602.9 0.53 74
SFIX R,2983415.0,
EFIX R,2983415.0,2983541 128 1031.9 605.2 2390
SSACC R,2983543.0,
ESACC R,2983543.0,2983607 66 1030.5 616.3 1034.2 609.8 0.20 59
SFIX R,2983609.0,
EFIX R,2983609.0,2984209 602 1038.6 628.4 2368
SSACC R,2984211.0,
ESACC R,2984211.0,2984265 56 1036.4 633.3 1037.7 641.9 0.24 56
SFIX R,2984267.0,
EFIX R,2984267.0,2984463 198 1030.9 639.9 2352
SSACC R,2984465.0,
ESACC R,2984465.0,2984475 12 1028.5 626.6 1027.5 641.4 0.40 82
SFIX R,2984477.0,
EFIX R,2984477.0,2984551 76 1027.7 638.8 2317
SSACC R,2984553.0,
ESACC R,2984553.0,2984581 30 1028.0 636.6 1029.1 632.4 0.12 70
SFIX R,2984583.0,
EFIX R,2984583.0,2984831 250 1032.4 632.8 2297
SSACC R,2984833.0,
ESACC R,2984833.0,2984845 14 1034.6 622.4 1033.1 631.3 0.24 67
SFIX R,2984847.0,
EFIX R,2984847.0,2984865 20 1033.2 628.0 2305
SSACC R,2984867.0,
ESACC R,2984867.0,2984913 48 1031.7 636.3 1032.9 628.7 0.21 71
SFIX R,2984915.0,
EFIX R,2984915.0,2984963 50 1035.5 632.5 2302
SSACC R,2984965.0,
ESACC R,2984965.0,2984993 30 1040.2 630.9 1041.0 630.7 0.02 75
SFIX R,2984995.0,
EFIX R,2984995.0,2985335 342 1045.0 624.6 2263
SSACC R,2985337.0,
ESACC R,2985337.0,2985377 42 1051.1 633.1 1056.0 611.8 0.59 66
SFIX R,2985379.0,
EFIX R,2985379.0,2986013 636 1047.8 626.9 2206
SSACC R,2986015.0,
ESACC R,2986015.0,2986033 20 1040.1 630.5 1040.2 637.8 0.20 57
SFIX R,2986035.0,
EFIX R,2986035.0,2986075 42 1039.5 643.8 2184
SSACC R,2986077.0,
ESACC R,2986077.0,2986093 18 1038.7 636.3 1039.3 656.0 0.53 80
SFIX R,2986095.0,
EFIX R,2986095.0,2986289 196 1044.5 640.5 2172
SSACC R,2986291.0,
ESACC R,2986291.0,2986329 40 1049.6 630.9 1050.3 636.4 0.15 55
SFIX R,2986331.0,
EFIX R,2986331.0,2986715 386 1052.0 630.4 2098
SSACC R,2986717.0,
ESACC R,2986717.0,2986729 14 1050.9 637.0 1053.5 642.5 0.16 58
SFIX R,2986731.0,
EFIX R,2986731.0,2986867 138 1057.1 638.8 1977
SSACC R,2986869.0,
ESACC R,2986869.0,2986879 12 1059.1 645.1 1059.4 622.5 0.61 70
SFIX R,2986881.0,
EFIX R,2986881.0,2987551 672 1078.9 636.2 1817
SSACC R,2987553.0,
ESACC R,2987553.0,2987583 32 1090.0 644.2 1114.5 598.5 1.40 81
SFIX R,2987585.0,
EFIX R,2987585.0,2987729 146 1116.9 614.5 1584
SSACC R,2987731.0,
ESACC R,2987731.0,2987751 22 1117.3 617.2 1141.7 589.7 0.99 80
SFIX R,2987753.0,
EFIX R,2987753.0,2988099 348 1144.2 584.7 1513
SSACC R,2988101.0,
ESACC R,2988101.0,2988111 12 1144.7 589.5 1155.2 572.3 0.54 68
SFIX R,2988113.0,
EFIX R,2988113.0,2991447 3336 1112.5 570.6 1508
SSACC R,2991449.0,
ESACC R,2991449.0,2991463 16 1076.2 554.8 1077.4 548.3 0.18 66
SFIX R,2991465.0,
EFIX R,2991465.0,2995395 3932 1085.3 585.4 1989
SSACC R,2995397.0,
ESACC R,2995397.0,2995405 10 1115.7 584.1 1117.6 567.7 0.45 52
SFIX R,2995407.0,
EFIX R,2995407.0,2998441 3036 1088.1 549.1 2073
SSACC R,2998443.0,
ESACC R,2998443.0,2998459 18 1082.5 551.1 1082.0 549.5 0.05 53
SFIX R,2998461.0,
EFIX R,2998461.0,2999475 1016 1092.2 550.7 2156
SSACC R,2999477.0,
ESACC R,2999477.0,2999481 6 1096.3 520.1 1096.0 528.4 0.23 44
SFIX R,2999483.0,
EFIX R,2999483.0,3003825 4344 1097.2 557.1 2106
SSACC R,3003827.0,
ESACC R,3003827.0,3003831 6 1089.0 569.3 1095.5 559.8 0.31 56
SFIX R,3003833.0,
EFIX R,3003833.0,3004515 684 1098.9 549.0 2130
SSACC R,3004517.0,
SBLINK R,3004595.0,
EBLINK R,3004595.0,3004773 180
ESACC R,3004517.0,3004901 386 1099.4 540.9 1102.4 562.9 0.60 731
SFIX R,3004903.0,
EFIX R,3004903.0,3006109 1208 1140.2 558.9 1722
SSACC R,3006111.0,
ESACC R,3006111.0,3006119 10 1119.4 566.1 1112.3 578.4 0.38 49
SFIX R,3006121.0,
EFIX R,3006121.0,3009253 3134 1074.3 583.0 1938
SSACC R,3009255.0,
SBLINK R,3009313.0,
EBLINK R,3009313.0,3009491 180
ESACC R,3009255.0,3009641 388 1085.8 631.3 1040.4 639.8 1.25 1085
SFIX R,3009643.0,
EFIX R,3009643.0,3011833 2192 1067.3 588.4 1897
SSACC R,3011835.0,
ESACC R,3011835.0,3011845 12 1047.1 579.1 1053.6 559.0 0.57 67
SFIX R,3011847.0,
EFIX R,3011847.0,3012815 970 1052.0 557.2 1911
SSACC R,3012817.0,
SBLINK R,3012907.0,
EBLINK R,3012907.0,3013131 226
ESACC R,3012817.0,3013385 570 1036.8 576.5 1033.6 587.0 0.30 1138
SFIX R,3013387.0,
EFIX R,3013387.0,3013483 98 1041.1 583.6 1728
SSACC R,3013485.0,
ESACC R,3013485.0,3013493 10 1045.9 596.1 1052.5 570.2 0.72 90
SFIX R,3013495.0,
EFIX R,3013495.0,3013525 32 1058.1 578.9 1711
SSACC R,3013527.0,
ESACC R,3013527.0,3013569 44 1061.2 573.2 1063.4 572.8 0.06 66
SFIX R,3013571.0,
EFIX R,3013571.0,3013591 22 1063.3 579.0 1637
SSACC R,3013593.0,
SBLINK R,3013681.0,
EBLINK R,3013681.0,3013965 286
ESACC R,3013593.0,3014049 458 1060.1 577.4 1058.0 513.2 1.74 1272
SFIX R,3014051.0,
EFIX R,3014051.0,3014327 278 1059.6 529.0 1313
SSACC R,3014329.0,
ESACC R,3014329.0,3014349 22 1057.7 533.1 1058.8 543.3 0.28 73
SFIX R,3014351.0,
EFIX R,3014351.0,3014885 536 1056.5 573.5 1199
SSACC R,3014887.0,
ESACC R,3014887.0,3014891 6 1045.5 588.4 1045.8 591.5 0.08 48
SFIX R,3014893.0,
EFIX R,3014893.0,3015171 280 1038.8 590.3 1225
SSACC R,3015173.0,
ESACC R,3015173.0,3015203 32 1027.8 599.1 1024.9 594.6 0.15 84
SFIX R,3015205.0,
EFIX R,3015205.0,3015321 118 1022.7 584.2 1337
SSACC R,3015323.0,
ESACC R,3015323.0,3015359 38 1019.2 559.7 1017.3 577.3 0.48 69
SFIX R,3015361.0,
EFIX R,3015361.0,3015517 158 1017.0 591.1 1412
SSACC R,3015519.0,
ESACC R,3015519.0,3015563 46 1014.7 610.2 1016.6 597.8 0.34 93
SFIX R,3015565.0,
EFIX R,3015565.0,3015613 50 1018.2 595.3 1445
SSACC R,3015615.0,
ESACC R,3015615.0,3015629 16 1017.3 593.3 1017.3 600.9 0.21 61
SFIX R,3015631.0,
EFIX R,3015631.0,3015757 128 1017.2 598.9 1457
SSACC R,3015759.0,
ESACC R,3015759.0,3015793 36 1013.6 604.6 1014.7 600.9 0.10 80
SFIX R,3015795.0,
EFIX R,3015795.0,3015903 110 1018.8 593.8 1476
SSACC R,3015905.0,
ESACC R,3015905.0,3015985 82 1020.4 601.7 1030.2 585.5 0.51 74
SFIX R,3015987.0,
EFIX R,3015987.0,3016055 70 1029.1 586.9 1502
SSACC R,3016057.0,
ESACC R,3016057.0,3016083 28 1031.8 582.4 1029.0 590.1 0.22 67
SFIX R,3016085.0,
EFIX R,3016085.0,3016509 426 1024.1 592.0 1579
SSACC R,3016511.0,
ESACC R,3016511.0,3016579 70 1014.9 606.5 1013.5 608.9 0.08 55
SFIX R,3016581.0,
EFIX R,3016581.0,3016703 124 1012.4 614.2 1662
SSACC R,3016705.0,
ESACC R,3016705.0,3016709 6 1013.6 618.6 1010.4 619.4 0.09 52
SFIX R,3016711.0,
EFIX R,3016711.0,3016799 90 1009.9 623.0 1699
SSACC R,3016801.0,
ESACC R,3016801.0,3016819 20 1010.2 616.5 1009.8 639.0 0.61 66
SFIX R,3016821.0,
EFIX R,3016821.0,3016947 128 1005.1 634.4 1745
SSACC R,3016949.0,
ESACC R,3016949.0,3017155 208 997.3 639.0 992.5 626.4 0.37 93
SFIX R,3017157.0,
EFIX R,3017157.0,3017305 150 990.5 606.0 1913
SSACC R,3017307.0,
ESACC R,3017307.0,3017401 96 992.6 610.0 990.4 609.6 0.06 84
SFIX R,3017403.0,
EFIX R,3017403.0,3017465 64 992.2 599.8 1954
SSACC R,3017467.0,
ESACC R,3017467.0,3017495 30 987.7 606.0 990.8 603.8 0.10 48
SFIX R,3017497.0,
EFIX R,3017497.0,3017577 82 991.0 603.8 1961
SSACC R,3017579.0,
ESACC R,3017579.0,3017593 16 987.9 604.6 985.7 605.2 0.06 70
SFIX R,3017595.0,
EFIX R,3017595.0,3017805 212 993.1 603.7 1966
SSACC R,3017807.0,
ESACC R,3017807.0,3017833 28 992.1 594.7 991.0 622.7 0.76 56
SFIX R,3017835.0,
EFIX R,3017835.0,3017935 102 991.0 618.4 1951
SSACC R,3017937.0,
ESACC R,3017937.0,3017961 26 991.6 610.9 991.6 621.9 0.30 102
SFIX R,3017963.0,
EFIX R,3017963.0,3018013 52 992.6 617.8 1945
SSACC R,3018015.0,
ESACC R,3018015.0,3018025 12 995.0 610.8 994.5 615.0 0.11 67
SFIX R,3018027.0,
EFIX R,3018027.0,3018221 196 997.5 612.4 1936
SSACC R,3018223.0,
ESACC R,3018223.0,3018251 30 1002.4 607.1 1000.0 616.6 0.27 57
SFIX R,3018253.0,
EFIX R,3018253.0,3018319 68 1004.0 615.3 1887
SSACC R,3018321.0,
ESACC R,3018321.0,3018333 14 1006.5 606.8 1007.9 624.1 0.47 57
SFIX R,3018335.0,
EFIX R,3018335.0,3018459 126 1010.1 611.8 1853
SSACC R,3018461.0,
ESACC R,3018461.0,3018521 62 1009.1 619.9 1011.0 608.4 0.32 52
SFIX R,3018523.0,
EFIX R,3018523.0,3019053 532 1004.9 611.8 1814
SSACC R,3019055.0,
ESACC R,3019055.0,3019059 6 998.0 611.4 998.9 589.7 0.59 63
SFIX R,3019061.0,
EFIX R,3019061.0,3019157 98 994.6 597.4 1810
SSACC R,3019159.0,
ESACC R,3019159.0,3019167 10 993.9 588.8 995.1 603.9 0.41 60
SFIX R,3019169.0,
EFIX R,3019169.0,3019749 582 981.1 593.5 1830
SSACC R,3019751.0,
ESACC R,3019751.0,3019759 10 977.8 590.0 977.5 601.6 0.31 61
SFIX R,3019761.0,
EFIX R,3019761.0,3020067 308 983.0 612.4 2016
SSACC R,3020069.0,
ESACC R,3020069.0,3020085 18 990.8 631.5 994.1 632.5 0.09 64
SFIX R,3020087.0,
EFIX R,3020087.0,3020627 542 998.4 634.0 2094
SSACC R,3020629.0,
SBLINK R,3020681.0,
EBLINK R,3020681.0,3020851 172
ESACC R,3020629.0,3021005 378 987.8 643.3 960.2 748.5 2.93 926
SFIX R,3021007.0,
EFIX R,3021007.0,3021075 70 981.2 695.8 1997
SSACC R,3021077.0,
ESACC R,3021077.0,3021095 20 986.2 666.3 996.5 641.7 0.72 92
SFIX R,3021097.0,
EFIX R,3021097.0,3021143 48 1002.6 629.3 2080
SSACC R,3021145.0,
ESACC R,3021145.0,3021235 92 1007.4 616.1 1039.0 580.8 1.28 87
SFIX R,3021237.0,
EFIX R,3021237.0,3022679 1444 1055.6 564.2 2013
SSACC R,3022681.0,
ESACC R,3022681.0,3022717 38 1050.6 568.3 1055.0 567.0 0.12 48
SFIX R,3022719.0,
EFIX R,3022719.0,3022839 122 1059.7 560.6 2231
SSACC R,3022841.0,
ESACC R,3022841.0,3022849 10 1060.0 560.8 1065.0 551.0 0.30 57
SFIX R,3022851.0,
EFIX R,3022851.0,3022895 46 1062.4 553.4 2252
SSACC R,3022897.0,
ESACC R,3022897.0,3022907 12 1065.4 561.2 1063.7 551.8 0.26 60
SFIX R,3022909.0,
EFIX R,3022909.0,3023731 824 1067.1 558.2 2270
SSACC R,3023733.0,
SBLINK R,3023815.0,
EBLINK R,3023815.0,3023897 84
ESACC R,3023733.0,3024099 368 1058.2 567.7 1040.1 618.6 1.46 474
SFIX R,3024101.0,
EFIX R,3024101.0,3024281 182 1054.4 586.1 2196
SSACC R,3024283.0,
ESACC R,3024283.0,3024295 14 1061.5 562.2 1059.9 576.8 0.40 59
SFIX R,3024297.0,
EFIX R,3024297.0,3025905 1610 1068.7 551.7 2025
SSACC R,3025907.0,
SBLINK R,3026019.0,
EBLINK R,3026019.0,3026067 50
ESACC R,3025907.0,3026517 612 1034.5 564.0 1005.5 594.7 1.14 567
SFIX R,3026519.0,
EFIX R,3026519.0,3026577 60 1007.5 589.0 2191
SSACC R,3026579.0,
ESACC R,3026579.0,3026601 24 1012.7 586.5 1017.8 572.7 0.40 58
SFIX R,3026603.0,
EFIX R,3026603.0,3026679 78 1019.7 575.0 2168
SSACC R,3026681.0,
ESACC R,3026681.0,3026707 28 1027.1 566.9 1028.9 572.5 0.16 57
SFIX R,3026709.0,
EFIX R,3026709.0,3026951 244 1030.5 576.1 2107
SSACC R,3026953.0,
SBLINK R,3027031.0,
EBLINK R,3027031.0,3027251 222
ESACC R,3026953.0,3027409 458 1036.4 573.2 1032.9 559.2 0.39 1009
SFIX R,3027411.0,
EFIX R,3027411.0,3030853 3444 1068.6 531.1 2167
SSACC R,3030855.0,
SBLINK R,3030923.0,
EBLINK R,3030923.0,3031091 170
ESACC R,3030855.0,3031323 470 1069.6 552.0 1056.2 538.8 0.51 1097
SFIX R,3031325.0,
EFIX R,3031325.0,3032553 1230 1055.2 544.1 2070
SSACC R,3032555.0,
ESACC R,3032555.0,3032561 8 1037.3 534.2 1034.4 544.6 0.29 58
SFIX R,3032563.0,
EFIX R,3032563.0,3033985 1424 1032.8 519.5 2312
SSACC R,3033987.0,
SBLINK R,3034035.0,
EBLINK R,3034035.0,3034237 204
ESACC R,3033987.0,3034455 470 1030.0 518.7 1033.7 617.9 2.69 823
SFIX R,3034457.0,
EFIX R,3034457.0,3034733 278 1039.4 594.7 2258
SSACC R,3034735.0,
ESACC R,3034735.0,3034745 12 1038.3 601.2 1040.8 582.3 0.52 62
SFIX R,3034747.0,
EFIX R,3034747.0,3035043 298 1041.0 584.1 2157
SSACC R,3035045.0,
ESACC R,3035045.0,3035059 16 1040.8 576.0 1042.5 578.0 0.07 71
SFIX R,3035061.0,
EFIX R,3035061.0,3035439 380 1041.9 574.9 2201
SSACC R,3035441.0,
ESACC R,3035441.0,3035457 18 1040.9 574.6 1034.1 565.2 0.31 57
SFIX R,3035459.0,
EFIX R,3035459.0,3035493 36 1039.1 563.3 2304
SSACC R,3035495.0,
ESACC R,3035495.0,3035501 8 1036.5 554.7 1037.5 564.8 0.28 53
SFIX R,3035503.0,
EFIX R,3035503.0,3035911 410 1032.5 581.8 2302
SSACC R,3035913.0,
ESACC R,3035913.0,3035923 12 1036.9 576.6 1033.2 591.0 0.40 77
SFIX R,3035925.0,
EFIX R,3035925.0,3036097 174 1030.3 587.7 2274
SSACC R,3036099.0,
ESACC R,3036099.0,3036121 24 1021.0 573.5 1021.5 592.1 0.50 82
SFIX R,3036123.0,
EFIX R,3036123.0,3036343 222 1025.5 587.1 2255
SSACC R,3036345.0,
ESACC R,3036345.0,3036353 10 1023.0 596.0 1023.8 578.2 0.48 54
SFIX R,3036355.0,
EFIX R,3036355.0,3036443 90 1026.8 588.6 2250
SSACC R,3036445.0,
ESACC R,3036445.0,3036459 16 1026.2 593.3 1028.6 570.2 0.63 59
SFIX R,3036461.0,
EFIX R,3036461.0,3036643 184 1026.8 596.4 2218
SSACC R,3036645.0,
ESACC R,3036645.0,3036655 12 1028.6 601.7 1029.4 610.5 0.24 73
SFIX R,3036657.0,
EFIX R,3036657.0,3036779 124 1035.6 604.5 2179
SSACC R,3036781.0,
ESACC R,3036781.0,3036831 52 1041.3 594.8 1044.7 602.6 0.23 73
SFIX R,3036833.0,
EFIX R,3036833.0,3036873 42 1048.6 599.1 2181
SSACC R,3036875.0,
ESACC R,3036875.0,3036881 8 1051.5 595.8 1048.1 611.0 0.42 64
SFIX R,3036883.0,
EFIX R,3036883.0,3036995 114 1051.4 604.4 2177
SSACC R,3036997.0,
ESACC R,3036997.0,3037017 22 1054.9 605.5 1054.6 606.2 0.02 52
SFIX R,3037019.0,
EFIX R,3037019.0,3037159 142 1056.5 600.8 2156
SSACC R,3037161.0,
ESACC R,3037161.0,3037195 36 1056.4 612.5 1058.2 597.4 0.41 85
SFIX R,3037197.0,
EFIX R,3037197.0,3037463 268 1065.5 598.2 2133
SSACC R,3037465.0,
ESACC R,3037465.0,3037495 32 1061.7 611.5 1061.0 598.4 0.36 60
SFIX R,3037497.0,
EFIX R,3037497.0,3037597 102 1061.6 607.7 2077
SSACC R,3037599.0,
ESACC R,3037599.0,3037663 66 1062.7 594.1 1065.2 599.3 0.16 75
SFIX R,3037665.0,
EFIX R,3037665.0,3038473 810 1068.9 607.3 1862
SSACC R,3038475.0,
ESACC R,3038475.0,3038501 28 1071.6 597.5 1070.5 589.7 0.21 57
SFIX R,3038503.0,
EFIX R,3038503.0,3038795 294 1071.2 599.8 1565
SSACC R,3038797.0,
ESACC R,3038797.0,3038825 30 1065.9 613.6 1066.2 563.9 1.35 79
SFIX R,3038827.0,
EFIX R,3038827.0,3038937 112 1069.5 574.5 1561
SSACC R,3038939.0,
ESACC R,3038939.0,3038945 8 1073.8 572.6 1069.6 577.7 0.18 58
SFIX R,3038947.0,
EFIX R,3038947.0,3038989 44 1071.7 588.8 1556
SSACC R,3038991.0,
ESACC R,3038991.0,3039001 12 1071.8 594.4 1070.8 589.1 0.15 61
SFIX R,3039003.0,
EFIX R,3039003.0,3039679 678 1078.6 561.1 1559
SSACC R,3039681.0,
ESACC R,3039681.0,3039695 16 1071.0 547.8 1071.3 555.9 0.22 53
SFIX R,3039697.0,
EFIX R,3039697.0,3040081 386 1062.7 554.0 1697
SSACC R,3040083.0,
ESACC R,3040083.0,3040103 22 1055.8 559.7 1053.6 552.3 0.21 55
SFIX R,3040105.0,
EFIX R,3040105.0,3040601 498 1044.7 543.0 1835
SSACC R,3040603.0,
ESACC R,3040603.0,3040617 16 1036.9 544.9 1037.7 550.1 0.14 55
SFIX R,3040619.0,
EFIX R,3040619.0,3040941 324 1034.9 560.3 1969
SSACC R,3040943.0,
ESACC R,3040943.0,3040963 22 1034.5 573.1 1036.9 573.5 0.07 68
SFIX R,3040965.0,
EFIX R,3040965.0,3041109 146 1038.8 576.9 2036
SSACC R,3041111.0,
ESACC R,3041111.0,3041123 14 1039.3 590.3 1053.0 575.1 0.55 74
SFIX R,3041125.0,
EFIX R,3041125.0,3042301 1178 1057.1 578.0 2013
SSACC R,3042303.0,
ESACC R,3042303.0,3042369 68 1073.6 577.8 1077.4 571.6 0.20 62
SFIX R,3042371.0,
EFIX R,3042371.0,3043817 1448 1082.8 569.4 1895
SSACC R,3043819.0,
SBLINK R,3043891.0,
EBLINK R,3043891.0,3044365 476
ESACC R,3043819.0,3044445 628 1079.4 588.6 1082.0 513.1 2.05 1193
SFIX R,3044447.0,
EFIX R,3044447.0,3044485 40 1086.4 516.8 1911
SSACC R,3044487.0,
ESACC R,3044487.0,3044497 12 1092.4 507.6 1092.0 496.8 0.29 54
SFIX R,3044499.0,
EFIX R,3044499.0,3044707 210 1101.0 488.3 1888
SSACC R,3044709.0,
SBLINK R,3044745.0,
EBLINK R,3044745.0,3044885 142
ESACC R,3044709.0,3045091 384 1099.0 510.7 1136.1 541.7 1.31 1635
SFIX R,3045093.0,
EFIX R,3045093.0,3045175 84 1141.0 526.6 1533
SSACC R,3045177.0,
ESACC R,3045177.0,3045189 14 1152.9 517.7 1175.8 536.5 0.80 73
SFIX R,3045191.0,
EFIX R,3045191.0,3045387 198 1195.7 536.7 1451
SSACC R,3045389.0,
ESACC R,3045389.0,3045403 16 1202.6 549.2 1203.9 540.1 0.25 48
SFIX R,3045405.0,
EFIX R,3045405.0,3045457 54 1206.0 543.6 1385
SSACC R,3045459.0,
ESACC R,3045459.0,3045465 8 1206.7 538.0 1207.7 551.3 0.36 56
SFIX R,3045467.0,
EFIX R,3045467.0,3045527 62 1206.9 554.5 1362
SSACC R,3045529.0,
ESACC R,3045529.0,3045545 18 1202.9 561.9 1181.7 590.0 0.95 82
SFIX R,3045547.0,
EFIX R,3045547.0,3045567 22 1184.2 596.1 1387
SSACC R,3045569.0,
ESACC R,3045569.0,3045573 6 1185.5 589.1 1183.9 602.3 0.36 67
SFIX R,3045575.0,
EFIX R,3045575.0,3045689 116 1181.4 625.4 1401
SSACC R,3045691.0,
ESACC R,3045691.0,3045733 44 1181.6 634.4 1185.1 608.5 0.70 161
SFIX R,3045735.0,
EFIX R,3045735.0,3046587 854 1183.2 584.4 1315
SSACC R,3046589.0,
SBLINK R,3046629.0,
EBLINK R,3046629.0,3046743 116
ESACC R,3046589.0,3046827 240 1178.7 587.2 1143.4 593.4 0.96 1429
SFIX R,3046829.0,
EFIX R,3046829.0,3047631 804 1155.5 565.4 1779
SSACC R,3047633.0,
ESACC R,3047633.0,3047645 14 1166.4 565.4 1189.7 561.7 0.63 59
SFIX R,3047647.0,
EFIX R,3047647.0,3049101 1456 1176.1 549.7 1939
SSACC R,3049103.0,
SBLINK R,3049159.0,
EBLINK R,3049159.0,3049367 210
ESACC R,3049103.0,3049501 400 1153.5 578.3 1128.7 538.8 1.26 630
SFIX R,3049503.0,
EFIX R,3049503.0,3050085 584 1148.4 549.9 1965
SSACC R,3050087.0,
ESACC R,3050087.0,3050095 10 1156.4 553.2 1169.7 547.5 0.39 60
SFIX R,3050097.0,
EFIX R,3050097.0,3051185 1090 1173.1 548.8 1951
SSACC R,3051187.0,
SBLINK R,3051259.0,
EBLINK R,3051259.0,3051641 384
ESACC R,3051187.0,3051739 554 1181.5 571.3 1163.5 551.8 0.71 625
SFIX R,3051741.0,
EFIX R,3051741.0,3051807 68 1171.5 539.4 2087
SSACC R,3051809.0,
ESACC R,3051809.0,3051819 12 1175.3 533.1 1171.4 550.7 0.49 58
SFIX R,3051821.0,
EFIX R,3051821.0,3052107 288 1186.4 547.2 2006
SSACC R,3052109.0,
ESACC R,3052109.0,3052115 8 1193.1 569.4 1188.8 590.0 0.57 76
SFIX R,3052117.0,
EFIX R,3052117.0,3052607 492 1185.6 594.9 1684
SSACC R,3052609.0,
ESACC R,3052609.0,3052627 20 1184.0 593.7 1185.8 572.1 0.58 63
SFIX R,3052629.0,
EFIX R,3052629.0,3052903 276 1185.1 575.5 1639
SSACC R,3052905.0,
ESACC R,3052905.0,3052917 14 1183.2 571.7 1179.8 556.9 0.41 57
SFIX R,3052919.0,
EFIX R,3052919.0,3053305 388 1175.3 569.2 1789
SSACC R,3053307.0,
ESACC R,3053307.0,3053327 22 1164.8 576.5 1163.3 567.3 0.25 59
SFIX R,3053329.0,
EFIX R,3053329.0,3054287 960 1163.4 571.3 1999
SSACC R,3054289.0,
SBLINK R,3054329.0,
EBLINK R,3054329.0,3054501 174
ESACC R,3054289.0,3054581 294 1167.2 596.2 1143.9 556.9 1.23 1121
SFIX R,3054583.0,
EFIX R,3054583.0,3055039 458 1162.6 558.2 2105
SSACC R,3055041.0,
ESACC R,3055041.0,3055049 10 1183.6 575.7 1195.7 572.2 0.34 44
SFIX R,3055051.0,
EFIX R,3055051.0,3055563 514 1186.1 577.1 1935
SSACC R,3055565.0,
SBLINK R,3055605.0,
EBLINK R,3055605.0,3055855 252
ESACC R,3055565.0,3055999 436 1158.6 590.4 1133.3 534.3 1.66 1128
SFIX R,3056001.0,
EFIX R,3056001.0,3056071 72 1136.2 540.3 2102
SSACC R,3056073.0,
ESACC R,3056073.0,3056105 34 1140.8 535.3 1140.4 548.0 0.34 70
SFIX R,3056107.0,
EFIX R,3056107.0,3056367 262 1145.5 552.2 1976
SSACC R,3056369.0,
ESACC R,3056369.0,3056381 14 1158.7 552.0 1177.5 565.7 0.63 60
SFIX R,3056383.0,
EFIX R,3056383.0,3057237 856 1179.0 564.4 1831
SSACC R,3057239.0,
ESACC R,3057239.0,3057249 12 1174.4 558.6 1154.4 554.0 0.55 55
SFIX R,3057251.0,
EFIX R,3057251.0,3058313 1064 1166.2 556.0 1997
SSACC R,3058315.0,
ESACC R,3058315.0,3058319 6 1188.1 561.4 1189.0 549.0 0.34 54
SFIX R,3058321.0,
EFIX R,3058321.0,3059369 1050 1186.7 521.1 2181
SSACC R,3059371.0,
ESACC R,3059371.0,3059383 14 1162.6 523.2 1161.0 536.7 0.37 57
SFIX R,3059385.0,
EFIX R,3059385.0,3060135 752 1157.1 550.3 2155
SSACC R,3060137.0,
ESACC R,3060137.0,3060147 12 1167.4 543.5 1165.1 563.9 0.55 78
SFIX R,3060149.0,
EFIX R,3060149.0,3060213 66 1165.8 558.7 2056
SSACC R,3060215.0,
SBLINK R,3060269.0,
EBLINK R,3060269.0,3060479 212
ESACC R,3060215.0,3060621 408 1163.5 560.7 1108.6 549.4 1.51 890
SFIX R,3060623.0,
EFIX R,3060623.0,3061023 402 1124.7 531.2 1941
SSACC R,3061025.0,
ESACC R,3061025.0,3061073 50 1139.8 549.8 1148.0 683.3 3.61 185
SFIX R,3061075.0,
EFIX R,3061075.0,3061331 258 1152.3 673.9 1790
SSACC R,3061333.0,
ESACC R,3061333.0,3061361 30 1156.6 668.0 1161.7 579.1 2.40 155
SFIX R,3061363.0,
EFIX R,3061363.0,3061717 356 1174.0 593.1 1745
SSACC R,3061719.0,
ESACC R,3061719.0,3061745 28 1182.5 600.9 1182.5 590.9 0.27 65
SFIX R,3061747.0,
EFIX R,3061747.0,3063217 1472 1155.6 572.7 2013
SSACC R,3063219.0,
ESACC R,3063219.0,3063249 32 1150.5 553.3 1157.3 535.6 0.51 60
SFIX R,3063251.0,
EFIX R,3063251.0,3063501 252 1163.3 542.7 2102
SSACC R,3063503.0,
ESACC R,3063503.0,3063515 14 1174.8 536.1 1169.0 550.1 0.41 53
SFIX R,3063517.0,
EFIX R,3063517.0,3064009 494 1170.5 548.5 2045
SSACC R,3064011.0,
ESACC R,3064011.0,3064025 16 1175.7 556.5 1205.5 567.4 0.85 73
SFIX R,3064027.0,
EFIX R,3064027.0,3064073 48 1209.3 570.7 2006
SSACC R,3064075.0,
SBLINK R,3064141.0,
EBLINK R,3064141.0,3064343 204
ESACC R,3064075.0,3064473 400 1208.7 577.3 1177.7 638.3 1.84 739
SFIX R,3064475.0,
EFIX R,3064475.0,3064899 426 1197.2 534.3 1954
SSACC R,3064901.0,
ESACC R,3064901.0,3064917 18 1199.4 527.2 1200.3 526.6 0.03 52
SFIX R,3064919.0,
EFIX R,3064919.0,3065675 758 1179.2 543.1 2021
SSACC R,3065677.0,
SBLINK R,3065727.0,
EBLINK R,3065727.0,3066013 288
ESACC R,3065677.0,3066161 486 1163.2 546.3 1123.8 601.4 1.83 1039
SFIX R,3066163.0,
EFIX R,3066163.0,3066183 22 1125.4 592.5 2175
SSACC R,3066185.0,
ESACC R,3066185.0,3066211 28 1126.9 594.6 1132.0 564.4 0.83 98
SFIX R,3066213.0,
EFIX R,3066213.0,3066987 776 1144.6 586.6 2173
SSACC R,3066989.0,
ESACC R,3066989.0,3066995 8 1156.7 599.0 1156.3 593.2 0.16 59
SFIX R,3066997.0,
EFIX R,3066997.0,3067121 126 1157.8 587.3 2185
SSACC R,3067123.0,
ESACC R,3067123.0,3067135 14 1157.2 590.8 1160.5 576.3 0.40 63
SFIX R,3067137.0,
EFIX R,3067137.0,3067189 54 1158.9 582.9 2220
SSACC R,3067191.0,
ESACC R,3067191.0,3067207 18 1160.7 585.6 1159.2 584.8 0.05 68
SFIX R,3067209.0,
EFIX R,3067209.0,3067357 150 1161.6 581.3 2275
SSACC R,3067359.0,
ESACC R,3067359.0,3067371 14 1164.1 586.3 1159.3 591.6 0.19 54
SFIX R,3067373.0,
EFIX R,3067373.0,3067809 438 1149.7 590.3 2381
SSACC R,3067811.0,
ESACC R,3067811.0,3067815 6 1143.8 584.4 1144.9 588.6 0.12 51
SFIX R,3067817.0,
EFIX R,3067817.0,3067935 120 1145.0 589.9 2415
SSACC R,3067937.0,
ESACC R,3067937.0,3067941 6 1145.3 591.0 1146.8 585.4 0.16 50
SFIX R,3067943.0,
EFIX R,3067943.0,3068983 1042 1148.0 599.5 2395
SSACC R,3068985.0,
ESACC R,3068985.0,3069029 46 1139.6 608.6 1135.7 589.7 0.52 63
SFIX R,3069031.0,
EFIX R,3069031.0,3069059 30 1135.4 599.5 2409
SSACC R,3069061.0,
ESACC R,3069061.0,3069069 10 1134.4 593.3 1131.5 606.6 0.37 53
SFIX R,3069071.0,
EFIX R,3069071.0,3069383 314 1125.7 599.4 2425
SSACC R,3069385.0,
ESACC R,3069385.0,3069407 24 1123.3 615.8 1126.2 612.0 0.13 57
SFIX R,3069409.0,
EFIX R,3069409.0,3070065 658 1122.4 605.9 2362
SSACC R,3070067.0,
SBLINK R,3070111.0,
EBLINK R,3070111.0,3070299 190
ESACC R,3070067.0,3070483 418 1123.3 592.8 1142.2 538.1 1.56 731
SFIX R,3070485.0,
EFIX R,3070485.0,3070865 382 1150.0 538.7 2273
SSACC R,3070867.0,
ESACC R,3070867.0,3070893 28 1162.6 564.6 1180.0 563.9 0.47 73
SFIX R,3070895.0,
EFIX R,3070895.0,3071477 584 1176.2 577.2 1943
SSACC R,3071479.0,
ESACC R,3071479.0,3071495 18 1175.4 572.3 1173.6 562.4 0.27 50
SFIX R,3071497.0,
EFIX R,3071497.0,3071797 302 1175.0 565.2 1940
SSACC R,3071799.0,
ESACC R,3071799.0,3071815 18 1172.3 560.0 1170.6 567.6 0.21 52
SFIX R,3071817.0,
EFIX R,3071817.0,3071841 26 1168.1 564.6 1981
SSACC R,3071843.0,
ESACC R,3071843.0,3071855 14 1159.0 573.2 1157.2 552.3 0.57 66
SFIX R,3071857.0,
EFIX R,3071857.0,3071885 30 1157.0 556.7 1980
SSACC R,3071887.0,
ESACC R,3071887.0,3071903 18 1156.9 554.0 1157.8 567.3 0.36 75
SFIX R,3071905.0,
EFIX R,3071905.0,3072259 356 1149.5 551.7 1976
SSACC R,3072261.0,
ESACC R,3072261.0,3072287 28 1140.3 555.1 1143.9 541.0 0.39 65
SFIX R,3072289.0,
EFIX R,3072289.0,3072339 52 1138.8 543.2 1991
SSACC R,3072341.0,
ESACC R,3072341.0,3072359 20 1134.4 533.6 1136.3 547.9 0.39 51
SFIX R,3072361.0,
EFIX R,3072361.0,3072405 46 1133.2 542.4 2003
SSACC R,3072407.0,
ESACC R,3072407.0,3072439 34 1128.9 550.5 1127.3 538.0 0.34 53
SFIX R,3072441.0,
EFIX R,3072441.0,3072927 488 1114.9 567.0 1981
SSACC R,3072929.0,
ESACC R,3072929.0,3072993 66 1112.7 583.5 1110.6 576.0 0.21 60
SFIX R,3072995.0,
EFIX R,3072995.0,3073271 278 1105.9 575.5 2038
SSACC R,3073273.0,
ESACC R,3073273.0,3073287 16 1096.7 577.2 1097.2 590.5 0.36 70
SFIX R,3073289.0,
EFIX R,3073289.0,3073399 112 1092.8 582.3 2086
SSACC R,3073401.0,
ESACC R,3073401.0,3073437 38 1088.7 577.9 1089.5 590.1 0.33 87
SFIX R,3073439.0,
EFIX R,3073439.0,3073587 150 1086.3 604.5 2073
SSACC R,3073589.0,
SBLINK R,3073669.0,
EBLINK R,3073669.0,3074125 458
ESACC R,3073589.0,3074259 672 1083.9 625.1 1135.0 561.8 2.20 502
SFIX R,3074261.0,
EFIX R,3074261.0,3074597 338 1154.9 525.8 2088
SSACC R,3074599.0,
ESACC R,3074599.0,3074617 20 1165.3 559.7 1163.8 554.5 0.15 59
SFIX R,3074619.0,
EFIX R,3074619.0,3074733 116 1163.8 553.2 1801
SSACC R,3074735.0,
ESACC R,3074735.0,3074749 16 1163.7 552.6 1164.7 548.8 0.11 67
SFIX R,3074751.0,
EFIX R,3074751.0,3074903 154 1168.5 542.2 1724
SSACC R,3074905.0,
ESACC R,3074905.0,3074909 6 1170.6 537.2 1172.4 548.7 0.31 40
SFIX R,3074911.0,
EFIX R,3074911.0,3075619 710 1162.5 552.8 1788
SSACC R,3075621.0,
ESACC R,3075621.0,3075627 8 1140.6 567.9 1141.8 558.3 0.26 75
SFIX R,3075629.0,
EFIX R,3075629.0,3075917 290 1131.8 565.5 1980
SSACC R,3075919.0,
ESACC R,3075919.0,3076009 92 1122.2 578.1 1123.6 582.7 0.13 79
SFIX R,3076011.0,
EFIX R,3076011.0,3076091 82 1121.4 599.4 1968
SSACC R,3076093.0,
ESACC R,3076093.0,3076119 28 1120.3 594.4 1119.1 613.6 0.52 62
SFIX R,3076121.0,
EFIX R,3076121.0,3076203 84 1116.2 624.0 1949
SSACC R,3076205.0,
SBLINK R,3076409.0,
EBLINK R,3076409.0,3076719 312
ESACC R,3076205.0,3077103 900 1108.6 635.2 1109.5 637.6 0.07 337
SFIX R,3077105.0,
EFIX R,3077105.0,3077283 180 1117.5 618.4 1754
SSACC R,3077285.0,
ESACC R,3077285.0,3077299 16 1121.6 603.7 1120.4 599.6 0.12 52
SFIX R,3077301.0,
EFIX R,3077301.0,3077509 210 1117.7 616.3 1630
SSACC R,3077511.0,
ESACC R,3077511.0,3077537 28 1114.0 630.6 1113.0 638.4 0.21 81
SFIX R,3077539.0,
EFIX R,3077539.0,3077655 118 1105.1 650.0 1575
SSACC R,3077657.0,
ESACC R,3077657.0,3077663 8 1102.3 644.9 1100.6 655.4 0.29 56
SFIX R,3077665.0,
EFIX R,3077665.0,3077693 30 1102.0 660.8 1572
SSACC R,3077695.0,
ESACC R,3077695.0,3077705 12 1102.5 662.1 1102.7 674.1 0.32 48
SFIX R,3077707.0,
EFIX R,3077707.0,3077737 32 1099.4 668.7 1572
SSACC R,3077739.0,
ESACC R,3077739.0,3077897 160 1097.9 662.3 1098.7 687.0 0.67 96
SFIX R,3077899.0,
EFIX R,3077899.0,3077941 44 1096.1 700.8 1647
SSACC R,3077943.0,
ESACC R,3077943.0,3078585 644 1094.7 715.5 1056.6 753.3 1.44 140
SFIX R,3078587.0,
EFIX R,3078587.0,3078607 22 1059.1 742.8 1814
SSACC R,3078609.0,
ESACC R,3078609.0,3078927 320 1058.0 750.0 1081.3 683.1 1.90 107
SFIX R,3078929.0,
EFIX R,3078929.0,3079205 278 1096.2 648.4 1908
SSACC R,3079207.0,
ESACC R,3079207.0,3079269 64 1103.5 597.3 1106.7 592.4 0.16 76
SFIX R,3079271.0,
EFIX R,3079271.0,3079463 194 1111.1 583.5 2012
SSACC R,3079465.0,
ESACC R,3079465.0,3079479 16 1112.2 572.7 1108.0 571.2 0.12 69
SFIX R,3079481.0,
EFIX R,3079481.0,3079719 240 1107.1 584.1 2043
SSACC R,3079721.0,
ESACC R,3079721.0,3079781 62 1108.2 593.6 1108.5 586.5 0.19 72
SFIX R,3079783.0,
EFIX R,3079783.0,3079821 40 1105.1 593.1 2052
SSACC R,3079823.0,
ESACC R,3079823.0,3079841 20 1104.5 587.9 1100.9 612.4 0.67 77
SFIX R,3079843.0,
EFIX R,3079843.0,3079895 54 1102.3 610.2 2036
SSACC R,3079897.0,
ESACC R,3079897.0,3079951 56 1103.3 605.3 1103.7 621.6 0.44 83
SFIX R,3079953.0,
EFIX R,3079953.0,3079993 42 1105.8 614.2 2045
SSACC R,3079995.0,
ESACC R,3079995.0,3080071 78 1108.9 607.1 1105.8 634.7 0.75 112
SFIX R,3080073.0,
EFIX R,3080073.0,3080131 60 1114.1 640.9 2029
SSACC R,3080133.0,
ESACC R,3080133.0,3080565 434 1118.4 643.6 1101.2 695.2 1.47 116
SFIX R,3080567.0,
EFIX R,3080567.0,3080629 64 1102.5 679.6 1947
SSACC R,3080631.0,
ESACC R,3080631.0,3081503 874 1097.2 696.3 1090.1 682.1 0.43 130
SFIX R,3081505.0,
EFIX R,3081505.0,3081555 52 1090.3 686.4 2043
SSACC R,3081557.0,
ESACC R,3081557.0,3081565 10 1094.4 678.6 1086.4 710.0 0.87 95
SFIX R,3081567.0,
EFIX R,3081567.0,3081615 50 1091.1 694.9 2049
SSACC R,3081617.0,
ESACC R,3081617.0,3081629 14 1098.9 674.9 1091.2 694.5 0.57 61
SFIX R,3081631.0,
EFIX R,3081631.0,3081649 20 1088.8 705.1 2035
SSACC R,3081651.0,
ESACC R,3081651.0,3081877 228 1089.8 707.9 1094.0 721.2 0.38 133
SFIX R,3081879.0,
EFIX R,3081879.0,3081925 48 1095.5 717.2 2087
SSACC R,3081927.0,
ESACC R,3081927.0,3082143 218 1097.9 711.2 1086.7 634.5 2.09 157
SFIX R,3082145.0,
EFIX R,3082145.0,3082243 100 1083.8 646.2 2154
SSACC R,3082245.0,
ESACC R,3082245.0,3082331 88 1085.9 644.8 1090.1 647.5 0.13 122
SFIX R,3082333.0,
EFIX R,3082333.0,3082489 158 1085.6 663.5 2117
SSACC R,3082491.0,
ESACC R,3082491.0,3082539 50 1078.3 674.8 1083.1 658.0 0.47 93
SFIX R,3082541.0,
EFIX R,3082541.0,3082603 64 1085.0 648.3 2106
SSACC R,3082605.0,
ESACC R,3082605.0,3082667 64 1086.1 630.3 1093.1 641.5 0.36 88
SFIX R,3082669.0,
EFIX R,3082669.0,3082695 28 1091.7 631.4 2110
SSACC R,3082697.0,
ESACC R,3082697.0,3082865 170 1091.6 623.5 1087.8 615.1 0.25 98
SFIX R,3082867.0,
EFIX R,3082867.0,3082899 34 1088.0 618.5 2156
SSACC R,3082901.0,
ESACC R,3082901.0,3082915 16 1087.9 626.5 1089.4 611.4 0.41 48
SFIX R,3082917.0,
EFIX R,3082917.0,3083041 126 1111.1 598.2 2177
SSACC R,3083043.0,
ESACC R,3083043.0,3083079 38 1118.6 580.0 1118.7 578.5 0.04 70
SFIX R,3083081.0,
EFIX R,3083081.0,3083147 68 1121.1 591.4 2199
SSACC R,3083149.0,
ESACC R,3083149.0,3083177 30 1124.4 585.8 1153.2 572.3 0.86 113
SFIX R,3083179.0,
EFIX R,3083179.0,3083225 48 1152.8 575.8 2204
SSACC R,3083227.0,
ESACC R,3083227.0,3083249 24 1156.1 559.0 1157.2 565.5 0.18 68
SFIX R,3083251.0,
EFIX R,3083251.0,3083863 614 1163.6 570.9 2166
SSACC R,3083865.0,
ESACC R,3083865.0,3083897 34 1151.1 579.7 1139.5 600.1 0.63 67
SFIX R,3083899.0,
EFIX R,3083899.0,3084035 138 1133.4 592.3 2025
SSACC R,3084037.0,
SBLINK R,3084121.0,
EBLINK R,3084121.0,3084505 386
ESACC R,3084037.0,3084569 534 1128.7 583.8 1071.9 580.6 1.54 1287
SFIX R,3084571.0,
EFIX R,3084571.0,3084613 44 1077.9 538.4 1907
SSACC R,3084615.0,
ESACC R,3084615.0,3084629 16 1081.5 511.7 1086.5 525.3 0.39 71
SFIX R,3084631.0,
EFIX R,3084631.0,3084827 198 1118.0 514.7 1896
SSACC R,3084829.0,
ESACC R,3084829.0,3084841 14 1136.5 518.9 1166.8 541.7 1.02 86
SFIX R,3084843.0,
EFIX R,3084843.0,3086213 1372 1183.6 576.3 1358
SSACC R,3086215.0,
SBLINK R,3086265.0,
EBLINK R,3086265.0,3086481 218
ESACC R,3086215.0,3086569 356 1154.0 564.7 1134.4 543.4 0.78 882
SFIX R,3086571.0,
EFIX R,3086571.0,3086977 408 1163.1 555.7 1586
SSACC R,3086979.0,
ESACC R,3086979.0,3086999 22 1166.5 589.7 1202.4 626.5 1.38 77
SFIX R,3087001.0,
EFIX R,3087001.0,3087311 312 1202.2 637.2 1531
SSACC R,3087313.0,
ESACC R,3087313.0,3087331 20 1202.5 652.7 1194.2 599.0 1.46 116
SFIX R,3087333.0,
EFIX R,3087333.0,3087531 200 1208.4 607.2 1568
SSACC R,3087533.0,
ESACC R,3087533.0,3087543 12 1216.2 612.7 1204.2 591.4 0.66 75
SFIX R,3087545.0,
EFIX R,3087545.0,3088799 1256 1207.7 598.9 1683
SSACC R,3088801.0,
ESACC R,3088801.0,3088813 14 1203.0 559.0 1179.6 563.9 0.64 59
SFIX R,3088815.0,
EFIX R,3088815.0,3089265 452 1183.7 570.0 2014
SSACC R,3089267.0,
ESACC R,3089267.0,3089277 12 1178.5 581.3 1159.8 592.4 0.58 64
SFIX R,3089279.0,
EFIX R,3089279.0,3089743 466 1171.4 596.2 1857
SSACC R,3089745.0,
ESACC R,3089745.0,3089761 18 1176.1 593.5 1167.1 570.5 0.67 44
SFIX R,3089763.0,
EFIX R,3089763.0,3090207 446 1172.0 572.1 1701
SSACC R,3090209.0,
ESACC R,3090209.0,3090215 8 1180.4 563.7 1191.5 568.5 0.32 57
SFIX R,3090217.0,
EFIX R,3090217.0,3090593 378 1187.2 576.6 1792
SSACC R,3090595.0,
ESACC R,3090595.0,3090611 18 1163.5 587.5 1137.9 568.3 0.86 70
SFIX R,3090613.0,
EFIX R,3090613.0,3090837 226 1144.7 573.4 1935
SSACC R,3090839.0,
ESACC R,3090839.0,3090843 6 1146.2 561.5 1145.4 572.2 0.29 53
SFIX R,3090845.0,
EFIX R,3090845.0,3090903 60 1140.4 581.4 1982
SSACC R,3090905.0,
SBLINK R,3090967.0,
EBLINK R,3090967.0,3091349 384
ESACC R,3090905.0,3091481 578 1135.9 589.3 1100.8 581.5 0.97 694
SFIX R,3091483.0,
EFIX R,3091483.0,3091657 176 1106.9 567.1 2050
SSACC R,3091659.0,
ESACC R,3091659.0,3091675 18 1124.8 551.1 1150.2 512.9 1.24 96
SFIX R,3091677.0,
EFIX R,3091677.0,3092377 702 1164.7 534.1 1878
SSACC R,3092379.0,
ESACC R,3092379.0,3092387 10 1148.3 555.6 1160.7 566.1 0.44 58
SFIX R,3092389.0,
EFIX R,3092389.0,3092879 492 1157.8 563.3 1984
SSACC R,3092881.0,
ESACC R,3092881.0,3092897 18 1131.4 563.8 1158.0 557.3 0.74 98
SFIX R,3092899.0,
EFIX R,3092899.0,3093085 188 1158.4 559.4 2120
SSACC R,3093087.0,
SBLINK R,3093141.0,
EBLINK R,3093141.0,3093269 130
ESACC R,3093087.0,3093351 266 1149.1 579.5 1114.3 594.4 1.02 1390
SFIX R,3093353.0,
EFIX R,3093353.0,3093825 474 1133.1 545.4 2217
SSACC R,3093827.0,
ESACC R,3093827.0,3093833 8 1162.0 510.9 1175.7 511.8 0.37 55
SFIX R,3093835.0,
EFIX R,3093835.0,3094459 626 1170.3 504.3 2166
SSACC R,3094461.0,
ESACC R,3094461.0,3094465 6 1171.9 491.1 1169.1 497.0 0.18 48
SFIX R,3094467.0,
EFIX R,3094467.0,3094947 482 1155.4 513.0 2194
SSACC R,3094949.0,
ESACC R,3094949.0,3094963 16 1136.9 504.2 1141.5 520.0 0.44 63
SFIX R,3094965.0,
EFIX R,3094965.0,3095285 322 1133.2 517.7 2198
SSACC R,3095287.0,
SBLINK R,3095325.0,
EBLINK R,3095325.0,3095683 360
ESACC R,3095287.0,3095731 446 1117.1 535.7 1097.6 480.2 1.59 1072
SFIX R,3095733.0,
EFIX R,3095733.0,3095953 222 1115.5 472.1 1970
SSACC R,3095955.0,
ESACC R,3095955.0,3095977 24 1122.0 475.3 1146.9 495.6 0.87 63
SFIX R,3095979.0,
EFIX R,3095979.0,3097229 1252 1152.3 524.9 1796
SSACC R,3097231.0,
ESACC R,3097231.0,3097271 42 1125.2 497.5 1127.4 502.6 0.15 53
SFIX R,3097273.0,
EFIX R,3097273.0,3097629 358 1118.0 511.5 2085
SSACC R,3097631.0,
ESACC R,3097631.0,3097669 40 1105.5 519.2 1103.2 527.3 0.23 50
SFIX R,3097671.0,
EFIX R,3097671.0,3097723 54 1099.8 530.7 2126
SSACC R,3097725.0,
ESACC R,3097725.0,3097735 12 1103.6 537.8 1116.6 535.8 0.36 55
SFIX R,3097737.0,
EFIX R,3097737.0,3097889 154 1116.0 539.2 2132
SSACC R,3097891.0,
ESACC R,3097891.0,3097979 90 1113.2 547.8 1114.7 539.4 0.23 71
SFIX R,3097981.0,
EFIX R,3097981.0,3098273 294 1118.5 543.9 2141
SSACC R,3098275.0,
ESACC R,3098275.0,3098289 16 1124.7 546.4 1124.5 517.1 0.79 101
SFIX R,3098291.0,
EFIX R,3098291.0,3098503 214 1126.4 527.9 2164
SSACC R,3098505.0,
ESACC R,3098505.0,3098517 14 1132.9 522.2 1134.9 526.4 0.13 65
SFIX R,3098519.0,
EFIX R,3098519.0,3098857 340 1153.4 515.1 2098
SSACC R,3098859.0,
ESACC R,3098859.0,3098867 10 1163.2 531.5 1163.1 503.5 0.76 93
SFIX R,3098869.0,
EFIX R,3098869.0,3099021 154 1164.3 511.5 2041
SSACC R,3099023.0,
ESACC R,3099023.0,3099101 80 1166.3 514.3 1166.5 495.8 0.50 62
SFIX R,3099103.0,
EFIX R,3099103.0,3099233 132 1161.9 496.4 2067
SSACC R,3099235.0,
ESACC R,3099235.0,3099243 10 1158.2 508.6 1162.0 489.3 0.53 61
SFIX R,3099245.0,
EFIX R,3099245.0,3100557 1314 1166.6 491.8 1933
SSACC R,3100559.0,
SBLINK R,3100607.0,
EBLINK R,3100607.0,3100789 184
ESACC R,3100559.0,3100891 334 1156.5 471.3 1131.0 533.8 1.82 989
SFIX R,3100893.0,
EFIX R,3100893.0,3102391 1500 1155.6 511.5 1785
SSACC R,3102393.0,
ESACC R,3102393.0,3102397 6 1162.6 516.5 1168.8 510.8 0.23 53
SFIX R,3102399.0,
EFIX R,3102399.0,3102865 468 1180.8 511.5 1889
SSACC R,3102867.0,
ESACC R,3102867.0,3102939 74 1177.1 516.6 1178.0 526.0 0.25 67
SFIX R,3102941.0,
EFIX R,3102941.0,3103001 62 1176.1 522.8 1939
SSACC R,3103003.0,
ESACC R,3103003.0,3103017 16 1174.0 532.9 1177.7 521.8 0.32 52
SFIX R,3103019.0,
EFIX R,3103019.0,3103141 124 1177.3 527.7 1970
SSACC R,3103143.0,
ESACC R,3103143.0,3103311 170 1175.8 517.6 1179.7 535.2 0.49 84
SFIX R,3103313.0,
EFIX R,3103313.0,3103495 184 1181.8 529.7 1973
SSACC R,3103497.0,
ESACC R,3103497.0,3103513 18 1183.1 524.9 1182.7 539.7 0.40 55
SFIX R,3103515.0,
EFIX R,3103515.0,3103577 64 1184.6 532.4 1930
SSACC R,3103579.0,
ESACC R,3103579.0,3103595 18 1184.2 529.2 1183.8 537.7 0.23 68
SFIX R,3103597.0,
EFIX R,3103597.0,3105063 1468 1171.8 522.2 1872
SSACC R,3105065.0,
SBLINK R,3105121.0,
EBLINK R,3105121.0,3105269 150
ESACC R,3105065.0,3105405 342 1159.1 539.1 1162.6 505.4 0.92 722
SFIX R,3105407.0,
EFIX R,3105407.0,3105605 200 1174.0 498.3 1722
SSACC R,3105607.0,
ESACC R,3105607.0,3105615 10 1178.6 494.9 1179.6 512.1 0.46 60
SFIX R,3105617.0,
EFIX R,3105617.0,3107153 1538 1162.2 510.3 1792
SSACC R,3107155.0,
ESACC R,3107155.0,3107165 12 1134.7 522.6 1135.8 529.1 0.18 50
SFIX R,3107167.0,
EFIX R,3107167.0,3108185 1020 1139.4 533.6 1926
SSACC R,3108187.0,
ESACC R,3108187.0,3108193 8 1129.3 513.7 1128.1 503.8 0.27 49
SFIX R,3108195.0,
EFIX R,3108195.0,3108639 446 1125.6 508.2 1986
SSACC R,3108641.0,
ESACC R,3108641.0,3108669 30 1125.1 512.1 1121.2 512.9 0.11 67
SFIX R,3108671.0,
EFIX R,3108671.0,3109215 546 1127.3 518.2 2006
SSACC R,3109217.0,
ESACC R,3109217.0,3109229 14 1128.0 508.9 1128.3 523.9 0.41 43
SFIX R,3109231.0,
EFIX R,3109231.0,3110973 1744 1127.1 515.6 1968
SSACC R,3110975.0,
SBLINK R,3111037.0,
EBLINK R,3111037.0,3111247 212
ESACC R,3110975.0,3111359 386 1137.4 531.1 1121.0 583.0 1.47 721
SFIX R,3111361.0,
EFIX R,3111361.0,3111779 420 1133.9 532.2 1902
SSACC R,3111781.0,
ESACC R,3111781.0,3111789 10 1143.1 533.5 1143.0 541.5 0.22 55
SFIX R,3111791.0,
EFIX R,3111791.0,3112495 706 1157.2 531.2 1653
SSACC R,3112497.0,
ESACC R,3112497.0,3112501 6 1159.5 513.6 1157.5 507.3 0.18 45
SFIX R,3112503.0,
EFIX R,3112503.0,3113691 1190 1145.1 524.2 1783
SSACC R,3113693.0,
ESACC R,3113693.0,3113717 26 1157.8 542.1 1140.5 532.4 0.53 50
SFIX R,3113719.0,
EFIX R,3113719.0,3113925 208 1134.2 538.5 1749
SSACC R,3113927.0,
ESACC R,3113927.0,3113949 24 1129.0 543.9 1127.1 545.8 0.07 62
SFIX R,3113951.0,
EFIX R,3113951.0,3114505 556 1137.5 529.8 1682
SSACC R,3114507.0,
ESACC R,3114507.0,3114519 14 1156.9 531.0 1155.5 538.8 0.21 58
SFIX R,3114521.0,
EFIX R,3114521.0,3116837 2318 1173.4 552.4 1599
SSACC R,3116839.0,
ESACC R,3116839.0,3116851 14 1159.3 539.5 1156.8 546.6 0.20 49
SFIX R,3116853.0,
EFIX R,3116853.0,3118283 1432 1150.2 562.4 1823
SSACC R,3118285.0,
ESACC R,3118285.0,3118291 8 1143.7 569.8 1154.2 567.6 0.29 42
SFIX R,3118293.0,
EFIX R,3118293.0,3118685 394 1171.2 567.3 1842
SSACC R,3118687.0,
ESACC R,3118687.0,3118701 16 1183.0 576.9 1181.4 587.5 0.29 69
SFIX R,3118703.0,
EFIX R,3118703.0,3119921 1220 1170.5 564.6 1805
SSACC R,3119923.0,
ESACC R,3119923.0,3119927 6 1169.1 555.6 1165.7 561.6 0.19 49
SFIX R,3119929.0,
EFIX R,3119929.0,3120439 512 1162.0 561.9 1809
SSACC R,3120441.0,
ESACC R,3120441.0,3120453 14 1164.0 562.9 1165.3 556.8 0.17 68
SFIX R,3120455.0,
EFIX R,3120455.0,3121047 594 1153.8 556.7 1867
SSACC R,3121049.0,
ESACC R,3121049.0,3121061 14 1154.5 543.5 1156.7 554.5 0.30 45
SFIX R,3121063.0,
EFIX R,3121063.0,3123175 2114 1178.2 558.4 1913
SSACC R,3123177.0,
ESACC R,3123177.0,3123193 18 1211.5 547.7 1206.8 581.3 0.91 85
SFIX R,3123195.0,
EFIX R,3123195.0,3123773 580 1191.0 584.1 1968
SSACC R,3123775.0,
ESACC R,3123775.0,3123813 40 1179.3 581.6 1184.6 597.9 0.46 64
SFIX R,3123815.0,
EFIX R,3123815.0,3124009 196 1181.5 578.2 1894
SSACC R,3124011.0,
ESACC R,3124011.0,3124109 100 1172.1 557.4 1165.2 567.3 0.33 99
SFIX R,3124111.0,
EFIX R,3124111.0,3124199 90 1162.3 557.0 1865
SSACC R,3124201.0,
ESACC R,3124201.0,3124397 198 1163.5 577.3 1190.3 581.4 0.73 138
SFIX R,3124399.0,
EFIX R,3124399.0,3124419 22 1188.4 579.8 1996
SSACC R,3124421.0,
ESACC R,3124421.0,3124435 16 1188.2 580.0 1188.1 580.4 0.01 64
SFIX R,3124437.0,
EFIX R,3124437.0,3124555 120 1175.1 588.8 2044
SSACC R,3124557.0,
ESACC R,3124557.0,3124697 142 1173.5 613.3 1170.6 597.6 0.43 92
SFIX R,3124699.0,
EFIX R,3124699.0,3124763 66 1164.7 595.3 2081
SSACC R,3124765.0,
ESACC R,3124765.0,3124813 50 1157.1 598.6 1147.9 594.7 0.27 86
SFIX R,3124815.0,
EFIX R,3124815.0,3124857 44 1154.0 599.1 2055
SSACC R,3124859.0,
ESACC R,3124859.0,3124947 90 1155.5 607.3 1147.2 585.0 0.64 143
SFIX R,3124949.0,
EFIX R,3124949.0,3124979 32 1148.1 591.8 2047
SSACC R,3124981.0,
ESACC R,3124981.0,3125087 108 1147.5 595.2 1157.9 544.4 1.40 93
SFIX R,3125089.0,
EFIX R,3125089.0,3125143 56 1161.4 549.2 1910
SSACC R,3125145.0,
ESACC R,3125145.0,3125365 222 1159.0 553.4 1157.8 567.6 0.39 144
SFIX R,3125367.0,
EFIX R,3125367.0,3125395 30 1160.5 574.3 2117
SSACC R,3125397.0,
ESACC R,3125397.0,3125415 20 1158.9 578.2 1160.6 575.6 0.08 71
SFIX R,3125417.0,
EFIX R,3125417.0,3125451 36 1153.7 571.2 2144
SSACC R,3125453.0,
ESACC R,3125453.0,3125493 42 1147.4 587.0 1144.7 570.3 0.46 110
SFIX R,3125495.0,
EFIX R,3125495.0,3125533 40 1148.4 575.5 2175
SSACC R,3125535.0,
ESACC R,3125535.0,3125637 104 1145.1 568.5 1154.9 582.4 0.46 73
SFIX R,3125639.0,
EFIX R,3125639.0,3125675 38 1156.7 576.2 2225
SSACC R,3125677.0,
ESACC R,3125677.0,3125835 160 1165.5 581.6 1164.5 575.7 0.16 159
SFIX R,3125837.0,
EFIX R,3125837.0,3125883 48 1153.5 577.8 2351
SSACC R,3125885.0,
SBLINK R,3126111.0,
EBLINK R,3126111.0,3126371 262
ESACC R,3125885.0,3126501 618 1143.4 575.3 1163.4 529.2 1.36 584
SFIX R,3126503.0,
EFIX R,3126503.0,3126639 138 1166.9 530.8 2272
SSACC R,3126641.0,
ESACC R,3126641.0,3126659 20 1170.5 532.5 1192.1 529.8 0.58 64
SFIX R,3126661.0,
EFIX R,3126661.0,3126937 278 1194.9 533.7 2160
SSACC R,3126939.0,
ESACC R,3126939.0,3126971 34 1194.2 566.8 1192.4 549.4 0.47 69
SFIX R,3126973.0,
EFIX R,3126973.0,3127251 280 1176.5 554.5 2048
SSACC R,3127253.0,
ESACC R,3127253.0,3127267 16 1171.7 548.4 1197.2 556.4 0.72 60
SFIX R,3127269.0,
EFIX R,3127269.0,3127553 286 1204.2 549.5 2077
SSACC R,3127555.0,
ESACC R,3127555.0,3127565 12 1195.6 549.5 1170.9 547.0 0.67 72
SFIX R,3127567.0,
EFIX R,3127567.0,3128593 1028 1163.6 540.0 2160
SSACC R,3128595.0,
ESACC R,3128595.0,3128613 20 1158.6 543.1 1144.2 525.0 0.62 56
SFIX R,3128615.0,
EFIX R,3128615.0,3128853 240 1150.3 528.4 2075
SSACC R,3128855.0,
ESACC R,3128855.0,3128881 28 1155.3 538.9 1179.0 522.0 0.78 68
SFIX R,3128883.0,
EFIX R,3128883.0,3129287 406 1192.7 534.2 1976
SSACC R,3129289.0,
ESACC R,3129289.0,3129299 12 1189.1 541.0 1175.0 548.9 0.43 55
SFIX R,3129301.0,
EFIX R,3129301.0,3130095 796 1176.6 547.5 1886
SSACC R,3130097.0,
ESACC R,3130097.0,3130105 10 1177.5 534.9 1172.5 549.5 0.42 54
SFIX R,3130107.0,
EFIX R,3130107.0,3130733 628 1174.2 537.8 1952
SSACC R,3130735.0,
ESACC R,3130735.0,3130747 14 1182.1 524.7 1180.8 538.6 0.38 63
SFIX R,3130749.0,
EFIX R,3130749.0,3132193 1446 1184.0 523.6 1951
SSACC R,3132195.0,
ESACC R,3132195.0,3132209 16 1202.7 522.3 1202.5 533.4 0.30 74
SFIX R,3132211.0,
EFIX R,3132211.0,3132739 530 1202.7 537.3 2052
SSACC R,3132741.0,
ESACC R,3132741.0,3132787 48 1192.3 529.5 1188.4 540.9 0.32 104
SFIX R,3132789.0,
EFIX R,3132789.0,3134525 1738 1196.4 538.0 1879
SSACC R,3134527.0,
ESACC R,3134527.0,3134543 18 1170.1 533.4 1212.3 535.5 1.13 100
SFIX R,3134545.0,
EFIX R,3134545.0,3134903 360 1208.9 542.6 1897
SSACC R,3134905.0,
ESACC R,3134905.0,3134913 10 1210.1 550.6 1194.7 549.3 0.41 48
SFIX R,3134915.0,
EFIX R,3134915.0,3136945 2032 1194.2 534.8 2021
SSACC R,3136947.0,
ESACC R,3136947.0,3136973 28 1186.5 507.3 1183.1 527.7 0.56 95
SFIX R,3136975.0,
EFIX R,3136975.0,3137073 100 1181.9 521.7 2277
SSACC R,3137075.0,
ESACC R,3137075.0,3137229 156 1185.2 534.3 1189.1 528.8 0.18 126
SFIX R,3137231.0,
EFIX R,3137231.0,3137365 136 1194.2 532.8 2272
SSACC R,3137367.0,
ESACC R,3137367.0,3137515 150 1198.9 536.3 1198.4 527.8 0.23 70
SFIX R,3137517.0,
EFIX R,3137517.0,3137563 48 1202.9 518.3 2234
SSACC R,3137565.0,
ESACC R,3137565.0,3137581 18 1204.6 517.7 1206.0 516.1 0.06 90
SFIX R,3137583.0,
EFIX R,3137583.0,3139761 2180 1208.9 537.0 1921
SSACC R,3139763.0,
SBLINK R,3139813.0,
EBLINK R,3139813.0,3139995 184
ESACC R,3139763.0,3140065 304 1182.5 561.4 1154.0 566.8 0.78 824
SFIX R,3140067.0,
EFIX R,3140067.0,3140169 104 1162.9 538.9 1946
SSACC R,3140171.0,
ESACC R,3140171.0,3140177 8 1166.1 534.5 1180.5 524.3 0.47 64
SFIX R,3140179.0,
EFIX R,3140179.0,3142295 2118 1194.5 534.7 1933
SSACC R,3142297.0,
ESACC R,3142297.0,3142305 10 1182.6 529.9 1198.2 528.0 0.42 53
SFIX R,3142307.0,
EFIX R,3142307.0,3143041 736 1200.1 545.3 1931
SSACC R,3143043.0,
ESACC R,3143043.0,3143065 24 1196.0 555.7 1226.2 550.8 0.82 56
SFIX R,3143067.0,
EFIX R,3143067.0,3145991 2926 1193.6 541.0 1828
SSACC R,3145993.0,
ESACC R,3145993.0,3146001 10 1174.8 532.6 1194.7 536.2 0.54 70
SFIX R,3146003.0,
EFIX R,3146003.0,3146449 448 1189.6 543.5 1917
SSACC R,3146451.0,
SBLINK R,3146493.0,
EBLINK R,3146493.0,3146671 180
ESACC R,3146451.0,3146919 470 1158.0 585.5 1191.5 530.0 1.75 908
SFIX R,3146921.0,
EFIX R,3146921.0,3147089 170 1193.9 520.0 1791
SSACC R,3147091.0,
ESACC R,3147091.0,3147101 12 1199.1 519.8 1211.6 542.4 0.70 70
SFIX R,3147103.0,
EFIX R,3147103.0,3147427 326 1218.6 555.3 1670
SSACC R,3147429.0,
ESACC R,3147429.0,3147439 12 1220.7 562.7 1202.5 550.8 0.58 64
SFIX R,3147441.0,
EFIX R,3147441.0,3149007 1568 1193.9 553.6 1724
SSACC R,3149009.0,
ESACC R,3149009.0,3149015 8 1170.9 554.1 1182.0 550.5 0.31 51
SFIX R,3149017.0,
EFIX R,3149017.0,3149687 672 1190.6 547.4 1766
SSACC R,3149689.0,
ESACC R,3149689.0,3149693 6 1188.8 546.4 1195.7 551.3 0.23 48
SFIX R,3149695.0,
EFIX R,3149695.0,3153579 3886 1211.4 570.5 1590
SSACC R,3153581.0,
SBLINK R,3153613.0,
EBLINK R,3153613.0,3153859 248
ESACC R,3153581.0,3153891 312 1193.2 588.7 1205.0 565.3 0.71 517
SFIX R,3153893.0,
EFIX R,3153893.0,3156177 2286 1210.1 557.5 1401
SSACC R,3156179.0,
SBLINK R,3156233.0,
EBLINK R,3156233.0,3156445 214
ESACC R,3156179.0,3156533 356 1189.3 606.1 1179.2 556.3 1.37 609
SFIX R,3156535.0,
EFIX R,3156535.0,3157885 1352 1198.7 556.9 1510
SSACC R,3157887.0,
ESACC R,3157887.0,3157893 8 1195.7 557.7 1206.8 557.2 0.30 48
SFIX R,3157895.0,
EFIX R,3157895.0,3159471 1578 1184.3 566.1 1823
SSACC R,3159473.0,
ESACC R,3159473.0,3159479 8 1189.8 563.0 1190.0 570.4 0.20 55
SFIX R,3159481.0,
EFIX R,3159481.0,3160381 902 1199.8 562.2 1778
SSACC R,3160383.0,
ESACC R,3160383.0,3160387 6 1200.4 559.6 1194.9 549.7 0.30 57
SFIX R,3160389.0,
EFIX R,3160389.0,3160647 260 1188.3 557.4 1790
SSACC R,3160649.0,
ESACC R,3160649.0,3160661 14 1210.5 567.7 1226.5 553.2 0.58 54
SFIX R,3160663.0,
EFIX R,3160663.0,3161529 868 1225.5 568.4 1730
SSACC R,3161531.0,
ESACC R,3161531.0,3161543 14 1216.8 567.2 1197.8 550.6 0.68 69
SFIX R,3161545.0,
EFIX R,3161545.0,3161797 254 1184.5 556.3 1818
SSACC R,3161799.0,
ESACC R,3161799.0,3161819 22 1183.4 569.6 1204.4 543.5 0.90 61
SFIX R,3161821.0,
EFIX R,3161821.0,3162443 624 1209.6 552.1 1788
SSACC R,3162445.0,
ESACC R,3162445.0,3162455 12 1203.0 544.2 1218.4 548.6 0.43 54
SFIX R,3162457.0,
EFIX R,3162457.0,3165585 3130 1205.3 541.3 1849
SSACC R,3165587.0,
ESACC R,3165587.0,3165591 6 1203.6 543.3 1208.4 537.5 0.20 53
SFIX R,3165593.0,
EFIX R,3165593.0,3166443 852 1201.4 538.8 2026
SSACC R,3166445.0,
ESACC R,3166445.0,3166457 14 1202.0 555.5 1188.8 545.6 0.44 43
SFIX R,3166459.0,
EFIX R,3166459.0,3166631 174 1188.6 548.7 1915
SSACC R,3166633.0,
ESACC R,3166633.0,3166637 6 1198.6 544.5 1207.3 547.3 0.24 49
SFIX R,3166639.0,
EFIX R,3166639.0,3166781 144 1217.2 544.5 1895
SSACC R,3166783.0,
ESACC R,3166783.0,3166787 6 1216.3 547.1 1215.2 559.2 0.33 60
SFIX R,3166789.0,
EFIX R,3166789.0,3167099 312 1210.8 536.7 1855
SSACC R,3167101.0,
SBLINK R,3167159.0,
EBLINK R,3167159.0,3167349 192
ESACC R,3167101.0,3167465 366 1210.0 526.6 1194.1 548.6 0.73 1014
SFIX R,3167467.0,
EFIX R,3167467.0,3169995 2530 1203.0 570.0 1690
SSACC R,3169997.0,
ESACC R,3169997.0,3170027 32 1197.7 557.6 1212.5 583.1 0.79 60
SFIX R,3170029.0,
EFIX R,3170029.0,3178085 8058 1204.4 576.5 1670
SSACC R,3178087.0,
SBLINK R,3178141.0,
EBLINK R,3178141.0,3178291 152
ESACC R,3178087.0,3178319 234 1212.5 599.1 1194.0 598.3 0.50 903
SFIX R,3178321.0,
EFIX R,3178321.0,3178991 672 1195.6 575.9 1468
SSACC R,3178993.0,
ESACC R,3178993.0,3179001 10 1199.9 596.6 1188.2 602.5 0.35 44
SFIX R,3179003.0,
EFIX R,3179003.0,3179213 212 1181.3 607.9 1298
SSACC R,3179215.0,
ESACC R,3179215.0,3179223 10 1181.6 618.2 1196.4 611.9 0.43 51
SFIX R,3179225.0,
EFIX R,3179225.0,3179419 196 1212.4 608.9 1268
SSACC R,3179421.0,
ESACC R,3179421.0,3179437 18 1223.5 603.1 1183.4 598.0 1.08 72
SFIX R,3179439.0,
EFIX R,3179439.0,3179775 338 1185.2 596.3 1297
SSACC R,3179777.0,
ESACC R,3179777.0,3179787 12 1187.2 587.5 1204.0 579.3 0.50 59
SFIX R,3179789.0,
EFIX R,3179789.0,3180373 586 1205.4 576.0 1464
SSACC R,3180375.0,
ESACC R,3180375.0,3180381 8 1194.0 568.5 1204.6 566.5 0.29 46
SFIX R,3180383.0,
EFIX R,3180383.0,3180853 472 1217.3 565.3 1656
SSACC R,3180855.0,
ESACC R,3180855.0,3180863 10 1216.4 567.2 1204.4 563.6 0.34 48
SFIX R,3180865.0,
EFIX R,3180865.0,3181139 276 1189.7 556.8 1805
SSACC R,3181141.0,
SBLINK R,3181181.0,
EBLINK R,3181181.0,3181345 166
ESACC R,3181141.0,3181429 290 1181.9 570.8 1141.8 610.0 1.51 1338
SFIX R,3181431.0,
EFIX R,3181431.0,3181511 82 1155.4 595.8 1816
SSACC R,3181513.0,
ESACC R,3181513.0,3181537 26 1158.1 598.2 1144.4 561.3 1.06 94
SFIX R,3181539.0,
EFIX R,3181539.0,3181775 238 1157.3 569.3 1826
SSACC R,3181777.0,
ESACC R,3181777.0,3181783 8 1168.8 573.2 1161.4 563.9 0.32 53
SFIX R,3181785.0,
EFIX R,3181785.0,3182297 514 1163.9 578.7 1657
SSACC R,3182299.0,
ESACC R,3182299.0,3182311 14 1151.0 575.4 1125.3 578.9 0.70 62
SFIX R,3182313.0,
EFIX R,3182313.0,3182817 506 1116.2 583.4 1742
SSACC R,3182819.0,
ESACC R,3182819.0,3182835 18 1082.0 576.3 1110.9 547.7 1.10 94
SFIX R,3182837.0,
EFIX R,3182837.0,3183009 174 1113.3 543.1 1896
SSACC R,3183011.0,
ESACC R,3183011.0,3183017 8 1113.2 546.6 1110.0 556.4 0.28 58
SFIX R,3183019.0,
EFIX R,3183019.0,3187423 4406 1131.6 543.2 1779
SSACC R,3187425.0,
ESACC R,3187425.0,3187429 6 1152.9 538.2 1147.9 545.4 0.24 56
SFIX R,3187431.0,
EFIX R,3187431.0,3193027 5598 1149.3 586.9 1453
SSACC R,3193029.0,
SBLINK R,3193067.0,
EBLINK R,3193067.0,3193223 158
ESACC R,3193029.0,3193311 284 1124.5 594.9 1085.0 587.5 1.08 1113
SFIX R,3193313.0,
EFIX R,3193313.0,3194761 1450 1149.7 587.2 1547
SSACC R,3194763.0,
ESACC R,3194763.0,3194775 14 1155.9 579.3 1153.6 552.1 0.74 71
SFIX R,3194777.0,
EFIX R,3194777.0,3196451 1676 1157.2 566.6 1816
SSACC R,3196453.0,
SBLINK R,3196525.0,
EBLINK R,3196525.0,3196729 206
ESACC R,3196453.0,3196823 372 1176.4 557.0 1159.8 624.0 1.86 774
SFIX R,3196825.0,
EFIX R,3196825.0,3196981 158 1188.4 596.8 1828
SSACC R,3196983.0,
ESACC R,3196983.0,3196997 16 1205.8 601.4 1208.3 576.6 0.67 49
SFIX R,3196999.0,
EFIX R,3196999.0,3197377 380 1241.1 586.9 1571
SSACC R,3197379.0,
ESACC R,3197379.0,3197385 8 1249.7 593.9 1257.9 594.5 0.22 40
SFIX R,3197387.0,
EFIX R,3197387.0,3197649 264 1252.0 605.7 1345
SSACC R,3197651.0,
ESACC R,3197651.0,3197657 8 1233.7 603.8 1242.1 591.5 0.40 59
SFIX R,3197659.0,
EFIX R,3197659.0,3198697 1040 1225.9 591.9 1514
SSACC R,3198699.0,
ESACC R,3198699.0,3198711 14 1208.1 594.9 1185.7 613.6 0.78 68
SFIX R,3198713.0,
EFIX R,3198713.0,3200015 1304 1200.1 594.9 1506
SSACC R,3200017.0,
ESACC R,3200017.0,3200023 8 1216.9 595.1 1224.4 581.6 0.41 57
SFIX R,3200025.0,
EFIX R,3200025.0,3201817 1794 1211.4 563.3 1823
SSACC R,3201819.0,
SBLINK R,3201865.0,
EBLINK R,3201865.0,3202019 156
ESACC R,3201819.0,3202107 290 1207.8 536.9 1177.8 531.7 0.82 1240
SFIX R,3202109.0,
EFIX R,3202109.0,3202309 202 1191.7 511.8 2011
SSACC R,3202311.0,
ESACC R,3202311.0,3202319 10 1201.8 514.7 1220.8 523.2 0.56 68
SFIX R,3202321.0,
EFIX R,3202321.0,3203981 1662 1232.4 549.1 1773
SSACC R,3203983.0,
SBLINK R,3204017.0,
EBLINK R,3204017.0,3204191 176
ESACC R,3203983.0,3204269 288 1219.1 535.1 1196.0 552.6 0.78 1200
SFIX R,3204271.0,
EFIX R,3204271.0,3205003 734 1220.6 572.9 1611
SSACC R,3205005.0,
ESACC R,3205005.0,3205015 12 1214.9 594.6 1199.7 587.1 0.45 62
SFIX R,3205017.0,
EFIX R,3205017.0,3205697 682 1189.5 587.1 1482
SSACC R,3205699.0,
ESACC R,3205699.0,3205707 10 1189.3 591.7 1202.4 583.8 0.41 49
SFIX R,3205709.0,
EFIX R,3205709.0,3206205 498 1197.2 578.8 1582
SSACC R,3206207.0,
SBLINK R,3206241.0,
EBLINK R,3206241.0,3206433 194
ESACC R,3206207.0,3206527 322 1182.0 578.8 1168.9 568.7 0.44 1104
SFIX R,3206529.0,
EFIX R,3206529.0,3207181 654 1174.7 566.5 1431
SSACC R,3207183.0,
ESACC R,3207183.0,3207189 8 1187.8 576.6 1197.9 575.8 0.27 45
SFIX R,3207191.0,
EFIX R,3207191.0,3210641 3452 1195.1 595.8 1490
SSACC R,3210643.0,
SBLINK R,3210681.0,
EBLINK R,3210681.0,3210891 212
ESACC R,3210643.0,3210941 300 1173.6 604.1 1179.5 574.7 0.81 685
SFIX R,3210943.0,
EFIX R,3210943.0,3211285 344 1181.4 543.2 1373
SSACC R,3211287.0,
ESACC R,3211287.0,3211301 16 1176.6 561.4 1199.2 582.0 0.82 63
SFIX R,3211303.0,
EFIX R,3211303.0,3212013 712 1201.4 591.1 1178
SSACC R,3212015.0,
ESACC R,3212015.0,3212021 8 1198.5 608.1 1211.0 609.4 0.34 48
SFIX R,3212023.0,
EFIX R,3212023.0,3212257 236 1201.9 610.7 1193
SSACC R,3212259.0,
ESACC R,3212259.0,3212265 8 1185.5 621.1 1193.3 605.8 0.46 70
SFIX R,3212267.0,
EFIX R,3212267.0,3213165 900 1169.5 626.7 1490
SSACC R,3213167.0,
ESACC R,3213167.0,3213173 8 1172.7 610.4 1173.7 603.0 0.20 48
SFIX R,3213175.0,
EFIX R,3213175.0,3213871 698 1175.1 593.5 1913
SSACC R,3213873.0,
SBLINK R,3213923.0,
EBLINK R,3213923.0,3214041 120
ESACC R,3213873.0,3214131 260 1176.7 595.1 1152.5 583.0 0.73 1143
SFIX R,3214133.0,
EFIX R,3214133.0,3214241 110 1162.2 571.6 1909
SSACC R,3214243.0,
ESACC R,3214243.0,3214255 14 1171.6 570.4 1201.1 588.9 0.93 90
SFIX R,3214257.0,
EFIX R,3214257.0,3214363 108 1197.8 585.7 1883
SSACC R,3214365.0,
SBLINK R,3214411.0,
EBLINK R,3214411.0,3214531 122
ESACC R,3214365.0,3214599 236 1195.5 596.1 1167.0 604.1 0.79 1410
SFIX R,3214601.0,
EFIX R,3214601.0,3214843 244 1187.9 564.7 1700
SSACC R,3214845.0,
ESACC R,3214845.0,3214859 16 1196.8 566.3 1192.7 593.1 0.73 76
SFIX R,3214861.0,
EFIX R,3214861.0,3215769 910 1212.3 594.7 1704
SSACC R,3215771.0,
ESACC R,3215771.0,3215785 16 1236.5 596.3 1208.5 585.8 0.80 87
SFIX R,3215787.0,
EFIX R,3215787.0,3216403 618 1227.8 566.1 1835
SSACC R,3216405.0,
ESACC R,3216405.0,3216415 12 1198.4 548.4 1182.3 564.0 0.60 69
SFIX R,3216417.0,
EFIX R,3216417.0,3217603 1188 1172.1 579.2 2061
SSACC R,3217605.0,
ESACC R,3217605.0,3217609 6 1153.5 572.9 1149.1 570.6 0.13 43
SFIX R,3217611.0,
EFIX R,3217611.0,3217871 262 1140.7 571.1 2093
SSACC R,3217873.0,
ESACC R,3217873.0,3217879 8 1142.0 574.5 1152.0 566.1 0.35 55
SFIX R,3217881.0,
EFIX R,3217881.0,3219579 1700 1163.7 575.4 2038
SSACC R,3219581.0,
ESACC R,3219581.0,3219585 6 1164.5 612.9 1159.1 602.5 0.32 43
SFIX R,3219587.0,
EFIX R,3219587.0,3220331 746 1146.8 595.2 1895
SSACC R,3220333.0,
ESACC R,3220333.0,3220337 6 1131.6 601.3 1129.1 612.6 0.31 63
SFIX R,3220339.0,
EFIX R,3220339.0,3220365 28 1123.5 626.1 1846
SSACC R,3220367.0,
ESACC R,3220367.0,3220457 92 1122.7 623.8 1102.5 780.4 4.24 236
SFIX R,3220459.0,
EFIX R,3220459.0,3220615 158 1099.1 743.5 1858
SSACC R,3220617.0,
ESACC R,3220617.0,3220663 48 1095.0 724.4 1131.5 589.8 3.76 273
SFIX R,3220665.0,
EFIX R,3220665.0,3220993 330 1145.1 583.0 1729
SSACC R,3220995.0,
ESACC R,3220995.0,3221001 8 1159.0 571.2 1171.4 563.8 0.39 57
SFIX R,3221003.0,
EFIX R,3221003.0,3221909 908 1181.9 569.3 1486
SSACC R,3221911.0,
ESACC R,3221911.0,3221923 14 1179.9 571.2 1210.2 573.6 0.81 71
SFIX R,3221925.0,
EFIX R,3221925.0,3222417 494 1193.4 584.0 1701
SSACC R,3222419.0,
ESACC R,3222419.0,3222433 16 1180.1 576.6 1159.4 571.8 0.57 51
SFIX R,3222435.0,
EFIX R,3222435.0,3223197 764 1152.5 571.4 1907
SSACC R,3223199.0,
ESACC R,3223199.0,3223307 110 1152.3 571.8 1141.8 579.0 0.34 275
SFIX R,3223309.0,
EFIX R,3223309.0,3223489 182 1155.2 581.3 1895
SSACC R,3223491.0,
ESACC R,3223491.0,3223497 8 1149.4 607.4 1134.3 597.5 0.49 63
SFIX R,3223499.0,
EFIX R,3223499.0,3223565 68 1122.5 581.4 1893
SSACC R,3223567.0,
SBLINK R,3223609.0,
EBLINK R,3223609.0,3223707 100
ESACC R,3223567.0,3223777 212 1121.4 573.1 1117.3 559.9 0.37 1197
SFIX R,3223779.0,
EFIX R,3223779.0,3223993 216 1129.7 558.6 1852
SSACC R,3223995.0,
ESACC R,3223995.0,3224011 18 1127.2 567.9 1175.0 570.1 1.29 103
SFIX R,3224013.0,
EFIX R,3224013.0,3224291 280 1195.7 587.5 1691
SSACC R,3224293.0,
ESACC R,3224293.0,3224301 10 1212.4 605.8 1198.0 617.7 0.50 59
SFIX R,3224303.0,
EFIX R,3224303.0,3225319 1018 1194.3 612.0 1661
SSACC R,3225321.0,
ESACC R,3225321.0,3225325 6 1190.2 604.3 1187.3 592.2 0.34 44
SFIX R,3225327.0,
EFIX R,3225327.0,3229517 4192 1184.8 578.9 1781
SSACC R,3229519.0,
SBLINK R,3229583.0,
EBLINK R,3229583.0,3230037 456
ESACC R,3229519.0,3230105 588 1160.2 563.7 1155.4 552.8 0.32 1324
SFIX R,3230107.0,
EFIX R,3230107.0,3230273 168 1183.3 548.1 1803
SSACC R,3230275.0,
ESACC R,3230275.0,3230287 14 1189.4 561.6 1186.1 582.9 0.58 54
SFIX R,3230289.0,
EFIX R,3230289.0,3230805 518 1191.1 591.9 1553
SSACC R,3230807.0,
ESACC R,3230807.0,3230811 6 1187.1 600.5 1191.5 605.2 0.17 47
SFIX R,3230813.0,
EFIX R,3230813.0,3231209 398 1193.8 614.2 1457
SSACC R,3231211.0,
ESACC R,3231211.0,3231215 6 1191.8 614.0 1183.2 611.0 0.24 45
SFIX R,3231217.0,
EFIX R,3231217.0,3231655 440 1188.6 604.0 1593
SSACC R,3231657.0,
ESACC R,3231657.0,3231667 12 1189.2 601.2 1199.5 588.9 0.43 46
SFIX R,3231669.0,
EFIX R,3231669.0,3232061 394 1202.2 580.1 1639
SSACC R,3232063.0,
SBLINK R,3232119.0,
EBLINK R,3232119.0,3232279 162
ESACC R,3232063.0,3232365 304 1189.9 588.0 1168.6 543.4 1.33 789
SFIX R,3232367.0,
EFIX R,3232367.0,3233563 1198 1185.1 556.5 1575
SSACC R,3233565.0,
ESACC R,3233565.0,3233573 10 1167.5 564.5 1188.8 561.8 0.58 69
SFIX R,3233575.0,
EFIX R,3233575.0,3235039 1466 1169.8 547.8 1854
SSACC R,3235041.0,
ESACC R,3235041.0,3235047 8 1161.7 555.5 1149.5 550.5 0.35 53
SFIX R,3235049.0,
EFIX R,3235049.0,3237993 2946 1159.0 531.5 1943
SSACC R,3237995.0,
SBLINK R,3238039.0,
EBLINK R,3238039.0,3238207 170
ESACC R,3237995.0,3238275 282 1158.7 533.3 1142.4 543.0 0.51 915
SFIX R,3238277.0,
EFIX R,3238277.0,3238303 28 1147.3 537.9 1797
SSACC R,3238305.0,
ESACC R,3238305.0,3238313 10 1152.7 532.2 1154.1 514.3 0.49 65
SFIX R,3238315.0,
EFIX R,3238315.0,3239327 1014 1166.0 551.5 1650
SSACC R,3239329.0,
ESACC R,3239329.0,3239349 22 1175.0 566.6 1199.2 550.1 0.79 51
SFIX R,3239351.0,
EFIX R,3239351.0,3241593 2244 1173.9 539.3 1790
SSACC R,3241595.0,
ESACC R,3241595.0,3241599 6 1157.5 550.1 1162.7 543.2 0.23 57
SFIX R,3241601.0,
EFIX R,3241601.0,3242485 886 1173.8 530.8 1775
SSACC R,3242487.0,
SBLINK R,3242541.0,
EBLINK R,3242541.0,3242753 214
ESACC R,3242487.0,3242849 364 1170.2 537.6 1134.3 542.3 0.97 1270
SFIX R,3242851.0,
EFIX R,3242851.0,3243129 280 1144.7 533.4 1806
SSACC R,3243131.0,
ESACC R,3243131.0,3243135 6 1151.9 528.7 1160.2 533.4 0.26 54
SFIX R,3243137.0,
EFIX R,3243137.0,3244319 1184 1185.4 547.8 1541
SSACC R,3244321.0,
ESACC R,3244321.0,3244327 8 1185.7 547.8 1192.9 536.8 0.35 48
SFIX R,3244329.0,
EFIX R,3244329.0,3245165 838 1160.2 541.9 1802
SSACC R,3245167.0,
ESACC R,3245167.0,3245183 18 1143.5 537.5 1172.2 533.6 0.78 60
SFIX R,3245185.0,
EFIX R,3245185.0,3247205 2022 1171.7 537.5 1883
SSACC R,3247207.0,
SBLINK R,3247257.0,
EBLINK R,3247257.0,3247421 166
ESACC R,3247207.0,3247519 314 1198.7 581.8 1182.0 574.6 0.49 788
SFIX R,3247521.0,
EFIX R,3247521.0,3251761 4242 1163.3 561.7 1614
SSACC R,3251763.0,
ESACC R,3251763.0,3251771 10 1190.5 558.0 1177.9 566.6 0.41 55
SFIX R,3251773.0,
EFIX R,3251773.0,3253337 1566 1170.0 562.1 1715
SSACC R,3253339.0,
ESACC R,3253339.0,3253347 10 1158.4 584.0 1173.1 581.0 0.40 53
SFIX R,3253349.0,
EFIX R,3253349.0,3253765 418 1185.7 561.8 1834
SSACC R,3253767.0,
ESACC R,3253767.0,3253781 16 1199.7 554.2 1211.5 570.2 0.53 60
SFIX R,3253783.0,
EFIX R,3253783.0,3253885 104 1219.4 559.4 1879
SSACC R,3253887.0,
ESACC R,3253887.0,3253899 14 1230.4 553.1 1202.4 559.8 0.77 74
SFIX R,3253901.0,
EFIX R,3253901.0,3256361 2462 1196.2 553.1 1836
SSACC R,3256363.0,
SBLINK R,3256437.0,
EBLINK R,3256437.0,3256531 96
ESACC R,3256363.0,3256655 294 1177.9 587.0 1170.2 615.6 0.80 578
SFIX R,3256657.0,
EFIX R,3256657.0,3256945 290 1180.1 591.4 1773
SSACC R,3256947.0,
SBLINK R,3256997.0,
EBLINK R,3256997.0,3257177 182
ESACC R,3256947.0,3257309 364 1172.1 600.7 1145.8 566.2 1.17 890
SFIX R,3257311.0,
EFIX R,3257311.0,3257499 190 1160.4 567.2 1568
SSACC R,3257501.0,
ESACC R,3257501.0,3257515 16 1173.8 566.1 1197.3 572.7 0.66 58
SFIX R,3257517.0,
EFIX R,3257517.0,3257857 342 1209.6 578.6 1516
SSACC R,3257859.0,
ESACC R,3257859.0,3257867 10 1210.4 581.7 1197.7 580.1 0.34 44
SFIX R,3257869.0,
EFIX R,3257869.0,3260275 2408 1174.1 565.8 1683
SSACC R,3260277.0,
ESACC R,3260277.0,3260283 8 1149.2 574.7 1163.3 570.2 0.40 61
SFIX R,3260285.0,
EFIX R,3260285.0,3270605 10322 1169.0 571.7 1798
SSACC R,3270607.0,
ESACC R,3270607.0,3270621 16 1136.5 565.1 1130.0 555.3 0.32 56
SFIX R,3270623.0,
EFIX R,3270623.0,3277085 6464 1128.1 560.7 1854
SSACC R,3277087.0,
ESACC R,3277087.0,3277095 10 1093.9 527.7 1093.9 548.7 0.57 75
SFIX R,3277097.0,
EFIX R,3277097.0,3277239 144 1089.6 545.2 1750
SSACC R,3277241.0,
ESACC R,3277241.0,3277247 8 1087.4 548.2 1088.7 537.0 0.31 45
SFIX R,3277249.0,
EFIX R,3277249.0,3280687 3440 1094.2 568.9 1987
SSACC R,3280689.0,
ESACC R,3280689.0,3280693 6 1094.9 564.8 1092.7 572.7 0.22 58
SFIX R,3280695.0,
EFIX R,3280695.0,3281871 1178 1087.7 588.8 1887
SSACC R,3281873.0,
ESACC R,3281873.0,3281973 102 1076.7 607.6 1067.8 603.1 0.27 92
SFIX R,3281975.0,
EFIX R,3281975.0,3282127 154 1074.0 582.4 1685
SSACC R,3282129.0,
ESACC R,3282129.0,3282139 12 1075.1 585.6 1079.3 575.5 0.30 64
SFIX R,3282141.0,
EFIX R,3282141.0,3282501 362 1082.3 574.7 1684
SSACC R,3282503.0,
ESACC R,3282503.0,3282569 68 1089.9 561.8 1090.4 573.0 0.30 67
SFIX R,3282571.0,
EFIX R,3282571.0,3285065 2496 1085.1 596.3 1764
SSACC R,3285067.0,
ESACC R,3285067.0,3285099 34 1118.4 611.4 1166.8 596.7 1.36 83
SFIX R,3285101.0,
EFIX R,3285101.0,3285281 182 1170.6 604.4 1431
SSACC R,3285283.0,
ESACC R,3285283.0,3285295 14 1178.5 606.5 1201.7 600.9 0.64 61
SFIX R,3285297.0,
EFIX R,3285297.0,3288861 3566 1195.6 587.7 1320
SSACC R,3288863.0,
SBLINK R,3288937.0,
EBLINK R,3288937.0,3289111 176
ESACC R,3288863.0,3289241 380 1155.3 585.1 1161.2 603.1 0.51 797
SFIX R,3289243.0,
EFIX R,3289243.0,3289267 26 1162.4 601.8 1713
SSACC R,3289269.0,
ESACC R,3289269.0,3289281 14 1167.6 591.9 1166.2 603.2 0.31 46
SFIX R,3289283.0,
EFIX R,3289283.0,3289615 334 1170.9 610.5 1625
SSACC R,3289617.0,
ESACC R,3289617.0,3289629 14 1182.4 627.9 1205.4 640.3 0.70 62
SFIX R,3289631.0,
EFIX R,3289631.0,3290863 1234 1204.3 629.5 1337
SSACC R,3290865.0,
ESACC R,3290865.0,3290873 10 1179.1 589.5 1191.1 582.5 0.37 51
SFIX R,3290875.0,
EFIX R,3290875.0,3291613 740 1185.3 566.4 1749
SSACC R,3291615.0,
SBLINK R,3291659.0,
EBLINK R,3291659.0,3291749 92
ESACC R,3291615.0,3291821 208 1173.2 582.5 1179.8 636.9 1.48 1018
SFIX R,3291823.0,
EFIX R,3291823.0,3291997 176 1190.8 587.9 1720
SSACC R,3291999.0,
SBLINK R,3292053.0,
EBLINK R,3292053.0,3292509 458
ESACC R,3291999.0,3292617 620 1191.7 584.5 1157.7 597.8 0.98 839
SFIX R,3292619.0,
EFIX R,3292619.0,3292657 40 1161.2 604.9 1858
SSACC R,3292659.0,
ESACC R,3292659.0,3292703 46 1161.1 617.8 1202.0 587.4 1.37 106
SFIX R,3292705.0,
EFIX R,3292705.0,3293129 426 1212.0 585.4 1940
SSACC R,3293131.0,
ESACC R,3293131.0,3293167 38 1228.3 574.3 1210.3 557.5 0.66 92
SFIX R,3293169.0,
EFIX R,3293169.0,3293577 410 1204.3 552.1 1837
SSACC R,3293579.0,
ESACC R,3293579.0,3293605 28 1204.0 531.8 1136.7 548.9 1.86 111
SFIX R,3293607.0,
EFIX R,3293607.0,3293633 28 1147.4 551.5 1914
SSACC R,3293635.0,
ESACC R,3293635.0,3293647 14 1150.1 537.0 1146.3 553.2 0.45 62
SFIX R,3293649.0,
EFIX R,3293649.0,3293773 126 1136.5 544.5 1963
SSACC R,3293775.0,
ESACC R,3293775.0,3293781 8 1142.9 541.8 1158.7 542.7 0.43 60
SFIX R,3293783.0,
EFIX R,3293783.0,3294055 274 1159.2 537.9 1966
SSACC R,3294057.0,
ESACC R,3294057.0,3294069 14 1160.6 548.3 1182.8 540.6 0.63 61
SFIX R,3294071.0,
EFIX R,3294071.0,3294283 214 1185.7 551.3 1863
SSACC R,3294285.0,
ESACC R,3294285.0,3294315 32 1176.7 573.2 1191.5 573.3 0.40 72
SFIX R,3294317.0,
EFIX R,3294317.0,3294457 142 1193.0 574.6 1886
SSACC R,3294459.0,
SBLINK R,3294505.0,
EBLINK R,3294505.0,3294905 402
ESACC R,3294459.0,3294949 492 1170.5 591.5 1145.6 586.9 0.68 928
SFIX R,3294951.0,
EFIX R,3294951.0,3295093 144 1168.6 583.5 2068
SSACC R,3295095.0,
ESACC R,3295095.0,3295115 22 1183.8 585.9 1214.1 528.1 1.76 139
SFIX R,3295117.0,
EFIX R,3295117.0,3295571 456 1220.8 553.1 1833
SSACC R,3295573.0,
ESACC R,3295573.0,3295579 8 1229.0 566.7 1238.4 572.5 0.30 50
SFIX R,3295581.0,
EFIX R,3295581.0,3295869 290 1226.7 592.6 1557
SSACC R,3295871.0,
SBLINK R,3295909.0,
EBLINK R,3295909.0,3296071 164
ESACC R,3295871.0,3296145 276 1209.2 613.5 1189.1 608.3 0.56 1111
SFIX R,3296147.0,
EFIX R,3296147.0,3296293 148 1205.8 588.9 1787
SSACC R,3296295.0,
ESACC R,3296295.0,3296303 10 1206.2 585.2 1192.8 573.3 0.48 61
SFIX R,3296305.0,
EFIX R,3296305.0,3297555 1252 1197.2 582.4 1788
SSACC R,3297557.0,
ESACC R,3297557.0,3297569 14 1179.0 585.2 1163.6 569.6 0.59 55
SFIX R,3297571.0,
EFIX R,3297571.0,3300049 2480 1184.8 583.5 1757
SSACC R,3300051.0,
SBLINK R,3300087.0,
EBLINK R,3300087.0,3300217 132
ESACC R,3300051.0,3300285 236 1187.8 586.6 1190.8 575.7 0.30 1187
SFIX R,3300287.0,
EFIX R,3300287.0,3301253 968 1202.9 584.2 1555
SSACC R,3301255.0,
ESACC R,3301255.0,3301259 6 1214.8 591.6 1205.5 591.8 0.25 54
SFIX R,3301261.0,
EFIX R,3301261.0,3315445 14186 1187.0 577.4 1845
SSACC R,3315447.0,
SBLINK R,3315539.0,
EBLINK R,3315539.0,3315623 86
ESACC R,3315447.0,3315731 286 1152.5 576.6 1131.6 579.5 0.57 1055
SFIX R,3315733.0,
EFIX R,3315733.0,3315759 28 1136.9 571.6 1986
SSACC R,3315761.0,
ESACC R,3315761.0,3315773 14 1135.5 579.6 1137.8 564.4 0.42 58
SFIX R,3315775.0,
EFIX R,3315775.0,3315851 78 1141.1 569.7 1974
SSACC R,3315853.0,
SBLINK R,3315901.0,
EBLINK R,3315901.0,3316073 174
ESACC R,3315853.0,3316153 302 1144.7 559.7 1151.5 548.1 0.36 1125
SFIX R,3316155.0,
EFIX R,3316155.0,3320465 4312 1154.6 565.4 1773
SSACC R,3320467.0,
ESACC R,3320467.0,3320525 60 1149.7 542.4 1145.9 571.1 0.78 100
SFIX R,3320527.0,
EFIX R,3320527.0,3320591 66 1142.5 568.3 2074
SSACC R,3320593.0,
ESACC R,3320593.0,3320611 20 1138.1 562.3 1173.8 576.0 1.03 73
SFIX R,3320613.0,
EFIX R,3320613.0,3321283 672 1170.9 574.8 2099
SSACC R,3321285.0,
ESACC R,3321285.0,3321377 94 1167.7 592.3 1170.9 559.8 0.88 76
SFIX R,3321379.0,
EFIX R,3321379.0,3321929 552 1173.1 538.1 1986
SSACC R,3321931.0,
SBLINK R,3321969.0,
EBLINK R,3321969.0,3322119 152
ESACC R,3321931.0,3322199 270 1164.5 531.1 1160.5 578.6 1.29 1587
SFIX R,3322201.0,
EFIX R,3322201.0,3322429 230 1180.3 526.9 2035
SSACC R,3322431.0,
ESACC R,3322431.0,3322437 8 1183.5 524.2 1171.0 526.2 0.34 52
SFIX R,3322439.0,
EFIX R,3322439.0,3323841 1404 1177.7 532.8 1985
SSACC R,3323843.0,
SBLINK R,3323879.0,
EBLINK R,3323879.0,3323979 102
ESACC R,3323843.0,3324063 222 1149.1 524.4 1120.6 564.1 1.32 1476
SFIX R,3324065.0,
EFIX R,3324065.0,3324505 442 1149.6 522.3 2025
SSACC R,3324507.0,
ESACC R,3324507.0,3324513 8 1158.1 536.0 1158.7 526.0 0.27 53
SFIX R,3324515.0,
EFIX R,3324515.0,3326027 1514 1161.6 531.4 2011
SSACC R,3326029.0,
ESACC R,3326029.0,3326039 12 1166.4 539.4 1146.7 541.8 0.53 49
SFIX R,3326041.0,
EFIX R,3326041.0,3326197 158 1155.5 540.5 1984
SSACC R,3326199.0,
ESACC R,3326199.0,3326207 10 1156.7 538.0 1158.2 554.7 0.45 56
SFIX R,3326209.0,
EFIX R,3326209.0,3326399 192 1161.7 545.3 1949
SSACC R,3326401.0,
ESACC R,3326401.0,3326415 16 1165.6 546.2 1166.1 535.9 0.28 61
SFIX R,3326417.0,
EFIX R,3326417.0,3326531 116 1166.5 540.6 1940
SSACC R,3326533.0,
ESACC R,3326533.0,3326541 10 1167.6 543.0 1180.0 528.4 0.52 63
SFIX R,3326543.0,
EFIX R,3326543.0,3326915 374 1185.2 524.6 1945
SSACC R,3326917.0,
SBLINK R,3326957.0,
EBLINK R,3326957.0,3327103 148
ESACC R,3326917.0,3327183 268 1187.3 527.4 1162.5 594.2 1.92 1119
SFIX R,3327185.0,
EFIX R,3327185.0,3327245 62 1168.7 559.5 1903
SSACC R,3327247.0,
ESACC R,3327247.0,3327263 18 1172.5 541.6 1176.3 539.7 0.11 48
SFIX R,3327265.0,
EFIX R,3327265.0,3328507 1244 1170.5 544.9 1859
SSACC R,3328509.0,
ESACC R,3328509.0,3328517 10 1156.6 547.4 1173.8 538.2 0.52 63
SFIX R,3328519.0,
EFIX R,3328519.0,3329725 1208 1177.1 535.4 2017
SSACC R,3329727.0,
SBLINK R,3329763.0,
EBLINK R,3329763.0,3329889 128
ESACC R,3329727.0,3329977 252 1183.1 522.1 1135.0 585.2 2.14 1362
SFIX R,3329979.0,
EFIX R,3329979.0,3339825 9848 1170.8 546.6 1759
SSACC R,3339827.0,
ESACC R,3339827.0,3339991 166 1128.1 602.9 1109.8 600.2 0.50 257
SFIX R,3339993.0,
EFIX R,3339993.0,3340085 94 1115.5 577.8 1556
SSACC R,3340087.0,
SBLINK R,3340155.0,
EBLINK R,3340155.0,3340785 632
ESACC R,3340087.0,3340793 708 1119.6 592.8 1108.9 1117.2 13.68 748
SFIX R,3340795.0,
EFIX R,3340795.0,3340879 86 1211.7 510.1 1400
SSACC R,3340881.0,
ESACC R,3340881.0,3340891 12 1202.9 523.2 1197.6 542.6 0.54 60
SFIX R,3340893.0,
EFIX R,3340893.0,3341057 166 1188.5 550.1 1419
SSACC R,3341059.0,
ESACC R,3341059.0,3341067 10 1190.4 557.3 1178.5 572.9 0.53 69
SFIX R,3341069.0,
EFIX R,3341069.0,3341383 316 1199.1 572.2 1242
SSACC R,3341385.0,
ESACC R,3341385.0,3341391 8 1205.7 588.0 1203.5 598.4 0.29 49
SFIX R,3341393.0,
EFIX R,3341393.0,3342261 870 1209.8 609.7 1104
SSACC R,3342263.0,
ESACC R,3342263.0,3342271 10 1210.9 615.5 1224.4 609.0 0.40 54
SFIX R,3342273.0,
EFIX R,3342273.0,3342533 262 1226.2 616.4 1192
SSACC R,3342535.0,
SBLINK R,3342563.0,
EBLINK R,3342563.0,3342761 200
ESACC R,3342535.0,3342831 298 1220.5 625.8 1193.8 611.8 0.81 1784
SFIX R,3342833.0,
EFIX R,3342833.0,3343241 410 1202.8 613.2 1226
SSACC R,3343243.0,
SBLINK R,3343263.0,
EBLINK R,3343263.0,3343507 246
ESACC R,3343243.0,3343535 294 1198.0 637.3 1194.0 563.4 1.99 527
SFIX R,3343537.0,
EFIX R,3343537.0,3344223 688 1210.9 586.4 1235
SSACC R,3344225.0,
SBLINK R,3344265.0,
EBLINK R,3344265.0,3344507 244
ESACC R,3344225.0,3344555 332 1165.6 608.7 1189.5 546.5 1.80 1804
SFIX R,3344557.0,
EFIX R,3344557.0,3344923 368 1211.4 568.7 1166
SSACC R,3344925.0,
ESACC R,3344925.0,3344933 10 1213.6 581.2 1198.6 594.3 0.53 68
SFIX R,3344935.0,
EFIX R,3344935.0,3348937 4004 1150.5 603.0 1554
SSACC R,3348939.0,
ESACC R,3348939.0,3348959 22 1138.3 638.1 1167.1 612.3 1.04 77
SFIX R,3348961.0,
EFIX R,3348961.0,3349213 254 1161.0 618.4 1953
SSACC R,3349215.0,
SBLINK R,3349273.0,
EBLINK R,3349273.0,3349855 584
ESACC R,3349215.0,3349953 740 1144.0 641.8 1122.0 652.7 0.66 560
SFIX R,3349955.0,
EFIX R,3349955.0,3350031 78 1125.2 652.1 1978
SSACC R,3350033.0,
ESACC R,3350033.0,3350057 26 1126.2 651.9 1184.2 592.7 2.23 136
SFIX R,3350059.0,
EFIX R,3350059.0,3350265 208 1195.7 611.0 1840
SSACC R,3350267.0,
ESACC R,3350267.0,3350285 20 1199.9 623.3 1251.9 629.6 1.40 112
SFIX R,3350287.0,
EFIX R,3350287.0,3350503 218 1259.5 629.9 1510
SSACC R,3350505.0,
ESACC R,3350505.0,3350515 12 1247.4 619.2 1234.7 614.9 0.36 47
SFIX R,3350517.0,
EFIX R,3350517.0,3350661 146 1225.9 602.4 1459
SSACC R,3350663.0,
ESACC R,3350663.0,3350675 14 1228.1 594.4 1238.3 575.7 0.57 59
SFIX R,3350677.0,
EFIX R,3350677.0,3350993 318 1224.3 556.4 1645
SSACC R,3350995.0,
ESACC R,3350995.0,3351005 12 1213.5 553.4 1220.6 575.3 0.62 64
SFIX R,3351007.0,
EFIX R,3351007.0,3351669 664 1194.7 566.7 1878
SSACC R,3351671.0,
ESACC R,3351671.0,3351683 14 1184.6 559.7 1211.3 562.1 0.72 64
SFIX R,3351685.0,
EFIX R,3351685.0,3351885 202 1210.8 556.5 1874
SSACC R,3351887.0,
ESACC R,3351887.0,3351907 22 1211.0 557.3 1198.3 520.5 1.05 92
SFIX R,3351909.0,
EFIX R,3351909.0,3353761 1854 1199.1 544.9 2018
SSACC R,3353763.0,
ESACC R,3353763.0,3353779 18 1192.1 545.6 1209.0 521.4 0.79 61
SFIX R,3353781.0,
EFIX R,3353781.0,3355311 1532 1204.2 544.0 2092
SSACC R,3355313.0,
SBLINK R,3355367.0,
EBLINK R,3355367.0,3355575 210
ESACC R,3355313.0,3355687 376 1190.2 554.6 1174.1 565.4 0.52 1056
SFIX R,3355689.0,
EFIX R,3355689.0,3355943 256 1184.2 572.8 1964
SSACC R,3355945.0,
ESACC R,3355945.0,3355953 10 1203.4 581.9 1221.3 593.0 0.56 74
SFIX R,3355955.0,
EFIX R,3355955.0,3357051 1098 1248.7 578.8 1742
SSACC R,3357053.0,
ESACC R,3357053.0,3357065 14 1222.1 577.4 1202.5 570.3 0.56 53
SFIX R,3357067.0,
EFIX R,3357067.0,3357477 412 1199.7 559.9 1899
SSACC R,3357479.0,
ESACC R,3357479.0,3357483 6 1204.8 548.4 1212.7 548.5 0.21 53
SFIX R,3357485.0,
EFIX R,3357485.0,3358157 674 1203.5 543.7 2019
SSACC R,3358159.0,
ESACC R,3358159.0,3358167 10 1197.6 530.9 1214.1 535.4 0.46 56
SFIX R,3358169.0,
EFIX R,3358169.0,3358867 700 1227.7 543.9 2081
SSACC R,3358869.0,
ESACC R,3358869.0,3358881 14 1226.8 546.0 1202.4 544.6 0.65 63
SFIX R,3358883.0,
EFIX R,3358883.0,3359463 582 1201.9 542.1 2058
SSACC R,3359465.0,
ESACC R,3359465.0,3359469 6 1191.0 547.4 1191.3 551.8 0.12 41
SFIX R,3359471.0,
EFIX R,3359471.0,3359641 172 1178.2 554.7 2120
SSACC R,3359643.0,
ESACC R,3359643.0,3359655 14 1169.6 566.7 1196.4 573.9 0.75 61
SFIX R,3359657.0,
EFIX R,3359657.0,3360371 716 1207.3 558.7 2204
SSACC R,3360373.0,
ESACC R,3360373.0,3360379 8 1223.4 558.9 1223.7 541.9 0.46 56
SFIX R,3360381.0,
EFIX R,3360381.0,3360671 292 1219.2 559.9 2294
SSACC R,3360673.0,
SBLINK R,3360743.0,
EBLINK R,3360743.0,3361071 330
ESACC R,3360673.0,3361205 534 1202.9 571.4 1257.4 579.2 1.47 630
SFIX R,3361207.0,
EFIX R,3361207.0,3361247 42 1258.6 563.3 2208
SSACC R,3361249.0,
ESACC R,3361249.0,3361283 36 1249.8 565.7 1235.8 543.7 0.70 72
SFIX R,3361285.0,
EFIX R,3361285.0,3362691 1408 1215.8 569.1 2027
SSACC R,3362693.0,
ESACC R,3362693.0,3362725 34 1183.4 606.0 1231.3 562.7 1.73 92
SFIX R,3362727.0,
EFIX R,3362727.0,3363581 856 1222.5 563.4 2136
SSACC R,3363583.0,
ESACC R,3363583.0,3363591 10 1220.8 573.7 1203.9 571.9 0.45 63
SFIX R,3363593.0,
EFIX R,3363593.0,3364123 532 1211.0 563.4 2194
SSACC R,3364125.0,
ESACC R,3364125.0,3364135 12 1224.0 567.3 1204.1 570.9 0.54 71
SFIX R,3364137.0,
EFIX R,3364137.0,3364243 108 1208.1 566.4 2246
SSACC R,3364245.0,
ESACC R,3364245.0,3364299 56 1205.0 571.1 1195.1 553.2 0.55 71
SFIX R,3364301.0,
EFIX R,3364301.0,3364559 260 1191.0 572.2 2230
SSACC R,3364561.0,
SBLINK R,3364623.0,
EBLINK R,3364623.0,3364797 176
ESACC R,3364561.0,3365013 454 1178.0 582.9 1201.6 526.6 1.64 713
SFIX R,3365015.0,
EFIX R,3365015.0,3365107 94 1205.7 519.9 2267
SSACC R,3365109.0,
ESACC R,3365109.0,3365119 12 1203.3 515.3 1201.4 516.6 0.06 74
SFIX R,3365121.0,
EFIX R,3365121.0,3365469 350 1204.2 521.2 2197
SSACC R,3365471.0,
ESACC R,3365471.0,3365493 24 1206.5 530.5 1230.5 517.2 0.73 62
SFIX R,3365495.0,
EFIX R,3365495.0,3365823 330 1225.5 536.8 2125
SSACC R,3365825.0,
SBLINK R,3366131.0,
EBLINK R,3366131.0,3366331 202
ESACC R,3365825.0,3366443 620 1213.1 566.7 1158.6 552.2 1.51 753
SFIX R,3366445.0,
EFIX R,3366445.0,3366791 348 1178.3 533.0 2101
SSACC R,3366793.0,
ESACC R,3366793.0,3366801 10 1192.3 541.8 1214.0 545.6 0.59 74
SFIX R,3366803.0,
EFIX R,3366803.0,3366929 128 1218.6 551.8 1946
SSACC R,3366931.0,
ESACC R,3366931.0,3366951 22 1213.6 555.2 1200.4 534.8 0.65 65
SFIX R,3366953.0,
EFIX R,3366953.0,3369499 2548 1199.8 546.6 1919
SSACC R,3369501.0,
ESACC R,3369501.0,3369507 8 1183.2 542.7 1170.9 542.7 0.33 51
SFIX R,3369509.0,
EFIX R,3369509.0,3371141 1634 1173.5 522.4 2032
SSACC R,3371143.0,
ESACC R,3371143.0,3371149 8 1185.8 515.3 1176.5 511.4 0.27 50
SFIX R,3371151.0,
EFIX R,3371151.0,3372879 1730 1177.4 517.1 2190
SSACC R,3372881.0,
ESACC R,3372881.0,3372895 16 1174.7 542.2 1195.9 542.2 0.57 50
SFIX R,3372897.0,
EFIX R,3372897.0,3373247 352 1202.9 535.4 2204
SSACC R,3373249.0,
SBLINK R,3373313.0,
EBLINK R,3373313.0,3373561 250
ESACC R,3373249.0,3373695 448 1193.6 554.4 1161.8 605.8 1.63 1222
SFIX R,3373697.0,
EFIX R,3373697.0,3376045 2350 1193.5 556.9 1898
SSACC R,3376047.0,
ESACC R,3376047.0,3376053 8 1183.8 559.9 1193.4 545.6 0.46 66
SFIX R,3376055.0,
EFIX R,3376055.0,3378299 2246 1185.2 563.7 1874
SSACC R,3378301.0,
ESACC R,3378301.0,3378309 10 1162.6 568.7 1174.0 559.2 0.40 49
SFIX R,3378311.0,
EFIX R,3378311.0,3379787 1478 1171.9 547.6 2000
SSACC R,3379789.0,
ESACC R,3379789.0,3379801 14 1165.2 543.2 1189.3 537.5 0.67 57
SFIX R,3379803.0,
EFIX R,3379803.0,3380667 866 1195.5 535.0 2119
SSACC R,3380669.0,
ESACC R,3380669.0,3380679 12 1193.5 542.4 1176.3 536.6 0.49 58
SFIX R,3380681.0,
EFIX R,3380681.0,3381553 874 1177.6 561.0 2146
SSACC R,3381555.0,
ESACC R,3381555.0,3381563 10 1197.7 577.8 1209.1 559.3 0.58 69
SFIX R,3381565.0,
EFIX R,3381565.0,3384053 2490 1199.6 539.5 2164
SSACC R,3384055.0,
ESACC R,3384055.0,3384059 6 1171.7 544.8 1177.6 538.7 0.23 54
SFIX R,3384061.0,
EFIX R,3384061.0,3386691 2632 1189.3 550.1 2123
SSACC R,3386693.0,
SBLINK R,3386731.0,
EBLINK R,3386731.0,3386955 226
ESACC R,3386693.0,3387073 382 1194.3 596.3 1185.4 565.9 0.85 1104
SFIX R,3387075.0,
EFIX R,3387075.0,3393413 6340 1196.3 552.7 2063
SSACC R,3393415.0,
SBLINK R,3393507.0,
EBLINK R,3393507.0,3393903 398
ESACC R,3393415.0,3394005 592 1183.0 573.2 1181.9 529.1 1.19 1087
SFIX R,3394007.0,
EFIX R,3394007.0,3394369 364 1182.8 540.1 2068
SSACC R,3394371.0,
ESACC R,3394371.0,3394375 6 1177.7 566.1 1174.2 573.3 0.22 50
SFIX R,3394377.0,
EFIX R,3394377.0,3401453 7078 1162.6 590.9 1850
SSACC R,3401455.0,
ESACC R,3401455.0,3401479 26 1124.7 602.1 1162.6 563.7 1.46 93
SFIX R,3401481.0,
EFIX R,3401481.0,3405183 3704 1178.1 579.1 1926
SSACC R,3405185.0,
ESACC R,3405185.0,3405197 14 1184.6 581.4 1196.0 558.1 0.70 60
SFIX R,3405199.0,
EFIX R,3405199.0,3405999 802 1196.0 569.1 1981
SSACC R,3406001.0,
ESACC R,3406001.0,3406011 12 1197.9 559.4 1212.0 544.4 0.55 56
SFIX R,3406013.0,
EFIX R,3406013.0,3406965 954 1232.3 555.6 1862
SSACC R,3406967.0,
SBLINK R,3407031.0,
EBLINK R,3407031.0,3407203 174
ESACC R,3406967.0,3407319 354 1219.7 582.4 1213.7 617.2 0.95 1391
SFIX R,3407321.0,
EFIX R,3407321.0,3407781 462 1227.2 585.2 1740
SSACC R,3407783.0,
ESACC R,3407783.0,3407791 10 1226.7 586.0 1219.0 598.0 0.38 50
SFIX R,3407793.0,
EFIX R,3407793.0,3408947 1156 1206.5 613.3 1651
SSACC R,3408949.0,
ESACC R,3408949.0,3408959 12 1193.8 609.8 1208.7 594.4 0.58 63
SFIX R,3408961.0,
EFIX R,3408961.0,3420539 11580 1096.2 661.6 1769
SSACC R,3420541.0,
ESACC R,3420541.0,3420573 34 1017.4 737.9 1091.9 608.1 4.04 216
SFIX R,3420575.0,
EFIX R,3420575.0,3420831 258 1106.8 657.2 1370
SSACC R,3420833.0,
ESACC R,3420833.0,3420851 20 1110.8 667.1 1151.6 643.0 1.28 80
SFIX R,3420853.0,
EFIX R,3420853.0,3421009 158 1165.5 640.8 1322
SSACC R,3421011.0,
ESACC R,3421011.0,3421035 26 1165.2 643.9 1216.3 600.9 1.79 104
SFIX R,3421037.0,
EFIX R,3421037.0,3421283 248 1230.5 595.2 1255
SSACC R,3421285.0,
ESACC R,3421285.0,3421291 8 1233.1 598.1 1244.4 590.9 0.36 51
SFIX R,3421293.0,
EFIX R,3421293.0,3421513 222 1256.2 585.3 1203
SSACC R,3421515.0,
ESACC R,3421515.0,3421521 8 1247.8 586.8 1235.3 591.3 0.35 53
SFIX R,3421523.0,
EFIX R,3421523.0,3421921 400 1228.0 585.8 1258
SSACC R,3421923.0,
SBLINK R,3421965.0,
EBLINK R,3421965.0,3422151 188
ESACC R,3421923.0,3422191 270 1215.8 591.6 1162.8 590.1 1.42 840
SFIX R,3422193.0,
EFIX R,3422193.0,3422569 378 1181.0 566.0 1487
SSACC R,3422571.0,
ESACC R,3422571.0,3422577 8 1205.5 583.6 1221.0 580.3 0.42 61
SFIX R,3422579.0,
EFIX R,3422579.0,3422839 262 1219.8 602.9 1462
SSACC R,3422841.0,
SBLINK R,3422897.0,
EBLINK R,3422897.0,3423035 140
ESACC R,3422841.0,3423073 234 1221.4 614.7 1149.9 597.8 1.97 982
SFIX R,3423075.0,
EFIX R,3423075.0,3423147 74 1158.8 600.8 1368
SSACC R,3423149.0,
ESACC R,3423149.0,3423163 16 1160.7 609.5 1135.1 609.7 0.69 63
SFIX R,3423165.0,
EFIX R,3423165.0,3423305 142 1135.8 614.5 1404
SSACC R,3423307.0,
ESACC R,3423307.0,3423327 22 1129.0 620.1 1191.0 615.7 1.67 105
SFIX R,3423329.0,
EFIX R,3423329.0,3423515 188 1206.2 619.2 1419
SSACC R,3423517.0,
ESACC R,3423517.0,3423529 14 1206.8 615.1 1181.2 602.3 0.77 72
SFIX R,3423531.0,
EFIX R,3423531.0,3424121 592 1191.5 594.2 1420
SSACC R,3424123.0,
ESACC R,3424123.0,3424131 10 1194.3 607.8 1174.1 608.6 0.54 66
SFIX R,3424133.0,
EFIX R,3424133.0,3425373 1242 1170.3 601.1 1530
SSACC R,3425375.0,
ESACC R,3425375.0,3425389 16 1161.1 595.9 1197.8 590.5 1.00 82
SFIX R,3425391.0,
EFIX R,3425391.0,3426215 826 1195.8 589.7 1626
SSACC R,3426217.0,
SBLINK R,3426267.0,
EBLINK R,3426267.0,3426443 178
ESACC R,3426217.0,3426523 308 1199.7 604.8 1175.6 588.6 0.78 820
SFIX R,3426525.0,
EFIX R,3426525.0,3428127 1604 1201.1 601.7 1419
SSACC R,3428129.0,
SBLINK R,3428171.0,
EBLINK R,3428171.0,3428397 228
ESACC R,3428129.0,3428439 312 1196.9 601.3 1202.1 586.7 0.42 1086
SFIX R,3428441.0,
EFIX R,3428441.0,3428483 44 1206.9 571.8 1344
SSACC R,3428485.0,
ESACC R,3428485.0,3428495 12 1209.4 561.5 1192.0 567.8 0.50 68
SFIX R,3428497.0,
EFIX R,3428497.0,3431683 3188 1189.4 578.0 1618
SSACC R,3431685.0,
ESACC R,3431685.0,3431691 8 1186.0 561.5 1195.8 552.9 0.35 53
SFIX R,3431693.0,
EFIX R,3431693.0,3432437 746 1204.0 574.4 2122
SSACC R,3432439.0,
SBLINK R,3432479.0,
EBLINK R,3432479.0,3432645 168
ESACC R,3432439.0,3432753 316 1206.0 616.2 1164.2 608.6 1.14 902
SFIX R,3432755.0,
EFIX R,3432755.0,3436885 4132 1204.5 590.2 1851
SSACC R,3436887.0,
ESACC R,3436887.0,3436893 8 1215.7 580.8 1228.3 577.4 0.35 52
SFIX R,3436895.0,
EFIX R,3436895.0,3439793 2900 1199.8 577.9 1775
SSACC R,3439795.0,
SBLINK R,3439849.0,
EBLINK R,3439849.0,3440093 246
ESACC R,3439795.0,3440275 482 1185.2 591.0 1143.8 555.5 1.47 1331
SFIX R,3440277.0,
EFIX R,3440277.0,3441175 900 1200.8 583.4 1607
SSACC R,3441177.0,
ESACC R,3441177.0,3441183 8 1220.0 590.0 1211.1 575.7 0.45 55
SFIX R,3441185.0,
EFIX R,3441185.0,3444763 3580 1194.8 567.1 1757
SSACC R,3444765.0,
ESACC R,3444765.0,3444775 12 1188.1 549.0 1208.8 546.6 0.56 61
SFIX R,3444777.0,
EFIX R,3444777.0,3445381 606 1205.7 548.3 1759
SSACC R,3445383.0,
ESACC R,3445383.0,3445391 10 1184.9 545.8 1188.7 556.8 0.31 66
SFIX R,3445393.0,
EFIX R,3445393.0,3446017 626 1188.2 573.5 1838
SSACC R,3446019.0,
ESACC R,3446019.0,3446029 12 1180.4 568.6 1200.2 565.5 0.54 58
SFIX R,3446031.0,
EFIX R,3446031.0,3446181 152 1200.3 567.1 1883
SSACC R,3446183.0,
SBLINK R,3446227.0,
EBLINK R,3446227.0,3446395 170
ESACC R,3446183.0,3446581 400 1188.1 586.9 1126.7 596.3 1.67 1286
SFIX R,3446583.0,
EFIX R,3446583.0,3446623 42 1127.2 584.2 1952
SSACC R,3446625.0,
ESACC R,3446625.0,3446629 6 1129.2 584.2 1129.2 576.6 0.21 41
SFIX R,3446631.0,
EFIX R,3446631.0,3446781 152 1133.4 576.4 1973
SSACC R,3446783.0,
ESACC R,3446783.0,3446795 14 1143.4 576.2 1169.5 571.5 0.71 62
SFIX R,3446797.0,
EFIX R,3446797.0,3449079 2284 1189.5 566.3 1944
SSACC R,3449081.0,
SBLINK R,3449129.0,
EBLINK R,3449129.0,3449343 216
ESACC R,3449081.0,3449445 366 1158.6 572.6 1136.9 575.2 0.59 1242
SFIX R,3449447.0,
EFIX R,3449447.0,3449743 298 1153.9 529.2 2037
SSACC R,3449745.0,
ESACC R,3449745.0,3449761 18 1160.9 528.9 1150.4 559.2 0.87 54
SFIX R,3449763.0,
EFIX R,3449763.0,3452899 3138 1176.9 570.7 1915
SSACC R,3452901.0,
ESACC R,3452901.0,3452907 8 1208.2 574.5 1220.1 576.6 0.32 54
SFIX R,3452909.0,
EFIX R,3452909.0,3454881 1974 1203.2 543.2 1763
SSACC R,3454883.0,
ESACC R,3454883.0,3454895 14 1174.2 536.8 1200.3 532.2 0.71 72
SFIX R,3454897.0,
EFIX R,3454897.0,3455301 406 1215.9 533.7 1974
SSACC R,3455303.0,
ESACC R,3455303.0,3455315 14 1208.0 542.5 1187.8 543.2 0.54 57
SFIX R,3455317.0,
EFIX R,3455317.0,3458021 2706 1192.2 551.2 1830
SSACC R,3458023.0,
SBLINK R,3458085.0,
EBLINK R,3458085.0,3458367 284
ESACC R,3458023.0,3458437 416 1192.4 580.2 1199.5 563.9 0.48 868
SFIX R,3458439.0,
EFIX R,3458439.0,3458881 444 1188.7 558.5 1627
SSACC R,3458883.0,
ESACC R,3458883.0,3458899 18 1196.0 564.7 1228.7 593.8 1.17 73
SFIX R,3458901.0,
EFIX R,3458901.0,3459249 350 1241.0 605.0 1487
SSACC R,3459251.0,
ESACC R,3459251.0,3459259 10 1227.5 595.0 1207.2 599.3 0.55 65
SFIX R,3459261.0,
EFIX R,3459261.0,3459599 340 1200.3 590.6 1550
SSACC R,3459601.0,
ESACC R,3459601.0,3459613 14 1196.3 583.3 1219.5 582.1 0.62 58
SFIX R,3459615.0,
EFIX R,3459615.0,3460977 1364 1201.5 576.2 1885
SSACC R,3460979.0,
ESACC R,3460979.0,3460985 8 1198.4 580.7 1214.7 582.5 0.44 65
SFIX R,3460987.0,
EFIX R,3460987.0,3461127 142 1217.0 571.1 2034
SSACC R,3461129.0,
ESACC R,3461129.0,3461135 8 1208.0 569.6 1194.9 567.5 0.36 55
SFIX R,3461137.0,
EFIX R,3461137.0,3464405 3270 1191.8 566.8 1964
SSACC R,3464407.0,
ESACC R,3464407.0,3464417 12 1206.9 570.0 1226.8 562.6 0.57 55
SFIX R,3464419.0,
EFIX R,3464419.0,3464797 380 1226.6 567.4 1905
SSACC R,3464799.0,
SBLINK R,3464845.0,
EBLINK R,3464845.0,3465107 264
ESACC R,3464799.0,3465181 384 1208.2 598.2 1122.3 590.3 2.32 1017
SFIX R,3465183.0,
EFIX R,3465183.0,3465315 134 1141.3 554.4 1966
SSACC R,3465317.0,
ESACC R,3465317.0,3465335 20 1143.9 541.4 1199.2 549.6 1.50 116
SFIX R,3465337.0,
EFIX R,3465337.0,3465775 440 1203.6 548.2 1810
SSACC R,3465777.0,
ESACC R,3465777.0,3465789 14 1205.3 558.6 1232.0 574.1 0.83 63
SFIX R,3465791.0,
EFIX R,3465791.0,3466419 630 1212.0 575.5 1670
SSACC R,3466421.0,
SBLINK R,3466481.0,
EBLINK R,3466481.0,3466661 182
ESACC R,3466421.0,3466733 314 1201.9 562.8 1190.9 608.2 1.26 1004
SFIX R,3466735.0,
EFIX R,3466735.0,3466853 120 1208.1 554.8 1857
SSACC R,3466855.0,
ESACC R,3466855.0,3466881 28 1220.4 542.9 1215.1 601.8 1.59 116
SFIX R,3466883.0,
EFIX R,3466883.0,3468437 1556 1212.2 594.8 1915
SSACC R,3468439.0,
ESACC R,3468439.0,3468447 10 1190.4 588.4 1174.6 583.0 0.45 53
SFIX R,3468449.0,
EFIX R,3468449.0,3468621 174 1165.2 582.9 1977
SSACC R,3468623.0,
SBLINK R,3468663.0,
EBLINK R,3468663.0,3468973 312
ESACC R,3468623.0,3469049 428 1160.3 599.8 1190.9 579.3 0.99 1022
SFIX R,3469051.0,
EFIX R,3469051.0,3470917 1868 1191.9 572.1 1644
SSACC R,3470919.0,
SBLINK R,3470963.0,
EBLINK R,3470963.0,3471083 122
ESACC R,3470919.0,3471181 264 1184.5 589.4 1154.7 584.8 0.81 1660
SFIX R,3471183.0,
EFIX R,3471183.0,3472189 1008 1175.2 572.9 1569
SSACC R,3472191.0,
ESACC R,3472191.0,3472199 10 1174.6 575.2 1195.7 570.9 0.58 71
SFIX R,3472201.0,
EFIX R,3472201.0,3473209 1010 1179.7 576.8 1621
SSACC R,3473211.0,
ESACC R,3473211.0,3473219 10 1165.0 578.5 1150.0 573.6 0.42 54
SFIX R,3473221.0,
EFIX R,3473221.0,3476249 3030 1185.3 576.6 1438
SSACC R,3476251.0,
SBLINK R,3476275.0,
EBLINK R,3476275.0,3476469 196
ESACC R,3476251.0,3476537 288 1174.1 605.7 1187.3 564.3 1.17 968
SFIX R,3476539.0,
EFIX R,3476539.0,3478133 1596 1186.3 595.8 1462
SSACC R,3478135.0,
ESACC R,3478135.0,3478153 20 1154.5 582.2 1177.1 580.8 0.61 64
SFIX R,3478155.0,
EFIX R,3478155.0,3478719 566 1183.5 590.0 1542
SSACC R,3478721.0,
ESACC R,3478721.0,3478727 8 1169.9 589.1 1159.1 588.3 0.29 47
SFIX R,3478729.0,
EFIX R,3478729.0,3483577 4850 1165.3 579.8 1636
SSACC R,3483579.0,
ESACC R,3483579.0,3483589 12 1186.4 599.7 1188.2 588.3 0.31 55
SFIX R,3483591.0,
EFIX R,3483591.0,3487217 3628 1201.7 594.7 1614
SSACC R,3487219.0,
SBLINK R,3487281.0,
EBLINK R,3487281.0,3487427 148
ESACC R,3487219.0,3487681 464 1193.1 597.3 1201.4 585.7 0.38 721
SFIX R,3487683.0,
EFIX R,3487683.0,3488407 726 1204.1 591.4 1226
SSACC R,3488409.0,
ESACC R,3488409.0,3488425 18 1211.1 606.5 1211.2 597.2 0.25 46
SFIX R,3488427.0,
EFIX R,3488427.0,3492059 3634 1190.3 608.4 1303
SSACC R,3492061.0,
ESACC R,3492061.0,3492119 60 1177.3 597.8 1175.2 601.1 0.11 76
SFIX R,3492121.0,
EFIX R,3492121.0,3492317 198 1179.8 590.1 1532
SSACC R,3492319.0,
ESACC R,3492319.0,3492341 24 1183.7 589.2 1186.8 589.9 0.09 52
SFIX R,3492343.0,
EFIX R,3492343.0,3492883 542 1189.6 599.7 1457
SSACC R,3492885.0,
ESACC R,3492885.0,3492891 8 1180.5 589.6 1179.9 597.6 0.22 38
SFIX R,3492893.0,
EFIX R,3492893.0,3494263 1372 1176.9 605.8 1594
SSACC R,3494265.0,
ESACC R,3494265.0,3494293 30 1172.6 602.2 1175.9 620.4 0.50 74
SFIX R,3494295.0,
EFIX R,3494295.0,3494337 44 1174.6 610.3 1656
SSACC R,3494339.0,
ESACC R,3494339.0,3494403 66 1173.6 614.1 1174.9 616.1 0.06 66
SFIX R,3494405.0,
EFIX R,3494405.0,3495387 984 1174.7 596.3 1652
SSACC R,3495389.0,
ESACC R,3495389.0,3495407 20 1186.4 607.4 1186.3 594.7 0.34 61
SFIX R,3495409.0,
EFIX R,3495409.0,3495567 160 1195.2 600.0 1632
SSACC R,3495569.0,
ESACC R,3495569.0,3495583 16 1200.3 613.7 1203.0 595.3 0.50 55
SFIX R,3495585.0,
EFIX R,3495585.0,3495985 402 1194.7 602.4 1722
SSACC R,3495987.0,
ESACC R,3495987.0,3496003 18 1191.1 601.9 1194.8 598.1 0.14 82
SFIX R,3496005.0,
EFIX R,3496005.0,3496085 82 1191.1 599.4 1776
SSACC R,3496087.0,
ESACC R,3496087.0,3496113 28 1191.3 593.0 1187.0 608.3 0.43 63
SFIX R,3496115.0,
EFIX R,3496115.0,3496459 346 1177.4 602.3 1766
SSACC R,3496461.0,
ESACC R,3496461.0,3496471 12 1170.6 593.7 1169.5 610.3 0.45 54
SFIX R,3496473.0,
EFIX R,3496473.0,3497051 580 1173.8 614.0 1697
SSACC R,3497053.0,
ESACC R,3497053.0,3497091 40 1169.6 610.1 1170.8 621.9 0.32 68
SFIX R,3497093.0,
EFIX R,3497093.0,3497439 348 1175.5 609.0 1565
SSACC R,3497441.0,
SBLINK R,3497503.0,
EBLINK R,3497503.0,3497589 88
ESACC R,3497441.0,3497939 500 1176.7 624.0 1172.5 578.1 1.24 730
SFIX R,3497941.0,
EFIX R,3497941.0,3497975 36 1175.8 568.1 1627
SSACC R,3497977.0,
ESACC R,3497977.0,3497995 20 1175.3 575.8 1175.3 589.6 0.37 65
SFIX R,3497997.0,
EFIX R,3497997.0,3498129 134 1176.0 583.8 1542
SSACC R,3498131.0,
ESACC R,3498131.0,3498165 36 1175.4 580.9 1176.9 600.4 0.53 70
SFIX R,3498167.0,
EFIX R,3498167.0,3498255 90 1176.1 604.3 1423
SSACC R,3498257.0,
ESACC R,3498257.0,3498267 12 1182.5 611.7 1185.6 613.5 0.10 60
SFIX R,3498269.0,
EFIX R,3498269.0,3499075 808 1183.5 617.7 1336
SSACC R,3499077.0,
ESACC R,3499077.0,3499083 8 1163.6 609.5 1163.6 618.5 0.24 53
SFIX R,3499085.0,
EFIX R,3499085.0,3499133 50 1163.1 613.0 1527
SSACC R,3499135.0,
ESACC R,3499135.0,3499155 22 1163.4 599.6 1164.8 608.5 0.24 76
SFIX R,3499157.0,
EFIX R,3499157.0,3499273 118 1162.4 619.9 1576
SSACC R,3499275.0,
ESACC R,3499275.0,3499291 18 1162.3 612.5 1164.5 632.8 0.55 73
SFIX R,3499293.0,
EFIX R,3499293.0,3499477 186 1162.1 622.7 1670
SSACC R,3499479.0,
ESACC R,3499479.0,3499515 38 1161.9 595.8 1163.2 598.7 0.09 71
SFIX R,3499517.0,
EFIX R,3499517.0,3499543 28 1162.2 598.6 1761
SSACC R,3499545.0,
ESACC R,3499545.0,3499561 18 1159.4 591.4 1162.2 592.7 0.08 73
SFIX R,3499563.0,
EFIX R,3499563.0,3499653 92 1159.5 598.4 1784
SSACC R,3499655.0,
ESACC R,3499655.0,3499685 32 1155.9 608.5 1150.0 607.7 0.16 71
SFIX R,3499687.0,
EFIX R,3499687.0,3499977 292 1150.5 601.9 1774
SSACC R,3499979.0,
ESACC R,3499979.0,3500001 24 1157.8 593.9 1158.3 597.3 0.09 62
SFIX R,3500003.0,
EFIX R,3500003.0,3500177 176 1154.9 595.1 1672
SSACC R,3500179.0,
ESACC R,3500179.0,3500191 14 1150.5 584.5 1156.5 606.6 0.62 71
SFIX R,3500193.0,
EFIX R,3500193.0,3500315 124 1158.7 607.4 1639
SSACC R,3500317.0,
ESACC R,3500317.0,3500359 44 1163.2 601.4 1161.2 612.1 0.29 62
SFIX R,3500361.0,
EFIX R,3500361.0,3500485 126 1166.2 615.2 1657
SSACC R,3500487.0,
ESACC R,3500487.0,3500497 12 1167.0 603.3 1170.2 619.2 0.44 79
SFIX R,3500499.0,
EFIX R,3500499.0,3500775 278 1174.7 620.2 1672
SSACC R,3500777.0,
ESACC R,3500777.0,3500827 52 1175.7 615.5 1175.4 622.3 0.18 56
SFIX R,3500829.0,
EFIX R,3500829.0,3500973 146 1176.5 612.9 1701
SSACC R,3500975.0,
ESACC R,3500975.0,3500979 6 1175.8 614.1 1178.0 607.3 0.19 52
SFIX R,3500981.0,
EFIX R,3500981.0,3501479 500 1167.4 604.5 1766
SSACC R,3501481.0,
ESACC R,3501481.0,3501517 38 1157.3 596.1 1156.2 596.2 0.03 86
SFIX R,3501519.0,
EFIX R,3501519.0,3501773 256 1148.8 593.6 1831
SSACC R,3501775.0,
ESACC R,3501775.0,3501793 20 1146.8 615.8 1147.5 600.2 0.42 59
SFIX R,3501795.0,
EFIX R,3501795.0,3502115 322 1140.3 602.5 1807
SSACC R,3502117.0,
ESACC R,3502117.0,3502127 12 1138.7 600.7 1137.9 617.7 0.46 57
SFIX R,3502129.0,
EFIX R,3502129.0,3502755 628 1155.3 609.6 1654
SSACC R,3502757.0,
ESACC R,3502757.0,3502761 6 1144.2 600.5 1145.6 597.2 0.10 45
SFIX R,3502763.0,
EFIX R,3502763.0,3504545 1784 1153.7 596.7 1673
SSACC R,3504547.0,
ESACC R,3504547.0,3504597 52 1138.3 581.9 1136.9 599.6 0.48 79
SFIX R,3504599.0,
EFIX R,3504599.0,3504663 66 1137.2 592.1 1826
SSACC R,3504665.0,
ESACC R,3504665.0,3504689 26 1135.0 596.9 1136.2 583.6 0.36 82
SFIX R,3504691.0,
EFIX R,3504691.0,3504735 46 1138.7 600.6 1821
SSACC R,3504737.0,
ESACC R,3504737.0,3504751 16 1139.9 594.4 1142.8 612.6 0.50 51
SFIX R,3504753.0,
EFIX R,3504753.0,3504783 32 1142.1 608.9 1812
SSACC R,3504785.0,
ESACC R,3504785.0,3506069 1286 1144.0 606.2 1141.2 611.1 0.15 170
SFIX R,3506071.0,
EFIX R,3506071.0,3506101 32 1142.0 610.0 1642
SSACC R,3506103.0,
ESACC R,3506103.0,3506243 142 1139.9 613.9 1144.7 582.0 0.87 94
SFIX R,3506245.0,
EFIX R,3506245.0,3506329 86 1146.3 596.9 1585
SSACC R,3506331.0,
ESACC R,3506331.0,3506353 24 1144.1 595.0 1168.5 585.4 0.71 94
SFIX R,3506355.0,
EFIX R,3506355.0,3506439 86 1166.5 597.1 1565
SSACC R,3506441.0,
ESACC R,3506441.0,3506485 46 1165.8 599.8 1160.9 593.1 0.22 106
SFIX R,3506487.0,
EFIX R,3506487.0,3506565 80 1158.0 592.0 1565
SSACC R,3506567.0,
ESACC R,3506567.0,3506753 188 1154.0 597.0 1154.5 574.6 0.61 89
SFIX R,3506755.0,
EFIX R,3506755.0,3506779 26 1157.7 583.1 1513
SSACC R,3506781.0,
ESACC R,3506781.0,3506827 48 1158.4 582.6 1158.1 577.6 0.14 87
SFIX R,3506829.0,
EFIX R,3506829.0,3506991 164 1157.5 587.0 1477
SSACC R,3506993.0,
ESACC R,3506993.0,3507021 30 1161.6 586.4 1163.3 600.9 0.39 86
SFIX R,3507023.0,
EFIX R,3507023.0,3507099 78 1165.1 597.6 1449
SSACC R,3507101.0,
ESACC R,3507101.0,3507117 18 1164.6 602.4 1166.8 595.6 0.19 67
SFIX R,3507119.0,
EFIX R,3507119.0,3507151 34 1166.3 598.9 1446
SSACC R,3507153.0,
ESACC R,3507153.0,3507161 10 1166.0 615.7 1165.1 599.4 0.44 61
SFIX R,3507163.0,
EFIX R,3507163.0,3507329 168 1160.9 596.0 1471
SSACC R,3507331.0,
ESACC R,3507331.0,3507339 10 1151.4 580.7 1154.3 598.8 0.50 62
SFIX R,3507341.0,
EFIX R,3507341.0,3507377 38 1151.2 600.4 1504
SSACC R,3507379.0,
ESACC R,3507379.0,3507395 18 1150.6 606.9 1150.4 608.5 0.04 54
SFIX R,3507397.0,
EFIX R,3507397.0,3507601 206 1141.5 607.5 1524
SSACC R,3507603.0,
ESACC R,3507603.0,3507633 32 1133.4 611.7 1132.5 608.2 0.10 78
SFIX R,3507635.0,
EFIX R,3507635.0,3507685 52 1131.6 599.6 1541
SSACC R,3507687.0,
ESACC R,3507687.0,3507699 14 1127.8 594.7 1122.9 590.5 0.17 71
SFIX R,3507701.0,
EFIX R,3507701.0,3507905 206 1120.0 592.1 1540
SSACC R,3507907.0,
ESACC R,3507907.0,3507913 8 1118.7 582.9 1121.8 587.3 0.15 74
SFIX R,3507915.0,
EFIX R,3507915.0,3508015 102 1111.8 585.0 1545
SSACC R,3508017.0,
ESACC R,3508017.0,3508097 82 1108.9 575.3 1108.7 578.7 0.09 92
SFIX R,3508099.0,
EFIX R,3508099.0,3508563 466 1099.4 560.3 1598
SSACC R,3508565.0,
ESACC R,3508565.0,3508583 20 1098.4 564.6 1098.8 560.4 0.11 94
SFIX R,3508585.0,
EFIX R,3508585.0,3508833 250 1106.3 570.3 1594
SSACC R,3508835.0,
ESACC R,3508835.0,3508843 10 1115.4 564.7 1117.5 577.4 0.35 62
SFIX R,3508845.0,
EFIX R,3508845.0,3508965 122 1117.9 573.4 1606
SSACC R,3508967.0,
ESACC R,3508967.0,3508975 10 1117.4 569.9 1118.4 557.5 0.34 69
SFIX R,3508977.0,
EFIX R,3508977.0,3509077 102 1119.6 564.7 1632
SSACC R,3509079.0,
ESACC R,3509079.0,3509105 28 1121.2 561.5 1122.0 572.7 0.30 69
SFIX R,3509107.0,
EFIX R,3509107.0,3509275 170 1123.0 558.5 1674
SSACC R,3509277.0,
ESACC R,3509277.0,3509369 94 1117.6 542.2 1120.0 541.4 0.07 92
SFIX R,3509371.0,
EFIX R,3509371.0,3509847 478 1110.2 557.3 1773
SSACC R,3509849.0,
ESACC R,3509849.0,3510015 168 1105.4 558.2 1102.5 570.1 0.33 80
SFIX R,3510017.0,
EFIX R,3510017.0,3510043 28 1104.2 565.0 1752
SSACC R,3510045.0,
ESACC R,3510045.0,3510057 14 1106.9 568.2 1102.4 548.9 0.54 68
SFIX R,3510059.0,
EFIX R,3510059.0,3510091 34 1103.9 561.0 1754
SSACC R,3510093.0,
ESACC R,3510093.0,3510123 32 1106.4 565.4 1105.0 558.2 0.20 62
SFIX R,3510125.0,
EFIX R,3510125.0,3510493 370 1102.5 560.5 1762
SSACC R,3510495.0,
ESACC R,3510495.0,3510569 76 1094.3 570.3 1095.1 571.4 0.04 66
SFIX R,3510571.0,
EFIX R,3510571.0,3510871 302 1091.0 586.9 1795
SSACC R,3510873.0,
ESACC R,3510873.0,3510881 10 1089.7 604.7 1089.5 592.7 0.32 59
SFIX R,3510883.0,
EFIX R,3510883.0,3511405 524 1091.1 593.1 1765
SSACC R,3511407.0,
ESACC R,3511407.0,3511417 12 1093.7 581.1 1092.5 596.3 0.41 52
SFIX R,3511419.0,
EFIX R,3511419.0,3511491 74 1097.3 584.7 1792
SSACC R,3511493.0,
ESACC R,3511493.0,3511513 22 1098.6 596.3 1097.5 581.7 0.40 89
SFIX R,3511515.0,
EFIX R,3511515.0,3511563 50 1097.1 574.6 1804
SSACC R,3511565.0,
ESACC R,3511565.0,3511571 8 1098.8 569.2 1095.4 581.7 0.35 66
SFIX R,3511573.0,
EFIX R,3511573.0,3511615 44 1096.5 570.9 1812
SSACC R,3511617.0,
ESACC R,3511617.0,3511651 36 1093.9 574.3 1094.2 577.3 0.08 72
SFIX R,3511653.0,
EFIX R,3511653.0,3511721 70 1096.3 575.6 1817
SSACC R,3511723.0,
ESACC R,3511723.0,3511739 18 1094.1 578.3 1094.1 570.5 0.21 90
SFIX R,3511741.0,
EFIX R,3511741.0,3511799 60 1094.7 571.0 1818
SSACC R,3511801.0,
ESACC R,3511801.0,3512017 218 1093.4 561.5 1095.9 568.8 0.21 91
SFIX R,3512019.0,
EFIX R,3512019.0,3512051 34 1093.6 571.3 1831
SSACC R,3512053.0,
ESACC R,3512053.0,3512117 66 1095.5 565.2 1094.3 568.1 0.09 118
SFIX R,3512119.0,
EFIX R,3512119.0,3512161 44 1097.6 573.5 1810
SSACC R,3512163.0,
ESACC R,3512163.0,3512341 180 1097.1 578.5 1097.5 566.6 0.32 95
SFIX R,3512343.0,
EFIX R,3512343.0,3512489 148 1099.8 569.4 1754
SSACC R,3512491.0,
ESACC R,3512491.0,3512515 26 1101.0 554.9 1102.8 582.4 0.75 61
SFIX R,3512517.0,
EFIX R,3512517.0,3512773 258 1098.0 573.5 1722
SSACC R,3512775.0,
ESACC R,3512775.0,3512849 76 1098.5 553.3 1096.8 579.3 0.71 64
SFIX R,3512851.0,
EFIX R,3512851.0,3512891 42 1097.7 571.9 1740
SSACC R,3512893.0,
ESACC R,3512893.0,3513021 130 1097.3 578.9 1092.3 584.6 0.20 112
SFIX R,3513023.0,
EFIX R,3513023.0,3513127 106 1093.3 574.4 1744
SSACC R,3513129.0,
ESACC R,3513129.0,3513217 90 1092.7 561.6 1093.7 574.8 0.36 71
SFIX R,3513219.0,
EFIX R,3513219.0,3513625 408 1106.5 566.4 1759
SSACC R,3513627.0,
ESACC R,3513627.0,3513723 98 1099.5 550.5 1096.2 567.0 0.46 91
SFIX R,3513725.0,
EFIX R,3513725.0,3513765 42 1095.9 568.7 1798
SSACC R,3513767.0,
ESACC R,3513767.0,3513825 60 1098.1 578.8 1099.9 567.3 0.32 64
SFIX R,3513827.0,
EFIX R,3513827.0,3513849 24 1099.4 571.0 1813
SSACC R,3513851.0,
ESACC R,3513851.0,3513903 54 1100.3 589.4 1098.9 582.8 0.18 68
SFIX R,3513905.0,
EFIX R,3513905.0,3513935 32 1101.9 571.9 1819
SSACC R,3513937.0,
ESACC R,3513937.0,3513957 22 1102.8 572.3 1100.8 574.1 0.07 54
SFIX R,3513959.0,
EFIX R,3513959.0,3514117 160 1100.6 583.3 1815
SSACC R,3514119.0,
SBLINK R,3514181.0,
EBLINK R,3514181.0,3514419 240
ESACC R,3514119.0,3514477 360 1096.1 596.7 1144.1 592.6 1.30 1114
SFIX R,3514479.0,
EFIX R,3514479.0,3514621 144 1166.8 564.5 1674
SSACC R,3514623.0,
ESACC R,3514623.0,3514629 8 1178.2 564.9 1182.1 579.4 0.40 66
SFIX R,3514631.0,
EFIX R,3514631.0,3515351 722 1221.6 612.7 1329
SSACC R,3515353.0,
SBLINK R,3515381.0,
EBLINK R,3515381.0,3515601 222
ESACC R,3515353.0,3515669 318 1223.0 638.9 1194.4 620.5 0.91 1618
SFIX R,3515671.0,
EFIX R,3515671.0,3516325 656 1202.5 618.5 1253
SSACC R,3516327.0,
ESACC R,3516327.0,3516333 8 1207.4 624.2 1197.0 625.8 0.28 43
SFIX R,3516335.0,
EFIX R,3516335.0,3517841 1508 1190.0 608.1 1592
SSACC R,3517843.0,
ESACC R,3517843.0,3517847 6 1170.2 597.5 1164.0 586.5 0.34 56
SFIX R,3517849.0,
EFIX R,3517849.0,3518479 632 1176.4 590.0 1802
SSACC R,3518481.0,
SBLINK R,3518513.0,
EBLINK R,3518513.0,3518687 176
ESACC R,3518481.0,3518805 326 1179.8 631.9 1131.7 616.2 1.36 1049
SFIX R,3518807.0,
EFIX R,3518807.0,3519069 264 1142.0 590.5 1820
SSACC R,3519071.0,
ESACC R,3519071.0,3519079 10 1157.7 584.2 1179.8 580.8 0.60 75
SFIX R,3519081.0,
EFIX R,3519081.0,3520289 1210 1210.4 580.0 1651
SSACC R,3520291.0,
SBLINK R,3520343.0,
EBLINK R,3520343.0,3520495 154
ESACC R,3520291.0,3520595 306 1208.2 581.6 1171.7 612.4 1.28 1026
SFIX R,3520597.0,
EFIX R,3520597.0,3521351 756 1193.7 593.0 1763
SSACC R,3521353.0,
ESACC R,3521353.0,3521365 14 1190.8 599.7 1207.3 589.9 0.51 43
SFIX R,3521367.0,
EFIX R,3521367.0,3522725 1360 1187.5 573.7 1672
SSACC R,3522727.0,
ESACC R,3522727.0,3522743 18 1182.5 583.6 1182.0 587.5 0.11 63
SFIX R,3522745.0,
EFIX R,3522745.0,3522901 158 1182.9 593.2 1680
SSACC R,3522903.0,
ESACC R,3522903.0,3522909 8 1182.9 611.0 1181.9 604.4 0.18 57
SFIX R,3522911.0,
EFIX R,3522911.0,3523329 420 1185.9 589.8 1677
SSACC R,3523331.0,
ESACC R,3523331.0,3523339 10 1192.0 585.1 1191.1 566.0 0.52 58
SFIX R,3523341.0,
EFIX R,3523341.0,3523985 646 1179.3 560.0 1705
SSACC R,3523987.0,
ESACC R,3523987.0,3523999 14 1166.0 552.9 1164.0 564.2 0.31 47
SFIX R,3524001.0,
EFIX R,3524001.0,3524147 148 1166.8 564.0 1727
SSACC R,3524149.0,
ESACC R,3524149.0,3524157 10 1169.3 573.2 1173.6 560.0 0.37 47
SFIX R,3524159.0,
EFIX R,3524159.0,3526305 2148 1177.2 580.5 1661
SSACC R,3526307.0,
ESACC R,3526307.0,3526319 14 1174.6 599.6 1158.2 590.0 0.51 45
SFIX R,3526321.0,
EFIX R,3526321.0,3527329 1010 1162.0 612.2 1733
SSACC R,3527331.0,
ESACC R,3527331.0,3527339 10 1159.4 615.1 1157.5 602.2 0.35 46
SFIX R,3527341.0,
EFIX R,3527341.0,3527957 618 1162.7 585.0 1875
SSACC R,3527959.0,
ESACC R,3527959.0,3527971 14 1169.7 600.2 1167.1 591.7 0.24 58
SFIX R,3527973.0,
EFIX R,3527973.0,3528281 310 1165.8 596.1 1990
SSACC R,3528283.0,
ESACC R,3528283.0,3528293 12 1167.2 576.4 1167.9 575.4 0.03 49
SFIX R,3528295.0,
EFIX R,3528295.0,3528479 186 1173.0 575.5 1969
SSACC R,3528481.0,
ESACC R,3528481.0,3528513 34 1175.5 579.6 1180.7 562.1 0.49 64
SFIX R,3528515.0,
EFIX R,3528515.0,3528669 156 1183.0 562.1 1985
SSACC R,3528671.0,
ESACC R,3528671.0,3528689 20 1188.4 563.8 1192.1 568.8 0.17 61
SFIX R,3528691.0,
EFIX R,3528691.0,3528969 280 1190.4 563.9 1976
SSACC R,3528971.0,
ESACC R,3528971.0,3528977 8 1189.2 559.7 1186.3 566.3 0.19 58
SFIX R,3528979.0,
EFIX R,3528979.0,3529361 384 1178.1 567.9 1914
SSACC R,3529363.0,
ESACC R,3529363.0,3529369 8 1173.1 571.0 1170.2 559.9 0.31 39
SFIX R,3529371.0,
EFIX R,3529371.0,3530285 916 1162.4 563.4 1907
SSACC R,3530287.0,
ESACC R,3530287.0,3530313 28 1150.1 553.0 1152.0 547.3 0.16 69
SFIX R,3530315.0,
EFIX R,3530315.0,3530393 80 1150.2 552.1 1994
SSACC R,3530395.0,
ESACC R,3530395.0,3530417 24 1147.8 558.1 1146.1 545.8 0.34 57
SFIX R,3530419.0,
EFIX R,3530419.0,3530697 280 1144.0 562.2 1977
SSACC R,3530699.0,
ESACC R,3530699.0,3530715 18 1134.6 567.6 1134.5 563.8 0.10 51
SFIX R,3530717.0,
EFIX R,3530717.0,3530771 56 1133.5 570.1 1928
SSACC R,3530773.0,
ESACC R,3530773.0,3530795 24 1132.9 558.6 1133.0 575.8 0.46 57
SFIX R,3530797.0,
EFIX R,3530797.0,3531321 526 1146.1 568.3 1969
SSACC R,3531323.0,
ESACC R,3531323.0,3531331 10 1141.7 587.5 1144.3 569.0 0.50 63
SFIX R,3531333.0,
EFIX R,3531333.0,3531493 162 1142.4 572.4 1964
SSACC R,3531495.0,
ESACC R,3531495.0,3531521 28 1145.3 554.9 1145.3 564.5 0.26 79
SFIX R,3531523.0,
EFIX R,3531523.0,3531723 202 1147.8 568.9 1899
SSACC R,3531725.0,
ESACC R,3531725.0,3531745 22 1152.2 563.3 1150.1 582.8 0.53 67
SFIX R,3531747.0,
EFIX R,3531747.0,3533289 1544 1139.5 574.4 1894
SSACC R,3533291.0,
ESACC R,3533291.0,3533317 28 1118.9 581.9 1117.4 592.6 0.29 72
SFIX R,3533319.0,
EFIX R,3533319.0,3533537 220 1114.1 592.9 2024
SSACC R,3533539.0,
ESACC R,3533539.0,3533543 6 1112.1 593.3 1113.3 607.0 0.37 66
SFIX R,3533545.0,
EFIX R,3533545.0,3535269 1726 1137.7 576.1 2139
SSACC R,3535271.0,
ESACC R,3535271.0,3535275 6 1166.2 545.7 1163.5 559.6 0.38 63
SFIX R,3535277.0,
EFIX R,3535277.0,3535457 182 1166.6 553.4 2323
SSACC R,3535459.0,
ESACC R,3535459.0,3535467 10 1170.7 538.3 1168.1 558.9 0.56 80
SFIX R,3535469.0,
EFIX R,3535469.0,3535511 44 1166.8 558.0 2325
SSACC R,3535513.0,
ESACC R,3535513.0,3535523 12 1165.2 554.2 1163.8 562.6 0.23 64
SFIX R,3535525.0,
EFIX R,3535525.0,3535577 54 1164.1 571.1 2309
SSACC R,3535579.0,
ESACC R,3535579.0,3535777 200 1161.5 575.2 1143.8 646.8 1.99 230
SFIX R,3535779.0,
EFIX R,3535779.0,3535805 28 1145.1 637.8 2207
SSACC R,3535807.0,
ESACC R,3535807.0,3535821 16 1143.9 634.9 1145.2 619.4 0.42 66
SFIX R,3535823.0,
EFIX R,3535823.0,3535929 108 1141.9 612.8 2227
SSACC R,3535931.0,
ESACC R,3535931.0,3535935 6 1139.8 579.0 1139.0 590.5 0.31 66
SFIX R,3535937.0,
EFIX R,3535937.0,3536159 224 1148.0 588.6 2198
SSACC R,3536161.0,
ESACC R,3536161.0,3536171 12 1154.4 588.3 1156.0 571.2 0.46 71
SFIX R,3536173.0,
EFIX R,3536173.0,3536259 88 1153.8 579.2 2123
SSACC R,3536261.0,
ESACC R,3536261.0,3536295 36 1158.0 558.6 1160.0 562.4 0.12 61
SFIX R,3536297.0,
EFIX R,3536297.0,3536647 352 1160.0 575.5 2000
SSACC R,3536649.0,
ESACC R,3536649.0,3536661 14 1159.3 555.9 1159.0 578.9 0.62 66
SFIX R,3536663.0,
EFIX R,3536663.0,3536951 290 1157.8 569.2 1986
SSACC R,3536953.0,
ESACC R,3536953.0,3536971 20 1150.5 555.6 1150.7 560.4 0.13 61
SFIX R,3536973.0,
EFIX R,3536973.0,3537059 88 1147.7 563.2 2039
SSACC R,3537061.0,
ESACC R,3537061.0,3537101 42 1138.9 574.8 1139.4 561.8 0.35 61
SFIX R,3537103.0,
EFIX R,3537103.0,3537549 448 1139.5 565.5 2051
SSACC R,3537551.0,
ESACC R,3537551.0,3537567 18 1144.5 549.6 1146.6 554.0 0.13 60
SFIX R,3537569.0,
EFIX R,3537569.0,3537599 32 1147.8 563.0 2056
SSACC R,3537601.0,
ESACC R,3537601.0,3537613 14 1149.7 566.9 1152.2 558.5 0.24 66
SFIX R,3537615.0,
EFIX R,3537615.0,3537823 210 1153.8 557.1 2053
SSACC R,3537825.0,
ESACC R,3537825.0,3537875 52 1157.8 555.4 1157.7 556.7 0.04 82
SFIX R,3537877.0,
EFIX R,3537877.0,3537927 52 1157.6 556.0 2050
SSACC R,3537929.0,
ESACC R,3537929.0,3537953 26 1157.5 555.0 1159.2 551.3 0.11 71
SFIX R,3537955.0,
EFIX R,3537955.0,3537987 34 1158.2 553.9 2049
SSACC R,3537989.0,
ESACC R,3537989.0,3538005 18 1157.7 553.8 1159.3 555.7 0.07 60
SFIX R,3538007.0,
EFIX R,3538007.0,3538749 744 1145.4 582.2 2087
SSACC R,3538751.0,
ESACC R,3538751.0,3538793 44 1140.7 573.7 1139.0 579.1 0.15 56
SFIX R,3538795.0,
EFIX R,3538795.0,3538909 116 1136.5 571.1 2120
SSACC R,3538911.0,
ESACC R,3538911.0,3538959 50 1133.5 561.0 1134.0 564.7 0.10 57
SFIX R,3538961.0,
EFIX R,3538961.0,3539593 634 1147.0 559.4 2061
SSACC R,3539595.0,
ESACC R,3539595.0,3539609 16 1152.9 556.7 1151.3 560.0 0.10 60
SFIX R,3539611.0,
EFIX R,3539611.0,3540247 638 1139.1 567.4 2034
SSACC R,3540249.0,
ESACC R,3540249.0,3540257 10 1126.5 583.9 1129.1 568.0 0.44 50
SFIX R,3540259.0,
EFIX R,3540259.0,3540971 714 1126.3 566.5 2130
SSACC R,3540973.0,
ESACC R,3540973.0,3540977 6 1129.6 556.6 1128.2 553.8 0.08 52
SFIX R,3540979.0,
EFIX R,3540979.0,3541053 76 1133.1 544.8 2195
SSACC R,3541055.0,
ESACC R,3541055.0,3541071 18 1134.5 535.2 1136.7 542.4 0.20 52
SFIX R,3541073.0,
EFIX R,3541073.0,3541175 104 1137.3 546.0 2199
SSACC R,3541177.0,
ESACC R,3541177.0,3541191 16 1137.2 550.7 1135.7 551.9 0.05 47
SFIX R,3541193.0,
EFIX R,3541193.0,3542081 890 1143.1 546.4 2225
SSACC R,3542083.0,
ESACC R,3542083.0,3542095 14 1147.5 556.2 1141.1 532.1 0.67 66
SFIX R,3542097.0,
EFIX R,3542097.0,3542981 886 1141.7 538.1 2215
SSACC R,3542983.0,
ESACC R,3542983.0,3542997 16 1131.3 563.5 1131.7 554.7 0.24 61
SFIX R,3542999.0,
EFIX R,3542999.0,3545391 2394 1123.1 552.4 2051
SSACC R,3545393.0,
ESACC R,3545393.0,3545403 12 1117.4 555.6 1117.0 534.4 0.57 64
SFIX R,3545405.0,
EFIX R,3545405.0,3546703 1300 1124.1 540.2 1947
SSACC R,3546705.0,
ESACC R,3546705.0,3546713 10 1096.2 544.1 1098.3 539.2 0.14 58
SFIX R,3546715.0,
EFIX R,3546715.0,3548769 2056 1094.6 558.7 1972
SSACC R,3548771.0,
ESACC R,3548771.0,3548819 50 1082.3 584.8 1076.0 639.9 1.50 96
SFIX R,3548821.0,
EFIX R,3548821.0,3548843 24 1071.0 657.9 1865
SSACC R,3548845.0,
ESACC R,3548845.0,3549023 180 1065.8 669.8 1080.3 575.9 2.57 93
SFIX R,3549025.0,
EFIX R,3549025.0,3549303 280 1085.1 584.0 1888
SSACC R,3549305.0,
ESACC R,3549305.0,3549321 18 1082.6 586.0 1081.5 581.3 0.13 72
SFIX R,3549323.0,
EFIX R,3549323.0,3549803 482 1087.6 575.1 1836
SSACC R,3549805.0,
SBLINK R,3549883.0,
EBLINK R,3549883.0,3550109 228
ESACC R,3549805.0,3550271 468 1080.3 586.3 1113.5 557.9 1.18 1162
SFIX R,3550273.0,
EFIX R,3550273.0,3550505 234 1129.7 557.9 1628
SSACC R,3550507.0,
ESACC R,3550507.0,3550527 22 1137.4 562.0 1189.9 591.4 1.62 100
SFIX R,3550529.0,
EFIX R,3550529.0,3550955 428 1216.9 589.1 1289
SSACC R,3550957.0,
ESACC R,3550957.0,3550963 8 1221.4 587.4 1211.6 589.7 0.27 42
SFIX R,3550965.0,
EFIX R,3550965.0,3558061 7098 1170.1 590.4 1336
SSACC R,3558063.0,
SBLINK R,3558109.0,
EBLINK R,3558109.0,3558325 218
ESACC R,3558063.0,3558381 320 1138.1 601.8 1168.2 574.8 1.09 484
SFIX R,3558383.0,
EFIX R,3558383.0,3558969 588 1167.2 579.2 1402
SSACC R,3558971.0,
ESACC R,3558971.0,3558983 14 1145.5 612.3 1176.4 598.6 0.91 98
SFIX R,3558985.0,
EFIX R,3558985.0,3561069 2086 1192.8 577.8 1732
SSACC R,3561071.0,
SBLINK R,3561107.0,
EBLINK R,3561107.0,3561207 102
ESACC R,3561071.0,3561303 234 1207.9 553.6 1208.5 597.8 1.19 1083
SFIX R,3561305.0,
EFIX R,3561305.0,3562601 1298 1241.7 562.0 1816
SSACC R,3562603.0,
ESACC R,3562603.0,3562611 10 1249.6 568.2 1229.3 563.8 0.55 68
SFIX R,3562613.0,
EFIX R,3562613.0,3563027 416 1211.6 577.5 1786
SSACC R,3563029.0,
ESACC R,3563029.0,3563041 14 1201.4 576.1 1230.6 564.3 0.84 78
SFIX R,3563043.0,
EFIX R,3563043.0,3564569 1528 1214.2 540.8 1908
SSACC R,3564571.0,
ESACC R,3564571.0,3564585 16 1219.5 519.4 1193.2 514.2 0.72 58
SFIX R,3564587.0,
EFIX R,3564587.0,3564661 76 1194.3 513.5 2005
SSACC R,3564663.0,
ESACC R,3564663.0,3564685 24 1200.4 514.4 1264.2 511.7 1.71 110
SFIX R,3564687.0,
EFIX R,3564687.0,3566051 1366 1224.2 549.5 1900
SSACC R,3566053.0,
ESACC R,3566053.0,3566061 10 1215.1 585.8 1223.2 574.8 0.37 60
SFIX R,3566063.0,
EFIX R,3566063.0,3568751 2690 1210.1 574.1 1435
SSACC R,3568753.0,
ESACC R,3568753.0,3568759 8 1184.4 579.8 1195.0 573.7 0.33 46
SFIX R,3568761.0,
EFIX R,3568761.0,3571341 2582 1199.8 584.4 1557
SSACC R,3571343.0,
SBLINK R,3571401.0,
EBLINK R,3571401.0,3571635 236
ESACC R,3571343.0,3571699 358 1241.4 609.6 1206.6 595.6 1.00 668
SFIX R,3571701.0,
EFIX R,3571701.0,3572257 558 1228.0 599.8 1176
SSACC R,3572259.0,
ESACC R,3572259.0,3572269 12 1246.5 624.6 1230.8 636.5 0.53 53
SFIX R,3572271.0,
EFIX R,3572271.0,3573025 756 1224.5 660.4 1144
SSACC R,3573027.0,
ESACC R,3573027.0,3573039 14 1202.6 663.7 1208.1 642.3 0.59 63
SFIX R,3573041.0,
EFIX R,3573041.0,3573535 496 1202.7 626.2 1523
SSACC R,3573537.0,
SBLINK R,3573569.0,
EBLINK R,3573569.0,3573783 216
ESACC R,3573537.0,3573827 292 1189.0 660.0 1176.0 657.5 0.35 1141
SFIX R,3573829.0,
EFIX R,3573829.0,3573863 36 1178.5 670.3 1594
SSACC R,3573865.0,
ESACC R,3573865.0,3573887 24 1185.8 684.9 1157.0 631.4 1.63 134
SFIX R,3573889.0,
EFIX R,3573889.0,3574051 164 1172.2 657.4 1619
SSACC R,3574053.0,
ESACC R,3574053.0,3574079 28 1166.6 663.7 1162.5 613.3 1.36 81
SFIX R,3574081.0,
EFIX R,3574081.0,3575097 1018 1188.9 640.9 1430
SSACC R,3575099.0,
ESACC R,3575099.0,3575135 38 1192.3 634.0 1169.6 732.4 2.71 145
SFIX R,3575137.0,
EFIX R,3575137.0,3575279 144 1166.8 712.2 1459
SSACC R,3575281.0,
ESACC R,3575281.0,3575309 30 1157.1 703.6 1198.4 609.0 2.78 152
SFIX R,3575311.0,
EFIX R,3575311.0,3575511 202 1188.2 634.3 1530
SSACC R,3575513.0,
ESACC R,3575513.0,3575523 12 1179.5 638.9 1185.6 619.8 0.54 45
SFIX R,3575525.0,
EFIX R,3575525.0,3576623 1100 1183.8 616.5 1588
SSACC R,3576625.0,
ESACC R,3576625.0,3576631 8 1145.0 614.7 1148.5 603.1 0.33 54
SFIX R,3576633.0,
EFIX R,3576633.0,3577135 504 1145.4 597.7 1699
SSACC R,3577137.0,
ESACC R,3577137.0,3577141 6 1136.6 615.2 1137.5 631.3 0.44 58
SFIX R,3577143.0,
EFIX R,3577143.0,3577771 630 1165.9 588.5 1796
SSACC R,3577773.0,
ESACC R,3577773.0,3577785 14 1162.0 586.2 1150.5 573.1 0.47 58
SFIX R,3577787.0,
EFIX R,3577787.0,3579503 1718 1159.3 598.6 1688
SSACC R,3579505.0,
ESACC R,3579505.0,3579511 8 1191.1 584.3 1199.5 580.0 0.25 44
SFIX R,3579513.0,
EFIX R,3579513.0,3583467 3956 1168.9 593.7 1531
SSACC R,3583469.0,
ESACC R,3583469.0,3583489 22 1134.6 617.5 1157.7 597.0 0.83 60
SFIX R,3583491.0,
EFIX R,3583491.0,3583643 154 1156.6 590.6 1902
SSACC R,3583645.0,
ESACC R,3583645.0,3583657 14 1160.5 589.1 1160.1 591.5 0.07 53
SFIX R,3583659.0,
EFIX R,3583659.0,3594167 10510 1151.7 587.3 1866
SSACC R,3594169.0,
ESACC R,3594169.0,3594181 14 1118.0 599.7 1115.9 587.3 0.34 49
SFIX R,3594183.0,
EFIX R,3594183.0,3595883 1702 1123.0 597.7 1556
SSACC R,3595885.0,
ESACC R,3595885.0,3595891 8 1128.1 595.0 1128.9 609.3 0.39 48
SFIX R,3595893.0,
EFIX R,3595893.0,3596677 786 1117.5 603.6 1489
SSACC R,3596679.0,
ESACC R,3596679.0,3596687 10 1108.0 591.1 1111.5 606.5 0.43 48
SFIX R,3596689.0,
EFIX R,3596689.0,3600505 3818 1136.6 629.0 1353
SSACC R,3600507.0,
SBLINK R,3600537.0,
EBLINK R,3600537.0,3600743 208
ESACC R,3600507.0,3600829 324 1154.1 626.7 1117.5 551.0 2.27 1802
SFIX R,3600831.0,
EFIX R,3600831.0,3601195 366 1143.2 573.0 1329
SSACC R,3601197.0,
ESACC R,3601197.0,3601201 6 1160.3 577.8 1158.3 586.1 0.23 45
SFIX R,3601203.0,
EFIX R,3601203.0,3601931 730 1179.0 608.9 1065
SSACC R,3601933.0,
SBLINK R,3601971.0,
EBLINK R,3601971.0,3602135 166
ESACC R,3601933.0,3602197 266 1194.7 625.0 1167.4 597.4 1.04 2007
SFIX R,3602199.0,
EFIX R,3602199.0,3602279 82 1183.5 598.0 1136
SSACC R,3602281.0,
ESACC R,3602281.0,3602317 38 1191.5 600.9 1173.6 602.8 0.48 65
SFIX R,3602319.0,
EFIX R,3602319.0,3607761 5444 1172.1 605.0 1298
SSACC R,3607763.0,
SBLINK R,3607801.0,
EBLINK R,3607801.0,3608013 214
ESACC R,3607763.0,3608113 352 1163.6 616.2 1131.6 576.1 1.38 1896
SFIX R,3608115.0,
EFIX R,3608115.0,3608221 108 1137.1 578.4 1126
SSACC R,3608223.0,
ESACC R,3608223.0,3608247 26 1136.4 576.2 1135.4 587.1 0.30 62
SFIX R,3608249.0,
EFIX R,3608249.0,3608369 122 1148.5 591.7 1094
SSACC R,3608371.0,
ESACC R,3608371.0,3608381 12 1154.0 581.2 1158.4 595.7 0.41 50
SFIX R,3608383.0,
EFIX R,3608383.0,3608687 306 1156.6 596.2 982
SSACC R,3608689.0,
ESACC R,3608689.0,3608709 22 1156.9 620.4 1157.5 610.6 0.26 55
SFIX R,3608711.0,
EFIX R,3608711.0,3608997 288 1154.6 597.5 927
SSACC R,3608999.0,
ESACC R,3608999.0,3609005 8 1150.8 580.4 1152.5 586.4 0.17 52
SFIX R,3609007.0,
EFIX R,3609007.0,3610127 1122 1143.2 601.5 1004
SSACC R,3610129.0,
ESACC R,3610129.0,3610139 12 1142.1 623.4 1141.1 614.7 0.24 63
SFIX R,3610141.0,
EFIX R,3610141.0,3610661 522 1141.1 618.6 1145
SSACC R,3610663.0,
ESACC R,3610663.0,3610697 36 1139.5 608.8 1142.4 615.6 0.20 65
SFIX R,3610699.0,
EFIX R,3610699.0,3612315 1618 1137.8 635.0 1320
SSACC R,3612317.0,
ESACC R,3612317.0,3612329 14 1135.1 627.1 1136.0 640.6 0.36 54
SFIX R,3612331.0,
EFIX R,3612331.0,3612599 270 1139.2 627.4 1338
SSACC R,3612601.0,
ESACC R,3612601.0,3612613 14 1146.8 625.9 1151.3 621.2 0.18 56
SFIX R,3612615.0,
EFIX R,3612615.0,3613013 400 1158.7 614.4 1275
SSACC R,3613015.0,
ESACC R,3613015.0,3613023 10 1150.9 607.4 1149.1 627.1 0.53 65
SFIX R,3613025.0,
EFIX R,3613025.0,3613057 34 1147.6 620.7 1220
SSACC R,3613059.0,
ESACC R,3613059.0,3613073 16 1151.9 623.3 1184.3 620.0 0.87 65
SFIX R,3613075.0,
EFIX R,3613075.0,3614169 1096 1199.7 611.2 1188
SSACC R,3614171.0,
ESACC R,3614171.0,3614177 8 1169.9 579.8 1174.9 596.6 0.47 62
SFIX R,3614179.0,
EFIX R,3614179.0,3615081 904 1160.9 597.7 1429
SSACC R,3615083.0,
ESACC R,3615083.0,3615087 6 1154.9 595.3 1150.2 600.6 0.19 39
SFIX R,3615089.0,
EFIX R,3615089.0,3615357 270 1162.3 601.1 1709
SSACC R,3615359.0,
ESACC R,3615359.0,3615373 16 1167.1 600.0 1146.6 589.7 0.62 54
SFIX R,3615375.0,
EFIX R,3615375.0,3615837 464 1156.3 596.3 1583
SSACC R,3615839.0,
ESACC R,3615839.0,3615843 6 1144.0 614.0 1152.7 609.1 0.27 60
SFIX R,3615845.0,
EFIX R,3615845.0,3615893 50 1156.2 609.8 1532
SSACC R,3615895.0,
ESACC R,3615895.0,3615903 10 1157.2 619.9 1162.3 608.2 0.34 66
SFIX R,3615905.0,
EFIX R,3615905.0,3616789 886 1153.4 599.0 1585
SSACC R,3616791.0,
ESACC R,3616791.0,3616797 8 1174.9 580.1 1176.8 592.5 0.34 55
SFIX R,3616799.0,
EFIX R,3616799.0,3622061 5264 1159.7 593.1 1382
SSACC R,3622063.0,
ESACC R,3622063.0,3622069 8 1166.7 585.8 1167.0 594.0 0.22 44
SFIX R,3622071.0,
EFIX R,3622071.0,3625545 3476 1160.4 604.3 1172
SSACC R,3625547.0,
SBLINK R,3625575.0,
EBLINK R,3625575.0,3625759 186
ESACC R,3625547.0,3625827 282 1164.4 616.0 1140.7 624.6 0.68 770
SFIX R,3625829.0,
EFIX R,3625829.0,3630161 4334 1136.0 603.6 1386
SSACC R,3630163.0,
ESACC R,3630163.0,3630191 30 1124.5 611.9 1145.7 635.0 0.85 55
SFIX R,3630193.0,
EFIX R,3630193.0,3630375 184 1143.6 618.8 1310
SSACC R,3630377.0,
ESACC R,3630377.0,3630397 22 1145.5 613.4 1200.6 612.3 1.48 95
SFIX R,3630399.0,
EFIX R,3630399.0,3630653 256 1234.5 604.0 1342
SSACC R,3630655.0,
SBLINK R,3630697.0,
EBLINK R,3630697.0,3630849 154
ESACC R,3630655.0,3630881 228 1228.4 631.6 1268.3 663.7 1.37 686
SFIX R,3630883.0,
EFIX R,3630883.0,3631103 222 1280.5 599.3 1323
SSACC R,3631105.0,
ESACC R,3631105.0,3631123 20 1275.6 599.2 1233.0 593.5 1.14 104
SFIX R,3631125.0,
EFIX R,3631125.0,3632975 1852 1210.7 613.2 1558
SSACC R,3632977.0,
ESACC R,3632977.0,3632989 14 1205.4 615.9 1227.9 616.2 0.60 56
SFIX R,3632991.0,
EFIX R,3632991.0,3633451 462 1214.2 606.1 1492
SSACC R,3633453.0,
SBLINK R,3633485.0,
EBLINK R,3633485.0,3633675 192
ESACC R,3633453.0,3633725 274 1205.2 613.2 1150.9 603.2 1.48 1298
SFIX R,3633727.0,
EFIX R,3633727.0,3635015 1290 1203.0 609.7 1369
SSACC R,3635017.0,
SBLINK R,3635043.0,
EBLINK R,3635043.0,3635271 230
ESACC R,3635017.0,3635315 300 1218.6 624.6 1170.3 596.5 1.50 648
SFIX R,3635317.0,
EFIX R,3635317.0,3635501 186 1187.0 575.2 1344
SSACC R,3635503.0,
ESACC R,3635503.0,3635513 12 1193.9 577.9 1213.2 574.3 0.53 57
SFIX R,3635515.0,
EFIX R,3635515.0,3635927 414 1225.5 585.7 1262
SSACC R,3635929.0,
ESACC R,3635929.0,3635935 8 1229.2 589.9 1240.0 596.5 0.34 55
SFIX R,3635937.0,
EFIX R,3635937.0,3639805 3870 1208.6 607.6 1422
SSACC R,3639807.0,
ESACC R,3639807.0,3639811 6 1178.8 607.4 1183.7 598.8 0.27 54
SFIX R,3639813.0,
EFIX R,3639813.0,3640643 832 1201.5 593.1 1422
SSACC R,3640645.0,
SBLINK R,3640727.0,
EBLINK R,3640727.0,3640987 262
ESACC R,3640645.0,3641287 644 1200.5 607.6 1216.0 629.5 0.72 1496
SFIX R,3641289.0,
EFIX R,3641289.0,3641427 140 1221.9 619.2 943
SSACC R,3641429.0,
ESACC R,3641429.0,3641487 60 1225.0 606.5 1229.2 594.7 0.34 104
SFIX R,3641489.0,
EFIX R,3641489.0,3641573 86 1224.2 591.6 903
SSACC R,3641575.0,
ESACC R,3641575.0,3641593 20 1223.1 572.5 1226.0 594.0 0.58 56
SFIX R,3641595.0,
EFIX R,3641595.0,3641633 40 1223.7 592.3 884
SSACC R,3641635.0,
ESACC R,3641635.0,3641657 24 1225.4 582.9 1224.5 599.8 0.45 62
SFIX R,3641659.0,
EFIX R,3641659.0,3641739 82 1222.8 594.9 874
SSACC R,3641741.0,
ESACC R,3641741.0,3641775 36 1221.2 610.4 1221.9 590.1 0.55 79
SFIX R,3641777.0,
EFIX R,3641777.0,3642045 270 1219.8 598.9 887
SSACC R,3642047.0,
ESACC R,3642047.0,3642059 14 1217.8 591.1 1216.3 617.2 0.70 87
SFIX R,3642061.0,
EFIX R,3642061.0,3642225 166 1212.8 604.2 946
SSACC R,3642227.0,
ESACC R,3642227.0,3642271 46 1208.0 597.5 1202.1 604.2 0.24 92
SFIX R,3642273.0,
EFIX R,3642273.0,3642519 248 1205.1 591.8 1044
SSACC R,3642521.0,
ESACC R,3642521.0,3642565 46 1210.7 591.5 1208.9 591.7 0.05 72
SFIX R,3642567.0,
EFIX R,3642567.0,3642617 52 1209.3 587.3 1075
SSACC R,3642619.0,
ESACC R,3642619.0,3642717 100 1208.6 589.7 1207.9 592.9 0.09 106
SFIX R,3642719.0,
EFIX R,3642719.0,3642917 200 1208.5 585.8 1111
SSACC R,3642919.0,
ESACC R,3642919.0,3642943 26 1203.7 587.8 1202.1 579.5 0.23 55
SFIX R,3642945.0,
EFIX R,3642945.0,3643135 192 1196.5 579.9 1196
SSACC R,3643137.0,
ESACC R,3643137.0,3643215 80 1194.2 582.7 1192.8 592.4 0.26 79
SFIX R,3643217.0,
EFIX R,3643217.0,3643347 132 1190.2 592.1 1276
SSACC R,3643349.0,
ESACC R,3643349.0,3643367 20 1186.2 612.6 1191.9 607.3 0.21 65
SFIX R,3643369.0,
EFIX R,3643369.0,3643547 180 1185.2 605.9 1325
SSACC R,3643549.0,
ESACC R,3643549.0,3643617 70 1184.0 610.2 1184.6 624.2 0.38 73
SFIX R,3643619.0,
EFIX R,3643619.0,3644217 600 1183.3 632.0 1358
SSACC R,3644219.0,
ESACC R,3644219.0,3644299 82 1173.7 632.7 1165.8 630.2 0.22 72
SFIX R,3644301.0,
EFIX R,3644301.0,3644451 152 1165.9 612.2 1334
SSACC R,3644453.0,
ESACC R,3644453.0,3644507 56 1169.1 598.8 1166.3 605.9 0.21 77
SFIX R,3644509.0,
EFIX R,3644509.0,3644653 146 1160.7 607.6 1292
SSACC R,3644655.0,
ESACC R,3644655.0,3644667 14 1157.4 606.2 1155.4 611.2 0.15 62
SFIX R,3644669.0,
EFIX R,3644669.0,3644763 96 1155.1 602.4 1259
SSACC R,3644765.0,
ESACC R,3644765.0,3644805 42 1154.7 595.4 1152.9 617.4 0.60 71
SFIX R,3644807.0,
EFIX R,3644807.0,3645075 270 1144.4 616.3 1210
SSACC R,3645077.0,
ESACC R,3645077.0,3645169 94 1138.0 605.1 1132.1 646.5 1.13 119
SFIX R,3645171.0,
EFIX R,3645171.0,3645203 34 1129.5 650.0 1142
SSACC R,3645205.0,
ESACC R,3645205.0,3645235 32 1127.7 637.1 1127.7 651.6 0.39 64
SFIX R,3645237.0,
EFIX R,3645237.0,3645301 66 1126.7 649.9 1134
SSACC R,3645303.0,
ESACC R,3645303.0,3645753 452 1127.0 662.6 1127.2 592.8 1.88 218
SFIX R,3645755.0,
EFIX R,3645755.0,3645831 78 1131.7 591.9 1161
SSACC R,3645833.0,
ESACC R,3645833.0,3645917 86 1129.3 596.2 1137.8 587.9 0.32 89
SFIX R,3645919.0,
EFIX R,3645919.0,3645959 42 1140.0 594.0 1159
SSACC R,3645961.0,
ESACC R,3645961.0,3645999 40 1138.4 602.3 1142.6 590.7 0.33 79
SFIX R,3646001.0,
EFIX R,3646001.0,3646061 62 1141.7 594.3 1123
SSACC R,3646063.0,
ESACC R,3646063.0,3646153 92 1143.0 595.4 1144.0 599.4 0.11 86
SFIX R,3646155.0,
EFIX R,3646155.0,3646175 22 1145.9 593.9 1071
SSACC R,3646177.0,
ESACC R,3646177.0,3646221 46 1145.0 595.7 1146.3 599.4 0.11 61
SFIX R,3646223.0,
EFIX R,3646223.0,3646239 18 1147.8 602.4 1050
SSACC R,3646241.0,
ESACC R,3646241.0,3646395 156 1147.1 585.2 1148.4 622.7 1.01 74
SFIX R,3646397.0,
EFIX R,3646397.0,3646547 152 1148.4 621.6 1002
SSACC R,3646549.0,
ESACC R,3646549.0,3647527 980 1150.6 615.3 1131.1 601.8 0.64 316
SFIX R,3647529.0,
EFIX R,3647529.0,3647553 26 1134.0 610.6 1067
SSACC R,3647555.0,
ESACC R,3647555.0,3647735 182 1134.5 617.3 1137.8 602.2 0.42 100
SFIX R,3647737.0,
EFIX R,3647737.0,3647759 24 1136.3 602.6 1090
SSACC R,3647761.0,
ESACC R,3647761.0,3648069 310 1137.0 605.1 1125.8 592.4 0.46 110
SFIX R,3648071.0,
EFIX R,3648071.0,3648133 64 1129.2 592.8 1214
SSACC R,3648135.0,
ESACC R,3648135.0,3648253 120 1132.0 590.1 1121.0 590.4 0.30 91
SFIX R,3648255.0,
EFIX R,3648255.0,3648277 24 1118.7 591.4 1269
SSACC R,3648279.0,
ESACC R,3648279.0,3648327 50 1121.8 589.8 1126.3 603.7 0.39 106
SFIX R,3648329.0,
EFIX R,3648329.0,3648407 80 1122.4 595.5 1290
SSACC R,3648409.0,
ESACC R,3648409.0,3648417 10 1125.0 609.4 1118.9 600.1 0.30 64
SFIX R,3648419.0,
EFIX R,3648419.0,3648487 70 1118.9 605.5 1314
SSACC R,3648489.0,
ESACC R,3648489.0,3648535 48 1114.9 590.9 1117.9 583.2 0.22 81
SFIX R,3648537.0,
EFIX R,3648537.0,3648573 38 1119.4 596.0 1313
SSACC R,3648575.0,
ESACC R,3648575.0,3648589 16 1117.8 591.3 1115.9 615.1 0.65 74
SFIX R,3648591.0,
EFIX R,3648591.0,3648657 68 1114.0 617.3 1297
SSACC R,3648659.0,
ESACC R,3648659.0,3648707 50 1116.0 651.4 1112.8 610.7 1.10 82
SFIX R,3648709.0,
EFIX R,3648709.0,3648749 42 1107.4 618.9 1287
SSACC R,3648751.0,
ESACC R,3648751.0,3650281 1532 1103.7 601.1 1169.8 764.6 4.74 699
SFIX R,3650283.0,
EFIX R,3650283.0,3650311 30 1173.9 765.4 999
SSACC R,3650313.0,
ESACC R,3650313.0,3652257 1946 1178.9 761.5 1167.2 616.9 3.89 937
SFIX R,3652259.0,
EFIX R,3652259.0,3652317 60 1167.6 626.3 1060
SSACC R,3652319.0,
ESACC R,3652319.0,3652405 88 1163.0 632.5 1165.1 617.2 0.42 80
SFIX R,3652407.0,
EFIX R,3652407.0,3652437 32 1165.1 624.8 1046
SSACC R,3652439.0,
ESACC R,3652439.0,3652693 256 1163.6 617.5 1180.8 611.6 0.49 123
SFIX R,3652695.0,
EFIX R,3652695.0,3652755 62 1176.7 606.2 1088
SSACC R,3652757.0,
ESACC R,3652757.0,3652771 16 1179.0 597.6 1177.5 639.5 1.13 106
SFIX R,3652773.0,
EFIX R,3652773.0,3652937 166 1172.9 615.9 1118
SSACC R,3652939.0,
ESACC R,3652939.0,3653513 576 1166.2 609.8 1155.4 584.2 0.75 145
SFIX R,3653515.0,
EFIX R,3653515.0,3653643 130 1155.7 580.6 1312
SSACC R,3653645.0,
ESACC R,3653645.0,3653785 142 1153.8 599.2 1163.6 585.5 0.45 87
SFIX R,3653787.0,
EFIX R,3653787.0,3653813 28 1161.5 579.8 1367
SSACC R,3653815.0,
ESACC R,3653815.0,3653895 82 1164.6 579.0 1161.1 600.0 0.57 80
SFIX R,3653897.0,
EFIX R,3653897.0,3653983 88 1161.5 601.6 1335
SSACC R,3653985.0,
ESACC R,3653985.0,3654003 20 1163.3 605.0 1172.5 610.6 0.29 64
SFIX R,3654005.0,
EFIX R,3654005.0,3654111 108 1178.9 612.6 1299
SSACC R,3654113.0,
ESACC R,3654113.0,3654455 344 1188.4 630.8 1184.9 618.7 0.34 110
SFIX R,3654457.0,
EFIX R,3654457.0,3654487 32 1187.8 610.1 1360
SSACC R,3654489.0,
ESACC R,3654489.0,3654577 90 1187.3 620.4 1187.3 623.6 0.09 111
SFIX R,3654579.0,
EFIX R,3654579.0,3654625 48 1188.0 618.5 1391
SSACC R,3654627.0,
ESACC R,3654627.0,3654859 234 1189.3 630.7 1195.5 608.6 0.62 141
SFIX R,3654861.0,
EFIX R,3654861.0,3654903 44 1194.4 606.2 1337
SSACC R,3654905.0,
ESACC R,3654905.0,3655137 234 1191.2 617.1 1186.6 605.1 0.35 99
SFIX R,3655139.0,
EFIX R,3655139.0,3655237 100 1185.8 602.0 1309
SSACC R,3655239.0,
ESACC R,3655239.0,3655301 64 1184.5 597.1 1185.3 603.3 0.17 74
SFIX R,3655303.0,
EFIX R,3655303.0,3655411 110 1182.2 598.5 1337
SSACC R,3655413.0,
ESACC R,3655413.0,3655453 42 1182.3 598.0 1182.6 601.3 0.09 108
SFIX R,3655455.0,
EFIX R,3655455.0,3655485 32 1184.3 602.6 1350
SSACC R,3655487.0,
ESACC R,3655487.0,3655685 200 1188.0 607.9 1184.1 616.5 0.25 153
SFIX R,3655687.0,
EFIX R,3655687.0,3655927 242 1190.9 613.4 1247
SSACC R,3655929.0,
ESACC R,3655929.0,3655953 26 1182.2 628.0 1191.2 619.1 0.34 104
SFIX R,3655955.0,
EFIX R,3655955.0,3656015 62 1193.4 610.6 1228
SSACC R,3656017.0,
ESACC R,3656017.0,3656295 280 1191.2 592.9 1182.5 587.4 0.28 138
SFIX R,3656297.0,
EFIX R,3656297.0,3656381 86 1184.5 573.9 1244
SSACC R,3656383.0,
ESACC R,3656383.0,3656525 144 1182.0 582.6 1190.2 581.7 0.22 82
SFIX R,3656527.0,
EFIX R,3656527.0,3656573 48 1190.5 585.7 1275
SSACC R,3656575.0,
ESACC R,3656575.0,3656725 152 1192.7 580.8 1188.6 577.4 0.14 158
SFIX R,3656727.0,
EFIX R,3656727.0,3656755 30 1186.9 590.9 1327
SSACC R,3656757.0,
ESACC R,3656757.0,3656773 18 1190.8 586.6 1188.1 595.4 0.25 67
SFIX R,3656775.0,
EFIX R,3656775.0,3656807 34 1185.9 602.8 1333
SSACC R,3656809.0,
ESACC R,3656809.0,3659527 2720 1187.0 607.2 1198.2 630.7 0.70 240
SFIX R,3659529.0,
EFIX R,3659529.0,3659715 188 1195.0 625.1 1361
SSACC R,3659717.0,
ESACC R,3659717.0,3659787 72 1194.9 641.3 1188.5 625.1 0.47 55
SFIX R,3659789.0,
EFIX R,3659789.0,3659865 78 1189.0 621.1 1315
SSACC R,3659867.0,
ESACC R,3659867.0,3659881 16 1186.0 619.1 1185.2 614.0 0.14 56
SFIX R,3659883.0,
EFIX R,3659883.0,3659909 28 1186.2 614.5 1307
SSACC R,3659911.0,
ESACC R,3659911.0,3659941 32 1186.2 612.2 1185.2 607.9 0.12 61
SFIX R,3659943.0,
EFIX R,3659943.0,3659999 58 1183.1 613.0 1303
SSACC R,3660001.0,
ESACC R,3660001.0,3660045 46 1181.8 616.0 1183.2 617.3 0.05 70
SFIX R,3660047.0,
EFIX R,3660047.0,3660093 48 1182.0 610.8 1307
SSACC R,3660095.0,
ESACC R,3660095.0,3660109 16 1178.1 597.2 1175.9 629.0 0.86 77
SFIX R,3660111.0,
EFIX R,3660111.0,3660135 26 1178.2 619.8 1303
SSACC R,3660137.0,
ESACC R,3660137.0,3660153 18 1175.1 614.7 1179.3 618.8 0.16 75
SFIX R,3660155.0,
EFIX R,3660155.0,3660259 106 1177.9 615.3 1318
SSACC R,3660261.0,
ESACC R,3660261.0,3660281 22 1179.2 610.0 1175.7 622.6 0.35 102
SFIX R,3660283.0,
EFIX R,3660283.0,3660465 184 1180.5 616.0 1334
SSACC R,3660467.0,
ESACC R,3660467.0,3660545 80 1187.3 608.3 1186.8 638.9 0.82 86
SFIX R,3660547.0,
EFIX R,3660547.0,3660695 150 1185.5 631.7 1298
SSACC R,3660697.0,
ESACC R,3660697.0,3660819 124 1182.5 618.9 1183.7 632.2 0.36 94
SFIX R,3660821.0,
EFIX R,3660821.0,3660865 46 1187.1 635.2 1263
SSACC R,3660867.0,
ESACC R,3660867.0,3660993 128 1186.0 620.6 1180.6 598.5 0.61 168
SFIX R,3660995.0,
EFIX R,3660995.0,3661077 84 1180.0 590.7 1272
SSACC R,3661079.0,
ESACC R,3661079.0,3661353 276 1179.7 591.3 1196.3 598.5 0.49 86
SFIX R,3661355.0,
EFIX R,3661355.0,3661381 28 1200.2 611.8 1297
SSACC R,3661383.0,
ESACC R,3661383.0,3661475 94 1199.3 605.7 1197.9 611.7 0.17 161
SFIX R,3661477.0,
EFIX R,3661477.0,3661617 142 1212.3 618.8 1228
SSACC R,3661619.0,
ESACC R,3661619.0,3661633 16 1211.5 622.3 1210.7 634.3 0.32 89
SFIX R,3661635.0,
EFIX R,3661635.0,3661719 86 1212.9 640.7 1176
SSACC R,3661721.0,
ESACC R,3661721.0,3661821 102 1211.6 629.9 1217.1 682.4 1.42 94
SFIX R,3661823.0,
EFIX R,3661823.0,3661897 76 1217.7 691.5 1106
SSACC R,3661899.0,
ESACC R,3661899.0,3662135 238 1215.9 716.9 1219.6 684.3 0.88 128
SFIX R,3662137.0,
EFIX R,3662137.0,3662163 28 1218.9 682.8 1059
SSACC R,3662165.0,
ESACC R,3662165.0,3662199 36 1217.5 689.8 1218.0 680.7 0.24 74
SFIX R,3662201.0,
EFIX R,3662201.0,3662223 24 1218.5 677.2 1066
SSACC R,3662225.0,
ESACC R,3662225.0,3662239 16 1216.6 672.1 1218.6 656.0 0.44 90
SFIX R,3662241.0,
EFIX R,3662241.0,3662281 42 1219.1 648.9 1091
SSACC R,3662283.0,
ESACC R,3662283.0,3662335 54 1219.7 664.0 1219.6 626.1 1.02 106
SFIX R,3662337.0,
EFIX R,3662337.0,3662359 24 1219.4 621.2 1110
SSACC R,3662361.0,
ESACC R,3662361.0,3662367 8 1215.3 615.8 1219.8 609.5 0.21 48
SFIX R,3662369.0,
EFIX R,3662369.0,3662415 48 1217.4 612.0 1112
SSACC R,3662417.0,
ESACC R,3662417.0,3662431 16 1219.8 603.9 1223.1 594.7 0.26 95
SFIX R,3662433.0,
EFIX R,3662433.0,3662931 500 1217.3 598.4 1113
SSACC R,3662933.0,
ESACC R,3662933.0,3662945 14 1217.9 607.0 1218.3 589.3 0.48 75
SFIX R,3662947.0,
EFIX R,3662947.0,3663257 312 1222.5 590.8 1164
SSACC R,3663259.0,
ESACC R,3663259.0,3663285 28 1225.6 583.6 1225.3 597.8 0.38 72
SFIX R,3663287.0,
EFIX R,3663287.0,3663323 38 1222.8 592.9 1218
SSACC R,3663325.0,
ESACC R,3663325.0,3663345 22 1222.6 591.4 1225.4 590.7 0.08 74
SFIX R,3663347.0,
EFIX R,3663347.0,3663389 44 1216.1 585.9 1232
SSACC R,3663391.0,
ESACC R,3663391.0,3663395 6 1195.4 593.1 1198.6 591.8 0.09 58
SFIX R,3663397.0,
EFIX R,3663397.0,3663679 284 1207.2 583.9 1271
SSACC R,3663681.0,
ESACC R,3663681.0,3663741 62 1213.3 589.9 1215.6 597.4 0.21 84
SFIX R,3663743.0,
EFIX R,3663743.0,3663777 36 1213.3 589.1 1301
SSACC R,3663779.0,
ESACC R,3663779.0,3663809 32 1212.5 593.1 1215.2 588.2 0.15 83
SFIX R,3663811.0,
EFIX R,3663811.0,3663859 50 1211.4 589.1 1296
SSACC R,3663861.0,
SBLINK R,3663901.0,
EBLINK R,3663901.0,3664137 238
ESACC R,3663861.0,3664185 326 1210.7 584.6 1175.7 492.9 2.64 582
SFIX R,3664187.0,
EFIX R,3664187.0,3664257 72 1183.9 503.2 1271
SSACC R,3664259.0,
ESACC R,3664259.0,3664297 40 1190.9 504.9 1216.5 562.3 1.69 149
SFIX R,3664299.0,
EFIX R,3664299.0,3665603 1306 1216.7 578.6 1156
SSACC R,3665605.0,
ESACC R,3665605.0,3665619 16 1180.0 592.1 1206.6 606.5 0.81 72
SFIX R,3665621.0,
EFIX R,3665621.0,3666217 598 1216.9 602.7 1306
SSACC R,3666219.0,
ESACC R,3666219.0,3666223 6 1208.4 591.0 1201.5 594.7 0.21 57
SFIX R,3666225.0,
EFIX R,3666225.0,3666699 476 1195.2 589.4 1503
SSACC R,3666701.0,
ESACC R,3666701.0,3666709 10 1203.1 582.5 1188.0 585.4 0.41 54
SFIX R,3666711.0,
EFIX R,3666711.0,3667265 556 1161.5 583.9 1504
SSACC R,3667267.0,
ESACC R,3667267.0,3667277 12 1150.9 580.9 1170.6 592.9 0.62 61
SFIX R,3667279.0,
EFIX R,3667279.0,3668023 746 1170.1 599.0 1445
SSACC R,3668025.0,
ESACC R,3668025.0,3668057 34 1182.4 597.9 1166.3 568.3 0.91 78
SFIX R,3668059.0,
EFIX R,3668059.0,3669863 1806 1176.7 570.0 1323
SSACC R,3669865.0,
ESACC R,3669865.0,3669871 8 1173.0 552.5 1186.2 548.7 0.37 55
SFIX R,3669873.0,
EFIX R,3669873.0,3670653 782 1196.2 572.8 1425
SSACC R,3670655.0,
SBLINK R,3670679.0,
EBLINK R,3670679.0,3670923 246
ESACC R,3670655.0,3670971 318 1196.9 592.7 1138.2 555.0 1.88 769
SFIX R,3670973.0,
EFIX R,3670973.0,3671479 508 1156.6 577.1 1360
SSACC R,3671481.0,
ESACC R,3671481.0,3671493 14 1172.2 593.0 1185.7 616.2 0.72 71
SFIX R,3671495.0,
EFIX R,3671495.0,3677031 5538 1162.5 588.4 1293
SSACC R,3677033.0,
SBLINK R,3677075.0,
EBLINK R,3677075.0,3677231 158
ESACC R,3677033.0,3677321 290 1113.1 581.3 1088.1 544.7 1.20 1940
SFIX R,3677323.0,
EFIX R,3677323.0,3678613 1292 1117.6 573.7 1384
SSACC R,3678615.0,
ESACC R,3678615.0,3678619 6 1149.3 565.3 1149.2 568.8 0.09 42
SFIX R,3678621.0,
EFIX R,3678621.0,3684167 5548 1118.7 596.4 1440
SSACC R,3684169.0,
SBLINK R,3684203.0,
EBLINK R,3684203.0,3684391 190
ESACC R,3684169.0,3684475 308 1057.4 618.9 1115.6 592.8 1.72 1414
SFIX R,3684477.0,
EFIX R,3684477.0,3684539 64 1120.5 588.0 1308
SSACC R,3684541.0,
ESACC R,3684541.0,3684557 18 1127.2 584.0 1122.0 598.1 0.41 73
SFIX R,3684559.0,
EFIX R,3684559.0,3685093 536 1149.1 608.2 1159
SSACC R,3685095.0,
ESACC R,3685095.0,3685111 18 1172.3 635.6 1209.7 642.3 1.02 75
SFIX R,3685113.0,
EFIX R,3685113.0,3685327 216 1212.6 645.1 985
SSACC R,3685329.0,
ESACC R,3685329.0,3685337 10 1218.1 644.0 1228.2 625.2 0.57 75
SFIX R,3685339.0,
EFIX R,3685339.0,3686431 1094 1207.6 601.9 1085
SSACC R,3686433.0,
SBLINK R,3686637.0,
EBLINK R,3686637.0,3686831 196
ESACC R,3686433.0,3686903 472 1179.5 587.4 1206.0 537.5 1.52 1726
SFIX R,3686905.0,
EFIX R,3686905.0,3687027 124 1220.0 529.1 1282
SSACC R,3687029.0,
ESACC R,3687029.0,3687045 18 1227.7 515.1 1195.0 541.1 1.12 75
SFIX R,3687047.0,
EFIX R,3687047.0,3687375 330 1202.9 562.8 1324
SSACC R,3687377.0,
ESACC R,3687377.0,3687391 16 1205.4 567.1 1234.6 589.6 0.99 95
SFIX R,3687393.0,
EFIX R,3687393.0,3688239 848 1235.4 584.3 1343
SSACC R,3688241.0,
ESACC R,3688241.0,3688251 12 1222.1 591.6 1242.3 580.8 0.61 60
SFIX R,3688253.0,
EFIX R,3688253.0,3689863 1612 1220.9 555.2 1727
SSACC R,3689865.0,
ESACC R,3689865.0,3689877 14 1194.3 552.7 1216.7 567.1 0.71 60
SFIX R,3689879.0,
EFIX R,3689879.0,3690027 150 1227.3 577.3 1592
SSACC R,3690029.0,
SBLINK R,3690083.0,
EBLINK R,3690083.0,3690265 184
ESACC R,3690029.0,3690325 298 1223.1 586.7 1209.9 609.8 0.71 840
SFIX R,3690327.0,
EFIX R,3690327.0,3690553 228 1224.0 563.3 1563
SSACC R,3690555.0,
ESACC R,3690555.0,3690571 18 1221.1 552.9 1184.2 548.8 0.99 73
SFIX R,3690573.0,
EFIX R,3690573.0,3691723 1152 1221.6 555.9 1434
SSACC R,3691725.0,
SBLINK R,3691757.0,
EBLINK R,3691757.0,3691943 188
ESACC R,3691725.0,3692015 292 1222.6 543.6 1184.1 571.4 1.27 827
SFIX R,3692017.0,
EFIX R,3692017.0,3693509 1494 1204.0 550.8 1536
SSACC R,3693511.0,
ESACC R,3693511.0,3693519 10 1197.3 554.4 1216.7 551.0 0.53 64
SFIX R,3693521.0,
EFIX R,3693521.0,3694075 556 1226.6 549.3 1584
SSACC R,3694077.0,
SBLINK R,3694119.0,
EBLINK R,3694119.0,3694299 182
ESACC R,3694077.0,3694341 266 1222.6 562.6 1207.9 610.1 1.34 1113
SFIX R,3694343.0,
EFIX R,3694343.0,3694529 188 1229.9 556.1 1554
SSACC R,3694531.0,
ESACC R,3694531.0,3694551 22 1228.8 543.9 1217.6 576.1 0.92 67
SFIX R,3694553.0,
EFIX R,3694553.0,3708535 13984 1174.0 569.7 1489
SSACC R,3708537.0,
ESACC R,3708537.0,3708549 14 1117.5 584.0 1124.9 611.4 0.77 73
SFIX R,3708551.0,
EFIX R,3708551.0,3708571 22 1118.5 603.7 1364
SSACC R,3708573.0,
SBLINK R,3708619.0,
EBLINK R,3708619.0,3708859 242
ESACC R,3708573.0,3708969 398 1114.4 600.0 1145.2 541.2 1.79 455
SFIX R,3708971.0,
EFIX R,3708971.0,3712191 3222 1163.0 550.5 1420
SSACC R,3712193.0,
ESACC R,3712193.0,3712205 14 1186.8 534.8 1206.4 547.0 0.62 54
SFIX R,3712207.0,
EFIX R,3712207.0,3712545 340 1199.2 559.8 1429
SSACC R,3712547.0,
SBLINK R,3712583.0,
EBLINK R,3712583.0,3712785 204
ESACC R,3712547.0,3712817 272 1187.0 573.3 1201.0 595.7 0.71 1286
SFIX R,3712819.0,
EFIX R,3712819.0,3714303 1486 1225.0 597.0 1295
SSACC R,3714305.0,
SBLINK R,3714331.0,
EBLINK R,3714331.0,3714471 142
ESACC R,3714305.0,3714519 216 1214.4 576.2 1195.1 576.4 0.52 1368
SFIX R,3714521.0,
EFIX R,3714521.0,3715455 936 1212.0 573.6 1610
SSACC R,3715457.0,
SBLINK R,3715485.0,
EBLINK R,3715485.0,3715655 172
ESACC R,3715457.0,3715711 256 1212.7 588.0 1186.3 584.5 0.71 1518
SFIX R,3715713.0,
EFIX R,3715713.0,3716747 1036 1218.9 567.8 1641
SSACC R,3716749.0,
SBLINK R,3716781.0,
EBLINK R,3716781.0,3716955 176
ESACC R,3716749.0,3717015 268 1207.2 578.2 1182.5 622.0 1.35 1344
SFIX R,3717017.0,
EFIX R,3717017.0,3719325 2310 1197.0 580.8 1699
SSACC R,3719327.0,
SBLINK R,3719365.0,
EBLINK R,3719365.0,3719489 126
ESACC R,3719327.0,3719593 268 1213.7 579.3 1182.3 586.2 0.86 1525
SFIX R,3719595.0,
EFIX R,3719595.0,3725113 5520 1136.7 566.2 1775
SSACC R,3725115.0,
SBLINK R,3725165.0,
EBLINK R,3725165.0,3725389 226
ESACC R,3725115.0,3725463 350 1068.3 593.3 1137.9 574.5 1.95 1317
SFIX R,3725465.0,
EFIX R,3725465.0,3732481 7018 1130.7 577.1 1711
SSACC R,3732483.0,
SBLINK R,3732523.0,
EBLINK R,3732523.0,3732705 184
ESACC R,3732483.0,3732821 340 1065.8 598.9 1148.3 606.4 2.23 1570
SFIX R,3732823.0,
EFIX R,3732823.0,3732861 40 1150.4 599.0 1765
SSACC R,3732863.0,
ESACC R,3732863.0,3732877 16 1157.4 588.0 1191.6 580.7 0.94 86
SFIX R,3732879.0,
EFIX R,3732879.0,3733287 410 1186.3 569.9 1713
SSACC R,3733289.0,
ESACC R,3733289.0,3733303 16 1174.2 596.1 1199.8 579.2 0.82 80
SFIX R,3733305.0,
EFIX R,3733305.0,3733505 202 1197.5 598.9 1507
SSACC R,3733507.0,
SBLINK R,3733549.0,
EBLINK R,3733549.0,3733691 144
ESACC R,3733507.0,3733775 270 1189.6 602.9 1169.1 579.4 0.84 1136
SFIX R,3733777.0,
EFIX R,3733777.0,3734591 816 1163.6 587.4 1746
SSACC R,3734593.0,
ESACC R,3734593.0,3734597 6 1164.1 605.3 1171.5 599.5 0.25 43
SFIX R,3734599.0,
EFIX R,3734599.0,3734783 186 1180.6 605.2 1819
SSACC R,3734785.0,
ESACC R,3734785.0,3734789 6 1182.8 605.6 1178.2 608.2 0.14 46
SFIX R,3734791.0,
EFIX R,3734791.0,3734877 88 1176.1 608.1 1818
SSACC R,3734879.0,
ESACC R,3734879.0,3734899 22 1170.2 607.1 1126.5 594.9 1.22 94
SFIX R,3734901.0,
EFIX R,3734901.0,3735109 210 1122.4 607.4 1842
SSACC R,3735111.0,
SBLINK R,3735147.0,
EBLINK R,3735147.0,3735283 138
ESACC R,3735111.0,3735401 292 1123.0 596.4 1116.5 571.5 0.70 1324
SFIX R,3735403.0,
EFIX R,3735403.0,3735753 352 1125.8 569.1 1876
SSACC R,3735755.0,
ESACC R,3735755.0,3735765 12 1133.7 566.4 1160.8 579.0 0.81 86
SFIX R,3735767.0,
EFIX R,3735767.0,3736305 540 1162.7 591.6 1717
SSACC R,3736307.0,
ESACC R,3736307.0,3736323 18 1155.9 602.5 1122.3 609.4 0.92 69
SFIX R,3736325.0,
EFIX R,3736325.0,3737021 698 1132.3 610.4 1642
SSACC R,3737023.0,
ESACC R,3737023.0,3737035 14 1152.3 630.0 1182.9 625.7 0.83 74
SFIX R,3737037.0,
EFIX R,3737037.0,3737957 922 1183.1 609.1 1754
SSACC R,3737959.0,
ESACC R,3737959.0,3737975 18 1145.7 595.1 1173.6 595.9 0.75 66
SFIX R,3737977.0,
EFIX R,3737977.0,3738171 196 1165.5 597.0 1788
SSACC R,3738173.0,
ESACC R,3738173.0,3738183 12 1157.2 603.7 1175.2 591.7 0.58 72
SFIX R,3738185.0,
EFIX R,3738185.0,3738737 554 1173.9 599.6 1808
SSACC R,3738739.0,
SBLINK R,3738909.0,
EBLINK R,3738909.0,3739079 172
ESACC R,3738739.0,3739125 388 1173.2 616.5 1188.4 607.3 0.48 1148
SFIX R,3739127.0,
EFIX R,3739127.0,3742073 2948 1185.7 625.9 1769
SSACC R,3742075.0,
ESACC R,3742075.0,3742085 12 1178.5 625.2 1198.9 614.6 0.62 66
SFIX R,3742087.0,
EFIX R,3742087.0,3742655 570 1208.8 608.2 1984
SSACC R,3742657.0,
ESACC R,3742657.0,3742673 18 1202.0 615.8 1191.2 607.5 0.37 56
SFIX R,3742675.0,
EFIX R,3742675.0,3743455 782 1209.9 637.1 1786
SSACC R,3743457.0,
ESACC R,3743457.0,3743461 6 1205.2 643.6 1202.8 630.0 0.37 60
SFIX R,3743463.0,
EFIX R,3743463.0,3744543 1082 1203.7 643.4 1620
SSACC R,3744545.0,
ESACC R,3744545.0,3744559 16 1212.3 665.4 1186.2 665.9 0.70 68
SFIX R,3744561.0,
EFIX R,3744561.0,3745903 1344 1207.5 641.0 1476
SSACC R,3745905.0,
ESACC R,3745905.0,3745919 16 1206.7 634.2 1230.8 640.7 0.67 54
SFIX R,3745921.0,
EFIX R,3745921.0,3747135 1216 1209.7 632.4 1720
SSACC R,3747137.0,
SBLINK R,3747177.0,
EBLINK R,3747177.0,3747355 180
ESACC R,3747137.0,3747431 296 1194.4 636.9 1185.5 626.0 0.38 1084
SFIX R,3747433.0,
EFIX R,3747433.0,3747583 152 1203.1 634.4 1765
SSACC R,3747585.0,
ESACC R,3747585.0,3747617 34 1206.1 639.0 1202.0 613.9 0.68 66
SFIX R,3747619.0,
EFIX R,3747619.0,3747953 336 1203.0 628.9 1703
SSACC R,3747955.0,
ESACC R,3747955.0,3747965 12 1202.2 634.0 1202.0 651.4 0.47 54
SFIX R,3747967.0,
EFIX R,3747967.0,3748743 778 1190.8 648.1 1648
SSACC R,3748745.0,
SBLINK R,3748811.0,
EBLINK R,3748811.0,3749035 226
ESACC R,3748745.0,3749131 388 1163.5 674.7 1159.0 691.0 0.45 1799
SFIX R,3749133.0,
EFIX R,3749133.0,3749233 102 1169.7 692.4 1757
SSACC R,3749235.0,
ESACC R,3749235.0,3749257 24 1175.4 686.9 1200.7 638.6 1.46 100
SFIX R,3749259.0,
EFIX R,3749259.0,3750427 1170 1203.4 634.7 1636
SSACC R,3750429.0,
ESACC R,3750429.0,3750437 10 1199.9 640.2 1219.0 638.7 0.51 68
SFIX R,3750439.0,
EFIX R,3750439.0,3752737 2300 1196.9 626.6 1898
SSACC R,3752739.0,
ESACC R,3752739.0,3752749 12 1187.9 622.4 1206.6 614.3 0.55 52
SFIX R,3752751.0,
EFIX R,3752751.0,3753387 638 1218.0 628.9 1952
SSACC R,3753389.0,
ESACC R,3753389.0,3753395 8 1226.0 631.2 1231.6 620.2 0.33 57
SFIX R,3753397.0,
EFIX R,3753397.0,3753779 384 1221.2 621.4 1908
SSACC R,3753781.0,
ESACC R,3753781.0,3753785 6 1203.9 614.7 1195.4 610.3 0.26 50
SFIX R,3753787.0,
EFIX R,3753787.0,3753819 34 1192.2 602.3 1882
SSACC R,3753821.0,
ESACC R,3753821.0,3753835 16 1191.3 593.5 1193.1 607.6 0.38 65
SFIX R,3753837.0,
EFIX R,3753837.0,3755629 1794 1205.0 612.5 1865
SSACC R,3755631.0,
ESACC R,3755631.0,3755639 10 1205.8 643.5 1207.1 630.4 0.35 46
SFIX R,3755641.0,
EFIX R,3755641.0,3756089 450 1210.8 631.2 1979
SSACC R,3756091.0,
ESACC R,3756091.0,3756123 34 1204.8 624.4 1199.8 614.2 0.31 63
SFIX R,3756125.0,
EFIX R,3756125.0,3757191 1068 1209.9 630.0 2030
SSACC R,3757193.0,
ESACC R,3757193.0,3757199 8 1208.8 625.6 1224.2 625.1 0.41 54
SFIX R,3757201.0,
EFIX R,3757201.0,3762271 5072 1172.2 621.6 2038
SSACC R,3762273.0,
SBLINK R,3762311.0,
EBLINK R,3762311.0,3762573 264
ESACC R,3762273.0,3762691 420 1125.5 641.5 1142.3 653.7 0.56 908
SFIX R,3762693.0,
EFIX R,3762693.0,3764649 1958 1181.4 640.5 1772
SSACC R,3764651.0,
SBLINK R,3764701.0,
EBLINK R,3764701.0,3764915 216
ESACC R,3764651.0,3765079 430 1178.3 653.6 1168.6 640.7 0.43 794
SFIX R,3765081.0,
EFIX R,3765081.0,3765209 130 1173.7 639.9 1842
SSACC R,3765211.0,
ESACC R,3765211.0,3765235 26 1177.5 630.1 1179.5 632.1 0.08 59
SFIX R,3765237.0,
EFIX R,3765237.0,3766523 1288 1170.5 632.9 1799
SSACC R,3766525.0,
ESACC R,3766525.0,3766533 10 1165.7 637.5 1178.8 627.2 0.45 55
SFIX R,3766535.0,
EFIX R,3766535.0,3766903 370 1189.3 644.5 1836
SSACC R,3766905.0,
SBLINK R,3766933.0,
EBLINK R,3766933.0,3767159 228
ESACC R,3766905.0,3767225 322 1184.5 673.7 1164.1 647.4 0.89 1187
SFIX R,3767227.0,
EFIX R,3767227.0,3767257 32 1177.0 646.1 1566
SSACC R,3767259.0,
ESACC R,3767259.0,3767303 46 1183.3 634.6 1189.6 642.3 0.27 59
SFIX R,3767305.0,
EFIX R,3767305.0,3767771 468 1201.8 619.6 1503
SSACC R,3767773.0,
SBLINK R,3767805.0,
EBLINK R,3767805.0,3768071 268
ESACC R,3767773.0,3768131 360 1200.9 632.4 1148.1 639.0 1.43 792
SFIX R,3768133.0,
EFIX R,3768133.0,3768153 22 1153.6 637.2 1443
SSACC R,3768155.0,
ESACC R,3768155.0,3768169 16 1160.7 641.6 1167.2 631.7 0.32 51
SFIX R,3768171.0,
EFIX R,3768171.0,3768321 152 1174.1 640.6 1511
SSACC R,3768323.0,
ESACC R,3768323.0,3768343 22 1175.1 639.9 1223.5 609.7 1.53 91
SFIX R,3768345.0,
EFIX R,3768345.0,3768645 302 1231.6 609.3 1510
SSACC R,3768647.0,
ESACC R,3768647.0,3768655 10 1239.5 600.8 1238.0 612.5 0.32 51
SFIX R,3768657.0,
EFIX R,3768657.0,3769679 1024 1205.9 623.1 1689
SSACC R,3769681.0,
ESACC R,3769681.0,3769689 10 1190.0 645.3 1203.0 651.0 0.38 51
SFIX R,3769691.0,
EFIX R,3769691.0,3770423 734 1191.2 651.8 1877
SSACC R,3770425.0,
ESACC R,3770425.0,3770447 24 1174.1 648.3 1169.4 664.1 0.44 48
SFIX R,3770449.0,
EFIX R,3770449.0,3770677 230 1172.2 658.2 1822
SSACC R,3770679.0,
ESACC R,3770679.0,3770691 14 1174.4 659.5 1198.0 642.9 0.77 72
SFIX R,3770693.0,
EFIX R,3770693.0,3771039 348 1191.5 642.9 1800
SSACC R,3771041.0,
SBLINK R,3771091.0,
EBLINK R,3771091.0,3771333 244
ESACC R,3771041.0,3771421 382 1182.6 647.2 1156.5 666.9 0.88 1146
SFIX R,3771423.0,
EFIX R,3771423.0,3771537 116 1168.4 657.1 1783
SSACC R,3771539.0,
ESACC R,3771539.0,3771569 32 1172.1 657.4 1172.5 656.4 0.03 60
SFIX R,3771571.0,
EFIX R,3771571.0,3771929 360 1175.9 643.1 1775
SSACC R,3771931.0,
SBLINK R,3771973.0,
EBLINK R,3771973.0,3772337 366
ESACC R,3771931.0,3772369 440 1177.1 657.5 1175.8 779.1 3.26 1034
SFIX R,3772371.0,
EFIX R,3772371.0,3772461 92 1171.3 779.5 1911
SSACC R,3772463.0,
ESACC R,3772463.0,3772533 72 1172.8 781.4 1183.0 629.8 4.07 342
SFIX R,3772535.0,
EFIX R,3772535.0,3772683 150 1193.5 636.2 2008
SSACC R,3772685.0,
ESACC R,3772685.0,3772725 42 1199.8 633.4 1203.2 643.4 0.28 69
SFIX R,3772727.0,
EFIX R,3772727.0,3772767 42 1202.8 641.6 1930
SSACC R,3772769.0,
ESACC R,3772769.0,3772773 6 1204.6 656.1 1203.6 642.8 0.36 65
SFIX R,3772775.0,
EFIX R,3772775.0,3773033 260 1209.2 646.0 1873
SSACC R,3773035.0,
ESACC R,3773035.0,3773049 16 1213.2 658.4 1214.4 644.3 0.38 58
SFIX R,3773051.0,
EFIX R,3773051.0,3773297 248 1204.5 648.3 1885
SSACC R,3773299.0,
SBLINK R,3773357.0,
EBLINK R,3773357.0,3773605 250
ESACC R,3773299.0,3773699 402 1192.4 662.2 1150.6 596.0 2.11 1041
SFIX R,3773701.0,
EFIX R,3773701.0,3773907 208 1169.7 593.3 2187
SSACC R,3773909.0,
ESACC R,3773909.0,3773925 18 1179.7 606.8 1166.0 621.9 0.55 61
SFIX R,3773927.0,
EFIX R,3773927.0,3774381 456 1187.6 616.3 2065
SSACC R,3774383.0,
ESACC R,3774383.0,3774393 12 1187.1 635.8 1186.3 628.2 0.21 56
SFIX R,3774395.0,
EFIX R,3774395.0,3774505 112 1183.3 627.8 1978
SSACC R,3774507.0,
ESACC R,3774507.0,3774511 6 1179.1 621.5 1179.4 622.1 0.02 46
SFIX R,3774513.0,
EFIX R,3774513.0,3774653 142 1180.2 633.1 1976
SSACC R,3774655.0,
ESACC R,3774655.0,3774669 16 1177.8 638.0 1211.4 651.8 0.97 78
SFIX R,3774671.0,
EFIX R,3774671.0,3774859 190 1221.4 649.1 2007
SSACC R,3774861.0,
ESACC R,3774861.0,3774869 10 1224.3 638.2 1211.4 626.0 0.48 54
SFIX R,3774871.0,
EFIX R,3774871.0,3775427 558 1201.8 623.1 2136
SSACC R,3775429.0,
ESACC R,3775429.0,3775433 6 1189.4 631.6 1191.5 624.9 0.19 49
SFIX R,3775435.0,
EFIX R,3775435.0,3775503 70 1190.4 627.2 2097
SSACC R,3775505.0,
SBLINK R,3775545.0,
EBLINK R,3775545.0,3775725 182
ESACC R,3775505.0,3775801 298 1185.6 637.3 1222.5 609.4 1.24 1113
SFIX R,3775803.0,
EFIX R,3775803.0,3775899 98 1222.8 595.5 2180
SSACC R,3775901.0,
ESACC R,3775901.0,3775925 26 1223.9 593.8 1200.4 576.7 0.78 97
SFIX R,3775927.0,
EFIX R,3775927.0,3777203 1278 1207.1 588.4 2246
SSACC R,3777205.0,
SBLINK R,3777245.0,
EBLINK R,3777245.0,3777701 458
ESACC R,3777205.0,3777779 576 1198.7 588.9 1182.4 555.9 0.99 1282
SFIX R,3777781.0,
EFIX R,3777781.0,3777861 82 1182.9 567.2 2401
SSACC R,3777863.0,
ESACC R,3777863.0,3777905 44 1178.6 576.8 1208.6 540.2 1.27 102
SFIX R,3777907.0,
EFIX R,3777907.0,3778417 512 1207.3 598.8 2113
SSACC R,3778419.0,
ESACC R,3778419.0,3778427 10 1208.4 641.7 1224.2 632.6 0.49 64
SFIX R,3778429.0,
EFIX R,3778429.0,3779565 1138 1218.6 607.4 2030
SSACC R,3779567.0,
SBLINK R,3779621.0,
EBLINK R,3779621.0,3779773 154
ESACC R,3779567.0,3779871 306 1219.4 598.3 1210.4 613.0 0.46 869
SFIX R,3779873.0,
EFIX R,3779873.0,3781593 1722 1224.8 579.1 2126
SSACC R,3781595.0,
SBLINK R,3781645.0,
EBLINK R,3781645.0,3782227 584
ESACC R,3781595.0,3782313 720 1215.2 607.5 1239.6 542.1 1.87 1067
SFIX R,3782315.0,
EFIX R,3782315.0,3782359 46 1241.6 551.4 2233
SSACC R,3782361.0,
ESACC R,3782361.0,3782387 28 1243.7 544.9 1239.0 563.0 0.50 66
SFIX R,3782389.0,
EFIX R,3782389.0,3782531 144 1235.4 562.9 2194
SSACC R,3782533.0,
ESACC R,3782533.0,3782537 6 1239.1 562.5 1237.7 573.6 0.30 52
SFIX R,3782539.0,
EFIX R,3782539.0,3782873 336 1246.7 583.6 1881
SSACC R,3782875.0,
ESACC R,3782875.0,3782885 12 1245.7 599.8 1218.1 611.5 0.80 84
SFIX R,3782887.0,
EFIX R,3782887.0,3783363 478 1212.6 619.6 1770
SSACC R,3783365.0,
ESACC R,3783365.0,3783375 12 1204.6 622.8 1223.3 620.5 0.50 54
SFIX R,3783377.0,
EFIX R,3783377.0,3783639 264 1225.0 613.4 1897
SSACC R,3783641.0,
SBLINK R,3783693.0,
EBLINK R,3783693.0,3784547 856
ESACC R,3783641.0,3784665 1026 1198.9 658.4 1196.1 580.2 2.11 1130
SFIX R,3784667.0,
EFIX R,3784667.0,3784863 198 1203.7 596.4 2010
SSACC R,3784865.0,
ESACC R,3784865.0,3784885 22 1208.7 605.5 1190.1 591.0 0.63 77
SFIX R,3784887.0,
EFIX R,3784887.0,3785937 1052 1208.0 580.1 1685
SSACC R,3785939.0,
ESACC R,3785939.0,3785947 10 1188.4 587.5 1208.8 579.4 0.59 69
SFIX R,3785949.0,
EFIX R,3785949.0,3786147 200 1216.2 592.7 2019
SSACC R,3786149.0,
SBLINK R,3786211.0,
EBLINK R,3786211.0,3786943 734
ESACC R,3786149.0,3787041 894 1206.2 606.0 1150.6 531.8 2.50 769
SFIX R,3787043.0,
EFIX R,3787043.0,3787207 166 1166.1 540.8 2060
SSACC R,3787209.0,
ESACC R,3787209.0,3787225 18 1177.2 556.8 1217.9 582.1 1.29 99
SFIX R,3787227.0,
EFIX R,3787227.0,3789387 2162 1219.2 601.2 1805
SSACC R,3789389.0,
SBLINK R,3789427.0,
EBLINK R,3789427.0,3789569 144
ESACC R,3789389.0,3789737 350 1191.6 632.2 1216.5 613.5 0.83 1090
SFIX R,3789739.0,
EFIX R,3789739.0,3789815 78 1216.8 612.5 1994
SSACC R,3789817.0,
ESACC R,3789817.0,3789827 12 1217.9 601.4 1217.4 617.4 0.43 60
SFIX R,3789829.0,
EFIX R,3789829.0,3790009 182 1216.6 607.9 2019
SSACC R,3790011.0,
ESACC R,3790011.0,3790025 16 1215.6 608.5 1219.0 592.5 0.44 69
SFIX R,3790027.0,
EFIX R,3790027.0,3790703 678 1232.1 587.5 1999
SSACC R,3790705.0,
ESACC R,3790705.0,3790711 8 1243.2 571.6 1241.5 583.6 0.33 64
SFIX R,3790713.0,
EFIX R,3790713.0,3790933 222 1244.3 581.9 2152
SSACC R,3790935.0,
ESACC R,3790935.0,3790975 42 1239.3 588.5 1201.7 591.5 1.01 102
SFIX R,3790977.0,
EFIX R,3790977.0,3791071 96 1198.3 595.7 2214
SSACC R,3791073.0,
ESACC R,3791073.0,3791077 6 1194.7 608.0 1198.6 592.6 0.43 61
SFIX R,3791079.0,
EFIX R,3791079.0,3791351 274 1199.1 595.3 2259
SSACC R,3791353.0,
SBLINK R,3791403.0,
EBLINK R,3791403.0,3791797 396
ESACC R,3791353.0,3791879 528 1195.5 600.8 1234.0 601.7 1.03 928
SFIX R,3791881.0,
EFIX R,3791881.0,3791997 118 1240.4 592.2 2201
SSACC R,3791999.0,
ESACC R,3791999.0,3792007 10 1237.8 587.1 1224.5 575.6 0.47 66
SFIX R,3792009.0,
EFIX R,3792009.0,3792127 120 1220.9 568.4 2211
SSACC R,3792129.0,
ESACC R,3792129.0,3792137 10 1219.7 571.0 1219.0 564.0 0.19 45
SFIX R,3792139.0,
EFIX R,3792139.0,3792301 164 1221.2 582.1 2074
SSACC R,3792303.0,
ESACC R,3792303.0,3792319 18 1222.1 588.8 1226.5 585.3 0.15 56
SFIX R,3792321.0,
EFIX R,3792321.0,3793255 936 1215.3 587.1 2053
SSACC R,3793257.0,
ESACC R,3793257.0,3793269 14 1210.6 578.8 1216.7 570.6 0.27 56
SFIX R,3793271.0,
EFIX R,3793271.0,3793583 314 1221.1 570.2 2264
SSACC R,3793585.0,
ESACC R,3793585.0,3793591 8 1228.9 554.2 1225.1 572.3 0.50 59
SFIX R,3793593.0,
EFIX R,3793593.0,3794071 480 1226.7 565.0 2260
SSACC R,3794073.0,
ESACC R,3794073.0,3794089 18 1221.8 567.6 1181.8 572.3 1.08 86
SFIX R,3794091.0,
EFIX R,3794091.0,3794237 148 1180.9 565.7 2245
SSACC R,3794239.0,
ESACC R,3794239.0,3794249 12 1181.1 564.3 1182.9 552.7 0.32 61
SFIX R,3794251.0,
EFIX R,3794251.0,3794365 116 1186.2 553.6 2262
SSACC R,3794367.0,
ESACC R,3794367.0,3794379 14 1193.1 542.8 1189.4 559.5 0.46 61
SFIX R,3794381.0,
EFIX R,3794381.0,3794465 86 1191.2 549.4 2258
SSACC R,3794467.0,
ESACC R,3794467.0,3794475 10 1193.5 549.6 1210.4 556.3 0.49 70
SFIX R,3794477.0,
EFIX R,3794477.0,3794553 78 1219.5 549.5 2250
SSACC R,3794555.0,
ESACC R,3794555.0,3794559 6 1224.2 539.7 1219.2 544.1 0.18 53
SFIX R,3794561.0,
EFIX R,3794561.0,3794879 320 1222.7 551.3 2222
SSACC R,3794881.0,
ESACC R,3794881.0,3794933 54 1223.4 541.6 1223.5 552.1 0.28 66
SFIX R,3794935.0,
EFIX R,3794935.0,3794977 44 1222.6 550.9 2208
SSACC R,3794979.0,
ESACC R,3794979.0,3795035 58 1221.0 558.0 1222.9 549.4 0.24 56
SFIX R,3795037.0,
EFIX R,3795037.0,3795219 184 1225.0 543.4 2214
SSACC R,3795221.0,
SBLINK R,3795263.0,
EBLINK R,3795263.0,3795413 152
ESACC R,3795221.0,3795519 300 1223.0 566.5 1210.1 594.9 0.84 1093
SFIX R,3795521.0,
EFIX R,3795521.0,3795539 20 1212.1 570.6 2198
SSACC R,3795541.0,
ESACC R,3795541.0,3795595 56 1214.4 549.2 1213.7 548.0 0.04 94
SFIX R,3795597.0,
EFIX R,3795597.0,3795725 130 1213.8 557.1 2220
SSACC R,3795727.0,
ESACC R,3795727.0,3795733 8 1214.6 545.2 1215.4 550.5 0.14 53
SFIX R,3795735.0,
EFIX R,3795735.0,3796575 842 1221.8 563.7 2111
SSACC R,3796577.0,
ESACC R,3796577.0,3796593 18 1187.9 553.6 1186.1 557.0 0.10 53
SFIX R,3796595.0,
EFIX R,3796595.0,3796699 106 1181.9 551.2 2216
SSACC R,3796701.0,
ESACC R,3796701.0,3796721 22 1175.4 540.9 1174.7 540.2 0.03 54
SFIX R,3796723.0,
EFIX R,3796723.0,3796757 36 1171.7 550.3 2241
SSACC R,3796759.0,
ESACC R,3796759.0,3796823 66 1173.4 540.0 1168.0 545.9 0.22 75
SFIX R,3796825.0,
EFIX R,3796825.0,3796879 56 1171.1 550.8 2255
SSACC R,3796881.0,
ESACC R,3796881.0,3796889 10 1181.3 537.3 1179.8 550.9 0.37 67
SFIX R,3796891.0,
EFIX R,3796891.0,3797051 162 1184.7 547.0 2259
SSACC R,3797053.0,
SBLINK R,3797119.0,
EBLINK R,3797119.0,3797365 248
ESACC R,3797053.0,3797595 544 1183.5 558.5 1194.0 559.2 0.28 1272
SFIX R,3797597.0,
EFIX R,3797597.0,3797657 62 1196.4 554.5 2148
SSACC R,3797659.0,
ESACC R,3797659.0,3797677 20 1199.0 557.1 1199.7 551.8 0.14 63
SFIX R,3797679.0,
EFIX R,3797679.0,3797793 116 1203.9 568.7 2053
SSACC R,3797795.0,
ESACC R,3797795.0,3797813 20 1210.6 570.6 1214.1 574.1 0.13 71
SFIX R,3797815.0,
EFIX R,3797815.0,3797877 64 1207.6 586.3 1932
SSACC R,3797879.0,
ESACC R,3797879.0,3797889 12 1209.4 588.1 1236.3 578.8 0.76 80
SFIX R,3797891.0,
EFIX R,3797891.0,3798531 642 1237.7 595.0 1868
SSACC R,3798533.0,
SBLINK R,3798603.0,
EBLINK R,3798603.0,3798847 246
ESACC R,3798533.0,3799053 522 1220.5 607.8 1199.9 580.8 0.91 912
SFIX R,3799055.0,
EFIX R,3799055.0,3799357 304 1212.0 599.5 1866
SSACC R,3799359.0,
ESACC R,3799359.0,3799369 12 1210.5 634.1 1212.0 615.5 0.50 70
SFIX R,3799371.0,
EFIX R,3799371.0,3799481 112 1217.2 635.3 1727
SSACC R,3799483.0,
ESACC R,3799483.0,3799511 30 1231.4 646.6 1231.6 641.0 0.15 75
SFIX R,3799513.0,
EFIX R,3799513.0,3800029 518 1202.0 657.0 1716
SSACC R,3800031.0,
ESACC R,3800031.0,3800069 40 1177.5 661.7 1214.9 623.2 1.44 84
SFIX R,3800071.0,
EFIX R,3800071.0,3800303 234 1213.9 629.1 1836
SSACC R,3800305.0,
ESACC R,3800305.0,3800313 10 1219.0 634.4 1214.5 634.7 0.12 60
SFIX R,3800315.0,
EFIX R,3800315.0,3800877 564 1212.8 622.6 1858
SSACC R,3800879.0,
ESACC R,3800879.0,3800887 10 1200.1 603.0 1207.5 616.3 0.41 48
SFIX R,3800889.0,
EFIX R,3800889.0,3801151 264 1201.9 633.0 1965
SSACC R,3801153.0,
ESACC R,3801153.0,3801171 20 1204.0 635.1 1204.9 627.5 0.21 75
SFIX R,3801173.0,
EFIX R,3801173.0,3801193 22 1203.7 633.5 2032
SSACC R,3801195.0,
ESACC R,3801195.0,3801207 14 1203.3 637.5 1206.2 619.9 0.48 86
SFIX R,3801209.0,
EFIX R,3801209.0,3801501 294 1205.4 622.5 2094
SSACC R,3801503.0,
ESACC R,3801503.0,3801519 18 1203.3 605.1 1201.2 607.2 0.08 52
SFIX R,3801521.0,
EFIX R,3801521.0,3801645 126 1200.7 610.4 2154
SSACC R,3801647.0,
SBLINK R,3801701.0,
EBLINK R,3801701.0,3801899 200
ESACC R,3801647.0,3802069 424 1197.3 613.6 1188.6 584.2 0.83 1038
SFIX R,3802071.0,
EFIX R,3802071.0,3802199 130 1185.7 573.8 2184
SSACC R,3802201.0,
ESACC R,3802201.0,3802223 24 1181.8 557.1 1186.0 572.5 0.43 79
SFIX R,3802225.0,
EFIX R,3802225.0,3802407 184 1197.7 584.4 2136
SSACC R,3802409.0,
ESACC R,3802409.0,3802419 12 1216.0 588.9 1237.5 596.8 0.61 65
SFIX R,3802421.0,
EFIX R,3802421.0,3803305 886 1238.3 589.0 2133
SSACC R,3803307.0,
ESACC R,3803307.0,3803331 26 1221.5 567.1 1222.4 568.1 0.04 95
SFIX R,3803333.0,
EFIX R,3803333.0,3803399 68 1217.1 568.0 2359
SSACC R,3803401.0,
ESACC R,3803401.0,3803429 30 1214.3 574.6 1212.0 574.0 0.06 76
SFIX R,3803431.0,
EFIX R,3803431.0,3803809 380 1207.9 566.4 2356
SSACC R,3803811.0,
ESACC R,3803811.0,3803827 18 1205.7 568.9 1205.1 554.1 0.40 72
SFIX R,3803829.0,
EFIX R,3803829.0,3804021 194 1206.8 557.7 2324
SSACC R,3804023.0,
ESACC R,3804023.0,3804029 8 1210.3 537.9 1207.0 548.4 0.30 56
SFIX R,3804031.0,
EFIX R,3804031.0,3804083 54 1208.4 549.7 2309
SSACC R,3804085.0,
ESACC R,3804085.0,3804099 16 1208.4 562.9 1209.3 548.9 0.38 82
SFIX R,3804101.0,
EFIX R,3804101.0,3804167 68 1213.8 543.9 2323
SSACC R,3804169.0,
ESACC R,3804169.0,3804247 80 1214.8 550.4 1221.8 530.1 0.58 76
SFIX R,3804249.0,
EFIX R,3804249.0,3804297 50 1220.2 533.1 2343
SSACC R,3804299.0,
ESACC R,3804299.0,3804317 20 1222.4 543.5 1223.8 524.0 0.53 79
SFIX R,3804319.0,
EFIX R,3804319.0,3804341 24 1225.5 526.3 2351
SSACC R,3804343.0,
ESACC R,3804343.0,3804419 78 1224.9 541.1 1234.3 525.0 0.50 62
SFIX R,3804421.0,
EFIX R,3804421.0,3804489 70 1234.3 527.6 2367
SSACC R,3804491.0,
ESACC R,3804491.0,3804523 34 1239.2 532.9 1239.1 528.7 0.11 89
SFIX R,3804525.0,
EFIX R,3804525.0,3804805 282 1230.6 544.4 2380
SSACC R,3804807.0,
ESACC R,3804807.0,3804823 18 1231.7 550.8 1227.0 547.0 0.16 65
SFIX R,3804825.0,
EFIX R,3804825.0,3805065 242 1227.6 553.6 2364
SSACC R,3805067.0,
ESACC R,3805067.0,3805169 104 1225.5 572.2 1230.5 558.7 0.39 70
SFIX R,3805171.0,
EFIX R,3805171.0,3805593 424 1235.9 559.7 2373
SSACC R,3805595.0,
ESACC R,3805595.0,3805603 10 1241.0 565.0 1236.1 586.6 0.60 68
SFIX R,3805605.0,
EFIX R,3805605.0,3805633 30 1237.3 575.4 2363
SSACC R,3805635.0,
ESACC R,3805635.0,3805641 8 1239.5 580.4 1240.3 567.7 0.34 62
SFIX R,3805643.0,
EFIX R,3805643.0,3806201 560 1231.7 565.8 2343
SSACC R,3806203.0,
SBLINK R,3806277.0,
EBLINK R,3806277.0,3806441 166
ESACC R,3806203.0,3806751 550 1224.8 574.5 1216.7 558.8 0.47 1107
SFIX R,3806753.0,
EFIX R,3806753.0,3806889 138 1214.7 567.8 2330
SSACC R,3806891.0,
ESACC R,3806891.0,3806905 16 1211.3 583.3 1211.1 567.8 0.42 71
SFIX R,3806907.0,
EFIX R,3806907.0,3807037 132 1215.1 585.2 2194
SSACC R,3807039.0,
ESACC R,3807039.0,3807045 8 1211.9 600.4 1216.4 593.1 0.23 54
SFIX R,3807047.0,
EFIX R,3807047.0,3808035 990 1220.9 589.0 2092
SSACC R,3808037.0,
ESACC R,3808037.0,3808047 12 1218.4 585.7 1220.0 576.2 0.26 62
SFIX R,3808049.0,
EFIX R,3808049.0,3808171 124 1219.1 570.9 2257
SSACC R,3808173.0,
ESACC R,3808173.0,3808197 26 1218.3 573.5 1220.7 578.7 0.15 61
SFIX R,3808199.0,
EFIX R,3808199.0,3808337 140 1218.7 568.7 2289
SSACC R,3808339.0,
ESACC R,3808339.0,3808345 8 1216.7 576.2 1217.0 570.4 0.16 52
SFIX R,3808347.0,
EFIX R,3808347.0,3808507 162 1216.4 571.8 2303
SSACC R,3808509.0,
ESACC R,3808509.0,3808515 8 1219.4 561.6 1218.8 573.6 0.32 65
SFIX R,3808517.0,
EFIX R,3808517.0,3808711 196 1213.6 583.2 2294
SSACC R,3808713.0,
SBLINK R,3808777.0,
EBLINK R,3808777.0,3809007 232
ESACC R,3808713.0,3809127 416 1207.9 587.7 1189.8 608.6 0.74 1107
SFIX R,3809129.0,
EFIX R,3809129.0,3809157 30 1191.7 605.5 2283
SSACC R,3809159.0,
ESACC R,3809159.0,3809211 54 1196.5 607.1 1207.9 576.8 0.87 90
SFIX R,3809213.0,
EFIX R,3809213.0,3809297 86 1211.0 587.6 2288
SSACC R,3809299.0,
ESACC R,3809299.0,3809341 44 1213.4 595.6 1214.0 589.9 0.15 79
SFIX R,3809343.0,
EFIX R,3809343.0,3809391 50 1213.3 588.6 2239
SSACC R,3809393.0,
ESACC R,3809393.0,3809407 16 1209.9 588.3 1211.2 603.5 0.41 63
SFIX R,3809409.0,
EFIX R,3809409.0,3809469 62 1211.9 597.9 2160
SSACC R,3809471.0,
ESACC R,3809471.0,3809513 44 1209.3 594.8 1205.5 607.2 0.35 72
SFIX R,3809515.0,
EFIX R,3809515.0,3809747 234 1203.7 613.8 2018
SSACC R,3809749.0,
ESACC R,3809749.0,3809753 6 1210.5 621.4 1216.7 614.0 0.26 50
SFIX R,3809755.0,
EFIX R,3809755.0,3810027 274 1226.1 616.9 1955
SSACC R,3810029.0,
ESACC R,3810029.0,3810037 10 1222.6 610.7 1201.9 619.6 0.60 70
SFIX R,3810039.0,
EFIX R,3810039.0,3810611 574 1214.8 617.5 2040
SSACC R,3810613.0,
SBLINK R,3810653.0,
EBLINK R,3810653.0,3811017 366
ESACC R,3810613.0,3811105 494 1206.1 624.8 1213.7 675.0 1.36 952
SFIX R,3811107.0,
EFIX R,3811107.0,3811147 42 1216.3 651.6 2020
SSACC R,3811149.0,
ESACC R,3811149.0,3811213 66 1218.5 645.0 1209.8 643.2 0.24 86
SFIX R,3811215.0,
EFIX R,3811215.0,3811267 54 1209.7 641.8 2022
SSACC R,3811269.0,
ESACC R,3811269.0,3811289 22 1210.8 652.4 1208.0 646.3 0.18 53
SFIX R,3811291.0,
EFIX R,3811291.0,3811763 474 1208.2 653.8 1846
SSACC R,3811765.0,
ESACC R,3811765.0,3811775 12 1209.9 654.3 1225.7 640.7 0.56 54
SFIX R,3811777.0,
EFIX R,3811777.0,3812621 846 1213.2 630.2 1849
SSACC R,3812623.0,
ESACC R,3812623.0,3812627 6 1192.3 630.7 1197.7 621.2 0.29 48
SFIX R,3812629.0,
EFIX R,3812629.0,3812721 94 1205.2 623.3 2017
SSACC R,3812723.0,
SBLINK R,3812783.0,
EBLINK R,3812783.0,3813021 240
ESACC R,3812723.0,3813173 452 1201.0 636.6 1172.4 646.0 0.81 729
SFIX R,3813175.0,
EFIX R,3813175.0,3813213 40 1172.1 632.5 1969
SSACC R,3813215.0,
SBLINK R,3813301.0,
EBLINK R,3813301.0,3813863 564
ESACC R,3813215.0,3813927 714 1172.4 621.5 1164.8 655.3 0.93 770
SFIX R,3813929.0,
EFIX R,3813929.0,3814003 76 1180.7 630.0 1783
SSACC R,3814005.0,
ESACC R,3814005.0,3814021 18 1187.5 630.3 1188.0 635.0 0.13 52
SFIX R,3814023.0,
EFIX R,3814023.0,3814721 700 1211.4 628.5 1648
SSACC R,3814723.0,
ESACC R,3814723.0,3814727 6 1234.1 638.7 1232.4 646.0 0.20 50
SFIX R,3814729.0,
EFIX R,3814729.0,3814811 84 1230.5 643.1 1591
SSACC R,3814813.0,
ESACC R,3814813.0,3814825 14 1220.1 654.6 1202.1 637.7 0.66 76
SFIX R,3814827.0,
EFIX R,3814827.0,3815197 372 1193.0 643.0 1780
SSACC R,3815199.0,
ESACC R,3815199.0,3815211 14 1176.6 653.0 1185.4 636.0 0.51 59
SFIX R,3815213.0,
EFIX R,3815213.0,3815477 266 1182.3 637.9 2026
SSACC R,3815479.0,
ESACC R,3815479.0,3815487 10 1173.7 638.5 1170.9 627.3 0.31 49
SFIX R,3815489.0,
EFIX R,3815489.0,3815875 388 1174.6 633.3 2112
SSACC R,3815877.0,
ESACC R,3815877.0,3815883 8 1172.2 622.3 1172.9 611.2 0.30 59
SFIX R,3815885.0,
EFIX R,3815885.0,3816567 684 1178.1 598.2 2275
SSACC R,3816569.0,
ESACC R,3816569.0,3816583 16 1160.6 600.8 1160.0 618.1 0.47 74
SFIX R,3816585.0,
EFIX R,3816585.0,3816625 42 1162.3 609.4 2381
SSACC R,3816627.0,
ESACC R,3816627.0,3816643 18 1162.6 610.7 1162.0 612.7 0.06 72
SFIX R,3816645.0,
EFIX R,3816645.0,3817215 572 1170.2 610.5 2374
SSACC R,3817217.0,
ESACC R,3817217.0,3817231 16 1171.5 596.2 1177.7 602.1 0.23 66
SFIX R,3817233.0,
EFIX R,3817233.0,3817831 600 1166.6 583.0 2347
SSACC R,3817833.0,
ESACC R,3817833.0,3817839 8 1160.9 588.2 1175.3 578.7 0.46 68
SFIX R,3817841.0,
EFIX R,3817841.0,3818051 212 1179.6 578.5 2314
SSACC R,3818053.0,
ESACC R,3818053.0,3818065 14 1180.7 570.8 1180.3 582.0 0.30 59
SFIX R,3818067.0,
EFIX R,3818067.0,3818423 358 1190.2 580.6 2307
SSACC R,3818425.0,
ESACC R,3818425.0,3818429 6 1198.9 578.0 1200.2 584.8 0.19 52
SFIX R,3818431.0,
EFIX R,3818431.0,3819135 706 1194.2 601.3 2252
SSACC R,3819137.0,
ESACC R,3819137.0,3819143 8 1190.4 604.2 1190.9 590.5 0.37 63
SFIX R,3819145.0,
EFIX R,3819145.0,3819551 408 1196.1 608.4 2294
SSACC R,3819553.0,
ESACC R,3819553.0,3819567 16 1202.3 614.4 1201.1 615.6 0.05 62
SFIX R,3819569.0,
EFIX R,3819569.0,3819633 66 1197.1 622.1 2286
SSACC R,3819635.0,
SBLINK R,3819675.0,
EBLINK R,3819675.0,3819957 284
ESACC R,3819635.0,3820027 394 1191.3 641.3 1160.8 590.4 1.60 1039
SFIX R,3820029.0,
EFIX R,3820029.0,3820269 242 1167.7 604.1 2345
SSACC R,3820271.0,
ESACC R,3820271.0,3820285 16 1168.4 608.3 1168.3 615.6 0.20 72
SFIX R,3820287.0,
EFIX R,3820287.0,3820315 30 1173.5 615.8 2272
SSACC R,3820317.0,
ESACC R,3820317.0,3820329 14 1177.1 608.7 1175.5 622.4 0.37 54
SFIX R,3820331.0,
EFIX R,3820331.0,3820785 456 1188.6 623.7 2052
SSACC R,3820787.0,
ESACC R,3820787.0,3820805 20 1189.6 624.8 1190.5 630.2 0.15 56
SFIX R,3820807.0,
EFIX R,3820807.0,3820899 94 1186.0 620.2 2036
SSACC R,3820901.0,
ESACC R,3820901.0,3820913 14 1182.1 630.0 1181.8 614.9 0.41 55
SFIX R,3820915.0,
EFIX R,3820915.0,3821263 350 1170.9 612.8 2150
SSACC R,3821265.0,
ESACC R,3821265.0,3821277 14 1161.5 622.6 1155.3 606.2 0.47 64
SFIX R,3821279.0,
EFIX R,3821279.0,3821617 340 1147.6 615.3 2353
SSACC R,3821619.0,
ESACC R,3821619.0,3821639 22 1142.6 612.2 1139.5 605.3 0.20 74
SFIX R,3821641.0,
EFIX R,3821641.0,3821681 42 1144.6 614.8 2381
SSACC R,3821683.0,
ESACC R,3821683.0,3821721 40 1147.3 602.0 1144.7 613.5 0.32 51
SFIX R,3821723.0,
EFIX R,3821723.0,3821745 24 1145.9 611.6 2385
SSACC R,3821747.0,
ESACC R,3821747.0,3821771 26 1148.2 618.9 1143.7 614.0 0.18 73
SFIX R,3821773.0,
EFIX R,3821773.0,3821801 30 1145.9 608.2 2378
SSACC R,3821803.0,
ESACC R,3821803.0,3821821 20 1146.3 603.3 1143.4 606.5 0.12 59
SFIX R,3821823.0,
EFIX R,3821823.0,3822065 244 1147.6 606.8 2379
SSACC R,3822067.0,
ESACC R,3822067.0,3822083 18 1152.5 620.0 1150.3 604.9 0.41 94
SFIX R,3822085.0,
EFIX R,3822085.0,3822155 72 1149.7 606.3 2383
SSACC R,3822157.0,
ESACC R,3822157.0,3822195 40 1151.4 596.9 1148.6 610.0 0.36 55
SFIX R,3822197.0,
EFIX R,3822197.0,3822605 410 1148.8 610.1 2395
SSACC R,3822607.0,
ESACC R,3822607.0,3822689 84 1146.3 603.5 1181.6 576.1 1.20 100
SFIX R,3822691.0,
EFIX R,3822691.0,3823949 1260 1183.2 584.8 2463
SSACC R,3823951.0,
ESACC R,3823951.0,3823957 8 1210.9 571.3 1212.2 562.0 0.25 50
SFIX R,3823959.0,
EFIX R,3823959.0,3824461 504 1205.3 554.2 2557
SSACC R,3824463.0,
ESACC R,3824463.0,3824473 12 1190.8 555.8 1190.8 560.1 0.12 66
SFIX R,3824475.0,
EFIX R,3824475.0,3824573 100 1190.5 555.0 2590
SSACC R,3824575.0,
ESACC R,3824575.0,3824585 12 1189.7 560.6 1190.7 542.7 0.48 61
SFIX R,3824587.0,
EFIX R,3824587.0,3824811 226 1193.9 548.9 2605
SSACC R,3824813.0,
ESACC R,3824813.0,3824817 6 1192.2 549.7 1195.0 554.3 0.14 52
SFIX R,3824819.0,
EFIX R,3824819.0,3825279 462 1186.8 552.3 2636
SSACC R,3825281.0,
ESACC R,3825281.0,3825293 14 1174.1 571.4 1172.2 564.7 0.19 48
SFIX R,3825295.0,
EFIX R,3825295.0,3826101 808 1166.2 556.0 2617
SSACC R,3826103.0,
ESACC R,3826103.0,3826115 14 1166.0 544.9 1164.0 547.2 0.08 60
SFIX R,3826117.0,
EFIX R,3826117.0,3826243 128 1165.5 555.0 2593
SSACC R,3826245.0,
ESACC R,3826245.0,3826249 6 1165.9 557.0 1168.2 565.4 0.24 58
SFIX R,3826251.0,
EFIX R,3826251.0,3826335 86 1170.7 564.0 2562
SSACC R,3826337.0,
ESACC R,3826337.0,3826343 8 1172.0 557.2 1175.4 568.4 0.32 52
SFIX R,3826345.0,
EFIX R,3826345.0,3827473 1130 1149.5 576.5 2573
SSACC R,3827475.0,
ESACC R,3827475.0,3827479 6 1129.1 600.6 1128.6 592.0 0.23 64
SFIX R,3827481.0,
EFIX R,3827481.0,3827529 50 1128.9 586.8 2608
SSACC R,3827531.0,
ESACC R,3827531.0,3827535 6 1132.2 583.0 1128.8 589.1 0.19 48
SFIX R,3827537.0,
EFIX R,3827537.0,3831989 4454 1101.4 604.2 2507
SSACC R,3831991.0,
SBLINK R,3832055.0,
EBLINK R,3832055.0,3832301 248
ESACC R,3831991.0,3832381 392 1058.0 649.8 1162.8 626.2 2.90 828
SFIX R,3832383.0,
EFIX R,3832383.0,3832469 88 1175.8 593.7 2296
SSACC R,3832471.0,
ESACC R,3832471.0,3832499 30 1182.9 600.2 1219.3 603.1 0.98 62
SFIX R,3832501.0,
EFIX R,3832501.0,3833141 642 1231.5 620.4 2005
SSACC R,3833143.0,
ESACC R,3833143.0,3833201 60 1229.0 651.0 1320.3 969.8 8.70 230
SFIX R,3833203.0,
EFIX R,3833203.0,3833371 170 1316.9 933.7 1730
SSACC R,3833373.0,
ESACC R,3833373.0,3833419 48 1308.4 911.0 1255.5 681.2 6.21 399
SFIX R,3833421.0,
EFIX R,3833421.0,3833539 120 1247.0 677.8 1818
SSACC R,3833541.0,
ESACC R,3833541.0,3833561 22 1245.3 676.5 1215.1 632.6 1.43 121
SFIX R,3833563.0,
EFIX R,3833563.0,3834105 544 1216.3 635.4 1805
SSACC R,3834107.0,
ESACC R,3834107.0,3834113 8 1207.1 631.5 1209.6 619.3 0.33 55
SFIX R,3834115.0,
EFIX R,3834115.0,3835353 1240 1214.1 605.7 2164
SSACC R,3835355.0,
ESACC R,3835355.0,3835363 10 1213.7 586.0 1210.5 571.2 0.41 56
SFIX R,3835365.0,
EFIX R,3835365.0,3835687 324 1213.3 576.2 2353
SSACC R,3835689.0,
SBLINK R,3835735.0,
EBLINK R,3835735.0,3835987 254
ESACC R,3835689.0,3836131 444 1194.2 595.8 1224.8 557.1 1.33 1338
SFIX R,3836133.0,
EFIX R,3836133.0,3836405 274 1217.7 574.9 2355
SSACC R,3836407.0,
ESACC R,3836407.0,3836421 16 1220.2 572.5 1219.6 577.8 0.14 50
SFIX R,3836423.0,
EFIX R,3836423.0,3836679 258 1220.3 596.3 2157
SSACC R,3836681.0,
SBLINK R,3836727.0,
EBLINK R,3836727.0,3836911 186
ESACC R,3836681.0,3836987 308 1211.3 618.3 1175.8 597.7 1.10 1144
SFIX R,3836989.0,
EFIX R,3836989.0,3837303 316 1187.4 611.8 2138
SSACC R,3837305.0,
SBLINK R,3837341.0,
EBLINK R,3837341.0,3837461 122
ESACC R,3837305.0,3837547 244 1181.3 630.5 1171.8 524.6 2.87 1044
SFIX R,3837549.0,
EFIX R,3837549.0,3837651 104 1172.3 543.4 2283
SSACC R,3837653.0,
ESACC R,3837653.0,3837683 32 1174.9 548.8 1202.3 551.8 0.74 104
SFIX R,3837685.0,
EFIX R,3837685.0,3838751 1068 1207.8 561.4 2228
SSACC R,3838753.0,
SBLINK R,3838809.0,
EBLINK R,3838809.0,3838983 176
ESACC R,3838753.0,3839065 314 1199.1 578.9 1169.1 602.4 1.02 1678
SFIX R,3839067.0,
EFIX R,3839067.0,3839129 64 1175.1 604.0 2243
SSACC R,3839131.0,
ESACC R,3839131.0,3839151 22 1175.3 611.8 1172.8 555.3 1.53 91
SFIX R,3839153.0,
EFIX R,3839153.0,3839795 644 1207.1 558.2 2092
SSACC R,3839797.0,
ESACC R,3839797.0,3839805 10 1221.6 562.3 1203.7 559.3 0.49 60
SFIX R,3839807.0,
EFIX R,3839807.0,3840427 622 1198.3 577.7 2051
SSACC R,3840429.0,
ESACC R,3840429.0,3840437 10 1196.6 592.0 1211.7 578.3 0.55 75
SFIX R,3840439.0,
EFIX R,3840439.0,3840651 214 1221.4 570.4 2107
SSACC R,3840653.0,
SBLINK R,3840693.0,
EBLINK R,3840693.0,3840843 152
ESACC R,3840653.0,3840899 248 1222.6 576.0 1203.7 525.1 1.46 1386
SFIX R,3840901.0,
EFIX R,3840901.0,3841773 874 1195.9 548.4 2051
SSACC R,3841775.0,
SBLINK R,3841819.0,
EBLINK R,3841819.0,3842003 186
ESACC R,3841775.0,3842123 350 1189.3 574.2 1188.2 576.1 0.06 1451
SFIX R,3842125.0,
EFIX R,3842125.0,3842199 76 1192.9 570.6 1967
SSACC R,3842201.0,
ESACC R,3842201.0,3842205 6 1197.8 566.6 1196.1 559.0 0.21 62
SFIX R,3842207.0,
EFIX R,3842207.0,3842979 774 1203.6 551.3 2005
SSACC R,3842981.0,
ESACC R,3842981.0,3842985 6 1211.1 571.7 1214.4 560.2 0.32 52
SFIX R,3842987.0,
EFIX R,3842987.0,3843477 492 1209.2 558.9 2009
SSACC R,3843479.0,
SBLINK R,3843521.0,
EBLINK R,3843521.0,3843693 174
ESACC R,3843479.0,3843801 324 1198.2 577.6 1187.6 578.0 0.28 1592
SFIX R,3843803.0,
EFIX R,3843803.0,3844043 242 1191.5 574.6 2105
SSACC R,3844045.0,
SBLINK R,3844095.0,
EBLINK R,3844095.0,3844257 164
ESACC R,3844045.0,3844345 302 1182.5 578.8 1182.6 599.5 0.56 1485
SFIX R,3844347.0,
EFIX R,3844347.0,3844785 440 1177.9 565.9 2048
SSACC R,3844787.0,
ESACC R,3844787.0,3844801 16 1172.7 560.9 1185.7 543.7 0.58 74
SFIX R,3844803.0,
EFIX R,3844803.0,3845279 478 1198.7 534.6 2132
SSACC R,3845281.0,
ESACC R,3845281.0,3845293 14 1186.3 539.4 1158.9 529.6 0.78 68
SFIX R,3845295.0,
EFIX R,3845295.0,3846241 948 1144.6 515.0 2280
SSACC R,3846243.0,
SBLINK R,3846279.0,
EBLINK R,3846279.0,3846401 124
ESACC R,3846243.0,3846467 226 1136.9 514.5 1199.3 723.3 5.86 1626
SFIX R,3846469.0,
EFIX R,3846469.0,3846511 44 1199.5 692.4 2374
SSACC R,3846513.0,
ESACC R,3846513.0,3846539 28 1202.4 676.9 1199.4 672.5 0.14 65
SFIX R,3846541.0,
EFIX R,3846541.0,3846631 92 1210.4 654.2 2384
SSACC R,3846633.0,
ESACC R,3846633.0,3846695 64 1217.7 653.0 1181.8 469.1 5.04 257
SFIX R,3846697.0,
EFIX R,3846697.0,3846853 158 1190.8 490.3 2283
SSACC R,3846855.0,
ESACC R,3846855.0,3846863 10 1200.8 489.9 1203.7 508.6 0.51 62
SFIX R,3846865.0,
EFIX R,3846865.0,3847005 142 1197.3 509.8 2211
SSACC R,3847007.0,
SBLINK R,3847053.0,
EBLINK R,3847053.0,3847161 110
ESACC R,3847007.0,3847235 230 1188.5 521.3 1180.7 506.5 0.45 1766
SFIX R,3847237.0,
EFIX R,3847237.0,3847545 310 1176.8 504.0 2122
SSACC R,3847547.0,
SBLINK R,3847591.0,
EBLINK R,3847591.0,3848117 528
ESACC R,3847547.0,3848181 636 1176.5 497.9 1107.6 479.5 1.92 1525
SFIX R,3848183.0,
EFIX R,3848183.0,3848315 134 1120.5 465.1 2068
SSACC R,3848317.0,
ESACC R,3848317.0,3848351 36 1129.1 469.9 1205.1 524.5 2.52 162
SFIX R,3848353.0,
EFIX R,3848353.0,3848583 232 1214.1 554.1 1984
SSACC R,3848585.0,
ESACC R,3848585.0,3848609 26 1223.5 573.9 1222.9 587.3 0.36 84
SFIX R,3848611.0,
EFIX R,3848611.0,3848659 50 1225.9 581.1 1730
SSACC R,3848661.0,
ESACC R,3848661.0,3848713 54 1222.1 593.9 1226.8 575.0 0.52 54
SFIX R,3848715.0,
EFIX R,3848715.0,3849005 292 1215.7 586.0 1679
SSACC R,3849007.0,
ESACC R,3849007.0,3849041 36 1206.0 579.2 1218.4 544.7 0.99 77
SFIX R,3849043.0,
EFIX R,3849043.0,3849977 936 1197.2 529.1 2025
SSACC R,3849979.0,
SBLINK R,3850019.0,
EBLINK R,3850019.0,3850289 272
ESACC R,3849979.0,3850355 378 1166.9 568.5 1146.5 535.4 1.05 1661
SFIX R,3850357.0,
EFIX R,3850357.0,3850867 512 1175.7 531.0 1968
SSACC R,3850869.0,
SBLINK R,3850929.0,
EBLINK R,3850929.0,3851399 472
ESACC R,3850869.0,3851441 574 1199.2 575.3 1088.8 548.3 3.06 1040
SFIX R,3851443.0,
EFIX R,3851443.0,3852135 694 1140.7 548.7 1767
SSACC R,3852137.0,
ESACC R,3852137.0,3852143 8 1152.6 568.4 1146.5 556.9 0.35 52
SFIX R,3852145.0,
EFIX R,3852145.0,3852411 268 1153.2 555.9 1593
SSACC R,3852413.0,
ESACC R,3852413.0,3852425 14 1159.0 555.6 1142.0 534.6 0.73 62
SFIX R,3852427.0,
EFIX R,3852427.0,3855341 2916 1137.5 542.6 1846
SSACC R,3855343.0,
ESACC R,3855343.0,3855357 16 1130.7 535.4 1132.3 504.1 0.85 79
SFIX R,3855359.0,
EFIX R,3855359.0,3860709 5352 1148.3 541.9 2243
SSACC R,3860711.0,
SBLINK R,3860785.0,
EBLINK R,3860785.0,3860977 194
ESACC R,3860711.0,3861047 338 1156.6 567.6 1184.7 565.1 0.76 648
SFIX R,3861049.0,
EFIX R,3861049.0,3863615 2568 1160.3 563.8 1968
SSACC R,3863617.0,
ESACC R,3863617.0,3863623 8 1145.9 546.5 1162.3 547.3 0.44 60
SFIX R,3863625.0,
EFIX R,3863625.0,3871459 7836 1172.6 548.0 2257
SSACC R,3871461.0,
SBLINK R,3871571.0,
EBLINK R,3871571.0,3871579 10
ESACC R,3871461.0,3872071 612 1140.8 575.0 1151.5 602.9 0.81 472
SFIX R,3872073.0,
EFIX R,3872073.0,3872213 142 1149.9 608.0 2092
SSACC R,3872215.0,
ESACC R,3872215.0,3872249 36 1149.7 599.7 1151.3 631.3 0.85 92
SFIX R,3872251.0,
EFIX R,3872251.0,3872365 116 1154.6 618.0 1962
SSACC R,3872367.0,
ESACC R,3872367.0,3872371 6 1157.3 607.4 1155.9 621.3 0.38 48
SFIX R,3872373.0,
EFIX R,3872373.0,3873503 1132 1129.0 611.1 1956
SSACC R,3873505.0,
ESACC R,3873505.0,3873541 38 1104.6 606.2 1102.6 604.5 0.07 62
SFIX R,3873543.0,
EFIX R,3873543.0,3873869 328 1092.7 609.6 2002
SSACC R,3873871.0,
ESACC R,3873871.0,3873879 10 1087.9 629.4 1084.6 612.8 0.46 50
SFIX R,3873881.0,
EFIX R,3873881.0,3875055 1176 1066.4 620.6 2099
SSACC R,3875057.0,
ESACC R,3875057.0,3875111 56 1073.3 598.0 1075.8 607.0 0.25 47
SFIX R,3875113.0,
EFIX R,3875113.0,3875461 350 1073.3 594.8 2267
SSACC R,3875463.0,
ESACC R,3875463.0,3875475 14 1070.2 578.5 1068.4 592.1 0.37 65
SFIX R,3875477.0,
EFIX R,3875477.0,3875893 418 1070.9 612.3 2333
SSACC R,3875895.0,
ESACC R,3875895.0,3875911 18 1083.0 642.4 1086.6 632.6 0.28 50
SFIX R,3875913.0,
EFIX R,3875913.0,3876209 298 1094.0 639.0 2338
SSACC R,3876211.0,
ESACC R,3876211.0,3876217 8 1100.4 642.2 1102.2 642.2 0.05 39
SFIX R,3876219.0,
EFIX R,3876219.0,3877363 1146 1089.7 629.1 2407
SSACC R,3877365.0,
ESACC R,3877365.0,3877369 6 1077.2 624.8 1081.4 635.4 0.31 48
SFIX R,3877371.0,
EFIX R,3877371.0,3881115 3746 1071.2 658.9 2413
SSACC R,3881117.0,
SBLINK R,3881163.0,
EBLINK R,3881163.0,3881401 240
ESACC R,3881117.0,3881583 468 1072.4 704.1 1046.3 951.5 6.60 866
SFIX R,3881585.0,
EFIX R,3881585.0,3881633 50 1056.1 920.1 2448
SSACC R,3881635.0,
ESACC R,3881635.0,3881763 130 1061.5 901.9 1077.2 865.0 1.06 92
SFIX R,3881765.0,
EFIX R,3881765.0,3881915 152 1079.9 874.7 2389
SSACC R,3881917.0,
ESACC R,3881917.0,3881951 36 1084.2 867.2 1087.8 874.8 0.22 57
SFIX R,3881953.0,
EFIX R,3881953.0,3883591 1640 1089.3 883.6 2314
SSACC R,3883593.0,
ESACC R,3883593.0,3883667 76 1085.1 883.3 1130.7 533.0 9.43 344
SFIX R,3883669.0,
EFIX R,3883669.0,3883787 120 1129.7 534.6 2359
SSACC R,3883789.0,
ESACC R,3883789.0,3883809 22 1126.1 538.4 1177.7 508.0 1.61 122
SFIX R,3883811.0,
EFIX R,3883811.0,3884055 246 1174.1 523.6 2344
SSACC R,3884057.0,
ESACC R,3884057.0,3884065 10 1177.2 527.7 1191.9 516.1 0.50 64
SFIX R,3884067.0,
EFIX R,3884067.0,3884533 468 1192.1 520.6 2231
SSACC R,3884535.0,
ESACC R,3884535.0,3884539 6 1194.6 535.2 1204.9 532.3 0.29 51
SFIX R,3884541.0,
EFIX R,3884541.0,3884961 422 1196.1 543.5 2129
SSACC R,3884963.0,
SBLINK R,3885011.0,
EBLINK R,3885011.0,3885143 134
ESACC R,3884963.0,3885261 300 1177.0 563.5 1178.9 558.4 0.15 1355
SFIX R,3885263.0,
EFIX R,3885263.0,3887575 2314 1173.4 560.7 1988
SSACC R,3887577.0,
ESACC R,3887577.0,3887585 10 1183.2 553.7 1195.9 566.2 0.48 59
SFIX R,3887587.0,
EFIX R,3887587.0,3888357 772 1195.9 556.2 2002
SSACC R,3888359.0,
ESACC R,3888359.0,3888373 16 1199.5 553.1 1225.5 561.2 0.73 60
SFIX R,3888375.0,
EFIX R,3888375.0,3888619 246 1234.9 568.6 2040
SSACC R,3888621.0,
ESACC R,3888621.0,3888627 8 1233.3 567.6 1219.9 565.3 0.36 54
SFIX R,3888629.0,
EFIX R,3888629.0,3888967 340 1203.3 557.1 2089
SSACC R,3888969.0,
ESACC R,3888969.0,3888979 12 1186.4 551.0 1211.3 548.6 0.67 67
SFIX R,3888981.0,
EFIX R,3888981.0,3891199 2220 1212.6 534.2 2213
SSACC R,3891201.0,
SBLINK R,3891245.0,
EBLINK R,3891245.0,3891419 176
ESACC R,3891201.0,3891523 324 1198.5 547.4 1208.0 514.8 0.91 1192
SFIX R,3891525.0,
EFIX R,3891525.0,3891749 226 1218.3 522.7 2294
SSACC R,3891751.0,
ESACC R,3891751.0,3891767 18 1225.9 518.4 1194.4 526.0 0.87 70
SFIX R,3891769.0,
EFIX R,3891769.0,3892225 458 1216.5 523.3 2310
SSACC R,3892227.0,
ESACC R,3892227.0,3892239 14 1207.4 528.2 1183.2 526.4 0.65 67
SFIX R,3892241.0,
EFIX R,3892241.0,3893155 916 1183.6 523.1 2371
SSACC R,3893157.0,
ESACC R,3893157.0,3893163 8 1187.1 517.6 1196.2 514.8 0.26 42
SFIX R,3893165.0,
EFIX R,3893165.0,3893419 256 1198.9 510.8 2437
SSACC R,3893421.0,
SBLINK R,3893455.0,
EBLINK R,3893455.0,3893571 118
ESACC R,3893421.0,3893713 294 1190.3 509.6 1159.9 488.3 1.00 1336
SFIX R,3893715.0,
EFIX R,3893715.0,3894113 400 1152.0 510.9 2490
SSACC R,3894115.0,
ESACC R,3894115.0,3894123 10 1158.8 518.0 1176.4 510.5 0.51 58
SFIX R,3894125.0,
EFIX R,3894125.0,3894607 484 1181.8 517.5 2406
SSACC R,3894609.0,
SBLINK R,3894653.0,
EBLINK R,3894653.0,3894823 172
ESACC R,3894609.0,3894951 344 1177.6 526.1 1146.2 496.1 1.17 1268
SFIX R,3894953.0,
EFIX R,3894953.0,3895139 188 1150.6 495.5 2512
SSACC R,3895141.0,
ESACC R,3895141.0,3895157 18 1153.1 503.9 1176.4 471.2 1.08 74
SFIX R,3895159.0,
EFIX R,3895159.0,3896697 1540 1192.9 507.4 2389
SSACC R,3896699.0,
SBLINK R,3896733.0,
EBLINK R,3896733.0,3896869 138
ESACC R,3896699.0,3896989 292 1185.6 521.7 1187.7 486.0 0.96 1290
SFIX R,3896991.0,
EFIX R,3896991.0,3897827 838 1179.2 507.4 2382
SSACC R,3897829.0,
SBLINK R,3897863.0,
EBLINK R,3897863.0,3898025 164
ESACC R,3897829.0,3898149 322 1175.9 533.7 1179.7 532.4 0.11 1429
SFIX R,3898151.0,
EFIX R,3898151.0,3898183 34 1183.2 521.3 2439
SSACC R,3898185.0,
ESACC R,3898185.0,3898209 26 1182.9 540.6 1181.3 527.8 0.35 90
SFIX R,3898211.0,
EFIX R,3898211.0,3898263 54 1181.1 531.3 2469
SSACC R,3898265.0,
ESACC R,3898265.0,3898309 46 1183.3 525.9 1187.8 549.6 0.65 90
SFIX R,3898311.0,
EFIX R,3898311.0,3898387 78 1189.4 550.6 2487
SSACC R,3898389.0,
ESACC R,3898389.0,3898423 36 1192.9 541.4 1193.5 563.9 0.61 80
SFIX R,3898425.0,
EFIX R,3898425.0,3898449 26 1197.3 563.4 2480
SSACC R,3898451.0,
ESACC R,3898451.0,3898503 54 1192.2 560.3 1180.8 557.1 0.32 72
SFIX R,3898505.0,
EFIX R,3898505.0,3898525 22 1184.7 566.8 2462
SSACC R,3898527.0,
ESACC R,3898527.0,3898539 14 1188.6 571.9 1184.5 565.5 0.20 70
SFIX R,3898541.0,
EFIX R,3898541.0,3898619 80 1191.6 567.9 2443
SSACC R,3898621.0,
ESACC R,3898621.0,3898933 314 1197.0 574.8 1206.7 561.1 0.45 144
SFIX R,3898935.0,
EFIX R,3898935.0,3898967 34 1205.1 554.8 2410
SSACC R,3898969.0,
ESACC R,3898969.0,3899375 408 1203.7 562.0 1188.4 519.9 1.21 129
SFIX R,3899377.0,
EFIX R,3899377.0,3899465 90 1184.7 532.5 2496
SSACC R,3899467.0,
ESACC R,3899467.0,3899493 28 1180.6 538.5 1178.0 528.7 0.27 96
SFIX R,3899495.0,
EFIX R,3899495.0,3899555 62 1177.9 535.7 2532
SSACC R,3899557.0,
ESACC R,3899557.0,3899611 56 1176.7 541.4 1174.2 532.0 0.26 71
SFIX R,3899613.0,
EFIX R,3899613.0,3899983 372 1171.2 541.6 2582
SSACC R,3899985.0,
ESACC R,3899985.0,3900071 88 1172.0 554.9 1172.1 529.7 0.68 63
SFIX R,3900073.0,
EFIX R,3900073.0,3900233 162 1168.3 539.3 2584
SSACC R,3900235.0,
ESACC R,3900235.0,3900389 156 1159.9 544.4 1157.4 509.6 0.94 70
SFIX R,3900391.0,
EFIX R,3900391.0,3900485 96 1157.3 511.8 2461
SSACC R,3900487.0,
ESACC R,3900487.0,3900553 68 1158.3 510.9 1152.0 511.9 0.17 80
SFIX R,3900555.0,
EFIX R,3900555.0,3900587 34 1153.9 502.4 2425
SSACC R,3900589.0,
ESACC R,3900589.0,3900609 22 1153.2 505.3 1205.4 500.3 1.41 99
SFIX R,3900611.0,
EFIX R,3900611.0,3900707 98 1205.8 499.3 2406
SSACC R,3900709.0,
ESACC R,3900709.0,3900721 14 1207.3 496.8 1206.1 510.3 0.37 61
SFIX R,3900723.0,
EFIX R,3900723.0,3900755 34 1204.7 502.9 2413
SSACC R,3900757.0,
SBLINK R,3900795.0,
EBLINK R,3900795.0,3901041 248
ESACC R,3900757.0,3901181 426 1200.6 502.9 1206.1 476.9 0.72 1330
SFIX R,3901183.0,
EFIX R,3901183.0,3901263 82 1204.9 489.5 2381
SSACC R,3901265.0,
ESACC R,3901265.0,3901315 52 1207.1 475.8 1203.9 496.8 0.57 48
SFIX R,3901317.0,
EFIX R,3901317.0,3904483 3168 1170.1 518.9 2371
SSACC R,3904485.0,
ESACC R,3904485.0,3904489 6 1155.5 509.9 1157.6 513.8 0.12 44
SFIX R,3904491.0,
EFIX R,3904491.0,3904523 34 1158.8 510.8 2470
SSACC R,3904525.0,
ESACC R,3904525.0,3904557 34 1155.3 512.9 1159.0 500.5 0.35 55
SFIX R,3904559.0,
EFIX R,3904559.0,3904933 376 1157.0 493.7 2533
SSACC R,3904935.0,
ESACC R,3904935.0,3904947 14 1153.8 485.0 1154.1 498.8 0.37 60
SFIX R,3904949.0,
EFIX R,3904949.0,3905149 202 1154.0 498.7 2550
SSACC R,3905151.0,
ESACC R,3905151.0,3905157 8 1153.2 512.4 1156.3 497.1 0.42 48
SFIX R,3905159.0,
EFIX R,3905159.0,3907653 2496 1153.8 494.6 2543
SSACC R,3907655.0,
ESACC R,3907655.0,3907667 14 1137.5 508.8 1137.6 495.7 0.35 55
SFIX R,3907669.0,
EFIX R,3907669.0,3908239 572 1142.5 505.8 2580
SSACC R,3908241.0,
ESACC R,3908241.0,3908255 16 1144.2 517.9 1144.5 502.5 0.42 54
SFIX R,3908257.0,
EFIX R,3908257.0,3910171 1916 1137.8 516.3 2603
SSACC R,3910173.0,
ESACC R,3910173.0,3910177 6 1136.2 514.4 1147.8 515.4 0.31 61
SFIX R,3910179.0,
EFIX R,3910179.0,3910287 110 1158.9 518.2 2603
SSACC R,3910289.0,
SBLINK R,3910335.0,
EBLINK R,3910335.0,3910441 108
ESACC R,3910289.0,3910609 322 1152.3 543.0 1195.4 504.0 1.56 978
SFIX R,3910611.0,
EFIX R,3910611.0,3910747 138 1193.1 492.0 2528
SSACC R,3910749.0,
ESACC R,3910749.0,3910799 52 1187.6 501.6 1190.9 488.6 0.36 62
SFIX R,3910801.0,
EFIX R,3910801.0,3912235 1436 1175.6 517.7 2265
SSACC R,3912237.0,
SBLINK R,3912281.0,
EBLINK R,3912281.0,3912767 488
ESACC R,3912237.0,3912861 626 1159.3 544.9 1134.4 471.7 2.09 939
SFIX R,3912863.0,
EFIX R,3912863.0,3912885 24 1134.0 473.1 2417
SSACC R,3912887.0,
ESACC R,3912887.0,3912919 34 1134.5 469.5 1138.0 484.1 0.41 66
SFIX R,3912921.0,
EFIX R,3912921.0,3913153 234 1149.1 488.4 2359
SSACC R,3913155.0,
ESACC R,3913155.0,3913173 20 1160.9 506.2 1163.5 522.0 0.43 63
SFIX R,3913175.0,
EFIX R,3913175.0,3913661 488 1190.4 559.3 2014
SSACC R,3913663.0,
ESACC R,3913663.0,3913675 14 1195.3 570.0 1167.7 575.2 0.75 64
SFIX R,3913677.0,
EFIX R,3913677.0,3913971 296 1173.9 558.3 2023
SSACC R,3913973.0,
ESACC R,3913973.0,3914003 32 1181.6 547.4 1211.4 539.4 0.83 94
SFIX R,3914005.0,
EFIX R,3914005.0,3914301 298 1194.9 535.7 2155
SSACC R,3914303.0,
SBLINK R,3914355.0,
EBLINK R,3914355.0,3914533 180
ESACC R,3914303.0,3914671 370 1177.4 543.1 1159.5 520.9 0.77 1307
SFIX R,3914673.0,
EFIX R,3914673.0,3914995 324 1161.0 535.4 2139
SSACC R,3914997.0,
ESACC R,3914997.0,3915003 8 1163.9 542.1 1181.3 548.9 0.50 77
SFIX R,3915005.0,
EFIX R,3915005.0,3915475 472 1183.9 553.9 2091
SSACC R,3915477.0,
ESACC R,3915477.0,3915485 10 1170.3 563.9 1152.8 564.8 0.47 60
SFIX R,3915487.0,
EFIX R,3915487.0,3915859 374 1146.9 571.1 2159
SSACC R,3915861.0,
ESACC R,3915861.0,3915873 14 1139.4 561.8 1153.7 546.1 0.57 73
SFIX R,3915875.0,
EFIX R,3915875.0,3916365 492 1151.8 524.5 2287
SSACC R,3916367.0,
ESACC R,3916367.0,3916373 8 1157.2 522.3 1170.0 517.7 0.37 56
SFIX R,3916375.0,
EFIX R,3916375.0,3916651 278 1176.5 520.9 2306
SSACC R,3916653.0,
SBLINK R,3916687.0,
EBLINK R,3916687.0,3916827 142
ESACC R,3916653.0,3916937 286 1170.7 530.0 1149.3 498.1 1.04 1375
SFIX R,3916939.0,
EFIX R,3916939.0,3917101 164 1151.8 498.7 2431
SSACC R,3917103.0,
ESACC R,3917103.0,3917109 8 1151.3 511.7 1169.9 508.8 0.51 72
SFIX R,3917111.0,
EFIX R,3917111.0,3917663 554 1164.6 518.4 2361
SSACC R,3917665.0,
ESACC R,3917665.0,3917671 8 1152.6 534.6 1167.5 537.9 0.41 61
SFIX R,3917673.0,
EFIX R,3917673.0,3918041 370 1164.8 535.6 2304
SSACC R,3918043.0,
SBLINK R,3918089.0,
EBLINK R,3918089.0,3918327 240
ESACC R,3918043.0,3918453 412 1154.7 552.0 1172.0 533.1 0.69 1304
SFIX R,3918455.0,
EFIX R,3918455.0,3919239 786 1194.2 549.1 2175
SSACC R,3919241.0,
ESACC R,3919241.0,3919257 18 1207.7 572.6 1171.0 571.6 0.98 73
SFIX R,3919259.0,
EFIX R,3919259.0,3919717 460 1166.2 563.7 2154
SSACC R,3919719.0,
ESACC R,3919719.0,3919731 14 1154.3 566.5 1185.7 567.1 0.84 74
SFIX R,3919733.0,
EFIX R,3919733.0,3919809 78 1186.5 571.3 2227
SSACC R,3919811.0,
SBLINK R,3919855.0,
EBLINK R,3919855.0,3920045 192
ESACC R,3919811.0,3920189 380 1174.8 584.0 1184.8 511.8 1.96 1348
SFIX R,3920191.0,
EFIX R,3920191.0,3920559 370 1193.2 522.2 2274
SSACC R,3920561.0,
ESACC R,3920561.0,3920571 12 1209.2 549.2 1230.8 543.4 0.60 72
SFIX R,3920573.0,
EFIX R,3920573.0,3922279 1708 1198.6 546.9 2139
SSACC R,3922281.0,
ESACC R,3922281.0,3922297 18 1183.8 543.9 1224.6 545.5 1.09 75
SFIX R,3922299.0,
EFIX R,3922299.0,3922365 68 1226.4 544.9 2144
SSACC R,3922367.0,
ESACC R,3922367.0,3922387 22 1225.5 539.9 1222.8 550.4 0.29 56
SFIX R,3922389.0,
EFIX R,3922389.0,3922499 112 1223.8 548.8 2136
SSACC R,3922501.0,
ESACC R,3922501.0,3922539 40 1217.6 547.7 1195.9 541.8 0.60 71
SFIX R,3922541.0,
EFIX R,3922541.0,3922665 126 1191.8 546.3 2148
SSACC R,3922667.0,
ESACC R,3922667.0,3922673 8 1191.3 555.0 1192.2 553.3 0.05 39
SFIX R,3922675.0,
EFIX R,3922675.0,3923137 464 1195.4 552.9 2164
SSACC R,3923139.0,
SBLINK R,3923195.0,
EBLINK R,3923195.0,3923397 204
ESACC R,3923139.0,3923633 496 1187.0 555.7 1165.9 564.4 0.61 980
SFIX R,3923635.0,
EFIX R,3923635.0,3923759 126 1165.5 552.8 2154
SSACC R,3923761.0,
ESACC R,3923761.0,3923793 34 1165.0 543.9 1208.4 528.3 1.24 92
SFIX R,3923795.0,
EFIX R,3923795.0,3924035 242 1205.9 542.2 2100
SSACC R,3924037.0,
ESACC R,3924037.0,3924049 14 1205.5 543.8 1189.0 546.0 0.45 55
SFIX R,3924051.0,
EFIX R,3924051.0,3924217 168 1192.8 545.0 2041
SSACC R,3924219.0,
ESACC R,3924219.0,3924229 12 1193.9 549.6 1193.7 541.0 0.23 53
SFIX R,3924231.0,
EFIX R,3924231.0,3924397 168 1183.9 549.8 2032
SSACC R,3924399.0,
ESACC R,3924399.0,3924425 28 1178.9 543.8 1181.6 541.9 0.09 71
SFIX R,3924427.0,
EFIX R,3924427.0,3924899 474 1172.3 544.1 2090
SSACC R,3924901.0,
SBLINK R,3924961.0,
EBLINK R,3924961.0,3925135 176
ESACC R,3924901.0,3925277 378 1171.9 536.6 1165.7 579.9 1.18 1241
SFIX R,3925279.0,
EFIX R,3925279.0,3925475 198 1171.6 554.7 2195
SSACC R,3925477.0,
ESACC R,3925477.0,3925487 12 1174.4 550.2 1175.8 548.6 0.06 52
SFIX R,3925489.0,
EFIX R,3925489.0,3925865 378 1170.0 567.4 2118
SSACC R,3925867.0,
ESACC R,3925867.0,3925871 6 1161.9 560.1 1161.5 564.6 0.12 54
SFIX R,3925873.0,
EFIX R,3925873.0,3926715 844 1167.5 548.0 2198
SSACC R,3926717.0,
ESACC R,3926717.0,3926723 8 1164.6 533.6 1164.6 539.7 0.16 58
SFIX R,3926725.0,
EFIX R,3926725.0,3927261 538 1157.0 555.6 2221
SSACC R,3927263.0,
ESACC R,3927263.0,3927273 12 1160.1 562.9 1167.0 543.7 0.55 74
SFIX R,3927275.0,
EFIX R,3927275.0,3927657 384 1170.6 537.9 2231
SSACC R,3927659.0,
ESACC R,3927659.0,3927665 8 1175.3 528.6 1174.6 543.0 0.39 64
SFIX R,3927667.0,
EFIX R,3927667.0,3928629 964 1181.3 538.6 2346
SSACC R,3928631.0,
SBLINK R,3928675.0,
EBLINK R,3928675.0,3928877 204
ESACC R,3928631.0,3929133 504 1182.2 537.4 1157.1 572.8 1.17 1035
SFIX R,3929135.0,
EFIX R,3929135.0,3929305 172 1158.7 566.1 2329
SSACC R,3929307.0,
ESACC R,3929307.0,3929315 10 1165.9 572.0 1178.6 550.3 0.68 81
SFIX R,3929317.0,
EFIX R,3929317.0,3929343 28 1179.9 550.0 2251
SSACC R,3929345.0,
ESACC R,3929345.0,3929365 22 1176.4 559.8 1179.4 560.6 0.08 56
SFIX R,3929367.0,
EFIX R,3929367.0,3932093 2728 1183.7 569.3 2047
SSACC R,3932095.0,
SBLINK R,3932175.0,
EBLINK R,3932175.0,3932373 200
ESACC R,3932095.0,3932561 468 1160.8 604.4 1176.1 591.4 0.54 1017
SFIX R,3932563.0,
EFIX R,3932563.0,3932685 124 1176.2 561.3 2072
SSACC R,3932687.0,
ESACC R,3932687.0,3932701 16 1174.1 551.1 1177.3 559.0 0.23 59
SFIX R,3932703.0,
EFIX R,3932703.0,3932889 188 1178.6 564.6 2061
SSACC R,3932891.0,
ESACC R,3932891.0,3932901 12 1179.0 579.0 1180.8 565.7 0.36 61
SFIX R,3932903.0,
EFIX R,3932903.0,3934035 1134 1177.2 573.6 2026
SSACC R,3934037.0,
ESACC R,3934037.0,3934045 10 1143.7 535.3 1142.7 559.6 0.66 83
SFIX R,3934047.0,
EFIX R,3934047.0,3935269 1224 1154.9 571.5 2105
SSACC R,3935271.0,
ESACC R,3935271.0,3935301 32 1164.2 566.8 1170.2 548.9 0.51 61
SFIX R,3935303.0,
EFIX R,3935303.0,3935567 266 1179.4 559.5 2124
SSACC R,3935569.0,
ESACC R,3935569.0,3935577 10 1187.7 556.2 1186.2 568.4 0.33 59
SFIX R,3935579.0,
EFIX R,3935579.0,3936705 1128 1182.0 552.6 2270
SSACC R,3936707.0,
ESACC R,3936707.0,3936745 40 1158.5 562.3 1157.3 558.7 0.10 76
SFIX R,3936747.0,
EFIX R,3936747.0,3936773 28 1156.0 563.3 2366
SSACC R,3936775.0,
ESACC R,3936775.0,3936779 6 1152.2 558.8 1155.2 564.6 0.18 48
SFIX R,3936781.0,
EFIX R,3936781.0,3937257 478 1154.7 567.3 2361
SSACC R,3937259.0,
ESACC R,3937259.0,3937273 16 1176.3 557.7 1179.3 569.9 0.34 68
SFIX R,3937275.0,
EFIX R,3937275.0,3937387 114 1172.8 563.3 2347
SSACC R,3937389.0,
ESACC R,3937389.0,3937407 20 1163.7 543.3 1161.7 557.0 0.37 61
SFIX R,3937409.0,
EFIX R,3937409.0,3937629 222 1158.9 566.3 2327
SSACC R,3937631.0,
ESACC R,3937631.0,3937641 12 1156.2 580.0 1155.7 573.5 0.18 50
SFIX R,3937643.0,
EFIX R,3937643.0,3937881 240 1150.7 577.8 2268
SSACC R,3937883.0,
ESACC R,3937883.0,3937889 8 1140.8 597.1 1140.6 583.9 0.36 55
SFIX R,3937891.0,
EFIX R,3937891.0,3938095 206 1112.7 573.3 2227
SSACC R,3938097.0,
ESACC R,3938097.0,3938139 44 1097.4 577.9 1119.7 545.3 1.07 67
SFIX R,3938141.0,
EFIX R,3938141.0,3938167 28 1119.3 544.3 2203
SSACC R,3938169.0,
ESACC R,3938169.0,3938177 10 1118.2 529.5 1119.2 541.7 0.33 51
SFIX R,3938179.0,
EFIX R,3938179.0,3939515 1338 1114.7 529.5 2210
SSACC R,3939517.0,
ESACC R,3939517.0,3939581 66 1110.0 513.1 1108.8 510.0 0.09 78
SFIX R,3939583.0,
EFIX R,3939583.0,3939991 410 1123.9 499.7 2264
SSACC R,3939993.0,
ESACC R,3939993.0,3940007 16 1141.0 480.4 1142.3 507.8 0.74 80
SFIX R,3940009.0,
EFIX R,3940009.0,3940065 58 1143.9 496.8 2293
SSACC R,3940067.0,
ESACC R,3940067.0,3940089 24 1146.4 498.9 1152.6 488.5 0.33 90
SFIX R,3940091.0,
EFIX R,3940091.0,3940723 634 1160.4 500.1 2358
SSACC R,3940725.0,
ESACC R,3940725.0,3940731 8 1160.0 500.5 1159.1 504.2 0.10 58
SFIX R,3940733.0,
EFIX R,3940733.0,3941337 606 1159.2 517.3 2432
SSACC R,3941339.0,
ESACC R,3941339.0,3941347 10 1154.4 528.7 1159.4 512.5 0.46 62
SFIX R,3941349.0,
EFIX R,3941349.0,3941925 578 1147.9 510.2 2436
SSACC R,3941927.0,
ESACC R,3941927.0,3941933 8 1143.2 488.7 1140.6 496.2 0.21 49
SFIX R,3941935.0,
EFIX R,3941935.0,3942749 816 1147.8 494.4 2474
SSACC R,3942751.0,
ESACC R,3942751.0,3942759 10 1131.5 481.2 1135.2 467.1 0.39 51
SFIX R,3942761.0,
EFIX R,3942761.0,3943017 258 1138.1 485.1 2550
SSACC R,3943019.0,
ESACC R,3943019.0,3943055 38 1135.6 499.6 1138.3 491.9 0.22 46
SFIX R,3943057.0,
EFIX R,3943057.0,3943123 68 1140.2 491.8 2559
SSACC R,3943125.0,
SBLINK R,3943227.0,
EBLINK R,3943227.0,3943297 72
ESACC R,3943125.0,3943705 582 1136.6 487.3 1120.9 525.7 1.12 539
SFIX R,3943707.0,
EFIX R,3943707.0,3943889 184 1122.0 517.8 2427
SSACC R,3943891.0,
ESACC R,3943891.0,3943901 12 1127.6 522.8 1129.2 540.6 0.48 71
SFIX R,3943903.0,
EFIX R,3943903.0,3944169 268 1131.3 550.5 2252
SSACC R,3944171.0,
ESACC R,3944171.0,3944185 16 1129.7 565.7 1135.1 561.2 0.19 58
SFIX R,3944187.0,
EFIX R,3944187.0,3944515 330 1138.5 546.3 2221
SSACC R,3944517.0,
ESACC R,3944517.0,3944531 16 1149.4 529.6 1146.7 517.5 0.33 84
SFIX R,3944533.0,
EFIX R,3944533.0,3944573 42 1144.6 522.1 2300
SSACC R,3944575.0,
ESACC R,3944575.0,3944589 16 1139.7 526.6 1141.1 514.3 0.33 73
SFIX R,3944591.0,
EFIX R,3944591.0,3944653 64 1144.2 504.7 2348
SSACC R,3944655.0,
ESACC R,3944655.0,3944661 8 1153.3 496.1 1158.2 479.1 0.48 75
SFIX R,3944663.0,
EFIX R,3944663.0,3944793 132 1164.7 475.4 2400
SSACC R,3944795.0,
ESACC R,3944795.0,3944869 76 1166.6 482.0 1160.5 474.1 0.27 63
SFIX R,3944871.0,
EFIX R,3944871.0,3944919 50 1159.3 467.7 2436
SSACC R,3944921.0,
ESACC R,3944921.0,3944961 42 1166.8 465.1 1190.7 470.8 0.66 60
SFIX R,3944963.0,
EFIX R,3944963.0,3944991 30 1189.2 470.3 2439
SSACC R,3944993.0,
ESACC R,3944993.0,3945009 18 1190.6 470.9 1184.9 474.3 0.18 68
SFIX R,3945011.0,
EFIX R,3945011.0,3945179 170 1179.7 477.4 2425
SSACC R,3945181.0,
ESACC R,3945181.0,3945193 14 1174.2 498.9 1177.5 479.6 0.53 68
SFIX R,3945195.0,
EFIX R,3945195.0,3946029 836 1171.4 487.5 2340
SSACC R,3946031.0,
ESACC R,3946031.0,3946085 56 1171.0 487.1 1175.9 491.9 0.18 64
SFIX R,3946087.0,
EFIX R,3946087.0,3946707 622 1173.9 506.8 2395
SSACC R,3946709.0,
ESACC R,3946709.0,3946737 30 1155.7 516.2 1160.0 526.9 0.31 56
SFIX R,3946739.0,
EFIX R,3946739.0,3948165 1428 1130.9 532.3 2395
SSACC R,3948167.0,
ESACC R,3948167.0,3948177 12 1097.6 531.5 1096.3 544.5 0.35 60
SFIX R,3948179.0,
EFIX R,3948179.0,3948323 146 1105.8 526.3 2421
SSACC R,3948325.0,
ESACC R,3948325.0,3948353 30 1114.9 527.0 1111.2 522.0 0.17 67
SFIX R,3948355.0,
EFIX R,3948355.0,3949185 832 1113.8 522.7 2443
SSACC R,3949187.0,
SBLINK R,3949289.0,
EBLINK R,3949289.0,3949477 190
ESACC R,3949187.0,3949639 454 1119.9 545.2 1142.5 527.4 0.78 1220
SFIX R,3949641.0,
EFIX R,3949641.0,3950063 424 1159.9 486.5 2358
SSACC R,3950065.0,
ESACC R,3950065.0,3950073 10 1169.4 494.2 1168.2 519.2 0.68 83
SFIX R,3950075.0,
EFIX R,3950075.0,3950111 38 1166.7 510.5 2189
SSACC R,3950113.0,
ESACC R,3950113.0,3950123 12 1167.7 517.8 1177.5 536.6 0.57 62
SFIX R,3950125.0,
EFIX R,3950125.0,3951005 882 1176.9 557.4 2149
SSACC R,3951007.0,
ESACC R,3951007.0,3951021 16 1184.0 564.9 1165.9 543.2 0.76 74
SFIX R,3951023.0,
EFIX R,3951023.0,3951795 774 1170.1 533.0 2430
SSACC R,3951797.0,
SBLINK R,3951837.0,
EBLINK R,3951837.0,3952113 278
ESACC R,3951797.0,3952351 556 1175.7 532.3 1108.4 488.7 2.16 1185
SFIX R,3952353.0,
EFIX R,3952353.0,3952591 240 1125.1 502.9 2501
SSACC R,3952593.0,
ESACC R,3952593.0,3952605 14 1133.1 500.5 1131.2 516.8 0.44 54
SFIX R,3952607.0,
EFIX R,3952607.0,3954685 2080 1143.9 527.9 2399
SSACC R,3954687.0,
SBLINK R,3954723.0,
EBLINK R,3954723.0,3954871 150
ESACC R,3954687.0,3955107 422 1147.2 528.0 1193.7 450.5 2.43 1275
SFIX R,3955109.0,
EFIX R,3955109.0,3955193 86 1191.2 458.2 2624
SSACC R,3955195.0,
ESACC R,3955195.0,3955209 16 1188.3 467.2 1187.9 465.1 0.06 50
SFIX R,3955211.0,
EFIX R,3955211.0,3955389 180 1183.4 478.3 2590
SSACC R,3955391.0,
ESACC R,3955391.0,3955423 34 1178.2 488.1 1157.2 522.4 1.08 88
SFIX R,3955425.0,
EFIX R,3955425.0,3956569 1146 1155.3 519.7 2548
SSACC R,3956571.0,
ESACC R,3956571.0,3956595 26 1143.8 519.2 1195.9 501.9 1.48 87
SFIX R,3956597.0,
EFIX R,3956597.0,3958339 1744 1190.6 511.1 2554
SSACC R,3958341.0,
ESACC R,3958341.0,3958345 6 1187.4 517.5 1180.1 515.8 0.20 56
SFIX R,3958347.0,
EFIX R,3958347.0,3958469 124 1171.8 510.1 2628
SSACC R,3958471.0,
SBLINK R,3958505.0,
EBLINK R,3958505.0,3958651 148
ESACC R,3958471.0,3958799 330 1166.9 512.0 1149.2 477.2 1.05 1192
SFIX R,3958801.0,
EFIX R,3958801.0,3959643 844 1141.0 501.6 2575
SSACC R,3959645.0,
ESACC R,3959645.0,3959657 14 1126.8 514.1 1147.1 523.0 0.60 51
SFIX R,3959659.0,
EFIX R,3959659.0,3964237 4580 1133.7 503.6 2546
SSACC R,3964239.0,
ESACC R,3964239.0,3964245 8 1100.1 505.5 1113.6 508.2 0.37 50
SFIX R,3964247.0,
EFIX R,3964247.0,3964517 272 1127.3 501.9 2601
SSACC R,3964519.0,
ESACC R,3964519.0,3964531 14 1132.0 496.4 1157.8 489.5 0.72 70
SFIX R,3964533.0,
EFIX R,3964533.0,3964997 466 1165.6 508.0 2558
SSACC R,3964999.0,
SBLINK R,3965189.0,
EBLINK R,3965189.0,3965371 184
ESACC R,3964999.0,3965493 496 1153.7 546.7 1151.1 495.1 1.40 1210
SFIX R,3965495.0,
EFIX R,3965495.0,3967477 1984 1152.6 538.4 2232
SSACC R,3967479.0,
ESACC R,3967479.0,3967487 10 1115.0 533.2 1131.6 517.7 0.61 72
SFIX R,3967489.0,
EFIX R,3967489.0,3969115 1628 1131.0 540.7 2226
SSACC R,3969117.0,
ESACC R,3969117.0,3969149 34 1105.8 545.7 1116.8 540.0 0.33 58
SFIX R,3969151.0,
EFIX R,3969151.0,3970815 1666 1100.5 563.6 2207
SSACC R,3970817.0,
SBLINK R,3970879.0,
EBLINK R,3970879.0,3971043 166
ESACC R,3970817.0,3971195 380 1082.1 600.5 1114.4 611.4 0.92 1028
SFIX R,3971197.0,
EFIX R,3971197.0,3971233 38 1121.5 576.8 2117
SSACC R,3971235.0,
ESACC R,3971235.0,3971249 16 1128.6 544.6 1131.0 562.3 0.48 40
SFIX R,3971251.0,
EFIX R,3971251.0,3971413 164 1142.3 550.8 2177
SSACC R,3971415.0,
ESACC R,3971415.0,3971429 16 1150.9 556.5 1151.2 559.8 0.09 100
SFIX R,3971431.0,
EFIX R,3971431.0,3971777 348 1152.7 568.2 2089
SSACC R,3971779.0,
ESACC R,3971779.0,3971789 12 1154.2 593.2 1159.5 574.2 0.53 62
SFIX R,3971791.0,
EFIX R,3971791.0,3972567 778 1164.0 565.1 2031
SSACC R,3972569.0,
ESACC R,3972569.0,3972575 8 1162.1 538.9 1161.4 528.3 0.29 62
SFIX R,3972577.0,
EFIX R,3972577.0,3973027 452 1156.1 548.8 2199
SSACC R,3973029.0,
ESACC R,3973029.0,3973033 6 1150.5 565.5 1158.4 554.9 0.36 53
SFIX R,3973035.0,
EFIX R,3973035.0,3973809 776 1159.9 549.9 2334
SSACC R,3973811.0,
ESACC R,3973811.0,3973817 8 1170.7 536.0 1167.9 544.3 0.24 55
SFIX R,3973819.0,
EFIX R,3973819.0,3974095 278 1160.0 542.9 2367
SSACC R,3974097.0,
ESACC R,3974097.0,3974107 12 1152.7 540.0 1170.3 534.5 0.50 66
SFIX R,3974109.0,
EFIX R,3974109.0,3974193 86 1179.0 540.7 2359
SSACC R,3974195.0,
SBLINK R,3974249.0,
EBLINK R,3974249.0,3974449 202
ESACC R,3974195.0,3974715 522 1179.3 540.9 1132.4 537.2 1.26 1168
SFIX R,3974717.0,
EFIX R,3974717.0,3974885 170 1133.1 530.2 2232
SSACC R,3974887.0,
ESACC R,3974887.0,3974917 32 1130.6 544.4 1130.8 541.7 0.07 62
SFIX R,3974919.0,
EFIX R,3974919.0,3974947 30 1129.7 540.9 2158
SSACC R,3974949.0,
ESACC R,3974949.0,3974995 48 1136.7 547.3 1172.6 550.6 0.97 70
SFIX R,3974997.0,
EFIX R,3974997.0,3975097 102 1178.0 559.8 2071
SSACC R,3975099.0,
ESACC R,3975099.0,3975103 6 1177.9 560.7 1178.0 567.0 0.17 52
SFIX R,3975105.0,
EFIX R,3975105.0,3975833 730 1160.1 572.5 2004
SSACC R,3975835.0,
ESACC R,3975835.0,3975921 88 1133.0 571.2 1160.7 544.9 1.03 72
SFIX R,3975923.0,
EFIX R,3975923.0,3976149 228 1159.8 548.1 2079
SSACC R,3976151.0,
ESACC R,3976151.0,3976205 56 1164.6 573.9 1159.0 577.3 0.18 69
SFIX R,3976207.0,
EFIX R,3976207.0,3976457 252 1152.5 575.4 1915
SSACC R,3976459.0,
ESACC R,3976459.0,3976467 10 1149.2 587.3 1169.4 577.3 0.61 75
SFIX R,3976469.0,
EFIX R,3976469.0,3977139 672 1174.9 583.3 1801
SSACC R,3977141.0,
ESACC R,3977141.0,3977153 14 1161.8 575.2 1178.5 559.5 0.62 77
SFIX R,3977155.0,
EFIX R,3977155.0,3977215 62 1181.9 556.8 1865
SSACC R,3977217.0,
ESACC R,3977217.0,3977231 16 1179.3 558.9 1178.7 562.8 0.11 64
SFIX R,3977233.0,
EFIX R,3977233.0,3977389 158 1173.4 564.3 1874
SSACC R,3977391.0,
ESACC R,3977391.0,3977407 18 1160.4 550.6 1150.9 562.3 0.41 60
SFIX R,3977409.0,
EFIX R,3977409.0,3977601 194 1139.4 554.8 1894
SSACC R,3977603.0,
ESACC R,3977603.0,3977611 10 1140.9 548.3 1160.8 551.6 0.54 64
SFIX R,3977613.0,
EFIX R,3977613.0,3978073 462 1174.2 555.0 1905
SSACC R,3978075.0,
ESACC R,3978075.0,3978085 12 1162.3 559.4 1162.8 557.6 0.05 66
SFIX R,3978087.0,
EFIX R,3978087.0,3979757 1672 1157.0 556.0 1986
SSACC R,3979759.0,
ESACC R,3979759.0,3979763 6 1175.5 554.0 1168.5 561.7 0.28 48
SFIX R,3979765.0,
EFIX R,3979765.0,3980165 402 1155.5 546.0 2158
SSACC R,3980167.0,
ESACC R,3980167.0,3980191 26 1156.7 510.5 1153.6 509.7 0.09 70
SFIX R,3980193.0,
EFIX R,3980193.0,3980281 90 1150.3 504.4 2307
SSACC R,3980283.0,
ESACC R,3980283.0,3980293 12 1148.7 502.8 1150.5 501.7 0.06 52
SFIX R,3980295.0,
EFIX R,3980295.0,3980437 144 1147.0 503.0 2384
SSACC R,3980439.0,
ESACC R,3980439.0,3980455 18 1140.0 507.1 1137.1 511.4 0.14 49
SFIX R,3980457.0,
EFIX R,3980457.0,3980527 72 1137.1 508.5 2436
SSACC R,3980529.0,
ESACC R,3980529.0,3980559 32 1140.2 511.4 1156.7 476.4 1.04 68
SFIX R,3980561.0,
EFIX R,3980561.0,3980609 50 1152.5 488.4 2461
SSACC R,3980611.0,
ESACC R,3980611.0,3980617 8 1148.0 492.9 1148.8 496.3 0.09 58
SFIX R,3980619.0,
EFIX R,3980619.0,3981249 632 1134.8 512.2 2459
SSACC R,3981251.0,
ESACC R,3981251.0,3981257 8 1121.9 514.9 1123.5 510.2 0.13 51
SFIX R,3981259.0,
EFIX R,3981259.0,3981799 542 1124.3 509.4 2468
SSACC R,3981801.0,
ESACC R,3981801.0,3981833 34 1128.9 528.9 1127.0 519.2 0.27 73
SFIX R,3981835.0,
EFIX R,3981835.0,3981879 46 1128.1 528.7 2407
SSACC R,3981881.0,
ESACC R,3981881.0,3981889 10 1131.3 528.2 1146.4 522.9 0.43 70
SFIX R,3981891.0,
EFIX R,3981891.0,3982023 134 1153.3 524.0 2400
SSACC R,3982025.0,
ESACC R,3982025.0,3982031 8 1153.2 530.4 1149.7 537.9 0.22 50
SFIX R,3982033.0,
EFIX R,3982033.0,3982403 372 1138.6 518.6 2377
SSACC R,3982405.0,
ESACC R,3982405.0,3982411 8 1130.4 531.4 1133.6 523.2 0.24 56
SFIX R,3982413.0,
EFIX R,3982413.0,3982467 56 1139.6 522.1 2312
SSACC R,3982469.0,
SBLINK R,3982601.0,
EBLINK R,3982601.0,3982819 220
ESACC R,3982469.0,3983011 544 1133.6 519.9 1169.4 525.8 0.98 952
SFIX R,3983013.0,
EFIX R,3983013.0,3983171 160 1168.0 527.4 1976
SSACC R,3983173.0,
ESACC R,3983173.0,3983205 34 1166.9 531.6 1165.4 550.9 0.52 77
SFIX R,3983207.0,
EFIX R,3983207.0,3985741 2536 1156.5 557.9 2209
SSACC R,3985743.0,
ESACC R,3985743.0,3985755 14 1138.7 515.2 1139.7 531.3 0.44 54
SFIX R,3985757.0,
EFIX R,3985757.0,3985789 34 1136.8 532.2 2438
SSACC R,3985791.0,
SBLINK R,3985833.0,
EBLINK R,3985833.0,3986041 210
ESACC R,3985791.0,3986337 548 1133.0 543.2 1128.3 499.7 1.18 1104
SFIX R,3986339.0,
EFIX R,3986339.0,3986385 48 1127.0 509.3 2358
SSACC R,3986387.0,
ESACC R,3986387.0,3986405 20 1128.1 511.1 1150.6 492.8 0.78 96
SFIX R,3986407.0,
EFIX R,3986407.0,3986781 376 1145.7 522.9 2206
SSACC R,3986783.0,
ESACC R,3986783.0,3986801 20 1145.2 538.5 1143.7 555.3 0.46 62
SFIX R,3986803.0,
EFIX R,3986803.0,3987035 234 1141.1 545.0 2084
SSACC R,3987037.0,
ESACC R,3987037.0,3987047 12 1147.8 532.8 1169.9 524.0 0.64 68
SFIX R,3987049.0,
EFIX R,3987049.0,3987603 556 1159.3 498.6 2259
SSACC R,3987605.0,
ESACC R,3987605.0,3987633 30 1136.6 498.1 1134.7 496.5 0.07 55
SFIX R,3987635.0,
EFIX R,3987635.0,3988429 796 1134.6 506.6 2330
SSACC R,3988431.0,
ESACC R,3988431.0,3988463 34 1124.2 507.7 1122.4 504.6 0.10 60
SFIX R,3988465.0,
EFIX R,3988465.0,3988541 78 1122.2 501.8 2336
SSACC R,3988543.0,
ESACC R,3988543.0,3988549 8 1114.4 506.9 1106.9 494.9 0.38 52
SFIX R,3988551.0,
EFIX R,3988551.0,3988891 342 1132.2 477.3 2384
SSACC R,3988893.0,
ESACC R,3988893.0,3988909 18 1157.9 483.5 1156.1 477.1 0.18 78
SFIX R,3988911.0,
EFIX R,3988911.0,3988975 66 1157.2 477.2 2375
SSACC R,3988977.0,
SBLINK R,3989039.0,
EBLINK R,3989039.0,3989369 332
ESACC R,3988977.0,3989539 564 1154.1 486.0 1111.6 512.3 1.35 956
SFIX R,3989541.0,
EFIX R,3989541.0,3989581 42 1113.0 501.7 2144
SSACC R,3989583.0,
ESACC R,3989583.0,3989609 28 1116.9 499.3 1149.4 521.8 1.07 110
SFIX R,3989611.0,
EFIX R,3989611.0,3989693 84 1147.3 515.3 2123
SSACC R,3989695.0,
ESACC R,3989695.0,3989741 48 1146.8 519.3 1145.6 505.5 0.37 64
SFIX R,3989743.0,
EFIX R,3989743.0,3989917 176 1143.1 515.9 2016
SSACC R,3989919.0,
ESACC R,3989919.0,3989947 30 1146.6 527.8 1173.1 535.7 0.74 52
SFIX R,3989949.0,
EFIX R,3989949.0,3990501 554 1172.9 554.2 1834
SSACC R,3990503.0,
ESACC R,3990503.0,3990511 10 1171.2 557.0 1155.2 550.9 0.46 58
SFIX R,3990513.0,
EFIX R,3990513.0,3991613 1102 1156.8 535.7 2067
SSACC R,3991615.0,
SBLINK R,3991661.0,
EBLINK R,3991661.0,3991763 104
ESACC R,3991615.0,3991971 358 1137.0 527.0 1142.2 505.2 0.61 1214
SFIX R,3991973.0,
EFIX R,3991973.0,3992011 40 1139.2 494.3 2331
SSACC R,3992013.0,
ESACC R,3992013.0,3992041 30 1139.5 476.3 1138.8 491.0 0.40 89
SFIX R,3992043.0,
EFIX R,3992043.0,3992143 102 1136.7 494.4 2343
SSACC R,3992145.0,
ESACC R,3992145.0,3992163 20 1134.9 481.2 1135.0 481.7 0.01 69
SFIX R,3992165.0,
EFIX R,3992165.0,3992507 344 1127.2 479.8 2375
SSACC R,3992509.0,
ESACC R,3992509.0,3992517 10 1123.9 496.1 1127.2 478.2 0.49 62
SFIX R,3992519.0,
EFIX R,3992519.0,3993079 562 1139.0 483.1 2325
SSACC R,3993081.0,
SBLINK R,3993127.0,
EBLINK R,3993127.0,3993249 124
ESACC R,3993081.0,3993411 332 1134.0 502.6 1141.6 527.8 0.71 1156
SFIX R,3993413.0,
EFIX R,3993413.0,3993493 82 1152.5 485.0 2378
SSACC R,3993495.0,
ESACC R,3993495.0,3993551 58 1152.6 474.2 1151.4 466.9 0.20 59
SFIX R,3993553.0,
EFIX R,3993553.0,3993677 126 1146.3 463.9 2404
SSACC R,3993679.0,
ESACC R,3993679.0,3993683 6 1140.6 468.5 1141.9 462.1 0.18 46
SFIX R,3993685.0,
EFIX R,3993685.0,3993797 114 1141.5 471.6 2372
SSACC R,3993799.0,
ESACC R,3993799.0,3993823 26 1140.6 470.3 1132.9 484.4 0.43 55
SFIX R,3993825.0,
EFIX R,3993825.0,3994013 190 1120.9 477.4 2338
SSACC R,3994015.0,
ESACC R,3994015.0,3994023 10 1100.8 489.3 1100.3 476.4 0.35 53
SFIX R,3994025.0,
EFIX R,3994025.0,3995075 1052 1117.1 467.2 2381
SSACC R,3995077.0,
SBLINK R,3995139.0,
EBLINK R,3995139.0,3995317 180
ESACC R,3995077.0,3995475 400 1123.6 453.2 1122.9 499.8 1.26 1207
SFIX R,3995477.0,
EFIX R,3995477.0,3995613 138 1128.8 489.4 2304
SSACC R,3995615.0,
ESACC R,3995615.0,3995641 28 1128.5 475.9 1127.7 486.9 0.30 59
SFIX R,3995643.0,
EFIX R,3995643.0,3995667 26 1129.4 491.8 2308
SSACC R,3995669.0,
ESACC R,3995669.0,3995719 52 1128.9 485.9 1127.9 493.8 0.22 80
SFIX R,3995721.0,
EFIX R,3995721.0,3996065 346 1130.8 496.9 2228
SSACC R,3996067.0,
ESACC R,3996067.0,3996077 12 1134.5 504.7 1126.0 489.1 0.48 74
SFIX R,3996079.0,
EFIX R,3996079.0,3996323 246 1118.4 492.0 2163
SSACC R,3996325.0,
ESACC R,3996325.0,3996337 14 1124.0 494.7 1146.8 497.7 0.62 56
SFIX R,3996339.0,
EFIX R,3996339.0,3996375 38 1154.0 491.2 2137
SSACC R,3996377.0,
ESACC R,3996377.0,3996389 14 1153.4 500.5 1155.3 489.3 0.31 46
SFIX R,3996391.0,
EFIX R,3996391.0,3996791 402 1143.8 496.1 2138
SSACC R,3996793.0,
SBLINK R,3996833.0,
EBLINK R,3996833.0,3997033 202
ESACC R,3996793.0,3997175 384 1125.9 518.1 1120.6 535.3 0.49 1125
SFIX R,3997177.0,
EFIX R,3997177.0,3997315 140 1133.2 501.5 2132
SSACC R,3997317.0,
ESACC R,3997317.0,3997329 14 1135.3 475.1 1131.8 493.5 0.51 79
SFIX R,3997331.0,
EFIX R,3997331.0,3999105 1776 1148.7 488.8 2110
SSACC R,3999107.0,
SBLINK R,3999151.0,
EBLINK R,3999151.0,3999301 152
ESACC R,3999107.0,3999445 340 1140.4 506.8 1150.3 516.0 0.36 1170
SFIX R,3999447.0,
EFIX R,3999447.0,3999589 144 1155.8 492.2 2154
SSACC R,3999591.0,
ESACC R,3999591.0,3999633 44 1146.4 492.8 1130.7 504.1 0.52 60
SFIX R,3999635.0,
EFIX R,3999635.0,4000731 1098 1126.3 520.9 2163
SSACC R,4000733.0,
ESACC R,4000733.0,4000751 20 1106.0 503.8 1102.8 509.5 0.18 50
SFIX R,4000753.0,
EFIX R,4000753.0,4000895 144 1097.8 508.0 2329
SSACC R,4000897.0,
ESACC R,4000897.0,4000905 10 1097.4 496.9 1112.7 508.8 0.52 63
SFIX R,4000907.0,
EFIX R,4000907.0,4001917 1012 1119.6 495.4 2328
SSACC R,4001919.0,
SBLINK R,4001969.0,
EBLINK R,4001969.0,4002131 164
ESACC R,4001919.0,4002313 396 1122.0 517.6 1160.4 465.5 1.75 1300
SFIX R,4002315.0,
EFIX R,4002315.0,4002363 50 1165.1 467.7 2275
SSACC R,4002365.0,
ESACC R,4002365.0,4002379 16 1164.9 471.9 1168.7 461.3 0.30 75
SFIX R,4002381.0,
EFIX R,4002381.0,4002455 76 1168.2 457.8 2295
SSACC R,4002457.0,
ESACC R,4002457.0,4002475 20 1167.8 448.0 1170.8 458.4 0.29 62
SFIX R,4002477.0,
MSG,4004254.0,STORY_2_END
EFIX R,4002477.0,4004649 2174 1155.1 474.3 2243
SSACC R,4004651.0,
ESACC R,4004651.0,4004701 52 1142.4 469.3 862.9 417.6 7.66 401
SFIX R,4004703.0,
EFIX R,4004703.0,4004925 224 899.9 400.4 2270
SSACC R,4004927.0,
ESACC R,4004927.0,4004945 20 914.0 395.5 955.2 378.4 1.21 89
SFIX R,4004947.0,
EFIX R,4004947.0,4005107 162 966.2 382.2 2083
SSACC R,4005109.0,
ESACC R,4005109.0,4005141 34 970.6 389.8 1136.8 405.7 4.50 227
SFIX R,4005143.0,
EFIX R,4005143.0,4005265 124 1143.0 412.8 1930
SSACC R,4005267.0,
ESACC R,4005267.0,4005309 44 1142.2 419.9 915.6 569.6 7.33 413
SFIX R,4005311.0,
EFIX R,4005311.0,4005535 226 932.0 573.9 1913
SSACC R,4005537.0,
ESACC R,4005537.0,4005571 36 933.8 582.0 1103.2 570.6 4.59 213
SFIX R,4005573.0,
EFIX R,4005573.0,4005779 208 1104.3 574.3 1958
SSACC R,4005781.0,
ESACC R,4005781.0,4005817 38 1097.5 580.2 1251.0 570.8 4.12 190
SFIX R,4005819.0,
EFIX R,4005819.0,4006001 184 1248.7 580.2 1975
SSACC R,4006003.0,
ESACC R,4006003.0,4006045 44 1248.8 584.7 1192.8 452.5 3.86 224
SFIX R,4006047.0,
EFIX R,4006047.0,4006279 234 1198.7 453.2 2001
SSACC R,4006281.0,
ESACC R,4006281.0,4006309 30 1202.7 459.6 1334.1 452.8 3.49 194
SFIX R,4006311.0,
EFIX R,4006311.0,4006541 232 1340.0 457.5 1992
SSACC R,4006543.0,
ESACC R,4006543.0,4006563 22 1339.9 462.3 1352.0 405.5 1.55 105
SFIX R,4006565.0,
EFIX R,4006565.0,4006739 176 1369.7 428.7 2089
SSACC R,4006741.0,
ESACC R,4006741.0,4006769 30 1374.1 450.4 1507.3 446.9 3.43 216
SFIX R,4006771.0,
EFIX R,4006771.0,4006877 108 1501.3 461.8 2096
END,4006880.0,SAMPLES EVENTS RES 37.53 37.62
